gene_id	chr	start	end	strand	n_CG	mc_CG	total_CG	frac_CG	n_CHG	mc_CHG	total_CHG	frac_CHG	n_CHH	mc_CHH	total_CHH	frac_CHH
CUFF_NC.1	1	5814	6640	-	0	0	0		21	2	140	0.014285714285714285	189	2	1178	0.001697792869269949
CUFF_NC.4	1	33820	36039	+	0	0	0		166	4	1399	0.0028591851322373124	557	11	3727	0.0029514354708881137
CUFF_NC.2	1	45074	46980	+	0	0	0		96	0	690	0.0	437	16	2631	0.006081337894336754
CUFF_NC.3	1	51977	52743	-	0	0	0		57	0	211	0.0	174	0	584	0.0
CUFF_NC.9	1	63146	64476	+	0	0	0		68	2	764	0.002617801047120419	337	10	2660	0.0037593984962406013
CUFF_NC.10	1	67285	67782	+	0	0	0		31	0	204	0.0	97	1	548	0.0018248175182481751
CUFF_NC.5	1	69606	71157	+	0	0	0		49	5	333	0.015015015015015015	356	16	1952	0.00819672131147541
CUFF_NC.8	1	73084	73716	-	0	0	0		58	2	193	0.010362694300518135	163	4	459	0.008714596949891068
CUFF_NC.12	1	75366	76624	-	0	0	0		94	1	451	0.0022172949002217295	250	1	1236	0.0008090614886731392
CUFF_NC.13	1	77837	78333	+	0	0	0		17	0	73	0.0	123	0	622	0.0
CUFF_NC.6	1	86737	87289	+	0	0	0		42	1	173	0.005780346820809248	113	2	412	0.0048543689320388345
CUFF_NC.18	1	89402	91722	-	0	0	0		143	3	864	0.003472222222222222	582	7	2954	0.002369668246445498
CUFF_NC.19	1	95040	96380	-	0	0	0		84	1	616	0.0016233766233766235	350	2	2126	0.0009407337723424271
CUFF_NC.11	1	100800	101866	-	0	0	0		50	1	424	0.0023584905660377358	264	3	1327	0.002260738507912585
CUFF_NC.7	1	104712	105333	+	0	0	0		59	0	203	0.0	133	1	422	0.002369668246445498
CUFF_NC.15	1	116797	118774	-	0	0	0		134	1	506	0.001976284584980237	360	3	1223	0.0024529844644317253
CUFF_NC.14	1	119083	119969	-	0	0	0		25	1	200	0.005	203	2	1370	0.00145985401459854
CUFF_NC.20	1	121456	123494	+	0	0	0		168	6	1197	0.005012531328320802	492	14	2985	0.004690117252931323
CUFF_NC.21	1	133006	133474	+	0	0	0		21	0	84	0.0	117	0	282	0.0
CUFF_NC.16	1	141174	141695	+	0	0	0		10	0	37	0.0	131	1	441	0.0022675736961451248
CUFF_NC.17	1	154589	156159	+	0	0	0		76	2	354	0.005649717514124294	325	5	1542	0.00324254215304799
CUFF_NC.22	1	163277	166353	+	0	0	0		184	4	999	0.004004004004004004	821	12	3801	0.0031570639305445935
CUFF_NC.25	1	180261	180962	+	0	0	0		18	0	224	0.0	102	2	966	0.002070393374741201
CUFF_NC.26	1	182345	182786	+	0	0	0		11	1	53	0.018867924528301886	83	0	288	0.0
CUFF_NC.28	1	192588	193200	+	0	0	0		35	1	145	0.006896551724137931	178	5	734	0.006811989100817439
CUFF_NC.23	1	196107	196598	-	0	0	0		36	0	138	0.0	86	1	245	0.004081632653061225
CUFF_NC.24	1	197887	198512	-	0	0	0		24	0	146	0.0	151	4	882	0.0045351473922902496
CUFF_NC.27	1	210058	210613	-	0	0	0		32	2	213	0.009389671361502348	122	0	729	0.0
CUFF_NC.29	1	219083	221145	-	0	0	0		159	1	471	0.0021231422505307855	496	9	1613	0.005579665220086794
CUFF_NC.30	1	226848	227453	+	0	0	0		35	0	116	0.0	145	1	452	0.0022123893805309734
CUFF_NC.34	1	233075	237654	+	0	0	0		300	4	1803	0.0022185246810870773	1213	17	6875	0.0024727272727272727
CUFF_NC.31	1	238416	239453	+	0	0	0		53	505	618	0.8171521035598706	304	1107	3281	0.33739713501981106
CUFF_NC.32	1	254830	257455	+	0	0	0		89	71	687	0.10334788937409024	506	242	3361	0.07200238024397501
CUFF_NC.58	1	283807	284180	-	0	0	0		23	0	52	0.0	117	1	258	0.003875968992248062
CUFF_NC.33	1	294207	295108	-	0	0	0		50	0	245	0.0	242	6	1095	0.005479452054794521
CUFF_NC.36	1	301346	301758	+	0	0	0		19	0	157	0.0	89	0	587	0.0
CUFF_NC.35	1	308731	309427	+	0	0	0		39	1	194	0.005154639175257732	149	6	838	0.007159904534606206
CUFF_NC.44	1	319180	319521	-	0	0	0		19	0	197	0.0	76	1	454	0.0022026431718061676
CUFF_NC.37	1	341814	342849	+	0	0	0		46	0	217	0.0	258	3	1038	0.002890173410404624
CUFF_NC.43	1	347638	348472	-	0	0	0		33	1	123	0.008130081300813009	168	5	877	0.005701254275940707
CUFF_NC.42	1	355746	356392	+	0	0	0		41	1	214	0.004672897196261682	161	1	657	0.0015220700152207
CUFF_NC.39	1	358665	360498	+	0	0	0		126	1	581	0.0017211703958691911	484	7	1871	0.0037413148049171567
CUFF_NC.38	1	365198	366851	-	0	0	0		99	1	469	0.0021321961620469083	275	1	1078	0.0009276437847866419
CUFF_NC.41	1	370226	371382	+	0	0	0		39	2	185	0.010810810810810811	224	0	1112	0.0
CUFF_NC.40	1	371997	372411	+	0	0	0		22	4	148	0.02702702702702703	111	77	692	0.11127167630057803
CUFF_NC.57	1	392706	395717	-	0	0	0		231	5	921	0.0054288816503800215	675	8	2631	0.003040668947168377
CUFF_NC.54	1	409235	410549	-	0	0	0		108	1	562	0.0017793594306049821	380	6	1581	0.003795066413662239
CUFF_NC.53	1	413681	414878	+	0	0	0		104	3	627	0.004784688995215311	280	2	1485	0.0013468013468013469
CUFF_NC.46	1	417273	417814	-	0	0	0		27	0	89	0.0	74	1	227	0.004405286343612335
CUFF_NC.49	1	421746	425334	-	0	0	0		112	48	647	0.07418856259659969	769	250	4254	0.05876821814762576
CUFF_NC.48	1	424665	425164	+	0	0	0		37	1	291	0.003436426116838488	120	3	973	0.003083247687564234
CUFF_NC.45	1	425557	426435	+	0	0	0		37	0	298	0.0	193	4	1075	0.0037209302325581397
CUFF_NC.47	1	435444	435889	+	0	0	0		37	0	193	0.0	92	0	455	0.0
CUFF_NC.50	1	442462	442900	+	0	0	0		22	0	150	0.0	117	1	671	0.0014903129657228018
CUFF_NC.52	1	446824	448464	+	0	0	0		81	1	533	0.001876172607879925	348	12	1740	0.006896551724137931
CUFF_NC.51	1	463998	464582	+	0	0	0		35	1	86	0.011627906976744186	116	0	361	0.0
CUFF_NC.55	1	482013	483177	-	0	0	0		58	2	298	0.006711409395973154	297	5	1448	0.003453038674033149
CUFF_NC.59	1	512866	513261	+	0	0	0		17	65	186	0.34946236559139787	98	310	859	0.3608847497089639
CUFF_NC.60	1	514888	515295	+	0	0	0		23	0	189	0.0	92	0	529	0.0
CUFF_NC.70	1	523944	530099	-	0	0	0		398	4	2166	0.0018467220683287165	1447	22	6833	0.0032196692521586417
CUFF_NC.71	1	525592	531975	-	0	0	0		439	5	2430	0.00205761316872428	1489	21	7045	0.0029808374733853796
CUFF_NC.72	1	528007	534109	-	0	0	0		410	5	2147	0.002328830926874709	1438	27	6423	0.004203643157403083
CUFF_NC.62	1	538375	544045	-	0	0	0		254	147	2054	0.07156767283349562	1259	640	7338	0.0872172254020169
CUFF_NC.64	1	547818	551699	-	0	0	0		112	50	639	0.0782472613458529	770	389	4905	0.07930682976554536
CUFF_NC.65	1	550120	550546	-	0	0	0		8	13	28	0.4642857142857143	79	59	381	0.15485564304461943
CUFF_NC.68	1	556826	558761	-	0	0	0		125	0	495	0.0	539	5	1897	0.002635740643120717
CUFF_NC.61	1	559734	560251	+	0	0	0		17	1	97	0.010309278350515464	129	2	584	0.003424657534246575
CUFF_NC.66	1	564136	564745	-	0	0	0		47	0	137	0.0	164	0	505	0.0
CUFF_NC.67	1	565230	565784	-	0	0	0		31	0	115	0.0	127	2	461	0.004338394793926247
CUFF_NC.63	1	568739	570386	-	0	0	0		103	1	467	0.0021413276231263384	306	6	1409	0.0042583392476933995
CUFF_NC.73	1	588007	589390	-	0	0	0		72	1	329	0.00303951367781155	228	2	1067	0.0018744142455482662
CUFF_NC.76	1	591664	593419	-	0	0	0		85	0	549	0.0	350	2	1471	0.0013596193065941536
CUFF_NC.74	1	594729	596073	+	0	0	0		98	0	577	0.0	307	4	1634	0.0024479804161566705
CUFF_NC.75	1	597522	598135	+	0	0	0		38	0	184	0.0	110	3	466	0.006437768240343348
CUFF_NC.77	1	599765	600204	+	0	0	0		32	4	200	0.02	114	2	551	0.003629764065335753
CUFF_NC.78	1	610701	611509	+	0	0	0		44	0	150	0.0	196	4	804	0.004975124378109453
CUFF_NC.79	1	617987	619403	-	0	0	0		95	0	397	0.0	234	5	1047	0.004775549188156638
CUFF_NC.80	1	622046	622369	-	0	0	0		16	0	140	0.0	76	1	552	0.0018115942028985507
CUFF_NC.83	1	632744	633122	-	0	0	0		25	1	113	0.008849557522123894	83	1	373	0.002680965147453083
CUFF_NC.90	1	640236	640825	-	0	0	0		5	5	46	0.10869565217391304	98	40	404	0.09900990099009901
CUFF_NC.89	1	641448	642563	+	0	0	0		43	2	249	0.008032128514056224	232	3	1318	0.002276176024279211
CUFF_NC.81	1	653973	654416	+	0	0	0		34	0	170	0.0	115	5	620	0.008064516129032258
CUFF_NC.84	1	658696	661410	+	0	0	0		116	4	803	0.0049813200498132005	715	15	4211	0.003562099263832819
CUFF_NC.85	1	659555	662333	+	0	0	0		108	2	759	0.002635046113306983	742	12	4368	0.0027472527472527475
CUFF_NC.82	1	663236	663656	+	0	0	0		24	0	126	0.0	116	3	625	0.0048
CUFF_NC.86	1	665248	666402	+	0	0	0		31	0	82	0.0	250	6	747	0.008032128514056224
CUFF_NC.87	1	675516	676334	-	0	0	0		44	0	307	0.0	230	3	1393	0.0021536252692031586
CUFF_NC.88	1	693076	693540	-	0	0	0		21	0	111	0.0	122	0	549	0.0
CUFF_NC.91	1	705921	706616	+	0	0	0		40	2	337	0.005934718100890208	158	3	1068	0.0028089887640449437
CUFF_NC.93	1	731716	732702	+	0	0	0		67	2	870	0.0022988505747126436	240	6	2083	0.0028804608737397984
CUFF_NC.94	1	742835	743218	-	0	0	0		16	0	123	0.0	117	4	755	0.005298013245033113
CUFF_NC.92	1	769606	770629	-	0	0	0		38	0	293	0.0	207	6	1222	0.004909983633387889
CUFF_NC.96	1	792040	792527	+	0	0	0		10	51	80	0.6375	85	142	690	0.20579710144927535
CUFF_NC.97	1	792753	793059	+	0	0	0		16	1	135	0.007407407407407408	70	2	481	0.004158004158004158
CUFF_NC.95	1	813492	814238	-	0	0	0		36	1	224	0.004464285714285714	179	5	1074	0.004655493482309125
CUFF_NC.99	1	820959	821299	-	0	0	0		15	0	133	0.0	77	2	550	0.0036363636363636364
CUFF_NC.98	1	822863	823948	+	0	0	0		92	3	655	0.004580152671755725	248	1	1329	0.0007524454477050414
CUFF_NC.102	1	827723	828094	-	0	0	0		22	1	142	0.007042253521126761	113	3	728	0.004120879120879121
CUFF_NC.103	1	842641	845302	+	0	0	0		144	1	612	0.0016339869281045752	660	5	3003	0.001665001665001665
CUFF_NC.104	1	843756	844262	+	0	0	0		29	0	86	0.0	125	2	387	0.00516795865633075
CUFF_NC.101	1	852139	854239	-	0	0	0		157	3	717	0.0041841004184100415	452	4	1714	0.002333722287047841
CUFF_NC.100	1	866098	866818	+	0	0	0		29	1	368	0.002717391304347826	129	2	981	0.0020387359836901123
CUFF_NC.105	1	871636	872739	-	0	0	0		74	1	397	0.0025188916876574307	274	0	1254	0.0
CUFF_NC.109	1	882129	882853	+	0	0	0		38	0	442	0.0	128	2	809	0.002472187886279357
CUFF_NC.118	1	905255	905896	+	0	0	0		33	0	154	0.0	167	1	589	0.001697792869269949
CUFF_NC.108	1	923855	924181	-	0	0	0		6	0	19	0.0	69	0	174	0.0
CUFF_NC.107	1	930609	932087	+	0	0	0		63	0	393	0.0	318	6	1577	0.003804692454026633
CUFF_NC.110	1	941685	942629	+	0	0	0		56	1	395	0.002531645569620253	190	1	1113	0.0008984725965858042
CUFF_NC.117	1	948980	949396	+	0	0	0		28	0	167	0.0	103	0	446	0.0
CUFF_NC.111	1	957115	958329	+	0	0	0		79	1	249	0.004016064257028112	290	3	868	0.0034562211981566822
CUFF_NC.112	1	959892	960676	+	0	0	0		24	0	191	0.0	193	2	1378	0.001451378809869376
CUFF_NC.113	1	967645	968734	+	0	0	0		70	2	256	0.0078125	252	1	856	0.0011682242990654205
CUFF_NC.116	1	976096	978048	+	0	0	0		50	0	372	0.0	368	8	2343	0.0034144259496372174
CUFF_NC.115	1	979746	980312	+	0	0	0		47	2	298	0.006711409395973154	139	5	779	0.006418485237483954
CUFF_NC.114	1	982543	983713	+	0	0	0		68	2	401	0.004987531172069825	293	5	1464	0.0034153005464480873
CUFF_NC.127	1	1028278	1029016	+	0	0	0		69	1	319	0.003134796238244514	154	2	796	0.002512562814070352
CUFF_NC.120	1	1047139	1048124	+	0	0	0		77	2	390	0.005128205128205128	278	3	1390	0.002158273381294964
CUFF_NC.121	1	1057787	1059407	-	0	0	0		121	0	569	0.0	415	8	1751	0.004568817818389492
CUFF_NC.122	1	1100093	1100559	-	0	0	0		28	1	147	0.006802721088435374	128	0	580	0.0
CUFF_NC.126	1	1115138	1115771	-	0	0	0		38	0	215	0.0	174	0	812	0.0
CUFF_NC.125	1	1120224	1122526	+	0	0	0		85	2	425	0.004705882352941176	491	14	2433	0.005754212905877518
CUFF_NC.141	1	1145855	1148889	+	0	0	0		100	1	464	0.0021551724137931034	698	7	3227	0.0021691973969631237
CUFF_NC.123	1	1167552	1168870	+	0	0	0		77	3	479	0.006263048016701462	243	2	1176	0.0017006802721088435
CUFF_NC.124	1	1176545	1177625	+	0	0	0		74	3	413	0.007263922518159807	296	8	1501	0.005329780146568954
CUFF_NC.128	1	1185672	1187044	+	0	0	0		97	4	581	0.0068846815834767644	342	10	1851	0.005402485143165856
CUFF_NC.130	1	1194178	1196948	+	0	0	0		24	0	50	0.0	264	65	760	0.08552631578947369
CUFF_NC.131	1	1195443	1196953	-	0	0	0		14	0	32	0.0	181	0	570	0.0
CUFF_NC.129	1	1198032	1198475	-	0	0	0		21	0	212	0.0	112	4	954	0.0041928721174004195
CUFF_NC.134	1	1212386	1213136	+	0	0	0		38	1	221	0.004524886877828055	156	1	785	0.0012738853503184713
CUFF_NC.135	1	1214728	1215425	+	0	0	0		33	0	165	0.0	171	2	694	0.002881844380403458
CUFF_NC.132	1	1231501	1232254	-	0	0	0		44	1	271	0.0036900369003690036	181	2	723	0.0027662517289073307
CUFF_NC.133	1	1236419	1239190	-	0	0	0		143	2	568	0.0035211267605633804	607	5	2452	0.0020391517128874386
CUFF_NC.136	1	1242530	1243500	-	0	0	0		37	1	290	0.0034482758620689655	177	4	1075	0.0037209302325581397
CUFF_NC.138	1	1246683	1249246	+	0	0	0		141	1	763	0.001310615989515072	639	10	3220	0.003105590062111801
CUFF_NC.139	1	1252201	1253127	+	0	0	0		75	0	503	0.0	244	2	1279	0.001563721657544957
CUFF_NC.140	1	1253977	1254637	+	0	0	0		63	0	303	0.0	151	1	643	0.0015552099533437014
CUFF_NC.137	1	1279334	1279806	-	0	0	0		26	1	240	0.004166666666666667	103	1	620	0.0016129032258064516
CUFF_NC.143	1	1288800	1291233	+	0	0	0		110	31	578	0.05363321799307959	538	146	2798	0.05218012866333095
CUFF_NC.142	1	1300905	1301321	+	0	0	0		23	0	37	0.0	66	0	109	0.0
CUFF_NC.144	1	1338408	1339261	+	0	0	0		12	0	57	0.0	195	7	1364	0.005131964809384164
CUFF_NC.145	1	1341365	1342417	+	0	0	0		70	0	475	0.0	250	5	1395	0.0035842293906810036
CUFF_NC.146	1	1345141	1345873	-	0	0	0		55	2	344	0.005813953488372093	175	1	951	0.0010515247108307045
CUFF_NC.147	1	1346969	1347375	-	0	0	0		31	0	303	0.0	104	4	1072	0.0037313432835820895
CUFF_NC.148	1	1356182	1357078	+	0	0	0		60	0	341	0.0	262	5	1173	0.004262574595055414
CUFF_NC.149	1	1369036	1370535	+	0	0	0		83	2	651	0.0030721966205837174	284	7	1787	0.00391717963066592
CUFF_NC.152	1	1418604	1420049	+	0	0	0		100	1	501	0.001996007984031936	372	4	1863	0.0021470746108427268
CUFF_NC.150	1	1429441	1429889	-	0	0	0		21	1	224	0.004464285714285714	87	0	392	0.0
CUFF_NC.151	1	1435272	1437739	+	0	0	0		159	1	567	0.001763668430335097	573	5	2048	0.00244140625
CUFF_NC.161	1	1441785	1442836	+	0	0	0		40	592	835	0.7089820359281437	284	2134	5751	0.3710659015823335
CUFF_NC.153	1	1457821	1459000	+	0	0	0		64	1	283	0.0035335689045936395	268	4	954	0.0041928721174004195
CUFF_NC.154	1	1461160	1461849	-	0	0	0		21	1	95	0.010526315789473684	192	4	709	0.005641748942172073
CUFF_NC.155	1	1469492	1470729	-	0	0	0		78	1	358	0.002793296089385475	269	4	1081	0.0037002775208140612
CUFF_NC.156	1	1479969	1481012	-	0	0	0		30	1	156	0.00641025641025641	231	5	954	0.005241090146750524
CUFF_NC.157	1	1485325	1486477	+	0	0	0		71	1	493	0.002028397565922921	255	2	1083	0.0018467220683287165
CUFF_NC.158	1	1510391	1510835	-	0	0	0		26	0	122	0.0	113	2	538	0.0037174721189591076
CUFF_NC.159	1	1530147	1531273	-	0	0	0		72	0	261	0.0	286	3	911	0.003293084522502744
CUFF_NC.162	1	1533608	1534599	+	0	0	0		56	0	331	0.0	223	2	903	0.0022148394241417496
CUFF_NC.164	1	1546971	1547919	+	0	0	0		58	1	252	0.003968253968253968	178	1	879	0.0011376564277588168
CUFF_NC.166	1	1555716	1556551	-	0	0	0		50	1	591	0.001692047377326565	169	4	1659	0.0024110910186859553
CUFF_NC.165	1	1582776	1583305	+	0	0	0		34	1	243	0.00411522633744856	154	3	919	0.003264417845484222
CUFF_NC.167	1	1587124	1587614	+	0	0	0		35	1	173	0.005780346820809248	136	3	629	0.0047694753577106515
CUFF_NC.168	1	1591941	1592454	-	0	0	0		28	1	171	0.005847953216374269	101	2	623	0.0032102728731942215
CUFF_NC.171	1	1601319	1603582	+	0	0	0		151	4	1139	0.003511852502194908	620	9	3867	0.0023273855702094647
CUFF_NC.169	1	1618277	1622497	+	0	0	0		283	3	1796	0.0016703786191536749	1095	15	6142	0.00244220123738196
CUFF_NC.170	1	1623149	1623817	+	0	0	0		43	1	301	0.0033222591362126247	155	2	684	0.0029239766081871343
CUFF_NC.172	1	1645299	1647435	+	0	0	0		97	1	676	0.0014792899408284023	442	8	2268	0.003527336860670194
CUFF_NC.174	1	1661249	1662636	+	0	0	0		67	1	375	0.0026666666666666666	305	3	1464	0.0020491803278688526
CUFF_NC.173	1	1665598	1666367	+	0	0	0		46	1	240	0.004166666666666667	165	2	627	0.003189792663476874
CUFF_NC.177	1	1671173	1671541	-	0	0	0		27	0	165	0.0	71	4	395	0.010126582278481013
CUFF_NC.178	1	1690765	1691195	+	0	0	0		45	2	140	0.014285714285714285	111	2	323	0.006191950464396285
CUFF_NC.175	1	1702399	1704871	+	0	0	0		112	1	728	0.0013736263736263737	477	7	2395	0.0029227557411273487
CUFF_NC.179	1	1720823	1721305	-	0	0	0		37	3	200	0.015	123	6	576	0.010416666666666666
CUFF_NC.189	1	1731774	1732553	-	0	0	0		58	1	491	0.002036659877800407	196	5	1436	0.003481894150417827
CUFF_NC.181	1	1744368	1745845	-	0	0	0		72	0	378	0.0	296	8	1542	0.005188067444876783
CUFF_NC.186	1	1761298	1761673	-	0	0	0		25	0	210	0.0	102	3	571	0.005253940455341506
CUFF_NC.180	1	1766623	1767230	+	0	0	0		34	0	146	0.0	165	2	597	0.0033500837520938024
CUFF_NC.187	1	1785821	1786121	-	0	0	0		22	0	224	0.0	63	0	598	0.0
CUFF_NC.183	1	1786859	1787405	-	0	0	0		38	0	292	0.0	122	2	706	0.0028328611898017
CUFF_NC.184	1	1788762	1789625	-	0	0	0		38	2	200	0.01	241	2	1181	0.001693480101608806
CUFF_NC.182	1	1791544	1792202	-	0	0	0		36	2	322	0.006211180124223602	145	4	801	0.004993757802746567
CUFF_NC.185	1	1818066	1819279	-	0	0	0		33	0	290	0.0	298	6	2223	0.002699055330634278
CUFF_NC.188	1	1820253	1821936	+	0	0	0		91	3	471	0.006369426751592357	313	4	1376	0.0029069767441860465
CUFF_NC.190	1	1843574	1844131	-	0	0	0		20	0	172	0.0	115	1	617	0.0016207455429497568
CUFF_NC.191	1	1882920	1883972	-	0	0	0		43	0	199	0.0	247	3	874	0.003432494279176201
CUFF_NC.192	1	1888455	1888877	+	0	0	0		14	0	92	0.0	106	4	512	0.0078125
CUFF_NC.195	1	1898708	1899095	-	0	0	0		34	0	250	0.0	100	0	524	0.0
CUFF_NC.193	1	1900516	1901252	-	0	0	0		50	0	242	0.0	169	2	715	0.002797202797202797
CUFF_NC.194	1	1903006	1903569	-	0	0	0		48	1	193	0.0051813471502590676	148	0	606	0.0
CUFF_NC.207	1	1910429	1910835	-	0	0	0		16	0	89	0.0	116	0	429	0.0
CUFF_NC.198	1	1925740	1930347	-	0	0	0		284	4	1498	0.0026702269692923898	1192	16	5306	0.003015454202789295
CUFF_NC.196	1	1935403	1939567	+	0	0	0		113	1	565	0.0017699115044247787	854	16	3684	0.004343105320304018
CUFF_NC.200	1	1955391	1957334	-	0	0	0		128	0	750	0.0	537	4	2461	0.0016253555465258025
CUFF_NC.201	1	1958951	1959761	-	0	0	0		25	4	436	0.009174311926605505	133	1	1370	0.00072992700729927
CUFF_NC.199	1	1961800	1962444	+	0	0	0		36	0	215	0.0	160	2	690	0.002898550724637681
CUFF_NC.206	1	1988921	1989352	-	0	0	0		26	0	85	0.0	109	2	368	0.005434782608695652
CUFF_NC.205	1	1994215	1994851	+	0	0	0		38	1	174	0.005747126436781609	217	2	920	0.002173913043478261
CUFF_NC.197	1	1996411	1998648	-	0	0	0		64	1	393	0.002544529262086514	515	8	2517	0.0031783869686134287
CUFF_NC.203	1	2011017	2011849	-	0	0	0		59	0	275	0.0	217	2	972	0.00205761316872428
CUFF_NC.202	1	2012236	2013657	+	0	0	0		126	2	410	0.004878048780487805	321	3	967	0.0031023784901758012
CUFF_NC.208	1	2015518	2016283	+	0	0	0		51	0	182	0.0	181	1	637	0.0015698587127158557
CUFF_NC.230	1	2032344	2036251	-	0	0	0		227	5	1064	0.004699248120300752	1023	14	4595	0.003046789989118607
CUFF_NC.231	1	2033077	2036841	-	0	0	0		227	5	1078	0.00463821892393321	987	13	4457	0.0029167601525689926
CUFF_NC.232	1	2043274	2044218	-	0	0	0		74	2	520	0.0038461538461538464	218	7	1561	0.004484304932735426
CUFF_NC.229	1	2049520	2050204	+	0	0	0		47	0	375	0.0	194	3	1272	0.0023584905660377358
CUFF_NC.204	1	2052982	2053577	+	0	0	0		48	1	228	0.0043859649122807015	166	3	749	0.004005340453938585
CUFF_NC.235	1	2060604	2062741	+	0	0	0		142	4	937	0.004268943436499467	558	9	2964	0.003036437246963563
CUFF_NC.234	1	2068903	2073622	-	0	0	0		320	4	2033	0.001967535661583866	1234	21	6739	0.0031161893456002373
CUFF_NC.209	1	2105293	2105719	-	0	0	0		14	1	125	0.008	55	0	506	0.0
CUFF_NC.210	1	2106162	2106619	-	0	0	0		31	0	149	0.0	121	1	558	0.0017921146953405018
CUFF_NC.219	1	2115329	2115881	+	0	0	0		38	0	256	0.0	137	2	745	0.0026845637583892616
CUFF_NC.218	1	2123274	2123868	-	0	0	0		23	1	138	0.007246376811594203	145	1	637	0.0015698587127158557
CUFF_NC.211	1	2124815	2125944	+	0	0	0		45	0	414	0.0	250	4	1770	0.0022598870056497176
CUFF_NC.213	1	2130692	2131622	+	0	0	0		82	1	562	0.0017793594306049821	242	6	1176	0.00510204081632653
CUFF_NC.214	1	2135810	2136167	-	0	0	0		14	0	59	0.0	96	3	436	0.006880733944954129
CUFF_NC.215	1	2136680	2137796	-	0	0	0		71	2	605	0.003305785123966942	264	5	1597	0.0031308703819661866
CUFF_NC.212	1	2143346	2143894	+	0	0	0		27	0	128	0.0	138	2	476	0.004201680672268907
CUFF_NC.216	1	2151599	2152519	+	0	0	0		70	1	270	0.003703703703703704	179	1	689	0.001451378809869376
CUFF_NC.220	1	2156155	2158843	+	0	0	0		170	229	941	0.24335812964930925	697	204	3228	0.06319702602230483
CUFF_NC.221	1	2156504	2157028	-	0	0	0		34	3	123	0.024390243902439025	150	2	397	0.005037783375314861
CUFF_NC.217	1	2164282	2165449	+	0	0	0		49	1	370	0.002702702702702703	278	1	1360	0.0007352941176470588
CUFF_NC.222	1	2172866	2173783	-	0	0	0		31	2	159	0.012578616352201259	204	3	983	0.003051881993896236
CUFF_NC.223	1	2174568	2174899	+	0	0	0		23	3	197	0.015228426395939087	58	0	355	0.0
CUFF_NC.228	1	2187565	2188734	-	0	0	0		49	1	215	0.004651162790697674	216	4	821	0.0048721071863581
CUFF_NC.224	1	2194483	2196067	+	0	0	0		110	1	353	0.0028328611898017	356	4	1301	0.0030745580322828594
CUFF_NC.225	1	2204242	2204920	-	0	0	0		40	0	129	0.0	158	0	476	0.0
CUFF_NC.226	1	2211228	2211857	+	0	0	0		42	0	254	0.0	145	0	645	0.0
CUFF_NC.227	1	2220134	2221639	+	0	0	0		81	0	423	0.0	327	4	1407	0.0028429282160625444
CUFF_NC.237	1	2223595	2225413	-	0	0	0		117	0	624	0.0	423	5	2305	0.0021691973969631237
CUFF_NC.233	1	2247631	2248863	+	0	0	0		84	2	380	0.005263157894736842	254	2	804	0.0024875621890547263
CUFF_NC.241	1	2257942	2258448	+	0	0	0		54	1	270	0.003703703703703704	133	2	522	0.0038314176245210726
CUFF_NC.236	1	2280877	2283124	+	0	0	0		140	3	772	0.0038860103626943004	481	5	2435	0.002053388090349076
CUFF_NC.238	1	2286384	2287253	+	0	0	0		54	1	224	0.004464285714285714	220	4	651	0.006144393241167435
CUFF_NC.239	1	2287305	2287806	+	0	0	0		33	1	162	0.006172839506172839	122	2	591	0.00338409475465313
CUFF_NC.240	1	2294888	2295488	+	0	0	0		27	0	126	0.0	173	2	833	0.0024009603841536613
CUFF_NC.242	1	2319001	2319629	+	0	0	0		51	1	177	0.005649717514124294	190	1	621	0.001610305958132045
CUFF_NC.249	1	2328898	2329328	-	0	0	0		26	2	212	0.009433962264150943	96	5	682	0.007331378299120235
CUFF_NC.245	1	2335050	2338991	+	0	0	0		149	2	1129	0.001771479185119575	826	11	4586	0.002398604448320977
CUFF_NC.246	1	2335603	2336485	+	0	0	0		37	0	260	0.0	227	2	1349	0.0014825796886582653
CUFF_NC.244	1	2348909	2350666	-	0	0	0		124	3	812	0.003694581280788177	341	1	1811	0.0005521811154058532
CUFF_NC.243	1	2357117	2357452	-	0	0	0		12	0	77	0.0	91	1	488	0.0020491803278688526
CUFF_NC.247	1	2359353	2360516	+	0	0	0		50	0	201	0.0	264	3	1101	0.0027247956403269754
CUFF_NC.248	1	2365975	2366702	+	0	0	0		18	0	104	0.0	167	5	843	0.005931198102016607
CUFF_NC.250	1	2369092	2369621	-	0	0	0		32	0	205	0.0	139	1	594	0.0016835016835016834
CUFF_NC.261	1	2393779	2394757	+	0	0	0		23	0	170	0.0	183	2	1249	0.0016012810248198558
CUFF_NC.252	1	2407407	2408200	+	0	0	0		23	0	170	0.0	201	4	911	0.0043907793633369925
CUFF_NC.255	1	2409868	2412104	+	0	0	0		95	2	424	0.0047169811320754715	363	4	1417	0.0028228652081863093
CUFF_NC.253	1	2412921	2413620	-	0	0	0		45	1	261	0.0038314176245210726	155	0	714	0.0
CUFF_NC.254	1	2413894	2416627	-	0	0	0		170	357	1183	0.30177514792899407	645	374	3955	0.09456384323640961
CUFF_NC.251	1	2421221	2421931	+	0	0	0		29	1	213	0.004694835680751174	127	1	580	0.0017241379310344827
CUFF_NC.259	1	2435080	2435513	+	0	0	0		22	0	112	0.0	114	2	607	0.0032948929159802307
CUFF_NC.256	1	2439737	2440254	-	0	0	0		30	0	103	0.0	130	2	399	0.005012531328320802
CUFF_NC.257	1	2439956	2440434	+	0	0	0		23	0	96	0.0	135	4	500	0.008
CUFF_NC.258	1	2463088	2464814	+	0	0	0		29	0	69	0.0	115	0	276	0.0
CUFF_NC.260	1	2472046	2472786	+	0	0	0		45	0	178	0.0	180	5	770	0.006493506493506494
CUFF_NC.265	1	2476998	2477687	-	0	0	0		22	0	290	0.0	114	4	1087	0.0036798528058877645
CUFF_NC.266	1	2482022	2483090	-	0	0	0		69	3	589	0.0050933786078098476	282	5	1618	0.0030902348578491965
CUFF_NC.262	1	2489580	2490125	+	0	0	0		26	0	231	0.0	151	1	1081	0.0009250693802035153
CUFF_NC.276	1	2501817	2502428	+	0	0	0		66	4	421	0.009501187648456057	118	1	469	0.0021321961620469083
CUFF_NC.277	1	2510642	2511142	+	0	0	0		21	0	79	0.0	92	0	379	0.0
CUFF_NC.263	1	2512708	2513132	+	0	0	0		24	0	106	0.0	107	0	406	0.0
CUFF_NC.264	1	2514308	2515590	+	0	0	0		79	2	563	0.003552397868561279	382	10	2254	0.0044365572315882874
CUFF_NC.267	1	2538082	2538531	+	0	0	0		22	0	108	0.0	130	2	709	0.0028208744710860366
CUFF_NC.275	1	2542272	2542583	+	0	0	0		12	0	78	0.0	65	1	389	0.002570694087403599
CUFF_NC.268	1	2549339	2549689	+	0	0	0		20	0	128	0.0	94	3	775	0.003870967741935484
CUFF_NC.269	1	2553053	2557566	+	0	0	0		199	2	944	0.00211864406779661	1238	16	5533	0.00289174046629315
CUFF_NC.270	1	2555658	2556098	+	0	0	0		3	0	10	0.0	101	0	343	0.0
CUFF_NC.271	1	2561828	2566478	+	0	0	0		191	3	1277	0.0023492560689115116	1127	14	5783	0.0024208888120352758
CUFF_NC.272	1	2572471	2573336	-	0	0	0		57	5	280	0.017857142857142856	210	4	876	0.0045662100456621
CUFF_NC.273	1	2584578	2585084	+	0	0	0		27	2	119	0.01680672268907563	148	1	402	0.0024875621890547263
CUFF_NC.274	1	2586120	2586918	+	0	0	0		24	0	162	0.0	128	6	765	0.00784313725490196
CUFF_NC.278	1	2619211	2619677	-	0	0	0		28	0	143	0.0	137	5	681	0.007342143906020558
CUFF_NC.279	1	2627359	2627854	+	0	0	0		8	1	61	0.01639344262295082	122	4	1008	0.003968253968253968
CUFF_NC.284	1	2647767	2648126	-	0	0	0		31	1	276	0.0036231884057971015	100	0	839	0.0
CUFF_NC.285	1	2656483	2657007	-	0	0	0		26	1	97	0.010309278350515464	125	2	317	0.006309148264984227
CUFF_NC.280	1	2672142	2673909	-	0	0	0		116	1	500	0.002	414	1	1643	0.0006086427267194157
CUFF_NC.282	1	2689302	2690132	-	0	0	0		50	1	277	0.0036101083032490976	200	2	971	0.0020597322348094747
CUFF_NC.281	1	2695317	2695777	+	0	0	0		14	0	103	0.0	127	2	670	0.0029850746268656717
CUFF_NC.286	1	2700314	2700639	-	0	0	0		21	2	146	0.0136986301369863	51	0	297	0.0
CUFF_NC.287	1	2701741	2703123	-	0	0	0		93	1	578	0.0017301038062283738	318	5	1764	0.002834467120181406
CUFF_NC.289	1	2705877	2706794	-	0	0	0		43	1	374	0.00267379679144385	155	4	730	0.005479452054794521
CUFF_NC.283	1	2718615	2721924	-	0	0	0		210	6	1210	0.0049586776859504135	883	14	4659	0.0030049366816913502
CUFF_NC.291	1	2734520	2735221	+	0	0	0		53	1	227	0.004405286343612335	172	3	656	0.004573170731707317
CUFF_NC.288	1	2757060	2757533	+	0	0	0		35	0	233	0.0	132	0	759	0.0
CUFF_NC.290	1	2819185	2820099	+	0	0	0		37	0	213	0.0	245	3	1072	0.002798507462686567
CUFF_NC.312	1	2836608	2837128	+	0	0	0		30	2	111	0.018018018018018018	158	0	509	0.0
CUFF_NC.292	1	2842372	2842690	-	0	0	0		8	0	45	0.0	86	0	362	0.0
CUFF_NC.302	1	2858900	2859720	-	0	0	0		44	1	191	0.005235602094240838	125	2	586	0.0034129692832764505
CUFF_NC.303	1	2859897	2860818	-	0	0	0		69	0	408	0.0	215	0	985	0.0
CUFF_NC.293	1	2864582	2865011	-	0	0	0		16	0	94	0.0	69	1	316	0.0031645569620253164
CUFF_NC.295	1	2869552	2869804	-	0	0	0		15	0	164	0.0	51	3	489	0.006134969325153374
CUFF_NC.294	1	2877396	2878270	-	0	0	0		11	0	50	0.0	141	2	701	0.0028530670470756064
CUFF_NC.297	1	2885742	2886246	-	0	0	0		47	0	235	0.0	105	2	511	0.003913894324853229
CUFF_NC.296	1	2888620	2889501	-	0	0	0		44	0	142	0.0	235	1	728	0.0013736263736263737
CUFF_NC.298	1	2899917	2900379	+	0	0	0		25	0	65	0.0	124	3	408	0.007352941176470588
CUFF_NC.300	1	2935597	2936310	-	0	0	0		34	0	111	0.0	196	2	680	0.0029411764705882353
CUFF_NC.309	1	2944901	2945345	+	0	0	0		36	1	108	0.009259259259259259	113	3	294	0.01020408163265306
CUFF_NC.310	1	2945592	2945963	+	0	0	0		21	0	221	0.0	82	0	569	0.0
CUFF_NC.311	1	2948540	2948967	-	0	0	0		27	0	310	0.0	104	2	1190	0.0016806722689075631
CUFF_NC.299	1	2949745	2951229	+	0	0	0		81	1	707	0.0014144271570014145	280	4	2195	0.0018223234624145787
CUFF_NC.304	1	2953012	2954228	+	0	0	0		60	2	268	0.007462686567164179	293	5	1267	0.003946329913180742
CUFF_NC.301	1	2963976	2964694	-	0	0	0		48	0	147	0.0	145	3	480	0.00625
CUFF_NC.305	1	2966231	2966661	+	0	0	0		17	1	197	0.005076142131979695	32	0	389	0.0
CUFF_NC.313	1	2973131	2974272	+	0	0	0		71	4	394	0.01015228426395939	297	5	1629	0.003069367710251688
CUFF_NC.314	1	2976790	2977811	+	0	0	0		49	1	351	0.002849002849002849	266	2	1480	0.0013513513513513514
CUFF_NC.315	1	2980847	2982500	+	0	0	0		95	1	445	0.0022471910112359553	419	4	1743	0.002294893861158921
CUFF_NC.307	1	2985458	2985894	-	0	0	0		27	0	167	0.0	125	1	680	0.0014705882352941176
CUFF_NC.306	1	2987675	2988104	+	0	0	0		28	0	118	0.0	123	2	575	0.0034782608695652175
CUFF_NC.308	1	2989088	2990265	-	0	0	0		78	1	288	0.003472222222222222	222	6	1142	0.005253940455341506
CUFF_NC.318	1	2999532	3000416	+	0	0	0		86	0	505	0.0	224	1	1127	0.0008873114463176575
CUFF_NC.317	1	3001943	3002263	+	0	0	0		20	0	191	0.0	40	3	352	0.008522727272727272
CUFF_NC.316	1	3006860	3008095	-	0	0	0		79	1	345	0.002898550724637681	328	2	1377	0.0014524328249818446
CUFF_NC.323	1	3037864	3040564	+	0	0	0		177	3	1069	0.002806361085126286	676	14	3585	0.003905160390516039
CUFF_NC.321	1	3065416	3065881	-	0	0	0		16	0	100	0.0	129	2	674	0.002967359050445104
CUFF_NC.319	1	3072586	3073064	-	0	0	0		13	0	102	0.0	117	2	594	0.003367003367003367
CUFF_NC.322	1	3101119	3101751	+	0	0	0		26	0	158	0.0	156	6	956	0.006276150627615063
CUFF_NC.320	1	3111093	3111495	-	0	0	0		28	0	309	0.0	75	1	497	0.002012072434607646
CUFF_NC.324	1	3125094	3126735	-	0	0	0		88	2	442	0.004524886877828055	414	8	1943	0.004117344312918168
CUFF_NC.325	1	3137756	3138936	+	0	0	0		68	1	223	0.004484304932735426	235	2	795	0.0025157232704402514
CUFF_NC.327	1	3141040	3141414	-	0	0	0		22	0	168	0.0	76	3	530	0.005660377358490566
CUFF_NC.326	1	3157146	3158882	-	0	0	0		94	0	424	0.0	311	5	1331	0.003756574004507889
CUFF_NC.329	1	3195847	3196496	+	0	0	0		22	0	92	0.0	87	3	399	0.007518796992481203
CUFF_NC.330	1	3199374	3200243	+	0	0	0		37	0	152	0.0	124	2	415	0.004819277108433735
CUFF_NC.339	1	3224073	3225530	+	0	0	0		106	2	445	0.0044943820224719105	319	2	1454	0.001375515818431912
CUFF_NC.328	1	3232509	3232882	+	0	0	0		10	0	33	0.0	50	0	120	0.0
CUFF_NC.331	1	3240679	3241905	+	0	0	0		62	0	327	0.0	251	4	1242	0.00322061191626409
CUFF_NC.332	1	3243911	3244784	-	0	0	0		29	0	120	0.0	225	1	883	0.0011325028312570782
CUFF_NC.337	1	3252142	3253640	-	0	0	0		99	2	470	0.00425531914893617	260	2	1061	0.001885014137606032
CUFF_NC.338	1	3254175	3254955	-	0	0	0		43	0	225	0.0	222	3	976	0.0030737704918032786
CUFF_NC.342	1	3258207	3258488	+	0	0	0		18	0	95	0.0	83	0	491	0.0
CUFF_NC.333	1	3263809	3265172	+	0	0	0		2	0	8	0.0	15	0	36	0.0
CUFF_NC.334	1	3267632	3268096	-	0	0	0		18	0	67	0.0	98	5	497	0.01006036217303823
CUFF_NC.335	1	3269878	3270900	+	0	0	0		72	1	277	0.0036101083032490976	213	2	788	0.0025380710659898475
CUFF_NC.336	1	3271469	3272144	+	0	0	0		29	0	173	0.0	139	4	685	0.00583941605839416
CUFF_NC.344	1	3280097	3283718	-	0	0	0		274	3	1545	0.001941747572815534	885	16	4104	0.003898635477582846
CUFF_NC.340	1	3286539	3287167	-	0	0	0		46	2	200	0.01	158	3	605	0.0049586776859504135
CUFF_NC.346	1	3302719	3303760	-	0	0	0		46	3	187	0.016042780748663103	292	1	1092	0.0009157509157509158
CUFF_NC.341	1	3322706	3323765	+	0	0	0		38	0	217	0.0	196	9	951	0.00946372239747634
CUFF_NC.350	1	3329850	3333269	-	0	0	0		312	2152	2882	0.7467036780013879	1067	2797	9882	0.2830398704715645
CUFF_NC.348	1	3334833	3337584	+	0	0	0		248	1	943	0.0010604453870625664	838	4	3002	0.0013324450366422385
CUFF_NC.349	1	3338476	3339887	+	0	0	0		126	3	738	0.0040650406504065045	356	5	1732	0.002886836027713626
CUFF_NC.345	1	3349413	3350980	-	0	0	0		84	3	488	0.006147540983606557	430	13	2203	0.005901044030866999
CUFF_NC.343	1	3352143	3352749	-	0	0	0		45	3	488	0.006147540983606557	140	2	1202	0.0016638935108153079
CUFF_NC.347	1	3360056	3361254	+	0	0	0		28	16	191	0.08376963350785341	244	83	1578	0.052598225602027884
CUFF_NC.354	1	3395697	3398344	+	0	0	0		136	1	974	0.001026694045174538	659	13	4286	0.003033131124591694
CUFF_NC.353	1	3401153	3401997	-	0	0	0		51	0	566	0.0	212	4	1994	0.0020060180541624875
CUFF_NC.351	1	3406043	3406540	-	0	0	0		18	1	137	0.0072992700729927005	113	2	615	0.0032520325203252032
CUFF_NC.352	1	3406208	3406622	+	0	0	0		14	0	121	0.0	105	2	614	0.003257328990228013
CUFF_NC.359	1	3407127	3407934	+	0	0	0		56	4	504	0.007936507936507936	182	3	923	0.0032502708559046588
CUFF_NC.360	1	3410759	3411414	+	0	0	0		53	3	209	0.014354066985645933	213	3	748	0.004010695187165776
CUFF_NC.361	1	3424401	3425678	+	0	0	0		92	1	591	0.001692047377326565	319	6	1674	0.0035842293906810036
CUFF_NC.356	1	3430237	3430699	+	0	0	0		43	0	233	0.0	100	0	605	0.0
CUFF_NC.358	1	3439404	3440483	+	0	0	0		63	1	329	0.00303951367781155	246	1	1084	0.0009225092250922509
CUFF_NC.355	1	3441512	3441936	+	0	0	0		3	0	23	0.0	94	2	562	0.0035587188612099642
CUFF_NC.357	1	3442393	3443980	+	0	0	0		100	0	460	0.0	234	2	1074	0.00186219739292365
CUFF_NC.362	1	3495489	3496082	-	0	0	0		28	0	102	0.0	149	1	614	0.0016286644951140066
CUFF_NC.368	1	3511496	3511985	+	0	0	0		22	0	129	0.0	38	1	289	0.0034602076124567475
CUFF_NC.363	1	3512736	3513253	+	0	0	0		19	0	134	0.0	107	0	578	0.0
CUFF_NC.364	1	3515442	3516055	+	0	0	0		46	0	132	0.0	160	0	438	0.0
CUFF_NC.365	1	3516722	3518011	+	0	0	0		74	1	412	0.0024271844660194173	308	3	1668	0.0017985611510791368
CUFF_NC.366	1	3526357	3527229	+	0	0	0		14	0	58	0.0	181	0	903	0.0
CUFF_NC.369	1	3532232	3533052	-	0	0	0		46	0	259	0.0	164	5	1083	0.0046168051708217915
CUFF_NC.367	1	3544912	3545614	-	0	0	0		32	0	231	0.0	169	3	874	0.003432494279176201
CUFF_NC.370	1	3563718	3564442	-	0	0	0		38	0	270	0.0	211	5	1145	0.004366812227074236
CUFF_NC.372	1	3566683	3567865	-	0	0	0		73	3	428	0.007009345794392523	290	2	1507	0.0013271400132714001
CUFF_NC.373	1	3568337	3568956	+	0	0	0		45	1	185	0.005405405405405406	167	2	646	0.0030959752321981426
CUFF_NC.374	1	3570223	3571146	+	0	0	0		30	0	90	0.0	170	2	427	0.00468384074941452
CUFF_NC.371	1	3591727	3595270	+	0	0	0		197	1	1152	0.0008680555555555555	813	6	3885	0.0015444015444015444
CUFF_NC.376	1	3635472	3636314	+	0	0	0		58	1	433	0.0023094688221709007	231	5	1299	0.003849114703618168
CUFF_NC.381	1	3647967	3649271	+	0	0	0		72	1	558	0.0017921146953405018	288	3	1948	0.001540041067761807
CUFF_NC.375	1	3670361	3671218	+	0	0	0		57	2	312	0.00641025641025641	161	3	919	0.003264417845484222
CUFF_NC.378	1	3692561	3693563	+	0	0	0		38	1	225	0.0044444444444444444	259	0	1114	0.0
CUFF_NC.377	1	3711817	3712288	-	0	0	0		32	1	179	0.00558659217877095	124	2	799	0.0025031289111389237
CUFF_NC.380	1	3715150	3715636	-	0	0	0		19	0	204	0.0	122	3	1017	0.0029498525073746312
CUFF_NC.379	1	3718826	3719450	-	0	0	0		49	1	217	0.004608294930875576	125	0	553	0.0
CUFF_NC.382	1	3729435	3730321	-	0	0	0		53	181	316	0.5727848101265823	245	282	1505	0.18737541528239202
CUFF_NC.384	1	3749509	3750035	+	0	0	0		16	0	57	0.0	119	1	270	0.003703703703703704
CUFF_NC.385	1	3751213	3752064	+	0	0	0		23	1	94	0.010638297872340425	212	3	664	0.004518072289156626
CUFF_NC.386	1	3756109	3757298	+	0	0	0		54	1	319	0.003134796238244514	181	1	850	0.001176470588235294
CUFF_NC.383	1	3760279	3761493	+	0	0	0		57	0	349	0.0	139	2	654	0.0030581039755351682
CUFF_NC.388	1	3771835	3772399	-	0	0	0		16	0	98	0.0	109	4	641	0.0062402496099844
CUFF_NC.393	1	3795102	3799015	-	0	0	0		268	5	1503	0.00332667997338656	940	25	4712	0.005305602716468591
CUFF_NC.394	1	3796506	3800114	-	0	0	0		260	3	1410	0.002127659574468085	847	22	4353	0.00505398575694923
CUFF_NC.409	1	3813937	3815241	+	0	0	0		83	3	567	0.005291005291005291	329	5	1827	0.002736726874657909
CUFF_NC.410	1	3821994	3823319	+	0	0	0		88	0	327	0.0	305	3	1046	0.0028680688336520078
CUFF_NC.389	1	3828698	3829746	+	0	0	0		73	0	681	0.0	225	5	1602	0.003121098626716604
CUFF_NC.390	1	3849218	3850633	-	0	0	0		89	2	600	0.0033333333333333335	254	2	1545	0.0012944983818770227
CUFF_NC.391	1	3865527	3866435	+	0	0	0		94	4	387	0.0103359173126615	252	2	960	0.0020833333333333333
CUFF_NC.392	1	3871882	3872510	+	0	0	0		23	2	244	0.00819672131147541	172	0	902	0.0
CUFF_NC.395	1	3881974	3882624	-	0	0	0		34	1	228	0.0043859649122807015	127	2	693	0.002886002886002886
CUFF_NC.397	1	3889548	3890701	-	0	0	0		95	0	465	0.0	308	5	1424	0.0035112359550561797
CUFF_NC.396	1	3891526	3891972	-	0	0	0		18	1	149	0.006711409395973154	104	2	567	0.003527336860670194
CUFF_NC.402	1	3892369	3897014	-	0	0	0		208	674	2094	0.3218720152817574	930	1146	7322	0.15651461349358098
CUFF_NC.398	1	3902666	3903406	-	0	0	0		47	0	174	0.0	145	1	502	0.00199203187250996
CUFF_NC.399	1	3930074	3931067	+	0	0	0		50	3	286	0.01048951048951049	233	7	1203	0.005818786367414797
CUFF_NC.400	1	3945169	3946898	-	0	0	0		75	0	390	0.0	335	6	1571	0.0038192234245703373
CUFF_NC.405	1	3963316	3963737	+	0	0	0		12	0	92	0.0	67	2	391	0.005115089514066497
CUFF_NC.403	1	3965645	3966492	+	0	0	0		61	0	202	0.0	178	2	479	0.0041753653444676405
CUFF_NC.408	1	3967553	3968904	-	0	0	0		93	2	435	0.004597701149425287	304	4	1264	0.0031645569620253164
CUFF_NC.406	1	3972206	3973307	+	0	0	0		90	3	441	0.006802721088435374	295	4	1458	0.0027434842249657062
CUFF_NC.404	1	3973884	3974369	-	0	0	0		16	0	111	0.0	126	6	755	0.007947019867549669
CUFF_NC.411	1	3977661	3978954	+	0	0	0		86	0	516	0.0	336	6	1732	0.003464203233256351
CUFF_NC.407	1	3999209	4000603	-	0	0	0		38	0	163	0.0	315	2	1452	0.0013774104683195593
CUFF_NC.412	1	4002704	4003329	-	0	0	0		47	0	215	0.0	197	1	729	0.0013717421124828531
CUFF_NC.414	1	4062460	4063630	+	0	0	0		52	0	321	0.0	258	8	1222	0.006546644844517185
CUFF_NC.417	1	4076017	4077102	-	0	0	0		64	0	263	0.0	212	4	707	0.005657708628005658
CUFF_NC.415	1	4095034	4096028	-	0	0	0		43	1	205	0.004878048780487805	260	1	1126	0.0008880994671403197
CUFF_NC.418	1	4106011	4106817	-	0	0	0		48	0	108	0.0	152	1	376	0.0026595744680851063
CUFF_NC.419	1	4114800	4115926	+	0	0	0		74	0	509	0.0	273	7	1776	0.003941441441441441
CUFF_NC.425	1	4122801	4123340	-	0	0	0		40	1	283	0.0035335689045936395	117	1	765	0.00130718954248366
CUFF_NC.420	1	4139327	4139880	-	0	0	0		18	0	55	0.0	145	0	450	0.0
CUFF_NC.424	1	4146082	4147628	-	0	0	0		3	0	3	0.0	16	0	16	0.0
CUFF_NC.429	1	4153463	4154903	-	0	0	0		57	0	305	0.0	276	4	1290	0.0031007751937984496
CUFF_NC.421	1	4162509	4163817	+	0	0	0		61	0	281	0.0	313	4	1269	0.0031520882584712374
CUFF_NC.422	1	4164089	4164771	+	0	0	0		24	1	227	0.004405286343612335	190	3	1437	0.0020876826722338203
CUFF_NC.426	1	4194485	4196658	-	0	0	0		147	2	1283	0.001558846453624318	567	12	4346	0.0027611596870685687
CUFF_NC.436	1	4207971	4209115	+	0	0	0		73	3	381	0.007874015748031496	272	6	1425	0.004210526315789474
CUFF_NC.427	1	4214686	4217443	+	0	0	0		151	1	792	0.0012626262626262627	561	9	2795	0.0032200357781753132
CUFF_NC.428	1	4240857	4241309	-	0	0	0		21	1	94	0.010638297872340425	109	2	479	0.0041753653444676405
CUFF_NC.431	1	4263396	4264194	+	0	0	0		57	0	509	0.0	159	2	1038	0.0019267822736030828
CUFF_NC.432	1	4267175	4268104	+	0	0	0		77	1	384	0.0026041666666666665	234	6	995	0.006030150753768844
CUFF_NC.433	1	4268484	4268998	+	0	0	0		34	0	210	0.0	99	1	673	0.0014858841010401188
CUFF_NC.434	1	4274453	4275741	-	0	0	0		71	0	306	0.0	232	5	822	0.006082725060827251
CUFF_NC.435	1	4288452	4289136	+	0	0	0		36	1	348	0.0028735632183908046	132	3	848	0.003537735849056604
CUFF_NC.437	1	4307117	4307481	-	0	0	0		24	0	183	0.0	85	2	502	0.00398406374501992
CUFF_NC.438	1	4316633	4318656	-	0	0	0		93	1	456	0.0021929824561403508	439	6	1758	0.0034129692832764505
CUFF_NC.440	1	4321547	4322235	+	0	0	0		60	2	382	0.005235602094240838	153	2	722	0.002770083102493075
CUFF_NC.441	1	4327788	4328101	+	0	0	0		19	1	91	0.01098901098901099	82	0	298	0.0
CUFF_NC.447	1	4336059	4337285	-	0	0	0		65	2	441	0.0045351473922902496	291	4	1317	0.0030372057706909645
CUFF_NC.439	1	4339021	4340173	+	0	0	0		28	2	138	0.014492753623188406	267	2	1205	0.0016597510373443983
CUFF_NC.442	1	4344142	4344856	-	0	0	0		34	1	162	0.006172839506172839	175	2	747	0.002677376171352075
CUFF_NC.449	1	4357628	4358192	+	0	0	0		31	0	115	0.0	149	1	474	0.002109704641350211
CUFF_NC.445	1	4368921	4369617	+	0	0	0		54	3	236	0.012711864406779662	172	0	693	0.0
CUFF_NC.446	1	4369730	4371633	+	0	0	0		101	2	499	0.004008016032064128	457	6	2329	0.0025762129669386004
CUFF_NC.444	1	4379839	4380686	+	0	0	0		80	3	251	0.01195219123505976	217	1	669	0.0014947683109118087
CUFF_NC.443	1	4384713	4385340	-	0	0	0		43	0	360	0.0	92	0	742	0.0
CUFF_NC.448	1	4396358	4397332	+	0	0	0		74	1	614	0.0016286644951140066	230	3	1426	0.0021037868162692847
CUFF_NC.451	1	4441172	4441692	+	0	0	0		48	4	225	0.017777777777777778	155	1	740	0.0013513513513513514
CUFF_NC.452	1	4442376	4443303	+	0	0	0		60	1	316	0.0031645569620253164	222	3	903	0.0033222591362126247
CUFF_NC.453	1	4449508	4450332	-	0	0	0		55	0	319	0.0	213	3	1119	0.002680965147453083
CUFF_NC.454	1	4450518	4451529	-	0	0	0		87	2	393	0.005089058524173028	317	3	1333	0.002250562640660165
CUFF_NC.457	1	4467128	4468949	-	0	0	0		121	4	671	0.005961251862891207	482	5	2192	0.002281021897810219
CUFF_NC.455	1	4469279	4469706	+	0	0	0		32	0	141	0.0	76	0	325	0.0
CUFF_NC.458	1	4488695	4489366	+	0	0	0		46	0	389	0.0	141	2	765	0.00261437908496732
CUFF_NC.456	1	4499612	4501513	-	0	0	0		124	0	810	0.0	456	7	2201	0.0031803725579282144
CUFF_NC.464	1	4516691	4518722	-	0	0	0		103	4	2022	0.0019782393669634025	411	18	4862	0.003702180172768408
CUFF_NC.465	1	4517743	4518662	-	0	0	0		42	2	994	0.002012072434607646	155	5	2318	0.0021570319240724763
CUFF_NC.461	1	4520557	4521058	-	0	0	0		27	0	271	0.0	121	1	815	0.001226993865030675
CUFF_NC.459	1	4523909	4524954	-	0	0	0		27	1	116	0.008620689655172414	217	6	882	0.006802721088435374
CUFF_NC.462	1	4525531	4526052	+	0	0	0		14	1	72	0.013888888888888888	125	0	734	0.0
CUFF_NC.460	1	4526959	4527364	-	0	0	0		21	0	241	0.0	87	3	809	0.003708281829419036
CUFF_NC.463	1	4528624	4530258	+	0	0	0		75	0	481	0.0	236	4	1077	0.003714020427112349
CUFF_NC.466	1	4542735	4543397	-	0	0	0		38	0	221	0.0	112	2	430	0.004651162790697674
CUFF_NC.469	1	4547440	4548718	-	0	0	0		76	0	347	0.0	239	3	974	0.003080082135523614
CUFF_NC.467	1	4557194	4557948	-	0	0	0		37	1	235	0.00425531914893617	188	1	845	0.001183431952662722
CUFF_NC.480	1	4575405	4576585	+	0	0	0		54	1	507	0.0019723865877712033	246	2	1288	0.0015527950310559005
CUFF_NC.470	1	4576856	4578549	+	0	0	0		79	3	432	0.006944444444444444	279	4	1456	0.0027472527472527475
CUFF_NC.468	1	4584263	4584755	+	0	0	0		8	1	26	0.038461538461538464	55	0	160	0.0
CUFF_NC.471	1	4604619	4605906	-	0	0	0		26	0	162	0.0	241	2	1445	0.001384083044982699
CUFF_NC.476	1	4612161	4612929	+	0	0	0		40	0	204	0.0	160	3	740	0.004054054054054054
CUFF_NC.477	1	4614381	4615182	+	0	0	0		36	0	169	0.0	132	2	457	0.00437636761487965
CUFF_NC.473	1	4615642	4616063	-	0	0	0		18	1	114	0.008771929824561403	96	0	423	0.0
CUFF_NC.474	1	4616849	4617611	-	0	0	0		44	4	264	0.015151515151515152	211	6	1258	0.0047694753577106515
CUFF_NC.475	1	4617934	4618601	-	0	0	0		22	0	207	0.0	141	2	742	0.0026954177897574125
CUFF_NC.472	1	4620239	4621099	+	0	0	0		42	0	455	0.0	190	3	1231	0.002437043054427295
CUFF_NC.478	1	4635465	4637084	+	0	0	0		100	2	665	0.0030075187969924814	429	7	1984	0.003528225806451613
CUFF_NC.482	1	4660623	4663532	-	0	0	0		108	2	737	0.0027137042062415195	628	5	3429	0.0014581510644502771
CUFF_NC.483	1	4661342	4662194	-	0	0	0		36	0	237	0.0	197	3	1103	0.0027198549410698096
CUFF_NC.479	1	4665686	4666111	+	0	0	0		20	0	108	0.0	102	2	518	0.003861003861003861
CUFF_NC.481	1	4678671	4679301	+	0	0	0		40	0	252	0.0	149	5	853	0.005861664712778429
CUFF_NC.486	1	4684867	4685801	-	0	0	0		3	0	3	0.0	25	1	52	0.019230769230769232
CUFF_NC.484	1	4688092	4688959	-	0	0	0		59	0	301	0.0	206	2	870	0.0022988505747126436
CUFF_NC.488	1	4739155	4739412	+	0	0	0		13	103	158	0.6518987341772152	67	39	686	0.056851311953352766
CUFF_NC.487	1	4740200	4740572	+	0	0	0		25	0	88	0.0	87	0	199	0.0
CUFF_NC.489	1	4761023	4761700	-	0	0	0		55	0	186	0.0	154	2	516	0.003875968992248062
CUFF_NC.492	1	4793718	4794217	-	0	0	0		31	0	166	0.0	157	1	780	0.001282051282051282
CUFF_NC.493	1	4795557	4796460	-	0	0	0		51	1	252	0.003968253968253968	212	3	865	0.003468208092485549
CUFF_NC.490	1	4799484	4799863	-	0	0	0		14	0	114	0.0	109	3	742	0.004043126684636119
CUFF_NC.491	1	4809987	4811166	-	0	0	0		45	0	186	0.0	173	2	601	0.0033277870216306157
CUFF_NC.495	1	4827956	4828964	-	0	0	0		57	0	363	0.0	236	4	1291	0.003098373353989156
CUFF_NC.494	1	4830593	4832117	-	0	0	0		89	469	700	0.67	454	541	3330	0.16246246246246246
CUFF_NC.497	1	4842477	4843020	-	0	0	0		33	0	129	0.0	131	0	520	0.0
CUFF_NC.500	1	4850433	4853225	-	0	0	0		135	5	867	0.0057670126874279125	652	9	3744	0.002403846153846154
CUFF_NC.501	1	4851195	4853794	-	0	0	0		115	3	766	0.0039164490861618795	611	5	3579	0.0013970382788488405
CUFF_NC.499	1	4854521	4855101	+	0	0	0		21	0	146	0.0	134	4	773	0.00517464424320828
CUFF_NC.498	1	4877439	4879858	-	0	0	0		142	3	978	0.003067484662576687	590	7	3852	0.0018172377985462098
CUFF_NC.503	1	4891420	4892138	+	0	0	0		35	1	301	0.0033222591362126247	163	1	1355	0.0007380073800738007
CUFF_NC.504	1	4898996	4899860	-	0	0	0		47	0	182	0.0	186	4	661	0.006051437216338881
CUFF_NC.502	1	4902918	4903476	+	0	0	0		15	0	58	0.0	140	0	364	0.0
CUFF_NC.505	1	4939028	4940166	+	0	0	0		36	0	179	0.0	266	5	1033	0.00484027105517909
CUFF_NC.508	1	4951162	4951982	+	0	0	0		26	1	312	0.003205128205128205	116	2	1034	0.0019342359767891683
CUFF_NC.509	1	4955855	4956259	-	0	0	0		16	2	67	0.029850746268656716	124	0	515	0.0
CUFF_NC.506	1	4958448	4959499	+	0	0	0		58	1	300	0.0033333333333333335	210	1	992	0.0010080645161290322
CUFF_NC.507	1	4966809	4967493	-	0	0	0		23	58	154	0.37662337662337664	181	294	1269	0.23167848699763594
CUFF_NC.510	1	4971105	4972097	+	0	0	0		61	0	501	0.0	251	6	1584	0.003787878787878788
CUFF_NC.511	1	4991426	4992853	-	0	0	0		88	61	223	0.273542600896861	350	37	793	0.04665825977301387
CUFF_NC.538	1	5023890	5028602	-	0	0	0		318	6	2289	0.002621231979030144	1006	17	5904	0.0028794037940379404
CUFF_NC.539	1	5024657	5030606	-	0	0	0		431	5	2936	0.0017029972752043597	1398	21	7723	0.0027191505891492945
CUFF_NC.540	1	5025146	5029836	-	0	0	0		331	5	2243	0.002229157378510923	1090	18	6271	0.00287035560516664
CUFF_NC.541	1	5025380	5030121	-	0	0	0		344	5	2262	0.0022104332449160036	1140	18	6379	0.0028217588963787427
CUFF_NC.542	1	5030921	5031687	-	0	0	0		28	2	278	0.007194244604316547	190	1	1246	0.0008025682182985554
CUFF_NC.513	1	5037790	5040393	-	0	0	0		147	0	1194	0.0	544	7	3729	0.0018771788683293108
CUFF_NC.514	1	5043099	5045583	-	0	0	0		105	0	484	0.0	514	20	2031	0.009847365829640572
CUFF_NC.515	1	5046323	5046869	+	0	0	0		37	1	151	0.006622516556291391	119	1	508	0.001968503937007874
CUFF_NC.512	1	5047692	5048689	-	0	0	0		37	0	200	0.0	178	3	678	0.004424778761061947
CUFF_NC.516	1	5076369	5076989	+	0	0	0		45	0	243	0.0	131	3	521	0.005758157389635317
CUFF_NC.517	1	5084502	5085241	+	0	0	0		27	0	179	0.0	203	4	1154	0.0034662045060658577
CUFF_NC.518	1	5098505	5099125	-	0	0	0		26	2	121	0.01652892561983471	141	1	447	0.0022371364653243847
CUFF_NC.519	1	5099231	5100614	-	0	0	0		46	30	250	0.12	325	45	1246	0.036115569823434994
CUFF_NC.521	1	5104882	5106047	+	0	0	0		64	0	301	0.0	298	2	1312	0.001524390243902439
CUFF_NC.520	1	5114876	5115551	+	0	0	0		24	0	206	0.0	170	6	1147	0.0052310374891020054
CUFF_NC.526	1	5128774	5133204	+	0	0	0		87	1	479	0.0020876826722338203	627	8	2602	0.0030745580322828594
CUFF_NC.527	1	5129368	5133812	+	0	0	0		70	1	358	0.002793296089385475	595	7	2229	0.0031404217137729925
CUFF_NC.522	1	5134646	5135343	+	0	0	0		22	0	42	0.0	132	0	272	0.0
CUFF_NC.523	1	5136860	5137964	-	0	0	0		49	0	181	0.0	147	1	452	0.0022123893805309734
CUFF_NC.524	1	5146517	5147031	-	0	0	0		22	0	87	0.0	116	3	422	0.0071090047393364926
CUFF_NC.525	1	5148981	5151333	-	0	0	0		143	2	548	0.0036496350364963502	480	4	1725	0.002318840579710145
CUFF_NC.530	1	5161741	5162446	+	0	0	0		41	1	267	0.003745318352059925	211	3	1182	0.0025380710659898475
CUFF_NC.529	1	5175828	5176501	+	0	0	0		39	1	126	0.007936507936507936	146	1	428	0.002336448598130841
CUFF_NC.531	1	5193303	5194375	+	0	0	0		48	1	199	0.005025125628140704	246	1	763	0.001310615989515072
CUFF_NC.535	1	5198996	5199357	-	0	0	0		12	0	119	0.0	40	0	430	0.0
CUFF_NC.544	1	5213099	5213783	-	0	0	0		59	0	355	0.0	186	6	908	0.006607929515418502
CUFF_NC.545	1	5213936	5214395	-	0	0	0		34	0	133	0.0	129	1	474	0.002109704641350211
CUFF_NC.546	1	5220410	5224143	-	0	0	0		242	0	1251	0.0	880	12	3893	0.0030824556896994607
CUFF_NC.532	1	5226927	5228063	-	0	0	0		42	1	386	0.0025906735751295338	163	3	1038	0.002890173410404624
CUFF_NC.534	1	5228328	5229063	+	0	0	0		37	2	510	0.00392156862745098	153	5	1345	0.0037174721189591076
CUFF_NC.551	1	5242529	5243219	+	0	0	0		55	2	431	0.004640371229698376	124	1	547	0.0018281535648994515
CUFF_NC.533	1	5249713	5250355	-	0	0	0		43	0	143	0.0	185	3	613	0.004893964110929853
CUFF_NC.550	1	5264564	5264971	+	0	0	0		14	0	117	0.0	79	1	501	0.001996007984031936
CUFF_NC.536	1	5265875	5266988	+	0	0	0		99	0	651	0.0	255	7	1726	0.004055619930475087
CUFF_NC.537	1	5267549	5268532	+	0	0	0		59	2	258	0.007751937984496124	246	3	1056	0.002840909090909091
CUFF_NC.543	1	5280409	5280759	+	0	0	0		22	0	128	0.0	102	1	456	0.0021929824561403508
CUFF_NC.547	1	5290588	5291406	-	0	0	0		31	0	166	0.0	146	4	801	0.004993757802746567
CUFF_NC.548	1	5294379	5295682	-	0	0	0		67	0	422	0.0	303	6	1629	0.003683241252302026
CUFF_NC.549	1	5296386	5296935	+	0	0	0		36	0	213	0.0	102	1	489	0.002044989775051125
CUFF_NC.553	1	5302368	5303212	+	0	0	0		65	0	478	0.0	190	5	1287	0.003885003885003885
CUFF_NC.552	1	5345386	5346452	+	0	0	0		39	1	234	0.004273504273504274	266	5	1351	0.003700962250185048
CUFF_NC.555	1	5351822	5354496	+	0	0	0		112	287	1029	0.2789115646258503	659	383	5865	0.06530264279624894
CUFF_NC.554	1	5355726	5356865	-	0	0	0		55	299	620	0.482258064516129	231	289	1941	0.14889232354456466
CUFF_NC.556	1	5389928	5391119	-	0	0	0		88	1	502	0.00199203187250996	212	7	1154	0.006065857885615251
CUFF_NC.557	1	5442672	5443973	+	0	0	0		87	2	528	0.003787878787878788	314	8	1475	0.005423728813559322
CUFF_NC.566	1	5446999	5447781	+	0	0	0		76	0	240	0.0	212	3	794	0.003778337531486146
CUFF_NC.567	1	5448820	5450161	-	0	0	0		93	0	506	0.0	210	4	806	0.004962779156327543
CUFF_NC.559	1	5465353	5466139	-	0	0	0		42	1	557	0.0017953321364452424	163	8	2227	0.003592276605298608
CUFF_NC.560	1	5468502	5469065	-	0	0	0		33	0	302	0.0	100	1	714	0.0014005602240896359
CUFF_NC.558	1	5469426	5470836	-	0	0	0		86	4	573	0.006980802792321117	304	4	1870	0.0021390374331550803
CUFF_NC.564	1	5508377	5509079	-	0	0	0		31	0	259	0.0	155	2	788	0.0025380710659898475
CUFF_NC.561	1	5516134	5517688	-	0	0	0		106	5	798	0.006265664160401002	354	5	2348	0.002129471890971039
CUFF_NC.565	1	5520892	5521978	-	0	0	0		45	1	500	0.002	260	8	2264	0.0035335689045936395
CUFF_NC.562	1	5528244	5528758	-	0	0	0		51	2	334	0.005988023952095809	137	4	835	0.004790419161676647
CUFF_NC.563	1	5538130	5538546	-	0	0	0		20	0	167	0.0	84	1	535	0.001869158878504673
CUFF_NC.568	1	5576484	5577468	-	0	0	0		64	0	370	0.0	265	3	1509	0.0019880715705765406
CUFF_NC.570	1	5585091	5585985	+	0	0	0		48	1	271	0.0036900369003690036	227	0	1237	0.0
CUFF_NC.569	1	5593349	5594119	+	0	0	0		36	3	174	0.017241379310344827	194	7	781	0.008962868117797696
CUFF_NC.573	1	5605312	5609065	-	0	0	0		127	0	772	0.0	744	15	3448	0.004350348027842227
CUFF_NC.574	1	5605473	5609826	-	0	0	0		162	0	942	0.0	889	16	4139	0.003865668035757429
CUFF_NC.575	1	5606732	5611443	-	0	0	0		148	0	812	0.0	910	12	3927	0.0030557677616501145
CUFF_NC.571	1	5616057	5617616	-	0	0	0		97	0	402	0.0	371	5	1436	0.003481894150417827
CUFF_NC.576	1	5629182	5631131	+	0	0	0		99	0	576	0.0	527	7	2712	0.0025811209439528023
CUFF_NC.572	1	5644600	5646101	+	0	0	0		53	0	210	0.0	253	4	1028	0.0038910505836575876
CUFF_NC.577	1	5651498	5651930	+	0	0	0		18	0	79	0.0	69	2	275	0.007272727272727273
CUFF_NC.579	1	5692118	5693863	-	0	0	0		177	1675	1952	0.858094262295082	519	1991	5696	0.3495435393258427
CUFF_NC.589	1	5708554	5709424	-	0	0	0		56	1	187	0.0053475935828877	216	1	815	0.001226993865030675
CUFF_NC.590	1	5713449	5713853	-	0	0	0		29	0	214	0.0	85	1	411	0.0024330900243309003
CUFF_NC.580	1	5730914	5731512	+	0	0	0		46	0	333	0.0	148	2	961	0.002081165452653486
CUFF_NC.587	1	5737907	5739008	-	0	0	0		64	1	376	0.0026595744680851063	239	3	1193	0.002514668901927913
CUFF_NC.583	1	5755671	5756250	-	0	0	0		11	1	108	0.009259259259259259	92	0	733	0.0
CUFF_NC.581	1	5765028	5765584	+	0	0	0		40	1	229	0.004366812227074236	118	2	562	0.0035587188612099642
CUFF_NC.582	1	5767368	5767808	-	0	0	0		26	0	142	0.0	108	3	486	0.006172839506172839
CUFF_NC.584	1	5810663	5816687	-	0	0	0		222	1	1185	0.0008438818565400844	1447	18	6812	0.0026423957721667646
CUFF_NC.585	1	5820840	5821823	-	0	0	0		49	2	272	0.007352941176470588	240	5	1140	0.0043859649122807015
CUFF_NC.586	1	5823000	5824474	-	0	0	0		106	2	491	0.004073319755600814	325	5	1574	0.0031766200762388818
CUFF_NC.593	1	5859504	5864119	+	0	0	0		184	7	1230	0.005691056910569106	878	34	5219	0.006514657980456026
CUFF_NC.594	1	5860173	5861170	+	0	0	0		70	0	435	0.0	234	6	1377	0.004357298474945534
CUFF_NC.595	1	5861583	5862237	+	0	0	0		26	0	134	0.0	189	1	1106	0.0009041591320072332
CUFF_NC.588	1	5869649	5870645	-	0	0	0		32	1	185	0.005405405405405406	155	3	647	0.00463678516228748
CUFF_NC.591	1	5872566	5873062	-	0	0	0		27	0	130	0.0	114	2	470	0.00425531914893617
CUFF_NC.592	1	5875139	5876521	-	0	0	0		65	1	359	0.002785515320334262	260	4	1057	0.003784295175023652
CUFF_NC.596	1	5885363	5886884	-	0	0	0		88	2	784	0.002551020408163265	330	9	2381	0.0037799244015119695
CUFF_NC.597	1	5890606	5895946	-	0	0	0		388	5	2076	0.0024084778420038534	1379	19	6056	0.0031373844121532365
CUFF_NC.598	1	5928298	5928756	+	0	0	0		16	0	111	0.0	121	1	591	0.001692047377326565
CUFF_NC.599	1	5933665	5934270	-	0	0	0		49	0	308	0.0	92	1	421	0.0023752969121140144
CUFF_NC.603	1	5956811	5957296	+	0	0	0		24	0	77	0.0	99	1	332	0.0030120481927710845
CUFF_NC.600	1	5980129	5981704	-	0	0	0		106	1	514	0.0019455252918287938	364	4	1519	0.0026333113890717576
CUFF_NC.601	1	5982121	5982877	-	0	0	0		51	1	451	0.0022172949002217295	158	0	716	0.0
CUFF_NC.602	1	5987255	5987750	+	0	0	0		32	0	376	0.0	71	2	365	0.005479452054794521
CUFF_NC.606	1	5997924	5999260	-	0	0	0		79	1	600	0.0016666666666666668	296	3	1897	0.0015814443858724301
CUFF_NC.604	1	6029735	6030534	+	0	0	0		85	2	367	0.005449591280653951	201	1	833	0.0012004801920768306
CUFF_NC.607	1	6048803	6049354	-	0	0	0		23	0	145	0.0	134	7	716	0.009776536312849162
CUFF_NC.605	1	6061883	6063228	-	0	0	0		60	3	467	0.006423982869379015	213	3	1079	0.0027803521779425394
CUFF_NC.609	1	6097843	6098273	+	0	0	0		13	0	42	0.0	81	1	285	0.0035087719298245615
CUFF_NC.608	1	6104253	6105167	-	0	0	0		61	1	384	0.0026041666666666665	212	0	861	0.0
CUFF_NC.610	1	6140563	6141577	+	0	0	0		0	0	0		6	0	8	0.0
CUFF_NC.614	1	6144437	6144880	-	0	0	0		33	1	212	0.0047169811320754715	110	2	602	0.0033222591362126247
CUFF_NC.612	1	6160283	6161509	-	0	0	0		71	1	431	0.002320185614849188	219	6	1076	0.0055762081784386614
CUFF_NC.613	1	6177105	6178338	-	0	0	0		43	1	134	0.007462686567164179	296	3	772	0.0038860103626943004
CUFF_NC.617	1	6184735	6185825	-	0	0	0		44	3	372	0.008064516129032258	207	1	1007	0.0009930486593843098
CUFF_NC.629	1	6204225	6204871	-	0	0	0		37	0	250	0.0	132	1	606	0.0016501650165016502
CUFF_NC.627	1	6210888	6212826	+	0	0	0		100	152	603	0.25207296849087896	431	139	2365	0.0587737843551797
CUFF_NC.623	1	6244623	6245252	+	0	0	0		54	2	423	0.004728132387706856	169	2	877	0.002280501710376283
CUFF_NC.624	1	6245586	6246156	+	0	0	0		46	0	214	0.0	136	3	619	0.004846526655896607
CUFF_NC.625	1	6247847	6248320	+	0	0	0		27	0	190	0.0	104	3	716	0.004189944134078212
CUFF_NC.634	1	6254240	6254622	-	0	0	0		34	0	270	0.0	62	0	449	0.0
CUFF_NC.633	1	6258116	6258795	+	0	0	0		48	1	208	0.004807692307692308	182	1	761	0.001314060446780552
CUFF_NC.622	1	6262491	6263371	-	0	0	0		8	0	14	0.0	42	0	69	0.0
CUFF_NC.626	1	6268094	6268794	+	0	0	0		69	0	229	0.0	163	2	532	0.0037593984962406013
CUFF_NC.637	1	6279181	6279522	+	0	0	0		19	0	68	0.0	71	1	234	0.004273504273504274
CUFF_NC.638	1	6280906	6282963	+	0	0	0		120	1	871	0.001148105625717566	387	8	2140	0.003738317757009346
CUFF_NC.639	1	6283364	6283817	+	0	0	0		30	1	117	0.008547008547008548	98	2	339	0.0058997050147492625
CUFF_NC.630	1	6297320	6297957	-	0	0	0		26	0	242	0.0	104	3	741	0.004048582995951417
CUFF_NC.632	1	6302003	6302404	+	0	0	0		19	0	103	0.0	79	1	472	0.00211864406779661
CUFF_NC.631	1	6303568	6303967	+	0	0	0		20	2	394	0.005076142131979695	33	0	349	0.0
CUFF_NC.636	1	6325526	6326848	-	0	0	0		87	1	407	0.002457002457002457	269	2	1070	0.001869158878504673
CUFF_NC.635	1	6331526	6331934	-	0	0	0		16	0	217	0.0	66	5	529	0.00945179584120983
CUFF_NC.642	1	6337963	6338441	+	0	0	0		33	0	355	0.0	135	0	1069	0.0
CUFF_NC.646	1	6353565	6353928	-	0	0	0		28	0	158	0.0	124	1	635	0.0015748031496062992
CUFF_NC.645	1	6359787	6360194	+	0	0	0		18	1	137	0.0072992700729927005	90	2	476	0.004201680672268907
CUFF_NC.640	1	6361632	6362593	-	0	0	0		55	0	416	0.0	186	2	941	0.0021253985122210413
CUFF_NC.641	1	6366214	6366648	-	0	0	0		21	0	118	0.0	133	2	568	0.0035211267605633804
CUFF_NC.647	1	6381707	6383280	+	0	0	0		102	1	778	0.0012853470437017994	418	12	2169	0.005532503457814661
CUFF_NC.644	1	6400622	6400958	-	0	0	0		21	1	147	0.006802721088435374	90	0	428	0.0
CUFF_NC.643	1	6402951	6403657	+	0	0	0		12	97	171	0.5672514619883041	131	468	1444	0.32409972299168976
CUFF_NC.661	1	6409606	6410168	-	0	0	0		18	0	187	0.0	113	3	922	0.0032537960954446853
CUFF_NC.657	1	6425066	6426603	-	0	0	0		69	45	484	0.09297520661157024	373	561	3182	0.17630421118793213
CUFF_NC.649	1	6427039	6427641	+	0	0	0		26	0	201	0.0	163	3	1141	0.0026292725679228747
CUFF_NC.650	1	6428035	6428601	+	0	0	0		28	1	247	0.004048582995951417	135	4	1145	0.0034934497816593887
CUFF_NC.659	1	6432826	6433447	+	0	0	0		33	1	145	0.006896551724137931	139	3	639	0.004694835680751174
CUFF_NC.658	1	6435370	6435775	-	0	0	0		39	0	195	0.0	120	1	599	0.001669449081803005
CUFF_NC.652	1	6442384	6443008	-	0	0	0		43	0	270	0.0	129	1	542	0.0018450184501845018
CUFF_NC.648	1	6456198	6457276	+	0	0	0		29	2	130	0.015384615384615385	188	3	707	0.004243281471004243
CUFF_NC.651	1	6457905	6460385	+	0	0	0		90	0	516	0.0	448	7	2492	0.0028089887640449437
CUFF_NC.654	1	6466502	6467006	-	0	0	0		20	0	245	0.0	81	4	630	0.006349206349206349
CUFF_NC.656	1	6471333	6471850	+	0	0	0		24	0	258	0.0	106	1	673	0.0014858841010401188
CUFF_NC.655	1	6472035	6472490	-	0	0	0		16	1	96	0.010416666666666666	111	0	614	0.0
CUFF_NC.662	1	6475104	6475507	-	0	0	0		43	0	156	0.0	105	2	407	0.004914004914004914
CUFF_NC.663	1	6476936	6477288	+	0	0	0		22	0	116	0.0	66	1	295	0.003389830508474576
CUFF_NC.660	1	6485640	6486715	+	0	0	0		56	1	260	0.0038461538461538464	239	1	875	0.001142857142857143
CUFF_NC.664	1	6499383	6500301	-	0	0	0		47	0	168	0.0	196	2	530	0.0037735849056603774
CUFF_NC.668	1	6501223	6502180	+	0	0	0		64	1	405	0.0024691358024691358	212	7	1275	0.005490196078431373
CUFF_NC.665	1	6508044	6508558	+	0	0	0		15	0	59	0.0	117	3	486	0.006172839506172839
CUFF_NC.667	1	6525323	6525994	+	0	0	0		40	0	302	0.0	149	0	860	0.0
CUFF_NC.666	1	6542685	6543530	-	0	0	0		19	234	307	0.762214983713355	102	364	1024	0.35546875
CUFF_NC.669	1	6550581	6551845	-	0	0	0		99	7	1034	0.006769825918762089	300	8	2607	0.0030686612965093976
CUFF_NC.670	1	6590076	6590868	-	0	0	0		50	464	616	0.7532467532467533	227	698	2357	0.29613915994908785
CUFF_NC.671	1	6622295	6623244	-	0	0	0		45	0	186	0.0	244	0	868	0.0
CUFF_NC.672	1	6623723	6624869	-	0	0	0		50	0	302	0.0	190	1	802	0.0012468827930174563
CUFF_NC.673	1	6625259	6626086	+	0	0	0		46	0	263	0.0	191	2	927	0.002157497303128371
CUFF_NC.674	1	6631758	6632548	+	0	0	0		57	2	252	0.007936507936507936	184	1	821	0.001218026796589525
CUFF_NC.682	1	6668647	6669058	-	0	0	0		15	1	127	0.007874015748031496	78	0	418	0.0
CUFF_NC.681	1	6671042	6672918	+	0	0	0		71	0	437	0.0	296	7	1448	0.004834254143646409
CUFF_NC.678	1	6689419	6689856	-	0	0	0		21	0	197	0.0	83	2	558	0.0035842293906810036
CUFF_NC.677	1	6692011	6692416	+	0	0	0		19	0	83	0.0	107	0	386	0.0
CUFF_NC.676	1	6697838	6698582	-	0	0	0		52	0	240	0.0	137	3	610	0.004918032786885246
CUFF_NC.675	1	6704241	6704877	-	0	0	0		4	7	10	0.7	40	18	77	0.23376623376623376
CUFF_NC.693	1	6709771	6711353	-	0	0	0		43	0	184	0.0	244	2	996	0.002008032128514056
CUFF_NC.690	1	6712848	6713716	+	0	0	0		58	3	259	0.011583011583011582	201	9	737	0.012211668928086838
CUFF_NC.688	1	6724547	6725926	+	0	0	0		76	4	478	0.008368200836820083	381	5	1807	0.002767017155506364
CUFF_NC.689	1	6726731	6727457	+	0	0	0		43	1	592	0.0016891891891891893	157	6	1415	0.004240282685512367
CUFF_NC.680	1	6728858	6729702	-	0	0	0		56	0	456	0.0	182	1	1147	0.0008718395815170009
CUFF_NC.685	1	6738536	6741989	-	0	0	0		180	1	1072	0.0009328358208955224	668	9	3290	0.002735562310030395
CUFF_NC.686	1	6739208	6742527	-	0	0	0		152	2	859	0.002328288707799767	618	11	3073	0.0035795639440286365
CUFF_NC.683	1	6744499	6745100	-	0	0	0		41	0	137	0.0	112	2	376	0.005319148936170213
CUFF_NC.684	1	6755257	6755765	+	0	0	0		22	0	75	0.0	91	0	279	0.0
CUFF_NC.695	1	6787612	6788185	+	0	0	0		34	1	170	0.0058823529411764705	93	1	432	0.0023148148148148147
CUFF_NC.691	1	6788831	6789780	+	0	0	0		23	0	117	0.0	243	17	1207	0.014084507042253521
CUFF_NC.692	1	6790759	6791610	+	0	0	0		32	0	67	0.0	111	0	246	0.0
CUFF_NC.694	1	6803672	6805064	+	0	0	0		82	1	290	0.0034482758620689655	268	1	1098	0.0009107468123861566
CUFF_NC.700	1	6808276	6808543	+	0	0	0		27	0	97	0.0	69	1	238	0.004201680672268907
CUFF_NC.696	1	6824470	6825388	-	0	0	0		70	3	508	0.005905511811023622	131	2	744	0.002688172043010753
CUFF_NC.697	1	6838611	6839520	+	0	0	0		43	0	285	0.0	208	4	1188	0.003367003367003367
CUFF_NC.698	1	6851671	6852825	-	0	0	0		34	0	143	0.0	216	1	836	0.0011961722488038277
CUFF_NC.699	1	6858255	6859042	+	0	0	0		40	1	366	0.00273224043715847	175	7	1201	0.005828476269775187
CUFF_NC.705	1	6890225	6891097	-	0	0	0		75	0	358	0.0	254	1	1011	0.0009891196834817012
CUFF_NC.702	1	6895520	6896943	+	0	0	0		119	0	949	0.0	392	17	2631	0.006461421512732801
CUFF_NC.701	1	6900451	6901162	+	0	0	0		53	0	377	0.0	197	3	975	0.003076923076923077
CUFF_NC.703	1	6927845	6928538	-	0	0	0		23	0	47	0.0	141	2	447	0.0044742729306487695
CUFF_NC.704	1	6941663	6942315	+	0	0	0		28	0	106	0.0	172	1	562	0.0017793594306049821
CUFF_NC.706	1	6968402	6968805	-	0	0	0		23	0	213	0.0	100	3	659	0.004552352048558422
CUFF_NC.708	1	6992655	6993399	+	0	0	0		53	0	206	0.0	207	4	902	0.004434589800443459
CUFF_NC.707	1	6995770	6996246	-	0	0	0		5	0	23	0.0	99	0	484	0.0
CUFF_NC.711	1	7019723	7020378	-	0	0	0		38	0	174	0.0	185	3	808	0.0037128712871287127
CUFF_NC.710	1	7038879	7043373	+	0	0	0		216	3	1303	0.0023023791250959325	1020	33	5237	0.006301317548214626
CUFF_NC.709	1	7048958	7049612	-	0	0	0		27	2	139	0.014388489208633094	162	2	675	0.002962962962962963
CUFF_NC.713	1	7076397	7076752	+	0	0	0		1	0	3	0.0	23	0	30	0.0
CUFF_NC.714	1	7083343	7083813	+	0	0	0		41	1	205	0.004878048780487805	104	0	528	0.0
CUFF_NC.719	1	7084527	7090282	+	0	0	0		213	6	1720	0.0034883720930232558	1146	23	7057	0.0032591752869491285
CUFF_NC.715	1	7093112	7093593	-	0	0	0		24	0	178	0.0	93	1	531	0.0018832391713747645
CUFF_NC.716	1	7095589	7096808	+	0	0	0		59	1	173	0.005780346820809248	223	2	634	0.0031545741324921135
CUFF_NC.720	1	7102174	7102851	+	0	0	0		55	0	170	0.0	140	2	464	0.004310344827586207
CUFF_NC.717	1	7104819	7105919	+	0	0	0		67	0	250	0.0	272	2	854	0.00234192037470726
CUFF_NC.718	1	7106127	7108108	+	0	0	0		123	3	604	0.004966887417218543	433	7	1793	0.0039040713887339654
CUFF_NC.722	1	7143585	7148060	-	0	0	0		246	2	916	0.002183406113537118	951	12	3419	0.0035097981866042704
CUFF_NC.721	1	7150358	7151354	+	0	0	0		25	0	207	0.0	229	5	1423	0.0035137034434293743
CUFF_NC.723	1	7164303	7166129	+	0	0	0		137	3	652	0.004601226993865031	385	4	1822	0.0021953896816684962
CUFF_NC.724	1	7167238	7168166	+	0	0	0		47	0	223	0.0	212	7	1057	0.006622516556291391
CUFF_NC.726	1	7218775	7220627	-	0	0	0		130	1	719	0.0013908205841446453	484	9	2182	0.004124656278643446
CUFF_NC.727	1	7221032	7222455	+	0	0	0		94	0	475	0.0	373	3	1511	0.001985440105890139
CUFF_NC.728	1	7230957	7231850	+	0	0	0		24	1	204	0.004901960784313725	215	7	1547	0.004524886877828055
CUFF_NC.729	1	7238949	7239378	-	0	0	0		44	1	156	0.00641025641025641	80	0	242	0.0
CUFF_NC.731	1	7253321	7253711	-	0	0	0		26	0	136	0.0	99	4	448	0.008928571428571428
CUFF_NC.730	1	7255178	7255700	+	0	0	0		20	38	83	0.4578313253012048	71	58	320	0.18125
CUFF_NC.738	1	7262309	7262780	+	0	0	0		27	1	120	0.008333333333333333	131	0	550	0.0
CUFF_NC.739	1	7265119	7265750	+	0	0	0		24	0	151	0.0	95	2	620	0.0032258064516129032
CUFF_NC.734	1	7285214	7287146	-	0	0	0		83	4	1197	0.003341687552213868	247	9	2430	0.003703703703703704
CUFF_NC.735	1	7288924	7289697	-	0	0	0		34	1	220	0.004545454545454545	189	2	841	0.0023781212841854932
CUFF_NC.736	1	7293945	7294320	+	0	0	0		22	0	155	0.0	70	4	463	0.008639308855291577
CUFF_NC.737	1	7302577	7303189	+	0	0	0		53	1	229	0.004366812227074236	213	2	784	0.002551020408163265
CUFF_NC.732	1	7330460	7331062	+	0	0	0		39	0	118	0.0	115	3	314	0.009554140127388535
CUFF_NC.733	1	7337744	7338756	-	0	0	0		48	0	179	0.0	181	0	724	0.0
CUFF_NC.740	1	7341873	7342425	+	0	0	0		22	1	141	0.0070921985815602835	127	2	791	0.0025284450063211127
CUFF_NC.741	1	7366514	7368134	-	0	0	0		51	2	265	0.007547169811320755	310	5	1053	0.004748338081671415
CUFF_NC.742	1	7385460	7386423	-	0	0	0		51	0	372	0.0	197	4	1016	0.003937007874015748
CUFF_NC.746	1	7386964	7400621	+	0	0	0		379	18	1609	0.011187072715972654	2214	212	8867	0.02390887560618022
CUFF_NC.747	1	7388175	7391509	+	0	0	0		119	1	526	0.0019011406844106464	747	11	2892	0.0038035961272475795
CUFF_NC.743	1	7404113	7405553	-	0	0	0		47	1	209	0.004784688995215311	342	5	1292	0.003869969040247678
CUFF_NC.754	1	7408912	7411838	+	0	0	0		126	4	1013	0.003948667324777887	477	13	2987	0.004352192835621024
CUFF_NC.756	1	7443160	7444514	+	0	0	0		43	1	365	0.0027397260273972603	286	0	1985	0.0
CUFF_NC.755	1	7444565	7445644	-	0	0	0		76	2	421	0.004750593824228029	258	6	1360	0.004411764705882353
CUFF_NC.748	1	7468052	7468461	+	0	0	0		21	0	106	0.0	108	0	520	0.0
CUFF_NC.744	1	7471788	7472379	-	0	0	0		21	0	97	0.0	117	1	746	0.0013404825737265416
CUFF_NC.745	1	7475212	7475692	-	0	0	0		26	94	253	0.3715415019762846	125	129	1073	0.12022367194780988
CUFF_NC.750	1	7476091	7476524	-	0	0	0		59	1	174	0.005747126436781609	104	0	361	0.0
CUFF_NC.749	1	7489781	7490837	+	0	0	0		51	0	502	0.0	220	5	1626	0.003075030750307503
CUFF_NC.751	1	7518221	7519090	+	0	0	0		47	1	292	0.003424657534246575	200	0	1150	0.0
CUFF_NC.752	1	7529488	7534911	+	0	0	0		219	3	1168	0.0025684931506849314	1110	13	5337	0.0024358253700580853
CUFF_NC.753	1	7531486	7532821	+	0	0	0		54	0	335	0.0	270	4	1556	0.002570694087403599
CUFF_NC.759	1	7545226	7549400	+	0	0	0		192	6	1221	0.004914004914004914	910	16	4666	0.0034290612944706386
CUFF_NC.765	1	7555306	7555954	-	0	0	0		27	0	324	0.0	124	4	1199	0.003336113427856547
CUFF_NC.760	1	7567550	7568035	+	0	0	0		25	0	96	0.0	117	1	526	0.0019011406844106464
CUFF_NC.763	1	7589291	7590698	-	0	0	0		105	1	778	0.0012853470437017994	307	2	2014	0.0009930486593843098
CUFF_NC.762	1	7603301	7604234	+	0	0	0		49	0	313	0.0	200	6	968	0.006198347107438017
CUFF_NC.761	1	7610146	7612553	-	0	0	0		162	2	580	0.0034482758620689655	459	6	1577	0.003804692454026633
CUFF_NC.764	1	7612864	7613594	-	0	0	0		44	0	204	0.0	132	2	499	0.004008016032064128
CUFF_NC.766	1	7648265	7648731	-	0	0	0		29	0	245	0.0	91	1	756	0.0013227513227513227
CUFF_NC.768	1	7656384	7657055	+	0	0	0		54	0	360	0.0	178	2	971	0.0020597322348094747
CUFF_NC.767	1	7661308	7662622	+	0	0	0		40	1	144	0.006944444444444444	286	0	835	0.0
CUFF_NC.769	1	7696651	7697347	-	0	0	0		24	1	113	0.008849557522123894	208	3	825	0.0036363636363636364
CUFF_NC.773	1	7704755	7711368	+	0	0	0		174	89	1317	0.06757782839787396	1260	167	7631	0.021884418817979295
CUFF_NC.774	1	7710309	7712324	+	0	0	0		47	117	319	0.3667711598746082	452	310	3380	0.09171597633136094
CUFF_NC.775	1	7714543	7715859	+	0	0	0		37	0	141	0.0	156	5	602	0.008305647840531562
CUFF_NC.777	1	7718011	7719391	-	0	0	0		3	3	3	1.0	22	5	22	0.22727272727272727
CUFF_NC.776	1	7719716	7722549	-	0	0	0		2	15	19	0.7894736842105263	71	120	358	0.33519553072625696
CUFF_NC.770	1	7727826	7728582	+	0	0	0		32	0	221	0.0	152	3	720	0.004166666666666667
CUFF_NC.771	1	7729191	7729839	+	0	0	0		9	0	26	0.0	74	3	245	0.012244897959183673
CUFF_NC.772	1	7744071	7745102	-	0	0	0		55	346	477	0.7253668763102725	275	415	2061	0.20135856380397865
CUFF_NC.779	1	7759168	7760944	+	0	0	0		79	0	632	0.0	348	10	1883	0.0053106744556558685
CUFF_NC.778	1	7765520	7766719	+	0	0	0		56	335	580	0.5775862068965517	324	576	2341	0.24604869713797523
CUFF_NC.784	1	7788257	7789334	-	0	0	0		31	1	138	0.007246376811594203	213	3	1024	0.0029296875
CUFF_NC.785	1	7790275	7790558	-	0	0	0		18	1	125	0.008	67	0	300	0.0
CUFF_NC.781	1	7801463	7802203	+	0	0	0		21	2	148	0.013513513513513514	121	4	770	0.005194805194805195
CUFF_NC.782	1	7803295	7803884	+	0	0	0		10	8	65	0.12307692307692308	96	2	604	0.0033112582781456954
CUFF_NC.780	1	7816159	7816768	+	0	0	0		8	0	43	0.0	153	75	666	0.11261261261261261
CUFF_NC.786	1	7829662	7830292	+	0	0	0		29	2	246	0.008130081300813009	141	7	981	0.007135575942915392
CUFF_NC.783	1	7835820	7837187	-	0	0	0		80	1	301	0.0033222591362126247	258	1	776	0.001288659793814433
CUFF_NC.787	1	7846557	7847645	-	0	0	0		60	1	365	0.0027397260273972603	188	4	1000	0.004
CUFF_NC.788	1	7849863	7851098	-	0	0	0		61	1	599	0.001669449081803005	242	4	1301	0.0030745580322828594
CUFF_NC.789	1	7882678	7883213	+	0	0	0		28	0	382	0.0	59	2	809	0.002472187886279357
CUFF_NC.797	1	7884755	7887735	-	0	0	0		103	2	581	0.0034423407917383822	573	9	2672	0.0033682634730538923
CUFF_NC.798	1	7888127	7888907	-	0	0	0		19	0	87	0.0	158	3	772	0.0038860103626943004
CUFF_NC.804	1	7893959	7906888	+	0	0	0		521	13	2486	0.005229283990345938	2764	39	12188	0.0031998687233344273
CUFF_NC.791	1	7908473	7909965	+	0	0	0		50	0	390	0.0	332	4	1814	0.002205071664829107
CUFF_NC.792	1	7908567	7909708	-	0	0	0		35	0	283	0.0	229	4	1178	0.003395585738539898
CUFF_NC.790	1	7917165	7918557	+	0	0	0		40	3	248	0.012096774193548387	304	13	1536	0.008463541666666666
CUFF_NC.799	1	7925994	7926945	-	0	0	0		85	1	417	0.002398081534772182	245	2	1128	0.0017730496453900709
CUFF_NC.793	1	7931628	7932056	-	0	0	0		12	0	54	0.0	72	2	335	0.005970149253731343
CUFF_NC.795	1	7932639	7933576	+	0	0	0		45	0	292	0.0	203	3	1189	0.002523128679562658
CUFF_NC.794	1	7934220	7934708	+	0	0	0		36	0	53	0.0	144	0	220	0.0
CUFF_NC.796	1	7956993	7958378	+	0	0	0		122	2	775	0.0025806451612903226	290	3	1688	0.0017772511848341231
CUFF_NC.802	1	7964205	7964617	-	0	0	0		21	1	84	0.011904761904761904	47	1	127	0.007874015748031496
CUFF_NC.801	1	7978149	7979763	+	0	0	0		66	2	310	0.0064516129032258064	360	1	1320	0.0007575757575757576
CUFF_NC.800	1	7988193	7989454	+	0	0	0		56	0	330	0.0	244	5	1140	0.0043859649122807015
CUFF_NC.805	1	8015322	8016439	+	0	0	0		41	0	299	0.0	194	2	1464	0.001366120218579235
CUFF_NC.806	1	8029480	8029952	+	0	0	0		21	0	239	0.0	102	5	579	0.008635578583765112
CUFF_NC.803	1	8031763	8032054	+	0	0	0		18	0	48	0.0	70	0	154	0.0
CUFF_NC.807	1	8046829	8048896	-	0	0	0		141	4	787	0.005082592121982211	526	6	2549	0.0023538642604943117
CUFF_NC.816	1	8052884	8053909	-	0	0	0		46	143	453	0.31567328918322296	257	310	2348	0.13202725724020442
CUFF_NC.808	1	8056533	8057180	-	0	0	0		30	0	192	0.0	160	0	551	0.0
CUFF_NC.809	1	8057490	8058549	-	0	0	0		68	2	265	0.007547169811320755	271	9	1220	0.007377049180327869
CUFF_NC.810	1	8061835	8062539	-	0	0	0		33	1	162	0.006172839506172839	122	3	538	0.0055762081784386614
CUFF_NC.811	1	8065127	8065892	-	0	0	0		73	2	356	0.0056179775280898875	212	2	930	0.002150537634408602
CUFF_NC.823	1	8089286	8089821	-	0	0	0		55	0	182	0.0	124	3	358	0.008379888268156424
CUFF_NC.812	1	8095397	8097669	-	0	0	0		158	0	627	0.0	496	6	1993	0.0030105368790767687
CUFF_NC.822	1	8103989	8104658	+	0	0	0		34	1	266	0.0037593984962406013	77	1	485	0.002061855670103093
CUFF_NC.814	1	8117992	8118469	-	0	0	0		17	0	180	0.0	88	3	636	0.0047169811320754715
CUFF_NC.815	1	8121203	8122072	-	0	0	0		33	1	321	0.003115264797507788	138	7	1108	0.00631768953068592
CUFF_NC.813	1	8135347	8136017	+	0	0	0		60	1	347	0.002881844380403458	155	4	677	0.005908419497784343
CUFF_NC.817	1	8143746	8144877	-	0	0	0		94	1	448	0.002232142857142857	334	8	1490	0.005369127516778523
CUFF_NC.826	1	8146801	8147722	-	0	0	0		25	0	80	0.0	219	3	829	0.0036188178528347406
CUFF_NC.820	1	8164708	8165716	-	0	0	0		50	1	231	0.004329004329004329	183	2	709	0.0028208744710860366
CUFF_NC.819	1	8168442	8169267	-	0	0	0		26	0	145	0.0	169	0	997	0.0
CUFF_NC.821	1	8171071	8172194	+	0	0	0		54	1	283	0.0035335689045936395	291	2	1441	0.0013879250520471894
CUFF_NC.824	1	8186759	8187171	+	0	0	0		20	0	51	0.0	56	1	149	0.006711409395973154
CUFF_NC.825	1	8188029	8189280	+	0	0	0		51	0	185	0.0	255	3	885	0.003389830508474576
CUFF_NC.827	1	8206941	8207640	-	0	0	0		26	0	187	0.0	136	2	730	0.0027397260273972603
CUFF_NC.828	1	8230049	8230910	-	0	0	0		46	1	233	0.004291845493562232	192	5	898	0.005567928730512249
CUFF_NC.829	1	8234108	8235031	+	0	0	0		42	2	287	0.006968641114982578	137	2	630	0.0031746031746031746
CUFF_NC.833	1	8245564	8245843	-	0	0	0		21	0	49	0.0	76	0	176	0.0
CUFF_NC.834	1	8249507	8252261	-	0	0	0		192	1	941	0.0010626992561105207	553	9	2622	0.003432494279176201
CUFF_NC.830	1	8252703	8257106	+	0	0	0		126	1	875	0.001142857142857143	845	19	3963	0.0047943477163764825
CUFF_NC.831	1	8293462	8294488	+	0	0	0		46	2	378	0.005291005291005291	228	4	1332	0.003003003003003003
CUFF_NC.836	1	8295105	8295410	+	0	0	0		15	0	43	0.0	45	1	150	0.006666666666666667
CUFF_NC.835	1	8309344	8310917	+	0	0	0		75	0	279	0.0	319	4	1217	0.003286770747740345
CUFF_NC.840	1	8311921	8313268	+	0	0	0		60	3	437	0.006864988558352402	329	8	1854	0.004314994606256742
CUFF_NC.841	1	8341828	8344700	+	0	0	0		108	2	737	0.0027137042062415195	530	10	2823	0.003542330853701736
CUFF_NC.837	1	8345561	8346569	-	0	0	0		47	2	250	0.008	284	2	1481	0.0013504388926401081
CUFF_NC.839	1	8355012	8355787	+	0	0	0		36	0	152	0.0	184	5	688	0.007267441860465116
CUFF_NC.838	1	8358318	8358752	+	0	0	0		15	0	113	0.0	93	2	580	0.0034482758620689655
CUFF_NC.844	1	8359486	8360238	+	0	0	0		25	2	229	0.008733624454148471	208	3	1157	0.0025929127052722557
CUFF_NC.842	1	8362823	8363795	+	0	0	0		16	0	45	0.0	110	2	387	0.00516795865633075
CUFF_NC.843	1	8373231	8373731	+	0	0	0		26	0	125	0.0	120	4	519	0.007707129094412331
CUFF_NC.845	1	8378914	8380913	+	0	0	0		147	1	1021	0.0009794319294809011	493	8	2858	0.0027991602519244225
CUFF_NC.849	1	8396827	8397245	-	0	0	0		12	1	75	0.013333333333333334	99	2	485	0.004123711340206186
CUFF_NC.848	1	8405318	8407273	+	0	0	0		98	0	485	0.0	480	5	2124	0.0023540489642184556
CUFF_NC.850	1	8419216	8420142	-	0	0	0		42	0	327	0.0	189	4	1061	0.003770028275212064
CUFF_NC.852	1	8441108	8441568	-	0	0	0		10	0	49	0.0	43	0	68	0.0
CUFF_NC.851	1	8453650	8454525	-	0	0	0		14	75	104	0.7211538461538461	68	209	534	0.3913857677902622
CUFF_NC.858	1	8506995	8507470	-	0	0	0		32	0	108	0.0	109	2	358	0.00558659217877095
CUFF_NC.853	1	8515505	8515971	+	0	0	0		3	0	3	0.0	11	0	11	0.0
CUFF_NC.855	1	8525469	8526270	+	0	0	0		29	1	313	0.003194888178913738	130	1	831	0.0012033694344163659
CUFF_NC.857	1	8529290	8529692	+	0	0	0		26	1	254	0.003937007874015748	79	5	622	0.008038585209003215
CUFF_NC.854	1	8534505	8535552	+	0	0	0		64	1	334	0.0029940119760479044	230	0	1031	0.0
CUFF_NC.856	1	8536179	8537963	+	0	0	0		85	1	383	0.0026109660574412533	303	3	1240	0.0024193548387096775
CUFF_NC.860	1	8540979	8541830	-	0	0	0		10	0	52	0.0	80	1	368	0.002717391304347826
CUFF_NC.859	1	8542521	8543291	-	0	0	0		27	0	109	0.0	127	3	475	0.00631578947368421
CUFF_NC.861	1	8549366	8550489	-	0	0	0		65	0	473	0.0	251	5	1452	0.003443526170798898
CUFF_NC.865	1	8554853	8555573	+	0	0	0		22	2	579	0.0034542314335060447	71	5	1488	0.003360215053763441
CUFF_NC.862	1	8557220	8558209	+	0	0	0		61	1	293	0.0034129692832764505	280	4	1165	0.0034334763948497852
CUFF_NC.868	1	8562518	8563982	+	0	0	0		61	6	242	0.024793388429752067	339	20	1187	0.016849199663016005
CUFF_NC.864	1	8580947	8581463	+	0	0	0		29	0	102	0.0	121	0	452	0.0
CUFF_NC.866	1	8587554	8588070	-	0	0	0		15	1	36	0.027777777777777776	129	0	342	0.0
CUFF_NC.863	1	8607958	8608797	+	0	0	0		32	0	181	0.0	185	5	961	0.005202913631633715
CUFF_NC.867	1	8613168	8614053	+	0	0	0		46	0	211	0.0	200	2	834	0.002398081534772182
CUFF_NC.877	1	8634152	8634868	-	0	0	0		54	0	225	0.0	184	2	768	0.0026041666666666665
CUFF_NC.869	1	8673724	8675402	-	0	0	0		39	1	139	0.007194244604316547	206	1	475	0.002105263157894737
CUFF_NC.870	1	8676749	8677580	+	0	0	0		8	0	68	0.0	51	2	278	0.007194244604316547
CUFF_NC.871	1	8688622	8689029	-	0	0	0		42	1	186	0.005376344086021506	119	1	422	0.002369668246445498
CUFF_NC.872	1	8692728	8694499	-	0	0	0		107	1	664	0.0015060240963855422	295	6	1787	0.003357582540570789
CUFF_NC.875	1	8703024	8703830	-	0	0	0		53	1	549	0.0018214936247723133	135	2	990	0.00202020202020202
CUFF_NC.876	1	8709455	8710496	-	0	0	0		54	0	267	0.0	223	3	988	0.003036437246963563
CUFF_NC.873	1	8712680	8713338	+	0	0	0		28	1	132	0.007575757575757576	182	3	737	0.004070556309362279
CUFF_NC.874	1	8723617	8724563	+	0	0	0		31	0	252	0.0	165	4	941	0.004250797024442083
CUFF_NC.881	1	8754992	8755450	-	0	0	0		26	0	178	0.0	86	2	593	0.003372681281618887
CUFF_NC.878	1	8843773	8844366	+	0	0	0		30	0	195	0.0	129	4	711	0.005625879043600563
CUFF_NC.879	1	8845195	8845482	-	0	0	0		13	0	27	0.0	45	0	91	0.0
CUFF_NC.882	1	8850992	8851475	-	0	0	0		26	0	193	0.0	137	1	802	0.0012468827930174563
CUFF_NC.880	1	8852044	8853114	-	0	0	0		20	1	116	0.008620689655172414	221	4	1283	0.003117692907248636
CUFF_NC.883	1	8884267	8884790	+	0	0	0		17	0	115	0.0	121	4	948	0.004219409282700422
CUFF_NC.885	1	8898099	8899106	+	0	0	0		67	0	455	0.0	143	1	685	0.00145985401459854
CUFF_NC.893	1	8907383	8909275	+	0	0	0		128	5	595	0.008403361344537815	465	5	1908	0.002620545073375262
CUFF_NC.884	1	8910412	8910921	-	0	0	0		17	1	74	0.013513513513513514	131	1	592	0.0016891891891891893
CUFF_NC.887	1	8933949	8935246	+	0	0	0		90	4	458	0.008733624454148471	331	5	1357	0.0036845983787767134
CUFF_NC.886	1	8938612	8940400	+	0	0	0		77	3	419	0.007159904534606206	389	6	2117	0.002834199338686821
CUFF_NC.889	1	8959177	8961255	+	0	0	0		139	2	920	0.002173913043478261	443	5	2254	0.0022182786157941437
CUFF_NC.892	1	8967061	8967634	+	0	0	0		26	0	170	0.0	142	1	859	0.0011641443538998836
CUFF_NC.894	1	8969429	8971846	+	0	0	0		216	2	757	0.002642007926023778	609	9	2545	0.003536345776031434
CUFF_NC.891	1	8977465	8978433	-	0	0	0		27	0	158	0.0	203	4	938	0.0042643923240938165
CUFF_NC.890	1	8981760	8983430	+	0	0	0		84	0	434	0.0	290	3	1302	0.002304147465437788
CUFF_NC.895	1	9001033	9002065	-	0	0	0		41	72	241	0.2987551867219917	262	185	1691	0.10940272028385571
CUFF_NC.897	1	9023036	9023867	+	0	0	0		44	1	290	0.0034482758620689655	231	4	1208	0.0033112582781456954
CUFF_NC.900	1	9027924	9028540	+	0	0	0		26	1	100	0.01	144	0	511	0.0
CUFF_NC.901	1	9030673	9032848	+	0	0	0		123	2	591	0.00338409475465313	490	2	2133	0.0009376465072667605
CUFF_NC.899	1	9039412	9040769	+	0	0	0		119	4	717	0.005578800557880056	342	10	1845	0.005420054200542005
CUFF_NC.930	1	9072845	9074133	+	0	0	0		104	2	631	0.003169572107765452	354	7	1972	0.0035496957403651115
CUFF_NC.896	1	9082413	9082853	+	0	0	0		20	33	151	0.2185430463576159	94	103	474	0.21729957805907174
CUFF_NC.898	1	9089781	9090567	+	0	0	0		59	2	641	0.0031201248049922	188	3	1307	0.0022953328232593728
CUFF_NC.902	1	9118961	9119528	+	0	0	0		50	0	232	0.0	118	2	520	0.0038461538461538464
CUFF_NC.903	1	9128139	9131767	+	0	0	0		184	3	893	0.0033594624860022394	844	14	3574	0.00391717963066592
CUFF_NC.910	1	9145028	9145844	+	0	0	0		70	0	272	0.0	233	2	867	0.002306805074971165
CUFF_NC.904	1	9147210	9147539	-	0	0	0		19	1	75	0.013333333333333334	71	1	262	0.003816793893129771
CUFF_NC.907	1	9168617	9169310	+	0	0	0		43	0	248	0.0	200	5	971	0.005149330587023687
CUFF_NC.905	1	9172088	9174576	-	0	0	0		106	160	602	0.26578073089701	540	345	2727	0.1265126512651265
CUFF_NC.908	1	9178076	9178931	-	0	0	0		30	3	190	0.015789473684210527	208	6	1293	0.004640371229698376
CUFF_NC.909	1	9183282	9183601	-	0	0	0		28	0	90	0.0	76	1	217	0.004608294930875576
CUFF_NC.906	1	9191381	9192183	-	0	0	0		28	0	190	0.0	192	1	832	0.001201923076923077
CUFF_NC.912	1	9211479	9211995	-	0	0	0		29	0	157	0.0	124	1	659	0.0015174506828528073
CUFF_NC.911	1	9232664	9234927	+	0	0	0		75	2	421	0.004750593824228029	628	7	3027	0.0023125206475057814
CUFF_NC.922	1	9241443	9241999	-	0	0	0		46	0	250	0.0	108	0	630	0.0
CUFF_NC.914	1	9256970	9260971	-	0	0	0		175	5	794	0.006297229219143577	919	13	4379	0.00296871431833752
CUFF_NC.913	1	9273873	9274266	+	0	0	0		33	0	190	0.0	120	0	555	0.0
CUFF_NC.916	1	9285052	9286850	+	0	0	0		75	1	529	0.001890359168241966	402	4	1999	0.002001000500250125
CUFF_NC.925	1	9296443	9297506	-	0	0	0		61	2	473	0.004228329809725159	226	4	1385	0.002888086642599278
CUFF_NC.924	1	9302514	9303150	+	0	0	0		37	0	105	0.0	190	0	543	0.0
CUFF_NC.915	1	9304943	9305748	+	0	0	0		50	387	487	0.7946611909650924	185	679	2009	0.33797909407665505
CUFF_NC.929	1	9322281	9327227	-	0	0	0		199	5	1030	0.0048543689320388345	1157	24	5249	0.004572299485616308
CUFF_NC.919	1	9329402	9330206	-	0	0	0		37	0	252	0.0	170	1	813	0.0012300123001230013
CUFF_NC.917	1	9330942	9331700	+	0	0	0		11	0	68	0.0	108	4	622	0.006430868167202572
CUFF_NC.918	1	9333165	9333594	-	0	0	0		13	0	174	0.0	107	5	951	0.005257623554153523
CUFF_NC.920	1	9336182	9337835	+	0	0	0		100	0	428	0.0	370	2	1555	0.0012861736334405145
CUFF_NC.923	1	9343176	9343883	-	0	0	0		38	0	181	0.0	194	2	753	0.0026560424966799467
CUFF_NC.921	1	9351158	9352590	-	0	0	0		58	1	386	0.0025906735751295338	308	4	1427	0.002803083391730904
CUFF_NC.927	1	9368347	9373309	+	0	0	0		4	4	4	1.0	9	2	9	0.2222222222222222
CUFF_NC.926	1	9376989	9377567	+	0	0	0		27	0	258	0.0	134	2	682	0.002932551319648094
CUFF_NC.928	1	9391746	9392861	-	0	0	0		65	4	623	0.006420545746388443	243	9	2390	0.0037656903765690376
CUFF_NC.934	1	9400290	9400726	-	0	0	0		14	0	61	0.0	92	1	393	0.002544529262086514
CUFF_NC.931	1	9410445	9411241	+	0	0	0		63	0	376	0.0	181	1	1262	0.000792393026941363
CUFF_NC.932	1	9425420	9426083	-	0	0	0		48	0	270	0.0	167	1	794	0.0012594458438287153
CUFF_NC.933	1	9426203	9428667	-	0	0	0		121	0	654	0.0	562	5	2384	0.0020973154362416107
CUFF_NC.937	1	9436334	9439090	-	0	0	0		144	2	774	0.002583979328165375	469	6	2447	0.002451982018798529
CUFF_NC.938	1	9446925	9448232	+	0	0	0		60	0	401	0.0	148	2	877	0.002280501710376283
CUFF_NC.935	1	9455577	9455948	+	0	0	0		31	0	122	0.0	82	2	453	0.004415011037527594
CUFF_NC.936	1	9456261	9458214	+	0	0	0		112	2	729	0.0027434842249657062	340	8	2036	0.003929273084479371
CUFF_NC.942	1	9475405	9480964	-	0	0	0		14	0	47	0.0	42	2	178	0.011235955056179775
CUFF_NC.939	1	9481121	9481620	-	0	0	0		18	0	112	0.0	114	1	400	0.0025
CUFF_NC.940	1	9482105	9482625	-	0	0	0		31	0	131	0.0	114	2	398	0.005025125628140704
CUFF_NC.941	1	9483133	9483408	-	0	0	0		6	1	26	0.038461538461538464	45	1	182	0.005494505494505495
CUFF_NC.946	1	9486992	9487633	-	0	0	0		14	1	194	0.005154639175257732	70	0	984	0.0
CUFF_NC.944	1	9495236	9497345	-	0	0	0		96	2	606	0.0033003300330033004	462	8	2421	0.003304419661296985
CUFF_NC.945	1	9498185	9498785	+	0	0	0		28	1	151	0.006622516556291391	133	1	695	0.0014388489208633094
CUFF_NC.948	1	9500712	9501311	-	0	0	0		21	0	144	0.0	144	5	839	0.0059594755661501785
CUFF_NC.949	1	9503537	9504015	-	0	0	0		26	0	122	0.0	134	3	582	0.005154639175257732
CUFF_NC.950	1	9507819	9508657	+	0	0	0		24	1	225	0.0044444444444444444	165	8	1233	0.006488240064882401
CUFF_NC.947	1	9510928	9511223	+	0	0	0		2	0	6	0.0	12	0	20	0.0
CUFF_NC.952	1	9540405	9541009	+	0	0	0		31	1	236	0.00423728813559322	171	5	1131	0.004420866489832007
CUFF_NC.960	1	9554477	9555286	+	0	0	0		28	1	134	0.007462686567164179	192	6	885	0.006779661016949152
CUFF_NC.956	1	9566969	9568007	+	0	0	0		53	13	684	0.019005847953216373	193	24	1593	0.015065913370998116
CUFF_NC.951	1	9588817	9589541	-	0	0	0		46	7	1097	0.006381039197812215	185	15	4271	0.0035120580660266917
CUFF_NC.953	1	9590103	9590960	+	0	0	0		14	387	545	0.710091743119266	99	395	2355	0.16772823779193205
CUFF_NC.954	1	9609428	9610398	-	0	0	0		50	1	270	0.003703703703703704	224	4	1016	0.003937007874015748
CUFF_NC.955	1	9615368	9616286	-	0	0	0		81	0	492	0.0	231	3	1172	0.002559726962457338
CUFF_NC.957	1	9621539	9622001	-	0	0	0		15	0	157	0.0	83	1	713	0.001402524544179523
CUFF_NC.958	1	9622146	9622948	-	0	0	0		35	1	160	0.00625	232	3	829	0.0036188178528347406
CUFF_NC.959	1	9627667	9628591	+	0	0	0		61	1	330	0.0030303030303030303	161	3	771	0.0038910505836575876
CUFF_NC.961	1	9705239	9705541	+	0	0	0		13	0	92	0.0	77	0	442	0.0
CUFF_NC.995	1	9726606	9730424	-	0	0	0		249	5	1610	0.003105590062111801	950	15	5090	0.0029469548133595285
CUFF_NC.996	1	9731393	9732987	+	0	0	0		118	2	475	0.004210526315789474	365	6	1513	0.0039656311962987445
CUFF_NC.962	1	9766728	9767464	-	0	0	0		59	0	279	0.0	196	4	871	0.004592422502870264
CUFF_NC.963	1	9789450	9790179	-	0	0	0		30	1	159	0.006289308176100629	185	2	645	0.0031007751937984496
CUFF_NC.969	1	9795584	9796104	-	0	0	0		25	1	217	0.004608294930875576	70	2	717	0.002789400278940028
CUFF_NC.974	1	9806351	9806691	+	0	0	0		23	0	103	0.0	96	1	363	0.0027548209366391185
CUFF_NC.964	1	9827343	9827967	-	0	0	0		22	0	96	0.0	112	0	411	0.0
CUFF_NC.965	1	9831317	9833121	+	0	0	0		88	2	366	0.00546448087431694	478	6	1938	0.0030959752321981426
CUFF_NC.966	1	9833978	9834300	+	0	0	0		15	0	72	0.0	97	2	240	0.008333333333333333
CUFF_NC.967	1	9845597	9846293	+	0	0	0		10	0	109	0.0	102	1	436	0.0022935779816513763
CUFF_NC.968	1	9846847	9848063	+	0	0	0		66	0	468	0.0	260	7	1371	0.005105762217359592
CUFF_NC.980	1	9860327	9861612	+	0	0	0		94	1	446	0.002242152466367713	335	5	1368	0.003654970760233918
CUFF_NC.970	1	9863673	9864922	+	0	0	0		62	0	302	0.0	318	1	1672	0.0005980861244019139
CUFF_NC.975	1	9868722	9869124	+	0	0	0		28	0	137	0.0	97	1	482	0.002074688796680498
CUFF_NC.977	1	9876361	9877051	+	0	0	0		33	0	117	0.0	139	1	586	0.0017064846416382253
CUFF_NC.972	1	9883042	9883593	-	0	0	0		12	1	47	0.02127659574468085	148	1	456	0.0021929824561403508
CUFF_NC.971	1	9884468	9884880	+	0	0	0		22	0	57	0.0	111	3	329	0.00911854103343465
CUFF_NC.973	1	9886523	9887467	+	0	0	0		55	0	253	0.0	199	0	677	0.0
CUFF_NC.976	1	9889139	9890936	+	0	0	0		101	4	430	0.009302325581395349	328	5	1171	0.004269854824935952
CUFF_NC.978	1	9909443	9911425	+	0	0	0		60	83	460	0.18043478260869567	448	108	2798	0.03859899928520372
CUFF_NC.979	1	9912191	9913864	+	0	0	0		66	1	369	0.0027100271002710027	404	5	1544	0.003238341968911917
CUFF_NC.982	1	9935316	9936416	+	0	0	0		31	1	158	0.006329113924050633	238	3	968	0.0030991735537190084
CUFF_NC.981	1	9937833	9938719	-	0	0	0		15	0	49	0.0	206	0	803	0.0
CUFF_NC.983	1	9962337	9963316	+	0	0	0		31	0	182	0.0	217	9	1214	0.007413509060955519
CUFF_NC.985	1	9965659	9966013	-	0	0	0		33	0	188	0.0	108	2	541	0.0036968576709796672
CUFF_NC.984	1	9972534	9973771	+	0	0	0		55	0	235	0.0	325	6	1108	0.005415162454873646
CUFF_NC.994	1	9986725	9987556	-	0	0	0		54	0	629	0.0	166	3	1280	0.00234375
CUFF_NC.986	1	9991105	9991804	-	0	0	0		10	0	55	0.0	99	1	364	0.0027472527472527475
CUFF_NC.987	1	9996597	9999476	-	0	0	0		199	3	1253	0.0023942537909018356	559	3	2827	0.0010611956137247967
CUFF_NC.988	1	10010375	10010661	-	0	0	0		15	1	95	0.010526315789473684	75	0	382	0.0
CUFF_NC.989	1	10013527	10014249	+	0	0	0		24	0	161	0.0	104	0	571	0.0
CUFF_NC.990	1	10017986	10018497	-	0	0	0		29	0	188	0.0	125	2	688	0.0029069767441860465
CUFF_NC.1013	1	10038054	10040756	+	0	0	0		197	3	1211	0.002477291494632535	633	8	3701	0.0021615779519048904
CUFF_NC.1015	1	10043829	10044276	+	0	0	0		16	0	120	0.0	71	1	363	0.0027548209366391185
CUFF_NC.1016	1	10044469	10047709	+	0	0	0		166	1	893	0.0011198208286674132	728	8	3140	0.0025477707006369425
CUFF_NC.1017	1	10044660	10045408	+	0	0	0		62	1	293	0.0034129692832764505	184	3	662	0.004531722054380665
CUFF_NC.1014	1	10045566	10048801	+	0	0	0		148	0	791	0.0	712	6	3328	0.0018028846153846155
CUFF_NC.992	1	10068878	10073465	+	0	0	0		220	4	1573	0.0025429116338207248	1007	19	5713	0.003325748293366007
CUFF_NC.993	1	10069687	10072205	+	0	0	0		113	1	729	0.0013717421124828531	559	11	2874	0.003827418232428671
CUFF_NC.991	1	10081997	10082880	+	0	0	0		40	0	167	0.0	177	4	513	0.007797270955165692
CUFF_NC.1082	1	10086607	10088032	+	0	0	0		74	0	318	0.0	324	5	1203	0.004156275976724855
CUFF_NC.1083	1	10095812	10102928	-	0	0	0		387	12	2522	0.004758128469468675	1780	30	9981	0.003005710850616171
CUFF_NC.997	1	10127486	10128491	-	0	0	0		63	3	421	0.007125890736342043	236	4	1460	0.0027397260273972603
CUFF_NC.1003	1	10128952	10129412	+	0	0	0		34	0	171	0.0	101	0	441	0.0
CUFF_NC.998	1	10138054	10139226	+	0	0	0		49	0	171	0.0	236	6	860	0.0069767441860465115
CUFF_NC.1000	1	10149806	10151342	-	0	0	0		55	0	145	0.0	197	4	509	0.007858546168958742
CUFF_NC.1001	1	10171397	10173069	-	0	0	0		68	0	245	0.0	363	4	1557	0.002569043031470777
CUFF_NC.1007	1	10177561	10178645	-	0	0	0		73	0	286	0.0	291	3	1191	0.0025188916876574307
CUFF_NC.1004	1	10191300	10192126	+	0	0	0		72	1	441	0.0022675736961451248	221	2	1098	0.0018214936247723133
CUFF_NC.1002	1	10198696	10199179	-	0	0	0		22	0	109	0.0	86	0	427	0.0
CUFF_NC.1005	1	10202590	10203371	+	0	0	0		47	1	309	0.003236245954692557	157	2	970	0.002061855670103093
CUFF_NC.1010	1	10212008	10212845	+	0	0	0		38	0	430	0.0	122	2	1032	0.001937984496124031
CUFF_NC.1008	1	10214755	10215518	-	0	0	0		44	1	131	0.007633587786259542	183	3	582	0.005154639175257732
CUFF_NC.1009	1	10215849	10216271	-	0	0	0		17	0	262	0.0	66	1	576	0.001736111111111111
CUFF_NC.1011	1	10248551	10249168	+	0	0	0		39	0	189	0.0	81	0	360	0.0
CUFF_NC.1012	1	10277106	10277574	-	0	0	0		21	0	117	0.0	147	2	791	0.0025284450063211127
CUFF_NC.1018	1	10293143	10293722	+	0	0	0		49	1	198	0.005050505050505051	161	1	596	0.0016778523489932886
CUFF_NC.1021	1	10298600	10299003	+	0	0	0		29	0	139	0.0	116	3	548	0.005474452554744526
CUFF_NC.1022	1	10299267	10299840	+	0	0	0		50	0	172	0.0	146	1	366	0.00273224043715847
CUFF_NC.1020	1	10305940	10306557	+	0	0	0		36	0	157	0.0	178	0	711	0.0
CUFF_NC.1019	1	10307159	10308135	+	0	0	0		49	0	341	0.0	263	8	1525	0.005245901639344262
CUFF_NC.1024	1	10312253	10313398	+	0	0	0		77	3	769	0.0039011703511053317	308	7	1763	0.003970504821327283
CUFF_NC.1023	1	10319763	10321824	-	0	0	0		114	3	785	0.003821656050955414	524	15	3245	0.004622496147919877
CUFF_NC.1025	1	10348350	10348877	-	0	0	0		4	9	14	0.6428571428571429	15	14	44	0.3181818181818182
CUFF_NC.1028	1	10351809	10353617	-	0	0	0		113	1	534	0.0018726591760299626	497	11	2028	0.005424063116370809
CUFF_NC.1026	1	10372103	10372463	-	0	0	0		35	2	253	0.007905138339920948	79	6	449	0.013363028953229399
CUFF_NC.1027	1	10379257	10379588	+	0	0	0		32	0	146	0.0	92	0	332	0.0
CUFF_NC.1052	1	10407133	10409401	+	0	0	0		131	1	628	0.0015923566878980893	414	5	1686	0.0029655990510083037
CUFF_NC.1029	1	10429585	10431249	-	0	0	0		80	0	387	0.0	278	1	1070	0.0009345794392523365
CUFF_NC.1034	1	10440253	10445153	-	0	0	0		170	7	724	0.009668508287292817	900	27	3836	0.007038581856100104
CUFF_NC.1030	1	10456853	10457459	+	0	0	0		30	1	104	0.009615384615384616	153	2	422	0.004739336492890996
CUFF_NC.1031	1	10493527	10494343	-	0	0	0		43	1	305	0.003278688524590164	176	9	1107	0.008130081300813009
CUFF_NC.1032	1	10496695	10497240	-	0	0	0		30	209	334	0.625748502994012	160	136	1610	0.084472049689441
CUFF_NC.1035	1	10501722	10502960	-	0	0	0		67	0	289	0.0	328	2	1315	0.001520912547528517
CUFF_NC.1036	1	10537597	10538775	-	0	0	0		46	1	332	0.0030120481927710845	205	2	1075	0.0018604651162790699
CUFF_NC.1037	1	10559793	10560619	+	0	0	0		47	1	260	0.0038461538461538464	135	0	567	0.0
CUFF_NC.1040	1	10587608	10589092	-	0	0	0		85	0	445	0.0	346	6	1493	0.004018754186202277
CUFF_NC.1039	1	10598302	10599408	-	0	0	0		44	195	418	0.4665071770334928	241	235	2281	0.10302498903989478
CUFF_NC.1038	1	10602556	10603384	-	0	0	0		36	123	253	0.48616600790513836	111	140	883	0.15855039637599094
CUFF_NC.1041	1	10603625	10604214	-	0	0	0		29	171	251	0.6812749003984063	151	202	1030	0.19611650485436893
CUFF_NC.1042	1	10650811	10651692	-	0	0	0		37	1	295	0.003389830508474576	197	4	1025	0.003902439024390244
CUFF_NC.1047	1	10658145	10658751	-	0	0	0		29	3	226	0.01327433628318584	149	5	930	0.005376344086021506
CUFF_NC.1044	1	10663331	10664776	+	0	0	0		93	1	607	0.0016474464579901153	287	9	1722	0.005226480836236934
CUFF_NC.1043	1	10667623	10668129	-	0	0	0		28	1	138	0.007246376811594203	159	2	719	0.0027816411682892906
CUFF_NC.1045	1	10677665	10678123	+	0	0	0		7	1	36	0.027777777777777776	115	4	739	0.005412719891745603
CUFF_NC.1048	1	10687502	10687783	+	0	0	0		54	1	120	0.008333333333333333	48	0	143	0.0
CUFF_NC.1049	1	10723448	10724155	-	0	0	0		44	141	347	0.40634005763688763	193	95	1061	0.08953817153628653
CUFF_NC.1054	1	10725533	10727869	-	0	0	0		71	1	480	0.0020833333333333333	465	11	2638	0.004169825625473844
CUFF_NC.1050	1	10761571	10762297	-	0	0	0		56	1	504	0.001984126984126984	172	3	1329	0.002257336343115124
CUFF_NC.1053	1	10775077	10775503	+	0	0	0		51	2	218	0.009174311926605505	86	0	324	0.0
CUFF_NC.1051	1	10775859	10776319	-	0	0	0		15	26	125	0.208	97	95	625	0.152
CUFF_NC.1055	1	10815492	10816478	-	0	0	0		40	1	275	0.0036363636363636364	209	3	1407	0.0021321961620469083
CUFF_NC.1056	1	10816846	10818000	+	0	0	0		83	2	368	0.005434782608695652	262	1	1095	0.0009132420091324201
CUFF_NC.1063	1	10838346	10838682	+	0	0	0		17	0	169	0.0	85	0	729	0.0
CUFF_NC.1057	1	10846692	10847811	-	0	0	0		56	3	887	0.0033821871476888386	200	6	1701	0.003527336860670194
CUFF_NC.1059	1	10888290	10889375	-	0	0	0		77	2	885	0.0022598870056497176	249	3	1680	0.0017857142857142857
CUFF_NC.1058	1	10895571	10895986	-	0	0	0		31	1	117	0.008547008547008548	110	2	386	0.0051813471502590676
CUFF_NC.1060	1	10898036	10899652	-	0	0	0		99	2	584	0.003424657534246575	338	6	1463	0.004101161995898838
CUFF_NC.1066	1	10902956	10904061	-	0	0	0		59	1	355	0.0028169014084507044	158	0	851	0.0
CUFF_NC.1067	1	10904953	10905697	+	0	0	0		56	3	472	0.006355932203389831	164	3	882	0.003401360544217687
CUFF_NC.1061	1	10919811	10920249	-	0	0	0		22	0	155	0.0	123	1	714	0.0014005602240896359
CUFF_NC.1068	1	10948088	10948955	+	0	0	0		45	0	318	0.0	228	3	1215	0.0024691358024691358
CUFF_NC.1065	1	10966773	10968344	-	0	0	0		44	0	91	0.0	277	5	782	0.00639386189258312
CUFF_NC.1069	1	10970210	10971615	+	0	0	0		39	22	247	0.08906882591093117	286	98	1565	0.06261980830670927
CUFF_NC.1070	1	10970852	10971538	-	0	0	0		19	2	84	0.023809523809523808	144	5	573	0.008726003490401396
CUFF_NC.1072	1	10980452	10980893	-	0	0	0		11	0	98	0.0	30	1	215	0.004651162790697674
CUFF_NC.1073	1	10988524	10989629	+	0	0	0		63	2	316	0.006329113924050633	195	2	1027	0.0019474196689386564
CUFF_NC.1071	1	10993613	10994087	+	0	0	0		21	0	87	0.0	130	0	632	0.0
CUFF_NC.1076	1	11005174	11010291	+	0	0	0		77	8	407	0.019656019656019656	532	94	2232	0.042114695340501794
CUFF_NC.1074	1	11024058	11024489	+	0	0	0		8	0	18	0.0	30	0	60	0.0
CUFF_NC.1075	1	11032345	11033367	+	0	0	0		18	85	257	0.33073929961089493	149	196	1306	0.15007656967840735
CUFF_NC.1077	1	11086749	11089767	-	0	0	0		89	3	451	0.0066518847006651885	440	8	1919	0.004168837936425221
CUFF_NC.1078	1	11114977	11115492	+	0	0	0		19	0	72	0.0	88	1	367	0.0027247956403269754
CUFF_NC.1085	1	11158078	11158447	-	0	0	0		20	0	133	0.0	88	3	548	0.005474452554744526
CUFF_NC.1084	1	11158941	11159917	+	0	0	0		62	1	314	0.0031847133757961785	172	4	916	0.004366812227074236
CUFF_NC.1080	1	11166425	11167174	+	0	0	0		27	69	163	0.4233128834355828	173	116	736	0.15760869565217392
CUFF_NC.1086	1	11170996	11172026	+	0	0	0		37	38	167	0.2275449101796407	183	40	611	0.06546644844517185
CUFF_NC.1088	1	11199374	11200284	+	0	0	0		41	3	248	0.012096774193548387	192	2	906	0.002207505518763797
CUFF_NC.1090	1	11214941	11218194	+	0	0	0		148	3	590	0.005084745762711864	683	9	2704	0.0033284023668639054
CUFF_NC.1087	1	11221412	11222881	+	0	0	0		95	1	494	0.0020242914979757085	247	4	1013	0.003948667324777887
CUFF_NC.1094	1	11255324	11255747	+	0	0	0		16	1	112	0.008928571428571428	90	2	530	0.0037735849056603774
CUFF_NC.1089	1	11258336	11258880	+	0	0	0		23	0	138	0.0	71	1	381	0.0026246719160104987
CUFF_NC.1092	1	11289889	11291852	+	0	0	0		67	0	209	0.0	299	4	874	0.004576659038901602
CUFF_NC.1091	1	11299616	11300105	-	0	0	0		8	0	26	0.0	43	0	102	0.0
CUFF_NC.1093	1	11338683	11339250	-	0	0	0		19	0	69	0.0	144	0	500	0.0
CUFF_NC.1095	1	11343821	11344875	-	0	0	0		40	1	246	0.0040650406504065045	209	4	1133	0.00353045013239188
CUFF_NC.1096	1	11345405	11353588	-	0	0	0		273	6	980	0.006122448979591836	1483	33	5468	0.006035113386978786
CUFF_NC.1097	1	11349627	11350818	-	0	0	0		33	0	98	0.0	233	4	984	0.0040650406504065045
CUFF_NC.1098	1	11355129	11355467	-	0	0	0		17	0	58	0.0	57	0	184	0.0
CUFF_NC.1099	1	11361344	11362671	-	0	0	0		113	3	597	0.005025125628140704	306	3	1507	0.0019907100199071004
CUFF_NC.1100	1	11362955	11363993	-	0	0	0		66	0	259	0.0	279	2	1016	0.001968503937007874
CUFF_NC.1103	1	11398215	11398754	-	0	0	0		27	0	173	0.0	141	0	749	0.0
CUFF_NC.1102	1	11403178	11404300	+	0	0	0		45	0	190	0.0	142	1	526	0.0019011406844106464
CUFF_NC.1101	1	11412690	11414548	+	0	0	0		76	2	462	0.004329004329004329	338	4	1566	0.002554278416347382
CUFF_NC.1105	1	11414916	11416315	+	0	0	0		94	2	510	0.00392156862745098	331	5	1448	0.003453038674033149
CUFF_NC.1106	1	11417081	11420047	+	0	0	0		188	1	670	0.0014925373134328358	687	8	2224	0.0035971223021582736
CUFF_NC.1130	1	11456073	11456801	+	0	0	0		7	2	25	0.08	92	19	215	0.08837209302325581
CUFF_NC.1107	1	11464693	11465557	-	0	0	0		28	2	256	0.0078125	151	10	790	0.012658227848101266
CUFF_NC.1108	1	11465898	11466752	-	0	0	0		79	3	627	0.004784688995215311	185	2	1080	0.001851851851851852
CUFF_NC.1109	1	11467491	11469120	-	0	0	0		104	26	714	0.036414565826330535	394	19	2372	0.008010118043844857
CUFF_NC.1110	1	11471731	11474811	+	0	0	0		91	2	391	0.005115089514066497	673	9	2900	0.003103448275862069
CUFF_NC.1111	1	11471860	11472650	-	0	0	0		36	0	162	0.0	202	4	985	0.0040609137055837565
CUFF_NC.1112	1	11474796	11479016	-	0	0	0		189	3	1009	0.002973240832507433	1035	24	4491	0.005344021376085505
CUFF_NC.1118	1	11479880	11480405	-	0	0	0		29	0	410	0.0	88	1	1000	0.001
CUFF_NC.1114	1	11495569	11496186	+	0	0	0		30	1	146	0.00684931506849315	112	2	467	0.004282655246252677
CUFF_NC.1116	1	11503902	11505849	-	0	0	0		9	16	32	0.5	64	38	173	0.21965317919075145
CUFF_NC.1117	1	11506343	11506997	-	0	0	0		14	75	108	0.6944444444444444	45	85	227	0.3744493392070485
CUFF_NC.1119	1	11512149	11512620	+	0	0	0		8	4	8	0.5	9	0	9	0.0
CUFF_NC.1122	1	11523520	11524297	+	0	0	0		3	0	3	0.0	11	0	11	0.0
CUFF_NC.1125	1	11536099	11536364	+	0	0	0		2	0	40	0.0	15	2	291	0.006872852233676976
CUFF_NC.1123	1	11543657	11544122	+	0	0	0		17	0	214	0.0	85	1	669	0.0014947683109118087
CUFF_NC.1132	1	11560928	11561530	+	0	0	0		19	0	275	0.0	109	3	671	0.004470938897168405
CUFF_NC.1131	1	11567412	11567953	-	0	0	0		50	1	168	0.005952380952380952	151	4	472	0.00847457627118644
CUFF_NC.1133	1	11575235	11576412	-	0	0	0		37	1	205	0.004878048780487805	224	2	1306	0.0015313935681470138
CUFF_NC.1134	1	11577003	11585336	-	0	0	0		261	0	1049	0.0	1255	15	4945	0.003033367037411527
CUFF_NC.1135	1	11581667	11581992	+	0	0	0		17	0	42	0.0	69	0	154	0.0
CUFF_NC.1124	1	11589164	11589810	+	0	0	0		54	1	264	0.003787878787878788	126	2	472	0.00423728813559322
CUFF_NC.1126	1	11595447	11597027	+	0	0	0		37	0	287	0.0	199	5	947	0.005279831045406547
CUFF_NC.1128	1	11608869	11609227	-	0	0	0		24	0	161	0.0	66	1	303	0.0033003300330033004
CUFF_NC.1129	1	11609597	11610605	-	0	0	0		54	108	330	0.32727272727272727	75	40	317	0.12618296529968454
CUFF_NC.1142	1	11612136	11612843	-	0	0	0		45	1	303	0.0033003300330033004	150	2	759	0.002635046113306983
CUFF_NC.1143	1	11613349	11614297	-	0	0	0		67	2	466	0.004291845493562232	234	3	1254	0.0023923444976076554
CUFF_NC.1137	1	11655014	11656042	-	0	0	0		35	0	196	0.0	267	6	1254	0.004784688995215311
CUFF_NC.1144	1	11658368	11659532	+	0	0	0		80	0	370	0.0	312	2	1421	0.0014074595355383533
CUFF_NC.1138	1	11675778	11676219	-	0	0	0		27	0	178	0.0	128	4	765	0.00522875816993464
CUFF_NC.1145	1	11676878	11677364	-	0	0	0		22	0	97	0.0	116	1	505	0.0019801980198019802
CUFF_NC.1139	1	11680837	11681379	-	0	0	0		11	0	62	0.0	156	2	890	0.0022471910112359553
CUFF_NC.1146	1	11688047	11689022	-	0	0	0		55	0	175	0.0	196	3	479	0.006263048016701462
CUFF_NC.1140	1	11698171	11698501	+	0	0	0		22	0	83	0.0	100	3	341	0.008797653958944282
CUFF_NC.1141	1	11698404	11698857	-	0	0	0		15	0	79	0.0	98	2	459	0.004357298474945534
CUFF_NC.1147	1	11705144	11706619	+	0	0	0		39	2	185	0.010810810810810811	410	28	1601	0.017489069331667707
CUFF_NC.1150	1	11715262	11716128	+	0	0	0		68	0	265	0.0	230	1	850	0.001176470588235294
CUFF_NC.1151	1	11716433	11716810	+	0	0	0		20	0	97	0.0	98	1	533	0.001876172607879925
CUFF_NC.1152	1	11719634	11720131	+	0	0	0		10	1	37	0.02702702702702703	104	2	469	0.0042643923240938165
CUFF_NC.1149	1	11739810	11740455	+	0	0	0		36	0	384	0.0	155	3	1304	0.0023006134969325155
CUFF_NC.1154	1	11751134	11751973	+	0	0	0		58	1	368	0.002717391304347826	151	2	728	0.0027472527472527475
CUFF_NC.1155	1	11756884	11758018	-	0	0	0		66	1	353	0.0028328611898017	283	5	1144	0.004370629370629371
CUFF_NC.1156	1	11758342	11759031	+	0	0	0		19	0	74	0.0	171	2	587	0.0034071550255536627
CUFF_NC.1148	1	11763287	11764033	-	0	0	0		16	1	60	0.016666666666666666	206	6	790	0.007594936708860759
CUFF_NC.1153	1	11768181	11768885	-	0	0	0		38	2	175	0.011428571428571429	158	1	710	0.0014084507042253522
CUFF_NC.1158	1	11789426	11791546	-	0	0	0		1	0	1	0.0	4	0	12	0.0
CUFF_NC.1157	1	11810206	11810776	+	0	0	0		13	0	53	0.0	154	1	622	0.001607717041800643
CUFF_NC.1160	1	11835988	11836646	-	0	0	0		8	21	36	0.5833333333333334	24	8	44	0.18181818181818182
CUFF_NC.1161	1	11837007	11837431	+	0	0	0		24	332	424	0.7830188679245284	110	501	1643	0.3049300060864273
CUFF_NC.1159	1	11837635	11838063	+	0	0	0		8	0	42	0.0	107	6	450	0.013333333333333334
CUFF_NC.1168	1	11846743	11847647	+	0	0	0		54	1	570	0.0017543859649122807	178	4	1259	0.003177124702144559
CUFF_NC.1164	1	11871629	11872121	+	0	0	0		10	0	48	0.0	130	3	503	0.005964214711729622
CUFF_NC.1162	1	11886610	11887071	+	0	0	0		16	1	73	0.0136986301369863	124	13	566	0.022968197879858657
CUFF_NC.1167	1	11907550	11909110	+	0	0	0		84	1	446	0.002242152466367713	334	4	1178	0.003395585738539898
CUFF_NC.1166	1	11925372	11926630	-	0	0	0		71	0	397	0.0	297	4	1378	0.002902757619738752
CUFF_NC.1165	1	11927721	11928216	-	0	0	0		18	0	158	0.0	123	1	577	0.0017331022530329288
CUFF_NC.1169	1	11928724	11929257	-	0	0	0		23	0	164	0.0	131	4	872	0.0045871559633027525
CUFF_NC.1171	1	11932061	11932772	+	0	0	0		44	1	199	0.005025125628140704	197	4	849	0.004711425206124852
CUFF_NC.1174	1	11940281	11948189	-	0	0	0		529	7	2402	0.0029142381348875937	1987	20	8136	0.0024582104228121925
CUFF_NC.1170	1	11961391	11962057	-	0	0	0		27	79	259	0.305019305019305	152	75	1177	0.0637213254035684
CUFF_NC.1173	1	12004731	12005536	-	0	0	0		32	0	155	0.0	179	1	658	0.001519756838905775
CUFF_NC.1172	1	12012015	12012548	-	0	0	0		20	1	124	0.008064516129032258	137	3	713	0.004207573632538569
CUFF_NC.1175	1	12016158	12016561	+	0	0	0		25	172	296	0.581081081081081	102	367	1162	0.3158347676419966
CUFF_NC.1176	1	12017842	12018244	+	0	0	0		16	81	109	0.7431192660550459	94	112	374	0.2994652406417112
CUFF_NC.1179	1	12026208	12027735	-	0	0	0		40	0	211	0.0	348	5	1779	0.002810567734682406
CUFF_NC.1178	1	12043520	12044084	-	0	0	0		33	0	167	0.0	137	1	628	0.0015923566878980893
CUFF_NC.1180	1	12048597	12049469	-	0	0	0		58	0	235	0.0	249	6	993	0.006042296072507553
CUFF_NC.1181	1	12051434	12054759	+	0	0	0		108	1	644	0.0015527950310559005	700	12	3370	0.0035608308605341245
CUFF_NC.1183	1	12057785	12059651	+	0	0	0		112	0	419	0.0	499	6	1696	0.003537735849056604
CUFF_NC.1182	1	12060358	12061025	+	0	0	0		9	0	59	0.0	150	2	733	0.002728512960436562
CUFF_NC.1184	1	12083898	12084262	-	0	0	0		24	84	217	0.3870967741935484	84	221	787	0.28081321473951715
CUFF_NC.1185	1	12085236	12085808	-	0	0	0		37	1	330	0.0030303030303030303	108	1	791	0.0012642225031605564
CUFF_NC.1188	1	12095809	12096511	-	0	0	0		38	3	233	0.012875536480686695	156	3	880	0.003409090909090909
CUFF_NC.1201	1	12118989	12126671	+	0	0	0		415	3	2291	0.0013094718463553033	1855	32	9473	0.00337802174601499
CUFF_NC.1186	1	12137088	12137684	+	0	0	0		3	2	6	0.3333333333333333	10	12	19	0.631578947368421
CUFF_NC.1189	1	12149821	12151702	+	0	0	0		74	1	319	0.003134796238244514	355	3	1446	0.002074688796680498
CUFF_NC.1187	1	12157287	12159164	+	0	0	0		57	8	618	0.012944983818770227	224	3	1520	0.001973684210526316
CUFF_NC.1190	1	12166216	12166949	+	0	0	0		31	34	138	0.2463768115942029	159	96	659	0.1456752655538695
CUFF_NC.1191	1	12177782	12178179	-	0	0	0		30	1	194	0.005154639175257732	91	2	545	0.003669724770642202
CUFF_NC.1192	1	12180465	12182221	-	0	0	0		95	2	534	0.003745318352059925	374	4	1753	0.0022818026240730175
CUFF_NC.1193	1	12186456	12187528	+	0	0	0		19	31	117	0.26495726495726496	235	74	1597	0.046336881653099564
CUFF_NC.1211	1	12188717	12189683	-	0	0	0		56	1	314	0.0031847133757961785	240	1	912	0.0010964912280701754
CUFF_NC.1214	1	12195883	12196308	+	0	0	0		20	0	171	0.0	86	1	598	0.0016722408026755853
CUFF_NC.1199	1	12207376	12207848	-	0	0	0		55	0	126	0.0	151	1	368	0.002717391304347826
CUFF_NC.1198	1	12213536	12214330	+	0	0	0		27	0	342	0.0	155	11	1206	0.00912106135986733
CUFF_NC.1196	1	12219667	12220245	-	0	0	0		43	135	202	0.6683168316831684	174	212	946	0.22410147991543342
CUFF_NC.1194	1	12237546	12238940	-	0	0	0		79	1	329	0.00303951367781155	334	5	1425	0.0035087719298245615
CUFF_NC.1195	1	12252377	12254091	+	0	0	0		81	328	755	0.43443708609271525	453	538	3770	0.1427055702917772
CUFF_NC.1197	1	12271087	12271715	-	0	0	0		24	1	148	0.006756756756756757	148	5	909	0.005500550055005501
CUFF_NC.1200	1	12294861	12295314	-	0	0	0		30	15	151	0.09933774834437085	89	15	461	0.03253796095444685
CUFF_NC.1202	1	12322467	12323366	+	0	0	0		31	0	118	0.0	222	6	848	0.007075471698113208
CUFF_NC.1203	1	12323807	12324218	-	0	0	0		36	1	168	0.005952380952380952	106	3	486	0.006172839506172839
CUFF_NC.1204	1	12326525	12326824	-	0	0	0		19	0	99	0.0	86	3	326	0.009202453987730062
CUFF_NC.1205	1	12344390	12348147	-	0	0	0		133	5	887	0.005636978579481398	808	56	4963	0.011283497884344146
CUFF_NC.1206	1	12360417	12361342	+	0	0	0		43	1	321	0.003115264797507788	181	4	1006	0.003976143141153081
CUFF_NC.1212	1	12379704	12385817	-	0	0	0		53	0	183	0.0	209	0	564	0.0
CUFF_NC.1213	1	12384132	12384870	+	0	0	0		10	0	37	0.0	41	0	107	0.0
CUFF_NC.1229	1	12398668	12399011	+	0	0	0		24	0	91	0.0	94	1	239	0.0041841004184100415
CUFF_NC.1230	1	12410010	12412531	+	0	0	0		0	0	0		7	0	14	0.0
CUFF_NC.1209	1	12455611	12456094	-	0	0	0		16	0	98	0.0	113	0	521	0.0
CUFF_NC.1210	1	12456289	12456954	-	0	0	0		39	1	193	0.0051813471502590676	134	3	496	0.006048387096774193
CUFF_NC.1215	1	12458552	12458884	-	0	0	0		5	0	5	0.0	44	0	66	0.0
CUFF_NC.1216	1	12461961	12462726	-	0	0	0		73	0	291	0.0	220	3	838	0.003579952267303103
CUFF_NC.1217	1	12517443	12518506	+	0	0	0		27	92	230	0.4	186	206	1434	0.14365411436541142
CUFF_NC.1219	1	12539005	12539736	-	0	0	0		82	1	476	0.0021008403361344537	198	1	1020	0.000980392156862745
CUFF_NC.1220	1	12540941	12541859	-	0	0	0		43	0	160	0.0	241	2	871	0.002296211251435132
CUFF_NC.1218	1	12542057	12542627	+	0	0	0		27	13	131	0.09923664122137404	147	23	593	0.0387858347386172
CUFF_NC.1221	1	12545200	12546037	-	0	0	0		76	5	268	0.018656716417910446	196	1	688	0.0014534883720930232
CUFF_NC.1222	1	12555112	12555540	-	0	0	0		16	58	118	0.4915254237288136	117	53	570	0.09298245614035087
CUFF_NC.1223	1	12560459	12561935	-	0	0	0		38	1	578	0.0017301038062283738	284	9	3030	0.0029702970297029703
CUFF_NC.1224	1	12582121	12582721	+	0	0	0		16	0	144	0.0	132	3	861	0.003484320557491289
CUFF_NC.1226	1	12587993	12588439	+	0	0	0		30	0	154	0.0	133	2	691	0.002894356005788712
CUFF_NC.1225	1	12591924	12593695	+	0	0	0		61	391	579	0.6753022452504318	439	1402	4457	0.3145613641462867
CUFF_NC.1244	1	12597392	12598582	-	0	0	0		68	1	289	0.0034602076124567475	293	3	1028	0.0029182879377431907
CUFF_NC.1245	1	12602724	12603586	+	0	0	0		35	251	391	0.6419437340153452	227	561	2254	0.24889086069210292
CUFF_NC.1246	1	12602784	12603524	-	0	0	0		30	194	312	0.6217948717948718	198	464	1842	0.251900108577633
CUFF_NC.1227	1	12622012	12622417	-	0	0	0		18	1	218	0.0045871559633027525	57	1	478	0.0020920502092050207
CUFF_NC.1228	1	12649912	12651294	+	0	0	0		59	5	435	0.011494252873563218	263	33	1447	0.022805805114029024
CUFF_NC.1231	1	12673477	12674108	+	0	0	0		36	68	144	0.4722222222222222	134	73	581	0.12564543889845095
CUFF_NC.1233	1	12730451	12731093	+	0	0	0		24	208	334	0.6227544910179641	149	252	1639	0.1537522879804759
CUFF_NC.1234	1	12731698	12733089	-	0	0	0		45	320	578	0.5536332179930796	333	759	2994	0.2535070140280561
CUFF_NC.1235	1	12733206	12734422	-	0	0	0		11	88	114	0.7719298245614035	124	378	894	0.4228187919463087
CUFF_NC.1238	1	12736601	12737000	+	0	0	0		19	0	64	0.0	49	1	166	0.006024096385542169
CUFF_NC.1239	1	12737653	12738056	+	0	0	0		22	0	90	0.0	100	3	401	0.007481296758104738
CUFF_NC.1236	1	12739938	12741735	+	0	0	0		70	515	759	0.6785243741765481	500	717	4290	0.16713286713286712
CUFF_NC.1242	1	12747099	12748016	-	0	0	0		18	0	88	0.0	118	3	524	0.0057251908396946565
CUFF_NC.1240	1	12753651	12760398	-	0	0	0		6	12	34	0.35294117647058826	102	94	608	0.15460526315789475
CUFF_NC.1241	1	12755650	12757854	-	0	0	0		2	5	24	0.20833333333333334	61	74	493	0.15010141987829614
CUFF_NC.1243	1	12767254	12771056	+	0	0	0		26	21	54	0.3888888888888889	81	40	209	0.19138755980861244
CUFF_NC.1249	1	12843304	12844284	-	0	0	0		7	11	96	0.11458333333333333	81	10	680	0.014705882352941176
CUFF_NC.1248	1	12896786	12897944	+	0	0	0		36	1	271	0.0036900369003690036	209	2	1062	0.0018832391713747645
CUFF_NC.1250	1	12899513	12900196	-	0	0	0		9	24	54	0.4444444444444444	118	109	917	0.11886586695747
CUFF_NC.1251	1	12899707	12900458	+	0	0	0		14	38	80	0.475	129	104	787	0.13214739517153748
CUFF_NC.1254	1	12906403	12907550	-	0	0	0		5	6	9	0.6666666666666666	27	20	48	0.4166666666666667
CUFF_NC.1255	1	12917120	12917607	-	0	0	0		40	1	163	0.006134969325153374	113	1	250	0.004
CUFF_NC.1262	1	12919671	12925036	-	0	0	0		161	535	1354	0.3951255539143279	1193	655	8630	0.07589803012746234
CUFF_NC.1263	1	12919994	12924623	+	0	0	0		138	491	1184	0.41469594594594594	979	591	7389	0.07998375964271214
CUFF_NC.1256	1	12935828	12936753	+	0	0	0		51	1	310	0.0032258064516129032	217	5	966	0.005175983436853002
CUFF_NC.1259	1	12936867	12939447	+	0	0	0		56	6	274	0.021897810218978103	495	19	2234	0.008504923903312443
CUFF_NC.1260	1	12942944	12943603	-	0	0	0		23	0	54	0.0	116	5	301	0.016611295681063124
CUFF_NC.1261	1	12945643	12946306	-	0	0	0		19	157	239	0.6569037656903766	60	44	601	0.07321131447587355
CUFF_NC.1257	1	12954066	12957070	+	0	0	0		70	0	362	0.0	453	3	1814	0.0016538037486218302
CUFF_NC.1272	1	12957196	12958538	-	0	0	0		25	51	169	0.30177514792899407	213	143	1311	0.10907704042715484
CUFF_NC.1273	1	12957898	12959059	+	0	0	0		24	51	142	0.3591549295774648	151	142	630	0.2253968253968254
CUFF_NC.1270	1	12976036	12977342	-	0	0	0		35	110	278	0.39568345323741005	262	138	1986	0.06948640483383686
CUFF_NC.1264	1	12983809	12984830	+	0	0	0		68	1	346	0.002890173410404624	227	8	974	0.008213552361396304
CUFF_NC.1265	1	12989857	12990928	-	0	0	0		74	3	332	0.009036144578313253	263	4	1066	0.00375234521575985
CUFF_NC.1266	1	12992578	12993366	-	0	0	0		36	116	345	0.336231884057971	170	177	934	0.18950749464668093
CUFF_NC.1268	1	12993865	12995047	-	0	0	0		54	150	413	0.36319612590799033	250	109	1536	0.07096354166666667
CUFF_NC.1269	1	12995686	12996713	-	0	0	0		34	76	360	0.2111111111111111	272	403	2829	0.1424531636620714
CUFF_NC.1276	1	12997338	13000554	-	0	0	0		133	981	1673	0.5863717872086073	897	2716	11155	0.24347826086956523
CUFF_NC.1275	1	13017869	13018372	-	0	0	0		10	0	46	0.0	138	11	538	0.020446096654275093
CUFF_NC.1274	1	13025153	13029692	-	0	0	0		150	183	1154	0.158578856152513	1029	710	6019	0.11795979398571191
CUFF_NC.1271	1	13030535	13031408	+	0	0	0		37	0	187	0.0	169	1	610	0.001639344262295082
CUFF_NC.1277	1	13033640	13034333	+	0	0	0		26	45	341	0.13196480938416422	132	87	1220	0.07131147540983607
CUFF_NC.1281	1	13039447	13040702	-	0	0	0		78	8	310	0.025806451612903226	281	73	1130	0.06460176991150443
CUFF_NC.1279	1	13045344	13045981	-	0	0	0		15	0	55	0.0	116	1	404	0.0024752475247524753
CUFF_NC.1280	1	13065313	13066793	-	0	0	0		76	190	599	0.31719532554257096	376	111	2565	0.04327485380116959
CUFF_NC.1290	1	13071164	13072156	-	0	0	0		42	0	285	0.0	229	4	999	0.004004004004004004
CUFF_NC.1291	1	13073300	13073962	-	0	0	0		30	0	125	0.0	176	4	979	0.0040858018386108275
CUFF_NC.1285	1	13101139	13101579	-	0	0	0		11	59	123	0.4796747967479675	135	246	1114	0.22082585278276481
CUFF_NC.1286	1	13102098	13102392	-	0	0	0		30	307	435	0.7057471264367816	91	216	985	0.21928934010152284
CUFF_NC.1282	1	13105900	13106434	+	0	0	0		14	35	104	0.33653846153846156	139	30	763	0.039318479685452164
CUFF_NC.1283	1	13107259	13107906	-	0	0	0		15	71	265	0.2679245283018868	154	95	1163	0.08168529664660361
CUFF_NC.1284	1	13112332	13112735	-	0	0	0		19	1	62	0.016129032258064516	112	3	355	0.008450704225352112
CUFF_NC.1287	1	13115892	13117717	+	0	0	0		71	0	215	0.0	263	3	825	0.0036363636363636364
CUFF_NC.1292	1	13123341	13124359	+	0	0	0		65	5	296	0.016891891891891893	287	4	1149	0.0034812880765883376
CUFF_NC.1293	1	13134565	13135292	-	0	0	0		3	0	3	0.0	27	10	72	0.1388888888888889
CUFF_NC.1294	1	13151517	13153303	+	0	0	0		19	1	71	0.014084507042253521	154	1	787	0.0012706480304955528
CUFF_NC.1295	1	13171777	13172957	-	0	0	0		16	0	63	0.0	189	2	710	0.0028169014084507044
CUFF_NC.1296	1	13178581	13179476	+	0	0	0		30	71	217	0.3271889400921659	140	89	864	0.10300925925925926
CUFF_NC.1300	1	13197495	13197819	-	0	0	0		18	1	140	0.007142857142857143	91	3	483	0.006211180124223602
CUFF_NC.1322	1	13218333	13219533	+	0	0	0		24	28	184	0.15217391304347827	247	24	1114	0.02154398563734291
CUFF_NC.1298	1	13231427	13231836	+	0	0	0		17	90	119	0.7563025210084033	96	261	816	0.31985294117647056
CUFF_NC.1299	1	13232147	13232620	+	0	0	0		18	129	259	0.4980694980694981	98	209	1246	0.16773675762439808
CUFF_NC.1303	1	13238652	13240185	-	0	0	0		47	272	507	0.5364891518737672	380	373	2968	0.12567385444743936
CUFF_NC.1302	1	13250434	13250911	-	0	0	0		11	3	33	0.09090909090909091	123	31	406	0.07635467980295567
CUFF_NC.1305	1	13281030	13282079	-	0	0	0		46	26	211	0.12322274881516587	253	17	1150	0.014782608695652174
CUFF_NC.1306	1	13282147	13283306	-	0	0	0		46	167	338	0.4940828402366864	282	288	2142	0.13445378151260504
CUFF_NC.1304	1	13288422	13288979	-	0	0	0		26	79	175	0.4514285714285714	122	104	618	0.16828478964401294
CUFF_NC.1308	1	13321241	13321849	+	0	0	0		24	1	273	0.003663003663003663	47	3	556	0.00539568345323741
CUFF_NC.1309	1	13321963	13322413	+	0	0	0		6	1	87	0.011494252873563218	82	1	567	0.001763668430335097
CUFF_NC.1307	1	13377627	13379022	-	0	0	0		86	465	774	0.6007751937984496	327	536	2452	0.21859706362153344
CUFF_NC.1313	1	13398137	13402602	-	0	0	0		242	783	1298	0.6032357473035439	1217	1923	7182	0.2677527151211362
CUFF_NC.1316	1	13398361	13400173	-	0	0	0		148	464	769	0.6033810143042913	513	800	3131	0.2555094219099329
CUFF_NC.1314	1	13400598	13401576	-	0	0	0		45	94	168	0.5595238095238095	271	275	1000	0.275
CUFF_NC.1315	1	13403236	13403683	-	0	0	0		7	0	92	0.0	114	2	565	0.0035398230088495575
CUFF_NC.1310	1	13404952	13405923	+	0	0	0		36	191	448	0.4263392857142857	249	318	1950	0.16307692307692306
CUFF_NC.1311	1	13417934	13418549	+	0	0	0		21	95	217	0.4377880184331797	148	150	1502	0.09986684420772303
CUFF_NC.1312	1	13418803	13419252	+	0	0	0		20	111	167	0.6646706586826348	148	172	1069	0.16089803554724041
CUFF_NC.1317	1	13454708	13455741	+	0	0	0		75	1	252	0.003968253968253968	231	1	640	0.0015625
CUFF_NC.1318	1	13473136	13475976	-	0	0	0		87	256	696	0.367816091954023	553	341	3698	0.09221200648999459
CUFF_NC.1319	1	13493433	13493857	+	0	0	0		14	94	183	0.5136612021857924	109	298	1502	0.19840213049267644
CUFF_NC.1320	1	13517957	13518379	+	0	0	0		35	168	253	0.6640316205533597	124	165	733	0.22510231923601637
CUFF_NC.1332	1	13539235	13543668	-	0	0	0		357	3	1877	0.0015982951518380393	1228	15	5964	0.0025150905432595573
CUFF_NC.1326	1	13561103	13561964	-	0	0	0		90	680	901	0.7547169811320755	252	553	2470	0.22388663967611336
CUFF_NC.1327	1	13564108	13565443	-	0	0	0		97	415	752	0.5518617021276596	336	469	2542	0.1845003933910307
CUFF_NC.1324	1	13573421	13575291	+	0	0	0		94	202	463	0.43628509719222464	392	380	2015	0.18858560794044665
CUFF_NC.1325	1	13581175	13581802	+	0	0	0		23	73	192	0.3802083333333333	144	98	1063	0.09219190968955786
CUFF_NC.1323	1	13592208	13593446	+	0	0	0		40	163	408	0.39950980392156865	203	255	1491	0.1710261569416499
CUFF_NC.1330	1	13610034	13610558	-	0	0	0		30	132	245	0.5387755102040817	145	153	1046	0.1462715105162524
CUFF_NC.1331	1	13610035	13610971	+	0	0	0		40	215	400	0.5375	212	221	1584	0.13952020202020202
CUFF_NC.1334	1	13611048	13611453	+	0	0	0		18	45	79	0.569620253164557	118	96	526	0.18250950570342206
CUFF_NC.1335	1	13612260	13612767	+	0	0	0		33	115	238	0.4831932773109244	129	156	935	0.16684491978609625
CUFF_NC.1339	1	13633683	13634362	-	0	0	0		0	0	0		39	8	111	0.07207207207207207
CUFF_NC.1341	1	13633782	13639321	+	0	0	0		17	61	118	0.5169491525423728	127	25	555	0.04504504504504504
CUFF_NC.1336	1	13642531	13642878	-	0	0	0		25	1	205	0.004878048780487805	78	3	405	0.007407407407407408
CUFF_NC.1337	1	13670179	13670745	-	0	0	0		31	0	278	0.0	80	1	633	0.001579778830963665
CUFF_NC.1338	1	13697871	13698623	+	0	0	0		36	1	126	0.007936507936507936	153	1	635	0.0015748031496062992
CUFF_NC.1342	1	13716032	13716543	+	0	0	0		21	75	157	0.47770700636942676	123	102	841	0.12128418549346016
CUFF_NC.1343	1	13722083	13722658	+	0	0	0		20	73	205	0.35609756097560974	160	247	1455	0.1697594501718213
CUFF_NC.1346	1	13743909	13744828	-	0	0	0		34	113	352	0.3210227272727273	221	115	1968	0.058434959349593495
CUFF_NC.1345	1	13746129	13746685	-	0	0	0		23	32	219	0.1461187214611872	107	31	751	0.041278295605858856
CUFF_NC.1347	1	13747523	13748104	-	0	0	0		13	36	91	0.3956043956043956	132	122	1168	0.10445205479452055
CUFF_NC.1348	1	13767101	13767743	+	0	0	0		18	37	139	0.26618705035971224	148	33	904	0.03650442477876106
CUFF_NC.1349	1	13777703	13780173	+	0	0	0		191	733	1252	0.5854632587859425	655	983	4626	0.21249459576307825
CUFF_NC.1350	1	13802591	13803697	+	0	0	0		48	244	534	0.45692883895131087	259	366	2364	0.1548223350253807
CUFF_NC.1353	1	13804854	13805293	-	0	0	0		13	56	131	0.42748091603053434	126	152	1110	0.13693693693693693
CUFF_NC.1354	1	13805325	13807594	-	0	0	0		103	640	1061	0.6032045240339302	576	811	5427	0.1494379952091395
CUFF_NC.1351	1	13816299	13816832	+	0	0	0		13	11	127	0.08661417322834646	133	40	1105	0.03619909502262444
CUFF_NC.1357	1	13823887	13824556	-	0	0	0		10	0	27	0.0	145	12	821	0.014616321559074299
CUFF_NC.1352	1	13829355	13831338	-	0	0	0		148	596	801	0.7440699126092385	484	507	2052	0.24707602339181287
CUFF_NC.1356	1	13838321	13839168	-	0	0	0		26	0	158	0.0	142	5	817	0.006119951040391677
CUFF_NC.1360	1	13840660	13842804	+	0	0	0		138	471	925	0.5091891891891892	558	798	3547	0.22497885537073584
CUFF_NC.1355	1	13848382	13849493	+	0	0	0		29	97	370	0.26216216216216215	266	225	2192	0.10264598540145986
CUFF_NC.1363	1	13849878	13852245	-	0	0	0		75	715	1096	0.6523722627737226	562	1866	7018	0.2658877172983756
CUFF_NC.1362	1	13857752	13859119	+	0	0	0		38	143	301	0.4750830564784053	328	177	2112	0.08380681818181818
CUFF_NC.1359	1	13864716	13865502	+	0	0	0		18	65	238	0.27310924369747897	160	133	1550	0.08580645161290322
CUFF_NC.1358	1	13867787	13868421	-	0	0	0		25	136	285	0.47719298245614034	164	231	1620	0.1425925925925926
CUFF_NC.1372	1	13985149	13990367	-	0	0	0		173	316	1382	0.22865412445730826	1200	562	8431	0.066658759340529
CUFF_NC.1373	1	13986027	13988496	-	0	0	0		88	149	739	0.20162381596752368	576	263	3814	0.06895647614053488
CUFF_NC.1364	1	14034773	14035654	+	0	0	0		30	128	278	0.460431654676259	194	137	1709	0.08016383850204799
CUFF_NC.1365	1	14076360	14077093	-	0	0	0		24	89	230	0.3869565217391304	176	131	1387	0.09444844989185291
CUFF_NC.1366	1	14076556	14076997	+	0	0	0		23	83	219	0.3789954337899543	112	59	812	0.07266009852216748
CUFF_NC.1368	1	14136057	14137294	-	0	0	0		50	252	462	0.5454545454545454	373	600	3157	0.19005384859043395
CUFF_NC.1367	1	14137892	14138425	-	0	0	0		17	54	152	0.35526315789473684	177	170	1480	0.11486486486486487
CUFF_NC.1371	1	14179198	14183992	+	0	0	0		161	450	703	0.6401137980085349	735	640	3096	0.20671834625322996
CUFF_NC.1369	1	14185422	14186016	-	0	0	0		23	153	270	0.5666666666666667	132	282	1269	0.2222222222222222
CUFF_NC.1370	1	14193789	14195109	+	0	0	0		102	402	616	0.6525974025974026	343	651	2485	0.2619718309859155
CUFF_NC.1374	1	14205477	14205927	+	0	0	0		36	112	206	0.5436893203883495	125	174	812	0.21428571428571427
CUFF_NC.1375	1	14206170	14206574	+	0	0	0		29	76	115	0.6608695652173913	104	116	453	0.2560706401766004
CUFF_NC.1377	1	14281893	14287664	+	0	0	0		308	1227	2361	0.5196950444726811	1354	1711	10508	0.1628283212790255
CUFF_NC.1376	1	14330459	14330768	-	0	0	0		19	33	74	0.44594594594594594	60	45	262	0.1717557251908397
CUFF_NC.1379	1	14450493	14451167	-	0	0	0		29	146	203	0.7192118226600985	98	108	389	0.2776349614395887
CUFF_NC.1378	1	14464924	14465338	+	0	0	0		7	12	18	0.6666666666666666	35	11	95	0.11578947368421053
CUFF_NC.1380	1	14824328	14824792	-	0	0	0		5	25	68	0.36764705882352944	75	116	645	0.17984496124031008
CUFF_NC.1385	1	15061109	15064954	+	0	0	0		45	36	80	0.45	184	86	381	0.22572178477690288
CUFF_NC.1386	1	15082774	15083944	-	0	0	0		24	251	731	0.3433652530779754	371	1725	13344	0.12927158273381295
CUFF_NC.1387	1	15215113	15215874	-	0	0	0		4	6	9	0.6666666666666666	34	23	95	0.24210526315789474
CUFF_NC.1389	1	15391115	15391581	-	0	0	0		3	0	9	0.0	19	4	49	0.08163265306122448
CUFF_NC.1391	1	15446408	15447063	+	0	0	0		4	11	14	0.7857142857142857	13	9	34	0.2647058823529412
CUFF_NC.1390	1	15450573	15450955	+	0	0	0		18	33	66	0.5	32	18	117	0.15384615384615385
CUFF_NC.1392	1	15453844	15454213	+	0	0	0		10	15	23	0.6521739130434783	37	12	90	0.13333333333333333
CUFF_NC.1394	1	15582103	15585147	+	0	0	0		84	144	797	0.1806775407779172	837	682	6699	0.10180623973727422
CUFF_NC.1393	1	15637544	15638012	-	0	0	0		11	56	88	0.6363636363636364	131	209	861	0.24274099883855982
CUFF_NC.1396	1	15650037	15650502	-	0	0	0		26	0	169	0.0	115	3	746	0.004021447721179625
CUFF_NC.1397	1	15650228	15650826	+	0	0	0		32	0	141	0.0	161	2	705	0.0028368794326241137
CUFF_NC.1399	1	15700217	15700543	-	0	0	0		5	3	5	0.6	6	0	6	0.0
CUFF_NC.1398	1	15713438	15713953	+	0	0	0		35	135	203	0.6650246305418719	74	96	323	0.29721362229102166
CUFF_NC.1405	1	15724635	15727771	-	0	0	0		51	159	369	0.43089430894308944	320	210	1750	0.12
CUFF_NC.1400	1	15729395	15730095	-	0	0	0		3	2	3	0.6666666666666666	29	0	29	0.0
CUFF_NC.1404	1	15753240	15753469	-	0	0	0		0	0	0		4	1	4	0.25
CUFF_NC.1401	1	15760711	15761500	-	0	0	0		1	1	1	1.0	3	0	6	0.0
CUFF_NC.1403	1	15763348	15764467	+	0	0	0		21	48	95	0.5052631578947369	94	78	462	0.16883116883116883
CUFF_NC.1402	1	15764770	15765935	-	0	0	0		13	65	116	0.5603448275862069	57	71	452	0.1570796460176991
CUFF_NC.1407	1	15815125	15817227	+	0	0	0		17	45	77	0.5844155844155844	101	103	401	0.256857855361596
CUFF_NC.1408	1	15870223	15870687	-	0	0	0		2	2	2	1.0	7	2	7	0.2857142857142857
CUFF_NC.1412	1	15894034	15894449	-	0	0	0		17	0	51	0.0	95	1	187	0.0053475935828877
CUFF_NC.1410	1	15907409	15907978	+	0	0	0		21	45	193	0.23316062176165803	110	37	923	0.04008667388949079
CUFF_NC.1413	1	15952600	15953183	+	0	0	0		43	263	434	0.6059907834101382	156	232	1015	0.22857142857142856
CUFF_NC.1411	1	15953322	15953820	+	0	0	0		26	149	218	0.6834862385321101	131	183	759	0.24110671936758893
CUFF_NC.1414	1	15985737	15986142	-	0	0	0		14	30	108	0.2777777777777778	113	49	750	0.06533333333333333
CUFF_NC.1415	1	15986366	15986874	-	0	0	0		9	11	86	0.12790697674418605	68	26	525	0.049523809523809526
CUFF_NC.1418	1	16009279	16009892	+	0	0	0		17	76	146	0.5205479452054794	148	91	961	0.09469302809573361
CUFF_NC.1440	1	16041324	16042002	-	0	0	0		32	219	328	0.6676829268292683	109	247	1084	0.22785977859778597
CUFF_NC.1420	1	16051757	16052211	+	0	0	0		19	56	130	0.4307692307692308	116	162	738	0.21951219512195122
CUFF_NC.1421	1	16052420	16052977	-	0	0	0		15	93	175	0.5314285714285715	141	239	1358	0.17599410898379972
CUFF_NC.1422	1	16053617	16054408	-	0	0	0		47	210	564	0.3723404255319149	221	246	2054	0.11976630963972736
CUFF_NC.1428	1	16070133	16073477	-	0	0	0		176	1084	2214	0.4896115627822945	903	1250	9540	0.1310272536687631
CUFF_NC.1429	1	16073600	16074320	-	0	0	0		26	49	176	0.2784090909090909	136	116	914	0.12691466083150985
CUFF_NC.1423	1	16111097	16111465	-	0	0	0		13	30	76	0.39473684210526316	135	185	818	0.22616136919315402
CUFF_NC.1425	1	16114894	16116341	+	0	0	0		52	2	521	0.003838771593090211	368	65	2669	0.024353690520794304
CUFF_NC.1426	1	16115400	16116124	-	0	0	0		37	1	204	0.004901960784313725	205	14	795	0.01761006289308176
CUFF_NC.1427	1	16123040	16123387	-	0	0	0		9	38	64	0.59375	105	287	1033	0.27783155856727976
CUFF_NC.1430	1	16153453	16154778	-	0	0	0		64	1	476	0.0021008403361344537	255	7	1634	0.004283965728274173
CUFF_NC.1433	1	16165405	16167029	+	0	0	0		61	33	407	0.08108108108108109	351	63	1910	0.032984293193717276
CUFF_NC.1431	1	16193947	16194666	-	0	0	0		14	31	151	0.2052980132450331	174	148	1399	0.10578984989278056
CUFF_NC.1432	1	16195214	16195764	-	0	0	0		20	57	234	0.24358974358974358	138	136	1521	0.08941485864562787
CUFF_NC.1437	1	16237921	16240331	-	0	0	0		160	1233	1821	0.6771004942339374	736	1516	7443	0.2036813112992073
CUFF_NC.1436	1	16240845	16241488	-	0	0	0		14	28	80	0.35	172	122	861	0.14169570267131243
CUFF_NC.1434	1	16242419	16243002	-	0	0	0		30	178	291	0.6116838487972509	183	263	1629	0.1614487415592388
CUFF_NC.1435	1	16243063	16243607	-	0	0	0		34	141	289	0.48788927335640137	160	235	1414	0.1661951909476662
CUFF_NC.1438	1	16244069	16245814	-	0	0	0		57	126	328	0.38414634146341464	456	467	2952	0.15819783197831977
CUFF_NC.1439	1	16245092	16246214	+	0	0	0		45	208	400	0.52	277	452	2370	0.19071729957805908
CUFF_NC.1441	1	16247230	16248241	+	0	0	0		51	67	297	0.2255892255892256	208	74	1020	0.07254901960784314
CUFF_NC.1442	1	16247568	16247987	-	0	0	0		30	33	102	0.3235294117647059	97	24	245	0.09795918367346938
CUFF_NC.1444	1	16267278	16267770	-	0	0	0		28	0	100	0.0	100	0	326	0.0
CUFF_NC.1445	1	16305685	16306007	+	0	0	0		3	0	5	0.0	18	0	25	0.0
CUFF_NC.1451	1	16310081	16311070	+	0	0	0		40	0	178	0.0	183	2	657	0.0030441400304414
CUFF_NC.1447	1	16317778	16318181	-	0	0	0		13	66	181	0.36464088397790057	102	181	1226	0.14763458401305057
CUFF_NC.1448	1	16331005	16331779	-	0	0	0		49	304	419	0.7255369928400954	233	383	1729	0.22151532677848468
CUFF_NC.1453	1	16338794	16339181	-	0	0	0		20	92	187	0.4919786096256685	91	149	792	0.18813131313131312
CUFF_NC.1452	1	16340041	16340714	-	0	0	0		3	18	24	0.75	44	7	165	0.04242424242424243
CUFF_NC.1454	1	16349340	16350639	+	0	0	0		40	104	372	0.27956989247311825	327	351	3231	0.10863509749303621
CUFF_NC.1457	1	16365061	16366461	-	0	0	0		39	168	431	0.38979118329466356	299	177	2167	0.08167974157821874
CUFF_NC.1455	1	16393186	16393641	+	0	0	0		19	37	64	0.578125	149	143	542	0.26383763837638374
CUFF_NC.1456	1	16422445	16422819	+	0	0	0		10	1	169	0.005917159763313609	93	3	967	0.0031023784901758012
CUFF_NC.1463	1	16437919	16439340	+	0	0	0		34	32	247	0.12955465587044535	346	45	2286	0.01968503937007874
CUFF_NC.1459	1	16455236	16455901	-	0	0	0		7	6	62	0.0967741935483871	46	12	307	0.03908794788273615
CUFF_NC.1461	1	16455389	16457588	+	0	0	0		29	55	202	0.2722772277227723	183	93	973	0.09558067831449127
CUFF_NC.1460	1	16456664	16457368	-	0	0	0		11	25	67	0.373134328358209	31	26	219	0.1187214611872146
CUFF_NC.1462	1	16457735	16458849	+	0	0	0		12	76	119	0.6386554621848739	103	194	1100	0.17636363636363636
CUFF_NC.1458	1	16459197	16460136	-	0	0	0		5	15	24	0.625	46	118	242	0.48760330578512395
CUFF_NC.1464	1	16466232	16467013	-	0	0	0		27	49	301	0.16279069767441862	197	75	2090	0.03588516746411483
CUFF_NC.1468	1	16467317	16468536	-	0	0	0		49	38	283	0.13427561837455831	256	36	1078	0.03339517625231911
CUFF_NC.1465	1	16474042	16474732	+	0	0	0		15	19	96	0.19791666666666666	161	25	1109	0.02254283137962128
CUFF_NC.1467	1	16487727	16488377	+	0	0	0		35	0	230	0.0	126	1	718	0.001392757660167131
CUFF_NC.1466	1	16503139	16504007	-	0	0	0		41	207	427	0.4847775175644028	240	329	1911	0.17216117216117216
CUFF_NC.1469	1	16510040	16510605	+	0	0	0		11	169	344	0.49127906976744184	109	285	1845	0.15447154471544716
CUFF_NC.1471	1	16510660	16511618	+	0	0	0		20	181	489	0.37014314928425357	187	844	4729	0.1784732501585959
CUFF_NC.1470	1	16513273	16513693	+	0	0	0		21	59	108	0.5462962962962963	51	72	267	0.2696629213483146
CUFF_NC.1472	1	16515036	16515689	+	0	0	0		11	141	215	0.6558139534883721	139	584	2065	0.2828087167070218
CUFF_NC.1473	1	16517966	16518877	+	0	0	0		48	811	1341	0.604772557792692	213	1156	5818	0.19869370917841184
CUFF_NC.1476	1	16523464	16523914	+	0	0	0		17	196	398	0.49246231155778897	132	780	3154	0.24730500951173112
CUFF_NC.1475	1	16526711	16527510	+	0	0	0		35	785	1171	0.6703672075149445	176	1313	5725	0.22934497816593885
CUFF_NC.1477	1	16528242	16528899	+	0	0	0		2	15	20	0.75	22	36	123	0.2926829268292683
CUFF_NC.1479	1	16537510	16538153	+	0	0	0		26	2	229	0.008733624454148471	141	3	801	0.003745318352059925
CUFF_NC.1480	1	16537846	16543375	-	0	0	0		118	626	1482	0.4224021592442645	477	1054	4953	0.2128003230365435
CUFF_NC.1482	1	16575658	16576288	-	0	0	0		32	0	187	0.0	180	0	692	0.0
CUFF_NC.1485	1	16578353	16579572	-	0	0	0		56	0	162	0.0	180	0	509	0.0
CUFF_NC.1481	1	16580919	16581426	-	0	0	0		30	39	232	0.16810344827586207	119	34	781	0.04353393085787452
CUFF_NC.1483	1	16600280	16600797	+	0	0	0		12	38	109	0.3486238532110092	118	130	952	0.13655462184873948
CUFF_NC.1484	1	16603967	16604538	-	0	0	0		30	54	184	0.29347826086956524	142	66	703	0.09388335704125178
CUFF_NC.1486	1	16606632	16607291	-	0	0	0		15	66	195	0.3384615384615385	162	148	1287	0.11499611499611499
CUFF_NC.1487	1	16626411	16626733	+	0	0	0		10	29	35	0.8285714285714286	31	28	114	0.24561403508771928
CUFF_NC.1504	1	16641248	16643701	+	0	0	0		89	9	584	0.015410958904109588	639	178	3846	0.04628185127405096
CUFF_NC.1505	1	16643803	16645402	+	0	0	0		106	1	573	0.0017452006980802793	438	10	2049	0.004880429477794046
CUFF_NC.1492	1	16688604	16689005	+	0	0	0		25	0	128	0.0	107	2	288	0.006944444444444444
CUFF_NC.1494	1	16703490	16703944	+	0	0	0		13	0	86	0.0	120	3	689	0.0043541364296081275
CUFF_NC.1490	1	16710959	16713615	-	0	0	0		35	68	215	0.31627906976744186	514	639	3026	0.21116986120290812
CUFF_NC.1491	1	16712325	16712814	-	0	0	0		4	22	24	0.9166666666666666	101	248	576	0.4305555555555556
CUFF_NC.1493	1	16713835	16714500	+	0	0	0		12	0	101	0.0	120	1	602	0.0016611295681063123
CUFF_NC.1496	1	16729141	16730317	+	0	0	0		70	198	293	0.6757679180887372	319	362	1387	0.2609949531362653
CUFF_NC.1503	1	16764639	16765152	+	0	0	0		27	0	100	0.0	145	1	430	0.002325581395348837
CUFF_NC.1497	1	16779215	16779661	-	0	0	0		0	0	0		47	0	124	0.0
CUFF_NC.1511	1	16780240	16786828	-	0	0	0		452	10	2380	0.004201680672268907	1774	25	8412	0.0029719448407037564
CUFF_NC.1498	1	16790551	16790999	+	0	0	0		17	44	117	0.37606837606837606	92	84	602	0.13953488372093023
CUFF_NC.1500	1	16811263	16812935	+	0	0	0		48	3	354	0.00847457627118644	344	13	2082	0.006243996157540826
CUFF_NC.1502	1	16813752	16814813	+	0	0	0		16	1	83	0.012048192771084338	63	0	412	0.0
CUFF_NC.1501	1	16820860	16821888	+	0	0	0		36	1	116	0.008620689655172414	203	2	605	0.003305785123966942
CUFF_NC.1506	1	16829817	16830251	-	0	0	0		5	4	5	0.8	10	0	10	0.0
CUFF_NC.1512	1	16837642	16838563	+	0	0	0		40	0	190	0.0	151	1	679	0.0014727540500736377
CUFF_NC.1509	1	16843446	16848177	-	0	0	0		160	244	921	0.26492942453854507	844	342	4567	0.0748850448872345
CUFF_NC.1513	1	16852348	16852766	+	0	0	0		18	0	219	0.0	92	5	665	0.007518796992481203
CUFF_NC.1514	1	16853317	16858025	+	0	0	0		311	784	3015	0.2600331674958541	1326	1004	11271	0.08907816520273268
CUFF_NC.1507	1	16861110	16863480	-	0	0	0		54	105	345	0.30434782608695654	443	152	2392	0.06354515050167224
CUFF_NC.1508	1	16866191	16867024	+	0	0	0		30	1	160	0.00625	176	75	1017	0.07374631268436578
CUFF_NC.1517	1	16867710	16871952	-	0	0	0		79	66	424	0.15566037735849056	580	262	2937	0.0892066734763364
CUFF_NC.1518	1	16887133	16888861	-	0	0	0		55	1	267	0.003745318352059925	304	19	1506	0.012616201859229747
CUFF_NC.1510	1	16891013	16891840	-	0	0	0		30	3	185	0.016216216216216217	210	13	876	0.014840182648401826
CUFF_NC.1524	1	16908649	16909475	+	0	0	0		26	0	106	0.0	181	1	666	0.0015015015015015015
CUFF_NC.1516	1	16923389	16924736	-	0	0	0		46	2	348	0.005747126436781609	324	2	1432	0.0013966480446927375
CUFF_NC.1515	1	16924944	16925705	+	0	0	0		29	185	331	0.5589123867069486	174	512	1755	0.2917378917378917
CUFF_NC.1521	1	16982250	16982766	-	0	0	0		19	1	240	0.004166666666666667	65	1	609	0.0016420361247947454
CUFF_NC.1520	1	17011328	17011777	-	0	0	0		32	0	233	0.0	98	0	628	0.0
CUFF_NC.1519	1	17012567	17013245	+	0	0	0		12	0	70	0.0	46	0	260	0.0
CUFF_NC.1522	1	17074059	17079408	+	0	0	0		267	386	1799	0.21456364647026124	1265	883	7419	0.11901873567866289
CUFF_NC.1523	1	17111749	17112634	+	0	0	0		24	12	95	0.12631578947368421	199	7	682	0.010263929618768328
CUFF_NC.1527	1	17117977	17118573	-	0	0	0		23	0	60	0.0	153	2	390	0.005128205128205128
CUFF_NC.1526	1	17126756	17127484	-	0	0	0		33	1	100	0.01	159	1	507	0.0019723865877712033
CUFF_NC.1525	1	17136188	17145187	-	0	0	0		55	99	257	0.3852140077821012	614	241	3160	0.07626582278481013
CUFF_NC.1528	1	17179552	17180287	-	0	0	0		42	0	139	0.0	192	3	624	0.004807692307692308
CUFF_NC.1529	1	17196352	17196581	-	0	0	0		7	27	48	0.5625	72	29	390	0.07435897435897436
CUFF_NC.1530	1	17203926	17206319	-	0	0	0		10	2	44	0.045454545454545456	35	0	160	0.0
CUFF_NC.1531	1	17230544	17231123	+	0	0	0		22	124	252	0.49206349206349204	165	115	1625	0.07076923076923076
CUFF_NC.1532	1	17233522	17234757	+	0	0	0		37	1	295	0.003389830508474576	315	4	2121	0.001885902876001886
CUFF_NC.1538	1	17234836	17235352	-	0	0	0		12	0	162	0.0	77	4	938	0.0042643923240938165
CUFF_NC.1535	1	17236837	17237734	+	0	0	0		32	0	246	0.0	195	3	1201	0.002497918401332223
CUFF_NC.1537	1	17249314	17249923	+	0	0	0		32	1	219	0.0045662100456621	130	2	569	0.0035149384885764497
CUFF_NC.1533	1	17252884	17253979	+	0	0	0		64	0	322	0.0	222	3	1239	0.002421307506053269
CUFF_NC.1534	1	17253261	17253686	-	0	0	0		23	0	101	0.0	80	1	454	0.0022026431718061676
CUFF_NC.1536	1	17265872	17266624	+	0	0	0		40	0	91	0.0	164	2	367	0.005449591280653951
CUFF_NC.1539	1	17268284	17268848	-	0	0	0		6	1	55	0.01818181818181818	117	2	772	0.0025906735751295338
CUFF_NC.1542	1	17278415	17279364	+	0	0	0		20	55	168	0.3273809523809524	229	624	1685	0.37032640949554896
CUFF_NC.1541	1	17279894	17280620	-	0	0	0		18	61	142	0.4295774647887324	126	103	844	0.12203791469194313
CUFF_NC.1540	1	17281888	17282384	-	0	0	0		20	132	217	0.6082949308755761	134	325	1367	0.2377468910021946
CUFF_NC.1545	1	17284117	17284594	+	0	0	0		24	0	123	0.0	137	3	547	0.005484460694698354
CUFF_NC.1543	1	17298142	17298808	+	0	0	0		46	1	219	0.0045662100456621	109	1	562	0.0017793594306049821
CUFF_NC.1546	1	17312590	17315050	+	0	0	0		47	166	268	0.6194029850746269	286	369	1296	0.2847222222222222
CUFF_NC.1548	1	17324143	17324836	-	0	0	0		57	253	367	0.6893732970027248	168	163	864	0.1886574074074074
CUFF_NC.1547	1	17325649	17326176	+	0	0	0		31	0	119	0.0	140	1	472	0.00211864406779661
CUFF_NC.1549	1	17327965	17328655	-	0	0	0		49	0	306	0.0	146	5	820	0.006097560975609756
CUFF_NC.1550	1	17338964	17339388	-	0	0	0		27	2	125	0.016	96	3	473	0.006342494714587738
CUFF_NC.1551	1	17390133	17390827	-	0	0	0		44	0	291	0.0	198	10	1573	0.006357279084551812
CUFF_NC.1552	1	17391459	17392097	-	0	0	0		22	0	125	0.0	173	2	819	0.002442002442002442
CUFF_NC.1553	1	17392515	17393078	+	0	0	0		15	1	104	0.009615384615384616	131	4	887	0.004509582863585118
CUFF_NC.1554	1	17413305	17413791	+	0	0	0		22	60	175	0.34285714285714286	128	53	970	0.05463917525773196
CUFF_NC.1558	1	17428624	17429851	+	0	0	0		34	0	307	0.0	254	5	2346	0.002131287297527707
CUFF_NC.1556	1	17430991	17431910	+	0	0	0		30	120	200	0.6	144	127	883	0.1438278595696489
CUFF_NC.1557	1	17441074	17442334	+	0	0	0		60	220	437	0.5034324942791762	326	444	1926	0.23052959501557632
CUFF_NC.1560	1	17464151	17465322	-	0	0	0		53	3	309	0.009708737864077669	281	5	1467	0.0034083162917518746
CUFF_NC.1565	1	17475765	17476573	-	0	0	0		37	263	373	0.7050938337801609	228	519	2060	0.2519417475728155
CUFF_NC.1559	1	17489927	17490480	+	0	0	0		23	99	247	0.4008097165991903	87	90	622	0.14469453376205788
CUFF_NC.1561	1	17504626	17506044	-	0	0	0		77	1	375	0.0026666666666666666	308	3	1297	0.002313030069390902
CUFF_NC.1564	1	17525544	17526093	-	0	0	0		31	1	161	0.006211180124223602	113	2	446	0.004484304932735426
CUFF_NC.1563	1	17528667	17529198	+	0	0	0		6	6	10	0.6	15	8	37	0.21621621621621623
CUFF_NC.1566	1	17529314	17529950	-	0	0	0		18	102	133	0.7669172932330827	217	379	1187	0.3192923336141533
CUFF_NC.1569	1	17531504	17532196	-	0	0	0		32	137	242	0.5661157024793388	169	279	1007	0.2770605759682224
CUFF_NC.1579	1	17538965	17539591	+	0	0	0		32	0	99	0.0	172	0	623	0.0
CUFF_NC.1572	1	17569397	17570468	+	0	0	0		43	1	293	0.0034129692832764505	215	3	943	0.003181336161187699
CUFF_NC.1571	1	17572953	17573285	-	0	0	0		12	0	53	0.0	83	2	301	0.006644518272425249
CUFF_NC.1567	1	17573629	17574171	-	0	0	0		21	191	300	0.6366666666666667	133	231	1636	0.14119804400977995
CUFF_NC.1573	1	17577615	17578185	-	0	0	0		32	0	101	0.0	115	3	327	0.009174311926605505
CUFF_NC.1574	1	17577723	17578125	+	0	0	0		31	0	97	0.0	90	3	199	0.01507537688442211
CUFF_NC.1575	1	17591939	17592743	+	0	0	0		29	0	147	0.0	154	1	735	0.0013605442176870747
CUFF_NC.1576	1	17596707	17597371	-	0	0	0		11	0	34	0.0	41	1	110	0.00909090909090909
CUFF_NC.1577	1	17608162	17609582	+	0	0	0		101	768	1039	0.739172281039461	351	848	3348	0.2532855436081243
CUFF_NC.1580	1	17618441	17623717	+	0	0	0		149	4	789	0.005069708491761723	878	44	3180	0.013836477987421384
CUFF_NC.1581	1	17621260	17622155	+	0	0	0		35	1	103	0.009708737864077669	65	1	183	0.00546448087431694
CUFF_NC.1578	1	17625027	17625832	+	0	0	0		21	84	109	0.7706422018348624	60	39	209	0.18660287081339713
CUFF_NC.1582	1	17626400	17626829	+	0	0	0		19	26	38	0.6842105263157895	44	25	108	0.23148148148148148
CUFF_NC.1584	1	17627568	17628463	+	0	0	0		44	0	133	0.0	195	1	735	0.0013605442176870747
CUFF_NC.1583	1	17642417	17642883	+	0	0	0		34	2	185	0.010810810810810811	143	3	582	0.005154639175257732
CUFF_NC.1589	1	17683224	17683791	+	0	0	0		19	1	35	0.02857142857142857	109	0	215	0.0
CUFF_NC.1585	1	17687077	17687846	-	0	0	0		28	1	248	0.004032258064516129	131	0	720	0.0
CUFF_NC.1586	1	17687993	17688771	-	0	0	0		36	1	310	0.0032258064516129032	202	0	866	0.0
CUFF_NC.1587	1	17689013	17692362	+	0	0	0		114	463	854	0.5421545667447307	778	1037	4507	0.23008653206123808
CUFF_NC.1588	1	17689138	17690459	-	0	0	0		60	458	575	0.7965217391304348	272	741	1980	0.37424242424242427
CUFF_NC.1590	1	17695288	17696075	+	0	0	0		21	13	77	0.16883116883116883	125	29	407	0.07125307125307126
CUFF_NC.1592	1	17705992	17706568	+	0	0	0		23	1	130	0.007692307692307693	143	0	699	0.0
CUFF_NC.1593	1	17719694	17721314	+	0	0	0		120	2	544	0.003676470588235294	420	2	1391	0.0014378145219266715
CUFF_NC.1594	1	17725243	17726864	-	0	0	0		110	11	915	0.012021857923497269	420	9	3028	0.00297225891677675
CUFF_NC.1610	1	17736454	17737909	+	0	0	0		111	4	654	0.0061162079510703364	347	2	1797	0.0011129660545353367
CUFF_NC.1595	1	17762642	17763143	-	0	0	0		7	0	41	0.0	94	0	494	0.0
CUFF_NC.1596	1	17763495	17764225	+	0	0	0		17	1	96	0.010416666666666666	154	9	912	0.009868421052631578
CUFF_NC.1597	1	17780508	17780864	-	0	0	0		17	0	96	0.0	101	0	345	0.0
CUFF_NC.1598	1	17797195	17798343	+	0	0	0		64	1	375	0.0026666666666666666	266	3	1378	0.0021770682148040637
CUFF_NC.1609	1	17812638	17813901	+	0	0	0		51	183	380	0.48157894736842105	251	324	1568	0.2066326530612245
CUFF_NC.1599	1	17818801	17819273	-	0	0	0		21	0	148	0.0	116	6	696	0.008620689655172414
CUFF_NC.1600	1	17823483	17824287	-	0	0	0		32	49	171	0.28654970760233917	204	43	1306	0.032924961715160794
CUFF_NC.1601	1	17823643	17824433	+	0	0	0		32	44	176	0.25	196	39	1258	0.031001589825119236
CUFF_NC.1605	1	17827433	17827990	+	0	0	0		21	0	67	0.0	113	0	420	0.0
CUFF_NC.1606	1	17829779	17830591	+	0	0	0		55	1	164	0.006097560975609756	156	4	453	0.008830022075055188
CUFF_NC.1607	1	17837354	17838176	-	0	0	0		31	2	105	0.01904761904761905	115	4	321	0.012461059190031152
CUFF_NC.1602	1	17840147	17840565	+	0	0	0		14	0	47	0.0	100	1	301	0.0033222591362126247
CUFF_NC.1603	1	17845372	17846257	-	0	0	0		36	60	162	0.37037037037037035	177	149	753	0.19787516600265603
CUFF_NC.1604	1	17845967	17846980	+	0	0	0		57	121	306	0.3954248366013072	230	247	1302	0.18970814132104455
CUFF_NC.1608	1	17863619	17864418	-	0	0	0		20	0	83	0.0	203	1	896	0.0011160714285714285
CUFF_NC.1630	1	17878672	17879173	+	0	0	0		17	0	79	0.0	94	4	367	0.010899182561307902
CUFF_NC.1611	1	17890974	17891884	+	0	0	0		79	1	246	0.0040650406504065045	249	0	765	0.0
CUFF_NC.1612	1	17918431	17919461	-	0	0	0		83	1	614	0.0016286644951140066	219	4	1353	0.0029563932002956393
CUFF_NC.1613	1	17920094	17921033	-	0	0	0		54	0	268	0.0	215	2	795	0.0025157232704402514
CUFF_NC.1614	1	17929774	17930306	-	0	0	0		14	0	79	0.0	93	0	380	0.0
CUFF_NC.1615	1	17931199	17931755	-	0	0	0		29	0	105	0.0	110	0	381	0.0
CUFF_NC.1629	1	17956599	17957056	+	0	0	0		18	0	72	0.0	119	0	422	0.0
CUFF_NC.1616	1	17961098	17962028	+	0	0	0		58	0	298	0.0	231	4	1188	0.003367003367003367
CUFF_NC.1628	1	17966376	17968547	-	0	0	0		131	1	618	0.0016181229773462784	539	9	2319	0.0038809831824062097
CUFF_NC.1627	1	17972448	17973134	+	0	0	0		59	0	317	0.0	109	3	693	0.004329004329004329
CUFF_NC.1618	1	17973839	17974595	+	0	0	0		48	0	449	0.0	170	2	1107	0.0018066847335140017
CUFF_NC.1619	1	17974941	17976721	+	0	0	0		89	0	638	0.0	260	0	1521	0.0
CUFF_NC.1620	1	17995943	17999760	+	0	0	0		125	0	495	0.0	941	12	3513	0.0034158838599487617
CUFF_NC.1621	1	18000833	18001748	+	0	0	0		36	0	216	0.0	184	3	977	0.0030706243602865915
CUFF_NC.1624	1	18007424	18010263	+	0	0	0		27	0	91	0.0	231	2	723	0.0027662517289073307
CUFF_NC.1625	1	18026191	18026703	-	0	0	0		12	0	68	0.0	112	4	607	0.006589785831960461
CUFF_NC.1626	1	18030691	18031417	-	0	0	0		36	0	109	0.0	130	1	411	0.0024330900243309003
CUFF_NC.1631	1	18070921	18071367	+	0	0	0		32	0	237	0.0	114	2	629	0.003179650238473768
CUFF_NC.1632	1	18083006	18084012	+	0	0	0		58	1	325	0.003076923076923077	249	4	1234	0.0032414910858995136
CUFF_NC.1636	1	18115789	18117931	+	0	0	0		132	4	804	0.004975124378109453	463	5	2427	0.0020601565718994645
CUFF_NC.1633	1	18128656	18129271	+	0	0	0		18	0	244	0.0	103	4	1463	0.002734107997265892
CUFF_NC.1644	1	18138233	18138922	-	0	0	0		30	11	178	0.06179775280898876	127	59	599	0.09849749582637729
CUFF_NC.1637	1	18155053	18158895	-	0	0	0		72	466	884	0.5271493212669683	390	759	4309	0.17614295660245996
CUFF_NC.1638	1	18158975	18163472	-	0	0	0		182	1162	1980	0.5868686868686869	721	1498	7389	0.20273379347678983
CUFF_NC.1634	1	18163818	18164269	-	0	0	0		9	51	112	0.45535714285714285	106	491	1122	0.4376114081996435
CUFF_NC.1635	1	18164015	18164727	+	0	0	0		17	90	168	0.5357142857142857	143	555	1236	0.44902912621359226
CUFF_NC.1639	1	18174733	18176191	+	0	0	0		60	4	756	0.005291005291005291	234	5	2599	0.001923816852635629
CUFF_NC.1641	1	18177771	18178288	+	0	0	0		25	0	64	0.0	78	0	176	0.0
CUFF_NC.1640	1	18213820	18214613	-	0	0	0		29	288	394	0.7309644670050761	198	788	2233	0.3528884908195253
CUFF_NC.1642	1	18219402	18219981	-	0	0	0		38	0	203	0.0	160	1	670	0.0014925373134328358
CUFF_NC.1643	1	18249672	18250850	-	0	0	0		80	0	379	0.0	228	1	1381	0.000724112961622013
CUFF_NC.1652	1	18268808	18269454	+	0	0	0		38	0	153	0.0	172	2	563	0.003552397868561279
CUFF_NC.1645	1	18271332	18272159	-	0	0	0		44	172	411	0.41849148418491483	184	232	1552	0.14948453608247422
CUFF_NC.1646	1	18272589	18273238	-	0	0	0		18	4	54	0.07407407407407407	163	62	616	0.10064935064935066
CUFF_NC.1650	1	18284861	18285427	+	0	0	0		20	2	149	0.013422818791946308	111	0	780	0.0
CUFF_NC.1647	1	18296249	18296931	+	0	0	0		29	0	126	0.0	144	4	704	0.005681818181818182
CUFF_NC.1649	1	18305226	18307390	-	0	0	0		112	1	589	0.001697792869269949	362	3	1634	0.0018359853121175031
CUFF_NC.1648	1	18311081	18311508	-	0	0	0		31	0	144	0.0	95	1	466	0.002145922746781116
CUFF_NC.1653	1	18321577	18322459	+	0	0	0		21	0	72	0.0	186	3	749	0.004005340453938585
CUFF_NC.1657	1	18331522	18332262	-	0	0	0		17	0	40	0.0	58	0	106	0.0
CUFF_NC.1651	1	18343419	18344257	-	0	0	0		47	0	295	0.0	196	5	1091	0.00458295142071494
CUFF_NC.1659	1	18355404	18355799	-	0	0	0		26	1	135	0.007407407407407408	105	3	440	0.006818181818181818
CUFF_NC.1655	1	18362434	18363372	+	0	0	0		53	2	258	0.007751937984496124	248	7	1151	0.006081668114682885
CUFF_NC.1654	1	18366271	18366890	+	0	0	0		44	0	210	0.0	121	3	566	0.00530035335689046
CUFF_NC.1688	1	18376116	18380033	+	0	0	0		219	4	1526	0.002621231979030144	552	10	2620	0.003816793893129771
CUFF_NC.1660	1	18380236	18380944	+	0	0	0		14	22	52	0.4230769230769231	56	71	188	0.3776595744680851
CUFF_NC.1656	1	18386698	18387488	-	0	0	0		15	125	146	0.8561643835616438	67	134	544	0.24632352941176472
CUFF_NC.1658	1	18394106	18395009	-	0	0	0		32	0	318	0.0	203	7	1838	0.003808487486398259
CUFF_NC.1668	1	18400825	18401818	-	0	0	0		96	3	318	0.009433962264150943	222	1	691	0.001447178002894356
CUFF_NC.1662	1	18411079	18413181	+	0	0	0		97	2	526	0.0038022813688212928	467	9	1988	0.004527162977867203
CUFF_NC.1661	1	18427997	18430627	+	0	0	0		112	34	630	0.05396825396825397	467	32	2092	0.015296367112810707
CUFF_NC.1667	1	18445943	18446720	+	0	0	0		42	0	271	0.0	191	2	1069	0.0018709073900841909
CUFF_NC.1664	1	18447423	18449076	-	0	0	0		53	78	488	0.1598360655737705	421	220	3132	0.070242656449553
CUFF_NC.1665	1	18447614	18448968	+	0	0	0		48	78	459	0.16993464052287582	345	191	2594	0.07363145720894372
CUFF_NC.1663	1	18450525	18450965	+	0	0	0		16	0	81	0.0	104	4	446	0.008968609865470852
CUFF_NC.1666	1	18462746	18463425	-	0	0	0		31	0	487	0.0	89	2	1070	0.001869158878504673
CUFF_NC.1672	1	18489276	18489586	+	0	0	0		18	2	120	0.016666666666666666	85	0	543	0.0
CUFF_NC.1675	1	18510531	18512563	-	0	0	0		142	3	812	0.003694581280788177	463	5	2479	0.002016942315449778
CUFF_NC.1669	1	18542772	18543913	-	0	0	0		82	0	321	0.0	265	3	924	0.003246753246753247
CUFF_NC.1670	1	18548232	18549042	-	0	0	0		42	13	270	0.04814814814814815	125	24	622	0.03858520900321544
CUFF_NC.1671	1	18549195	18550129	-	0	0	0		36	8	178	0.0449438202247191	213	81	829	0.097708082026538
CUFF_NC.1673	1	18584973	18585371	-	0	0	0		23	0	79	0.0	111	1	427	0.00234192037470726
CUFF_NC.1674	1	18601872	18602765	-	0	0	0		12	0	59	0.0	86	5	405	0.012345679012345678
CUFF_NC.1680	1	18624898	18626504	+	0	0	0		109	2	828	0.0024154589371980675	313	6	1939	0.0030943785456420837
CUFF_NC.1681	1	18627541	18633022	+	0	0	0		231	10	1237	0.008084074373484237	910	47	4297	0.010937863625785431
CUFF_NC.1682	1	18630762	18631237	+	0	0	0		42	1	111	0.009009009009009009	114	1	293	0.0034129692832764505
CUFF_NC.1677	1	18640822	18642377	-	0	0	0		61	337	604	0.5579470198675497	481	559	3878	0.1441464672511604
CUFF_NC.1678	1	18641979	18642556	+	0	0	0		25	76	163	0.4662576687116564	142	88	630	0.13968253968253969
CUFF_NC.1683	1	18692238	18693258	-	0	0	0		56	2	373	0.005361930294906166	115	3	753	0.00398406374501992
CUFF_NC.1684	1	18692549	18693378	+	0	0	0		37	0	303	0.0	94	2	698	0.0028653295128939827
CUFF_NC.1685	1	18696997	18697619	-	0	0	0		17	0	241	0.0	65	1	620	0.0016129032258064516
CUFF_NC.1686	1	18744005	18744659	-	0	0	0		29	0	256	0.0	133	3	903	0.0033222591362126247
CUFF_NC.1687	1	18744959	18745412	+	0	0	0		5	60	90	0.6666666666666666	78	594	1135	0.5233480176211454
CUFF_NC.1693	1	18750304	18751264	-	0	0	0		83	2	417	0.004796163069544364	226	2	973	0.0020554984583761563
CUFF_NC.1692	1	18752911	18753944	+	0	0	0		40	2	288	0.006944444444444444	148	2	840	0.002380952380952381
CUFF_NC.1689	1	18757377	18758443	+	0	0	0		66	1	235	0.00425531914893617	132	0	468	0.0
CUFF_NC.1691	1	18772997	18774464	-	0	0	0		94	3	768	0.00390625	344	5	2358	0.0021204410517387615
CUFF_NC.1690	1	18783459	18783791	-	0	0	0		18	13	158	0.08227848101265822	100	2	805	0.002484472049689441
CUFF_NC.1694	1	18789227	18789721	+	0	0	0		16	1	54	0.018518518518518517	114	1	447	0.0022371364653243847
CUFF_NC.1695	1	18804108	18805157	+	0	0	0		22	77	136	0.5661764705882353	165	311	913	0.34063526834611174
CUFF_NC.1696	1	18809917	18810447	+	0	0	0		21	2	249	0.008032128514056224	112	2	1264	0.0015822784810126582
CUFF_NC.1697	1	18835936	18836474	+	0	0	0		29	0	309	0.0	144	1	1200	0.0008333333333333334
CUFF_NC.1698	1	18855098	18856079	-	0	0	0		51	1	327	0.0030581039755351682	206	6	1189	0.005046257359125316
CUFF_NC.1699	1	18857724	18858569	+	0	0	0		26	0	145	0.0	157	2	764	0.002617801047120419
CUFF_NC.1702	1	18863463	18865785	+	0	0	0		168	2	1114	0.0017953321364452424	571	8	2965	0.0026981450252951096
CUFF_NC.1703	1	18871425	18872584	-	0	0	0		88	4	789	0.005069708491761723	298	1	1909	0.0005238344683080147
CUFF_NC.1700	1	18874327	18874751	+	0	0	0		20	18	169	0.10650887573964497	96	34	762	0.04461942257217848
CUFF_NC.1707	1	18884156	18884799	-	0	0	0		33	0	128	0.0	128	2	432	0.004629629629629629
CUFF_NC.1701	1	18892250	18892911	-	0	0	0		33	37	312	0.11858974358974358	146	27	1129	0.023914968999114262
CUFF_NC.1704	1	18911529	18913599	-	0	0	0		56	1	424	0.0023584905660377358	456	4	2849	0.001404001404001404
CUFF_NC.1706	1	18934250	18934919	-	0	0	0		30	2	263	0.0076045627376425855	141	3	938	0.0031982942430703624
CUFF_NC.1705	1	18947611	18949235	+	0	0	0		45	1	260	0.0038461538461538464	395	11	1982	0.005549949545913219
CUFF_NC.1710	1	18953438	18955070	+	0	0	0		118	5	623	0.008025682182985553	333	3	1224	0.0024509803921568627
CUFF_NC.1708	1	18969815	18970769	+	0	0	0		117	783	1005	0.7791044776119403	252	563	2156	0.26113172541743973
CUFF_NC.1709	1	18987747	18988708	-	0	0	0		59	3	492	0.006097560975609756	219	2	1185	0.0016877637130801688
CUFF_NC.1711	1	18988883	18989307	-	0	0	0		15	0	115	0.0	105	7	442	0.01583710407239819
CUFF_NC.1712	1	19000632	19002226	+	0	0	0		56	1	223	0.004484304932735426	351	8	1239	0.00645682001614205
CUFF_NC.1716	1	19021134	19022016	+	0	0	0		47	1	220	0.004545454545454545	187	1	724	0.0013812154696132596
CUFF_NC.1713	1	19022417	19023522	-	0	0	0		34	59	369	0.15989159891598917	252	44	2133	0.02062822315986873
CUFF_NC.1714	1	19029236	19029544	+	0	0	0		8	0	14	0.0	76	1	280	0.0035714285714285713
CUFF_NC.1722	1	19030815	19031434	-	0	0	0		18	0	168	0.0	125	2	812	0.0024630541871921183
CUFF_NC.1715	1	19041432	19041859	-	0	0	0		21	1	125	0.008	116	2	494	0.004048582995951417
CUFF_NC.1717	1	19070880	19072078	-	0	0	0		53	1	213	0.004694835680751174	322	8	1372	0.0058309037900874635
CUFF_NC.1718	1	19076626	19078899	+	0	0	0		124	4	589	0.006791171477079796	440	5	1804	0.002771618625277162
CUFF_NC.1719	1	19077795	19078386	+	0	0	0		33	0	183	0.0	142	3	638	0.004702194357366771
CUFF_NC.1720	1	19081146	19081583	+	0	0	0		18	0	60	0.0	107	2	453	0.004415011037527594
CUFF_NC.1721	1	19093462	19094400	+	0	0	0		38	1	168	0.005952380952380952	206	2	693	0.002886002886002886
CUFF_NC.1723	1	19097725	19098461	+	0	0	0		21	0	101	0.0	160	1	667	0.0014992503748125937
CUFF_NC.1725	1	19115554	19116275	-	0	0	0		43	1	176	0.005681818181818182	171	2	696	0.0028735632183908046
CUFF_NC.1724	1	19117701	19118654	+	0	0	0		52	2	241	0.008298755186721992	207	3	828	0.0036231884057971015
CUFF_NC.1730	1	19122881	19124738	+	0	0	0		97	2	711	0.0028129395218002813	477	14	2575	0.005436893203883495
CUFF_NC.1726	1	19141008	19141393	-	0	0	0		28	0	105	0.0	97	3	380	0.007894736842105263
CUFF_NC.1727	1	19146938	19147575	-	0	0	0		2	0	2	0.0	12	0	12	0.0
CUFF_NC.1729	1	19149763	19152228	+	0	0	0		130	7	950	0.007368421052631579	572	12	3682	0.0032590983161325366
CUFF_NC.1732	1	19157832	19158098	-	0	0	0		28	1	89	0.011235955056179775	77	0	263	0.0
CUFF_NC.1731	1	19160820	19161633	+	0	0	0		32	0	172	0.0	89	0	378	0.0
CUFF_NC.1728	1	19174094	19174895	-	0	0	0		66	0	308	0.0	152	4	568	0.007042253521126761
CUFF_NC.1734	1	19200431	19205793	-	0	0	0		255	10	1367	0.0073152889539136795	1332	45	6362	0.007073247406475951
CUFF_NC.1733	1	19210367	19211004	+	0	0	0		32	1	255	0.00392156862745098	164	3	1272	0.0023584905660377358
CUFF_NC.1737	1	19218410	19220488	+	0	0	0		52	174	338	0.514792899408284	324	235	1768	0.1329185520361991
CUFF_NC.1736	1	19234139	19234691	-	0	0	0		0	0	0		16	7	40	0.175
CUFF_NC.1738	1	19247218	19248084	+	0	0	0		11	11	29	0.3793103448275862	97	65	411	0.15815085158150852
CUFF_NC.1735	1	19251912	19252476	+	0	0	0		3	0	11	0.0	11	0	38	0.0
CUFF_NC.1739	1	19261055	19266811	+	0	0	0		42	1	207	0.004830917874396135	120	0	569	0.0
CUFF_NC.1741	1	19294045	19294559	-	0	0	0		22	1	67	0.014925373134328358	132	0	431	0.0
CUFF_NC.1740	1	19294953	19295387	+	0	0	0		16	0	54	0.0	114	4	463	0.008639308855291577
CUFF_NC.1743	1	19298428	19298857	+	0	0	0		33	1	263	0.0038022813688212928	97	1	516	0.001937984496124031
CUFF_NC.1744	1	19305364	19305941	-	0	0	0		17	0	117	0.0	140	3	799	0.0037546933667083854
CUFF_NC.1745	1	19313494	19314161	+	0	0	0		18	0	190	0.0	127	2	817	0.0024479804161566705
CUFF_NC.1746	1	19315392	19316721	-	0	0	0		22	11	123	0.08943089430894309	231	28	1278	0.02190923317683881
CUFF_NC.1742	1	19319658	19320098	+	0	0	0		24	0	114	0.0	115	4	612	0.006535947712418301
CUFF_NC.1753	1	19346111	19351717	+	0	0	0		225	4	1249	0.0032025620496397116	1342	22	6258	0.003515500159795462
CUFF_NC.1747	1	19355515	19355979	+	0	0	0		25	0	105	0.0	119	3	611	0.004909983633387889
CUFF_NC.1752	1	19371587	19371945	-	0	0	0		25	0	192	0.0	89	3	649	0.004622496147919877
CUFF_NC.1748	1	19373686	19374402	-	0	0	0		4	0	4	0.0	23	0	23	0.0
CUFF_NC.1749	1	19379931	19380328	+	0	0	0		2	0	9	0.0	11	0	82	0.0
CUFF_NC.1754	1	19390634	19391084	+	0	0	0		3	0	8	0.0	68	32	204	0.1568627450980392
CUFF_NC.1755	1	19438137	19438822	-	0	0	0		24	0	153	0.0	141	4	896	0.004464285714285714
CUFF_NC.1757	1	19447199	19448002	-	0	0	0		4	0	4	0.0	21	0	21	0.0
CUFF_NC.1762	1	19452886	19453665	+	0	0	0		38	1	253	0.003952569169960474	173	4	981	0.004077471967380225
CUFF_NC.1756	1	19458650	19460146	+	0	0	0		24	2	186	0.010752688172043012	294	5	1782	0.0028058361391694723
CUFF_NC.1764	1	19460455	19461265	-	0	0	0		29	1	154	0.006493506493506494	134	1	491	0.002036659877800407
CUFF_NC.1765	1	19470163	19470835	+	0	0	0		44	0	290	0.0	183	3	1081	0.0027752081406105457
CUFF_NC.1760	1	19484616	19484924	-	0	0	0		25	1	168	0.005952380952380952	54	2	137	0.014598540145985401
CUFF_NC.1761	1	19486310	19487106	-	0	0	0		40	1	383	0.0026109660574412533	199	5	1605	0.003115264797507788
CUFF_NC.1759	1	19492243	19493382	+	0	0	0		28	0	166	0.0	234	1	1315	0.0007604562737642585
CUFF_NC.1758	1	19494243	19494843	+	0	0	0		21	0	124	0.0	165	1	667	0.0014992503748125937
CUFF_NC.1763	1	19496276	19497720	+	0	0	0		7	0	13	0.0	41	0	76	0.0
CUFF_NC.1769	1	19503999	19505371	-	0	0	0		84	4	564	0.0070921985815602835	329	5	1874	0.0026680896478121665
CUFF_NC.1766	1	19524645	19525507	-	0	0	0		55	1	376	0.0026595744680851063	172	1	955	0.0010471204188481676
CUFF_NC.1767	1	19574736	19575949	+	0	0	0		50	2	336	0.005952380952380952	284	8	1785	0.004481792717086834
CUFF_NC.1768	1	19579959	19580748	+	0	0	0		53	1	629	0.001589825119236884	152	3	1192	0.0025167785234899327
CUFF_NC.1770	1	19603011	19604328	-	0	0	0		58	14	313	0.04472843450479233	220	7	1066	0.006566604127579738
CUFF_NC.1771	1	19628617	19629050	-	0	0	0		25	0	111	0.0	114	2	451	0.004434589800443459
CUFF_NC.1776	1	19631777	19632108	+	0	0	0		23	0	60	0.0	97	0	286	0.0
CUFF_NC.1772	1	19651987	19652678	-	0	0	0		21	0	59	0.0	87	0	213	0.0
CUFF_NC.1773	1	19663972	19664548	-	0	0	0		27	0	109	0.0	158	1	531	0.0018832391713747645
CUFF_NC.1774	1	19666922	19668369	-	0	0	0		80	2	470	0.00425531914893617	384	6	1783	0.0033651149747616375
CUFF_NC.1775	1	19671627	19671912	+	0	0	0		15	0	101	0.0	56	1	340	0.0029411764705882353
CUFF_NC.1777	1	19685399	19686356	-	0	0	0		37	2	147	0.013605442176870748	130	3	499	0.006012024048096192
CUFF_NC.1778	1	19687970	19688414	-	0	0	0		13	0	67	0.0	112	1	544	0.001838235294117647
CUFF_NC.1781	1	19720996	19722293	-	0	0	0		40	460	646	0.7120743034055728	245	1593	3532	0.45101925254813136
CUFF_NC.1782	1	19723282	19723601	-	0	0	0		16	1	63	0.015873015873015872	74	0	298	0.0
CUFF_NC.1783	1	19724754	19731178	-	0	0	0		13	23	66	0.3484848484848485	68	38	288	0.13194444444444445
CUFF_NC.1780	1	19734718	19736270	-	0	0	0		9	31	36	0.8611111111111112	42	34	161	0.2111801242236025
CUFF_NC.1790	1	19750923	19756835	+	0	0	0		291	3	1591	0.0018856065367693275	1395	22	6629	0.0033187509428269724
CUFF_NC.1791	1	19751370	19757393	+	0	0	0		309	3	1706	0.0017584994138335288	1440	24	6985	0.003435934144595562
CUFF_NC.1785	1	19761651	19762530	+	0	0	0		36	3	307	0.009771986970684038	211	1	1442	0.0006934812760055479
CUFF_NC.1787	1	19764459	19765742	+	0	0	0		71	0	379	0.0	350	8	2150	0.0037209302325581397
CUFF_NC.1788	1	19766141	19766465	+	0	0	0		19	0	141	0.0	78	2	542	0.0036900369003690036
CUFF_NC.1789	1	19800891	19802505	-	0	0	0		127	2	696	0.0028735632183908046	468	12	2237	0.005364327223960662
CUFF_NC.1786	1	19811959	19812989	-	0	0	0		53	0	311	0.0	181	0	829	0.0
CUFF_NC.1793	1	19821006	19822513	+	0	0	0		72	1	311	0.003215434083601286	315	6	1348	0.004451038575667656
CUFF_NC.1792	1	19831989	19832576	-	0	0	0		36	0	312	0.0	131	2	897	0.002229654403567447
CUFF_NC.1799	1	19838249	19839173	-	0	0	0		73	3	378	0.007936507936507936	206	2	874	0.002288329519450801
CUFF_NC.1798	1	19843042	19843514	+	0	0	0		23	0	201	0.0	92	1	500	0.002
CUFF_NC.1794	1	19848652	19849244	+	0	0	0		18	0	125	0.0	130	2	891	0.002244668911335578
CUFF_NC.1796	1	19850200	19852127	+	0	0	0		126	3	553	0.0054249547920434	357	5	1435	0.003484320557491289
CUFF_NC.1800	1	19884079	19886386	+	0	0	0		187	0	818	0.0	592	6	2563	0.0023410066328521262
CUFF_NC.1801	1	19902314	19903642	-	0	0	0		59	2	454	0.004405286343612335	266	5	1358	0.003681885125184094
CUFF_NC.1804	1	19913119	19914613	+	0	0	0		102	3	508	0.005905511811023622	334	4	1456	0.0027472527472527475
CUFF_NC.1802	1	19926727	19927825	+	0	0	0		53	1	393	0.002544529262086514	249	6	1545	0.003883495145631068
CUFF_NC.1809	1	19945658	19946190	-	0	0	0		18	1	110	0.00909090909090909	111	3	669	0.004484304932735426
CUFF_NC.1803	1	19958614	19959246	-	0	0	0		55	0	257	0.0	150	0	618	0.0
CUFF_NC.1819	1	19965203	19966636	-	0	0	0		100	4	647	0.0061823802163833074	396	6	2341	0.0025630072618539087
CUFF_NC.1805	1	19996141	19996575	-	0	0	0		21	0	146	0.0	112	2	736	0.002717391304347826
CUFF_NC.1806	1	20000334	20000792	-	0	0	0		23	0	121	0.0	90	0	397	0.0
CUFF_NC.1807	1	20006553	20007007	-	0	0	0		14	0	65	0.0	96	3	393	0.007633587786259542
CUFF_NC.1808	1	20016606	20017024	+	0	0	0		13	8	51	0.1568627450980392	92	10	326	0.03067484662576687
CUFF_NC.1811	1	20024972	20025354	+	0	0	0		28	0	90	0.0	48	0	119	0.0
CUFF_NC.1812	1	20027441	20028389	+	0	0	0		79	0	340	0.0	185	0	667	0.0
CUFF_NC.1813	1	20038012	20039044	-	0	0	0		60	1	415	0.0024096385542168677	236	5	1320	0.003787878787878788
CUFF_NC.1810	1	20048355	20050029	-	0	0	0		86	1	397	0.0025188916876574307	326	3	1245	0.0024096385542168677
CUFF_NC.1814	1	20073112	20073727	+	0	0	0		55	0	349	0.0	104	0	523	0.0
CUFF_NC.1820	1	20083551	20084435	-	0	0	0		74	0	413	0.0	226	5	1161	0.004306632213608958
CUFF_NC.1816	1	20098967	20100726	-	0	0	0		120	1	536	0.0018656716417910447	365	14	1266	0.011058451816745656
CUFF_NC.1817	1	20106350	20107447	+	0	0	0		19	0	95	0.0	65	0	337	0.0
CUFF_NC.1818	1	20108003	20109415	+	0	0	0		70	1	447	0.0022371364653243847	386	5	2295	0.002178649237472767
CUFF_NC.1825	1	20134743	20135295	-	0	0	0		5	0	25	0.0	21	0	53	0.0
CUFF_NC.1829	1	20156106	20160801	+	0	0	0		219	4	1053	0.003798670465337132	989	11	4958	0.002218636546994756
CUFF_NC.1830	1	20158440	20162122	+	0	0	0		156	2	714	0.0028011204481792717	819	9	3481	0.002585463947141626
CUFF_NC.1826	1	20167570	20168254	-	0	0	0		19	0	178	0.0	60	2	458	0.004366812227074236
CUFF_NC.1827	1	20168437	20169887	-	0	0	0		86	0	462	0.0	353	4	1789	0.0022358859698155395
CUFF_NC.1831	1	20183921	20184902	+	0	0	0		104	0	449	0.0	275	7	1073	0.0065237651444548
CUFF_NC.1828	1	20189565	20191788	-	0	0	0		163	3	912	0.003289473684210526	570	8	2440	0.003278688524590164
CUFF_NC.1836	1	20199339	20199868	-	0	0	0		29	1	153	0.006535947712418301	145	2	660	0.0030303030303030303
CUFF_NC.1837	1	20201921	20202370	-	0	0	0		28	0	124	0.0	98	0	336	0.0
CUFF_NC.1832	1	20214072	20214479	+	0	0	0		45	1	120	0.008333333333333333	112	2	326	0.006134969325153374
CUFF_NC.1833	1	20214750	20215189	+	0	0	0		18	1	98	0.01020408163265306	117	1	574	0.0017421602787456446
CUFF_NC.1834	1	20217720	20218659	+	0	0	0		60	0	248	0.0	253	2	1019	0.001962708537782139
CUFF_NC.1835	1	20220805	20221552	+	0	0	0		25	0	177	0.0	177	5	1052	0.004752851711026616
CUFF_NC.1839	1	20229884	20230703	-	0	0	0		54	1	229	0.004366812227074236	218	2	766	0.0026109660574412533
CUFF_NC.1838	1	20242792	20243773	-	0	0	0		58	3	410	0.007317073170731708	263	5	1551	0.003223726627981947
CUFF_NC.1842	1	20257834	20259264	-	0	0	0		79	0	444	0.0	379	5	1895	0.002638522427440633
CUFF_NC.1843	1	20261395	20262107	-	0	0	0		49	0	195	0.0	204	2	762	0.0026246719160104987
CUFF_NC.1840	1	20273313	20274759	-	0	0	0		113	4	466	0.008583690987124463	355	4	1513	0.0026437541308658294
CUFF_NC.1854	1	20290438	20290856	-	0	0	0		17	0	113	0.0	86	0	438	0.0
CUFF_NC.1844	1	20300207	20300895	+	0	0	0		34	0	397	0.0	139	5	1365	0.003663003663003663
CUFF_NC.1847	1	20307645	20308737	-	0	0	0		36	1	239	0.0041841004184100415	203	3	1288	0.002329192546583851
CUFF_NC.1845	1	20314704	20315338	+	0	0	0		34	332	415	0.8	89	325	907	0.35832414553472985
CUFF_NC.1841	1	20321399	20321957	+	0	0	0		29	0	189	0.0	155	0	766	0.0
CUFF_NC.1846	1	20348194	20348792	-	0	0	0		21	0	112	0.0	158	2	829	0.0024125452352231603
CUFF_NC.1850	1	20358649	20359814	+	0	0	0		95	0	564	0.0	343	4	1630	0.00245398773006135
CUFF_NC.1848	1	20365572	20366072	-	0	0	0		32	3	267	0.011235955056179775	111	3	743	0.004037685060565276
CUFF_NC.1849	1	20386839	20387663	-	0	0	0		23	1	155	0.0064516129032258064	235	7	1257	0.005568814638027049
CUFF_NC.1856	1	20407131	20407672	+	0	0	0		29	1	157	0.006369426751592357	142	4	517	0.007736943907156673
CUFF_NC.1853	1	20430370	20431904	-	0	0	0		44	1	320	0.003125	258	4	1595	0.0025078369905956114
CUFF_NC.1851	1	20432320	20432742	-	0	0	0		15	0	66	0.0	103	3	556	0.00539568345323741
CUFF_NC.1852	1	20433860	20434342	-	0	0	0		25	75	243	0.30864197530864196	128	81	1265	0.06403162055335969
CUFF_NC.1858	1	20441266	20442087	+	0	0	0		23	0	77	0.0	202	1	795	0.0012578616352201257
CUFF_NC.1859	1	20442200	20442657	+	0	0	0		24	2	152	0.013157894736842105	91	1	564	0.0017730496453900709
CUFF_NC.1860	1	20443702	20444512	+	0	0	0		18	2	274	0.0072992700729927005	157	5	1330	0.0037593984962406013
CUFF_NC.1861	1	20447155	20448174	-	0	0	0		25	2	201	0.009950248756218905	207	3	1256	0.0023885350318471337
CUFF_NC.1862	1	20453308	20454294	+	0	0	0		37	1	280	0.0035714285714285713	242	3	1588	0.001889168765743073
CUFF_NC.1855	1	20455613	20456958	-	0	0	0		66	2	369	0.005420054200542005	324	4	1379	0.0029006526468455403
CUFF_NC.1866	1	20470863	20471464	-	0	0	0		39	0	200	0.0	104	0	492	0.0
CUFF_NC.1867	1	20472767	20473391	-	0	0	0		45	2	332	0.006024096385542169	141	2	942	0.0021231422505307855
CUFF_NC.1863	1	20475788	20476974	+	0	0	0		41	90	218	0.41284403669724773	151	122	909	0.1342134213421342
CUFF_NC.1865	1	20507526	20508326	+	0	0	0		34	0	169	0.0	197	1	782	0.0012787723785166241
CUFF_NC.1864	1	20511659	20512629	-	0	0	0		39	2	341	0.005865102639296188	262	2	1416	0.0014124293785310734
CUFF_NC.1868	1	20524653	20525528	+	0	0	0		25	69	170	0.40588235294117647	217	320	1511	0.21178027796161483
CUFF_NC.1870	1	20551366	20552449	-	0	0	0		53	1	237	0.004219409282700422	253	2	954	0.0020964360587002098
CUFF_NC.1871	1	20560501	20561154	+	0	0	0		38	0	145	0.0	175	2	518	0.003861003861003861
CUFF_NC.1872	1	20561595	20562114	+	0	0	0		26	0	177	0.0	148	1	950	0.0010526315789473684
CUFF_NC.1873	1	20562301	20562750	+	0	0	0		28	0	158	0.0	101	0	467	0.0
CUFF_NC.1875	1	20571281	20572142	-	0	0	0		66	3	382	0.007853403141361256	248	6	1333	0.00450112528132033
CUFF_NC.1874	1	20602784	20603260	-	0	0	0		7	0	65	0.0	122	4	996	0.004016064257028112
CUFF_NC.1877	1	20623102	20624759	+	0	0	0		110	2	546	0.003663003663003663	463	6	1953	0.0030721966205837174
CUFF_NC.1884	1	20652607	20653146	-	0	0	0		16	0	167	0.0	114	0	851	0.0
CUFF_NC.1883	1	20654601	20655013	+	0	0	0		29	0	185	0.0	107	3	603	0.004975124378109453
CUFF_NC.1879	1	20666262	20667907	+	0	0	0		105	3	635	0.004724409448818898	430	5	2150	0.002325581395348837
CUFF_NC.1880	1	20706572	20707167	+	0	0	0		35	0	80	0.0	161	1	380	0.002631578947368421
CUFF_NC.1881	1	20707476	20708968	-	0	0	0		62	2	674	0.002967359050445104	224	4	1822	0.0021953896816684962
CUFF_NC.1888	1	20724251	20724644	-	0	0	0		19	0	94	0.0	92	5	502	0.0099601593625498
CUFF_NC.1882	1	20728328	20728745	-	0	0	0		16	0	34	0.0	66	1	154	0.006493506493506494
CUFF_NC.1885	1	20729480	20730498	+	0	0	0		96	3	575	0.0052173913043478265	227	2	1092	0.0018315018315018315
CUFF_NC.1887	1	20752279	20754084	-	0	0	0		116	8	641	0.0124804992199688	417	67	2105	0.031828978622327794
CUFF_NC.1886	1	20753254	20754168	+	0	0	0		59	1	319	0.003134796238244514	222	3	1119	0.002680965147453083
CUFF_NC.1889	1	20763949	20765731	-	0	0	0		78	2	332	0.006024096385542169	323	1	1153	0.0008673026886383347
CUFF_NC.1891	1	20795036	20795500	-	0	0	0		26	161	271	0.5940959409594095	122	68	866	0.07852193995381063
CUFF_NC.1895	1	20808528	20809430	+	0	0	0		64	1	441	0.0022675736961451248	204	1	1464	0.0006830601092896175
CUFF_NC.1893	1	20831089	20831399	+	0	0	0		7	0	65	0.0	78	0	694	0.0
CUFF_NC.1892	1	20858876	20859521	+	0	0	0		54	0	281	0.0	137	1	536	0.0018656716417910447
CUFF_NC.1896	1	20875813	20876134	-	0	0	0		32	1	153	0.006535947712418301	89	0	383	0.0
CUFF_NC.1898	1	20880350	20880686	+	0	0	0		23	0	109	0.0	91	1	408	0.0024509803921568627
CUFF_NC.1899	1	20885321	20886123	+	0	0	0		74	3	693	0.004329004329004329	131	3	941	0.003188097768331562
CUFF_NC.1894	1	20893848	20894266	+	0	0	0		29	0	152	0.0	110	2	592	0.0033783783783783786
CUFF_NC.1900	1	20905899	20907294	-	0	0	0		57	0	284	0.0	310	3	1667	0.001799640071985603
CUFF_NC.1901	1	20909243	20909917	-	0	0	0		21	4	97	0.041237113402061855	114	2	527	0.003795066413662239
CUFF_NC.1897	1	20915745	20916476	+	0	0	0		19	0	84	0.0	105	0	329	0.0
CUFF_NC.1903	1	20929224	20930015	+	0	0	0		34	1	138	0.007246376811594203	142	2	575	0.0034782608695652175
CUFF_NC.1904	1	20941592	20942155	+	0	0	0		46	1	243	0.00411522633744856	112	3	514	0.005836575875486381
CUFF_NC.1902	1	20952102	20953102	-	0	0	0		62	1	189	0.005291005291005291	246	1	705	0.0014184397163120568
CUFF_NC.1905	1	20994018	20994322	+	0	0	0		25	1	155	0.0064516129032258064	83	2	433	0.004618937644341801
CUFF_NC.1907	1	20994948	20995494	+	0	0	0		35	0	187	0.0	157	2	698	0.0028653295128939827
CUFF_NC.1914	1	21008262	21009469	+	0	0	0		74	2	396	0.005050505050505051	285	8	1260	0.006349206349206349
CUFF_NC.1906	1	21035862	21037040	-	0	0	0		81	1	585	0.0017094017094017094	215	4	1627	0.002458512599877074
CUFF_NC.1908	1	21048646	21049322	+	0	0	0		32	2	231	0.008658008658008658	159	2	907	0.002205071664829107
CUFF_NC.1909	1	21054247	21054673	+	0	0	0		11	127	192	0.6614583333333334	98	320	1091	0.2933088909257562
CUFF_NC.1911	1	21056305	21063080	+	0	0	0		178	5	1172	0.004266211604095563	1303	15	6567	0.0022841480127912287
CUFF_NC.1910	1	21071136	21071765	+	0	0	0		37	0	133	0.0	134	3	371	0.008086253369272238
CUFF_NC.1913	1	21079449	21080501	+	0	0	0		51	2	304	0.006578947368421052	200	3	1137	0.002638522427440633
CUFF_NC.1912	1	21097346	21097796	-	0	0	0		28	0	153	0.0	92	2	470	0.00425531914893617
CUFF_NC.1915	1	21098802	21099141	+	0	0	0		10	0	44	0.0	86	1	327	0.0030581039755351682
CUFF_NC.1917	1	21124745	21125837	+	0	0	0		10	0	10	0.0	13	0	13	0.0
CUFF_NC.1916	1	21136866	21138108	-	0	0	0		51	1	299	0.0033444816053511705	333	2	1388	0.001440922190201729
CUFF_NC.1931	1	21174839	21176738	+	0	0	0		87	2	350	0.005714285714285714	490	6	2058	0.0029154518950437317
CUFF_NC.1918	1	21187503	21188368	+	0	0	0		40	1	367	0.0027247956403269754	160	2	1205	0.0016597510373443983
CUFF_NC.1919	1	21194185	21194680	-	0	0	0		32	1	213	0.004694835680751174	105	2	596	0.003355704697986577
CUFF_NC.1920	1	21205319	21207941	-	0	0	0		81	0	329	0.0	420	6	1645	0.00364741641337386
CUFF_NC.1923	1	21213624	21215407	-	0	0	0		128	4	723	0.005532503457814661	475	8	2437	0.003282724661469019
CUFF_NC.1922	1	21214942	21215395	+	0	0	0		47	3	253	0.011857707509881422	113	1	539	0.0018552875695732839
CUFF_NC.1921	1	21233963	21235471	+	0	0	0		34	0	168	0.0	214	1	949	0.001053740779768177
CUFF_NC.1924	1	21250408	21251350	+	0	0	0		49	1	250	0.004	209	5	960	0.005208333333333333
CUFF_NC.1925	1	21311794	21312267	+	0	0	0		9	0	19	0.0	51	2	143	0.013986013986013986
CUFF_NC.1926	1	21316768	21317930	-	0	0	0		48	0	187	0.0	227	4	1035	0.003864734299516908
CUFF_NC.1927	1	21337592	21339103	+	0	0	0		54	2	557	0.003590664272890485	340	10	2115	0.004728132387706856
CUFF_NC.1930	1	21376425	21376913	-	0	0	0		22	0	159	0.0	117	2	774	0.002583979328165375
CUFF_NC.1932	1	21380970	21381703	+	0	0	0		28	0	93	0.0	117	1	422	0.002369668246445498
CUFF_NC.1933	1	21384017	21385309	+	0	0	0		52	2	252	0.007936507936507936	331	5	1445	0.0034602076124567475
CUFF_NC.1937	1	21394980	21395412	-	0	0	0		19	0	170	0.0	98	2	793	0.0025220680958385876
CUFF_NC.1938	1	21395553	21398250	-	0	0	0		154	1	557	0.0017953321364452424	652	10	2271	0.004403346543372964
CUFF_NC.1951	1	21420017	21427360	-	0	0	0		159	256	1079	0.23725671918443003	1029	484	5703	0.08486761353673505
CUFF_NC.1952	1	21424978	21425552	-	0	0	0		2	0	8	0.0	25	0	75	0.0
CUFF_NC.1939	1	21438261	21440507	+	0	0	0		104	1	758	0.0013192612137203166	441	10	2796	0.00357653791130186
CUFF_NC.1935	1	21450152	21453471	+	0	0	0		41	45	176	0.2556818181818182	108	18	289	0.06228373702422145
CUFF_NC.1944	1	21456661	21457975	+	0	0	0		101	193	421	0.4584323040380047	294	138	1280	0.1078125
CUFF_NC.1940	1	21469281	21470059	-	0	0	0		38	3	158	0.0189873417721519	184	5	917	0.0054525627044711015
CUFF_NC.1942	1	21502913	21503710	-	0	0	0		62	0	563	0.0	207	4	1476	0.0027100271002710027
CUFF_NC.1941	1	21512472	21514243	+	0	0	0		94	0	420	0.0	285	2	1332	0.0015015015015015015
CUFF_NC.1947	1	21520420	21522461	-	0	0	0		87	2	692	0.002890173410404624	410	4	2684	0.0014903129657228018
CUFF_NC.1946	1	21532507	21533311	-	0	0	0		4	0	14	0.0	28	1	68	0.014705882352941176
CUFF_NC.1961	1	21540442	21541110	-	0	0	0		19	0	103	0.0	156	4	795	0.005031446540880503
CUFF_NC.1962	1	21548279	21549103	+	0	0	0		62	3	464	0.00646551724137931	182	3	1183	0.00253592561284869
CUFF_NC.1954	1	21579971	21580804	+	0	0	0		29	1	114	0.008771929824561403	144	3	467	0.006423982869379015
CUFF_NC.1953	1	21582654	21584048	+	0	0	0		35	2	225	0.008888888888888889	293	7	1319	0.00530705079605762
CUFF_NC.1957	1	21601917	21603026	-	0	0	0		32	132	256	0.515625	215	302	1650	0.18303030303030304
CUFF_NC.1958	1	21602144	21603083	+	0	0	0		30	132	254	0.5196850393700787	215	298	1749	0.1703830760434534
CUFF_NC.1959	1	21614291	21617433	-	0	0	0		10	4	41	0.0975609756097561	64	10	225	0.044444444444444446
CUFF_NC.1963	1	21623802	21624454	+	0	0	0		30	0	256	0.0	160	1	1010	0.0009900990099009901
CUFF_NC.1964	1	21640991	21641471	-	0	0	0		28	0	177	0.0	105	1	639	0.001564945226917058
CUFF_NC.1966	1	21653112	21655329	-	0	0	0		103	2	387	0.00516795865633075	485	6	1453	0.0041293874741913286
CUFF_NC.1965	1	21668154	21668738	+	0	0	0		17	0	73	0.0	140	1	571	0.0017513134851138354
CUFF_NC.1968	1	21674063	21677039	-	0	0	0		79	40	417	0.09592326139088729	596	38	2853	0.01331931300385559
CUFF_NC.1967	1	21689066	21689808	-	0	0	0		44	0	79	0.0	154	0	273	0.0
CUFF_NC.1969	1	21693034	21698579	+	0	0	0		93	0	584	0.0	589	9	2836	0.003173483779971791
CUFF_NC.1973	1	21707163	21708106	-	0	0	0		53	0	247	0.0	200	3	713	0.004207573632538569
CUFF_NC.1974	1	21710979	21713139	+	0	0	0		98	4	529	0.007561436672967864	428	7	2228	0.0031418312387791743
CUFF_NC.1975	1	21741110	21741590	-	0	0	0		14	79	150	0.5266666666666666	128	214	1303	0.1642363775901765
CUFF_NC.1977	1	21742942	21745703	-	0	0	0		24	16	116	0.13793103448275862	186	63	893	0.07054871220604703
CUFF_NC.1997	1	21863840	21864268	-	0	0	0		28	0	97	0.0	110	1	336	0.002976190476190476
CUFF_NC.1998	1	21864407	21865195	-	0	0	0		36	2	126	0.015873015873015872	196	2	792	0.0025252525252525255
CUFF_NC.1987	1	21887628	21888662	-	0	0	0		55	2	527	0.003795066413662239	252	4	1795	0.0022284122562674096
CUFF_NC.1988	1	21891273	21891888	+	0	0	0		19	0	137	0.0	88	0	537	0.0
CUFF_NC.1991	1	21893108	21893651	-	0	0	0		24	0	61	0.0	67	0	145	0.0
CUFF_NC.1995	1	21904075	21904675	-	0	0	0		27	0	191	0.0	123	2	813	0.0024600246002460025
CUFF_NC.1992	1	21906013	21906548	+	0	0	0		15	0	56	0.0	59	1	211	0.004739336492890996
CUFF_NC.1989	1	21906992	21907470	+	0	0	0		12	0	56	0.0	80	1	269	0.0037174721189591076
CUFF_NC.1996	1	21910225	21911639	+	0	0	0		84	0	427	0.0	252	4	1108	0.0036101083032490976
CUFF_NC.1990	1	21919569	21920024	-	0	0	0		21	0	273	0.0	108	1	884	0.0011312217194570137
CUFF_NC.1993	1	21925506	21926067	-	0	0	0		40	0	181	0.0	163	1	610	0.001639344262295082
CUFF_NC.1994	1	21928366	21929332	-	0	0	0		66	0	354	0.0	253	2	1172	0.0017064846416382253
CUFF_NC.2000	1	21929784	21931219	-	0	0	0		46	28	337	0.0830860534124629	325	137	2062	0.06644034917555772
CUFF_NC.1999	1	21935942	21936836	-	0	0	0		26	0	161	0.0	165	5	799	0.006257822277847309
CUFF_NC.2001	1	21950601	21951262	-	0	0	0		37	3	223	0.013452914798206279	153	1	764	0.0013089005235602095
CUFF_NC.2003	1	21971681	21972181	-	0	0	0		33	1	237	0.004219409282700422	154	2	837	0.0023894862604540022
CUFF_NC.2005	1	21996748	21998086	+	0	0	0		59	0	335	0.0	310	2	1320	0.0015151515151515152
CUFF_NC.2004	1	22024874	22025476	+	0	0	0		3	0	3	0.0	23	0	23	0.0
CUFF_NC.2006	1	22038784	22039821	-	0	0	0		75	3	261	0.011494252873563218	233	3	718	0.004178272980501393
CUFF_NC.2012	1	22055684	22056542	+	0	0	0		64	0	182	0.0	175	1	418	0.0023923444976076554
CUFF_NC.2007	1	22059445	22061500	+	0	0	0		34	117	206	0.5679611650485437	176	154	938	0.16417910447761194
CUFF_NC.2010	1	22068960	22072376	+	0	0	0		86	0	378	0.0	510	4	2004	0.001996007984031936
CUFF_NC.2008	1	22076532	22077068	-	0	0	0		22	0	141	0.0	105	4	714	0.0056022408963585435
CUFF_NC.2011	1	22089798	22090473	+	0	0	0		21	0	102	0.0	122	0	519	0.0
CUFF_NC.2009	1	22095328	22095778	+	0	0	0		22	1	203	0.0049261083743842365	109	6	932	0.006437768240343348
CUFF_NC.2013	1	22107699	22108661	-	0	0	0		8	0	15	0.0	67	0	159	0.0
CUFF_NC.2016	1	22168445	22169182	-	0	0	0		33	0	145	0.0	195	2	824	0.0024271844660194173
CUFF_NC.2023	1	22197934	22200401	-	0	0	0		136	1	704	0.0014204545454545455	470	3	2011	0.0014917951268025858
CUFF_NC.2019	1	22212536	22213017	+	0	0	0		49	1	242	0.004132231404958678	128	3	530	0.005660377358490566
CUFF_NC.2015	1	22215162	22216329	+	0	0	0		38	0	287	0.0	207	1	1451	0.0006891798759476223
CUFF_NC.2026	1	22218738	22221900	+	0	0	0		145	3	699	0.004291845493562232	634	12	2671	0.004492699363534257
CUFF_NC.2027	1	22220198	22223824	+	0	0	0		163	6	752	0.007978723404255319	777	28	3002	0.009327115256495669
CUFF_NC.2017	1	22239789	22240088	+	0	0	0		5	0	9	0.0	37	0	85	0.0
CUFF_NC.2018	1	22247832	22249653	+	0	0	0		119	1	560	0.0017857142857142857	319	4	1430	0.002797202797202797
CUFF_NC.2020	1	22262377	22263047	-	0	0	0		35	0	162	0.0	113	4	441	0.009070294784580499
CUFF_NC.2037	1	22299434	22301441	-	0	0	0		134	1	553	0.0018083182640144665	472	6	2052	0.0029239766081871343
CUFF_NC.2021	1	22315638	22316191	+	0	0	0		25	0	81	0.0	107	1	311	0.003215434083601286
CUFF_NC.2022	1	22316395	22316747	+	0	0	0		18	0	54	0.0	100	1	261	0.0038314176245210726
CUFF_NC.2030	1	22327898	22329197	+	0	0	0		87	0	490	0.0	353	2	1976	0.0010121457489878543
CUFF_NC.2031	1	22332778	22333212	-	0	0	0		22	3	215	0.013953488372093023	113	2	778	0.002570694087403599
CUFF_NC.2039	1	22343848	22344212	-	0	0	0		21	0	135	0.0	90	2	707	0.002828854314002829
CUFF_NC.2024	1	22362128	22363098	+	0	0	0		47	1	264	0.003787878787878788	254	5	1322	0.0037821482602118004
CUFF_NC.2025	1	22363331	22364010	+	0	0	0		34	0	129	0.0	120	2	351	0.005698005698005698
CUFF_NC.2028	1	22366798	22368181	+	0	0	0		104	3	575	0.0052173913043478265	320	3	1611	0.00186219739292365
CUFF_NC.2029	1	22381606	22382422	+	0	0	0		53	1	586	0.0017064846416382253	161	5	1223	0.004088307440719542
CUFF_NC.2033	1	22384652	22385006	+	0	0	0		27	0	146	0.0	98	2	591	0.00338409475465313
CUFF_NC.2034	1	22386728	22387420	+	0	0	0		28	1	325	0.003076923076923077	175	6	1464	0.004098360655737705
CUFF_NC.2032	1	22388626	22390182	+	0	0	0		99	2	498	0.004016064257028112	406	7	1893	0.0036978341257263604
CUFF_NC.2035	1	22409272	22410485	-	0	0	0		46	1	307	0.003257328990228013	247	4	1446	0.0027662517289073307
CUFF_NC.2036	1	22440479	22440903	+	0	0	0		19	0	118	0.0	102	2	495	0.00404040404040404
CUFF_NC.2042	1	22474626	22475409	+	0	0	0		45	3	332	0.009036144578313253	191	4	1015	0.003940886699507389
CUFF_NC.2041	1	22483655	22484065	-	0	0	0		27	0	157	0.0	127	0	542	0.0
CUFF_NC.2040	1	22486544	22488054	-	0	0	0		84	1	571	0.0017513134851138354	357	2	1798	0.0011123470522803114
CUFF_NC.2048	1	22493998	22495614	+	0	0	0		103	1	439	0.002277904328018223	363	4	1502	0.002663115845539281
CUFF_NC.2044	1	22499414	22502263	+	0	0	0		25	1	129	0.007751937984496124	124	1	365	0.0027397260273972603
CUFF_NC.2043	1	22504598	22505132	+	0	0	0		35	1	192	0.005208333333333333	132	0	610	0.0
CUFF_NC.2049	1	22509073	22510485	+	0	0	0		89	0	771	0.0	321	5	2385	0.0020964360587002098
CUFF_NC.2047	1	22517655	22518262	-	0	0	0		36	28	145	0.19310344827586207	147	43	595	0.07226890756302522
CUFF_NC.2045	1	22521897	22522706	+	0	0	0		34	0	233	0.0	175	5	763	0.00655307994757536
CUFF_NC.2046	1	22522298	22522882	-	0	0	0		27	0	165	0.0	142	4	630	0.006349206349206349
CUFF_NC.2056	1	22542512	22543315	-	0	0	0		45	0	325	0.0	191	3	1127	0.0026619343389529724
CUFF_NC.2051	1	22549456	22550570	-	0	0	0		61	1	298	0.003355704697986577	129	2	644	0.003105590062111801
CUFF_NC.2054	1	22553187	22554037	-	0	0	0		6	0	6	0.0	29	0	51	0.0
CUFF_NC.2050	1	22555099	22555519	+	0	0	0		7	0	45	0.0	49	0	305	0.0
CUFF_NC.2062	1	22557791	22559981	-	0	0	0		53	0	319	0.0	261	3	1173	0.0025575447570332483
CUFF_NC.2065	1	22569026	22570086	-	0	0	0		102	0	372	0.0	226	2	867	0.002306805074971165
CUFF_NC.2066	1	22571055	22571917	-	0	0	0		66	1	311	0.003215434083601286	187	1	819	0.001221001221001221
CUFF_NC.2055	1	22572629	22573384	-	0	0	0		31	0	372	0.0	183	1	834	0.001199040767386091
CUFF_NC.2057	1	22577749	22578282	+	0	0	0		4	0	7	0.0	47	0	79	0.0
CUFF_NC.2063	1	22584091	22585294	-	0	0	0		43	0	331	0.0	87	0	461	0.0
CUFF_NC.2058	1	22589243	22589709	+	0	0	0		33	0	200	0.0	89	2	438	0.0045662100456621
CUFF_NC.2059	1	22593833	22595361	+	0	0	0		88	1	664	0.0015060240963855422	270	3	1373	0.0021849963583394027
CUFF_NC.2064	1	22607817	22616024	+	0	0	0		172	4	614	0.006514657980456026	791	3	2301	0.001303780964797914
CUFF_NC.2061	1	22627672	22628119	-	0	0	0		12	0	55	0.0	101	0	396	0.0
CUFF_NC.2060	1	22634348	22635432	-	0	0	0		61	0	487	0.0	265	2	1333	0.0015003750937734434
CUFF_NC.2124	1	22642924	22643505	+	0	0	0		24	0	137	0.0	180	4	877	0.004561003420752566
CUFF_NC.2125	1	22643858	22645358	+	0	0	0		83	2	441	0.0045351473922902496	411	2	1921	0.001041124414367517
CUFF_NC.2126	1	22650304	22650648	+	0	0	0		21	0	76	0.0	95	2	287	0.006968641114982578
CUFF_NC.2079	1	22679745	22681677	+	0	0	0		112	1037	1460	0.7102739726027397	504	1596	6020	0.2651162790697674
CUFF_NC.2080	1	22683185	22687403	+	0	0	0		273	3	1476	0.0020325203252032522	1089	19	5394	0.0035224323322209862
CUFF_NC.2081	1	22685143	22690027	+	0	0	0		327	6	1677	0.0035778175313059034	1272	20	5997	0.0033350008337502085
CUFF_NC.2068	1	22729551	22731274	-	0	0	0		78	1	466	0.002145922746781116	320	2	1627	0.001229256299938537
CUFF_NC.2067	1	22737447	22737881	-	0	0	0		24	0	112	0.0	125	1	538	0.0018587360594795538
CUFF_NC.2072	1	22753776	22754502	+	0	0	0		12	1	55	0.01818181818181818	98	1	487	0.002053388090349076
CUFF_NC.2073	1	22755088	22755696	+	0	0	0		16	1	138	0.007246376811594203	131	3	876	0.003424657534246575
CUFF_NC.2069	1	22767429	22768530	-	0	0	0		35	1	221	0.004524886877828055	228	3	1158	0.0025906735751295338
CUFF_NC.2070	1	22782485	22783641	+	0	0	0		75	1	335	0.0029850746268656717	281	1	1242	0.0008051529790660225
CUFF_NC.2071	1	22784632	22786901	+	0	0	0		141	4	1310	0.0030534351145038168	458	3	2941	0.0010200612036722204
CUFF_NC.2075	1	22793261	22794352	+	0	0	0		39	1	331	0.0030211480362537764	129	10	1149	0.008703220191470844
CUFF_NC.2078	1	22800064	22801373	+	0	0	0		34	1	248	0.004032258064516129	208	4	957	0.0041797283176593526
CUFF_NC.2076	1	22807559	22807966	+	0	0	0		21	0	172	0.0	83	0	518	0.0
CUFF_NC.2077	1	22822719	22823287	+	0	0	0		10	1	37	0.02702702702702703	135	2	461	0.004338394793926247
CUFF_NC.2095	1	22861101	22861481	-	0	0	0		29	0	106	0.0	94	0	311	0.0
CUFF_NC.2084	1	22865122	22865956	+	0	0	0		39	1	296	0.0033783783783783786	187	2	871	0.002296211251435132
CUFF_NC.2083	1	22869849	22870383	+	0	0	0		36	0	164	0.0	138	3	674	0.004451038575667656
CUFF_NC.2091	1	22905220	22909251	-	0	0	0		228	3	1438	0.002086230876216968	1096	20	6259	0.003195398625978591
CUFF_NC.2092	1	22908526	22912605	-	0	0	0		191	2	1111	0.0018001800180018	803	17	4067	0.004179985247110892
CUFF_NC.2085	1	22913838	22914759	-	0	0	0		36	0	81	0.0	160	0	391	0.0
CUFF_NC.2087	1	22922169	22922821	-	0	0	0		45	1	254	0.003937007874015748	198	1	823	0.001215066828675577
CUFF_NC.2088	1	22931627	22932684	+	0	0	0		0	0	0		7	0	13	0.0
CUFF_NC.2089	1	22938243	22939041	+	0	0	0		71	0	239	0.0	140	1	421	0.0023752969121140144
CUFF_NC.2094	1	22982759	22983446	+	0	0	0		57	0	355	0.0	175	3	1000	0.003
CUFF_NC.2093	1	22989023	22989739	+	0	0	0		18	0	214	0.0	152	3	1316	0.0022796352583586625
CUFF_NC.2100	1	22995842	22996220	+	0	0	0		23	0	87	0.0	78	2	310	0.0064516129032258064
CUFF_NC.2098	1	23009953	23010561	+	0	0	0		31	0	130	0.0	165	2	486	0.00411522633744856
CUFF_NC.2097	1	23016713	23018217	+	0	0	0		111	3	414	0.007246376811594203	337	5	1062	0.004708097928436911
CUFF_NC.2096	1	23020593	23022846	+	0	0	0		68	21	358	0.05865921787709497	406	15	1878	0.007987220447284345
CUFF_NC.2104	1	23031299	23036181	+	0	0	0		161	301	1042	0.2888675623800384	1169	578	6983	0.0827724473721896
CUFF_NC.2106	1	23031319	23032125	-	0	0	0		17	62	122	0.5081967213114754	211	173	1043	0.16586768935762225
CUFF_NC.2105	1	23033544	23034215	+	0	0	0		15	135	167	0.8083832335329342	159	226	1711	0.13208649912331968
CUFF_NC.2102	1	23046695	23047394	-	0	0	0		51	0	226	0.0	145	0	496	0.0
CUFF_NC.2103	1	23050453	23050902	-	0	0	0		14	0	96	0.0	92	1	450	0.0022222222222222222
CUFF_NC.2099	1	23051168	23051595	+	0	0	0		16	0	49	0.0	68	0	191	0.0
CUFF_NC.2101	1	23072386	23073309	-	0	0	0		33	0	121	0.0	157	2	506	0.003952569169960474
CUFF_NC.2107	1	23086455	23087091	+	0	0	0		32	0	218	0.0	169	1	870	0.0011494252873563218
CUFF_NC.2108	1	23096680	23097246	-	0	0	0		18	29	141	0.20567375886524822	113	20	736	0.02717391304347826
CUFF_NC.2109	1	23096889	23097373	+	0	0	0		17	25	117	0.21367521367521367	85	18	500	0.036
CUFF_NC.2110	1	23100314	23101293	+	0	0	0		37	0	225	0.0	144	0	533	0.0
CUFF_NC.2113	1	23106221	23106581	+	0	0	0		16	0	83	0.0	84	1	370	0.002702702702702703
CUFF_NC.2111	1	23129028	23129635	-	0	0	0		40	1	426	0.002347417840375587	82	2	663	0.0030165912518853697
CUFF_NC.2112	1	23144746	23145194	-	0	0	0		30	1	138	0.007246376811594203	63	1	231	0.004329004329004329
CUFF_NC.2114	1	23145997	23147134	+	0	0	0		67	0	540	0.0	277	4	1663	0.0024052916416115455
CUFF_NC.2121	1	23151669	23152498	-	0	0	0		41	2	87	0.022988505747126436	145	1	312	0.003205128205128205
CUFF_NC.2122	1	23154504	23155473	-	0	0	0		34	1	227	0.004405286343612335	243	6	1366	0.004392386530014641
CUFF_NC.2123	1	23157470	23158102	+	0	0	0		7	0	17	0.0	31	0	58	0.0
CUFF_NC.2118	1	23159705	23160874	-	0	0	0		49	1	154	0.006493506493506494	190	2	582	0.003436426116838488
CUFF_NC.2119	1	23161159	23161480	-	0	0	0		8	0	19	0.0	61	0	149	0.0
CUFF_NC.2120	1	23162218	23162820	-	0	0	0		16	1	78	0.01282051282051282	112	1	416	0.002403846153846154
CUFF_NC.2115	1	23169226	23169996	-	0	0	0		48	2	156	0.01282051282051282	168	1	514	0.0019455252918287938
CUFF_NC.2133	1	23184997	23185456	-	0	0	0		5	0	23	0.0	19	0	68	0.0
CUFF_NC.2127	1	23199643	23200686	-	0	0	0		49	0	241	0.0	242	3	1025	0.002926829268292683
CUFF_NC.2128	1	23202328	23202752	-	0	0	0		31	0	122	0.0	101	3	399	0.007518796992481203
CUFF_NC.2129	1	23208542	23209042	+	0	0	0		26	5	178	0.028089887640449437	128	3	623	0.004815409309791332
CUFF_NC.2130	1	23213437	23217267	+	0	0	0		83	51	504	0.10119047619047619	633	321	3122	0.10281870595771941
CUFF_NC.2132	1	23234977	23236413	+	0	0	0		95	1	564	0.0017730496453900709	335	3	1688	0.0017772511848341231
CUFF_NC.2131	1	23237567	23238581	+	0	0	0		15	0	119	0.0	106	1	537	0.00186219739292365
CUFF_NC.2138	1	23252294	23252667	-	0	0	0		28	1	94	0.010638297872340425	97	0	360	0.0
CUFF_NC.2135	1	23257741	23258508	+	0	0	0		63	1	267	0.003745318352059925	174	2	683	0.0029282576866764276
CUFF_NC.2136	1	23261139	23262055	+	0	0	0		46	0	152	0.0	148	2	443	0.004514672686230248
CUFF_NC.2139	1	23284558	23284999	+	0	0	0		18	1	119	0.008403361344537815	84	4	564	0.0070921985815602835
CUFF_NC.2141	1	23294989	23295640	-	0	0	0		50	0	225	0.0	146	1	459	0.002178649237472767
CUFF_NC.2140	1	23296361	23297095	-	0	0	0		6	4	6	0.6666666666666666	23	1	23	0.043478260869565216
CUFF_NC.2149	1	23306113	23306513	-	0	0	0		23	1	148	0.006756756756756757	82	39	550	0.07090909090909091
CUFF_NC.2143	1	23323531	23326042	-	0	0	0		227	3	1156	0.0025951557093425604	471	8	1850	0.004324324324324324
CUFF_NC.2142	1	23332085	23332967	-	0	0	0		49	0	127	0.0	170	0	409	0.0
CUFF_NC.2147	1	23352330	23352801	+	0	0	0		6	0	32	0.0	111	3	688	0.00436046511627907
CUFF_NC.2145	1	23383124	23383830	-	0	0	0		18	0	111	0.0	136	2	897	0.002229654403567447
CUFF_NC.2150	1	23390634	23391036	+	0	0	0		29	0	175	0.0	95	0	523	0.0
CUFF_NC.2152	1	23404827	23405366	-	0	0	0		30	0	166	0.0	103	2	514	0.0038910505836575876
CUFF_NC.2151	1	23410523	23410963	+	0	0	0		29	1	195	0.005128205128205128	94	2	442	0.004524886877828055
CUFF_NC.2146	1	23411740	23412463	+	0	0	0		13	0	67	0.0	148	4	608	0.006578947368421052
CUFF_NC.2148	1	23414190	23415517	-	0	0	0		43	3	243	0.012345679012345678	237	3	966	0.003105590062111801
CUFF_NC.2154	1	23452538	23453254	+	0	0	0		45	0	251	0.0	191	3	901	0.003329633740288568
CUFF_NC.2155	1	23459159	23459732	-	0	0	0		30	46	180	0.25555555555555554	140	90	778	0.11568123393316196
CUFF_NC.2156	1	23470829	23471314	+	0	0	0		29	0	158	0.0	127	0	538	0.0
CUFF_NC.2159	1	23495422	23500368	+	0	0	0		189	2	1224	0.0016339869281045752	1175	23	6709	0.0034282307348338053
CUFF_NC.2160	1	23495774	23500645	+	0	0	0		183	2	1199	0.0016680567139282735	1145	25	6791	0.003681342953909586
CUFF_NC.2161	1	23496123	23501823	+	0	0	0		204	4	1423	0.0028109627547434997	1337	27	7952	0.0033953722334004025
CUFF_NC.2162	1	23497201	23502308	+	0	0	0		193	4	1220	0.003278688524590164	1257	25	7053	0.003544590954203885
CUFF_NC.2165	1	23515203	23517160	-	0	0	0		78	1	425	0.002352941176470588	352	2	1867	0.0010712372790573112
CUFF_NC.2157	1	23530989	23531374	-	0	0	0		20	0	88	0.0	103	1	592	0.0016891891891891893
CUFF_NC.2169	1	23538595	23541907	+	0	0	0		180	0	845	0.0	736	12	3399	0.00353045013239188
CUFF_NC.2158	1	23556732	23558940	-	0	0	0		122	6	659	0.009104704097116844	500	6	2765	0.00216998191681736
CUFF_NC.2171	1	23567362	23569086	-	0	0	0		137	0	792	0.0	405	4	1610	0.002484472049689441
CUFF_NC.2164	1	23573797	23574264	+	0	0	0		16	1	64	0.015625	79	4	334	0.011976047904191617
CUFF_NC.2166	1	23575195	23576500	-	0	0	0		78	3	539	0.0055658627087198514	236	1	1155	0.0008658008658008658
CUFF_NC.2167	1	23576815	23579219	-	0	0	0		93	1	622	0.001607717041800643	489	10	2743	0.0036456434560699965
CUFF_NC.2178	1	23589170	23589769	+	0	0	0		36	1	161	0.006211180124223602	154	3	543	0.0055248618784530384
CUFF_NC.2168	1	23605161	23605805	+	0	0	0		22	2	125	0.016	157	2	664	0.0030120481927710845
CUFF_NC.2172	1	23608779	23609480	+	0	0	0		42	2	268	0.007462686567164179	175	4	1026	0.003898635477582846
CUFF_NC.2173	1	23614515	23615430	-	0	0	0		52	0	486	0.0	151	0	1070	0.0
CUFF_NC.2174	1	23617227	23617604	-	0	0	0		20	1	165	0.006060606060606061	108	3	559	0.005366726296958855
CUFF_NC.2170	1	23632269	23632788	+	0	0	0		13	1	157	0.006369426751592357	63	0	474	0.0
CUFF_NC.2175	1	23636070	23637302	+	0	0	0		89	0	695	0.0	236	4	1574	0.0025412960609911056
CUFF_NC.2176	1	23643822	23645107	-	0	0	0		88	3	387	0.007751937984496124	363	6	1440	0.004166666666666667
CUFF_NC.2182	1	23653798	23654829	-	0	0	0		76	0	359	0.0	290	1	1283	0.000779423226812159
CUFF_NC.2183	1	23655341	23656120	-	0	0	0		41	2	173	0.011560693641618497	173	4	577	0.006932409012131715
CUFF_NC.2179	1	23668859	23669263	+	0	0	0		14	1	95	0.010526315789473684	74	1	337	0.002967359050445104
CUFF_NC.2188	1	23669893	23670406	+	0	0	0		18	0	158	0.0	143	2	1042	0.0019193857965451055
CUFF_NC.2180	1	23683332	23683843	+	0	0	0		40	0	351	0.0	102	2	469	0.0042643923240938165
CUFF_NC.2181	1	23689804	23690760	+	0	0	0		52	0	305	0.0	211	2	1101	0.0018165304268846503
CUFF_NC.2190	1	23701412	23704139	+	0	0	0		167	0	839	0.0	664	7	2990	0.0023411371237458192
CUFF_NC.2191	1	23704756	23710007	+	0	0	0		94	0	768	0.0	433	5	2813	0.0017774617845716318
CUFF_NC.2192	1	23707722	23714082	+	0	0	0		12	0	56	0.0	121	27	436	0.06192660550458716
CUFF_NC.2193	1	23708669	23714834	+	0	0	0		12	0	56	0.0	118	27	433	0.06235565819861432
CUFF_NC.2194	1	23711691	23712030	+	0	0	0		2	0	2	0.0	4	0	4	0.0
CUFF_NC.2185	1	23718359	23719168	-	0	0	0		66	0	165	0.0	160	6	389	0.015424164524421594
CUFF_NC.2184	1	23727661	23729325	-	0	0	0		89	0	462	0.0	247	4	927	0.004314994606256742
CUFF_NC.2186	1	23732643	23733088	-	0	0	0		37	0	141	0.0	115	1	376	0.0026595744680851063
CUFF_NC.2189	1	23741490	23742202	-	0	0	0		54	1	444	0.0022522522522522522	189	4	1152	0.003472222222222222
CUFF_NC.2187	1	23752835	23754535	+	0	0	0		84	3	377	0.007957559681697613	352	5	1724	0.002900232018561485
CUFF_NC.2204	1	23765163	23765844	-	0	0	0		40	0	157	0.0	147	1	540	0.001851851851851852
CUFF_NC.2199	1	23777463	23777878	-	0	0	0		15	0	75	0.0	97	1	464	0.0021551724137931034
CUFF_NC.2200	1	23778091	23779420	-	0	0	0		47	0	317	0.0	231	3	1198	0.0025041736227045075
CUFF_NC.2201	1	23782066	23783568	-	0	0	0		106	1	482	0.002074688796680498	402	11	1654	0.006650544135429262
CUFF_NC.2202	1	23792156	23793629	-	0	0	0		89	2	362	0.0055248618784530384	389	13	1437	0.009046624913013222
CUFF_NC.2203	1	23801034	23801767	+	0	0	0		35	1	154	0.006493506493506494	152	1	635	0.0015748031496062992
CUFF_NC.2205	1	23807373	23807781	-	0	0	0		29	1	180	0.005555555555555556	90	1	429	0.002331002331002331
CUFF_NC.2206	1	23826646	23827604	+	0	0	0		31	1	154	0.006493506493506494	157	1	535	0.001869158878504673
CUFF_NC.2207	1	23828590	23829892	+	0	0	0		56	1	324	0.0030864197530864196	286	3	1231	0.002437043054427295
CUFF_NC.2208	1	23836324	23836789	-	0	0	0		15	0	62	0.0	86	1	239	0.0041841004184100415
CUFF_NC.2212	1	23838595	23842265	-	0	0	0		97	0	611	0.0	363	0	1627	0.0
CUFF_NC.2209	1	23845874	23848978	-	0	0	0		232	6	1208	0.004966887417218543	722	8	3248	0.0024630541871921183
CUFF_NC.2215	1	23863672	23864797	-	0	0	0		55	2	413	0.004842615012106538	274	2	1548	0.0012919896640826874
CUFF_NC.2211	1	23868445	23870698	-	0	0	0		84	2	1477	0.0013540961408259986	357	8	4035	0.001982651796778191
CUFF_NC.2210	1	23872415	23874201	-	0	0	0		70	6	1238	0.004846526655896607	277	10	2979	0.003356831151393085
CUFF_NC.2213	1	23884232	23884668	+	0	0	0		10	23	54	0.42592592592592593	103	91	586	0.1552901023890785
CUFF_NC.2214	1	23884867	23885340	-	0	0	0		14	65	130	0.5	138	156	1394	0.11190817790530846
CUFF_NC.2217	1	23888890	23889665	-	0	0	0		39	2	281	0.0071174377224199285	220	1	1227	0.0008149959250203749
CUFF_NC.2218	1	23890972	23892035	+	0	0	0		71	0	484	0.0	169	0	1078	0.0
CUFF_NC.2216	1	23893197	23893836	-	0	0	0		18	1	73	0.0136986301369863	117	1	512	0.001953125
CUFF_NC.2220	1	23923692	23924314	-	0	0	0		12	0	78	0.0	155	0	723	0.0
CUFF_NC.2219	1	23927776	23928262	+	0	0	0		6	3	13	0.23076923076923078	28	1	57	0.017543859649122806
CUFF_NC.2222	1	23944378	23945564	+	0	0	0		72	6	325	0.018461538461538463	254	6	1060	0.005660377358490566
CUFF_NC.2223	1	23951459	23952648	-	0	0	0		57	0	361	0.0	259	3	1286	0.0023328149300155523
CUFF_NC.2227	1	23953200	23954499	-	0	0	0		52	0	226	0.0	184	0	745	0.0
CUFF_NC.2228	1	23959728	23961262	-	0	0	0		124	2	723	0.0027662517289073307	394	7	2130	0.0032863849765258214
CUFF_NC.2229	1	23962229	23962650	-	0	0	0		24	0	180	0.0	114	2	585	0.003418803418803419
CUFF_NC.2226	1	23963514	23964414	-	0	0	0		10	0	54	0.0	165	1	844	0.001184834123222749
CUFF_NC.2224	1	23964924	23966236	-	0	0	0		81	626	988	0.6336032388663968	354	546	3686	0.14812805208898536
CUFF_NC.2225	1	23965162	23966424	+	0	0	0		82	632	977	0.646878198567042	338	663	3836	0.17283628779979146
CUFF_NC.2237	1	23983576	23984602	-	0	0	0		85	0	572	0.0	277	5	1535	0.003257328990228013
CUFF_NC.2230	1	24005575	24006393	+	0	0	0		47	0	203	0.0	215	1	705	0.0014184397163120568
CUFF_NC.2231	1	24005750	24006307	-	0	0	0		39	0	173	0.0	151	1	480	0.0020833333333333333
CUFF_NC.2232	1	24006890	24009371	-	0	0	0		119	0	509	0.0	645	8	2264	0.0035335689045936395
CUFF_NC.2233	1	24017774	24019207	-	0	0	0		83	0	591	0.0	333	4	1595	0.0025078369905956114
CUFF_NC.2236	1	24020515	24021500	-	0	0	0		76	0	486	0.0	269	6	1663	0.0036079374624173183
CUFF_NC.2234	1	24035959	24036571	-	0	0	0		36	1	188	0.005319148936170213	89	2	402	0.004975124378109453
CUFF_NC.2235	1	24037493	24039086	-	0	0	0		81	2	740	0.002702702702702703	349	7	2196	0.0031876138433515485
CUFF_NC.2240	1	24054708	24055495	+	0	0	0		38	0	154	0.0	166	1	616	0.0016233766233766235
CUFF_NC.2241	1	24057461	24058473	-	0	0	0		69	1	437	0.002288329519450801	252	4	1260	0.0031746031746031746
CUFF_NC.2238	1	24061006	24062772	+	0	0	0		118	0	424	0.0	375	4	1092	0.003663003663003663
CUFF_NC.2239	1	24084817	24085610	-	0	0	0		8	0	60	0.0	189	2	1189	0.001682085786375105
CUFF_NC.2243	1	24087720	24088175	-	0	0	0		22	0	68	0.0	139	0	326	0.0
CUFF_NC.2244	1	24109758	24110543	-	0	0	0		61	0	325	0.0	209	0	962	0.0
CUFF_NC.2245	1	24120924	24124055	-	0	0	0		102	2	824	0.0024271844660194173	441	7	2616	0.002675840978593272
CUFF_NC.2246	1	24122171	24125292	-	0	0	0		95	0	560	0.0	407	4	1686	0.002372479240806643
CUFF_NC.2247	1	24124310	24129155	-	0	0	0		121	7	689	0.010159651669085631	722	31	3367	0.009207009207009207
CUFF_NC.2250	1	24135162	24136287	+	0	0	0		45	1	262	0.003816793893129771	183	1	839	0.0011918951132300357
CUFF_NC.2248	1	24146993	24147551	-	0	0	0		27	0	115	0.0	145	2	517	0.0038684719535783366
CUFF_NC.2249	1	24153112	24154151	-	0	0	0		82	3	912	0.003289473684210526	258	6	2459	0.0024400162667751117
CUFF_NC.2252	1	24189472	24190012	-	0	0	0		12	0	36	0.0	118	2	394	0.005076142131979695
CUFF_NC.2251	1	24190145	24190747	-	0	0	0		17	1	152	0.006578947368421052	115	5	744	0.006720430107526882
CUFF_NC.2255	1	24203833	24204376	+	0	0	0		14	0	52	0.0	144	2	536	0.0037313432835820895
CUFF_NC.2254	1	24215705	24217329	+	0	0	0		27	0	79	0.0	89	1	310	0.0032258064516129032
CUFF_NC.2256	1	24222121	24223187	+	0	0	0		2	0	14	0.0	18	0	155	0.0
CUFF_NC.2253	1	24225263	24225800	-	0	0	0		28	3	109	0.027522935779816515	152	15	573	0.02617801047120419
CUFF_NC.2257	1	24228087	24228637	-	0	0	0		50	2	355	0.005633802816901409	120	3	635	0.004724409448818898
CUFF_NC.2266	1	24235104	24235546	-	0	0	0		18	0	151	0.0	97	2	587	0.0034071550255536627
CUFF_NC.2258	1	24236243	24236929	-	0	0	0		26	0	140	0.0	187	2	733	0.002728512960436562
CUFF_NC.2264	1	24245447	24245893	-	0	0	0		18	1	187	0.0053475935828877	66	2	470	0.00425531914893617
CUFF_NC.2265	1	24247263	24248458	-	0	0	0		34	3	191	0.015706806282722512	134	4	575	0.006956521739130435
CUFF_NC.2261	1	24251372	24252357	-	0	0	0		37	1	229	0.004366812227074236	280	3	1114	0.0026929982046678637
CUFF_NC.2260	1	24253304	24259341	-	0	0	0		167	6	760	0.007894736842105263	1018	18	4072	0.0044204322200392925
CUFF_NC.2259	1	24262092	24262985	+	0	0	0		40	1	422	0.002369668246445498	129	5	930	0.005376344086021506
CUFF_NC.2267	1	24298734	24299642	+	0	0	0		4	0	9	0.0	10	0	18	0.0
CUFF_NC.2263	1	24300291	24300729	-	0	0	0		8	0	42	0.0	69	2	371	0.005390835579514825
CUFF_NC.2272	1	24306485	24307496	+	0	0	0		45	1	369	0.0027100271002710027	140	4	933	0.004287245444801715
CUFF_NC.2273	1	24308646	24309356	+	0	0	0		58	1	427	0.00234192037470726	193	3	1132	0.00265017667844523
CUFF_NC.2268	1	24315478	24317633	-	0	0	0		72	56	340	0.16470588235294117	448	307	2984	0.10288203753351206
CUFF_NC.2269	1	24317931	24319030	-	0	0	0		46	0	273	0.0	225	1	963	0.0010384215991692627
CUFF_NC.2270	1	24346209	24347236	-	0	0	0		53	0	240	0.0	241	5	1123	0.004452359750667854
CUFF_NC.2275	1	24349477	24350738	-	0	0	0		47	0	155	0.0	207	1	744	0.0013440860215053765
CUFF_NC.2271	1	24354749	24357995	-	0	0	0		100	1	599	0.001669449081803005	714	9	4211	0.0021372595582996915
CUFF_NC.2278	1	24383271	24383891	+	0	0	0		37	0	207	0.0	142	1	359	0.002785515320334262
CUFF_NC.2277	1	24385623	24386600	-	0	0	0		32	0	116	0.0	170	3	683	0.004392386530014641
CUFF_NC.2279	1	24399104	24400822	-	0	0	0		84	0	414	0.0	423	5	2141	0.002335357309668379
CUFF_NC.2281	1	24440406	24441052	+	0	0	0		29	0	158	0.0	116	1	519	0.0019267822736030828
CUFF_NC.2282	1	24442376	24443162	-	0	0	0		45	0	292	0.0	147	4	870	0.004597701149425287
CUFF_NC.2293	1	24468758	24474480	-	0	0	0		229	2	1084	0.0018450184501845018	974	20	4111	0.004864996351252737
CUFF_NC.2292	1	24497874	24498323	-	0	0	0		31	0	177	0.0	124	1	675	0.0014814814814814814
CUFF_NC.2291	1	24502086	24502692	+	0	0	0		41	0	141	0.0	134	1	417	0.002398081534772182
CUFF_NC.2283	1	24503240	24504177	-	0	0	0		63	1	356	0.0028089887640449437	272	1	1094	0.0009140767824497258
CUFF_NC.2286	1	24506758	24510735	+	0	0	0		145	43	823	0.05224787363304982	922	111	4361	0.025452877780325612
CUFF_NC.2287	1	24509471	24514263	+	0	0	0		220	2	1096	0.0018248175182481751	1157	19	5311	0.0035774807004330636
CUFF_NC.2288	1	24516246	24516864	+	0	0	0		34	0	139	0.0	133	3	635	0.004724409448818898
CUFF_NC.2284	1	24519652	24521231	+	0	0	0		66	1	312	0.003205128205128205	364	5	1570	0.0031847133757961785
CUFF_NC.2300	1	24551860	24552589	-	0	0	0		27	0	128	0.0	132	1	528	0.001893939393939394
CUFF_NC.2299	1	24560566	24562561	+	0	0	0		25	0	157	0.0	82	2	417	0.004796163069544364
CUFF_NC.2289	1	24576622	24577113	-	0	0	0		22	0	259	0.0	112	7	978	0.007157464212678937
CUFF_NC.2290	1	24587816	24588875	-	0	0	0		38	1	153	0.006535947712418301	192	0	815	0.0
CUFF_NC.2295	1	24601962	24602804	-	0	0	0		30	1	207	0.004830917874396135	146	0	1001	0.0
CUFF_NC.2296	1	24603805	24604234	-	0	0	0		25	0	83	0.0	119	2	343	0.0058309037900874635
CUFF_NC.2294	1	24609312	24609800	+	0	0	0		15	0	154	0.0	125	2	616	0.003246753246753247
CUFF_NC.2297	1	24619942	24621003	+	0	0	0		82	0	319	0.0	240	0	878	0.0
CUFF_NC.2301	1	24632571	24633798	-	0	0	0		72	1	393	0.002544529262086514	271	8	1251	0.006394884092725819
CUFF_NC.2298	1	24636919	24638535	-	0	0	0		61	0	463	0.0	378	3	1600	0.001875
CUFF_NC.2302	1	24688859	24689385	+	0	0	0		18	0	121	0.0	107	3	712	0.004213483146067416
CUFF_NC.2303	1	24689234	24689706	-	0	0	0		31	0	125	0.0	110	1	403	0.0024813895781637717
CUFF_NC.2309	1	24692796	24693233	-	0	0	0		16	1	159	0.006289308176100629	75	5	718	0.006963788300835654
CUFF_NC.2310	1	24695775	24696520	+	0	0	0		23	0	94	0.0	63	0	213	0.0
CUFF_NC.2307	1	24720800	24724443	+	0	0	0		136	131	954	0.13731656184486374	871	410	5070	0.08086785009861933
CUFF_NC.2306	1	24737276	24739672	-	0	0	0		83	1	624	0.0016025641025641025	494	9	2446	0.003679476696647588
CUFF_NC.2304	1	24745594	24746063	+	0	0	0		10	0	39	0.0	116	1	459	0.002178649237472767
CUFF_NC.2305	1	24748174	24749957	-	0	0	0		113	0	482	0.0	392	2	1694	0.0011806375442739079
CUFF_NC.2308	1	24753469	24758408	-	0	0	0		160	1	723	0.0013831258644536654	1079	10	4349	0.002299379167624741
CUFF_NC.2312	1	24769495	24774501	+	0	0	0		102	43	461	0.09327548806941431	758	32	3336	0.009592326139088728
CUFF_NC.2311	1	24787543	24788023	-	0	0	0		24	0	153	0.0	132	2	735	0.0027210884353741495
CUFF_NC.2316	1	24824329	24825219	-	0	0	0		15	1	55	0.01818181818181818	171	1	565	0.0017699115044247787
CUFF_NC.2317	1	24825376	24826587	-	0	0	0		59	1	325	0.003076923076923077	211	7	974	0.007186858316221766
CUFF_NC.2318	1	24839552	24841201	-	0	0	0		70	2	338	0.005917159763313609	270	4	931	0.004296455424274973
CUFF_NC.2319	1	24839657	24840280	-	0	0	0		39	1	173	0.005780346820809248	146	3	485	0.006185567010309278
CUFF_NC.2313	1	24842927	24843416	+	0	0	0		3	0	11	0.0	56	0	199	0.0
CUFF_NC.2314	1	24843302	24843833	-	0	0	0		17	0	103	0.0	112	1	419	0.002386634844868735
CUFF_NC.2315	1	24852939	24855783	+	0	0	0		87	0	322	0.0	591	8	2308	0.0034662045060658577
CUFF_NC.2360	1	24882477	24884817	-	0	0	0		70	0	361	0.0	522	9	2556	0.0035211267605633804
CUFF_NC.2361	1	24884941	24885629	-	0	0	0		31	0	251	0.0	122	0	537	0.0
CUFF_NC.2321	1	24917518	24918473	-	0	0	0		13	56	101	0.5544554455445545	58	139	440	0.3159090909090909
CUFF_NC.2322	1	24918063	24919372	+	0	0	0		35	43	302	0.1423841059602649	193	244	1282	0.19032761310452417
CUFF_NC.2320	1	24921434	24921855	+	0	0	0		13	0	70	0.0	100	4	510	0.00784313725490196
CUFF_NC.2323	1	24927410	24927973	+	0	0	0		18	0	91	0.0	85	2	384	0.005208333333333333
CUFF_NC.2325	1	24934150	24936455	+	0	0	0		85	5	1224	0.004084967320261438	413	12	3587	0.003345413994981879
CUFF_NC.2331	1	24948392	24949628	-	0	0	0		52	5	413	0.012106537530266344	281	19	1770	0.010734463276836158
CUFF_NC.2332	1	24952603	24955706	-	0	0	0		170	1	1148	0.0008710801393728223	647	11	3617	0.0030411943599668234
CUFF_NC.2329	1	24962871	24963999	+	0	0	0		81	2	634	0.0031545741324921135	261	3	1722	0.0017421602787456446
CUFF_NC.2330	1	24967169	24967834	+	0	0	0		19	0	184	0.0	134	1	966	0.0010351966873706005
CUFF_NC.2328	1	24972398	24973014	-	0	0	0		28	0	200	0.0	147	0	894	0.0
CUFF_NC.2327	1	24973782	24975062	+	0	0	0		52	0	436	0.0	298	3	1718	0.0017462165308498253
CUFF_NC.2349	1	24992557	24999166	+	0	0	0		333	9	2084	0.004318618042226488	1554	19	8810	0.0021566401816118046
CUFF_NC.2350	1	24993590	24999789	+	0	0	0		264	8	1744	0.0045871559633027525	1273	16	7630	0.0020969855832241153
CUFF_NC.2351	1	24995317	24996037	+	0	0	0		41	3	359	0.008356545961002786	198	2	1747	0.0011448196908986834
CUFF_NC.2352	1	24997426	25004927	+	0	0	0		100	2	529	0.003780718336483932	464	3	2433	0.0012330456226880395
CUFF_NC.2326	1	25010677	25011503	+	0	0	0		2	0	3	0.0	6	0	10	0.0
CUFF_NC.2335	1	25028695	25029935	+	0	0	0		63	0	712	0.0	233	9	1839	0.004893964110929853
CUFF_NC.2333	1	25032593	25033048	-	0	0	0		18	0	77	0.0	122	0	392	0.0
CUFF_NC.2334	1	25033182	25033697	-	0	0	0		11	2	40	0.05	126	14	434	0.03225806451612903
CUFF_NC.2344	1	25071367	25072463	+	0	0	0		75	3	851	0.0035252643948296123	277	6	2043	0.002936857562408223
CUFF_NC.2345	1	25082275	25082706	+	0	0	0		39	0	229	0.0	111	2	640	0.003125
CUFF_NC.2336	1	25095872	25096881	+	0	0	0		47	284	418	0.6794258373205742	260	750	2925	0.2564102564102564
CUFF_NC.2364	1	25101026	25101778	+	0	0	0		65	2	477	0.0041928721174004195	202	5	1422	0.0035161744022503515
CUFF_NC.2338	1	25121047	25121834	-	0	0	0		3	0	3	0.0	9	0	9	0.0
CUFF_NC.2340	1	25137181	25137766	+	0	0	0		14	0	45	0.0	109	12	241	0.04979253112033195
CUFF_NC.2341	1	25152972	25154169	+	0	0	0		68	2	1196	0.0016722408026755853	230	4	2729	0.0014657383657017222
CUFF_NC.2342	1	25173670	25174393	+	0	0	0		22	1	126	0.007936507936507936	194	5	952	0.005252100840336135
CUFF_NC.2343	1	25213852	25215290	-	0	0	0		68	2	204	0.00980392156862745	344	3	1156	0.0025951557093425604
CUFF_NC.2346	1	25221059	25221778	+	0	0	0		15	1	120	0.008333333333333333	157	4	894	0.0044742729306487695
CUFF_NC.2347	1	25230396	25230774	-	0	0	0		30	2	192	0.010416666666666666	85	2	555	0.0036036036036036037
CUFF_NC.2348	1	25231900	25232664	-	0	0	0		21	0	106	0.0	211	3	933	0.003215434083601286
CUFF_NC.2353	1	25236995	25238046	+	0	0	0		64	0	314	0.0	285	5	1044	0.004789272030651341
CUFF_NC.2354	1	25238394	25239330	+	0	0	0		9	0	93	0.0	46	0	376	0.0
CUFF_NC.2358	1	25255055	25256045	-	0	0	0		57	1	310	0.0032258064516129032	222	4	1132	0.0035335689045936395
CUFF_NC.2355	1	25275110	25275535	+	0	0	0		17	0	156	0.0	94	2	660	0.0030303030303030303
CUFF_NC.2362	1	25277312	25278336	-	0	0	0		69	1	325	0.003076923076923077	219	1	943	0.0010604453870625664
CUFF_NC.2356	1	25297481	25298439	+	0	0	0		33	0	165	0.0	158	1	568	0.0017605633802816902
CUFF_NC.2357	1	25298605	25300322	+	0	0	0		85	1	810	0.0012345679012345679	239	5	1479	0.0033806626098715348
CUFF_NC.2359	1	25304498	25305128	+	0	0	0		44	0	198	0.0	137	1	630	0.0015873015873015873
CUFF_NC.2363	1	25333133	25334975	+	0	0	0		69	1	588	0.0017006802721088435	434	4	2272	0.0017605633802816902
CUFF_NC.2368	1	25341104	25341851	-	0	0	0		43	0	283	0.0	170	1	1101	0.0009082652134423251
CUFF_NC.2369	1	25344599	25345557	+	0	0	0		72	2	421	0.004750593824228029	245	3	1080	0.002777777777777778
CUFF_NC.2365	1	25350581	25351067	-	0	0	0		16	0	210	0.0	117	4	1135	0.003524229074889868
CUFF_NC.2366	1	25350704	25351407	+	0	0	0		13	0	173	0.0	120	4	1394	0.0028694404591104736
CUFF_NC.2378	1	25365886	25366467	+	0	0	0		39	0	265	0.0	160	4	1041	0.0038424591738712775
CUFF_NC.2372	1	25376462	25379259	+	0	0	0		137	7	797	0.00878293601003764	611	7	3221	0.002173238124805961
CUFF_NC.2370	1	25398694	25399114	-	0	0	0		31	0	153	0.0	94	2	545	0.003669724770642202
CUFF_NC.2371	1	25398791	25399341	+	0	0	0		37	0	207	0.0	115	1	552	0.0018115942028985507
CUFF_NC.2380	1	25417377	25423639	+	0	0	0		363	5	2230	0.002242152466367713	1472	19	8333	0.002280091203648146
CUFF_NC.2381	1	25421246	25421952	+	0	0	0		50	0	295	0.0	190	3	1021	0.002938295788442703
CUFF_NC.2374	1	25424483	25425214	-	0	0	0		20	0	102	0.0	170	1	727	0.001375515818431912
CUFF_NC.2373	1	25426517	25427215	-	0	0	0		27	1	177	0.005649717514124294	170	2	997	0.0020060180541624875
CUFF_NC.2375	1	25444767	25445491	+	0	0	0		34	0	99	0.0	119	1	425	0.002352941176470588
CUFF_NC.2377	1	25446217	25448166	+	0	0	0		68	0	335	0.0	392	7	1994	0.003510531594784353
CUFF_NC.2376	1	25448438	25449065	+	0	0	0		16	0	76	0.0	137	2	686	0.0029154518950437317
CUFF_NC.2384	1	25466680	25467272	-	0	0	0		16	0	52	0.0	137	3	492	0.006097560975609756
CUFF_NC.2387	1	25481661	25482276	+	0	0	0		42	2	294	0.006802721088435374	129	1	864	0.0011574074074074073
CUFF_NC.2379	1	25484872	25485860	+	0	0	0		51	1	552	0.0018115942028985507	247	3	1466	0.0020463847203274215
CUFF_NC.2382	1	25488485	25489215	-	0	0	0		26	0	127	0.0	156	2	631	0.003169572107765452
CUFF_NC.2383	1	25532992	25534145	-	0	0	0		54	2	256	0.0078125	293	1	1230	0.0008130081300813008
CUFF_NC.2385	1	25539214	25540037	+	0	0	0		64	3	447	0.006711409395973154	169	1	992	0.0010080645161290322
CUFF_NC.2386	1	25557276	25558491	-	0	0	0		62	0	311	0.0	319	6	1296	0.004629629629629629
CUFF_NC.2388	1	25578095	25578752	-	0	0	0		30	0	78	0.0	138	2	423	0.004728132387706856
CUFF_NC.2390	1	25579374	25580193	+	0	0	0		42	1	293	0.0034129692832764505	178	7	954	0.007337526205450734
CUFF_NC.2389	1	25588370	25588872	+	0	0	0		22	0	131	0.0	144	1	770	0.0012987012987012987
CUFF_NC.2391	1	25610760	25612119	-	0	0	0		80	2	515	0.003883495145631068	307	11	1978	0.005561172901921132
CUFF_NC.2392	1	25639911	25640982	+	0	0	0		34	361	537	0.6722532588454376	195	855	2956	0.28924221921515564
CUFF_NC.2393	1	25647432	25649328	+	0	0	0		73	0	518	0.0	278	4	1421	0.0028149190710767065
CUFF_NC.2394	1	25660015	25662309	+	0	0	0		66	0	327	0.0	434	18	2585	0.006963249516441006
CUFF_NC.2395	1	25668887	25670515	+	0	0	0		73	1	447	0.0022371364653243847	309	3	1436	0.0020891364902506965
CUFF_NC.2396	1	25677745	25678383	+	0	0	0		25	0	131	0.0	119	1	561	0.0017825311942959
CUFF_NC.2397	1	25694737	25695352	-	0	0	0		18	0	140	0.0	106	1	497	0.002012072434607646
CUFF_NC.2398	1	25703312	25704610	+	0	0	0		32	1	191	0.005235602094240838	268	5	1453	0.0034411562284927736
CUFF_NC.2404	1	25707244	25708089	-	0	0	0		50	1	98	0.01020408163265306	199	2	413	0.004842615012106538
CUFF_NC.2401	1	25712630	25713303	+	0	0	0		33	0	160	0.0	164	3	613	0.004893964110929853
CUFF_NC.2402	1	25713697	25715105	+	0	0	0		55	1	364	0.0027472527472527475	320	3	1779	0.0016863406408094434
CUFF_NC.2399	1	25722564	25723220	-	0	0	0		21	52	93	0.5591397849462365	71	138	247	0.5587044534412956
CUFF_NC.2403	1	25734228	25735143	+	0	0	0		46	1	311	0.003215434083601286	209	3	1577	0.0019023462270133164
CUFF_NC.2400	1	25739263	25740201	-	0	0	0		40	1	295	0.003389830508474576	171	7	874	0.008009153318077803
CUFF_NC.2405	1	25746976	25747654	-	0	0	0		26	1	66	0.015151515151515152	157	3	445	0.006741573033707865
CUFF_NC.2406	1	25748827	25749641	-	0	0	0		34	0	106	0.0	200	4	593	0.006745362563237774
CUFF_NC.2407	1	25750669	25751882	-	0	0	0		54	422	693	0.6089466089466089	277	715	3340	0.21407185628742514
CUFF_NC.2408	1	25758729	25759130	+	0	0	0		11	0	57	0.0	115	1	468	0.002136752136752137
CUFF_NC.2410	1	25759792	25760376	-	0	0	0		32	0	106	0.0	144	2	390	0.005128205128205128
CUFF_NC.2409	1	25763451	25764539	-	0	0	0		37	0	91	0.0	234	1	622	0.001607717041800643
CUFF_NC.2412	1	25770315	25770747	+	0	0	0		16	0	111	0.0	91	0	478	0.0
CUFF_NC.2413	1	25777139	25777566	-	0	0	0		33	1	186	0.005376344086021506	114	1	566	0.0017667844522968198
CUFF_NC.2411	1	25783410	25783935	-	0	0	0		28	0	120	0.0	123	0	412	0.0
CUFF_NC.2416	1	25787275	25789881	-	0	0	0		95	1	727	0.001375515818431912	443	7	2601	0.002691272587466359
CUFF_NC.2417	1	25804566	25806360	-	0	0	0		109	2	1388	0.001440922190201729	388	10	3335	0.0029985007496251873
CUFF_NC.2418	1	25807627	25808003	-	0	0	0		39	0	303	0.0	48	1	387	0.002583979328165375
CUFF_NC.2419	1	25808431	25808899	-	0	0	0		47	2	127	0.015748031496062992	84	0	208	0.0
CUFF_NC.2415	1	25810738	25811091	+	0	0	0		15	0	158	0.0	50	1	547	0.0018281535648994515
CUFF_NC.2420	1	25822786	25823767	+	0	0	0		50	0	245	0.0	273	3	1265	0.0023715415019762848
CUFF_NC.2414	1	25828794	25829801	-	0	0	0		34	0	166	0.0	223	2	804	0.0024875621890547263
CUFF_NC.2426	1	25838152	25839364	+	0	0	0		48	4	454	0.00881057268722467	310	6	2148	0.002793296089385475
CUFF_NC.2422	1	25840890	25841780	+	0	0	0		35	1	182	0.005494505494505495	232	3	1220	0.002459016393442623
CUFF_NC.2421	1	25845130	25845819	+	0	0	0		34	0	211	0.0	133	2	877	0.002280501710376283
CUFF_NC.2423	1	25847147	25848386	+	0	0	0		48	1	339	0.0029498525073746312	331	1	2067	0.0004837929366231253
CUFF_NC.2424	1	25849219	25849905	+	0	0	0		16	0	119	0.0	131	1	683	0.0014641288433382138
CUFF_NC.2428	1	25869716	25870167	+	0	0	0		10	0	62	0.0	121	4	461	0.008676789587852495
CUFF_NC.2425	1	25880089	25881600	-	0	0	0		84	0	303	0.0	364	5	1370	0.0036496350364963502
CUFF_NC.2427	1	25907518	25907955	+	0	0	0		18	0	49	0.0	89	0	271	0.0
CUFF_NC.2430	1	25909057	25909467	+	0	0	0		29	1	337	0.002967359050445104	108	2	1049	0.0019065776930409914
CUFF_NC.2431	1	25933483	25933978	-	0	0	0		28	1	204	0.004901960784313725	81	1	273	0.003663003663003663
CUFF_NC.2434	1	25946675	25947270	+	0	0	0		32	0	157	0.0	159	2	828	0.0024154589371980675
CUFF_NC.2435	1	25948839	25949268	+	0	0	0		35	1	196	0.00510204081632653	74	0	266	0.0
CUFF_NC.2429	1	25954907	25955368	+	0	0	0		17	0	105	0.0	122	2	824	0.0024271844660194173
CUFF_NC.2433	1	25961692	25962433	-	0	0	0		17	2	141	0.014184397163120567	75	2	718	0.002785515320334262
CUFF_NC.2432	1	25963283	25963717	+	0	0	0		5	0	30	0.0	63	0	370	0.0
CUFF_NC.2438	1	25965295	25966079	-	0	0	0		59	2	239	0.008368200836820083	177	3	638	0.004702194357366771
CUFF_NC.2437	1	25969227	25969865	+	0	0	0		29	1	509	0.0019646365422396855	101	3	870	0.0034482758620689655
CUFF_NC.2436	1	25997133	25997897	-	0	0	0		17	0	74	0.0	192	3	683	0.004392386530014641
CUFF_NC.2439	1	25999833	26001524	-	0	0	0		59	0	313	0.0	380	10	1901	0.0052603892688058915
CUFF_NC.2440	1	26005093	26006121	-	0	0	0		46	0	299	0.0	231	4	1354	0.0029542097488921715
CUFF_NC.2451	1	26019711	26019970	+	0	0	0		11	0	97	0.0	27	1	263	0.0038022813688212928
CUFF_NC.2452	1	26025328	26025720	+	0	0	0		11	0	67	0.0	74	1	356	0.0028089887640449437
CUFF_NC.2442	1	26036569	26037690	+	0	0	0		66	0	308	0.0	259	5	940	0.005319148936170213
CUFF_NC.2443	1	26045936	26046280	+	0	0	0		26	1	176	0.005681818181818182	101	1	574	0.0017421602787456446
CUFF_NC.2441	1	26052903	26053318	+	0	0	0		7	0	16	0.0	25	0	52	0.0
CUFF_NC.2447	1	26072448	26074514	+	0	0	0		157	2	784	0.002551020408163265	591	7	2909	0.0024063251976624267
CUFF_NC.2446	1	26080069	26080965	-	0	0	0		45	0	359	0.0	201	4	1281	0.00312256049960968
CUFF_NC.2445	1	26083144	26083613	+	0	0	0		27	0	146	0.0	122	0	575	0.0
CUFF_NC.2444	1	26092920	26094098	-	0	0	0		46	0	305	0.0	292	3	1615	0.0018575851393188853
CUFF_NC.2448	1	26101529	26103193	+	0	0	0		108	2	521	0.003838771593090211	417	4	2073	0.001929570670525808
CUFF_NC.2449	1	26104426	26105389	+	0	0	0		16	0	78	0.0	96	1	413	0.002421307506053269
CUFF_NC.2450	1	26118925	26119588	+	0	0	0		45	2	158	0.012658227848101266	136	0	451	0.0
CUFF_NC.2458	1	26124764	26129737	-	0	0	0		258	5	1537	0.0032530904359141183	1152	21	6114	0.0034347399411187437
CUFF_NC.2454	1	26141786	26143516	-	0	0	0		83	1	358	0.002793296089385475	399	5	1765	0.0028328611898017
CUFF_NC.2455	1	26161404	26163741	+	0	0	0		114	2	570	0.0035087719298245615	467	9	2198	0.004094631483166515
CUFF_NC.2453	1	26172901	26173720	-	0	0	0		40	0	246	0.0	166	4	819	0.004884004884004884
CUFF_NC.2457	1	26175515	26179389	-	0	0	0		190	3	1194	0.002512562814070352	910	12	5234	0.0022927015666794038
CUFF_NC.2456	1	26182289	26183422	-	0	0	0		63	0	360	0.0	214	5	1069	0.004677268475210477
CUFF_NC.2460	1	26194484	26194851	+	0	0	0		26	0	94	0.0	78	0	327	0.0
CUFF_NC.2459	1	26196704	26197208	-	0	0	0		2	0	3	0.0	38	112	234	0.47863247863247865
CUFF_NC.2461	1	26208331	26210616	-	0	0	0		55	0	360	0.0	502	8	2697	0.0029662588060808304
CUFF_NC.2462	1	26216014	26217732	-	0	0	0		92	1	487	0.002053388090349076	391	3	1643	0.0018259281801582471
CUFF_NC.2470	1	26223090	26226644	-	0	0	0		252	7	1416	0.0049435028248587575	871	20	4514	0.004430660168365086
CUFF_NC.2472	1	26235320	26236344	-	0	0	0		30	1	102	0.00980392156862745	170	6	617	0.009724473257698542
CUFF_NC.2465	1	26239934	26240793	+	0	0	0		17	1	296	0.0033783783783783786	187	2	1552	0.001288659793814433
CUFF_NC.2464	1	26243412	26243903	+	0	0	0		12	1	52	0.019230769230769232	108	0	440	0.0
CUFF_NC.2467	1	26259016	26259674	-	0	0	0		26	0	132	0.0	169	4	656	0.006097560975609756
CUFF_NC.2468	1	26260052	26260613	-	0	0	0		59	2	229	0.008733624454148471	114	1	377	0.002652519893899204
CUFF_NC.2469	1	26281299	26281851	-	0	0	0		9	0	21	0.0	75	1	221	0.004524886877828055
CUFF_NC.2473	1	26293950	26294356	+	0	0	0		45	0	124	0.0	100	0	254	0.0
CUFF_NC.2471	1	26323388	26324975	+	0	0	0		86	0	349	0.0	396	5	1676	0.0029832935560859188
CUFF_NC.2475	1	26327570	26328122	+	0	0	0		22	0	55	0.0	85	0	238	0.0
CUFF_NC.2476	1	26329674	26332213	-	0	0	0		142	0	814	0.0	546	6	2468	0.0024311183144246355
CUFF_NC.2474	1	26345437	26345851	-	0	0	0		20	0	113	0.0	105	3	574	0.005226480836236934
CUFF_NC.2478	1	26350172	26351076	+	0	0	0		30	0	154	0.0	183	3	623	0.004815409309791332
CUFF_NC.2477	1	26363606	26364891	+	0	0	0		73	0	440	0.0	266	2	1389	0.0014398848092152627
CUFF_NC.2486	1	26400926	26402221	-	0	0	0		80	2	400	0.005	253	3	1136	0.002640845070422535
CUFF_NC.2480	1	26413575	26414631	+	0	0	0		54	0	281	0.0	254	3	1146	0.002617801047120419
CUFF_NC.2481	1	26421170	26421579	-	0	0	0		26	1	119	0.008403361344537815	105	6	277	0.021660649819494584
CUFF_NC.2485	1	26427494	26428329	-	0	0	0		65	0	209	0.0	257	4	840	0.004761904761904762
CUFF_NC.2484	1	26432680	26433373	+	0	0	0		45	4	575	0.006956521739130435	175	4	1489	0.002686366689053056
CUFF_NC.2482	1	26439838	26440457	-	0	0	0		34	0	171	0.0	153	0	674	0.0
CUFF_NC.2483	1	26441578	26442490	-	0	0	0		33	1	211	0.004739336492890996	163	1	873	0.001145475372279496
CUFF_NC.2487	1	26450071	26451105	-	0	0	0		48	1	283	0.0035335689045936395	243	0	1227	0.0
CUFF_NC.2488	1	26454073	26455336	-	0	0	0		81	4	393	0.010178117048346057	333	8	1661	0.00481637567730283
CUFF_NC.2489	1	26488702	26489920	+	0	0	0		83	1	432	0.0023148148148148147	336	2	1791	0.0011166945840312675
CUFF_NC.2490	1	26492968	26494772	+	0	0	0		129	4	933	0.004287245444801715	358	3	2017	0.001487357461576599
CUFF_NC.2491	1	26499944	26500637	+	0	0	0		66	4	332	0.012048192771084338	176	3	746	0.004021447721179625
CUFF_NC.2492	1	26512849	26515253	+	0	0	0		163	3	572	0.005244755244755245	492	6	1531	0.003919007184846506
CUFF_NC.2502	1	26541145	26541578	+	0	0	0		9	1	63	0.015873015873015872	95	2	572	0.0034965034965034965
CUFF_NC.2493	1	26551698	26552175	-	0	0	0		6	53	64	0.828125	80	464	782	0.5933503836317136
CUFF_NC.2497	1	26561670	26563455	-	0	0	0		126	1	721	0.0013869625520110957	423	2	2257	0.0008861320336730173
CUFF_NC.2498	1	26572050	26572567	-	0	0	0		15	0	41	0.0	139	1	458	0.002183406113537118
CUFF_NC.2499	1	26583395	26584784	+	0	0	0		62	0	294	0.0	287	3	1282	0.00234009360374415
CUFF_NC.2500	1	26585077	26585539	+	0	0	0		36	1	350	0.002857142857142857	105	2	794	0.0025188916876574307
CUFF_NC.2494	1	26594940	26595349	+	0	0	0		14	2	115	0.017391304347826087	64	2	486	0.00411522633744856
CUFF_NC.2495	1	26604946	26605351	-	0	0	0		28	1	113	0.008849557522123894	91	1	336	0.002976190476190476
CUFF_NC.2496	1	26606360	26606981	-	0	0	0		18	0	59	0.0	151	1	369	0.0027100271002710027
CUFF_NC.2501	1	26616266	26616996	+	0	0	0		30	1	208	0.004807692307692308	173	2	1303	0.0015349194167306216
CUFF_NC.2538	1	26626571	26626990	-	0	0	0		19	0	74	0.0	28	0	123	0.0
CUFF_NC.2539	1	26629271	26629963	-	0	0	0		58	0	633	0.0	158	8	1372	0.0058309037900874635
CUFF_NC.2503	1	26636073	26636929	-	0	0	0		38	0	120	0.0	204	1	701	0.0014265335235378032
CUFF_NC.2504	1	26666448	26666960	-	0	0	0		32	2	199	0.010050251256281407	169	3	607	0.004942339373970346
CUFF_NC.2505	1	26680734	26681636	+	0	0	0		26	0	415	0.0	120	1	1136	0.0008802816901408451
CUFF_NC.2507	1	26689806	26690217	+	0	0	0		22	0	105	0.0	96	2	292	0.00684931506849315
CUFF_NC.2521	1	26704466	26705244	-	0	0	0		49	2	350	0.005714285714285714	171	4	1163	0.0034393809114359416
CUFF_NC.2520	1	26715306	26718522	+	0	0	0		135	90	613	0.1468189233278956	741	76	3255	0.023348694316436252
CUFF_NC.2506	1	26725693	26726665	+	0	0	0		42	2	240	0.008333333333333333	244	3	1285	0.0023346303501945525
CUFF_NC.2508	1	26727525	26728583	-	0	0	0		45	2	200	0.01	269	3	1094	0.002742230347349177
CUFF_NC.2509	1	26733383	26733830	-	0	0	0		21	0	110	0.0	111	1	506	0.001976284584980237
CUFF_NC.2510	1	26742834	26744967	-	0	0	0		134	0	551	0.0	513	5	1908	0.002620545073375262
CUFF_NC.2511	1	26779756	26780403	+	0	0	0		12	77	105	0.7333333333333333	101	133	594	0.2239057239057239
CUFF_NC.2512	1	26780513	26781122	+	0	0	0		21	57	93	0.6129032258064516	75	192	505	0.3801980198019802
CUFF_NC.2513	1	26797788	26799019	+	0	0	0		76	0	252	0.0	257	1	742	0.0013477088948787063
CUFF_NC.2514	1	26799839	26800519	+	0	0	0		12	0	57	0.0	181	2	702	0.002849002849002849
CUFF_NC.2516	1	26809902	26811756	+	0	0	0		143	3	880	0.003409090909090909	458	7	2439	0.002870028700287003
CUFF_NC.2518	1	26812188	26815651	-	0	0	0		175	3	842	0.0035629453681710215	898	9	3659	0.0024596884394643345
CUFF_NC.2517	1	26828881	26829310	+	0	0	0		26	0	148	0.0	106	1	520	0.0019230769230769232
CUFF_NC.2519	1	26854593	26855111	-	0	0	0		13	0	20	0.0	57	0	89	0.0
CUFF_NC.2523	1	26888513	26889518	+	0	0	0		76	1	471	0.0021231422505307855	257	6	1360	0.004411764705882353
CUFF_NC.2522	1	26899730	26902324	+	0	0	0		156	3	605	0.0049586776859504135	537	6	2623	0.002287457110179184
CUFF_NC.2524	1	26938300	26939196	-	0	0	0		37	0	139	0.0	154	1	494	0.0020242914979757085
CUFF_NC.2527	1	26939499	26942952	-	0	0	0		241	2	1268	0.0015772870662460567	841	15	4017	0.0037341299477221808
CUFF_NC.2525	1	26944939	26947553	-	0	0	0		122	2	834	0.002398081534772182	659	2	3135	0.0006379585326953748
CUFF_NC.2526	1	26964228	26964679	-	0	0	0		22	1	104	0.009615384615384616	118	0	618	0.0
CUFF_NC.2528	1	26970279	26970640	-	0	0	0		4	0	25	0.0	97	0	658	0.0
CUFF_NC.2531	1	26983785	26984794	-	0	0	0		40	0	322	0.0	189	5	881	0.0056753688989784334
CUFF_NC.2529	1	26995577	26996631	+	0	0	0		52	0	221	0.0	255	1	1204	0.0008305647840531562
CUFF_NC.2537	1	27020575	27021890	-	0	0	0		79	2	464	0.004310344827586207	325	9	1689	0.0053285968028419185
CUFF_NC.2530	1	27024715	27025407	+	0	0	0		40	4	320	0.0125	154	2	868	0.002304147465437788
CUFF_NC.2532	1	27034393	27035196	+	0	0	0		52	2	405	0.0049382716049382715	167	2	858	0.002331002331002331
CUFF_NC.2534	1	27054194	27059182	-	0	0	0		236	5	1229	0.0040683482506102524	1073	11	4846	0.002269913330581923
CUFF_NC.2535	1	27055849	27060779	-	0	0	0		191	24	997	0.024072216649949848	1069	47	4944	0.009506472491909385
CUFF_NC.2536	1	27063690	27064430	-	0	0	0		42	2	253	0.007905138339920948	196	6	1024	0.005859375
CUFF_NC.2533	1	27064835	27065946	-	0	0	0		36	0	286	0.0	190	4	1189	0.00336417157275021
CUFF_NC.2544	1	27079240	27079552	-	0	0	0		20	0	69	0.0	87	0	315	0.0
CUFF_NC.2542	1	27087040	27087959	+	0	0	0		63	0	254	0.0	201	2	727	0.002751031636863824
CUFF_NC.2543	1	27088059	27088485	+	0	0	0		23	0	212	0.0	82	2	452	0.004424778761061947
CUFF_NC.2540	1	27092891	27093930	-	0	0	0		59	2	449	0.004454342984409799	194	0	986	0.0
CUFF_NC.2545	1	27097522	27098082	-	0	0	0		23	1	218	0.0045871559633027525	118	1	721	0.0013869625520110957
CUFF_NC.2541	1	27104994	27105794	-	0	0	0		33	0	130	0.0	191	1	656	0.001524390243902439
CUFF_NC.2546	1	27120100	27120731	+	0	0	0		15	2	107	0.018691588785046728	101	0	639	0.0
CUFF_NC.2547	1	27132400	27135188	-	0	0	0		182	1	948	0.0010548523206751054	647	9	3074	0.0029277813923227064
CUFF_NC.2548	1	27134083	27134578	-	0	0	0		30	0	108	0.0	102	1	351	0.002849002849002849
CUFF_NC.2550	1	27154697	27155632	+	0	0	0		66	0	431	0.0	193	2	1247	0.0016038492381716118
CUFF_NC.2549	1	27160329	27160793	+	0	0	0		17	0	71	0.0	97	1	573	0.0017452006980802793
CUFF_NC.2563	1	27169855	27171342	+	0	0	0		103	1	462	0.0021645021645021645	340	4	1591	0.00251414204902577
CUFF_NC.2555	1	27179870	27181625	-	0	0	0		71	0	354	0.0	403	7	2123	0.003297220913801225
CUFF_NC.2552	1	27184324	27185688	+	0	0	0		66	0	500	0.0	261	7	1411	0.004961020552799433
CUFF_NC.2553	1	27188462	27189181	-	0	0	0		48	0	126	0.0	173	0	517	0.0
CUFF_NC.2551	1	27190065	27190713	-	0	0	0		32	1	183	0.00546448087431694	146	2	705	0.0028368794326241137
CUFF_NC.2560	1	27199704	27200275	+	0	0	0		31	1	107	0.009345794392523364	127	0	394	0.0
CUFF_NC.2561	1	27209773	27213140	+	0	0	0		216	7	1560	0.004487179487179487	691	11	3852	0.0028556593977154725
CUFF_NC.2554	1	27227412	27227860	-	0	0	0		22	2	116	0.017241379310344827	101	3	575	0.0052173913043478265
CUFF_NC.2559	1	27228202	27229436	+	0	0	0		85	3	622	0.00482315112540193	294	9	1817	0.0049532195927352776
CUFF_NC.2567	1	27244997	27245550	-	0	0	0		26	0	281	0.0	136	3	1194	0.002512562814070352
CUFF_NC.2556	1	27259255	27259576	+	0	0	0		7	0	17	0.0	79	1	240	0.004166666666666667
CUFF_NC.2557	1	27259678	27260559	+	0	0	0		32	0	244	0.0	181	4	1195	0.0033472803347280333
CUFF_NC.2564	1	27272877	27273548	+	0	0	0		39	2	466	0.004291845493562232	185	3	1235	0.0024291497975708503
CUFF_NC.2565	1	27275038	27275764	+	0	0	0		46	0	339	0.0	178	7	1099	0.006369426751592357
CUFF_NC.2558	1	27276713	27277282	+	0	0	0		20	0	99	0.0	103	2	483	0.004140786749482402
CUFF_NC.2562	1	27285195	27285778	-	0	0	0		27	1	170	0.0058823529411764705	87	0	425	0.0
CUFF_NC.2568	1	27297970	27298459	+	0	0	0		45	1	104	0.009615384615384616	121	3	250	0.012
CUFF_NC.2566	1	27311641	27312599	-	0	0	0		59	0	217	0.0	218	2	679	0.0029455081001472753
CUFF_NC.2569	1	27344084	27344718	-	0	0	0		35	3	325	0.009230769230769232	140	3	1032	0.0029069767441860465
CUFF_NC.2580	1	27352427	27353640	-	0	0	0		67	0	409	0.0	256	4	1298	0.0030816640986132513
CUFF_NC.2572	1	27388011	27388470	+	0	0	0		17	0	77	0.0	102	0	357	0.0
CUFF_NC.2570	1	27390956	27391714	-	0	0	0		65	1	345	0.002898550724637681	223	2	934	0.0021413276231263384
CUFF_NC.2571	1	27392450	27393160	-	0	0	0		36	0	190	0.0	124	0	642	0.0
CUFF_NC.2573	1	27394539	27396618	-	0	0	0		134	1	601	0.0016638935108153079	395	7	1394	0.005021520803443328
CUFF_NC.2577	1	27409459	27413628	+	0	0	0		294	4	1591	0.00251414204902577	1036	19	5075	0.00374384236453202
CUFF_NC.2578	1	27416113	27419122	+	0	0	0		212	3	1074	0.002793296089385475	786	9	3629	0.002480022044640397
CUFF_NC.2576	1	27421903	27423106	-	0	0	0		70	1	258	0.003875968992248062	296	2	1034	0.0019342359767891683
CUFF_NC.2588	1	27450474	27451060	-	0	0	0		33	0	152	0.0	141	0	738	0.0
CUFF_NC.2575	1	27469589	27470160	+	0	0	0		44	3	258	0.011627906976744186	160	1	891	0.001122334455667789
CUFF_NC.2574	1	27478256	27478671	+	0	0	0		13	1	186	0.005376344086021506	87	0	780	0.0
CUFF_NC.2581	1	27482273	27482765	-	0	0	0		50	1	320	0.003125	137	1	799	0.0012515644555694619
CUFF_NC.2579	1	27504676	27506431	+	0	0	0		116	4	738	0.005420054200542005	421	5	2196	0.002276867030965392
CUFF_NC.2585	1	27530259	27531182	+	0	0	0		27	0	182	0.0	167	1	632	0.0015822784810126582
CUFF_NC.2582	1	27533596	27534533	+	0	0	0		41	0	274	0.0	247	4	1620	0.0024691358024691358
CUFF_NC.2583	1	27536453	27537218	-	0	0	0		9	1	47	0.02127659574468085	151	2	698	0.0028653295128939827
CUFF_NC.2586	1	27538137	27539483	-	0	0	0		63	0	220	0.0	390	2	1347	0.0014847809948032665
CUFF_NC.2584	1	27547247	27548323	+	0	0	0		48	0	166	0.0	177	0	657	0.0
CUFF_NC.2594	1	27559974	27564049	+	0	0	0		189	1	879	0.0011376564277588168	924	12	3828	0.003134796238244514
CUFF_NC.2587	1	27568885	27569320	+	0	0	0		25	1	81	0.012345679012345678	121	3	445	0.006741573033707865
CUFF_NC.2591	1	27573842	27574280	-	0	0	0		33	1	197	0.005076142131979695	109	2	607	0.0032948929159802307
CUFF_NC.2595	1	27584530	27586855	+	0	0	0		160	0	1009	0.0	579	7	3265	0.0021439509954058193
CUFF_NC.2601	1	27618644	27619666	-	0	0	0		38	0	171	0.0	239	4	1193	0.003352891869237217
CUFF_NC.2602	1	27627056	27627457	-	0	0	0		21	0	205	0.0	58	1	560	0.0017857142857142857
CUFF_NC.2592	1	27633664	27636707	+	0	0	0		149	427	1199	0.3561301084236864	704	936	5872	0.15940054495912806
CUFF_NC.2589	1	27638558	27645298	+	0	0	0		193	3	965	0.0031088082901554403	1116	17	4823	0.00352477710968277
CUFF_NC.2590	1	27642380	27643051	+	0	0	0		20	0	139	0.0	103	4	437	0.009153318077803204
CUFF_NC.2599	1	27650142	27650549	+	0	0	0		17	0	75	0.0	68	0	188	0.0
CUFF_NC.2597	1	27653399	27653776	-	0	0	0		30	2	175	0.011428571428571429	106	0	502	0.0
CUFF_NC.2598	1	27654821	27655453	-	0	0	0		40	1	272	0.003676470588235294	133	2	788	0.0025380710659898475
CUFF_NC.2593	1	27656279	27656750	+	0	0	0		10	0	85	0.0	75	2	547	0.003656307129798903
CUFF_NC.2596	1	27669070	27669688	-	0	0	0		16	0	125	0.0	122	0	878	0.0
CUFF_NC.2600	1	27683548	27683986	+	0	0	0		20	0	72	0.0	87	1	277	0.0036101083032490976
CUFF_NC.2603	1	27684561	27685431	-	0	0	0		47	50	265	0.18867924528301888	187	12	846	0.014184397163120567
CUFF_NC.2609	1	27686521	27687239	-	0	0	0		31	1	265	0.0037735849056603774	118	1	864	0.0011574074074074073
CUFF_NC.2604	1	27711850	27712337	-	0	0	0		32	0	132	0.0	126	1	407	0.002457002457002457
CUFF_NC.2605	1	27712515	27713215	-	0	0	0		23	0	89	0.0	112	3	404	0.007425742574257425
CUFF_NC.2606	1	27720249	27720698	-	0	0	0		20	0	102	0.0	102	2	450	0.0044444444444444444
CUFF_NC.2608	1	27730651	27731788	+	0	0	0		95	2	517	0.0038684719535783366	308	4	1406	0.002844950213371266
CUFF_NC.2607	1	27734120	27736127	-	0	0	0		102	1	620	0.0016129032258064516	409	3	1751	0.0017133066818960593
CUFF_NC.2611	1	27740401	27741556	+	0	0	0		32	1	141	0.0070921985815602835	178	0	579	0.0
CUFF_NC.2610	1	27754575	27755248	+	0	0	0		30	0	196	0.0	179	3	630	0.004761904761904762
CUFF_NC.2613	1	27804021	27804722	+	0	0	0		20	0	102	0.0	117	0	423	0.0
CUFF_NC.2618	1	27805079	27805845	+	0	0	0		49	1	381	0.0026246719160104987	139	5	1192	0.0041946308724832215
CUFF_NC.2612	1	27822546	27823567	+	0	0	0		78	0	454	0.0	278	5	1469	0.0034036759700476512
CUFF_NC.2614	1	27831188	27834654	+	0	0	0		129	3	885	0.003389830508474576	676	12	3612	0.0033222591362126247
CUFF_NC.2615	1	27831641	27832162	+	0	0	0		7	0	44	0.0	95	2	517	0.0038684719535783366
CUFF_NC.2619	1	27851608	27853467	+	0	0	0		69	0	457	0.0	361	5	1854	0.002696871628910464
CUFF_NC.2617	1	27861648	27862759	-	0	0	0		75	1	303	0.0033003300330033004	258	1	1026	0.0009746588693957114
CUFF_NC.2616	1	27864557	27865621	+	0	0	0		40	1	256	0.00390625	253	3	1120	0.0026785714285714286
CUFF_NC.2620	1	27873422	27875936	-	0	0	0		136	1	856	0.0011682242990654205	665	9	3923	0.0022941626306398166
CUFF_NC.2621	1	27883520	27883940	-	0	0	0		29	1	199	0.005025125628140704	103	3	539	0.0055658627087198514
CUFF_NC.2643	1	27887067	27887706	-	0	0	0		42	0	214	0.0	157	2	838	0.002386634844868735
CUFF_NC.2642	1	27891644	27892489	+	0	0	0		49	0	201	0.0	232	4	1032	0.003875968992248062
CUFF_NC.2628	1	27907465	27908385	+	0	0	0		63	0	242	0.0	208	3	813	0.0036900369003690036
CUFF_NC.2626	1	27911790	27912790	-	0	0	0		73	1	419	0.002386634844868735	294	2	1545	0.0012944983818770227
CUFF_NC.2627	1	27916344	27916797	-	0	0	0		25	2	63	0.031746031746031744	76	0	192	0.0
CUFF_NC.2624	1	27925133	27925825	+	0	0	0		56	2	325	0.006153846153846154	191	1	698	0.0014326647564469914
CUFF_NC.2649	1	27930818	27934220	-	0	0	0		27	24	73	0.3287671232876712	155	166	421	0.39429928741092635
CUFF_NC.2650	1	27940803	27941449	-	0	0	0		26	2	290	0.006896551724137931	165	3	1175	0.002553191489361702
CUFF_NC.2651	1	27943298	27944081	+	0	0	0		34	1	103	0.009708737864077669	189	0	475	0.0
CUFF_NC.2622	1	27951825	27952500	-	0	0	0		12	1	64	0.015625	149	2	791	0.0025284450063211127
CUFF_NC.2625	1	27964804	27965229	-	0	0	0		25	1	210	0.004761904761904762	115	2	689	0.002902757619738752
CUFF_NC.2629	1	27987144	27987556	-	0	0	0		27	2	322	0.006211180124223602	81	2	774	0.002583979328165375
CUFF_NC.2632	1	28005157	28005779	-	0	0	0		32	0	172	0.0	110	4	587	0.0068143100511073255
CUFF_NC.2633	1	28006210	28007576	-	0	0	0		85	4	528	0.007575757575757576	345	2	1476	0.0013550135501355014
CUFF_NC.2635	1	28011135	28012168	+	0	0	0		40	1	311	0.003215434083601286	202	6	1349	0.004447739065974796
CUFF_NC.2631	1	28013117	28015835	-	0	0	0		152	3	816	0.003676470588235294	641	11	2983	0.0036875628561850488
CUFF_NC.2634	1	28026311	28026676	+	0	0	0		24	0	191	0.0	83	0	366	0.0
CUFF_NC.2630	1	28028053	28028803	-	0	0	0		41	0	240	0.0	157	1	775	0.0012903225806451613
CUFF_NC.2636	1	28030004	28030461	+	0	0	0		12	0	36	0.0	117	2	422	0.004739336492890996
CUFF_NC.2639	1	28031821	28032517	-	0	0	0		40	0	320	0.0	169	2	1041	0.0019212295869356388
CUFF_NC.2638	1	28054209	28054753	+	0	0	0		21	0	112	0.0	102	1	465	0.002150537634408602
CUFF_NC.2637	1	28056359	28056889	-	0	0	0		18	1	65	0.015384615384615385	135	2	550	0.0036363636363636364
CUFF_NC.2640	1	28060272	28060603	-	0	0	0		17	1	67	0.014925373134328358	86	1	287	0.003484320557491289
CUFF_NC.2641	1	28061727	28062335	+	0	0	0		41	0	179	0.0	167	1	570	0.0017543859649122807
CUFF_NC.2646	1	28092405	28092981	+	0	0	0		40	1	231	0.004329004329004329	159	1	829	0.0012062726176115801
CUFF_NC.2648	1	28104654	28105155	+	0	0	0		31	0	120	0.0	92	0	352	0.0
CUFF_NC.2644	1	28118642	28119644	+	0	0	0		74	6	572	0.01048951048951049	267	7	1621	0.00431832202344232
CUFF_NC.2645	1	28120927	28121703	+	0	0	0		43	0	301	0.0	183	4	964	0.004149377593360996
CUFF_NC.2647	1	28129576	28130101	+	0	0	0		25	0	107	0.0	100	1	421	0.0023752969121140144
CUFF_NC.2653	1	28151467	28151888	+	0	0	0		12	0	85	0.0	60	0	298	0.0
CUFF_NC.2652	1	28157561	28159306	+	0	0	0		105	0	596	0.0	405	2	1722	0.0011614401858304297
CUFF_NC.2656	1	28170681	28171301	-	0	0	0		22	0	113	0.0	106	2	503	0.003976143141153081
CUFF_NC.2657	1	28174085	28175346	-	0	0	0		82	0	360	0.0	233	6	1083	0.00554016620498615
CUFF_NC.2654	1	28176173	28176628	-	0	0	0		15	0	107	0.0	79	2	418	0.004784688995215311
CUFF_NC.2655	1	28186851	28187140	-	0	0	0		14	0	82	0.0	90	0	363	0.0
CUFF_NC.2660	1	28194083	28197464	+	0	0	0		208	3	1271	0.0023603461841070024	820	12	4133	0.0029034599564481006
CUFF_NC.2661	1	28200216	28200492	+	0	0	0		23	0	112	0.0	85	1	386	0.0025906735751295338
CUFF_NC.2662	1	28201332	28201944	+	0	0	0		44	0	202	0.0	170	1	818	0.0012224938875305623
CUFF_NC.2665	1	28219404	28220231	-	0	0	0		35	2	370	0.005405405405405406	103	3	951	0.0031545741324921135
CUFF_NC.2659	1	28222839	28223656	+	0	0	0		47	2	385	0.005194805194805195	158	1	728	0.0013736263736263737
CUFF_NC.2664	1	28234029	28235713	-	0	0	0		107	0	441	0.0	419	0	1813	0.0
CUFF_NC.2663	1	28241372	28242717	-	0	0	0		57	0	310	0.0	286	3	1207	0.0024855012427506215
CUFF_NC.2672	1	28252897	28257236	-	0	0	0		220	2	888	0.0022522522522522522	1051	13	3821	0.003402250719706883
CUFF_NC.2668	1	28263981	28264863	-	0	0	0		60	2	888	0.0022522522522522522	180	2	1811	0.0011043622308117063
CUFF_NC.2667	1	28292024	28292795	-	0	0	0		65	1	281	0.0035587188612099642	162	1	669	0.0014947683109118087
CUFF_NC.2669	1	28297914	28298284	-	0	0	0		18	1	70	0.014285714285714285	104	2	429	0.004662004662004662
CUFF_NC.2670	1	28313330	28314083	-	0	0	0		53	1	160	0.00625	180	1	420	0.002380952380952381
CUFF_NC.2671	1	28331890	28333215	+	0	0	0		48	29	278	0.10431654676258993	250	84	1116	0.07526881720430108
CUFF_NC.2674	1	28335352	28336772	-	0	0	0		55	0	246	0.0	364	2	1285	0.0015564202334630351
CUFF_NC.2676	1	28347071	28347582	+	0	0	0		38	0	235	0.0	126	2	620	0.0032258064516129032
CUFF_NC.2673	1	28354187	28354692	+	0	0	0		18	1	85	0.011764705882352941	100	1	590	0.001694915254237288
CUFF_NC.2677	1	28362806	28367559	-	0	0	0		168	3	1011	0.002967359050445104	989	16	4414	0.0036248300860897147
CUFF_NC.2675	1	28377464	28378052	-	0	0	0		26	0	113	0.0	161	2	877	0.002280501710376283
CUFF_NC.2678	1	28395695	28396124	+	0	0	0		27	0	101	0.0	83	1	290	0.0034482758620689655
CUFF_NC.2679	1	28404359	28405122	+	0	0	0		52	0	291	0.0	185	2	827	0.0024183796856106408
CUFF_NC.2680	1	28406179	28407107	+	0	0	0		55	1	356	0.0028089887640449437	92	2	527	0.003795066413662239
CUFF_NC.2683	1	28413995	28414873	-	0	0	0		55	1	249	0.004016064257028112	180	2	637	0.0031397174254317113
CUFF_NC.2681	1	28428605	28429393	-	0	0	0		47	2	208	0.009615384615384616	172	2	631	0.003169572107765452
CUFF_NC.2682	1	28430220	28431001	-	0	0	0		68	1	281	0.0035587188612099642	140	0	526	0.0
CUFF_NC.2685	1	28463543	28466991	+	0	0	0		222	5	1311	0.0038138825324180014	842	18	4200	0.004285714285714286
CUFF_NC.2686	1	28469423	28471232	-	0	0	0		54	332	545	0.6091743119266055	445	897	3765	0.23824701195219122
CUFF_NC.2687	1	28469711	28470389	+	0	0	0		28	46	167	0.2754491017964072	199	332	1376	0.24127906976744187
CUFF_NC.2684	1	28486455	28487293	-	0	0	0		26	3	222	0.013513513513513514	136	1	962	0.0010395010395010396
CUFF_NC.2692	1	28492510	28494327	-	0	0	0		71	3	346	0.008670520231213872	385	5	1757	0.0028457598178713715
CUFF_NC.2690	1	28501448	28508641	-	0	0	0		276	13	1674	0.007765830346475508	1540	76	7458	0.010190399570930545
CUFF_NC.2691	1	28503778	28504403	-	0	0	0		29	2	283	0.007067137809187279	161	4	1228	0.003257328990228013
CUFF_NC.2689	1	28517786	28519873	-	0	0	0		137	1	518	0.0019305019305019305	412	2	1618	0.0012360939431396785
CUFF_NC.2688	1	28520849	28521952	-	0	0	0		43	3	238	0.012605042016806723	218	12	1206	0.009950248756218905
CUFF_NC.2694	1	28524766	28525315	+	0	0	0		50	0	182	0.0	145	0	641	0.0
CUFF_NC.2693	1	28537630	28538575	-	0	0	0		42	1	269	0.0037174721189591076	208	5	1096	0.004562043795620438
CUFF_NC.2695	1	28541508	28542586	-	0	0	0		91	4	463	0.008639308855291577	283	4	1433	0.0027913468248429866
CUFF_NC.2698	1	28546152	28547651	-	0	0	0		66	0	370	0.0	336	3	1580	0.0018987341772151898
CUFF_NC.2696	1	28550390	28551935	+	0	0	0		95	0	405	0.0	370	6	1366	0.004392386530014641
CUFF_NC.2701	1	28575374	28575797	+	0	0	0		27	0	113	0.0	119	0	475	0.0
CUFF_NC.2699	1	28586868	28587767	+	0	0	0		52	2	569	0.0035149384885764497	157	2	1318	0.0015174506828528073
CUFF_NC.2700	1	28590057	28591497	-	0	0	0		82	3	498	0.006024096385542169	344	9	1891	0.004759386567953464
CUFF_NC.2702	1	28602959	28603685	+	0	0	0		39	0	277	0.0	132	1	773	0.00129366106080207
CUFF_NC.2703	1	28608337	28609252	+	0	0	0		20	0	89	0.0	106	1	477	0.0020964360587002098
CUFF_NC.2705	1	28625913	28627212	-	0	0	0		50	0	303	0.0	244	7	1294	0.005409582689335394
CUFF_NC.2704	1	28630390	28630806	+	0	0	0		18	0	148	0.0	97	2	558	0.0035842293906810036
CUFF_NC.2706	1	28639179	28639701	-	0	0	0		19	0	103	0.0	91	1	425	0.002352941176470588
CUFF_NC.2707	1	28643911	28646858	+	0	0	0		150	3	1027	0.0029211295034079843	655	8	3835	0.0020860495436766623
CUFF_NC.2709	1	28650521	28651840	+	0	0	0		73	0	464	0.0	239	3	1505	0.0019933554817275745
CUFF_NC.2710	1	28655101	28655623	-	0	0	0		24	2	228	0.008771929824561403	118	4	1034	0.0038684719535783366
CUFF_NC.2708	1	28668740	28669629	-	0	0	0		51	0	289	0.0	206	0	873	0.0
CUFF_NC.2713	1	28695855	28696938	-	0	0	0		55	0	305	0.0	151	2	801	0.0024968789013732834
CUFF_NC.2711	1	28702773	28703486	-	0	0	0		14	137	168	0.8154761904761905	172	733	1516	0.48350923482849606
CUFF_NC.2712	1	28705052	28706542	-	0	0	0		110	0	465	0.0	350	4	1364	0.002932551319648094
CUFF_NC.2717	1	28708440	28709024	+	0	0	0		40	2	195	0.010256410256410256	138	2	596	0.003355704697986577
CUFF_NC.2718	1	28716085	28719305	-	0	0	0		165	2	730	0.0027397260273972603	853	34	3315	0.010256410256410256
CUFF_NC.2721	1	28728044	28728810	-	0	0	0		43	1	302	0.0033112582781456954	108	1	658	0.001519756838905775
CUFF_NC.2714	1	28740622	28741847	-	0	0	0		76	2	603	0.003316749585406302	272	8	1881	0.004253056884635832
CUFF_NC.2716	1	28746693	28747567	-	0	0	0		66	1	430	0.002325581395348837	149	2	754	0.002652519893899204
CUFF_NC.2715	1	28749893	28750312	+	0	0	0		7	22	56	0.39285714285714285	83	251	648	0.3873456790123457
CUFF_NC.2719	1	28750843	28751819	-	0	0	0		48	1	200	0.005	215	0	926	0.0
CUFF_NC.2722	1	28769030	28773050	+	0	0	0		194	2	1504	0.0013297872340425532	991	16	6120	0.00261437908496732
CUFF_NC.2720	1	28775780	28776144	-	0	0	0		14	0	47	0.0	109	0	516	0.0
CUFF_NC.2724	1	28787824	28791547	+	0	0	0		147	22	899	0.024471635150166853	837	189	4267	0.04429341457698617
CUFF_NC.2725	1	28792053	28792631	+	0	0	0		26	1	168	0.005952380952380952	142	0	637	0.0
CUFF_NC.2728	1	28800045	28800675	+	0	0	0		29	1	177	0.005649717514124294	154	2	937	0.0021344717182497333
CUFF_NC.2723	1	28807568	28810640	-	0	0	0		214	2	1392	0.0014367816091954023	790	9	4260	0.002112676056338028
CUFF_NC.2732	1	28820072	28821219	-	0	0	0		44	3	1243	0.002413515687851971	149	5	3057	0.0016355904481517827
CUFF_NC.2729	1	28828642	28830053	-	0	0	0		67	1	303	0.0033003300330033004	293	11	1186	0.00927487352445194
CUFF_NC.2735	1	28830979	28832512	+	0	0	0		90	2	640	0.003125	418	6	2575	0.002330097087378641
CUFF_NC.2736	1	28834394	28835163	+	0	0	0		39	3	701	0.0042796005706134095	102	3	1284	0.002336448598130841
CUFF_NC.2737	1	28835371	28836224	+	0	0	0		48	0	775	0.0	166	2	1567	0.0012763241863433313
CUFF_NC.2738	1	28842268	28845631	-	0	0	0		82	28	360	0.07777777777777778	514	46	2342	0.01964133219470538
CUFF_NC.2733	1	28857310	28858648	-	0	0	0		66	0	538	0.0	289	8	1860	0.004301075268817204
CUFF_NC.2730	1	28870375	28871103	-	0	0	0		11	0	44	0.0	78	1	305	0.003278688524590164
CUFF_NC.2731	1	28870547	28871160	+	0	0	0		8	0	45	0.0	49	1	248	0.004032258064516129
CUFF_NC.2734	1	28873119	28874999	+	0	0	0		68	3	437	0.006864988558352402	431	6	2536	0.002365930599369085
CUFF_NC.2740	1	28890589	28890853	-	0	0	0		16	2	94	0.02127659574468085	70	1	448	0.002232142857142857
CUFF_NC.2741	1	28892038	28893472	-	0	0	0		88	0	472	0.0	335	7	1237	0.005658852061438965
CUFF_NC.2743	1	28903791	28904224	+	0	0	0		30	0	163	0.0	122	1	632	0.0015822784810126582
CUFF_NC.2744	1	28908234	28909050	-	0	0	0		63	2	266	0.007518796992481203	247	4	945	0.004232804232804233
CUFF_NC.2742	1	28919095	28919653	+	0	0	0		23	0	108	0.0	111	6	497	0.012072434607645875
CUFF_NC.2749	1	28932122	28932483	-	0	0	0		15	0	62	0.0	85	1	491	0.002036659877800407
CUFF_NC.2750	1	28933791	28937840	-	0	0	0		194	11	1113	0.009883198562443846	899	73	4299	0.016980693184461503
CUFF_NC.2747	1	28944944	28946848	+	0	0	0		125	3	805	0.0037267080745341614	486	8	2508	0.003189792663476874
CUFF_NC.2748	1	28947704	28948670	+	0	0	0		53	0	348	0.0	161	0	1077	0.0
CUFF_NC.2752	1	28955680	28960073	-	0	0	0		170	3	890	0.0033707865168539327	1001	8	5070	0.0015779092702169625
CUFF_NC.2745	1	28961174	28961666	+	0	0	0		23	2	90	0.022222222222222223	127	1	493	0.002028397565922921
CUFF_NC.2746	1	28972692	28973698	-	0	0	0		61	1	335	0.0029850746268656717	246	4	1242	0.00322061191626409
CUFF_NC.2751	1	29009522	29011067	+	0	0	0		128	1	745	0.0013422818791946308	396	6	2219	0.0027039206849932404
CUFF_NC.2753	1	29035238	29035904	-	0	0	0		27	0	94	0.0	97	0	319	0.0
CUFF_NC.2757	1	29063503	29063981	+	0	0	0		23	0	106	0.0	99	0	412	0.0
CUFF_NC.2754	1	29080925	29081484	+	0	0	0		25	1	97	0.010309278350515464	119	1	359	0.002785515320334262
CUFF_NC.2755	1	29085598	29086885	-	0	0	0		65	0	389	0.0	265	2	1347	0.0014847809948032665
CUFF_NC.2756	1	29095291	29095653	-	0	0	0		23	1	103	0.009708737864077669	104	1	440	0.0022727272727272726
CUFF_NC.2758	1	29144768	29145823	+	0	0	0		66	3	982	0.003054989816700611	295	7	2278	0.0030728709394205445
CUFF_NC.2760	1	29182716	29183650	+	0	0	0		49	0	242	0.0	241	4	1058	0.003780718336483932
CUFF_NC.2759	1	29183759	29184161	+	0	0	0		6	0	30	0.0	98	1	550	0.0018181818181818182
CUFF_NC.2764	1	29188976	29190244	+	0	0	0		95	3	555	0.005405405405405406	358	3	1973	0.0015205271160669033
CUFF_NC.2765	1	29190656	29191745	+	0	0	0		39	1	207	0.004830917874396135	210	1	1013	0.0009871668311944718
CUFF_NC.2761	1	29197737	29198390	+	0	0	0		21	0	148	0.0	154	2	711	0.0028129395218002813
CUFF_NC.2762	1	29201269	29202109	+	0	0	0		28	1	117	0.008547008547008548	198	0	643	0.0
CUFF_NC.2766	1	29205112	29205570	-	0	0	0		31	1	150	0.006666666666666667	97	0	562	0.0
CUFF_NC.2767	1	29206017	29210213	-	0	0	0		173	30	1167	0.02570694087403599	845	119	4945	0.024064711830131445
CUFF_NC.2763	1	29212962	29215259	-	0	0	0		116	2	749	0.0026702269692923898	509	10	2832	0.0035310734463276836
CUFF_NC.2770	1	29236084	29236831	+	0	0	0		36	0	156	0.0	199	4	788	0.005076142131979695
CUFF_NC.2771	1	29238421	29239629	+	0	0	0		80	2	372	0.005376344086021506	243	3	863	0.0034762456546929316
CUFF_NC.2768	1	29242555	29242923	+	0	0	0		10	0	51	0.0	69	0	436	0.0
CUFF_NC.2769	1	29250707	29251861	+	0	0	0		82	1	325	0.003076923076923077	249	5	849	0.005889281507656066
CUFF_NC.2803	1	29253545	29254421	-	0	0	0		39	0	193	0.0	188	3	912	0.003289473684210526
CUFF_NC.2804	1	29259172	29259939	-	0	0	0		68	1	264	0.003787878787878788	206	5	614	0.008143322475570033
CUFF_NC.2802	1	29260981	29261555	+	0	0	0		34	3	108	0.027777777777777776	161	2	443	0.004514672686230248
CUFF_NC.2773	1	29269426	29270435	-	0	0	0		52	1	470	0.002127659574468085	200	3	1281	0.00234192037470726
CUFF_NC.2772	1	29277208	29278626	+	0	0	0		54	0	413	0.0	213	2	1137	0.001759014951627089
CUFF_NC.2774	1	29286528	29287519	+	0	0	0		42	1	230	0.004347826086956522	244	3	1213	0.00247320692497939
CUFF_NC.2775	1	29290089	29290745	-	0	0	0		30	1	222	0.0045045045045045045	157	8	803	0.009962640099626401
CUFF_NC.2787	1	29294577	29295187	-	0	0	0		53	0	198	0.0	172	3	592	0.005067567567567568
CUFF_NC.2776	1	29304659	29305207	+	0	0	0		30	0	245	0.0	151	5	1250	0.004
CUFF_NC.2778	1	29320720	29321328	+	0	0	0		29	0	120	0.0	116	0	474	0.0
CUFF_NC.2779	1	29322410	29323358	+	0	0	0		51	2	176	0.011363636363636364	255	1	855	0.0011695906432748538
CUFF_NC.2781	1	29327283	29333215	-	0	0	0		251	5	1682	0.002972651605231867	1257	27	7097	0.003804424404678033
CUFF_NC.2777	1	29335781	29336250	-	0	0	0		50	0	216	0.0	131	1	582	0.001718213058419244
CUFF_NC.2780	1	29340851	29341480	+	0	0	0		13	1	108	0.009259259259259259	154	3	1132	0.00265017667844523
CUFF_NC.2784	1	29344274	29345115	-	0	0	0		44	0	183	0.0	190	0	647	0.0
CUFF_NC.2783	1	29364560	29365936	-	0	0	0		94	2	560	0.0035714285714285713	245	3	1065	0.0028169014084507044
CUFF_NC.2786	1	29387607	29389018	-	0	0	0		96	0	399	0.0	249	2	774	0.002583979328165375
CUFF_NC.2785	1	29391745	29393064	-	0	0	0		75	3	704	0.004261363636363636	244	5	1711	0.0029222676797194622
CUFF_NC.2788	1	29408073	29409164	-	0	0	0		66	32	273	0.11721611721611722	316	8	1309	0.006111535523300229
CUFF_NC.2789	1	29414437	29415255	-	0	0	0		42	0	159	0.0	218	0	710	0.0
CUFF_NC.2792	1	29415576	29415897	-	0	0	0		18	0	71	0.0	76	1	284	0.0035211267605633804
CUFF_NC.2793	1	29416104	29417292	-	0	0	0		83	1	770	0.0012987012987012987	250	10	1940	0.005154639175257732
CUFF_NC.2794	1	29419487	29420000	-	0	0	0		7	0	47	0.0	119	3	579	0.0051813471502590676
CUFF_NC.2791	1	29423491	29424642	+	0	0	0		43	1	230	0.004347826086956522	206	2	892	0.002242152466367713
CUFF_NC.2795	1	29427801	29428566	+	0	0	0		49	0	248	0.0	173	1	598	0.0016722408026755853
CUFF_NC.2796	1	29427944	29428869	-	0	0	0		49	0	228	0.0	214	1	770	0.0012987012987012987
CUFF_NC.2797	1	29428187	29428439	-	0	0	0		21	0	67	0.0	59	1	104	0.009615384615384616
CUFF_NC.2798	1	29435760	29436285	+	0	0	0		28	0	88	0.0	101	1	305	0.003278688524590164
CUFF_NC.2817	1	29458789	29459145	+	0	0	0		24	0	168	0.0	91	2	540	0.003703703703703704
CUFF_NC.2790	1	29460160	29461512	-	0	0	0		16	1	71	0.014084507042253521	164	1	626	0.001597444089456869
CUFF_NC.2799	1	29479870	29480237	+	0	0	0		12	0	45	0.0	71	1	275	0.0036363636363636364
CUFF_NC.2800	1	29480359	29481494	-	0	0	0		11	8	22	0.36363636363636365	90	52	285	0.1824561403508772
CUFF_NC.2801	1	29480889	29481478	+	0	0	0		5	5	8	0.625	33	31	103	0.30097087378640774
CUFF_NC.2808	1	29484342	29487010	+	0	0	0		137	1	588	0.0017006802721088435	576	3	2217	0.0013531799729364006
CUFF_NC.2805	1	29491895	29492297	+	0	0	0		33	0	92	0.0	78	0	195	0.0
CUFF_NC.2807	1	29502431	29503136	-	0	0	0		22	0	47	0.0	58	0	115	0.0
CUFF_NC.2809	1	29506980	29507295	-	0	0	0		26	0	113	0.0	94	0	345	0.0
CUFF_NC.2806	1	29509626	29510723	-	0	0	0		83	3	780	0.0038461538461538464	244	2	1655	0.0012084592145015106
CUFF_NC.2810	1	29516478	29518127	+	0	0	0		64	0	284	0.0	228	0	894	0.0
CUFF_NC.2811	1	29521532	29521938	-	0	0	0		8	0	75	0.0	51	4	359	0.011142061281337047
CUFF_NC.2815	1	29529625	29530493	-	0	0	0		31	0	117	0.0	209	3	518	0.005791505791505791
CUFF_NC.2812	1	29537964	29538314	+	0	0	0		8	0	49	0.0	70	0	355	0.0
CUFF_NC.2818	1	29541354	29541766	+	0	0	0		26	0	152	0.0	104	2	337	0.005934718100890208
CUFF_NC.2813	1	29565667	29566094	-	0	0	0		57	0	197	0.0	102	0	389	0.0
CUFF_NC.2814	1	29573209	29573612	+	0	0	0		11	0	60	0.0	108	1	830	0.0012048192771084338
CUFF_NC.2816	1	29579339	29580836	+	0	0	0		85	0	384	0.0	352	5	1458	0.003429355281207133
CUFF_NC.2819	1	29587048	29590756	-	0	0	0		119	12	636	0.018867924528301886	511	43	2642	0.01627554882664648
CUFF_NC.2823	1	29597722	29598861	-	0	0	0		81	3	472	0.006355932203389831	267	4	1464	0.00273224043715847
CUFF_NC.2821	1	29607807	29608356	+	0	0	0		34	0	154	0.0	142	2	622	0.003215434083601286
CUFF_NC.2820	1	29611329	29612627	+	0	0	0		44	147	350	0.42	238	700	1703	0.41103934233705225
CUFF_NC.2840	1	29624632	29625543	+	0	0	0		32	0	216	0.0	167	0	920	0.0
CUFF_NC.2841	1	29625758	29626847	+	0	0	0		78	1	491	0.002036659877800407	265	4	1677	0.002385211687537269
CUFF_NC.2825	1	29634417	29647470	+	0	0	0		601	6	2723	0.0022034520749173708	2753	29	12010	0.002414654454621149
CUFF_NC.2824	1	29679936	29680265	+	0	0	0		14	0	79	0.0	86	1	356	0.0028089887640449437
CUFF_NC.2822	1	29684292	29684836	+	0	0	0		22	0	89	0.0	126	2	570	0.0035087719298245615
CUFF_NC.2835	1	29694088	29694839	+	0	0	0		22	0	155	0.0	167	1	951	0.0010515247108307045
CUFF_NC.2827	1	29696416	29696925	-	0	0	0		18	0	131	0.0	85	1	463	0.0021598272138228943
CUFF_NC.2836	1	29703715	29704202	-	0	0	0		11	0	32	0.0	123	2	647	0.0030911901081916537
CUFF_NC.2853	1	29714425	29715029	+	0	0	0		38	0	190	0.0	106	1	449	0.0022271714922048997
CUFF_NC.2829	1	29744920	29745384	+	0	0	0		20	1	172	0.005813953488372093	113	0	723	0.0
CUFF_NC.2828	1	29745890	29746855	+	0	0	0		38	0	227	0.0	217	7	837	0.008363201911589008
CUFF_NC.2833	1	29758880	29760698	-	0	0	0		66	0	563	0.0	317	8	1777	0.004501969611705121
CUFF_NC.2831	1	29763120	29767093	+	0	0	0		120	3	957	0.003134796238244514	869	11	4825	0.0022797927461139897
CUFF_NC.2832	1	29767319	29768282	+	0	0	0		51	1	285	0.0035087719298245615	256	2	1212	0.0016501650165016502
CUFF_NC.2830	1	29770110	29770513	+	0	0	0		9	48	114	0.42105263157894735	104	43	747	0.05756358768406961
CUFF_NC.2834	1	29779636	29780944	+	0	0	0		69	0	332	0.0	232	2	962	0.002079002079002079
CUFF_NC.2837	1	29786960	29787572	-	0	0	0		47	0	204	0.0	164	5	779	0.006418485237483954
CUFF_NC.2848	1	29792945	29793724	-	0	0	0		63	1	463	0.0021598272138228943	187	5	1158	0.004317789291882556
CUFF_NC.2838	1	29810434	29811035	+	0	0	0		40	0	129	0.0	149	3	461	0.006507592190889371
CUFF_NC.2839	1	29811597	29812258	+	0	0	0		36	11	176	0.0625	150	5	568	0.008802816901408451
CUFF_NC.2851	1	29817480	29818069	-	0	0	0		34	0	232	0.0	151	0	819	0.0
CUFF_NC.2842	1	29841593	29842320	+	0	0	0		21	0	165	0.0	142	4	1100	0.0036363636363636364
CUFF_NC.2846	1	29868323	29869777	+	0	0	0		83	0	398	0.0	343	4	1584	0.0025252525252525255
CUFF_NC.2843	1	29872235	29872954	-	0	0	0		32	0	84	0.0	158	3	538	0.0055762081784386614
CUFF_NC.2844	1	29873556	29874008	-	0	0	0		38	0	91	0.0	101	3	248	0.012096774193548387
CUFF_NC.2845	1	29877433	29878016	+	0	0	0		27	0	152	0.0	151	1	943	0.0010604453870625664
CUFF_NC.2847	1	29882712	29883510	+	0	0	0		38	3	231	0.012987012987012988	206	2	982	0.002036659877800407
CUFF_NC.2854	1	29902034	29903292	-	0	0	0		91	3	363	0.008264462809917356	326	4	1190	0.0033613445378151263
CUFF_NC.2849	1	29910436	29911168	-	0	0	0		21	0	65	0.0	57	0	144	0.0
CUFF_NC.2850	1	29915548	29918554	+	0	0	0		189	3	1106	0.0027124773960217	848	9	4149	0.0021691973969631237
CUFF_NC.2855	1	29931133	29931654	-	0	0	0		42	2	175	0.011428571428571429	139	2	507	0.0039447731755424065
CUFF_NC.2852	1	29939985	29940449	+	0	0	0		10	1	45	0.022222222222222223	127	1	537	0.00186219739292365
CUFF_NC.2856	1	29956780	29957477	+	0	0	0		43	0	207	0.0	147	0	757	0.0
CUFF_NC.2857	1	29957584	29960756	+	0	0	0		245	1	1239	0.0008071025020177562	808	6	3433	0.001747742499271774
CUFF_NC.2859	1	29972187	29972729	+	0	0	0		29	0	160	0.0	137	0	762	0.0
CUFF_NC.2863	1	29993124	29994019	+	0	0	0		52	1	255	0.00392156862745098	184	1	709	0.0014104372355430183
CUFF_NC.2860	1	30000809	30001147	+	0	0	0		19	0	108	0.0	118	1	600	0.0016666666666666668
CUFF_NC.2861	1	30003230	30003974	+	0	0	0		38	0	182	0.0	150	0	551	0.0
CUFF_NC.2862	1	30004422	30004971	+	0	0	0		30	1	148	0.006756756756756757	125	0	375	0.0
CUFF_NC.2858	1	30011852	30012481	-	0	0	0		31	0	253	0.0	167	2	938	0.0021321961620469083
CUFF_NC.2869	1	30023295	30023660	+	0	0	0		26	1	184	0.005434782608695652	104	3	593	0.00505902192242833
CUFF_NC.2870	1	30032144	30032554	+	0	0	0		43	4	398	0.010050251256281407	107	4	949	0.004214963119072708
CUFF_NC.2864	1	30042047	30042831	+	0	0	0		50	0	206	0.0	183	1	685	0.00145985401459854
CUFF_NC.2868	1	30044760	30045813	-	0	0	0		71	1	180	0.005555555555555556	267	2	680	0.0029411764705882353
CUFF_NC.2867	1	30056026	30056432	-	0	0	0		38	0	133	0.0	104	2	379	0.005277044854881266
CUFF_NC.2875	1	30072562	30074598	-	0	0	0		133	2	834	0.002398081534772182	462	7	2041	0.0034296913277804997
CUFF_NC.2865	1	30082601	30083810	-	0	0	0		59	0	247	0.0	326	5	1043	0.004793863854266539
CUFF_NC.2866	1	30098153	30099804	-	0	0	0		141	1	594	0.0016835016835016834	499	5	2155	0.002320185614849188
CUFF_NC.2873	1	30105243	30108083	+	0	0	0		210	1	1319	0.000758150113722517	779	5	4517	0.0011069293779056896
CUFF_NC.2874	1	30115934	30116512	+	0	0	0		32	0	181	0.0	140	2	646	0.0030959752321981426
CUFF_NC.2871	1	30129024	30129587	+	0	0	0		49	2	179	0.0111731843575419	127	1	420	0.002380952380952381
CUFF_NC.2872	1	30141900	30142695	+	0	0	0		65	2	309	0.006472491909385114	198	0	838	0.0
CUFF_NC.2876	1	30145385	30145878	-	0	0	0		36	0	202	0.0	118	0	612	0.0
CUFF_NC.2877	1	30150884	30151289	-	0	0	0		26	0	156	0.0	100	2	488	0.004098360655737705
CUFF_NC.2881	1	30154831	30155262	+	0	0	0		30	0	137	0.0	131	2	545	0.003669724770642202
CUFF_NC.2878	1	30156516	30157968	+	0	0	0		95	1	549	0.0018214936247723133	291	3	1417	0.002117148906139732
CUFF_NC.2882	1	30174886	30175244	-	0	0	0		25	2	209	0.009569377990430622	99	4	836	0.004784688995215311
CUFF_NC.2883	1	30188210	30189631	-	0	0	0		97	0	619	0.0	314	6	1331	0.004507888805409466
CUFF_NC.2884	1	30201797	30202500	+	0	0	0		33	0	158	0.0	154	1	649	0.0015408320493066256
CUFF_NC.2887	1	30210172	30210856	+	0	0	0		33	0	106	0.0	195	1	631	0.001584786053882726
CUFF_NC.2889	1	30214625	30216661	-	0	0	0		142	1	685	0.00145985401459854	573	6	2543	0.0023594180102241447
CUFF_NC.2890	1	30217309	30217720	-	0	0	0		5	0	53	0.0	51	2	460	0.004347826086956522
CUFF_NC.2891	1	30226860	30227370	-	0	0	0		43	2	303	0.006600660066006601	150	2	925	0.002162162162162162
CUFF_NC.2888	1	30228004	30228447	+	0	0	0		38	1	157	0.006369426751592357	109	2	449	0.004454342984409799
CUFF_NC.2886	1	30241577	30242387	-	0	0	0		61	0	383	0.0	147	2	798	0.002506265664160401
CUFF_NC.2885	1	30244077	30244985	+	0	0	0		29	0	89	0.0	158	1	549	0.0018214936247723133
CUFF_NC.2892	1	30276594	30277157	-	0	0	0		31	0	192	0.0	120	1	565	0.0017699115044247787
CUFF_NC.2894	1	30283947	30284707	+	0	0	0		27	0	186	0.0	143	6	936	0.00641025641025641
CUFF_NC.2895	1	30285184	30286076	+	0	0	0		27	1	379	0.002638522427440633	148	4	1049	0.0038131553860819827
CUFF_NC.2893	1	30293482	30294150	-	0	0	0		32	0	173	0.0	100	3	451	0.0066518847006651885
CUFF_NC.2896	1	30303082	30304384	+	0	0	0		55	3	266	0.011278195488721804	246	1	1168	0.0008561643835616438
CUFF_NC.2898	1	30305448	30306440	-	0	0	0		81	1	499	0.002004008016032064	242	5	1039	0.004812319538017324
CUFF_NC.2897	1	30308967	30309503	+	0	0	0		21	1	106	0.009433962264150943	149	2	644	0.003105590062111801
CUFF_NC.2901	1	30313235	30314399	-	0	0	0		72	0	308	0.0	299	3	1197	0.002506265664160401
CUFF_NC.2900	1	30329181	30329840	+	0	0	0		35	1	148	0.006756756756756757	167	2	651	0.0030721966205837174
CUFF_NC.2904	1	30348840	30349238	-	0	0	0		34	0	174	0.0	93	0	362	0.0
CUFF_NC.2905	1	30354280	30355207	-	0	0	0		27	0	136	0.0	169	1	759	0.0013175230566534915
CUFF_NC.2908	1	30360884	30361419	-	0	0	0		39	2	545	0.003669724770642202	113	4	1131	0.0035366931918656055
CUFF_NC.2906	1	30365980	30366700	-	0	0	0		34	0	265	0.0	205	5	1566	0.0031928480204342275
CUFF_NC.2907	1	30366905	30367432	-	0	0	0		39	3	303	0.009900990099009901	151	2	978	0.002044989775051125
CUFF_NC.2902	1	30392157	30392567	-	0	0	0		27	1	223	0.004484304932735426	94	0	463	0.0
CUFF_NC.2903	1	30393170	30394054	-	0	0	0		53	1	574	0.0017421602787456446	171	3	1398	0.002145922746781116
CUFF_NC.2909	1	30405592	30406292	+	0	0	0		63	1	377	0.002652519893899204	183	3	920	0.003260869565217391
CUFF_NC.2910	1	30406858	30407237	+	0	0	0		36	1	532	0.0018796992481203006	94	3	814	0.0036855036855036856
CUFF_NC.2911	1	30408270	30409620	+	0	0	0		58	3	928	0.003232758620689655	202	6	1824	0.003289473684210526
CUFF_NC.2917	1	30410059	30412006	-	0	0	0		86	1	573	0.0017452006980802793	335	2	1892	0.0010570824524312897
CUFF_NC.2933	2	1076	2009	-	0	0	0		70	386	2986	0.12926992632283993	191	462	8098	0.057051123734255374
CUFF_NC.2934	2	2111	3715	-	0	0	0		65	951	5215	0.18235858101629915	324	2108	26686	0.07899273027055385
CUFF_NC.2913	2	31867	33128	-	0	0	0		3	1	7	0.14285714285714285	32	14	72	0.19444444444444445
CUFF_NC.2914	2	34567	35376	-	0	0	0		9	6	9	0.6666666666666666	36	7	36	0.19444444444444445
CUFF_NC.2922	2	42154	43674	+	0	0	0		20	59	195	0.30256410256410254	48	55	487	0.11293634496919917
CUFF_NC.2923	2	49886	53611	+	0	0	0		2	2	3	0.6666666666666666	12	1	21	0.047619047619047616
CUFF_NC.2924	2	50414	57103	+	0	0	0		57	61	259	0.23552123552123552	182	41	1028	0.03988326848249027
CUFF_NC.2915	2	82203	83149	-	0	0	0		59	3	682	0.004398826979472141	211	5	1777	0.0028137310073157004
CUFF_NC.2930	2	89744	90299	+	0	0	0		57	2	337	0.005934718100890208	147	0	942	0.0
CUFF_NC.2931	2	100455	101535	-	0	0	0		64	1	230	0.004347826086956522	251	0	779	0.0
CUFF_NC.2916	2	107816	108258	+	0	0	0		26	1	100	0.01	127	2	382	0.005235602094240838
CUFF_NC.2918	2	110276	111263	-	0	0	0		23	0	127	0.0	180	10	690	0.014492753623188406
CUFF_NC.2919	2	114842	116259	-	0	0	0		115	1	404	0.0024752475247524753	251	3	976	0.0030737704918032786
CUFF_NC.2920	2	118558	118977	-	0	0	0		31	0	118	0.0	108	3	394	0.007614213197969543
CUFF_NC.2921	2	151168	151953	+	0	0	0		30	1	132	0.007575757575757576	115	0	434	0.0
CUFF_NC.2926	2	154693	155189	+	0	0	0		46	0	219	0.0	123	1	556	0.0017985611510791368
CUFF_NC.2927	2	157755	158189	+	0	0	0		43	0	125	0.0	114	2	376	0.005319148936170213
CUFF_NC.2928	2	158504	159080	+	0	0	0		53	3	250	0.012	170	2	702	0.002849002849002849
CUFF_NC.2929	2	172283	172913	-	0	0	0		32	1	177	0.005649717514124294	112	2	518	0.003861003861003861
CUFF_NC.2932	2	181297	183849	+	0	0	0		148	1	736	0.001358695652173913	557	5	2476	0.0020193861066235864
CUFF_NC.2925	2	183939	184734	+	0	0	0		62	683	871	0.7841561423650976	187	800	2277	0.3513394817742644
CUFF_NC.2937	2	202912	203565	+	0	0	0		13	0	52	0.0	80	1	195	0.005128205128205128
CUFF_NC.2936	2	228639	229889	+	0	0	0		67	0	533	0.0	282	7	1947	0.0035952747817154596
CUFF_NC.2935	2	235899	240451	-	0	0	0		141	165	786	0.2099236641221374	1032	437	4796	0.09111759799833194
CUFF_NC.2941	2	255392	260732	+	0	0	0		206	5	741	0.006747638326585695	798	9	2595	0.003468208092485549
CUFF_NC.2938	2	261705	263189	-	0	0	0		29	0	115	0.0	220	7	924	0.007575757575757576
CUFF_NC.2939	2	265241	265933	+	0	0	0		43	1	143	0.006993006993006993	203	2	574	0.003484320557491289
CUFF_NC.2944	2	267253	267772	-	0	0	0		23	4	92	0.043478260869565216	144	9	579	0.015544041450777202
CUFF_NC.2943	2	272492	273369	-	0	0	0		40	1	207	0.004830917874396135	171	2	788	0.0025380710659898475
CUFF_NC.2940	2	273920	275095	+	0	0	0		56	1	207	0.004830917874396135	216	3	730	0.00410958904109589
CUFF_NC.2942	2	285430	285832	+	0	0	0		18	0	138	0.0	90	2	512	0.00390625
CUFF_NC.2945	2	291784	292642	+	0	0	0		62	1	180	0.005555555555555556	183	3	473	0.006342494714587738
CUFF_NC.2946	2	322591	323818	-	0	0	0		89	2	525	0.0038095238095238095	275	5	1658	0.0030156815440289505
CUFF_NC.2950	2	336106	336717	+	0	0	0		24	0	73	0.0	85	0	236	0.0
CUFF_NC.2947	2	383335	383944	+	0	0	0		37	0	141	0.0	113	1	439	0.002277904328018223
CUFF_NC.2948	2	386437	387284	-	0	0	0		44	0	148	0.0	191	2	645	0.0031007751937984496
CUFF_NC.2949	2	406635	407193	-	0	0	0		19	0	95	0.0	138	2	642	0.003115264797507788
CUFF_NC.2953	2	416633	417127	-	0	0	0		19	1	64	0.015625	65	0	189	0.0
CUFF_NC.2952	2	433982	434856	-	0	0	0		28	1	107	0.009345794392523364	153	1	628	0.0015923566878980893
CUFF_NC.2954	2	439104	439549	-	0	0	0		23	0	77	0.0	89	0	236	0.0
CUFF_NC.2955	2	448112	448565	-	0	0	0		13	64	121	0.5289256198347108	125	300	1220	0.2459016393442623
CUFF_NC.2957	2	469532	474844	+	0	0	0		197	51	921	0.05537459283387622	1011	129	4351	0.029648356699609284
CUFF_NC.2958	2	470343	475434	+	0	0	0		186	50	880	0.056818181818181816	947	131	4096	0.031982421875
CUFF_NC.2956	2	484074	484602	+	0	0	0		13	1	71	0.014084507042253521	108	1	510	0.00196078431372549
CUFF_NC.2959	2	505356	509245	-	0	0	0		166	3	689	0.0043541364296081275	814	12	3119	0.0038473869830073742
CUFF_NC.2964	2	520196	520875	+	0	0	0		27	0	159	0.0	161	5	866	0.005773672055427252
CUFF_NC.2965	2	521313	521929	+	0	0	0		14	0	94	0.0	150	3	760	0.003947368421052632
CUFF_NC.2960	2	526046	526619	-	0	0	0		35	0	282	0.0	127	2	900	0.0022222222222222222
CUFF_NC.2961	2	544002	544459	-	0	0	0		8	4	39	0.10256410256410256	73	29	500	0.058
CUFF_NC.2962	2	553173	554831	+	0	0	0		97	4	1016	0.003937007874015748	326	6	2376	0.0025252525252525255
CUFF_NC.2963	2	564957	566114	+	0	0	0		37	0	466	0.0	160	4	1673	0.002390914524805738
CUFF_NC.2967	2	586513	586989	+	0	0	0		35	0	204	0.0	136	1	603	0.001658374792703151
CUFF_NC.2966	2	590284	591063	+	0	0	0		27	0	274	0.0	68	1	600	0.0016666666666666668
CUFF_NC.2968	2	603491	604171	-	0	0	0		7	0	26	0.0	43	0	151	0.0
CUFF_NC.2977	2	631741	632551	+	0	0	0		55	0	214	0.0	172	1	572	0.0017482517482517483
CUFF_NC.2969	2	639027	639445	-	0	0	0		32	134	317	0.4227129337539432	89	36	769	0.04681404421326398
CUFF_NC.2971	2	653890	654803	-	0	0	0		60	3	337	0.008902077151335312	226	3	1236	0.0024271844660194173
CUFF_NC.2972	2	662625	663459	-	0	0	0		62	1	399	0.002506265664160401	188	6	1032	0.005813953488372093
CUFF_NC.2970	2	675269	675718	-	0	0	0		21	0	114	0.0	98	0	394	0.0
CUFF_NC.2974	2	676731	677354	+	0	0	0		34	191	309	0.6181229773462783	193	436	2374	0.18365627632687448
CUFF_NC.2973	2	687298	687781	-	0	0	0		15	2	74	0.02702702702702703	114	4	464	0.008620689655172414
CUFF_NC.2975	2	708838	709401	-	0	0	0		2	0	2	0.0	9	0	9	0.0
CUFF_NC.2976	2	711583	712307	-	0	0	0		20	0	116	0.0	180	1	928	0.0010775862068965517
CUFF_NC.2979	2	735577	736544	-	0	0	0		65	1	240	0.004166666666666667	254	6	949	0.006322444678609062
CUFF_NC.2980	2	756338	758349	-	0	0	0		76	0	362	0.0	499	7	2239	0.0031263957123715946
CUFF_NC.2981	2	760119	760832	+	0	0	0		37	1	285	0.0035087719298245615	162	0	1029	0.0
CUFF_NC.2982	2	783339	783880	+	0	0	0		47	1	330	0.0030303030303030303	148	2	932	0.002145922746781116
CUFF_NC.2983	2	788683	788976	-	0	0	0		11	0	85	0.0	82	1	522	0.0019157088122605363
CUFF_NC.2984	2	803655	807991	+	0	0	0		191	1	1135	0.000881057268722467	900	12	4141	0.0028978507606858247
CUFF_NC.2985	2	818835	819273	-	0	0	0		2	1	8	0.125	15	0	100	0.0
CUFF_NC.2986	2	821687	823083	-	0	0	0		45	198	309	0.6407766990291263	295	337	2261	0.14904909332153915
CUFF_NC.2988	2	831955	832547	+	0	0	0		15	0	87	0.0	59	0	180	0.0
CUFF_NC.2987	2	843862	844497	+	0	0	0		22	0	82	0.0	190	3	795	0.0037735849056603774
CUFF_NC.2990	2	860008	860710	-	0	0	0		44	0	170	0.0	194	1	665	0.0015037593984962407
CUFF_NC.2991	2	862338	863851	+	0	0	0		120	1	582	0.001718213058419244	356	8	1458	0.0054869684499314125
CUFF_NC.2989	2	870740	871212	+	0	0	0		12	66	111	0.5945945945945946	112	120	794	0.15113350125944586
CUFF_NC.2997	2	884053	886532	+	0	0	0		31	34	188	0.18085106382978725	138	32	727	0.04401650618982118
CUFF_NC.2994	2	895598	896455	+	0	0	0		17	14	31	0.45161290322580644	33	18	79	0.22784810126582278
CUFF_NC.2995	2	904599	905033	+	0	0	0		6	17	52	0.3269230769230769	109	567	1205	0.4705394190871369
CUFF_NC.2996	2	925233	925804	-	0	0	0		9	20	70	0.2857142857142857	91	39	613	0.0636215334420881
CUFF_NC.2998	2	934808	935467	-	0	0	0		10	0	36	0.0	35	0	101	0.0
CUFF_NC.2999	2	956546	957331	-	0	0	0		62	6	980	0.006122448979591836	195	6	1928	0.0031120331950207467
CUFF_NC.3000	2	966784	967653	+	0	0	0		55	0	227	0.0	232	1	843	0.0011862396204033216
CUFF_NC.3001	2	968183	969732	+	0	0	0		90	2	556	0.0035971223021582736	431	7	2358	0.0029686174724342664
CUFF_NC.3002	2	971677	972522	+	0	0	0		37	0	140	0.0	173	1	764	0.0013089005235602095
CUFF_NC.3004	2	974141	974656	+	0	0	0		43	0	228	0.0	129	4	721	0.005547850208044383
CUFF_NC.3005	2	976807	977414	+	0	0	0		36	0	216	0.0	90	2	541	0.0036968576709796672
CUFF_NC.3003	2	982960	983590	+	0	0	0		13	0	118	0.0	152	12	771	0.01556420233463035
CUFF_NC.3007	2	1013080	1014132	-	0	0	0		34	1	170	0.0058823529411764705	185	1	681	0.0014684287812041115
CUFF_NC.3006	2	1016406	1017105	+	0	0	0		62	0	172	0.0	137	1	480	0.0020833333333333333
CUFF_NC.3010	2	1044030	1045042	+	0	0	0		54	1	286	0.0034965034965034965	263	3	1272	0.0023584905660377358
CUFF_NC.3009	2	1064069	1065065	-	0	0	0		57	0	242	0.0	285	6	1177	0.005097706032285472
CUFF_NC.3012	2	1068013	1070939	-	0	0	0		171	6	1179	0.005089058524173028	744	12	4403	0.0027254144901203725
CUFF_NC.3008	2	1076232	1076639	+	0	0	0		0	0	0		98	139	656	0.21189024390243902
CUFF_NC.3011	2	1076786	1078204	-	0	0	0		66	1	440	0.0022727272727272726	334	4	1914	0.0020898641588296763
CUFF_NC.3013	2	1129264	1129608	-	0	0	0		13	0	62	0.0	95	0	316	0.0
CUFF_NC.3015	2	1135028	1135545	-	0	0	0		29	91	211	0.4312796208530806	132	171	969	0.17647058823529413
CUFF_NC.3014	2	1135811	1136472	-	0	0	0		26	1	180	0.005555555555555556	133	3	750	0.004
CUFF_NC.3019	2	1147864	1152099	+	0	0	0		119	8	687	0.011644832605531296	896	22	4454	0.004939380332285586
CUFF_NC.3018	2	1156903	1157240	-	0	0	0		20	0	82	0.0	73	0	281	0.0
CUFF_NC.3020	2	1162911	1164298	-	0	0	0		114	1	691	0.001447178002894356	337	4	1909	0.0020953378732320588
CUFF_NC.3017	2	1165358	1165816	+	0	0	0		44	1	279	0.0035842293906810036	134	1	597	0.0016750418760469012
CUFF_NC.3021	2	1199000	1199416	+	0	0	0		5	23	30	0.7666666666666667	6	1	30	0.03333333333333333
CUFF_NC.3022	2	1199476	1200889	+	0	0	0		27	40	107	0.37383177570093457	188	94	1083	0.08679593721144968
CUFF_NC.3023	2	1201184	1202003	+	0	0	0		16	53	75	0.7066666666666667	122	59	674	0.08753709198813056
CUFF_NC.3026	2	1238157	1238565	+	0	0	0		6	0	13	0.0	34	0	54	0.0
CUFF_NC.3033	2	1249422	1249974	+	0	0	0		3	0	3	0.0	9	0	9	0.0
CUFF_NC.3034	2	1251422	1252104	-	0	0	0		4	0	26	0.0	14	0	50	0.0
CUFF_NC.3035	2	1252340	1254687	-	0	0	0		54	2	202	0.009900990099009901	340	11	1318	0.00834597875569044
CUFF_NC.3031	2	1268094	1268918	+	0	0	0		6	4	12	0.3333333333333333	90	44	169	0.2603550295857988
CUFF_NC.3032	2	1269833	1271594	+	0	0	0		24	38	75	0.5066666666666667	84	34	258	0.13178294573643412
CUFF_NC.3036	2	1289668	1290364	-	0	0	0		35	0	204	0.0	183	1	966	0.0010351966873706005
CUFF_NC.3037	2	1304388	1306156	+	0	0	0		49	206	498	0.41365461847389556	420	261	3632	0.07186123348017621
CUFF_NC.3038	2	1320095	1320717	-	0	0	0		17	0	67	0.0	161	2	723	0.0027662517289073307
CUFF_NC.3039	2	1320154	1320717	+	0	0	0		17	0	67	0.0	147	2	697	0.0028694404591104736
CUFF_NC.3045	2	1335933	1338934	+	0	0	0		138	2	812	0.0024630541871921183	708	14	3149	0.004445855827246745
CUFF_NC.3040	2	1339781	1340661	+	0	0	0		22	1	110	0.00909090909090909	230	16	1550	0.01032258064516129
CUFF_NC.3041	2	1346611	1347126	-	0	0	0		7	12	56	0.21428571428571427	112	19	800	0.02375
CUFF_NC.3046	2	1352730	1358066	+	0	0	0		182	48	954	0.050314465408805034	838	80	3595	0.022253129346314324
CUFF_NC.3047	2	1358574	1364322	+	0	0	0		183	54	847	0.06375442739079103	1121	208	4960	0.041935483870967745
CUFF_NC.3044	2	1391904	1392936	+	0	0	0		58	664	1073	0.6188257222739981	317	1309	6278	0.20850589359668684
CUFF_NC.3043	2	1420768	1421475	+	0	0	0		37	243	404	0.6014851485148515	186	556	2095	0.26539379474940333
CUFF_NC.3049	2	1429810	1430290	+	0	0	0		25	0	62	0.0	61	0	136	0.0
CUFF_NC.3048	2	1438150	1438869	+	0	0	0		25	82	202	0.40594059405940597	178	92	1225	0.07510204081632653
CUFF_NC.3050	2	1465652	1469014	+	0	0	0		58	55	341	0.16129032258064516	658	694	3907	0.17762989506014845
CUFF_NC.3141	2	1485473	1491553	+	0	0	0		383	1771	2962	0.5979068197164078	1798	2373	13830	0.1715835140997831
CUFF_NC.3051	2	1498174	1498886	+	0	0	0		20	4	99	0.04040404040404041	184	8	892	0.008968609865470852
CUFF_NC.3052	2	1505064	1505492	+	0	0	0		16	53	147	0.36054421768707484	122	496	1158	0.4283246977547496
CUFF_NC.3053	2	1505708	1506366	-	0	0	0		11	23	49	0.46938775510204084	84	78	253	0.308300395256917
CUFF_NC.3060	2	1544269	1544692	-	0	0	0		21	0	119	0.0	116	2	472	0.00423728813559322
CUFF_NC.3056	2	1548081	1548979	+	0	0	0		46	120	446	0.26905829596412556	203	265	2042	0.1297747306562194
CUFF_NC.3054	2	1554279	1554781	+	0	0	0		14	0	90	0.0	122	3	632	0.004746835443037975
CUFF_NC.3055	2	1563999	1565001	-	0	0	0		16	31	111	0.27927927927927926	268	42	1736	0.024193548387096774
CUFF_NC.3057	2	1579121	1580122	+	0	0	0		38	105	283	0.3710247349823322	251	88	1570	0.05605095541401274
CUFF_NC.3058	2	1585777	1586225	+	0	0	0		18	123	219	0.5616438356164384	118	178	1139	0.1562774363476734
CUFF_NC.3059	2	1586341	1586725	+	0	0	0		10	12	55	0.21818181818181817	115	26	584	0.04452054794520548
CUFF_NC.3063	2	1597207	1597676	-	0	0	0		21	61	153	0.39869281045751637	91	108	576	0.1875
CUFF_NC.3061	2	1604445	1605151	-	0	0	0		13	1	41	0.024390243902439025	127	0	398	0.0
CUFF_NC.3062	2	1608237	1609411	+	0	0	0		21	50	100	0.5	193	120	722	0.16620498614958448
CUFF_NC.3064	2	1611947	1612381	+	0	0	0		38	2	199	0.010050251256281407	123	1	434	0.002304147465437788
CUFF_NC.3067	2	1627710	1628196	-	0	0	0		30	0	192	0.0	118	2	638	0.003134796238244514
CUFF_NC.3066	2	1645902	1646335	-	0	0	0		15	0	118	0.0	102	5	732	0.006830601092896175
CUFF_NC.3065	2	1652306	1652707	+	0	0	0		24	128	283	0.45229681978798586	84	161	680	0.23676470588235293
CUFF_NC.3068	2	1682897	1683309	-	0	0	0		14	0	53	0.0	103	1	696	0.0014367816091954023
CUFF_NC.3069	2	1694725	1695280	+	0	0	0		19	0	110	0.0	98	1	626	0.001597444089456869
CUFF_NC.3071	2	1699975	1700635	+	0	0	0		41	0	330	0.0	144	1	991	0.0010090817356205853
CUFF_NC.3070	2	1710639	1711397	+	0	0	0		53	279	548	0.5091240875912408	177	430	2121	0.20273455917020272
CUFF_NC.3073	2	1713895	1714845	-	0	0	0		43	2	352	0.005681818181818182	219	3	1440	0.0020833333333333333
CUFF_NC.3074	2	1721761	1722414	+	0	0	0		23	0	167	0.0	141	3	975	0.003076923076923077
CUFF_NC.3075	2	1757083	1757742	-	0	0	0		29	91	153	0.5947712418300654	106	98	537	0.1824953445065177
CUFF_NC.3076	2	1767439	1768492	+	0	0	0		32	106	330	0.3212121212121212	262	192	2302	0.08340573414422242
CUFF_NC.3080	2	1777681	1779222	-	0	0	0		25	91	172	0.5290697674418605	281	344	1777	0.1935846933033202
CUFF_NC.3083	2	1780853	1781640	-	0	0	0		24	61	132	0.4621212121212121	175	155	1024	0.1513671875
CUFF_NC.3084	2	1786763	1788769	-	0	0	0		74	360	850	0.4235294117647059	463	603	4392	0.13729508196721313
CUFF_NC.3085	2	1788284	1788795	+	0	0	0		34	91	224	0.40625	81	57	524	0.10877862595419847
CUFF_NC.3077	2	1796757	1797512	-	0	0	0		16	63	124	0.5080645161290323	79	33	355	0.09295774647887324
CUFF_NC.3078	2	1799441	1800051	+	0	0	0		24	0	64	0.0	61	0	153	0.0
CUFF_NC.3079	2	1804741	1811986	+	0	0	0		22	13	30	0.43333333333333335	100	11	108	0.10185185185185185
CUFF_NC.3081	2	1813877	1823595	+	0	0	0		16	23	53	0.4339622641509434	73	41	196	0.20918367346938777
CUFF_NC.3082	2	1823661	1823912	+	0	0	0		4	0	14	0.0	21	0	61	0.0
CUFF_NC.3086	2	1832570	1833031	+	0	0	0		31	159	249	0.6385542168674698	133	244	1018	0.23968565815324164
CUFF_NC.3089	2	1837168	1837770	-	0	0	0		29	234	328	0.7134146341463414	203	586	1686	0.3475682087781732
CUFF_NC.3087	2	1840172	1840925	-	0	0	0		42	40	327	0.12232415902140673	177	38	1245	0.030522088353413655
CUFF_NC.3088	2	1868371	1868863	+	0	0	0		25	0	87	0.0	136	1	359	0.002785515320334262
CUFF_NC.3091	2	1888435	1890071	-	0	0	0		31	208	366	0.5683060109289617	404	842	4227	0.19919564703099124
CUFF_NC.3093	2	1920111	1920515	-	0	0	0		26	0	107	0.0	102	1	381	0.0026246719160104987
CUFF_NC.3094	2	1926750	1927319	-	0	0	0		46	320	493	0.6490872210953347	140	284	1119	0.2537980339588919
CUFF_NC.3095	2	1927014	1927479	+	0	0	0		27	130	188	0.6914893617021277	139	279	947	0.2946145723336853
CUFF_NC.3097	2	1957359	1957995	+	0	0	0		38	56	185	0.3027027027027027	198	94	995	0.09447236180904522
CUFF_NC.3098	2	1960776	1962063	+	0	0	0		69	9	242	0.0371900826446281	239	4	639	0.006259780907668232
CUFF_NC.3099	2	1980685	1981128	-	0	0	0		3	0	3	0.0	39	1	39	0.02564102564102564
CUFF_NC.3101	2	2019287	2019807	+	0	0	0		19	37	152	0.24342105263157895	120	16	787	0.020330368487928845
CUFF_NC.3108	2	2023249	2024009	+	0	0	0		38	0	180	0.0	167	1	834	0.001199040767386091
CUFF_NC.3102	2	2030888	2031936	-	0	0	0		55	156	482	0.3236514522821577	229	175	1857	0.0942380183091007
CUFF_NC.3104	2	2055301	2055982	-	0	0	0		18	0	93	0.0	171	4	814	0.004914004914004914
CUFF_NC.3103	2	2064209	2065212	+	0	0	0		21	136	256	0.53125	243	556	2415	0.23022774327122153
CUFF_NC.3106	2	2069209	2069631	-	0	0	0		26	0	79	0.0	123	1	379	0.002638522427440633
CUFF_NC.3105	2	2072364	2073026	-	0	0	0		36	0	181	0.0	166	1	810	0.0012345679012345679
CUFF_NC.3107	2	2084042	2084510	+	0	0	0		28	0	137	0.0	118	1	558	0.0017921146953405018
CUFF_NC.3132	2	2098125	2098594	+	0	0	0		8	8	65	0.12307692307692308	83	57	767	0.07431551499348109
CUFF_NC.3133	2	2100047	2100886	+	0	0	0		49	638	1255	0.5083665338645418	219	745	4694	0.15871325095867064
CUFF_NC.3109	2	2130600	2131154	+	0	0	0		15	68	176	0.38636363636363635	118	78	1079	0.07228915662650602
CUFF_NC.3110	2	2149967	2150550	-	0	0	0		16	36	57	0.631578947368421	44	71	191	0.3717277486910995
CUFF_NC.3113	2	2184006	2184331	+	0	0	0		11	0	53	0.0	39	0	146	0.0
CUFF_NC.3114	2	2185715	2191349	+	0	0	0		230	1186	1988	0.596579476861167	1491	2210	11723	0.18851829736415593
CUFF_NC.3115	2	2187474	2188357	+	0	0	0		18	80	178	0.449438202247191	258	335	2111	0.1586925627664614
CUFF_NC.3116	2	2193617	2194521	+	0	0	0		68	416	671	0.6199701937406855	228	406	2242	0.18108831400535236
CUFF_NC.3119	2	2199297	2200453	-	0	0	0		64	2	457	0.00437636761487965	204	2	1066	0.001876172607879925
CUFF_NC.3118	2	2208429	2209786	-	0	0	0		49	344	572	0.6013986013986014	303	551	2936	0.18767029972752045
CUFF_NC.3121	2	2214889	2218008	+	0	0	0		150	201	869	0.23130034522439585	640	834	3830	0.21775456919060052
CUFF_NC.3122	2	2231836	2232384	-	0	0	0		6	6	8	0.75	43	26	63	0.4126984126984127
CUFF_NC.3120	2	2241956	2242379	-	0	0	0		9	0	46	0.0	102	1	601	0.0016638935108153079
CUFF_NC.3128	2	2263123	2264555	-	0	0	0		51	122	303	0.40264026402640263	207	107	1118	0.09570661896243292
CUFF_NC.3123	2	2269482	2270253	+	0	0	0		39	2	196	0.01020408163265306	225	3	1122	0.00267379679144385
CUFF_NC.3124	2	2270696	2271329	+	0	0	0		43	0	188	0.0	119	0	327	0.0
CUFF_NC.3125	2	2272791	2277679	-	0	0	0		217	916	1484	0.6172506738544474	953	1091	5191	0.21017145058755538
CUFF_NC.3126	2	2280122	2282209	-	0	0	0		106	700	1040	0.6730769230769231	599	1240	5386	0.23022651318232454
CUFF_NC.3127	2	2287468	2288444	+	0	0	0		59	1	210	0.004761904761904762	251	3	759	0.003952569169960474
CUFF_NC.3140	2	2294983	2295828	-	0	0	0		50	266	460	0.5782608695652174	220	212	1807	0.11732152739346983
CUFF_NC.3131	2	2314989	2315496	+	0	0	0		40	205	533	0.38461538461538464	141	213	1753	0.1215059897318882
CUFF_NC.3135	2	2322880	2323584	-	0	0	0		45	0	117	0.0	154	2	433	0.004618937644341801
CUFF_NC.3136	2	2325611	2326737	-	0	0	0		81	147	373	0.3941018766756032	284	85	1343	0.06329113924050633
CUFF_NC.3137	2	2325733	2326893	+	0	0	0		82	141	379	0.3720316622691293	319	81	1463	0.05536568694463431
CUFF_NC.3134	2	2330587	2331479	+	0	0	0		36	36	226	0.1592920353982301	181	57	1015	0.0561576354679803
CUFF_NC.3138	2	2346512	2347063	-	0	0	0		6	0	22	0.0	77	3	332	0.009036144578313253
CUFF_NC.3146	2	2353552	2355259	+	0	0	0		92	3	669	0.004484304932735426	343	6	2046	0.002932551319648094
CUFF_NC.3142	2	2359325	2360307	+	0	0	0		43	1	194	0.005154639175257732	240	4	932	0.004291845493562232
CUFF_NC.3143	2	2361678	2362550	+	0	0	0		40	2	149	0.013422818791946308	160	1	641	0.0015600624024961
CUFF_NC.3139	2	2362841	2363422	+	0	0	0		25	205	293	0.6996587030716723	173	392	1794	0.21850613154960982
CUFF_NC.3144	2	2393957	2394366	-	0	0	0		8	7	56	0.125	143	174	1022	0.17025440313111545
CUFF_NC.3145	2	2394470	2394877	-	0	0	0		9	36	83	0.43373493975903615	138	194	1113	0.17430368373764601
CUFF_NC.3147	2	2423024	2424068	-	0	0	0		48	247	443	0.5575620767494357	313	470	2869	0.16382014639247125
CUFF_NC.3148	2	2426185	2427256	-	0	0	0		49	3	346	0.008670520231213872	276	6	1596	0.0037593984962406013
CUFF_NC.3149	2	2448146	2453184	-	0	0	0		260	923	1399	0.6597569692637598	975	1376	5174	0.2659451101662157
CUFF_NC.3151	2	2459017	2459763	-	0	0	0		22	2	129	0.015503875968992248	192	2	942	0.0021231422505307855
CUFF_NC.3150	2	2468428	2469038	-	0	0	0		21	115	242	0.47520661157024796	167	226	1174	0.19250425894378195
CUFF_NC.3152	2	2488942	2489477	-	0	0	0		39	132	172	0.7674418604651163	110	151	494	0.305668016194332
CUFF_NC.3153	2	2506741	2507271	+	0	0	0		29	116	201	0.5771144278606966	145	228	969	0.23529411764705882
CUFF_NC.3154	2	2507952	2508576	+	0	0	0		52	162	287	0.5644599303135889	182	159	901	0.17647058823529413
CUFF_NC.3155	2	2525926	2526778	+	0	0	0		57	184	381	0.48293963254593175	227	209	1590	0.13144654088050314
CUFF_NC.3156	2	2527910	2528704	-	0	0	0		49	143	452	0.3163716814159292	224	138	1946	0.07091469681397738
CUFF_NC.3157	2	2529074	2529676	+	0	0	0		36	190	313	0.6070287539936102	156	249	1361	0.18295371050698017
CUFF_NC.3158	2	2548315	2548861	+	0	0	0		29	179	349	0.5128939828080229	88	165	795	0.20754716981132076
CUFF_NC.3161	2	2564332	2566470	+	0	0	0		12	57	97	0.5876288659793815	84	93	470	0.19787234042553192
CUFF_NC.3159	2	2567463	2568201	+	0	0	0		2	0	2	0.0	25	1	25	0.04
CUFF_NC.3162	2	2573314	2574602	+	0	0	0		61	159	364	0.4368131868131868	369	421	2243	0.1876950512706197
CUFF_NC.3166	2	2589606	2589969	+	0	0	0		8	0	94	0.0	76	3	551	0.0054446460980036296
CUFF_NC.3167	2	2617553	2619173	+	0	0	0		40	168	257	0.6536964980544747	134	259	943	0.27465535524920465
CUFF_NC.3168	2	2678064	2678530	+	0	0	0		17	47	88	0.5340909090909091	81	148	553	0.26763110307414106
CUFF_NC.3171	2	2679059	2680575	+	0	0	0		82	204	352	0.5795454545454546	342	412	1761	0.2339579784213515
CUFF_NC.3170	2	2696787	2697613	+	0	0	0		7	1	12	0.08333333333333333	45	3	68	0.04411764705882353
CUFF_NC.3172	2	2753376	2754065	-	0	0	0		30	90	180	0.5	121	65	519	0.1252408477842004
CUFF_NC.3174	2	2822788	2824492	+	0	0	0		34	117	356	0.32865168539325845	348	186	2248	0.08274021352313167
CUFF_NC.3173	2	2833562	2834071	-	0	0	0		34	213	362	0.5883977900552486	164	316	1652	0.19128329297820823
CUFF_NC.3175	2	2834150	2835060	-	0	0	0		55	327	448	0.7299107142857143	279	546	2142	0.2549019607843137
CUFF_NC.3176	2	2835413	2836765	-	0	0	0		88	370	607	0.6095551894563427	438	548	2984	0.1836461126005362
CUFF_NC.3179	2	2856469	2858800	-	0	0	0		27	27	64	0.421875	75	53	238	0.22268907563025211
CUFF_NC.3177	2	2893802	2894704	-	0	0	0		46	156	357	0.4369747899159664	234	189	1610	0.11739130434782609
CUFF_NC.3178	2	2905190	2906037	-	0	0	0		8	101	219	0.4611872146118721	19	64	483	0.13250517598343686
CUFF_NC.3183	2	2907681	2908599	+	0	0	0		29	8	197	0.04060913705583756	211	11	1152	0.009548611111111112
CUFF_NC.3184	2	2909817	2910504	+	0	0	0		36	72	167	0.4311377245508982	174	103	740	0.13918918918918918
CUFF_NC.3182	2	2918109	2919064	-	0	0	0		22	1	205	0.004878048780487805	220	5	1373	0.003641660597232338
CUFF_NC.3186	2	2919911	2922249	-	0	0	0		75	124	538	0.23048327137546468	513	321	3501	0.09168808911739502
CUFF_NC.3187	2	2920788	2922302	+	0	0	0		42	105	355	0.29577464788732394	346	297	2609	0.11383671904944423
CUFF_NC.3185	2	2945852	2946547	+	0	0	0		18	60	123	0.4878048780487805	161	61	934	0.06531049250535331
CUFF_NC.3188	2	2962869	2964111	-	0	0	0		30	51	123	0.4146341463414634	181	48	542	0.08856088560885608
CUFF_NC.3190	2	2970677	2971125	-	0	0	0		29	70	154	0.45454545454545453	137	136	816	0.16666666666666666
CUFF_NC.3189	2	2998521	2998923	+	0	0	0		15	60	116	0.5172413793103449	88	77	655	0.11755725190839694
CUFF_NC.3192	2	3033290	3033717	+	0	0	0		21	33	126	0.2619047619047619	108	37	624	0.05929487179487179
CUFF_NC.3193	2	3058298	3058871	-	0	0	0		0	0	0		5	0	5	0.0
CUFF_NC.3198	2	3084063	3089468	+	0	0	0		123	537	1540	0.3487012987012987	1399	2842	16998	0.16719614072243794
CUFF_NC.3200	2	3085200	3086374	+	0	0	0		8	38	157	0.24203821656050956	200	543	2932	0.18519781718963166
CUFF_NC.3199	2	3086452	3089120	+	0	0	0		86	381	1123	0.3392698130008905	836	1709	11174	0.15294433506354035
CUFF_NC.3195	2	3132906	3133337	+	0	0	0		17	42	166	0.25301204819277107	110	60	1013	0.059230009871668314
CUFF_NC.3196	2	3136458	3137281	-	0	0	0		0	0	0		18	0	18	0.0
CUFF_NC.3197	2	3143835	3145488	-	0	0	0		50	209	385	0.5428571428571428	275	370	1946	0.19013360739979446
CUFF_NC.3202	2	3161011	3166281	+	0	0	0		4	3	4	0.75	10	2	10	0.2
CUFF_NC.3204	2	3164991	3166029	+	0	0	0		2	2	2	1.0	5	0	5	0.0
CUFF_NC.3206	2	3206497	3211508	+	0	0	0		14	106	155	0.6838709677419355	66	166	666	0.24924924924924924
CUFF_NC.3218	2	3230308	3230712	+	0	0	0		9	8	25	0.32	22	6	57	0.10526315789473684
CUFF_NC.3210	2	3233817	3236376	+	0	0	0		27	45	132	0.3409090909090909	128	59	577	0.1022530329289428
CUFF_NC.3219	2	3255905	3261813	-	0	0	0		44	0	445	0.0	178	1	1490	0.0006711409395973154
CUFF_NC.3221	2	3259276	3260270	+	0	0	0		11	0	55	0.0	66	0	425	0.0
CUFF_NC.3223	2	3265608	3266022	+	0	0	0		10	0	55	0.0	14	0	52	0.0
CUFF_NC.3224	2	3266287	3268525	-	0	0	0		13	0	46	0.0	60	1	280	0.0035714285714285713
CUFF_NC.3225	2	3267631	3268703	+	0	0	0		13	0	46	0.0	60	1	280	0.0035714285714285713
CUFF_NC.3228	2	3270249	3272795	-	0	0	0		30	1	267	0.003745318352059925	109	3	854	0.00351288056206089
CUFF_NC.3230	2	3275189	3281126	-	0	0	0		98	1	717	0.001394700139470014	394	10	2489	0.004017677782241864
CUFF_NC.3229	2	3283719	3285108	+	0	0	0		1	0	1	0.0	5	0	5	0.0
CUFF_NC.3227	2	3291532	3292072	-	0	0	0		13	0	74	0.0	49	2	377	0.005305039787798408
CUFF_NC.3231	2	3294435	3294978	+	0	0	0		27	0	173	0.0	79	4	465	0.008602150537634409
CUFF_NC.3232	2	3305105	3307841	-	0	0	0		35	1	246	0.0040650406504065045	177	4	1230	0.0032520325203252032
CUFF_NC.3244	2	3312926	3313509	+	0	0	0		35	1	221	0.004524886877828055	117	0	730	0.0
CUFF_NC.3233	2	3319570	3321038	+	0	0	0		14	0	77	0.0	45	0	240	0.0
CUFF_NC.3234	2	3321752	3322330	-	0	0	0		16	0	65	0.0	45	0	154	0.0
CUFF_NC.3235	2	3323313	3326938	+	0	0	0		24	1	185	0.005405405405405406	169	4	931	0.004296455424274973
CUFF_NC.3238	2	3325188	3328638	-	0	0	0		15	0	69	0.0	93	2	416	0.004807692307692308
CUFF_NC.3236	2	3327069	3328563	+	0	0	0		13	0	64	0.0	72	2	361	0.00554016620498615
CUFF_NC.3237	2	3328745	3329849	-	0	0	0		16	1	140	0.007142857142857143	66	3	544	0.0055147058823529415
CUFF_NC.3239	2	3329158	3329599	+	0	0	0		13	0	115	0.0	24	2	190	0.010526315789473684
CUFF_NC.3240	2	3342039	3343506	-	0	0	0		35	2	263	0.0076045627376425855	112	3	811	0.0036991368680641184
CUFF_NC.3242	2	3345954	3347022	-	0	0	0		14	0	46	0.0	63	0	191	0.0
CUFF_NC.3241	2	3349076	3349491	+	0	0	0		10	0	74	0.0	38	0	192	0.0
CUFF_NC.3252	2	3358211	3360582	-	0	0	0		38	1	369	0.0027100271002710027	190	5	1434	0.003486750348675035
CUFF_NC.3250	2	3368553	3378370	-	0	0	0		22	0	59	0.0	72	2	148	0.013513513513513514
CUFF_NC.3255	2	3412532	3416135	-	0	0	0		16	0	48	0.0	87	1	356	0.0028089887640449437
CUFF_NC.3257	2	3424717	3429915	-	0	0	0		19	0	105	0.0	78	2	392	0.00510204081632653
CUFF_NC.3251	2	3437526	3439385	-	0	0	0		30	0	197	0.0	143	2	916	0.002183406113537118
CUFF_NC.3260	2	3440019	3440777	+	0	0	0		9	0	49	0.0	85	1	418	0.0023923444976076554
CUFF_NC.3264	2	3451626	3452053	-	0	0	0		10	0	70	0.0	69	3	567	0.005291005291005291
CUFF_NC.3259	2	3460646	3461598	-	0	0	0		18	0	128	0.0	62	1	448	0.002232142857142857
CUFF_NC.3262	2	3462151	3466458	+	0	0	0		70	2	689	0.002902757619738752	197	3	1611	0.00186219739292365
CUFF_NC.3265	2	3463210	3464943	-	0	0	0		40	0	429	0.0	138	2	1044	0.0019157088122605363
CUFF_NC.3272	2	3472038	3474910	+	0	0	0		11	0	146	0.0	29	2	314	0.006369426751592357
CUFF_NC.3268	2	3490813	3491231	-	0	0	0		25	0	387	0.0	113	3	1125	0.0026666666666666666
CUFF_NC.3266	2	3492852	3493969	-	0	0	0		54	0	348	0.0	158	3	882	0.003401360544217687
CUFF_NC.3283	2	3523321	3524382	+	0	0	0		69	2	615	0.0032520325203252032	234	4	1664	0.002403846153846154
CUFF_NC.3275	2	3534360	3535436	+	0	0	0		5	0	5	0.0	11	0	11	0.0
CUFF_NC.3274	2	3550461	3550876	+	0	0	0		28	310	628	0.49363057324840764	113	475	1882	0.25239107332624866
CUFF_NC.3276	2	3582537	3583272	-	0	0	0		6	2	13	0.15384615384615385	40	1	70	0.014285714285714285
CUFF_NC.3277	2	3605679	3606354	-	0	0	0		9	40	236	0.1694915254237288	128	502	4506	0.1114070128717266
CUFF_NC.3278	2	3606482	3607849	-	0	0	0		9	40	227	0.1762114537444934	216	330	4542	0.0726552179656539
CUFF_NC.3279	2	3606980	3607382	+	0	0	0		3	32	189	0.1693121693121693	79	204	3042	0.0670611439842209
CUFF_NC.3294	2	3614922	3626487	-	0	0	0		135	857	2831	0.3027198869657365	2769	6653	69554	0.09565229893320298
CUFF_NC.3280	2	3626604	3627541	-	0	0	0		5	29	58	0.5	96	106	709	0.14950634696755993
CUFF_NC.3281	2	3626670	3627640	+	0	0	0		6	34	112	0.30357142857142855	116	175	1245	0.14056224899598393
CUFF_NC.3290	2	3665666	3672766	-	0	0	0		389	1330	3661	0.3632887189292543	1932	1814	16902	0.10732457697313927
CUFF_NC.3284	2	3679533	3679968	+	0	0	0		41	107	191	0.5602094240837696	139	93	490	0.18979591836734694
CUFF_NC.3285	2	3713311	3718403	+	0	0	0		100	293	753	0.3891102257636122	1165	1720	10752	0.15997023809523808
CUFF_NC.3289	2	3729398	3730017	+	0	0	0		54	184	339	0.5427728613569321	180	366	1644	0.22262773722627738
CUFF_NC.3286	2	3752538	3753025	+	0	0	0		10	15	28	0.5357142857142857	73	153	451	0.3392461197339246
CUFF_NC.3287	2	3758192	3758965	+	0	0	0		59	184	326	0.5644171779141104	201	199	1173	0.16965046888320545
CUFF_NC.3288	2	3759166	3759938	+	0	0	0		74	274	469	0.5842217484008528	195	224	1262	0.1774960380348653
CUFF_NC.3292	2	3781390	3781947	-	0	0	0		50	0	229	0.0	150	0	544	0.0
CUFF_NC.3291	2	3784886	3785363	+	0	0	0		27	75	206	0.3640776699029126	121	114	947	0.12038014783526928
CUFF_NC.3293	2	3793971	3795218	-	0	0	0		54	247	502	0.49203187250996017	350	463	3202	0.14459712679575265
CUFF_NC.3295	2	3852787	3854743	+	0	0	0		56	109	309	0.35275080906148865	358	227	1521	0.1492439184746877
CUFF_NC.3296	2	3853108	3853555	-	0	0	0		10	3	64	0.046875	96	8	366	0.02185792349726776
CUFF_NC.3297	2	3855724	3856150	+	0	0	0		6	2	6	0.3333333333333333	12	0	12	0.0
CUFF_NC.3298	2	3856228	3856971	+	0	0	0		4	10	22	0.45454545454545453	62	7	106	0.0660377358490566
CUFF_NC.3299	2	3874009	3874449	+	0	0	0		10	14	29	0.4827586206896552	39	13	82	0.15853658536585366
CUFF_NC.3301	2	3914007	3915665	-	0	0	0		87	708	1088	0.6507352941176471	463	902	5371	0.16793893129770993
CUFF_NC.3300	2	3921525	3922112	-	0	0	0		58	188	304	0.618421052631579	164	198	878	0.2255125284738041
CUFF_NC.3306	2	3922208	3925756	-	0	0	0		263	1237	2194	0.5638103919781221	1020	1530	8322	0.18385003604902667
CUFF_NC.3304	2	3926082	3927850	+	0	0	0		30	99	353	0.2804532577903683	393	228	3846	0.059282371294851796
CUFF_NC.3305	2	3927671	3928781	-	0	0	0		44	317	578	0.5484429065743944	317	425	3422	0.12419637638807715
CUFF_NC.3302	2	3934955	3935360	+	0	0	0		13	27	140	0.19285714285714287	46	10	325	0.03076923076923077
CUFF_NC.3303	2	3936763	3937233	+	0	0	0		33	85	265	0.32075471698113206	103	72	676	0.10650887573964497
CUFF_NC.3307	2	4012503	4013404	-	0	0	0		25	78	232	0.33620689655172414	212	226	1717	0.13162492719860222
CUFF_NC.3308	2	4012803	4013314	+	0	0	0		15	41	128	0.3203125	122	140	1134	0.12345679012345678
CUFF_NC.3309	2	4018874	4019567	-	0	0	0		20	1	137	0.0072992700729927005	165	9	883	0.010192525481313703
CUFF_NC.3310	2	4078061	4078557	+	0	0	0		9	14	137	0.10218978102189781	135	86	1115	0.07713004484304933
CUFF_NC.3312	2	4140276	4141149	-	0	0	0		31	80	164	0.4878048780487805	192	462	1306	0.3537519142419602
CUFF_NC.3311	2	4141320	4141927	-	0	0	0		7	0	54	0.0	148	3	763	0.003931847968545216
CUFF_NC.3313	2	4145716	4146399	+	0	0	0		41	67	171	0.391812865497076	202	77	825	0.09333333333333334
CUFF_NC.3322	2	4221835	4222654	-	0	0	0		26	2	104	0.019230769230769232	68	2	242	0.008264462809917356
CUFF_NC.3324	2	4238006	4238823	-	0	0	0		5	3	26	0.11538461538461539	19	10	97	0.10309278350515463
CUFF_NC.3315	2	4248510	4251132	+	0	0	0		100	442	1001	0.44155844155844154	714	792	6169	0.12838385475765926
CUFF_NC.3319	2	4301681	4303252	+	0	0	0		19	50	164	0.3048780487804878	211	183	1468	0.12465940054495912
CUFF_NC.3317	2	4305117	4305875	+	0	0	0		10	0	11	0.0	33	0	39	0.0
CUFF_NC.3316	2	4308452	4308953	+	0	0	0		3	0	13	0.0	113	9	555	0.016216216216216217
CUFF_NC.3320	2	4315281	4316575	+	0	0	0		88	1	636	0.0015723270440251573	293	7	1674	0.004181600955794504
CUFF_NC.3318	2	4318440	4318846	+	0	0	0		13	85	160	0.53125	99	112	852	0.13145539906103287
CUFF_NC.3325	2	4324538	4325089	-	0	0	0		41	156	332	0.46987951807228917	125	114	850	0.13411764705882354
CUFF_NC.3326	2	4329353	4329892	+	0	0	0		26	80	243	0.3292181069958848	140	92	1017	0.09046214355948869
CUFF_NC.3327	2	4333829	4334668	+	0	0	0		30	67	253	0.2648221343873518	151	194	1198	0.16193656093489148
CUFF_NC.3328	2	4337839	4338385	+	0	0	0		7	30	58	0.5172413793103449	115	126	641	0.19656786271450857
CUFF_NC.3330	2	4361365	4362025	-	0	0	0		25	61	202	0.30198019801980197	158	73	1109	0.06582506762849413
CUFF_NC.3331	2	4398924	4399955	+	0	0	0		16	40	66	0.6060606060606061	34	33	108	0.3055555555555556
CUFF_NC.3332	2	4524013	4524982	+	0	0	0		39	2	214	0.009345794392523364	222	5	1273	0.003927729772191673
CUFF_NC.3333	2	4564124	4565036	+	0	0	0		46	69	127	0.5433070866141733	140	58	283	0.2049469964664311
CUFF_NC.3335	2	4624613	4625439	-	0	0	0		25	83	231	0.3593073593073593	219	140	1457	0.09608785175017158
CUFF_NC.3334	2	4625643	4626108	-	0	0	0		6	15	65	0.23076923076923078	124	157	1379	0.11385061638868746
CUFF_NC.3337	2	4634329	4635675	+	0	0	0		10	46	116	0.39655172413793105	69	32	326	0.09815950920245399
CUFF_NC.3338	2	4643691	4644116	+	0	0	0		12	52	157	0.33121019108280253	18	21	179	0.11731843575418995
CUFF_NC.3339	2	4644302	4644722	+	0	0	0		16	61	138	0.4420289855072464	127	150	1014	0.14792899408284024
CUFF_NC.3342	2	4646278	4647142	+	0	0	0		24	129	286	0.45104895104895104	189	131	1557	0.08413615928066795
CUFF_NC.3341	2	4648250	4650430	-	0	0	0		37	110	426	0.25821596244131456	357	219	2962	0.07393652937204591
CUFF_NC.3340	2	4654664	4655195	-	0	0	0		24	77	230	0.3347826086956522	145	73	1176	0.06207482993197279
CUFF_NC.3346	2	4660206	4660826	-	0	0	0		44	125	265	0.4716981132075472	200	285	1362	0.2092511013215859
CUFF_NC.3345	2	4728463	4729358	+	0	0	0		51	214	429	0.4988344988344988	263	307	1944	0.15792181069958847
CUFF_NC.3347	2	4743215	4743920	-	0	0	0		27	1	165	0.006060606060606061	121	0	548	0.0
CUFF_NC.3343	2	4762458	4762864	-	0	0	0		14	15	99	0.15151515151515152	104	18	807	0.022304832713754646
CUFF_NC.3344	2	4764352	4765463	-	0	0	0		21	22	137	0.16058394160583941	289	41	1798	0.022803114571746386
CUFF_NC.3348	2	4771721	4772194	+	0	0	0		24	30	221	0.13574660633484162	120	59	1023	0.05767350928641251
CUFF_NC.3357	2	4792217	4792947	+	0	0	0		33	148	346	0.4277456647398844	181	126	1472	0.08559782608695653
CUFF_NC.3349	2	4797754	4798657	+	0	0	0		73	304	542	0.5608856088560885	193	149	1423	0.10470836261419536
CUFF_NC.3354	2	4802783	4803636	-	0	0	0		35	0	188	0.0	220	3	760	0.003947368421052632
CUFF_NC.3358	2	4830004	4831073	-	0	0	0		52	354	680	0.5205882352941177	289	416	3027	0.13742979848034356
CUFF_NC.3353	2	4839997	4845026	-	0	0	0		48	54	127	0.4251968503937008	191	86	523	0.16443594646271512
CUFF_NC.3352	2	4847753	4848487	-	0	0	0		12	17	41	0.4146341463414634	106	54	309	0.17475728155339806
CUFF_NC.3356	2	4898442	4899067	+	0	0	0		8	19	38	0.5	22	17	96	0.17708333333333334
CUFF_NC.3360	2	4910282	4910805	+	0	0	0		20	19	130	0.14615384615384616	83	81	621	0.13043478260869565
CUFF_NC.3363	2	4923893	4925167	+	0	0	0		31	1	117	0.008547008547008548	205	5	800	0.00625
CUFF_NC.3361	2	4935521	4935957	-	0	0	0		3	22	29	0.7586206896551724	9	13	88	0.14772727272727273
CUFF_NC.3362	2	4936068	4936654	-	0	0	0		26	220	328	0.6707317073170732	64	104	410	0.25365853658536586
CUFF_NC.3365	2	4937966	4938863	+	0	0	0		36	3	196	0.015306122448979591	229	29	1183	0.024513947590870666
CUFF_NC.3364	2	4942594	4943880	-	0	0	0		8	0	31	0.0	184	3	658	0.004559270516717325
CUFF_NC.3367	2	4962463	4964315	-	0	0	0		84	400	798	0.5012531328320802	435	538	3609	0.14907176503186478
CUFF_NC.3366	2	4964571	4964976	-	0	0	0		21	57	171	0.3333333333333333	90	151	725	0.2082758620689655
CUFF_NC.3368	2	4969512	4973387	+	0	0	0		89	406	913	0.44468784227820374	549	587	4637	0.12659046797498383
CUFF_NC.3369	2	5000133	5003301	-	0	0	0		237	1762	2668	0.6604197901049476	806	1837	7782	0.23605756874839373
CUFF_NC.3370	2	5002586	5003463	+	0	0	0		22	19	127	0.14960629921259844	197	59	889	0.06636670416197975
CUFF_NC.3378	2	5007681	5010111	+	0	0	0		112	7	559	0.012522361359570662	442	17	2247	0.0075656430796617715
CUFF_NC.3375	2	5013005	5013424	+	0	0	0		8	49	71	0.6901408450704225	112	204	1042	0.19577735124760076
CUFF_NC.3373	2	5021697	5022829	-	0	0	0		36	171	340	0.5029411764705882	332	625	2764	0.22612156295224312
CUFF_NC.3374	2	5021783	5022415	+	0	0	0		24	128	260	0.49230769230769234	175	308	1714	0.17969661610268378
CUFF_NC.3371	2	5029173	5030718	+	0	0	0		38	116	204	0.5686274509803921	335	469	1954	0.24002047082906858
CUFF_NC.3372	2	5029383	5030325	-	0	0	0		23	37	78	0.47435897435897434	146	195	870	0.22413793103448276
CUFF_NC.3389	2	5049587	5051738	+	0	0	0		96	3	441	0.006802721088435374	497	14	1870	0.0074866310160427805
CUFF_NC.3377	2	5056319	5056906	-	0	0	0		13	122	223	0.547085201793722	102	298	1722	0.17305458768873402
CUFF_NC.3380	2	5066772	5067716	+	0	0	0		51	217	485	0.44742268041237115	225	309	2379	0.12988650693568726
CUFF_NC.3379	2	5084093	5085617	+	0	0	0		42	76	297	0.2558922558922559	346	272	2303	0.11810681719496309
CUFF_NC.3381	2	5098301	5098889	-	0	0	0		0	0	0		4	1	6	0.16666666666666666
CUFF_NC.3382	2	5149739	5150284	-	0	0	0		36	43	134	0.3208955223880597	162	66	578	0.11418685121107267
CUFF_NC.3386	2	5214481	5215191	-	0	0	0		21	0	83	0.0	107	2	462	0.004329004329004329
CUFF_NC.3387	2	5214641	5216738	+	0	0	0		58	298	522	0.5708812260536399	414	559	2919	0.19150393970537855
CUFF_NC.3388	2	5216777	5217992	-	0	0	0		35	133	339	0.39233038348082594	306	399	2590	0.15405405405405406
CUFF_NC.3385	2	5224866	5230307	+	0	0	0		16	26	34	0.7647058823529411	71	49	195	0.2512820512820513
CUFF_NC.3384	2	5282597	5286913	+	0	0	0		26	24	35	0.6857142857142857	168	72	265	0.27169811320754716
CUFF_NC.3383	2	5330428	5331334	+	0	0	0		50	55	153	0.35947712418300654	217	115	652	0.17638036809815952
CUFF_NC.3390	2	5384755	5385467	-	0	0	0		32	73	230	0.3173913043478261	175	96	1083	0.0886426592797784
CUFF_NC.3401	2	5390198	5391145	-	0	0	0		28	2	149	0.013422818791946308	234	36	1110	0.032432432432432434
CUFF_NC.3392	2	5392653	5393466	+	0	0	0		26	15	147	0.10204081632653061	181	34	1072	0.03171641791044776
CUFF_NC.3391	2	5404156	5404599	+	0	0	0		18	6	140	0.04285714285714286	89	24	623	0.038523274478330656
CUFF_NC.3397	2	5411059	5412211	+	0	0	0		43	81	258	0.313953488372093	299	188	2289	0.08213193534294452
CUFF_NC.3398	2	5412909	5413233	+	0	0	0		11	36	62	0.5806451612903226	102	79	543	0.14548802946593
CUFF_NC.3399	2	5413344	5413833	+	0	0	0		19	73	157	0.46496815286624205	135	104	976	0.10655737704918032
CUFF_NC.3393	2	5446723	5447154	-	0	0	0		14	76	168	0.4523809523809524	137	201	1461	0.1375770020533881
CUFF_NC.3395	2	5457962	5459099	-	0	0	0		44	38	276	0.13768115942028986	296	149	2153	0.06920575940548072
CUFF_NC.3394	2	5460472	5461054	-	0	0	0		15	5	108	0.046296296296296294	175	44	882	0.049886621315192746
CUFF_NC.3396	2	5461155	5461636	-	0	0	0		26	62	196	0.3163265306122449	132	73	973	0.0750256937307297
CUFF_NC.3403	2	5491602	5495710	-	0	0	0		118	232	453	0.5121412803532008	571	314	1820	0.17252747252747253
CUFF_NC.3402	2	5508298	5508830	+	0	0	0		14	0	85	0.0	79	0	337	0.0
CUFF_NC.3404	2	5517653	5520530	+	0	0	0		212	913	1786	0.5111982082866742	825	1126	6939	0.16227122063697938
CUFF_NC.3405	2	5536451	5537884	+	0	0	0		54	1	388	0.002577319587628866	386	8	2033	0.003935071323167732
CUFF_NC.3409	2	5538155	5538974	+	0	0	0		18	0	81	0.0	192	6	764	0.007853403141361256
CUFF_NC.3407	2	5559020	5559595	-	0	0	0		20	94	178	0.5280898876404494	147	213	878	0.24259681093394078
CUFF_NC.3406	2	5560205	5560782	-	0	0	0		48	286	430	0.6651162790697674	148	449	1470	0.3054421768707483
CUFF_NC.3411	2	5605219	5605675	+	0	0	0		36	419	509	0.8231827111984283	127	504	1651	0.3052695336159903
CUFF_NC.3408	2	5609508	5610353	+	0	0	0		44	171	491	0.34826883910386963	222	277	2150	0.1288372093023256
CUFF_NC.3410	2	5612946	5615480	-	0	0	0		112	603	1049	0.5748331744518589	755	1569	7141	0.21971712645287775
CUFF_NC.3414	2	5655809	5656469	+	0	0	0		32	0	182	0.0	138	0	608	0.0
CUFF_NC.3413	2	5664903	5665282	-	0	0	0		14	0	48	0.0	82	1	320	0.003125
CUFF_NC.3416	2	5686289	5686748	+	0	0	0		15	20	49	0.40816326530612246	102	74	491	0.15071283095723015
CUFF_NC.3425	2	5704921	5706187	-	0	0	0		110	0	385	0.0	315	3	919	0.003264417845484222
CUFF_NC.3417	2	5718261	5719161	+	0	0	0		28	132	324	0.4074074074074074	209	241	1699	0.1418481459682166
CUFF_NC.3420	2	5734137	5734764	+	0	0	0		9	29	91	0.31868131868131866	57	33	731	0.04514363885088919
CUFF_NC.3421	2	5736300	5737284	-	0	0	0		2	0	2	0.0	12	0	12	0.0
CUFF_NC.3418	2	5738277	5738986	+	0	0	0		10	18	48	0.375	99	28	331	0.08459214501510574
CUFF_NC.3422	2	5751725	5752127	+	0	0	0		13	158	245	0.6448979591836734	100	379	1683	0.2251931075460487
CUFF_NC.3424	2	5755486	5756044	-	0	0	0		36	0	132	0.0	129	1	482	0.002074688796680498
CUFF_NC.3426	2	5777588	5778083	+	0	0	0		21	56	139	0.4028776978417266	114	40	725	0.05517241379310345
CUFF_NC.3429	2	5791281	5792265	+	0	0	0		27	2	72	0.027777777777777776	140	18	466	0.03862660944206009
CUFF_NC.3428	2	5792751	5794068	+	0	0	0		83	745	973	0.7656731757451182	375	1326	4411	0.3006121060983904
CUFF_NC.3427	2	5794856	5795699	+	0	0	0		88	755	936	0.8066239316239316	245	684	2309	0.29623213512343005
CUFF_NC.3431	2	5796234	5796590	+	0	0	0		31	195	275	0.7090909090909091	109	299	1134	0.263668430335097
CUFF_NC.3430	2	5800458	5800873	+	0	0	0		15	92	135	0.6814814814814815	116	209	943	0.22163308589607636
CUFF_NC.3432	2	5804981	5805405	-	0	0	0		35	61	237	0.25738396624472576	88	21	593	0.03541315345699832
CUFF_NC.3433	2	5823251	5823798	+	0	0	0		7	11	23	0.4782608695652174	73	50	233	0.2145922746781116
CUFF_NC.3435	2	5846255	5846817	+	0	0	0		4	5	7	0.7142857142857143	13	6	23	0.2608695652173913
CUFF_NC.3443	2	5860091	5860556	-	0	0	0		8	0	11	0.0	15	0	112	0.0
CUFF_NC.3436	2	5869615	5870927	+	0	0	0		1	2	3	0.6666666666666666	3	0	5	0.0
CUFF_NC.3437	2	5871964	5872699	+	0	0	0		0	0	0		12	5	12	0.4166666666666667
CUFF_NC.3439	2	5874509	5875210	+	0	0	0		6	0	25	0.0	50	1	244	0.004098360655737705
CUFF_NC.3441	2	5875307	5876854	+	0	0	0		50	23	209	0.11004784688995216	248	15	876	0.017123287671232876
CUFF_NC.3440	2	5876939	5877489	+	0	0	0		11	46	93	0.4946236559139785	101	142	545	0.26055045871559634
CUFF_NC.3442	2	5877923	5879059	+	0	0	0		41	97	186	0.521505376344086	247	229	1184	0.19341216216216217
CUFF_NC.3444	2	5881688	5882972	+	0	0	0		29	57	155	0.36774193548387096	173	160	942	0.16985138004246284
CUFF_NC.3445	2	5883401	5884814	+	0	0	0		72	136	345	0.39420289855072466	338	305	1706	0.17878077373974208
CUFF_NC.3446	2	5884963	5886220	+	0	0	0		15	27	39	0.6923076923076923	34	12	58	0.20689655172413793
CUFF_NC.3447	2	5920476	5921157	+	0	0	0		15	0	50	0.0	113	4	329	0.0121580547112462
CUFF_NC.3449	2	5932644	5933225	+	0	0	0		20	0	35	0.0	51	0	59	0.0
CUFF_NC.3448	2	5947959	5948570	+	0	0	0		27	189	382	0.49476439790575916	153	126	1413	0.08917197452229299
CUFF_NC.3450	2	6025774	6026216	+	0	0	0		26	2	86	0.023255813953488372	100	0	219	0.0
CUFF_NC.3452	2	6049895	6050426	+	0	0	0		14	3	72	0.041666666666666664	111	14	453	0.03090507726269316
CUFF_NC.3451	2	6082361	6083494	+	0	0	0		58	196	427	0.45901639344262296	261	245	1878	0.13045793397231098
CUFF_NC.3454	2	6098761	6103721	-	0	0	0		133	208	621	0.33494363929146537	882	598	3715	0.16096904441453566
CUFF_NC.3453	2	6109270	6109715	+	0	0	0		36	262	501	0.5229540918163673	110	208	1333	0.15603900975243812
CUFF_NC.3457	2	6131892	6139481	-	0	0	0		335	1241	2605	0.4763915547024952	1598	1763	10436	0.1689344576466079
CUFF_NC.3456	2	6139675	6140100	+	0	0	0		21	161	301	0.5348837209302325	97	504	1546	0.3260025873221216
CUFF_NC.3455	2	6140874	6141449	-	0	0	0		28	51	295	0.17288135593220338	137	133	1172	0.11348122866894197
CUFF_NC.3458	2	6144098	6144659	-	0	0	0		43	67	239	0.2803347280334728	150	43	879	0.048919226393629126
CUFF_NC.3465	2	6149780	6150415	-	0	0	0		20	71	92	0.7717391304347826	135	194	792	0.24494949494949494
CUFF_NC.3466	2	6153312	6154273	-	0	0	0		57	372	456	0.8157894736842105	228	544	1962	0.27726809378185524
CUFF_NC.3464	2	6155242	6162885	-	0	0	0		467	3471	5092	0.6816575019638649	1856	3904	18008	0.21679253665037762
CUFF_NC.3460	2	6176014	6176929	-	0	0	0		64	246	549	0.44808743169398907	210	291	1742	0.16704936854190586
CUFF_NC.3463	2	6178316	6179392	+	0	0	0		50	251	523	0.47992351816443596	274	680	2907	0.23391812865497075
CUFF_NC.3459	2	6186471	6187059	-	0	0	0		20	113	191	0.5916230366492147	177	356	1766	0.2015855039637599
CUFF_NC.3469	2	6187595	6188029	-	0	0	0		13	0	152	0.0	76	0	490	0.0
CUFF_NC.3461	2	6209639	6210482	+	0	0	0		25	0	175	0.0	194	3	1056	0.002840909090909091
CUFF_NC.3462	2	6210416	6211524	-	0	0	0		19	0	91	0.0	210	2	775	0.0025806451612903226
CUFF_NC.3467	2	6213874	6215082	-	0	0	0		50	2	259	0.007722007722007722	226	10	909	0.011001100110011002
CUFF_NC.3468	2	6216234	6216665	+	0	0	0		9	0	34	0.0	92	3	339	0.008849557522123894
CUFF_NC.3472	2	6303104	6303743	+	0	0	0		40	0	214	0.0	128	0	514	0.0
CUFF_NC.3473	2	6309365	6309969	-	0	0	0		44	3	278	0.01079136690647482	155	2	582	0.003436426116838488
CUFF_NC.3471	2	6316836	6317659	+	0	0	0		51	59	358	0.164804469273743	206	239	1349	0.1771682727946627
CUFF_NC.3474	2	6354340	6354734	+	0	0	0		9	0	66	0.0	78	2	514	0.0038910505836575876
CUFF_NC.3475	2	6356338	6356892	-	0	0	0		21	0	67	0.0	96	1	242	0.004132231404958678
CUFF_NC.3476	2	6392114	6392953	-	0	0	0		38	0	201	0.0	125	0	585	0.0
CUFF_NC.3477	2	6392166	6393042	+	0	0	0		38	0	201	0.0	125	0	585	0.0
CUFF_NC.3480	2	6399324	6400480	-	0	0	0		57	1	425	0.002352941176470588	161	1	678	0.0014749262536873156
CUFF_NC.3479	2	6418091	6419171	-	0	0	0		44	1	158	0.006329113924050633	263	6	850	0.007058823529411765
CUFF_NC.3481	2	6422034	6423302	+	0	0	0		72	532	692	0.7687861271676301	184	433	1464	0.2957650273224044
CUFF_NC.3484	2	6439953	6440633	-	0	0	0		21	7	178	0.03932584269662921	143	40	798	0.05012531328320802
CUFF_NC.3485	2	6440018	6440771	+	0	0	0		23	7	181	0.03867403314917127	142	24	720	0.03333333333333333
CUFF_NC.3482	2	6466930	6467813	-	0	0	0		27	9	142	0.06338028169014084	149	8	653	0.01225114854517611
CUFF_NC.3483	2	6471623	6472886	-	0	0	0		31	53	215	0.24651162790697675	315	84	1753	0.04791785510553337
CUFF_NC.3486	2	6482761	6483458	-	0	0	0		17	22	77	0.2857142857142857	179	116	714	0.16246498599439776
CUFF_NC.3487	2	6483071	6483543	+	0	0	0		11	1	40	0.025	135	22	438	0.0502283105022831
CUFF_NC.3489	2	6489832	6490590	-	0	0	0		21	4	88	0.045454545454545456	109	14	449	0.031180400890868598
CUFF_NC.3490	2	6489878	6490766	+	0	0	0		22	4	86	0.046511627906976744	117	14	448	0.03125
CUFF_NC.3491	2	6491653	6493272	+	0	0	0		79	3	505	0.005940594059405941	381	8	1925	0.004155844155844156
CUFF_NC.3488	2	6501760	6502575	-	0	0	0		24	0	227	0.0	198	3	1153	0.0026019080659150044
CUFF_NC.3497	2	6511581	6512459	-	0	0	0		32	1	311	0.003215434083601286	205	2	1347	0.0014847809948032665
CUFF_NC.3492	2	6513766	6514471	+	0	0	0		26	41	147	0.2789115646258503	170	89	734	0.12125340599455041
CUFF_NC.3512	2	6519267	6519728	-	0	0	0		15	0	101	0.0	52	0	220	0.0
CUFF_NC.3511	2	6532756	6533195	+	0	0	0		12	98	131	0.7480916030534351	96	210	684	0.30701754385964913
CUFF_NC.3495	2	6536559	6536870	-	0	0	0		9	0	34	0.0	42	0	96	0.0
CUFF_NC.3493	2	6537363	6538704	+	0	0	0		19	36	114	0.3157894736842105	269	39	1488	0.02620967741935484
CUFF_NC.3494	2	6542137	6543776	-	0	0	0		94	1	391	0.0025575447570332483	468	7	1821	0.003844041735310269
CUFF_NC.3500	2	6546236	6546877	-	0	0	0		18	5	125	0.04	128	10	678	0.014749262536873156
CUFF_NC.3501	2	6546382	6546965	+	0	0	0		17	4	124	0.03225806451612903	119	9	710	0.01267605633802817
CUFF_NC.3499	2	6547243	6548087	+	0	0	0		26	0	200	0.0	134	3	616	0.00487012987012987
CUFF_NC.3498	2	6549299	6549735	-	0	0	0		36	45	67	0.6716417910447762	73	70	159	0.44025157232704404
CUFF_NC.3503	2	6571942	6572441	+	0	0	0		2	2	2	1.0	14	11	14	0.7857142857142857
CUFF_NC.3505	2	6608529	6609624	-	0	0	0		26	1	177	0.005649717514124294	145	0	682	0.0
CUFF_NC.3506	2	6611204	6612348	+	0	0	0		71	357	596	0.5989932885906041	298	704	2496	0.28205128205128205
CUFF_NC.3507	2	6611416	6612209	-	0	0	0		48	310	442	0.7013574660633484	228	639	2083	0.30676908305328854
CUFF_NC.3518	2	6619152	6621798	+	0	0	0		51	3	231	0.012987012987012988	287	5	1198	0.004173622704507512
CUFF_NC.3508	2	6647897	6648567	+	0	0	0		43	81	263	0.30798479087452474	156	38	865	0.04393063583815029
CUFF_NC.3510	2	6649235	6651552	-	0	0	0		105	0	574	0.0	444	9	1868	0.004817987152034261
CUFF_NC.3513	2	6674760	6675248	-	0	0	0		5	0	5	0.0	5	0	5	0.0
CUFF_NC.3514	2	6674824	6676016	+	0	0	0		5	0	5	0.0	5	0	5	0.0
CUFF_NC.3516	2	6677158	6677645	-	0	0	0		26	0	89	0.0	88	1	296	0.0033783783783783786
CUFF_NC.3515	2	6678047	6678451	+	0	0	0		12	0	85	0.0	94	1	489	0.002044989775051125
CUFF_NC.3519	2	6692956	6693673	-	0	0	0		36	2	154	0.012987012987012988	230	3	888	0.0033783783783783786
CUFF_NC.3520	2	6707962	6708589	-	0	0	0		19	0	103	0.0	146	1	634	0.0015772870662460567
CUFF_NC.3521	2	6708242	6709427	+	0	0	0		38	5	215	0.023255813953488372	328	6	1279	0.004691164972634871
CUFF_NC.3522	2	6710134	6710554	+	0	0	0		17	19	59	0.3220338983050847	119	34	481	0.07068607068607069
CUFF_NC.3528	2	6736367	6739042	-	0	0	0		42	262	386	0.6787564766839378	352	938	3439	0.2727537074731026
CUFF_NC.3529	2	6736446	6737110	+	0	0	0		15	50	110	0.45454545454545453	129	152	1267	0.11996842936069456
CUFF_NC.3530	2	6738395	6740868	+	0	0	0		33	196	309	0.6343042071197411	491	1157	3608	0.32067627494456763
CUFF_NC.3523	2	6743660	6745018	+	0	0	0		50	1	392	0.002551020408163265	253	3	1364	0.0021994134897360706
CUFF_NC.3533	2	6759293	6762690	-	0	0	0		155	42	958	0.04384133611691023	803	110	4731	0.023250898330162757
CUFF_NC.3525	2	6785800	6786976	-	0	0	0		70	129	443	0.291196388261851	291	192	1940	0.09896907216494845
CUFF_NC.3526	2	6785988	6787077	+	0	0	0		62	123	385	0.3194805194805195	258	169	1727	0.09785755645628257
CUFF_NC.3536	2	6794853	6795372	+	0	0	0		16	0	58	0.0	123	1	547	0.0018281535648994515
CUFF_NC.3531	2	6811104	6811515	-	0	0	0		14	0	62	0.0	25	0	97	0.0
CUFF_NC.3532	2	6812012	6812636	-	0	0	0		42	0	190	0.0	160	0	555	0.0
CUFF_NC.3527	2	6813039	6813752	-	0	0	0		32	128	255	0.5019607843137255	186	172	1233	0.13949716139497162
CUFF_NC.3534	2	6817097	6818545	+	0	0	0		70	1	365	0.0027397260273972603	376	6	1685	0.0035608308605341245
CUFF_NC.3535	2	6820953	6822599	-	0	0	0		35	94	343	0.27405247813411077	347	339	3074	0.11027976577748862
CUFF_NC.3537	2	6827391	6827784	-	0	0	0		10	0	33	0.0	106	2	354	0.005649717514124294
CUFF_NC.3538	2	6833004	6833662	+	0	0	0		30	0	225	0.0	100	1	527	0.0018975332068311196
CUFF_NC.3540	2	6835905	6836716	+	0	0	0		31	0	166	0.0	174	6	880	0.006818181818181818
CUFF_NC.3541	2	6837183	6843143	-	0	0	0		387	3100	4564	0.6792287467134093	1732	5980	17427	0.3431456934641648
CUFF_NC.3539	2	6862614	6864095	-	0	0	0		97	327	657	0.4977168949771689	415	303	2647	0.11446921042689838
CUFF_NC.3549	2	6875530	6876681	-	0	0	0		2	0	3	0.0	31	0	105	0.0
CUFF_NC.3551	2	6879693	6880370	+	0	0	0		28	0	143	0.0	120	0	493	0.0
CUFF_NC.3545	2	6889569	6890219	+	0	0	0		21	0	191	0.0	150	2	856	0.002336448598130841
CUFF_NC.3546	2	6890398	6891461	+	0	0	0		42	0	307	0.0	175	6	771	0.007782101167315175
CUFF_NC.3542	2	6892213	6892885	-	0	0	0		34	236	251	0.9402390438247012	125	573	1050	0.5457142857142857
CUFF_NC.3543	2	6893184	6893633	-	0	0	0		17	2	101	0.019801980198019802	72	2	397	0.005037783375314861
CUFF_NC.3565	2	6920601	6921584	+	0	0	0		34	1	196	0.00510204081632653	201	3	1010	0.0029702970297029703
CUFF_NC.3552	2	6941375	6942039	-	0	0	0		22	0	114	0.0	123	2	442	0.004524886877828055
CUFF_NC.3548	2	6949892	6951237	-	0	0	0		53	0	233	0.0	307	2	1147	0.0017436791630340018
CUFF_NC.3554	2	6959290	6959672	+	0	0	0		23	0	209	0.0	86	3	762	0.003937007874015748
CUFF_NC.3553	2	6961005	6961563	-	0	0	0		20	0	160	0.0	115	6	888	0.006756756756756757
CUFF_NC.3555	2	6961812	6962989	-	0	0	0		48	67	526	0.12737642585551331	245	103	2117	0.04865375531412376
CUFF_NC.3556	2	6962500	6964620	+	0	0	0		82	69	569	0.12126537785588752	527	120	3298	0.036385688295936934
CUFF_NC.3558	2	6983799	6985661	+	0	0	0		118	2	566	0.0035335689045936395	490	11	1947	0.005649717514124294
CUFF_NC.3567	2	7005400	7006014	-	0	0	0		43	1007	1345	0.7486988847583643	161	1639	4965	0.330110775427996
CUFF_NC.3559	2	7009459	7009959	-	0	0	0		17	86	120	0.7166666666666667	88	95	398	0.23869346733668342
CUFF_NC.3560	2	7025530	7026144	-	0	0	0		40	0	217	0.0	165	6	970	0.006185567010309278
CUFF_NC.3561	2	7026394	7027227	+	0	0	0		39	1	200	0.005	215	3	877	0.0034207525655644243
CUFF_NC.3566	2	7039471	7040628	+	0	0	0		41	1	404	0.0024752475247524753	194	8	1406	0.005689900426742532
CUFF_NC.3564	2	7059047	7059380	+	0	0	0		25	1	112	0.008928571428571428	85	0	328	0.0
CUFF_NC.3563	2	7062159	7062641	+	0	0	0		9	0	24	0.0	49	1	98	0.01020408163265306
CUFF_NC.3568	2	7072995	7073556	-	0	0	0		26	47	120	0.39166666666666666	144	149	618	0.24110032362459546
CUFF_NC.3570	2	7081948	7082409	+	0	0	0		24	0	220	0.0	136	4	1122	0.0035650623885918
CUFF_NC.3579	2	7108535	7109045	+	0	0	0		41	2	244	0.00819672131147541	110	5	654	0.00764525993883792
CUFF_NC.3569	2	7112993	7115592	-	0	0	0		205	861	1261	0.682791435368755	775	1491	5032	0.29630365659777425
CUFF_NC.3577	2	7137187	7139137	+	0	0	0		193	4	809	0.004944375772558714	562	7	2173	0.0032213529682466636
CUFF_NC.3578	2	7143371	7145001	+	0	0	0		101	5	1611	0.0031036623215394167	232	6	2321	0.0025850926324859974
CUFF_NC.3571	2	7147781	7150389	+	0	0	0		12	2	21	0.09523809523809523	40	0	116	0.0
CUFF_NC.3572	2	7150907	7152879	+	0	0	0		136	1	566	0.0017667844522968198	385	8	1412	0.0056657223796034
CUFF_NC.3576	2	7164893	7165326	+	0	0	0		7	0	24	0.0	65	0	149	0.0
CUFF_NC.3573	2	7167568	7168078	+	0	0	0		4	0	4	0.0	19	1	19	0.05263157894736842
CUFF_NC.3574	2	7173351	7174020	-	0	0	0		55	504	1019	0.4946025515210991	165	273	2408	0.11337209302325581
CUFF_NC.3575	2	7175481	7176542	-	0	0	0		13	21	39	0.5384615384615384	68	26	205	0.12682926829268293
CUFF_NC.3583	2	7186454	7187458	+	0	0	0		35	2	108	0.018518518518518517	233	2	704	0.002840909090909091
CUFF_NC.3584	2	7190931	7191515	-	0	0	0		10	47	286	0.16433566433566432	66	176	2456	0.07166123778501629
CUFF_NC.3588	2	7199260	7199688	-	0	0	0		21	0	165	0.0	116	3	686	0.004373177842565598
CUFF_NC.3589	2	7200361	7201599	-	0	0	0		64	0	323	0.0	298	6	1236	0.0048543689320388345
CUFF_NC.3598	2	7209522	7210061	-	0	0	0		40	0	180	0.0	88	0	316	0.0
CUFF_NC.3597	2	7213872	7215230	+	0	0	0		66	2	629	0.003179650238473768	223	6	1650	0.0036363636363636364
CUFF_NC.3592	2	7219987	7226918	+	0	0	0		340	2	1558	0.0012836970474967907	1397	15	6103	0.0024578076355890547
CUFF_NC.3593	2	7228615	7230178	+	0	0	0		62	2	458	0.004366812227074236	294	12	1625	0.0073846153846153844
CUFF_NC.3591	2	7229445	7229919	-	0	0	0		19	1	153	0.006535947712418301	121	10	676	0.014792899408284023
CUFF_NC.3585	2	7239298	7239916	+	0	0	0		26	0	170	0.0	115	1	715	0.0013986013986013986
CUFF_NC.3586	2	7242019	7242870	-	0	0	0		11	33	62	0.532258064516129	153	396	1282	0.3088923556942278
CUFF_NC.3587	2	7255599	7256859	+	0	0	0		54	1	341	0.002932551319648094	267	6	1500	0.004
CUFF_NC.3590	2	7263180	7263492	+	0	0	0		14	2	78	0.02564102564102564	86	2	689	0.002902757619738752
CUFF_NC.3599	2	7273630	7274402	-	0	0	0		37	1	186	0.005376344086021506	186	3	914	0.0032822757111597373
CUFF_NC.3596	2	7285992	7286459	-	0	0	0		36	0	175	0.0	113	1	450	0.0022222222222222222
CUFF_NC.3600	2	7295857	7296644	-	0	0	0		48	0	167	0.0	165	3	799	0.0037546933667083854
CUFF_NC.3603	2	7310241	7310520	+	0	0	0		11	0	43	0.0	71	2	282	0.0070921985815602835
CUFF_NC.3604	2	7311091	7311525	+	0	0	0		21	0	168	0.0	107	2	669	0.0029895366218236174
CUFF_NC.3602	2	7312592	7313808	+	0	0	0		36	0	265	0.0	270	3	1674	0.0017921146953405018
CUFF_NC.3607	2	7316760	7320769	-	0	0	0		135	1	788	0.0012690355329949238	640	17	3273	0.005194011610143599
CUFF_NC.3608	2	7323882	7324609	+	0	0	0		46	0	277	0.0	165	1	854	0.00117096018735363
CUFF_NC.3601	2	7330258	7330906	-	0	0	0		18	0	62	0.0	137	1	470	0.002127659574468085
CUFF_NC.3610	2	7332109	7333067	-	0	0	0		56	0	336	0.0	224	3	949	0.003161222339304531
CUFF_NC.3613	2	7344995	7347071	+	0	0	0		130	5	943	0.005302226935312832	461	8	2671	0.002995132909022838
CUFF_NC.3605	2	7362834	7363631	-	0	0	0		14	0	50	0.0	180	14	1029	0.013605442176870748
CUFF_NC.3606	2	7362975	7363463	+	0	0	0		11	0	36	0.0	112	6	580	0.010344827586206896
CUFF_NC.3611	2	7369653	7371145	-	0	0	0		37	22	159	0.13836477987421383	308	600	2061	0.29112081513828236
CUFF_NC.3609	2	7378246	7379239	-	0	0	0		39	1	259	0.003861003861003861	219	2	963	0.0020768431983385254
CUFF_NC.3619	2	7382855	7383633	-	0	0	0		34	0	144	0.0	177	2	886	0.002257336343115124
CUFF_NC.3614	2	7393966	7394314	+	0	0	0		16	0	86	0.0	87	3	437	0.006864988558352402
CUFF_NC.3615	2	7395312	7395968	+	0	0	0		49	1	290	0.0034482758620689655	148	2	842	0.0023752969121140144
CUFF_NC.3618	2	7399613	7405070	-	0	0	0		315	3	1955	0.001534526854219949	1247	14	6058	0.00231099372730274
CUFF_NC.3612	2	7406986	7408107	-	0	0	0		43	0	218	0.0	271	5	1438	0.0034770514603616135
CUFF_NC.3616	2	7432537	7433088	+	0	0	0		27	0	149	0.0	134	0	760	0.0
CUFF_NC.3617	2	7437004	7437490	+	0	0	0		23	0	104	0.0	130	0	641	0.0
CUFF_NC.3620	2	7448248	7451650	+	0	0	0		253	2286	3085	0.7410048622366289	934	2306	9968	0.23134028892455857
CUFF_NC.3621	2	7451864	7454195	+	0	0	0		160	1299	1757	0.7393284006829823	647	1661	7073	0.23483670295489892
CUFF_NC.3632	2	7470456	7470976	+	0	0	0		18	0	134	0.0	132	1	719	0.0013908205841446453
CUFF_NC.3625	2	7478502	7480616	+	0	0	0		140	4	617	0.006482982171799027	556	10	2437	0.004103405826836274
CUFF_NC.3626	2	7479510	7484627	+	0	0	0		339	7	1393	0.005025125628140704	1330	24	5068	0.004735595895816891
CUFF_NC.3622	2	7494638	7496364	+	0	0	0		74	5	535	0.009345794392523364	231	0	1418	0.0
CUFF_NC.3623	2	7507380	7507872	-	0	0	0		48	0	233	0.0	140	1	682	0.001466275659824047
CUFF_NC.3624	2	7508563	7509723	-	0	0	0		104	1	425	0.002352941176470588	276	3	1024	0.0029296875
CUFF_NC.3628	2	7522338	7523215	+	0	0	0		30	0	140	0.0	216	6	706	0.0084985835694051
CUFF_NC.3627	2	7524366	7525374	-	0	0	0		18	3	128	0.0234375	247	7	1521	0.0046022353714661405
CUFF_NC.3631	2	7543722	7544441	+	0	0	0		34	0	207	0.0	129	2	527	0.003795066413662239
CUFF_NC.3629	2	7545754	7546333	+	0	0	0		31	3	391	0.0076726342710997444	46	0	386	0.0
CUFF_NC.3630	2	7549460	7550717	-	0	0	0		56	0	327	0.0	264	2	1347	0.0014847809948032665
CUFF_NC.3651	2	7564903	7565494	-	0	0	0		29	0	137	0.0	88	0	303	0.0
CUFF_NC.3650	2	7574663	7575049	+	0	0	0		15	0	121	0.0	106	0	603	0.0
CUFF_NC.3633	2	7576660	7577343	+	0	0	0		46	0	156	0.0	155	2	464	0.004310344827586207
CUFF_NC.3634	2	7590338	7591124	+	0	0	0		47	1	255	0.00392156862745098	179	3	857	0.003500583430571762
CUFF_NC.3635	2	7593773	7594195	+	0	0	0		23	0	245	0.0	100	2	785	0.0025477707006369425
CUFF_NC.3636	2	7598163	7603199	+	0	0	0		56	1	316	0.0031645569620253164	213	9	1315	0.006844106463878327
CUFF_NC.3637	2	7603227	7603646	-	0	0	0		14	1	79	0.012658227848101266	102	3	428	0.007009345794392523
CUFF_NC.3643	2	7606645	7607638	-	0	0	0		42	1	172	0.005813953488372093	242	1	940	0.0010638297872340426
CUFF_NC.3638	2	7625188	7626913	-	0	0	0		94	2	663	0.0030165912518853697	441	9	2668	0.003373313343328336
CUFF_NC.3639	2	7627529	7628091	-	0	0	0		49	0	430	0.0	144	3	992	0.0030241935483870967
CUFF_NC.3640	2	7632344	7634164	+	0	0	0		61	245	556	0.44064748201438847	422	536	3105	0.17262479871175523
CUFF_NC.3649	2	7647828	7650073	-	0	0	0		141	3	761	0.003942181340341655	535	7	2538	0.0027580772261623326
CUFF_NC.3641	2	7662582	7663190	-	0	0	0		15	126	202	0.6237623762376238	146	478	1603	0.29819089207735494
CUFF_NC.3645	2	7670867	7673079	-	0	0	0		170	4	849	0.004711425206124852	564	6	2723	0.0022034520749173708
CUFF_NC.3644	2	7676465	7677048	+	0	0	0		19	0	112	0.0	98	0	529	0.0
CUFF_NC.3647	2	7689127	7689666	+	0	0	0		16	0	101	0.0	59	2	385	0.005194805194805195
CUFF_NC.3646	2	7692130	7693386	-	0	0	0		52	0	223	0.0	199	4	786	0.005089058524173028
CUFF_NC.3648	2	7697806	7698841	-	0	0	0		41	1	256	0.00390625	270	3	1113	0.0026954177897574125
CUFF_NC.3652	2	7722751	7724210	-	0	0	0		64	2	439	0.004555808656036446	326	4	2151	0.0018596001859600185
CUFF_NC.3659	2	7739682	7740147	-	0	0	0		4	0	18	0.0	49	0	211	0.0
CUFF_NC.3654	2	7756778	7757443	+	0	0	0		29	3	307	0.009771986970684038	145	1	971	0.0010298661174047373
CUFF_NC.3653	2	7758913	7759658	-	0	0	0		58	0	214	0.0	195	4	760	0.005263157894736842
CUFF_NC.3656	2	7766825	7768142	+	0	0	0		71	3	431	0.0069605568445475635	224	5	1048	0.004770992366412214
CUFF_NC.3657	2	7803192	7803981	-	0	0	0		12	0	39	0.0	85	0	232	0.0
CUFF_NC.3662	2	7825953	7826374	-	0	0	0		37	1	156	0.00641025641025641	91	0	315	0.0
CUFF_NC.3660	2	7827473	7828554	-	0	0	0		67	0	476	0.0	249	2	1070	0.001869158878504673
CUFF_NC.3658	2	7833783	7834345	-	0	0	0		22	0	134	0.0	159	3	806	0.0037220843672456576
CUFF_NC.3661	2	7838926	7839645	-	0	0	0		43	1	175	0.005714285714285714	185	1	870	0.0011494252873563218
CUFF_NC.3663	2	7898295	7899487	+	0	0	0		82	3	540	0.005555555555555556	257	4	1233	0.0032441200324412004
CUFF_NC.3666	2	7908951	7909945	+	0	0	0		19	0	62	0.0	142	1	671	0.0014903129657228018
CUFF_NC.3665	2	7917586	7919573	+	0	0	0		95	2	973	0.0020554984583761563	368	8	2486	0.003218020917135961
CUFF_NC.3664	2	7924461	7925879	+	0	0	0		20	2	75	0.02666666666666667	121	2	458	0.004366812227074236
CUFF_NC.3668	2	7952977	7954448	+	0	0	0		113	2	791	0.0025284450063211127	404	10	2432	0.004111842105263158
CUFF_NC.3667	2	7956780	7957596	-	0	0	0		22	0	74	0.0	123	2	605	0.003305785123966942
CUFF_NC.3670	2	7968040	7968912	-	0	0	0		68	0	357	0.0	214	2	1016	0.001968503937007874
CUFF_NC.3669	2	7993641	7994547	-	0	0	0		29	0	168	0.0	154	3	787	0.0038119440914866584
CUFF_NC.3673	2	7995728	7997187	-	0	0	0		77	1	441	0.0022675736961451248	278	3	1388	0.002161383285302594
CUFF_NC.3672	2	8003517	8004008	+	0	0	0		34	0	194	0.0	133	0	588	0.0
CUFF_NC.3671	2	8013948	8015592	+	0	0	0		63	118	505	0.23366336633663368	410	127	2377	0.053428691628102654
CUFF_NC.3674	2	8040257	8040750	-	0	0	0		18	67	162	0.41358024691358025	127	41	780	0.052564102564102565
CUFF_NC.3676	2	8042379	8044483	+	0	0	0		57	1	761	0.001314060446780552	323	5	2416	0.0020695364238410598
CUFF_NC.3675	2	8057228	8057626	+	0	0	0		4	0	9	0.0	91	2	479	0.0041753653444676405
CUFF_NC.3678	2	8059055	8065001	-	0	0	0		191	118	1077	0.1095636025998143	1210	1753	6760	0.2593195266272189
CUFF_NC.3677	2	8078228	8079460	-	0	0	0		70	2	339	0.0058997050147492625	264	2	896	0.002232142857142857
CUFF_NC.3680	2	8087334	8088078	+	0	0	0		30	2	326	0.006134969325153374	173	1	1394	0.0007173601147776184
CUFF_NC.3683	2	8090173	8091457	+	0	0	0		35	0	112	0.0	136	0	426	0.0
CUFF_NC.3684	2	8093069	8094743	-	0	0	0		48	0	295	0.0	365	4	1609	0.002486016159105034
CUFF_NC.3679	2	8096081	8096495	-	0	0	0		13	0	96	0.0	99	1	542	0.0018450184501845018
CUFF_NC.3682	2	8098792	8099534	-	0	0	0		32	0	99	0.0	163	2	545	0.003669724770642202
CUFF_NC.3681	2	8099620	8101000	+	0	0	0		59	240	629	0.3815580286168522	307	249	2578	0.09658650116369279
CUFF_NC.3686	2	8110034	8110874	-	0	0	0		45	1	228	0.0043859649122807015	161	1	642	0.001557632398753894
CUFF_NC.3687	2	8112290	8113226	+	0	0	0		84	5	660	0.007575757575757576	190	1	1385	0.0007220216606498195
CUFF_NC.3688	2	8113303	8114576	+	0	0	0		80	0	405	0.0	348	1	1611	0.0006207324643078833
CUFF_NC.3698	2	8127774	8128415	-	0	0	0		43	1	291	0.003436426116838488	139	1	627	0.001594896331738437
CUFF_NC.3685	2	8136854	8137626	+	0	0	0		47	1	228	0.0043859649122807015	226	1	856	0.0011682242990654205
CUFF_NC.3689	2	8139972	8140627	-	0	0	0		59	1	281	0.0035587188612099642	164	2	939	0.002129925452609159
CUFF_NC.3694	2	8183630	8184841	-	0	0	0		38	2	351	0.005698005698005698	218	2	1043	0.0019175455417066154
CUFF_NC.3692	2	8194941	8196540	+	0	0	0		112	2	405	0.0049382716049382715	447	7	1443	0.004851004851004851
CUFF_NC.3693	2	8197029	8197680	+	0	0	0		56	0	293	0.0	143	4	572	0.006993006993006993
CUFF_NC.3690	2	8199546	8199916	-	0	0	0		19	165	231	0.7142857142857143	114	259	1402	0.1847360912981455
CUFF_NC.3691	2	8202045	8202994	-	0	0	0		50	29	685	0.042335766423357665	205	56	2523	0.02219579865239794
CUFF_NC.3696	2	8239851	8240166	+	0	0	0		9	0	30	0.0	81	1	481	0.002079002079002079
CUFF_NC.3695	2	8247743	8250191	-	0	0	0		96	8	470	0.01702127659574468	488	23	2358	0.009754028837998304
CUFF_NC.3699	2	8253264	8257162	-	0	0	0		160	0	880	0.0	837	16	4270	0.003747072599531616
CUFF_NC.3700	2	8254845	8259198	-	0	0	0		152	1	720	0.001388888888888889	904	17	4083	0.004163605192260593
CUFF_NC.3697	2	8269792	8270233	+	0	0	0		32	252	341	0.7390029325513197	124	381	1314	0.2899543378995434
CUFF_NC.3702	2	8276864	8279333	-	0	0	0		45	1	430	0.002325581395348837	490	13	3154	0.004121750158528852
CUFF_NC.3703	2	8284575	8286361	-	0	0	0		119	2	1174	0.0017035775127768314	392	9	2422	0.0037159372419488025
CUFF_NC.3701	2	8331669	8332345	-	0	0	0		30	1	119	0.008403361344537815	150	2	639	0.003129890453834116
CUFF_NC.3704	2	8343299	8349123	+	0	0	0		9	0	100	0.0	22	0	208	0.0
CUFF_NC.3705	2	8343426	8349235	+	0	0	0		19	0	191	0.0	51	0	476	0.0
CUFF_NC.3706	2	8349637	8350588	+	0	0	0		69	2	355	0.005633802816901409	214	5	1110	0.0045045045045045045
CUFF_NC.3707	2	8369737	8370679	+	0	0	0		47	2	332	0.006024096385542169	179	5	908	0.005506607929515419
CUFF_NC.3708	2	8375030	8375890	+	0	0	0		36	2	183	0.01092896174863388	147	2	641	0.0031201248049922
CUFF_NC.3710	2	8433755	8434288	+	0	0	0		50	0	272	0.0	146	0	775	0.0
CUFF_NC.3713	2	8443394	8443936	-	0	0	0		46	0	256	0.0	141	6	716	0.008379888268156424
CUFF_NC.3712	2	8446549	8449567	+	0	0	0		97	103	521	0.19769673704414586	544	62	2063	0.030053320407174018
CUFF_NC.3714	2	8448890	8449465	-	0	0	0		37	96	262	0.366412213740458	158	46	768	0.059895833333333336
CUFF_NC.3709	2	8470243	8471815	+	0	0	0		65	2	358	0.00558659217877095	183	0	1024	0.0
CUFF_NC.3711	2	8484587	8485407	-	0	0	0		63	0	287	0.0	221	4	936	0.004273504273504274
CUFF_NC.3715	2	8495171	8495859	+	0	0	0		29	0	177	0.0	162	3	784	0.003826530612244898
CUFF_NC.3716	2	8505266	8505689	+	0	0	0		15	0	82	0.0	94	0	502	0.0
CUFF_NC.3717	2	8520976	8521409	+	0	0	0		19	0	42	0.0	93	0	264	0.0
CUFF_NC.3719	2	8522603	8524429	+	0	0	0		126	2	674	0.002967359050445104	381	7	1524	0.004593175853018373
CUFF_NC.3718	2	8526453	8527908	-	0	0	0		55	1	265	0.0037735849056603774	296	4	1214	0.0032948929159802307
CUFF_NC.3720	2	8534110	8534519	+	0	0	0		16	0	128	0.0	96	1	445	0.0022471910112359553
CUFF_NC.3721	2	8535787	8538729	+	0	0	0		26	1	104	0.009615384615384616	265	19	947	0.02006335797254488
CUFF_NC.3722	2	8551008	8551336	-	0	0	0		29	0	75	0.0	73	1	193	0.0051813471502590676
CUFF_NC.3723	2	8576255	8577180	-	0	0	0		38	3	531	0.005649717514124294	131	2	1037	0.0019286403085824494
CUFF_NC.3724	2	8586850	8589756	-	0	0	0		153	3	739	0.0040595399188092015	728	13	3075	0.004227642276422764
CUFF_NC.3730	2	8611906	8612655	+	0	0	0		55	0	240	0.0	167	0	706	0.0
CUFF_NC.3725	2	8621953	8622892	-	0	0	0		21	138	288	0.4791666666666667	230	363	2931	0.12384851586489252
CUFF_NC.3726	2	8625907	8626487	-	0	0	0		18	74	122	0.6065573770491803	86	85	485	0.17525773195876287
CUFF_NC.3727	2	8643092	8643920	-	0	0	0		40	104	353	0.29461756373937675	184	60	1146	0.05235602094240838
CUFF_NC.3728	2	8648066	8648560	-	0	0	0		32	1	229	0.004366812227074236	133	2	742	0.0026954177897574125
CUFF_NC.3729	2	8660749	8661200	-	0	0	0		22	0	66	0.0	118	0	334	0.0
CUFF_NC.3732	2	8687433	8690724	+	0	0	0		144	3	660	0.004545454545454545	717	9	3202	0.0028107432854465957
CUFF_NC.3733	2	8687681	8690933	+	0	0	0		139	3	619	0.004846526655896607	682	7	3085	0.00226904376012966
CUFF_NC.3734	2	8689162	8692421	+	0	0	0		133	3	634	0.00473186119873817	679	4	3107	0.001287415513356936
CUFF_NC.3738	2	8705620	8706687	+	0	0	0		69	0	300	0.0	201	3	575	0.0052173913043478265
CUFF_NC.3737	2	8713825	8714568	+	0	0	0		55	0	283	0.0	225	0	1133	0.0
CUFF_NC.3748	2	8733600	8733996	+	0	0	0		19	0	168	0.0	98	5	613	0.008156606851549755
CUFF_NC.3749	2	8734332	8734769	+	0	0	0		34	0	188	0.0	132	2	645	0.0031007751937984496
CUFF_NC.3735	2	8756251	8758313	+	0	0	0		163	0	746	0.0	565	9	2525	0.0035643564356435645
CUFF_NC.3736	2	8759660	8760241	+	0	0	0		25	0	302	0.0	112	5	834	0.005995203836930456
CUFF_NC.3741	2	8766516	8766903	-	0	0	0		15	1	189	0.005291005291005291	105	2	1014	0.0019723865877712033
CUFF_NC.3740	2	8774143	8775202	+	0	0	0		68	3	312	0.009615384615384616	224	2	863	0.002317497103128621
CUFF_NC.3739	2	8789011	8790023	-	0	0	0		56	0	303	0.0	258	2	1215	0.0016460905349794238
CUFF_NC.3743	2	8801402	8801806	-	0	0	0		26	0	136	0.0	103	0	482	0.0
CUFF_NC.3742	2	8803501	8804059	-	0	0	0		53	1	283	0.0035335689045936395	127	1	546	0.0018315018315018315
CUFF_NC.3746	2	8839019	8839844	+	0	0	0		63	2	227	0.00881057268722467	209	3	713	0.004207573632538569
CUFF_NC.3744	2	8851331	8853391	-	0	0	0		80	1	415	0.0024096385542168677	481	13	2288	0.005681818181818182
CUFF_NC.3747	2	8873139	8873476	-	0	0	0		7	0	14	0.0	59	1	120	0.008333333333333333
CUFF_NC.3750	2	8880998	8881897	+	0	0	0		14	19	108	0.17592592592592593	172	17	899	0.018909899888765295
CUFF_NC.3751	2	8897749	8898567	+	0	0	0		42	2	266	0.007518796992481203	182	0	959	0.0
CUFF_NC.3757	2	8907026	8908250	+	0	0	0		28	79	345	0.2289855072463768	138	330	1293	0.2552204176334107
CUFF_NC.3753	2	8913247	8913772	+	0	0	0		29	1	197	0.005076142131979695	72	1	526	0.0019011406844106464
CUFF_NC.3754	2	8923321	8924141	-	0	0	0		49	2	376	0.005319148936170213	159	1	797	0.0012547051442910915
CUFF_NC.3752	2	8930278	8930822	-	0	0	0		13	0	65	0.0	148	2	729	0.0027434842249657062
CUFF_NC.3756	2	8932654	8933498	+	0	0	0		21	0	120	0.0	189	2	998	0.002004008016032064
CUFF_NC.3755	2	8965624	8967237	+	0	0	0		77	1	383	0.0026109660574412533	348	4	1665	0.0024024024024024023
CUFF_NC.3760	2	8969653	8971980	+	0	0	0		108	2	638	0.003134796238244514	484	6	2819	0.002128414331323164
CUFF_NC.3759	2	8982202	8982847	+	0	0	0		36	0	149	0.0	186	2	642	0.003115264797507788
CUFF_NC.3758	2	9000662	9001835	+	0	0	0		70	0	338	0.0	270	9	1398	0.006437768240343348
CUFF_NC.3761	2	9007341	9008639	-	0	0	0		114	1	288	0.003472222222222222	360	1	969	0.0010319917440660474
CUFF_NC.3762	2	9016855	9021937	-	0	0	0		203	35	1336	0.02619760479041916	1049	115	5394	0.02131998516870597
CUFF_NC.3763	2	9026390	9027205	-	0	0	0		46	2	162	0.012345679012345678	196	10	768	0.013020833333333334
CUFF_NC.3768	2	9036814	9037810	+	0	0	0		38	0	98	0.0	131	5	372	0.013440860215053764
CUFF_NC.3769	2	9043071	9043527	-	0	0	0		28	1	106	0.009433962264150943	102	1	339	0.0029498525073746312
CUFF_NC.3764	2	9048779	9049283	+	0	0	0		47	0	153	0.0	133	1	388	0.002577319587628866
CUFF_NC.3767	2	9055492	9056520	+	0	0	0		51	0	194	0.0	194	4	657	0.0060882800608828
CUFF_NC.3765	2	9057670	9058300	+	0	0	0		2	2	17	0.11764705882352941	20	11	124	0.08870967741935484
CUFF_NC.3766	2	9057939	9059432	-	0	0	0		2	2	17	0.11764705882352941	20	11	124	0.08870967741935484
CUFF_NC.3771	2	9074793	9075637	+	0	0	0		49	0	176	0.0	199	1	603	0.001658374792703151
CUFF_NC.3778	2	9076288	9077671	+	0	0	0		47	1	249	0.004016064257028112	303	11	1916	0.005741127348643006
CUFF_NC.3772	2	9089134	9089706	-	0	0	0		23	0	99	0.0	168	3	737	0.004070556309362279
CUFF_NC.3773	2	9094953	9095593	+	0	0	0		35	0	311	0.0	134	1	798	0.0012531328320802004
CUFF_NC.3775	2	9103464	9106434	+	0	0	0		206	1	928	0.0010775862068965517	737	9	2624	0.003429878048780488
CUFF_NC.3776	2	9115195	9115861	+	0	0	0		59	0	621	0.0	115	3	1057	0.002838221381267739
CUFF_NC.3777	2	9119588	9120136	+	0	0	0		28	0	80	0.0	113	1	289	0.0034602076124567475
CUFF_NC.3774	2	9121782	9125864	-	0	0	0		229	2017	2858	0.7057382785164451	881	1961	7970	0.24604767879548306
CUFF_NC.3782	2	9129971	9130220	+	0	0	0		18	0	39	0.0	66	2	140	0.014285714285714285
CUFF_NC.3779	2	9137608	9138083	+	0	0	0		19	0	126	0.0	69	0	387	0.0
CUFF_NC.3780	2	9154896	9157484	-	0	0	0		172	0	802	0.0	606	5	2667	0.0018747656542932134
CUFF_NC.3781	2	9161176	9161949	-	0	0	0		8	11	36	0.3055555555555556	60	65	444	0.1463963963963964
CUFF_NC.3786	2	9167189	9167522	-	0	0	0		29	0	195	0.0	92	1	523	0.0019120458891013384
CUFF_NC.3787	2	9173634	9174671	+	0	0	0		82	3	818	0.003667481662591687	212	4	1921	0.002082248828735034
CUFF_NC.3784	2	9179708	9181497	+	0	0	0		138	3	756	0.003968253968253968	495	4	2485	0.0016096579476861167
CUFF_NC.3783	2	9186952	9187875	-	0	0	0		16	0	101	0.0	148	4	1280	0.003125
CUFF_NC.3793	2	9201560	9202284	-	0	0	0		45	0	481	0.0	169	5	1312	0.0038109756097560975
CUFF_NC.3791	2	9202938	9203239	+	0	0	0		22	0	109	0.0	79	3	386	0.007772020725388601
CUFF_NC.3792	2	9204263	9205066	+	0	0	0		64	2	290	0.006896551724137931	214	0	974	0.0
CUFF_NC.3788	2	9205633	9206408	+	0	0	0		24	0	83	0.0	179	3	783	0.0038314176245210726
CUFF_NC.3790	2	9208484	9208969	+	0	0	0		33	0	150	0.0	114	3	431	0.0069605568445475635
CUFF_NC.3798	2	9218148	9220294	-	0	0	0		143	1	613	0.0016313213703099511	515	7	1937	0.0036138358286009293
CUFF_NC.3789	2	9235020	9236053	+	0	0	0		36	10	261	0.038314176245210725	242	30	1495	0.020066889632107024
CUFF_NC.3794	2	9248651	9249170	-	0	0	0		31	0	121	0.0	116	0	442	0.0
CUFF_NC.3799	2	9256702	9261203	-	0	0	0		187	6	1245	0.004819277108433735	1104	18	6358	0.0028310789556464295
CUFF_NC.3796	2	9286395	9287709	-	0	0	0		93	1	414	0.0024154589371980675	309	3	1266	0.002369668246445498
CUFF_NC.3795	2	9290511	9291511	-	0	0	0		49	0	207	0.0	166	0	759	0.0
CUFF_NC.3797	2	9309294	9310133	+	0	0	0		49	0	183	0.0	224	2	710	0.0028169014084507044
CUFF_NC.3800	2	9341117	9343093	-	0	0	0		90	0	606	0.0	509	7	2859	0.002448408534452606
CUFF_NC.3822	2	9357592	9358024	+	0	0	0		26	0	179	0.0	81	3	528	0.005681818181818182
CUFF_NC.3801	2	9359300	9360537	+	0	0	0		52	1	284	0.0035211267605633804	213	2	1229	0.0016273393002441008
CUFF_NC.3802	2	9378550	9379286	-	0	0	0		0	0	0		10	0	42	0.0
CUFF_NC.3803	2	9378590	9379144	+	0	0	0		0	0	0		4	0	10	0.0
CUFF_NC.3813	2	9389475	9390526	+	0	0	0		78	2	320	0.00625	229	0	933	0.0
CUFF_NC.3804	2	9404588	9405139	-	0	0	0		23	0	144	0.0	132	4	753	0.005312084993359893
CUFF_NC.3805	2	9404672	9405290	+	0	0	0		27	0	191	0.0	145	3	820	0.003658536585365854
CUFF_NC.3810	2	9418028	9418801	+	0	0	0		66	1	420	0.002380952380952381	159	5	945	0.005291005291005291
CUFF_NC.3807	2	9432220	9432641	-	0	0	0		11	19	72	0.2638888888888889	115	161	678	0.2374631268436578
CUFF_NC.3808	2	9443313	9444620	+	0	0	0		95	1	602	0.0016611295681063123	323	5	1648	0.003033980582524272
CUFF_NC.3812	2	9466972	9467629	-	0	0	0		40	1	295	0.003389830508474576	156	3	919	0.003264417845484222
CUFF_NC.3811	2	9469132	9469515	+	0	0	0		11	1	90	0.011111111111111112	86	5	611	0.008183306055646482
CUFF_NC.3826	2	9471138	9471777	-	0	0	0		27	2	173	0.011560693641618497	128	0	517	0.0
CUFF_NC.3815	2	9481066	9482146	+	0	0	0		61	118	283	0.4169611307420495	266	107	1248	0.08573717948717949
CUFF_NC.3814	2	9484618	9485067	+	0	0	0		7	18	38	0.47368421052631576	110	245	898	0.2728285077951002
CUFF_NC.3817	2	9490096	9491256	-	0	0	0		46	0	130	0.0	276	4	857	0.004667444574095682
CUFF_NC.3818	2	9509843	9511088	-	0	0	0		64	3	414	0.007246376811594203	259	1	1421	0.0007037297677691766
CUFF_NC.3821	2	9515156	9516292	-	0	0	0		65	0	355	0.0	243	0	988	0.0
CUFF_NC.3819	2	9526207	9526972	+	0	0	0		64	0	352	0.0	192	2	730	0.0027397260273972603
CUFF_NC.3823	2	9528860	9529370	-	0	0	0		31	222	269	0.8252788104089219	155	458	1378	0.33236574746008707
CUFF_NC.3824	2	9529444	9529854	-	0	0	0		19	179	197	0.9086294416243654	137	461	1397	0.3299928418038654
CUFF_NC.3825	2	9538203	9538795	+	0	0	0		33	0	96	0.0	96	1	296	0.0033783783783783786
CUFF_NC.3829	2	9545564	9546120	-	0	0	0		39	1	242	0.004132231404958678	121	1	537	0.00186219739292365
CUFF_NC.3828	2	9563938	9564813	+	0	0	0		56	0	365	0.0	205	4	917	0.004362050163576881
CUFF_NC.3827	2	9570902	9571483	+	0	0	0		22	0	161	0.0	148	1	941	0.0010626992561105207
CUFF_NC.3831	2	9571845	9572479	-	0	0	0		33	1	287	0.003484320557491289	129	2	1027	0.0019474196689386564
CUFF_NC.3834	2	9580220	9580783	-	0	0	0		25	1	146	0.00684931506849315	142	2	713	0.002805049088359046
CUFF_NC.3832	2	9591788	9592555	-	0	0	0		34	95	249	0.3815261044176707	185	127	1285	0.09883268482490272
CUFF_NC.3833	2	9633664	9634728	+	0	0	0		25	135	194	0.6958762886597938	189	453	1589	0.2850849590937697
CUFF_NC.3835	2	9645182	9647075	-	0	0	0		120	3	531	0.005649717514124294	323	1	1067	0.0009372071227741331
CUFF_NC.3836	2	9649961	9651038	+	0	0	0		94	0	433	0.0	286	2	1392	0.0014367816091954023
CUFF_NC.3858	2	9652511	9653208	-	0	0	0		21	207	375	0.552	144	345	1524	0.2263779527559055
CUFF_NC.3859	2	9659074	9659605	-	0	0	0		61	0	211	0.0	122	2	476	0.004201680672268907
CUFF_NC.3851	2	9695711	9696860	-	0	0	0		53	1	378	0.0026455026455026454	182	3	978	0.003067484662576687
CUFF_NC.3838	2	9704890	9705336	+	0	0	0		22	0	100	0.0	94	0	282	0.0
CUFF_NC.3837	2	9710385	9712094	-	0	0	0		58	1	300	0.0033333333333333335	442	2	1890	0.0010582010582010583
CUFF_NC.3840	2	9713340	9716676	-	0	0	0		96	3	511	0.005870841487279843	736	13	3136	0.004145408163265306
CUFF_NC.3842	2	9713917	9714656	+	0	0	0		24	0	84	0.0	210	6	747	0.008032128514056224
CUFF_NC.3843	2	9717527	9719159	+	0	0	0		78	1	445	0.0022471910112359553	404	5	2083	0.002400384061449832
CUFF_NC.3839	2	9721101	9722028	+	0	0	0		55	1	278	0.0035971223021582736	179	4	893	0.004479283314669653
CUFF_NC.3848	2	9725721	9726424	+	0	0	0		31	1	150	0.006666666666666667	102	5	494	0.010121457489878543
CUFF_NC.3847	2	9728641	9729549	-	0	0	0		62	1	481	0.002079002079002079	182	2	1090	0.001834862385321101
CUFF_NC.3844	2	9732472	9733328	+	0	0	0		60	0	426	0.0	121	3	657	0.0045662100456621
CUFF_NC.3846	2	9739516	9739998	-	0	0	0		19	0	119	0.0	121	1	559	0.0017889087656529517
CUFF_NC.3845	2	9742403	9743484	+	0	0	0		41	3	242	0.012396694214876033	237	10	1241	0.008058017727639
CUFF_NC.3850	2	9745394	9746406	+	0	0	0		62	0	352	0.0	201	4	1089	0.0036730945821854912
CUFF_NC.3849	2	9748731	9749481	-	0	0	0		26	0	73	0.0	167	1	582	0.001718213058419244
CUFF_NC.3856	2	9752490	9753559	-	0	0	0		78	0	404	0.0	226	3	1006	0.002982107355864811
CUFF_NC.3852	2	9773440	9774100	-	0	0	0		28	1	166	0.006024096385542169	168	1	947	0.0010559662090813093
CUFF_NC.3853	2	9773612	9774264	+	0	0	0		29	1	169	0.005917159763313609	147	0	673	0.0
CUFF_NC.3860	2	9774802	9779705	-	0	0	0		161	5	844	0.005924170616113744	1128	17	4837	0.0035145751498862933
CUFF_NC.3854	2	9785203	9785867	+	0	0	0		27	0	99	0.0	174	4	584	0.00684931506849315
CUFF_NC.3855	2	9795237	9796476	-	0	0	0		50	0	233	0.0	292	4	1268	0.0031545741324921135
CUFF_NC.3857	2	9820597	9821415	-	0	0	0		25	0	99	0.0	149	1	420	0.002380952380952381
CUFF_NC.3861	2	9842047	9842513	-	0	0	0		26	0	137	0.0	113	1	512	0.001953125
CUFF_NC.3868	2	9843989	9845374	-	0	0	0		49	0	192	0.0	100	1	394	0.0025380710659898475
CUFF_NC.3869	2	9845498	9847999	+	0	0	0		188	2	730	0.0027397260273972603	547	4	2090	0.0019138755980861245
CUFF_NC.3862	2	9852819	9853427	-	0	0	0		22	8	155	0.05161290322580645	131	143	879	0.1626848691695108
CUFF_NC.3863	2	9855192	9855897	-	0	0	0		14	54	97	0.5567010309278351	255	617	1924	0.3206860706860707
CUFF_NC.3864	2	9855387	9855804	+	0	0	0		8	34	55	0.6181818181818182	153	410	1156	0.3546712802768166
CUFF_NC.3867	2	9864361	9865166	+	0	0	0		51	1	156	0.00641025641025641	203	2	628	0.0031847133757961785
CUFF_NC.3866	2	9875998	9876430	-	0	0	0		21	2	165	0.012121212121212121	105	7	496	0.014112903225806451
CUFF_NC.3865	2	9886228	9886836	-	0	0	0		32	0	160	0.0	141	3	577	0.005199306759098787
CUFF_NC.3873	2	9904742	9906131	+	0	0	0		72	1	502	0.00199203187250996	193	4	1197	0.003341687552213868
CUFF_NC.3876	2	9914352	9916189	-	0	0	0		109	0	646	0.0	347	5	1544	0.003238341968911917
CUFF_NC.3877	2	9917844	9918359	-	0	0	0		14	0	75	0.0	92	0	382	0.0
CUFF_NC.3870	2	9921555	9921997	-	0	0	0		9	1	58	0.017241379310344827	39	0	222	0.0
CUFF_NC.3871	2	9922599	9923702	-	0	0	0		56	340	490	0.6938775510204082	283	676	2282	0.2962313759859772
CUFF_NC.3872	2	9922939	9923509	+	0	0	0		33	134	233	0.575107296137339	174	338	1343	0.2516753536857781
CUFF_NC.3875	2	9924697	9926131	-	0	0	0		105	3	544	0.0055147058823529415	316	2	1498	0.0013351134846461949
CUFF_NC.3874	2	9937768	9938935	-	0	0	0		44	0	195	0.0	145	1	530	0.0018867924528301887
CUFF_NC.3879	2	9945637	9945959	-	0	0	0		26	0	83	0.0	98	0	271	0.0
CUFF_NC.3900	2	9959131	9960084	-	0	0	0		70	1	400	0.0025	246	6	1178	0.0050933786078098476
CUFF_NC.3885	2	9972058	9972405	-	0	0	0		13	0	51	0.0	36	0	111	0.0
CUFF_NC.3880	2	9977573	9978150	+	0	0	0		32	1	230	0.004347826086956522	119	3	582	0.005154639175257732
CUFF_NC.3878	2	9985809	9986678	-	0	0	0		32	0	123	0.0	188	12	756	0.015873015873015872
CUFF_NC.3884	2	9991398	9992139	+	0	0	0		20	3	197	0.015228426395939087	120	4	780	0.005128205128205128
CUFF_NC.3896	2	9995844	9996643	-	0	0	0		42	0	350	0.0	105	0	634	0.0
CUFF_NC.3897	2	10008466	10008945	+	0	0	0		20	58	131	0.44274809160305345	102	92	541	0.17005545286506468
CUFF_NC.3881	2	10011404	10012754	+	0	0	0		38	1	358	0.002793296089385475	259	5	1713	0.002918855808523059
CUFF_NC.3882	2	10013037	10013466	+	0	0	0		22	0	100	0.0	103	0	501	0.0
CUFF_NC.3883	2	10014752	10015173	+	0	0	0		31	1	291	0.003436426116838488	63	2	499	0.004008016032064128
CUFF_NC.3892	2	10039761	10047713	+	0	0	0		279	99	1549	0.06391220142027114	1737	256	8712	0.02938475665748393
CUFF_NC.3893	2	10043283	10046836	+	0	0	0		144	2	634	0.0031545741324921135	859	10	3610	0.002770083102493075
CUFF_NC.3894	2	10044171	10045099	+	0	0	0		42	1	234	0.004273504273504274	235	3	1129	0.002657218777679362
CUFF_NC.3895	2	10048655	10049614	+	0	0	0		52	1	153	0.006535947712418301	232	0	676	0.0
CUFF_NC.3887	2	10060466	10061074	+	0	0	0		30	0	114	0.0	147	1	574	0.0017421602787456446
CUFF_NC.3888	2	10066950	10067326	-	0	0	0		21	0	90	0.0	82	2	310	0.0064516129032258064
CUFF_NC.3886	2	10071984	10072841	-	0	0	0		40	1	264	0.003787878787878788	192	4	745	0.005369127516778523
CUFF_NC.3889	2	10075269	10076137	-	0	0	0		0	0	0		8	0	21	0.0
CUFF_NC.3899	2	10076539	10077166	+	0	0	0		36	2	237	0.008438818565400843	172	1	1070	0.0009345794392523365
CUFF_NC.3891	2	10088056	10088554	+	0	0	0		5	8	11	0.7272727272727273	51	46	164	0.2804878048780488
CUFF_NC.3890	2	10095329	10095763	+	0	0	0		12	0	116	0.0	125	1	922	0.0010845986984815619
CUFF_NC.3901	2	10107863	10108531	+	0	0	0		15	0	52	0.0	95	0	358	0.0
CUFF_NC.3903	2	10120306	10122590	+	0	0	0		101	2	718	0.002785515320334262	476	3	2129	0.0014091122592766556
CUFF_NC.3902	2	10125584	10126811	+	0	0	0		58	3	264	0.011363636363636364	309	4	1227	0.0032599837000814994
CUFF_NC.3898	2	10131630	10133086	+	0	0	0		53	1	291	0.003436426116838488	343	3	1617	0.0018552875695732839
CUFF_NC.3904	2	10133615	10134397	+	0	0	0		19	0	94	0.0	167	2	811	0.002466091245376079
CUFF_NC.3905	2	10144858	10145322	+	0	0	0		15	6	49	0.12244897959183673	70	10	386	0.025906735751295335
CUFF_NC.3906	2	10145512	10149698	-	0	0	0		120	1	678	0.0014749262536873156	826	21	3917	0.005361245851416901
CUFF_NC.3907	2	10175813	10176474	-	0	0	0		53	0	314	0.0	146	1	935	0.0010695187165775401
CUFF_NC.3908	2	10187110	10187863	+	0	0	0		54	1	245	0.004081632653061225	227	7	1098	0.006375227686703097
CUFF_NC.3909	2	10188085	10190389	+	0	0	0		125	5	1026	0.004873294346978557	582	13	3751	0.00346574246867502
CUFF_NC.3910	2	10206708	10207323	+	0	0	0		31	0	94	0.0	111	1	328	0.003048780487804878
CUFF_NC.3912	2	10262750	10263129	+	0	0	0		32	1	211	0.004739336492890996	102	3	572	0.005244755244755245
CUFF_NC.3914	2	10266772	10269058	+	0	0	0		102	3	450	0.006666666666666667	496	4	1768	0.0022624434389140274
CUFF_NC.3911	2	10298019	10298441	-	0	0	0		13	0	87	0.0	73	1	274	0.0036496350364963502
CUFF_NC.3913	2	10313599	10314953	+	0	0	0		96	0	481	0.0	287	2	1368	0.0014619883040935672
CUFF_NC.3915	2	10319455	10320249	+	0	0	0		45	1	208	0.004807692307692308	196	2	738	0.0027100271002710027
CUFF_NC.3916	2	10321821	10322240	+	0	0	0		11	0	93	0.0	91	4	508	0.007874015748031496
CUFF_NC.3917	2	10350396	10350998	+	0	0	0		21	0	122	0.0	155	3	940	0.0031914893617021275
CUFF_NC.3919	2	10392233	10392668	-	0	0	0		18	0	68	0.0	96	1	342	0.0029239766081871343
CUFF_NC.3946	2	10406011	10413426	-	0	0	0		193	853	1900	0.44894736842105265	1766	2037	12969	0.15706685172334028
CUFF_NC.3947	2	10412708	10413260	+	0	0	0		6	33	57	0.5789473684210527	81	57	554	0.10288808664259928
CUFF_NC.3920	2	10413776	10414377	+	0	0	0		9	15	86	0.1744186046511628	111	21	628	0.03343949044585987
CUFF_NC.3924	2	10415159	10415589	-	0	0	0		16	1	83	0.012048192771084338	100	2	499	0.004008016032064128
CUFF_NC.3923	2	10424301	10425301	-	0	0	0		66	2	426	0.004694835680751174	255	7	1406	0.004978662873399715
CUFF_NC.3921	2	10434397	10436083	-	0	0	0		12	1	67	0.014925373134328358	88	0	359	0.0
CUFF_NC.3922	2	10444850	10446538	+	0	0	0		93	0	388	0.0	323	8	1197	0.006683375104427736
CUFF_NC.3929	2	10450241	10450666	-	0	0	0		17	0	43	0.0	77	1	248	0.004032258064516129
CUFF_NC.3930	2	10450830	10451262	-	0	0	0		25	0	192	0.0	92	3	549	0.00546448087431694
CUFF_NC.3928	2	10452184	10453113	+	0	0	0		55	0	231	0.0	240	0	973	0.0
CUFF_NC.3925	2	10454720	10455497	-	0	0	0		21	0	93	0.0	224	0	771	0.0
CUFF_NC.3931	2	10457183	10457801	-	0	0	0		21	0	182	0.0	151	0	1116	0.0
CUFF_NC.3927	2	10463386	10464122	+	0	0	0		38	0	187	0.0	169	3	836	0.0035885167464114833
CUFF_NC.3926	2	10464602	10465010	-	0	0	0		17	0	69	0.0	79	2	294	0.006802721088435374
CUFF_NC.3935	2	10484589	10485512	+	0	0	0		49	1	346	0.002890173410404624	213	1	972	0.00102880658436214
CUFF_NC.3945	2	10500581	10501115	+	0	0	0		21	0	101	0.0	144	2	970	0.002061855670103093
CUFF_NC.3933	2	10503332	10504381	-	0	0	0		23	0	90	0.0	184	1	649	0.0015408320493066256
CUFF_NC.3932	2	10504717	10505223	-	0	0	0		11	0	25	0.0	74	0	145	0.0
CUFF_NC.3934	2	10528050	10529079	+	0	0	0		50	0	291	0.0	277	5	1322	0.0037821482602118004
CUFF_NC.3937	2	10533380	10534157	-	0	0	0		41	123	240	0.5125	214	125	1273	0.09819324430479183
CUFF_NC.3938	2	10533473	10534296	+	0	0	0		43	125	248	0.5040322580645161	237	134	1363	0.0983125458547322
CUFF_NC.3940	2	10559269	10560122	-	0	0	0		41	3	247	0.012145748987854251	191	2	799	0.0025031289111389237
CUFF_NC.3942	2	10566599	10568057	-	0	0	0		86	1	476	0.0021008403361344537	293	0	1075	0.0
CUFF_NC.3941	2	10569265	10570511	+	0	0	0		47	12	242	0.049586776859504134	284	10	1310	0.007633587786259542
CUFF_NC.3943	2	10572315	10572773	+	0	0	0		32	2	405	0.0049382716049382715	75	1	560	0.0017857142857142857
CUFF_NC.3944	2	10586624	10587553	+	0	0	0		48	1	225	0.0044444444444444444	255	3	1284	0.002336448598130841
CUFF_NC.3948	2	10591594	10591972	-	0	0	0		23	0	146	0.0	117	5	749	0.006675567423230975
CUFF_NC.3949	2	10610566	10611772	-	0	0	0		63	2	206	0.009708737864077669	289	2	896	0.002232142857142857
CUFF_NC.3950	2	10626852	10627331	-	0	0	0		19	0	50	0.0	51	0	151	0.0
CUFF_NC.3951	2	10627902	10628322	-	0	0	0		19	1	237	0.004219409282700422	57	2	610	0.003278688524590164
CUFF_NC.3956	2	10653594	10655152	+	0	0	0		73	1	565	0.0017699115044247787	379	13	2569	0.00506033476060724
CUFF_NC.3953	2	10671802	10672745	+	0	0	0		54	2	176	0.011363636363636364	180	3	588	0.00510204081632653
CUFF_NC.3955	2	10697754	10699200	+	0	0	0		115	2	639	0.003129890453834116	337	5	1829	0.002733734281027884
CUFF_NC.3958	2	10736486	10737863	+	0	0	0		56	2	473	0.004228329809725159	231	7	1377	0.005083514887436456
CUFF_NC.3959	2	10753565	10754829	-	0	0	0		57	1	323	0.0030959752321981426	223	2	1188	0.0016835016835016834
CUFF_NC.3960	2	10757309	10758000	+	0	0	0		50	0	175	0.0	166	1	695	0.0014388489208633094
CUFF_NC.3963	2	10761744	10762200	-	0	0	0		56	1	329	0.00303951367781155	128	5	725	0.006896551724137931
CUFF_NC.3964	2	10771515	10772375	+	0	0	0		69	0	277	0.0	198	1	735	0.0013605442176870747
CUFF_NC.3974	2	10799527	10800885	-	0	0	0		101	1	823	0.001215066828675577	272	5	1697	0.0029463759575721863
CUFF_NC.3961	2	10804504	10808936	-	0	0	0		141	8	750	0.010666666666666666	882	10	3999	0.002500625156289072
CUFF_NC.3966	2	10822046	10822443	-	0	0	0		16	1	235	0.00425531914893617	68	3	495	0.006060606060606061
CUFF_NC.3967	2	10822892	10824422	-	0	0	0		92	0	373	0.0	378	5	1099	0.004549590536851683
CUFF_NC.3968	2	10828843	10829605	-	0	0	0		25	0	81	0.0	215	2	646	0.0030959752321981426
CUFF_NC.3969	2	10830641	10831134	+	0	0	0		29	0	105	0.0	121	0	429	0.0
CUFF_NC.3970	2	10831167	10836559	+	0	0	0		182	10	1109	0.009017132551848512	1032	51	5683	0.008974133380256906
CUFF_NC.3965	2	10837512	10837913	+	0	0	0		16	0	77	0.0	112	1	556	0.0017985611510791368
CUFF_NC.3975	2	10844901	10845578	-	0	0	0		52	1	411	0.0024330900243309003	199	1	1392	0.0007183908045977011
CUFF_NC.3973	2	10854492	10855200	+	0	0	0		40	0	267	0.0	132	3	595	0.005042016806722689
CUFF_NC.3971	2	10857777	10858365	+	0	0	0		8	0	22	0.0	97	2	294	0.006802721088435374
CUFF_NC.3972	2	10858482	10859740	+	0	0	0		63	2	340	0.0058823529411764705	269	4	1222	0.0032733224222585926
CUFF_NC.3980	2	10870106	10870787	+	0	0	0		37	1	309	0.003236245954692557	175	7	1341	0.005219985085756898
CUFF_NC.3981	2	10870943	10871482	+	0	0	0		39	0	218	0.0	139	3	591	0.005076142131979695
CUFF_NC.3986	2	10890270	10890607	-	0	0	0		12	0	124	0.0	95	2	736	0.002717391304347826
CUFF_NC.3977	2	10897978	10898527	-	0	0	0		27	0	187	0.0	133	5	420	0.011904761904761904
CUFF_NC.3978	2	10906391	10907282	-	0	0	0		42	1	149	0.006711409395973154	156	0	519	0.0
CUFF_NC.3976	2	10909474	10909828	-	0	0	0		13	6	73	0.0821917808219178	101	6	489	0.012269938650306749
CUFF_NC.3979	2	10928818	10929443	+	0	0	0		32	1	304	0.003289473684210526	75	1	561	0.0017825311942959
CUFF_NC.3989	2	10951128	10952035	+	0	0	0		26	0	110	0.0	204	8	994	0.008048289738430584
CUFF_NC.3991	2	10955767	10956390	+	0	0	0		24	0	191	0.0	96	1	850	0.001176470588235294
CUFF_NC.3984	2	10982562	10982975	-	0	0	0		26	1	143	0.006993006993006993	107	1	542	0.0018450184501845018
CUFF_NC.3982	2	10989434	10989890	+	0	0	0		13	0	31	0.0	73	0	322	0.0
CUFF_NC.3983	2	10992873	10993895	-	0	0	0		35	0	255	0.0	219	5	1368	0.003654970760233918
CUFF_NC.3985	2	11009059	11010020	+	0	0	0		59	0	344	0.0	193	3	946	0.003171247357293869
CUFF_NC.3990	2	11034117	11034546	-	0	0	0		23	0	121	0.0	116	2	506	0.003952569169960474
CUFF_NC.3987	2	11041522	11043544	-	0	0	0		85	40	414	0.0966183574879227	280	48	1090	0.044036697247706424
CUFF_NC.3998	2	11065768	11066321	+	0	0	0		26	0	183	0.0	88	10	585	0.017094017094017096
CUFF_NC.3992	2	11071997	11072377	+	0	0	0		59	1	147	0.006802721088435374	93	1	271	0.0036900369003690036
CUFF_NC.3988	2	11075895	11076441	+	0	0	0		19	102	164	0.6219512195121951	113	413	905	0.456353591160221
CUFF_NC.3993	2	11086175	11087086	+	0	0	0		47	1	223	0.004484304932735426	245	2	1175	0.001702127659574468
CUFF_NC.4001	2	11092666	11093428	+	0	0	0		50	1	244	0.004098360655737705	167	3	811	0.0036991368680641184
CUFF_NC.3994	2	11094706	11095195	+	0	0	0		43	0	102	0.0	106	0	246	0.0
CUFF_NC.3996	2	11111400	11111707	+	0	0	0		15	1	112	0.008928571428571428	98	2	675	0.002962962962962963
CUFF_NC.3997	2	11112548	11113520	+	0	0	0		71	0	347	0.0	224	1	815	0.001226993865030675
CUFF_NC.3995	2	11120452	11122087	-	0	0	0		64	0	559	0.0	293	2	1842	0.0010857763300760044
CUFF_NC.3999	2	11140063	11140401	-	0	0	0		3	0	15	0.0	101	0	479	0.0
CUFF_NC.4000	2	11147831	11149311	+	0	0	0		83	2	460	0.004347826086956522	393	5	1610	0.003105590062111801
CUFF_NC.4005	2	11155445	11156386	-	0	0	0		67	1	374	0.00267379679144385	251	2	1328	0.0015060240963855422
CUFF_NC.4003	2	11166013	11166582	-	0	0	0		36	1	182	0.005494505494505495	147	3	726	0.004132231404958678
CUFF_NC.4002	2	11168203	11168818	+	0	0	0		28	2	184	0.010869565217391304	155	26	946	0.02748414376321353
CUFF_NC.4009	2	11220094	11220543	+	0	0	0		33	0	125	0.0	97	2	459	0.004357298474945534
CUFF_NC.4008	2	11220707	11221535	+	0	0	0		39	0	144	0.0	150	2	494	0.004048582995951417
CUFF_NC.4007	2	11234432	11235212	+	0	0	0		35	0	360	0.0	186	5	1809	0.002763957987838585
CUFF_NC.4006	2	11237095	11237710	+	0	0	0		10	0	53	0.0	148	2	786	0.002544529262086514
CUFF_NC.4010	2	11239314	11239887	+	0	0	0		24	0	129	0.0	132	2	569	0.0035149384885764497
CUFF_NC.4011	2	11240173	11241213	+	0	0	0		25	0	99	0.0	256	2	1189	0.001682085786375105
CUFF_NC.4016	2	11243294	11243865	+	0	0	0		34	0	290	0.0	117	2	712	0.0028089887640449437
CUFF_NC.4017	2	11245384	11246316	+	0	0	0		44	1	464	0.0021551724137931034	167	11	1754	0.006271379703534778
CUFF_NC.4019	2	11259247	11259965	+	0	0	0		41	0	332	0.0	128	3	787	0.0038119440914866584
CUFF_NC.4013	2	11263926	11265538	-	0	0	0		81	0	471	0.0	378	5	1867	0.002678093197643278
CUFF_NC.4012	2	11267918	11268383	-	0	0	0		17	0	48	0.0	99	1	345	0.002898550724637681
CUFF_NC.4014	2	11270340	11270790	-	0	0	0		46	1	385	0.0025974025974025974	121	2	849	0.002355712603062426
CUFF_NC.4018	2	11273798	11274360	-	0	0	0		32	1	218	0.0045871559633027525	104	1	735	0.0013605442176870747
CUFF_NC.4015	2	11282903	11284322	+	0	0	0		50	1	236	0.00423728813559322	403	1	1726	0.0005793742757821553
CUFF_NC.4020	2	11287936	11288364	+	0	0	0		33	0	143	0.0	99	1	317	0.0031545741324921135
CUFF_NC.4023	2	11301220	11302122	-	0	0	0		62	2	540	0.003703703703703704	184	4	1356	0.0029498525073746312
CUFF_NC.4021	2	11327935	11328767	-	0	0	0		24	58	128	0.453125	169	124	937	0.13233724653148346
CUFF_NC.4024	2	11329848	11330523	-	0	0	0		43	1	325	0.003076923076923077	149	3	1110	0.002702702702702703
CUFF_NC.4022	2	11338536	11339084	-	0	0	0		14	0	237	0.0	111	4	957	0.0041797283176593526
CUFF_NC.4032	2	11348043	11348415	+	0	0	0		19	0	133	0.0	103	1	489	0.002044989775051125
CUFF_NC.4033	2	11350516	11351293	+	0	0	0		20	0	65	0.0	146	2	626	0.003194888178913738
CUFF_NC.4025	2	11353981	11354490	+	0	0	0		25	0	108	0.0	126	4	598	0.006688963210702341
CUFF_NC.4026	2	11357530	11358464	-	0	0	0		21	0	122	0.0	203	5	1350	0.003703703703703704
CUFF_NC.4029	2	11369972	11372167	-	0	0	0		55	2	267	0.00749063670411985	459	6	2177	0.002756086357372531
CUFF_NC.4030	2	11388346	11389945	-	0	0	0		76	1	606	0.0016501650165016502	262	7	1395	0.005017921146953405
CUFF_NC.4031	2	11390305	11391795	-	0	0	0		62	1	378	0.0026455026455026454	326	8	1589	0.005034612964128383
CUFF_NC.4034	2	11393024	11396220	+	0	0	0		87	3	457	0.006564551422319475	664	18	2756	0.006531204644412192
CUFF_NC.4035	2	11393465	11397194	+	0	0	0		134	3	677	0.004431314623338257	794	23	3214	0.00715619166148102
CUFF_NC.4027	2	11397483	11399111	+	0	0	0		43	289	414	0.6980676328502415	302	1251	2799	0.44694533762057875
CUFF_NC.4028	2	11400226	11400826	-	0	0	0		16	74	187	0.39572192513368987	133	413	1392	0.29669540229885055
CUFF_NC.4037	2	11434028	11434657	+	0	0	0		53	0	276	0.0	144	1	688	0.0014534883720930232
CUFF_NC.4042	2	11443298	11444085	-	0	0	0		29	1	176	0.005681818181818182	163	1	932	0.001072961373390558
CUFF_NC.4036	2	11450651	11451256	+	0	0	0		14	0	163	0.0	150	1	640	0.0015625
CUFF_NC.4038	2	11451473	11452694	+	0	0	0		38	1	204	0.004901960784313725	305	5	1821	0.0027457440966501922
CUFF_NC.4046	2	11469502	11469899	+	0	0	0		33	0	118	0.0	123	1	348	0.0028735632183908046
CUFF_NC.4039	2	11496453	11497736	+	0	0	0		37	1	429	0.002331002331002331	243	4	1615	0.002476780185758514
CUFF_NC.4040	2	11519514	11520076	+	0	0	0		36	1	235	0.00425531914893617	123	3	628	0.004777070063694267
CUFF_NC.4043	2	11526258	11527900	+	0	0	0		70	1	402	0.0024875621890547263	325	2	1739	0.0011500862564692352
CUFF_NC.4044	2	11546165	11547068	-	0	0	0		34	1	220	0.004545454545454545	216	1	955	0.0010471204188481676
CUFF_NC.4045	2	11595027	11595861	-	0	0	0		67	2	369	0.005420054200542005	204	4	864	0.004629629629629629
CUFF_NC.4047	2	11669749	11670466	-	0	0	0		29	0	198	0.0	161	1	817	0.0012239902080783353
CUFF_NC.4048	2	11678692	11679137	+	0	0	0		10	0	47	0.0	109	1	331	0.0030211480362537764
CUFF_NC.4052	2	11683875	11685679	+	0	0	0		63	1	389	0.002570694087403599	294	4	1746	0.002290950744558992
CUFF_NC.4051	2	11688186	11689384	+	0	0	0		29	2	104	0.019230769230769232	260	5	1027	0.004868549172346641
CUFF_NC.4050	2	11689461	11690567	+	0	0	0		31	1	183	0.00546448087431694	242	4	1271	0.003147128245476003
CUFF_NC.4049	2	11691485	11691908	+	0	0	0		16	2	59	0.03389830508474576	96	14	297	0.04713804713804714
CUFF_NC.4053	2	11726165	11727081	+	0	0	0		42	0	295	0.0	212	5	1444	0.0034626038781163434
CUFF_NC.4058	2	11752700	11754133	+	0	0	0		50	1	224	0.004464285714285714	279	3	1391	0.002156721782890007
CUFF_NC.4054	2	11758195	11758973	+	0	0	0		54	2	260	0.007692307692307693	210	1	901	0.0011098779134295228
CUFF_NC.4055	2	11766958	11767433	+	0	0	0		13	0	87	0.0	120	2	622	0.003215434083601286
CUFF_NC.4056	2	11771556	11771989	+	0	0	0		12	1	85	0.011764705882352941	114	1	740	0.0013513513513513514
CUFF_NC.4059	2	11776699	11777299	+	0	0	0		48	2	270	0.007407407407407408	113	0	650	0.0
CUFF_NC.4057	2	11792127	11792452	+	0	0	0		7	1	66	0.015151515151515152	65	0	453	0.0
CUFF_NC.4060	2	11803184	11804149	+	0	0	0		28	0	112	0.0	210	2	718	0.002785515320334262
CUFF_NC.4061	2	11812658	11813166	-	0	0	0		38	75	238	0.31512605042016806	123	101	840	0.12023809523809524
CUFF_NC.4063	2	11832846	11834249	+	0	0	0		44	2	419	0.00477326968973747	210	7	1709	0.004095962551199532
CUFF_NC.4062	2	11835620	11836137	-	0	0	0		9	0	37	0.0	44	0	187	0.0
CUFF_NC.4066	2	11851946	11852909	-	0	0	0		69	2	410	0.004878048780487805	164	4	1062	0.003766478342749529
CUFF_NC.4064	2	11857175	11857959	-	0	0	0		48	0	174	0.0	145	1	455	0.002197802197802198
CUFF_NC.4065	2	11860152	11861416	-	0	0	0		71	1	529	0.001890359168241966	222	4	1403	0.002851033499643621
CUFF_NC.4068	2	11892137	11893574	-	0	0	0		29	0	202	0.0	290	3	1398	0.002145922746781116
CUFF_NC.4069	2	11902428	11903036	+	0	0	0		41	0	262	0.0	140	2	729	0.0027434842249657062
CUFF_NC.4067	2	11911152	11911670	+	0	0	0		18	1	298	0.003355704697986577	61	1	749	0.0013351134846461949
CUFF_NC.4072	2	11918759	11919719	+	0	0	0		56	0	441	0.0	257	3	1117	0.0026857654431512983
CUFF_NC.4071	2	11922582	11922985	+	0	0	0		20	0	74	0.0	95	3	347	0.008645533141210375
CUFF_NC.4073	2	11953700	11954814	+	0	0	0		48	0	273	0.0	257	2	1248	0.0016025641025641025
CUFF_NC.4077	2	11955970	11956481	-	0	0	0		28	1	157	0.006369426751592357	97	3	418	0.007177033492822967
CUFF_NC.4075	2	11960715	11962045	+	0	0	0		49	2	309	0.006472491909385114	238	0	976	0.0
CUFF_NC.4076	2	11962251	11963423	+	0	0	0		43	1	207	0.004830917874396135	233	1	1061	0.000942507068803016
CUFF_NC.4079	2	11975850	11976592	-	0	0	0		34	1	150	0.006666666666666667	184	2	745	0.0026845637583892616
CUFF_NC.4078	2	11979097	11979798	+	0	0	0		27	1	207	0.004830917874396135	200	4	1245	0.00321285140562249
CUFF_NC.4074	2	11986561	11987284	-	0	0	0		37	1	112	0.008928571428571428	195	0	721	0.0
CUFF_NC.4081	2	12010798	12012232	+	0	0	0		52	1	351	0.002849002849002849	368	4	2121	0.001885902876001886
CUFF_NC.4082	2	12024131	12025174	-	0	0	0		63	0	207	0.0	214	1	848	0.0011792452830188679
CUFF_NC.4080	2	12027174	12027455	+	0	0	0		9	1	32	0.03125	95	0	327	0.0
CUFF_NC.4083	2	12040877	12041593	-	0	0	0		64	1	241	0.004149377593360996	81	1	194	0.005154639175257732
CUFF_NC.4099	2	12058562	12058847	-	0	0	0		35	0	170	0.0	86	1	458	0.002183406113537118
CUFF_NC.4085	2	12087296	12087869	-	0	0	0		35	0	155	0.0	166	1	721	0.0013869625520110957
CUFF_NC.4084	2	12115613	12116333	-	0	0	0		49	0	264	0.0	152	2	699	0.002861230329041488
CUFF_NC.4089	2	12134167	12134893	+	0	0	0		88	1	479	0.0020876826722338203	189	0	744	0.0
CUFF_NC.4088	2	12140520	12140970	+	0	0	0		19	0	96	0.0	129	2	553	0.003616636528028933
CUFF_NC.4087	2	12148444	12149337	+	0	0	0		48	0	298	0.0	161	2	826	0.002421307506053269
CUFF_NC.4086	2	12152261	12152927	-	0	0	0		24	0	87	0.0	188	4	724	0.0055248618784530384
CUFF_NC.4090	2	12157722	12158614	-	0	0	0		30	0	156	0.0	203	1	928	0.0010775862068965517
CUFF_NC.4094	2	12162292	12163667	+	0	0	0		112	1	621	0.001610305958132045	369	5	1827	0.002736726874657909
CUFF_NC.4096	2	12172807	12174048	+	0	0	0		53	1	327	0.0030581039755351682	221	4	1005	0.003980099502487562
CUFF_NC.4091	2	12174685	12175088	-	0	0	0		17	0	111	0.0	100	3	529	0.005671077504725898
CUFF_NC.4093	2	12187775	12188310	+	0	0	0		22	0	92	0.0	106	2	441	0.0045351473922902496
CUFF_NC.4092	2	12199351	12200099	+	0	0	0		32	0	134	0.0	182	1	756	0.0013227513227513227
CUFF_NC.4095	2	12214459	12214846	-	0	0	0		36	1	318	0.0031446540880503146	100	1	866	0.0011547344110854503
CUFF_NC.4097	2	12248813	12249506	-	0	0	0		11	0	64	0.0	188	5	984	0.00508130081300813
CUFF_NC.4098	2	12254957	12255859	-	0	0	0		41	1	264	0.003787878787878788	254	1	1176	0.0008503401360544217
CUFF_NC.4102	2	12272251	12272810	-	0	0	0		24	0	141	0.0	137	3	761	0.003942181340341655
CUFF_NC.4100	2	12273146	12273675	+	0	0	0		13	2	84	0.023809523809523808	96	0	455	0.0
CUFF_NC.4101	2	12273499	12273923	-	0	0	0		12	2	66	0.030303030303030304	80	0	451	0.0
CUFF_NC.4105	2	12275562	12277328	+	0	0	0		60	3	323	0.009287925696594427	452	10	2102	0.004757373929590866
CUFF_NC.4103	2	12285205	12285595	+	0	0	0		16	9	77	0.11688311688311688	89	60	392	0.15306122448979592
CUFF_NC.4104	2	12285904	12286593	+	0	0	0		34	24	264	0.09090909090909091	175	30	1056	0.028409090909090908
CUFF_NC.4106	2	12295206	12296088	-	0	0	0		53	0	245	0.0	217	5	799	0.006257822277847309
CUFF_NC.4107	2	12326981	12327474	-	0	0	0		35	0	481	0.0	89	3	945	0.0031746031746031746
CUFF_NC.4108	2	12329354	12330106	+	0	0	0		29	1	278	0.0035971223021582736	160	1	856	0.0011682242990654205
CUFF_NC.4114	2	12333988	12336780	+	0	0	0		104	3	758	0.00395778364116095	626	17	3200	0.0053125
CUFF_NC.4109	2	12349093	12350328	-	0	0	0		58	168	478	0.3514644351464435	289	119	1935	0.06149870801033592
CUFF_NC.4111	2	12358278	12359222	+	0	0	0		40	0	204	0.0	135	1	757	0.001321003963011889
CUFF_NC.4110	2	12394385	12394918	+	0	0	0		23	1	188	0.005319148936170213	143	1	909	0.0011001100110011
CUFF_NC.4113	2	12407160	12408054	+	0	0	0		78	1	328	0.003048780487804878	188	3	746	0.004021447721179625
CUFF_NC.4115	2	12415778	12417024	+	0	0	0		66	2	661	0.0030257186081694403	182	0	638	0.0
CUFF_NC.4112	2	12417791	12418334	-	0	0	0		16	1	137	0.0072992700729927005	63	2	436	0.0045871559633027525
CUFF_NC.4116	2	12449211	12450656	+	0	0	0		138	573	989	0.5793731041456016	400	540	2787	0.193756727664155
CUFF_NC.4118	2	12496116	12496625	+	0	0	0		18	0	93	0.0	119	1	603	0.001658374792703151
CUFF_NC.4119	2	12498129	12498685	+	0	0	0		16	0	84	0.0	120	2	595	0.0033613445378151263
CUFF_NC.4117	2	12516290	12516881	+	0	0	0		21	0	50	0.0	141	0	323	0.0
CUFF_NC.4120	2	12525468	12526500	+	0	0	0		32	0	145	0.0	197	3	790	0.0037974683544303796
CUFF_NC.4121	2	12536857	12542456	+	0	0	0		100	9	435	0.020689655172413793	510	21	1783	0.011777902411665733
CUFF_NC.4122	2	12540915	12541693	+	0	0	0		4	8	41	0.1951219512195122	21	18	200	0.09
CUFF_NC.4126	2	12542780	12543522	-	0	0	0		28	0	200	0.0	137	2	563	0.003552397868561279
CUFF_NC.4127	2	12546680	12552126	+	0	0	0		347	4	1852	0.0021598272138228943	1536	16	6908	0.0023161551823972205
CUFF_NC.4128	2	12546950	12552438	+	0	0	0		351	4	1849	0.002163331530557058	1558	17	6955	0.0024442846872753414
CUFF_NC.4125	2	12559983	12561306	-	0	0	0		121	1	359	0.002785515320334262	344	2	1039	0.0019249278152069298
CUFF_NC.4143	2	12585740	12592653	-	0	0	0		286	3	1431	0.0020964360587002098	1577	16	6538	0.002447231569287244
CUFF_NC.4144	2	12587337	12599096	-	0	0	0		440	3	2383	0.001258917331095258	2550	39	11607	0.0033600413543551306
CUFF_NC.4124	2	12601503	12603503	-	0	0	0		84	0	439	0.0	482	8	2368	0.0033783783783783786
CUFF_NC.4129	2	12612435	12613085	+	0	0	0		37	0	157	0.0	135	3	693	0.004329004329004329
CUFF_NC.4130	2	12614866	12615450	+	0	0	0		42	1	279	0.0035842293906810036	143	0	867	0.0
CUFF_NC.4123	2	12618260	12618896	+	0	0	0		32	0	238	0.0	123	1	555	0.0018018018018018018
CUFF_NC.4131	2	12624599	12626342	+	0	0	0		57	1	391	0.0025575447570332483	379	5	1767	0.0028296547821165816
CUFF_NC.4132	2	12631391	12631821	+	0	0	0		14	0	103	0.0	84	1	529	0.001890359168241966
CUFF_NC.4136	2	12670689	12671398	-	0	0	0		30	0	172	0.0	151	2	823	0.002430133657351154
CUFF_NC.4134	2	12678903	12680629	-	0	0	0		70	0	437	0.0	347	8	1543	0.005184705119896306
CUFF_NC.4137	2	12682205	12682670	+	0	0	0		13	0	44	0.0	112	2	411	0.004866180048661801
CUFF_NC.4135	2	12685958	12686733	+	0	0	0		28	0	158	0.0	131	1	606	0.0016501650165016502
CUFF_NC.4139	2	12709791	12710667	-	0	0	0		50	1	269	0.0037174721189591076	227	7	1226	0.005709624796084829
CUFF_NC.4138	2	12716237	12716847	+	0	0	0		33	1	224	0.004464285714285714	144	2	682	0.002932551319648094
CUFF_NC.4140	2	12728340	12730847	+	0	0	0		114	1	455	0.002197802197802198	495	9	1604	0.005610972568578554
CUFF_NC.4141	2	12739002	12740206	+	0	0	0		12	13	36	0.3611111111111111	23	20	106	0.18867924528301888
CUFF_NC.4171	2	12749057	12749414	-	0	0	0		21	0	86	0.0	85	0	360	0.0
CUFF_NC.4146	2	12749975	12750650	-	0	0	0		43	0	361	0.0	166	2	1031	0.0019398642095053346
CUFF_NC.4151	2	12765349	12767058	-	0	0	0		104	0	505	0.0	441	9	1948	0.004620123203285421
CUFF_NC.4145	2	12777212	12777552	-	0	0	0		15	0	139	0.0	79	0	341	0.0
CUFF_NC.4149	2	12805673	12806261	-	0	0	0		40	1	251	0.00398406374501992	135	5	586	0.008532423208191127
CUFF_NC.4152	2	12811751	12812943	+	0	0	0		30	257	318	0.8081761006289309	217	1031	2449	0.4209881584320131
CUFF_NC.4147	2	12814284	12815092	-	0	0	0		43	2	423	0.004728132387706856	123	2	879	0.0022753128555176336
CUFF_NC.4148	2	12821524	12823088	-	0	0	0		92	0	388	0.0	372	5	1472	0.0033967391304347825
CUFF_NC.4150	2	12826016	12826527	-	0	0	0		38	0	121	0.0	134	0	388	0.0
CUFF_NC.4166	2	12849771	12850192	-	0	0	0		30	0	123	0.0	117	0	495	0.0
CUFF_NC.4163	2	12852581	12854109	+	0	0	0		115	2	485	0.004123711340206186	416	3	1756	0.0017084282460136675
CUFF_NC.4164	2	12854820	12856077	+	0	0	0		92	1	314	0.0031847133757961785	351	5	1166	0.004288164665523156
CUFF_NC.4153	2	12867147	12868344	+	0	0	0		11	0	75	0.0	196	4	939	0.004259850905218318
CUFF_NC.4160	2	12872117	12876311	-	0	0	0		198	3	1114	0.0026929982046678637	918	13	4050	0.0032098765432098763
CUFF_NC.4161	2	12873012	12873790	-	0	0	0		36	1	346	0.002890173410404624	137	1	825	0.0012121212121212121
CUFF_NC.4155	2	12889276	12890017	+	0	0	0		33	0	161	0.0	137	0	636	0.0
CUFF_NC.4154	2	12897068	12897804	-	0	0	0		40	1	187	0.0053475935828877	154	4	681	0.005873715124816446
CUFF_NC.4156	2	12899791	12901395	+	0	0	0		84	1	327	0.0030581039755351682	352	3	1199	0.0025020850708924102
CUFF_NC.4159	2	12905481	12906370	+	0	0	0		41	1	246	0.0040650406504065045	235	3	1082	0.0027726432532347504
CUFF_NC.4158	2	12908561	12909182	+	0	0	0		18	1	86	0.011627906976744186	69	1	313	0.003194888178913738
CUFF_NC.4162	2	12909631	12912385	+	0	0	0		175	4	994	0.004024144869215292	619	10	3006	0.00332667997338656
CUFF_NC.4157	2	12920781	12921281	-	0	0	0		34	1	262	0.003816793893129771	140	2	823	0.002430133657351154
CUFF_NC.4172	2	12937011	12939746	+	0	0	0		127	1	617	0.0016207455429497568	501	5	1874	0.0026680896478121665
CUFF_NC.4170	2	12940390	12941634	+	0	0	0		65	1	308	0.003246753246753247	275	4	1250	0.0032
CUFF_NC.4167	2	12956863	12957530	-	0	0	0		37	0	267	0.0	175	4	961	0.004162330905306972
CUFF_NC.4169	2	12959406	12960196	-	0	0	0		39	0	235	0.0	176	1	1126	0.0008880994671403197
CUFF_NC.4168	2	12967191	12968000	-	0	0	0		36	0	130	0.0	159	2	484	0.004132231404958678
CUFF_NC.4179	2	12992888	12993393	+	0	0	0		33	0	212	0.0	108	0	594	0.0
CUFF_NC.4173	2	12998199	13000082	+	0	0	0		121	1	1194	0.0008375209380234506	421	9	2931	0.0030706243602865915
CUFF_NC.4174	2	13000738	13002436	+	0	0	0		91	2	509	0.003929273084479371	401	6	1866	0.003215434083601286
CUFF_NC.4176	2	13014426	13016379	-	0	0	0		96	1	418	0.0023923444976076554	359	1	1529	0.0006540222367560497
CUFF_NC.4180	2	13021024	13021630	+	0	0	0		41	1	313	0.003194888178913738	182	2	1075	0.0018604651162790699
CUFF_NC.4183	2	13038792	13039441	-	0	0	0		41	1	194	0.005154639175257732	182	2	740	0.002702702702702703
CUFF_NC.4175	2	13041976	13042396	+	0	0	0		9	2	25	0.08	59	3	146	0.02054794520547945
CUFF_NC.4178	2	13045651	13046312	-	0	0	0		59	0	266	0.0	172	2	729	0.0027434842249657062
CUFF_NC.4177	2	13093549	13094020	-	0	0	0		28	182	333	0.5465465465465466	139	419	1611	0.2600869025450031
CUFF_NC.4181	2	13105666	13106851	+	0	0	0		24	1	160	0.00625	308	4	1959	0.002041858090862685
CUFF_NC.4187	2	13139557	13142492	-	0	0	0		119	2	582	0.003436426116838488	718	9	2651	0.0033949453036589967
CUFF_NC.4186	2	13142904	13143653	+	0	0	0		68	2	464	0.004310344827586207	194	4	1273	0.003142183817753339
CUFF_NC.4184	2	13147539	13148013	-	0	0	0		8	0	150	0.0	79	2	1340	0.0014925373134328358
CUFF_NC.4198	2	13160356	13160786	+	0	0	0		17	68	161	0.422360248447205	88	46	557	0.08258527827648116
CUFF_NC.4182	2	13162152	13163751	-	0	0	0		74	2	330	0.006060606060606061	361	6	1593	0.003766478342749529
CUFF_NC.4185	2	13172140	13172820	-	0	0	0		12	0	81	0.0	90	2	528	0.003787878787878788
CUFF_NC.4188	2	13186543	13187253	-	0	0	0		22	0	146	0.0	147	1	684	0.0014619883040935672
CUFF_NC.4194	2	13193938	13194593	-	0	0	0		17	2	146	0.0136986301369863	119	1	594	0.0016835016835016834
CUFF_NC.4189	2	13219532	13220333	-	0	0	0		27	0	101	0.0	174	2	550	0.0036363636363636364
CUFF_NC.4190	2	13220982	13222238	+	0	0	0		46	0	158	0.0	290	2	865	0.0023121387283236996
CUFF_NC.4191	2	13232922	13233527	+	0	0	0		4	0	7	0.0	7	0	8	0.0
CUFF_NC.4193	2	13260987	13262258	+	0	0	0		24	0	164	0.0	258	9	1442	0.0062413314840499305
CUFF_NC.4196	2	13263834	13264297	+	0	0	0		41	1	278	0.0035971223021582736	118	0	642	0.0
CUFF_NC.4195	2	13273568	13274466	-	0	0	0		79	1	588	0.0017006802721088435	233	5	1192	0.0041946308724832215
CUFF_NC.4192	2	13277794	13278676	-	0	0	0		53	0	174	0.0	235	3	758	0.00395778364116095
CUFF_NC.4202	2	13294508	13294875	-	0	0	0		17	1	126	0.007936507936507936	85	2	433	0.004618937644341801
CUFF_NC.4203	2	13297414	13298012	-	0	0	0		20	0	141	0.0	122	3	793	0.0037831021437578815
CUFF_NC.4197	2	13306531	13307614	+	0	0	0		35	1	241	0.004149377593360996	259	4	1210	0.003305785123966942
CUFF_NC.4199	2	13319728	13320232	+	0	0	0		45	1	396	0.0025252525252525255	118	1	766	0.0013054830287206266
CUFF_NC.4200	2	13320418	13321591	+	0	0	0		92	2	417	0.004796163069544364	267	3	1194	0.002512562814070352
CUFF_NC.4201	2	13330374	13330724	-	0	0	0		44	1	236	0.00423728813559322	66	1	281	0.0035587188612099642
CUFF_NC.4210	2	13343812	13344331	-	0	0	0		41	0	230	0.0	127	1	684	0.0014619883040935672
CUFF_NC.4204	2	13351089	13351982	-	0	0	0		39	1	239	0.0041841004184100415	192	1	1096	0.0009124087591240876
CUFF_NC.4207	2	13373170	13373800	+	0	0	0		21	0	114	0.0	136	2	618	0.003236245954692557
CUFF_NC.4209	2	13385739	13386398	+	0	0	0		38	0	129	0.0	92	0	299	0.0
CUFF_NC.4206	2	13388644	13389872	+	0	0	0		70	3	425	0.007058823529411765	301	3	1358	0.0022091310751104565
CUFF_NC.4205	2	13392056	13392847	+	0	0	0		48	2	530	0.0037735849056603774	132	1	774	0.0012919896640826874
CUFF_NC.4208	2	13395166	13395808	-	0	0	0		24	0	102	0.0	125	2	508	0.003937007874015748
CUFF_NC.4213	2	13400617	13402330	+	0	0	0		89	4	597	0.006700167504187605	406	11	2403	0.004577611319184353
CUFF_NC.4212	2	13414374	13416408	-	0	0	0		83	1	482	0.002074688796680498	513	9	2372	0.0037942664418212477
CUFF_NC.4215	2	13431414	13434804	+	0	0	0		89	117	613	0.19086460032626426	585	621	3948	0.15729483282674772
CUFF_NC.4216	2	13440845	13441967	+	0	0	0		73	0	334	0.0	257	3	1104	0.002717391304347826
CUFF_NC.4214	2	13472540	13473609	+	0	0	0		59	2	354	0.005649717514124294	268	2	1083	0.0018467220683287165
CUFF_NC.4217	2	13545484	13546186	-	0	0	0		40	0	285	0.0	157	1	875	0.001142857142857143
CUFF_NC.4222	2	13547686	13548221	+	0	0	0		24	1	123	0.008130081300813009	149	4	591	0.00676818950930626
CUFF_NC.4223	2	13549830	13550897	+	0	0	0		71	1	446	0.002242152466367713	281	1	1470	0.0006802721088435374
CUFF_NC.4218	2	13580416	13580974	-	0	0	0		24	1	161	0.006211180124223602	158	6	899	0.006674082313681869
CUFF_NC.4219	2	13612805	13613866	+	0	0	0		49	2	282	0.0070921985815602835	184	4	914	0.00437636761487965
CUFF_NC.4225	2	13624759	13625552	-	0	0	0		28	0	379	0.0	201	5	2034	0.0024582104228121925
CUFF_NC.4226	2	13627633	13628024	-	0	0	0		24	0	91	0.0	109	2	423	0.004728132387706856
CUFF_NC.4220	2	13631304	13631788	+	0	0	0		25	0	136	0.0	125	0	556	0.0
CUFF_NC.4229	2	13635244	13635622	-	0	0	0		27	0	110	0.0	67	0	238	0.0
CUFF_NC.4221	2	13641377	13642069	+	0	0	0		43	0	161	0.0	119	3	404	0.007425742574257425
CUFF_NC.4224	2	13646783	13647224	-	0	0	0		27	0	224	0.0	122	2	658	0.00303951367781155
CUFF_NC.4227	2	13647690	13648742	-	0	0	0		50	0	212	0.0	174	2	607	0.0032948929159802307
CUFF_NC.4228	2	13654913	13656251	+	0	0	0		55	8	254	0.031496062992125984	282	50	1080	0.046296296296296294
CUFF_NC.4234	2	13685966	13688001	+	0	0	0		197	3	2128	0.0014097744360902255	459	9	3626	0.002482073910645339
CUFF_NC.4232	2	13704132	13705029	-	0	0	0		42	1	172	0.005813953488372093	201	0	723	0.0
CUFF_NC.4231	2	13707641	13708220	+	0	0	0		31	0	152	0.0	126	1	667	0.0014992503748125937
CUFF_NC.4233	2	13710350	13711303	-	0	0	0		18	0	142	0.0	255	5	1466	0.0034106412005457027
CUFF_NC.4236	2	13721950	13722245	-	0	0	0		15	0	60	0.0	60	3	231	0.012987012987012988
CUFF_NC.4243	2	13730367	13732312	-	0	0	0		65	3	380	0.007894736842105263	306	3	1434	0.0020920502092050207
CUFF_NC.4235	2	13737051	13737453	+	0	0	0		3	0	94	0.0	18	1	646	0.0015479876160990713
CUFF_NC.4237	2	13752383	13753714	+	0	0	0		85	4	618	0.006472491909385114	317	4	1772	0.002257336343115124
CUFF_NC.4238	2	13776050	13777167	-	0	0	0		67	1	376	0.0026595744680851063	334	2	2050	0.000975609756097561
CUFF_NC.4239	2	13780575	13781017	-	0	0	0		29	1	164	0.006097560975609756	116	2	431	0.004640371229698376
CUFF_NC.4240	2	13782226	13782608	+	0	0	0		18	1	96	0.010416666666666666	124	2	830	0.0024096385542168677
CUFF_NC.4241	2	13783979	13784579	+	0	0	0		17	0	79	0.0	127	0	435	0.0
CUFF_NC.4244	2	13791955	13792284	-	0	0	0		11	0	102	0.0	89	1	668	0.0014970059880239522
CUFF_NC.4242	2	13798682	13800123	+	0	0	0		66	0	384	0.0	290	3	1078	0.0027829313543599257
CUFF_NC.4245	2	13807872	13808197	-	0	0	0		2	40	44	0.9090909090909091	70	626	976	0.6413934426229508
CUFF_NC.4247	2	13809110	13815967	-	0	0	0		253	5	1357	0.0036845983787767134	1574	25	7565	0.003304692663582287
CUFF_NC.4246	2	13819779	13820512	-	0	0	0		14	1	160	0.00625	158	1	1221	0.000819000819000819
CUFF_NC.4251	2	13823870	13824291	+	0	0	0		20	1	59	0.01694915254237288	69	0	171	0.0
CUFF_NC.4249	2	13825000	13825257	-	0	0	0		17	0	116	0.0	80	0	346	0.0
CUFF_NC.4250	2	13826586	13827376	-	0	0	0		41	0	237	0.0	165	2	753	0.0026560424966799467
CUFF_NC.4252	2	13827675	13828385	-	0	0	0		34	0	129	0.0	113	2	354	0.005649717514124294
CUFF_NC.4254	2	13845667	13845969	-	0	0	0		6	1	95	0.010526315789473684	52	0	255	0.0
CUFF_NC.4253	2	13860980	13862676	+	0	0	0		95	4	919	0.004352557127312296	437	5	3114	0.0016056518946692357
CUFF_NC.4256	2	13863994	13864871	+	0	0	0		29	0	127	0.0	144	1	515	0.001941747572815534
CUFF_NC.4255	2	13887831	13888254	-	0	0	0		23	0	184	0.0	101	2	685	0.00291970802919708
CUFF_NC.4257	2	13889570	13890670	-	0	0	0		63	0	320	0.0	267	5	1311	0.0038138825324180014
CUFF_NC.4261	2	13891560	13892406	-	0	0	0		49	0	381	0.0	184	3	902	0.0033259423503325942
CUFF_NC.4259	2	13909422	13910910	+	0	0	0		54	0	302	0.0	406	4	1796	0.0022271714922048997
CUFF_NC.4258	2	13911226	13911701	-	0	0	0		17	13	149	0.087248322147651	126	8	975	0.008205128205128205
CUFF_NC.4263	2	13916319	13917607	-	0	0	0		96	1	318	0.0031446540880503146	251	3	816	0.003676470588235294
CUFF_NC.4264	2	13920052	13920401	+	0	0	0		21	0	159	0.0	101	2	648	0.0030864197530864196
CUFF_NC.4260	2	13927678	13929227	+	0	0	0		102	0	380	0.0	375	4	1163	0.0034393809114359416
CUFF_NC.4265	2	13935226	13936936	+	0	0	0		167	3	822	0.0036496350364963502	444	8	2093	0.003822264691829909
CUFF_NC.4262	2	13942739	13943486	-	0	0	0		23	0	200	0.0	181	5	1212	0.004125412541254125
CUFF_NC.4266	2	13944584	13949408	+	0	0	0		178	4	949	0.004214963119072708	1056	14	4505	0.0031076581576026637
CUFF_NC.4267	2	13945646	13949918	+	0	0	0		155	5	856	0.005841121495327103	941	16	4119	0.0038844379703811605
CUFF_NC.4271	2	13954460	13954778	-	0	0	0		28	0	88	0.0	84	0	237	0.0
CUFF_NC.4268	2	13960058	13960823	-	0	0	0		48	3	661	0.0045385779122541605	182	6	1542	0.0038910505836575876
CUFF_NC.4269	2	13966463	13966990	+	0	0	0		41	0	326	0.0	124	5	654	0.00764525993883792
CUFF_NC.4274	2	13982623	13983000	-	0	0	0		33	1	204	0.004901960784313725	99	2	553	0.003616636528028933
CUFF_NC.4277	2	13995532	13996001	+	0	0	0		16	0	132	0.0	70	2	468	0.004273504273504274
CUFF_NC.4270	2	13999069	14000097	+	0	0	0		56	2	313	0.006389776357827476	239	6	1243	0.004827031375703942
CUFF_NC.4272	2	14008001	14013366	-	0	0	0		282	33	1234	0.02674230145867099	1134	26	4919	0.005285627159991868
CUFF_NC.4273	2	14012734	14013327	-	0	0	0		38	1	204	0.004901960784313725	154	3	660	0.004545454545454545
CUFF_NC.4278	2	14042702	14045648	+	0	0	0		165	1	998	0.001002004008016032	640	8	3594	0.0022259321090706734
CUFF_NC.4275	2	14046491	14047011	+	0	0	0		21	0	120	0.0	77	2	536	0.0037313432835820895
CUFF_NC.4276	2	14067906	14068669	-	0	0	0		25	0	113	0.0	210	3	1060	0.002830188679245283
CUFF_NC.4279	2	14081168	14081710	+	0	0	0		31	0	149	0.0	102	1	321	0.003115264797507788
CUFF_NC.4289	2	14098209	14099279	-	0	0	0		60	1	497	0.002012072434607646	221	0	1329	0.0
CUFF_NC.4280	2	14103497	14103906	-	0	0	0		21	1	168	0.005952380952380952	97	2	639	0.003129890453834116
CUFF_NC.4281	2	14119522	14122275	+	0	0	0		148	4	676	0.005917159763313609	634	10	2820	0.0035460992907801418
CUFF_NC.4283	2	14142322	14142885	-	0	0	0		36	3	134	0.022388059701492536	161	1	621	0.001610305958132045
CUFF_NC.4282	2	14147501	14149874	+	0	0	0		73	0	398	0.0	573	11	2940	0.0037414965986394557
CUFF_NC.4284	2	14153229	14153961	+	0	0	0		23	0	244	0.0	137	6	1104	0.005434782608695652
CUFF_NC.4296	2	14161784	14162602	-	0	0	0		44	2	360	0.005555555555555556	203	1	1108	0.0009025270758122744
CUFF_NC.4286	2	14181052	14182355	-	0	0	0		52	1	427	0.00234192037470726	283	7	1808	0.0038716814159292035
CUFF_NC.4285	2	14191469	14191872	-	0	0	0		17	1	94	0.010638297872340425	81	0	390	0.0
CUFF_NC.4287	2	14204639	14205065	+	0	0	0		17	0	41	0.0	110	0	241	0.0
CUFF_NC.4288	2	14219822	14222403	+	0	0	0		140	1	687	0.001455604075691412	572	7	2245	0.0031180400890868597
CUFF_NC.4297	2	14237235	14237539	+	0	0	0		26	0	173	0.0	95	4	503	0.007952286282306162
CUFF_NC.4298	2	14238136	14238449	+	0	0	0		12	0	77	0.0	102	1	432	0.0023148148148148147
CUFF_NC.4290	2	14264247	14265010	-	0	0	0		43	0	158	0.0	188	1	609	0.0016420361247947454
CUFF_NC.4291	2	14266194	14266659	+	0	0	0		30	0	152	0.0	119	1	456	0.0021929824561403508
CUFF_NC.4293	2	14286858	14288227	-	0	0	0		41	1	213	0.004694835680751174	295	5	1532	0.0032637075718015664
CUFF_NC.4294	2	14287048	14287597	+	0	0	0		26	1	170	0.0058823529411764705	136	5	780	0.00641025641025641
CUFF_NC.4292	2	14291106	14291526	+	0	0	0		25	0	95	0.0	76	0	315	0.0
CUFF_NC.4295	2	14301055	14302130	+	0	0	0		39	2	315	0.006349206349206349	226	5	1206	0.0041459369817578775
CUFF_NC.4299	2	14309876	14310338	+	0	0	0		26	0	74	0.0	112	0	280	0.0
CUFF_NC.4302	2	14315093	14315825	-	0	0	0		36	1	243	0.00411522633744856	156	3	864	0.003472222222222222
CUFF_NC.4303	2	14317683	14318201	-	0	0	0		54	1	154	0.006493506493506494	131	2	378	0.005291005291005291
CUFF_NC.4300	2	14324516	14325300	+	0	0	0		46	0	251	0.0	156	1	646	0.0015479876160990713
CUFF_NC.4301	2	14328288	14328645	+	0	0	0		22	2	112	0.017857142857142856	73	0	282	0.0
CUFF_NC.4304	2	14336524	14337036	-	0	0	0		25	0	123	0.0	108	0	527	0.0
CUFF_NC.4305	2	14338537	14338950	+	0	0	0		13	0	77	0.0	70	3	365	0.00821917808219178
CUFF_NC.4306	2	14366171	14366704	+	0	0	0		11	0	55	0.0	106	0	475	0.0
CUFF_NC.4309	2	14377771	14378483	+	0	0	0		36	1	175	0.005714285714285714	141	2	557	0.003590664272890485
CUFF_NC.4308	2	14385554	14386499	-	0	0	0		33	0	131	0.0	236	3	860	0.0034883720930232558
CUFF_NC.4307	2	14389457	14390448	+	0	0	0		32	0	104	0.0	186	0	684	0.0
CUFF_NC.4310	2	14414208	14414836	+	0	0	0		44	0	247	0.0	138	3	829	0.0036188178528347406
CUFF_NC.4311	2	14438161	14439429	-	0	0	0		84	1	355	0.0028169014084507044	281	2	1209	0.0016542597187758478
CUFF_NC.4316	2	14474318	14475057	+	0	0	0		49	2	277	0.007220216606498195	179	2	959	0.0020855057351407717
CUFF_NC.4312	2	14484927	14485910	-	0	0	0		65	0	292	0.0	245	3	1151	0.0026064291920069507
CUFF_NC.4313	2	14491319	14491932	-	0	0	0		23	0	284	0.0	117	4	1046	0.0038240917782026767
CUFF_NC.4314	2	14506648	14507648	-	0	0	0		50	1	326	0.003067484662576687	199	4	1146	0.0034904013961605585
CUFF_NC.4315	2	14535795	14541308	+	0	0	0		302	7	1249	0.005604483586869495	1149	9	4811	0.0018707129494907504
CUFF_NC.4318	2	14544084	14545447	+	0	0	0		94	0	367	0.0	351	5	1265	0.003952569169960474
CUFF_NC.4319	2	14546941	14547300	+	0	0	0		12	0	75	0.0	110	1	511	0.0019569471624266144
CUFF_NC.4317	2	14554757	14555640	-	0	0	0		7	22	45	0.4888888888888889	154	86	671	0.12816691505216096
CUFF_NC.4320	2	14556965	14557625	-	0	0	0		33	0	227	0.0	169	1	843	0.0011862396204033216
CUFF_NC.4321	2	14565535	14566080	+	0	0	0		18	0	109	0.0	121	1	541	0.0018484288354898336
CUFF_NC.4323	2	14567846	14568809	+	0	0	0		28	1	151	0.006622516556291391	156	2	667	0.0029985007496251873
CUFF_NC.4327	2	14576396	14578702	-	0	0	0		114	1	716	0.0013966480446927375	586	9	3240	0.002777777777777778
CUFF_NC.4326	2	14583280	14584883	+	0	0	0		79	1	602	0.0016611295681063123	380	12	2188	0.005484460694698354
CUFF_NC.4322	2	14586926	14587454	+	0	0	0		17	0	75	0.0	127	1	443	0.002257336343115124
CUFF_NC.4324	2	14590936	14592038	+	0	0	0		68	1	674	0.001483679525222552	192	2	1012	0.001976284584980237
CUFF_NC.4330	2	14620839	14621164	+	0	0	0		35	2	376	0.005319148936170213	84	2	831	0.0024067388688327317
CUFF_NC.4325	2	14650051	14650967	+	0	0	0		61	0	293	0.0	230	4	1025	0.003902439024390244
CUFF_NC.4331	2	14674874	14675469	+	0	0	0		30	0	74	0.0	115	1	355	0.0028169014084507044
CUFF_NC.4328	2	14685152	14687142	-	0	0	0		98	3	569	0.005272407732864675	390	8	1651	0.004845548152634767
CUFF_NC.4332	2	14705302	14705708	+	0	0	0		36	0	123	0.0	99	1	326	0.003067484662576687
CUFF_NC.4329	2	14710786	14711264	-	0	0	0		28	0	190	0.0	89	1	487	0.002053388090349076
CUFF_NC.4333	2	14728886	14730925	+	0	0	0		156	2	797	0.002509410288582183	457	5	2222	0.0022502250225022503
CUFF_NC.4336	2	14747063	14749601	-	0	0	0		157	3	1109	0.002705139765554554	593	10	3637	0.0027495188342040143
CUFF_NC.4335	2	14751869	14753122	+	0	0	0		92	1	431	0.002320185614849188	218	4	820	0.004878048780487805
CUFF_NC.4338	2	14771325	14772548	-	0	0	0		117	3	645	0.004651162790697674	348	4	1748	0.002288329519450801
CUFF_NC.4334	2	14780061	14780468	+	0	0	0		15	0	78	0.0	74	1	361	0.002770083102493075
CUFF_NC.4337	2	14794687	14795818	+	0	0	0		69	1	257	0.0038910505836575876	238	1	938	0.0010660980810234541
CUFF_NC.4339	2	14815918	14816804	-	0	0	0		70	2	620	0.0032258064516129032	245	4	1643	0.002434570906877663
CUFF_NC.4342	2	14827230	14827863	-	0	0	0		29	0	229	0.0	136	0	808	0.0
CUFF_NC.4340	2	14833813	14834454	-	0	0	0		52	1	222	0.0045045045045045045	145	1	462	0.0021645021645021645
CUFF_NC.4343	2	14838112	14838715	-	0	0	0		16	0	85	0.0	154	1	774	0.0012919896640826874
CUFF_NC.4341	2	14839629	14840126	-	0	0	0		17	0	107	0.0	87	3	522	0.005747126436781609
CUFF_NC.4346	2	14871259	14871968	-	0	0	0		56	0	164	0.0	188	1	553	0.0018083182640144665
CUFF_NC.4344	2	14882262	14882874	+	0	0	0		38	0	348	0.0	132	0	773	0.0
CUFF_NC.4345	2	14900858	14901328	+	0	0	0		23	1	105	0.009523809523809525	87	0	352	0.0
CUFF_NC.4347	2	14906670	14907840	-	0	0	0		33	182	303	0.6006600660066007	326	486	3022	0.16082064857710127
CUFF_NC.4348	2	14906742	14907716	+	0	0	0		29	182	279	0.6523297491039427	278	483	2882	0.16759195003469812
CUFF_NC.4349	2	14908820	14909246	+	0	0	0		35	3	248	0.012096774193548387	78	1	562	0.0017793594306049821
CUFF_NC.4356	2	14914126	14915617	-	0	0	0		115	0	593	0.0	354	5	1506	0.0033200531208499337
CUFF_NC.4350	2	14927490	14928337	-	0	0	0		22	1	534	0.0018726591760299626	41	3	962	0.0031185031185031187
CUFF_NC.4352	2	14929974	14930372	-	0	0	0		30	1	177	0.005649717514124294	97	0	511	0.0
CUFF_NC.4353	2	14945186	14945568	+	0	0	0		22	0	182	0.0	70	0	401	0.0
CUFF_NC.4354	2	14950862	14951513	+	0	0	0		10	0	154	0.0	124	4	1140	0.0035087719298245615
CUFF_NC.4355	2	14956636	14957217	+	0	0	0		22	0	134	0.0	116	2	665	0.0030075187969924814
CUFF_NC.4357	2	15005183	15005614	-	0	0	0		26	0	163	0.0	48	1	296	0.0033783783783783786
CUFF_NC.4358	2	15009256	15009718	-	0	0	0		19	1	142	0.007042253521126761	99	3	675	0.0044444444444444444
CUFF_NC.4359	2	15013296	15014414	+	0	0	0		57	2	291	0.006872852233676976	243	0	958	0.0
CUFF_NC.4364	2	15023486	15026843	+	0	0	0		257	3	1257	0.002386634844868735	842	9	4138	0.0021749637506041568
CUFF_NC.4361	2	15031727	15032550	-	0	0	0		48	2	269	0.007434944237918215	200	1	870	0.0011494252873563218
CUFF_NC.4360	2	15034339	15034724	+	0	0	0		10	0	20	0.0	83	0	151	0.0
CUFF_NC.4363	2	15044417	15045234	-	0	0	0		37	2	249	0.008032128514056224	175	1	894	0.0011185682326621924
CUFF_NC.4367	2	15049191	15052027	-	0	0	0		131	9	639	0.014084507042253521	727	15	3282	0.004570383912248629
CUFF_NC.4368	2	15049569	15053012	-	0	0	0		153	10	740	0.013513513513513514	857	16	4012	0.003988035892323031
CUFF_NC.4369	2	15054693	15055342	-	0	0	0		51	0	199	0.0	183	1	646	0.0015479876160990713
CUFF_NC.4370	2	15056359	15057183	-	0	0	0		28	0	249	0.0	208	3	1239	0.002421307506053269
CUFF_NC.4362	2	15059336	15061100	-	0	0	0		110	1	497	0.002012072434607646	368	6	1724	0.0034802784222737818
CUFF_NC.4371	2	15063036	15063697	+	0	0	0		39	0	264	0.0	169	5	929	0.005382131324004306
CUFF_NC.4372	2	15065087	15065874	+	0	0	0		28	2	243	0.00823045267489712	161	3	1186	0.002529510961214165
CUFF_NC.4366	2	15069998	15070572	+	0	0	0		36	0	161	0.0	167	1	698	0.0014326647564469914
CUFF_NC.4373	2	15072872	15074086	+	0	0	0		31	1	213	0.004694835680751174	192	1	992	0.0010080645161290322
CUFF_NC.4374	2	15116986	15118372	-	0	0	0		53	0	410	0.0	284	3	1474	0.0020352781546811396
CUFF_NC.4376	2	15142676	15143153	+	0	0	0		19	0	104	0.0	115	3	636	0.0047169811320754715
CUFF_NC.4378	2	15150640	15151561	+	0	0	0		42	0	135	0.0	209	7	1148	0.006097560975609756
CUFF_NC.4377	2	15165454	15165918	-	0	0	0		27	1	81	0.012345679012345678	124	0	350	0.0
CUFF_NC.4375	2	15173782	15174195	+	0	0	0		7	68	130	0.5230769230769231	88	63	798	0.07894736842105263
CUFF_NC.4381	2	15203833	15204731	+	0	0	0		42	0	146	0.0	203	3	654	0.0045871559633027525
CUFF_NC.4382	2	15208716	15210960	+	0	0	0		123	1	697	0.0014347202295552368	644	4	2985	0.001340033500837521
CUFF_NC.4379	2	15217982	15219415	-	0	0	0		32	0	264	0.0	270	3	1802	0.001664816870144284
CUFF_NC.4380	2	15229061	15230097	-	0	0	0		64	1	676	0.0014792899408284023	161	5	1414	0.003536067892503536
CUFF_NC.4386	2	15234406	15235267	-	0	0	0		59	1	259	0.003861003861003861	240	6	978	0.006134969325153374
CUFF_NC.4388	2	15236536	15237607	-	0	0	0		23	0	182	0.0	201	4	1357	0.0029476787030213707
CUFF_NC.4383	2	15254115	15254626	-	0	0	0		12	0	86	0.0	105	2	585	0.003418803418803419
CUFF_NC.4389	2	15261345	15263820	-	0	0	0		142	1	687	0.001455604075691412	630	13	2645	0.004914933837429111
CUFF_NC.4385	2	15278806	15280421	-	0	0	0		85	3	515	0.005825242718446602	383	4	1920	0.0020833333333333333
CUFF_NC.4387	2	15286258	15287183	-	0	0	0		71	1	324	0.0030864197530864196	235	2	975	0.0020512820512820513
CUFF_NC.4384	2	15296815	15297520	+	0	0	0		54	0	206	0.0	142	2	555	0.0036036036036036037
CUFF_NC.4391	2	15313132	15313797	+	0	0	0		47	2	403	0.004962779156327543	198	3	1293	0.002320185614849188
CUFF_NC.4390	2	15325656	15326068	-	0	0	0		9	0	39	0.0	101	2	400	0.005
CUFF_NC.4394	2	15335442	15337861	-	0	0	0		148	0	758	0.0	456	10	1810	0.0055248618784530384
CUFF_NC.4392	2	15338241	15338825	+	0	0	0		15	0	108	0.0	99	1	557	0.0017953321364452424
CUFF_NC.4393	2	15346172	15346481	-	0	0	0		8	1	36	0.027777777777777776	40	0	204	0.0
CUFF_NC.4395	2	15355514	15355956	-	0	0	0		16	0	56	0.0	124	2	548	0.0036496350364963502
CUFF_NC.4396	2	15387446	15388369	-	0	0	0		48	5	348	0.014367816091954023	220	0	1157	0.0
CUFF_NC.4397	2	15401326	15403593	-	0	0	0		70	25	262	0.09541984732824428	499	194	2210	0.08778280542986425
CUFF_NC.4403	2	15406538	15407287	+	0	0	0		45	0	180	0.0	174	1	642	0.001557632398753894
CUFF_NC.4398	2	15411177	15414496	+	0	0	0		133	4	776	0.005154639175257732	767	13	3826	0.003397804495556717
CUFF_NC.4421	2	15415232	15425330	+	0	0	0		420	4	2486	0.0016090104585679806	2393	42	12491	0.003362420943079017
CUFF_NC.4422	2	15416105	15416627	+	0	0	0		36	0	203	0.0	143	1	785	0.0012738853503184713
CUFF_NC.4399	2	15440596	15441323	-	0	0	0		45	1	325	0.003076923076923077	168	6	1238	0.004846526655896607
CUFF_NC.4400	2	15478500	15479065	-	0	0	0		25	23	155	0.14838709677419354	136	66	775	0.08516129032258064
CUFF_NC.4401	2	15478587	15479018	+	0	0	0		22	23	136	0.16911764705882354	109	57	651	0.08755760368663594
CUFF_NC.4402	2	15479915	15480385	+	0	0	0		34	0	99	0.0	130	0	325	0.0
CUFF_NC.4404	2	15488130	15488547	+	0	0	0		12	0	90	0.0	96	2	679	0.0029455081001472753
CUFF_NC.4405	2	15510420	15511363	+	0	0	0		55	0	266	0.0	253	0	1175	0.0
CUFF_NC.4406	2	15514888	15516868	-	0	0	0		130	5	891	0.005611672278338945	388	4	2174	0.0018399264029438822
CUFF_NC.4407	2	15528226	15528581	-	0	0	0		15	1	109	0.009174311926605505	82	3	503	0.005964214711729622
CUFF_NC.4409	2	15528796	15530641	-	0	0	0		90	1	366	0.00273224043715847	466	7	2064	0.003391472868217054
CUFF_NC.4410	2	15548269	15548758	-	0	0	0		32	0	179	0.0	117	1	659	0.0015174506828528073
CUFF_NC.4411	2	15550255	15550586	-	0	0	0		10	0	55	0.0	106	3	522	0.005747126436781609
CUFF_NC.4412	2	15551757	15553478	-	0	0	0		86	0	427	0.0	430	5	1920	0.0026041666666666665
CUFF_NC.4408	2	15555651	15556068	+	0	0	0		19	0	97	0.0	65	1	269	0.0037174721189591076
CUFF_NC.4415	2	15581515	15583050	+	0	0	0		122	0	1324	0.0	324	6	2588	0.00231839258114374
CUFF_NC.4413	2	15588491	15589323	+	0	0	0		22	0	143	0.0	229	2	1255	0.0015936254980079682
CUFF_NC.4414	2	15590751	15592320	-	0	0	0		104	0	514	0.0	385	9	2262	0.003978779840848806
CUFF_NC.4416	2	15636944	15639948	+	0	0	0		182	2	1169	0.001710863986313088	777	16	4140	0.003864734299516908
CUFF_NC.4418	2	15662764	15663712	+	0	0	0		50	1	326	0.003067484662576687	256	5	1486	0.0033647375504710633
CUFF_NC.4417	2	15666404	15666989	+	0	0	0		34	2	191	0.010471204188481676	100	1	515	0.001941747572815534
CUFF_NC.4420	2	15668974	15669999	-	0	0	0		85	0	406	0.0	239	5	958	0.005219206680584551
CUFF_NC.4419	2	15673555	15676148	+	0	0	0		155	4	831	0.0048134777376654635	672	10	2972	0.0033647375504710633
CUFF_NC.4423	2	15682545	15683095	-	0	0	0		28	0	179	0.0	142	0	554	0.0
CUFF_NC.4424	2	15697852	15698881	+	0	0	0		65	0	259	0.0	239	4	853	0.004689331770222743
CUFF_NC.4425	2	15703663	15704268	-	0	0	0		46	1	220	0.004545454545454545	176	3	772	0.0038860103626943004
CUFF_NC.4426	2	15736547	15737355	-	0	0	0		61	1	382	0.002617801047120419	171	3	844	0.0035545023696682463
CUFF_NC.4439	2	15749003	15749600	+	0	0	0		31	1	180	0.005555555555555556	161	0	773	0.0
CUFF_NC.4429	2	15750797	15751487	-	0	0	0		40	0	219	0.0	149	2	737	0.0027137042062415195
CUFF_NC.4430	2	15753615	15754122	+	0	0	0		29	2	147	0.013605442176870748	122	0	393	0.0
CUFF_NC.4427	2	15755356	15756036	+	0	0	0		52	0	255	0.0	181	0	765	0.0
CUFF_NC.4428	2	15756615	15758279	+	0	0	0		109	1	565	0.0017699115044247787	332	4	1536	0.0026041666666666665
CUFF_NC.4431	2	15761502	15763582	+	0	0	0		115	5	729	0.006858710562414266	528	6	2403	0.0024968789013732834
CUFF_NC.4432	2	15764409	15765551	-	0	0	0		49	0	265	0.0	127	2	542	0.0036900369003690036
CUFF_NC.4433	2	15775825	15776230	-	0	0	0		7	0	71	0.0	65	0	415	0.0
CUFF_NC.4434	2	15776834	15777677	+	0	0	0		19	0	185	0.0	117	1	599	0.001669449081803005
CUFF_NC.4440	2	15781753	15783242	+	0	0	0		94	3	780	0.0038461538461538464	235	4	1543	0.002592352559948153
CUFF_NC.4435	2	15789138	15789641	+	0	0	0		40	1	283	0.0035335689045936395	120	2	778	0.002570694087403599
CUFF_NC.4438	2	15792688	15793586	-	0	0	0		52	1	491	0.002036659877800407	119	3	1014	0.0029585798816568047
CUFF_NC.4436	2	15799044	15799852	+	0	0	0		22	0	239	0.0	124	1	917	0.0010905125408942203
CUFF_NC.4437	2	15800225	15800946	+	0	0	0		29	0	124	0.0	171	1	582	0.001718213058419244
CUFF_NC.4441	2	15837426	15837833	+	0	0	0		26	1	105	0.009523809523809525	59	2	206	0.009708737864077669
CUFF_NC.4466	2	15855318	15855630	-	0	0	0		24	0	183	0.0	71	2	565	0.0035398230088495575
CUFF_NC.4443	2	15873787	15874757	-	0	0	0		69	0	349	0.0	246	3	1016	0.002952755905511811
CUFF_NC.4445	2	15881418	15883038	+	0	0	0		76	75	503	0.14910536779324055	331	26	1637	0.01588271227855834
CUFF_NC.4446	2	15883212	15883853	+	0	0	0		27	3	206	0.014563106796116505	161	14	1130	0.012389380530973451
CUFF_NC.4444	2	15887559	15888104	+	0	0	0		40	2	163	0.012269938650306749	159	3	596	0.0050335570469798654
CUFF_NC.4447	2	15896860	15897782	+	0	0	0		41	2	187	0.0106951871657754	147	1	591	0.001692047377326565
CUFF_NC.4452	2	15921729	15922477	+	0	0	0		28	0	225	0.0	115	1	548	0.0018248175182481751
CUFF_NC.4453	2	15925112	15926235	+	0	0	0		57	2	333	0.006006006006006006	247	7	1321	0.005299015897047691
CUFF_NC.4448	2	15928404	15928937	-	0	0	0		24	0	194	0.0	42	1	357	0.0028011204481792717
CUFF_NC.4450	2	15945012	15946940	-	0	0	0		98	0	600	0.0	374	4	2097	0.0019074868860276585
CUFF_NC.4451	2	15952636	15953642	+	0	0	0		78	0	421	0.0	237	4	1346	0.0029717682020802376
CUFF_NC.4449	2	15967430	15968192	+	0	0	0		26	0	128	0.0	176	2	819	0.002442002442002442
CUFF_NC.4455	2	15972959	15973649	-	0	0	0		49	0	517	0.0	139	4	1149	0.0034812880765883376
CUFF_NC.4456	2	15988357	15988693	+	0	0	0		13	0	115	0.0	66	1	474	0.002109704641350211
CUFF_NC.4459	2	15992771	15993266	+	0	0	0		37	0	207	0.0	110	2	531	0.003766478342749529
CUFF_NC.4454	2	15993763	15994553	-	0	0	0		18	0	55	0.0	136	3	531	0.005649717514124294
CUFF_NC.4458	2	15998129	15998970	-	0	0	0		65	2	300	0.006666666666666667	232	3	1003	0.0029910269192422734
CUFF_NC.4457	2	15999822	16000263	-	0	0	0		23	1	285	0.0035087719298245615	96	3	691	0.004341534008683068
CUFF_NC.4463	2	16003598	16008251	-	0	0	0		105	652	885	0.7367231638418079	468	1243	4435	0.2802705749718151
CUFF_NC.4462	2	16014125	16014921	+	0	0	0		35	0	241	0.0	190	4	1027	0.0038948393378773127
CUFF_NC.4461	2	16041666	16042091	+	0	0	0		24	0	106	0.0	103	3	455	0.006593406593406593
CUFF_NC.4460	2	16049899	16051072	-	0	0	0		57	0	264	0.0	226	4	900	0.0044444444444444444
CUFF_NC.4464	2	16052330	16052941	+	0	0	0		19	1	109	0.009174311926605505	143	4	767	0.005215123859191656
CUFF_NC.4470	2	16064416	16065171	-	0	0	0		59	1	255	0.00392156862745098	170	2	600	0.0033333333333333335
CUFF_NC.4471	2	16069690	16070645	+	0	0	0		60	0	375	0.0	136	2	613	0.0032626427406199023
CUFF_NC.4468	2	16077810	16081524	-	0	0	0		132	0	771	0.0	715	8	3799	0.0021058173203474598
CUFF_NC.4469	2	16083702	16084918	-	0	0	0		86	2	329	0.0060790273556231	262	6	865	0.006936416184971098
CUFF_NC.4467	2	16088607	16088898	+	0	0	0		28	0	151	0.0	108	0	457	0.0
CUFF_NC.4477	2	16104571	16105018	-	0	0	0		30	0	131	0.0	106	0	580	0.0
CUFF_NC.4474	2	16109495	16110623	-	0	0	0		80	1	329	0.00303951367781155	274	6	1166	0.005145797598627788
CUFF_NC.4472	2	16113919	16115619	+	0	0	0		105	2	499	0.004008016032064128	357	4	1544	0.0025906735751295338
CUFF_NC.4473	2	16118491	16119065	+	0	0	0		30	0	204	0.0	57	0	372	0.0
CUFF_NC.4475	2	16128297	16134224	-	0	0	0		262	6	1343	0.004467609828741623	1343	19	6830	0.0027818448023426063
CUFF_NC.4476	2	16132666	16133102	-	0	0	0		20	1	191	0.005235602094240838	122	0	785	0.0
CUFF_NC.4478	2	16157606	16158809	+	0	0	0		31	1	147	0.006802721088435374	285	2	1278	0.001564945226917058
CUFF_NC.4484	2	16165191	16165860	+	0	0	0		27	1	200	0.005	140	4	465	0.008602150537634409
CUFF_NC.4481	2	16198064	16198959	+	0	0	0		33	1	344	0.0029069767441860465	200	6	1276	0.004702194357366771
CUFF_NC.4482	2	16223961	16226787	-	0	0	0		128	3	742	0.004043126684636119	672	11	3458	0.0031810294968189707
CUFF_NC.4483	2	16233912	16235649	+	0	0	0		96	0	520	0.0	402	14	1840	0.007608695652173913
CUFF_NC.4486	2	16238320	16238911	-	0	0	0		31	0	190	0.0	96	0	503	0.0
CUFF_NC.4490	2	16264513	16265129	-	0	0	0		54	2	353	0.0056657223796034	161	3	947	0.0031678986272439284
CUFF_NC.4485	2	16279656	16280349	-	0	0	0		35	151	428	0.352803738317757	169	383	2113	0.1812588736393753
CUFF_NC.4489	2	16283108	16283933	-	0	0	0		18	1	158	0.006329113924050633	81	2	567	0.003527336860670194
CUFF_NC.4488	2	16285595	16286171	+	0	0	0		11	0	17	0.0	44	1	62	0.016129032258064516
CUFF_NC.4487	2	16295340	16296290	-	0	0	0		48	0	278	0.0	171	5	661	0.007564296520423601
CUFF_NC.4513	2	16312665	16313270	+	0	0	0		28	1	231	0.004329004329004329	130	7	888	0.007882882882882882
CUFF_NC.4512	2	16322094	16322498	-	0	0	0		19	0	288	0.0	61	3	569	0.005272407732864675
CUFF_NC.4495	2	16339186	16340091	-	0	0	0		13	0	100	0.0	213	4	1269	0.0031520882584712374
CUFF_NC.4491	2	16344949	16345403	+	0	0	0		43	0	169	0.0	118	1	386	0.0025906735751295338
CUFF_NC.4496	2	16366422	16368334	+	0	0	0		74	1	399	0.002506265664160401	493	8	2066	0.003872216844143272
CUFF_NC.4494	2	16372443	16372994	+	0	0	0		10	1	88	0.011363636363636364	131	2	650	0.003076923076923077
CUFF_NC.4493	2	16373121	16373525	-	0	0	0		0	0	0		11	0	11	0.0
CUFF_NC.4497	2	16375412	16376582	+	0	0	0		93	1	478	0.0020920502092050207	254	5	931	0.0053705692803437165
CUFF_NC.4505	2	16392109	16393272	+	0	0	0		75	2	859	0.002328288707799767	284	3	2219	0.0013519603424966202
CUFF_NC.4498	2	16413179	16413952	+	0	0	0		44	2	369	0.005420054200542005	148	2	1059	0.0018885741265344666
CUFF_NC.4499	2	16414612	16420578	+	0	0	0		197	56	1052	0.053231939163498096	1276	178	5910	0.03011844331641286
CUFF_NC.4500	2	16415340	16421598	+	0	0	0		215	56	1177	0.0475785896346644	1330	181	6342	0.028539892778303374
CUFF_NC.4501	2	16454435	16454785	-	0	0	0		8	0	75	0.0	44	0	266	0.0
CUFF_NC.4502	2	16463448	16464373	-	0	0	0		88	1	371	0.0026954177897574125	235	2	789	0.0025348542458808617
CUFF_NC.4503	2	16468106	16468406	+	0	0	0		20	2	130	0.015384615384615385	84	1	491	0.002036659877800407
CUFF_NC.4504	2	16498247	16498938	+	0	0	0		27	0	162	0.0	167	4	1084	0.0036900369003690036
CUFF_NC.4506	2	16520911	16521591	+	0	0	0		50	1	359	0.002785515320334262	148	5	772	0.006476683937823834
CUFF_NC.4511	2	16537287	16538304	-	0	0	0		41	89	302	0.2947019867549669	236	530	1618	0.32756489493201485
CUFF_NC.4507	2	16539382	16540488	-	0	0	0		40	8	215	0.037209302325581395	292	58	1544	0.03756476683937824
CUFF_NC.4509	2	16544104	16544971	+	0	0	0		44	1	253	0.003952569169960474	207	6	973	0.006166495375128468
CUFF_NC.4510	2	16556716	16557308	-	0	0	0		23	0	145	0.0	121	1	505	0.0019801980198019802
CUFF_NC.4508	2	16561927	16563426	+	0	0	0		98	1	574	0.0017421602787456446	269	2	1166	0.0017152658662092624
CUFF_NC.4517	2	16567274	16569080	+	0	0	0		122	2	750	0.0026666666666666666	302	1	1549	0.0006455777921239509
CUFF_NC.4518	2	16579789	16580710	+	0	0	0		70	1	431	0.002320185614849188	221	4	1274	0.0031397174254317113
CUFF_NC.4519	2	16581532	16582485	+	0	0	0		48	2	398	0.005025125628140704	143	1	670	0.0014925373134328358
CUFF_NC.4514	2	16590040	16590886	-	0	0	0		51	0	213	0.0	255	1	954	0.0010482180293501049
CUFF_NC.4516	2	16609855	16610733	+	0	0	0		50	2	333	0.006006006006006006	189	5	1208	0.0041390728476821195
CUFF_NC.4515	2	16625850	16626500	-	0	0	0		7	25	47	0.5319148936170213	45	90	213	0.4225352112676056
CUFF_NC.4522	2	16643557	16645757	-	0	0	0		121	0	615	0.0	432	10	2204	0.004537205081669692
CUFF_NC.4521	2	16647771	16648725	+	0	0	0		63	2	276	0.007246376811594203	198	2	665	0.0030075187969924814
CUFF_NC.4520	2	16649962	16650369	-	0	0	0		21	0	90	0.0	93	0	326	0.0
CUFF_NC.4527	2	16653288	16653769	+	0	0	0		9	0	31	0.0	80	2	278	0.007194244604316547
CUFF_NC.4526	2	16655644	16656116	-	0	0	0		9	0	32	0.0	48	1	137	0.0072992700729927005
CUFF_NC.4523	2	16658719	16659213	-	0	0	0		28	0	215	0.0	86	0	652	0.0
CUFF_NC.4524	2	16659884	16660310	-	0	0	0		44	1	193	0.0051813471502590676	91	0	437	0.0
CUFF_NC.4529	2	16677015	16677599	+	0	0	0		39	1	265	0.0037735849056603774	111	0	554	0.0
CUFF_NC.4525	2	16697398	16697804	-	0	0	0		22	1	207	0.004830917874396135	62	2	395	0.005063291139240506
CUFF_NC.4528	2	16721238	16722125	-	0	0	0		127	1	946	0.0010570824524312897	233	0	1335	0.0
CUFF_NC.4530	2	16735981	16736775	+	0	0	0		27	0	185	0.0	195	3	1226	0.0024469820554649264
CUFF_NC.4533	2	16742887	16743849	-	0	0	0		52	1	366	0.00273224043715847	176	4	964	0.004149377593360996
CUFF_NC.4534	2	16746435	16748298	-	0	0	0		71	3	311	0.00964630225080386	419	6	2127	0.0028208744710860366
CUFF_NC.4531	2	16750550	16751315	-	0	0	0		27	0	170	0.0	200	4	1053	0.003798670465337132
CUFF_NC.4532	2	16764402	16764688	+	0	0	0		12	2	208	0.009615384615384616	67	2	786	0.002544529262086514
CUFF_NC.4539	2	16775342	16775855	-	0	0	0		19	0	219	0.0	130	1	1045	0.0009569377990430622
CUFF_NC.4535	2	16790939	16791339	-	0	0	0		27	0	244	0.0	82	3	624	0.004807692307692308
CUFF_NC.4536	2	16797775	16798676	-	0	0	0		17	10	198	0.050505050505050504	222	297	2094	0.14183381088825214
CUFF_NC.4538	2	16803310	16804652	+	0	0	0		99	0	343	0.0	257	0	785	0.0
CUFF_NC.4537	2	16810758	16812385	-	0	0	0		60	2	456	0.0043859649122807015	280	4	1778	0.0022497187851518562
CUFF_NC.4540	2	16814120	16815056	-	0	0	0		47	0	235	0.0	237	3	1002	0.0029940119760479044
CUFF_NC.4541	2	16844928	16846127	+	0	0	0		58	2	166	0.012048192771084338	243	4	964	0.004149377593360996
CUFF_NC.4542	2	16864536	16865539	+	0	0	0		46	0	230	0.0	155	2	578	0.0034602076124567475
CUFF_NC.4543	2	16868202	16868911	-	0	0	0		18	0	83	0.0	171	1	706	0.00141643059490085
CUFF_NC.4546	2	16876123	16877110	-	0	0	0		4	1	6	0.16666666666666666	79	43	186	0.23118279569892472
CUFF_NC.4547	2	16880158	16880487	+	0	0	0		17	0	189	0.0	89	0	666	0.0
CUFF_NC.4548	2	16897210	16897705	-	0	0	0		18	0	68	0.0	66	0	178	0.0
CUFF_NC.4549	2	16900545	16901225	-	0	0	0		22	1	107	0.009345794392523364	140	0	624	0.0
CUFF_NC.4545	2	16902321	16904042	+	0	0	0		73	0	384	0.0	448	2	2170	0.0009216589861751152
CUFF_NC.4544	2	16906956	16907929	+	0	0	0		29	2	299	0.006688963210702341	191	1	1244	0.0008038585209003215
CUFF_NC.4555	2	16925150	16925958	-	0	0	0		54	0	230	0.0	205	4	837	0.0047789725209080045
CUFF_NC.4561	2	16930876	16931489	-	0	0	0		21	0	105	0.0	148	3	758	0.00395778364116095
CUFF_NC.4562	2	16933843	16934567	-	0	0	0		59	0	271	0.0	160	0	585	0.0
CUFF_NC.4550	2	16939098	16939787	+	0	0	0		29	0	113	0.0	153	1	483	0.002070393374741201
CUFF_NC.4551	2	16949856	16950820	+	0	0	0		32	0	101	0.0	213	4	807	0.004956629491945477
CUFF_NC.4552	2	16956149	16957374	+	0	0	0		66	2	161	0.012422360248447204	289	1	1153	0.0008673026886383347
CUFF_NC.4553	2	16963368	16964084	+	0	0	0		51	2	466	0.004291845493562232	151	4	900	0.0044444444444444444
CUFF_NC.4554	2	16968569	16968902	-	0	0	0		21	1	187	0.0053475935828877	94	1	728	0.0013736263736263737
CUFF_NC.4556	2	16970542	16971960	-	0	0	0		54	0	332	0.0	342	7	1581	0.004427577482605946
CUFF_NC.4559	2	16974013	16974302	-	0	0	0		26	0	54	0.0	70	0	126	0.0
CUFF_NC.4560	2	16979153	16980603	-	0	0	0		45	1	299	0.0033444816053511705	399	9	2408	0.003737541528239203
CUFF_NC.4558	2	16981891	16982552	+	0	0	0		22	0	303	0.0	126	1	1253	0.0007980845969672786
CUFF_NC.4557	2	16996735	16997695	-	0	0	0		60	1	327	0.0030581039755351682	211	1	1013	0.0009871668311944718
CUFF_NC.4565	2	17040061	17041968	+	0	0	0		39	0	212	0.0	381	12	1781	0.00673778775968557
CUFF_NC.4573	2	17050352	17050768	-	0	0	0		32	0	86	0.0	105	0	272	0.0
CUFF_NC.4572	2	17053855	17054153	+	0	0	0		29	0	207	0.0	69	1	390	0.002564102564102564
CUFF_NC.4564	2	17059543	17060836	+	0	0	0		54	1	241	0.004149377593360996	221	2	1002	0.001996007984031936
CUFF_NC.4566	2	17077899	17078333	+	0	0	0		31	1	174	0.005747126436781609	112	2	661	0.0030257186081694403
CUFF_NC.4567	2	17092568	17095748	-	0	0	0		18	6	89	0.06741573033707865	101	1	388	0.002577319587628866
CUFF_NC.4570	2	17102164	17102640	-	0	0	0		33	1	182	0.005494505494505495	110	1	640	0.0015625
CUFF_NC.4569	2	17105082	17105489	+	0	0	0		32	1	203	0.0049261083743842365	116	2	719	0.0027816411682892906
CUFF_NC.4571	2	17113701	17115099	+	0	0	0		91	2	591	0.00338409475465313	271	2	1388	0.001440922190201729
CUFF_NC.4577	2	17120141	17120931	-	0	0	0		61	0	302	0.0	218	3	943	0.003181336161187699
CUFF_NC.4598	2	17127021	17127816	-	0	0	0		61	2	376	0.005319148936170213	171	3	903	0.0033222591362126247
CUFF_NC.4574	2	17133563	17135152	-	0	0	0		112	2	659	0.0030349013657056147	374	2	1809	0.001105583195135434
CUFF_NC.4575	2	17144180	17144683	-	0	0	0		38	0	164	0.0	137	2	599	0.00333889816360601
CUFF_NC.4576	2	17164790	17166229	-	0	0	0		54	1	265	0.0037735849056603774	287	7	1349	0.005189028910303929
CUFF_NC.4578	2	17172422	17173182	-	0	0	0		34	1	221	0.004524886877828055	183	2	1171	0.0017079419299743809
CUFF_NC.4580	2	17188139	17188496	-	0	0	0		25	0	92	0.0	101	1	363	0.0027548209366391185
CUFF_NC.4582	2	17212518	17213300	+	0	0	0		32	0	104	0.0	163	1	590	0.001694915254237288
CUFF_NC.4581	2	17215415	17215976	+	0	0	0		19	0	72	0.0	112	2	453	0.004415011037527594
CUFF_NC.4579	2	17219413	17219791	+	0	0	0		15	0	43	0.0	82	0	358	0.0
CUFF_NC.4584	2	17223146	17223897	-	0	0	0		47	19	330	0.05757575757575758	185	15	1202	0.012479201331114808
CUFF_NC.4583	2	17251902	17253009	-	0	0	0		60	0	367	0.0	231	2	991	0.0020181634712411706
CUFF_NC.4585	2	17260634	17261448	-	0	0	0		24	0	147	0.0	196	6	1281	0.00468384074941452
CUFF_NC.4586	2	17262042	17262845	+	0	0	0		44	0	290	0.0	129	1	661	0.0015128593040847202
CUFF_NC.4587	2	17267503	17267980	+	0	0	0		28	0	112	0.0	105	1	666	0.0015015015015015015
CUFF_NC.4589	2	17271557	17272580	-	0	0	0		72	1	332	0.0030120481927710845	243	2	1150	0.0017391304347826088
CUFF_NC.4588	2	17282053	17282697	+	0	0	0		31	0	243	0.0	156	4	1053	0.003798670465337132
CUFF_NC.4590	2	17288830	17289345	-	0	0	0		36	6	136	0.04411764705882353	119	1	401	0.0024937655860349127
CUFF_NC.4594	2	17329367	17329998	+	0	0	0		51	1	506	0.001976284584980237	148	4	1270	0.0031496062992125984
CUFF_NC.4592	2	17336842	17337504	+	0	0	0		34	1	131	0.007633587786259542	128	3	459	0.006535947712418301
CUFF_NC.4591	2	17337558	17338046	-	0	0	0		28	423	546	0.7747252747252747	138	1000	2609	0.3832886163280951
CUFF_NC.4593	2	17359641	17359954	+	0	0	0		8	0	22	0.0	65	0	223	0.0
CUFF_NC.4596	2	17362656	17363718	-	0	0	0		51	111	263	0.4220532319391635	247	411	1245	0.3301204819277108
CUFF_NC.4595	2	17366963	17368988	-	0	0	0		85	1	525	0.0019047619047619048	391	3	1936	0.0015495867768595042
CUFF_NC.4597	2	17409280	17410219	-	0	0	0		41	1	226	0.004424778761061947	212	2	1209	0.0016542597187758478
CUFF_NC.4600	2	17410911	17411903	+	0	0	0		79	1	423	0.002364066193853428	241	3	1111	0.0027002700270027003
CUFF_NC.4599	2	17417943	17418750	+	0	0	0		46	390	458	0.851528384279476	210	740	2079	0.35594035594035595
CUFF_NC.4601	2	17428103	17428509	-	0	0	0		22	0	57	0.0	54	1	124	0.008064516129032258
CUFF_NC.4603	2	17437742	17438313	+	0	0	0		19	1	154	0.006493506493506494	142	5	681	0.007342143906020558
CUFF_NC.4602	2	17439527	17440238	+	0	0	0		37	0	237	0.0	104	0	492	0.0
CUFF_NC.4610	2	17446876	17448334	-	0	0	0		89	0	497	0.0	367	3	2021	0.0014844136566056407
CUFF_NC.4609	2	17450370	17451225	+	0	0	0		76	2	388	0.005154639175257732	215	0	951	0.0
CUFF_NC.4604	2	17457968	17458742	+	0	0	0		46	1	193	0.0051813471502590676	233	1	744	0.0013440860215053765
CUFF_NC.4608	2	17477995	17481057	+	0	0	0		204	6	1546	0.0038809831824062097	711	6	4302	0.001394700139470014
CUFF_NC.4607	2	17492732	17493744	-	0	0	0		78	0	409	0.0	210	2	1140	0.0017543859649122807
CUFF_NC.4606	2	17494267	17496075	-	0	0	0		88	0	495	0.0	432	5	2627	0.001903311762466692
CUFF_NC.4611	2	17522207	17522701	+	0	0	0		36	0	216	0.0	89	1	695	0.0014388489208633094
CUFF_NC.4612	2	17527491	17528251	-	0	0	0		41	0	124	0.0	141	0	360	0.0
CUFF_NC.4613	2	17532092	17532587	+	0	0	0		21	1	98	0.01020408163265306	122	1	453	0.002207505518763797
CUFF_NC.4617	2	17532917	17534009	+	0	0	0		83	0	548	0.0	288	5	1466	0.0034106412005457027
CUFF_NC.4614	2	17539216	17539972	+	0	0	0		65	3	424	0.007075471698113208	209	7	1253	0.00558659217877095
CUFF_NC.4616	2	17543136	17545379	-	0	0	0		83	1	423	0.002364066193853428	457	8	2296	0.003484320557491289
CUFF_NC.4618	2	17548294	17548701	-	0	0	0		35	0	178	0.0	117	2	506	0.003952569169960474
CUFF_NC.4615	2	17555314	17556386	+	0	0	0		35	1	122	0.00819672131147541	181	3	998	0.003006012024048096
CUFF_NC.4621	2	17582705	17583125	-	0	0	0		22	0	184	0.0	116	2	653	0.0030627871362940277
CUFF_NC.4619	2	17587250	17587950	-	0	0	0		54	0	241	0.0	167	0	551	0.0
CUFF_NC.4620	2	17591247	17591880	-	0	0	0		52	0	346	0.0	159	1	787	0.0012706480304955528
CUFF_NC.4622	2	17591961	17592581	-	0	0	0		50	2	283	0.007067137809187279	165	2	845	0.002366863905325444
CUFF_NC.4623	2	17595170	17595949	+	0	0	0		57	4	334	0.011976047904191617	187	2	996	0.002008032128514056
CUFF_NC.4627	2	17609419	17610001	-	0	0	0		33	0	99	0.0	161	1	501	0.001996007984031936
CUFF_NC.4626	2	17612725	17613406	+	0	0	0		49	0	215	0.0	140	3	748	0.004010695187165776
CUFF_NC.4624	2	17618158	17619673	+	0	0	0		117	3	636	0.0047169811320754715	366	2	1544	0.0012953367875647669
CUFF_NC.4625	2	17620832	17622573	-	0	0	0		114	0	702	0.0	405	4	1939	0.0020629190304280558
CUFF_NC.4629	2	17632803	17633554	+	0	0	0		51	2	411	0.004866180048661801	178	0	885	0.0
CUFF_NC.4628	2	17638896	17640086	-	0	0	0		63	1	269	0.0037174721189591076	280	3	1044	0.0028735632183908046
CUFF_NC.4630	2	17649029	17649468	+	0	0	0		9	0	49	0.0	84	3	437	0.006864988558352402
CUFF_NC.4631	2	17649995	17651114	+	0	0	0		55	1	568	0.0017605633802816902	211	5	1696	0.00294811320754717
CUFF_NC.4632	2	17682143	17682866	-	0	0	0		47	0	235	0.0	173	3	820	0.003658536585365854
CUFF_NC.4633	2	17685765	17686509	+	0	0	0		38	1	337	0.002967359050445104	214	6	1287	0.004662004662004662
CUFF_NC.4634	2	17687461	17688178	+	0	0	0		21	1	216	0.004629629629629629	154	3	837	0.0035842293906810036
CUFF_NC.4635	2	17719441	17720320	+	0	0	0		32	0	177	0.0	176	4	842	0.004750593824228029
CUFF_NC.4639	2	17728526	17729052	-	0	0	0		37	0	345	0.0	82	1	751	0.0013315579227696406
CUFF_NC.4636	2	17734442	17735109	+	0	0	0		52	1	156	0.00641025641025641	192	1	537	0.00186219739292365
CUFF_NC.4638	2	17755992	17758230	-	0	0	0		122	1	795	0.0012578616352201257	389	2	2023	0.0009886307464162135
CUFF_NC.4637	2	17784081	17784840	-	0	0	0		46	2	265	0.007547169811320755	215	5	1310	0.003816793893129771
CUFF_NC.4644	2	17788953	17789418	+	0	0	0		35	2	257	0.007782101167315175	83	1	496	0.0020161290322580645
CUFF_NC.4646	2	17791685	17792576	-	0	0	0		51	0	224	0.0	250	3	1091	0.002749770852428964
CUFF_NC.4640	2	17796190	17797663	+	0	0	0		56	2	622	0.003215434083601286	293	2	2020	0.0009900990099009901
CUFF_NC.4645	2	17802269	17802683	-	0	0	0		32	1	251	0.00398406374501992	109	2	656	0.003048780487804878
CUFF_NC.4641	2	17807998	17810209	+	0	0	0		105	1	1022	0.0009784735812133072	451	11	3315	0.0033182503770739064
CUFF_NC.4647	2	17820268	17820883	-	0	0	0		25	3	159	0.018867924528301886	151	3	814	0.0036855036855036856
CUFF_NC.4648	2	17822257	17825680	-	0	0	0		163	4	1147	0.0034873583260680036	783	8	4369	0.0018310826276035706
CUFF_NC.4643	2	17826241	17827515	+	0	0	0		59	0	363	0.0	306	6	1560	0.0038461538461538464
CUFF_NC.4642	2	17832473	17832844	-	0	0	0		17	0	82	0.0	103	1	284	0.0035211267605633804
CUFF_NC.4649	2	17836670	17837940	+	0	0	0		46	0	261	0.0	239	3	1354	0.0022156573116691287
CUFF_NC.4650	2	17840314	17841343	+	0	0	0		90	0	316	0.0	232	3	843	0.0035587188612099642
CUFF_NC.4653	2	17854033	17855534	-	0	0	0		81	1	534	0.0018726591760299626	313	2	1722	0.0011614401858304297
CUFF_NC.4670	2	17857625	17858587	-	0	0	0		59	0	347	0.0	228	3	1313	0.002284843869002285
CUFF_NC.4651	2	17887134	17887785	-	0	0	0		35	0	180	0.0	156	4	652	0.006134969325153374
CUFF_NC.4652	2	17888111	17888667	-	0	0	0		55	1	179	0.00558659217877095	114	0	411	0.0
CUFF_NC.4654	2	17895382	17895725	-	0	0	0		16	1	109	0.009174311926605505	109	2	532	0.0037593984962406013
CUFF_NC.4655	2	17898918	17899266	+	0	0	0		23	1	262	0.003816793893129771	67	3	849	0.0035335689045936395
CUFF_NC.4658	2	17908971	17909913	-	0	0	0		38	0	211	0.0	207	2	693	0.002886002886002886
CUFF_NC.4659	2	17914574	17915038	+	0	0	0		28	0	175	0.0	73	0	384	0.0
CUFF_NC.4660	2	17915357	17916037	-	0	0	0		31	3	410	0.007317073170731708	122	2	1312	0.001524390243902439
CUFF_NC.4656	2	17924755	17925561	+	0	0	0		15	0	109	0.0	184	3	856	0.0035046728971962616
CUFF_NC.4657	2	17927540	17929002	-	0	0	0		83	1	395	0.002531645569620253	308	5	1299	0.003849114703618168
CUFF_NC.4661	2	17930341	17932815	+	0	0	0		91	2	579	0.0034542314335060447	548	5	3019	0.0016561775422325273
CUFF_NC.4665	2	17961600	17966092	-	0	0	0		255	5	1860	0.002688172043010753	1121	15	6238	0.0024046168643796087
CUFF_NC.4662	2	17991305	17992001	+	0	0	0		37	0	241	0.0	155	2	858	0.002331002331002331
CUFF_NC.4663	2	18015873	18016472	+	0	0	0		46	2	240	0.008333333333333333	145	0	696	0.0
CUFF_NC.4669	2	18025968	18026380	+	0	0	0		20	0	84	0.0	106	3	301	0.009966777408637873
CUFF_NC.4666	2	18041335	18041972	-	0	0	0		41	0	150	0.0	144	1	501	0.001996007984031936
CUFF_NC.4668	2	18050715	18051911	+	0	0	0		48	3	312	0.009615384615384616	213	2	1302	0.0015360983102918587
CUFF_NC.4667	2	18053340	18054300	-	0	0	0		67	1	221	0.004524886877828055	253	2	928	0.0021551724137931034
CUFF_NC.4676	2	18065216	18065655	-	0	0	0		32	0	179	0.0	125	0	662	0.0
CUFF_NC.4674	2	18069853	18073759	-	0	0	0		170	4	1025	0.003902439024390244	902	18	4383	0.004106776180698152
CUFF_NC.4673	2	18088254	18088838	+	0	0	0		32	1	97	0.010309278350515464	81	2	271	0.007380073800738007
CUFF_NC.4687	2	18106577	18107215	-	0	0	0		38	106	152	0.6973684210526315	141	193	534	0.36142322097378277
CUFF_NC.4675	2	18116557	18118640	-	0	0	0		143	1	724	0.0013812154696132596	550	9	2532	0.0035545023696682463
CUFF_NC.4682	2	18132003	18132449	+	0	0	0		39	0	171	0.0	100	1	368	0.002717391304347826
CUFF_NC.4677	2	18136888	18137183	+	0	0	0		15	0	64	0.0	75	0	260	0.0
CUFF_NC.4679	2	18140250	18140647	-	0	0	0		21	2	129	0.015503875968992248	110	2	700	0.002857142857142857
CUFF_NC.4678	2	18145467	18148793	-	0	0	0		186	1	892	0.0011210762331838565	699	4	3137	0.001275103602167676
CUFF_NC.4684	2	18152262	18152684	-	0	0	0		20	0	67	0.0	122	1	315	0.0031746031746031746
CUFF_NC.4680	2	18162766	18163284	+	0	0	0		24	0	126	0.0	111	2	548	0.0036496350364963502
CUFF_NC.4681	2	18165459	18166106	+	0	0	0		3	0	3	0.0	27	0	46	0.0
CUFF_NC.4688	2	18186378	18191193	+	0	0	0		173	2	788	0.0025380710659898475	1106	12	4590	0.00261437908496732
CUFF_NC.4689	2	18192545	18193471	-	0	0	0		18	1	105	0.009523809523809525	130	1	695	0.0014388489208633094
CUFF_NC.4690	2	18199642	18200178	+	0	0	0		31	0	183	0.0	96	1	588	0.0017006802721088435
CUFF_NC.4683	2	18204152	18204946	+	0	0	0		50	0	179	0.0	202	3	686	0.004373177842565598
CUFF_NC.4685	2	18216629	18217359	-	0	0	0		20	0	60	0.0	161	3	612	0.004901960784313725
CUFF_NC.4686	2	18217734	18219267	+	0	0	0		65	3	576	0.005208333333333333	357	7	2259	0.003098716246126605
CUFF_NC.4692	2	18226921	18227894	-	0	0	0		65	3	352	0.008522727272727272	247	2	1026	0.001949317738791423
CUFF_NC.4691	2	18251948	18252356	+	0	0	0		16	0	117	0.0	108	4	505	0.007920792079207921
CUFF_NC.4693	2	18255514	18256718	+	0	0	0		86	3	382	0.007853403141361256	324	12	1583	0.007580543272267846
CUFF_NC.4694	2	18256829	18258434	+	0	0	0		72	1	486	0.00205761316872428	365	6	1831	0.0032768978700163844
CUFF_NC.4698	2	18277268	18278022	-	0	0	0		39	0	571	0.0	150	4	1790	0.0022346368715083797
CUFF_NC.4695	2	18283623	18285567	-	0	0	0		91	1	326	0.003067484662576687	458	4	1678	0.0023837902264600714
CUFF_NC.4696	2	18286538	18287012	-	0	0	0		21	0	72	0.0	112	1	344	0.0029069767441860465
CUFF_NC.4697	2	18287585	18288370	-	0	0	0		59	1	299	0.0033444816053511705	202	3	666	0.0045045045045045045
CUFF_NC.4700	2	18305275	18308499	+	0	0	0		142	3	448	0.006696428571428571	560	5	1983	0.0025214321734745334
CUFF_NC.4705	2	18320905	18321322	+	0	0	0		41	0	111	0.0	116	3	341	0.008797653958944282
CUFF_NC.4699	2	18323459	18324572	+	0	0	0		41	1	272	0.003676470588235294	229	4	1272	0.0031446540880503146
CUFF_NC.4704	2	18328335	18330314	-	0	0	0		101	1	507	0.0019723865877712033	459	8	2070	0.003864734299516908
CUFF_NC.4702	2	18333291	18334834	-	0	0	0		85	1	411	0.0024330900243309003	219	3	730	0.00410958904109589
CUFF_NC.4703	2	18337261	18338147	+	0	0	0		59	3	430	0.0069767441860465115	232	5	1333	0.0037509377344336083
CUFF_NC.4701	2	18340834	18341255	-	0	0	0		14	0	120	0.0	109	2	628	0.0031847133757961785
CUFF_NC.4706	2	18350289	18351703	+	0	0	0		65	1	235	0.00425531914893617	344	2	1398	0.001430615164520744
CUFF_NC.4707	2	18350451	18351477	-	0	0	0		53	0	182	0.0	268	1	1041	0.0009606147934678194
CUFF_NC.4709	2	18367107	18367649	-	0	0	0		20	0	281	0.0	93	1	623	0.0016051364365971107
CUFF_NC.4708	2	18375983	18376421	-	0	0	0		31	0	131	0.0	128	1	531	0.0018832391713747645
CUFF_NC.4711	2	18386332	18389607	+	0	0	0		143	139	765	0.18169934640522875	744	707	4376	0.16156307129798902
CUFF_NC.4712	2	18386403	18392605	+	0	0	0		283	327	1337	0.24457741211667913	1441	1422	7862	0.1808700076316459
CUFF_NC.4710	2	18408540	18409752	-	0	0	0		81	0	520	0.0	191	1	1028	0.0009727626459143969
CUFF_NC.4713	2	18416099	18416729	+	0	0	0		39	0	195	0.0	168	1	761	0.001314060446780552
CUFF_NC.4714	2	18427917	18428385	+	0	0	0		15	0	77	0.0	79	1	290	0.0034482758620689655
CUFF_NC.4715	2	18431036	18431827	-	0	0	0		43	2	196	0.01020408163265306	186	2	706	0.0028328611898017
CUFF_NC.4722	2	18435128	18435483	-	0	0	0		37	0	162	0.0	132	1	534	0.0018726591760299626
CUFF_NC.4716	2	18441273	18441771	-	0	0	0		20	0	168	0.0	121	0	897	0.0
CUFF_NC.4718	2	18442107	18443384	+	0	0	0		66	1	434	0.002304147465437788	273	8	1300	0.006153846153846154
CUFF_NC.4717	2	18446395	18446907	+	0	0	0		11	0	89	0.0	127	0	785	0.0
CUFF_NC.4719	2	18448139	18449075	+	0	0	0		11	0	67	0.0	180	0	750	0.0
CUFF_NC.4724	2	18451413	18451654	-	0	0	0		9	0	22	0.0	60	0	139	0.0
CUFF_NC.4721	2	18462017	18462792	+	0	0	0		45	1	96	0.010416666666666666	195	2	513	0.003898635477582846
CUFF_NC.4723	2	18465954	18469582	-	0	0	0		207	2	1186	0.0016863406408094434	961	14	4688	0.0029863481228668944
CUFF_NC.4720	2	18478375	18480365	-	0	0	0		100	0	430	0.0	395	4	1630	0.00245398773006135
CUFF_NC.4727	2	18490309	18490854	-	0	0	0		30	0	220	0.0	113	3	722	0.004155124653739612
CUFF_NC.4728	2	18491138	18491753	-	0	0	0		46	1	191	0.005235602094240838	165	2	613	0.0032626427406199023
CUFF_NC.4726	2	18495255	18496180	-	0	0	0		59	1	312	0.003205128205128205	144	2	652	0.003067484662576687
CUFF_NC.4725	2	18496739	18497215	-	0	0	0		11	1	42	0.023809523809523808	140	1	572	0.0017482517482517483
CUFF_NC.4729	2	18497653	18499139	-	0	0	0		77	3	493	0.006085192697768763	342	13	1744	0.007454128440366973
CUFF_NC.4730	2	18537243	18538210	-	0	0	0		48	0	131	0.0	196	5	814	0.006142506142506142
CUFF_NC.4733	2	18552355	18553108	+	0	0	0		40	1	143	0.006993006993006993	201	4	920	0.004347826086956522
CUFF_NC.4736	2	18570155	18572173	-	0	0	0		93	1	564	0.0017730496453900709	510	7	2481	0.0028214429665457475
CUFF_NC.4731	2	18577465	18578818	-	0	0	0		65	1	382	0.002617801047120419	218	2	1084	0.0018450184501845018
CUFF_NC.4732	2	18582648	18583087	-	0	0	0		13	0	33	0.0	99	2	282	0.0070921985815602835
CUFF_NC.4735	2	18602502	18603126	-	0	0	0		23	0	87	0.0	146	0	412	0.0
CUFF_NC.4737	2	18603751	18604706	-	0	0	0		55	2	607	0.0032948929159802307	144	0	1503	0.0
CUFF_NC.4738	2	18607245	18607772	-	0	0	0		13	0	76	0.0	77	2	412	0.0048543689320388345
CUFF_NC.4739	2	18609200	18609430	-	0	0	0		8	0	32	0.0	47	0	226	0.0
CUFF_NC.4740	2	18617942	18620327	+	0	0	0		189	2	717	0.002789400278940028	489	4	1466	0.002728512960436562
CUFF_NC.4741	2	18645448	18646334	+	0	0	0		38	1	189	0.005291005291005291	188	2	864	0.0023148148148148147
CUFF_NC.4765	2	18664567	18666041	+	0	0	0		87	1	385	0.0025974025974025974	326	5	1187	0.004212299915754001
CUFF_NC.4764	2	18668795	18669412	-	0	0	0		42	2	178	0.011235955056179775	149	1	600	0.0016666666666666668
CUFF_NC.4744	2	18674637	18675634	-	0	0	0		93	1	496	0.0020161290322580645	288	6	1305	0.004597701149425287
CUFF_NC.4749	2	18684306	18684895	+	0	0	0		43	1	200	0.005	175	3	813	0.0036900369003690036
CUFF_NC.4743	2	18694894	18695366	+	0	0	0		19	1	151	0.006622516556291391	96	1	721	0.0013869625520110957
CUFF_NC.4748	2	18701189	18702174	+	0	0	0		34	0	214	0.0	172	3	893	0.0033594624860022394
CUFF_NC.4742	2	18702734	18703269	+	0	0	0		13	0	31	0.0	60	0	138	0.0
CUFF_NC.4745	2	18711225	18711755	+	0	0	0		18	0	105	0.0	86	1	480	0.0020833333333333333
CUFF_NC.4746	2	18712384	18713195	+	0	0	0		54	1	235	0.00425531914893617	208	4	706	0.0056657223796034
CUFF_NC.4747	2	18718303	18718909	-	0	0	0		23	0	39	0.0	124	0	249	0.0
CUFF_NC.4751	2	18732340	18732971	-	0	0	0		30	0	231	0.0	118	2	642	0.003115264797507788
CUFF_NC.4750	2	18733433	18734055	+	0	0	0		20	2	151	0.013245033112582781	133	1	770	0.0012987012987012987
CUFF_NC.4752	2	18737156	18737889	+	0	0	0		56	2	679	0.0029455081001472753	144	5	1367	0.0036576444769568397
CUFF_NC.4755	2	18755639	18756266	+	0	0	0		23	0	211	0.0	115	2	874	0.002288329519450801
CUFF_NC.4766	2	18772160	18772713	+	0	0	0		41	3	324	0.009259259259259259	113	2	739	0.0027063599458728013
CUFF_NC.4758	2	18775998	18784354	+	0	0	0		454	7	2109	0.003319108582266477	1824	17	8038	0.0021149539686489177
CUFF_NC.4754	2	18789463	18790862	-	0	0	0		69	1	365	0.0027397260273972603	261	0	1098	0.0
CUFF_NC.4753	2	18791291	18792391	-	0	0	0		67	2	228	0.008771929824561403	219	1	796	0.001256281407035176
CUFF_NC.4756	2	18795530	18797341	-	0	0	0		59	1	323	0.0030959752321981426	325	3	1218	0.0024630541871921183
CUFF_NC.4757	2	18797705	18799241	-	0	0	0		33	0	179	0.0	245	6	1347	0.004454342984409799
CUFF_NC.4759	2	18803753	18804607	-	0	0	0		25	77	280	0.275	172	102	1637	0.06230910201588271
CUFF_NC.4760	2	18820264	18821944	+	0	0	0		94	1	367	0.0027247956403269754	351	3	1258	0.0023847376788553257
CUFF_NC.4761	2	18831859	18832605	-	0	0	0		52	1	207	0.004830917874396135	194	2	760	0.002631578947368421
CUFF_NC.4762	2	18840715	18841368	-	0	0	0		31	0	91	0.0	121	0	377	0.0
CUFF_NC.4763	2	18852988	18855187	-	0	0	0		83	61	448	0.13616071428571427	384	168	2235	0.07516778523489932
CUFF_NC.4768	2	18865750	18867084	-	0	0	0		72	1	338	0.0029585798816568047	296	2	1304	0.0015337423312883436
CUFF_NC.4770	2	18869959	18870417	-	0	0	0		24	0	102	0.0	107	3	429	0.006993006993006993
CUFF_NC.4769	2	18873307	18874700	+	0	0	0		68	0	538	0.0	328	6	2282	0.0026292725679228747
CUFF_NC.4767	2	18877193	18877671	-	0	0	0		20	0	65	0.0	128	1	442	0.0022624434389140274
CUFF_NC.4771	2	18882156	18883008	+	0	0	0		42	0	188	0.0	205	1	892	0.0011210762331838565
CUFF_NC.4794	2	18912495	18914943	+	0	0	0		126	0	620	0.0	559	8	2549	0.003138485680659082
CUFF_NC.4790	2	18929022	18930084	-	0	0	0		79	4	647	0.0061823802163833074	235	1	1549	0.0006455777921239509
CUFF_NC.4791	2	18933339	18934164	+	0	0	0		20	2	87	0.022988505747126436	218	11	764	0.014397905759162303
CUFF_NC.4774	2	18936918	18938645	+	0	0	0		89	2	595	0.0033613445378151263	402	6	2148	0.002793296089385475
CUFF_NC.4777	2	18939199	18940079	-	0	0	0		52	1	304	0.003289473684210526	205	4	1042	0.003838771593090211
CUFF_NC.4778	2	18944518	18944969	+	0	0	0		41	0	193	0.0	96	2	373	0.005361930294906166
CUFF_NC.4775	2	18950676	18951627	-	0	0	0		49	0	239	0.0	243	2	1138	0.0017574692442882249
CUFF_NC.4776	2	18953132	18954037	-	0	0	0		74	1	379	0.002638522427440633	196	4	1077	0.003714020427112349
CUFF_NC.4772	2	18957531	18958233	-	0	0	0		26	52	218	0.23853211009174313	150	144	942	0.15286624203821655
CUFF_NC.4773	2	18959004	18959609	-	0	0	0		26	0	151	0.0	147	3	814	0.0036855036855036856
CUFF_NC.4779	2	18961125	18962262	-	0	0	0		65	1	322	0.003105590062111801	253	2	1058	0.001890359168241966
CUFF_NC.4781	2	18962768	18964385	-	0	0	0		59	3	310	0.00967741935483871	346	13	1730	0.007514450867052023
CUFF_NC.4786	2	18966112	18966429	-	0	0	0		10	0	60	0.0	96	1	481	0.002079002079002079
CUFF_NC.4782	2	18995092	18995496	-	0	0	0		14	0	78	0.0	87	1	440	0.0022727272727272726
CUFF_NC.4783	2	18996890	18998120	-	0	0	0		79	1	401	0.0024937655860349127	363	6	1858	0.0032292787944025836
CUFF_NC.4784	2	19009865	19010603	+	0	0	0		23	1	123	0.008130081300813009	158	0	960	0.0
CUFF_NC.4785	2	19013126	19013996	+	0	0	0		19	0	241	0.0	161	8	1427	0.005606166783461808
CUFF_NC.4792	2	19018726	19019087	+	0	0	0		20	0	138	0.0	53	2	221	0.00904977375565611
CUFF_NC.4787	2	19028424	19028904	-	0	0	0		18	0	67	0.0	129	1	783	0.001277139208173691
CUFF_NC.4788	2	19035774	19036402	-	0	0	0		48	0	166	0.0	168	1	562	0.0017793594306049821
CUFF_NC.4793	2	19040151	19042129	-	0	0	0		201	3	752	0.003989361702127659	536	5	1761	0.0028392958546280523
CUFF_NC.4789	2	19043666	19044191	+	0	0	0		52	3	318	0.009433962264150943	121	2	639	0.003129890453834116
CUFF_NC.4825	2	19060667	19064729	-	0	0	0		151	1	571	0.0017513134851138354	660	9	2518	0.003574265289912629
CUFF_NC.4826	2	19060960	19064881	-	0	0	0		151	1	589	0.001697792869269949	659	8	2627	0.0030452988199467074
CUFF_NC.4827	2	19061734	19065832	-	0	0	0		132	0	596	0.0	584	6	2128	0.002819548872180451
CUFF_NC.4828	2	19062272	19067015	-	0	0	0		139	0	586	0.0	610	5	2131	0.002346316283435007
CUFF_NC.4829	2	19063561	19068331	-	0	0	0		177	1	853	0.0011723329425556857	775	8	3076	0.002600780234070221
CUFF_NC.4797	2	19081401	19081921	+	0	0	0		13	0	108	0.0	57	0	282	0.0
CUFF_NC.4796	2	19083035	19083803	+	0	0	0		48	0	334	0.0	212	0	1012	0.0
CUFF_NC.4798	2	19084093	19084443	+	0	0	0		21	0	139	0.0	90	2	567	0.003527336860670194
CUFF_NC.4799	2	19085023	19085729	+	0	0	0		42	1	294	0.003401360544217687	177	1	889	0.0011248593925759281
CUFF_NC.4802	2	19085944	19086325	-	0	0	0		7	0	61	0.0	67	0	421	0.0
CUFF_NC.4803	2	19086274	19086518	+	0	0	0		14	0	91	0.0	48	1	357	0.0028011204481792717
CUFF_NC.4800	2	19089498	19090851	+	0	0	0		64	0	363	0.0	316	6	1670	0.003592814371257485
CUFF_NC.4801	2	19091185	19093374	+	0	0	0		135	1	1028	0.0009727626459143969	523	11	3815	0.0028833551769331584
CUFF_NC.4805	2	19097590	19099110	-	0	0	0		107	1	542	0.0018450184501845018	415	3	1951	0.0015376729882111738
CUFF_NC.4804	2	19100515	19101276	+	0	0	0		6	0	73	0.0	128	2	824	0.0024271844660194173
CUFF_NC.4807	2	19109704	19110367	-	0	0	0		30	1	133	0.007518796992481203	195	2	891	0.002244668911335578
CUFF_NC.4806	2	19111426	19112026	+	0	0	0		38	0	162	0.0	113	2	498	0.004016064257028112
CUFF_NC.4810	2	19118344	19118659	+	0	0	0		35	1	265	0.0037735849056603774	85	4	586	0.006825938566552901
CUFF_NC.4808	2	19133556	19135084	-	0	0	0		57	4	311	0.012861736334405145	376	4	1409	0.0028388928317956
CUFF_NC.4811	2	19137434	19138359	+	0	0	0		59	0	330	0.0	209	3	962	0.0031185031185031187
CUFF_NC.4812	2	19138946	19140570	+	0	0	0		105	0	476	0.0	333	2	1255	0.0015936254980079682
CUFF_NC.4809	2	19145414	19146864	-	0	0	0		76	1	491	0.002036659877800407	262	4	1544	0.0025906735751295338
CUFF_NC.4815	2	19153417	19154330	+	0	0	0		52	0	239	0.0	186	2	712	0.0028089887640449437
CUFF_NC.4813	2	19161685	19164236	-	0	0	0		42	8	193	0.04145077720207254	317	51	1754	0.029076396807297605
CUFF_NC.4816	2	19164387	19165430	+	0	0	0		19	0	127	0.0	72	0	466	0.0
CUFF_NC.4817	2	19165574	19166927	+	0	0	0		90	1	719	0.0013908205841446453	324	8	1744	0.0045871559633027525
CUFF_NC.4818	2	19177994	19178436	+	0	0	0		15	1	103	0.009708737864077669	84	1	576	0.001736111111111111
CUFF_NC.4823	2	19185887	19186715	+	0	0	0		47	0	199	0.0	178	0	794	0.0
CUFF_NC.4822	2	19191181	19192690	-	0	0	0		66	0	528	0.0	304	3	1458	0.00205761316872428
CUFF_NC.4832	2	19204122	19205036	-	0	0	0		69	1	330	0.0030303030303030303	185	1	877	0.0011402508551881414
CUFF_NC.4821	2	19214536	19215316	+	0	0	0		39	0	153	0.0	163	0	617	0.0
CUFF_NC.4820	2	19219894	19220692	-	0	0	0		57	574	740	0.7756756756756756	204	1089	2407	0.4524304113003739
CUFF_NC.4824	2	19234262	19235102	-	0	0	0		11	0	29	0.0	33	0	57	0.0
CUFF_NC.4830	2	19240091	19242499	-	0	0	0		101	2	739	0.0027063599458728013	599	8	3235	0.002472952086553323
CUFF_NC.4831	2	19251303	19253517	-	0	0	0		131	0	692	0.0	487	1	2270	0.0004405286343612335
CUFF_NC.4852	2	19277296	19281952	+	0	0	0		302	8	1979	0.00404244567963618	1086	17	5879	0.002891648239496513
CUFF_NC.4836	2	19309955	19313804	+	0	0	0		259	6	1221	0.004914004914004914	974	8	4358	0.0018357044515832951
CUFF_NC.4833	2	19317152	19319363	-	0	0	0		122	0	553	0.0	444	4	1855	0.00215633423180593
CUFF_NC.4842	2	19321351	19322209	+	0	0	0		67	0	412	0.0	212	3	1162	0.0025817555938037868
CUFF_NC.4835	2	19331726	19336193	+	0	0	0		195	5	969	0.005159958720330237	1054	20	4500	0.0044444444444444444
CUFF_NC.4834	2	19341454	19342574	+	0	0	0		105	3	712	0.004213483146067416	328	2	1993	0.0010035122930255895
CUFF_NC.4837	2	19352338	19353432	+	0	0	0		81	0	239	0.0	234	0	604	0.0
CUFF_NC.4838	2	19371711	19372099	+	0	0	0		10	0	35	0.0	90	0	242	0.0
CUFF_NC.4839	2	19373913	19374374	+	0	0	0		21	177	274	0.6459854014598541	110	545	1413	0.3857041755130927
CUFF_NC.4843	2	19376294	19376727	-	0	0	0		11	0	96	0.0	91	3	699	0.004291845493562232
CUFF_NC.4844	2	19382377	19383283	-	0	0	0		28	2	301	0.006644518272425249	183	2	1190	0.0016806722689075631
CUFF_NC.4858	2	19389134	19390121	-	0	0	0		67	5	572	0.008741258741258742	254	5	1878	0.0026624068157614484
CUFF_NC.4840	2	19409216	19409795	-	0	0	0		17	0	60	0.0	141	0	546	0.0
CUFF_NC.4845	2	19411672	19412270	+	0	0	0		20	0	115	0.0	160	1	669	0.0014947683109118087
CUFF_NC.4846	2	19414393	19415380	-	0	0	0		26	2	115	0.017391304347826087	170	72	719	0.10013908205841446
CUFF_NC.4848	2	19422869	19423197	+	0	0	0		16	0	80	0.0	75	0	382	0.0
CUFF_NC.4855	2	19424312	19424868	-	0	0	0		49	0	285	0.0	127	0	510	0.0
CUFF_NC.4854	2	19429775	19430191	+	0	0	0		36	0	157	0.0	112	1	461	0.0021691973969631237
CUFF_NC.4849	2	19432419	19433035	-	0	0	0		36	0	169	0.0	124	3	452	0.00663716814159292
CUFF_NC.4851	2	19439309	19440244	+	0	0	0		51	0	277	0.0	221	2	968	0.002066115702479339
CUFF_NC.4853	2	19443848	19444429	+	0	0	0		47	2	333	0.006006006006006006	161	1	1114	0.0008976660682226212
CUFF_NC.4850	2	19446854	19447295	-	0	0	0		23	0	149	0.0	60	1	314	0.0031847133757961785
CUFF_NC.4869	2	19455930	19456338	-	0	0	0		36	1	277	0.0036101083032490976	92	0	676	0.0
CUFF_NC.4857	2	19457525	19457959	-	0	0	0		23	0	73	0.0	101	0	303	0.0
CUFF_NC.4856	2	19459939	19460355	+	0	0	0		23	1	128	0.0078125	113	0	456	0.0
CUFF_NC.4861	2	19472415	19474234	-	0	0	0		99	0	541	0.0	353	5	1738	0.0028768699654775605
CUFF_NC.4860	2	19478356	19479294	-	0	0	0		50	1	199	0.005025125628140704	210	1	624	0.0016025641025641025
CUFF_NC.4862	2	19485712	19486521	-	0	0	0		33	0	84	0.0	175	1	450	0.0022222222222222222
CUFF_NC.4859	2	19491159	19491620	+	0	0	0		16	0	44	0.0	116	2	326	0.006134969325153374
CUFF_NC.4864	2	19496125	19497978	-	0	0	0		136	1	742	0.0013477088948787063	473	7	2374	0.0029486099410278013
CUFF_NC.4865	2	19498379	19498759	-	0	0	0		28	0	205	0.0	66	2	500	0.004
CUFF_NC.4863	2	19509683	19510393	-	0	0	0		40	0	145	0.0	161	2	622	0.003215434083601286
CUFF_NC.4871	2	19535922	19536790	-	0	0	0		55	0	256	0.0	250	2	1136	0.0017605633802816902
CUFF_NC.4867	2	19545698	19546922	+	0	0	0		76	3	402	0.007462686567164179	259	3	1301	0.0023059185242121443
CUFF_NC.4868	2	19547033	19547383	+	0	0	0		24	1	291	0.003436426116838488	93	3	951	0.0031545741324921135
CUFF_NC.4866	2	19556287	19558653	-	0	0	0		124	4	753	0.005312084993359893	533	6	2693	0.0022279985146676567
CUFF_NC.4878	2	19589446	19589847	-	0	0	0		30	0	269	0.0	86	1	628	0.0015923566878980893
CUFF_NC.4876	2	19591345	19591776	+	0	0	0		35	0	99	0.0	100	1	299	0.0033444816053511705
CUFF_NC.4877	2	19593728	19595078	+	0	0	0		116	0	393	0.0	254	1	895	0.0011173184357541898
CUFF_NC.4882	2	19608046	19609547	-	0	0	0		114	0	603	0.0	294	1	1364	0.0007331378299120235
CUFF_NC.4870	2	19623792	19624086	-	0	0	0		19	1	92	0.010869565217391304	64	4	288	0.013888888888888888
CUFF_NC.4872	2	19624205	19624686	-	0	0	0		39	1	221	0.004524886877828055	120	1	462	0.0021645021645021645
CUFF_NC.4880	2	19629452	19629975	-	0	0	0		37	0	97	0.0	114	1	313	0.003194888178913738
CUFF_NC.4879	2	19637399	19641128	+	0	0	0		201	4	1162	0.0034423407917383822	794	11	3807	0.0028894142369319674
CUFF_NC.4874	2	19641237	19643785	-	0	0	0		173	3	815	0.0036809815950920245	599	12	2382	0.005037783375314861
CUFF_NC.4875	2	19649091	19650450	+	0	0	0		93	1	328	0.003048780487804878	349	9	1176	0.007653061224489796
CUFF_NC.4881	2	19672202	19672533	-	0	0	0		13	0	88	0.0	81	1	486	0.00205761316872428
CUFF_NC.4873	2	19687901	19688330	+	0	0	0		20	0	127	0.0	94	1	521	0.0019193857965451055
CUFF_NC.4883	3	15027	16368	-	0	0	0		82	1	473	0.0021141649048625794	376	4	1908	0.0020964360587002098
CUFF_NC.4895	3	41219	42026	+	0	0	0		87	1	257	0.0038910505836575876	183	1	467	0.0021413276231263384
CUFF_NC.4884	3	46619	48406	+	0	0	0		107	0	496	0.0	442	6	1922	0.003121748178980229
CUFF_NC.4892	3	55008	55737	+	0	0	0		41	5	756	0.006613756613756613	115	4	1467	0.0027266530334014998
CUFF_NC.4888	3	69760	71415	+	0	0	0		108	2	495	0.00404040404040404	394	5	1704	0.0029342723004694834
CUFF_NC.4890	3	73745	74085	-	0	0	0		11	0	97	0.0	58	0	399	0.0
CUFF_NC.4885	3	76902	77309	+	0	0	0		18	0	157	0.0	121	3	1057	0.002838221381267739
CUFF_NC.4886	3	78439	79030	+	0	0	0		20	0	130	0.0	165	3	1037	0.0028929604628736743
CUFF_NC.4887	3	80530	80965	+	0	0	0		20	1	152	0.006578947368421052	84	3	582	0.005154639175257732
CUFF_NC.4891	3	88236	89576	+	0	0	0		103	1	489	0.002044989775051125	339	7	1600	0.004375
CUFF_NC.4889	3	102925	104692	+	0	0	0		72	1	355	0.0028169014084507044	393	5	1808	0.0027654867256637168
CUFF_NC.4893	3	111992	112370	-	0	0	0		25	0	105	0.0	78	0	250	0.0
CUFF_NC.4894	3	129809	130721	-	0	0	0		2	2	4	0.5	12	0	22	0.0
CUFF_NC.4896	3	165496	166719	+	0	0	0		60	0	241	0.0	207	1	787	0.0012706480304955528
CUFF_NC.4898	3	191088	192187	+	0	0	0		42	0	175	0.0	209	1	815	0.001226993865030675
CUFF_NC.4899	3	192788	193610	+	0	0	0		29	0	149	0.0	184	1	599	0.001669449081803005
CUFF_NC.4900	3	197669	197965	+	0	0	0		8	0	141	0.0	37	0	277	0.0
CUFF_NC.4901	3	199522	200028	+	0	0	0		48	1	309	0.003236245954692557	149	1	886	0.001128668171557562
CUFF_NC.4897	3	202088	202921	+	0	0	0		64	1	223	0.004484304932735426	163	0	564	0.0
CUFF_NC.4902	3	212803	215331	+	0	0	0		194	2	966	0.002070393374741201	661	13	3231	0.004023522129371711
CUFF_NC.4903	3	233920	235043	-	0	0	0		75	2	421	0.004750593824228029	292	5	1432	0.0034916201117318434
CUFF_NC.4904	3	240800	241283	-	0	0	0		15	0	77	0.0	55	0	186	0.0
CUFF_NC.4908	3	241566	242212	-	0	0	0		13	0	33	0.0	99	3	239	0.012552301255230125
CUFF_NC.4909	3	244240	244552	-	0	0	0		24	2	165	0.012121212121212121	83	1	436	0.0022935779816513763
CUFF_NC.4905	3	252279	255317	-	0	0	0		186	3	782	0.0038363171355498722	762	8	2846	0.0028109627547434997
CUFF_NC.4910	3	258889	259350	-	0	0	0		13	0	57	0.0	45	0	104	0.0
CUFF_NC.4907	3	268114	268584	-	0	0	0		25	1	109	0.009174311926605505	105	1	376	0.0026595744680851063
CUFF_NC.4906	3	270327	272744	-	0	0	0		214	5	883	0.0056625141562853904	513	3	2079	0.001443001443001443
CUFF_NC.4912	3	288765	290268	-	0	0	0		122	3	518	0.005791505791505791	387	4	1511	0.0026472534745201853
CUFF_NC.4913	3	292589	293021	-	0	0	0		19	0	65	0.0	124	1	447	0.0022371364653243847
CUFF_NC.4914	3	302474	303676	-	0	0	0		39	0	369	0.0	280	7	1734	0.004036908881199538
CUFF_NC.4911	3	306331	306924	-	0	0	0		42	1	161	0.006211180124223602	180	1	608	0.001644736842105263
CUFF_NC.4915	3	312306	314173	+	0	0	0		112	1	556	0.0017985611510791368	299	1	1339	0.0007468259895444362
CUFF_NC.4918	3	314461	314900	+	0	0	0		14	0	53	0.0	75	0	244	0.0
CUFF_NC.4919	3	317585	318236	-	0	0	0		23	0	238	0.0	141	2	1555	0.0012861736334405145
CUFF_NC.4920	3	330174	330503	-	0	0	0		22	0	223	0.0	80	3	735	0.004081632653061225
CUFF_NC.4929	3	346748	347877	-	0	0	0		72	1	487	0.002053388090349076	208	1	1108	0.0009025270758122744
CUFF_NC.4926	3	350650	351069	-	0	0	0		19	0	149	0.0	78	3	596	0.0050335570469798654
CUFF_NC.4916	3	371615	372816	+	0	0	0		73	1	384	0.0026041666666666665	203	3	1032	0.0029069767441860465
CUFF_NC.4917	3	373221	373934	+	0	0	0		37	2	137	0.014598540145985401	153	2	605	0.003305785123966942
CUFF_NC.4922	3	380900	381667	-	0	0	0		61	2	246	0.008130081300813009	176	2	515	0.003883495145631068
CUFF_NC.4921	3	385361	387550	+	0	0	0		81	1	654	0.0015290519877675841	407	10	2257	0.004430660168365086
CUFF_NC.4923	3	394950	395462	-	0	0	0		49	1	326	0.003067484662576687	140	1	811	0.0012330456226880395
CUFF_NC.4924	3	429664	430099	-	0	0	0		25	0	138	0.0	124	0	690	0.0
CUFF_NC.4925	3	429880	430395	+	0	0	0		20	0	198	0.0	96	1	828	0.0012077294685990338
CUFF_NC.4933	3	431039	433855	+	0	0	0		196	3	1075	0.0027906976744186047	694	9	3468	0.0025951557093425604
CUFF_NC.4934	3	448060	448680	+	0	0	0		39	1	286	0.0034965034965034965	136	3	684	0.0043859649122807015
CUFF_NC.4927	3	452437	452920	-	0	0	0		30	0	170	0.0	136	3	672	0.004464285714285714
CUFF_NC.4932	3	461006	461700	-	0	0	0		34	0	181	0.0	140	2	610	0.003278688524590164
CUFF_NC.4928	3	477201	477998	-	0	0	0		64	0	435	0.0	105	2	583	0.003430531732418525
CUFF_NC.4930	3	479871	480589	-	0	0	0		57	1	254	0.003937007874015748	207	0	887	0.0
CUFF_NC.4931	3	480712	481257	-	0	0	0		36	1	298	0.003355704697986577	155	2	1178	0.001697792869269949
CUFF_NC.4941	3	483478	484069	-	0	0	0		40	0	165	0.0	146	2	551	0.003629764065335753
CUFF_NC.4935	3	504113	504471	+	0	0	0		21	0	112	0.0	80	0	373	0.0
CUFF_NC.4940	3	508190	508762	-	0	0	0		24	0	200	0.0	155	2	916	0.002183406113537118
CUFF_NC.4936	3	510072	511478	-	0	0	0		128	2	806	0.0024813895781637717	391	10	1894	0.005279831045406547
CUFF_NC.4939	3	535937	536419	+	0	0	0		38	0	148	0.0	121	3	450	0.006666666666666667
CUFF_NC.4937	3	536634	538142	+	0	0	0		101	1	417	0.002398081534772182	332	6	1267	0.004735595895816891
CUFF_NC.4938	3	546370	549437	-	0	0	0		168	6	989	0.006066734074823054	719	6	4303	0.0013943760167325122
CUFF_NC.4942	3	556061	561851	-	0	0	0		215	54	1117	0.048343777976723366	1133	597	6112	0.09767670157068063
CUFF_NC.4943	3	575431	575853	+	0	0	0		25	0	155	0.0	126	2	665	0.0030075187969924814
CUFF_NC.4944	3	583611	584226	-	0	0	0		44	0	232	0.0	137	5	527	0.009487666034155597
CUFF_NC.4946	3	596076	596731	+	0	0	0		22	0	209	0.0	104	1	493	0.002028397565922921
CUFF_NC.4947	3	599334	600826	+	0	0	0		90	2	788	0.0025380710659898475	346	3	1786	0.0016797312430011197
CUFF_NC.4945	3	608537	609554	+	0	0	0		39	1	407	0.002457002457002457	217	4	1574	0.0025412960609911056
CUFF_NC.4949	3	623271	623814	+	0	0	0		33	1	290	0.0034482758620689655	107	0	887	0.0
CUFF_NC.4955	3	625582	626249	+	0	0	0		45	3	340	0.008823529411764706	156	5	1218	0.004105090311986864
CUFF_NC.4952	3	632337	633930	-	0	0	0		97	2	408	0.004901960784313725	387	1	1372	0.0007288629737609329
CUFF_NC.4950	3	634499	636107	-	0	0	0		116	2	550	0.0036363636363636364	349	0	1546	0.0
CUFF_NC.4958	3	646061	647504	-	0	0	0		90	3	465	0.0064516129032258064	310	5	1384	0.0036127167630057803
CUFF_NC.4951	3	649762	650933	-	0	0	0		50	0	258	0.0	181	4	804	0.004975124378109453
CUFF_NC.4954	3	657023	658474	-	0	0	0		58	2	1008	0.001984126984126984	240	6	2759	0.0021747009786154403
CUFF_NC.4953	3	667211	667729	+	0	0	0		18	0	170	0.0	115	4	911	0.0043907793633369925
CUFF_NC.4956	3	669902	670420	+	0	0	0		21	0	144	0.0	132	4	549	0.007285974499089253
CUFF_NC.4957	3	670723	671760	+	0	0	0		63	1	252	0.003968253968253968	227	4	813	0.004920049200492005
CUFF_NC.4960	3	674255	676054	-	0	0	0		151	2	699	0.002861230329041488	510	7	2288	0.0030594405594405595
CUFF_NC.4959	3	677241	677918	-	0	0	0		43	0	262	0.0	131	1	818	0.0012224938875305623
CUFF_NC.4967	3	718434	720610	-	0	0	0		63	15	420	0.03571428571428571	454	92	2821	0.032612548741581
CUFF_NC.4966	3	720244	720977	+	0	0	0		18	0	114	0.0	153	3	971	0.003089598352214212
CUFF_NC.4962	3	727646	729478	+	0	0	0		99	1	604	0.0016556291390728477	375	6	1977	0.0030349013657056147
CUFF_NC.4961	3	731969	732890	-	0	0	0		71	1	315	0.0031746031746031746	202	2	924	0.0021645021645021645
CUFF_NC.4964	3	743278	744303	+	0	0	0		53	1	256	0.00390625	226	3	971	0.003089598352214212
CUFF_NC.4965	3	755345	756407	+	0	0	0		49	0	158	0.0	235	0	718	0.0
CUFF_NC.4963	3	763806	764314	+	0	0	0		21	1	95	0.010526315789473684	97	0	362	0.0
CUFF_NC.4974	3	792328	794006	-	0	0	0		79	0	410	0.0	406	6	1970	0.003045685279187817
CUFF_NC.4969	3	815557	816328	-	0	0	0		52	2	330	0.006060606060606061	176	3	839	0.003575685339690107
CUFF_NC.4968	3	819529	821558	+	0	0	0		147	1	681	0.0014684287812041115	481	10	2179	0.004589261128958238
CUFF_NC.4970	3	822901	826619	+	0	0	0		174	6	1104	0.005434782608695652	725	11	3869	0.002843111915223572
CUFF_NC.4971	3	828356	830187	+	0	0	0		117	1	447	0.0022371364653243847	371	4	1302	0.0030721966205837174
CUFF_NC.4972	3	843164	847461	+	0	0	0		158	4	762	0.005249343832020997	886	9	3949	0.002279057989364396
CUFF_NC.4973	3	850321	851741	+	0	0	0		74	0	594	0.0	246	3	1285	0.0023346303501945525
CUFF_NC.4975	3	863521	864687	+	0	0	0		28	2	187	0.0106951871657754	252	5	1539	0.003248862897985705
CUFF_NC.4977	3	867663	868552	+	0	0	0		71	0	344	0.0	233	2	862	0.002320185614849188
CUFF_NC.4976	3	872072	873559	+	0	0	0		44	28	459	0.06100217864923747	190	26	1352	0.019230769230769232
CUFF_NC.4978	3	911538	913253	+	0	0	0		77	0	454	0.0	376	4	2029	0.001971414489896501
CUFF_NC.4979	3	943536	944003	-	0	0	0		37	0	103	0.0	113	0	390	0.0
CUFF_NC.4980	3	946315	946758	+	0	0	0		37	0	168	0.0	129	3	514	0.005836575875486381
CUFF_NC.4981	3	976770	977353	+	0	0	0		41	0	192	0.0	159	2	778	0.002570694087403599
CUFF_NC.4982	3	995288	996804	-	0	0	0		62	1	330	0.0030303030303030303	329	2	1482	0.001349527665317139
CUFF_NC.4989	3	997674	998675	-	0	0	0		41	2	302	0.006622516556291391	208	4	1136	0.0035211267605633804
CUFF_NC.4990	3	1002162	1002757	+	0	0	0		36	2	167	0.011976047904191617	128	0	533	0.0
CUFF_NC.4986	3	1033519	1034830	-	0	0	0		83	1	378	0.0026455026455026454	295	4	1322	0.0030257186081694403
CUFF_NC.4987	3	1038775	1039787	+	0	0	0		44	0	527	0.0	195	3	1614	0.0018587360594795538
CUFF_NC.4984	3	1045448	1046401	+	0	0	0		37	1	268	0.0037313432835820895	244	9	1478	0.006089309878213802
CUFF_NC.4988	3	1049471	1051592	-	0	0	0		123	1	592	0.0016891891891891893	501	6	2230	0.0026905829596412557
CUFF_NC.4985	3	1054653	1055072	+	0	0	0		22	0	206	0.0	114	0	547	0.0
CUFF_NC.4991	3	1073559	1074168	+	0	0	0		33	0	142	0.0	107	0	345	0.0
CUFF_NC.4994	3	1101265	1101884	+	0	0	0		21	0	137	0.0	117	0	489	0.0
CUFF_NC.4993	3	1106568	1107198	+	0	0	0		45	1	250	0.004	177	1	773	0.00129366106080207
CUFF_NC.4992	3	1113369	1113818	+	0	0	0		42	1	154	0.006493506493506494	93	0	324	0.0
CUFF_NC.4997	3	1156267	1157916	+	0	0	0		67	1	426	0.002347417840375587	286	3	1422	0.002109704641350211
CUFF_NC.4995	3	1170221	1170992	+	0	0	0		18	195	220	0.8863636363636364	148	506	1367	0.3701536210680322
CUFF_NC.4996	3	1170238	1170936	-	0	0	0		18	195	220	0.8863636363636364	136	434	1252	0.3466453674121406
CUFF_NC.4998	3	1191738	1192687	+	0	0	0		44	0	405	0.0	229	3	1402	0.0021398002853067048
CUFF_NC.4999	3	1210391	1210828	-	0	0	0		30	52	181	0.287292817679558	98	63	588	0.10714285714285714
CUFF_NC.5000	3	1235400	1236109	+	0	0	0		43	1	327	0.0030581039755351682	127	2	719	0.0027816411682892906
CUFF_NC.5001	3	1239681	1240145	+	0	0	0		43	0	280	0.0	126	2	649	0.0030816640986132513
CUFF_NC.5003	3	1251048	1251507	+	0	0	0		42	0	100	0.0	107	2	304	0.006578947368421052
CUFF_NC.5004	3	1253759	1254323	+	0	0	0		68	0	394	0.0	142	2	845	0.002366863905325444
CUFF_NC.5002	3	1263425	1263909	-	0	0	0		36	0	160	0.0	137	2	640	0.003125
CUFF_NC.5007	3	1277898	1280972	-	0	0	0		240	5	1428	0.0035014005602240898	727	14	3930	0.0035623409669211198
CUFF_NC.5006	3	1285685	1286711	+	0	0	0		78	1	289	0.0034602076124567475	221	3	956	0.0031380753138075313
CUFF_NC.5008	3	1292305	1292787	+	0	0	0		19	0	78	0.0	105	1	387	0.002583979328165375
CUFF_NC.5010	3	1304919	1305695	+	0	0	0		33	0	281	0.0	194	1	905	0.0011049723756906078
CUFF_NC.5009	3	1314421	1315311	+	0	0	0		79	2	318	0.006289308176100629	231	2	1010	0.0019801980198019802
CUFF_NC.5012	3	1336785	1337776	-	0	0	0		43	0	300	0.0	214	4	1274	0.0031397174254317113
CUFF_NC.5011	3	1338208	1338713	-	0	0	0		22	0	130	0.0	140	3	770	0.003896103896103896
CUFF_NC.5013	3	1352745	1353801	-	0	0	0		21	0	131	0.0	224	6	1016	0.005905511811023622
CUFF_NC.5015	3	1355948	1358100	-	0	0	0		144	1	825	0.0012121212121212121	515	9	2574	0.0034965034965034965
CUFF_NC.5014	3	1365300	1365727	-	0	0	0		20	0	212	0.0	90	1	822	0.0012165450121654502
CUFF_NC.5017	3	1374109	1375177	-	0	0	0		57	1	645	0.0015503875968992248	191	4	1599	0.0025015634771732333
CUFF_NC.5018	3	1376030	1376764	-	0	0	0		43	1	146	0.00684931506849315	136	3	402	0.007462686567164179
CUFF_NC.5016	3	1378721	1379309	+	0	0	0		44	0	238	0.0	152	1	696	0.0014367816091954023
CUFF_NC.5020	3	1396458	1397104	+	0	0	0		23	0	141	0.0	142	2	786	0.002544529262086514
CUFF_NC.5025	3	1412992	1413576	+	0	0	0		23	1	733	0.001364256480218281	78	2	1367	0.001463057790782736
CUFF_NC.5019	3	1433809	1435385	+	0	0	0		61	4	1007	0.003972194637537239	138	7	1955	0.0035805626598465474
CUFF_NC.5021	3	1438614	1439156	+	0	0	0		18	0	73	0.0	121	4	463	0.008639308855291577
CUFF_NC.5023	3	1440090	1441116	-	0	0	0		49	1	379	0.002638522427440633	202	3	1223	0.0024529844644317253
CUFF_NC.5033	3	1461275	1461712	+	0	0	0		16	0	73	0.0	92	1	389	0.002570694087403599
CUFF_NC.5029	3	1467716	1468126	-	0	0	0		25	1	292	0.003424657534246575	76	0	514	0.0
CUFF_NC.5028	3	1470218	1470732	+	0	0	0		21	1	99	0.010101010101010102	111	1	400	0.0025
CUFF_NC.5024	3	1476933	1478667	-	0	0	0		129	1	454	0.0022026431718061676	373	2	1189	0.001682085786375105
CUFF_NC.5030	3	1481356	1481916	-	0	0	0		40	1	252	0.003968253968253968	145	2	826	0.002421307506053269
CUFF_NC.5027	3	1482944	1483745	-	0	0	0		26	0	158	0.0	194	1	992	0.0010080645161290322
CUFF_NC.5026	3	1484939	1485407	+	0	0	0		14	0	66	0.0	87	1	449	0.0022271714922048997
CUFF_NC.5031	3	1500756	1501905	+	0	0	0		92	2	944	0.00211864406779661	272	6	2106	0.002849002849002849
CUFF_NC.5032	3	1522130	1522963	+	0	0	0		73	0	481	0.0	198	4	1235	0.0032388663967611335
CUFF_NC.5034	3	1533139	1534082	+	0	0	0		51	0	285	0.0	240	2	1002	0.001996007984031936
CUFF_NC.5036	3	1574707	1575159	+	0	0	0		20	1	86	0.011627906976744186	119	1	473	0.0021141649048625794
CUFF_NC.5035	3	1576683	1577261	-	0	0	0		21	0	132	0.0	157	1	901	0.0011098779134295228
CUFF_NC.5038	3	1579568	1580344	+	0	0	0		45	0	336	0.0	164	1	852	0.0011737089201877935
CUFF_NC.5039	3	1581836	1582807	+	0	0	0		53	0	418	0.0	218	4	1466	0.002728512960436562
CUFF_NC.5037	3	1591025	1592011	-	0	0	0		53	0	205	0.0	173	1	748	0.001336898395721925
CUFF_NC.5041	3	1611763	1612376	-	0	0	0		64	1	371	0.0026954177897574125	163	1	927	0.0010787486515641855
CUFF_NC.5040	3	1613202	1613503	-	0	0	0		21	0	111	0.0	68	1	301	0.0033222591362126247
CUFF_NC.5043	3	1623444	1624069	+	0	0	0		39	2	214	0.009345794392523364	181	1	975	0.0010256410256410256
CUFF_NC.5042	3	1625862	1626498	+	0	0	0		60	0	168	0.0	154	0	449	0.0
CUFF_NC.5044	3	1630053	1630524	+	0	0	0		33	0	248	0.0	100	1	861	0.0011614401858304297
CUFF_NC.5045	3	1635052	1635507	-	0	0	0		38	0	122	0.0	87	1	295	0.003389830508474576
CUFF_NC.5046	3	1641660	1642429	+	0	0	0		50	1	368	0.002717391304347826	179	2	1330	0.0015037593984962407
CUFF_NC.5050	3	1658537	1658922	+	0	0	0		28	0	251	0.0	82	0	520	0.0
CUFF_NC.5051	3	1661683	1662635	+	0	0	0		75	2	369	0.005420054200542005	240	0	945	0.0
CUFF_NC.5048	3	1691106	1691547	+	0	0	0		24	0	104	0.0	109	0	573	0.0
CUFF_NC.5047	3	1727150	1728275	-	0	0	0		59	0	243	0.0	221	1	1155	0.0008658008658008658
CUFF_NC.5049	3	1732418	1735778	+	0	0	0		222	1	1216	0.0008223684210526315	736	9	3606	0.0024958402662229617
CUFF_NC.5058	3	1753153	1755150	-	0	0	0		89	0	568	0.0	448	9	2317	0.003884333189469141
CUFF_NC.5052	3	1755678	1756927	+	0	0	0		37	0	151	0.0	301	1	1417	0.0007057163020465773
CUFF_NC.5053	3	1768561	1769649	+	0	0	0		57	1	566	0.0017667844522968198	273	7	2280	0.0030701754385964912
CUFF_NC.5054	3	1775947	1776968	+	0	0	0		46	0	214	0.0	224	2	962	0.002079002079002079
CUFF_NC.5056	3	1799675	1800154	+	0	0	0		5	0	32	0.0	8	1	109	0.009174311926605505
CUFF_NC.5057	3	1802353	1803007	+	0	0	0		20	1	303	0.0033003300330033004	104	2	1145	0.0017467248908296944
CUFF_NC.5055	3	1813401	1814274	-	0	0	0		30	1	310	0.0032258064516129032	179	4	1335	0.00299625468164794
CUFF_NC.5062	3	1829119	1830389	+	0	0	0		80	0	367	0.0	244	3	1057	0.002838221381267739
CUFF_NC.5059	3	1838537	1838941	-	0	0	0		9	0	161	0.0	66	3	746	0.004021447721179625
CUFF_NC.5061	3	1842287	1843197	+	0	0	0		35	1	99	0.010101010101010102	222	6	829	0.007237635705669481
CUFF_NC.5060	3	1855852	1856202	-	0	0	0		6	0	35	0.0	75	1	545	0.001834862385321101
CUFF_NC.5064	3	1860028	1860760	+	0	0	0		30	0	129	0.0	105	0	334	0.0
CUFF_NC.5068	3	1871841	1872525	-	0	0	0		23	1	119	0.008403361344537815	134	4	734	0.005449591280653951
CUFF_NC.5066	3	1875198	1875917	+	0	0	0		49	1	180	0.005555555555555556	175	0	670	0.0
CUFF_NC.5067	3	1876519	1876944	+	0	0	0		24	3	99	0.030303030303030304	110	0	382	0.0
CUFF_NC.5076	3	1887080	1888686	-	0	0	0		96	0	404	0.0	350	7	1285	0.005447470817120622
CUFF_NC.5077	3	1896832	1897657	-	0	0	0		37	1	263	0.0038022813688212928	146	5	848	0.00589622641509434
CUFF_NC.5075	3	1899082	1901954	+	0	0	0		210	4	1400	0.002857142857142857	742	14	4375	0.0032
CUFF_NC.5065	3	1909690	1910790	-	0	0	0		41	0	182	0.0	253	5	1084	0.004612546125461255
CUFF_NC.5069	3	1923934	1924498	+	0	0	0		17	181	238	0.7605042016806722	136	880	1784	0.49327354260089684
CUFF_NC.5070	3	1928887	1929354	-	0	0	0		18	1	222	0.0045045045045045045	36	0	305	0.0
CUFF_NC.5073	3	1929822	1930247	+	0	0	0		13	0	68	0.0	103	1	474	0.002109704641350211
CUFF_NC.5074	3	1930810	1931218	+	0	0	0		31	0	180	0.0	84	2	443	0.004514672686230248
CUFF_NC.5071	3	1951978	1952632	-	0	0	0		8	0	42	0.0	157	4	492	0.008130081300813009
CUFF_NC.5072	3	1953283	1953673	-	0	0	0		18	0	91	0.0	104	0	390	0.0
CUFF_NC.5078	3	1956644	1957287	+	0	0	0		31	1	313	0.003194888178913738	107	1	695	0.0014388489208633094
CUFF_NC.5085	3	1975950	1978423	+	0	0	0		164	3	727	0.0041265474552957355	625	6	2201	0.0027260336210813267
CUFF_NC.5083	3	1980533	1982160	-	0	0	0		86	2	743	0.0026917900403768506	250	3	1355	0.002214022140221402
CUFF_NC.5084	3	1983642	1985178	-	0	0	0		67	2	338	0.005917159763313609	314	0	1218	0.0
CUFF_NC.5086	3	1987013	1987916	+	0	0	0		59	1	253	0.003952569169960474	224	3	933	0.003215434083601286
CUFF_NC.5081	3	2013826	2015640	-	0	0	0		126	7	717	0.009762900976290097	461	9	2627	0.0034259611724400457
CUFF_NC.5079	3	2016197	2016966	-	0	0	0		51	0	270	0.0	193	2	861	0.0023228803716608595
CUFF_NC.5082	3	2047271	2048695	+	0	0	0		126	2	457	0.00437636761487965	358	4	1275	0.003137254901960784
CUFF_NC.5092	3	2052775	2053695	+	0	0	0		35	0	279	0.0	217	3	1253	0.0023942537909018356
CUFF_NC.5088	3	2068970	2071236	+	0	0	0		140	2	697	0.0028694404591104736	514	6	2422	0.002477291494632535
CUFF_NC.5087	3	2095834	2096256	+	0	0	0		38	1	163	0.006134969325153374	120	4	519	0.007707129094412331
CUFF_NC.5090	3	2102311	2102739	-	0	0	0		10	1	45	0.022222222222222223	85	0	290	0.0
CUFF_NC.5091	3	2105637	2106369	+	0	0	0		69	2	729	0.0027434842249657062	154	1	1148	0.0008710801393728223
CUFF_NC.5089	3	2129620	2130353	+	0	0	0		38	1	439	0.002277904328018223	88	2	1046	0.0019120458891013384
CUFF_NC.5094	3	2132762	2133049	-	0	0	0		14	0	153	0.0	42	0	413	0.0
CUFF_NC.5098	3	2135368	2135895	+	0	0	0		27	0	172	0.0	148	2	860	0.002325581395348837
CUFF_NC.5095	3	2145268	2145845	+	0	0	0		34	0	187	0.0	122	6	654	0.009174311926605505
CUFF_NC.5102	3	2152420	2153688	+	0	0	0		74	2	451	0.004434589800443459	236	3	1229	0.0024410089503661514
CUFF_NC.5097	3	2156573	2157788	-	0	0	0		41	1	281	0.0035587188612099642	222	4	1076	0.0037174721189591076
CUFF_NC.5103	3	2175254	2175859	+	0	0	0		31	1	275	0.0036363636363636364	118	3	1103	0.0027198549410698096
CUFF_NC.5096	3	2176657	2177439	-	0	0	0		40	1	187	0.0053475935828877	172	2	730	0.0027397260273972603
CUFF_NC.5100	3	2202072	2202836	-	0	0	0		43	0	407	0.0	132	2	887	0.002254791431792559
CUFF_NC.5101	3	2202994	2203337	-	0	0	0		35	0	159	0.0	99	1	390	0.002564102564102564
CUFF_NC.5099	3	2205227	2205768	-	0	0	0		20	2	81	0.024691358024691357	112	1	426	0.002347417840375587
CUFF_NC.5106	3	2217658	2218101	+	0	0	0		17	0	122	0.0	108	4	711	0.005625879043600563
CUFF_NC.5108	3	2222685	2224811	+	0	0	0		95	0	455	0.0	375	6	1712	0.0035046728971962616
CUFF_NC.5105	3	2229512	2230139	+	0	0	0		30	0	407	0.0	113	3	867	0.0034602076124567475
CUFF_NC.5112	3	2241390	2241888	-	0	0	0		27	1	207	0.004830917874396135	78	2	403	0.004962779156327543
CUFF_NC.5113	3	2250291	2250639	+	0	0	0		19	0	114	0.0	82	1	452	0.0022123893805309734
CUFF_NC.5104	3	2250941	2251750	-	0	0	0		33	149	243	0.6131687242798354	201	558	1696	0.3290094339622642
CUFF_NC.5107	3	2256101	2256599	+	0	0	0		38	0	206	0.0	123	2	676	0.0029585798816568047
CUFF_NC.5109	3	2258886	2259587	+	0	0	0		25	322	346	0.930635838150289	153	617	1548	0.39857881136950907
CUFF_NC.5110	3	2294881	2295679	+	0	0	0		27	0	188	0.0	122	4	641	0.0062402496099844
CUFF_NC.5114	3	2296035	2297789	-	0	0	0		82	2	424	0.0047169811320754715	409	4	1800	0.0022222222222222222
CUFF_NC.5111	3	2298238	2299411	-	0	0	0		63	2	527	0.003795066413662239	308	3	1954	0.0015353121801432957
CUFF_NC.5116	3	2332137	2334315	+	0	0	0		132	2	734	0.0027247956403269754	410	9	1691	0.005322294500295683
CUFF_NC.5117	3	2335830	2336881	+	0	0	0		62	1	368	0.002717391304347826	230	2	1236	0.0016181229773462784
CUFF_NC.5119	3	2342426	2343489	+	0	0	0		85	1	323	0.0030959752321981426	235	4	1083	0.003693444136657433
CUFF_NC.5115	3	2344944	2346163	-	0	0	0		36	2	277	0.007220216606498195	292	5	1741	0.002871912693854107
CUFF_NC.5118	3	2347245	2348734	-	0	0	0		85	1	248	0.004032258064516129	253	2	878	0.002277904328018223
CUFF_NC.5120	3	2355507	2356785	-	0	0	0		96	2	479	0.0041753653444676405	327	5	1438	0.0034770514603616135
CUFF_NC.5124	3	2373016	2373464	+	0	0	0		37	0	160	0.0	107	0	467	0.0
CUFF_NC.5122	3	2386834	2387668	+	0	0	0		44	1	320	0.003125	221	4	1238	0.0032310177705977385
CUFF_NC.5121	3	2393932	2394690	+	0	0	0		46	0	263	0.0	130	0	651	0.0
CUFF_NC.5125	3	2412170	2412676	+	0	0	0		28	0	112	0.0	80	0	254	0.0
CUFF_NC.5123	3	2419262	2420534	+	0	0	0		68	2	348	0.005747126436781609	189	4	1019	0.003925417075564278
CUFF_NC.5126	3	2426098	2426638	-	0	0	0		35	0	324	0.0	112	1	623	0.0016051364365971107
CUFF_NC.5127	3	2427941	2428279	-	0	0	0		27	0	153	0.0	70	1	284	0.0035211267605633804
CUFF_NC.5128	3	2464262	2465119	+	0	0	0		39	1	377	0.002652519893899204	192	3	1650	0.0018181818181818182
CUFF_NC.5139	3	2477074	2477714	-	0	0	0		37	0	209	0.0	186	4	848	0.0047169811320754715
CUFF_NC.5132	3	2485734	2487020	-	0	0	0		62	1	771	0.0012970168612191958	255	7	1705	0.004105571847507331
CUFF_NC.5130	3	2487367	2488522	-	0	0	0		58	0	468	0.0	286	5	1697	0.0029463759575721863
CUFF_NC.5135	3	2493782	2494557	-	0	0	0		69	0	308	0.0	213	0	772	0.0
CUFF_NC.5136	3	2495003	2495643	-	0	0	0		31	2	346	0.005780346820809248	150	7	1309	0.0053475935828877
CUFF_NC.5133	3	2496485	2502858	+	0	0	0		335	2	1424	0.0014044943820224719	1588	20	6648	0.0030084235860409147
CUFF_NC.5134	3	2497515	2500786	+	0	0	0		158	1	759	0.0013175230566534915	789	10	3685	0.0027137042062415195
CUFF_NC.5129	3	2504689	2505109	-	0	0	0		14	1	120	0.008333333333333333	88	2	530	0.0037735849056603774
CUFF_NC.5137	3	2511055	2512046	-	0	0	0		44	1	226	0.004424778761061947	270	6	1367	0.0043891733723482075
CUFF_NC.5138	3	2535676	2536375	-	0	0	0		28	0	253	0.0	106	2	657	0.0030441400304414
CUFF_NC.5140	3	2563807	2564896	-	0	0	0		67	0	371	0.0	258	2	1383	0.0014461315979754157
CUFF_NC.5141	3	2579581	2580166	+	0	0	0		19	0	194	0.0	91	0	533	0.0
CUFF_NC.5142	3	2596338	2597476	-	0	0	0		61	1	442	0.0022624434389140274	218	3	1305	0.0022988505747126436
CUFF_NC.5143	3	2605513	2606475	+	0	0	0		85	1	268	0.0037313432835820895	292	2	1054	0.0018975332068311196
CUFF_NC.5144	3	2607746	2608184	+	0	0	0		25	0	123	0.0	92	2	380	0.005263157894736842
CUFF_NC.5145	3	2612145	2613772	-	0	0	0		104	2	732	0.00273224043715847	363	7	1915	0.0036553524804177544
CUFF_NC.5149	3	2617662	2618248	-	0	0	0		30	3	459	0.006535947712418301	123	4	1085	0.003686635944700461
CUFF_NC.5150	3	2620953	2623768	-	0	0	0		135	2	709	0.0028208744710860366	749	9	3327	0.002705139765554554
CUFF_NC.5146	3	2633541	2634193	-	0	0	0		20	0	132	0.0	143	3	755	0.003973509933774834
CUFF_NC.5147	3	2635704	2636247	-	0	0	0		43	0	165	0.0	153	2	537	0.0037243947858473
CUFF_NC.5153	3	2648549	2652065	+	0	0	0		221	5	1788	0.002796420581655481	771	15	4733	0.003169237270230298
CUFF_NC.5154	3	2650175	2653586	+	0	0	0		217	5	1998	0.0025025025025025025	742	16	5263	0.0030400912027360822
CUFF_NC.5152	3	2696184	2696818	+	0	0	0		34	0	118	0.0	140	2	666	0.003003003003003003
CUFF_NC.5151	3	2701319	2702686	+	0	0	0		79	0	388	0.0	342	7	1571	0.004455760661998727
CUFF_NC.5163	3	2710389	2712139	+	0	0	0		85	0	414	0.0	376	8	1877	0.004262120404901438
CUFF_NC.5164	3	2717035	2717303	-	0	0	0		29	0	144	0.0	61	1	324	0.0030864197530864196
CUFF_NC.5155	3	2739527	2739796	-	0	0	0		18	0	102	0.0	56	1	241	0.004149377593360996
CUFF_NC.5159	3	2741747	2742654	-	0	0	0		52	0	257	0.0	228	6	1116	0.005376344086021506
CUFF_NC.5160	3	2748435	2748914	-	0	0	0		19	0	152	0.0	117	3	829	0.0036188178528347406
CUFF_NC.5156	3	2751458	2752161	-	0	0	0		37	0	181	0.0	165	4	703	0.005689900426742532
CUFF_NC.5158	3	2768756	2771174	+	0	0	0		177	3	743	0.004037685060565276	470	7	2014	0.003475670307845084
CUFF_NC.5157	3	2773774	2774507	+	0	0	0		22	0	85	0.0	128	2	447	0.0044742729306487695
CUFF_NC.5165	3	2783845	2784489	+	0	0	0		47	3	286	0.01048951048951049	189	4	997	0.004012036108324975
CUFF_NC.5162	3	2803495	2803830	-	0	0	0		19	0	141	0.0	72	1	439	0.002277904328018223
CUFF_NC.5166	3	2848418	2849375	+	0	0	0		33	1	267	0.003745318352059925	259	9	1274	0.00706436420722135
CUFF_NC.5171	3	2858776	2859242	-	0	0	0		41	1	164	0.006097560975609756	129	1	495	0.00202020202020202
CUFF_NC.5169	3	2877854	2878480	-	0	0	0		28	0	267	0.0	170	5	1204	0.004152823920265781
CUFF_NC.5167	3	2891151	2891855	+	0	0	0		20	0	91	0.0	151	2	738	0.0027100271002710027
CUFF_NC.5168	3	2892412	2893824	+	0	0	0		70	0	291	0.0	213	1	759	0.0013175230566534915
CUFF_NC.5174	3	2894995	2895802	+	0	0	0		53	2	374	0.0053475935828877	210	2	1267	0.0015785319652722968
CUFF_NC.5175	3	2900573	2901027	+	0	0	0		31	0	157	0.0	122	2	589	0.003395585738539898
CUFF_NC.5170	3	2903362	2904814	+	0	0	0		89	1	380	0.002631578947368421	406	6	1786	0.0033594624860022394
CUFF_NC.5172	3	2907441	2908526	-	0	0	0		81	2	322	0.006211180124223602	277	3	1050	0.002857142857142857
CUFF_NC.5173	3	2908804	2909410	-	0	0	0		56	0	247	0.0	157	3	713	0.004207573632538569
CUFF_NC.5179	3	2966467	2967598	-	0	0	0		83	1	687	0.001455604075691412	267	7	1540	0.004545454545454545
CUFF_NC.5180	3	2968078	2968487	-	0	0	0		31	0	186	0.0	103	1	509	0.0019646365422396855
CUFF_NC.5176	3	2970760	2971665	+	0	0	0		20	54	190	0.28421052631578947	114	186	668	0.27844311377245506
CUFF_NC.5177	3	3001780	3003245	+	0	0	0		119	2	664	0.0030120481927710845	360	3	1512	0.001984126984126984
CUFF_NC.5178	3	3004103	3006299	+	0	0	0		153	3	853	0.0035169988276670576	598	9	2937	0.0030643513789581204
CUFF_NC.5196	3	3044309	3045028	+	0	0	0		32	0	221	0.0	158	4	899	0.004449388209121246
CUFF_NC.5181	3	3055510	3056094	-	0	0	0		21	0	166	0.0	148	3	651	0.004608294930875576
CUFF_NC.5184	3	3061998	3064314	-	0	0	0		115	1	569	0.0017574692442882249	533	12	2695	0.0044526901669758815
CUFF_NC.5183	3	3069155	3069893	-	0	0	0		28	1	219	0.0045662100456621	132	2	563	0.003552397868561279
CUFF_NC.5189	3	3081316	3087748	+	0	0	0		384	7	2814	0.0024875621890547263	1668	25	10105	0.002474022761009401
CUFF_NC.5190	3	3091066	3091966	+	0	0	0		45	0	270	0.0	165	1	853	0.0011723329425556857
CUFF_NC.5191	3	3094081	3094925	+	0	0	0		47	0	334	0.0	128	0	727	0.0
CUFF_NC.5185	3	3096493	3098419	+	0	0	0		88	3	792	0.003787878787878788	308	8	1717	0.004659289458357601
CUFF_NC.5187	3	3120763	3122499	+	0	0	0		69	162	422	0.38388625592417064	366	295	1960	0.15051020408163265
CUFF_NC.5188	3	3120779	3122452	-	0	0	0		69	162	422	0.38388625592417064	356	284	1922	0.14776274713839752
CUFF_NC.5193	3	3122553	3123338	+	0	0	0		44	5	160	0.03125	99	3	363	0.008264462809917356
CUFF_NC.5195	3	3126021	3126603	-	0	0	0		19	0	94	0.0	144	1	620	0.0016129032258064516
CUFF_NC.5192	3	3133824	3134598	-	0	0	0		22	0	166	0.0	204	4	1074	0.0037243947858473
CUFF_NC.5198	3	3135706	3136130	-	0	0	0		24	0	105	0.0	113	3	542	0.005535055350553505
CUFF_NC.5197	3	3138860	3139322	+	0	0	0		25	0	73	0.0	81	0	222	0.0
CUFF_NC.5199	3	3139501	3140044	+	0	0	0		41	5	177	0.02824858757062147	123	0	522	0.0
CUFF_NC.5202	3	3146802	3147224	+	0	0	0		29	0	119	0.0	116	1	416	0.002403846153846154
CUFF_NC.5213	3	3235360	3236066	+	0	0	0		51	1	497	0.002012072434607646	165	0	1344	0.0
CUFF_NC.5205	3	3245796	3246274	-	0	0	0		33	0	303	0.0	106	1	756	0.0013227513227513227
CUFF_NC.5201	3	3250660	3252356	-	0	0	0		76	0	366	0.0	486	9	2127	0.004231311706629055
CUFF_NC.5200	3	3254975	3255958	-	0	0	0		45	0	240	0.0	196	3	935	0.0032085561497326204
CUFF_NC.5215	3	3264222	3268226	-	0	0	0		266	3	1189	0.002523128679562658	952	15	4424	0.0033905967450271247
CUFF_NC.5216	3	3265226	3269062	-	0	0	0		252	7	1184	0.0059121621621621625	943	16	4423	0.0036174542165950713
CUFF_NC.5217	3	3265925	3270865	-	0	0	0		323	7	1582	0.004424778761061947	1176	17	5680	0.002992957746478873
CUFF_NC.5218	3	3274249	3275729	+	0	0	0		69	0	227	0.0	376	2	1128	0.0017730496453900709
CUFF_NC.5204	3	3277386	3277806	+	0	0	0		19	0	65	0.0	87	1	243	0.00411522633744856
CUFF_NC.5203	3	3278060	3279223	-	0	0	0		62	0	452	0.0	271	7	1793	0.0039040713887339654
CUFF_NC.5206	3	3287643	3288760	-	0	0	0		84	0	615	0.0	288	6	1849	0.003244997295835587
CUFF_NC.5210	3	3299750	3303772	-	0	0	0		264	5	1569	0.0031867431485022306	800	11	3955	0.002781289506953224
CUFF_NC.5207	3	3310873	3311462	+	0	0	0		34	0	425	0.0	120	1	1047	0.0009551098376313276
CUFF_NC.5208	3	3313926	3314846	-	0	0	0		86	1	386	0.0025906735751295338	180	2	761	0.002628120893561104
CUFF_NC.5209	3	3316450	3317295	-	0	0	0		39	1	360	0.002777777777777778	198	3	1373	0.0021849963583394027
CUFF_NC.5212	3	3338829	3339332	-	0	0	0		18	1	316	0.0031645569620253164	82	0	823	0.0
CUFF_NC.5211	3	3356527	3357801	+	0	0	0		77	2	381	0.005249343832020997	313	1	1173	0.0008525149190110827
CUFF_NC.5219	3	3358622	3359822	+	0	0	0		69	0	338	0.0	268	3	938	0.0031982942430703624
CUFF_NC.5214	3	3367728	3368402	-	0	0	0		30	25	294	0.08503401360544217	151	259	1706	0.15181711606096132
CUFF_NC.5220	3	3369321	3369689	-	0	0	0		13	0	203	0.0	73	3	340	0.008823529411764706
CUFF_NC.5221	3	3369840	3371257	-	0	0	0		130	2	644	0.003105590062111801	342	5	1618	0.0030902348578491965
CUFF_NC.5223	3	3379526	3379974	-	0	0	0		38	0	277	0.0	103	0	594	0.0
CUFF_NC.5224	3	3380267	3380895	-	0	0	0		29	0	130	0.0	136	1	640	0.0015625
CUFF_NC.5225	3	3382642	3383083	+	0	0	0		28	0	228	0.0	106	2	737	0.0027137042062415195
CUFF_NC.5226	3	3383954	3384788	+	0	0	0		31	1	124	0.008064516129032258	165	0	647	0.0
CUFF_NC.5222	3	3409260	3409798	-	0	0	0		9	1	98	0.01020408163265306	134	14	951	0.014721345951629864
CUFF_NC.5227	3	3412891	3414059	+	0	0	0		46	0	247	0.0	296	9	1624	0.005541871921182266
CUFF_NC.5231	3	3416855	3417746	+	0	0	0		48	1	306	0.0032679738562091504	195	4	841	0.0047562425683709865
CUFF_NC.5228	3	3424815	3427088	+	0	0	0		163	0	860	0.0	457	10	2141	0.004670714619336758
CUFF_NC.5230	3	3442305	3443317	-	0	0	0		87	0	415	0.0	197	0	762	0.0
CUFF_NC.5229	3	3445319	3446567	+	0	0	0		32	1	164	0.006097560975609756	265	4	1148	0.003484320557491289
CUFF_NC.5237	3	3452372	3453924	+	0	0	0		31	1	164	0.006097560975609756	169	2	815	0.00245398773006135
CUFF_NC.5232	3	3458239	3459386	+	0	0	0		52	1	252	0.003968253968253968	166	1	736	0.001358695652173913
CUFF_NC.5235	3	3465068	3465493	-	0	0	0		21	0	89	0.0	117	2	371	0.005390835579514825
CUFF_NC.5236	3	3470373	3471854	-	0	0	0		65	1	593	0.0016863406408094434	315	19	2075	0.009156626506024097
CUFF_NC.5238	3	3474853	3476057	-	0	0	0		62	0	276	0.0	374	2	1599	0.0012507817385866166
CUFF_NC.5233	3	3478413	3479263	-	0	0	0		13	28	95	0.29473684210526313	67	59	485	0.12164948453608247
CUFF_NC.5234	3	3479644	3480661	-	0	0	0		43	1	233	0.004291845493562232	156	4	707	0.005657708628005658
CUFF_NC.5239	3	3496181	3497185	+	0	0	0		33	2	284	0.007042253521126761	130	3	1140	0.002631578947368421
CUFF_NC.5243	3	3497887	3498147	+	0	0	0		20	58	84	0.6904761904761905	40	68	236	0.288135593220339
CUFF_NC.5244	3	3498504	3499271	+	0	0	0		37	0	258	0.0	167	3	1140	0.002631578947368421
CUFF_NC.5240	3	3503726	3504674	-	0	0	0		36	0	247	0.0	217	2	1051	0.0019029495718363464
CUFF_NC.5250	3	3508466	3510061	+	0	0	0		88	2	536	0.0037313432835820895	391	3	2223	0.001349527665317139
CUFF_NC.5241	3	3527242	3527950	-	0	0	0		38	0	131	0.0	165	3	508	0.005905511811023622
CUFF_NC.5245	3	3536497	3539965	+	0	0	0		119	3	691	0.004341534008683068	550	7	3038	0.002304147465437788
CUFF_NC.5242	3	3548185	3548786	+	0	0	0		37	0	176	0.0	131	2	502	0.00398406374501992
CUFF_NC.5247	3	3566763	3567385	-	0	0	0		35	0	164	0.0	123	2	523	0.0038240917782026767
CUFF_NC.5249	3	3578444	3580514	-	0	0	0		120	0	500	0.0	525	4	2265	0.0017660044150110375
CUFF_NC.5248	3	3582946	3583398	+	0	0	0		10	0	98	0.0	107	0	709	0.0
CUFF_NC.5251	3	3588320	3588824	-	0	0	0		20	1	104	0.009615384615384616	118	0	528	0.0
CUFF_NC.5252	3	3588588	3589685	+	0	0	0		38	0	193	0.0	216	2	1130	0.0017699115044247787
CUFF_NC.5253	3	3591354	3592816	-	0	0	0		103	0	448	0.0	288	5	1322	0.0037821482602118004
CUFF_NC.5256	3	3605438	3607400	+	0	0	0		125	6	1432	0.004189944134078212	437	9	3860	0.00233160621761658
CUFF_NC.5255	3	3627082	3627689	+	0	0	0		20	0	142	0.0	175	4	797	0.005018820577164366
CUFF_NC.5254	3	3627913	3628364	+	0	0	0		14	0	32	0.0	82	0	189	0.0
CUFF_NC.5260	3	3636881	3639233	-	0	0	0		140	0	632	0.0	641	10	2648	0.0037764350453172208
CUFF_NC.5259	3	3650552	3651690	+	0	0	0		38	0	256	0.0	220	9	1275	0.007058823529411765
CUFF_NC.5257	3	3655581	3658166	+	0	0	0		62	0	288	0.0	481	11	2282	0.004820333041191937
CUFF_NC.5261	3	3673748	3675181	-	0	0	0		93	1	462	0.0021645021645021645	292	5	1356	0.003687315634218289
CUFF_NC.5262	3	3678819	3679900	+	0	0	0		34	0	214	0.0	116	3	602	0.0049833887043189366
CUFF_NC.5265	3	3682518	3682817	+	0	0	0		32	2	138	0.014492753623188406	82	0	282	0.0
CUFF_NC.5263	3	3695053	3696482	-	0	0	0		71	1	491	0.002036659877800407	196	5	1556	0.003213367609254499
CUFF_NC.5264	3	3698603	3700340	-	0	0	0		139	2	612	0.0032679738562091504	383	8	1464	0.00546448087431694
CUFF_NC.5267	3	3713587	3714080	+	0	0	0		21	1	217	0.004608294930875576	132	4	844	0.004739336492890996
CUFF_NC.5268	3	3714235	3714928	+	0	0	0		33	2	279	0.007168458781362007	168	4	1299	0.003079291762894534
CUFF_NC.5270	3	3723243	3723868	+	0	0	0		16	0	130	0.0	153	3	961	0.003121748178980229
CUFF_NC.5269	3	3739810	3740477	+	0	0	0		42	0	227	0.0	155	5	876	0.005707762557077625
CUFF_NC.5266	3	3744815	3745559	-	0	0	0		15	0	155	0.0	124	13	1108	0.011732851985559567
CUFF_NC.5276	3	3755826	3757824	-	0	0	0		143	4	860	0.004651162790697674	481	8	2393	0.003343083994985374
CUFF_NC.5271	3	3776340	3776752	-	0	0	0		34	0	107	0.0	92	0	224	0.0
CUFF_NC.5273	3	3783180	3783922	+	0	0	0		46	3	633	0.004739336492890996	154	4	1250	0.0032
CUFF_NC.5283	3	3792976	3793518	-	0	0	0		32	1	135	0.007407407407407408	132	2	581	0.0034423407917383822
CUFF_NC.5274	3	3807369	3812626	+	0	0	0		4	1	4	0.25	3	0	3	0.0
CUFF_NC.5272	3	3814112	3814852	-	0	0	0		21	0	99	0.0	153	3	610	0.004918032786885246
CUFF_NC.5275	3	3839192	3840198	-	0	0	0		63	2	548	0.0036496350364963502	181	2	1018	0.0019646365422396855
CUFF_NC.5282	3	3852411	3853100	+	0	0	0		22	0	103	0.0	96	1	607	0.0016474464579901153
CUFF_NC.5277	3	3857705	3858176	-	0	0	0		23	2	131	0.015267175572519083	110	2	649	0.0030816640986132513
CUFF_NC.5278	3	3867039	3867587	-	0	0	0		19	0	124	0.0	165	4	853	0.004689331770222743
CUFF_NC.5286	3	3867801	3869334	+	0	0	0		77	0	652	0.0	333	7	2277	0.0030742204655248135
CUFF_NC.5287	3	3870884	3871936	+	0	0	0		63	1	284	0.0035211267605633804	261	0	1018	0.0
CUFF_NC.5279	3	3872415	3875166	+	0	0	0		121	45	918	0.049019607843137254	500	460	3160	0.14556962025316456
CUFF_NC.5280	3	3873007	3876298	+	0	0	0		125	44	871	0.0505166475315729	567	460	3374	0.13633669235328985
CUFF_NC.5281	3	3876639	3878933	+	0	0	0		123	2	684	0.0029239766081871343	647	12	2936	0.004087193460490463
CUFF_NC.5284	3	3887221	3888099	+	0	0	0		75	2	592	0.0033783783783783786	231	4	1299	0.003079291762894534
CUFF_NC.5285	3	3890407	3891514	+	0	0	0		30	0	196	0.0	285	3	1544	0.0019430051813471502
CUFF_NC.5288	3	3930296	3930975	+	0	0	0		53	0	173	0.0	179	6	516	0.011627906976744186
CUFF_NC.5290	3	3931423	3932438	-	0	0	0		69	1	278	0.0035971223021582736	272	3	1086	0.0027624309392265192
CUFF_NC.5293	3	3938156	3940829	+	0	0	0		189	6	1328	0.004518072289156626	671	7	3832	0.0018267223382045928
CUFF_NC.5294	3	3945335	3946032	+	0	0	0		45	1	190	0.005263157894736842	153	2	587	0.0034071550255536627
CUFF_NC.5295	3	3946129	3948477	+	0	0	0		131	1	608	0.001644736842105263	439	7	1874	0.003735325506937033
CUFF_NC.5289	3	3949651	3950486	+	0	0	0		56	1	315	0.0031746031746031746	133	3	631	0.004754358161648178
CUFF_NC.5291	3	3954565	3955601	+	0	0	0		69	0	340	0.0	188	3	842	0.0035629453681710215
CUFF_NC.5292	3	3963123	3964222	+	0	0	0		60	0	228	0.0	231	2	745	0.0026845637583892616
CUFF_NC.5307	3	3967124	3967621	-	0	0	0		34	0	116	0.0	110	3	344	0.00872093023255814
CUFF_NC.5297	3	3991588	3992274	+	0	0	0		53	0	325	0.0	187	0	960	0.0
CUFF_NC.5298	3	4004780	4006146	-	0	0	0		70	0	484	0.0	322	4	1503	0.0026613439787092482
CUFF_NC.5299	3	4006565	4007970	+	0	0	0		109	1	491	0.002036659877800407	294	2	1277	0.0015661707126076742
CUFF_NC.5296	3	4011936	4013686	-	0	0	0		87	0	383	0.0	394	2	1300	0.0015384615384615385
CUFF_NC.5302	3	4018250	4018664	+	0	0	0		28	2	293	0.006825938566552901	97	1	618	0.0016181229773462784
CUFF_NC.5305	3	4029723	4030533	+	0	0	0		58	0	377	0.0	196	2	1069	0.0018709073900841909
CUFF_NC.5306	3	4033017	4033705	+	0	0	0		37	0	184	0.0	166	2	676	0.0029585798816568047
CUFF_NC.5301	3	4036935	4039120	-	0	0	0		105	1	393	0.002544529262086514	464	4	1447	0.0027643400138217
CUFF_NC.5300	3	4040463	4041101	+	0	0	0		25	0	206	0.0	181	4	1026	0.003898635477582846
CUFF_NC.5303	3	4095356	4096130	-	0	0	0		50	2	160	0.0125	212	3	683	0.004392386530014641
CUFF_NC.5310	3	4112401	4116025	-	0	0	0		275	5	1108	0.004512635379061372	902	12	3265	0.003675344563552833
CUFF_NC.5304	3	4122014	4123209	+	0	0	0		58	1	327	0.0030581039755351682	282	3	1594	0.0018820577164366374
CUFF_NC.5308	3	4136910	4137674	-	0	0	0		34	0	310	0.0	195	3	1480	0.002027027027027027
CUFF_NC.5309	3	4143604	4144208	-	0	0	0		26	0	113	0.0	156	1	553	0.0018083182640144665
CUFF_NC.5335	3	4148641	4149631	-	0	0	0		95	1	466	0.002145922746781116	260	4	1298	0.0030816640986132513
CUFF_NC.5313	3	4168463	4171452	+	0	0	0		205	10	1249	0.008006405124099279	775	12	3841	0.0031241864097891173
CUFF_NC.5314	3	4174635	4175532	+	0	0	0		42	1	354	0.002824858757062147	201	2	1324	0.0015105740181268882
CUFF_NC.5312	3	4182327	4183951	-	0	0	0		123	2	628	0.0031847133757961785	446	7	1981	0.0035335689045936395
CUFF_NC.5311	3	4196675	4197022	+	0	0	0		14	0	94	0.0	106	0	586	0.0
CUFF_NC.5315	3	4206026	4212851	+	0	0	0		496	15	2861	0.005242922055225445	1810	31	9523	0.003255276698519374
CUFF_NC.5317	3	4229913	4231306	+	0	0	0		76	1	411	0.0024330900243309003	321	5	1362	0.003671071953010279
CUFF_NC.5318	3	4235228	4235754	+	0	0	0		29	0	301	0.0	108	3	701	0.0042796005706134095
CUFF_NC.5316	3	4242311	4242605	-	0	0	0		22	0	89	0.0	61	0	265	0.0
CUFF_NC.5319	3	4256079	4256803	-	0	0	0		29	0	104	0.0	154	2	545	0.003669724770642202
CUFF_NC.5323	3	4262659	4263203	+	0	0	0		22	26	108	0.24074074074074073	117	104	510	0.20392156862745098
CUFF_NC.5320	3	4265092	4265564	+	0	0	0		44	0	296	0.0	121	4	767	0.005215123859191656
CUFF_NC.5321	3	4268658	4269064	+	0	0	0		20	0	83	0.0	81	0	306	0.0
CUFF_NC.5322	3	4310576	4311599	+	0	0	0		66	0	340	0.0	206	0	826	0.0
CUFF_NC.5327	3	4333950	4335301	-	0	0	0		110	5	465	0.010752688172043012	362	7	1410	0.004964539007092199
CUFF_NC.5326	3	4337574	4337912	+	0	0	0		23	0	132	0.0	85	2	401	0.004987531172069825
CUFF_NC.5325	3	4339114	4339792	+	0	0	0		41	0	359	0.0	122	2	872	0.0022935779816513763
CUFF_NC.5324	3	4341346	4342238	-	0	0	0		37	288	390	0.7384615384615385	202	263	2236	0.11762075134168157
CUFF_NC.5328	3	4358357	4358865	+	0	0	0		34	1	183	0.00546448087431694	112	2	693	0.002886002886002886
CUFF_NC.5329	3	4362459	4363215	+	0	0	0		66	1	439	0.002277904328018223	178	0	972	0.0
CUFF_NC.5330	3	4371325	4371973	-	0	0	0		19	0	78	0.0	130	2	623	0.0032102728731942215
CUFF_NC.5337	3	4381638	4381959	-	0	0	0		20	1	101	0.009900990099009901	93	2	411	0.004866180048661801
CUFF_NC.5332	3	4384717	4386655	+	0	0	0		146	0	1149	0.0	429	6	2907	0.0020639834881320948
CUFF_NC.5333	3	4387476	4388293	+	0	0	0		50	2	399	0.005012531328320802	180	3	1417	0.002117148906139732
CUFF_NC.5334	3	4408956	4409364	-	0	0	0		21	0	54	0.0	88	2	316	0.006329113924050633
CUFF_NC.5336	3	4424263	4424843	+	0	0	0		44	0	115	0.0	154	1	335	0.0029850746268656717
CUFF_NC.5338	3	4441012	4441440	+	0	0	0		24	2	202	0.009900990099009901	94	2	604	0.0033112582781456954
CUFF_NC.5339	3	4448633	4449109	+	0	0	0		15	0	88	0.0	127	3	822	0.0036496350364963502
CUFF_NC.5342	3	4451671	4451962	+	0	0	0		24	0	79	0.0	90	2	297	0.006734006734006734
CUFF_NC.5343	3	4464668	4465807	-	0	0	0		39	1	205	0.004878048780487805	247	4	1399	0.0028591851322373124
CUFF_NC.5341	3	4467004	4467575	-	0	0	0		26	24	149	0.1610738255033557	187	63	903	0.06976744186046512
CUFF_NC.5345	3	4488014	4488543	-	0	0	0		29	0	95	0.0	112	1	460	0.002173913043478261
CUFF_NC.5348	3	4492747	4496076	+	0	0	0		128	44	731	0.060191518467852256	594	437	3317	0.13174555321073259
CUFF_NC.5344	3	4505027	4506067	-	0	0	0		66	1	226	0.004424778761061947	242	3	775	0.003870967741935484
CUFF_NC.5346	3	4522130	4523073	+	0	0	0		63	1	330	0.0030303030303030303	281	5	1435	0.003484320557491289
CUFF_NC.5347	3	4530964	4532223	-	0	0	0		51	0	278	0.0	280	3	1212	0.0024752475247524753
CUFF_NC.5352	3	4546129	4547404	-	0	0	0		38	1	146	0.00684931506849315	239	0	963	0.0
CUFF_NC.5349	3	4558906	4559492	+	0	0	0		26	0	129	0.0	167	1	753	0.0013280212483399733
CUFF_NC.5350	3	4571139	4571916	+	0	0	0		25	0	85	0.0	178	5	753	0.006640106241699867
CUFF_NC.5351	3	4600692	4601103	+	0	0	0		45	0	280	0.0	105	2	650	0.003076923076923077
CUFF_NC.5358	3	4608329	4608705	-	0	0	0		21	0	37	0.0	76	0	148	0.0
CUFF_NC.5357	3	4611844	4613802	+	0	0	0		99	1	699	0.001430615164520744	375	5	2114	0.0023651844843897824
CUFF_NC.5354	3	4632609	4633946	+	0	0	0		85	5	610	0.00819672131147541	310	4	1988	0.002012072434607646
CUFF_NC.5356	3	4650546	4651901	+	0	0	0		90	0	321	0.0	329	4	1228	0.003257328990228013
CUFF_NC.5355	3	4655525	4656039	-	0	0	0		25	0	111	0.0	98	0	362	0.0
CUFF_NC.5359	3	4658165	4660983	+	0	0	0		235	1	884	0.0011312217194570137	674	4	2202	0.0018165304268846503
CUFF_NC.5360	3	4661815	4662723	+	0	0	0		61	0	192	0.0	245	1	808	0.0012376237623762376
CUFF_NC.5373	3	4707047	4710155	+	0	0	0		204	2	1059	0.0018885741265344666	585	6	2297	0.00261210274270788
CUFF_NC.5365	3	4711468	4712426	-	0	0	0		73	3	509	0.005893909626719057	244	2	1126	0.0017761989342806395
CUFF_NC.5366	3	4716239	4716827	+	0	0	0		42	2	377	0.005305039787798408	122	1	1077	0.0009285051067780873
CUFF_NC.5367	3	4720442	4721164	+	0	0	0		42	1	250	0.004	132	0	529	0.0
CUFF_NC.5361	3	4723965	4725605	-	0	0	0		13	0	93	0.0	96	0	395	0.0
CUFF_NC.5362	3	4724697	4726017	+	0	0	0		1	0	14	0.0	88	5	599	0.008347245409015025
CUFF_NC.5369	3	4730862	4731706	-	0	0	0		45	0	191	0.0	202	1	826	0.0012106537530266344
CUFF_NC.5363	3	4732836	4734132	-	0	0	0		75	2	417	0.004796163069544364	269	3	1207	0.0024855012427506215
CUFF_NC.5364	3	4737655	4738319	+	0	0	0		66	0	285	0.0	169	1	744	0.0013440860215053765
CUFF_NC.5368	3	4751605	4752093	-	0	0	0		11	0	64	0.0	89	2	624	0.003205128205128205
CUFF_NC.5377	3	4756380	4757739	-	0	0	0		97	1	425	0.002352941176470588	360	8	1560	0.005128205128205128
CUFF_NC.5378	3	4758319	4761168	-	0	0	0		182	8	1044	0.007662835249042145	707	16	3338	0.004793289394847214
CUFF_NC.5376	3	4761625	4762035	+	0	0	0		23	1	107	0.009345794392523364	103	1	325	0.003076923076923077
CUFF_NC.5370	3	4772145	4773079	+	0	0	0		78	0	241	0.0	198	1	614	0.0016286644951140066
CUFF_NC.5371	3	4773371	4775351	+	0	0	0		98	1	464	0.0021551724137931034	382	2	1759	0.0011370096645821489
CUFF_NC.5372	3	4791493	4792231	-	0	0	0		39	0	274	0.0	131	0	770	0.0
CUFF_NC.5374	3	4802989	4803829	+	0	0	0		46	1	267	0.003745318352059925	200	2	1109	0.0018034265103697023
CUFF_NC.5379	3	4812458	4813200	+	0	0	0		49	3	376	0.007978723404255319	210	2	1542	0.0012970168612191958
CUFF_NC.5380	3	4818491	4821481	-	0	0	0		202	1	1068	0.0009363295880149813	748	6	3463	0.0017326017903551833
CUFF_NC.5375	3	4831330	4834078	+	0	0	0		195	4	880	0.004545454545454545	556	7	2343	0.002987622705932565
CUFF_NC.5383	3	4872979	4877515	+	0	0	0		176	7	1281	0.00546448087431694	952	59	4983	0.011840256873369457
CUFF_NC.5384	3	4875771	4881998	+	0	0	0		268	3	1506	0.00199203187250996	1384	29	6845	0.004236669101533966
CUFF_NC.5385	3	4877628	4883616	+	0	0	0		273	2	1517	0.0013183915622940012	1448	30	7401	0.004053506282934738
CUFF_NC.5382	3	4886972	4888347	+	0	0	0		38	1	309	0.003236245954692557	254	8	1483	0.005394470667565745
CUFF_NC.5381	3	4889347	4889930	-	0	0	0		12	0	122	0.0	136	1	930	0.001075268817204301
CUFF_NC.5396	3	4911727	4913182	-	0	0	0		96	0	525	0.0	394	7	1801	0.003886729594669628
CUFF_NC.5397	3	4913573	4932537	-	0	0	0		795	49	4254	0.01151857075693465	3560	101	16196	0.006236107680908866
CUFF_NC.5387	3	4936120	4939999	-	0	0	0		256	1	1402	0.0007132667617689016	976	10	4500	0.0022222222222222222
CUFF_NC.5386	3	4942416	4942754	-	0	0	0		17	0	124	0.0	83	2	469	0.0042643923240938165
CUFF_NC.5389	3	4950860	4951472	+	0	0	0		39	2	330	0.006060606060606061	141	3	780	0.0038461538461538464
CUFF_NC.5390	3	4952244	4952860	+	0	0	0		23	0	178	0.0	180	2	784	0.002551020408163265
CUFF_NC.5393	3	4988054	4988500	-	0	0	0		9	0	110	0.0	85	1	500	0.002
CUFF_NC.5391	3	4995367	4995998	-	0	0	0		20	0	103	0.0	111	4	450	0.008888888888888889
CUFF_NC.5392	3	4998418	4999229	+	0	0	0		59	0	247	0.0	247	6	953	0.0062959076600209865
CUFF_NC.5394	3	5004309	5005690	-	0	0	0		111	3	569	0.005272407732864675	354	4	1513	0.0026437541308658294
CUFF_NC.5398	3	5009191	5010460	-	0	0	0		95	0	636	0.0	343	7	1835	0.0038147138964577656
CUFF_NC.5395	3	5019287	5019920	-	0	0	0		24	0	242	0.0	134	2	965	0.002072538860103627
CUFF_NC.5399	3	5051484	5052363	-	0	0	0		59	0	105	0.0	278	2	613	0.0032626427406199023
CUFF_NC.5401	3	5058951	5062216	-	0	0	0		51	0	252	0.0	714	9	3920	0.002295918367346939
CUFF_NC.5402	3	5062344	5063738	-	0	0	0		116	0	391	0.0	259	2	1010	0.0019801980198019802
CUFF_NC.5400	3	5065216	5066713	+	0	0	0		103	1	674	0.001483679525222552	351	4	1909	0.0020953378732320588
CUFF_NC.5403	3	5071274	5072591	+	0	0	0		105	0	463	0.0	374	3	1545	0.001941747572815534
CUFF_NC.5405	3	5086306	5086960	+	0	0	0		37	3	265	0.011320754716981131	153	4	1046	0.0038240917782026767
CUFF_NC.5406	3	5087069	5087538	+	0	0	0		21	0	282	0.0	111	2	896	0.002232142857142857
CUFF_NC.5407	3	5093989	5095330	+	0	0	0		83	5	1227	0.004074979625101874	230	5	1828	0.002735229759299781
CUFF_NC.5408	3	5104430	5104741	-	0	0	0		19	0	68	0.0	72	0	184	0.0
CUFF_NC.5404	3	5119515	5119946	-	0	0	0		24	0	104	0.0	101	1	427	0.00234192037470726
CUFF_NC.5409	3	5121167	5122309	-	0	0	0		87	1	256	0.00390625	236	1	850	0.001176470588235294
CUFF_NC.5417	3	5126883	5127873	+	0	0	0		58	0	382	0.0	260	6	1373	0.004369992716678805
CUFF_NC.5410	3	5136520	5137091	+	0	0	0		46	0	218	0.0	100	3	428	0.007009345794392523
CUFF_NC.5414	3	5139839	5140295	-	0	0	0		28	0	121	0.0	115	0	465	0.0
CUFF_NC.5411	3	5147607	5148543	+	0	0	0		60	1	302	0.0033112582781456954	232	2	1055	0.0018957345971563982
CUFF_NC.5415	3	5171028	5171952	+	0	0	0		63	0	432	0.0	247	8	1442	0.005547850208044383
CUFF_NC.5413	3	5174695	5175644	+	0	0	0		42	2	406	0.0049261083743842365	188	1	1318	0.0007587253414264037
CUFF_NC.5418	3	5250481	5250949	+	0	0	0		60	1	232	0.004310344827586207	117	3	446	0.006726457399103139
CUFF_NC.5419	3	5258469	5259041	-	0	0	0		31	0	139	0.0	143	2	538	0.0037174721189591076
CUFF_NC.5416	3	5270806	5271844	+	0	0	0		67	0	276	0.0	236	3	894	0.003355704697986577
CUFF_NC.5420	3	5286256	5286744	+	0	0	0		17	363	623	0.5826645264847512	123	939	2709	0.34662236987818384
CUFF_NC.5430	3	5291344	5291827	+	0	0	0		34	0	180	0.0	115	1	633	0.001579778830963665
CUFF_NC.5424	3	5335738	5336534	-	0	0	0		40	0	238	0.0	163	1	849	0.001177856301531213
CUFF_NC.5421	3	5337350	5338373	-	0	0	0		50	0	290	0.0	208	3	1065	0.0028169014084507044
CUFF_NC.5431	3	5343755	5344514	-	0	0	0		78	1	839	0.0011918951132300357	180	1	1477	0.0006770480704129993
CUFF_NC.5422	3	5347995	5348870	+	0	0	0		41	0	167	0.0	173	3	720	0.004166666666666667
CUFF_NC.5427	3	5350835	5351902	-	0	0	0		57	1	419	0.002386634844868735	235	3	1245	0.0024096385542168677
CUFF_NC.5423	3	5354636	5355043	-	0	0	0		10	0	68	0.0	58	0	379	0.0
CUFF_NC.5425	3	5359694	5360243	-	0	0	0		30	0	108	0.0	140	6	508	0.011811023622047244
CUFF_NC.5426	3	5361305	5361720	+	0	0	0		22	0	78	0.0	108	0	370	0.0
CUFF_NC.5433	3	5362907	5363410	-	0	0	0		18	0	102	0.0	127	1	524	0.0019083969465648854
CUFF_NC.5428	3	5380309	5380726	-	0	0	0		22	70	147	0.47619047619047616	130	26	819	0.031746031746031744
CUFF_NC.5429	3	5380421	5380881	+	0	0	0		20	49	122	0.4016393442622951	126	19	645	0.02945736434108527
CUFF_NC.5432	3	5421617	5422317	-	0	0	0		20	0	115	0.0	161	2	797	0.002509410288582183
CUFF_NC.5434	3	5444850	5446096	+	0	0	0		67	1	488	0.0020491803278688526	233	0	1404	0.0
CUFF_NC.5435	3	5457883	5458820	-	0	0	0		78	1	589	0.001697792869269949	202	5	1188	0.004208754208754209
CUFF_NC.5436	3	5479902	5481045	-	0	0	0		40	0	189	0.0	255	5	1290	0.003875968992248062
CUFF_NC.5442	3	5512527	5513893	-	0	0	0		75	0	392	0.0	292	2	1494	0.0013386880856760374
CUFF_NC.5437	3	5518154	5519050	-	0	0	0		67	0	242	0.0	199	2	557	0.003590664272890485
CUFF_NC.5439	3	5523667	5524740	+	0	0	0		58	2	707	0.002828854314002829	230	2	1731	0.0011554015020219526
CUFF_NC.5438	3	5535334	5535931	-	0	0	0		42	0	85	0.0	149	1	356	0.0028089887640449437
CUFF_NC.5444	3	5539648	5540394	-	0	0	0		23	0	140	0.0	153	1	680	0.0014705882352941176
CUFF_NC.5440	3	5546706	5547146	-	0	0	0		11	2	98	0.02040816326530612	100	4	865	0.004624277456647399
CUFF_NC.5441	3	5550723	5551211	+	0	0	0		9	0	27	0.0	102	1	337	0.002967359050445104
CUFF_NC.5448	3	5562585	5566756	-	0	0	0		127	1	755	0.0013245033112582781	907	16	4281	0.003737444522307872
CUFF_NC.5449	3	5562889	5567149	-	0	0	0		132	1	717	0.001394700139470014	945	15	4079	0.003677371904878647
CUFF_NC.5450	3	5563303	5568545	-	0	0	0		161	1	820	0.0012195121951219512	1079	19	4577	0.004151190736290146
CUFF_NC.5443	3	5570504	5571191	+	0	0	0		21	1	119	0.008403361344537815	168	5	679	0.007363770250368188
CUFF_NC.5445	3	5573621	5574419	-	0	0	0		20	0	75	0.0	93	0	290	0.0
CUFF_NC.5446	3	5574835	5581983	-	0	0	0		268	5	1291	0.0038729666924864447	1669	24	7534	0.003185558800106185
CUFF_NC.5447	3	5580421	5582988	-	0	0	0		107	1	526	0.0019011406844106464	667	8	3262	0.002452483139178418
CUFF_NC.5455	3	5620051	5620669	+	0	0	0		40	0	274	0.0	119	0	639	0.0
CUFF_NC.5451	3	5634236	5635389	-	0	0	0		17	0	71	0.0	225	0	682	0.0
CUFF_NC.5454	3	5638022	5638447	+	0	0	0		14	0	92	0.0	56	0	437	0.0
CUFF_NC.5453	3	5644515	5645023	-	0	0	0		34	0	183	0.0	106	0	526	0.0
CUFF_NC.5452	3	5647315	5648873	+	0	0	0		55	0	266	0.0	390	8	2032	0.003937007874015748
CUFF_NC.5456	3	5661137	5661761	+	0	0	0		36	1	518	0.0019305019305019305	124	4	1209	0.0033085194375516956
CUFF_NC.5465	3	5662443	5663730	+	0	0	0		94	0	557	0.0	325	4	1734	0.002306805074971165
CUFF_NC.5458	3	5670999	5671851	-	0	0	0		51	2	264	0.007575757575757576	195	4	822	0.004866180048661801
CUFF_NC.5459	3	5685942	5686489	+	0	0	0		22	0	151	0.0	120	5	637	0.007849293563579277
CUFF_NC.5457	3	5692670	5693894	-	0	0	0		73	2	427	0.00468384074941452	225	1	925	0.001081081081081081
CUFF_NC.5461	3	5702865	5703971	-	0	0	0		59	2	290	0.006896551724137931	173	1	778	0.0012853470437017994
CUFF_NC.5462	3	5705554	5706909	-	0	0	0		22	1	72	0.013888888888888888	97	0	330	0.0
CUFF_NC.5460	3	5709456	5709979	-	0	0	0		20	1	100	0.01	146	2	704	0.002840909090909091
CUFF_NC.5470	3	5716310	5718936	-	0	0	0		178	5	1143	0.004374453193350831	665	12	3886	0.003088008234688626
CUFF_NC.5463	3	5726288	5726580	+	0	0	0		24	0	81	0.0	82	0	306	0.0
CUFF_NC.5464	3	5755699	5756580	-	0	0	0		28	0	157	0.0	211	1	930	0.001075268817204301
CUFF_NC.5471	3	5786393	5787079	+	0	0	0		35	1	245	0.004081632653061225	159	2	1007	0.0019860973187686196
CUFF_NC.5466	3	5790830	5791295	+	0	0	0		21	0	89	0.0	124	5	591	0.008460236886632826
CUFF_NC.5478	3	5803728	5806068	+	0	0	0		166	1	895	0.0011173184357541898	503	3	2389	0.0012557555462536626
CUFF_NC.5467	3	5813163	5813686	+	0	0	0		27	2	238	0.008403361344537815	114	4	868	0.004608294930875576
CUFF_NC.5469	3	5826543	5827410	-	0	0	0		51	0	162	0.0	172	0	532	0.0
CUFF_NC.5468	3	5831001	5832508	-	0	0	0		81	2	484	0.004132231404958678	244	2	979	0.0020429009193054137
CUFF_NC.5473	3	5844277	5845307	+	0	0	0		50	0	264	0.0	141	4	525	0.007619047619047619
CUFF_NC.5474	3	5848632	5849730	-	0	0	0		43	0	314	0.0	177	2	992	0.0020161290322580645
CUFF_NC.5475	3	5861062	5862257	-	0	0	0		45	25	257	0.09727626459143969	248	257	1490	0.17248322147651007
CUFF_NC.5476	3	5861372	5862802	+	0	0	0		47	59	269	0.21933085501858737	342	434	2046	0.21212121212121213
CUFF_NC.5482	3	5882145	5882660	-	0	0	0		12	0	76	0.0	89	2	412	0.0048543689320388345
CUFF_NC.5477	3	5886445	5888956	+	0	0	0		76	6	384	0.015625	428	1	1820	0.0005494505494505495
CUFF_NC.5479	3	5894856	5895816	-	0	0	0		64	0	381	0.0	186	4	1000	0.004
CUFF_NC.5484	3	5930714	5931234	+	0	0	0		20	0	76	0.0	127	4	440	0.00909090909090909
CUFF_NC.5483	3	5931578	5932141	-	0	0	0		7	0	7	0.0	24	0	24	0.0
CUFF_NC.5485	3	5934051	5935014	-	0	0	0		60	2	334	0.005988023952095809	217	1	848	0.0011792452830188679
CUFF_NC.5486	3	5955651	5956075	-	0	0	0		10	0	48	0.0	74	2	379	0.005277044854881266
CUFF_NC.5488	3	5967618	5969151	-	0	0	0		114	4	703	0.005689900426742532	402	10	2503	0.003995205753096284
CUFF_NC.5494	3	5974762	5975570	+	0	0	0		51	5	625	0.008	113	2	1090	0.001834862385321101
CUFF_NC.5495	3	5975861	5976142	+	0	0	0		19	1	99	0.010101010101010102	59	1	313	0.003194888178913738
CUFF_NC.5487	3	5976748	5977811	+	0	0	0		61	0	363	0.0	238	0	1218	0.0
CUFF_NC.5491	3	6008981	6009591	-	0	0	0		36	156	494	0.3157894736842105	157	263	1798	0.14627363737486096
CUFF_NC.5492	3	6009701	6010529	-	0	0	0		47	246	437	0.562929061784897	217	407	2015	0.20198511166253103
CUFF_NC.5489	3	6011538	6012016	-	0	0	0		8	0	47	0.0	49	1	226	0.004424778761061947
CUFF_NC.5490	3	6011654	6012057	+	0	0	0		8	0	47	0.0	23	0	97	0.0
CUFF_NC.5493	3	6015265	6016009	-	0	0	0		18	0	120	0.0	207	4	831	0.0048134777376654635
CUFF_NC.5501	3	6031139	6031779	-	0	0	0		51	1	323	0.0030959752321981426	116	1	774	0.0012919896640826874
CUFF_NC.5502	3	6038488	6039143	-	0	0	0		42	0	188	0.0	155	0	657	0.0
CUFF_NC.5496	3	6051689	6052440	-	0	0	0		41	0	253	0.0	215	5	779	0.006418485237483954
CUFF_NC.5497	3	6055610	6056443	-	0	0	0		44	0	153	0.0	203	1	831	0.0012033694344163659
CUFF_NC.5498	3	6060502	6061454	-	0	0	0		36	1	172	0.005813953488372093	208	1	897	0.0011148272017837235
CUFF_NC.5503	3	6074109	6075466	-	0	0	0		76	3	498	0.006024096385542169	331	6	1807	0.003320420586607637
CUFF_NC.5504	3	6076001	6076399	-	0	0	0		39	1	321	0.003115264797507788	109	1	441	0.0022675736961451248
CUFF_NC.5500	3	6092461	6092943	+	0	0	0		28	0	273	0.0	94	5	746	0.006702412868632708
CUFF_NC.5507	3	6107956	6108671	-	0	0	0		61	0	288	0.0	126	1	426	0.002347417840375587
CUFF_NC.5509	3	6115921	6116451	+	0	0	0		31	0	175	0.0	110	3	583	0.005145797598627788
CUFF_NC.5505	3	6117538	6118196	+	0	0	0		23	0	138	0.0	143	2	649	0.0030816640986132513
CUFF_NC.5506	3	6117575	6117982	-	0	0	0		17	0	111	0.0	80	0	450	0.0
CUFF_NC.5508	3	6126168	6127811	-	0	0	0		83	1	514	0.0019455252918287938	314	3	1630	0.0018404907975460123
CUFF_NC.5510	3	6146002	6147205	-	0	0	0		84	1	430	0.002325581395348837	267	9	1282	0.0070202808112324495
CUFF_NC.5511	3	6151109	6151934	-	0	0	0		57	1	328	0.003048780487804878	217	5	1267	0.003946329913180742
CUFF_NC.5512	3	6162340	6162876	+	0	0	0		42	0	167	0.0	136	1	607	0.0016474464579901153
CUFF_NC.5515	3	6170198	6172005	+	0	0	0		122	1	562	0.0017793594306049821	367	3	1672	0.0017942583732057417
CUFF_NC.5514	3	6173825	6174255	-	0	0	0		12	0	86	0.0	102	2	409	0.004889975550122249
CUFF_NC.5513	3	6180644	6182699	-	0	0	0		120	3	843	0.0035587188612099642	433	6	1855	0.003234501347708895
CUFF_NC.5516	3	6188301	6192782	-	0	0	0		181	3	878	0.003416856492027335	1000	14	4402	0.0031803725579282144
CUFF_NC.5517	3	6230628	6231780	-	0	0	0		89	0	357	0.0	252	3	956	0.0031380753138075313
CUFF_NC.5522	3	6232651	6233555	-	0	0	0		67	0	392	0.0	213	1	940	0.0010638297872340426
CUFF_NC.5521	3	6234575	6235950	+	0	0	0		80	3	395	0.007594936708860759	326	5	1665	0.003003003003003003
CUFF_NC.5519	3	6242626	6243396	-	0	0	0		42	1	157	0.006369426751592357	179	4	754	0.005305039787798408
CUFF_NC.5524	3	6251328	6252890	-	0	0	0		114	2	374	0.0053475935828877	351	5	1157	0.00432152117545376
CUFF_NC.5526	3	6286476	6286890	+	0	0	0		24	0	168	0.0	87	1	538	0.0018587360594795538
CUFF_NC.5523	3	6291252	6292450	+	0	0	0		73	0	319	0.0	322	4	1352	0.0029585798816568047
CUFF_NC.5529	3	6298919	6300194	-	0	0	0		77	2	404	0.0049504950495049506	278	1	1231	0.0008123476848090983
CUFF_NC.5530	3	6300741	6304436	+	0	0	0		185	5	1018	0.004911591355599214	711	7	3719	0.0018822264049475664
CUFF_NC.5531	3	6304055	6304533	-	0	0	0		9	0	19	0.0	39	0	81	0.0
CUFF_NC.5527	3	6305358	6307085	-	0	0	0		92	0	594	0.0	391	10	2241	0.004462293618920125
CUFF_NC.5525	3	6313701	6314612	-	0	0	0		41	1	360	0.002777777777777778	168	1	1043	0.0009587727708533077
CUFF_NC.5528	3	6348985	6350855	+	0	0	0		123	2	511	0.003913894324853229	337	3	1299	0.0023094688221709007
CUFF_NC.5532	3	6359825	6360407	-	0	0	0		12	0	57	0.0	164	0	491	0.0
CUFF_NC.5544	3	6363770	6365482	-	0	0	0		129	2	488	0.004098360655737705	414	3	1430	0.002097902097902098
CUFF_NC.5542	3	6373641	6374871	+	0	0	0		92	1	737	0.0013568521031207597	321	4	2552	0.001567398119122257
CUFF_NC.5534	3	6379529	6380916	-	0	0	0		14	0	122	0.0	182	1	875	0.001142857142857143
CUFF_NC.5535	3	6380123	6380530	+	0	0	0		9	0	17	0.0	90	0	179	0.0
CUFF_NC.5533	3	6381272	6381841	+	0	0	0		12	0	39	0.0	140	0	487	0.0
CUFF_NC.5537	3	6383796	6384452	-	0	0	0		27	1	203	0.0049261083743842365	114	1	619	0.0016155088852988692
CUFF_NC.5536	3	6387237	6388324	-	0	0	0		18	0	183	0.0	231	6	1495	0.004013377926421404
CUFF_NC.5538	3	6388494	6388929	-	0	0	0		26	0	94	0.0	116	1	428	0.002336448598130841
CUFF_NC.5539	3	6390012	6390453	+	0	0	0		17	0	86	0.0	104	0	501	0.0
CUFF_NC.5540	3	6393714	6394770	-	0	0	0		37	1	187	0.0053475935828877	221	2	973	0.0020554984583761563
CUFF_NC.5541	3	6396308	6396730	+	0	0	0		20	0	178	0.0	88	3	511	0.005870841487279843
CUFF_NC.5548	3	6404312	6404892	+	0	0	0		27	1	104	0.009615384615384616	186	3	501	0.005988023952095809
CUFF_NC.5545	3	6414814	6415492	+	0	0	0		45	1	369	0.0027100271002710027	156	2	858	0.002331002331002331
CUFF_NC.5543	3	6425845	6426215	+	0	0	0		27	1	148	0.006756756756756757	94	2	467	0.004282655246252677
CUFF_NC.5547	3	6434172	6436050	+	0	0	0		105	2	569	0.0035149384885764497	329	5	1416	0.0035310734463276836
CUFF_NC.5546	3	6440498	6441576	-	0	0	0		40	0	246	0.0	267	15	978	0.015337423312883436
CUFF_NC.5551	3	6454199	6454814	+	0	0	0		29	0	312	0.0	110	3	1144	0.0026223776223776225
CUFF_NC.5554	3	6461689	6462411	+	0	0	0		45	0	325	0.0	152	2	843	0.002372479240806643
CUFF_NC.5549	3	6469489	6469890	-	0	0	0		24	0	150	0.0	101	1	592	0.0016891891891891893
CUFF_NC.5552	3	6482253	6483720	+	0	0	0		83	1	392	0.002551020408163265	392	7	1921	0.003643935450286309
CUFF_NC.5550	3	6486492	6487223	+	0	0	0		6	10	10	1.0	32	33	56	0.5892857142857143
CUFF_NC.5553	3	6495460	6496043	+	0	0	0		24	2	137	0.014598540145985401	124	1	586	0.0017064846416382253
CUFF_NC.5558	3	6513550	6514365	-	0	0	0		64	3	291	0.010309278350515464	166	4	629	0.006359300476947536
CUFF_NC.5561	3	6519548	6519938	-	0	0	0		19	0	85	0.0	96	0	442	0.0
CUFF_NC.5555	3	6533059	6533476	+	0	0	0		2	0	6	0.0	97	1	491	0.002036659877800407
CUFF_NC.5556	3	6534374	6534972	-	0	0	0		20	0	158	0.0	128	1	722	0.0013850415512465374
CUFF_NC.5557	3	6536491	6538583	-	0	0	0		137	3	594	0.005050505050505051	413	2	1656	0.0012077294685990338
CUFF_NC.5562	3	6542436	6542749	-	0	0	0		18	0	148	0.0	69	3	432	0.006944444444444444
CUFF_NC.5560	3	6554286	6555825	+	0	0	0		52	1	289	0.0034602076124567475	360	6	2068	0.0029013539651837525
CUFF_NC.5559	3	6555188	6556029	-	0	0	0		23	1	187	0.0053475935828877	180	2	1314	0.0015220700152207
CUFF_NC.5567	3	6586246	6586757	-	0	0	0		50	1	325	0.003076923076923077	137	2	887	0.002254791431792559
CUFF_NC.5563	3	6591943	6592674	-	0	0	0		32	0	157	0.0	163	4	736	0.005434782608695652
CUFF_NC.5564	3	6601275	6601926	-	0	0	0		42	1	136	0.007352941176470588	87	0	249	0.0
CUFF_NC.5566	3	6609473	6610154	+	0	0	0		39	0	257	0.0	167	1	908	0.0011013215859030838
CUFF_NC.5565	3	6616592	6617679	+	0	0	0		59	0	287	0.0	229	3	1071	0.0028011204481792717
CUFF_NC.5573	3	6662164	6663341	+	0	0	0		80	2	338	0.005917159763313609	301	3	1596	0.0018796992481203006
CUFF_NC.5568	3	6678018	6678434	-	0	0	0		11	0	70	0.0	99	0	605	0.0
CUFF_NC.5570	3	6678545	6679128	-	0	0	0		25	0	149	0.0	115	0	485	0.0
CUFF_NC.5569	3	6684898	6685335	-	0	0	0		6	0	56	0.0	105	2	676	0.0029585798816568047
CUFF_NC.5572	3	6691056	6691436	+	0	0	0		31	0	125	0.0	96	1	364	0.0027472527472527475
CUFF_NC.5571	3	6697121	6697740	+	0	0	0		36	0	199	0.0	139	4	600	0.006666666666666667
CUFF_NC.5574	3	6711939	6712912	-	0	0	0		48	1	586	0.0017064846416382253	225	4	1836	0.002178649237472767
CUFF_NC.5575	3	6737715	6738276	+	0	0	0		23	0	149	0.0	85	0	319	0.0
CUFF_NC.5577	3	6744552	6745022	-	0	0	0		17	0	128	0.0	133	0	679	0.0
CUFF_NC.5587	3	6759053	6759866	+	0	0	0		45	1	172	0.005813953488372093	149	1	580	0.0017241379310344827
CUFF_NC.5588	3	6766810	6768249	+	0	0	0		94	1	604	0.0016556291390728477	357	7	1990	0.0035175879396984926
CUFF_NC.5578	3	6781821	6782747	-	0	0	0		78	1	390	0.002564102564102564	259	5	1054	0.004743833017077799
CUFF_NC.5579	3	6797533	6798708	-	0	0	0		92	1	388	0.002577319587628866	220	4	871	0.004592422502870264
CUFF_NC.5580	3	6800250	6802093	-	0	0	0		102	3	581	0.0051635111876075735	398	4	1911	0.0020931449502878076
CUFF_NC.5576	3	6803166	6804235	+	0	0	0		53	1	260	0.0038461538461538464	187	2	865	0.0023121387283236996
CUFF_NC.5583	3	6819943	6820851	+	0	0	0		45	0	244	0.0	142	1	693	0.001443001443001443
CUFF_NC.5582	3	6839934	6842111	-	0	0	0		176	0	950	0.0	434	2	2051	0.0009751340809361287
CUFF_NC.5590	3	6855861	6856654	+	0	0	0		51	1	373	0.002680965147453083	179	4	933	0.004287245444801715
CUFF_NC.5591	3	6875053	6875451	+	0	0	0		23	0	115	0.0	106	2	506	0.003952569169960474
CUFF_NC.5592	3	6879641	6880274	+	0	0	0		43	1	278	0.0035971223021582736	141	2	589	0.003395585738539898
CUFF_NC.5593	3	6880436	6881694	+	0	0	0		82	2	300	0.006666666666666667	377	6	1500	0.004
CUFF_NC.5584	3	6883872	6884407	-	0	0	0		15	0	63	0.0	122	1	518	0.0019305019305019305
CUFF_NC.5585	3	6899825	6901334	+	0	0	0		107	0	916	0.0	385	5	1967	0.002541942043721403
CUFF_NC.5586	3	6913666	6914566	+	0	0	0		37	1	419	0.002386634844868735	201	6	1472	0.004076086956521739
CUFF_NC.5589	3	6925522	6926909	-	0	0	0		50	1	276	0.0036231884057971015	296	4	1357	0.0029476787030213707
CUFF_NC.5594	3	6948733	6949102	-	0	0	0		30	1	311	0.003215434083601286	91	0	759	0.0
CUFF_NC.5595	3	6951484	6951901	-	0	0	0		17	0	115	0.0	107	0	718	0.0
CUFF_NC.5596	3	6955916	6957664	-	0	0	0		116	1	841	0.0011890606420927466	383	3	1970	0.0015228426395939086
CUFF_NC.5597	3	6965929	6966580	-	0	0	0		34	0	260	0.0	131	2	649	0.0030816640986132513
CUFF_NC.5598	3	6977471	6977911	+	0	0	0		12	1	173	0.005780346820809248	59	2	772	0.0025906735751295338
CUFF_NC.5599	3	6978672	6980560	+	0	0	0		128	1	439	0.002277904328018223	396	7	1187	0.005897219882055603
CUFF_NC.5600	3	6983818	6984436	+	0	0	0		34	1	184	0.005434782608695652	160	3	780	0.0038461538461538464
CUFF_NC.5601	3	6998559	6999459	+	0	0	0		48	1	270	0.003703703703703704	192	2	1107	0.0018066847335140017
CUFF_NC.5602	3	7004082	7004736	+	0	0	0		31	0	207	0.0	154	2	762	0.0026246719160104987
CUFF_NC.5603	3	7005544	7006207	+	0	0	0		37	0	341	0.0	144	3	1145	0.0026200873362445414
CUFF_NC.5630	3	7011945	7022799	-	0	0	0		552	15	4186	0.00358337314859054	2511	33	14615	0.0022579541566883337
CUFF_NC.5631	3	7012214	7015477	-	0	0	0		165	2	1028	0.0019455252918287938	789	9	3746	0.002402562733582488
CUFF_NC.5632	3	7014164	7020422	-	0	0	0		321	9	2433	0.0036991368680641184	1455	20	8458	0.0023646252069047056
CUFF_NC.5633	3	7021928	7025083	-	0	0	0		168	4	1347	0.002969561989606533	743	13	4317	0.0030113504748668055
CUFF_NC.5604	3	7031162	7031848	-	0	0	0		22	0	183	0.0	124	1	850	0.001176470588235294
CUFF_NC.5607	3	7046567	7047288	-	0	0	0		34	0	279	0.0	201	1	1057	0.000946073793755913
CUFF_NC.5605	3	7056015	7056537	+	0	0	0		18	0	150	0.0	141	1	893	0.0011198208286674132
CUFF_NC.5612	3	7067953	7068858	-	0	0	0		66	0	342	0.0	257	6	1351	0.0044411547002220575
CUFF_NC.5609	3	7078517	7080927	+	0	0	0		135	0	755	0.0	564	8	3233	0.0024744819053510673
CUFF_NC.5610	3	7081205	7082153	+	0	0	0		53	1	293	0.0034129692832764505	229	3	1146	0.002617801047120419
CUFF_NC.5606	3	7085089	7086937	+	0	0	0		114	3	547	0.005484460694698354	399	10	1896	0.005274261603375527
CUFF_NC.5611	3	7090224	7091430	+	0	0	0		70	5	428	0.011682242990654205	281	6	1765	0.0033994334277620396
CUFF_NC.5608	3	7102819	7103489	-	0	0	0		25	0	174	0.0	161	2	841	0.0023781212841854932
CUFF_NC.5613	3	7152795	7153571	+	0	0	0		41	1	154	0.006493506493506494	122	3	452	0.00663716814159292
CUFF_NC.5615	3	7166349	7168042	-	0	0	0		104	2	699	0.002861230329041488	396	12	2302	0.005212858384013901
CUFF_NC.5616	3	7173609	7174262	-	0	0	0		47	0	193	0.0	145	1	475	0.002105263157894737
CUFF_NC.5614	3	7186903	7187404	+	0	0	0		53	1	209	0.004784688995215311	120	1	473	0.0021141649048625794
CUFF_NC.5621	3	7209792	7210472	+	0	0	0		17	0	154	0.0	120	1	661	0.0015128593040847202
CUFF_NC.5622	3	7212076	7213324	+	0	0	0		74	1	312	0.003205128205128205	295	3	1111	0.0027002700270027003
CUFF_NC.5620	3	7227882	7228806	+	0	0	0		45	0	197	0.0	193	3	682	0.004398826979472141
CUFF_NC.5619	3	7230685	7231086	+	0	0	0		11	1	144	0.006944444444444444	100	1	523	0.0019120458891013384
CUFF_NC.5618	3	7232103	7232944	+	0	0	0		29	0	176	0.0	203	7	1278	0.005477308294209703
CUFF_NC.5617	3	7234516	7235035	-	0	0	0		14	122	152	0.8026315789473685	195	609	2021	0.30133597229094505
CUFF_NC.5623	3	7237565	7237944	+	0	0	0		12	0	45	0.0	99	4	398	0.010050251256281407
CUFF_NC.5624	3	7260796	7261791	+	0	0	0		90	3	444	0.006756756756756757	263	3	1255	0.002390438247011952
CUFF_NC.5627	3	7280709	7282083	-	0	0	0		88	2	410	0.004878048780487805	216	4	1035	0.003864734299516908
CUFF_NC.5626	3	7282498	7283058	+	0	0	0		18	0	60	0.0	144	3	483	0.006211180124223602
CUFF_NC.5628	3	7284880	7286452	+	0	0	0		84	3	460	0.006521739130434782	303	5	1423	0.0035137034434293743
CUFF_NC.5629	3	7320749	7321162	-	0	0	0		23	0	116	0.0	59	3	241	0.012448132780082987
CUFF_NC.5634	3	7334160	7340198	-	0	0	0		290	17	1867	0.009105516871987145	1407	35	7560	0.004629629629629629
CUFF_NC.5635	3	7335059	7344563	-	0	0	0		401	24	2391	0.010037641154328732	2110	67	10464	0.0064029051987767585
CUFF_NC.5636	3	7335791	7341629	-	0	0	0		257	17	1704	0.009976525821596244	1366	37	7393	0.005004734208034627
CUFF_NC.5637	3	7339742	7343316	-	0	0	0		117	7	802	0.008728179551122194	695	32	3918	0.00816743236345074
CUFF_NC.5639	3	7365589	7368799	-	0	0	0		178	1	1121	0.0008920606601248885	717	11	3753	0.002930988542499334
CUFF_NC.5640	3	7367035	7367658	-	0	0	0		36	0	273	0.0	145	4	674	0.005934718100890208
CUFF_NC.5638	3	7387527	7388390	+	0	0	0		52	2	398	0.005025125628140704	180	5	1201	0.004163197335553705
CUFF_NC.5641	3	7398978	7400144	-	0	0	0		72	3	469	0.006396588486140725	243	1	1318	0.0007587253414264037
CUFF_NC.5642	3	7424773	7425352	-	0	0	0		23	1	125	0.008	123	2	457	0.00437636761487965
CUFF_NC.5643	3	7433565	7434030	+	0	0	0		28	0	123	0.0	139	1	605	0.001652892561983471
CUFF_NC.5646	3	7441031	7442315	+	0	0	0		62	0	402	0.0	306	4	1795	0.0022284122562674096
CUFF_NC.5648	3	7445798	7447107	-	0	0	0		72	0	317	0.0	286	5	1517	0.0032959789057350032
CUFF_NC.5647	3	7456139	7457874	+	0	0	0		101	1	506	0.001976284584980237	369	4	1382	0.002894356005788712
CUFF_NC.5645	3	7465554	7465983	+	0	0	0		18	0	141	0.0	89	3	497	0.006036217303822937
CUFF_NC.5644	3	7471056	7472514	+	0	0	0		61	1	549	0.0018214936247723133	351	9	2582	0.0034856700232378003
CUFF_NC.5649	3	7521847	7522643	+	0	0	0		24	0	132	0.0	149	3	846	0.0035460992907801418
CUFF_NC.5650	3	7591609	7592394	+	0	0	0		35	1	212	0.0047169811320754715	143	5	920	0.005434782608695652
CUFF_NC.5651	3	7595594	7597584	-	0	0	0		89	1	458	0.002183406113537118	474	6	2255	0.0026607538802660754
CUFF_NC.5652	3	7600235	7601128	+	0	0	0		60	291	568	0.5123239436619719	185	244	1769	0.13793103448275862
CUFF_NC.5653	3	7609272	7609590	+	0	0	0		3	0	3	0.0	6	0	6	0.0
CUFF_NC.5654	3	7617632	7618380	+	0	0	0		38	1	243	0.00411522633744856	163	2	756	0.0026455026455026454
CUFF_NC.5655	3	7638493	7639783	-	0	0	0		42	0	144	0.0	229	1	557	0.0017953321364452424
CUFF_NC.5658	3	7676907	7681230	+	0	0	0		185	58	1041	0.05571565802113353	998	282	4827	0.058421379738968306
CUFF_NC.5657	3	7683246	7683545	-	0	0	0		13	0	61	0.0	69	0	273	0.0
CUFF_NC.5660	3	7709200	7710232	+	0	0	0		42	0	282	0.0	233	3	1195	0.002510460251046025
CUFF_NC.5659	3	7721404	7724396	-	0	0	0		16	0	49	0.0	175	1	498	0.002008032128514056
CUFF_NC.5663	3	7738451	7739369	+	0	0	0		43	130	399	0.3258145363408521	261	162	2208	0.07336956521739131
CUFF_NC.5661	3	7742878	7743642	-	0	0	0		29	0	135	0.0	208	4	752	0.005319148936170213
CUFF_NC.5664	3	7744032	7744822	+	0	0	0		25	1	143	0.006993006993006993	186	1	971	0.0010298661174047373
CUFF_NC.5665	3	7745012	7747256	-	0	0	0		75	2	493	0.004056795131845842	535	11	2764	0.003979739507959479
CUFF_NC.5666	3	7745744	7750452	-	0	0	0		185	4	1113	0.0035938903863432167	1122	22	5337	0.004122166010867528
CUFF_NC.5662	3	7754349	7754645	-	0	0	0		23	0	115	0.0	75	1	392	0.002551020408163265
CUFF_NC.5667	3	7758428	7759014	-	0	0	0		12	0	74	0.0	108	3	590	0.005084745762711864
CUFF_NC.5668	3	7767287	7767821	-	0	0	0		21	1	178	0.0056179775280898875	119	10	861	0.011614401858304297
CUFF_NC.5670	3	7770516	7771471	-	0	0	0		29	0	153	0.0	239	1	1169	0.000855431993156544
CUFF_NC.5669	3	7775357	7776209	+	0	0	0		41	0	286	0.0	102	1	607	0.0016474464579901153
CUFF_NC.5671	3	7800038	7801536	-	0	0	0		58	281	646	0.43498452012383904	392	681	3461	0.19676394105749784
CUFF_NC.5674	3	7817862	7818967	+	0	0	0		52	0	208	0.0	232	2	847	0.0023612750885478157
CUFF_NC.5672	3	7820478	7821097	+	0	0	0		12	0	80	0.0	148	1	777	0.001287001287001287
CUFF_NC.5673	3	7820724	7821132	-	0	0	0		13	0	82	0.0	91	1	530	0.0018867924528301887
CUFF_NC.5696	3	7839558	7840595	+	0	0	0		71	1	545	0.001834862385321101	257	5	1255	0.00398406374501992
CUFF_NC.5676	3	7844059	7844555	+	0	0	0		42	1	206	0.0048543689320388345	131	1	615	0.0016260162601626016
CUFF_NC.5677	3	7846304	7846775	+	0	0	0		5	0	7	0.0	26	0	34	0.0
CUFF_NC.5679	3	7867598	7868416	-	0	0	0		37	0	165	0.0	157	2	594	0.003367003367003367
CUFF_NC.5680	3	7868830	7869431	-	0	0	0		25	0	124	0.0	158	2	752	0.0026595744680851063
CUFF_NC.5682	3	7872749	7873034	-	0	0	0		18	0	136	0.0	42	0	261	0.0
CUFF_NC.5683	3	7885882	7886421	-	0	0	0		31	0	238	0.0	126	1	794	0.0012594458438287153
CUFF_NC.5686	3	7904901	7908199	-	0	0	0		144	22	1017	0.021632251720747297	710	56	3819	0.014663524482848913
CUFF_NC.5687	3	7906459	7907507	-	0	0	0		61	1	357	0.0028011204481792717	232	3	1145	0.0026200873362445414
CUFF_NC.5692	3	7913342	7913880	-	0	0	0		21	0	145	0.0	53	0	142	0.0
CUFF_NC.5693	3	7917430	7918286	-	0	0	0		98	0	340	0.0	209	2	619	0.0032310177705977385
CUFF_NC.5694	3	7918582	7919277	-	0	0	0		64	1	334	0.0029940119760479044	151	2	814	0.002457002457002457
CUFF_NC.5689	3	7926898	7927383	-	0	0	0		13	0	81	0.0	121	1	648	0.0015432098765432098
CUFF_NC.5684	3	7931782	7932230	-	0	0	0		16	0	163	0.0	86	1	526	0.0019011406844106464
CUFF_NC.5685	3	7931910	7932227	+	0	0	0		12	0	152	0.0	75	1	509	0.0019646365422396855
CUFF_NC.5690	3	7933446	7934263	+	0	0	0		47	0	279	0.0	135	4	646	0.006191950464396285
CUFF_NC.5688	3	7959011	7959594	+	0	0	0		20	0	135	0.0	94	2	620	0.0032258064516129032
CUFF_NC.5700	3	7959768	7960766	-	0	0	0		73	3	724	0.004143646408839779	252	4	1569	0.0025493945188017845
CUFF_NC.5695	3	7974960	7977488	-	0	0	0		175	7	975	0.0071794871794871795	718	10	3324	0.0030084235860409147
CUFF_NC.5691	3	7992264	7992830	+	0	0	0		44	0	113	0.0	102	0	280	0.0
CUFF_NC.5698	3	8005980	8007868	+	0	0	0		107	2	491	0.004073319755600814	459	6	2048	0.0029296875
CUFF_NC.5697	3	8008857	8009352	-	0	0	0		44	0	309	0.0	107	0	565	0.0
CUFF_NC.5699	3	8021658	8022097	+	0	0	0		27	0	159	0.0	117	3	589	0.0050933786078098476
CUFF_NC.5701	3	8030462	8031037	-	0	0	0		28	0	185	0.0	168	6	947	0.006335797254487857
CUFF_NC.5702	3	8036525	8037265	+	0	0	0		24	1	164	0.006097560975609756	175	5	1053	0.004748338081671415
CUFF_NC.5703	3	8039572	8040221	+	0	0	0		19	2	235	0.00851063829787234	134	1	886	0.001128668171557562
CUFF_NC.5704	3	8084307	8085670	+	0	0	0		65	1	196	0.00510204081632653	336	5	1100	0.004545454545454545
CUFF_NC.5706	3	8118399	8118826	+	0	0	0		20	1	95	0.010526315789473684	69	0	274	0.0
CUFF_NC.5707	3	8140688	8141381	-	0	0	0		59	0	234	0.0	157	4	543	0.007366482504604052
CUFF_NC.5709	3	8150648	8154068	-	0	0	0		135	3	628	0.004777070063694267	560	6	2236	0.0026833631484794273
CUFF_NC.5710	3	8151844	8152250	-	0	0	0		19	0	104	0.0	64	1	332	0.0030120481927710845
CUFF_NC.5708	3	8172477	8174131	-	0	0	0		85	1	432	0.0023148148148148147	288	4	1169	0.003421727972626176
CUFF_NC.5711	3	8180941	8182041	+	0	0	0		34	0	155	0.0	305	2	1308	0.0015290519877675841
CUFF_NC.5712	3	8195868	8196280	-	0	0	0		5	0	25	0.0	63	0	232	0.0
CUFF_NC.5713	3	8203478	8204456	-	0	0	0		24	0	322	0.0	147	3	1142	0.002626970227670753
CUFF_NC.5719	3	8225326	8226387	-	0	0	0		40	0	194	0.0	249	6	1464	0.004098360655737705
CUFF_NC.5720	3	8226387	8227014	-	0	0	0		18	1	143	0.006993006993006993	108	0	518	0.0
CUFF_NC.5721	3	8232839	8233917	+	0	0	0		39	35	273	0.1282051282051282	280	84	1598	0.052565707133917394
CUFF_NC.5715	3	8247819	8248474	+	0	0	0		0	0	0		15	3	19	0.15789473684210525
CUFF_NC.5716	3	8247831	8248407	-	0	0	0		0	0	0		3	0	4	0.0
CUFF_NC.5714	3	8263478	8263835	-	0	0	0		17	19	79	0.24050632911392406	67	24	353	0.0679886685552408
CUFF_NC.5717	3	8268060	8268718	+	0	0	0		54	2	339	0.0058997050147492625	95	0	577	0.0
CUFF_NC.5718	3	8280017	8280433	-	0	0	0		22	0	64	0.0	94	0	329	0.0
CUFF_NC.5722	3	8295548	8296432	-	0	0	0		46	1	437	0.002288329519450801	155	4	1007	0.003972194637537239
CUFF_NC.5723	3	8315490	8315891	-	0	0	0		8	0	29	0.0	79	0	321	0.0
CUFF_NC.5725	3	8335307	8335804	-	0	0	0		35	0	128	0.0	139	2	514	0.0038910505836575876
CUFF_NC.5727	3	8343004	8343639	-	0	0	0		32	1	193	0.0051813471502590676	152	3	651	0.004608294930875576
CUFF_NC.5726	3	8347168	8349061	-	0	0	0		97	3	621	0.004830917874396135	408	3	2064	0.0014534883720930232
CUFF_NC.5728	3	8366870	8367412	+	0	0	0		10	19	84	0.2261904761904762	86	35	650	0.05384615384615385
CUFF_NC.5729	3	8368293	8373197	-	0	0	0		91	35	359	0.09749303621169916	1029	153	4502	0.03398489560195469
CUFF_NC.5731	3	8369493	8373022	+	0	0	0		68	35	299	0.11705685618729098	752	147	3340	0.04401197604790419
CUFF_NC.5730	3	8374294	8374910	-	0	0	0		45	173	277	0.6245487364620939	154	133	878	0.15148063781321183
CUFF_NC.5736	3	8382556	8383796	-	0	0	0		70	1	323	0.0030959752321981426	296	1	1215	0.0008230452674897119
CUFF_NC.5737	3	8384501	8385904	-	0	0	0		111	1	818	0.0012224938875305623	368	9	1929	0.004665629860031105
CUFF_NC.5735	3	8386931	8387397	+	0	0	0		20	1	92	0.010869565217391304	132	2	658	0.00303951367781155
CUFF_NC.5732	3	8404818	8405518	+	0	0	0		25	0	242	0.0	107	1	483	0.002070393374741201
CUFF_NC.5733	3	8408118	8409403	-	0	0	0		49	91	359	0.25348189415041783	214	50	1162	0.043029259896729774
CUFF_NC.5734	3	8408128	8408913	+	0	0	0		22	40	153	0.26143790849673204	148	23	687	0.033478893740902474
CUFF_NC.5739	3	8412991	8413327	-	0	0	0		15	0	104	0.0	94	3	657	0.0045662100456621
CUFF_NC.5744	3	8421176	8421654	-	0	0	0		27	0	214	0.0	95	1	498	0.002008032128514056
CUFF_NC.5757	3	8443188	8443810	-	0	0	0		13	2	104	0.019230769230769232	117	1	589	0.001697792869269949
CUFF_NC.5758	3	8443974	8444244	-	0	0	0		24	0	184	0.0	60	1	405	0.0024691358024691358
CUFF_NC.5759	3	8448845	8454981	+	0	0	0		198	19	1164	0.01632302405498282	1415	45	7093	0.006344283096010151
CUFF_NC.5760	3	8450335	8450992	+	0	0	0		18	0	126	0.0	158	2	742	0.0026954177897574125
CUFF_NC.5742	3	8475276	8475720	-	0	0	0		31	1	175	0.005714285714285714	123	4	662	0.006042296072507553
CUFF_NC.5738	3	8476550	8477285	-	0	0	0		42	0	204	0.0	147	4	805	0.004968944099378882
CUFF_NC.5741	3	8488712	8489152	-	0	0	0		12	0	98	0.0	118	2	727	0.002751031636863824
CUFF_NC.5740	3	8495376	8496074	+	0	0	0		31	0	188	0.0	138	1	677	0.0014771048744460858
CUFF_NC.5743	3	8522776	8523109	-	0	0	0		28	0	142	0.0	107	4	592	0.006756756756756757
CUFF_NC.5746	3	8529904	8531308	+	0	0	0		59	2	725	0.002758620689655172	355	5	3002	0.0016655562958027982
CUFF_NC.5748	3	8542436	8543481	-	0	0	0		29	127	242	0.5247933884297521	272	378	1505	0.25116279069767444
CUFF_NC.5745	3	8547385	8548140	+	0	0	0		20	93	198	0.4696969696969697	203	392	1971	0.19888381532217148
CUFF_NC.5747	3	8559277	8560574	-	0	0	0		72	0	358	0.0	332	1	1132	0.0008833922261484099
CUFF_NC.5750	3	8573400	8573796	+	0	0	0		24	2	96	0.020833333333333332	117	1	524	0.0019083969465648854
CUFF_NC.5749	3	8586391	8586899	-	0	0	0		25	0	131	0.0	109	1	594	0.0016835016835016834
CUFF_NC.5752	3	8603179	8605462	-	0	0	0		112	1	554	0.0018050541516245488	429	4	1760	0.0022727272727272726
CUFF_NC.5751	3	8611035	8612655	-	0	0	0		76	0	300	0.0	235	3	670	0.004477611940298508
CUFF_NC.5754	3	8616906	8617767	+	0	0	0		67	1	212	0.0047169811320754715	227	3	766	0.0039164490861618795
CUFF_NC.5756	3	8622302	8623187	+	0	0	0		43	1	290	0.0034482758620689655	260	3	1510	0.001986754966887417
CUFF_NC.5755	3	8632745	8633894	+	0	0	0		67	1	762	0.0013123359580052493	260	4	2503	0.0015980823012385138
CUFF_NC.5753	3	8641074	8642576	-	0	0	0		48	0	406	0.0	259	2	1588	0.0012594458438287153
CUFF_NC.5761	3	8686086	8686700	-	0	0	0		34	0	168	0.0	135	3	542	0.005535055350553505
CUFF_NC.5762	3	8686801	8687663	-	0	0	0		58	1	266	0.0037593984962406013	149	2	560	0.0035714285714285713
CUFF_NC.5763	3	8693358	8694451	-	0	0	0		64	0	347	0.0	191	0	627	0.0
CUFF_NC.5766	3	8705737	8706367	+	0	0	0		37	1	97	0.010309278350515464	180	3	502	0.00597609561752988
CUFF_NC.5767	3	8707806	8708388	+	0	0	0		35	0	140	0.0	103	0	455	0.0
CUFF_NC.5764	3	8725479	8725986	+	0	0	0		26	1	97	0.010309278350515464	106	1	345	0.002898550724637681
CUFF_NC.5774	3	8738127	8739203	+	0	0	0		74	1	308	0.003246753246753247	278	3	1098	0.00273224043715847
CUFF_NC.5771	3	8747266	8747656	-	0	0	0		46	1	257	0.0038910505836575876	101	4	638	0.006269592476489028
CUFF_NC.5765	3	8768875	8769332	-	0	0	0		22	1	80	0.0125	111	0	391	0.0
CUFF_NC.5768	3	8770826	8771389	-	0	0	0		24	0	116	0.0	120	1	419	0.002386634844868735
CUFF_NC.5769	3	8786654	8787165	-	0	0	0		25	0	83	0.0	123	2	589	0.003395585738539898
CUFF_NC.5772	3	8789352	8790954	-	0	0	0		4	3	4	0.75	14	1	14	0.07142857142857142
CUFF_NC.5770	3	8797808	8798212	-	0	0	0		22	0	143	0.0	82	3	492	0.006097560975609756
CUFF_NC.5773	3	8863283	8864957	+	0	0	0		63	1	210	0.004761904761904762	337	4	1045	0.003827751196172249
CUFF_NC.5776	3	8878070	8878361	+	0	0	0		10	0	64	0.0	62	2	501	0.003992015968063872
CUFF_NC.5782	3	8910137	8912171	-	0	0	0		92	3	823	0.0036452004860267314	452	6	2395	0.0025052192066805845
CUFF_NC.5775	3	8922887	8923363	+	0	0	0		19	1	107	0.009345794392523364	71	4	313	0.012779552715654952
CUFF_NC.5781	3	8931652	8934361	-	0	0	0		54	0	226	0.0	259	3	1198	0.0025041736227045075
CUFF_NC.5780	3	8934536	8936505	+	0	0	0		71	3	591	0.005076142131979695	301	7	1721	0.004067402672864613
CUFF_NC.5777	3	8948767	8949743	-	0	0	0		47	29	377	0.07692307692307693	225	123	1671	0.07360861759425494
CUFF_NC.5779	3	8951880	8952572	-	0	0	0		13	0	71	0.0	113	2	520	0.0038461538461538464
CUFF_NC.5778	3	8956052	8956963	-	0	0	0		40	146	242	0.6033057851239669	234	176	1252	0.14057507987220447
CUFF_NC.5783	3	8977221	8978121	-	0	0	0		55	359	485	0.7402061855670103	278	716	2571	0.2784908595877091
CUFF_NC.5784	3	8977388	8978315	+	0	0	0		49	253	485	0.5216494845360825	265	372	2111	0.17621980104216012
CUFF_NC.5788	3	9008570	9008864	+	0	0	0		5	0	58	0.0	78	4	847	0.004722550177095631
CUFF_NC.5791	3	9032613	9033656	-	0	0	0		69	1	357	0.0028011204481792717	259	1	1079	0.0009267840593141798
CUFF_NC.5789	3	9040068	9040626	-	0	0	0		13	0	198	0.0	38	0	286	0.0
CUFF_NC.5786	3	9042205	9042970	+	0	0	0		35	1	182	0.005494505494505495	181	2	887	0.002254791431792559
CUFF_NC.5787	3	9049470	9049806	-	0	0	0		9	1	58	0.017241379310344827	25	0	166	0.0
CUFF_NC.5800	3	9067465	9067900	-	0	0	0		22	1	260	0.0038461538461538464	114	1	810	0.0012345679012345679
CUFF_NC.5801	3	9073389	9074496	-	0	0	0		58	0	365	0.0	249	1	1230	0.0008130081300813008
CUFF_NC.5793	3	9091330	9091633	+	0	0	0		16	0	123	0.0	45	0	323	0.0
CUFF_NC.5794	3	9096445	9096900	+	0	0	0		6	1	9	0.1111111111111111	30	7	62	0.11290322580645161
CUFF_NC.5818	3	9099174	9102450	+	0	0	0		74	2	438	0.0045662100456621	391	6	2392	0.002508361204013378
CUFF_NC.5820	3	9122145	9123440	-	0	0	0		70	2	271	0.007380073800738007	215	2	721	0.0027739251040221915
CUFF_NC.5792	3	9132096	9132573	-	0	0	0		8	0	87	0.0	26	1	333	0.003003003003003003
CUFF_NC.5795	3	9152795	9153771	-	0	0	0		21	1	387	0.002583979328165375	163	5	2330	0.002145922746781116
CUFF_NC.5802	3	9155708	9156380	-	0	0	0		34	1	195	0.005128205128205128	142	2	672	0.002976190476190476
CUFF_NC.5797	3	9163471	9163881	+	0	0	0		17	1	76	0.013157894736842105	108	1	488	0.0020491803278688526
CUFF_NC.5798	3	9164087	9165156	-	0	0	0		2	0	5	0.0	19	0	43	0.0
CUFF_NC.5803	3	9170120	9170766	+	0	0	0		38	1	185	0.005405405405405406	190	1	691	0.001447178002894356
CUFF_NC.5804	3	9195718	9196436	-	0	0	0		48	0	234	0.0	156	3	705	0.00425531914893617
CUFF_NC.5807	3	9221940	9225462	-	0	0	0		215	3	1328	0.002259036144578313	638	9	3319	0.0027116601385959627
CUFF_NC.5806	3	9251698	9255175	+	0	0	0		208	4	1178	0.003395585738539898	804	5	3489	0.0014330753797649756
CUFF_NC.5808	3	9269416	9270312	+	0	0	0		51	0	226	0.0	258	6	1062	0.005649717514124294
CUFF_NC.5811	3	9295165	9296244	-	0	0	0		36	1	175	0.005714285714285714	282	1	1057	0.000946073793755913
CUFF_NC.5809	3	9305721	9306522	-	0	0	0		15	0	188	0.0	208	5	1708	0.002927400468384075
CUFF_NC.5810	3	9307262	9307893	-	0	0	0		35	0	158	0.0	96	3	411	0.0072992700729927005
CUFF_NC.5814	3	9318535	9319690	+	0	0	0		58	0	189	0.0	252	3	893	0.0033594624860022394
CUFF_NC.5812	3	9320061	9320748	-	0	0	0		32	2	176	0.011363636363636364	149	2	776	0.002577319587628866
CUFF_NC.5813	3	9320909	9323051	+	0	0	0		46	77	300	0.25666666666666665	445	287	2451	0.11709506323949409
CUFF_NC.5829	3	9354382	9355057	-	0	0	0		34	0	465	0.0	143	3	1459	0.00205620287868403
CUFF_NC.5830	3	9355230	9356615	-	0	0	0		83	2	375	0.005333333333333333	361	3	1453	0.0020646937370956643
CUFF_NC.5831	3	9356901	9357524	-	0	0	0		45	1	304	0.003289473684210526	151	2	895	0.0022346368715083797
CUFF_NC.5821	3	9358626	9360379	-	0	0	0		102	2	448	0.004464285714285714	236	1	946	0.0010570824524312897
CUFF_NC.5817	3	9375176	9375933	+	0	0	0		15	0	141	0.0	161	1	662	0.0015105740181268882
CUFF_NC.5815	3	9378643	9379163	-	0	0	0		56	510	785	0.6496815286624203	121	266	1348	0.19732937685459942
CUFF_NC.5816	3	9378674	9379092	+	0	0	0		48	474	723	0.6556016597510373	98	219	1060	0.20660377358490567
CUFF_NC.5826	3	9396763	9397060	-	0	0	0		15	0	73	0.0	56	0	239	0.0
CUFF_NC.5823	3	9403834	9407213	-	0	0	0		110	49	908	0.053964757709251104	661	184	4067	0.045242193262847306
CUFF_NC.5824	3	9404464	9411714	-	0	0	0		292	51	1942	0.026261585993820804	1603	200	9068	0.022055580061755623
CUFF_NC.5822	3	9414489	9415022	-	0	0	0		19	0	50	0.0	96	1	360	0.002777777777777778
CUFF_NC.5825	3	9417486	9418798	-	0	0	0		30	2	159	0.012578616352201259	239	5	1214	0.004118616144975288
CUFF_NC.5841	3	9452780	9453163	+	0	0	0		30	0	138	0.0	107	2	445	0.0044943820224719105
CUFF_NC.5842	3	9455829	9457499	+	0	0	0		74	2	835	0.0023952095808383233	209	2	1804	0.0011086474501108647
CUFF_NC.5827	3	9463303	9464708	+	0	0	0		92	0	408	0.0	298	3	1078	0.0027829313543599257
CUFF_NC.5828	3	9470387	9471162	+	0	0	0		33	0	247	0.0	96	0	595	0.0
CUFF_NC.5832	3	9486282	9486973	+	0	0	0		28	0	116	0.0	162	2	493	0.004056795131845842
CUFF_NC.5833	3	9506039	9506912	+	0	0	0		31	0	170	0.0	205	5	1099	0.004549590536851683
CUFF_NC.5835	3	9517725	9518825	-	0	0	0		53	2	327	0.0061162079510703364	255	4	1287	0.003108003108003108
CUFF_NC.5836	3	9519621	9520480	-	0	0	0		76	1	409	0.0024449877750611247	226	4	1077	0.003714020427112349
CUFF_NC.5834	3	9525772	9526258	-	0	0	0		34	0	133	0.0	145	3	543	0.0055248618784530384
CUFF_NC.5847	3	9526618	9529356	-	0	0	0		120	1	511	0.0019569471624266144	370	1	1526	0.000655307994757536
CUFF_NC.5848	3	9527392	9530621	-	0	0	0		110	1	457	0.002188183807439825	470	1	1881	0.000531632110579479
CUFF_NC.5837	3	9550281	9550842	-	0	0	0		3	0	20	0.0	27	0	108	0.0
CUFF_NC.5839	3	9555055	9555747	+	0	0	0		36	0	212	0.0	112	1	635	0.0015748031496062992
CUFF_NC.5857	3	9556134	9556541	+	0	0	0		11	0	21	0.0	28	0	56	0.0
CUFF_NC.5840	3	9561804	9563290	+	0	0	0		37	1	184	0.005434782608695652	322	5	1504	0.003324468085106383
CUFF_NC.5852	3	9565086	9567493	+	0	0	0		137	5	842	0.0059382422802850355	531	9	3259	0.0027615833077631177
CUFF_NC.5853	3	9568337	9574070	+	0	0	0		250	6	1112	0.00539568345323741	1220	39	4834	0.008067852709971039
CUFF_NC.5854	3	9570340	9580163	+	0	0	0		335	6	1296	0.004629629629629629	1531	30	5938	0.005052206130010104
CUFF_NC.5844	3	9590322	9591043	-	0	0	0		35	1	126	0.007936507936507936	183	2	586	0.0034129692832764505
CUFF_NC.5850	3	9591610	9595304	+	0	0	0		117	2	705	0.0028368794326241137	637	7	3083	0.0022705157314304248
CUFF_NC.5851	3	9595518	9600151	+	0	0	0		224	21	1240	0.016935483870967744	1133	34	5432	0.0062592047128129605
CUFF_NC.5849	3	9605757	9607108	+	0	0	0		92	3	403	0.007444168734491315	338	1	1401	0.0007137758743754461
CUFF_NC.5845	3	9608396	9608833	+	0	0	0		8	20	46	0.43478260869565216	18	0	69	0.0
CUFF_NC.5856	3	9627659	9631616	+	0	0	0		151	19	833	0.022809123649459785	716	88	3452	0.02549246813441483
CUFF_NC.5861	3	9632695	9633493	+	0	0	0		36	0	205	0.0	192	1	847	0.0011806375442739079
CUFF_NC.5862	3	9636717	9641759	+	0	0	0		234	2	1327	0.0015071590052750565	1047	13	4783	0.002717959439682208
CUFF_NC.5863	3	9637453	9642794	+	0	0	0		256	2	1488	0.0013440860215053765	1139	15	5232	0.0028669724770642203
CUFF_NC.5858	3	9644770	9647486	+	0	0	0		136	3	755	0.003973509933774834	600	10	2946	0.0033944331296673455
CUFF_NC.5859	3	9646581	9647328	+	0	0	0		33	2	155	0.012903225806451613	168	3	726	0.004132231404958678
CUFF_NC.5860	3	9658170	9658595	-	0	0	0		29	1	112	0.008928571428571428	101	2	420	0.004761904761904762
CUFF_NC.5864	3	9672506	9673070	-	0	0	0		48	4	256	0.015625	129	2	608	0.003289473684210526
CUFF_NC.5865	3	9674344	9675432	-	0	0	0		53	0	250	0.0	229	3	820	0.003658536585365854
CUFF_NC.5866	3	9720252	9720673	+	0	0	0		14	0	50	0.0	92	0	266	0.0
CUFF_NC.5869	3	9752148	9753762	+	0	0	0		86	3	834	0.0035971223021582736	332	2	2112	0.000946969696969697
CUFF_NC.5868	3	9755988	9758563	-	0	0	0		167	3	898	0.0033407572383073497	607	7	2824	0.002478753541076487
CUFF_NC.5867	3	9758827	9759393	-	0	0	0		30	1	246	0.0040650406504065045	82	2	507	0.0039447731755424065
CUFF_NC.5872	3	9761757	9762000	+	0	0	0		5	0	16	0.0	48	0	179	0.0
CUFF_NC.5873	3	9764822	9765575	+	0	0	0		32	0	185	0.0	156	7	982	0.007128309572301426
CUFF_NC.5870	3	9768510	9769084	+	0	0	0		21	289	467	0.6188436830835118	150	1086	3728	0.29130901287553645
CUFF_NC.5871	3	9769716	9771396	-	0	0	0		96	3	777	0.003861003861003861	393	5	2807	0.0017812611328820805
CUFF_NC.5878	3	9785292	9786449	+	0	0	0		99	729	1030	0.7077669902912621	324	779	3191	0.2441240990285177
CUFF_NC.5880	3	9789626	9790290	-	0	0	0		37	2	406	0.0049261083743842365	170	2	1318	0.0015174506828528073
CUFF_NC.5891	3	9793230	9794425	-	0	0	0		85	0	295	0.0	310	3	1229	0.0024410089503661514
CUFF_NC.5877	3	9809596	9810210	-	0	0	0		25	0	76	0.0	115	2	329	0.0060790273556231
CUFF_NC.5874	3	9813513	9813938	-	0	0	0		31	0	88	0.0	113	1	382	0.002617801047120419
CUFF_NC.5881	3	9822662	9823175	-	0	0	0		26	1	202	0.0049504950495049506	82	1	457	0.002188183807439825
CUFF_NC.5876	3	9825916	9827555	-	0	0	0		72	2	376	0.005319148936170213	329	5	1360	0.003676470588235294
CUFF_NC.5875	3	9827761	9828550	-	0	0	0		41	1	397	0.0025188916876574307	122	2	1007	0.0019860973187686196
CUFF_NC.5882	3	9832653	9835374	+	0	0	0		153	1	1037	0.0009643201542912247	615	5	3092	0.0016170763260025874
CUFF_NC.5883	3	9864472	9864874	-	0	0	0		21	0	123	0.0	95	1	485	0.002061855670103093
CUFF_NC.5884	3	9873739	9874150	-	0	0	0		27	0	200	0.0	111	4	641	0.0062402496099844
CUFF_NC.5885	3	9874255	9875408	-	0	0	0		28	46	339	0.13569321533923304	220	21	1147	0.018308631211857017
CUFF_NC.5886	3	9875503	9878516	+	0	0	0		91	32	582	0.054982817869415807	727	77	4045	0.01903584672435105
CUFF_NC.5889	3	9887934	9889557	-	0	0	0		99	1	487	0.002053388090349076	398	3	1614	0.0018587360594795538
CUFF_NC.5888	3	9898746	9899612	+	0	0	0		51	270	364	0.7417582417582418	287	461	2203	0.20926009986382207
CUFF_NC.5890	3	9899860	9906809	+	0	0	0		174	538	1530	0.3516339869281046	1518	1321	10750	0.12288372093023256
CUFF_NC.5892	3	9915597	9917195	+	0	0	0		135	1	702	0.0014245014245014246	394	6	1906	0.0031479538300104933
CUFF_NC.5893	3	9918262	9918939	+	0	0	0		18	0	228	0.0	118	2	941	0.0021253985122210413
CUFF_NC.5894	3	9921382	9922066	-	0	0	0		31	2	157	0.012738853503184714	189	5	835	0.005988023952095809
CUFF_NC.5895	3	9928826	9932368	+	0	0	0		172	6	1241	0.004834810636583401	886	13	5130	0.00253411306042885
CUFF_NC.5896	3	9932841	9933451	+	0	0	0		56	0	342	0.0	155	2	750	0.0026666666666666666
CUFF_NC.5897	3	9941228	9941508	+	0	0	0		32	1	94	0.010638297872340425	81	1	200	0.005
CUFF_NC.5898	3	9979916	9982533	+	0	0	0		110	2	754	0.002652519893899204	523	7	2442	0.0028665028665028664
CUFF_NC.5899	3	10004767	10005579	+	0	0	0		12	28	79	0.35443037974683544	87	33	404	0.08168316831683169
CUFF_NC.5917	3	10031917	10032346	-	0	0	0		22	127	228	0.5570175438596491	109	390	1110	0.35135135135135137
CUFF_NC.5916	3	10035383	10035668	+	0	0	0		24	0	99	0.0	64	1	232	0.004310344827586207
CUFF_NC.5906	3	10042693	10043165	+	0	0	0		24	0	114	0.0	90	1	293	0.0034129692832764505
CUFF_NC.5901	3	10043487	10043964	+	0	0	0		20	0	62	0.0	106	5	327	0.01529051987767584
CUFF_NC.5904	3	10047316	10050153	+	0	0	0		62	21	283	0.07420494699646643	525	414	2604	0.15898617511520738
CUFF_NC.5905	3	10054562	10055328	-	0	0	0		43	1	276	0.0036231884057971015	158	4	784	0.00510204081632653
CUFF_NC.5903	3	10061040	10062982	-	0	0	0		88	48	511	0.09393346379647749	362	80	2034	0.03933136676499508
CUFF_NC.5902	3	10063960	10066055	+	0	0	0		43	2	285	0.007017543859649123	442	7	2090	0.0033492822966507177
CUFF_NC.5911	3	10071805	10072639	-	0	0	0		53	3	343	0.008746355685131196	228	3	1360	0.0022058823529411764
CUFF_NC.5907	3	10072954	10074024	-	0	0	0		51	0	346	0.0	145	3	722	0.004155124653739612
CUFF_NC.5912	3	10086165	10086650	+	0	0	0		22	0	165	0.0	115	3	680	0.004411764705882353
CUFF_NC.5908	3	10088856	10089339	+	0	0	0		23	0	136	0.0	90	0	518	0.0
CUFF_NC.5928	3	10094777	10095367	-	0	0	0		33	1	175	0.005714285714285714	114	4	507	0.007889546351084813
CUFF_NC.5910	3	10106306	10111479	-	0	0	0		118	769	993	0.7744209466263847	498	985	3282	0.3001218769043266
CUFF_NC.5909	3	10109060	10109693	-	0	0	0		28	217	282	0.7695035460992907	72	129	497	0.2595573440643863
CUFF_NC.5915	3	10118713	10121068	+	0	0	0		160	2	667	0.0029985007496251873	465	6	1977	0.0030349013657056147
CUFF_NC.5913	3	10129335	10129980	+	0	0	0		43	1	262	0.003816793893129771	157	1	817	0.0012239902080783353
CUFF_NC.5914	3	10131043	10131480	+	0	0	0		14	0	47	0.0	96	2	296	0.006756756756756757
CUFF_NC.5918	3	10145179	10146081	+	0	0	0		34	44	199	0.22110552763819097	211	29	927	0.03128371089536138
CUFF_NC.5920	3	10154202	10155166	-	0	0	0		48	1	199	0.005025125628140704	197	3	754	0.003978779840848806
CUFF_NC.5932	3	10164286	10164794	-	0	0	0		33	0	128	0.0	112	1	419	0.002386634844868735
CUFF_NC.5933	3	10166358	10166804	-	0	0	0		23	0	82	0.0	69	0	241	0.0
CUFF_NC.5923	3	10178985	10190378	+	0	0	0		256	21	1120	0.01875	1863	52	6874	0.007564736688972942
CUFF_NC.5927	3	10193635	10194300	+	0	0	0		37	4	375	0.010666666666666666	142	3	1094	0.002742230347349177
CUFF_NC.5919	3	10207507	10208932	+	0	0	0		78	1	723	0.0013831258644536654	312	5	2081	0.002402691013935608
CUFF_NC.5921	3	10221098	10221896	-	0	0	0		41	0	122	0.0	165	1	448	0.002232142857142857
CUFF_NC.5922	3	10222385	10223001	+	0	0	0		38	266	347	0.7665706051873199	161	352	1297	0.27139552814186585
CUFF_NC.5931	3	10223419	10226381	+	0	0	0		152	691	1265	0.5462450592885375	693	933	5197	0.17952664999037907
CUFF_NC.5929	3	10234590	10235626	-	0	0	0		73	0	393	0.0	247	3	1177	0.002548853016142736
CUFF_NC.5925	3	10235772	10236632	-	0	0	0		8	0	41	0.0	165	4	1043	0.003835091083413231
CUFF_NC.5926	3	10239876	10240420	-	0	0	0		34	0	117	0.0	108	2	426	0.004694835680751174
CUFF_NC.5930	3	10244121	10244923	-	0	0	0		47	0	163	0.0	201	1	731	0.0013679890560875513
CUFF_NC.5936	3	10272180	10272786	-	0	0	0		17	0	160	0.0	135	1	757	0.001321003963011889
CUFF_NC.5934	3	10299906	10300741	-	0	0	0		24	37	144	0.2569444444444444	219	189	1237	0.15278900565885206
CUFF_NC.5935	3	10300298	10300913	+	0	0	0		19	42	123	0.34146341463414637	183	309	1294	0.23879443585780524
CUFF_NC.5939	3	10303812	10306631	-	0	0	0		55	0	367	0.0	592	16	2787	0.0057409400789379264
CUFF_NC.5940	3	10309424	10310302	-	0	0	0		29	0	108	0.0	176	2	599	0.00333889816360601
CUFF_NC.5941	3	10323497	10325308	-	0	0	0		67	1	391	0.0025575447570332483	348	4	1781	0.0022459292532285235
CUFF_NC.5937	3	10328426	10329216	-	0	0	0		3	0	10	0.0	15	0	92	0.0
CUFF_NC.5943	3	10338167	10339158	-	0	0	0		43	0	302	0.0	164	3	994	0.0030181086519114686
CUFF_NC.5946	3	10352910	10356685	+	0	0	0		88	3	569	0.005272407732864675	489	4	2390	0.0016736401673640166
CUFF_NC.5942	3	10357511	10358576	+	0	0	0		27	0	195	0.0	209	2	1227	0.0016299918500407497
CUFF_NC.5948	3	10373263	10374572	-	0	0	0		33	90	258	0.3488372093023256	334	136	2119	0.06418121755545068
CUFF_NC.5944	3	10381824	10382359	+	0	0	0		20	0	144	0.0	92	2	362	0.0055248618784530384
CUFF_NC.5945	3	10389541	10390737	-	0	0	0		33	0	176	0.0	292	6	1331	0.004507888805409466
CUFF_NC.5951	3	10430209	10431212	-	0	0	0		48	0	585	0.0	182	3	1417	0.002117148906139732
CUFF_NC.5947	3	10436394	10438392	-	0	0	0		144	2	513	0.003898635477582846	479	2	1678	0.0011918951132300357
CUFF_NC.5972	3	10448321	10452371	-	0	0	0		158	23	875	0.026285714285714287	884	50	4260	0.011737089201877934
CUFF_NC.5973	3	10458817	10460156	-	0	0	0		42	0	117	0.0	245	2	872	0.0022935779816513763
CUFF_NC.5957	3	10465594	10465951	-	0	0	0		18	1	105	0.009523809523809525	98	3	592	0.005067567567567568
CUFF_NC.5949	3	10474799	10475932	-	0	0	0		1	0	1	0.0	10	0	10	0.0
CUFF_NC.6340	3	10477909	10486455	+	0	0	0		38	2	88	0.022727272727272728	159	1	300	0.0033333333333333335
CUFF_NC.5955	3	10500299	10501076	-	0	0	0		7	0	34	0.0	25	1	102	0.00980392156862745
CUFF_NC.5953	3	10514578	10515198	+	0	0	0		40	96	236	0.4067796610169492	143	108	812	0.1330049261083744
CUFF_NC.5956	3	10517941	10518973	-	0	0	0		52	0	288	0.0	178	2	878	0.002277904328018223
CUFF_NC.5959	3	10529445	10530498	-	0	0	0		66	1	379	0.002638522427440633	257	9	1290	0.0069767441860465115
CUFF_NC.5958	3	10530739	10532798	+	0	0	0		81	590	911	0.6476399560922064	550	1623	5930	0.27369308600337267
CUFF_NC.5967	3	10538558	10539906	-	0	0	0		75	1	542	0.0018450184501845018	333	7	2028	0.0034516765285996054
CUFF_NC.5962	3	10560065	10560909	+	0	0	0		3	3	3	1.0	17	3	17	0.17647058823529413
CUFF_NC.5966	3	10590325	10590782	+	0	0	0		15	0	157	0.0	76	2	629	0.003179650238473768
CUFF_NC.5968	3	10592856	10593510	-	0	0	0		10	35	69	0.5072463768115942	141	620	1180	0.5254237288135594
CUFF_NC.5971	3	10593724	10595291	+	0	0	0		79	0	336	0.0	328	12	1266	0.009478672985781991
CUFF_NC.5969	3	10599589	10600088	+	0	0	0		22	2	142	0.014084507042253521	104	11	557	0.019748653500897665
CUFF_NC.5970	3	10604685	10605615	-	0	0	0		32	72	271	0.2656826568265683	219	170	1788	0.09507829977628636
CUFF_NC.5979	3	10622019	10622385	-	0	0	0		31	1	232	0.004310344827586207	102	3	787	0.0038119440914866584
CUFF_NC.5977	3	10654605	10655007	+	0	0	0		14	0	99	0.0	84	4	618	0.006472491909385114
CUFF_NC.5978	3	10662973	10663749	-	0	0	0		34	34	185	0.1837837837837838	181	265	1000	0.265
CUFF_NC.5980	3	10675146	10675865	+	0	0	0		44	1	268	0.0037313432835820895	193	2	1101	0.0018165304268846503
CUFF_NC.5981	3	10691151	10691641	+	0	0	0		13	0	76	0.0	80	1	620	0.0016129032258064516
CUFF_NC.6080	3	10700706	10703883	+	0	0	0		56	202	456	0.44298245614035087	494	233	2786	0.083632447954056
CUFF_NC.5983	3	10707554	10708420	-	0	0	0		42	0	449	0.0	201	3	1438	0.002086230876216968
CUFF_NC.5984	3	10711898	10712652	-	0	0	0		30	0	120	0.0	216	1	1027	0.0009737098344693282
CUFF_NC.5986	3	10715580	10717352	-	0	0	0		64	3	897	0.0033444816053511705	304	5	2329	0.0021468441391155
CUFF_NC.5982	3	10718346	10718966	-	0	0	0		36	113	208	0.5432692307692307	154	238	967	0.24612202688728024
CUFF_NC.5985	3	10722921	10723725	-	0	0	0		34	1	238	0.004201680672268907	228	5	1354	0.003692762186115214
CUFF_NC.5993	3	10731142	10731550	+	0	0	0		35	0	178	0.0	110	0	476	0.0
CUFF_NC.5990	3	10735654	10736350	-	0	0	0		41	0	169	0.0	182	5	672	0.00744047619047619
CUFF_NC.5991	3	10753702	10755695	-	0	0	0		36	2	198	0.010101010101010102	344	7	1784	0.003923766816143498
CUFF_NC.5988	3	10758574	10759216	-	0	0	0		28	155	355	0.43661971830985913	150	368	2032	0.18110236220472442
CUFF_NC.5989	3	10767295	10768415	+	0	0	0		68	1	297	0.003367003367003367	309	4	1211	0.0033030553261767133
CUFF_NC.5992	3	10782636	10784023	-	0	0	0		61	1	409	0.0024449877750611247	334	2	1608	0.0012437810945273632
CUFF_NC.5996	3	10805957	10807795	+	0	0	0		118	1	265	0.0037735849056603774	239	0	643	0.0
CUFF_NC.5994	3	10809026	10809476	+	0	0	0		23	7	193	0.03626943005181347	105	46	817	0.056303549571603426
CUFF_NC.5995	3	10809073	10809455	-	0	0	0		18	7	143	0.04895104895104895	98	46	762	0.06036745406824147
CUFF_NC.5998	3	10813936	10815168	+	0	0	0		80	2	249	0.008032128514056224	325	3	982	0.003054989816700611
CUFF_NC.5999	3	10822309	10823943	+	0	0	0		50	2	264	0.007575757575757576	270	0	1115	0.0
CUFF_NC.5997	3	10824246	10824981	+	0	0	0		13	1	45	0.022222222222222223	149	5	488	0.010245901639344262
CUFF_NC.6001	3	10832703	10839768	-	0	0	0		188	141	829	0.1700844390832328	1156	756	5819	0.12991923010826603
CUFF_NC.6002	3	10832758	10838425	-	0	0	0		110	141	646	0.21826625386996903	876	756	4975	0.1519597989949749
CUFF_NC.6000	3	10848955	10850047	-	0	0	0		31	2	329	0.0060790273556231	200	3	1503	0.001996007984031936
CUFF_NC.6006	3	10884352	10885007	+	0	0	0		41	663	1041	0.6368876080691642	199	979	4468	0.21911369740376008
CUFF_NC.6007	3	10887079	10887732	+	0	0	0		55	358	505	0.7089108910891089	191	333	1666	0.1998799519807923
CUFF_NC.6008	3	10887885	10889221	+	0	0	0		85	461	680	0.6779411764705883	347	529	2661	0.19879744456971063
CUFF_NC.6004	3	10889286	10889976	+	0	0	0		33	11	147	0.07482993197278912	182	56	901	0.06215316315205328
CUFF_NC.6010	3	10897996	10898610	+	0	0	0		15	0	57	0.0	42	1	130	0.007692307692307693
CUFF_NC.6009	3	10912045	10912951	-	0	0	0		51	0	202	0.0	233	2	796	0.002512562814070352
CUFF_NC.6011	3	10924627	10925758	-	0	0	0		50	0	222	0.0	169	3	639	0.004694835680751174
CUFF_NC.6013	3	10940348	10941897	+	0	0	0		63	0	324	0.0	208	6	1106	0.0054249547920434
CUFF_NC.6012	3	10943169	10943815	+	0	0	0		22	0	134	0.0	154	3	714	0.004201680672268907
CUFF_NC.6014	3	10959709	10961024	+	0	0	0		39	1	183	0.00546448087431694	175	5	889	0.00562429696287964
CUFF_NC.6016	3	10993774	10994988	+	0	0	0		50	0	262	0.0	254	7	1274	0.005494505494505495
CUFF_NC.6017	3	10995489	10996268	+	0	0	0		27	0	66	0.0	227	4	714	0.0056022408963585435
CUFF_NC.6022	3	11011913	11012762	+	0	0	0		48	0	216	0.0	210	7	875	0.008
CUFF_NC.6019	3	11030102	11031100	+	0	0	0		24	1	99	0.010101010101010102	213	4	1191	0.0033585222502099076
CUFF_NC.6021	3	11034621	11035281	-	0	0	0		5	0	12	0.0	31	1	82	0.012195121951219513
CUFF_NC.6020	3	11037887	11038822	-	0	0	0		19	2	107	0.018691588785046728	126	0	574	0.0
CUFF_NC.6025	3	11058549	11059065	+	0	0	0		10	20	24	0.8333333333333334	8	3	18	0.16666666666666666
CUFF_NC.6023	3	11064446	11065105	+	0	0	0		27	99	185	0.5351351351351351	146	161	931	0.17293233082706766
CUFF_NC.6026	3	11087986	11088524	-	0	0	0		39	1	205	0.004878048780487805	126	3	598	0.005016722408026756
CUFF_NC.6032	3	11102315	11103337	+	0	0	0		42	0	181	0.0	279	3	1146	0.002617801047120419
CUFF_NC.6034	3	11109946	11110693	-	0	0	0		30	0	118	0.0	187	2	668	0.0029940119760479044
CUFF_NC.6035	3	11110162	11110827	+	0	0	0		25	0	74	0.0	160	3	432	0.006944444444444444
CUFF_NC.6027	3	11112397	11112960	+	0	0	0		20	24	156	0.15384615384615385	160	36	1198	0.03005008347245409
CUFF_NC.6028	3	11150492	11150907	-	0	0	0		24	0	109	0.0	107	1	463	0.0021598272138228943
CUFF_NC.6031	3	11164374	11165021	+	0	0	0		29	1	269	0.0037174721189591076	153	1	749	0.0013351134846461949
CUFF_NC.6029	3	11189183	11189894	-	0	0	0		29	1	218	0.0045871559633027525	133	1	636	0.0015723270440251573
CUFF_NC.6030	3	11191353	11192897	-	0	0	0		82	0	308	0.0	374	0	1236	0.0
CUFF_NC.6041	3	11194344	11194651	+	0	0	0		13	0	49	0.0	67	1	381	0.0026246719160104987
CUFF_NC.6036	3	11210187	11211015	-	0	0	0		21	1	126	0.007936507936507936	191	10	766	0.013054830287206266
CUFF_NC.6039	3	11216163	11216765	+	0	0	0		35	0	109	0.0	116	0	321	0.0
CUFF_NC.6037	3	11226784	11227590	-	0	0	0		28	269	423	0.6359338061465721	210	904	2547	0.35492736552807225
CUFF_NC.6038	3	11227130	11227828	+	0	0	0		33	286	476	0.6008403361344538	165	290	1697	0.1708898055391868
CUFF_NC.6040	3	11229866	11230934	-	0	0	0		28	103	252	0.4087301587301587	264	163	1923	0.08476339053562143
CUFF_NC.6045	3	11238683	11239637	-	0	0	0		45	3	444	0.006756756756756757	175	2	1179	0.0016963528413910093
CUFF_NC.6042	3	11242004	11243921	+	0	0	0		35	128	394	0.3248730964467005	322	146	2577	0.05665502522312767
CUFF_NC.6043	3	11265694	11266123	-	0	0	0		14	42	137	0.30656934306569344	61	52	474	0.10970464135021098
CUFF_NC.6044	3	11278373	11279001	-	0	0	0		24	0	86	0.0	143	0	425	0.0
CUFF_NC.6079	3	11293589	11294656	-	0	0	0		57	0	272	0.0	269	2	969	0.0020639834881320948
CUFF_NC.6046	3	11298912	11299574	+	0	0	0		17	0	171	0.0	107	4	734	0.005449591280653951
CUFF_NC.6047	3	11324902	11326018	+	0	0	0		63	833	1287	0.6472416472416472	285	1475	7044	0.20939806927881885
CUFF_NC.6048	3	11358628	11359122	-	0	0	0		14	0	52	0.0	83	2	296	0.006756756756756757
CUFF_NC.6049	3	11368572	11371314	+	0	0	0		131	145	619	0.23424878836833601	562	166	2252	0.07371225577264653
CUFF_NC.6050	3	11382249	11384472	+	0	0	0		63	4	320	0.0125	490	9	2247	0.004005340453938585
CUFF_NC.6052	3	11392592	11393141	+	0	0	0		11	0	95	0.0	41	0	302	0.0
CUFF_NC.6053	3	11393866	11394305	+	0	0	0		10	3	38	0.07894736842105263	108	5	372	0.013440860215053764
CUFF_NC.6054	3	11403228	11403719	-	0	0	0		36	60	159	0.37735849056603776	115	58	597	0.09715242881072027
CUFF_NC.6056	3	11403742	11404289	+	0	0	0		34	120	263	0.45627376425855515	145	174	1092	0.15934065934065933
CUFF_NC.6055	3	11403832	11404292	-	0	0	0		31	117	253	0.4624505928853755	116	160	962	0.16632016632016633
CUFF_NC.6062	3	11413019	11414259	+	0	0	0		93	415	784	0.5293367346938775	254	378	2052	0.18421052631578946
CUFF_NC.6061	3	11423736	11424243	-	0	0	0		30	29	73	0.3972602739726027	110	77	365	0.21095890410958903
CUFF_NC.6057	3	11424457	11425157	-	0	0	0		29	206	370	0.5567567567567567	196	339	2240	0.1513392857142857
CUFF_NC.6058	3	11432404	11433342	-	0	0	0		28	119	304	0.39144736842105265	240	152	2107	0.07214048410061699
CUFF_NC.6059	3	11433633	11434347	-	0	0	0		25	62	216	0.28703703703703703	204	174	1308	0.13302752293577982
CUFF_NC.6063	3	11438649	11439071	-	0	0	0		6	4	24	0.16666666666666666	74	6	331	0.01812688821752266
CUFF_NC.6065	3	11447326	11448946	+	0	0	0		67	1	397	0.0025188916876574307	413	5	1838	0.002720348204570185
CUFF_NC.6064	3	11449670	11451829	-	0	0	0		71	184	353	0.5212464589235127	309	176	1248	0.14102564102564102
CUFF_NC.6066	3	11452448	11453559	+	0	0	0		56	143	497	0.28772635814889336	255	243	2025	0.12
CUFF_NC.6069	3	11480457	11481114	+	0	0	0		24	184	407	0.4520884520884521	163	344	2127	0.1617301363422661
CUFF_NC.6068	3	11485053	11485525	+	0	0	0		18	55	211	0.26066350710900477	143	125	1291	0.09682416731216112
CUFF_NC.6073	3	11486283	11487318	-	0	0	0		38	156	380	0.4105263157894737	233	417	2639	0.15801439939370973
CUFF_NC.6075	3	11498865	11502297	-	0	0	0		113	146	668	0.218562874251497	723	288	3438	0.08376963350785341
CUFF_NC.6070	3	11504657	11505264	-	0	0	0		22	119	266	0.4473684210526316	138	255	1701	0.14991181657848324
CUFF_NC.6071	3	11509253	11510521	+	0	0	0		67	2	532	0.0037593984962406013	263	21	1695	0.012389380530973451
CUFF_NC.6072	3	11509458	11510510	-	0	0	0		55	0	453	0.0	213	0	1418	0.0
CUFF_NC.6074	3	11527541	11529374	-	0	0	0		86	0	387	0.0	404	6	1359	0.004415011037527594
CUFF_NC.6078	3	11531493	11533234	+	0	0	0		69	1	428	0.002336448598130841	348	3	1673	0.0017931858936043037
CUFF_NC.6077	3	11542107	11542939	-	0	0	0		23	36	65	0.5538461538461539	164	125	569	0.21968365553602812
CUFF_NC.6076	3	11544975	11545599	-	0	0	0		6	1	15	0.06666666666666667	51	22	117	0.18803418803418803
CUFF_NC.6090	3	11573869	11574840	-	0	0	0		63	430	763	0.563564875491481	288	544	2678	0.20313666915608664
CUFF_NC.6081	3	11586004	11586548	-	0	0	0		21	70	208	0.33653846153846156	156	246	1431	0.1719077568134172
CUFF_NC.6083	3	11645602	11646412	+	0	0	0		4	0	5	0.0	20	0	29	0.0
CUFF_NC.6089	3	11650770	11652359	-	0	0	0		69	197	538	0.36617100371747213	453	320	3187	0.10040790712268591
CUFF_NC.6085	3	11662694	11664725	-	0	0	0		80	363	823	0.44106925880923453	442	764	3838	0.19906201146430433
CUFF_NC.6086	3	11663724	11664128	+	0	0	0		7	14	18	0.7777777777777778	68	46	218	0.21100917431192662
CUFF_NC.6087	3	11664968	11668074	-	0	0	0		9	5	9	0.5555555555555556	57	3	57	0.05263157894736842
CUFF_NC.6088	3	11669041	11669791	-	0	0	0		6	4	6	0.6666666666666666	11	0	11	0.0
CUFF_NC.6091	3	11695898	11696898	-	0	0	0		57	179	459	0.3899782135076253	245	214	1666	0.12845138055222088
CUFF_NC.6093	3	11702290	11702866	-	0	0	0		22	122	324	0.3765432098765432	166	240	1986	0.12084592145015106
CUFF_NC.6092	3	11719043	11719505	+	0	0	0		22	22	91	0.24175824175824176	88	2	308	0.006493506493506494
CUFF_NC.6094	3	11762053	11762537	-	0	0	0		11	17	64	0.265625	107	46	650	0.07076923076923076
CUFF_NC.6096	3	11766236	11773504	+	0	0	0		277	1098	2229	0.49259757738896365	1681	1586	12756	0.12433364691125745
CUFF_NC.6099	3	11800461	11801283	-	0	0	0		55	117	218	0.536697247706422	245	197	962	0.2047817047817048
CUFF_NC.6100	3	11810534	11811501	-	0	0	0		34	1	119	0.008403361344537815	209	1	710	0.0014084507042253522
CUFF_NC.6102	3	11812117	11812582	-	0	0	0		23	0	145	0.0	70	0	330	0.0
CUFF_NC.6098	3	11814626	11815684	+	0	0	0		13	0	55	0.0	118	1	316	0.0031645569620253164
CUFF_NC.6101	3	11833632	11834439	+	0	0	0		33	0	204	0.0	184	4	1038	0.0038535645472061657
CUFF_NC.6103	3	11837380	11837725	+	0	0	0		11	3	53	0.05660377358490566	71	6	404	0.01485148514851485
CUFF_NC.6105	3	11853552	11854533	-	0	0	0		34	198	316	0.6265822784810127	266	503	2493	0.201764941837144
CUFF_NC.6106	3	11854822	11855283	-	0	0	0		30	206	319	0.64576802507837	138	285	1437	0.19832985386221294
CUFF_NC.6107	3	11876972	11877392	-	0	0	0		17	25	78	0.32051282051282054	111	65	498	0.13052208835341367
CUFF_NC.6109	3	11892732	11893176	+	0	0	0		8	23	88	0.26136363636363635	110	101	1083	0.09325946445060018
CUFF_NC.6108	3	11893586	11894353	+	0	0	0		16	25	90	0.2777777777777778	202	157	1332	0.11786786786786786
CUFF_NC.6110	3	11894526	11894851	+	0	0	0		7	0	35	0.0	39	0	131	0.0
CUFF_NC.6112	3	11896000	11897447	-	0	0	0		40	62	155	0.4	161	91	661	0.13767019667170954
CUFF_NC.6113	3	11923866	11924642	+	0	0	0		19	0	122	0.0	156	1	764	0.0013089005235602095
CUFF_NC.6111	3	11934594	11935621	-	0	0	0		2	0	2	0.0	9	1	9	0.1111111111111111
CUFF_NC.6119	3	11978225	11978651	+	0	0	0		20	0	77	0.0	117	0	377	0.0
CUFF_NC.6115	3	11982898	11984003	-	0	0	0		42	35	169	0.20710059171597633	136	48	597	0.08040201005025126
CUFF_NC.6116	3	11983717	11984012	+	0	0	0		11	6	11	0.5454545454545454	16	2	16	0.125
CUFF_NC.6117	3	12041342	12043954	-	0	0	0		86	553	1031	0.5363724539282251	650	1427	7376	0.1934652928416486
CUFF_NC.6118	3	12060310	12064459	-	0	0	0		77	356	669	0.5321375186846039	708	672	4548	0.14775725593667546
CUFF_NC.6121	3	12210450	12211560	+	0	0	0		13	36	74	0.4864864864864865	56	35	251	0.1394422310756972
CUFF_NC.6122	3	12227358	12228092	+	0	0	0		6	6	27	0.2222222222222222	54	50	295	0.1694915254237288
CUFF_NC.6123	3	12236966	12237395	-	0	0	0		15	26	266	0.09774436090225563	90	52	818	0.06356968215158924
CUFF_NC.6124	3	12242846	12243801	-	0	0	0		11	20	47	0.425531914893617	137	231	564	0.4095744680851064
CUFF_NC.6125	3	12274754	12275186	-	0	0	0		21	147	191	0.7696335078534031	132	199	1268	0.15694006309148265
CUFF_NC.6126	3	12299131	12299828	-	0	0	0		20	18	174	0.10344827586206896	173	88	1193	0.07376362112321877
CUFF_NC.6127	3	12318019	12318572	-	0	0	0		18	54	203	0.2660098522167488	140	49	1020	0.04803921568627451
CUFF_NC.6130	3	12348944	12349478	-	0	0	0		33	218	333	0.6546546546546547	129	209	1295	0.1613899613899614
CUFF_NC.6128	3	12386044	12387343	-	0	0	0		4	2	4	0.5	7	2	7	0.2857142857142857
CUFF_NC.6129	3	12389215	12389669	-	0	0	0		11	34	76	0.4473684210526316	55	31	235	0.13191489361702127
CUFF_NC.6131	3	12443275	12445143	-	0	0	0		49	106	346	0.3063583815028902	319	287	1768	0.16233031674208145
CUFF_NC.6134	3	12445866	12448504	-	0	0	0		94	525	896	0.5859375	707	1307	6099	0.21429742580750943
CUFF_NC.6135	3	12447043	12447540	-	0	0	0		15	76	122	0.6229508196721312	162	385	1495	0.25752508361204013
CUFF_NC.6136	3	12450504	12451318	+	0	0	0		37	0	169	0.0	150	2	524	0.003816793893129771
CUFF_NC.6132	3	12457465	12458011	-	0	0	0		24	152	288	0.5277777777777778	125	234	1431	0.16352201257861634
CUFF_NC.6133	3	12458399	12459361	+	0	0	0		46	147	331	0.44410876132930516	257	296	2153	0.13748258244310266
CUFF_NC.6137	3	12471501	12473189	+	0	0	0		39	42	211	0.1990521327014218	430	170	2244	0.07575757575757576
CUFF_NC.6138	3	12487081	12487921	+	0	0	0		17	78	245	0.3183673469387755	116	205	1247	0.16439454691259023
CUFF_NC.6139	3	12534317	12534582	-	0	0	0		28	81	134	0.6044776119402985	82	114	466	0.2446351931330472
CUFF_NC.6140	3	12553227	12553755	+	0	0	0		13	33	170	0.19411764705882353	170	131	1374	0.09534206695778748
CUFF_NC.6141	3	12559299	12560076	-	0	0	0		30	44	280	0.15714285714285714	173	110	1453	0.07570543702684102
CUFF_NC.6142	3	12582540	12582801	+	0	0	0		8	33	39	0.8461538461538461	55	63	252	0.25
CUFF_NC.6143	3	12605893	12606479	+	0	0	0		30	129	322	0.40062111801242234	159	203	1688	0.12026066350710901
CUFF_NC.6145	3	12610291	12610723	+	0	0	0		28	165	253	0.6521739130434783	109	164	722	0.22714681440443213
CUFF_NC.6144	3	12611096	12611945	+	0	0	0		41	214	680	0.31470588235294117	183	158	2004	0.07884231536926148
CUFF_NC.6149	3	12612382	12613287	-	0	0	0		38	115	312	0.3685897435897436	255	162	1867	0.0867702196036422
CUFF_NC.6150	3	12620381	12621800	-	0	0	0		44	134	422	0.3175355450236967	273	254	2459	0.1032940219601464
CUFF_NC.6146	3	12638406	12639443	-	0	0	0		24	52	255	0.20392156862745098	209	156	1481	0.10533423362592843
CUFF_NC.6147	3	12643857	12645070	-	0	0	0		52	169	432	0.3912037037037037	292	280	2167	0.12921089063221042
CUFF_NC.6151	3	12704444	12704858	+	0	0	0		8	60	91	0.6593406593406593	49	49	290	0.16896551724137931
CUFF_NC.6153	3	12717714	12718872	+	0	0	0		54	263	488	0.5389344262295082	348	643	3258	0.19736034376918354
CUFF_NC.6152	3	12719429	12720090	+	0	0	0		36	197	337	0.5845697329376854	208	448	1989	0.2252388134741076
CUFF_NC.6154	3	12720702	12721353	+	0	0	0		39	210	367	0.5722070844686649	202	428	1880	0.2276595744680851
CUFF_NC.6155	3	12721412	12722620	+	0	0	0		11	20	32	0.625	55	24	136	0.17647058823529413
CUFF_NC.6156	3	12731141	12732572	-	0	0	0		60	104	414	0.25120772946859904	277	120	1803	0.06655574043261231
CUFF_NC.6157	3	12758023	12758473	-	0	0	0		16	55	127	0.4330708661417323	104	148	933	0.15862808145766344
CUFF_NC.6158	3	12801945	12802819	+	0	0	0		14	47	71	0.6619718309859155	42	47	235	0.2
CUFF_NC.6160	3	12836299	12836663	-	0	0	0		4	0	8	0.0	18	1	35	0.02857142857142857
CUFF_NC.6162	3	12920061	12920534	+	0	0	0		14	35	50	0.7	63	41	240	0.17083333333333334
CUFF_NC.6161	3	12926044	12926947	+	0	0	0		1	2	4	0.5	35	19	119	0.15966386554621848
CUFF_NC.6176	3	12970775	12981890	+	0	0	0		553	11986	17554	0.6828073373590064	2677	19332	76971	0.2511595276142963
CUFF_NC.6163	3	12999518	13000304	+	0	0	0		0	0	0		51	0	241	0.0
CUFF_NC.6168	3	13002358	13014273	+	0	0	0		20	13	30	0.43333333333333335	84	11	163	0.06748466257668712
CUFF_NC.6164	3	13015659	13016540	+	0	0	0		8	4	14	0.2857142857142857	36	3	53	0.05660377358490566
CUFF_NC.6165	3	13016698	13017287	+	0	0	0		2	1	10	0.1	27	17	125	0.136
CUFF_NC.6167	3	13017450	13018593	+	0	0	0		11	23	28	0.8214285714285714	48	23	123	0.18699186991869918
CUFF_NC.6166	3	13018813	13019848	+	0	0	0		32	60	129	0.46511627906976744	141	114	589	0.1935483870967742
CUFF_NC.6175	3	13088239	13088907	+	0	0	0		46	147	244	0.6024590163934426	160	163	881	0.18501702610669693
CUFF_NC.6178	3	13102090	13104022	-	0	0	0		153	587	1099	0.5341219290263877	578	800	3641	0.21971985718209283
CUFF_NC.6179	3	13105102	13107337	-	0	0	0		28	127	225	0.5644444444444444	161	291	1327	0.2192916352675207
CUFF_NC.6177	3	13107490	13108581	-	0	0	0		33	148	251	0.5896414342629482	257	350	2001	0.17491254372813594
CUFF_NC.6184	3	13139047	13142921	+	0	0	0		74	173	327	0.5290519877675841	448	380	2311	0.16443098225876243
CUFF_NC.6180	3	13155927	13156355	+	0	0	0		1	0	1	0.0	9	0	9	0.0
CUFF_NC.6181	3	13161605	13162296	-	0	0	0		4	3	9	0.3333333333333333	27	21	85	0.24705882352941178
CUFF_NC.6182	3	13175924	13176451	+	0	0	0		9	23	53	0.4339622641509434	23	5	85	0.058823529411764705
CUFF_NC.6195	3	13201824	13202399	-	0	0	0		22	100	203	0.49261083743842365	80	50	503	0.09940357852882704
CUFF_NC.6196	3	13203849	13205278	-	0	0	0		47	90	160	0.5625	135	76	405	0.18765432098765433
CUFF_NC.6183	3	13213143	13213573	-	0	0	0		11	12	25	0.48	58	21	161	0.13043478260869565
CUFF_NC.6185	3	13223683	13224529	+	0	0	0		15	78	160	0.4875	87	77	564	0.13652482269503546
CUFF_NC.6188	3	13225206	13226580	-	0	0	0		7	1	18	0.05555555555555555	29	5	103	0.04854368932038835
CUFF_NC.6189	3	13227773	13230066	-	0	0	0		8	9	21	0.42857142857142855	74	1	165	0.006060606060606061
CUFF_NC.6190	3	13228346	13236157	-	0	0	0		102	297	561	0.5294117647058824	726	435	3382	0.128622117090479
CUFF_NC.6186	3	13240371	13240793	-	0	0	0		5	1	5	0.2	15	0	15	0.0
CUFF_NC.6191	3	13243926	13245007	-	0	0	0		17	34	104	0.3269230769230769	155	49	925	0.05297297297297297
CUFF_NC.6187	3	13251398	13252064	-	0	0	0		0	0	0		13	2	13	0.15384615384615385
CUFF_NC.6193	3	13343224	13343660	+	0	0	0		7	7	29	0.2413793103448276	24	29	147	0.19727891156462585
CUFF_NC.6198	3	13394584	13395309	+	0	0	0		21	35	97	0.36082474226804123	168	148	813	0.1820418204182042
CUFF_NC.6197	3	13395366	13395852	+	0	0	0		31	103	187	0.5508021390374331	119	87	502	0.17330677290836655
CUFF_NC.6237	3	13484675	13485776	+	0	0	0		46	0	160	0.0	242	1	745	0.0013422818791946308
CUFF_NC.6238	3	13493410	13493775	+	0	0	0		24	1	146	0.00684931506849315	77	0	367	0.0
CUFF_NC.6202	3	13494331	13494838	+	0	0	0		19	72	153	0.47058823529411764	65	37	348	0.10632183908045977
CUFF_NC.6203	3	13496001	13496499	+	0	0	0		36	93	139	0.6690647482014388	117	111	430	0.25813953488372093
CUFF_NC.6204	3	13531792	13532616	+	0	0	0		39	112	381	0.29396325459317585	171	78	1529	0.051013734466971876
CUFF_NC.6205	3	13586774	13587275	-	0	0	0		13	88	240	0.36666666666666664	148	482	3095	0.15573505654281097
CUFF_NC.6206	3	13586866	13587786	+	0	0	0		17	259	847	0.30578512396694213	264	866	7266	0.11918524635287642
CUFF_NC.6212	3	13588802	13592598	+	0	0	0		47	672	1936	0.34710743801652894	1115	5926	56283	0.10528934136417746
CUFF_NC.6213	3	13589478	13592601	-	0	0	0		37	438	1353	0.3237250554323725	924	4381	40685	0.10768096350006144
CUFF_NC.6207	3	13593081	13600607	-	0	0	0		22	43	71	0.6056338028169014	132	148	570	0.2596491228070175
CUFF_NC.6208	3	13593470	13596105	-	0	0	0		14	33	51	0.6470588235294118	85	128	462	0.27705627705627706
CUFF_NC.6209	3	13597567	13598341	-	0	0	0		6	8	18	0.4444444444444444	23	10	66	0.15151515151515152
CUFF_NC.6210	3	13597959	13600267	-	0	0	0		2	3	6	0.5	22	2	36	0.05555555555555555
CUFF_NC.6211	3	13624211	13624643	+	0	0	0		15	24	35	0.6857142857142857	41	25	120	0.20833333333333334
CUFF_NC.6214	3	13699883	13701586	+	0	0	0		2	0	2	0.0	21	3	21	0.14285714285714285
CUFF_NC.6217	3	13702500	13707619	+	0	0	0		10	15	17	0.8823529411764706	41	16	79	0.20253164556962025
CUFF_NC.6215	3	13708292	13711625	+	0	0	0		4	3	4	0.75	16	6	16	0.375
CUFF_NC.6216	3	13713250	13715567	+	0	0	0		8	4	11	0.36363636363636365	40	19	92	0.20652173913043478
CUFF_NC.6226	3	13777629	13786746	+	0	0	0		4	4	5	0.8	15	7	22	0.3181818181818182
CUFF_NC.6227	3	13784990	13790540	+	0	0	0		5	2	8	0.25	17	12	25	0.48
CUFF_NC.6229	3	13794234	13798148	+	0	0	0		2	0	6	0.0	24	3	55	0.05454545454545454
CUFF_NC.6230	3	13810221	13816366	-	0	0	0		35	71	127	0.5590551181102362	190	128	602	0.21262458471760798
CUFF_NC.6233	3	13843221	13847167	-	0	0	0		4	2	4	0.5	17	0	17	0.0
CUFF_NC.6234	3	13866525	13870303	-	0	0	0		4	2	12	0.16666666666666666	35	7	65	0.1076923076923077
CUFF_NC.6240	3	13872455	13874300	-	0	0	0		1	2	2	1.0	18	7	34	0.20588235294117646
CUFF_NC.6241	3	13875925	13877023	-	0	0	0		4	3	7	0.42857142857142855	46	9	94	0.09574468085106383
CUFF_NC.6242	3	13877226	13877689	-	0	0	0		0	0	0		14	4	14	0.2857142857142857
CUFF_NC.6243	3	13966706	13967035	-	0	0	0		3	13	15	0.8666666666666667	9	14	44	0.3181818181818182
CUFF_NC.6253	3	13988904	13990338	-	0	0	0		71	2	398	0.005025125628140704	328	8	1659	0.004822182037371911
CUFF_NC.6254	3	13989380	13989866	+	0	0	0		25	1	145	0.006896551724137931	132	4	739	0.005412719891745603
CUFF_NC.6267	3	14095553	14096243	+	0	0	0		43	94	329	0.2857142857142857	133	225	936	0.2403846153846154
CUFF_NC.6268	3	14096915	14097338	+	0	0	0		20	123	212	0.5801886792452831	105	394	1042	0.3781190019193858
CUFF_NC.6252	3	14175298	14184484	-	0	0	0		4	3	4	0.75	18	6	18	0.3333333333333333
CUFF_NC.6251	3	14188661	14191432	+	0	0	0		3	1	5	0.2	20	3	35	0.08571428571428572
CUFF_NC.6256	3	14210097	14214779	+	0	0	0		35	61	136	0.4485294117647059	233	335	1562	0.21446862996158772
CUFF_NC.6257	3	14212812	14224335	+	0	0	0		127	355	708	0.501412429378531	953	1273	5624	0.22635135135135134
CUFF_NC.6258	3	14214239	14216506	+	0	0	0		17	31	64	0.484375	163	103	506	0.20355731225296442
CUFF_NC.6259	3	14215397	14218711	+	0	0	0		74	266	522	0.5095785440613027	630	1052	4477	0.2349787804333259
CUFF_NC.6255	3	14254773	14255669	-	0	0	0		58	208	386	0.538860103626943	233	253	1172	0.2158703071672355
CUFF_NC.6260	3	14261295	14261764	-	0	0	0		4	20	37	0.5405405405405406	148	156	770	0.2025974025974026
CUFF_NC.6261	3	14270963	14272222	+	0	0	0		73	183	603	0.3034825870646766	307	99	2263	0.043747238179407864
CUFF_NC.6274	3	14276437	14276914	+	0	0	0		47	949	1604	0.5916458852867831	124	1104	3766	0.29314922995220394
CUFF_NC.6275	3	14276979	14278185	+	0	0	0		62	1691	2330	0.7257510729613734	332	2777	10007	0.2775057459778155
CUFF_NC.6262	3	14287291	14287763	-	0	0	0		12	0	76	0.0	83	2	510	0.00392156862745098
CUFF_NC.6263	3	14288140	14289566	+	0	0	0		29	1	323	0.0030959752321981426	216	9	1431	0.006289308176100629
CUFF_NC.6264	3	14301926	14303281	+	0	0	0		88	405	737	0.5495251017639078	402	521	3472	0.15005760368663595
CUFF_NC.6265	3	14305525	14306068	-	0	0	0		16	94	136	0.6911764705882353	94	157	758	0.20712401055408972
CUFF_NC.6269	3	14307529	14308352	+	0	0	0		40	110	309	0.3559870550161812	187	78	1603	0.048658764815970056
CUFF_NC.6271	3	14309378	14311426	-	0	0	0		85	3	478	0.006276150627615063	535	6	2420	0.0024793388429752068
CUFF_NC.6270	3	14317723	14318316	-	0	0	0		23	0	97	0.0	94	0	361	0.0
CUFF_NC.6272	3	14338931	14339440	-	0	0	0		3	4	4	1.0	31	15	48	0.3125
CUFF_NC.6276	3	14360150	14360980	+	0	0	0		10	13	49	0.2653061224489796	70	38	358	0.10614525139664804
CUFF_NC.6277	3	14420535	14420941	+	0	0	0		11	51	60	0.85	53	118	340	0.34705882352941175
CUFF_NC.6279	3	14587828	14588405	-	0	0	0		20	34	99	0.3434343434343434	118	63	555	0.11351351351351352
CUFF_NC.6281	3	14655127	14655584	-	0	0	0		14	67	115	0.5826086956521739	88	109	692	0.157514450867052
CUFF_NC.6284	3	14685558	14689364	-	0	0	0		48	2	248	0.008064516129032258	408	11	2126	0.0051740357478833494
CUFF_NC.6286	3	14687252	14688102	-	0	0	0		6	0	27	0.0	26	0	116	0.0
CUFF_NC.6287	3	14702837	14703279	-	0	0	0		25	224	333	0.6726726726726727	124	418	1589	0.263058527375708
CUFF_NC.6283	3	14717236	14717775	-	0	0	0		33	198	284	0.6971830985915493	158	281	1291	0.21766072811773818
CUFF_NC.6288	3	14737892	14738639	-	0	0	0		21	21	201	0.1044776119402985	111	34	670	0.050746268656716415
CUFF_NC.6290	3	14749323	14750477	+	0	0	0		81	350	530	0.660377358490566	270	429	2023	0.2120612951062778
CUFF_NC.6293	3	14758433	14759037	+	0	0	0		33	2	418	0.004784688995215311	79	2	693	0.002886002886002886
CUFF_NC.6289	3	14766327	14766697	+	0	0	0		5	4	5	0.8	7	0	7	0.0
CUFF_NC.6292	3	14783151	14784253	+	0	0	0		40	0	336	0.0	237	6	1693	0.0035440047253396337
CUFF_NC.6294	3	14790048	14790621	-	0	0	0		21	66	146	0.4520547945205479	175	332	1252	0.26517571884984026
CUFF_NC.6295	3	14811043	14811522	-	0	0	0		14	0	147	0.0	80	1	406	0.0024630541871921183
CUFF_NC.6297	3	14838642	14839904	+	0	0	0		74	438	761	0.5755584756898817	385	660	3110	0.21221864951768488
CUFF_NC.6300	3	14878053	14878622	+	0	0	0		33	1	237	0.004219409282700422	134	2	722	0.002770083102493075
CUFF_NC.6298	3	14885140	14885554	+	0	0	0		11	103	140	0.7357142857142858	123	212	1330	0.1593984962406015
CUFF_NC.6299	3	14885969	14886341	-	0	0	0		8	40	124	0.3225806451612903	83	111	844	0.13151658767772512
CUFF_NC.6301	3	14887503	14887940	-	0	0	0		27	60	139	0.4316546762589928	98	37	460	0.08043478260869565
CUFF_NC.6302	3	14901488	14904340	-	0	0	0		74	212	713	0.2973352033660589	641	391	5056	0.07733386075949367
CUFF_NC.6303	3	14902206	14902705	-	0	0	0		20	86	232	0.3706896551724138	139	112	1251	0.08952837729816147
CUFF_NC.6304	3	14932933	14933777	+	0	0	0		42	278	551	0.5045372050816697	214	329	2045	0.160880195599022
CUFF_NC.6305	3	14990846	14991849	+	0	0	0		23	71	241	0.2946058091286307	232	65	1599	0.04065040650406504
CUFF_NC.6307	3	14999843	15000265	+	0	0	0		13	99	157	0.6305732484076433	125	178	820	0.21707317073170732
CUFF_NC.6306	3	15026948	15027742	-	0	0	0		30	84	318	0.2641509433962264	169	91	1325	0.06867924528301887
CUFF_NC.6309	3	15078911	15080691	-	0	0	0		90	342	900	0.38	344	288	2556	0.11267605633802817
CUFF_NC.6308	3	15091673	15092521	+	0	0	0		32	0	224	0.0	182	1	957	0.0010449320794148381
CUFF_NC.6312	3	15163490	15167273	-	0	0	0		232	1211	1964	0.6165987780040734	935	1499	7249	0.20678714305421436
CUFF_NC.6310	3	15170970	15171795	-	0	0	0		35	1	267	0.003745318352059925	207	4	1217	0.003286770747740345
CUFF_NC.6311	3	15177930	15178606	-	0	0	0		44	2	324	0.006172839506172839	157	3	938	0.0031982942430703624
CUFF_NC.6315	3	15193654	15196034	-	0	0	0		174	3	859	0.0034924330616996507	541	11	2426	0.004534212695795548
CUFF_NC.6318	3	15202785	15203202	+	0	0	0		3	0	15	0.0	6	0	26	0.0
CUFF_NC.6313	3	15205600	15207002	-	0	0	0		35	34	269	0.12639405204460966	393	54	1684	0.032066508313539195
CUFF_NC.6314	3	15224215	15225590	+	0	0	0		45	65	249	0.26104417670682734	250	271	1230	0.22032520325203253
CUFF_NC.6316	3	15246059	15247761	-	0	0	0		137	421	695	0.6057553956834533	351	626	2182	0.28689275893675525
CUFF_NC.6320	3	15269770	15270591	-	0	0	0		24	25	176	0.14204545454545456	151	49	1259	0.03891977760127085
CUFF_NC.6339	3	15298568	15299634	+	0	0	0		36	59	241	0.24481327800829875	273	213	1820	0.11703296703296703
CUFF_NC.6319	3	15306809	15307759	-	0	0	0		59	429	762	0.562992125984252	263	608	2749	0.22117133503092035
CUFF_NC.6321	3	15313410	15315173	+	0	0	0		44	230	494	0.46558704453441296	431	1052	4895	0.21491317671092952
CUFF_NC.6323	3	15332004	15332408	-	0	0	0		11	0	51	0.0	88	1	375	0.0026666666666666666
CUFF_NC.6322	3	15338215	15338655	-	0	0	0		12	60	133	0.45112781954887216	116	114	1130	0.10088495575221239
CUFF_NC.6326	3	15344046	15345659	-	0	0	0		40	119	441	0.2698412698412698	295	91	2331	0.03903903903903904
CUFF_NC.6324	3	15348850	15349217	-	0	0	0		3	0	10	0.0	40	1	97	0.010309278350515464
CUFF_NC.6325	3	15349541	15350403	-	0	0	0		34	131	328	0.39939024390243905	201	193	1845	0.1046070460704607
CUFF_NC.6328	3	15354766	15355375	+	0	0	0		26	0	135	0.0	95	1	484	0.002066115702479339
CUFF_NC.6327	3	15365737	15366774	+	0	0	0		49	325	512	0.634765625	255	916	2850	0.3214035087719298
CUFF_NC.6332	3	15380904	15381662	-	0	0	0		66	519	705	0.7361702127659574	226	489	2027	0.24124321657622103
CUFF_NC.6329	3	15382209	15382904	-	0	0	0		41	212	370	0.572972972972973	208	423	1718	0.24621653084982537
CUFF_NC.6330	3	15383213	15383602	-	0	0	0		27	141	215	0.6558139534883721	126	126	739	0.17050067658998647
CUFF_NC.6337	3	15403722	15404847	+	0	0	0		73	1	451	0.0022172949002217295	311	7	1511	0.004632693580410324
CUFF_NC.6333	3	15410701	15411245	+	0	0	0		20	115	255	0.45098039215686275	179	402	2109	0.1906116642958748
CUFF_NC.6334	3	15411407	15413091	+	0	0	0		43	158	394	0.4010152284263959	523	921	4038	0.22808320950965824
CUFF_NC.6335	3	15412521	15412999	+	0	0	0		21	72	220	0.32727272727272727	138	230	1001	0.22977022977022976
CUFF_NC.6343	3	15483713	15484182	+	0	0	0		12	1	38	0.02631578947368421	88	3	237	0.012658227848101266
CUFF_NC.6350	3	15489518	15489927	-	0	0	0		25	172	236	0.7288135593220338	116	264	1104	0.2391304347826087
CUFF_NC.6344	3	15500727	15501496	+	0	0	0		28	123	177	0.6949152542372882	184	425	1256	0.33837579617834396
CUFF_NC.6345	3	15500846	15501417	-	0	0	0		26	120	173	0.6936416184971098	151	366	1058	0.34593572778827975
CUFF_NC.6347	3	15501887	15503554	-	0	0	0		74	3	375	0.008	423	3	1720	0.0017441860465116279
CUFF_NC.6346	3	15508523	15509247	+	0	0	0		41	304	412	0.7378640776699029	174	415	1567	0.26483726866624124
CUFF_NC.6364	3	15523320	15524098	+	0	0	0		57	1	231	0.004329004329004329	211	1	830	0.0012048192771084338
CUFF_NC.6348	3	15525649	15526532	-	0	0	0		39	245	345	0.7101449275362319	177	271	1214	0.22322899505766064
CUFF_NC.6349	3	15530376	15531071	+	0	0	0		23	73	148	0.49324324324324326	180	212	1595	0.1329153605015674
CUFF_NC.6351	3	15591668	15592120	+	0	0	0		24	142	220	0.6454545454545455	120	271	1078	0.25139146567717996
CUFF_NC.6355	3	15599168	15600475	-	0	0	0		91	406	631	0.6434231378763867	405	649	2716	0.23895434462444773
CUFF_NC.6353	3	15604413	15605325	+	0	0	0		28	0	110	0.0	120	0	458	0.0
CUFF_NC.6354	3	15607274	15607695	+	0	0	0		17	0	47	0.0	58	0	140	0.0
CUFF_NC.6352	3	15609805	15610211	-	0	0	0		1	1	3	0.3333333333333333	38	58	121	0.4793388429752066
CUFF_NC.6358	3	15610532	15614811	-	0	0	0		47	87	324	0.26851851851851855	498	289	2452	0.11786296900489396
CUFF_NC.6359	3	15613616	15614024	+	0	0	0		1	0	1	0.0	19	0	34	0.0
CUFF_NC.6360	3	15615860	15616336	+	0	0	0		18	0	151	0.0	92	0	564	0.0
CUFF_NC.6357	3	15618613	15619930	-	0	0	0		44	288	478	0.602510460251046	303	937	3051	0.30711242215666995
CUFF_NC.6356	3	15620612	15621375	-	0	0	0		28	49	128	0.3828125	217	102	1092	0.09340659340659341
CUFF_NC.6362	3	15638058	15639497	-	0	0	0		42	192	390	0.49230769230769234	301	228	1491	0.1529175050301811
CUFF_NC.6363	3	15641493	15642187	-	0	0	0		40	166	356	0.46629213483146065	159	157	1338	0.11733931240657698
CUFF_NC.6367	3	15644044	15644900	-	0	0	0		56	382	626	0.610223642172524	230	306	2425	0.12618556701030928
CUFF_NC.6366	3	15661053	15661761	-	0	0	0		34	1	203	0.0049261083743842365	183	2	785	0.0025477707006369425
CUFF_NC.6365	3	15671960	15674603	-	0	0	0		119	8	505	0.015841584158415842	544	5	2224	0.0022482014388489208
CUFF_NC.6369	3	15687454	15688760	-	0	0	0		68	228	457	0.4989059080962801	382	319	2431	0.13122171945701358
CUFF_NC.6368	3	15705838	15706732	-	0	0	0		23	0	62	0.0	166	0	658	0.0
CUFF_NC.6370	3	15725201	15725772	+	0	0	0		25	238	345	0.6898550724637681	197	328	1609	0.2038533250466128
CUFF_NC.6372	3	15732848	15734101	-	0	0	0		26	51	143	0.35664335664335667	219	153	1302	0.1175115207373272
CUFF_NC.6371	3	15746253	15747063	+	0	0	0		25	54	141	0.3829787234042553	150	74	854	0.08665105386416862
CUFF_NC.6373	3	15775062	15775713	+	0	0	0		30	0	161	0.0	94	1	463	0.0021598272138228943
CUFF_NC.6374	3	15780923	15782024	+	0	0	0		27	112	163	0.6871165644171779	141	185	875	0.21142857142857144
CUFF_NC.6379	3	15791383	15792444	-	0	0	0		46	226	322	0.7018633540372671	254	509	2122	0.23986804901036757
CUFF_NC.6376	3	15796038	15796969	-	0	0	0		3	5	6	0.8333333333333334	12	2	39	0.05128205128205128
CUFF_NC.6378	3	15801364	15802865	-	0	0	0		37	0	251	0.0	265	5	1262	0.003961965134706815
CUFF_NC.6377	3	15834293	15834954	+	0	0	0		20	7	191	0.03664921465968586	148	8	1219	0.006562756357670222
CUFF_NC.6380	3	15859246	15860079	+	0	0	0		9	5	19	0.2631578947368421	25	4	50	0.08
CUFF_NC.6382	3	15872000	15873084	+	0	0	0		26	17	138	0.12318840579710146	150	9	947	0.009503695881731784
CUFF_NC.6381	3	15875122	15877077	-	0	0	0		34	36	198	0.18181818181818182	286	84	1606	0.052303860523038606
CUFF_NC.6384	3	15924837	15925246	-	0	0	0		12	17	92	0.18478260869565216	79	70	560	0.125
CUFF_NC.6386	3	15931956	15932704	-	0	0	0		25	0	115	0.0	169	3	706	0.00424929178470255
CUFF_NC.6385	3	15934241	15934676	-	0	0	0		18	48	80	0.6	70	56	388	0.14432989690721648
CUFF_NC.6388	3	15935409	15936584	-	0	0	0		49	1	339	0.0029498525073746312	273	8	1430	0.005594405594405594
CUFF_NC.6389	3	15935997	15936542	+	0	0	0		32	0	240	0.0	140	5	889	0.00562429696287964
CUFF_NC.6387	3	15950764	15951175	-	0	0	0		10	1	53	0.018867924528301886	122	1	556	0.0017985611510791368
CUFF_NC.6391	3	15955947	15956671	+	0	0	0		5	10	16	0.625	25	15	56	0.26785714285714285
CUFF_NC.6395	3	15970368	15971055	+	0	0	0		35	0	297	0.0	126	2	1262	0.001584786053882726
CUFF_NC.6390	3	15971589	15972754	+	0	0	0		49	2	297	0.006734006734006734	229	4	994	0.004024144869215292
CUFF_NC.6396	3	15984289	15988221	-	0	0	0		135	1	574	0.0017421602787456446	861	27	3160	0.008544303797468355
CUFF_NC.6397	3	15984641	15988765	-	0	0	0		143	1	631	0.001584786053882726	924	28	3430	0.00816326530612245
CUFF_NC.6398	3	15986651	15987295	-	0	0	0		20	0	54	0.0	121	2	273	0.007326007326007326
CUFF_NC.6393	3	15997096	15998638	+	0	0	0		78	515	795	0.6477987421383647	442	743	4275	0.17380116959064326
CUFF_NC.6392	3	16000984	16002111	+	0	0	0		72	0	367	0.0	230	5	1053	0.004748338081671415
CUFF_NC.6399	3	16018922	16019925	+	0	0	0		86	0	277	0.0	262	3	768	0.00390625
CUFF_NC.6394	3	16029043	16029902	-	0	0	0		34	1	236	0.00423728813559322	171	1	849	0.001177856301531213
CUFF_NC.6401	3	16031169	16031444	+	0	0	0		28	1	200	0.005	71	2	606	0.0033003300330033004
CUFF_NC.6417	3	16044762	16045419	+	0	0	0		8	3	11	0.2727272727272727	33	0	42	0.0
CUFF_NC.6418	3	16046562	16047454	+	0	0	0		19	0	63	0.0	155	1	513	0.001949317738791423
CUFF_NC.6419	3	16047695	16049821	+	0	0	0		78	2	450	0.0044444444444444444	435	4	2248	0.0017793594306049821
CUFF_NC.6405	3	16069785	16071283	-	0	0	0		4	7	20	0.35	41	10	83	0.12048192771084337
CUFF_NC.6402	3	16071670	16072151	-	0	0	0		3	7	14	0.5	46	29	145	0.2
CUFF_NC.6406	3	16073915	16074785	+	0	0	0		33	0	130	0.0	110	2	326	0.006134969325153374
CUFF_NC.6409	3	16079424	16082049	+	0	0	0		98	1	402	0.0024875621890547263	416	6	1528	0.003926701570680628
CUFF_NC.6408	3	16083843	16084320	+	0	0	0		6	3	7	0.42857142857142855	48	6	84	0.07142857142857142
CUFF_NC.6439	3	16090611	16093540	+	0	0	0		59	99	312	0.3173076923076923	324	65	1493	0.043536503683858
CUFF_NC.6438	3	16097799	16098280	-	0	0	0		12	0	36	0.0	33	0	75	0.0
CUFF_NC.6410	3	16114449	16115264	+	0	0	0		23	174	360	0.48333333333333334	200	707	2064	0.3425387596899225
CUFF_NC.6412	3	16120225	16120749	-	0	0	0		41	0	217	0.0	155	5	806	0.00620347394540943
CUFF_NC.6414	3	16173544	16174911	+	0	0	0		44	18	163	0.11042944785276074	86	8	307	0.026058631921824105
CUFF_NC.6447	3	16191505	16192305	+	0	0	0		65	1	400	0.0025	166	4	788	0.005076142131979695
CUFF_NC.6446	3	16196017	16196289	-	0	0	0		10	1	87	0.011494252873563218	37	3	241	0.012448132780082987
CUFF_NC.6415	3	16201732	16202420	+	0	0	0		25	119	255	0.4666666666666667	160	296	1881	0.1573631047315258
CUFF_NC.6420	3	16202999	16203837	+	0	0	0		40	112	312	0.358974358974359	198	121	1606	0.07534246575342465
CUFF_NC.6421	3	16203097	16203879	-	0	0	0		45	113	323	0.3498452012383901	177	106	1513	0.07005948446794448
CUFF_NC.6416	3	16206163	16207007	+	0	0	0		8	0	54	0.0	35	0	189	0.0
CUFF_NC.6422	3	16207449	16208069	+	0	0	0		29	167	489	0.34151329243353784	139	148	2115	0.06997635933806147
CUFF_NC.6423	3	16230337	16234275	+	0	0	0		204	2	1517	0.0013183915622940012	897	16	4953	0.0032303654350898446
CUFF_NC.6424	3	16256372	16257203	+	0	0	0		14	1	102	0.00980392156862745	108	3	664	0.004518072289156626
CUFF_NC.6428	3	16261898	16262875	-	0	0	0		16	0	78	0.0	46	0	142	0.0
CUFF_NC.6426	3	16271424	16273079	-	0	0	0		101	0	218	0.0	340	3	763	0.003931847968545216
CUFF_NC.6431	3	16290324	16290976	-	0	0	0		41	2	156	0.01282051282051282	180	2	703	0.002844950213371266
CUFF_NC.6432	3	16291245	16292248	+	0	0	0		34	0	148	0.0	140	1	547	0.0018281535648994515
CUFF_NC.6429	3	16326314	16328042	-	0	0	0		2	3	35	0.08571428571428572	84	46	766	0.06005221932114883
CUFF_NC.6437	3	16344241	16351071	-	0	0	0		216	33	1340	0.024626865671641792	1402	143	6741	0.021213469811600653
CUFF_NC.6436	3	16379848	16383542	-	0	0	0		111	1	613	0.0016313213703099511	803	12	4100	0.002926829268292683
CUFF_NC.6443	3	16396937	16404072	+	0	0	0		339	5	1788	0.002796420581655481	1792	21	8130	0.0025830258302583027
CUFF_NC.6444	3	16404483	16406160	+	0	0	0		50	110	441	0.2494331065759637	257	342	1755	0.19487179487179487
CUFF_NC.6441	3	16408622	16410867	-	0	0	0		60	38	321	0.11838006230529595	533	53	2760	0.01920289855072464
CUFF_NC.6442	3	16420748	16421422	-	0	0	0		35	163	338	0.4822485207100592	188	577	2007	0.28749377179870456
CUFF_NC.6445	3	16427427	16428202	-	0	0	0		27	1	200	0.005	196	2	1228	0.0016286644951140066
CUFF_NC.6449	3	16434378	16434878	-	0	0	0		26	0	69	0.0	118	1	304	0.003289473684210526
CUFF_NC.6448	3	16438901	16442123	-	0	0	0		92	185	646	0.28637770897832815	733	189	4327	0.04367922348047146
CUFF_NC.6451	3	16475508	16475739	+	0	0	0		10	0	66	0.0	50	0	123	0.0
CUFF_NC.6450	3	16486358	16489521	+	0	0	0		75	1	450	0.0022222222222222222	553	9	1992	0.004518072289156626
CUFF_NC.6453	3	16490640	16492058	+	0	0	0		100	0	415	0.0	370	3	1354	0.0022156573116691287
CUFF_NC.6455	3	16523876	16524348	-	0	0	0		28	1	135	0.007407407407407408	91	1	397	0.0025188916876574307
CUFF_NC.6454	3	16528472	16529210	-	0	0	0		46	140	346	0.4046242774566474	197	39	1180	0.03305084745762712
CUFF_NC.6452	3	16533476	16534578	+	0	0	0		28	16	151	0.10596026490066225	241	34	1217	0.027937551355792935
CUFF_NC.6456	3	16541742	16542931	+	0	0	0		79	2	504	0.003968253968253968	204	1	1234	0.0008103727714748784
CUFF_NC.6457	3	16557246	16558171	+	0	0	0		45	3	210	0.014285714285714285	186	2	699	0.002861230329041488
CUFF_NC.6458	3	16568457	16569758	-	0	0	0		42	0	308	0.0	106	3	600	0.005
CUFF_NC.6467	3	16572460	16572921	+	0	0	0		17	1	104	0.009615384615384616	100	2	521	0.003838771593090211
CUFF_NC.6459	3	16584060	16584865	-	0	0	0		1	0	1	0.0	5	0	5	0.0
CUFF_NC.6460	3	16584464	16584929	+	0	0	0		0	0	0		3	0	3	0.0
CUFF_NC.6462	3	16586018	16588481	-	0	0	0		27	0	238	0.0	159	5	1220	0.004098360655737705
CUFF_NC.6463	3	16587324	16588120	+	0	0	0		24	0	202	0.0	118	4	827	0.0048367593712212815
CUFF_NC.6461	3	16595064	16595763	-	0	0	0		48	319	439	0.7266514806378133	208	453	1621	0.2794571252313387
CUFF_NC.6464	3	16596657	16597260	+	0	0	0		26	0	77	0.0	141	2	498	0.004016064257028112
CUFF_NC.6470	3	16617915	16618805	-	0	0	0		23	0	97	0.0	127	0	493	0.0
CUFF_NC.6471	3	16619513	16620083	-	0	0	0		16	0	73	0.0	108	1	415	0.0024096385542168677
CUFF_NC.6472	3	16620742	16621313	-	0	0	0		23	0	125	0.0	73	0	239	0.0
CUFF_NC.6465	3	16633650	16634305	+	0	0	0		46	1	249	0.004016064257028112	191	6	827	0.007255139056831923
CUFF_NC.6466	3	16635949	16636609	-	0	0	0		36	164	316	0.5189873417721519	140	195	1099	0.17743403093721566
CUFF_NC.6489	3	16650464	16651160	+	0	0	0		19	0	48	0.0	110	0	456	0.0
CUFF_NC.6468	3	16661145	16661889	+	0	0	0		38	1	128	0.0078125	141	0	392	0.0
CUFF_NC.6469	3	16675475	16676798	+	0	0	0		41	1	331	0.0030211480362537764	255	9	1637	0.005497861942577886
CUFF_NC.6476	3	16703658	16705098	+	0	0	0		7	0	31	0.0	57	0	156	0.0
CUFF_NC.6474	3	16714932	16717412	-	0	0	0		94	156	490	0.3183673469387755	333	236	1654	0.14268440145102781
CUFF_NC.6475	3	16715132	16720041	+	0	0	0		181	249	824	0.30218446601941745	633	328	2533	0.12949072246348203
CUFF_NC.6480	3	16735324	16736115	+	0	0	0		41	0	188	0.0	138	4	551	0.007259528130671506
CUFF_NC.6477	3	16755214	16756290	-	0	0	0		31	1	91	0.01098901098901099	167	1	537	0.00186219739292365
CUFF_NC.6487	3	16760934	16764253	-	0	0	0		243	5	1185	0.004219409282700422	806	7	3645	0.0019204389574759945
CUFF_NC.6479	3	16766459	16767393	-	0	0	0		41	3	135	0.022222222222222223	159	0	508	0.0
CUFF_NC.6478	3	16769715	16770084	+	0	0	0		16	0	52	0.0	91	0	265	0.0
CUFF_NC.6482	3	16771149	16777042	-	0	0	0		294	3	1460	0.002054794520547945	1371	39	6111	0.006381934216985763
CUFF_NC.6483	3	16771681	16777872	-	0	0	0		311	3	1599	0.001876172607879925	1463	40	6864	0.005827505827505828
CUFF_NC.6484	3	16780840	16784721	-	0	0	0		181	3	851	0.0035252643948296123	783	7	3473	0.0020155485171321624
CUFF_NC.6485	3	16784071	16786912	-	0	0	0		208	3	1076	0.0027881040892193307	767	11	3752	0.002931769722814499
CUFF_NC.6481	3	16788783	16789345	+	0	0	0		15	1	147	0.006802721088435374	94	5	589	0.008488964346349746
CUFF_NC.6498	3	16794721	16795141	+	0	0	0		31	0	172	0.0	90	1	515	0.001941747572815534
CUFF_NC.6486	3	16818418	16819231	-	0	0	0		71	1	268	0.0037313432835820895	197	1	585	0.0017094017094017094
CUFF_NC.6488	3	16846933	16847533	+	0	0	0		4	1	5	0.2	72	41	164	0.25
CUFF_NC.6494	3	16864731	16866361	+	0	0	0		11	1	18	0.05555555555555555	49	0	70	0.0
CUFF_NC.6503	3	16866926	16868250	-	0	0	0		55	1	177	0.005649717514124294	201	1	591	0.001692047377326565
CUFF_NC.6492	3	16883331	16883824	-	0	0	0		11	0	59	0.0	51	0	238	0.0
CUFF_NC.6490	3	16884167	16885285	+	0	0	0		34	2	321	0.006230529595015576	235	14	1891	0.007403490216816499
CUFF_NC.6491	3	16884252	16885088	-	0	0	0		23	0	260	0.0	163	6	1582	0.0037926675094816687
CUFF_NC.6493	3	16889488	16891222	+	0	0	0		85	42	694	0.06051873198847262	400	46	2713	0.01695539992628087
CUFF_NC.6495	3	16893054	16896706	-	0	0	0		102	5	702	0.007122507122507123	611	10	3442	0.002905287623474724
CUFF_NC.6499	3	16907752	16910200	+	0	0	0		127	7	680	0.010294117647058823	566	12	3140	0.003821656050955414
CUFF_NC.6497	3	16913465	16914218	+	0	0	0		50	0	264	0.0	174	0	778	0.0
CUFF_NC.6496	3	16915101	16915654	-	0	0	0		22	0	64	0.0	90	2	202	0.009900990099009901
CUFF_NC.6500	3	16922649	16926868	+	0	0	0		119	3	495	0.006060606060606061	856	12	3053	0.003930560104814936
CUFF_NC.6501	3	16945300	16945992	-	0	0	0		38	3	283	0.01060070671378092	168	2	869	0.0023014959723820483
CUFF_NC.6502	3	16947961	16948690	-	0	0	0		17	0	80	0.0	78	0	325	0.0
CUFF_NC.6509	3	16953964	16954454	+	0	0	0		27	1	112	0.008928571428571428	115	0	471	0.0
CUFF_NC.6504	3	16971424	16973376	+	0	0	0		81	1	407	0.002457002457002457	248	4	1093	0.0036596523330283625
CUFF_NC.6506	3	16972689	16975011	-	0	0	0		40	48	280	0.17142857142857143	459	234	2846	0.08222066057624737
CUFF_NC.6505	3	16974341	16974993	+	0	0	0		22	41	173	0.23699421965317918	200	108	1568	0.06887755102040816
CUFF_NC.6507	3	16986645	16987356	+	0	0	0		41	0	73	0.0	144	1	291	0.003436426116838488
CUFF_NC.6512	3	17015159	17015628	-	0	0	0		41	0	218	0.0	94	1	444	0.0022522522522522522
CUFF_NC.6510	3	17017415	17017929	+	0	0	0		22	0	123	0.0	129	1	572	0.0017482517482517483
CUFF_NC.6514	3	17035247	17035701	-	0	0	0		7	10	13	0.7692307692307693	75	92	162	0.5679012345679012
CUFF_NC.6515	3	17071178	17071693	+	0	0	0		8	6	39	0.15384615384615385	50	6	138	0.043478260869565216
CUFF_NC.6516	3	17081400	17081963	-	0	0	0		9	0	50	0.0	119	2	429	0.004662004662004662
CUFF_NC.6527	3	17095478	17096327	+	0	0	0		33	1	125	0.008	133	0	500	0.0
CUFF_NC.6522	3	17106262	17111529	-	0	0	0		43	131	261	0.5019157088122606	265	328	1993	0.16457601605619668
CUFF_NC.6523	3	17111888	17115054	-	0	0	0		9	113	220	0.5136363636363637	64	156	743	0.20995962314939434
CUFF_NC.6520	3	17126198	17126857	+	0	0	0		38	2	332	0.006024096385542169	107	2	675	0.002962962962962963
CUFF_NC.6517	3	17127228	17127980	-	0	0	0		10	0	60	0.0	149	2	815	0.00245398773006135
CUFF_NC.6528	3	17136382	17138314	+	0	0	0		74	1	447	0.0022371364653243847	289	2	1204	0.0016611295681063123
CUFF_NC.6521	3	17138613	17139144	-	0	0	0		18	0	101	0.0	151	2	648	0.0030864197530864196
CUFF_NC.6524	3	17164062	17164989	-	0	0	0		36	280	448	0.625	175	323	1560	0.20705128205128207
CUFF_NC.6525	3	17164259	17165071	+	0	0	0		28	280	413	0.6779661016949152	148	336	1471	0.2284160435078178
CUFF_NC.6526	3	17165711	17166288	-	0	0	0		19	1	208	0.004807692307692308	155	3	1185	0.002531645569620253
CUFF_NC.6535	3	17188838	17198537	+	0	0	0		581	12	3310	0.0036253776435045317	2314	29	11251	0.0025775486623411253
CUFF_NC.6537	3	17196379	17196801	+	0	0	0		35	0	116	0.0	108	2	360	0.005555555555555556
CUFF_NC.6536	3	17198115	17201119	+	0	0	0		144	2	978	0.002044989775051125	701	15	3707	0.004046398705152414
CUFF_NC.6531	3	17218123	17218951	+	0	0	0		38	1	332	0.0030120481927710845	124	1	864	0.0011574074074074073
CUFF_NC.6530	3	17231721	17232765	+	0	0	0		35	0	355	0.0	126	3	951	0.0031545741324921135
CUFF_NC.6532	3	17235352	17236620	+	0	0	0		36	91	219	0.4155251141552511	359	263	2001	0.13143428285857073
CUFF_NC.6538	3	17254699	17255262	+	0	0	0		47	322	477	0.6750524109014675	136	337	1194	0.28224455611390287
CUFF_NC.6533	3	17261881	17262643	-	0	0	0		29	2	139	0.014388489208633094	188	3	854	0.00351288056206089
CUFF_NC.6539	3	17263659	17264379	-	0	0	0		48	0	205	0.0	194	0	761	0.0
CUFF_NC.6534	3	17268591	17269562	-	0	0	0		37	1	124	0.008064516129032258	178	1	733	0.001364256480218281
CUFF_NC.6542	3	17273775	17274840	+	0	0	0		51	0	264	0.0	253	4	1282	0.0031201248049922
CUFF_NC.6543	3	17314073	17317276	+	0	0	0		223	2	1367	0.001463057790782736	771	7	4101	0.001706900755913192
CUFF_NC.6544	3	17316372	17319565	+	0	0	0		196	5	1052	0.004752851711026616	784	15	3609	0.004156275976724855
CUFF_NC.6540	3	17320546	17321108	-	0	0	0		24	2	108	0.018518518518518517	162	42	711	0.05907172995780591
CUFF_NC.6541	3	17331923	17332750	+	0	0	0		23	77	207	0.3719806763285024	206	472	1493	0.3161419959812458
CUFF_NC.6556	3	17346694	17347772	+	0	0	0		66	1	430	0.002325581395348837	255	4	1482	0.002699055330634278
CUFF_NC.6557	3	17351176	17352016	+	0	0	0		30	1	306	0.0032679738562091504	137	2	1020	0.00196078431372549
CUFF_NC.6548	3	17353811	17359683	-	0	0	0		99	393	686	0.5728862973760933	560	778	3733	0.20841146530940263
CUFF_NC.6549	3	17360994	17362461	+	0	0	0		67	0	320	0.0	363	6	1572	0.003816793893129771
CUFF_NC.6545	3	17362980	17363795	+	0	0	0		4	7	7	1.0	84	110	223	0.49327354260089684
CUFF_NC.6546	3	17372928	17374345	+	0	0	0		35	0	178	0.0	375	3	1425	0.002105263157894737
CUFF_NC.6547	3	17375539	17375965	+	0	0	0		30	0	87	0.0	109	1	279	0.0035842293906810036
CUFF_NC.6551	3	17395783	17401871	+	0	0	0		193	7	864	0.008101851851851851	1108	31	5187	0.005976479660690187
CUFF_NC.6552	3	17398192	17398972	+	0	0	0		19	0	87	0.0	184	1	1044	0.0009578544061302681
CUFF_NC.6553	3	17398452	17398967	-	0	0	0		13	0	53	0.0	131	1	615	0.0016260162601626016
CUFF_NC.6554	3	17420371	17421218	-	0	0	0		55	3	252	0.011904761904761904	203	2	1076	0.0018587360594795538
CUFF_NC.6555	3	17421972	17422335	-	0	0	0		15	1	84	0.011904761904761904	93	4	480	0.008333333333333333
CUFF_NC.6564	3	17445881	17446213	-	0	0	0		4	0	6	0.0	11	0	18	0.0
CUFF_NC.6565	3	17447804	17448268	-	0	0	0		23	74	133	0.556390977443609	96	81	467	0.1734475374732334
CUFF_NC.6566	3	17448899	17452891	-	0	0	0		76	4	412	0.009708737864077669	546	7	2573	0.0027205596579867857
CUFF_NC.6563	3	17468718	17469572	+	0	0	0		23	0	156	0.0	117	1	679	0.0014727540500736377
CUFF_NC.6562	3	17473411	17475236	+	0	0	0		71	0	282	0.0	344	7	1377	0.005083514887436456
CUFF_NC.6558	3	17480565	17481052	-	0	0	0		14	1	46	0.021739130434782608	88	0	324	0.0
CUFF_NC.6567	3	17492303	17492902	-	0	0	0		26	0	92	0.0	158	4	617	0.006482982171799027
CUFF_NC.6559	3	17495399	17495931	-	0	0	0		12	0	54	0.0	51	0	201	0.0
CUFF_NC.6560	3	17496279	17497221	+	0	0	0		10	1	152	0.006578947368421052	175	0	1217	0.0
CUFF_NC.6561	3	17503971	17505644	+	0	0	0		88	0	285	0.0	295	4	816	0.004901960784313725
CUFF_NC.6568	3	17518157	17519169	+	0	0	0		76	0	505	0.0	236	3	1153	0.0026019080659150044
CUFF_NC.6573	3	17528961	17534486	-	0	0	0		181	2	905	0.0022099447513812156	1277	23	5512	0.0041727140783744555
CUFF_NC.6574	3	17530118	17535208	-	0	0	0		171	2	814	0.002457002457002457	1155	25	5112	0.004890453834115806
CUFF_NC.6570	3	17539657	17540422	+	0	0	0		32	0	154	0.0	223	3	939	0.003194888178913738
CUFF_NC.6571	3	17550424	17551278	-	0	0	0		55	0	267	0.0	199	4	906	0.004415011037527594
CUFF_NC.6569	3	17558716	17560764	-	0	0	0		95	1	339	0.0029498525073746312	327	3	1026	0.0029239766081871343
CUFF_NC.6572	3	17598448	17599141	+	0	0	0		48	2	332	0.006024096385542169	156	2	882	0.0022675736961451248
CUFF_NC.6579	3	17610389	17616359	-	0	0	0		234	2	1177	0.0016992353440951572	1409	22	6160	0.0035714285714285713
CUFF_NC.6576	3	17626944	17627408	-	0	0	0		23	1	138	0.007246376811594203	122	2	628	0.0031847133757961785
CUFF_NC.6575	3	17644174	17646010	-	0	0	0		126	2	583	0.003430531732418525	383	3	1399	0.002144388849177984
CUFF_NC.6577	3	17656628	17657430	+	0	0	0		53	14	253	0.05533596837944664	218	5	1037	0.0048216007714561235
CUFF_NC.6580	3	17665614	17667035	+	0	0	0		64	289	810	0.3567901234567901	298	310	3149	0.09844395046046364
CUFF_NC.6581	3	17715508	17716173	+	0	0	0		21	0	95	0.0	142	3	797	0.0037641154328732747
CUFF_NC.6591	3	17775774	17776565	+	0	0	0		24	198	414	0.4782608695652174	174	447	2108	0.2120493358633776
CUFF_NC.6590	3	17780872	17781326	+	0	0	0		31	0	169	0.0	103	0	644	0.0
CUFF_NC.6582	3	17838595	17839731	-	0	0	0		50	0	286	0.0	291	6	1773	0.00338409475465313
CUFF_NC.6583	3	17842271	17842827	-	0	0	0		25	30	141	0.2127659574468085	148	99	779	0.12708600770218229
CUFF_NC.6584	3	17844523	17845558	+	0	0	0		53	13	217	0.059907834101382486	218	11	1163	0.009458297506448839
CUFF_NC.6585	3	17845481	17846004	-	0	0	0		23	54	120	0.45	100	35	568	0.061619718309859156
CUFF_NC.6588	3	17867068	17868491	-	0	0	0		85	0	479	0.0	281	1	1143	0.0008748906386701663
CUFF_NC.6586	3	17869863	17870304	+	0	0	0		27	1	144	0.006944444444444444	133	1	533	0.001876172607879925
CUFF_NC.6587	3	17872179	17874107	+	0	0	0		94	0	615	0.0	446	6	2350	0.002553191489361702
CUFF_NC.6592	3	17887596	17890815	-	0	0	0		120	1	554	0.0018050541516245488	699	8	2862	0.002795248078266946
CUFF_NC.6589	3	17894329	17895035	-	0	0	0		43	0	320	0.0	194	2	1370	0.00145985401459854
CUFF_NC.6594	3	17897784	17898456	-	0	0	0		37	0	306	0.0	151	5	1200	0.004166666666666667
CUFF_NC.6595	3	17933582	17934155	-	0	0	0		43	1	544	0.001838235294117647	149	2	1385	0.001444043321299639
CUFF_NC.6598	3	17941069	17941966	-	0	0	0		31	1	277	0.0036101083032490976	163	1	1048	0.0009541984732824427
CUFF_NC.6593	3	17945233	17945897	-	0	0	0		17	5	61	0.08196721311475409	120	7	466	0.015021459227467811
CUFF_NC.6596	3	17962200	17962926	-	0	0	0		32	2	333	0.006006006006006006	115	1	929	0.001076426264800861
CUFF_NC.6597	3	17965537	17966070	-	0	0	0		17	0	101	0.0	117	1	594	0.0016835016835016834
CUFF_NC.6599	3	17974962	17975460	+	0	0	0		37	1	157	0.006369426751592357	109	1	361	0.002770083102493075
CUFF_NC.6602	3	17987118	17987954	-	0	0	0		58	0	252	0.0	217	5	784	0.006377551020408163
CUFF_NC.6600	3	18027546	18028115	+	0	0	0		19	0	87	0.0	143	2	840	0.002380952380952381
CUFF_NC.6601	3	18028751	18029189	-	0	0	0		35	1	132	0.007575757575757576	89	0	325	0.0
CUFF_NC.6606	3	18031793	18032413	-	0	0	0		35	2	480	0.004166666666666667	139	6	1140	0.005263157894736842
CUFF_NC.6607	3	18037123	18039806	+	0	0	0		145	0	708	0.0	531	7	2481	0.0028214429665457475
CUFF_NC.6608	3	18043748	18044351	-	0	0	0		17	0	161	0.0	100	0	716	0.0
CUFF_NC.6604	3	18055256	18056051	+	0	0	0		1	0	1	0.0	6	0	15	0.0
CUFF_NC.6605	3	18059271	18059833	+	0	0	0		2	0	2	0.0	17	0	24	0.0
CUFF_NC.6609	3	18069723	18070186	-	0	0	0		4	4	28	0.14285714285714285	86	242	603	0.4013266998341625
CUFF_NC.6612	3	18091109	18095115	-	0	0	0		230	3	1307	0.0022953328232593728	1082	22	5153	0.004269357655734524
CUFF_NC.6611	3	18095780	18096454	+	0	0	0		18	0	253	0.0	151	3	891	0.003367003367003367
CUFF_NC.6610	3	18116159	18116594	+	0	0	0		33	0	144	0.0	73	0	244	0.0
CUFF_NC.6625	3	18127710	18129139	-	0	0	0		91	0	550	0.0	379	3	1896	0.0015822784810126582
CUFF_NC.6626	3	18135082	18136484	-	0	0	0		94	3	579	0.0051813471502590676	332	3	1671	0.0017953321364452424
CUFF_NC.6614	3	18184270	18184778	+	0	0	0		28	0	120	0.0	136	5	580	0.008620689655172414
CUFF_NC.6616	3	18187403	18189143	+	0	0	0		138	4	977	0.0040941658137154556	397	8	2674	0.0029917726252804786
CUFF_NC.6615	3	18209375	18209908	-	0	0	0		25	0	97	0.0	147	0	572	0.0
CUFF_NC.6617	3	18213425	18213837	+	0	0	0		26	0	272	0.0	117	0	612	0.0
CUFF_NC.6618	3	18215807	18216511	+	0	0	0		58	1	504	0.001984126984126984	176	2	1222	0.0016366612111292963
CUFF_NC.6620	3	18220679	18221332	-	0	0	0		25	1	175	0.005714285714285714	134	3	775	0.003870967741935484
CUFF_NC.6624	3	18240847	18241413	+	0	0	0		23	0	160	0.0	114	1	644	0.0015527950310559005
CUFF_NC.6621	3	18249733	18251357	-	0	0	0		84	1	407	0.002457002457002457	298	3	1098	0.00273224043715847
CUFF_NC.6622	3	18252977	18253668	-	0	0	0		66	0	164	0.0	155	1	397	0.0025188916876574307
CUFF_NC.6619	3	18254744	18255389	-	0	0	0		32	82	246	0.3333333333333333	120	62	840	0.07380952380952381
CUFF_NC.6623	3	18267265	18268054	+	0	0	0		42	1	151	0.006622516556291391	175	2	593	0.003372681281618887
CUFF_NC.6627	3	18276715	18279865	+	0	0	0		76	0	396	0.0	679	6	3239	0.0018524235875270144
CUFF_NC.6628	3	18285677	18286583	+	0	0	0		62	2	366	0.00546448087431694	243	3	1484	0.0020215633423180594
CUFF_NC.6631	3	18299532	18300480	+	0	0	0		42	1	198	0.005050505050505051	169	4	658	0.0060790273556231
CUFF_NC.6630	3	18303363	18303714	+	0	0	0		32	0	114	0.0	78	2	270	0.007407407407407408
CUFF_NC.6629	3	18309862	18310718	-	0	0	0		5	28	49	0.5714285714285714	105	179	773	0.2315653298835705
CUFF_NC.6632	3	18318809	18319432	+	0	0	0		22	0	87	0.0	74	3	226	0.01327433628318584
CUFF_NC.6633	3	18321044	18321344	+	0	0	0		16	3	108	0.027777777777777776	75	4	498	0.008032128514056224
CUFF_NC.6634	3	18327290	18328060	-	0	0	0		54	1	423	0.002364066193853428	201	3	1339	0.0022404779686333084
CUFF_NC.6639	3	18349147	18350103	+	0	0	0		72	1	324	0.0030864197530864196	267	4	1264	0.0031645569620253164
CUFF_NC.6636	3	18354423	18360725	-	0	0	0		208	36	1119	0.032171581769437	1233	153	6066	0.025222551928783383
CUFF_NC.6638	3	18355260	18355755	+	0	0	0		23	0	104	0.0	135	2	580	0.0034482758620689655
CUFF_NC.6637	3	18359354	18360356	-	0	0	0		35	3	167	0.017964071856287425	210	6	895	0.0067039106145251395
CUFF_NC.6635	3	18360916	18361706	-	0	0	0		44	2	468	0.004273504273504274	188	5	1371	0.0036469730123997084
CUFF_NC.6640	3	18366759	18367387	-	0	0	0		7	0	22	0.0	60	1	257	0.0038910505836575876
CUFF_NC.6652	3	18370646	18371339	-	0	0	0		44	0	201	0.0	162	0	560	0.0
CUFF_NC.6642	3	18372499	18373163	+	0	0	0		13	0	53	0.0	100	3	345	0.008695652173913044
CUFF_NC.6649	3	18377217	18377769	-	0	0	0		24	0	184	0.0	127	1	754	0.001326259946949602
CUFF_NC.6650	3	18387396	18389118	+	0	0	0		101	6	1582	0.0037926675094816687	389	9	2726	0.003301540719002201
CUFF_NC.6643	3	18418496	18420899	-	0	0	0		192	1	759	0.0013175230566534915	660	11	2448	0.004493464052287581
CUFF_NC.6644	3	18450683	18451597	+	0	0	0		59	1	421	0.0023752969121140144	172	1	729	0.0013717421124828531
CUFF_NC.6645	3	18451929	18452359	-	0	0	0		11	0	58	0.0	123	2	490	0.004081632653061225
CUFF_NC.6646	3	18452576	18453125	+	0	0	0		12	0	50	0.0	140	2	798	0.002506265664160401
CUFF_NC.6647	3	18461875	18462172	+	0	0	0		21	0	82	0.0	67	1	213	0.004694835680751174
CUFF_NC.6648	3	18468112	18470154	+	0	0	0		94	0	659	0.0	299	3	1786	0.0016797312430011197
CUFF_NC.6654	3	18475789	18476228	+	0	0	0		17	0	98	0.0	115	0	491	0.0
CUFF_NC.6653	3	18480930	18481699	-	0	0	0		31	0	117	0.0	166	1	754	0.001326259946949602
CUFF_NC.6660	3	18485580	18485964	-	0	0	0		22	1	69	0.014492753623188406	86	0	255	0.0
CUFF_NC.6659	3	18494264	18494877	+	0	0	0		15	0	61	0.0	169	0	635	0.0
CUFF_NC.6655	3	18496179	18496618	-	0	0	0		30	4	260	0.015384615384615385	73	0	531	0.0
CUFF_NC.6656	3	18497837	18498479	-	0	0	0		56	6	255	0.023529411764705882	167	3	651	0.004608294930875576
CUFF_NC.6658	3	18500903	18502184	+	0	0	0		94	1	294	0.003401360544217687	259	2	865	0.0023121387283236996
CUFF_NC.6657	3	18515539	18516418	-	0	0	0		11	0	77	0.0	202	3	1094	0.002742230347349177
CUFF_NC.6661	3	18516874	18519819	-	0	0	0		65	117	403	0.2903225806451613	510	169	2702	0.06254626202812731
CUFF_NC.6662	3	18522278	18523751	-	0	0	0		61	2	485	0.004123711340206186	218	3	1189	0.002523128679562658
CUFF_NC.6663	3	18530351	18531384	+	0	0	0		46	3	312	0.009615384615384616	243	6	1596	0.0037593984962406013
CUFF_NC.6666	3	18532553	18534008	+	0	0	0		101	5	1042	0.0047984644913627635	332	8	2234	0.0035810205908683975
CUFF_NC.6664	3	18558147	18559554	+	0	0	0		86	1	442	0.0022624434389140274	181	1	955	0.0010471204188481676
CUFF_NC.6665	3	18573071	18574292	-	0	0	0		48	0	302	0.0	229	2	964	0.002074688796680498
CUFF_NC.6668	3	18593817	18594497	+	0	0	0		21	0	41	0.0	86	0	173	0.0
CUFF_NC.6667	3	18610475	18611316	+	0	0	0		26	0	78	0.0	132	0	341	0.0
CUFF_NC.6676	3	18628484	18629046	+	0	0	0		31	0	176	0.0	115	1	444	0.0022522522522522522
CUFF_NC.6670	3	18629745	18631239	+	0	0	0		55	139	280	0.49642857142857144	100	591	1184	0.49915540540540543
CUFF_NC.6669	3	18634379	18635085	-	0	0	0		41	35	304	0.11513157894736842	136	179	843	0.21233689205219455
CUFF_NC.6671	3	18635717	18637312	-	0	0	0		91	2	530	0.0037735849056603774	410	4	2012	0.0019880715705765406
CUFF_NC.6672	3	18637739	18639946	-	0	0	0		114	4	672	0.005952380952380952	549	10	2887	0.0034638032559750607
CUFF_NC.6674	3	18653641	18654805	+	0	0	0		61	494	679	0.727540500736377	338	1231	3877	0.31751354139798815
CUFF_NC.6675	3	18665400	18666759	+	0	0	0		100	1	416	0.002403846153846154	251	4	802	0.004987531172069825
CUFF_NC.6677	3	18672699	18673767	-	0	0	0		51	0	205	0.0	224	3	915	0.003278688524590164
CUFF_NC.6678	3	18680422	18681426	+	0	0	0		71	2	407	0.004914004914004914	257	1	1169	0.000855431993156544
CUFF_NC.6679	3	18702080	18702964	-	0	0	0		51	0	258	0.0	205	6	865	0.006936416184971098
CUFF_NC.6680	3	18706804	18707796	-	0	0	0		54	0	183	0.0	211	1	743	0.0013458950201884253
CUFF_NC.6681	3	18706844	18707806	+	0	0	0		52	0	181	0.0	209	2	756	0.0026455026455026454
CUFF_NC.6683	3	18725976	18728242	-	0	0	0		36	117	338	0.34615384615384615	489	1074	4368	0.24587912087912087
CUFF_NC.6682	3	18730311	18730774	-	0	0	0		25	1	205	0.004878048780487805	82	4	521	0.007677543186180422
CUFF_NC.6692	3	18733025	18739827	-	0	0	0		34	93	234	0.3974358974358974	301	369	1686	0.2188612099644128
CUFF_NC.6687	3	18741725	18742137	+	0	0	0		33	0	115	0.0	76	3	251	0.01195219123505976
CUFF_NC.6688	3	18743745	18744206	+	0	0	0		22	0	126	0.0	68	0	239	0.0
CUFF_NC.6684	3	18749883	18750256	+	0	0	0		12	0	111	0.0	110	8	762	0.010498687664041995
CUFF_NC.6686	3	18753660	18754367	-	0	0	0		37	1	203	0.0049261083743842365	152	1	619	0.0016155088852988692
CUFF_NC.6685	3	18757490	18758140	-	0	0	0		22	133	213	0.6244131455399061	179	278	1499	0.18545697131420946
CUFF_NC.6690	3	18759266	18759986	-	0	0	0		30	1	223	0.004484304932735426	78	1	456	0.0021929824561403508
CUFF_NC.6689	3	18768730	18769374	+	0	0	0		26	1	96	0.010416666666666666	155	0	448	0.0
CUFF_NC.6694	3	18786404	18786951	+	0	0	0		29	1	355	0.0028169014084507044	113	4	1007	0.003972194637537239
CUFF_NC.6693	3	18791149	18796088	-	0	0	0		337	2146	3110	0.690032154340836	1321	3003	11807	0.2543406453798594
CUFF_NC.6691	3	18796319	18796907	+	0	0	0		10	0	45	0.0	128	0	601	0.0
CUFF_NC.6695	3	18800363	18800943	-	0	0	0		25	0	198	0.0	106	1	472	0.00211864406779661
CUFF_NC.6696	3	18806623	18808342	+	0	0	0		127	2	568	0.0035211267605633804	309	2	917	0.0021810250817884407
CUFF_NC.6699	3	18830912	18831640	-	0	0	0		4	6	7	0.8571428571428571	26	20	52	0.38461538461538464
CUFF_NC.6698	3	18830912	18831924	+	0	0	0		5	7	8	0.875	36	20	62	0.3225806451612903
CUFF_NC.6697	3	18832606	18833064	-	0	0	0		28	0	60	0.0	111	0	305	0.0
CUFF_NC.6700	3	18835092	18837649	+	0	0	0		149	1	1072	0.0009328358208955224	560	5	2570	0.0019455252918287938
CUFF_NC.6701	3	18835772	18836765	+	0	0	0		41	1	539	0.0018552875695732839	209	1	1034	0.0009671179883945841
CUFF_NC.6702	3	18855318	18857015	+	0	0	0		102	0	388	0.0	428	5	1424	0.0035112359550561797
CUFF_NC.6703	3	18861874	18863421	+	0	0	0		59	1	305	0.003278688524590164	283	1	1506	0.0006640106241699867
CUFF_NC.6705	3	18867837	18869208	-	0	0	0		50	1	421	0.0023752969121140144	310	7	1813	0.003861003861003861
CUFF_NC.6704	3	18872876	18873553	+	0	0	0		16	0	101	0.0	158	5	767	0.00651890482398957
CUFF_NC.6708	3	18873907	18874723	-	0	0	0		26	0	112	0.0	110	1	483	0.002070393374741201
CUFF_NC.6714	3	18879072	18879912	+	0	0	0		38	1	229	0.004366812227074236	199	2	971	0.0020597322348094747
CUFF_NC.6715	3	18880474	18880771	+	0	0	0		20	0	145	0.0	85	0	563	0.0
CUFF_NC.6706	3	18883922	18884393	-	0	0	0		28	17	276	0.06159420289855073	94	29	780	0.03717948717948718
CUFF_NC.6707	3	18885906	18886364	-	0	0	0		6	23	32	0.71875	55	89	268	0.332089552238806
CUFF_NC.6711	3	18890958	18892621	+	0	0	0		107	1	426	0.002347417840375587	382	4	1474	0.0027137042062415195
CUFF_NC.6709	3	18892729	18893229	-	0	0	0		24	1	70	0.014285714285714285	85	0	324	0.0
CUFF_NC.6710	3	18892842	18893652	+	0	0	0		45	2	233	0.008583690987124463	174	2	869	0.0023014959723820483
CUFF_NC.6712	3	18897028	18898599	+	0	0	0		90	1	583	0.0017152658662092624	308	5	2009	0.0024888003982080635
CUFF_NC.6713	3	18899582	18899997	+	0	0	0		15	0	114	0.0	77	0	444	0.0
CUFF_NC.6719	3	18916189	18917336	-	0	0	0		64	0	412	0.0	185	6	1160	0.005172413793103448
CUFF_NC.6716	3	18917621	18918705	-	0	0	0		37	0	297	0.0	244	5	1648	0.003033980582524272
CUFF_NC.6717	3	18924860	18925442	-	0	0	0		18	27	94	0.2872340425531915	77	80	343	0.23323615160349853
CUFF_NC.6721	3	18929538	18932922	-	0	0	0		95	0	485	0.0	507	11	2793	0.003938417472252059
CUFF_NC.6722	3	18946187	18947493	+	0	0	0		78	1	460	0.002173913043478261	329	7	1585	0.004416403785488959
CUFF_NC.6720	3	18949462	18950195	-	0	0	0		19	0	83	0.0	142	3	700	0.004285714285714286
CUFF_NC.6723	3	18973966	18974576	-	0	0	0		55	0	178	0.0	146	1	399	0.002506265664160401
CUFF_NC.6727	3	18998152	18999702	-	0	0	0		110	0	494	0.0	421	7	1913	0.0036591740721380033
CUFF_NC.6731	3	19000693	19001399	-	0	0	0		39	0	235	0.0	142	4	673	0.005943536404160475
CUFF_NC.6732	3	19004574	19005346	-	0	0	0		64	3	435	0.006896551724137931	220	3	1351	0.0022205773501110288
CUFF_NC.6726	3	19007133	19008409	+	0	0	0		87	0	345	0.0	245	6	1047	0.0057306590257879654
CUFF_NC.6724	3	19012206	19013193	+	0	0	0		48	1	356	0.0028089887640449437	212	5	1351	0.003700962250185048
CUFF_NC.6725	3	19012446	19012976	-	0	0	0		29	1	262	0.003816793893129771	133	5	1023	0.004887585532746823
CUFF_NC.6728	3	19028633	19029319	-	0	0	0		36	1	336	0.002976190476190476	81	2	604	0.0033112582781456954
CUFF_NC.6729	3	19038031	19038839	-	0	0	0		34	1	262	0.003816793893129771	159	2	1051	0.0019029495718363464
CUFF_NC.6730	3	19039929	19041091	-	0	0	0		51	0	290	0.0	190	2	901	0.0022197558268590455
CUFF_NC.6734	3	19071427	19072046	-	0	0	0		31	1	140	0.007142857142857143	172	0	621	0.0
CUFF_NC.6736	3	19081046	19082633	+	0	0	0		73	1	569	0.0017574692442882249	383	2	1734	0.0011534025374855825
CUFF_NC.6740	3	19085048	19085830	-	0	0	0		25	1	95	0.010526315789473684	218	5	740	0.006756756756756757
CUFF_NC.6741	3	19095826	19096268	-	0	0	0		32	2	204	0.00980392156862745	114	7	660	0.010606060606060607
CUFF_NC.6737	3	19107932	19108837	-	0	0	0		52	1	292	0.003424657534246575	227	0	1073	0.0
CUFF_NC.6739	3	19132372	19133257	+	0	0	0		57	1	273	0.003663003663003663	181	2	801	0.0024968789013732834
CUFF_NC.6743	3	19151416	19152140	-	0	0	0		38	0	174	0.0	189	2	752	0.0026595744680851063
CUFF_NC.6738	3	19152526	19153002	-	0	0	0		11	0	120	0.0	72	2	555	0.0036036036036036037
CUFF_NC.6742	3	19168617	19169601	-	0	0	0		37	3	299	0.010033444816053512	178	3	1121	0.0026761819803746653
CUFF_NC.6747	3	19188624	19192040	-	0	0	0		213	1	1240	0.0008064516129032258	730	10	3515	0.002844950213371266
CUFF_NC.6744	3	19192662	19195269	-	0	0	0		92	3	514	0.005836575875486381	601	9	2849	0.003159003159003159
CUFF_NC.6745	3	19206099	19206580	-	0	0	0		21	0	201	0.0	87	0	539	0.0
CUFF_NC.6746	3	19207118	19208495	+	0	0	0		85	2	572	0.0034965034965034965	275	2	1522	0.001314060446780552
CUFF_NC.6750	3	19248423	19248782	+	0	0	0		7	0	12	0.0	32	0	70	0.0
CUFF_NC.6748	3	19250491	19251159	+	0	0	0		43	0	170	0.0	163	1	664	0.0015060240963855422
CUFF_NC.6749	3	19267273	19267761	-	0	0	0		21	1	122	0.00819672131147541	120	3	650	0.004615384615384616
CUFF_NC.6754	3	19273644	19274810	+	0	0	0		58	2	541	0.0036968576709796672	307	6	1606	0.0037359900373599006
CUFF_NC.6751	3	19287646	19289226	-	0	0	0		82	0	531	0.0	297	5	1415	0.0035335689045936395
CUFF_NC.6752	3	19293743	19297310	-	0	0	0		163	4	987	0.004052684903748734	889	15	4300	0.0034883720930232558
CUFF_NC.6753	3	19294217	19298116	-	0	0	0		185	4	1049	0.0038131553860819827	973	15	4645	0.0032292787944025836
CUFF_NC.6757	3	19310557	19312396	+	0	0	0		68	1	550	0.0018181818181818182	261	0	2012	0.0
CUFF_NC.6758	3	19338411	19342737	-	0	0	0		324	11	2426	0.004534212695795548	1136	36	7653	0.004704037632301058
CUFF_NC.6755	3	19346230	19346645	+	0	0	0		8	0	107	0.0	58	1	341	0.002932551319648094
CUFF_NC.6756	3	19347845	19348691	+	0	0	0		69	1	456	0.0021929824561403508	220	2	1239	0.0016142050040355124
CUFF_NC.6759	3	19403870	19404941	+	0	0	0		64	0	383	0.0	284	0	1493	0.0
CUFF_NC.6760	3	19417348	19418463	-	0	0	0		55	1	363	0.0027548209366391185	241	5	1149	0.004351610095735422
CUFF_NC.6762	3	19431124	19432033	-	0	0	0		34	1	190	0.005263157894736842	217	4	1198	0.00333889816360601
CUFF_NC.6761	3	19435158	19436248	-	0	0	0		50	1	129	0.007751937984496124	281	0	870	0.0
CUFF_NC.6763	3	19450538	19451589	-	0	0	0		47	0	170	0.0	252	3	754	0.003978779840848806
CUFF_NC.6764	3	19460895	19463779	-	0	0	0		99	4	627	0.006379585326953748	715	9	4127	0.002180760843227526
CUFF_NC.6767	3	19465460	19467513	+	0	0	0		119	1	693	0.001443001443001443	373	2	1558	0.0012836970474967907
CUFF_NC.6768	3	19473382	19474272	-	0	0	0		43	0	197	0.0	209	0	839	0.0
CUFF_NC.6765	3	19474978	19475657	-	0	0	0		41	1	287	0.003484320557491289	88	2	507	0.0039447731755424065
CUFF_NC.6770	3	19502403	19502850	-	0	0	0		31	0	157	0.0	127	0	583	0.0
CUFF_NC.6766	3	19509543	19510244	+	0	0	0		5	0	5	0.0	16	0	16	0.0
CUFF_NC.6769	3	19511484	19512843	-	0	0	0		47	0	188	0.0	358	7	1516	0.004617414248021108
CUFF_NC.6774	3	19519961	19520514	+	0	0	0		35	1	340	0.0029411764705882353	120	1	788	0.0012690355329949238
CUFF_NC.6773	3	19523702	19524846	-	0	0	0		75	1	301	0.0033222591362126247	300	4	1182	0.00338409475465313
CUFF_NC.6775	3	19538371	19543190	+	0	0	0		156	0	935	0.0	1159	16	5934	0.002696326255476913
CUFF_NC.6771	3	19546238	19547262	+	0	0	0		48	0	206	0.0	254	2	863	0.002317497103128621
CUFF_NC.6780	3	19547357	19549011	-	0	0	0		50	0	326	0.0	326	15	2051	0.007313505607020965
CUFF_NC.6781	3	19548971	19549593	+	0	0	0		11	1	66	0.015151515151515152	164	0	791	0.0
CUFF_NC.6772	3	19554462	19554956	+	0	0	0		33	1	163	0.006134969325153374	94	0	385	0.0
CUFF_NC.6779	3	19569349	19570584	-	0	0	0		86	0	433	0.0	202	1	760	0.0013157894736842105
CUFF_NC.6777	3	19575509	19576552	+	0	0	0		27	0	123	0.0	164	0	639	0.0
CUFF_NC.6778	3	19576711	19577169	+	0	0	0		18	0	75	0.0	64	1	285	0.0035087719298245615
CUFF_NC.6783	3	19611328	19612765	-	0	0	0		91	20	562	0.03558718861209965	375	22	2306	0.009540329575021683
CUFF_NC.6782	3	19617595	19618002	+	0	0	0		16	0	71	0.0	106	3	496	0.006048387096774193
CUFF_NC.6785	3	19642835	19643301	+	0	0	0		34	0	126	0.0	117	0	388	0.0
CUFF_NC.6784	3	19646366	19646923	-	0	0	0		29	1	124	0.008064516129032258	142	0	567	0.0
CUFF_NC.6787	3	19657239	19661137	+	0	0	0		153	2	867	0.002306805074971165	889	14	4230	0.003309692671394799
CUFF_NC.6788	3	19674541	19674894	-	0	0	0		19	0	126	0.0	102	1	689	0.001451378809869376
CUFF_NC.6790	3	19695566	19696765	-	0	0	0		61	1	296	0.0033783783783783786	276	6	1228	0.004885993485342019
CUFF_NC.6791	3	19728914	19729332	-	0	0	0		17	1	109	0.009174311926605505	99	0	430	0.0
CUFF_NC.6792	3	19753384	19754332	-	0	0	0		51	383	608	0.6299342105263158	215	719	2550	0.2819607843137255
CUFF_NC.6793	3	19755898	19759697	-	0	0	0		179	3	896	0.0033482142857142855	1053	21	4631	0.004534657741308573
CUFF_NC.6793-2	3	19760482	19765404	-	0	0	0		238	266	1410	0.18865248226950354	1276	507	7042	0.07199659187730759
CUFF_NC.6794	3	19768881	19770678	+	0	0	0		120	2	737	0.0027137042062415195	466	11	2655	0.004143126177024482
CUFF_NC.6795	3	19775766	19776471	+	0	0	0		42	2	206	0.009708737864077669	150	3	645	0.004651162790697674
CUFF_NC.6797	3	19780227	19780879	+	0	0	0		48	1	643	0.0015552099533437014	128	2	1240	0.0016129032258064516
CUFF_NC.6796	3	19809745	19810478	+	0	0	0		49	0	247	0.0	157	2	616	0.003246753246753247
CUFF_NC.6798	3	19825148	19830062	-	0	0	0		338	7	1983	0.0035300050428643467	1186	31	5998	0.005168389463154384
CUFF_NC.6801	3	19859771	19861101	+	0	0	0		73	4	621	0.00644122383252818	337	6	2073	0.002894356005788712
CUFF_NC.6806	3	19892910	19893216	+	0	0	0		28	1	161	0.006211180124223602	81	0	441	0.0
CUFF_NC.6799	3	19901570	19902303	-	0	0	0		38	0	232	0.0	147	7	769	0.009102730819245773
CUFF_NC.6804	3	19903459	19904390	+	0	0	0		27	0	224	0.0	111	0	521	0.0
CUFF_NC.6805	3	19909094	19910149	+	0	0	0		57	0	275	0.0	169	7	1083	0.006463527239150508
CUFF_NC.6800	3	19910418	19910933	+	0	0	0		19	0	140	0.0	106	2	587	0.0034071550255536627
CUFF_NC.6802	3	19912495	19913519	+	0	0	0		37	0	150	0.0	132	1	647	0.0015455950540958269
CUFF_NC.6808	3	19940492	19941080	-	0	0	0		33	0	147	0.0	143	1	507	0.0019723865877712033
CUFF_NC.6807	3	19964098	19964604	-	0	0	0		23	0	111	0.0	132	2	754	0.002652519893899204
CUFF_NC.6809	3	19975264	19977383	-	0	0	0		183	1	706	0.00141643059490085	427	9	1587	0.005671077504725898
CUFF_NC.6810	3	19986360	19986696	-	0	0	0		20	0	108	0.0	87	1	427	0.00234192037470726
CUFF_NC.6811	3	19986857	19987239	-	0	0	0		30	2	167	0.011976047904191617	117	4	600	0.006666666666666667
CUFF_NC.6812	3	19996563	19997117	-	0	0	0		32	1	124	0.008064516129032258	115	1	480	0.0020833333333333333
CUFF_NC.6814	3	20008479	20009093	+	0	0	0		16	0	88	0.0	134	3	508	0.005905511811023622
CUFF_NC.6813	3	20014669	20015123	+	0	0	0		19	0	54	0.0	87	0	462	0.0
CUFF_NC.6820	3	20037113	20038145	+	0	0	0		54	0	268	0.0	220	1	760	0.0013157894736842105
CUFF_NC.6819	3	20038729	20038970	-	0	0	0		17	0	98	0.0	47	0	188	0.0
CUFF_NC.6818	3	20041465	20042156	+	0	0	0		37	1	222	0.0045045045045045045	165	3	761	0.003942181340341655
CUFF_NC.6815	3	20048187	20048799	+	0	0	0		34	0	177	0.0	164	1	898	0.0011135857461024498
CUFF_NC.6817	3	20065601	20066454	-	0	0	0		64	1	337	0.002967359050445104	147	2	697	0.0028694404591104736
CUFF_NC.6816	3	20070158	20072031	-	0	0	0		147	3	737	0.004070556309362279	492	5	1909	0.0026191723415400735
CUFF_NC.6821	3	20084826	20085528	+	0	0	0		29	0	124	0.0	174	0	881	0.0
CUFF_NC.6823	3	20114426	20115873	-	0	0	0		83	2	784	0.002551020408163265	277	2	2098	0.0009532888465204957
CUFF_NC.6822	3	20132196	20133750	+	0	0	0		111	1	409	0.0024449877750611247	345	8	1375	0.005818181818181818
CUFF_NC.6824	3	20137582	20139135	+	0	0	0		103	1	694	0.001440922190201729	353	8	1733	0.004616272360069244
CUFF_NC.6825	3	20142069	20142567	+	0	0	0		35	1	250	0.004	117	1	618	0.0016181229773462784
CUFF_NC.6830	3	20176908	20177461	+	0	0	0		57	0	229	0.0	147	1	564	0.0017730496453900709
CUFF_NC.6831	3	20180190	20180811	-	0	0	0		41	0	164	0.0	141	0	595	0.0
CUFF_NC.6832	3	20181834	20182252	-	0	0	0		20	1	171	0.005847953216374269	130	4	865	0.004624277456647399
CUFF_NC.6826	3	20191564	20192633	-	0	0	0		69	1	369	0.0027100271002710027	286	4	1296	0.0030864197530864196
CUFF_NC.6834	3	20206170	20208620	-	0	0	0		41	119	386	0.3082901554404145	421	126	2353	0.05354866128346791
CUFF_NC.6827	3	20210817	20211701	-	0	0	0		44	0	175	0.0	210	2	1101	0.0018165304268846503
CUFF_NC.6828	3	20220673	20222975	+	0	0	0		141	3	1117	0.0026857654431512983	469	6	3027	0.0019821605550049554
CUFF_NC.6829	3	20228189	20229305	+	0	0	0		73	0	418	0.0	195	4	1004	0.00398406374501992
CUFF_NC.6833	3	20248960	20249351	+	0	0	0		30	0	91	0.0	107	1	299	0.0033444816053511705
CUFF_NC.6835	3	20256875	20257991	+	0	0	0		36	1	264	0.003787878787878788	139	2	670	0.0029850746268656717
CUFF_NC.6841	3	20262548	20263361	-	0	0	0		47	1	530	0.0018867924528301887	157	2	1551	0.0012894906511927789
CUFF_NC.6842	3	20263469	20264082	-	0	0	0		45	0	280	0.0	140	1	745	0.0013422818791946308
CUFF_NC.6836	3	20285345	20285855	-	0	0	0		19	0	121	0.0	132	0	679	0.0
CUFF_NC.6837	3	20300195	20300885	-	0	0	0		29	1	211	0.004739336492890996	144	5	991	0.005045408678102927
CUFF_NC.6838	3	20301974	20302840	-	0	0	0		67	1	259	0.003861003861003861	223	0	783	0.0
CUFF_NC.6840	3	20312186	20312903	+	0	0	0		34	1	214	0.004672897196261682	191	1	1113	0.0008984725965858042
CUFF_NC.6839	3	20317585	20318180	+	0	0	0		12	0	106	0.0	124	3	940	0.0031914893617021275
CUFF_NC.6846	3	20341776	20342427	+	0	0	0		43	0	233	0.0	109	2	425	0.004705882352941176
CUFF_NC.6843	3	20354023	20354956	-	0	0	0		55	3	268	0.011194029850746268	230	4	1011	0.003956478733926805
CUFF_NC.6844	3	20363381	20364126	+	0	0	0		47	3	435	0.006896551724137931	175	3	1276	0.0023510971786833857
CUFF_NC.6845	3	20366501	20366915	+	0	0	0		21	1	130	0.007692307692307693	66	1	444	0.0022522522522522522
CUFF_NC.6847	3	20403035	20404731	+	0	0	0		129	2	850	0.002352941176470588	437	10	2512	0.003980891719745223
CUFF_NC.6852	3	20416793	20419537	+	0	0	0		144	3	604	0.004966887417218543	620	12	3197	0.003753518923991242
CUFF_NC.6848	3	20420494	20425622	+	0	0	0		216	6	1284	0.004672897196261682	1154	31	6039	0.005133300215267428
CUFF_NC.6849	3	20430523	20434410	+	0	0	0		147	16	763	0.020969855832241154	816	37	4135	0.00894800483675937
CUFF_NC.6850	3	20430735	20431543	+	0	0	0		49	1	138	0.007246376811594203	218	2	809	0.002472187886279357
CUFF_NC.6851	3	20435625	20436240	+	0	0	0		40	0	196	0.0	99	2	384	0.005208333333333333
CUFF_NC.6853	3	20437519	20438151	+	0	0	0		8	1	90	0.011111111111111112	139	3	810	0.003703703703703704
CUFF_NC.6855	3	20471590	20472512	-	0	0	0		46	0	158	0.0	247	2	686	0.0029154518950437317
CUFF_NC.6854	3	20476615	20477183	+	0	0	0		17	0	71	0.0	75	0	325	0.0
CUFF_NC.6856	3	20482294	20488511	+	0	0	0		108	514	1068	0.4812734082397004	723	943	4729	0.19940790864876295
CUFF_NC.6859	3	20497516	20498166	-	0	0	0		41	3	184	0.016304347826086956	155	3	612	0.004901960784313725
CUFF_NC.6860	3	20516826	20518014	-	0	0	0		100	1	439	0.002277904328018223	282	1	1065	0.0009389671361502347
CUFF_NC.6857	3	20531743	20532107	-	0	0	0		16	3	66	0.045454545454545456	102	3	415	0.007228915662650603
CUFF_NC.6858	3	20547239	20548902	-	0	0	0		63	1	277	0.0036101083032490976	328	5	1185	0.004219409282700422
CUFF_NC.6861	3	20550201	20550719	+	0	0	0		35	1	87	0.011494252873563218	131	2	340	0.0058823529411764705
CUFF_NC.6863	3	20562852	20563802	-	0	0	0		61	2	277	0.007220216606498195	222	3	1150	0.0026086956521739132
CUFF_NC.6870	3	20564100	20564423	-	0	0	0		15	0	117	0.0	63	0	423	0.0
CUFF_NC.6867	3	20578995	20579325	-	0	0	0		17	0	135	0.0	66	1	370	0.002702702702702703
CUFF_NC.6865	3	20584469	20585746	+	0	0	0		66	331	538	0.6152416356877324	372	877	3219	0.2724448586517552
CUFF_NC.6862	3	20588247	20588689	+	0	0	0		12	0	52	0.0	81	0	329	0.0
CUFF_NC.6866	3	20606107	20606928	+	0	0	0		15	0	59	0.0	165	1	722	0.0013850415512465374
CUFF_NC.6864	3	20616259	20616719	-	0	0	0		33	0	65	0.0	107	1	230	0.004347826086956522
CUFF_NC.6882	3	20638305	20638719	-	0	0	0		34	3	348	0.008620689655172414	106	1	975	0.0010256410256410256
CUFF_NC.6872	3	20647803	20648208	-	0	0	0		23	1	74	0.013513513513513514	38	0	109	0.0
CUFF_NC.6871	3	20658306	20658848	+	0	0	0		21	123	211	0.5829383886255924	152	168	1301	0.1291314373558801
CUFF_NC.6874	3	20666929	20668193	-	0	0	0		75	2	445	0.0044943820224719105	213	3	1267	0.0023677979479084454
CUFF_NC.6873	3	20672477	20673223	-	0	0	0		35	1	203	0.0049261083743842365	175	1	848	0.0011792452830188679
CUFF_NC.6875	3	20685600	20686237	-	0	0	0		13	82	123	0.6666666666666666	86	64	643	0.09953343701399689
CUFF_NC.6878	3	20692120	20695370	+	0	0	0		85	9	519	0.017341040462427744	557	25	2661	0.009394964299135663
CUFF_NC.6876	3	20713795	20714819	-	0	0	0		41	1	308	0.003246753246753247	145	3	866	0.003464203233256351
CUFF_NC.6877	3	20726664	20727087	+	0	0	0		10	92	115	0.8	105	447	1210	0.3694214876033058
CUFF_NC.6879	3	20752782	20753210	-	0	0	0		12	1	62	0.016129032258064516	100	2	527	0.003795066413662239
CUFF_NC.6880	3	20752792	20753409	+	0	0	0		26	1	102	0.00980392156862745	128	2	596	0.003355704697986577
CUFF_NC.6881	3	20753813	20756717	+	0	0	0		165	1	756	0.0013227513227513227	529	4	2065	0.001937046004842615
CUFF_NC.6883	3	20764484	20764812	+	0	0	0		6	0	29	0.0	67	4	219	0.0182648401826484
CUFF_NC.6886	3	20767715	20768490	+	0	0	0		36	1	169	0.005917159763313609	181	3	914	0.0032822757111597373
CUFF_NC.6884	3	20775241	20776629	-	0	0	0		25	0	203	0.0	283	7	1979	0.0035371399696816574
CUFF_NC.6885	3	20776875	20778585	-	0	0	0		120	1	525	0.0019047619047619048	401	3	1600	0.001875
CUFF_NC.6888	3	20804203	20804710	+	0	0	0		28	0	106	0.0	116	3	416	0.007211538461538462
CUFF_NC.6889	3	20805012	20806131	+	0	0	0		48	0	164	0.0	257	1	749	0.0013351134846461949
CUFF_NC.6887	3	20806795	20807518	+	0	0	0		32	0	225	0.0	179	3	780	0.0038461538461538464
CUFF_NC.6894	3	20827915	20829348	-	0	0	0		100	1	605	0.001652892561983471	387	7	2155	0.0032482598607888632
CUFF_NC.6895	3	20829546	20830278	-	0	0	0		37	0	178	0.0	146	3	506	0.005928853754940711
CUFF_NC.6896	3	20831626	20832098	-	0	0	0		46	0	241	0.0	137	3	643	0.004665629860031105
CUFF_NC.6897	3	20833606	20834609	+	0	0	0		81	1	511	0.0019569471624266144	209	3	994	0.0030181086519114686
CUFF_NC.6898	3	20835853	20836701	+	0	0	0		40	0	392	0.0	175	3	1629	0.001841620626151013
CUFF_NC.6890	3	20850039	20850451	-	0	0	0		34	0	179	0.0	89	1	417	0.002398081534772182
CUFF_NC.6891	3	20870674	20871084	-	0	0	0		32	0	185	0.0	116	2	504	0.003968253968253968
CUFF_NC.6892	3	20871348	20872016	-	0	0	0		41	0	175	0.0	190	4	920	0.004347826086956522
CUFF_NC.6893	3	20879098	20879737	+	0	0	0		24	0	116	0.0	158	1	729	0.0013717421124828531
CUFF_NC.6899	3	20899331	20900380	+	0	0	0		86	2	523	0.0038240917782026767	280	2	1223	0.001635322976287817
CUFF_NC.6900	3	20907247	20907753	-	0	0	0		44	0	184	0.0	121	0	510	0.0
CUFF_NC.6901	3	20909770	20910502	+	0	0	0		19	0	102	0.0	197	4	1001	0.003996003996003996
CUFF_NC.6903	3	20915471	20921472	+	0	0	0		397	7	3407	0.002054593484003522	1448	33	9928	0.0033239323126510877
CUFF_NC.6902	3	20925249	20925719	+	0	0	0		39	0	273	0.0	131	0	760	0.0
CUFF_NC.6905	3	20964685	20965590	-	0	0	0		61	1	375	0.0026666666666666666	211	0	1372	0.0
CUFF_NC.6906	3	20965898	20968304	-	0	0	0		159	2	1037	0.0019286403085824494	608	11	3298	0.0033353547604608852
CUFF_NC.6904	3	20968812	20970876	-	0	0	0		125	3	739	0.0040595399188092015	502	9	2646	0.003401360544217687
CUFF_NC.6911	3	20981983	20984364	-	0	0	0		169	4	956	0.0041841004184100415	603	12	3493	0.0034354423131978244
CUFF_NC.6910	3	20988037	20988495	+	0	0	0		20	0	179	0.0	69	3	481	0.006237006237006237
CUFF_NC.6907	3	21003106	21004329	-	0	0	0		82	1	646	0.0015479876160990713	285	10	1931	0.005178663904712584
CUFF_NC.6909	3	21006909	21008493	+	0	0	0		70	76	272	0.27941176470588236	360	150	1326	0.11312217194570136
CUFF_NC.6912	3	21011675	21012284	-	0	0	0		41	3	398	0.007537688442211055	94	1	698	0.0014326647564469914
CUFF_NC.6913	3	21012477	21013050	-	0	0	0		30	1	189	0.005291005291005291	143	5	949	0.005268703898840885
CUFF_NC.6927	3	21042566	21043139	+	0	0	0		45	1	164	0.006097560975609756	161	3	533	0.005628517823639775
CUFF_NC.6924	3	21050714	21051078	+	0	0	0		35	0	61	0.0	76	0	166	0.0
CUFF_NC.6925	3	21051297	21052218	+	0	0	0		66	1	495	0.00202020202020202	161	3	885	0.003389830508474576
CUFF_NC.6914	3	21059934	21060922	-	0	0	0		58	0	415	0.0	160	3	1173	0.0025575447570332483
CUFF_NC.6918	3	21075090	21076072	-	0	0	0		41	0	244	0.0	249	4	1046	0.0038240917782026767
CUFF_NC.6920	3	21077565	21077931	-	0	0	0		25	2	178	0.011235955056179775	97	10	831	0.012033694344163659
CUFF_NC.6921	3	21081193	21082117	-	0	0	0		48	4	429	0.009324009324009324	184	5	1186	0.0042158516020236085
CUFF_NC.6917	3	21088052	21089682	+	0	0	0		100	4	785	0.005095541401273885	438	7	2895	0.0024179620034542313
CUFF_NC.6916	3	21092286	21092842	-	0	0	0		29	1	417	0.002398081534772182	76	2	1063	0.0018814675446848542
CUFF_NC.6915	3	21099185	21099796	+	0	0	0		21	1	148	0.006756756756756757	128	0	751	0.0
CUFF_NC.6919	3	21102434	21103279	+	0	0	0		67	0	210	0.0	223	5	644	0.007763975155279503
CUFF_NC.6922	3	21110542	21111469	-	0	0	0		62	1	498	0.002008032128514056	191	2	1334	0.0014992503748125937
CUFF_NC.6926	3	21123846	21125304	-	0	0	0		81	0	466	0.0	308	3	1199	0.0025020850708924102
CUFF_NC.6923	3	21132417	21132829	+	0	0	0		34	0	106	0.0	85	2	272	0.007352941176470588
CUFF_NC.6928	3	21134572	21135366	-	0	0	0		48	1	273	0.003663003663003663	179	3	771	0.0038910505836575876
CUFF_NC.6929	3	21138716	21140754	-	0	0	0		98	2	494	0.004048582995951417	354	1	1357	0.0007369196757553427
CUFF_NC.6932	3	21177221	21178074	-	0	0	0		39	3	402	0.007462686567164179	187	1	974	0.001026694045174538
CUFF_NC.6933	3	21180537	21181122	-	0	0	0		26	0	188	0.0	148	1	697	0.0014347202295552368
CUFF_NC.6930	3	21186613	21187356	-	0	0	0		43	1	239	0.0041841004184100415	143	1	722	0.0013850415512465374
CUFF_NC.6931	3	21191350	21192035	+	0	0	0		26	1	149	0.006711409395973154	159	1	702	0.0014245014245014246
CUFF_NC.6939	3	21205364	21206938	-	0	0	0		130	1	782	0.0012787723785166241	420	4	2384	0.0016778523489932886
CUFF_NC.6940	3	21216057	21216834	+	0	0	0		40	0	156	0.0	146	1	512	0.001953125
CUFF_NC.6937	3	21232860	21234120	-	0	0	0		41	0	251	0.0	247	5	1080	0.004629629629629629
CUFF_NC.6938	3	21235419	21235826	-	0	0	0		27	0	133	0.0	98	2	439	0.004555808656036446
CUFF_NC.6935	3	21236609	21237128	-	0	0	0		28	0	216	0.0	111	1	582	0.001718213058419244
CUFF_NC.6936	3	21238169	21240112	-	0	0	0		92	1	550	0.0018181818181818182	325	5	1593	0.003138731952291274
CUFF_NC.6942	3	21245587	21246062	+	0	0	0		29	1	207	0.004830917874396135	148	3	989	0.003033367037411527
CUFF_NC.6943	3	21247917	21248236	+	0	0	0		15	0	55	0.0	78	1	402	0.0024875621890547263
CUFF_NC.6941	3	21255706	21257131	+	0	0	0		77	0	481	0.0	371	9	1750	0.005142857142857143
CUFF_NC.6945	3	21259397	21262521	-	0	0	0		135	1	658	0.001519756838905775	718	12	3304	0.0036319612590799033
CUFF_NC.6962	3	21264870	21265816	+	0	0	0		58	1	249	0.004016064257028112	229	5	679	0.007363770250368188
CUFF_NC.6944	3	21268493	21268901	+	0	0	0		6	0	17	0.0	21	1	60	0.016666666666666666
CUFF_NC.6949	3	21277215	21277758	+	0	0	0		16	0	67	0.0	95	1	315	0.0031746031746031746
CUFF_NC.6947	3	21280154	21281066	+	0	0	0		56	0	263	0.0	190	0	807	0.0
CUFF_NC.6946	3	21281878	21282371	-	0	0	0		34	1	133	0.007518796992481203	89	1	296	0.0033783783783783786
CUFF_NC.6950	3	21288802	21291272	+	0	0	0		187	5	743	0.006729475100942127	681	7	2419	0.0028937577511368336
CUFF_NC.6948	3	21301464	21303263	+	0	0	0		74	0	537	0.0	301	3	1843	0.0016277807921866521
CUFF_NC.6957	3	21339699	21340015	+	0	0	0		31	0	181	0.0	89	1	388	0.002577319587628866
CUFF_NC.6952	3	21361417	21362983	-	0	0	0		113	3	995	0.003015075376884422	363	5	2247	0.0022251891410769915
CUFF_NC.6951	3	21372583	21373066	-	0	0	0		25	0	126	0.0	155	1	657	0.0015220700152207
CUFF_NC.6956	3	21383179	21383920	-	0	0	0		40	1	167	0.005988023952095809	181	2	579	0.0034542314335060447
CUFF_NC.6953	3	21386216	21386955	+	0	0	0		44	0	316	0.0	168	0	959	0.0
CUFF_NC.6954	3	21395806	21397051	-	0	0	0		64	2	341	0.005865102639296188	334	7	1664	0.004206730769230769
CUFF_NC.6959	3	21405431	21406057	+	0	0	0		39	1	195	0.005128205128205128	157	1	731	0.0013679890560875513
CUFF_NC.6960	3	21406219	21407239	+	0	0	0		69	1	355	0.0028169014084507044	234	0	1007	0.0
CUFF_NC.6961	3	21409077	21412017	+	0	0	0		171	5	827	0.006045949214026602	731	18	3255	0.005529953917050691
CUFF_NC.6958	3	21413525	21414290	+	0	0	0		16	0	83	0.0	161	32	879	0.03640500568828214
CUFF_NC.6965	3	21419400	21421260	-	0	0	0		125	1	841	0.0011890606420927466	385	3	2082	0.001440922190201729
CUFF_NC.6964	3	21423170	21424963	-	0	0	0		71	1	430	0.002325581395348837	360	6	1707	0.0035149384885764497
CUFF_NC.6967	3	21432068	21432715	+	0	0	0		42	1	275	0.0036363636363636364	146	4	807	0.004956629491945477
CUFF_NC.6970	3	21455598	21457031	-	0	0	0		38	0	322	0.0	345	7	1923	0.003640145605824233
CUFF_NC.6966	3	21460154	21461148	-	0	0	0		31	2	271	0.007380073800738007	231	1	1388	0.0007204610951008645
CUFF_NC.6971	3	21470076	21471758	+	0	0	0		101	2	323	0.006191950464396285	343	2	1132	0.0017667844522968198
CUFF_NC.6968	3	21472982	21473274	-	0	0	0		18	0	68	0.0	77	0	232	0.0
CUFF_NC.6972	3	21478047	21478645	+	0	0	0		29	0	107	0.0	160	2	694	0.002881844380403458
CUFF_NC.6969	3	21478701	21479265	+	0	0	0		15	0	78	0.0	113	2	705	0.0028368794326241137
CUFF_NC.6975	3	21480902	21481233	-	0	0	0		24	0	241	0.0	79	0	649	0.0
CUFF_NC.6974	3	21485645	21486416	-	0	0	0		71	0	369	0.0	190	3	1050	0.002857142857142857
CUFF_NC.6979	3	21491682	21492526	-	0	0	0		36	0	445	0.0	136	3	1317	0.002277904328018223
CUFF_NC.6973	3	21505029	21505408	+	0	0	0		27	0	133	0.0	65	2	376	0.005319148936170213
CUFF_NC.6976	3	21507147	21507584	+	0	0	0		35	1	173	0.005780346820809248	99	0	440	0.0
CUFF_NC.6978	3	21517871	21519234	-	0	0	0		77	15	804	0.018656716417910446	313	5	2133	0.0023441162681669013
CUFF_NC.6977	3	21522429	21523456	+	0	0	0		47	2	311	0.006430868167202572	202	3	1543	0.0019442644199611147
CUFF_NC.6981	3	21565176	21565908	+	0	0	0		22	3	593	0.00505902192242833	96	3	1113	0.0026954177897574125
CUFF_NC.6980	3	21572047	21572479	+	0	0	0		22	0	168	0.0	104	2	570	0.0035087719298245615
CUFF_NC.6984	3	21592728	21593351	+	0	0	0		21	0	203	0.0	121	2	726	0.0027548209366391185
CUFF_NC.6983	3	21596333	21596889	+	0	0	0		19	0	123	0.0	148	2	650	0.003076923076923077
CUFF_NC.6982	3	21611146	21612286	+	0	0	0		34	52	494	0.10526315789473684	376	449	4420	0.10158371040723982
CUFF_NC.6987	3	21630659	21633633	-	0	0	0		154	3	866	0.003464203233256351	782	9	4065	0.002214022140221402
CUFF_NC.6989	3	21641770	21643599	-	0	0	0		126	3	709	0.004231311706629055	490	10	2653	0.003769317753486619
CUFF_NC.6985	3	21652550	21652851	+	0	0	0		26	0	159	0.0	74	0	420	0.0
CUFF_NC.6988	3	21660893	21661214	+	0	0	0		17	0	48	0.0	85	0	214	0.0
CUFF_NC.6986	3	21684717	21685955	+	0	0	0		99	0	300	0.0	196	0	650	0.0
CUFF_NC.6992	3	21696276	21698979	+	0	0	0		177	1	1146	0.0008726003490401396	603	11	2970	0.003703703703703704
CUFF_NC.6990	3	21701965	21703081	-	0	0	0		58	0	758	0.0	257	4	1250	0.0032
CUFF_NC.6991	3	21712316	21712944	-	0	0	0		34	1	152	0.006578947368421052	141	2	465	0.004301075268817204
CUFF_NC.6993	3	21718469	21719237	+	0	0	0		34	2	197	0.01015228426395939	151	1	883	0.0011325028312570782
CUFF_NC.6996	3	21741294	21741747	-	0	0	0		37	1	105	0.009523809523809525	115	1	390	0.002564102564102564
CUFF_NC.6997	3	21745457	21746545	+	0	0	0		60	0	340	0.0	201	2	932	0.002145922746781116
CUFF_NC.6998	3	21747525	21752864	-	0	0	0		314	5	1741	0.002871912693854107	1281	19	6183	0.0030729419375707585
CUFF_NC.6999	3	21748267	21749203	-	0	0	0		78	2	449	0.004454342984409799	230	0	1180	0.0
CUFF_NC.6995	3	21757529	21758477	+	0	0	0		43	0	592	0.0	104	1	873	0.001145475372279496
CUFF_NC.6994	3	21759495	21760344	+	0	0	0		41	0	310	0.0	182	3	792	0.003787878787878788
CUFF_NC.7000	3	21763707	21764035	+	0	0	0		14	0	79	0.0	89	0	339	0.0
CUFF_NC.7001	3	21803024	21803920	+	0	0	0		78	0	300	0.0	201	3	789	0.0038022813688212928
CUFF_NC.7002	3	21804405	21805154	+	0	0	0		46	0	277	0.0	175	2	879	0.0022753128555176336
CUFF_NC.7004	3	21828364	21829882	+	0	0	0		122	1	506	0.001976284584980237	346	1	1320	0.0007575757575757576
CUFF_NC.7003	3	21832191	21833041	+	0	0	0		39	1	206	0.0048543689320388345	149	2	653	0.0030627871362940277
CUFF_NC.7008	3	21836329	21838950	-	0	0	0		192	1	1387	0.0007209805335255948	643	11	4030	0.002729528535980149
CUFF_NC.7005	3	21860571	21861259	+	0	0	0		22	1	109	0.009174311926605505	127	6	360	0.016666666666666666
CUFF_NC.7006	3	21877291	21877742	+	0	0	0		21	0	100	0.0	126	1	482	0.002074688796680498
CUFF_NC.7007	3	21879349	21880290	-	0	0	0		16	0	102	0.0	234	2	1170	0.0017094017094017094
CUFF_NC.7009	3	21883548	21884278	+	0	0	0		43	1	303	0.0033003300330033004	213	8	1347	0.005939123979213066
CUFF_NC.7010	3	21888546	21889431	-	0	0	0		57	1	276	0.0036231884057971015	221	6	1081	0.005550416281221091
CUFF_NC.7011	3	21916930	21917880	-	0	0	0		40	0	136	0.0	246	7	836	0.008373205741626795
CUFF_NC.7019	3	21926235	21928444	+	0	0	0		107	1	553	0.0018083182640144665	587	11	2922	0.0037645448323066393
CUFF_NC.7012	3	21935557	21935900	+	0	0	0		30	0	203	0.0	83	5	643	0.007776049766718507
CUFF_NC.7013	3	21976615	21977058	-	0	0	0		11	0	93	0.0	124	2	827	0.0024183796856106408
CUFF_NC.7014	3	21994103	21995222	-	0	0	0		58	2	292	0.00684931506849315	303	2	1021	0.0019588638589618022
CUFF_NC.7015	3	22018063	22019001	-	0	0	0		49	1	217	0.004608294930875576	223	7	949	0.007376185458377239
CUFF_NC.7016	3	22044920	22045953	-	0	0	0		32	2	197	0.01015228426395939	146	4	643	0.006220839813374806
CUFF_NC.7018	3	22065395	22065703	+	0	0	0		22	0	168	0.0	85	0	552	0.0
CUFF_NC.7017	3	22067876	22069152	+	0	0	0		73	1	486	0.00205761316872428	286	1	1508	0.000663129973474801
CUFF_NC.7021	3	22105642	22108180	+	0	0	0		160	2	506	0.003952569169960474	630	6	2274	0.002638522427440633
CUFF_NC.7022	3	22111943	22113309	-	0	0	0		22	1	112	0.008928571428571428	197	5	887	0.005636978579481398
CUFF_NC.7023	3	22112717	22113735	+	0	0	0		9	1	27	0.037037037037037035	114	19	457	0.04157549234135667
CUFF_NC.7025	3	22118551	22121868	-	0	0	0		23	12	64	0.1875	179	46	379	0.12137203166226913
CUFF_NC.7024	3	22123376	22123857	-	0	0	0		19	0	237	0.0	91	3	792	0.003787878787878788
CUFF_NC.7026	3	22132570	22133226	+	0	0	0		47	0	333	0.0	159	1	798	0.0012531328320802004
CUFF_NC.7028	3	22168914	22169572	+	0	0	0		27	0	374	0.0	143	2	1084	0.0018450184501845018
CUFF_NC.7027	3	22171350	22172760	-	0	0	0		42	0	317	0.0	351	5	1931	0.002589331952356292
CUFF_NC.7029	3	22173624	22175385	-	0	0	0		88	62	734	0.08446866485013624	376	59	2541	0.023219205037386857
CUFF_NC.7034	3	22175928	22181565	+	0	0	0		281	13	1634	0.00795593635250918	1214	20	5773	0.0034644032565390613
CUFF_NC.7030	3	22187206	22188832	-	0	0	0		79	0	563	0.0	346	7	1709	0.004095962551199532
CUFF_NC.7032	3	22197771	22199094	-	0	0	0		87	0	421	0.0	234	5	825	0.006060606060606061
CUFF_NC.7033	3	22200549	22201172	-	0	0	0		31	2	600	0.0033333333333333335	114	6	1370	0.004379562043795621
CUFF_NC.7031	3	22215325	22215960	+	0	0	0		10	151	182	0.8296703296703297	117	785	1604	0.48940149625935164
CUFF_NC.7039	3	22228912	22229215	+	0	0	0		13	2	135	0.014814814814814815	68	1	524	0.0019083969465648854
CUFF_NC.7041	3	22240154	22241164	-	0	0	0		32	2	132	0.015151515151515152	114	2	401	0.004987531172069825
CUFF_NC.7035	3	22248950	22250450	-	0	0	0		81	3	418	0.007177033492822967	302	7	1507	0.0046449900464499
CUFF_NC.7036	3	22254634	22256266	+	0	0	0		81	2	434	0.004608294930875576	246	2	1264	0.0015822784810126582
CUFF_NC.7037	3	22258093	22260011	-	0	0	0		107	0	526	0.0	479	10	2232	0.004480286738351254
CUFF_NC.7038	3	22259248	22260267	+	0	0	0		67	4	341	0.011730205278592375	248	11	1053	0.010446343779677113
CUFF_NC.7040	3	22267685	22268283	-	0	0	0		44	1	430	0.002325581395348837	140	4	885	0.004519774011299435
CUFF_NC.7042	3	22273737	22274520	-	0	0	0		45	0	265	0.0	142	1	479	0.0020876826722338203
CUFF_NC.7058	3	22288924	22291328	-	0	0	0		175	7	1129	0.006200177147918512	644	7	3679	0.0019026909486273443
CUFF_NC.7057	3	22293801	22295493	+	0	0	0		118	2	767	0.002607561929595828	284	0	1480	0.0
CUFF_NC.7044	3	22307253	22307793	+	0	0	0		41	1	304	0.003289473684210526	146	4	951	0.004206098843322818
CUFF_NC.7045	3	22329660	22330949	-	0	0	0		72	1	458	0.002183406113537118	312	0	1468	0.0
CUFF_NC.7047	3	22334370	22334775	-	0	0	0		26	1	76	0.013157894736842105	101	1	309	0.003236245954692557
CUFF_NC.7048	3	22347707	22348904	+	0	0	0		69	2	229	0.008733624454148471	252	3	888	0.0033783783783783786
CUFF_NC.7046	3	22349919	22350421	-	0	0	0		36	1	124	0.008064516129032258	103	0	302	0.0
CUFF_NC.7064	3	22355527	22355920	-	0	0	0		29	0	198	0.0	95	2	467	0.004282655246252677
CUFF_NC.7065	3	22356183	22356617	-	0	0	0		26	1	283	0.0035335689045936395	75	0	645	0.0
CUFF_NC.7050	3	22361563	22362127	+	0	0	0		34	1	136	0.007352941176470588	128	0	497	0.0
CUFF_NC.7052	3	22364924	22366400	+	0	0	0		51	164	472	0.3474576271186441	258	174	2108	0.0825426944971537
CUFF_NC.7053	3	22364936	22365342	-	0	0	0		24	73	166	0.4397590361445783	55	84	386	0.21761658031088082
CUFF_NC.7054	3	22365432	22366487	-	0	0	0		24	90	291	0.30927835051546393	186	84	1563	0.053742802303262956
CUFF_NC.7049	3	22370112	22370612	+	0	0	0		10	0	76	0.0	70	1	278	0.0035971223021582736
CUFF_NC.7051	3	22372359	22374174	-	0	0	0		96	54	421	0.12826603325415678	320	161	1470	0.10952380952380952
CUFF_NC.7055	3	22377510	22377962	-	0	0	0		21	109	143	0.7622377622377622	112	110	791	0.1390644753476612
CUFF_NC.7056	3	22377538	22378320	+	0	0	0		42	236	342	0.6900584795321637	210	671	1987	0.3376950176144942
CUFF_NC.7063	3	22391239	22392636	-	0	0	0		59	2	227	0.00881057268722467	256	2	922	0.0021691973969631237
CUFF_NC.7060	3	22393654	22394979	-	0	0	0		61	2	517	0.0038684719535783366	269	4	2013	0.001987083954297069
CUFF_NC.7066	3	22398662	22399759	-	0	0	0		98	1	604	0.0016556291390728477	300	3	1409	0.0021291696238466998
CUFF_NC.7061	3	22410481	22411581	+	0	0	0		89	1	378	0.0026455026455026454	248	5	764	0.006544502617801047
CUFF_NC.7062	3	22411704	22412669	+	0	0	0		77	0	313	0.0	230	2	920	0.002173913043478261
CUFF_NC.7067	3	22441939	22442780	-	0	0	0		53	2	301	0.006644518272425249	163	2	638	0.003134796238244514
CUFF_NC.7069	3	22477454	22477987	+	0	0	0		38	0	149	0.0	116	1	431	0.002320185614849188
CUFF_NC.7068	3	22483618	22484026	-	0	0	0		23	0	169	0.0	89	1	398	0.002512562814070352
CUFF_NC.7070	3	22499415	22501203	+	0	0	0		109	1	444	0.0022522522522522522	376	3	1112	0.002697841726618705
CUFF_NC.7079	3	22501480	22502550	-	0	0	0		55	0	155	0.0	208	0	595	0.0
CUFF_NC.7080	3	22502766	22503238	-	0	0	0		22	0	121	0.0	106	2	423	0.004728132387706856
CUFF_NC.7081	3	22510578	22510896	+	0	0	0		34	0	135	0.0	89	2	298	0.006711409395973154
CUFF_NC.7071	3	22517957	22519859	+	0	0	0		75	197	442	0.4457013574660634	336	340	1872	0.18162393162393162
CUFF_NC.7072	3	22534797	22536126	-	0	0	0		104	1	383	0.0026109660574412533	279	4	1002	0.003992015968063872
CUFF_NC.7076	3	22552436	22553129	-	0	0	0		29	0	84	0.0	143	1	594	0.0016835016835016834
CUFF_NC.7074	3	22561903	22564308	-	0	0	0		77	419	747	0.5609103078982597	391	682	3319	0.20548357939138295
CUFF_NC.7075	3	22562960	22563569	+	0	0	0		1	0	1	0.0	14	0	27	0.0
CUFF_NC.7082	3	22578733	22581327	-	0	0	0		17	53	100	0.53	66	36	287	0.1254355400696864
CUFF_NC.7083	3	22600353	22600824	-	0	0	0		27	1	255	0.00392156862745098	114	0	828	0.0
CUFF_NC.7084	3	22616580	22617427	-	0	0	0		16	1	115	0.008695652173913044	111	1	663	0.0015082956259426848
CUFF_NC.7085	3	22633353	22633810	-	0	0	0		30	0	178	0.0	106	2	410	0.004878048780487805
CUFF_NC.7088	3	22650566	22651659	+	0	0	0		36	0	200	0.0	223	6	1412	0.00424929178470255
CUFF_NC.7086	3	22656887	22657346	-	0	0	0		29	0	114	0.0	106	3	387	0.007751937984496124
CUFF_NC.7089	3	22657531	22658513	+	0	0	0		53	0	201	0.0	189	3	628	0.004777070063694267
CUFF_NC.7090	3	22660515	22662463	-	0	0	0		0	0	0		9	0	9	0.0
CUFF_NC.7091	3	22680996	22682479	-	0	0	0		63	0	326	0.0	367	5	1648	0.003033980582524272
CUFF_NC.7097	3	22705105	22705383	+	0	0	0		15	1	108	0.009259259259259259	87	1	568	0.0017605633802816902
CUFF_NC.7127	3	22728619	22728946	+	0	0	0		24	1	118	0.00847457627118644	92	1	422	0.002369668246445498
CUFF_NC.7095	3	22736379	22736731	-	0	0	0		28	0	174	0.0	107	1	581	0.0017211703958691911
CUFF_NC.7096	3	22737998	22738848	-	0	0	0		50	1	319	0.003134796238244514	149	2	877	0.002280501710376283
CUFF_NC.7093	3	22741458	22742802	+	0	0	0		79	1	461	0.0021691973969631237	258	4	1340	0.0029850746268656717
CUFF_NC.7094	3	22747814	22748586	+	0	0	0		25	0	215	0.0	133	2	1022	0.0019569471624266144
CUFF_NC.7105	3	22749740	22750081	-	0	0	0		24	0	112	0.0	42	0	203	0.0
CUFF_NC.7106	3	22754133	22754553	-	0	0	0		40	1	276	0.0036231884057971015	102	1	688	0.0014534883720930232
CUFF_NC.7098	3	22764550	22765257	+	0	0	0		1	0	1	0.0	38	0	104	0.0
CUFF_NC.7099	3	22767199	22768167	+	0	0	0		30	0	155	0.0	124	1	679	0.0014727540500736377
CUFF_NC.7104	3	22768933	22771424	+	0	0	0		32	0	149	0.0	120	0	511	0.0
CUFF_NC.7100	3	22776172	22777483	-	0	0	0		39	2	196	0.01020408163265306	253	4	1590	0.0025157232704402514
CUFF_NC.7101	3	22785980	22787362	-	0	0	0		76	0	388	0.0	260	7	1064	0.006578947368421052
CUFF_NC.7102	3	22791767	22792447	-	0	0	0		23	1	258	0.003875968992248062	127	7	823	0.00850546780072904
CUFF_NC.7103	3	22792904	22794198	-	0	0	0		75	0	400	0.0	348	7	1707	0.004100761570005858
CUFF_NC.7107	3	22797243	22798014	-	0	0	0		73	0	297	0.0	209	3	781	0.0038412291933418692
CUFF_NC.7108	3	22810177	22811207	+	0	0	0		43	0	231	0.0	206	3	863	0.0034762456546929316
CUFF_NC.7109	3	22816061	22816618	-	0	0	0		29	0	102	0.0	122	0	436	0.0
CUFF_NC.7110	3	22818509	22818952	-	0	0	0		15	0	54	0.0	50	2	163	0.012269938650306749
CUFF_NC.7111	3	22823410	22823776	-	0	0	0		23	1	173	0.005780346820809248	78	1	486	0.00205761316872428
CUFF_NC.7114	3	22827310	22828440	-	0	0	0		34	0	174	0.0	207	4	1222	0.0032733224222585926
CUFF_NC.7119	3	22841261	22841827	+	0	0	0		36	0	297	0.0	166	3	1039	0.0028873917228103944
CUFF_NC.7120	3	22842101	22842471	+	0	0	0		24	1	79	0.012658227848101266	79	1	223	0.004484304932735426
CUFF_NC.7112	3	22844451	22844919	+	0	0	0		37	0	135	0.0	118	2	451	0.004434589800443459
CUFF_NC.7113	3	22861013	22861473	+	0	0	0		45	1	173	0.005780346820809248	107	2	360	0.005555555555555556
CUFF_NC.7116	3	22880054	22881736	+	0	0	0		107	2	358	0.00558659217877095	319	1	975	0.0010256410256410256
CUFF_NC.7115	3	22886991	22887445	+	0	0	0		29	0	135	0.0	107	1	405	0.0024691358024691358
CUFF_NC.7117	3	22892527	22893162	-	0	0	0		28	1	142	0.007042253521126761	164	4	824	0.0048543689320388345
CUFF_NC.7118	3	22896122	22897263	-	0	0	0		43	1	214	0.004672897196261682	319	4	1397	0.002863278453829635
CUFF_NC.7122	3	22906047	22906868	+	0	0	0		59	2	381	0.005249343832020997	194	4	827	0.0048367593712212815
CUFF_NC.7124	3	22915031	22915491	+	0	0	0		27	1	182	0.005494505494505495	131	1	571	0.0017513134851138354
CUFF_NC.7121	3	22919158	22919780	+	0	0	0		14	0	49	0.0	121	1	280	0.0035714285714285713
CUFF_NC.7123	3	22925531	22926449	-	0	0	0		21	0	111	0.0	233	2	1242	0.001610305958132045
CUFF_NC.7125	3	22935488	22935942	-	0	0	0		19	0	65	0.0	109	1	297	0.003367003367003367
CUFF_NC.7128	3	22939901	22941386	-	0	0	0		71	1	543	0.001841620626151013	394	10	2000	0.005
CUFF_NC.7126	3	22984164	22984587	+	0	0	0		30	2	299	0.006688963210702341	109	4	638	0.006269592476489028
CUFF_NC.7131	3	22997349	22997983	+	0	0	0		29	2	340	0.0058823529411764705	108	1	1128	0.0008865248226950354
CUFF_NC.7130	3	23014375	23015682	+	0	0	0		122	2	538	0.0037174721189591076	274	1	1254	0.0007974481658692185
CUFF_NC.7129	3	23019627	23020547	+	0	0	0		41	2	286	0.006993006993006993	187	2	950	0.002105263157894737
CUFF_NC.7134	3	23022893	23023408	+	0	0	0		28	2	149	0.013422818791946308	133	2	554	0.0036101083032490976
CUFF_NC.7135	3	23024616	23025116	+	0	0	0		36	0	141	0.0	95	0	301	0.0
CUFF_NC.7132	3	23030808	23031242	+	0	0	0		24	1	158	0.006329113924050633	116	2	723	0.0027662517289073307
CUFF_NC.7133	3	23033534	23034214	+	0	0	0		45	4	365	0.010958904109589041	188	5	1342	0.0037257824143070045
CUFF_NC.7137	3	23039435	23040080	+	0	0	0		41	0	239	0.0	173	0	828	0.0
CUFF_NC.7138	3	23040523	23041045	+	0	0	0		32	0	145	0.0	104	2	506	0.003952569169960474
CUFF_NC.7136	3	23066250	23067268	-	0	0	0		33	33	228	0.14473684210526316	196	55	1119	0.049151027703306524
CUFF_NC.7142	3	23073002	23073438	+	0	0	0		26	0	193	0.0	91	4	606	0.006600660066006601
CUFF_NC.7140	3	23100212	23105064	+	0	0	0		297	7	2265	0.0030905077262693157	1092	20	6505	0.0030745580322828594
CUFF_NC.7154	3	23107367	23108672	+	0	0	0		27	0	62	0.0	135	1	327	0.0030581039755351682
CUFF_NC.7155	3	23117188	23118388	+	0	0	0		47	105	373	0.28150134048257375	241	229	1661	0.1378687537627935
CUFF_NC.7153	3	23123412	23124271	-	0	0	0		55	0	445	0.0	214	2	1233	0.0016220600162206002
CUFF_NC.7139	3	23128938	23130612	+	0	0	0		66	0	517	0.0	346	11	2574	0.004273504273504274
CUFF_NC.7143	3	23143062	23144214	-	0	0	0		63	3	314	0.009554140127388535	195	4	876	0.0045662100456621
CUFF_NC.7148	3	23148191	23149531	+	0	0	0		122	1	600	0.0016666666666666668	373	5	1657	0.0030175015087507543
CUFF_NC.7144	3	23150977	23151514	+	0	0	0		23	1	175	0.005714285714285714	163	5	1100	0.004545454545454545
CUFF_NC.7145	3	23156982	23158764	+	0	0	0		63	592	829	0.7141133896260555	441	846	4645	0.1821313240043057
CUFF_NC.7147	3	23163714	23165395	+	0	0	0		118	6	739	0.008119079837618403	333	4	1973	0.0020273694880892043
CUFF_NC.7146	3	23166540	23167058	+	0	0	0		20	93	202	0.4603960396039604	139	66	1051	0.06279733587059944
CUFF_NC.7149	3	23168163	23169184	-	0	0	0		45	2	167	0.011976047904191617	206	4	638	0.006269592476489028
CUFF_NC.7150	3	23172728	23174924	-	0	0	0		132	0	968	0.0	448	6	2609	0.0022997316979685703
CUFF_NC.7156	3	23182718	23183391	-	0	0	0		18	0	190	0.0	49	2	447	0.0044742729306487695
CUFF_NC.7151	3	23187404	23187817	+	0	0	0		8	0	83	0.0	71	1	577	0.0017331022530329288
CUFF_NC.7160	3	23201104	23202861	-	0	0	0		91	0	439	0.0	431	3	1841	0.0016295491580662683
CUFF_NC.7158	3	23204034	23205167	+	0	0	0		15	116	141	0.8226950354609929	57	125	430	0.29069767441860467
CUFF_NC.7157	3	23209108	23209659	+	0	0	0		20	0	68	0.0	137	1	537	0.00186219739292365
CUFF_NC.7167	3	23211853	23215269	-	0	0	0		197	4	1167	0.003427592116538132	853	10	4361	0.002293052052281587
CUFF_NC.7168	3	23212434	23216440	-	0	0	0		208	6	1300	0.004615384615384616	994	14	5323	0.0026300958106331017
CUFF_NC.7159	3	23217439	23218080	+	0	0	0		41	0	155	0.0	171	1	539	0.0018552875695732839
CUFF_NC.7161	3	23219394	23219910	+	0	0	0		35	0	163	0.0	135	2	558	0.0035842293906810036
CUFF_NC.7162	3	23221965	23223218	+	0	0	0		107	2	403	0.004962779156327543	285	4	1215	0.0032921810699588477
CUFF_NC.7165	3	23227623	23228328	-	0	0	0		40	0	127	0.0	153	2	568	0.0035211267605633804
CUFF_NC.7166	3	23232374	23233643	-	0	0	0		77	0	254	0.0	307	2	1000	0.002
CUFF_NC.7164	3	23241706	23242352	+	0	0	0		32	1	247	0.004048582995951417	145	3	859	0.0034924330616996507
CUFF_NC.7163	3	23266195	23266612	-	0	0	0		23	1	64	0.015625	106	0	261	0.0
CUFF_NC.7172	3	23273987	23274785	+	0	0	0		66	3	301	0.009966777408637873	228	1	918	0.0010893246187363835
CUFF_NC.7170	3	23289280	23292894	-	0	0	0		114	1	777	0.001287001287001287	825	14	4419	0.0031681375876895226
CUFF_NC.7171	3	23294192	23295304	-	0	0	0		76	1	457	0.002188183807439825	203	2	938	0.0021321961620469083
CUFF_NC.7169	3	23297875	23298284	+	0	0	0		23	0	72	0.0	114	0	376	0.0
CUFF_NC.7173	3	23301321	23302078	+	0	0	0		42	0	119	0.0	176	1	512	0.001953125
CUFF_NC.7174	3	23318336	23319662	+	0	0	0		83	0	471	0.0	275	2	1250	0.0016
CUFF_NC.7176	3	23327011	23327459	+	0	0	0		41	0	171	0.0	113	2	435	0.004597701149425287
CUFF_NC.7178	3	23331794	23333179	+	0	0	0		77	0	387	0.0	274	5	1265	0.003952569169960474
CUFF_NC.7183	3	23334188	23335177	-	0	0	0		51	2	251	0.00796812749003984	231	0	1026	0.0
CUFF_NC.7184	3	23338801	23340651	+	0	0	0		140	2	645	0.0031007751937984496	454	4	1921	0.002082248828735034
CUFF_NC.7177	3	23342687	23343262	+	0	0	0		22	0	152	0.0	116	5	649	0.007704160246533128
CUFF_NC.7175	3	23345725	23347501	-	0	0	0		112	0	341	0.0	270	0	765	0.0
CUFF_NC.7179	3	23357723	23358231	+	0	0	0		49	0	167	0.0	150	1	481	0.002079002079002079
CUFF_NC.7180	3	23367155	23367655	+	0	0	0		27	0	228	0.0	76	0	483	0.0
CUFF_NC.7182	3	23370174	23370456	+	0	0	0		15	0	84	0.0	80	4	424	0.009433962264150943
CUFF_NC.7181	3	23376246	23377302	+	0	0	0		85	2	411	0.004866180048661801	281	2	1503	0.0013306719893546241
CUFF_NC.7185	3	23380517	23381390	-	0	0	0		94	0	347	0.0	226	1	758	0.0013192612137203166
CUFF_NC.7188	3	23414399	23415232	-	0	0	0		57	0	321	0.0	233	5	1179	0.004240882103477523
CUFF_NC.7186	3	23420175	23422377	-	0	0	0		171	0	530	0.0	468	4	1310	0.0030534351145038168
CUFF_NC.7194	3	23422589	23426390	-	0	0	0		248	5	1654	0.003022974607013301	942	17	5211	0.0032623296872001536
CUFF_NC.7187	3	23437676	23438077	+	0	0	0		24	0	112	0.0	90	2	342	0.005847953216374269
CUFF_NC.7189	3	23448262	23448928	+	0	0	0		57	4	447	0.008948545861297539	140	1	1037	0.0009643201542912247
CUFF_NC.7193	3	23458907	23459798	+	0	0	0		40	0	108	0.0	195	1	599	0.001669449081803005
CUFF_NC.7190	4	1000	1943	+	0	0	0		69	214	382	0.5602094240837696	210	110	1010	0.10891089108910891
CUFF_NC.7192	4	10743	11563	+	0	0	0		42	0	255	0.0	204	3	1117	0.0026857654431512983
CUFF_NC.7191	4	17544	19871	-	0	0	0		100	3	381	0.007874015748031496	522	19	1941	0.009788768675940238
CUFF_NC.7207	4	21332	21838	-	0	0	0		23	0	158	0.0	64	2	389	0.005141388174807198
CUFF_NC.7199	4	36870	38196	-	0	0	0		83	1	298	0.003355704697986577	331	0	1229	0.0
CUFF_NC.7195	4	38831	39347	+	0	0	0		40	0	145	0.0	168	5	599	0.008347245409015025
CUFF_NC.7198	4	57139	59542	+	0	0	0		139	1	477	0.0020964360587002098	530	2	1778	0.0011248593925759281
CUFF_NC.7196	4	61762	62184	+	0	0	0		18	95	179	0.5307262569832403	106	23	751	0.03062583222370173
CUFF_NC.7197	4	62209	62490	-	0	0	0		8	1	34	0.029411764705882353	80	4	293	0.013651877133105802
CUFF_NC.7200	4	77031	77637	+	0	0	0		15	15	21	0.7142857142857143	97	131	257	0.5097276264591439
CUFF_NC.7205	4	105395	107350	+	0	0	0		112	87	962	0.09043659043659044	395	57	2695	0.021150278293135438
CUFF_NC.7202	4	117364	118146	+	0	0	0		25	0	275	0.0	107	2	926	0.0021598272138228943
CUFF_NC.7201	4	129116	129907	-	0	0	0		34	0	206	0.0	181	4	960	0.004166666666666667
CUFF_NC.7204	4	131042	131982	-	0	0	0		42	0	283	0.0	189	5	957	0.00522466039707419
CUFF_NC.7203	4	132711	133253	+	0	0	0		21	0	103	0.0	108	1	492	0.0020325203252032522
CUFF_NC.7206	4	149604	150065	-	0	0	0		47	1	156	0.00641025641025641	106	1	341	0.002932551319648094
CUFF_NC.7208	4	171611	172986	+	0	0	0		81	0	453	0.0	291	11	1613	0.006819590824550527
CUFF_NC.7209	4	174187	174717	+	0	0	0		24	0	61	0.0	150	2	591	0.00338409475465313
CUFF_NC.7210	4	175903	176907	+	0	0	0		46	0	245	0.0	201	1	777	0.001287001287001287
CUFF_NC.7213	4	181840	182421	+	0	0	0		31	3	191	0.015706806282722512	137	3	755	0.003973509933774834
CUFF_NC.7214	4	186630	187639	+	0	0	0		84	0	247	0.0	247	1	750	0.0013333333333333333
CUFF_NC.7217	4	193486	194149	-	0	0	0		29	1	360	0.002777777777777778	169	10	1357	0.007369196757553427
CUFF_NC.7215	4	199443	201341	-	0	0	0		29	1	212	0.0047169811320754715	197	5	921	0.0054288816503800215
CUFF_NC.7216	4	211426	212301	+	0	0	0		65	0	479	0.0	230	3	1324	0.0022658610271903325
CUFF_NC.7212	4	219547	219957	+	0	0	0		18	0	132	0.0	103	1	536	0.0018656716417910447
CUFF_NC.7211	4	234589	235316	+	0	0	0		34	3	217	0.013824884792626729	110	1	492	0.0020325203252032522
CUFF_NC.7218	4	252235	252586	+	0	0	0		20	1	128	0.0078125	96	0	430	0.0
CUFF_NC.7219	4	299368	300571	+	0	0	0		56	0	211	0.0	235	2	871	0.002296211251435132
CUFF_NC.7220	4	311758	315101	-	0	0	0		94	26	280	0.09285714285714286	383	182	1106	0.16455696202531644
CUFF_NC.7221	4	319300	319596	+	0	0	0		17	0	49	0.0	89	1	318	0.0031446540880503146
CUFF_NC.7262	4	336837	337365	+	0	0	0		39	2	273	0.007326007326007326	131	6	680	0.008823529411764706
CUFF_NC.7222	4	376443	376884	+	0	0	0		5	1	13	0.07692307692307693	29	9	97	0.09278350515463918
CUFF_NC.7224	4	400343	400745	-	0	0	0		30	1	149	0.006711409395973154	106	0	479	0.0
CUFF_NC.7223	4	403101	404474	+	0	0	0		37	0	262	0.0	328	3	1780	0.0016853932584269663
CUFF_NC.7236	4	406195	407316	+	0	0	0		61	1	435	0.0022988505747126436	266	5	1475	0.003389830508474576
CUFF_NC.7235	4	414378	420730	-	0	0	0		201	24	1091	0.021998166819431713	1166	54	5510	0.009800362976406534
CUFF_NC.7230	4	432496	432977	+	0	0	0		34	0	378	0.0	58	2	338	0.005917159763313609
CUFF_NC.7231	4	433103	433725	+	0	0	0		41	0	408	0.0	111	1	913	0.001095290251916758
CUFF_NC.7226	4	434493	438321	+	0	0	0		212	3	1061	0.002827521206409048	796	14	3595	0.003894297635605007
CUFF_NC.7225	4	443103	443504	-	0	0	0		18	0	33	0.0	48	0	109	0.0
CUFF_NC.7228	4	450433	453191	+	0	0	0		147	1	1154	0.0008665511265164644	654	7	4120	0.0016990291262135922
CUFF_NC.7229	4	453973	455448	-	0	0	0		92	3	401	0.007481296758104738	406	9	1699	0.00529723366686286
CUFF_NC.7234	4	460378	460944	-	0	0	0		15	0	69	0.0	61	0	206	0.0
CUFF_NC.7232	4	465094	465503	-	0	0	0		20	0	107	0.0	72	0	337	0.0
CUFF_NC.7233	4	480306	481289	+	0	0	0		59	0	289	0.0	208	3	813	0.0036900369003690036
CUFF_NC.7238	4	506776	508159	+	0	0	0		109	2	588	0.003401360544217687	229	2	1053	0.001899335232668566
CUFF_NC.7237	4	521883	523604	+	0	0	0		85	46	440	0.10454545454545454	333	193	1927	0.10015568240788791
CUFF_NC.7239	4	528633	529726	+	0	0	0		55	2	525	0.0038095238095238095	263	7	2233	0.003134796238244514
CUFF_NC.7248	4	533817	535112	-	0	0	0		69	27	496	0.05443548387096774	341	25	2161	0.01156871818602499
CUFF_NC.7247	4	538538	539630	+	0	0	0		89	1	337	0.002967359050445104	248	0	907	0.0
CUFF_NC.7241	4	550223	551408	-	0	0	0		65	2	456	0.0043859649122807015	214	3	1256	0.0023885350318471337
CUFF_NC.7240	4	560349	562289	-	0	0	0		84	29	433	0.06697459584295612	458	26	1947	0.01335387776065742
CUFF_NC.7244	4	574174	574946	+	0	0	0		38	0	182	0.0	203	4	844	0.004739336492890996
CUFF_NC.7242	4	577961	579625	-	0	0	0		71	1	331	0.0030211480362537764	308	5	1375	0.0036363636363636364
CUFF_NC.7243	4	581983	582437	-	0	0	0		12	23	109	0.21100917431192662	111	66	994	0.06639839034205232
CUFF_NC.7245	4	585494	586041	-	0	0	0		16	0	44	0.0	122	0	196	0.0
CUFF_NC.7246	4	590561	591037	+	0	0	0		11	43	139	0.30935251798561153	97	135	1064	0.12687969924812031
CUFF_NC.7249	4	612766	613186	-	0	0	0		21	0	50	0.0	72	1	206	0.0048543689320388345
CUFF_NC.7250	4	614428	616298	-	0	0	0		38	1	249	0.004016064257028112	360	7	2258	0.003100088573959256
CUFF_NC.7253	4	626924	627734	-	0	0	0		45	1	264	0.003787878787878788	214	2	980	0.0020408163265306124
CUFF_NC.7255	4	630241	636831	-	0	0	0		485	3454	4303	0.8026957936323496	1875	4929	16275	0.3028571428571429
CUFF_NC.7252	4	639599	640804	-	0	0	0		79	2	292	0.00684931506849315	321	4	1141	0.0035056967572304996
CUFF_NC.7251	4	644764	645831	+	0	0	0		33	0	353	0.0	212	3	1656	0.0018115942028985507
CUFF_NC.7254	4	646404	646755	-	0	0	0		12	1	63	0.015873015873015872	81	0	431	0.0
CUFF_NC.7256	4	660590	661726	-	0	0	0		24	1	150	0.006666666666666667	120	1	616	0.0016233766233766235
CUFF_NC.7258	4	690642	692176	+	0	0	0		9	0	9	0.0	29	0	29	0.0
CUFF_NC.7261	4	696730	697126	-	0	0	0		9	0	63	0.0	41	1	249	0.004016064257028112
CUFF_NC.7259	4	711779	712338	+	0	0	0		22	0	84	0.0	66	1	253	0.003952569169960474
CUFF_NC.7260	4	747488	747959	-	0	0	0		18	0	61	0.0	41	0	179	0.0
CUFF_NC.7264	4	753816	754967	-	0	0	0		52	2	193	0.010362694300518135	285	12	936	0.01282051282051282
CUFF_NC.7263	4	760659	761252	+	0	0	0		25	0	72	0.0	186	1	549	0.0018214936247723133
CUFF_NC.7265	4	761514	762662	+	0	0	0		56	135	403	0.3349875930521092	252	83	1510	0.05496688741721854
CUFF_NC.7266	4	785705	786123	+	0	0	0		20	0	51	0.0	73	0	163	0.0
CUFF_NC.7267	4	793174	794577	-	0	0	0		49	0	226	0.0	235	5	1022	0.004892367906066536
CUFF_NC.7270	4	808397	811053	+	0	0	0		162	1	645	0.0015503875968992248	443	5	1548	0.003229974160206718
CUFF_NC.7271	4	832367	833425	+	0	0	0		31	0	148	0.0	147	2	599	0.00333889816360601
CUFF_NC.7272	4	832444	832912	+	0	0	0		16	0	75	0.0	38	0	232	0.0
CUFF_NC.7269	4	841132	841800	-	0	0	0		36	0	92	0.0	116	0	313	0.0
CUFF_NC.7268	4	846022	846773	+	0	0	0		18	0	66	0.0	147	3	647	0.00463678516228748
CUFF_NC.7275	4	858570	859345	+	0	0	0		17	0	194	0.0	159	2	1024	0.001953125
CUFF_NC.7276	4	859778	860849	+	0	0	0		40	1	220	0.004545454545454545	284	5	1524	0.0032808398950131233
CUFF_NC.7277	4	862061	862823	+	0	0	0		6	13	46	0.2826086956521739	177	222	1512	0.14682539682539683
CUFF_NC.7273	4	883821	884281	-	0	0	0		28	0	144	0.0	132	1	560	0.0017857142857142857
CUFF_NC.7274	4	904113	904692	-	0	0	0		51	5	206	0.024271844660194174	115	6	419	0.014319809069212411
CUFF_NC.7278	4	923079	923674	-	0	0	0		40	0	141	0.0	95	0	353	0.0
CUFF_NC.7281	4	930169	932074	-	0	0	0		143	2	607	0.0032948929159802307	314	0	1211	0.0
CUFF_NC.7287	4	945554	947290	+	0	0	0		92	0	346	0.0	326	2	1218	0.0016420361247947454
CUFF_NC.7282	4	949638	950483	+	0	0	0		38	0	128	0.0	179	2	618	0.003236245954692557
CUFF_NC.7283	4	950560	952725	+	0	0	0		166	3	925	0.003243243243243243	586	10	2814	0.0035536602700781805
CUFF_NC.7279	4	958138	958563	-	0	0	0		19	0	92	0.0	124	0	437	0.0
CUFF_NC.7280	4	960465	960931	-	0	0	0		20	0	46	0.0	118	1	308	0.003246753246753247
CUFF_NC.7286	4	970675	971045	+	0	0	0		18	0	126	0.0	104	1	513	0.001949317738791423
CUFF_NC.7285	4	981567	982036	-	0	0	0		43	1	241	0.004149377593360996	106	2	441	0.0045351473922902496
CUFF_NC.7297	4	990481	990798	-	0	0	0		29	0	121	0.0	81	0	308	0.0
CUFF_NC.7288	4	994693	995430	-	0	0	0		39	0	308	0.0	168	3	1107	0.0027100271002710027
CUFF_NC.7289	4	1025423	1026211	+	0	0	0		38	1	220	0.004545454545454545	204	2	945	0.0021164021164021165
CUFF_NC.7290	4	1032285	1033512	-	0	0	0		65	0	258	0.0	216	4	681	0.005873715124816446
CUFF_NC.7291	4	1035629	1036310	-	0	0	0		44	0	211	0.0	172	3	721	0.004160887656033287
CUFF_NC.7292	4	1060227	1065057	+	0	0	0		173	23	898	0.025612472160356347	1006	225	4464	0.05040322580645161
CUFF_NC.7293	4	1060755	1066441	+	0	0	0		215	24	1261	0.0190325138778747	1137	231	5454	0.04235423542354235
CUFF_NC.7294	4	1065117	1065602	+	0	0	0		24	1	125	0.008	127	5	577	0.008665511265164644
CUFF_NC.7315	4	1072556	1073616	-	0	0	0		60	0	244	0.0	280	4	1143	0.003499562554680665
CUFF_NC.7295	4	1090826	1091785	-	0	0	0		27	300	349	0.8595988538681948	194	955	2166	0.4409048938134811
CUFF_NC.7298	4	1107603	1109379	-	0	0	0		168	2	878	0.002277904328018223	516	9	2407	0.003739094308267553
CUFF_NC.7303	4	1125147	1125503	+	0	0	0		33	0	124	0.0	81	2	323	0.006191950464396285
CUFF_NC.7299	4	1151590	1153318	-	0	0	0		74	1	571	0.0017513134851138354	367	5	1946	0.0025693730729701952
CUFF_NC.7304	4	1153898	1156231	-	0	0	0		144	4	747	0.00535475234270415	511	7	2336	0.0029965753424657533
CUFF_NC.7305	4	1157323	1158240	-	0	0	0		52	1	324	0.0030864197530864196	148	3	836	0.0035885167464114833
CUFF_NC.7300	4	1193697	1194333	+	0	0	0		41	1	576	0.001736111111111111	107	4	867	0.00461361014994233
CUFF_NC.7301	4	1201586	1202298	+	0	0	0		44	2	320	0.00625	175	2	725	0.002758620689655172
CUFF_NC.7302	4	1213389	1213869	+	0	0	0		26	0	114	0.0	127	2	473	0.004228329809725159
CUFF_NC.7306	4	1219906	1221050	+	0	0	0		64	0	284	0.0	238	4	995	0.004020100502512563
CUFF_NC.7307	4	1221246	1222034	+	0	0	0		56	0	389	0.0	177	1	1194	0.0008375209380234506
CUFF_NC.7309	4	1229193	1234981	+	0	0	0		211	707	1714	0.41248541423570595	1241	2101	9149	0.22964258388894962
CUFF_NC.7308	4	1256918	1262487	-	0	0	0		151	0	1006	0.0	985	14	4979	0.0028118096003213497
CUFF_NC.7312	4	1286409	1287601	-	0	0	0		106	2	671	0.0029806259314456036	298	6	1783	0.0033651149747616375
CUFF_NC.7310	4	1318878	1319185	-	0	0	0		12	0	26	0.0	33	0	103	0.0
CUFF_NC.7314	4	1330029	1331172	-	0	0	0		122	1	495	0.00202020202020202	201	2	742	0.0026954177897574125
CUFF_NC.7313	4	1335815	1337613	+	0	0	0		87	5	554	0.009025270758122744	269	3	1349	0.002223869532987398
CUFF_NC.7317	4	1355619	1359157	-	0	0	0		126	496	1810	0.2740331491712707	728	1048	8138	0.12877856967313836
CUFF_NC.7320	4	1364906	1365339	+	0	0	0		28	1	194	0.005154639175257732	82	0	636	0.0
CUFF_NC.7321	4	1366399	1367869	+	0	0	0		107	3	963	0.003115264797507788	282	10	2080	0.004807692307692308
CUFF_NC.7318	4	1373075	1375108	-	0	0	0		78	1	527	0.0018975332068311196	407	21	2265	0.009271523178807948
CUFF_NC.7319	4	1375249	1375928	-	0	0	0		56	0	258	0.0	160	3	686	0.004373177842565598
CUFF_NC.7322	4	1405103	1407286	+	0	0	0		178	3	829	0.0036188178528347406	607	8	2448	0.0032679738562091504
CUFF_NC.7335	4	1408259	1408554	-	0	0	0		14	0	118	0.0	61	3	323	0.009287925696594427
CUFF_NC.7336	4	1411371	1411781	-	0	0	0		36	1	269	0.0037174721189591076	113	3	815	0.0036809815950920245
CUFF_NC.7345	4	1416579	1417237	-	0	0	0		36	2	236	0.00847457627118644	190	4	1113	0.0035938903863432167
CUFF_NC.7344	4	1422928	1423380	+	0	0	0		16	0	131	0.0	127	2	957	0.0020898641588296763
CUFF_NC.7323	4	1436000	1436443	+	0	0	0		13	16	46	0.34782608695652173	44	10	130	0.07692307692307693
CUFF_NC.7324	4	1442644	1443461	-	0	0	0		16	1	155	0.0064516129032258064	123	3	905	0.0033149171270718232
CUFF_NC.7325	4	1459785	1461920	-	0	0	0		151	820	1263	0.6492478226444972	511	979	4537	0.21578135331716994
CUFF_NC.7326	4	1470424	1472033	-	0	0	0		87	869	1169	0.7433704020530368	406	1555	5441	0.2857930527476567
CUFF_NC.7327	4	1470462	1471229	+	0	0	0		57	488	607	0.8039538714991763	225	530	2112	0.2509469696969697
CUFF_NC.7329	4	1472725	1476719	+	0	0	0		109	3	735	0.004081632653061225	440	7	2271	0.0030823425803610744
CUFF_NC.7328	4	1487686	1488499	+	0	0	0		10	4	51	0.0784313725490196	63	9	262	0.03435114503816794
CUFF_NC.7332	4	1492158	1492965	+	0	0	0		51	2	246	0.008130081300813009	185	2	791	0.0025284450063211127
CUFF_NC.7337	4	1503046	1503395	-	0	0	0		20	1	94	0.010638297872340425	107	0	468	0.0
CUFF_NC.7338	4	1505198	1505723	+	0	0	0		30	0	146	0.0	136	3	626	0.004792332268370607
CUFF_NC.7330	4	1513069	1513799	-	0	0	0		42	2	186	0.010752688172043012	205	2	742	0.0026954177897574125
CUFF_NC.7346	4	1526655	1527070	+	0	0	0		32	2	198	0.010101010101010102	123	2	664	0.0030120481927710845
CUFF_NC.7334	4	1544173	1544612	+	0	0	0		2	0	2	0.0	8	0	8	0.0
CUFF_NC.7339	4	1563629	1564210	+	0	0	0		23	0	150	0.0	57	0	257	0.0
CUFF_NC.7340	4	1596141	1597125	-	0	0	0		19	190	318	0.5974842767295597	243	737	2957	0.24923909367602298
CUFF_NC.7341	4	1598277	1599753	-	0	0	0		48	242	388	0.6237113402061856	297	430	2135	0.20140515222482436
CUFF_NC.7343	4	1603598	1604655	+	0	0	0		54	2	407	0.004914004914004914	259	3	1309	0.002291825821237586
CUFF_NC.7347	4	1649419	1650207	-	0	0	0		27	113	289	0.39100346020761245	206	162	1771	0.09147374364765669
CUFF_NC.7348	4	1655245	1656417	+	0	0	0		51	143	516	0.2771317829457364	320	215	2828	0.07602545968882603
CUFF_NC.7352	4	1667889	1669208	-	0	0	0		18	37	90	0.4111111111111111	66	20	120	0.16666666666666666
CUFF_NC.7350	4	1699590	1700905	-	0	0	0		15	16	54	0.2962962962962963	115	20	407	0.04914004914004914
CUFF_NC.7349	4	1702247	1702782	-	0	0	0		7	0	24	0.0	34	6	200	0.03
CUFF_NC.7353	4	1704147	1706568	+	0	0	0		27	11	83	0.13253012048192772	195	17	620	0.027419354838709678
CUFF_NC.7355	4	1704523	1710689	+	0	0	0		40	14	102	0.13725490196078433	288	25	903	0.02768549280177187
CUFF_NC.7354	4	1705975	1708334	-	0	0	0		16	9	60	0.15	115	9	454	0.019823788546255508
CUFF_NC.7358	4	1710869	1724238	-	0	0	0		45	14	111	0.12612612612612611	351	40	931	0.04296455424274973
CUFF_NC.7360	4	1714020	1714604	-	0	0	0		4	1	6	0.16666666666666666	15	0	15	0.0
CUFF_NC.7359	4	1718277	1724425	+	0	0	0		10	4	26	0.15384615384615385	69	4	190	0.021052631578947368
CUFF_NC.7361	4	1719565	1720465	-	0	0	0		3	0	11	0.0	23	1	96	0.010416666666666666
CUFF_NC.7362	4	1719996	1720529	+	0	0	0		2	0	9	0.0	20	1	92	0.010869565217391304
CUFF_NC.7366	4	1721606	1725717	+	0	0	0		6	3	10	0.3	45	1	62	0.016129032258064516
CUFF_NC.7373	4	1726159	1734150	+	0	0	0		61	31	163	0.1901840490797546	390	37	922	0.04013015184381779
CUFF_NC.7376	4	1726803	1731897	-	0	0	0		40	17	103	0.1650485436893204	237	26	574	0.04529616724738676
CUFF_NC.7377	4	1729414	1730108	-	0	0	0		10	2	26	0.07692307692307693	40	12	134	0.08955223880597014
CUFF_NC.7374	4	1729700	1731886	+	0	0	0		34	14	84	0.16666666666666666	162	21	386	0.054404145077720206
CUFF_NC.7378	4	1731499	1741633	-	0	0	0		97	51	270	0.18888888888888888	540	56	1201	0.0466278101582015
CUFF_NC.7375	4	1735764	1741851	+	0	0	0		48	17	131	0.1297709923664122	284	27	580	0.04655172413793104
CUFF_NC.7379	4	1749563	1755744	-	0	0	0		113	301	495	0.6080808080808081	576	435	2553	0.17038777908343125
CUFF_NC.7381	4	1756583	1760148	+	0	0	0		119	254	1003	0.25324027916251246	774	334	4635	0.07206040992448759
CUFF_NC.7380	4	1757760	1758250	-	0	0	0		13	0	135	0.0	88	3	775	0.003870967741935484
CUFF_NC.7356	4	1767359	1768598	+	0	0	0		54	146	448	0.32589285714285715	295	247	2846	0.08678847505270555
CUFF_NC.7357	4	1768783	1769548	+	0	0	0		31	102	267	0.38202247191011235	206	121	1549	0.07811491284699806
CUFF_NC.7370	4	1770346	1771626	-	0	0	0		51	224	565	0.39646017699115044	269	96	2402	0.03996669442131557
CUFF_NC.7371	4	1770406	1774627	+	0	0	0		182	230	1324	0.17371601208459214	749	102	4902	0.0208078335373317
CUFF_NC.7372	4	1772242	1772744	+	0	0	0		17	0	60	0.0	103	1	411	0.0024330900243309003
CUFF_NC.7365	4	1785644	1786404	-	0	0	0		30	27	263	0.10266159695817491	154	45	924	0.048701298701298704
CUFF_NC.7363	4	1796163	1796669	-	0	0	0		13	6	22	0.2727272727272727	45	11	122	0.09016393442622951
CUFF_NC.7364	4	1796907	1797718	-	0	0	0		12	32	74	0.43243243243243246	66	84	356	0.23595505617977527
CUFF_NC.7367	4	1798620	1804726	-	0	0	0		70	83	226	0.3672566371681416	251	124	908	0.13656387665198239
CUFF_NC.7369	4	1800480	1801195	-	0	0	0		6	4	6	0.6666666666666666	31	2	31	0.06451612903225806
CUFF_NC.7383	4	1811987	1812452	-	0	0	0		24	182	304	0.5986842105263158	103	119	824	0.14441747572815533
CUFF_NC.7382	4	1831072	1831477	+	0	0	0		25	190	260	0.7307692307692307	133	242	1221	0.1981981981981982
CUFF_NC.7387	4	1838412	1838949	-	0	0	0		16	183	389	0.4704370179948586	69	539	1943	0.2774060730828616
CUFF_NC.7386	4	1853468	1855236	-	0	0	0		43	87	380	0.22894736842105262	368	88	2472	0.03559870550161812
CUFF_NC.7390	4	1868760	1876630	-	0	0	0		317	922	2504	0.3682108626198083	1562	603	9813	0.061449098135126876
CUFF_NC.7384	4	1879087	1880419	-	0	0	0		21	129	341	0.3782991202346041	192	142	1285	0.11050583657587548
CUFF_NC.7385	4	1880709	1881299	-	0	0	0		23	53	104	0.5096153846153846	173	147	967	0.15201654601861428
CUFF_NC.7388	4	1889353	1890153	-	0	0	0		52	2	257	0.007782101167315175	190	3	900	0.0033333333333333335
CUFF_NC.7389	4	1906171	1907908	+	0	0	0		35	75	156	0.4807692307692308	125	100	558	0.17921146953405018
CUFF_NC.7391	4	1961125	1961951	+	0	0	0		33	58	263	0.22053231939163498	171	29	1105	0.026244343891402715
CUFF_NC.7392	4	1987386	1987876	+	0	0	0		35	84	213	0.39436619718309857	159	156	886	0.17607223476297967
CUFF_NC.7396	4	2001080	2002355	-	0	0	0		89	326	578	0.5640138408304498	331	490	2178	0.22497704315886133
CUFF_NC.7397	4	2002646	2003584	-	0	0	0		75	182	303	0.6006600660066007	253	184	1089	0.1689623507805326
CUFF_NC.7393	4	2014325	2015603	-	0	0	0		45	113	263	0.4296577946768061	338	272	1559	0.17447081462475947
CUFF_NC.7394	4	2017766	2018380	-	0	0	0		49	205	336	0.6101190476190477	203	301	1398	0.21530758226037197
CUFF_NC.7399	4	2033167	2036495	-	0	0	0		213	6	1063	0.005644402634054563	870	22	4093	0.005375030539946249
CUFF_NC.7398	4	2036443	2037875	+	0	0	0		8	7	21	0.3333333333333333	58	37	93	0.3978494623655914
CUFF_NC.7395	4	2039156	2039564	+	0	0	0		11	42	116	0.3620689655172414	139	126	1040	0.12115384615384615
CUFF_NC.7405	4	2058243	2059956	+	0	0	0		95	410	740	0.5540540540540541	441	546	3458	0.15789473684210525
CUFF_NC.7400	4	2061421	2063049	-	0	0	0		59	169	370	0.45675675675675675	465	540	2847	0.18967334035827185
CUFF_NC.7403	4	2069556	2076433	-	0	0	0		108	419	877	0.47776510832383123	1231	1469	8339	0.17616021105648158
CUFF_NC.7404	4	2074184	2074463	-	0	0	0		3	0	12	0.0	49	8	167	0.04790419161676647
CUFF_NC.7406	4	2085885	2088089	+	0	0	0		109	622	1233	0.5044606650446066	523	580	4862	0.11929247223364871
CUFF_NC.7402	4	2095226	2096607	+	0	0	0		45	278	522	0.5325670498084292	366	500	3497	0.1429796968830426
CUFF_NC.7407	4	2119050	2119625	-	0	0	0		23	42	159	0.2641509433962264	122	71	745	0.0953020134228188
CUFF_NC.7408	4	2123954	2126609	-	0	0	0		222	4	1291	0.003098373353989156	667	9	3738	0.002407704654895666
CUFF_NC.7411	4	2133399	2134082	+	0	0	0		38	0	298	0.0	160	4	976	0.004098360655737705
CUFF_NC.7410	4	2164749	2165309	-	0	0	0		20	0	73	0.0	152	1	530	0.0018867924528301887
CUFF_NC.7409	4	2175791	2178695	+	0	0	0		124	424	898	0.47216035634743875	739	474	5045	0.09395441030723489
CUFF_NC.7415	4	2188976	2194317	-	0	0	0		121	220	900	0.24444444444444444	1502	1334	10523	0.12676993252874655
CUFF_NC.7413	4	2219537	2223096	-	0	0	0		88	1	279	0.0035842293906810036	352	6	1110	0.005405405405405406
CUFF_NC.7414	4	2232629	2234751	+	0	0	0		92	2	450	0.0044444444444444444	442	4	1836	0.002178649237472767
CUFF_NC.7412	4	2242011	2242867	-	0	0	0		58	1	302	0.0033112582781456954	195	3	816	0.003676470588235294
CUFF_NC.7416	4	2262958	2263637	-	0	0	0		28	103	334	0.3083832335329341	137	57	1085	0.052534562211981564
CUFF_NC.7421	4	2289927	2290584	-	0	0	0		43	0	258	0.0	149	1	666	0.0015015015015015015
CUFF_NC.7420	4	2307740	2308996	-	0	0	0		45	141	305	0.46229508196721314	356	415	2794	0.1485325697924123
CUFF_NC.7424	4	2309430	2309761	+	0	0	0		15	0	62	0.0	81	2	241	0.008298755186721992
CUFF_NC.7417	4	2315391	2315900	+	0	0	0		20	0	134	0.0	69	2	455	0.004395604395604396
CUFF_NC.7418	4	2323111	2323830	-	0	0	0		33	99	196	0.5051020408163265	187	320	1131	0.28293545534924847
CUFF_NC.7423	4	2325764	2326602	-	0	0	0		56	3	298	0.010067114093959731	184	3	667	0.004497751124437781
CUFF_NC.7419	4	2332040	2332947	+	0	0	0		30	45	336	0.13392857142857142	200	13	889	0.014623172103487065
CUFF_NC.7422	4	2347828	2348981	-	0	0	0		9	60	104	0.5769230769230769	48	45	490	0.09183673469387756
CUFF_NC.7426	4	2357043	2357483	-	0	0	0		19	122	185	0.6594594594594595	105	407	1271	0.3202202989771833
CUFF_NC.7429	4	2389292	2395086	+	0	0	0		230	134	1542	0.08690012970168612	1252	310	7829	0.039596372461361606
CUFF_NC.7430	4	2389363	2389998	-	0	0	0		33	1	132	0.007575757575757576	147	2	666	0.003003003003003003
CUFF_NC.7437	4	2405801	2406190	+	0	0	0		25	0	183	0.0	105	4	813	0.004920049200492005
CUFF_NC.7438	4	2407811	2410122	+	0	0	0		10	0	44	0.0	28	0	109	0.0
CUFF_NC.7428	4	2412638	2413429	+	0	0	0		27	16	171	0.0935672514619883	173	65	945	0.06878306878306878
CUFF_NC.7435	4	2434394	2434947	+	0	0	0		35	0	157	0.0	128	2	521	0.003838771593090211
CUFF_NC.7434	4	2440807	2441620	-	0	0	0		26	0	79	0.0	96	1	276	0.0036231884057971015
CUFF_NC.7432	4	2446554	2446873	-	0	0	0		30	1	89	0.011235955056179775	64	1	183	0.00546448087431694
CUFF_NC.7431	4	2447213	2448345	+	0	0	0		14	0	39	0.0	124	1	435	0.0022988505747126436
CUFF_NC.7433	4	2450310	2450733	-	0	0	0		6	46	76	0.6052631578947368	64	238	503	0.4731610337972167
CUFF_NC.7436	4	2458767	2459562	-	0	0	0		29	58	223	0.2600896860986547	172	22	1020	0.021568627450980392
CUFF_NC.7439	4	2461054	2461464	-	0	0	0		40	0	196	0.0	116	1	536	0.0018656716417910447
CUFF_NC.7449	4	2504266	2505529	-	0	0	0		83	1	344	0.0029069767441860465	286	3	1092	0.0027472527472527475
CUFF_NC.7443	4	2505721	2508026	-	0	0	0		91	0	450	0.0	379	5	1748	0.002860411899313501
CUFF_NC.7441	4	2517843	2518779	+	0	0	0		57	0	371	0.0	185	1	1027	0.0009737098344693282
CUFF_NC.7440	4	2521039	2521557	-	0	0	0		21	59	191	0.3089005235602094	100	41	785	0.05222929936305733
CUFF_NC.7442	4	2533267	2534563	-	0	0	0		45	2	423	0.004728132387706856	253	4	1340	0.0029850746268656717
CUFF_NC.7444	4	2545651	2546061	+	0	0	0		21	0	329	0.0	67	2	476	0.004201680672268907
CUFF_NC.7447	4	2575289	2576260	-	0	0	0		39	1	223	0.004484304932735426	124	2	911	0.0021953896816684962
CUFF_NC.7460	4	2582430	2585453	+	0	0	0		36	189	320	0.590625	245	277	1880	0.1473404255319149
CUFF_NC.7462	4	2584349	2585357	-	0	0	0		32	180	294	0.6122448979591837	190	218	1515	0.1438943894389439
CUFF_NC.7448	4	2592062	2594445	+	0	0	0		41	7	280	0.025	120	27	556	0.048561151079136694
CUFF_NC.7450	4	2605921	2607136	+	0	0	0		21	1006	1139	0.8832309043020193	277	5853	10905	0.536726272352132
CUFF_NC.7451	4	2605924	2607123	-	0	0	0		21	1006	1139	0.8832309043020193	276	5852	10904	0.5366837857666911
CUFF_NC.7452	4	2619092	2619791	-	0	0	0		25	0	95	0.0	150	1	569	0.0017574692442882249
CUFF_NC.7463	4	2636834	2638182	+	0	0	0		59	3	429	0.006993006993006993	271	5	1905	0.0026246719160104987
CUFF_NC.7455	4	2643396	2648674	+	0	0	0		5	1	5	0.2	14	1	14	0.07142857142857142
CUFF_NC.7453	4	2655650	2656057	-	0	0	0		1	0	1	0.0	8	0	8	0.0
CUFF_NC.7457	4	2660113	2660924	-	0	0	0		31	0	120	0.0	125	1	385	0.0025974025974025974
CUFF_NC.7459	4	2689787	2690481	+	0	0	0		11	15	152	0.09868421052631579	127	46	1322	0.03479576399394856
CUFF_NC.7458	4	2691641	2692390	-	0	0	0		28	1	91	0.01098901098901099	156	5	548	0.009124087591240875
CUFF_NC.7464	4	2694718	2695439	-	0	0	0		38	0	127	0.0	148	0	498	0.0
CUFF_NC.7465	4	2713963	2714697	-	0	0	0		25	49	209	0.23444976076555024	135	47	682	0.0689149560117302
CUFF_NC.7466	4	2716392	2717563	-	0	0	0		0	0	0		5	0	5	0.0
CUFF_NC.7495	4	2718541	2720098	-	0	0	0		72	0	179	0.0	240	1	535	0.001869158878504673
CUFF_NC.7467	4	2724493	2725064	-	0	0	0		20	31	119	0.2605042016806723	125	47	778	0.060411311053984576
CUFF_NC.7468	4	2735114	2735704	-	0	0	0		23	8	147	0.05442176870748299	65	8	315	0.025396825396825397
CUFF_NC.7469	4	2740250	2740882	+	0	0	0		27	0	243	0.0	170	4	987	0.004052684903748734
CUFF_NC.7470	4	2752085	2752748	-	0	0	0		40	0	230	0.0	171	2	737	0.0027137042062415195
CUFF_NC.7471	4	2763221	2763969	+	0	0	0		38	1	127	0.007874015748031496	229	6	750	0.008
CUFF_NC.7475	4	2789917	2790721	+	0	0	0		22	81	218	0.37155963302752293	184	189	1549	0.12201420271142673
CUFF_NC.7476	4	2792646	2793440	+	0	0	0		14	44	74	0.5945945945945946	68	50	284	0.176056338028169
CUFF_NC.7472	4	2808365	2808849	+	0	0	0		3	0	36	0.0	20	0	118	0.0
CUFF_NC.7477	4	2817287	2818182	-	0	0	0		57	0	366	0.0	225	5	1394	0.003586800573888092
CUFF_NC.7474	4	2828591	2830161	+	0	0	0		56	160	398	0.4020100502512563	207	304	1705	0.17829912023460412
CUFF_NC.7478	4	2846675	2847381	+	0	0	0		33	166	338	0.4911242603550296	189	186	2032	0.09153543307086615
CUFF_NC.7479	4	2903533	2904254	+	0	0	0		25	116	294	0.3945578231292517	198	207	1957	0.10577414409810935
CUFF_NC.7481	4	3054598	3056358	-	0	0	0		43	387	682	0.5674486803519062	218	727	3363	0.21617603330359797
CUFF_NC.7480	4	3087393	3087828	+	0	0	0		21	117	150	0.78	69	112	508	0.2204724409448819
CUFF_NC.7482	4	3088047	3088364	+	0	0	0		16	66	135	0.4888888888888889	92	140	712	0.19662921348314608
CUFF_NC.7483	4	3100248	3101180	-	0	0	0		35	101	297	0.3400673400673401	211	227	1410	0.16099290780141845
CUFF_NC.7484	4	3137958	3138407	-	0	0	0		11	24	110	0.21818181818181817	118	119	921	0.12920738327904452
CUFF_NC.7485	4	3144697	3145587	-	0	0	0		29	177	332	0.5331325301204819	226	292	2320	0.12586206896551724
CUFF_NC.7488	4	3330622	3332367	+	0	0	0		62	334	655	0.5099236641221374	445	441	4091	0.10779760449767783
CUFF_NC.7486	4	3332433	3335074	-	0	0	0		113	511	1105	0.46244343891402717	653	868	5607	0.15480649188514356
CUFF_NC.7487	4	3341769	3342226	-	0	0	0		33	101	215	0.4697674418604651	127	112	744	0.15053763440860216
CUFF_NC.7489	4	3356587	3357934	-	0	0	0		74	2	315	0.006349206349206349	310	19	1227	0.015484922575387123
CUFF_NC.7490	4	3507060	3507660	+	0	0	0		38	99	241	0.4107883817427386	137	117	965	0.12124352331606218
CUFF_NC.7491	4	3517878	3518322	+	0	0	0		13	77	233	0.33047210300429186	121	136	1450	0.09379310344827586
CUFF_NC.7494	4	3648242	3648899	-	0	0	0		28	125	301	0.4152823920265781	173	228	1663	0.1371016235718581
CUFF_NC.7493	4	3677533	3681545	-	0	0	0		167	683	1417	0.4820042342978123	567	802	4770	0.1681341719077568
CUFF_NC.7492	4	3704689	3705110	-	0	0	0		17	98	265	0.36981132075471695	126	133	991	0.13420787083753785
CUFF_NC.7499	4	3770841	3773229	-	0	0	0		40	89	299	0.2976588628762542	521	366	3230	0.11331269349845201
CUFF_NC.7496	4	3784747	3785272	-	0	0	0		25	37	188	0.19680851063829788	160	163	1109	0.14697926059513075
CUFF_NC.7497	4	3804133	3804842	-	0	0	0		17	76	163	0.4662576687116564	182	127	1459	0.08704592186429061
CUFF_NC.7498	4	3814037	3814917	+	0	0	0		36	191	338	0.5650887573964497	278	364	2299	0.15832970856894302
CUFF_NC.7501	4	3827596	3828385	-	0	0	0		47	221	429	0.5151515151515151	209	339	1729	0.19606709080393292
CUFF_NC.7500	4	3848097	3848635	+	0	0	0		42	348	529	0.6578449905482041	166	435	2205	0.19727891156462585
CUFF_NC.7502	4	3855728	3856132	-	0	0	0		13	42	98	0.42857142857142855	137	176	1108	0.1588447653429603
CUFF_NC.7503	4	3858719	3859466	+	0	0	0		39	109	288	0.3784722222222222	242	122	1278	0.09546165884194054
CUFF_NC.7505	4	3879344	3879973	+	0	0	0		25	185	332	0.5572289156626506	155	344	1958	0.17568947906026558
CUFF_NC.7504	4	3894962	3896234	+	0	0	0		24	0	91	0.0	305	6	1202	0.004991680532445923
CUFF_NC.7506	4	3923349	3923614	-	0	0	0		7	36	96	0.375	74	130	920	0.14130434782608695
CUFF_NC.7518	4	3939265	3940749	-	0	0	0		66	4	398	0.010050251256281407	320	10	1633	0.00612369871402327
CUFF_NC.7512	4	3950517	3956021	+	0	0	0		82	1797	6180	0.29077669902912623	1688	7390	82568	0.08950198624164325
CUFF_NC.7507	4	3957188	3957995	+	0	0	0		46	227	370	0.6135135135135135	236	231	1286	0.1796267496111975
CUFF_NC.7508	4	3971693	3976211	-	0	0	0		10	56	232	0.2413793103448276	310	640	4851	0.13193156050298907
CUFF_NC.7509	4	3974606	3979991	+	0	0	0		44	343	1125	0.3048888888888889	1122	3102	23944	0.12955228867357166
CUFF_NC.7510	4	3974680	3975462	+	0	0	0		4	40	172	0.23255813953488372	181	538	3970	0.1355163727959698
CUFF_NC.7511	4	3978804	3984738	+	0	0	0		31	190	778	0.2442159383033419	1062	2653	20429	0.1298644084389838
CUFF_NC.7513	4	3998598	4000803	-	0	0	0		4	5	36	0.1388888888888889	196	142	1355	0.1047970479704797
CUFF_NC.7514	4	4000227	4010948	+	0	0	0		41	178	769	0.23146944083224968	1248	2157	14986	0.14393433871613506
CUFF_NC.7516	4	4003704	4004165	+	0	0	0		1	3	5	0.6	13	8	42	0.19047619047619047
CUFF_NC.7515	4	4005902	4006376	-	0	0	0		4	8	67	0.11940298507462686	103	234	1761	0.13287904599659284
CUFF_NC.7517	4	4009331	4010442	+	0	0	0		9	68	275	0.24727272727272728	257	826	5302	0.15579026782346284
CUFF_NC.7519	4	4070715	4072409	+	0	0	0		95	1	368	0.002717391304347826	477	8	1805	0.00443213296398892
CUFF_NC.7521	4	4129143	4129618	+	0	0	0		21	89	217	0.41013824884792627	126	127	1156	0.10986159169550173
CUFF_NC.7523	4	4148287	4157138	+	0	0	0		302	919	1934	0.4751809720785936	1588	1106	9682	0.11423259657095641
CUFF_NC.7522	4	4170691	4171129	+	0	0	0		16	7	77	0.09090909090909091	86	36	498	0.07228915662650602
CUFF_NC.7524	4	4276806	4277725	+	0	0	0		19	35	48	0.7291666666666666	71	30	160	0.1875
CUFF_NC.7529	4	4359180	4359696	+	0	0	0		9	34	65	0.5230769230769231	112	95	495	0.1919191919191919
CUFF_NC.7526	4	4373371	4375269	+	0	0	0		48	500	621	0.8051529790660226	388	1241	4105	0.3023142509135201
CUFF_NC.7525	4	4388181	4389348	-	0	0	0		25	75	104	0.7211538461538461	190	111	602	0.18438538205980065
CUFF_NC.7530	4	4425015	4430449	-	0	0	0		151	330	468	0.7051282051282052	544	320	1482	0.21592442645074225
CUFF_NC.7527	4	4443429	4443832	+	0	0	0		1	1	1	1.0	13	1	13	0.07692307692307693
CUFF_NC.7528	4	4445375	4445930	-	0	0	0		3	1	10	0.1	26	10	103	0.0970873786407767
CUFF_NC.7543	4	4599499	4600635	-	0	0	0		23	18	42	0.42857142857142855	84	31	135	0.22962962962962963
CUFF_NC.7541	4	4602906	4604300	-	0	0	0		18	13	99	0.13131313131313133	83	24	280	0.08571428571428572
CUFF_NC.7534	4	4620294	4621211	-	0	0	0		0	0	0		5	0	5	0.0
CUFF_NC.7537	4	4639846	4641992	-	0	0	0		64	344	629	0.5468998410174881	479	1114	4408	0.25272232304900183
CUFF_NC.7538	4	4641754	4642175	+	0	0	0		16	56	108	0.5185185185185185	101	132	657	0.2009132420091324
CUFF_NC.7539	4	4643832	4644821	-	0	0	0		6	0	19	0.0	29	2	94	0.02127659574468085
CUFF_NC.7540	4	4646016	4649703	+	0	0	0		50	66	136	0.4852941176470588	153	75	398	0.1884422110552764
CUFF_NC.7536	4	4657545	4658517	+	0	0	0		10	22	41	0.5365853658536586	80	154	475	0.32421052631578945
CUFF_NC.7547	4	4696202	4696733	-	0	0	0		40	1	81	0.012345679012345678	102	0	330	0.0
CUFF_NC.7551	4	4706378	4706988	-	0	0	0		8	7	11	0.6363636363636364	37	5	52	0.09615384615384616
CUFF_NC.7549	4	4720342	4720750	+	0	0	0		14	36	52	0.6923076923076923	56	34	226	0.1504424778761062
CUFF_NC.7552	4	4781154	4781862	-	0	0	0		11	21	31	0.6774193548387096	33	14	83	0.1686746987951807
CUFF_NC.7558	4	4802456	4803240	+	0	0	0		46	2	411	0.004866180048661801	209	5	1426	0.0035063113604488078
CUFF_NC.7555	4	4807918	4809466	-	0	0	0		64	79	409	0.19315403422982885	352	122	2054	0.05939629990262902
CUFF_NC.7559	4	4824245	4825135	+	0	0	0		33	0	183	0.0	177	7	789	0.008871989860583017
CUFF_NC.7553	4	4829353	4831149	-	0	0	0		85	329	886	0.37133182844243795	399	423	3415	0.12386530014641288
CUFF_NC.7554	4	4831453	4832344	-	0	0	0		36	58	121	0.4793388429752066	169	143	782	0.18286445012787725
CUFF_NC.7556	4	4834985	4837608	-	0	0	0		140	603	997	0.60481444332999	683	1166	5004	0.23301358912869705
CUFF_NC.7557	4	4837999	4838790	-	0	0	0		29	123	290	0.4241379310344828	174	432	1756	0.2460136674259681
CUFF_NC.7560	4	4848565	4850028	-	0	0	0		113	385	826	0.4661016949152542	321	237	2239	0.10585082626172398
CUFF_NC.7564	4	4866452	4868343	+	0	0	0		38	1	254	0.003937007874015748	412	12	2383	0.005035669324381032
CUFF_NC.7565	4	4867807	4868186	-	0	0	0		4	0	36	0.0	73	0	441	0.0
CUFF_NC.7561	4	4890726	4892280	+	0	0	0		53	204	372	0.5483870967741935	367	360	2482	0.145044319097502
CUFF_NC.7562	4	4955341	4956165	+	0	0	0		14	11	87	0.12643678160919541	211	156	1697	0.09192692987625221
CUFF_NC.7563	4	4959282	4959958	-	0	0	0		54	214	308	0.6948051948051948	86	48	246	0.1951219512195122
CUFF_NC.7567	4	4996293	4996969	-	0	0	0		39	79	196	0.4030612244897959	131	28	582	0.048109965635738834
CUFF_NC.7568	4	4997114	4997563	-	0	0	0		6	1	6	0.16666666666666666	8	0	8	0.0
CUFF_NC.7569	4	5000098	5000965	+	0	0	0		50	141	355	0.3971830985915493	228	254	1686	0.1506524317912218
CUFF_NC.7571	4	5054277	5054794	+	0	0	0		10	33	119	0.2773109243697479	49	94	545	0.1724770642201835
CUFF_NC.7577	4	5085251	5085763	+	0	0	0		37	201	409	0.49144254278728605	146	251	1351	0.1857883049592894
CUFF_NC.7572	4	5088138	5088782	-	0	0	0		22	63	211	0.2985781990521327	178	123	1378	0.08925979680696662
CUFF_NC.7573	4	5091866	5092662	+	0	0	0		40	119	202	0.5891089108910891	159	95	592	0.16047297297297297
CUFF_NC.7576	4	5120990	5122038	+	0	0	0		32	116	239	0.48535564853556484	225	185	1306	0.1416539050535988
CUFF_NC.7574	4	5146659	5147351	-	0	0	0		27	74	214	0.34579439252336447	214	285	2109	0.13513513513513514
CUFF_NC.7575	4	5148744	5150789	+	0	0	0		56	1	301	0.0033222591362126247	344	4	1408	0.002840909090909091
CUFF_NC.7582	4	5173052	5173607	-	0	0	0		32	0	199	0.0	110	5	773	0.00646830530401035
CUFF_NC.7578	4	5194637	5195959	-	0	0	0		44	0	131	0.0	148	3	353	0.0084985835694051
CUFF_NC.7583	4	5201235	5202358	-	0	0	0		12	20	50	0.4	118	67	578	0.11591695501730104
CUFF_NC.7579	4	5210554	5211052	+	0	0	0		4	12	33	0.36363636363636365	183	335	1846	0.18147345612134344
CUFF_NC.7580	4	5211583	5211995	+	0	0	0		20	111	241	0.4605809128630705	130	160	790	0.20253164556962025
CUFF_NC.7588	4	5230271	5231290	-	0	0	0		43	0	167	0.0	215	0	839	0.0
CUFF_NC.7581	4	5234394	5235266	+	0	0	0		37	114	190	0.6	161	80	699	0.11444921316165951
CUFF_NC.7585	4	5240182	5240506	-	0	0	0		22	0	105	0.0	96	3	398	0.007537688442211055
CUFF_NC.7587	4	5251879	5252284	+	0	0	0		36	2	199	0.010050251256281407	75	2	411	0.004866180048661801
CUFF_NC.7594	4	5254176	5254720	-	0	0	0		37	2	265	0.007547169811320755	124	1	603	0.001658374792703151
CUFF_NC.7584	4	5258130	5259004	-	0	0	0		42	243	387	0.627906976744186	224	565	2268	0.24911816578483245
CUFF_NC.7586	4	5277025	5277588	+	0	0	0		16	0	144	0.0	130	2	1048	0.0019083969465648854
CUFF_NC.7589	4	5299023	5299453	+	0	0	0		26	1	255	0.00392156862745098	77	1	606	0.0016501650165016502
CUFF_NC.7590	4	5299486	5299977	-	0	0	0		13	0	38	0.0	122	4	391	0.010230179028132993
CUFF_NC.7591	4	5301934	5303142	+	0	0	0		17	77	144	0.5347222222222222	99	34	326	0.10429447852760736
CUFF_NC.7597	4	5323763	5324194	+	0	0	0		6	14	77	0.18181818181818182	95	58	572	0.10139860139860139
CUFF_NC.7595	4	5329307	5329829	-	0	0	0		3	5	9	0.5555555555555556	60	32	167	0.19161676646706588
CUFF_NC.7600	4	5338060	5338481	+	0	0	0		9	30	70	0.42857142857142855	123	97	740	0.13108108108108107
CUFF_NC.7601	4	5357850	5359356	-	0	0	0		67	99	661	0.14977307110438728	285	133	1989	0.06686777275012569
CUFF_NC.7602	4	5372081	5372568	-	0	0	0		29	3	155	0.01935483870967742	151	1	601	0.0016638935108153079
CUFF_NC.7607	4	5374388	5376494	-	0	0	0		62	1	325	0.003076923076923077	277	3	1226	0.0024469820554649264
CUFF_NC.7603	4	5381550	5382364	-	0	0	0		23	87	389	0.2236503856041131	129	282	1856	0.15193965517241378
CUFF_NC.7604	4	5382763	5383516	-	0	0	0		8	46	212	0.2169811320754717	135	480	1997	0.24036054081121683
CUFF_NC.7608	4	5384928	5386629	+	0	0	0		87	0	521	0.0	405	4	2063	0.0019389238972370335
CUFF_NC.7609	4	5386680	5390111	+	0	0	0		138	1	728	0.0013736263736263737	604	10	2813	0.0035549235691432635
CUFF_NC.7606	4	5406057	5406821	+	0	0	0		39	0	199	0.0	198	1	637	0.0015698587127158557
CUFF_NC.7605	4	5413005	5413526	-	0	0	0		21	1	118	0.00847457627118644	140	4	543	0.007366482504604052
CUFF_NC.7610	4	5422440	5423537	+	0	0	0		36	240	315	0.7619047619047619	250	467	1473	0.3170400543109301
CUFF_NC.7611	4	5560149	5561206	-	0	0	0		39	277	461	0.6008676789587852	248	999	3081	0.32424537487828625
CUFF_NC.7612	4	5573132	5574099	+	0	0	0		51	381	799	0.47684605757196497	277	641	3688	0.17380694143167028
CUFF_NC.7613	4	5608592	5608898	+	0	0	0		28	2	202	0.009900990099009901	70	1	366	0.00273224043715847
CUFF_NC.7614	4	5642980	5643405	-	0	0	0		20	39	89	0.43820224719101125	45	16	117	0.13675213675213677
CUFF_NC.7617	4	5647257	5650935	+	0	0	0		114	171	692	0.24710982658959538	851	597	4693	0.12721073939910504
CUFF_NC.7618	4	5650270	5650728	+	0	0	0		27	156	288	0.5416666666666666	115	541	1214	0.4456342668863262
CUFF_NC.7615	4	5659240	5659700	+	0	0	0		22	1	60	0.016666666666666666	75	1	176	0.005681818181818182
CUFF_NC.7619	4	5670207	5670623	+	0	0	0		12	15	79	0.189873417721519	89	63	639	0.09859154929577464
CUFF_NC.7616	4	5682877	5683928	-	0	0	0		57	0	206	0.0	228	2	899	0.002224694104560623
CUFF_NC.7621	4	5697842	5698698	-	0	0	0		24	0	79	0.0	90	2	246	0.008130081300813009
CUFF_NC.7620	4	5700719	5701278	-	0	0	0		11	0	76	0.0	143	1	765	0.00130718954248366
CUFF_NC.7626	4	5709162	5711106	+	0	0	0		76	123	494	0.24898785425101214	433	505	2765	0.18264014466546113
CUFF_NC.7625	4	5712342	5713348	-	0	0	0		21	0	97	0.0	248	2	962	0.002079002079002079
CUFF_NC.7622	4	5715751	5716170	+	0	0	0		12	0	31	0.0	95	2	293	0.006825938566552901
CUFF_NC.7628	4	5725551	5726552	-	0	0	0		89	0	333	0.0	256	2	882	0.0022675736961451248
CUFF_NC.7624	4	5727819	5728252	-	0	0	0		2	10	35	0.2857142857142857	7	16	70	0.22857142857142856
CUFF_NC.7627	4	5737482	5740897	-	0	0	0		99	2	654	0.0030581039755351682	588	12	2765	0.00433996383363472
CUFF_NC.7631	4	5746928	5747399	-	0	0	0		18	0	112	0.0	135	3	600	0.005
CUFF_NC.7630	4	5754308	5757467	+	0	0	0		201	1103	1588	0.6945843828715366	770	1651	5280	0.31268939393939393
CUFF_NC.7629	4	5761400	5762633	-	0	0	0		23	94	294	0.3197278911564626	122	104	1372	0.07580174927113703
CUFF_NC.7632	4	5777664	5779595	+	0	0	0		98	1	666	0.0015015015015015015	330	2	1668	0.001199040767386091
CUFF_NC.7633	4	5794735	5795495	+	0	0	0		51	2	296	0.006756756756756757	199	4	1049	0.0038131553860819827
CUFF_NC.7635	4	5809068	5809951	-	0	0	0		23	8	199	0.04020100502512563	166	49	1505	0.03255813953488372
CUFF_NC.7643	4	5841650	5842268	-	0	0	0		28	0	129	0.0	143	1	675	0.0014814814814814814
CUFF_NC.7636	4	5842993	5843688	+	0	0	0		31	1	159	0.006289308176100629	155	3	657	0.0045662100456621
CUFF_NC.7642	4	5847370	5847970	-	0	0	0		42	0	148	0.0	125	1	326	0.003067484662576687
CUFF_NC.7647	4	5917196	5918848	-	0	0	0		12	13	29	0.4482758620689655	52	9	107	0.08411214953271028
CUFF_NC.7650	4	5931218	5932212	+	0	0	0		49	0	208	0.0	187	2	699	0.002861230329041488
CUFF_NC.7648	4	5934343	5934958	+	0	0	0		1	1	1	1.0	24	14	43	0.32558139534883723
CUFF_NC.7652	4	5937696	5938281	+	0	0	0		5	0	5	0.0	11	0	11	0.0
CUFF_NC.7654	4	5939510	5943388	-	0	0	0		18	3	39	0.07692307692307693	119	16	284	0.056338028169014086
CUFF_NC.7655	4	5965523	5971052	-	0	0	0		397	5090	6850	0.743065693430657	1369	4900	19001	0.2578811641492553
CUFF_NC.7657	4	5971487	5975195	-	0	0	0		4	0	4	0.0	12	0	12	0.0
CUFF_NC.7651	4	5984814	5985242	+	0	0	0		32	0	213	0.0	116	3	617	0.004862236628849271
CUFF_NC.7662	4	5992980	5993551	-	0	0	0		25	0	244	0.0	128	1	1064	0.0009398496240601503
CUFF_NC.7658	4	5996812	6001709	-	0	0	0		28	41	233	0.1759656652360515	248	92	1520	0.060526315789473685
CUFF_NC.7659	4	6016508	6017137	+	0	0	0		10	1	95	0.010526315789473684	126	1	919	0.001088139281828074
CUFF_NC.7668	4	6090561	6092834	+	0	0	0		61	1	401	0.0024937655860349127	512	3	2615	0.001147227533460803
CUFF_NC.7670	4	6091865	6092670	-	0	0	0		30	0	133	0.0	195	1	614	0.0016286644951140066
CUFF_NC.7664	4	6095970	6098929	+	0	0	0		47	8	269	0.02973977695167286	589	31	2956	0.010487144790257105
CUFF_NC.7665	4	6108542	6110295	+	0	0	0		43	10	202	0.04950495049504951	203	47	690	0.06811594202898551
CUFF_NC.7663	4	6113709	6114374	-	0	0	0		5	6	10	0.6	30	18	112	0.16071428571428573
CUFF_NC.7666	4	6139048	6139657	-	0	0	0		41	0	306	0.0	161	4	1039	0.0038498556304138597
CUFF_NC.7667	4	6171101	6171502	-	0	0	0		15	1	93	0.010752688172043012	86	0	430	0.0
CUFF_NC.7673	4	6183936	6184638	-	0	0	0		4	6	28	0.21428571428571427	36	3	137	0.021897810218978103
CUFF_NC.7674	4	6192486	6193124	-	0	0	0		34	92	217	0.423963133640553	150	65	1035	0.06280193236714976
CUFF_NC.7671	4	6194144	6195090	+	0	0	0		8	4	25	0.16	100	38	424	0.08962264150943396
CUFF_NC.7669	4	6197933	6198441	+	0	0	0		0	0	0		3	0	3	0.0
CUFF_NC.7675	4	6203957	6204590	+	0	0	0		11	0	32	0.0	38	0	134	0.0
CUFF_NC.7676	4	6207823	6208948	+	0	0	0		29	1	163	0.006134969325153374	206	2	921	0.002171552660152009
CUFF_NC.7679	4	6209253	6212651	+	0	0	0		143	493	1065	0.4629107981220657	939	972	6447	0.15076779897626802
CUFF_NC.7678	4	6217995	6218875	-	0	0	0		29	2	169	0.011834319526627219	197	4	1071	0.003734827264239029
CUFF_NC.7677	4	6219809	6220273	-	0	0	0		17	0	102	0.0	100	3	528	0.005681818181818182
CUFF_NC.7682	4	6225389	6225708	-	0	0	0		19	1	128	0.0078125	60	0	351	0.0
CUFF_NC.7685	4	6233959	6234998	-	0	0	0		24	0	86	0.0	116	1	423	0.002364066193853428
CUFF_NC.7680	4	6252567	6253018	-	0	0	0		14	151	189	0.798941798941799	74	176	789	0.22306717363751585
CUFF_NC.7681	4	6253518	6254105	-	0	0	0		8	0	23	0.0	112	1	631	0.001584786053882726
CUFF_NC.7687	4	6259122	6260012	+	0	0	0		40	0	178	0.0	202	7	1051	0.006660323501427212
CUFF_NC.7684	4	6265993	6266937	+	0	0	0		59	1	569	0.0017574692442882249	207	4	1719	0.002326934264107039
CUFF_NC.7688	4	6272973	6273405	+	0	0	0		20	17	128	0.1328125	67	18	385	0.046753246753246755
CUFF_NC.7683	4	6275286	6275730	-	0	0	0		1	0	1	0.0	52	3	208	0.014423076923076924
CUFF_NC.7686	4	6300686	6302642	+	0	0	0		108	1	775	0.0012903225806451613	408	6	2170	0.0027649769585253456
CUFF_NC.7697	4	6320762	6321547	+	0	0	0		31	1	172	0.005813953488372093	162	2	653	0.0030627871362940277
CUFF_NC.7689	4	6330131	6330809	-	0	0	0		12	0	45	0.0	153	2	563	0.003552397868561279
CUFF_NC.7690	4	6331527	6332793	-	0	0	0		66	255	433	0.5889145496535797	355	630	2632	0.2393617021276596
CUFF_NC.7691	4	6337838	6339167	-	0	0	0		31	8	148	0.05405405405405406	332	22	1725	0.012753623188405797
CUFF_NC.7692	4	6370501	6371042	-	0	0	0		37	0	316	0.0	165	0	971	0.0
CUFF_NC.7693	4	6375501	6376132	+	0	0	0		51	3	397	0.007556675062972292	160	0	1084	0.0
CUFF_NC.7694	4	6384538	6385864	-	0	0	0		47	1	184	0.005434782608695652	314	1	1152	0.0008680555555555555
CUFF_NC.7695	4	6430008	6430575	-	0	0	0		27	0	102	0.0	135	2	431	0.004640371229698376
CUFF_NC.7696	4	6434282	6435378	+	0	0	0		40	0	133	0.0	240	3	792	0.003787878787878788
CUFF_NC.7705	4	6446328	6453349	+	0	0	0		329	3	1779	0.0016863406408094434	1525	19	6783	0.0028011204481792717
CUFF_NC.7706	4	6447078	6454518	+	0	0	0		356	2	1891	0.0010576414595452142	1628	20	7018	0.002849814762040467
CUFF_NC.7698	4	6466121	6466627	-	0	0	0		1	0	5	0.0	10	0	41	0.0
CUFF_NC.7699	4	6479869	6480304	-	0	0	0		3	0	11	0.0	44	5	202	0.024752475247524754
CUFF_NC.7702	4	6483724	6484593	-	0	0	0		34	0	183	0.0	109	1	570	0.0017543859649122807
CUFF_NC.7700	4	6485739	6486245	-	0	0	0		32	0	203	0.0	129	1	684	0.0014619883040935672
CUFF_NC.7701	4	6494706	6495211	+	0	0	0		15	0	65	0.0	105	1	310	0.0032258064516129032
CUFF_NC.7703	4	6505670	6506269	+	0	0	0		2	4	4	1.0	52	39	95	0.4105263157894737
CUFF_NC.7707	4	6512666	6517188	+	0	0	0		244	2	1072	0.0018656716417910447	1058	7	3986	0.0017561465127947818
CUFF_NC.7709	4	6587546	6587948	-	0	0	0		23	0	108	0.0	94	1	326	0.003067484662576687
CUFF_NC.7710	4	6617219	6617614	+	0	0	0		10	0	61	0.0	80	3	339	0.008849557522123894
CUFF_NC.7713	4	6692122	6693110	-	0	0	0		57	0	358	0.0	245	4	1210	0.003305785123966942
CUFF_NC.7711	4	6698666	6700168	+	0	0	0		16	0	69	0.0	170	143	892	0.16031390134529147
CUFF_NC.7712	4	6702256	6703112	+	0	0	0		33	0	275	0.0	235	6	1486	0.004037685060565276
CUFF_NC.7714	4	6713003	6714107	+	0	0	0		52	0	257	0.0	142	1	643	0.0015552099533437014
CUFF_NC.7715	4	6721723	6722156	+	0	0	0		9	0	46	0.0	78	0	488	0.0
CUFF_NC.7716	4	6750175	6750913	+	0	0	0		40	0	124	0.0	114	1	349	0.0028653295128939827
CUFF_NC.7718	4	6764593	6765341	+	0	0	0		55	0	427	0.0	155	1	933	0.0010718113612004287
CUFF_NC.7717	4	6769049	6769840	-	0	0	0		39	1	294	0.003401360544217687	128	4	971	0.004119464469618949
CUFF_NC.7721	4	6776978	6777719	-	0	0	0		25	1	208	0.004807692307692308	186	4	1381	0.002896451846488052
CUFF_NC.7720	4	6795115	6795939	+	0	0	0		48	0	193	0.0	128	4	716	0.00558659217877095
CUFF_NC.7724	4	6872263	6873697	+	0	0	0		99	1	421	0.0023752969121140144	296	2	957	0.0020898641588296763
CUFF_NC.7722	4	6877678	6878190	-	0	0	0		1	0	1	0.0	21	0	72	0.0
CUFF_NC.7723	4	6878753	6879716	-	0	0	0		23	8	141	0.05673758865248227	198	133	1192	0.1115771812080537
CUFF_NC.7725	4	6880430	6881128	-	0	0	0		14	16	83	0.1927710843373494	170	33	788	0.04187817258883249
CUFF_NC.7730	4	6883737	6887917	-	0	0	0		190	282	1172	0.24061433447098976	975	199	5308	0.03749058025621703
CUFF_NC.7731	4	6884579	6888995	-	0	0	0		190	283	1180	0.23983050847457626	1005	202	5227	0.03864549454754161
CUFF_NC.7726	4	6891283	6891750	-	0	0	0		5	0	17	0.0	55	5	251	0.0199203187250996
CUFF_NC.7729	4	6901349	6902661	-	0	0	0		57	0	380	0.0	242	2	1242	0.001610305958132045
CUFF_NC.7728	4	6905847	6908226	-	0	0	0		114	1	659	0.0015174506828528073	452	5	2381	0.0020999580008399833
CUFF_NC.7727	4	6927169	6927630	+	0	0	0		24	1	109	0.009174311926605505	133	5	684	0.007309941520467836
CUFF_NC.7732	4	6953516	6953997	-	0	0	0		8	0	8	0.0	6	0	6	0.0
CUFF_NC.7736	4	6954349	6955586	-	0	0	0		48	207	395	0.5240506329113924	287	439	2814	0.15600568585643212
CUFF_NC.7739	4	6965952	6966310	-	0	0	0		16	0	53	0.0	77	0	239	0.0
CUFF_NC.7740	4	6969837	6973735	-	0	0	0		218	10	1069	0.009354536950420954	891	30	3937	0.00762001524003048
CUFF_NC.7733	4	6974441	6974842	-	0	0	0		6	1	46	0.021739130434782608	70	0	548	0.0
CUFF_NC.7734	4	6977269	6977679	+	0	0	0		13	0	42	0.0	31	0	94	0.0
CUFF_NC.7735	4	6978244	6979120	-	0	0	0		9	0	19	0.0	38	0	105	0.0
CUFF_NC.7743	4	6991130	6994947	+	0	0	0		88	1	345	0.002898550724637681	601	11	2221	0.00495272399819901
CUFF_NC.7738	4	7004564	7005832	-	0	0	0		84	2	594	0.003367003367003367	277	5	1308	0.00382262996941896
CUFF_NC.7737	4	7013225	7013822	+	0	0	0		44	255	481	0.5301455301455301	135	176	1185	0.14852320675105485
CUFF_NC.7742	4	7028598	7031317	+	0	0	0		53	185	300	0.6166666666666667	350	455	1947	0.23369286081150487
CUFF_NC.7741	4	7031989	7032552	+	0	0	0		22	99	173	0.5722543352601156	103	144	557	0.2585278276481149
CUFF_NC.7745	4	7071761	7072250	-	0	0	0		21	0	136	0.0	91	0	570	0.0
CUFF_NC.7744	4	7076779	7077198	-	0	0	0		21	0	82	0.0	100	0	349	0.0
CUFF_NC.7746	4	7080807	7081949	+	0	0	0		16	19	71	0.2676056338028169	138	85	668	0.12724550898203593
CUFF_NC.7747	4	7086176	7086834	-	0	0	0		51	0	286	0.0	155	1	782	0.0012787723785166241
CUFF_NC.7748	4	7087586	7088231	-	0	0	0		13	0	159	0.0	151	0	1041	0.0
CUFF_NC.7752	4	7091705	7092312	-	0	0	0		63	1	361	0.002770083102493075	126	3	604	0.004966887417218543
CUFF_NC.7749	4	7104401	7104968	-	0	0	0		3	0	3	0.0	6	0	11	0.0
CUFF_NC.7766	4	7122941	7123276	+	0	0	0		16	2	107	0.018691588785046728	65	0	428	0.0
CUFF_NC.7767	4	7129877	7130244	+	0	0	0		19	0	127	0.0	101	4	709	0.005641748942172073
CUFF_NC.7750	4	7135955	7136751	+	0	0	0		69	6	270	0.022222222222222223	224	2	884	0.0022624434389140274
CUFF_NC.7753	4	7171647	7172324	+	0	0	0		28	0	117	0.0	168	4	788	0.005076142131979695
CUFF_NC.7755	4	7194662	7195012	+	0	0	0		18	0	180	0.0	69	2	470	0.00425531914893617
CUFF_NC.7783	4	7200700	7201038	+	0	0	0		17	0	84	0.0	97	5	476	0.01050420168067227
CUFF_NC.7785	4	7208927	7209432	-	0	0	0		36	0	115	0.0	125	2	492	0.0040650406504065045
CUFF_NC.7756	4	7214749	7215364	-	0	0	0		27	1	194	0.005154639175257732	95	0	519	0.0
CUFF_NC.7757	4	7239232	7240125	-	0	0	0		51	0	235	0.0	180	2	991	0.0020181634712411706
CUFF_NC.7769	4	7260833	7261176	+	0	0	0		16	0	122	0.0	57	0	301	0.0
CUFF_NC.7758	4	7262276	7263293	-	0	0	0		31	0	149	0.0	136	0	566	0.0
CUFF_NC.7759	4	7278389	7278913	+	0	0	0		27	0	132	0.0	81	2	256	0.0078125
CUFF_NC.7761	4	7281196	7283480	+	0	0	0		78	17	529	0.03213610586011342	395	10	2180	0.0045871559633027525
CUFF_NC.7764	4	7288494	7289050	-	0	0	0		16	0	234	0.0	67	3	335	0.008955223880597015
CUFF_NC.7762	4	7289574	7290023	+	0	0	0		26	0	136	0.0	106	2	477	0.0041928721174004195
CUFF_NC.7763	4	7290465	7290924	+	0	0	0		17	2	202	0.009900990099009901	35	2	389	0.005141388174807198
CUFF_NC.7768	4	7302221	7307168	-	0	0	0		223	3	1117	0.0026857654431512983	1079	18	5075	0.0035467980295566504
CUFF_NC.7771	4	7307840	7309994	+	0	0	0		81	0	483	0.0	455	8	2332	0.003430531732418525
CUFF_NC.7772	4	7310584	7315831	+	0	0	0		170	111	1017	0.10914454277286136	1047	374	5354	0.06985431453119163
CUFF_NC.7773	4	7311530	7316850	+	0	0	0		186	111	1208	0.09188741721854304	1105	372	5868	0.06339468302658487
CUFF_NC.7765	4	7317796	7318428	+	0	0	0		24	0	110	0.0	144	4	597	0.006700167504187605
CUFF_NC.7775	4	7336312	7337385	-	0	0	0		31	1	160	0.00625	156	5	660	0.007575757575757576
CUFF_NC.7770	4	7356783	7357965	-	0	0	0		61	111	359	0.30919220055710306	224	65	1103	0.05893019038984588
CUFF_NC.7776	4	7381450	7382835	-	0	0	0		48	1	353	0.0028328611898017	293	6	1521	0.0039447731755424065
CUFF_NC.7777	4	7382014	7382875	+	0	0	0		34	0	267	0.0	179	5	1063	0.004703668861712135
CUFF_NC.7774	4	7385852	7386960	+	0	0	0		75	0	258	0.0	216	4	659	0.006069802731411229
CUFF_NC.7778	4	7427964	7428542	+	0	0	0		18	0	128	0.0	166	3	866	0.003464203233256351
CUFF_NC.7779	4	7440123	7441161	+	0	0	0		26	0	193	0.0	206	1	1130	0.0008849557522123894
CUFF_NC.7780	4	7457653	7458180	-	0	0	0		19	0	52	0.0	101	0	361	0.0
CUFF_NC.7784	4	7461033	7462005	+	0	0	0		47	23	464	0.04956896551724138	228	12	1262	0.009508716323296355
CUFF_NC.7786	4	7468596	7469710	+	0	0	0		93	2	521	0.003838771593090211	320	7	1533	0.0045662100456621
CUFF_NC.7788	4	7474300	7474772	-	0	0	0		24	0	82	0.0	134	0	484	0.0
CUFF_NC.7789	4	7477883	7479842	-	0	0	0		52	5	292	0.017123287671232876	374	17	2132	0.00797373358348968
CUFF_NC.7781	4	7482863	7483857	+	0	0	0		42	1	324	0.0030864197530864196	215	3	1034	0.0029013539651837525
CUFF_NC.7782	4	7487323	7487832	-	0	0	0		31	0	106	0.0	95	0	223	0.0
CUFF_NC.7787	4	7491499	7492181	+	0	0	0		51	0	233	0.0	115	0	464	0.0
CUFF_NC.7790	4	7532094	7532941	-	0	0	0		55	0	384	0.0	196	1	1024	0.0009765625
CUFF_NC.7795	4	7560070	7563971	-	0	0	0		147	669	1484	0.4508086253369272	831	1232	7976	0.15446339017051153
CUFF_NC.7796	4	7561613	7562326	+	0	0	0		33	159	354	0.4491525423728814	170	354	2173	0.16290842153704557
CUFF_NC.7791	4	7573167	7573877	+	0	0	0		30	0	79	0.0	115	0	351	0.0
CUFF_NC.7793	4	7586191	7587067	+	0	0	0		36	0	203	0.0	238	0	937	0.0
CUFF_NC.7794	4	7589851	7592671	+	0	0	0		143	188	732	0.2568306010928962	553	84	2392	0.03511705685618729
CUFF_NC.7792	4	7596553	7597036	-	0	0	0		15	0	101	0.0	82	5	410	0.012195121951219513
CUFF_NC.7797	4	7598168	7599461	+	0	0	0		64	1	403	0.0024813895781637717	293	8	1317	0.006074411541381929
CUFF_NC.7800	4	7615958	7616562	-	0	0	0		11	11	76	0.14473684210526316	123	5	682	0.007331378299120235
CUFF_NC.7799	4	7625752	7626850	+	0	0	0		21	0	163	0.0	153	0	933	0.0
CUFF_NC.7801	4	7640489	7641141	-	0	0	0		13	1	82	0.012195121951219513	108	0	540	0.0
CUFF_NC.7803	4	7645462	7646573	+	0	0	0		52	0	376	0.0	260	5	1520	0.003289473684210526
CUFF_NC.7802	4	7657480	7658169	+	0	0	0		47	0	179	0.0	145	3	496	0.006048387096774193
CUFF_NC.7804	4	7660411	7661673	+	0	0	0		37	0	242	0.0	209	1	966	0.0010351966873706005
CUFF_NC.7806	4	7677780	7678386	+	0	0	0		23	0	59	0.0	155	1	357	0.0028011204481792717
CUFF_NC.7805	4	7679126	7679742	-	0	0	0		14	0	130	0.0	86	0	528	0.0
CUFF_NC.7810	4	7680771	7681294	-	0	0	0		22	0	58	0.0	93	0	254	0.0
CUFF_NC.7815	4	7687707	7692329	+	0	0	0		38	217	290	0.7482758620689656	441	1460	3191	0.4575368223127546
CUFF_NC.7811	4	7697271	7700920	+	0	0	0		8	87	121	0.71900826446281	76	85	677	0.1255539143279173
CUFF_NC.7812	4	7698368	7702080	+	0	0	0		7	47	60	0.7833333333333333	88	65	450	0.14444444444444443
CUFF_NC.7814	4	7699482	7703225	+	0	0	0		7	47	60	0.7833333333333333	88	65	450	0.14444444444444443
CUFF_NC.7808	4	7703709	7704184	+	0	0	0		1	29	37	0.7837837837837838	19	59	395	0.14936708860759493
CUFF_NC.7817	4	7724491	7725107	+	0	0	0		24	1	142	0.007042253521126761	163	4	912	0.0043859649122807015
CUFF_NC.7818	4	7724559	7724991	-	0	0	0		18	0	83	0.0	116	2	473	0.004228329809725159
CUFF_NC.7819	4	7728788	7729543	+	0	0	0		49	1	230	0.004347826086956522	186	3	826	0.0036319612590799033
CUFF_NC.7823	4	7771456	7771820	+	0	0	0		34	1	154	0.006493506493506494	113	2	558	0.0035842293906810036
CUFF_NC.7820	4	7784032	7785243	-	0	0	0		12	31	175	0.17714285714285713	230	31	1379	0.022480058013052938
CUFF_NC.7821	4	7796973	7798658	+	0	0	0		74	0	400	0.0	403	7	1865	0.0037533512064343165
CUFF_NC.7822	4	7815390	7816018	+	0	0	0		32	0	123	0.0	165	3	565	0.005309734513274336
CUFF_NC.7824	4	7824935	7826093	+	0	0	0		60	0	324	0.0	245	1	972	0.00102880658436214
CUFF_NC.7848	4	7842980	7844534	-	0	0	0		44	8	286	0.027972027972027972	271	33	1419	0.023255813953488372
CUFF_NC.7849	4	7848261	7848999	-	0	0	0		2	0	3	0.0	18	0	37	0.0
CUFF_NC.7825	4	7853556	7854407	+	0	0	0		18	0	59	0.0	201	4	569	0.007029876977152899
CUFF_NC.7826	4	7855605	7856047	+	0	0	0		13	1	116	0.008620689655172414	122	4	815	0.0049079754601227
CUFF_NC.7829	4	7866430	7870672	-	0	0	0		162	2	1249	0.0016012810248198558	844	13	4244	0.003063147973609802
CUFF_NC.7830	4	7868082	7868551	-	0	0	0		37	1	304	0.003289473684210526	102	3	786	0.003816793893129771
CUFF_NC.7831	4	7876529	7876868	+	0	0	0		32	0	206	0.0	77	2	305	0.006557377049180328
CUFF_NC.7827	4	7877147	7877576	-	0	0	0		17	0	55	0.0	98	0	437	0.0
CUFF_NC.7828	4	7908867	7909360	+	0	0	0		14	85	146	0.5821917808219178	137	120	777	0.15444015444015444
CUFF_NC.7832	4	7923311	7923981	-	0	0	0		23	136	227	0.5991189427312775	130	345	979	0.35240040858018384
CUFF_NC.7833	4	7932133	7933363	-	0	0	0		53	1	234	0.004273504273504274	309	1	1159	0.0008628127696289905
CUFF_NC.7835	4	7946077	7947499	-	0	0	0		54	0	186	0.0	248	1	897	0.0011148272017837235
CUFF_NC.7836	4	7949057	7949460	-	0	0	0		17	1	126	0.007936507936507936	94	2	312	0.00641025641025641
CUFF_NC.7834	4	7951314	7952992	+	0	0	0		86	2	391	0.005115089514066497	368	4	1465	0.0027303754266211604
CUFF_NC.7837	4	7990803	7992276	+	0	0	0		79	1	259	0.003861003861003861	330	4	1265	0.0031620553359683794
CUFF_NC.7841	4	8004875	8008627	+	0	0	0		110	0	538	0.0	475	6	1932	0.003105590062111801
CUFF_NC.7842	4	8005749	8009205	+	0	0	0		133	1	707	0.0014144271570014145	572	7	2420	0.002892561983471074
CUFF_NC.7843	4	8006369	8010071	+	0	0	0		141	4	835	0.004790419161676647	692	8	3478	0.0023001725129384704
CUFF_NC.7839	4	8011127	8012115	-	0	0	0		31	0	229	0.0	119	2	571	0.0035026269702276708
CUFF_NC.7838	4	8013942	8014929	+	0	0	0		47	0	245	0.0	168	3	508	0.005905511811023622
CUFF_NC.7840	4	8084137	8086031	-	0	0	0		101	2	758	0.002638522427440633	442	3	2236	0.0013416815742397137
CUFF_NC.7844	4	8094392	8095736	+	0	0	0		31	23	161	0.14285714285714285	252	15	1118	0.013416815742397137
CUFF_NC.7846	4	8098546	8100236	+	0	0	0		62	1	215	0.004651162790697674	300	2	874	0.002288329519450801
CUFF_NC.7847	4	8099064	8102112	+	0	0	0		139	1	525	0.0019047619047619048	627	2	2226	0.0008984725965858042
CUFF_NC.7853	4	8151154	8152088	-	0	0	0		55	15	246	0.06097560975609756	195	7	671	0.010432190760059613
CUFF_NC.7850	4	8175506	8176062	+	0	0	0		7	0	32	0.0	73	1	372	0.002688172043010753
CUFF_NC.7855	4	8196675	8198421	-	0	0	0		119	12	916	0.013100436681222707	446	3	2750	0.001090909090909091
CUFF_NC.7854	4	8222999	8223778	-	0	0	0		37	1	213	0.004694835680751174	199	2	1010	0.0019801980198019802
CUFF_NC.7856	4	8223908	8224356	-	0	0	0		40	2	317	0.006309148264984227	135	6	924	0.006493506493506494
CUFF_NC.7857	4	8248313	8249273	+	0	0	0		68	3	372	0.008064516129032258	244	2	1259	0.0015885623510722795
CUFF_NC.7858	4	8274140	8275057	+	0	0	0		41	0	157	0.0	207	1	687	0.001455604075691412
CUFF_NC.7862	4	8287014	8288385	+	0	0	0		69	2	320	0.00625	236	4	871	0.004592422502870264
CUFF_NC.7863	4	8287842	8288100	+	0	0	0		12	1	38	0.02631578947368421	55	1	157	0.006369426751592357
CUFF_NC.7864	4	8292745	8294184	-	0	0	0		69	1	466	0.002145922746781116	347	2	2099	0.0009528346831824678
CUFF_NC.7865	4	8297050	8297389	-	0	0	0		15	1	63	0.015873015873015872	99	2	417	0.004796163069544364
CUFF_NC.7859	4	8302553	8302816	+	0	0	0		17	1	130	0.007692307692307693	83	1	470	0.002127659574468085
CUFF_NC.7861	4	8304652	8305891	+	0	0	0		52	0	306	0.0	197	1	944	0.001059322033898305
CUFF_NC.7860	4	8306835	8308032	+	0	0	0		62	1	305	0.003278688524590164	253	0	948	0.0
CUFF_NC.7866	4	8309361	8309988	-	0	0	0		42	0	201	0.0	155	1	562	0.0017793594306049821
CUFF_NC.7868	4	8320535	8322053	-	0	0	0		83	0	236	0.0	341	6	1555	0.0038585209003215433
CUFF_NC.7869	4	8332541	8333198	+	0	0	0		25	1	410	0.0024390243902439024	69	3	812	0.003694581280788177
CUFF_NC.7883	4	8339740	8340953	+	0	0	0		72	2	577	0.0034662045060658577	369	4	1756	0.002277904328018223
CUFF_NC.7871	4	8344272	8345255	-	0	0	0		39	0	239	0.0	197	2	901	0.0022197558268590455
CUFF_NC.7870	4	8345814	8346823	-	0	0	0		32	1	173	0.005780346820809248	242	4	1143	0.003499562554680665
CUFF_NC.7875	4	8346967	8349613	+	0	0	0		99	86	555	0.15495495495495495	544	223	3223	0.06919019547005895
CUFF_NC.7873	4	8360744	8361877	-	0	0	0		43	0	261	0.0	289	5	1833	0.002727768685215494
CUFF_NC.7874	4	8362812	8363476	-	0	0	0		34	2	183	0.01092896174863388	149	2	832	0.002403846153846154
CUFF_NC.7872	4	8372170	8372643	+	0	0	0		7	0	26	0.0	97	2	491	0.004073319755600814
CUFF_NC.7884	4	8424950	8430919	+	0	0	0		320	7	1674	0.004181600955794504	1429	15	6801	0.0022055580061755625
CUFF_NC.7885	4	8427014	8432768	+	0	0	0		310	6	1663	0.0036079374624173183	1387	17	6990	0.0024320457796852646
CUFF_NC.7878	4	8440041	8440777	-	0	0	0		41	0	193	0.0	156	1	725	0.001379310344827586
CUFF_NC.7876	4	8445602	8446804	+	0	0	0		36	1	251	0.00398406374501992	256	5	1460	0.003424657534246575
CUFF_NC.7877	4	8459656	8460079	-	0	0	0		7	0	14	0.0	26	0	50	0.0
CUFF_NC.7880	4	8460379	8462060	-	0	0	0		89	18	421	0.04275534441805225	395	95	1648	0.05764563106796117
CUFF_NC.7879	4	8465716	8466247	-	0	0	0		32	89	201	0.4427860696517413	139	161	728	0.22115384615384615
CUFF_NC.7882	4	8471215	8471948	-	0	0	0		50	0	271	0.0	189	2	951	0.002103049421661409
CUFF_NC.7889	4	8479379	8479723	-	0	0	0		35	0	338	0.0	79	5	686	0.007288629737609329
CUFF_NC.7888	4	8483079	8483530	+	0	0	0		26	0	159	0.0	125	3	774	0.003875968992248062
CUFF_NC.7896	4	8526501	8527520	+	0	0	0		42	1	264	0.003787878787878788	191	2	863	0.002317497103128621
CUFF_NC.7897	4	8530217	8530852	+	0	0	0		26	1	185	0.005405405405405406	137	0	855	0.0
CUFF_NC.7898	4	8534969	8535832	+	0	0	0		38	1	412	0.0024271844660194173	123	1	1045	0.0009569377990430622
CUFF_NC.7891	4	8553306	8553623	-	0	0	0		19	0	72	0.0	82	0	399	0.0
CUFF_NC.7890	4	8562572	8563033	+	0	0	0		18	0	80	0.0	88	1	453	0.002207505518763797
CUFF_NC.7887	4	8565767	8566269	+	0	0	0		25	0	197	0.0	103	3	645	0.004651162790697674
CUFF_NC.7886	4	8571820	8572418	-	0	0	0		38	0	185	0.0	155	2	701	0.0028530670470756064
CUFF_NC.7894	4	8634485	8635188	-	0	0	0		30	0	138	0.0	140	2	606	0.0033003300330033004
CUFF_NC.7895	4	8641447	8642159	+	0	0	0		21	1	101	0.009900990099009901	92	0	249	0.0
CUFF_NC.7899	4	8645969	8647119	-	0	0	0		27	0	116	0.0	266	2	1176	0.0017006802721088435
CUFF_NC.7903	4	8652200	8653080	-	0	0	0		50	1	772	0.0012953367875647669	97	2	1193	0.0016764459346186086
CUFF_NC.7906	4	8704567	8705339	+	0	0	0		32	0	242	0.0	118	0	670	0.0
CUFF_NC.7901	4	8705786	8706997	-	0	0	0		76	446	571	0.7810858143607706	373	716	3129	0.2288271013103228
CUFF_NC.7900	4	8707759	8708439	-	0	0	0		19	1	95	0.010526315789473684	123	2	539	0.0037105751391465678
CUFF_NC.7902	4	8733925	8734459	+	0	0	0		26	0	107	0.0	140	1	538	0.0018587360594795538
CUFF_NC.7904	4	8749189	8749983	-	0	0	0		23	33	236	0.13983050847457626	143	37	1011	0.036597428288822946
CUFF_NC.7909	4	8772151	8773447	+	0	0	0		49	29	342	0.0847953216374269	250	55	1462	0.03761969904240766
CUFF_NC.7912	4	8792934	8793456	+	0	0	0		26	0	81	0.0	136	2	385	0.005194805194805195
CUFF_NC.7913	4	8793685	8794444	+	0	0	0		52	3	251	0.01195219123505976	180	3	777	0.003861003861003861
CUFF_NC.7915	4	8828239	8829484	-	0	0	0		90	1	457	0.002188183807439825	313	4	1420	0.0028169014084507044
CUFF_NC.7916	4	8829564	8831466	-	0	0	0		134	2	661	0.0030257186081694403	492	6	1962	0.0030581039755351682
CUFF_NC.7914	4	8836234	8837193	-	0	0	0		25	146	361	0.40443213296398894	188	1199	2419	0.49565936337329475
CUFF_NC.7917	4	8852679	8854645	+	0	0	0		105	1	491	0.002036659877800407	499	1	1847	0.0005414185165132648
CUFF_NC.7920	4	8870205	8871255	+	0	0	0		37	0	158	0.0	244	3	1079	0.0027803521779425394
CUFF_NC.7919	4	8881840	8882344	+	0	0	0		18	36	174	0.20689655172413793	140	71	938	0.07569296375266525
CUFF_NC.7922	4	8883981	8884777	-	0	0	0		33	0	319	0.0	202	6	1886	0.003181336161187699
CUFF_NC.7938	4	8898411	8898923	-	0	0	0		40	2	299	0.006688963210702341	132	0	754	0.0
CUFF_NC.7921	4	8900884	8901416	+	0	0	0		36	0	108	0.0	130	0	354	0.0
CUFF_NC.7925	4	8908753	8909557	-	0	0	0		32	0	179	0.0	156	1	738	0.0013550135501355014
CUFF_NC.7926	4	8909978	8910866	-	0	0	0		41	1	193	0.0051813471502590676	186	2	717	0.002789400278940028
CUFF_NC.7923	4	8913787	8914738	-	0	0	0		22	0	95	0.0	193	3	885	0.003389830508474576
CUFF_NC.7931	4	8917289	8917854	-	0	0	0		11	0	59	0.0	154	2	797	0.002509410288582183
CUFF_NC.7932	4	8918085	8918810	-	0	0	0		35	0	160	0.0	133	1	556	0.0017985611510791368
CUFF_NC.7929	4	8922445	8923612	-	0	0	0		45	1	388	0.002577319587628866	174	2	1104	0.0018115942028985507
CUFF_NC.7930	4	8923920	8924451	-	0	0	0		24	0	119	0.0	115	2	566	0.0035335689045936395
CUFF_NC.7928	4	8924093	8924753	+	0	0	0		33	0	220	0.0	117	1	710	0.0014084507042253522
CUFF_NC.7924	4	8926039	8926384	-	0	0	0		13	0	27	0.0	85	1	350	0.002857142857142857
CUFF_NC.7927	4	8929120	8934660	-	0	0	0		148	3	935	0.0032085561497326204	1240	14	6281	0.002228944435599427
CUFF_NC.7934	4	8945785	8947082	-	0	0	0		24	2	142	0.014084507042253521	168	5	924	0.005411255411255411
CUFF_NC.7933	4	8947894	8948560	-	0	0	0		14	11	65	0.16923076923076924	105	4	318	0.012578616352201259
CUFF_NC.7935	4	8959455	8960297	+	0	0	0		1	2	6	0.3333333333333333	7	1	25	0.04
CUFF_NC.7936	4	8965896	8966316	+	0	0	0		19	1	92	0.010869565217391304	110	1	514	0.0019455252918287938
CUFF_NC.7940	4	8975396	8976166	+	0	0	0		30	0	148	0.0	149	4	742	0.005390835579514825
CUFF_NC.7941	4	8976515	8977536	+	0	0	0		26	0	58	0.0	163	3	359	0.008356545961002786
CUFF_NC.7937	4	8978008	8978712	-	0	0	0		51	1	227	0.004405286343612335	183	2	633	0.00315955766192733
CUFF_NC.7939	4	8979922	8980423	+	0	0	0		26	3	127	0.023622047244094488	78	1	520	0.0019230769230769232
CUFF_NC.7942	4	8991702	8992434	+	0	0	0		28	0	248	0.0	72	2	576	0.003472222222222222
CUFF_NC.7943	4	9005657	9006638	+	0	0	0		34	1	316	0.0031645569620253164	280	9	1956	0.004601226993865031
CUFF_NC.7946	4	9046413	9047399	+	0	0	0		62	1	467	0.0021413276231263384	179	1	1120	0.0008928571428571428
CUFF_NC.7944	4	9058823	9059342	+	0	0	0		27	0	266	0.0	112	2	847	0.0023612750885478157
CUFF_NC.7945	4	9061192	9064472	+	0	0	0		98	11	422	0.026066350710900472	615	14	2361	0.005929690808979246
CUFF_NC.7947	4	9085277	9085799	+	0	0	0		36	0	181	0.0	91	4	510	0.00784313725490196
CUFF_NC.7956	4	9094694	9095088	-	0	0	0		21	0	187	0.0	103	1	548	0.0018248175182481751
CUFF_NC.7949	4	9112406	9113200	-	0	0	0		30	0	212	0.0	122	1	681	0.0014684287812041115
CUFF_NC.7950	4	9116648	9118094	+	0	0	0		153	2	594	0.003367003367003367	374	3	1394	0.002152080344332855
CUFF_NC.7948	4	9128831	9129625	-	0	0	0		43	0	411	0.0	172	2	767	0.002607561929595828
CUFF_NC.7957	4	9164743	9165237	+	0	0	0		7	0	40	0.0	122	2	1040	0.0019230769230769232
CUFF_NC.7952	4	9179342	9180239	+	0	0	0		83	220	411	0.5352798053527981	230	162	1034	0.15667311411992263
CUFF_NC.7951	4	9183464	9184101	-	0	0	0		18	0	65	0.0	67	0	255	0.0
CUFF_NC.7955	4	9186512	9188728	-	0	0	0		29	0	75	0.0	208	27	524	0.05152671755725191
CUFF_NC.7953	4	9194013	9195078	-	0	0	0		30	2	154	0.012987012987012988	207	2	1264	0.0015822784810126582
CUFF_NC.7954	4	9200128	9201600	+	0	0	0		52	1	178	0.0056179775280898875	291	0	805	0.0
CUFF_NC.7963	4	9247766	9248399	+	0	0	0		58	0	173	0.0	180	1	500	0.002
CUFF_NC.7964	4	9248800	9250165	+	0	0	0		83	1	391	0.0025575447570332483	350	4	1495	0.0026755852842809363
CUFF_NC.7960	4	9255016	9256153	-	0	0	0		62	0	151	0.0	224	2	646	0.0030959752321981426
CUFF_NC.7958	4	9260539	9260982	-	0	0	0		40	2	266	0.007518796992481203	81	1	377	0.002652519893899204
CUFF_NC.7966	4	9262757	9264002	+	0	0	0		76	2	554	0.0036101083032490976	298	3	1842	0.0016286644951140066
CUFF_NC.7961	4	9268234	9268963	-	0	0	0		57	1	351	0.002849002849002849	170	4	939	0.004259850905218318
CUFF_NC.7959	4	9272487	9272983	+	0	0	0		23	0	108	0.0	142	2	651	0.0030721966205837174
CUFF_NC.7965	4	9278749	9279470	-	0	0	0		22	0	125	0.0	201	4	842	0.004750593824228029
CUFF_NC.7968	4	9294153	9295106	+	0	0	0		83	0	277	0.0	206	2	596	0.003355704697986577
CUFF_NC.7969	4	9295674	9296196	+	0	0	0		31	0	118	0.0	113	0	435	0.0
CUFF_NC.7967	4	9319420	9319865	+	0	0	0		20	0	87	0.0	92	2	220	0.00909090909090909
CUFF_NC.7973	4	9334450	9335075	+	0	0	0		30	0	187	0.0	187	2	1045	0.0019138755980861245
CUFF_NC.7971	4	9354371	9355446	+	0	0	0		74	0	715	0.0	233	5	1825	0.0027397260273972603
CUFF_NC.7972	4	9367273	9368837	+	0	0	0		88	0	516	0.0	253	7	1176	0.005952380952380952
CUFF_NC.7974	4	9375548	9376079	-	0	0	0		43	3	300	0.01	127	2	828	0.0024154589371980675
CUFF_NC.7976	4	9379488	9379986	-	0	0	0		47	0	246	0.0	122	1	473	0.0021141649048625794
CUFF_NC.7978	4	9385130	9385855	-	0	0	0		27	1	136	0.007352941176470588	144	1	841	0.0011890606420927466
CUFF_NC.7975	4	9392163	9393772	+	0	0	0		61	1	248	0.004032258064516129	332	3	1243	0.002413515687851971
CUFF_NC.7979	4	9410064	9411590	-	0	0	0		57	0	249	0.0	363	6	1405	0.004270462633451958
CUFF_NC.7977	4	9420996	9422711	+	0	0	0		48	0	185	0.0	169	3	699	0.004291845493562232
CUFF_NC.7980	4	9450140	9450621	-	0	0	0		25	0	61	0.0	85	2	230	0.008695652173913044
CUFF_NC.7981	4	9464595	9465046	+	0	0	0		20	1	163	0.006134969325153374	72	0	348	0.0
CUFF_NC.7982	4	9474185	9475295	-	0	0	0		59	3	307	0.009771986970684038	259	4	851	0.004700352526439483
CUFF_NC.8226	4	9479324	9479873	-	0	0	0		14	0	20	0.0	62	0	86	0.0
CUFF_NC.8227	4	9489346	9490455	+	0	0	0		14	0	31	0.0	88	3	179	0.01675977653631285
CUFF_NC.8228	4	9490984	9492282	+	0	0	0		27	17	346	0.049132947976878616	186	8	1551	0.0051579626047711154
CUFF_NC.8229	4	9495312	9498794	+	0	0	0		112	3	591	0.005076142131979695	610	9	3120	0.0028846153846153848
CUFF_NC.8230	4	9496476	9497051	+	0	0	0		26	0	139	0.0	139	3	693	0.004329004329004329
CUFF_NC.8231	4	9500438	9503270	+	0	0	0		119	3	500	0.006	495	4	1941	0.0020607934054611026
CUFF_NC.8232	4	9507490	9512779	+	0	0	0		39	2	154	0.012987012987012988	192	1	536	0.0018656716417910447
CUFF_NC.8234	4	9520961	9522572	+	0	0	0		29	0	234	0.0	156	4	1091	0.0036663611365719525
CUFF_NC.8235	4	9526220	9528378	-	0	0	0		81	1	321	0.003115264797507788	403	1	1543	0.0006480881399870382
CUFF_NC.8049	4	9536915	9538973	+	0	0	0		4	0	31	0.0	12	0	94	0.0
CUFF_NC.8050	4	9541665	9552106	+	0	0	0		231	7	1580	0.004430379746835443	1037	14	6043	0.0023167301009432402
CUFF_NC.8051	4	9552615	9554122	+	0	0	0		130	4	1071	0.003734827264239029	421	9	3286	0.002738892270237371
CUFF_NC.7983	4	9567045	9567838	+	0	0	0		39	1	237	0.004219409282700422	179	1	971	0.0010298661174047373
CUFF_NC.7984	4	9595520	9596171	+	0	0	0		57	1	328	0.003048780487804878	146	5	754	0.006631299734748011
CUFF_NC.7985	4	9602014	9602654	-	0	0	0		38	1	389	0.002570694087403599	155	2	974	0.002053388090349076
CUFF_NC.7986	4	9605450	9605763	+	0	0	0		35	0	181	0.0	90	2	474	0.004219409282700422
CUFF_NC.7987	4	9605848	9606692	+	0	0	0		58	1	365	0.0027397260273972603	235	5	1323	0.003779289493575208
CUFF_NC.7988	4	9652470	9653473	+	0	0	0		46	3	999	0.003003003003003003	157	4	1686	0.002372479240806643
CUFF_NC.7989	4	9665046	9665992	+	0	0	0		27	0	121	0.0	173	2	664	0.0030120481927710845
CUFF_NC.7990	4	9670821	9671882	-	0	0	0		66	0	281	0.0	250	1	1051	0.0009514747859181732
CUFF_NC.7991	4	9679631	9680286	+	0	0	0		54	1	386	0.0025906735751295338	169	5	1199	0.004170141784820684
CUFF_NC.7996	4	9696316	9697182	+	0	0	0		68	1	402	0.0024875621890547263	226	3	1054	0.0028462998102466793
CUFF_NC.7992	4	9698789	9700404	-	0	0	0		98	3	340	0.008823529411764706	446	3	1506	0.00199203187250996
CUFF_NC.7993	4	9731061	9731541	-	0	0	0		18	0	85	0.0	109	2	513	0.003898635477582846
CUFF_NC.7994	4	9739553	9740580	-	0	0	0		42	0	200	0.0	253	4	956	0.0041841004184100415
CUFF_NC.8000	4	9743734	9748540	+	0	0	0		224	3	1416	0.00211864406779661	1269	20	6325	0.0031620553359683794
CUFF_NC.8001	4	9744249	9748839	+	0	0	0		197	3	1301	0.0023059185242121443	1172	18	5957	0.003021655195568239
CUFF_NC.7997	4	9749893	9750331	+	0	0	0		37	1	111	0.009009009009009009	102	2	319	0.006269592476489028
CUFF_NC.7995	4	9753009	9754159	+	0	0	0		67	0	404	0.0	176	2	838	0.002386634844868735
CUFF_NC.7998	4	9778671	9779499	+	0	0	0		38	2	327	0.0061162079510703364	183	4	714	0.0056022408963585435
CUFF_NC.7999	4	9789539	9789831	+	0	0	0		14	0	144	0.0	80	1	613	0.0016313213703099511
CUFF_NC.8002	4	9797773	9798340	-	0	0	0		6	22	36	0.6111111111111112	27	26	181	0.143646408839779
CUFF_NC.8003	4	9799107	9799903	-	0	0	0		23	0	139	0.0	157	2	876	0.00228310502283105
CUFF_NC.8004	4	9799141	9799750	+	0	0	0		20	0	107	0.0	131	2	700	0.002857142857142857
CUFF_NC.8009	4	9803714	9804759	-	0	0	0		43	0	293	0.0	243	3	1067	0.0028116213683223993
CUFF_NC.8005	4	9826229	9828069	-	0	0	0		85	2	582	0.003436426116838488	458	13	2910	0.004467353951890034
CUFF_NC.8007	4	9843106	9844060	+	0	0	0		63	1	393	0.002544529262086514	162	4	850	0.004705882352941176
CUFF_NC.8006	4	9846070	9846912	-	0	0	0		56	2	285	0.007017543859649123	217	5	1020	0.004901960784313725
CUFF_NC.8008	4	9850150	9850655	+	0	0	0		21	1	137	0.0072992700729927005	128	0	665	0.0
CUFF_NC.8011	4	9862658	9863486	+	0	0	0		61	2	410	0.004878048780487805	155	0	867	0.0
CUFF_NC.8015	4	9869827	9870738	+	0	0	0		71	1	291	0.003436426116838488	216	3	736	0.004076086956521739
CUFF_NC.8012	4	9877032	9879053	-	0	0	0		144	4	685	0.00583941605839416	581	13	2664	0.00487987987987988
CUFF_NC.8013	4	9926916	9927352	-	0	0	0		21	1	76	0.013157894736842105	115	2	496	0.004032258064516129
CUFF_NC.8017	4	9928390	9929580	-	0	0	0		53	0	283	0.0	192	3	936	0.003205128205128205
CUFF_NC.8014	4	9933929	9934774	+	0	0	0		39	2	502	0.00398406374501992	106	0	1019	0.0
CUFF_NC.8020	4	9945875	9946282	-	0	0	0		17	0	105	0.0	93	2	425	0.004705882352941176
CUFF_NC.8021	4	9946879	9947703	-	0	0	0		37	1	264	0.003787878787878788	196	3	1087	0.0027598896044158236
CUFF_NC.8016	4	9948895	9949898	+	0	0	0		40	2	308	0.006493506493506494	241	2	1750	0.001142857142857143
CUFF_NC.8019	4	9963773	9964305	+	0	0	0		24	1	181	0.0055248618784530384	112	0	468	0.0
CUFF_NC.8018	4	9964493	9964914	+	0	0	0		11	0	46	0.0	110	4	545	0.007339449541284404
CUFF_NC.8023	4	9965757	9966541	-	0	0	0		36	1	252	0.003968253968253968	104	2	481	0.004158004158004158
CUFF_NC.8022	4	9968739	9969188	+	0	0	0		28	0	75	0.0	121	2	255	0.00784313725490196
CUFF_NC.8024	4	9987738	9988226	-	0	0	0		23	100	263	0.38022813688212925	133	66	1323	0.049886621315192746
CUFF_NC.8025	4	10009564	10012099	+	0	0	0		70	115	549	0.20947176684881602	586	671	4303	0.1559377178712526
CUFF_NC.8026	4	10012829	10013441	+	0	0	0		28	0	130	0.0	117	1	432	0.0023148148148148147
CUFF_NC.8027	4	10062053	10062753	-	0	0	0		28	0	99	0.0	178	2	689	0.002902757619738752
CUFF_NC.8029	4	10089099	10090377	+	0	0	0		57	0	281	0.0	219	3	939	0.003194888178913738
CUFF_NC.8028	4	10091256	10092384	+	0	0	0		64	0	237	0.0	295	6	1105	0.005429864253393665
CUFF_NC.8030	4	10103932	10104536	-	0	0	0		36	0	110	0.0	160	3	380	0.007894736842105263
CUFF_NC.8031	4	10142346	10144022	-	0	0	0		138	2	540	0.003703703703703704	364	7	1757	0.00398406374501992
CUFF_NC.8033	4	10152744	10153025	-	0	0	0		19	1	300	0.0033333333333333335	63	0	774	0.0
CUFF_NC.8035	4	10163197	10164611	+	0	0	0		103	3	431	0.0069605568445475635	298	1	1078	0.0009276437847866419
CUFF_NC.8032	4	10171574	10172181	-	0	0	0		8	11	36	0.3055555555555556	43	7	110	0.06363636363636363
CUFF_NC.8036	4	10175455	10176669	+	0	0	0		43	1	327	0.0030581039755351682	285	8	1736	0.004608294930875576
CUFF_NC.8037	4	10177987	10178951	+	0	0	0		43	39	382	0.10209424083769633	205	31	1268	0.02444794952681388
CUFF_NC.8038	4	10180046	10180534	-	0	0	0		20	1	47	0.02127659574468085	85	0	271	0.0
CUFF_NC.8040	4	10180270	10180909	+	0	0	0		19	7	43	0.16279069767441862	50	0	80	0.0
CUFF_NC.8039	4	10181678	10182299	+	0	0	0		16	0	74	0.0	182	2	812	0.0024630541871921183
CUFF_NC.8041	4	10183636	10184687	+	0	0	0		42	0	244	0.0	185	2	1005	0.001990049751243781
CUFF_NC.8042	4	10209955	10210462	+	0	0	0		6	0	13	0.0	32	0	63	0.0
CUFF_NC.8043	4	10210992	10211506	+	0	0	0		11	0	51	0.0	114	3	470	0.006382978723404255
CUFF_NC.8044	4	10215776	10216546	+	0	0	0		33	1	251	0.00398406374501992	144	3	713	0.004207573632538569
CUFF_NC.8065	4	10236174	10238653	-	0	0	0		80	0	422	0.0	340	2	1103	0.001813236627379873
CUFF_NC.8066	4	10237451	10237990	-	0	0	0		7	0	7	0.0	52	0	66	0.0
CUFF_NC.8064	4	10245726	10246186	+	0	0	0		41	1	184	0.005434782608695652	122	3	515	0.005825242718446602
CUFF_NC.8045	4	10257001	10258026	-	0	0	0		72	0	353	0.0	270	7	1357	0.005158437730287398
CUFF_NC.8047	4	10259655	10260056	-	0	0	0		7	0	65	0.0	46	1	419	0.002386634844868735
CUFF_NC.8048	4	10263987	10264545	+	0	0	0		29	1	97	0.010309278350515464	71	0	251	0.0
CUFF_NC.8052	4	10268091	10269160	+	0	0	0		39	1	230	0.004347826086956522	258	3	1243	0.002413515687851971
CUFF_NC.8046	4	10281186	10281767	-	0	0	0		33	0	163	0.0	123	1	401	0.0024937655860349127
CUFF_NC.8054	4	10282567	10283685	-	0	0	0		38	1	242	0.004132231404958678	283	6	1796	0.0033407572383073497
CUFF_NC.8053	4	10287381	10287700	+	0	0	0		7	1	25	0.04	42	0	154	0.0
CUFF_NC.8055	4	10287966	10288680	-	0	0	0		11	0	35	0.0	90	0	337	0.0
CUFF_NC.8057	4	10298595	10301405	-	0	0	0		108	2	700	0.002857142857142857	521	9	2392	0.003762541806020067
CUFF_NC.8059	4	10303606	10304260	+	0	0	0		31	1	245	0.004081632653061225	171	3	1118	0.0026833631484794273
CUFF_NC.8056	4	10311079	10312519	-	0	0	0		43	0	435	0.0	273	6	2033	0.002951303492375799
CUFF_NC.8058	4	10321997	10324759	+	0	0	0		161	3	1293	0.002320185614849188	629	9	3479	0.0025869502730669733
CUFF_NC.8060	4	10327410	10329674	-	0	0	0		66	89	482	0.18464730290456433	473	130	2926	0.04442925495557074
CUFF_NC.8062	4	10342032	10342563	-	0	0	0		28	0	162	0.0	127	0	822	0.0
CUFF_NC.8061	4	10345190	10345655	-	0	0	0		7	0	11	0.0	30	0	53	0.0
CUFF_NC.8063	4	10354436	10355507	-	0	0	0		50	0	361	0.0	264	2	1469	0.0013614703880190605
CUFF_NC.8067	4	10370488	10371278	-	0	0	0		43	1	180	0.005555555555555556	175	1	701	0.0014265335235378032
CUFF_NC.8068	4	10374938	10375564	-	0	0	0		29	0	232	0.0	128	2	740	0.002702702702702703
CUFF_NC.8069	4	10398985	10399464	-	0	0	0		20	0	153	0.0	99	0	808	0.0
CUFF_NC.8070	4	10410134	10410450	+	0	0	0		14	0	89	0.0	67	3	395	0.007594936708860759
CUFF_NC.8075	4	10415351	10416001	-	0	0	0		34	2	350	0.005714285714285714	127	1	1027	0.0009737098344693282
CUFF_NC.8088	4	10427167	10432443	+	0	0	0		121	3	555	0.005405405405405406	814	26	3473	0.007486323063633746
CUFF_NC.8074	4	10440770	10441563	+	0	0	0		48	2	352	0.005681818181818182	202	2	1249	0.0016012810248198558
CUFF_NC.8071	4	10445163	10445946	+	0	0	0		45	1	510	0.00196078431372549	160	4	1543	0.002592352559948153
CUFF_NC.8087	4	10458917	10463296	+	0	0	0		204	2	1133	0.00176522506619594	882	12	4125	0.002909090909090909
CUFF_NC.8072	4	10464829	10465366	+	0	0	0		11	0	56	0.0	108	2	442	0.004524886877828055
CUFF_NC.8073	4	10468256	10468535	+	0	0	0		21	0	51	0.0	62	0	143	0.0
CUFF_NC.8076	4	10469655	10470138	-	0	0	0		29	0	151	0.0	100	0	452	0.0
CUFF_NC.8077	4	10472127	10472543	+	0	0	0		22	1	170	0.0058823529411764705	106	0	682	0.0
CUFF_NC.8078	4	10481632	10483879	-	0	0	0		129	1	606	0.0016501650165016502	346	1	1287	0.000777000777000777
CUFF_NC.8079	4	10485124	10486836	+	0	0	0		111	1	540	0.001851851851851852	426	7	1833	0.0038188761593016913
CUFF_NC.8086	4	10491809	10492764	+	0	0	0		66	376	624	0.6025641025641025	221	514	2108	0.24383301707779886
CUFF_NC.8084	4	10496836	10497133	-	0	0	0		16	0	71	0.0	34	0	127	0.0
CUFF_NC.8085	4	10497373	10498120	-	0	0	0		52	1	319	0.003134796238244514	200	2	871	0.002296211251435132
CUFF_NC.8080	4	10507760	10508180	+	0	0	0		29	0	161	0.0	94	1	430	0.002325581395348837
CUFF_NC.8083	4	10521533	10522030	-	0	0	0		36	0	231	0.0	131	3	711	0.004219409282700422
CUFF_NC.8081	4	10528385	10529088	+	0	0	0		55	227	449	0.5055679287305123	196	254	1521	0.16699539776462854
CUFF_NC.8082	4	10537767	10539611	+	0	0	0		31	198	284	0.6971830985915493	57	183	593	0.3086003372681282
CUFF_NC.8090	4	10598590	10599134	+	0	0	0		17	0	75	0.0	107	0	414	0.0
CUFF_NC.8092	4	10606319	10606870	-	0	0	0		31	0	119	0.0	110	0	356	0.0
CUFF_NC.8100	4	10621077	10621531	-	0	0	0		13	0	26	0.0	58	0	114	0.0
CUFF_NC.8094	4	10640694	10641192	+	0	0	0		16	2	137	0.014598540145985401	106	1	808	0.0012376237623762376
CUFF_NC.8095	4	10646590	10647055	+	0	0	0		30	1	124	0.008064516129032258	129	1	524	0.0019083969465648854
CUFF_NC.8093	4	10648601	10649237	-	0	0	0		20	91	278	0.3273381294964029	158	282	1652	0.17070217917675545
CUFF_NC.8101	4	10651648	10652472	-	0	0	0		47	3	303	0.009900990099009901	233	4	1228	0.003257328990228013
CUFF_NC.8102	4	10654550	10655453	-	0	0	0		50	0	206	0.0	248	4	930	0.004301075268817204
CUFF_NC.8103	4	10655665	10657797	-	0	0	0		113	0	555	0.0	417	4	1972	0.002028397565922921
CUFF_NC.8104	4	10666019	10666942	-	0	0	0		77	1	589	0.001697792869269949	254	5	1272	0.003930817610062893
CUFF_NC.8096	4	10682108	10683077	+	0	0	0		19	1	87	0.011494252873563218	136	3	820	0.003658536585365854
CUFF_NC.8097	4	10703313	10704724	-	0	0	0		57	0	250	0.0	310	4	1244	0.003215434083601286
CUFF_NC.8098	4	10713577	10714980	+	0	0	0		58	0	296	0.0	185	2	804	0.0024875621890547263
CUFF_NC.8099	4	10739391	10740008	+	0	0	0		40	0	109	0.0	147	1	467	0.0021413276231263384
CUFF_NC.8110	4	10765503	10768712	+	0	0	0		92	2	475	0.004210526315789474	474	5	2010	0.0024875621890547263
CUFF_NC.8112	4	10770067	10770850	-	0	0	0		21	23	138	0.16666666666666666	158	19	727	0.026134800550206328
CUFF_NC.8111	4	10771803	10772874	+	0	0	0		53	1	221	0.004524886877828055	225	1	941	0.0010626992561105207
CUFF_NC.8109	4	10775110	10775812	-	0	0	0		15	0	64	0.0	114	3	457	0.006564551422319475
CUFF_NC.8107	4	10790335	10791406	+	0	0	0		58	0	657	0.0	189	3	1372	0.002186588921282799
CUFF_NC.8105	4	10811262	10811897	-	0	0	0		22	0	87	0.0	151	1	478	0.0020920502092050207
CUFF_NC.8106	4	10828099	10828813	+	0	0	0		27	0	71	0.0	126	2	479	0.0041753653444676405
CUFF_NC.8113	4	10833782	10834735	-	0	0	0		62	3	509	0.005893909626719057	197	4	1310	0.0030534351145038168
CUFF_NC.8108	4	10851750	10852061	+	0	0	0		13	1	100	0.01	58	1	351	0.002849002849002849
CUFF_NC.8114	4	10861163	10861764	-	0	0	0		25	2	206	0.009708737864077669	145	2	722	0.002770083102493075
CUFF_NC.8116	4	10883796	10885894	-	0	0	0		150	3	804	0.0037313432835820895	511	7	2492	0.0028089887640449437
CUFF_NC.8115	4	10896521	10897959	-	0	0	0		64	0	388	0.0	246	3	1233	0.0024330900243309003
CUFF_NC.8118	4	10944750	10946147	-	0	0	0		52	0	256	0.0	330	4	1529	0.002616088947024199
CUFF_NC.8119	4	10960566	10960984	-	0	0	0		0	0	0		22	46	382	0.12041884816753927
CUFF_NC.8126	4	10984738	10992149	-	0	0	0		319	4	2100	0.0019047619047619048	1278	26	7047	0.0036895132680573295
CUFF_NC.8127	4	10986621	10987389	-	0	0	0		49	0	321	0.0	187	4	1180	0.003389830508474576
CUFF_NC.8128	4	10988743	10989698	-	0	0	0		26	0	80	0.0	109	1	368	0.002717391304347826
CUFF_NC.8124	4	10992316	10998051	-	0	0	0		37	3	105	0.02857142857142857	161	10	428	0.02336448598130841
CUFF_NC.8120	4	10999260	10999967	+	0	0	0		5	0	28	0.0	131	12	678	0.017699115044247787
CUFF_NC.8121	4	11000925	11001958	+	0	0	0		48	0	209	0.0	281	3	935	0.0032085561497326204
CUFF_NC.8122	4	11007383	11007945	-	0	0	0		12	0	17	0.0	40	0	144	0.0
CUFF_NC.8123	4	11022642	11023590	+	0	0	0		93	1	204	0.004901960784313725	235	5	588	0.008503401360544218
CUFF_NC.8129	4	11035266	11035898	+	0	0	0		47	1	183	0.00546448087431694	139	4	549	0.007285974499089253
CUFF_NC.8125	4	11080476	11081618	-	0	0	0		11	7	11	0.6363636363636364	29	22	42	0.5238095238095238
CUFF_NC.8130	4	11109678	11117264	+	0	0	0		207	97	828	0.11714975845410629	548	110	2014	0.05461767626613704
CUFF_NC.8131	4	11116612	11117212	-	0	0	0		5	0	27	0.0	26	0	122	0.0
CUFF_NC.8134	4	11127497	11128117	-	0	0	0		29	1	234	0.004273504273504274	148	3	840	0.0035714285714285713
CUFF_NC.8133	4	11133251	11134073	+	0	0	0		40	1	157	0.006369426751592357	174	0	473	0.0
CUFF_NC.8132	4	11137492	11139358	-	0	0	0		27	237	346	0.684971098265896	171	755	2026	0.37265547877591315
CUFF_NC.8137	4	11149213	11149710	+	0	0	0		15	1	145	0.006896551724137931	93	2	821	0.00243605359317905
CUFF_NC.8140	4	11157862	11159093	-	0	0	0		66	0	415	0.0	199	4	995	0.004020100502512563
CUFF_NC.8135	4	11170454	11171433	-	0	0	0		37	14	258	0.05426356589147287	224	180	1286	0.13996889580093314
CUFF_NC.8136	4	11171245	11171966	+	0	0	0		17	0	134	0.0	171	3	1013	0.0029615004935834156
CUFF_NC.8141	4	11173807	11174264	-	0	0	0		25	0	199	0.0	109	2	658	0.00303951367781155
CUFF_NC.8138	4	11177205	11178008	+	0	0	0		20	0	102	0.0	180	3	812	0.003694581280788177
CUFF_NC.8139	4	11178190	11178890	-	0	0	0		5	0	17	0.0	186	3	1082	0.0027726432532347504
CUFF_NC.8147	4	11193701	11194283	+	0	0	0		36	0	197	0.0	151	4	695	0.0057553956834532375
CUFF_NC.8143	4	11206341	11208882	-	0	0	0		61	0	197	0.0	254	6	852	0.007042253521126761
CUFF_NC.8142	4	11222083	11222589	-	0	0	0		19	1	121	0.008264462809917356	112	0	669	0.0
CUFF_NC.8148	4	11244674	11246561	-	0	0	0		128	1	737	0.0013568521031207597	451	7	2574	0.0027195027195027195
CUFF_NC.8145	4	11253195	11257203	+	0	0	0		131	6	778	0.007712082262210797	951	17	5101	0.0033326798666928055
CUFF_NC.8146	4	11254545	11255294	+	0	0	0		44	3	222	0.013513513513513514	225	6	1048	0.0057251908396946565
CUFF_NC.8144	4	11270064	11270757	-	0	0	0		41	0	198	0.0	123	0	571	0.0
CUFF_NC.8149	4	11297273	11297788	+	0	0	0		17	0	153	0.0	130	2	636	0.0031446540880503146
CUFF_NC.8151	4	11306846	11307475	-	0	0	0		41	0	187	0.0	71	2	306	0.006535947712418301
CUFF_NC.8152	4	11319174	11319583	+	0	0	0		32	3	192	0.015625	108	1	567	0.001763668430335097
CUFF_NC.8150	4	11324895	11325746	-	0	0	0		47	1	232	0.004310344827586207	265	3	1232	0.002435064935064935
CUFF_NC.8153	4	11339388	11339846	+	0	0	0		35	0	157	0.0	123	1	573	0.0017452006980802793
CUFF_NC.8159	4	11355796	11357574	+	0	0	0		85	3	619	0.004846526655896607	324	3	1672	0.0017942583732057417
CUFF_NC.8154	4	11358047	11360938	+	0	0	0		61	1	388	0.002577319587628866	543	15	3206	0.004678727386150967
CUFF_NC.8157	4	11363449	11364441	+	0	0	0		48	376	502	0.749003984063745	204	497	1747	0.28448769318832284
CUFF_NC.8158	4	11368180	11368653	+	0	0	0		17	79	119	0.6638655462184874	89	206	619	0.33279483037156704
CUFF_NC.8156	4	11382156	11383376	+	0	0	0		30	0	195	0.0	264	5	1286	0.0038880248833592537
CUFF_NC.8162	4	11386242	11393214	+	0	0	0		305	8	1818	0.0044004400440044	1648	17	8465	0.002008269344359126
CUFF_NC.8163	4	11391961	11392327	+	0	0	0		21	0	94	0.0	88	0	348	0.0
CUFF_NC.8164	4	11424804	11425613	-	0	0	0		30	1	132	0.007575757575757576	180	4	736	0.005434782608695652
CUFF_NC.8165	4	11425808	11431297	-	0	0	0		308	4	2124	0.0018832391713747645	1229	10	7064	0.0014156285390713476
CUFF_NC.8160	4	11440962	11441926	+	0	0	0		44	1	397	0.0025188916876574307	133	1	834	0.001199040767386091
CUFF_NC.8170	4	11479639	11480059	-	0	0	0		21	1	151	0.006622516556291391	93	1	544	0.001838235294117647
CUFF_NC.8168	4	11482241	11482642	-	0	0	0		23	1	148	0.006756756756756757	96	2	557	0.003590664272890485
CUFF_NC.8169	4	11487482	11487890	-	0	0	0		15	1	93	0.010752688172043012	104	0	598	0.0
CUFF_NC.8171	4	11526911	11528280	-	0	0	0		50	1	234	0.004273504273504274	295	8	1341	0.005965697240865026
CUFF_NC.8172	4	11545624	11546571	-	0	0	0		24	0	116	0.0	105	1	299	0.0033444816053511705
CUFF_NC.8173	4	11566946	11567791	-	0	0	0		34	1	191	0.005235602094240838	188	1	918	0.0010893246187363835
CUFF_NC.8174	4	11569530	11570179	-	0	0	0		32	0	157	0.0	171	1	727	0.001375515818431912
CUFF_NC.8176	4	11587798	11588227	+	0	0	0		36	1	219	0.0045662100456621	90	3	479	0.006263048016701462
CUFF_NC.8175	4	11589817	11590270	+	0	0	0		12	0	47	0.0	97	2	356	0.0056179775280898875
CUFF_NC.8177	4	11591517	11592474	+	0	0	0		49	1	390	0.002564102564102564	191	4	1183	0.0033812341504649195
CUFF_NC.8178	4	11602127	11602733	-	0	0	0		13	1	49	0.02040816326530612	82	1	322	0.003105590062111801
CUFF_NC.8185	4	11611389	11612756	+	0	0	0		100	1	500	0.002	370	2	1716	0.0011655011655011655
CUFF_NC.8186	4	11613150	11614978	+	0	0	0		87	3	384	0.0078125	429	7	1778	0.003937007874015748
CUFF_NC.8182	4	11617034	11617513	+	0	0	0		30	1	191	0.005235602094240838	104	5	522	0.009578544061302681
CUFF_NC.8190	4	11623346	11624191	+	0	0	0		43	1	180	0.005555555555555556	183	2	772	0.0025906735751295338
CUFF_NC.8179	4	11635973	11636807	+	0	0	0		27	0	217	0.0	122	2	941	0.0021253985122210413
CUFF_NC.8184	4	11640703	11641311	-	0	0	0		20	0	138	0.0	119	4	695	0.0057553956834532375
CUFF_NC.8180	4	11644027	11644558	-	0	0	0		29	0	204	0.0	128	0	703	0.0
CUFF_NC.8183	4	11647261	11648665	+	0	0	0		70	0	287	0.0	304	4	1170	0.003418803418803419
CUFF_NC.8181	4	11653378	11654051	-	0	0	0		38	1	188	0.005319148936170213	197	1	817	0.0012239902080783353
CUFF_NC.8189	4	11657224	11659142	+	0	0	0		92	0	602	0.0	438	7	2123	0.003297220913801225
CUFF_NC.8187	4	11659598	11660209	+	0	0	0		19	1	492	0.0020325203252032522	48	3	1139	0.0026338893766461808
CUFF_NC.8188	4	11663174	11663778	-	0	0	0		29	0	134	0.0	161	2	631	0.003169572107765452
CUFF_NC.8191	4	11670949	11672041	+	0	0	0		58	1	398	0.002512562814070352	257	1	1399	0.0007147962830593281
CUFF_NC.8192	4	11699820	11700427	+	0	0	0		33	1	161	0.006211180124223602	152	4	570	0.007017543859649123
CUFF_NC.8194	4	11702267	11705979	+	0	0	0		173	4	909	0.0044004400440044	755	9	3618	0.0024875621890547263
CUFF_NC.8195	4	11733042	11733983	-	0	0	0		61	1	264	0.003787878787878788	210	3	844	0.0035545023696682463
CUFF_NC.8199	4	11746967	11748491	+	0	0	0		92	2	519	0.0038535645472061657	369	4	1787	0.002238388360380526
CUFF_NC.8200	4	11749413	11750322	+	0	0	0		50	4	317	0.012618296529968454	216	1	1317	0.0007593014426727411
CUFF_NC.8196	4	11757369	11757923	-	0	0	0		38	1	265	0.0037735849056603774	155	30	1087	0.027598896044158234
CUFF_NC.8198	4	11761860	11764250	-	0	0	0		87	2	419	0.00477326968973747	526	10	2379	0.004203446826397646
CUFF_NC.8197	4	11767534	11768611	+	0	0	0		57	0	271	0.0	151	4	595	0.0067226890756302525
CUFF_NC.8203	4	11773175	11773972	-	0	0	0		37	1	252	0.003968253968253968	154	1	746	0.0013404825737265416
CUFF_NC.8204	4	11777213	11782169	+	0	0	0		76	3	471	0.006369426751592357	377	7	1719	0.004072134962187318
CUFF_NC.8205	4	11778855	11779893	+	0	0	0		32	0	216	0.0	127	4	549	0.007285974499089253
CUFF_NC.8201	4	11783012	11783474	+	0	0	0		36	0	236	0.0	124	0	645	0.0
CUFF_NC.8209	4	11803789	11806084	+	0	0	0		88	2	583	0.003430531732418525	410	7	2490	0.002811244979919679
CUFF_NC.8202	4	11834674	11837708	-	0	0	0		47	141	224	0.6294642857142857	147	98	751	0.13049267643142476
CUFF_NC.8214	4	11859207	11860467	+	0	0	0		86	2	447	0.0044742729306487695	272	4	1042	0.003838771593090211
CUFF_NC.8215	4	11863608	11864187	+	0	0	0		33	1	157	0.006369426751592357	144	0	635	0.0
CUFF_NC.8206	4	11868750	11870194	-	0	0	0		31	0	140	0.0	299	54	1351	0.03997039230199852
CUFF_NC.8216	4	11877918	11879221	+	0	0	0		50	0	413	0.0	226	6	1116	0.005376344086021506
CUFF_NC.8207	4	11880015	11881075	-	0	0	0		51	0	150	0.0	135	9	571	0.01576182136602452
CUFF_NC.8208	4	11891730	11893976	+	0	0	0		59	4	413	0.009685230024213076	482	15	3403	0.004407875404055245
CUFF_NC.8211	4	11917045	11917593	-	0	0	0		26	1	141	0.0070921985815602835	130	7	638	0.0109717868338558
CUFF_NC.8212	4	11919983	11920343	-	0	0	0		40	0	125	0.0	73	0	171	0.0
CUFF_NC.8210	4	11929816	11936628	-	0	0	0		169	6	706	0.0084985835694051	954	38	3409	0.011146963919037842
CUFF_NC.8213	4	11946256	11946729	-	0	0	0		15	100	150	0.6666666666666666	115	260	1084	0.23985239852398524
CUFF_NC.8220	4	11958397	11959281	-	0	0	0		61	65	469	0.13859275053304904	191	70	1239	0.05649717514124294
CUFF_NC.8221	4	11961613	11962899	-	0	0	0		93	2	455	0.004395604395604396	306	3	1103	0.0027198549410698096
CUFF_NC.8217	4	11964868	11966643	+	0	0	0		75	0	389	0.0	346	7	1671	0.004189108318372232
CUFF_NC.8218	4	11968498	11969754	+	0	0	0		62	1	321	0.003115264797507788	271	3	1138	0.0026362038664323375
CUFF_NC.8219	4	11971286	11971924	+	0	0	0		24	0	59	0.0	82	0	146	0.0
CUFF_NC.8222	4	11977045	11977467	-	0	0	0		7	0	59	0.0	102	4	591	0.00676818950930626
CUFF_NC.8223	4	11987363	11988384	+	0	0	0		53	0	226	0.0	232	5	819	0.006105006105006105
CUFF_NC.8225	4	11990499	11991472	+	0	0	0		63	1	263	0.0038022813688212928	218	5	811	0.006165228113440197
CUFF_NC.8224	4	12005247	12006183	+	0	0	0		42	2	362	0.0055248618784530384	241	5	1517	0.0032959789057350032
CUFF_NC.8238	4	12043959	12045989	+	0	0	0		114	1	870	0.0011494252873563218	430	10	2723	0.003672420124862284
CUFF_NC.8240	4	12058402	12059078	-	0	0	0		59	0	455	0.0	181	4	1241	0.0032232070910556
CUFF_NC.8236	4	12106436	12110579	+	0	0	0		113	2	572	0.0034965034965034965	688	18	2900	0.006206896551724138
CUFF_NC.8237	4	12117610	12118223	+	0	0	0		24	1	95	0.010526315789473684	147	1	584	0.0017123287671232876
CUFF_NC.8249	4	12120341	12120996	-	0	0	0		40	2	233	0.008583690987124463	151	1	624	0.0016025641025641025
CUFF_NC.8250	4	12121341	12126131	-	0	0	0		153	101	999	0.1011011011011011	645	161	3899	0.04129263913824058
CUFF_NC.8251	4	12121805	12122290	-	0	0	0		35	0	125	0.0	90	4	301	0.013289036544850499
CUFF_NC.8252	4	12122609	12133428	-	0	0	0		403	268	2248	0.11921708185053381	1693	400	8445	0.047365304914150384
CUFF_NC.8253	4	12125651	12138967	-	0	0	0		610	202	3600	0.05611111111111111	2506	392	13281	0.02951584971011219
CUFF_NC.8239	4	12150644	12151389	+	0	0	0		24	0	51	0.0	55	0	127	0.0
CUFF_NC.8256	4	12154719	12168400	+	0	0	0		401	5	2072	0.002413127413127413	1781	18	8322	0.0021629416005767843
CUFF_NC.8257	4	12160539	12167826	+	0	0	0		366	5	1914	0.002612330198537095	1631	16	7700	0.002077922077922078
CUFF_NC.8258	4	12164130	12164781	+	0	0	0		38	0	234	0.0	152	1	1012	0.0009881422924901185
CUFF_NC.8241	4	12180297	12180922	+	0	0	0		36	0	88	0.0	170	0	445	0.0
CUFF_NC.8242	4	12181716	12183077	-	0	0	0		98	1	426	0.002347417840375587	294	4	1317	0.0030372057706909645
CUFF_NC.8243	4	12238161	12239246	-	0	0	0		55	4	521	0.007677543186180422	220	2	1300	0.0015384615384615385
CUFF_NC.8245	4	12244887	12245241	+	0	0	0		37	0	88	0.0	90	0	196	0.0
CUFF_NC.8246	4	12252883	12253819	+	0	0	0		43	0	294	0.0	161	3	892	0.0033632286995515697
CUFF_NC.8244	4	12261644	12262165	-	0	0	0		15	147	224	0.65625	112	256	1222	0.20949263502454993
CUFF_NC.8247	4	12264371	12265271	-	0	0	0		39	0	193	0.0	122	2	630	0.0031746031746031746
CUFF_NC.8248	4	12266473	12266998	-	0	0	0		54	2	224	0.008928571428571428	90	2	335	0.005970149253731343
CUFF_NC.8255	4	12316986	12318304	-	0	0	0		63	1	374	0.00267379679144385	270	6	1691	0.0035481963335304554
CUFF_NC.8263	4	12326849	12327633	+	0	0	0		49	1	189	0.005291005291005291	158	1	557	0.0017953321364452424
CUFF_NC.8264	4	12331453	12332250	+	0	0	0		41	0	148	0.0	184	0	550	0.0
CUFF_NC.8261	4	12332716	12336685	+	0	0	0		137	76	697	0.10903873744619799	787	153	4013	0.038126090206827806
CUFF_NC.8262	4	12333228	12337470	+	0	0	0		140	75	720	0.10416666666666667	864	153	4323	0.03539208882720333
CUFF_NC.8259	4	12355303	12355729	-	0	0	0		12	0	84	0.0	96	0	518	0.0
CUFF_NC.8265	4	12364677	12364987	-	0	0	0		20	1	99	0.010101010101010102	89	1	370	0.002702702702702703
CUFF_NC.8269	4	12392825	12393250	+	0	0	0		28	1	143	0.006993006993006993	103	0	485	0.0
CUFF_NC.8271	4	12410401	12410912	-	0	0	0		72	3	494	0.006072874493927126	106	2	582	0.003436426116838488
CUFF_NC.8266	4	12414041	12415018	-	0	0	0		35	1	209	0.004784688995215311	224	3	1189	0.002523128679562658
CUFF_NC.8268	4	12415823	12416845	+	0	0	0		43	4	449	0.008908685968819599	221	3	1505	0.0019933554817275745
CUFF_NC.8267	4	12418086	12419158	-	0	0	0		35	0	186	0.0	200	1	617	0.0016207455429497568
CUFF_NC.8280	4	12425060	12425316	-	0	0	0		30	0	135	0.0	66	2	252	0.007936507936507936
CUFF_NC.8281	4	12427314	12429538	-	0	0	0		155	4	967	0.004136504653567736	530	2	2848	0.0007022471910112359
CUFF_NC.8270	4	12434039	12434624	-	0	0	0		27	21	192	0.109375	137	8	896	0.008928571428571428
CUFF_NC.8277	4	12441330	12442383	-	0	0	0		57	4	476	0.008403361344537815	248	1	1696	0.0005896226415094339
CUFF_NC.8294	4	12456505	12462664	-	0	0	0		214	3	1025	0.002926829268292683	1367	24	5639	0.00425607377194538
CUFF_NC.8295	4	12461983	12467026	-	0	0	0		192	1	1035	0.000966183574879227	1245	21	5773	0.003637623419366014
CUFF_NC.8296	4	12464900	12469626	-	0	0	0		192	0	1058	0.0	1151	19	5309	0.003578828404595969
CUFF_NC.8275	4	12479516	12480511	-	0	0	0		43	1	215	0.004651162790697674	203	4	823	0.004860267314702308
CUFF_NC.8272	4	12487221	12487700	+	0	0	0		13	0	68	0.0	120	4	684	0.005847953216374269
CUFF_NC.8273	4	12501183	12501589	-	0	0	0		11	0	80	0.0	104	2	503	0.003976143141153081
CUFF_NC.8274	4	12501476	12501897	+	0	0	0		24	0	125	0.0	90	0	413	0.0
CUFF_NC.8276	4	12504410	12505577	-	0	0	0		60	2	276	0.007246376811594203	331	7	1396	0.00501432664756447
CUFF_NC.8279	4	12526382	12527110	-	0	0	0		53	0	169	0.0	176	1	526	0.0019011406844106464
CUFF_NC.8278	4	12532297	12532711	+	0	0	0		23	0	158	0.0	114	1	588	0.0017006802721088435
CUFF_NC.8283	4	12546374	12547474	-	0	0	0		50	1	391	0.0025575447570332483	241	5	1383	0.0036153289949385392
CUFF_NC.8282	4	12556191	12556912	+	0	0	0		15	0	27	0.0	137	1	322	0.003105590062111801
CUFF_NC.8284	4	12563219	12564362	-	0	0	0		55	1	245	0.004081632653061225	249	10	976	0.010245901639344262
CUFF_NC.8285	4	12569745	12571431	-	0	0	0		86	539	832	0.6478365384615384	329	538	3133	0.17172039578678583
CUFF_NC.8286	4	12571616	12572394	-	0	0	0		51	0	198	0.0	129	1	598	0.0016722408026755853
CUFF_NC.8289	4	12577840	12579527	+	0	0	0		142	3	722	0.004155124653739612	429	6	2235	0.0026845637583892616
CUFF_NC.8290	4	12579615	12580309	+	0	0	0		34	1	186	0.005376344086021506	186	2	714	0.0028011204481792717
CUFF_NC.8288	4	12582760	12583102	+	0	0	0		32	3	462	0.006493506493506494	61	2	756	0.0026455026455026454
CUFF_NC.8287	4	12592974	12593586	-	0	0	0		34	1	357	0.0028011204481792717	144	3	936	0.003205128205128205
CUFF_NC.8291	4	12594035	12594472	-	0	0	0		17	0	168	0.0	106	1	807	0.0012391573729863693
CUFF_NC.8292	4	12597234	12597914	-	0	0	0		46	0	290	0.0	146	2	950	0.002105263157894737
CUFF_NC.8293	4	12607433	12610385	-	0	0	0		104	2	777	0.002574002574002574	519	6	2672	0.002245508982035928
CUFF_NC.8298	4	12625750	12629453	-	0	0	0		132	15	840	0.017857142857142856	821	102	4562	0.02235861464270057
CUFF_NC.8299	4	12666698	12667322	+	0	0	0		35	0	129	0.0	134	2	372	0.005376344086021506
CUFF_NC.8300	4	12686351	12687295	-	0	0	0		52	0	265	0.0	143	2	717	0.002789400278940028
CUFF_NC.8301	4	12716612	12717279	-	0	0	0		54	0	262	0.0	200	2	799	0.0025031289111389237
CUFF_NC.8302	4	12728354	12728828	+	0	0	0		36	1	179	0.00558659217877095	146	3	675	0.0044444444444444444
CUFF_NC.8304	4	12738047	12739971	-	0	0	0		167	6	1281	0.00468384074941452	505	8	2975	0.002689075630252101
CUFF_NC.8303	4	12744781	12745399	+	0	0	0		32	1	168	0.005952380952380952	130	3	711	0.004219409282700422
CUFF_NC.8305	4	12792930	12793384	+	0	0	0		38	0	144	0.0	122	1	431	0.002320185614849188
CUFF_NC.8310	4	12796336	12797910	+	0	0	0		126	3	663	0.004524886877828055	387	6	1652	0.0036319612590799033
CUFF_NC.8321	4	12821383	12822510	+	0	0	0		30	2	386	0.0051813471502590676	188	3	1189	0.002523128679562658
CUFF_NC.8306	4	12826496	12826980	-	0	0	0		10	0	48	0.0	132	3	657	0.0045662100456621
CUFF_NC.8311	4	12834839	12835768	-	0	0	0		43	0	268	0.0	229	7	1063	0.00658513640639699
CUFF_NC.8307	4	12841060	12845292	-	0	0	0		123	17	735	0.02312925170068027	916	82	4662	0.01758901758901759
CUFF_NC.8308	4	12841292	12841970	-	0	0	0		21	0	78	0.0	157	2	493	0.004056795131845842
CUFF_NC.8309	4	12853117	12853591	+	0	0	0		38	1	299	0.0033444816053511705	88	0	547	0.0
CUFF_NC.8314	4	12855918	12856620	+	0	0	0		22	1	190	0.005263157894736842	170	3	1292	0.0023219814241486067
CUFF_NC.8312	4	12857638	12858385	+	0	0	0		21	0	66	0.0	165	5	623	0.008025682182985553
CUFF_NC.8313	4	12860701	12861598	+	0	0	0		58	2	501	0.003992015968063872	166	4	1107	0.0036133694670280035
CUFF_NC.8319	4	12876966	12877570	-	0	0	0		50	1	225	0.0044444444444444444	108	3	444	0.006756756756756757
CUFF_NC.8318	4	12883034	12883651	+	0	0	0		46	1	328	0.003048780487804878	148	1	898	0.0011135857461024498
CUFF_NC.8315	4	12889478	12890333	+	0	0	0		40	1	158	0.006329113924050633	195	2	783	0.002554278416347382
CUFF_NC.8316	4	12918299	12919602	-	0	0	0		100	14	708	0.01977401129943503	287	25	1901	0.013150973172014729
CUFF_NC.8317	4	12921362	12922649	-	0	0	0		106	0	357	0.0	275	3	779	0.0038510911424903724
CUFF_NC.8325	4	12937040	12939096	+	0	0	0		104	2	529	0.003780718336483932	503	13	1989	0.006535947712418301
CUFF_NC.8320	4	12975863	12976587	+	0	0	0		32	0	133	0.0	146	3	458	0.006550218340611353
CUFF_NC.8324	4	12978228	12979086	-	0	0	0		35	0	359	0.0	151	2	882	0.0022675736961451248
CUFF_NC.8323	4	12991872	12992488	+	0	0	0		37	0	175	0.0	168	4	745	0.005369127516778523
CUFF_NC.8322	4	12999713	13000254	-	0	0	0		36	0	207	0.0	118	5	619	0.008077544426494346
CUFF_NC.8330	4	13008757	13009159	+	0	0	0		22	0	78	0.0	59	0	189	0.0
CUFF_NC.8326	4	13015478	13016578	+	0	0	0		90	3	365	0.00821917808219178	288	0	1012	0.0
CUFF_NC.8327	4	13017082	13021766	+	0	0	0		176	21	1242	0.016908212560386472	819	35	5035	0.006951340615690168
CUFF_NC.8328	4	13026258	13027129	-	0	0	0		60	2	453	0.004415011037527594	193	1	1116	0.0008960573476702509
CUFF_NC.8329	4	13048494	13048938	-	0	0	0		31	0	217	0.0	115	0	782	0.0
CUFF_NC.8332	4	13064714	13066943	-	0	0	0		161	2	1172	0.0017064846416382253	604	17	3896	0.004363449691991786
CUFF_NC.8331	4	13069033	13069836	+	0	0	0		34	0	170	0.0	179	1	925	0.001081081081081081
CUFF_NC.8333	4	13078880	13079555	+	0	0	0		17	0	52	0.0	126	1	412	0.0024271844660194173
CUFF_NC.8334	4	13082615	13083315	+	0	0	0		30	0	178	0.0	140	3	554	0.005415162454873646
CUFF_NC.8338	4	13088041	13088752	-	0	0	0		28	0	84	0.0	155	2	490	0.004081632653061225
CUFF_NC.8339	4	13098304	13101692	+	0	0	0		173	2	787	0.0025412960609911056	801	8	3229	0.0024775472282440383
CUFF_NC.8337	4	13102807	13104103	+	0	0	0		95	4	913	0.004381161007667032	293	9	2117	0.004251299008030231
CUFF_NC.8335	4	13110828	13111755	+	0	0	0		44	1	320	0.003125	218	4	1424	0.0028089887640449437
CUFF_NC.8336	4	13111912	13112343	+	0	0	0		13	1	150	0.006666666666666667	56	1	449	0.0022271714922048997
CUFF_NC.8341	4	13133471	13133894	-	0	0	0		21	0	142	0.0	67	2	297	0.006734006734006734
CUFF_NC.8342	4	13134323	13134768	-	0	0	0		23	0	76	0.0	113	1	251	0.00398406374501992
CUFF_NC.8340	4	13135710	13137861	-	0	0	0		85	0	626	0.0	440	8	2530	0.0031620553359683794
CUFF_NC.8344	4	13162826	13163505	-	0	0	0		19	0	65	0.0	94	1	347	0.002881844380403458
CUFF_NC.8343	4	13167895	13169178	-	0	0	0		77	0	359	0.0	346	4	1407	0.0028429282160625444
CUFF_NC.8345	4	13173846	13174437	+	0	0	0		45	3	235	0.01276595744680851	160	5	787	0.0063532401524777635
CUFF_NC.8347	4	13184089	13184367	-	0	0	0		23	0	74	0.0	59	0	187	0.0
CUFF_NC.8348	4	13189181	13190316	-	0	0	0		53	0	239	0.0	306	7	1106	0.006329113924050633
CUFF_NC.8349	4	13192632	13193317	+	0	0	0		49	1	356	0.0028089887640449437	114	3	500	0.006
CUFF_NC.8346	4	13197049	13197975	-	0	0	0		62	2	216	0.009259259259259259	220	1	777	0.001287001287001287
CUFF_NC.8351	4	13220038	13221320	+	0	0	0		68	0	319	0.0	285	3	950	0.003157894736842105
CUFF_NC.8350	4	13223045	13224100	+	0	0	0		28	0	276	0.0	234	4	1409	0.0028388928317956
CUFF_NC.8359	4	13248507	13249242	-	0	0	0		13	39	94	0.4148936170212766	174	248	977	0.2538382804503582
CUFF_NC.8352	4	13282406	13283237	-	0	0	0		52	2	155	0.012903225806451613	162	2	418	0.004784688995215311
CUFF_NC.8360	4	13294744	13298941	-	0	0	0		142	2	608	0.003289473684210526	896	10	3450	0.002898550724637681
CUFF_NC.8361	4	13295675	13296186	-	0	0	0		19	0	85	0.0	121	0	606	0.0
CUFF_NC.8355	4	13309390	13311737	+	0	0	0		179	1	940	0.0010638297872340426	631	8	3015	0.0026533996683250414
CUFF_NC.8356	4	13312641	13313046	+	0	0	0		18	0	166	0.0	70	1	581	0.0017211703958691911
CUFF_NC.8354	4	13315831	13316116	+	0	0	0		28	2	150	0.013333333333333334	59	1	419	0.002386634844868735
CUFF_NC.8353	4	13317198	13317621	+	0	0	0		19	0	37	0.0	76	1	183	0.00546448087431694
CUFF_NC.8357	4	13318668	13319354	-	0	0	0		50	0	259	0.0	133	1	703	0.001422475106685633
CUFF_NC.8358	4	13328761	13329327	+	0	0	0		26	23	76	0.3026315789473684	127	39	413	0.09443099273607748
CUFF_NC.8363	4	13344815	13346559	+	0	0	0		116	3	569	0.005272407732864675	489	5	1986	0.0025176233635448137
CUFF_NC.8366	4	13357992	13358269	+	0	0	0		25	0	130	0.0	66	1	374	0.00267379679144385
CUFF_NC.8367	4	13358370	13359695	+	0	0	0		113	7	793	0.008827238335435058	346	17	2057	0.008264462809917356
CUFF_NC.8364	4	13361995	13362566	-	0	0	0		42	0	229	0.0	114	2	612	0.0032679738562091504
CUFF_NC.8365	4	13363228	13364243	-	0	0	0		91	3	701	0.0042796005706134095	275	5	1706	0.0029308323563892145
CUFF_NC.8362	4	13365608	13366548	-	0	0	0		58	4	442	0.00904977375565611	202	22	1149	0.019147084421235857
CUFF_NC.8373	4	13372558	13373109	+	0	0	0		43	1	244	0.004098360655737705	154	2	752	0.0026595744680851063
CUFF_NC.8374	4	13375586	13376262	+	0	0	0		49	1	178	0.0056179775280898875	147	0	518	0.0
CUFF_NC.8378	4	13388024	13390322	-	0	0	0		184	3	836	0.0035885167464114833	671	6	2602	0.0023059185242121443
CUFF_NC.8368	4	13393483	13394163	-	0	0	0		18	0	74	0.0	170	6	767	0.007822685788787484
CUFF_NC.8369	4	13395414	13398178	+	0	0	0		215	5	1019	0.004906771344455349	627	6	2563	0.0023410066328521262
CUFF_NC.8371	4	13407849	13408430	+	0	0	0		33	0	219	0.0	151	3	976	0.0030737704918032786
CUFF_NC.8370	4	13411690	13412109	+	0	0	0		27	1	259	0.003861003861003861	114	3	772	0.0038860103626943004
CUFF_NC.8372	4	13413547	13416178	+	0	0	0		166	13	885	0.014689265536723164	721	12	3069	0.0039100684261974585
CUFF_NC.8375	4	13421916	13423786	-	0	0	0		100	1	890	0.0011235955056179776	473	11	3421	0.003215434083601286
CUFF_NC.8376	4	13429250	13430722	+	0	0	0		104	2	444	0.0045045045045045045	352	4	1404	0.002849002849002849
CUFF_NC.8377	4	13433844	13434926	+	0	0	0		61	2	1056	0.001893939393939394	249	8	2591	0.0030876109610189118
CUFF_NC.8380	4	13440175	13440974	+	0	0	0		35	1	156	0.00641025641025641	166	1	719	0.0013908205841446453
CUFF_NC.8379	4	13453714	13454668	-	0	0	0		54	1	382	0.002617801047120419	234	2	1464	0.001366120218579235
CUFF_NC.8381	4	13483594	13484714	-	0	0	0		73	0	615	0.0	284	4	2146	0.001863932898415657
CUFF_NC.8382	4	13487208	13489637	-	0	0	0		169	1	873	0.001145475372279496	596	11	3396	0.0032391048292108363
CUFF_NC.8383	4	13510797	13511210	+	0	0	0		12	0	112	0.0	105	4	488	0.00819672131147541
CUFF_NC.8384	4	13511766	13513283	-	0	0	0		92	2	453	0.004415011037527594	309	1	1263	0.000791765637371338
CUFF_NC.8387	4	13527484	13528980	-	0	0	0		96	4	592	0.006756756756756757	341	8	1586	0.005044136191677175
CUFF_NC.8386	4	13532228	13532697	+	0	0	0		28	1	165	0.006060606060606061	127	1	670	0.0014925373134328358
CUFF_NC.8385	4	13533493	13534545	+	0	0	0		41	0	409	0.0	226	5	1729	0.002891844997108155
CUFF_NC.8388	4	13550344	13550751	+	0	0	0		27	1	145	0.006896551724137931	101	2	433	0.004618937644341801
CUFF_NC.8400	4	13574773	13575467	+	0	0	0		26	3	377	0.007957559681697613	176	5	2139	0.0023375409069658717
CUFF_NC.8401	4	13577130	13578693	+	0	0	0		93	3	1370	0.0021897810218978104	368	8	4538	0.0017628911414720142
CUFF_NC.8406	4	13591635	13592743	-	0	0	0		52	1	601	0.0016638935108153079	308	9	2948	0.0030529172320217096
CUFF_NC.8390	4	13612129	13614274	-	0	0	0		92	4	419	0.00954653937947494	496	6	2149	0.002791996277338297
CUFF_NC.8392	4	13640130	13640803	-	0	0	0		38	0	91	0.0	142	0	340	0.0
CUFF_NC.8393	4	13640930	13641781	-	0	0	0		46	1	300	0.0033333333333333335	148	0	960	0.0
CUFF_NC.8391	4	13655367	13656053	-	0	0	0		43	0	157	0.0	179	4	599	0.00667779632721202
CUFF_NC.8394	4	13661338	13663570	+	0	0	0		145	0	748	0.0	577	12	2655	0.004519774011299435
CUFF_NC.8395	4	13663633	13664606	+	0	0	0		39	0	262	0.0	138	2	809	0.002472187886279357
CUFF_NC.8396	4	13673808	13674318	-	0	0	0		10	0	59	0.0	116	4	671	0.005961251862891207
CUFF_NC.8397	4	13675492	13676966	-	0	0	0		75	1	292	0.003424657534246575	302	2	919	0.002176278563656148
CUFF_NC.8398	4	13679761	13680926	+	0	0	0		50	4	279	0.014336917562724014	215	1	840	0.0011904761904761906
CUFF_NC.8402	4	13707713	13708742	+	0	0	0		67	2	345	0.005797101449275362	209	4	1006	0.003976143141153081
CUFF_NC.8399	4	13716364	13717776	+	0	0	0		44	0	225	0.0	274	1	1407	0.0007107320540156361
CUFF_NC.8405	4	13720319	13722775	-	0	0	0		205	8	1805	0.00443213296398892	650	19	4768	0.003984899328859061
CUFF_NC.8404	4	13724082	13724865	-	0	0	0		43	1	230	0.004347826086956522	149	1	703	0.001422475106685633
CUFF_NC.8403	4	13733070	13734286	-	0	0	0		94	2	454	0.004405286343612335	262	8	1239	0.00645682001614205
CUFF_NC.8408	4	13766553	13767942	+	0	0	0		99	4	626	0.006389776357827476	351	5	2014	0.0024826216484607746
CUFF_NC.8407	4	13774222	13774903	+	0	0	0		42	0	904	0.0	127	3	1451	0.002067539627842867
CUFF_NC.8411	4	13784678	13785100	+	0	0	0		13	0	91	0.0	60	0	295	0.0
CUFF_NC.8412	4	13785645	13786325	+	0	0	0		78	1	522	0.0019157088122605363	190	6	1026	0.005847953216374269
CUFF_NC.8413	4	13787932	13788452	+	0	0	0		36	0	258	0.0	117	1	678	0.0014749262536873156
CUFF_NC.8409	4	13789030	13789985	+	0	0	0		86	1	441	0.0022675736961451248	216	1	889	0.0011248593925759281
CUFF_NC.8414	4	13807410	13807852	+	0	0	0		39	0	173	0.0	113	1	533	0.001876172607879925
CUFF_NC.8410	4	13809697	13810380	-	0	0	0		31	0	208	0.0	134	1	702	0.0014245014245014246
CUFF_NC.8415	4	13816514	13817266	+	0	0	0		31	1	291	0.003436426116838488	159	1	1043	0.0009587727708533077
CUFF_NC.8424	4	13828318	13831373	-	0	0	0		132	1	856	0.0011682242990654205	761	13	4435	0.002931228861330327
CUFF_NC.8416	4	13838943	13839771	-	0	0	0		21	1	240	0.004166666666666667	172	3	1252	0.0023961661341853034
CUFF_NC.8417	4	13847466	13849788	-	0	0	0		164	2	579	0.0034542314335060447	578	6	2369	0.002532714225411566
CUFF_NC.8418	4	13853336	13854116	+	0	0	0		58	1	253	0.003952569169960474	177	4	720	0.005555555555555556
CUFF_NC.8420	4	13859067	13863527	+	0	0	0		192	6	1089	0.005509641873278237	1044	19	4642	0.004093063334769496
CUFF_NC.8421	4	13864959	13866540	+	0	0	0		76	3	693	0.004329004329004329	318	5	1921	0.0026028110359187923
CUFF_NC.8419	4	13881050	13882829	-	0	0	0		126	1	549	0.0018214936247723133	450	9	1816	0.004955947136563877
CUFF_NC.8423	4	13893717	13894435	-	0	0	0		35	0	176	0.0	173	3	714	0.004201680672268907
CUFF_NC.8422	4	13909566	13910978	+	0	0	0		87	0	368	0.0	269	2	957	0.0020898641588296763
CUFF_NC.8425	4	13921689	13922472	-	0	0	0		48	0	777	0.0	166	3	1253	0.0023942537909018356
CUFF_NC.8426	4	13923960	13924711	+	0	0	0		52	1	228	0.0043859649122807015	118	0	534	0.0
CUFF_NC.8430	4	13940646	13941176	-	0	0	0		18	0	55	0.0	87	2	242	0.008264462809917356
CUFF_NC.8429	4	13942668	13943598	+	0	0	0		66	0	379	0.0	241	4	1055	0.0037914691943127963
CUFF_NC.8438	4	13959795	13960803	-	0	0	0		44	1	380	0.002631578947368421	204	5	1385	0.0036101083032490976
CUFF_NC.8427	4	13963804	13964552	+	0	0	0		17	0	94	0.0	185	3	912	0.003289473684210526
CUFF_NC.8428	4	13966027	13967041	+	0	0	0		73	1	313	0.003194888178913738	213	2	882	0.0022675736961451248
CUFF_NC.8431	4	13970624	13971037	+	0	0	0		10	0	35	0.0	105	1	460	0.002173913043478261
CUFF_NC.8437	4	13979179	13979864	+	0	0	0		19	1	112	0.008928571428571428	155	1	715	0.0013986013986013986
CUFF_NC.8436	4	13979542	13981536	-	0	0	0		72	2	540	0.003703703703703704	437	8	2945	0.0027164685908319186
CUFF_NC.8432	4	13982989	13983427	+	0	0	0		47	0	259	0.0	114	3	471	0.006369426751592357
CUFF_NC.8435	4	13984647	13985476	-	0	0	0		16	0	110	0.0	220	3	1242	0.0024154589371980675
CUFF_NC.8439	4	13997724	13999977	+	0	0	0		97	5	521	0.009596928982725527	433	8	2311	0.0034617048896581565
CUFF_NC.8440	4	14000382	14000787	+	0	0	0		16	1	68	0.014705882352941176	73	1	279	0.0035842293906810036
CUFF_NC.8433	4	14004242	14006378	-	0	0	0		146	2	931	0.0021482277121374865	545	8	2673	0.0029928918817807705
CUFF_NC.8434	4	14007543	14008271	+	0	0	0		50	0	145	0.0	202	1	615	0.0016260162601626016
CUFF_NC.8443	4	14015828	14016676	-	0	0	0		83	1	163	0.006134969325153374	204	0	422	0.0
CUFF_NC.8442	4	14022228	14025340	+	0	0	0		135	5	801	0.006242197253433208	651	7	3749	0.0018671645772205922
CUFF_NC.8441	4	14026748	14027335	-	0	0	0		39	0	192	0.0	144	1	521	0.0019193857965451055
CUFF_NC.8444	4	14135642	14139076	+	0	0	0		201	1	1555	0.0006430868167202572	799	13	5084	0.0025570416994492528
CUFF_NC.8445	4	14155120	14155502	-	0	0	0		28	0	101	0.0	96	0	316	0.0
CUFF_NC.8446	4	14160219	14160704	-	0	0	0		43	1	169	0.005917159763313609	127	1	423	0.002364066193853428
CUFF_NC.8449	4	14169275	14170068	-	0	0	0		64	0	341	0.0	206	3	1019	0.002944062806673209
CUFF_NC.8463	4	14178818	14179349	-	0	0	0		38	1	225	0.0044444444444444444	143	3	740	0.004054054054054054
CUFF_NC.8464	4	14179897	14180245	-	0	0	0		41	1	140	0.007142857142857143	69	0	218	0.0
CUFF_NC.8451	4	14210713	14211172	-	0	0	0		31	0	171	0.0	120	1	605	0.001652892561983471
CUFF_NC.8450	4	14212353	14212655	+	0	0	0		23	0	180	0.0	87	1	624	0.0016025641025641025
CUFF_NC.8447	4	14215697	14216742	-	0	0	0		55	1	252	0.003968253968253968	231	2	907	0.002205071664829107
CUFF_NC.8448	4	14219037	14220386	-	0	0	0		93	2	520	0.0038461538461538464	336	2	1677	0.0011926058437686344
CUFF_NC.8457	4	14232431	14232778	-	0	0	0		26	0	110	0.0	91	0	329	0.0
CUFF_NC.8458	4	14249035	14254355	-	0	0	0		263	5	1119	0.004468275245755138	866	9	3424	0.002628504672897196
CUFF_NC.8452	4	14257228	14257740	+	0	0	0		41	1	279	0.0035842293906810036	120	1	631	0.001584786053882726
CUFF_NC.8456	4	14266220	14266719	+	0	0	0		37	0	96	0.0	86	0	197	0.0
CUFF_NC.8453	4	14272287	14272847	+	0	0	0		16	28	138	0.2028985507246377	106	16	718	0.022284122562674095
CUFF_NC.8454	4	14273930	14274675	-	0	0	0		19	0	139	0.0	147	2	1006	0.0019880715705765406
CUFF_NC.8455	4	14276434	14277051	-	0	0	0		35	0	165	0.0	144	3	708	0.00423728813559322
CUFF_NC.8461	4	14317982	14319098	-	0	0	0		77	1	634	0.0015772870662460567	189	1	1362	0.0007342143906020558
CUFF_NC.8466	4	14341704	14342285	-	0	0	0		14	0	76	0.0	155	3	457	0.006564551422319475
CUFF_NC.8460	4	14368830	14370419	-	0	0	0		105	5	492	0.01016260162601626	322	7	1286	0.005443234836702955
CUFF_NC.8462	4	14379661	14380436	-	0	0	0		51	2	179	0.0111731843575419	92	0	324	0.0
CUFF_NC.8467	4	14398788	14399714	+	0	0	0		36	258	353	0.7308781869688386	176	252	1347	0.1870824053452116
CUFF_NC.8468	4	14423028	14423707	+	0	0	0		35	0	240	0.0	118	1	659	0.0015174506828528073
CUFF_NC.8469	4	14436977	14438235	+	0	0	0		42	0	97	0.0	281	3	713	0.004207573632538569
CUFF_NC.8470	4	14450027	14450874	-	0	0	0		58	0	276	0.0	198	1	833	0.0012004801920768306
CUFF_NC.8473	4	14474934	14476222	+	0	0	0		119	0	572	0.0	365	3	1681	0.001784651992861392
CUFF_NC.8471	4	14482942	14485842	+	0	0	0		154	1	792	0.0012626262626262627	760	7	3287	0.0021296014602981443
CUFF_NC.8472	4	14485943	14486874	+	0	0	0		50	3	375	0.008	229	8	1753	0.004563605248146035
CUFF_NC.8476	4	14497673	14498086	-	0	0	0		25	0	95	0.0	101	1	324	0.0030864197530864196
CUFF_NC.8474	4	14538372	14539484	+	0	0	0		70	0	547	0.0	240	3	1477	0.002031144211238998
CUFF_NC.8479	4	14541070	14545355	+	0	0	0		246	3	1357	0.002210759027266028	935	11	4331	0.002539829138767028
CUFF_NC.8475	4	14546280	14547656	+	0	0	0		57	56	341	0.16422287390029325	311	282	1969	0.14321990858303707
CUFF_NC.8478	4	14554353	14555101	+	0	0	0		52	2	240	0.008333333333333333	213	2	893	0.0022396416573348264
CUFF_NC.8477	4	14564776	14565250	+	0	0	0		10	0	54	0.0	53	0	215	0.0
CUFF_NC.8480	4	14569877	14570886	-	0	0	0		55	2	606	0.0033003300330033004	245	2	1633	0.001224739742804654
CUFF_NC.8481	4	14572495	14572993	-	0	0	0		37	1	276	0.0036231884057971015	101	2	666	0.003003003003003003
CUFF_NC.8482	4	14574339	14576899	-	0	0	0		101	1	572	0.0017482517482517483	374	5	1907	0.0026219192448872575
CUFF_NC.8486	4	14591442	14592677	+	0	0	0		87	0	291	0.0	251	4	773	0.00517464424320828
CUFF_NC.8483	4	14626982	14627819	+	0	0	0		21	0	174	0.0	162	4	1261	0.0031720856463124504
CUFF_NC.8487	4	14652988	14653552	+	0	0	0		27	0	158	0.0	122	2	569	0.0035149384885764497
CUFF_NC.8485	4	14682159	14683729	+	0	0	0		87	11	444	0.024774774774774775	348	23	1457	0.015785861358956762
CUFF_NC.8484	4	14684078	14685098	-	0	0	0		39	1	245	0.004081632653061225	247	5	1210	0.004132231404958678
CUFF_NC.8488	4	14688376	14689067	+	0	0	0		25	1	162	0.006172839506172839	183	1	1037	0.0009643201542912247
CUFF_NC.8493	4	14720348	14723231	+	0	0	0		239	6	1610	0.0037267080745341614	783	18	4621	0.0038952607660679506
CUFF_NC.8489	4	14790301	14791536	+	0	0	0		26	0	134	0.0	165	2	750	0.0026666666666666666
CUFF_NC.8490	4	14811251	14813222	+	0	0	0		87	2	775	0.0025806451612903226	374	8	2344	0.0034129692832764505
CUFF_NC.8492	4	14820579	14824789	+	0	0	0		104	4	732	0.00546448087431694	862	16	4731	0.0033819488480236735
CUFF_NC.8491	4	14830857	14831664	+	0	0	0		52	0	335	0.0	205	2	1217	0.0016433853738701725
CUFF_NC.8494	4	14858622	14859488	+	0	0	0		29	1	194	0.005154639175257732	114	3	726	0.004132231404958678
CUFF_NC.8497	4	14866756	14868605	-	0	0	0		85	3	971	0.003089598352214212	357	12	2559	0.004689331770222743
CUFF_NC.8495	4	14871183	14871991	+	0	0	0		31	1	268	0.0037313432835820895	176	4	997	0.004012036108324975
CUFF_NC.8496	4	14881968	14883499	+	0	0	0		114	2	446	0.004484304932735426	302	3	1035	0.002898550724637681
CUFF_NC.8500	4	14897882	14898329	-	0	0	0		13	1	145	0.006896551724137931	78	3	587	0.005110732538330494
CUFF_NC.8498	4	14916962	14917777	-	0	0	0		28	3	237	0.012658227848101266	187	3	919	0.003264417845484222
CUFF_NC.8499	4	14920493	14920894	-	0	0	0		21	0	160	0.0	85	1	596	0.0016778523489932886
CUFF_NC.8501	4	14939597	14940421	+	0	0	0		36	2	357	0.0056022408963585435	122	0	1177	0.0
CUFF_NC.8503	4	14946981	14948073	-	0	0	0		80	0	340	0.0	265	2	1049	0.0019065776930409914
CUFF_NC.8502	4	14956314	14956768	+	0	0	0		14	0	138	0.0	104	2	622	0.003215434083601286
CUFF_NC.8508	4	14958685	14959486	+	0	0	0		52	0	190	0.0	232	1	980	0.0010204081632653062
CUFF_NC.8506	4	14965513	14966013	+	0	0	0		34	2	226	0.008849557522123894	136	3	772	0.0038860103626943004
CUFF_NC.8509	4	14976066	14981766	+	0	0	0		222	178	1372	0.12973760932944606	1162	799	7754	0.10304359040495228
CUFF_NC.8510	4	14979273	14979952	+	0	0	0		47	24	167	0.1437125748502994	140	12	445	0.02696629213483146
CUFF_NC.8511	4	14980017	14980424	+	0	0	0		0	0	0		4	0	32	0.0
CUFF_NC.8504	4	14985866	14986446	+	0	0	0		22	2	120	0.016666666666666666	176	1	1060	0.0009433962264150943
CUFF_NC.8505	4	14987835	14988838	-	0	0	0		8	29	59	0.4915254237288136	75	83	388	0.21391752577319587
CUFF_NC.8512	4	14997778	14999009	+	0	0	0		49	0	228	0.0	246	1	1135	0.000881057268722467
CUFF_NC.8513	4	15008004	15008373	-	0	0	0		31	0	177	0.0	86	4	548	0.0072992700729927005
CUFF_NC.8507	4	15011674	15012417	-	0	0	0		33	0	291	0.0	186	5	1147	0.004359197907585004
CUFF_NC.8520	4	15027576	15028970	-	0	0	0		62	0	309	0.0	324	5	1352	0.0036982248520710057
CUFF_NC.8523	4	15044524	15048794	+	0	0	0		323	8	1672	0.004784688995215311	1042	5	4962	0.001007658202337767
CUFF_NC.8518	4	15055318	15056598	-	0	0	0		73	0	466	0.0	312	8	1364	0.005865102639296188
CUFF_NC.8516	4	15060644	15061263	+	0	0	0		18	0	139	0.0	163	1	1154	0.0008665511265164644
CUFF_NC.8515	4	15064060	15064584	-	0	0	0		24	0	108	0.0	116	3	476	0.0063025210084033615
CUFF_NC.8517	4	15067754	15068948	-	0	0	0		63	1	304	0.003289473684210526	249	5	964	0.005186721991701245
CUFF_NC.8521	4	15080113	15081724	+	0	0	0		66	1	386	0.0025906735751295338	298	12	1570	0.007643312101910828
CUFF_NC.8528	4	15110288	15111090	+	0	0	0		24	0	103	0.0	165	4	635	0.006299212598425197
CUFF_NC.8529	4	15110395	15110917	-	0	0	0		11	0	59	0.0	117	3	483	0.006211180124223602
CUFF_NC.8519	4	15113241	15114118	+	0	0	0		54	0	311	0.0	183	0	695	0.0
CUFF_NC.8524	4	15121156	15121683	-	0	0	0		33	0	194	0.0	120	3	473	0.006342494714587738
CUFF_NC.8525	4	15125752	15129618	-	0	0	0		233	4	1648	0.0024271844660194173	911	13	5566	0.002335609054976644
CUFF_NC.8526	4	15127126	15128239	-	0	0	0		81	0	446	0.0	313	2	1757	0.0011383039271485487
CUFF_NC.8522	4	15137069	15137424	+	0	0	0		26	2	116	0.017241379310344827	84	0	428	0.0
CUFF_NC.8539	4	15153729	15154478	+	0	0	0		66	0	321	0.0	171	3	729	0.00411522633744856
CUFF_NC.8541	4	15165918	15166707	-	0	0	0		67	1	419	0.002386634844868735	200	3	1305	0.0022988505747126436
CUFF_NC.8530	4	15182512	15183079	+	0	0	0		28	0	130	0.0	137	1	613	0.0016313213703099511
CUFF_NC.8533	4	15202530	15203409	-	0	0	0		41	1	213	0.004694835680751174	225	1	827	0.0012091898428053204
CUFF_NC.8531	4	15209928	15210502	+	0	0	0		41	0	182	0.0	148	4	567	0.007054673721340388
CUFF_NC.8532	4	15211391	15212026	-	0	0	0		52	0	152	0.0	162	1	479	0.0020876826722338203
CUFF_NC.8535	4	15218212	15219154	-	0	0	0		8	0	13	0.0	51	0	103	0.0
CUFF_NC.8534	4	15232285	15232952	+	0	0	0		17	2	91	0.02197802197802198	171	27	1003	0.026919242273180457
CUFF_NC.8537	4	15244391	15244762	-	0	0	0		44	2	235	0.00851063829787234	104	4	480	0.008333333333333333
CUFF_NC.8536	4	15260656	15261212	+	0	0	0		49	0	323	0.0	88	3	486	0.006172839506172839
CUFF_NC.8546	4	15264132	15271223	-	0	0	0		462	2	2290	0.0008733624454148472	1810	20	8451	0.0023665838362323987
CUFF_NC.8547	4	15266415	15272234	-	0	0	0		356	1	1766	0.0005662514156285391	1506	19	6996	0.002715837621497999
CUFF_NC.8538	4	15273559	15275475	+	0	0	0		107	2	449	0.004454342984409799	448	7	1761	0.003975014196479273
CUFF_NC.8540	4	15309898	15310691	+	0	0	0		46	2	448	0.004464285714285714	188	6	1604	0.003740648379052369
CUFF_NC.8542	4	15328112	15328841	-	0	0	0		35	0	256	0.0	194	3	1125	0.0026666666666666666
CUFF_NC.8543	4	15350204	15351610	-	0	0	0		89	1	543	0.001841620626151013	374	11	2027	0.005426739023186976
CUFF_NC.8544	4	15361121	15361742	-	0	0	0		33	1	219	0.0045662100456621	154	1	681	0.0014684287812041115
CUFF_NC.8545	4	15372015	15372936	+	0	0	0		38	1	275	0.0036363636363636364	187	9	1111	0.008100810081008101
CUFF_NC.8549	4	15377792	15378657	-	0	0	0		49	2	337	0.005934718100890208	245	5	1086	0.004604051565377533
CUFF_NC.8548	4	15383217	15383526	-	0	0	0		16	0	80	0.0	80	1	417	0.002398081534772182
CUFF_NC.8550	4	15390756	15392044	+	0	0	0		80	2	597	0.0033500837520938024	273	7	1561	0.004484304932735426
CUFF_NC.8551	4	15393589	15394506	+	0	0	0		26	0	149	0.0	166	0	594	0.0
CUFF_NC.8553	4	15403571	15404370	-	0	0	0		48	0	307	0.0	207	2	901	0.0022197558268590455
CUFF_NC.8552	4	15406656	15407035	+	0	0	0		26	0	229	0.0	92	3	568	0.00528169014084507
CUFF_NC.8555	4	15419207	15419923	+	0	0	0		59	3	483	0.006211180124223602	204	1	1152	0.0008680555555555555
CUFF_NC.8556	4	15428420	15429124	+	0	0	0		38	0	217	0.0	107	1	439	0.002277904328018223
CUFF_NC.8559	4	15443209	15443485	-	0	0	0		13	0	48	0.0	69	0	198	0.0
CUFF_NC.8557	4	15453255	15454087	-	0	0	0		47	0	199	0.0	238	3	1053	0.002849002849002849
CUFF_NC.8558	4	15457534	15458648	-	0	0	0		59	1	390	0.002564102564102564	266	2	1248	0.0016025641025641025
CUFF_NC.8565	4	15475582	15475911	+	0	0	0		23	0	134	0.0	78	2	463	0.004319654427645789
CUFF_NC.8567	4	15482188	15482556	-	0	0	0		49	0	228	0.0	99	1	397	0.0025188916876574307
CUFF_NC.8560	4	15485707	15486162	+	0	0	0		22	0	163	0.0	114	3	787	0.0038119440914866584
CUFF_NC.8561	4	15487657	15489238	-	0	0	0		95	2	548	0.0036496350364963502	295	4	1533	0.002609262883235486
CUFF_NC.8562	4	15490549	15491734	-	0	0	0		74	1	585	0.0017094017094017094	194	4	1199	0.003336113427856547
CUFF_NC.8563	4	15492772	15493215	-	0	0	0		26	0	208	0.0	103	1	725	0.001379310344827586
CUFF_NC.8564	4	15493986	15494682	-	0	0	0		54	0	199	0.0	145	0	388	0.0
CUFF_NC.8566	4	15501908	15502725	-	0	0	0		63	1	325	0.003076923076923077	206	1	832	0.001201923076923077
CUFF_NC.8568	4	15528333	15529388	-	0	0	0		49	0	201	0.0	235	3	847	0.0035419126328217238
CUFF_NC.8569	4	15542906	15543208	+	0	0	0		9	0	23	0.0	78	1	207	0.004830917874396135
CUFF_NC.8578	4	15558704	15559660	+	0	0	0		33	0	204	0.0	86	3	483	0.006211180124223602
CUFF_NC.8570	4	15585945	15587166	-	0	0	0		63	2	212	0.009433962264150943	280	3	1127	0.0026619343389529724
CUFF_NC.8571	4	15589656	15591253	+	0	0	0		80	0	431	0.0	290	2	971	0.0020597322348094747
CUFF_NC.8577	4	15610606	15612096	-	0	0	0		98	4	423	0.009456264775413711	407	7	1732	0.0040415704387990765
CUFF_NC.8576	4	15613156	15614592	+	0	0	0		61	1	301	0.0033222591362126247	329	5	1532	0.0032637075718015664
CUFF_NC.8572	4	15631064	15631621	-	0	0	0		12	0	75	0.0	62	0	255	0.0
CUFF_NC.8575	4	15638402	15639273	-	0	0	0		56	0	224	0.0	211	0	775	0.0
CUFF_NC.8573	4	15667468	15668465	-	0	0	0		44	0	248	0.0	224	3	942	0.0031847133757961785
CUFF_NC.8574	4	15667708	15668196	+	0	0	0		28	0	86	0.0	123	2	343	0.0058309037900874635
CUFF_NC.8579	4	15675975	15677081	-	0	0	0		59	0	216	0.0	195	2	681	0.002936857562408223
CUFF_NC.8580	4	15686450	15686998	+	0	0	0		34	0	167	0.0	124	0	443	0.0
CUFF_NC.8581	4	15691910	15692249	+	0	0	0		23	0	159	0.0	89	0	497	0.0
CUFF_NC.8590	4	15739837	15740474	-	0	0	0		55	6	361	0.01662049861495845	154	2	835	0.0023952095808383233
CUFF_NC.8587	4	15749495	15750694	-	0	0	0		88	0	426	0.0	278	2	1191	0.0016792611251049538
CUFF_NC.8586	4	15762519	15762957	+	0	0	0		38	0	164	0.0	106	1	418	0.0023923444976076554
CUFF_NC.8582	4	15779877	15781112	-	0	0	0		67	1	395	0.002531645569620253	191	4	1046	0.0038240917782026767
CUFF_NC.8583	4	15783472	15784370	-	0	0	0		38	0	327	0.0	223	5	1471	0.003399048266485384
CUFF_NC.8584	4	15785519	15786084	-	0	0	0		13	0	62	0.0	74	1	418	0.0023923444976076554
CUFF_NC.8591	4	15790201	15790606	-	0	0	0		12	0	92	0.0	53	1	383	0.0026109660574412533
CUFF_NC.8585	4	15815632	15818271	+	0	0	0		64	62	353	0.17563739376770537	483	476	2288	0.20804195804195805
CUFF_NC.8592	4	15828144	15828660	-	0	0	0		20	0	115	0.0	99	2	590	0.003389830508474576
CUFF_NC.8588	4	15862174	15862698	-	0	0	0		34	0	98	0.0	121	2	385	0.005194805194805195
CUFF_NC.8589	4	15875315	15876612	-	0	0	0		66	1	381	0.0026246719160104987	232	5	960	0.005208333333333333
CUFF_NC.8593	4	15886586	15887078	-	0	0	0		26	1	159	0.006289308176100629	129	0	709	0.0
CUFF_NC.8597	4	15895382	15896312	+	0	0	0		69	0	564	0.0	164	4	1298	0.0030816640986132513
CUFF_NC.8594	4	15899795	15900162	-	0	0	0		29	0	88	0.0	103	1	321	0.003115264797507788
CUFF_NC.8598	4	15910889	15911890	+	0	0	0		103	1	631	0.001584786053882726	260	2	1372	0.0014577259475218659
CUFF_NC.8595	4	15916708	15917388	+	0	0	0		33	0	168	0.0	161	2	813	0.0024600246002460025
CUFF_NC.8596	4	15919506	15920546	-	0	0	0		41	0	177	0.0	232	3	966	0.003105590062111801
CUFF_NC.8599	4	15950151	15951053	-	0	0	0		58	1	309	0.003236245954692557	214	3	1033	0.002904162633107454
CUFF_NC.8600	4	15952431	15954926	+	0	0	0		168	4	910	0.004395604395604396	581	10	2701	0.0037023324694557573
CUFF_NC.8601	4	15973114	15976511	+	0	0	0		126	2	734	0.0027247956403269754	693	19	3398	0.005591524426133019
CUFF_NC.8602	4	15974173	15975109	+	0	0	0		47	0	245	0.0	189	4	1060	0.0037735849056603774
CUFF_NC.8604	4	15989679	15990104	+	0	0	0		21	1	157	0.006369426751592357	114	2	666	0.003003003003003003
CUFF_NC.8603	4	15991844	15992269	-	0	0	0		11	0	46	0.0	91	1	507	0.0019723865877712033
CUFF_NC.8606	4	15999998	16000765	-	0	0	0		29	0	322	0.0	116	0	830	0.0
CUFF_NC.8607	4	16001246	16001687	-	0	0	0		18	0	87	0.0	100	0	593	0.0
CUFF_NC.8605	4	16026521	16027500	+	0	0	0		65	0	296	0.0	212	6	996	0.006024096385542169
CUFF_NC.8615	4	16037763	16039046	+	0	0	0		42	1	332	0.0030120481927710845	284	2	1897	0.0010542962572482868
CUFF_NC.8609	4	16042231	16045713	+	0	0	0		125	1	750	0.0013333333333333333	451	9	2072	0.004343629343629344
CUFF_NC.8610	4	16042503	16046106	+	0	0	0		152	2	891	0.002244668911335578	483	10	2193	0.004559963520291838
CUFF_NC.8608	4	16058040	16059530	-	0	0	0		29	3	60	0.05	193	12	415	0.02891566265060241
CUFF_NC.8611	4	16065884	16066829	+	0	0	0		48	0	448	0.0	203	4	1550	0.0025806451612903226
CUFF_NC.8652	4	16107935	16108722	+	0	0	0		29	1	205	0.004878048780487805	124	2	738	0.0027100271002710027
CUFF_NC.8653	4	16110914	16112673	+	0	0	0		89	1	584	0.0017123287671232876	332	2	1948	0.001026694045174538
CUFF_NC.8654	4	16114488	16115227	+	0	0	0		65	3	387	0.007751937984496124	161	5	906	0.005518763796909493
CUFF_NC.8612	4	16135083	16135886	-	0	0	0		22	1	69	0.014492753623188406	128	2	474	0.004219409282700422
CUFF_NC.8613	4	16136606	16138225	-	0	0	0		57	0	387	0.0	364	2	1899	0.00105318588730911
CUFF_NC.8614	4	16159767	16160276	+	0	0	0		27	1	139	0.007194244604316547	134	2	495	0.00404040404040404
CUFF_NC.8616	4	16174946	16175387	-	0	0	0		26	1	115	0.008695652173913044	114	2	468	0.004273504273504274
CUFF_NC.8620	4	16195800	16196652	+	0	0	0		54	2	458	0.004366812227074236	177	2	1055	0.0018957345971563982
CUFF_NC.8618	4	16200214	16202733	+	0	0	0		114	29	774	0.037467700258397935	550	82	3065	0.026753670473083198
CUFF_NC.8619	4	16202817	16203609	+	0	0	0		36	0	261	0.0	180	1	831	0.0012033694344163659
CUFF_NC.8617	4	16214323	16215035	+	0	0	0		58	0	247	0.0	166	3	647	0.00463678516228748
CUFF_NC.8623	4	16224381	16232039	+	0	0	0		390	5	1691	0.0029568302779420462	1826	23	8072	0.0028493557978196233
CUFF_NC.8621	4	16234452	16236002	+	0	0	0		125	2	592	0.0033783783783783786	356	3	1509	0.0019880715705765406
CUFF_NC.8622	4	16250271	16251312	-	0	0	0		60	3	399	0.007518796992481203	224	4	1042	0.003838771593090211
CUFF_NC.8626	4	16268102	16268561	-	0	0	0		26	0	91	0.0	107	0	288	0.0
CUFF_NC.8627	4	16283957	16284425	+	0	0	0		20	1	82	0.012195121951219513	129	0	523	0.0
CUFF_NC.8624	4	16289879	16290881	+	0	0	0		59	1	342	0.0029239766081871343	274	2	1376	0.0014534883720930232
CUFF_NC.8625	4	16292712	16293226	+	0	0	0		21	0	94	0.0	135	1	607	0.0016474464579901153
CUFF_NC.8634	4	16295765	16296737	-	0	0	0		58	0	290	0.0	196	2	796	0.002512562814070352
CUFF_NC.8628	4	16311136	16311489	-	0	0	0		26	2	145	0.013793103448275862	84	1	369	0.0027100271002710027
CUFF_NC.8631	4	16314393	16315014	-	0	0	0		24	2	190	0.010526315789473684	141	6	1009	0.005946481665014866
CUFF_NC.8629	4	16334214	16335480	-	0	0	0		71	3	360	0.008333333333333333	295	4	1319	0.003032600454890068
CUFF_NC.8630	4	16334551	16335590	-	0	0	0		54	2	257	0.007782101167315175	236	2	1099	0.0018198362147406734
CUFF_NC.8643	4	16351770	16354154	-	0	0	0		160	3	1095	0.0027397260273972603	612	9	3535	0.002545968882602546
CUFF_NC.8632	4	16356655	16357112	-	0	0	0		17	0	154	0.0	72	1	509	0.0019646365422396855
CUFF_NC.8633	4	16357439	16359385	-	0	0	0		92	1	657	0.0015220700152207	397	7	2375	0.0029473684210526317
CUFF_NC.8635	4	16368085	16368899	-	0	0	0		38	0	268	0.0	195	0	931	0.0
CUFF_NC.8636	4	16375664	16376860	+	0	0	0		71	0	320	0.0	239	3	960	0.003125
CUFF_NC.8637	4	16380481	16381300	+	0	0	0		55	1	216	0.004629629629629629	214	2	646	0.0030959752321981426
CUFF_NC.8638	4	16401429	16403019	-	0	0	0		69	1	331	0.0030211480362537764	335	4	1446	0.0027662517289073307
CUFF_NC.8642	4	16435452	16438623	-	0	0	0		144	3	896	0.0033482142857142855	748	13	3576	0.003635346756152125
CUFF_NC.8641	4	16447662	16448291	-	0	0	0		24	1	217	0.004608294930875576	152	8	1246	0.006420545746388443
CUFF_NC.8639	4	16448346	16448800	-	0	0	0		6	0	101	0.0	92	4	881	0.004540295119182747
CUFF_NC.8640	4	16456566	16457280	-	0	0	0		37	0	184	0.0	188	0	739	0.0
CUFF_NC.8655	4	16468864	16469750	-	0	0	0		28	0	291	0.0	226	5	1460	0.003424657534246575
CUFF_NC.8656	4	16476050	16476572	-	0	0	0		22	0	153	0.0	113	1	558	0.0017921146953405018
CUFF_NC.8644	4	16480125	16480625	+	0	0	0		1	0	1	0.0	36	0	108	0.0
CUFF_NC.8645	4	16483082	16483887	+	0	0	0		67	0	381	0.0	141	4	738	0.005420054200542005
CUFF_NC.8646	4	16522347	16523032	-	0	0	0		45	1	187	0.0053475935828877	149	1	574	0.0017421602787456446
CUFF_NC.8647	4	16530316	16531740	+	0	0	0		78	2	428	0.004672897196261682	359	3	1585	0.0018927444794952682
CUFF_NC.8649	4	16560379	16561126	+	0	0	0		75	0	318	0.0	186	2	663	0.0030165912518853697
CUFF_NC.8657	4	16573188	16573970	+	0	0	0		20	1	190	0.005263157894736842	167	4	986	0.004056795131845842
CUFF_NC.8650	4	16574750	16575306	+	0	0	0		19	0	63	0.0	138	1	459	0.002178649237472767
CUFF_NC.8651	4	16577306	16578304	-	0	0	0		48	0	252	0.0	193	3	895	0.0033519553072625698
CUFF_NC.8658	4	16587708	16588740	+	0	0	0		27	0	111	0.0	181	4	707	0.005657708628005658
CUFF_NC.8659	4	16588864	16589338	+	0	0	0		19	1	102	0.00980392156862745	99	1	403	0.0024813895781637717
CUFF_NC.8660	4	16594399	16594956	-	0	0	0		16	0	89	0.0	153	2	904	0.0022123893805309734
CUFF_NC.8661	4	16596666	16597139	-	0	0	0		21	2	166	0.012048192771084338	117	1	716	0.0013966480446927375
CUFF_NC.8663	4	16622720	16624979	+	0	0	0		146	3	728	0.004120879120879121	595	8	2962	0.0027008777852802163
CUFF_NC.8662	4	16635452	16638841	-	0	0	0		229	762	1737	0.4386873920552677	807	1372	5859	0.23416965352449223
CUFF_NC.8665	4	16656690	16659603	+	0	0	0		220	2	884	0.0022624434389140274	638	12	2553	0.004700352526439483
CUFF_NC.8664	4	16661390	16662617	+	0	0	0		56	0	527	0.0	276	2	1677	0.0011926058437686344
CUFF_NC.8666	4	16685681	16686404	+	0	0	0		26	0	151	0.0	119	3	641	0.0046801872074883
CUFF_NC.8668	4	16699462	16700043	-	0	0	0		45	2	208	0.009615384615384616	151	1	585	0.0017094017094017094
CUFF_NC.8667	4	16708609	16710056	-	0	0	0		69	4	309	0.012944983818770227	318	5	1500	0.0033333333333333335
CUFF_NC.8669	4	16712547	16713248	+	0	0	0		37	2	305	0.006557377049180328	114	1	1029	0.0009718172983479105
CUFF_NC.8670	4	16722333	16722896	+	0	0	0		40	0	295	0.0	113	3	609	0.0049261083743842365
CUFF_NC.8671	4	16727992	16728402	+	0	0	0		36	0	106	0.0	126	0	381	0.0
CUFF_NC.8672	4	16730893	16731459	+	0	0	0		12	0	158	0.0	77	2	979	0.0020429009193054137
CUFF_NC.8677	4	16776668	16778427	+	0	0	0		127	3	804	0.0037313432835820895	473	6	2714	0.002210759027266028
CUFF_NC.8684	4	16791826	16795623	-	0	0	0		216	73	1079	0.06765523632993513	775	316	4085	0.07735618115055079
CUFF_NC.8683	4	16797280	16798196	+	0	0	0		38	0	239	0.0	198	4	1053	0.003798670465337132
CUFF_NC.8673	4	16806085	16806757	+	0	0	0		44	0	188	0.0	161	0	650	0.0
CUFF_NC.8685	4	16811560	16811968	-	0	0	0		15	1	93	0.010752688172043012	93	2	409	0.004889975550122249
CUFF_NC.8676	4	16827975	16828618	+	0	0	0		11	0	78	0.0	131	0	822	0.0
CUFF_NC.8674	4	16830797	16831574	-	0	0	0		21	73	118	0.6186440677966102	57	185	364	0.5082417582417582
CUFF_NC.8682	4	16835032	16836407	+	0	0	0		98	0	447	0.0	380	2	1411	0.001417434443656981
CUFF_NC.8678	4	16855912	16856462	-	0	0	0		45	1	136	0.007352941176470588	111	2	338	0.005917159763313609
CUFF_NC.8679	4	16860722	16861338	+	0	0	0		43	0	372	0.0	150	2	986	0.002028397565922921
CUFF_NC.8681	4	16873885	16875052	-	0	0	0		31	1	436	0.0022935779816513763	187	3	1924	0.0015592515592515593
CUFF_NC.8680	4	16891283	16891976	-	0	0	0		22	0	212	0.0	174	0	1163	0.0
CUFF_NC.8686	4	16899407	16900181	+	0	0	0		40	0	268	0.0	124	0	496	0.0
CUFF_NC.8687	4	16909290	16910226	-	0	0	0		60	2	453	0.004415011037527594	243	9	1692	0.005319148936170213
CUFF_NC.8688	4	16910726	16911088	-	0	0	0		25	0	127	0.0	93	2	395	0.005063291139240506
CUFF_NC.8689	4	16924068	16924431	-	0	0	0		5	0	27	0.0	37	0	193	0.0
CUFF_NC.8700	4	16938058	16938527	-	0	0	0		30	0	204	0.0	117	2	786	0.002544529262086514
CUFF_NC.8697	4	16950036	16950389	+	0	0	0		23	1	74	0.013513513513513514	77	2	220	0.00909090909090909
CUFF_NC.8691	4	16959553	16959907	+	0	0	0		23	0	169	0.0	92	1	604	0.0016556291390728477
CUFF_NC.8694	4	16963921	16964530	+	0	0	0		41	2	338	0.005917159763313609	163	0	994	0.0
CUFF_NC.8690	4	16980776	16981467	-	0	0	0		25	1	272	0.003676470588235294	141	2	1294	0.0015455950540958269
CUFF_NC.8693	4	16984283	16985126	-	0	0	0		58	2	396	0.005050505050505051	219	3	1244	0.002411575562700965
CUFF_NC.8692	4	16988532	16989113	+	0	0	0		27	2	146	0.0136986301369863	120	0	565	0.0
CUFF_NC.8699	4	17004347	17006103	-	0	0	0		89	2	607	0.0032948929159802307	413	5	2303	0.0021710811984368217
CUFF_NC.8698	4	17007640	17008399	+	0	0	0		37	0	176	0.0	199	4	695	0.0057553956834532375
CUFF_NC.8702	4	17011924	17012336	+	0	0	0		14	0	53	0.0	96	2	344	0.005813953488372093
CUFF_NC.8703	4	17014885	17015511	+	0	0	0		24	1	145	0.006896551724137931	151	4	665	0.006015037593984963
CUFF_NC.8701	4	17022170	17023311	-	0	0	0		56	2	381	0.005249343832020997	238	4	1394	0.0028694404591104736
CUFF_NC.8695	4	17026060	17027834	-	0	0	0		51	0	233	0.0	233	5	1251	0.003996802557953637
CUFF_NC.8696	4	17028542	17029490	-	0	0	0		76	4	513	0.007797270955165692	247	4	1649	0.002425712553062462
CUFF_NC.8704	4	17033188	17033862	+	0	0	0		43	1	357	0.0028011204481792717	150	2	798	0.002506265664160401
CUFF_NC.8714	4	17036072	17036443	-	0	0	0		22	0	81	0.0	84	1	259	0.003861003861003861
CUFF_NC.8712	4	17038304	17038743	+	0	0	0		35	0	349	0.0	75	3	787	0.0038119440914866584
CUFF_NC.8713	4	17040481	17041208	+	0	0	0		69	2	366	0.00546448087431694	180	1	942	0.0010615711252653928
CUFF_NC.8705	4	17043277	17044542	+	0	0	0		53	2	362	0.0055248618784530384	195	3	1204	0.0024916943521594683
CUFF_NC.8706	4	17049473	17050309	+	0	0	0		61	1	327	0.0030581039755351682	127	1	496	0.0020161290322580645
CUFF_NC.8725	4	17052098	17053499	+	0	0	0		89	1	442	0.0022624434389140274	330	5	1626	0.003075030750307503
CUFF_NC.8726	4	17059312	17059768	+	0	0	0		21	0	70	0.0	97	0	297	0.0
CUFF_NC.8727	4	17070440	17070949	+	0	0	0		33	2	138	0.014492753623188406	145	2	648	0.0030864197530864196
CUFF_NC.8711	4	17081593	17083473	-	0	0	0		79	2	377	0.005305039787798408	286	3	1125	0.0026666666666666666
CUFF_NC.8707	4	17085391	17086007	-	0	0	0		39	0	218	0.0	152	0	664	0.0
CUFF_NC.8708	4	17085642	17086088	+	0	0	0		32	0	195	0.0	124	0	610	0.0
CUFF_NC.8715	4	17099014	17099500	+	0	0	0		13	0	76	0.0	73	1	291	0.003436426116838488
CUFF_NC.8710	4	17110811	17111523	+	0	0	0		25	1	200	0.005	134	4	1124	0.0035587188612099642
CUFF_NC.8709	4	17120981	17121738	+	0	0	0		68	3	445	0.006741573033707865	185	3	1159	0.0025884383088869713
CUFF_NC.8721	4	17123980	17127377	-	0	0	0		223	1	1478	0.0006765899864682003	779	15	4625	0.003243243243243243
CUFF_NC.8722	4	17125608	17129016	-	0	0	0		224	2	1311	0.0015255530129672007	812	12	4520	0.002654867256637168
CUFF_NC.8723	4	17127561	17127860	-	0	0	0		19	1	136	0.007352941176470588	69	1	471	0.0021231422505307855
CUFF_NC.8724	4	17129479	17129909	-	0	0	0		39	2	218	0.009174311926605505	121	1	653	0.0015313935681470138
CUFF_NC.8716	4	17138457	17139848	+	0	0	0		65	1	293	0.0034129692832764505	311	1	1259	0.0007942811755361397
CUFF_NC.8719	4	17152809	17153561	-	0	0	0		25	0	139	0.0	202	2	808	0.0024752475247524753
CUFF_NC.8717	4	17153916	17160027	+	0	0	0		222	2	1349	0.0014825796886582653	1355	20	7085	0.0028228652081863093
CUFF_NC.8718	4	17154851	17156202	+	0	0	0		47	0	204	0.0	286	6	1206	0.004975124378109453
CUFF_NC.8754	4	17161611	17162189	+	0	0	0		60	0	338	0.0	143	3	716	0.004189944134078212
CUFF_NC.8754-2	4	17165419	17166828	+	0	0	0		90	2	620	0.0032258064516129032	357	4	2049	0.0019521717911176184
CUFF_NC.8720	4	17190828	17192521	+	0	0	0		57	0	347	0.0	342	3	1583	0.0018951358180669614
CUFF_NC.8728	4	17199794	17200499	-	0	0	0		43	1	213	0.004694835680751174	185	2	793	0.0025220680958385876
CUFF_NC.8735	4	17219776	17221878	-	0	0	0		142	5	810	0.006172839506172839	546	8	2899	0.0027595722662987236
CUFF_NC.8729	4	17225958	17226829	+	0	0	0		24	0	167	0.0	215	7	1255	0.005577689243027889
CUFF_NC.8732	4	17231738	17233837	+	0	0	0		108	3	2192	0.0013686131386861315	378	15	4826	0.0031081641110650643
CUFF_NC.8733	4	17244102	17244409	-	0	0	0		23	1	244	0.004098360655737705	86	1	590	0.001694915254237288
CUFF_NC.8730	4	17249193	17249702	-	0	0	0		30	157	254	0.6181102362204725	89	141	721	0.1955617198335645
CUFF_NC.8734	4	17257582	17258226	-	0	0	0		36	2	224	0.008928571428571428	124	1	618	0.0016181229773462784
CUFF_NC.8731	4	17263689	17264858	-	0	0	0		75	1	488	0.0020491803278688526	254	7	1470	0.004761904761904762
CUFF_NC.8739	4	17275982	17276475	+	0	0	0		38	0	205	0.0	136	1	575	0.0017391304347826088
CUFF_NC.8740	4	17278828	17279427	+	0	0	0		19	0	177	0.0	136	0	925	0.0
CUFF_NC.8742	4	17280516	17282730	-	0	0	0		124	2	755	0.0026490066225165563	466	2	2164	0.0009242144177449168
CUFF_NC.8744	4	17283252	17283927	+	0	0	0		57	2	156	0.01282051282051282	170	1	424	0.0023584905660377358
CUFF_NC.8745	4	17286143	17286867	+	0	0	0		37	0	130	0.0	177	1	537	0.00186219739292365
CUFF_NC.8743	4	17288015	17289209	+	0	0	0		63	0	225	0.0	253	2	876	0.00228310502283105
CUFF_NC.8737	4	17305104	17305634	-	0	0	0		18	0	136	0.0	107	2	644	0.003105590062111801
CUFF_NC.8738	4	17305754	17307387	-	0	0	0		107	0	345	0.0	310	7	993	0.007049345417925478
CUFF_NC.8741	4	17332548	17333493	+	0	0	0		53	1	316	0.0031645569620253164	134	2	550	0.0036363636363636364
CUFF_NC.8746	4	17343252	17344902	-	0	0	0		81	2	476	0.004201680672268907	321	6	1468	0.004087193460490463
CUFF_NC.8752	4	17349180	17350307	-	0	0	0		64	2	403	0.004962779156327543	223	6	1276	0.004702194357366771
CUFF_NC.8753	4	17351120	17352278	-	0	0	0		78	0	223	0.0	300	3	821	0.0036540803897685747
CUFF_NC.8749	4	17358558	17359133	+	0	0	0		29	0	182	0.0	146	3	833	0.003601440576230492
CUFF_NC.8751	4	17369248	17369991	-	0	0	0		47	0	134	0.0	144	0	408	0.0
CUFF_NC.8748	4	17375751	17376199	+	0	0	0		26	1	102	0.00980392156862745	117	1	432	0.0023148148148148147
CUFF_NC.8750	4	17379621	17382314	+	0	0	0		142	3	761	0.003942181340341655	605	7	2537	0.0027591643673630273
CUFF_NC.8747	4	17388865	17389673	-	0	0	0		32	2	188	0.010638297872340425	145	2	709	0.0028208744710860366
CUFF_NC.8755	4	17392276	17393397	+	0	0	0		57	0	360	0.0	206	2	883	0.0022650056625141564
CUFF_NC.8756	4	17393469	17398061	+	0	0	0		107	41	705	0.05815602836879433	903	61	5356	0.011389096340552652
CUFF_NC.8757	4	17395392	17395926	+	0	0	0		15	0	94	0.0	109	3	700	0.004285714285714286
CUFF_NC.8758	4	17423406	17423847	+	0	0	0		24	2	104	0.019230769230769232	93	0	314	0.0
CUFF_NC.8761	4	17426941	17427536	-	0	0	0		10	0	138	0.0	153	1	917	0.0010905125408942203
CUFF_NC.8770	4	17434029	17434575	+	0	0	0		48	3	237	0.012658227848101266	114	3	469	0.006396588486140725
CUFF_NC.8759	4	17440189	17440916	-	0	0	0		33	1	236	0.00423728813559322	116	2	848	0.0023584905660377358
CUFF_NC.8760	4	17441097	17441763	-	0	0	0		48	2	415	0.004819277108433735	128	1	729	0.0013717421124828531
CUFF_NC.8768	4	17443070	17443854	-	0	0	0		34	1	155	0.0064516129032258064	195	4	696	0.005747126436781609
CUFF_NC.8769	4	17447369	17448456	-	0	0	0		40	2	139	0.014388489208633094	214	0	694	0.0
CUFF_NC.8766	4	17473084	17473438	-	0	0	0		22	0	69	0.0	79	2	231	0.008658008658008658
CUFF_NC.8767	4	17476268	17476779	-	0	0	0		27	1	310	0.0032258064516129032	125	2	1227	0.0016299918500407497
CUFF_NC.8763	4	17478155	17478638	-	0	0	0		40	0	172	0.0	126	3	470	0.006382978723404255
CUFF_NC.8762	4	17479552	17480258	+	0	0	0		51	11	423	0.026004728132387706	163	5	1156	0.004325259515570935
CUFF_NC.8765	4	17484320	17484758	+	0	0	0		45	1	361	0.002770083102493075	120	3	879	0.0034129692832764505
CUFF_NC.8764	4	17495137	17495935	+	0	0	0		52	3	257	0.011673151750972763	173	1	752	0.0013297872340425532
CUFF_NC.8772	4	17505628	17506486	-	0	0	0		36	2	246	0.008130081300813009	147	1	855	0.0011695906432748538
CUFF_NC.8773	4	17516129	17518483	-	0	0	0		100	2	534	0.003745318352059925	609	9	3183	0.002827521206409048
CUFF_NC.8771	4	17528657	17530356	+	0	0	0		107	0	556	0.0	341	4	1528	0.002617801047120419
CUFF_NC.8780	4	17557161	17564869	+	0	0	0		254	2	1179	0.0016963528413910093	1300	10	4830	0.002070393374741201
CUFF_NC.8781	4	17561056	17561895	+	0	0	0		20	0	149	0.0	65	0	304	0.0
CUFF_NC.8774	4	17596972	17598929	-	0	0	0		91	8	466	0.017167381974248927	359	21	1374	0.015283842794759825
CUFF_NC.8775	4	17605934	17607002	+	0	0	0		81	1	397	0.0025188916876574307	172	5	649	0.007704160246533128
CUFF_NC.8777	4	17608498	17609492	+	0	0	0		75	2	372	0.005376344086021506	255	0	1357	0.0
CUFF_NC.8776	4	17616849	17618488	+	0	0	0		90	0	579	0.0	350	6	1842	0.003257328990228013
CUFF_NC.8779	4	17634650	17635579	-	0	0	0		37	0	88	0.0	171	1	385	0.0025974025974025974
CUFF_NC.8778	4	17639453	17641012	+	0	0	0		72	0	429	0.0	344	9	1927	0.00467047223663726
CUFF_NC.8815	4	17643062	17650067	-	0	0	0		386	5	2275	0.002197802197802198	1687	20	8599	0.002325851843237586
CUFF_NC.8816	4	17649582	17650185	+	0	0	0		29	1	272	0.003676470588235294	124	3	743	0.004037685060565276
CUFF_NC.8783	4	17666076	17666717	+	0	0	0		24	0	199	0.0	133	0	786	0.0
CUFF_NC.8782	4	17673403	17674785	+	0	0	0		27	0	122	0.0	215	4	961	0.004162330905306972
CUFF_NC.8785	4	17682929	17688570	+	0	0	0		283	3	1387	0.0021629416005767843	1257	10	5568	0.0017959770114942528
CUFF_NC.8784	4	17691919	17693519	-	0	0	0		86	1	365	0.0027397260273972603	354	5	1152	0.004340277777777778
CUFF_NC.8787	4	17698935	17699581	+	0	0	0		25	0	191	0.0	132	2	813	0.0024600246002460025
CUFF_NC.8788	4	17703334	17707049	-	0	0	0		173	5	1802	0.002774694783573807	821	18	6910	0.0026049204052098407
CUFF_NC.8786	4	17707888	17709627	-	0	0	0		108	5	804	0.006218905472636816	332	10	1776	0.00563063063063063
CUFF_NC.8789	4	17710360	17710947	+	0	0	0		24	2	134	0.014925373134328358	166	6	871	0.006888633754305396
CUFF_NC.8792	4	17711648	17712156	-	0	0	0		11	9	78	0.11538461538461539	98	22	264	0.08333333333333333
CUFF_NC.8790	4	17723611	17724997	-	0	0	0		82	2	569	0.0035149384885764497	310	9	1885	0.004774535809018567
CUFF_NC.8791	4	17739786	17740205	-	0	0	0		16	0	75	0.0	140	3	559	0.005366726296958855
CUFF_NC.8794	4	17768053	17769580	-	0	0	0		60	1	257	0.0038910505836575876	327	4	1172	0.0034129692832764505
CUFF_NC.8793	4	17783543	17784259	-	0	0	0		21	0	103	0.0	163	5	617	0.008103727714748784
CUFF_NC.8798	4	17785693	17787207	-	0	0	0		76	0	1213	0.0	242	6	2816	0.002130681818181818
CUFF_NC.8799	4	17788651	17789266	+	0	0	0		19	0	56	0.0	112	2	444	0.0045045045045045045
CUFF_NC.8797	4	17802841	17804109	+	0	0	0		94	2	507	0.0039447731755424065	299	4	1492	0.002680965147453083
CUFF_NC.8795	4	17819636	17820906	-	0	0	0		52	1	305	0.003278688524590164	290	4	1266	0.00315955766192733
CUFF_NC.8796	4	17819983	17820725	+	0	0	0		27	0	154	0.0	195	2	753	0.0026560424966799467
CUFF_NC.8800	4	17821088	17821603	+	0	0	0		26	2	129	0.015503875968992248	131	1	630	0.0015873015873015873
CUFF_NC.8801	4	17825075	17827255	+	0	0	0		166	3	1012	0.0029644268774703555	568	7	2885	0.0024263431542461003
CUFF_NC.8802	4	17828481	17828836	+	0	0	0		19	0	143	0.0	97	1	653	0.0015313935681470138
CUFF_NC.8803	4	17878238	17879255	-	0	0	0		56	0	616	0.0	183	8	1691	0.004730928444707274
CUFF_NC.8817	4	17895603	17896070	+	0	0	0		27	0	215	0.0	60	1	610	0.001639344262295082
CUFF_NC.8805	4	17905315	17905889	-	0	0	0		46	1	297	0.003367003367003367	170	2	1011	0.0019782393669634025
CUFF_NC.8804	4	17913330	17913648	+	0	0	0		23	0	93	0.0	83	0	355	0.0
CUFF_NC.8806	4	17934771	17935342	+	0	0	0		48	4	234	0.017094017094017096	133	1	538	0.0018587360594795538
CUFF_NC.8833	4	17943014	17943372	-	0	0	0		28	0	159	0.0	93	0	323	0.0
CUFF_NC.8811	4	17963597	17965216	+	0	0	0		126	0	675	0.0	417	6	1986	0.0030211480362537764
CUFF_NC.8812	4	17970360	17971375	+	0	0	0		52	2	291	0.006872852233676976	232	7	1118	0.006261180679785331
CUFF_NC.8807	4	17971599	17972254	+	0	0	0		40	0	193	0.0	182	2	859	0.002328288707799767
CUFF_NC.8808	4	17983652	17984506	-	0	0	0		36	0	149	0.0	199	5	890	0.0056179775280898875
CUFF_NC.8810	4	17990984	17996037	-	0	0	0		415	6	2065	0.0029055690072639223	1359	15	6141	0.002442598925256473
CUFF_NC.8819	4	18006620	18007001	-	0	0	0		29	0	149	0.0	113	0	475	0.0
CUFF_NC.8818	4	18013001	18013330	+	0	0	0		20	0	135	0.0	99	2	523	0.0038240917782026767
CUFF_NC.8809	4	18016036	18016338	+	0	0	0		17	0	70	0.0	62	0	209	0.0
CUFF_NC.8813	4	18025586	18028764	-	0	0	0		228	4	1078	0.0037105751391465678	654	7	2584	0.0027089783281733747
CUFF_NC.8826	4	18030179	18030802	-	0	0	0		54	2	323	0.006191950464396285	155	6	872	0.006880733944954129
CUFF_NC.8827	4	18036880	18037215	-	0	0	0		19	0	44	0.0	82	0	172	0.0
CUFF_NC.8825	4	18042875	18043343	+	0	0	0		34	0	103	0.0	133	2	384	0.005208333333333333
CUFF_NC.8814	4	18053369	18055526	-	0	0	0		69	1	449	0.0022271714922048997	408	5	2416	0.0020695364238410598
CUFF_NC.8822	4	18063434	18065776	-	0	0	0		118	1	342	0.0029239766081871343	427	3	1323	0.0022675736961451248
CUFF_NC.8823	4	18066230	18066765	+	0	0	0		48	1	159	0.006289308176100629	133	0	474	0.0
CUFF_NC.8821	4	18071948	18073476	+	0	0	0		83	1	341	0.002932551319648094	254	1	989	0.0010111223458038423
CUFF_NC.8820	4	18074295	18075886	+	0	0	0		113	2	529	0.003780718336483932	374	4	1430	0.002797202797202797
CUFF_NC.8834	4	18083450	18084603	+	0	0	0		76	1	213	0.004694835680751174	244	0	719	0.0
CUFF_NC.8824	4	18115404	18115832	+	0	0	0		17	0	115	0.0	91	0	471	0.0
CUFF_NC.8828	4	18127346	18128252	-	0	0	0		27	1	473	0.0021141649048625794	175	4	2051	0.0019502681618722574
CUFF_NC.8830	4	18145383	18146313	+	0	0	0		62	0	229	0.0	209	4	791	0.0050568900126422255
CUFF_NC.8832	4	18151750	18152597	-	0	0	0		43	414	605	0.684297520661157	212	959	2199	0.43610732150977716
CUFF_NC.8829	4	18153307	18154088	-	0	0	0		47	2	299	0.006688963210702341	167	4	591	0.00676818950930626
CUFF_NC.8839	4	18155068	18155907	+	0	0	0		73	2	482	0.004149377593360996	219	3	1154	0.0025996533795493936
CUFF_NC.8835	4	18176393	18176877	+	0	0	0		32	0	100	0.0	94	0	285	0.0
CUFF_NC.8836	4	18178293	18179320	+	0	0	0		46	0	180	0.0	188	1	629	0.001589825119236884
CUFF_NC.8838	4	18185468	18186327	-	0	0	0		46	0	259	0.0	151	2	550	0.0036363636363636364
CUFF_NC.8840	4	18193010	18194077	-	0	0	0		58	0	279	0.0	250	2	1120	0.0017857142857142857
CUFF_NC.8841	4	18198201	18202735	-	0	0	0		188	221	1432	0.1543296089385475	911	568	5804	0.09786354238456237
CUFF_NC.8837	4	18203299	18203859	-	0	0	0		33	1	143	0.006993006993006993	132	3	468	0.00641025641025641
CUFF_NC.8842	4	18225437	18226438	+	0	0	0		66	0	412	0.0	250	3	1509	0.0019880715705765406
CUFF_NC.8845	4	18233565	18234446	+	0	0	0		53	0	353	0.0	218	2	1281	0.00156128024980484
CUFF_NC.8843	4	18238811	18239485	-	0	0	0		46	0	344	0.0	170	2	984	0.0020325203252032522
CUFF_NC.8848	4	18244282	18244797	+	0	0	0		49	0	189	0.0	117	3	421	0.007125890736342043
CUFF_NC.8849	4	18248254	18249509	+	0	0	0		22	1	112	0.008928571428571428	142	0	602	0.0
CUFF_NC.8850	4	18248982	18249485	-	0	0	0		12	1	70	0.014285714285714285	85	0	346	0.0
CUFF_NC.8844	4	18251933	18253202	+	0	0	0		79	3	888	0.0033783783783783786	275	5	1807	0.002767017155506364
CUFF_NC.8846	4	18258349	18258613	-	0	0	0		12	0	61	0.0	79	1	479	0.0020876826722338203
CUFF_NC.8847	4	18271125	18271549	+	0	0	0		21	0	185	0.0	98	2	860	0.002325581395348837
CUFF_NC.8857	4	18276534	18279779	-	0	0	0		247	5	1443	0.003465003465003465	845	20	4446	0.00449842555105713
CUFF_NC.8851	4	18304760	18305958	-	0	0	0		65	0	283	0.0	256	1	1034	0.0009671179883945841
CUFF_NC.8861	4	18306221	18306838	-	0	0	0		41	1	161	0.006211180124223602	133	1	474	0.002109704641350211
CUFF_NC.8852	4	18318333	18318801	-	0	0	0		18	0	137	0.0	103	3	849	0.0035335689045936395
CUFF_NC.8854	4	18318504	18318943	+	0	0	0		21	0	145	0.0	93	2	657	0.0030441400304414
CUFF_NC.8859	4	18328018	18328703	-	0	0	0		40	0	291	0.0	179	2	1070	0.001869158878504673
CUFF_NC.8855	4	18330738	18331223	+	0	0	0		18	0	80	0.0	104	1	543	0.001841620626151013
CUFF_NC.8856	4	18334381	18335115	+	0	0	0		17	0	166	0.0	174	6	1264	0.004746835443037975
CUFF_NC.8873	4	18353616	18354988	-	0	0	0		126	1	627	0.001594896331738437	345	5	1666	0.003001200480192077
CUFF_NC.8858	4	18362534	18364189	-	0	0	0		84	2	452	0.004424778761061947	435	5	2185	0.002288329519450801
CUFF_NC.8860	4	18368967	18369808	+	0	0	0		54	0	354	0.0	244	6	1436	0.004178272980501393
CUFF_NC.8868	4	18381445	18382153	+	0	0	0		40	0	132	0.0	193	0	697	0.0
CUFF_NC.8867	4	18383032	18383972	+	0	0	0		61	0	331	0.0	233	5	984	0.00508130081300813
CUFF_NC.8864	4	18387967	18389004	+	0	0	0		52	1	341	0.002932551319648094	231	5	1485	0.003367003367003367
CUFF_NC.8865	4	18389524	18390869	+	0	0	0		68	0	399	0.0	337	4	1519	0.0026333113890717576
CUFF_NC.8866	4	18390831	18391207	-	0	0	0		18	0	146	0.0	89	1	502	0.00199203187250996
CUFF_NC.8862	4	18391650	18392557	+	0	0	0		47	2	285	0.007017543859649123	191	7	1027	0.006815968841285297
CUFF_NC.8863	4	18391844	18392336	-	0	0	0		20	0	121	0.0	102	5	532	0.009398496240601503
CUFF_NC.8871	4	18392918	18393684	+	0	0	0		21	1	124	0.008064516129032258	181	8	1189	0.00672834314550042
CUFF_NC.8872	4	18396820	18397238	-	0	0	0		43	1	239	0.0041841004184100415	113	3	533	0.005628517823639775
CUFF_NC.8870	4	18401749	18405010	-	0	0	0		179	3	1053	0.002849002849002849	778	6	3842	0.0015616866215512754
CUFF_NC.8877	4	18414531	18415012	+	0	0	0		49	1	132	0.007575757575757576	142	1	375	0.0026666666666666666
CUFF_NC.8876	4	18421198	18421660	-	0	0	0		29	0	247	0.0	134	1	1002	0.000998003992015968
CUFF_NC.8869	4	18423876	18425849	-	0	0	0		49	4	351	0.011396011396011397	423	88	2331	0.037752037752037754
CUFF_NC.8878	4	18427819	18428366	+	0	0	0		30	0	178	0.0	128	2	703	0.002844950213371266
CUFF_NC.8875	4	18432652	18433610	-	0	0	0		75	1	418	0.0023923444976076554	213	2	896	0.002232142857142857
CUFF_NC.8874	4	18439004	18439539	-	0	0	0		33	0	73	0.0	116	0	341	0.0
CUFF_NC.8880	4	18457932	18459400	+	0	0	0		101	3	520	0.0057692307692307696	347	4	1769	0.0022611644997173543
CUFF_NC.8879	4	18473025	18473445	-	0	0	0		9	1	57	0.017543859649122806	99	1	573	0.0017452006980802793
CUFF_NC.8881	4	18475140	18476372	+	0	0	0		49	3	233	0.012875536480686695	296	6	1223	0.004905968928863451
CUFF_NC.8883	4	18479628	18481153	-	0	0	0		104	0	367	0.0	329	8	1100	0.007272727272727273
CUFF_NC.8885	4	18502021	18502471	-	0	0	0		15	0	100	0.0	77	2	381	0.005249343832020997
CUFF_NC.8886	4	18504505	18505281	-	0	0	0		37	0	242	0.0	171	6	888	0.006756756756756757
CUFF_NC.8887	4	18510167	18510621	+	0	0	0		14	0	64	0.0	131	9	616	0.01461038961038961
CUFF_NC.8884	4	18515602	18517152	-	0	0	0		94	0	399	0.0	346	2	1401	0.0014275517487508922
CUFF_NC.8890	4	18530336	18531444	-	0	0	0		43	1	129	0.007751937984496124	200	3	726	0.004132231404958678
CUFF_NC.8888	4	18547755	18548276	+	0	0	0		24	0	153	0.0	116	2	613	0.0032626427406199023
CUFF_NC.8889	4	18553349	18554637	+	0	0	0		49	0	736	0.0	230	2	1850	0.001081081081081081
CUFF_NC.8894	4	18555660	18557729	+	0	0	0		124	1	620	0.0016129032258064516	461	6	2183	0.002748511223087494
CUFF_NC.8899	4	18563228	18563737	+	0	0	0		28	1	118	0.00847457627118644	88	0	321	0.0
CUFF_NC.8896	4	18571432	18573850	+	0	0	0		116	1	936	0.0010683760683760685	487	6	3257	0.00184218606079214
CUFF_NC.8891	4	18574483	18575900	-	0	0	0		70	0	276	0.0	341	3	1316	0.0022796352583586625
CUFF_NC.8892	4	18576239	18577564	-	0	0	0		90	0	490	0.0	253	2	1185	0.0016877637130801688
CUFF_NC.8897	4	18579193	18580702	-	0	0	0		59	1	393	0.002544529262086514	283	2	1458	0.0013717421124828531
CUFF_NC.8895	4	18583186	18584034	-	0	0	0		62	296	409	0.7237163814180929	185	138	952	0.14495798319327732
CUFF_NC.8900	5	5891	6996	+	0	0	0		103	1	380	0.002631578947368421	307	2	1138	0.0017574692442882249
CUFF_NC.8898	5	8616	9055	+	0	0	0		20	1	156	0.00641025641025641	89	0	443	0.0
CUFF_NC.8904	5	13881	19185	+	0	0	0		201	6	1163	0.005159071367153913	1085	15	5000	0.003
CUFF_NC.8902	5	26926	27933	+	0	0	0		33	0	299	0.0	217	5	1918	0.0026068821689259644
CUFF_NC.8903	5	28493	30106	+	0	0	0		34	45	119	0.37815126050420167	222	129	820	0.1573170731707317
CUFF_NC.8901	5	33173	34189	-	0	0	0		40	0	312	0.0	177	5	1157	0.00432152117545376
CUFF_NC.8907	5	54656	55730	-	0	0	0		105	2	442	0.004524886877828055	294	1	1062	0.0009416195856873823
CUFF_NC.8912	5	57968	60156	-	0	0	0		137	2	771	0.0025940337224383916	324	2	1579	0.001266624445851805
CUFF_NC.8913	5	63626	64180	+	0	0	0		24	0	117	0.0	126	1	464	0.0021551724137931034
CUFF_NC.8905	5	64774	65277	+	0	0	0		2	2	4	0.5	19	8	37	0.21621621621621623
CUFF_NC.8906	5	65352	71142	+	0	0	0		17	31	66	0.4696969696969697	138	136	551	0.24682395644283123
CUFF_NC.8910	5	72979	74584	-	0	0	0		84	1	280	0.0035714285714285713	297	3	833	0.003601440576230492
CUFF_NC.8908	5	77834	78424	-	0	0	0		36	0	108	0.0	113	5	380	0.013157894736842105
CUFF_NC.8909	5	84465	86258	-	0	0	0		135	2	748	0.00267379679144385	282	2	1224	0.0016339869281045752
CUFF_NC.8911	5	86774	87264	+	0	0	0		39	1	357	0.0028011204481792717	126	0	811	0.0
CUFF_NC.8914	5	97627	98441	-	0	0	0		47	1	223	0.004484304932735426	220	1	840	0.0011904761904761906
CUFF_NC.8915	5	141734	142293	-	0	0	0		14	0	50	0.0	47	0	124	0.0
CUFF_NC.8916	5	144134	144881	+	0	0	0		29	0	155	0.0	116	1	530	0.0018867924528301887
CUFF_NC.8917	5	148543	149590	+	0	0	0		52	1	373	0.002680965147453083	243	4	1546	0.00258732212160414
CUFF_NC.8925	5	162664	163336	+	0	0	0		75	3	371	0.008086253369272238	145	2	1089	0.0018365472910927456
CUFF_NC.8918	5	175216	176096	+	0	0	0		70	0	428	0.0	141	0	833	0.0
CUFF_NC.8920	5	178282	178612	+	0	0	0		22	0	361	0.0	63	2	731	0.0027359781121751026
CUFF_NC.8919	5	179223	179826	-	0	0	0		22	31	147	0.2108843537414966	136	30	762	0.03937007874015748
CUFF_NC.8922	5	182032	183317	+	0	0	0		44	1	179	0.00558659217877095	248	4	973	0.0041109969167523125
CUFF_NC.8921	5	186654	186956	-	0	0	0		16	0	120	0.0	59	2	403	0.004962779156327543
CUFF_NC.8923	5	192050	192625	-	0	0	0		47	2	384	0.005208333333333333	141	4	1110	0.0036036036036036037
CUFF_NC.8924	5	192845	193489	-	0	0	0		21	0	131	0.0	146	2	836	0.0023923444976076554
CUFF_NC.8932	5	198784	199494	-	0	0	0		58	0	194	0.0	181	1	830	0.0012048192771084338
CUFF_NC.8933	5	206503	209677	-	0	0	0		242	5	1097	0.004557885141294439	759	12	3183	0.003770028275212064
CUFF_NC.8934	5	207850	208468	-	0	0	0		38	3	266	0.011278195488721804	133	2	619	0.0032310177705977385
CUFF_NC.8926	5	241270	242461	+	0	0	0		77	0	430	0.0	256	2	1184	0.0016891891891891893
CUFF_NC.8928	5	244959	245271	+	0	0	0		28	0	186	0.0	83	0	514	0.0
CUFF_NC.8927	5	257184	260490	-	0	0	0		182	1	717	0.001394700139470014	789	3	2956	0.0010148849797023004
CUFF_NC.8929	5	261581	262083	+	0	0	0		47	0	282	0.0	126	0	769	0.0
CUFF_NC.8930	5	263681	265749	+	0	0	0		121	3	929	0.0032292787944025836	419	11	2259	0.004869411243913236
CUFF_NC.8931	5	272299	272754	+	0	0	0		16	0	127	0.0	102	4	662	0.006042296072507553
CUFF_NC.8936	5	276062	276477	+	0	0	0		37	0	173	0.0	113	2	475	0.004210526315789474
CUFF_NC.8935	5	280604	281509	-	0	0	0		48	1	178	0.0056179775280898875	224	7	707	0.009900990099009901
CUFF_NC.8969	5	289812	291246	-	0	0	0		60	0	291	0.0	224	2	958	0.0020876826722338203
CUFF_NC.8967	5	294646	295041	+	0	0	0		39	2	154	0.012987012987012988	109	0	420	0.0
CUFF_NC.8968	5	297111	297898	+	0	0	0		59	0	307	0.0	229	2	861	0.0023228803716608595
CUFF_NC.8938	5	304807	305851	+	0	0	0		71	0	407	0.0	186	1	925	0.001081081081081081
CUFF_NC.8940	5	306610	307278	-	0	0	0		17	0	122	0.0	98	3	636	0.0047169811320754715
CUFF_NC.8941	5	313275	315270	+	0	0	0		144	1	832	0.001201923076923077	365	5	1461	0.0034223134839151265
CUFF_NC.8939	5	324665	325130	-	0	0	0		42	1	93	0.010752688172043012	110	1	205	0.004878048780487805
CUFF_NC.8942	5	338758	339521	-	0	0	0		57	2	209	0.009569377990430622	158	1	579	0.0017271157167530224
CUFF_NC.8943	5	339656	340080	-	0	0	0		21	1	146	0.00684931506849315	91	0	493	0.0
CUFF_NC.8944	5	357848	358716	+	0	0	0		53	1	352	0.002840909090909091	257	3	1485	0.00202020202020202
CUFF_NC.8949	5	375231	376088	-	0	0	0		59	0	258	0.0	227	1	830	0.0012048192771084338
CUFF_NC.8948	5	385235	385747	-	0	0	0		35	0	189	0.0	135	1	635	0.0015748031496062992
CUFF_NC.8946	5	386659	387211	+	0	0	0		36	2	160	0.0125	140	1	566	0.0017667844522968198
CUFF_NC.8947	5	387432	388239	+	0	0	0		12	0	143	0.0	130	2	787	0.0025412960609911056
CUFF_NC.8945	5	395617	396600	-	0	0	0		53	0	353	0.0	154	0	702	0.0
CUFF_NC.8954	5	425630	426082	+	0	0	0		18	1	87	0.011494252873563218	123	1	345	0.002898550724637681
CUFF_NC.8950	5	435064	436857	-	0	0	0		113	0	623	0.0	343	5	1528	0.0032722513089005235
CUFF_NC.8952	5	449272	450132	-	0	0	0		39	0	240	0.0	133	0	849	0.0
CUFF_NC.8953	5	463016	463855	-	0	0	0		36	0	217	0.0	177	5	730	0.00684931506849315
CUFF_NC.8970	5	473840	475095	-	0	0	0		72	0	277	0.0	246	2	872	0.0022935779816513763
CUFF_NC.8971	5	475546	482288	-	0	0	0		494	9	2828	0.0031824611032531826	1768	21	9251	0.0022700248621770618
CUFF_NC.8972	5	478571	479571	-	0	0	0		78	3	518	0.005791505791505791	238	4	1350	0.002962962962962963
CUFF_NC.8973	5	480471	481072	-	0	0	0		38	0	275	0.0	160	4	1070	0.003738317757009346
CUFF_NC.8955	5	496842	497361	+	0	0	0		6	0	6	0.0	37	0	52	0.0
CUFF_NC.8956	5	498264	499194	+	0	0	0		35	0	206	0.0	223	5	1203	0.004156275976724855
CUFF_NC.8957	5	498594	498939	-	0	0	0		11	0	63	0.0	93	2	577	0.0034662045060658577
CUFF_NC.8958	5	500442	500750	+	0	0	0		11	0	31	0.0	71	1	191	0.005235602094240838
CUFF_NC.8959	5	501226	501920	+	0	0	0		16	0	72	0.0	132	1	753	0.0013280212483399733
CUFF_NC.8960	5	508546	509889	+	0	0	0		55	1	390	0.002564102564102564	298	1	1844	0.0005422993492407809
CUFF_NC.8961	5	513415	514040	-	0	0	0		61	0	253	0.0	115	1	752	0.0013297872340425532
CUFF_NC.8962	5	523245	523897	-	0	0	0		37	0	199	0.0	127	2	563	0.003552397868561279
CUFF_NC.8963	5	524956	525466	+	0	0	0		12	0	32	0.0	76	3	219	0.0136986301369863
CUFF_NC.8964	5	529411	529792	-	0	0	0		24	0	77	0.0	95	0	310	0.0
CUFF_NC.8965	5	530826	531515	-	0	0	0		24	1	165	0.006060606060606061	151	1	638	0.001567398119122257
CUFF_NC.8966	5	545346	545910	+	0	0	0		0	0	0		10	0	43	0.0
CUFF_NC.8975	5	564215	564706	+	0	0	0		23	2	107	0.018691588785046728	122	2	413	0.004842615012106538
CUFF_NC.8974	5	575310	576486	-	0	0	0		80	1	388	0.002577319587628866	285	6	1239	0.004842615012106538
CUFF_NC.8977	5	591593	592418	-	0	0	0		53	0	361	0.0	146	0	809	0.0
CUFF_NC.8980	5	602787	604218	+	0	0	0		110	4	497	0.008048289738430584	257	1	1153	0.0008673026886383347
CUFF_NC.8981	5	606566	607414	-	0	0	0		51	1	259	0.003861003861003861	223	2	1023	0.0019550342130987292
CUFF_NC.8976	5	609199	609817	+	0	0	0		11	0	62	0.0	122	3	487	0.006160164271047228
CUFF_NC.8978	5	620451	621049	-	0	0	0		30	0	186	0.0	104	0	562	0.0
CUFF_NC.8985	5	638477	639140	+	0	0	0		43	1	395	0.002531645569620253	159	1	1037	0.0009643201542912247
CUFF_NC.8986	5	639818	640450	+	0	0	0		38	0	248	0.0	180	3	935	0.0032085561497326204
CUFF_NC.8982	5	657803	658940	-	0	0	0		84	1	311	0.003215434083601286	286	3	865	0.003468208092485549
CUFF_NC.8979	5	659951	660603	-	0	0	0		38	82	178	0.4606741573033708	178	82	1008	0.08134920634920635
CUFF_NC.8983	5	672831	673368	+	0	0	0		33	0	125	0.0	141	4	536	0.007462686567164179
CUFF_NC.8984	5	677277	678056	-	0	0	0		52	0	380	0.0	193	1	1112	0.0008992805755395684
CUFF_NC.9001	5	680389	681758	-	0	0	0		82	0	471	0.0	306	4	1589	0.0025173064820641915
CUFF_NC.8987	5	705934	706343	-	0	0	0		20	0	200	0.0	108	0	761	0.0
CUFF_NC.8988	5	710271	711037	+	0	0	0		68	0	263	0.0	209	0	746	0.0
CUFF_NC.8993	5	721816	722119	-	0	0	0		21	0	148	0.0	51	0	308	0.0
CUFF_NC.8994	5	722755	726375	-	0	0	0		165	748	1430	0.5230769230769231	770	714	5148	0.1386946386946387
CUFF_NC.8991	5	726804	727660	-	0	0	0		51	1	271	0.0036900369003690036	210	2	1019	0.001962708537782139
CUFF_NC.8989	5	730145	731161	-	0	0	0		62	1	374	0.00267379679144385	166	3	756	0.003968253968253968
CUFF_NC.8990	5	735798	736799	-	0	0	0		53	1	246	0.0040650406504065045	257	3	1095	0.0027397260273972603
CUFF_NC.8996	5	737761	740381	+	0	0	0		192	5	897	0.005574136008918618	474	7	1888	0.003707627118644068
CUFF_NC.8992	5	744563	745156	-	0	0	0		11	38	90	0.4222222222222222	70	211	451	0.4678492239467849
CUFF_NC.8995	5	747660	748708	-	0	0	0		38	0	142	0.0	211	3	593	0.00505902192242833
CUFF_NC.8999	5	760676	761869	+	0	0	0		76	4	573	0.006980802792321117	223	25	1423	0.017568517217146872
CUFF_NC.8998	5	767664	768392	+	0	0	0		29	1	179	0.00558659217877095	172	2	1242	0.001610305958132045
CUFF_NC.8997	5	769364	770331	-	0	0	0		42	0	428	0.0	169	4	1001	0.003996003996003996
CUFF_NC.9002	5	771757	772916	+	0	0	0		91	1	360	0.002777777777777778	335	1	1352	0.0007396449704142012
CUFF_NC.9000	5	785062	785575	-	0	0	0		15	0	49	0.0	100	4	318	0.012578616352201259
CUFF_NC.9004	5	791963	792579	-	0	0	0		43	3	229	0.013100436681222707	166	3	653	0.004594180704441042
CUFF_NC.9003	5	798309	798596	-	0	0	0		24	2	102	0.0196078431372549	73	0	344	0.0
CUFF_NC.9008	5	811569	812171	+	0	0	0		43	1	241	0.004149377593360996	183	2	675	0.002962962962962963
CUFF_NC.9005	5	817943	818610	-	0	0	0		44	1	110	0.00909090909090909	174	0	498	0.0
CUFF_NC.9007	5	826606	827016	+	0	0	0		29	0	116	0.0	66	0	233	0.0
CUFF_NC.9006	5	838908	839638	+	0	0	0		28	1	329	0.00303951367781155	184	7	1206	0.005804311774461028
CUFF_NC.9010	5	859177	859673	+	0	0	0		41	0	231	0.0	128	1	569	0.0017574692442882249
CUFF_NC.9009	5	874176	874477	+	0	0	0		25	0	89	0.0	72	1	266	0.0037593984962406013
CUFF_NC.9012	5	894599	895255	-	0	0	0		14	2	40	0.05	211	4	703	0.005689900426742532
CUFF_NC.9011	5	895826	896403	+	0	0	0		28	0	242	0.0	116	2	764	0.002617801047120419
CUFF_NC.9019	5	898405	900150	+	0	0	0		124	1	471	0.0021231422505307855	419	3	1580	0.0018987341772151898
CUFF_NC.9014	5	909738	910179	-	0	0	0		14	1	139	0.007194244604316547	113	1	679	0.0014727540500736377
CUFF_NC.9015	5	917491	917787	-	0	0	0		22	0	88	0.0	76	0	257	0.0
CUFF_NC.9016	5	917923	918480	-	0	0	0		28	0	174	0.0	150	1	744	0.0013440860215053765
CUFF_NC.9017	5	919282	921931	-	0	0	0		179	2	968	0.002066115702479339	618	7	2958	0.0023664638269100743
CUFF_NC.9027	5	937675	938412	-	0	0	0		45	1	248	0.004032258064516129	161	2	803	0.0024906600249066002
CUFF_NC.9018	5	940787	941450	-	0	0	0		24	0	129	0.0	150	4	924	0.004329004329004329
CUFF_NC.9020	5	947096	949003	-	0	0	0		116	3	807	0.0037174721189591076	421	6	2334	0.002570694087403599
CUFF_NC.9023	5	965339	965797	+	0	0	0		12	1	75	0.013333333333333334	110	1	579	0.0017271157167530224
CUFF_NC.9024	5	966229	967478	+	0	0	0		70	0	377	0.0	233	1	1212	0.0008250825082508251
CUFF_NC.9021	5	973542	974305	+	0	0	0		41	2	324	0.006172839506172839	147	4	840	0.004761904761904762
CUFF_NC.9022	5	978966	979939	+	0	0	0		59	0	106	0.0	169	1	262	0.003816793893129771
CUFF_NC.9025	5	985748	986014	+	0	0	0		4	0	14	0.0	72	0	373	0.0
CUFF_NC.9028	5	997677	998192	-	0	0	0		17	1	136	0.007352941176470588	123	1	708	0.0014124293785310734
CUFF_NC.9026	5	1013696	1016534	+	0	0	0		112	5	668	0.0074850299401197605	450	9	1982	0.004540867810292634
CUFF_NC.9033	5	1030160	1032171	+	0	0	0		95	2	563	0.003552397868561279	494	11	2680	0.004104477611940298
CUFF_NC.9029	5	1035678	1037413	+	0	0	0		72	2	716	0.002793296089385475	288	4	1553	0.0025756600128783
CUFF_NC.9032	5	1038398	1039465	+	0	0	0		58	0	396	0.0	224	5	1384	0.0036127167630057803
CUFF_NC.9031	5	1042462	1042743	-	0	0	0		13	0	125	0.0	83	4	414	0.00966183574879227
CUFF_NC.9030	5	1047259	1047619	-	0	0	0		15	0	87	0.0	76	0	427	0.0
CUFF_NC.9034	5	1051747	1052235	-	0	0	0		41	1	241	0.004149377593360996	125	2	504	0.003968253968253968
CUFF_NC.9037	5	1084563	1085692	+	0	0	0		39	1	596	0.0016778523489932886	159	1	1620	0.0006172839506172839
CUFF_NC.9036	5	1089259	1090182	-	0	0	0		48	0	303	0.0	202	1	1058	0.000945179584120983
CUFF_NC.9048	5	1097657	1098058	-	0	0	0		16	1	84	0.011904761904761904	70	2	313	0.006389776357827476
CUFF_NC.9035	5	1108891	1109362	-	0	0	0		11	0	53	0.0	90	6	393	0.015267175572519083
CUFF_NC.9042	5	1123596	1124036	+	0	0	0		33	1	210	0.004761904761904762	105	3	576	0.005208333333333333
CUFF_NC.9038	5	1144132	1145135	+	0	0	0		39	0	355	0.0	220	2	1397	0.0014316392269148174
CUFF_NC.9039	5	1145496	1145828	-	0	0	0		27	0	250	0.0	69	0	289	0.0
CUFF_NC.9045	5	1158023	1158596	+	0	0	0		40	2	273	0.007326007326007326	153	5	886	0.0056433408577878106
CUFF_NC.9040	5	1160538	1161433	-	0	0	0		35	0	169	0.0	139	0	651	0.0
CUFF_NC.9041	5	1162483	1163799	-	0	0	0		99	2	362	0.0055248618784530384	351	2	1380	0.0014492753623188406
CUFF_NC.9047	5	1171468	1172133	-	0	0	0		65	1	368	0.002717391304347826	186	4	987	0.004052684903748734
CUFF_NC.9043	5	1180844	1181333	-	0	0	0		13	138	233	0.592274678111588	99	351	994	0.35311871227364183
CUFF_NC.9046	5	1182066	1182618	+	0	0	0		22	54	158	0.34177215189873417	155	67	1083	0.061865189289012
CUFF_NC.9052	5	1201526	1202656	-	0	0	0		82	3	689	0.0043541364296081275	219	3	1110	0.002702702702702703
CUFF_NC.9051	5	1205980	1207234	+	0	0	0		70	1	479	0.0020876826722338203	277	12	1296	0.009259259259259259
CUFF_NC.9049	5	1219812	1220506	-	0	0	0		26	0	123	0.0	165	2	821	0.00243605359317905
CUFF_NC.9050	5	1221014	1221359	-	0	0	0		5	0	27	0.0	79	1	377	0.002652519893899204
CUFF_NC.9062	5	1225366	1225713	-	0	0	0		17	0	78	0.0	92	2	464	0.004310344827586207
CUFF_NC.9055	5	1238734	1240451	-	0	0	0		88	1	348	0.0028735632183908046	447	3	2035	0.0014742014742014742
CUFF_NC.9053	5	1240882	1241344	+	0	0	0		22	0	210	0.0	106	1	773	0.00129366106080207
CUFF_NC.9054	5	1242484	1243336	-	0	0	0		51	0	256	0.0	209	0	775	0.0
CUFF_NC.9057	5	1254783	1255226	-	0	0	0		21	0	142	0.0	56	2	356	0.0056179775280898875
CUFF_NC.9058	5	1259802	1261143	-	0	0	0		75	1	506	0.001976284584980237	220	3	1172	0.002559726962457338
CUFF_NC.9056	5	1270617	1271435	+	0	0	0		20	0	98	0.0	198	2	1013	0.0019743336623889436
CUFF_NC.9067	5	1271545	1273250	+	0	0	0		98	2	707	0.002828854314002829	356	9	2083	0.0043206913106096975
CUFF_NC.9068	5	1277023	1278102	+	0	0	0		51	1	201	0.004975124378109453	219	0	825	0.0
CUFF_NC.9059	5	1279457	1280438	-	0	0	0		44	1	404	0.0024752475247524753	179	3	946	0.003171247357293869
CUFF_NC.9063	5	1290152	1291307	+	0	0	0		72	0	268	0.0	211	2	783	0.002554278416347382
CUFF_NC.9060	5	1292086	1293836	+	0	0	0		84	1	484	0.002066115702479339	445	8	2410	0.0033195020746887966
CUFF_NC.9061	5	1304504	1305563	+	0	0	0		80	2	555	0.0036036036036036037	252	4	1492	0.002680965147453083
CUFF_NC.9075	5	1310502	1311464	-	0	0	0		106	2	575	0.0034782608695652175	275	3	1521	0.0019723865877712033
CUFF_NC.9065	5	1330478	1331740	-	0	0	0		85	1	469	0.0021321961620469083	229	6	1279	0.004691164972634871
CUFF_NC.9064	5	1333395	1333737	-	0	0	0		20	0	141	0.0	80	3	505	0.005940594059405941
CUFF_NC.9066	5	1341612	1343953	-	0	0	0		83	2	643	0.003110419906687403	522	20	3562	0.005614823133071308
CUFF_NC.9074	5	1354274	1356747	+	0	0	0		144	3	614	0.004885993485342019	549	3	1968	0.001524390243902439
CUFF_NC.9072	5	1373672	1374232	+	0	0	0		35	1	251	0.00398406374501992	118	1	663	0.0015082956259426848
CUFF_NC.9069	5	1377919	1378373	+	0	0	0		14	0	71	0.0	111	1	588	0.0017006802721088435
CUFF_NC.9070	5	1378973	1380510	-	0	0	0		110	0	464	0.0	245	1	1028	0.0009727626459143969
CUFF_NC.9071	5	1381580	1382344	-	0	0	0		40	0	225	0.0	206	2	840	0.002380952380952381
CUFF_NC.9076	5	1392982	1393860	-	0	0	0		56	0	298	0.0	221	4	1223	0.003270645952575634
CUFF_NC.9073	5	1399325	1400530	-	0	0	0		57	0	243	0.0	203	0	662	0.0
CUFF_NC.9099	5	1438090	1438455	-	0	0	0		37	0	167	0.0	86	1	289	0.0034602076124567475
CUFF_NC.9098	5	1440955	1441462	+	0	0	0		17	0	160	0.0	59	2	364	0.005494505494505495
CUFF_NC.9081	5	1444627	1445144	-	0	0	0		13	0	106	0.0	81	1	400	0.0025
CUFF_NC.9082	5	1447820	1449588	-	0	0	0		141	1	715	0.0013986013986013986	502	8	2256	0.0035460992907801418
CUFF_NC.9077	5	1450081	1450542	+	0	0	0		20	1	80	0.0125	95	1	419	0.002386634844868735
CUFF_NC.9078	5	1450181	1450683	-	0	0	0		24	1	123	0.008130081300813009	105	1	505	0.0019801980198019802
CUFF_NC.9079	5	1455809	1456901	+	0	0	0		66	2	477	0.0041928721174004195	235	3	1413	0.0021231422505307855
CUFF_NC.9084	5	1471549	1472243	+	0	0	0		52	2	168	0.011904761904761904	155	0	498	0.0
CUFF_NC.9085	5	1475144	1475593	+	0	0	0		23	0	120	0.0	117	1	526	0.0019011406844106464
CUFF_NC.9080	5	1488415	1489126	+	0	0	0		24	96	180	0.5333333333333333	174	168	1058	0.15879017013232513
CUFF_NC.9087	5	1499166	1500919	+	0	0	0		73	2	417	0.004796163069544364	447	10	2632	0.003799392097264438
CUFF_NC.9083	5	1501511	1501863	+	0	0	0		5	9	35	0.2571428571428571	86	10	464	0.021551724137931036
CUFF_NC.9086	5	1505888	1506539	+	0	0	0		53	0	195	0.0	145	3	468	0.00641025641025641
CUFF_NC.9088	5	1509750	1510350	+	0	0	0		23	0	142	0.0	119	6	557	0.010771992818671455
CUFF_NC.9090	5	1513561	1513910	-	0	0	0		20	0	130	0.0	87	1	500	0.002
CUFF_NC.9091	5	1514280	1514885	-	0	0	0		52	0	357	0.0	168	1	904	0.0011061946902654867
CUFF_NC.9092	5	1522167	1522513	-	0	0	0		33	0	160	0.0	101	1	485	0.002061855670103093
CUFF_NC.9093	5	1548579	1549629	-	0	0	0		70	2	991	0.0020181634712411706	232	7	2096	0.0033396946564885495
CUFF_NC.9097	5	1554116	1554792	+	0	0	0		53	0	261	0.0	191	7	1033	0.006776379477250726
CUFF_NC.9094	5	1557105	1558554	+	0	0	0		67	1	405	0.0024691358024691358	253	2	1274	0.0015698587127158557
CUFF_NC.9095	5	1562045	1563114	-	0	0	0		35	1	189	0.005291005291005291	236	1	1055	0.0009478672985781991
CUFF_NC.9096	5	1570115	1570710	+	0	0	0		36	1	195	0.005128205128205128	116	5	666	0.0075075075075075074
CUFF_NC.9100	5	1585412	1586377	-	0	0	0		56	2	396	0.005050505050505051	255	4	1737	0.002302820955670697
CUFF_NC.9101	5	1595802	1596407	-	0	0	0		35	2	84	0.023809523809523808	114	1	279	0.0035842293906810036
CUFF_NC.9103	5	1606377	1607821	+	0	0	0		57	4	338	0.011834319526627219	352	33	2182	0.015123739688359304
CUFF_NC.9102	5	1608932	1610387	-	0	0	0		75	0	262	0.0	329	7	999	0.007007007007007007
CUFF_NC.9104	5	1617636	1620145	-	0	0	0		128	1	756	0.0013227513227513227	589	5	3173	0.001575795776867318
CUFF_NC.9106	5	1635508	1636126	-	0	0	0		37	0	177	0.0	126	2	482	0.004149377593360996
CUFF_NC.9125	5	1667054	1667906	+	0	0	0		35	0	150	0.0	125	3	428	0.007009345794392523
CUFF_NC.9126	5	1668041	1668572	+	0	0	0		22	1	141	0.0070921985815602835	86	0	527	0.0
CUFF_NC.9105	5	1671855	1673078	-	0	0	0		26	0	90	0.0	260	2	1154	0.0017331022530329288
CUFF_NC.9107	5	1677053	1677585	+	0	0	0		21	0	167	0.0	164	1	924	0.0010822510822510823
CUFF_NC.9118	5	1696526	1696802	+	0	0	0		21	1	92	0.010869565217391304	76	1	210	0.004761904761904762
CUFF_NC.9119	5	1705518	1706023	+	0	0	0		7	0	8	0.0	66	0	165	0.0
CUFF_NC.9120	5	1706309	1712337	+	0	0	0		144	3	792	0.003787878787878788	1248	24	6367	0.0037694361551751216
CUFF_NC.9112	5	1727599	1727997	-	0	0	0		15	0	66	0.0	58	0	232	0.0
CUFF_NC.9110	5	1729779	1730163	+	0	0	0		32	0	94	0.0	89	1	256	0.00390625
CUFF_NC.9111	5	1730554	1731037	+	0	0	0		37	3	224	0.013392857142857142	88	0	445	0.0
CUFF_NC.9108	5	1740974	1741487	+	0	0	0		31	0	128	0.0	139	0	602	0.0
CUFF_NC.9113	5	1743915	1744553	+	0	0	0		38	0	260	0.0	160	1	794	0.0012594458438287153
CUFF_NC.9109	5	1746598	1748163	-	0	0	0		89	1	552	0.0018115942028985507	217	4	1045	0.003827751196172249
CUFF_NC.9116	5	1753616	1754328	+	0	0	0		33	0	160	0.0	150	3	550	0.005454545454545455
CUFF_NC.9117	5	1759394	1760769	+	0	0	0		71	0	401	0.0	322	4	1506	0.0026560424966799467
CUFF_NC.9114	5	1765356	1766235	-	0	0	0		39	0	203	0.0	230	8	1204	0.006644518272425249
CUFF_NC.9115	5	1766537	1767176	-	0	0	0		46	0	246	0.0	178	2	902	0.0022172949002217295
CUFF_NC.9121	5	1769739	1770137	-	0	0	0		22	0	126	0.0	93	1	448	0.002232142857142857
CUFF_NC.9122	5	1770654	1775922	-	0	0	0		191	1	864	0.0011574074074074073	875	10	3625	0.002758620689655172
CUFF_NC.9123	5	1772549	1774841	-	0	0	0		109	1	471	0.0021231422505307855	419	6	1533	0.003913894324853229
CUFF_NC.9124	5	1787899	1788439	-	0	0	0		23	0	152	0.0	123	3	525	0.005714285714285714
CUFF_NC.9130	5	1797150	1797567	-	0	0	0		29	0	175	0.0	92	2	484	0.004132231404958678
CUFF_NC.9128	5	1809914	1810192	-	0	0	0		16	1	53	0.018867924528301886	61	0	182	0.0
CUFF_NC.9127	5	1816740	1818096	+	0	0	0		78	3	302	0.009933774834437087	350	4	1227	0.0032599837000814994
CUFF_NC.9129	5	1860357	1860875	+	0	0	0		34	0	184	0.0	129	1	619	0.0016155088852988692
CUFF_NC.9138	5	1903447	1904015	+	0	0	0		33	0	93	0.0	92	2	255	0.00784313725490196
CUFF_NC.9131	5	1912634	1914351	-	0	0	0		81	1	557	0.0017953321364452424	372	5	1965	0.002544529262086514
CUFF_NC.9132	5	1934842	1935783	+	0	0	0		30	0	211	0.0	144	2	953	0.002098635886673662
CUFF_NC.9137	5	1942502	1942840	-	0	0	0		26	0	159	0.0	93	2	572	0.0034965034965034965
CUFF_NC.9133	5	1952696	1954295	-	0	0	0		109	2	502	0.00398406374501992	281	5	1212	0.004125412541254125
CUFF_NC.9134	5	1968097	1968842	+	0	0	0		31	0	121	0.0	180	1	627	0.001594896331738437
CUFF_NC.9136	5	1974677	1975719	+	0	0	0		41	2	422	0.004739336492890996	249	3	1868	0.0016059957173447537
CUFF_NC.9135	5	1975980	1976425	+	0	0	0		26	0	204	0.0	92	3	594	0.005050505050505051
CUFF_NC.9139	5	1977798	1978898	+	0	0	0		51	1	186	0.005376344086021506	243	3	897	0.0033444816053511705
CUFF_NC.9140	5	1979737	1981358	+	0	0	0		30	3	187	0.016042780748663103	255	3	1301	0.0023059185242121443
CUFF_NC.9141	5	2000374	2001010	+	0	0	0		35	1	274	0.0036496350364963502	127	5	694	0.007204610951008645
CUFF_NC.9142	5	2005979	2007353	+	0	0	0		48	2	376	0.005319148936170213	277	3	1564	0.0019181585677749361
CUFF_NC.9152	5	2010292	2011273	+	0	0	0		62	2	205	0.00975609756097561	249	4	745	0.005369127516778523
CUFF_NC.9143	5	2043492	2043938	-	0	0	0		11	0	63	0.0	89	0	610	0.0
CUFF_NC.9151	5	2054897	2055417	+	0	0	0		24	1	171	0.005847953216374269	111	1	441	0.0022675736961451248
CUFF_NC.9144	5	2056826	2057487	-	0	0	0		32	0	242	0.0	139	0	700	0.0
CUFF_NC.9146	5	2068220	2070479	+	0	0	0		106	1	627	0.001594896331738437	470	9	2186	0.004117108874656907
CUFF_NC.9149	5	2088727	2089327	+	0	0	0		2	0	3	0.0	12	0	28	0.0
CUFF_NC.9147	5	2094305	2094795	+	0	0	0		9	0	51	0.0	119	1	544	0.001838235294117647
CUFF_NC.9148	5	2096739	2097256	+	0	0	0		25	0	242	0.0	87	4	638	0.006269592476489028
CUFF_NC.9145	5	2097739	2099096	+	0	0	0		47	0	230	0.0	341	6	1268	0.00473186119873817
CUFF_NC.9150	5	2105214	2105653	-	0	0	0		16	1	66	0.015151515151515152	125	1	470	0.002127659574468085
CUFF_NC.9153	5	2120364	2121236	-	0	0	0		24	1	112	0.008928571428571428	230	3	959	0.0031282586027111575
CUFF_NC.9154	5	2132117	2135037	-	0	0	0		169	2	994	0.002012072434607646	688	9	3722	0.0024180548092423426
CUFF_NC.9159	5	2169101	2170590	-	0	0	0		86	0	352	0.0	346	8	1338	0.005979073243647235
CUFF_NC.9157	5	2171581	2176494	+	0	0	0		158	0	814	0.0	1150	13	5032	0.0025834658187599362
CUFF_NC.9155	5	2179754	2180277	+	0	0	0		21	0	107	0.0	124	2	561	0.0035650623885918
CUFF_NC.9156	5	2183529	2185769	+	0	0	0		162	2	546	0.003663003663003663	485	6	1753	0.0034227039361095267
CUFF_NC.9158	5	2215578	2218171	-	0	0	0		133	1	637	0.0015698587127158557	516	3	1983	0.0015128593040847202
CUFF_NC.9166	5	2226405	2227563	+	0	0	0		48	0	328	0.0	289	7	1612	0.004342431761786601
CUFF_NC.9161	5	2266300	2266747	+	0	0	0		21	0	89	0.0	99	0	471	0.0
CUFF_NC.9162	5	2272848	2274174	-	0	0	0		78	0	342	0.0	340	3	1363	0.0022010271460014674
CUFF_NC.9169	5	2282336	2283581	-	0	0	0		82	4	423	0.009456264775413711	287	8	1562	0.005121638924455826
CUFF_NC.9163	5	2286449	2287009	-	0	0	0		60	0	268	0.0	139	0	476	0.0
CUFF_NC.9164	5	2287320	2288128	-	0	0	0		59	0	345	0.0	197	3	837	0.0035842293906810036
CUFF_NC.9167	5	2292993	2293958	-	0	0	0		52	0	449	0.0	211	0	1660	0.0
CUFF_NC.9168	5	2296934	2297423	-	0	0	0		42	1	299	0.0033444816053511705	157	4	1028	0.0038910505836575876
CUFF_NC.9165	5	2313118	2313563	-	0	0	0		18	0	97	0.0	101	0	474	0.0
CUFF_NC.9175	5	2317802	2318743	-	0	0	0		54	2	301	0.006644518272425249	240	5	1061	0.00471253534401508
CUFF_NC.9174	5	2321423	2321881	+	0	0	0		49	0	346	0.0	113	1	762	0.0013123359580052493
CUFF_NC.9173	5	2343891	2345426	-	0	0	0		119	1	546	0.0018315018315018315	371	3	1568	0.001913265306122449
CUFF_NC.9172	5	2349550	2353171	-	0	0	0		176	3	688	0.00436046511627907	818	23	3128	0.007352941176470588
CUFF_NC.9170	5	2354492	2355233	+	0	0	0		37	1	205	0.004878048780487805	151	1	973	0.0010277492291880781
CUFF_NC.9171	5	2355198	2355701	-	0	0	0		27	0	101	0.0	85	0	309	0.0
CUFF_NC.9177	5	2364820	2365500	+	0	0	0		31	0	101	0.0	117	2	338	0.005917159763313609
CUFF_NC.9176	5	2365689	2366191	+	0	0	0		16	0	98	0.0	140	4	770	0.005194805194805195
CUFF_NC.9182	5	2380028	2380734	+	0	0	0		66	0	172	0.0	160	4	614	0.006514657980456026
CUFF_NC.9179	5	2403640	2404061	+	0	0	0		20	0	98	0.0	103	1	391	0.0025575447570332483
CUFF_NC.9178	5	2404176	2405730	+	0	0	0		86	0	409	0.0	294	5	1553	0.003219575016097875
CUFF_NC.9180	5	2447702	2448325	-	0	0	0		43	0	186	0.0	166	0	706	0.0
CUFF_NC.9181	5	2457837	2458246	+	0	0	0		34	1	88	0.011363636363636364	88	0	230	0.0
CUFF_NC.9192	5	2468242	2468638	-	0	0	0		14	0	74	0.0	72	0	346	0.0
CUFF_NC.9193	5	2478457	2480003	-	0	0	0		67	0	340	0.0	390	6	1516	0.00395778364116095
CUFF_NC.9184	5	2488525	2489488	+	0	0	0		22	1	185	0.005405405405405406	153	1	1005	0.0009950248756218905
CUFF_NC.9185	5	2499954	2500538	+	0	0	0		34	1	337	0.002967359050445104	162	5	1151	0.004344048653344918
CUFF_NC.9183	5	2517973	2518529	+	0	0	0		43	0	282	0.0	139	8	1027	0.007789678675754625
CUFF_NC.9188	5	2520850	2521290	-	0	0	0		23	0	172	0.0	123	4	600	0.006666666666666667
CUFF_NC.9186	5	2560328	2560904	-	0	0	0		29	0	118	0.0	162	2	545	0.003669724770642202
CUFF_NC.9187	5	2561363	2562072	-	0	0	0		42	0	209	0.0	132	0	537	0.0
CUFF_NC.9190	5	2577197	2577659	+	0	0	0		11	0	31	0.0	146	1	395	0.002531645569620253
CUFF_NC.9189	5	2582143	2582567	-	0	0	0		22	1	116	0.008620689655172414	97	1	428	0.002336448598130841
CUFF_NC.9196	5	2594329	2596816	+	0	0	0		150	6	744	0.008064516129032258	574	11	2737	0.00401899890390939
CUFF_NC.9197	5	2599947	2600433	+	0	0	0		19	0	43	0.0	91	3	323	0.009287925696594427
CUFF_NC.9198	5	2606728	2609100	+	0	0	0		114	2	664	0.0030120481927710845	526	5	2636	0.0018968133535660092
CUFF_NC.9191	5	2612154	2612860	-	0	0	0		24	0	94	0.0	118	0	399	0.0
CUFF_NC.9194	5	2628649	2630653	+	0	0	0		143	1	795	0.0012578616352201257	502	10	2830	0.0035335689045936395
CUFF_NC.9195	5	2660859	2661180	-	0	0	0		14	0	27	0.0	82	0	126	0.0
CUFF_NC.9200	5	2680375	2681866	-	0	0	0		82	2	262	0.007633587786259542	262	0	1032	0.0
CUFF_NC.9199	5	2709925	2710364	+	0	0	0		24	1	136	0.007352941176470588	72	2	323	0.006191950464396285
CUFF_NC.9215	5	2720841	2721285	-	0	0	0		29	0	136	0.0	117	1	686	0.0014577259475218659
CUFF_NC.9208	5	2737743	2738115	-	0	0	0		24	0	170	0.0	87	3	528	0.005681818181818182
CUFF_NC.9201	5	2757363	2757997	+	0	0	0		35	1	280	0.0035714285714285713	144	0	791	0.0
CUFF_NC.9202	5	2760578	2761306	+	0	0	0		28	0	148	0.0	126	3	547	0.005484460694698354
CUFF_NC.9204	5	2776922	2777233	-	0	0	0		33	0	202	0.0	88	2	523	0.0038240917782026767
CUFF_NC.9205	5	2785307	2786446	-	0	0	0		70	2	563	0.003552397868561279	273	2	1655	0.0012084592145015106
CUFF_NC.9203	5	2799651	2800550	+	0	0	0		52	1	530	0.0018867924528301887	215	4	1716	0.002331002331002331
CUFF_NC.9206	5	2844828	2845577	+	0	0	0		43	0	239	0.0	160	2	750	0.0026666666666666666
CUFF_NC.9209	5	2849247	2849566	+	0	0	0		10	0	58	0.0	64	1	434	0.002304147465437788
CUFF_NC.9207	5	2865062	2865398	+	0	0	0		29	0	104	0.0	89	1	321	0.003115264797507788
CUFF_NC.9211	5	2872695	2873058	-	0	0	0		30	0	201	0.0	100	0	508	0.0
CUFF_NC.9210	5	2889408	2889810	+	0	0	0		31	0	154	0.0	108	0	480	0.0
CUFF_NC.9229	5	2892339	2893278	+	0	0	0		64	1	390	0.002564102564102564	234	2	1149	0.0017406440382941688
CUFF_NC.9230	5	2893428	2893936	+	0	0	0		19	0	40	0.0	83	1	214	0.004672897196261682
CUFF_NC.9212	5	2940442	2941493	-	0	0	0		39	3	230	0.013043478260869565	197	8	1015	0.007881773399014778
CUFF_NC.9216	5	2943886	2945464	+	0	0	0		107	3	624	0.004807692307692308	429	6	2600	0.002307692307692308
CUFF_NC.9214	5	2949218	2950027	+	0	0	0		51	0	203	0.0	156	2	584	0.003424657534246575
CUFF_NC.9213	5	2951013	2951678	+	0	0	0		53	1	402	0.0024875621890547263	183	4	1163	0.0034393809114359416
CUFF_NC.9218	5	2952412	2954406	+	0	0	0		85	2	445	0.0044943820224719105	425	6	1922	0.003121748178980229
CUFF_NC.9219	5	2954044	2955932	+	0	0	0		127	0	552	0.0	473	7	1945	0.0035989717223650387
CUFF_NC.9217	5	2958538	2958955	+	0	0	0		35	2	189	0.010582010582010581	109	1	620	0.0016129032258064516
CUFF_NC.9221	5	2959826	2963447	+	0	0	0		242	3	926	0.0032397408207343412	870	8	3443	0.0023235550392099913
CUFF_NC.9220	5	2983544	2985595	+	0	0	0		191	5	881	0.0056753688989784334	437	5	1818	0.0027502750275027505
CUFF_NC.9223	5	2994233	2994785	+	0	0	0		35	1	136	0.007352941176470588	142	1	558	0.0017921146953405018
CUFF_NC.9231	5	3003694	3005570	+	0	0	0		111	1	457	0.002188183807439825	360	3	1331	0.002253944402704733
CUFF_NC.9222	5	3006814	3007322	-	0	0	0		4	5	19	0.2631578947368421	20	5	46	0.10869565217391304
CUFF_NC.9226	5	3014928	3015743	+	0	0	0		49	0	244	0.0	181	2	1073	0.001863932898415657
CUFF_NC.9225	5	3026125	3027188	+	0	0	0		46	0	358	0.0	222	4	1420	0.0028169014084507044
CUFF_NC.9227	5	3031935	3033482	-	0	0	0		78	2	575	0.0034782608695652175	267	5	1297	0.0038550501156515036
CUFF_NC.9228	5	3043638	3044394	+	0	0	0		54	0	211	0.0	163	3	748	0.004010695187165776
CUFF_NC.9232	5	3046968	3047636	-	0	0	0		22	0	172	0.0	151	2	939	0.002129925452609159
CUFF_NC.9233	5	3060779	3062082	-	0	0	0		96	1	620	0.0016129032258064516	323	1	1457	0.0006863417982155113
CUFF_NC.9234	5	3063365	3063774	+	0	0	0		30	2	300	0.006666666666666667	108	6	955	0.0062827225130890054
CUFF_NC.9235	5	3064777	3065247	+	0	0	0		25	1	122	0.00819672131147541	91	1	371	0.0026954177897574125
CUFF_NC.9236	5	3069561	3070920	-	0	0	0		101	3	654	0.0045871559633027525	331	8	2040	0.00392156862745098
CUFF_NC.9242	5	3089962	3090282	+	0	0	0		25	1	150	0.006666666666666667	78	0	409	0.0
CUFF_NC.9237	5	3099087	3099853	+	0	0	0		35	1	354	0.002824858757062147	143	0	954	0.0
CUFF_NC.9238	5	3112175	3113241	-	0	0	0		74	0	236	0.0	271	0	1031	0.0
CUFF_NC.9240	5	3127950	3128611	-	0	0	0		33	0	360	0.0	114	0	640	0.0
CUFF_NC.9239	5	3132011	3132844	+	0	0	0		9	0	35	0.0	90	1	232	0.004310344827586207
CUFF_NC.9245	5	3134491	3137156	-	0	0	0		211	4	1180	0.003389830508474576	724	13	3720	0.0034946236559139786
CUFF_NC.9244	5	3139787	3140476	+	0	0	0		36	1	292	0.003424657534246575	139	1	856	0.0011682242990654205
CUFF_NC.9241	5	3166860	3167672	+	0	0	0		75	2	433	0.004618937644341801	217	1	1208	0.0008278145695364238
CUFF_NC.9246	5	3173370	3179769	+	0	0	0		276	25	1531	0.016329196603527107	1518	259	8173	0.0316897100208002
CUFF_NC.9243	5	3182035	3184111	+	0	0	0		117	2	801	0.0024968789013732834	445	6	2870	0.0020905923344947735
CUFF_NC.9248	5	3198912	3199609	-	0	0	0		52	1	227	0.004405286343612335	178	2	630	0.0031746031746031746
CUFF_NC.9247	5	3212764	3213476	+	0	0	0		55	0	387	0.0	186	2	977	0.0020470829068577278
CUFF_NC.9251	5	3247701	3252774	+	0	0	0		180	72	859	0.08381839348079162	532	115	2416	0.04759933774834437
CUFF_NC.9249	5	3253657	3254975	-	0	0	0		63	2	301	0.006644518272425249	319	13	1374	0.009461426491994178
CUFF_NC.9250	5	3264005	3267440	-	0	0	0		200	2	978	0.002044989775051125	765	8	3283	0.0024367956137678953
CUFF_NC.9252	5	3270348	3271113	+	0	0	0		55	2	205	0.00975609756097561	157	3	565	0.005309734513274336
CUFF_NC.9254	5	3271692	3272548	-	0	0	0		30	1	169	0.005917159763313609	212	2	1200	0.0016666666666666668
CUFF_NC.9253	5	3286879	3287295	+	0	0	0		20	1	109	0.009174311926605505	90	1	484	0.002066115702479339
CUFF_NC.9258	5	3315272	3316405	-	0	0	0		50	0	362	0.0	242	3	1659	0.0018083182640144665
CUFF_NC.9259	5	3330575	3331047	-	0	0	0		17	0	121	0.0	150	2	845	0.002366863905325444
CUFF_NC.9257	5	3336331	3338110	+	0	0	0		137	0	735	0.0	396	4	1885	0.002122015915119363
CUFF_NC.9256	5	3341100	3342065	-	0	0	0		29	0	138	0.0	249	5	1142	0.0043782837127845885
CUFF_NC.9260	5	3367709	3368646	+	0	0	0		42	1	396	0.0025252525252525255	177	3	684	0.0043859649122807015
CUFF_NC.9265	5	3397411	3397987	-	0	0	0		30	1	222	0.0045045045045045045	121	2	828	0.0024154589371980675
CUFF_NC.9262	5	3398831	3400100	-	0	0	0		78	1	248	0.004032258064516129	244	6	680	0.008823529411764706
CUFF_NC.9261	5	3403361	3404915	+	0	0	0		110	1	497	0.002012072434607646	272	1	954	0.0010482180293501049
CUFF_NC.9274	5	3421167	3421970	+	0	0	0		40	1	262	0.003816793893129771	178	1	921	0.0010857763300760044
CUFF_NC.9263	5	3430012	3430458	+	0	0	0		34	1	246	0.0040650406504065045	121	1	738	0.0013550135501355014
CUFF_NC.9264	5	3430737	3431510	+	0	0	0		40	2	362	0.0055248618784530384	133	5	992	0.005040322580645161
CUFF_NC.9266	5	3459305	3460289	+	0	0	0		36	3	761	0.003942181340341655	95	9	1843	0.0048833423765599565
CUFF_NC.9267	5	3467826	3472089	-	0	0	0		199	6	1061	0.005655042412818096	1092	15	5268	0.0028473804100227792
CUFF_NC.9268	5	3478811	3480504	+	0	0	0		68	1	595	0.0016806722689075631	249	5	1333	0.0037509377344336083
CUFF_NC.9271	5	3510127	3511288	-	0	0	0		54	0	298	0.0	193	1	716	0.0013966480446927375
CUFF_NC.9269	5	3525363	3526011	-	0	0	0		34	0	187	0.0	124	4	713	0.005610098176718092
CUFF_NC.9275	5	3554859	3555393	-	0	0	0		40	0	91	0.0	140	1	440	0.0022727272727272726
CUFF_NC.9276	5	3556495	3556819	-	0	0	0		16	0	48	0.0	85	0	218	0.0
CUFF_NC.9272	5	3579584	3580069	-	0	0	0		15	0	72	0.0	118	0	499	0.0
CUFF_NC.9273	5	3581062	3581900	-	0	0	0		32	0	291	0.0	195	3	944	0.0031779661016949155
CUFF_NC.9280	5	3591499	3592033	+	0	0	0		34	1	330	0.0030303030303030303	102	0	1008	0.0
CUFF_NC.9281	5	3594622	3595214	+	0	0	0		36	0	225	0.0	160	3	801	0.003745318352059925
CUFF_NC.9277	5	3596253	3596651	+	0	0	0		17	0	221	0.0	42	0	387	0.0
CUFF_NC.9278	5	3615810	3616271	-	0	0	0		13	0	61	0.0	114	2	458	0.004366812227074236
CUFF_NC.9283	5	3621518	3622198	-	0	0	0		50	1	183	0.00546448087431694	88	0	308	0.0
CUFF_NC.9279	5	3642075	3643062	+	0	0	0		40	1	142	0.007042253521126761	245	5	873	0.0057273768613974796
CUFF_NC.9282	5	3671118	3671538	+	0	0	0		30	0	267	0.0	87	2	458	0.004366812227074236
CUFF_NC.9284	5	3708039	3709432	+	0	0	0		68	0	277	0.0	209	3	730	0.00410958904109589
CUFF_NC.9285	5	3719896	3721233	-	0	0	0		93	3	496	0.006048387096774193	361	6	1594	0.0037641154328732747
CUFF_NC.9286	5	3734069	3735161	+	0	0	0		71	0	443	0.0	245	8	1499	0.00533689126084056
CUFF_NC.9287	5	3762953	3765756	+	0	0	0		198	8	993	0.008056394763343404	708	11	3245	0.003389830508474576
CUFF_NC.9288	5	3784230	3784693	-	0	0	0		32	0	144	0.0	100	1	502	0.00199203187250996
CUFF_NC.9292	5	3800334	3802729	-	0	0	0		147	3	781	0.0038412291933418692	616	24	2782	0.008626887131560028
CUFF_NC.9289	5	3814190	3814712	+	0	0	0		33	0	125	0.0	84	2	293	0.006825938566552901
CUFF_NC.9291	5	3814909	3815598	-	0	0	0		27	25	209	0.11961722488038277	169	188	1148	0.16376306620209058
CUFF_NC.9290	5	3815253	3815735	+	0	0	0		23	13	175	0.07428571428571429	112	8	520	0.015384615384615385
CUFF_NC.9293	5	3830141	3830992	+	0	0	0		25	0	91	0.0	239	2	749	0.0026702269692923898
CUFF_NC.9294	5	3831410	3833134	-	0	0	0		116	0	859	0.0	329	4	1790	0.0022346368715083797
CUFF_NC.9297	5	3854479	3857382	-	0	0	0		111	0	751	0.0	799	13	4516	0.002878653675819309
CUFF_NC.9295	5	3872536	3873477	+	0	0	0		13	0	143	0.0	128	4	920	0.004347826086956522
CUFF_NC.9296	5	3874695	3875373	+	0	0	0		52	0	385	0.0	202	2	820	0.0024390243902439024
CUFF_NC.9298	5	3890167	3891331	-	0	0	0		60	1	539	0.0018552875695732839	198	3	1421	0.00211118930330753
CUFF_NC.9299	5	3898107	3898698	+	0	0	0		35	0	162	0.0	149	0	582	0.0
CUFF_NC.9305	5	3924189	3924814	+	0	0	0		37	0	292	0.0	155	2	877	0.002280501710376283
CUFF_NC.9302	5	3931387	3932281	-	0	0	0		46	0	155	0.0	164	1	655	0.0015267175572519084
CUFF_NC.9300	5	3940676	3941180	+	0	0	0		32	1	163	0.006134969325153374	104	1	569	0.0017574692442882249
CUFF_NC.9304	5	3952002	3952314	-	0	0	0		17	0	105	0.0	89	2	494	0.004048582995951417
CUFF_NC.9303	5	3961173	3962683	+	0	0	0		125	2	466	0.004291845493562232	402	2	1341	0.0014914243102162564
CUFF_NC.9301	5	3970034	3971528	+	0	0	0		60	0	251	0.0	314	1	1318	0.0007587253414264037
CUFF_NC.9307	5	3971817	3973690	+	0	0	0		118	1	528	0.001893939393939394	438	4	1730	0.0023121387283236996
CUFF_NC.9306	5	3991882	3992752	+	0	0	0		32	1	189	0.005291005291005291	200	6	1001	0.005994005994005994
CUFF_NC.9315	5	4001441	4003081	+	0	0	0		81	1	267	0.003745318352059925	397	2	1410	0.0014184397163120568
CUFF_NC.9316	5	4002035	4002825	+	0	0	0		38	0	133	0.0	177	1	611	0.0016366612111292963
CUFF_NC.9317	5	4011507	4012016	+	0	0	0		23	1	137	0.0072992700729927005	114	2	684	0.0029239766081871343
CUFF_NC.9310	5	4013806	4014632	-	0	0	0		47	2	392	0.00510204081632653	151	1	676	0.0014792899408284023
CUFF_NC.9308	5	4032959	4034515	+	0	0	0		97	1	882	0.0011337868480725624	375	7	2434	0.002875924404272802
CUFF_NC.9309	5	4046334	4047527	+	0	0	0		82	1	544	0.001838235294117647	264	1	1367	0.000731528895391368
CUFF_NC.9311	5	4083178	4083719	+	0	0	0		54	1	254	0.003937007874015748	156	2	859	0.002328288707799767
CUFF_NC.9318	5	4087756	4088859	-	0	0	0		85	0	259	0.0	256	3	823	0.0036452004860267314
CUFF_NC.9312	5	4092990	4098381	-	0	0	0		308	5	1756	0.0028473804100227792	1304	54	6526	0.00827459393196445
CUFF_NC.9313	5	4095828	4101681	-	0	0	0		335	6	1718	0.0034924330616996507	1391	57	6663	0.008554705087798289
CUFF_NC.9314	5	4103067	4104141	-	0	0	0		73	6	462	0.012987012987012988	254	11	1350	0.008148148148148147
CUFF_NC.9321	5	4129288	4129765	+	0	0	0		19	0	204	0.0	151	1	1117	0.0008952551477170994
CUFF_NC.9319	5	4153622	4154727	+	0	0	0		59	1	278	0.0035971223021582736	276	2	1283	0.001558846453624318
CUFF_NC.9320	5	4172849	4175282	+	0	0	0		161	2	759	0.002635046113306983	525	7	1909	0.003666841278156103
CUFF_NC.9324	5	4195675	4197922	-	0	0	0		87	1	395	0.002531645569620253	501	4	2209	0.0018107741059302852
CUFF_NC.9322	5	4214081	4216854	-	0	0	0		133	3	1023	0.002932551319648094	550	15	2870	0.005226480836236934
CUFF_NC.9327	5	4222644	4223114	-	0	0	0		28	1	114	0.008771929824561403	134	6	571	0.010507880910683012
CUFF_NC.9325	5	4228420	4228939	+	0	0	0		23	2	130	0.015384615384615385	120	3	635	0.004724409448818898
CUFF_NC.9332	5	4254579	4255387	+	0	0	0		33	2	249	0.008032128514056224	178	5	937	0.005336179295624333
CUFF_NC.9326	5	4263693	4265298	-	0	0	0		105	2	766	0.0026109660574412533	375	4	2304	0.001736111111111111
CUFF_NC.9335	5	4281143	4288664	-	0	0	0		387	7	1830	0.003825136612021858	1754	27	8338	0.0032381866154953228
CUFF_NC.9336	5	4285529	4292235	-	0	0	0		336	5	1360	0.003676470588235294	1525	23	5993	0.0038378107792424497
CUFF_NC.9330	5	4305190	4309251	+	0	0	0		191	1	750	0.0013333333333333333	938	18	3557	0.005060444194545966
CUFF_NC.9331	5	4307238	4310284	+	0	0	0		138	1	642	0.001557632398753894	665	11	2832	0.003884180790960452
CUFF_NC.9333	5	4327287	4327650	+	0	0	0		17	0	54	0.0	74	0	205	0.0
CUFF_NC.9329	5	4335962	4337412	-	0	0	0		130	0	446	0.0	415	3	1272	0.0023584905660377358
CUFF_NC.9339	5	4353256	4354070	-	0	0	0		56	1	326	0.003067484662576687	234	6	1016	0.005905511811023622
CUFF_NC.9337	5	4362345	4362701	+	0	0	0		18	1	98	0.01020408163265306	105	3	528	0.005681818181818182
CUFF_NC.9334	5	4369588	4370370	-	0	0	0		59	2	318	0.006289308176100629	185	2	954	0.0020964360587002098
CUFF_NC.9340	5	4378307	4378661	+	0	0	0		29	0	125	0.0	95	2	372	0.005376344086021506
CUFF_NC.9338	5	4388844	4389375	+	0	0	0		28	0	90	0.0	106	0	312	0.0
CUFF_NC.9343	5	4423839	4424737	+	0	0	0		51	0	253	0.0	217	4	921	0.004343105320304018
CUFF_NC.9344	5	4426528	4427261	+	0	0	0		17	0	78	0.0	148	2	1014	0.0019723865877712033
CUFF_NC.9341	5	4437247	4437668	+	0	0	0		10	0	38	0.0	100	1	404	0.0024752475247524753
CUFF_NC.9347	5	4437893	4438551	-	0	0	0		30	0	164	0.0	156	0	682	0.0
CUFF_NC.9348	5	4441847	4442658	-	0	0	0		44	1	417	0.002398081534772182	152	4	720	0.005555555555555556
CUFF_NC.9349	5	4443803	4444777	-	0	0	0		47	2	325	0.006153846153846154	262	4	1647	0.0024286581663630845
CUFF_NC.9342	5	4445310	4447117	-	0	0	0		99	2	780	0.002564102564102564	408	9	2321	0.003877638948728996
CUFF_NC.9345	5	4455734	4456379	-	0	0	0		44	0	192	0.0	138	3	450	0.006666666666666667
CUFF_NC.9346	5	4477272	4478469	+	0	0	0		36	1	214	0.004672897196261682	240	2	1260	0.0015873015873015873
CUFF_NC.9350	5	4479461	4481164	+	0	0	0		76	2	494	0.004048582995951417	300	2	1204	0.0016611295681063123
CUFF_NC.9354	5	4496270	4497747	+	0	0	0		135	2	453	0.004415011037527594	366	3	1263	0.0023752969121140144
CUFF_NC.9355	5	4513869	4514356	-	0	0	0		8	1	155	0.0064516129032258064	67	1	854	0.00117096018735363
CUFF_NC.9356	5	4517023	4517731	-	0	0	0		23	0	144	0.0	176	0	703	0.0
CUFF_NC.9357	5	4517955	4519035	-	0	0	0		43	2	266	0.007518796992481203	251	3	1032	0.0029069767441860465
CUFF_NC.9351	5	4542300	4542855	-	0	0	0		25	2	94	0.02127659574468085	146	2	629	0.003179650238473768
CUFF_NC.9352	5	4553971	4554605	+	0	0	0		23	0	73	0.0	129	0	433	0.0
CUFF_NC.9353	5	4564028	4564468	+	0	0	0		25	0	69	0.0	129	1	383	0.0026109660574412533
CUFF_NC.9360	5	4570055	4570430	+	0	0	0		39	0	160	0.0	131	1	575	0.0017391304347826088
CUFF_NC.9359	5	4572247	4573369	+	0	0	0		61	2	261	0.007662835249042145	209	1	787	0.0012706480304955528
CUFF_NC.9358	5	4589368	4589796	-	0	0	0		10	1	50	0.02	88	1	619	0.0016155088852988692
CUFF_NC.9361	5	4591464	4592314	-	0	0	0		56	1	438	0.00228310502283105	169	6	931	0.00644468313641246
CUFF_NC.9362	5	4601314	4603152	-	0	0	0		126	2	636	0.0031446540880503146	507	8	2314	0.003457216940363008
CUFF_NC.9363	5	4608170	4608758	-	0	0	0		35	1	186	0.005376344086021506	108	1	494	0.0020242914979757085
CUFF_NC.9364	5	4610453	4611524	-	0	0	0		56	1	270	0.003703703703703704	239	3	950	0.003157894736842105
CUFF_NC.9365	5	4611652	4612054	-	0	0	0		14	1	120	0.008333333333333333	77	2	508	0.003937007874015748
CUFF_NC.9368	5	4632853	4633862	+	0	0	0		55	0	210	0.0	211	4	831	0.0048134777376654635
CUFF_NC.9366	5	4634703	4635203	-	0	0	0		14	0	130	0.0	92	2	734	0.0027247956403269754
CUFF_NC.9367	5	4636044	4636802	+	0	0	0		46	62	144	0.4305555555555556	144	32	478	0.06694560669456066
CUFF_NC.9369	5	4639179	4639920	+	0	0	0		44	0	232	0.0	146	5	608	0.008223684210526315
CUFF_NC.9371	5	4648184	4649222	+	0	0	0		48	0	271	0.0	205	2	1064	0.0018796992481203006
CUFF_NC.9372	5	4650805	4651428	+	0	0	0		22	0	150	0.0	137	1	758	0.0013192612137203166
CUFF_NC.9374	5	4661526	4662582	+	0	0	0		49	0	862	0.0	153	1	1315	0.0007604562737642585
CUFF_NC.9370	5	4669234	4670155	-	0	0	0		76	1	544	0.001838235294117647	195	1	1023	0.0009775171065493646
CUFF_NC.9378	5	4697817	4698266	+	0	0	0		47	1	191	0.005235602094240838	115	0	482	0.0
CUFF_NC.9384	5	4713595	4714945	-	0	0	0		105	1	528	0.001893939393939394	356	5	1423	0.0035137034434293743
CUFF_NC.9376	5	4719368	4720314	+	0	0	0		50	0	280	0.0	248	2	1079	0.0018535681186283596
CUFF_NC.9373	5	4722950	4723806	-	0	0	0		24	0	118	0.0	205	2	943	0.0021208907741251328
CUFF_NC.9375	5	4740971	4741389	+	0	0	0		24	1	98	0.01020408163265306	105	4	333	0.012012012012012012
CUFF_NC.9380	5	4753535	4753940	+	0	0	0		19	1	161	0.006211180124223602	87	1	718	0.001392757660167131
CUFF_NC.9381	5	4756030	4757101	-	0	0	0		71	0	307	0.0	231	3	923	0.0032502708559046588
CUFF_NC.9382	5	4757768	4758307	-	0	0	0		17	1	85	0.011764705882352941	143	2	560	0.0035714285714285713
CUFF_NC.9379	5	4776811	4777347	-	0	0	0		28	0	108	0.0	138	1	432	0.0023148148148148147
CUFF_NC.9389	5	4815925	4817704	-	0	0	0		117	5	655	0.007633587786259542	381	14	1961	0.0071392146863844975
CUFF_NC.9390	5	4826717	4827872	-	0	0	0		52	0	173	0.0	228	2	836	0.0023923444976076554
CUFF_NC.9385	5	4841066	4842194	+	0	0	0		54	0	270	0.0	234	3	874	0.003432494279176201
CUFF_NC.9386	5	4848437	4848964	-	0	0	0		27	0	72	0.0	120	1	295	0.003389830508474576
CUFF_NC.9388	5	4867488	4867906	+	0	0	0		21	0	164	0.0	93	1	650	0.0015384615384615385
CUFF_NC.9391	5	4870447	4871078	+	0	0	0		29	0	135	0.0	139	2	499	0.004008016032064128
CUFF_NC.9392	5	4871707	4872658	+	0	0	0		52	2	226	0.008849557522123894	228	4	1035	0.003864734299516908
CUFF_NC.9402	5	4885927	4886743	-	0	0	0		41	0	379	0.0	164	1	856	0.0011682242990654205
CUFF_NC.9394	5	4892947	4894308	+	0	0	0		44	1	242	0.004132231404958678	294	5	1533	0.0032615786040443573
CUFF_NC.9393	5	4894902	4895491	-	0	0	0		15	0	57	0.0	141	1	576	0.001736111111111111
CUFF_NC.9395	5	4899762	4900421	-	0	0	0		39	0	114	0.0	165	0	420	0.0
CUFF_NC.9396	5	4908564	4909336	-	0	0	0		13	0	218	0.0	136	5	1410	0.0035460992907801418
CUFF_NC.9397	5	4937664	4938946	+	0	0	0		60	1	334	0.0029940119760479044	273	7	1481	0.004726536124240378
CUFF_NC.9400	5	4947410	4947953	-	0	0	0		13	1	67	0.014925373134328358	112	0	523	0.0
CUFF_NC.9401	5	4964819	4965941	-	0	0	0		74	0	549	0.0	264	6	1426	0.004207573632538569
CUFF_NC.9399	5	4969881	4973673	+	0	0	0		97	14	500	0.028	654	36	3031	0.011877268228307489
CUFF_NC.9403	5	4987485	4988995	+	0	0	0		88	0	330	0.0	377	7	1385	0.005054151624548736
CUFF_NC.9408	5	5002198	5002930	+	0	0	0		47	0	269	0.0	133	4	784	0.00510204081632653
CUFF_NC.9409	5	5005293	5006467	+	0	0	0		86	0	220	0.0	264	1	706	0.00141643059490085
CUFF_NC.9406	5	5018832	5019787	+	0	0	0		60	0	461	0.0	217	2	1437	0.0013917884481558804
CUFF_NC.9407	5	5023806	5024732	+	0	0	0		48	1	321	0.003115264797507788	209	3	1588	0.001889168765743073
CUFF_NC.9405	5	5036406	5036731	-	0	0	0		14	1	44	0.022727272727272728	51	1	161	0.006211180124223602
CUFF_NC.9404	5	5064264	5064877	-	0	0	0		26	0	181	0.0	121	4	710	0.005633802816901409
CUFF_NC.9411	5	5084581	5086743	-	0	0	0		139	4	800	0.005	519	8	2435	0.0032854209445585215
CUFF_NC.9410	5	5097783	5098193	-	0	0	0		1	3	11	0.2727272727272727	7	10	53	0.18867924528301888
CUFF_NC.9416	5	5110696	5111115	+	0	0	0		22	0	125	0.0	77	2	497	0.004024144869215292
CUFF_NC.9413	5	5114582	5115384	+	0	0	0		43	77	324	0.23765432098765432	180	369	1256	0.29378980891719747
CUFF_NC.9412	5	5145317	5146734	+	0	0	0		62	50	399	0.12531328320802004	283	17	1392	0.01221264367816092
CUFF_NC.9415	5	5159864	5160272	-	0	0	0		25	0	70	0.0	98	2	288	0.006944444444444444
CUFF_NC.9414	5	5168355	5169288	-	0	0	0		31	0	218	0.0	252	2	1386	0.001443001443001443
CUFF_NC.9434	5	5180909	5181482	+	0	0	0		31	0	98	0.0	111	0	508	0.0
CUFF_NC.9418	5	5207423	5207778	-	0	0	0		24	0	119	0.0	77	0	393	0.0
CUFF_NC.9419	5	5209924	5212629	-	0	0	0		111	2	465	0.004301075268817204	404	3	1358	0.0022091310751104565
CUFF_NC.9417	5	5213581	5214457	-	0	0	0		33	1	369	0.0027100271002710027	114	5	871	0.0057405281285878304
CUFF_NC.9421	5	5224981	5226071	-	0	0	0		75	3	436	0.006880733944954129	258	2	1314	0.0015220700152207
CUFF_NC.9420	5	5227884	5229033	-	0	0	0		59	1	228	0.0043859649122807015	285	4	1076	0.0037174721189591076
CUFF_NC.9423	5	5244246	5245425	+	0	0	0		73	0	321	0.0	342	4	1283	0.003117692907248636
CUFF_NC.9422	5	5252545	5253626	+	0	0	0		59	0	196	0.0	250	4	786	0.005089058524173028
CUFF_NC.9424	5	5258520	5258955	+	0	0	0		29	0	130	0.0	113	1	463	0.0021598272138228943
CUFF_NC.9425	5	5260742	5262589	+	0	0	0		117	1	869	0.0011507479861910242	407	6	2469	0.002430133657351154
CUFF_NC.9426	5	5277797	5278452	-	0	0	0		16	0	131	0.0	192	1	863	0.0011587485515643105
CUFF_NC.9427	5	5289673	5290400	+	0	0	0		51	0	198	0.0	124	0	429	0.0
CUFF_NC.9430	5	5298764	5299171	+	0	0	0		31	1	166	0.006024096385542169	48	0	238	0.0
CUFF_NC.9428	5	5303072	5303669	-	0	0	0		15	0	57	0.0	59	2	227	0.00881057268722467
CUFF_NC.9429	5	5304493	5305945	-	0	0	0		73	2	328	0.006097560975609756	296	5	950	0.005263157894736842
CUFF_NC.9431	5	5311839	5312351	-	0	0	0		43	0	263	0.0	122	2	471	0.004246284501061571
CUFF_NC.9439	5	5327585	5327950	+	0	0	0		15	0	62	0.0	109	3	519	0.005780346820809248
CUFF_NC.9433	5	5342945	5343284	+	0	0	0		38	0	299	0.0	96	0	568	0.0
CUFF_NC.9432	5	5347351	5347935	-	0	0	0		41	0	203	0.0	139	3	676	0.004437869822485207
CUFF_NC.9436	5	5359577	5360850	+	0	0	0		71	1	350	0.002857142857142857	210	2	944	0.00211864406779661
CUFF_NC.9437	5	5367927	5368932	-	0	0	0		65	0	327	0.0	233	1	1007	0.0009930486593843098
CUFF_NC.9438	5	5370146	5370596	-	0	0	0		31	0	78	0.0	110	2	371	0.005390835579514825
CUFF_NC.9435	5	5379386	5380034	-	0	0	0		33	0	212	0.0	141	1	729	0.0013717421124828531
CUFF_NC.9440	5	5382465	5382741	+	0	0	0		15	0	70	0.0	76	0	403	0.0
CUFF_NC.9441	5	5386541	5387731	+	0	0	0		66	3	691	0.004341534008683068	202	5	1675	0.0029850746268656717
CUFF_NC.9445	5	5410713	5411631	+	0	0	0		23	3	302	0.009933774834437087	145	0	984	0.0
CUFF_NC.9442	5	5426116	5427689	+	0	0	0		79	1	375	0.0026666666666666666	420	9	2033	0.004426955238563699
CUFF_NC.9443	5	5432011	5433902	-	0	0	0		163	3	702	0.004273504273504274	430	4	1578	0.0025348542458808617
CUFF_NC.9444	5	5439378	5440318	-	0	0	0		32	0	156	0.0	221	3	827	0.0036275695284159614
CUFF_NC.9446	5	5459764	5460520	-	0	0	0		23	1	119	0.008403361344537815	123	1	470	0.002127659574468085
CUFF_NC.9447	5	5460135	5460494	+	0	0	0		19	0	96	0.0	74	1	250	0.004
CUFF_NC.9448	5	5464085	5464491	+	0	0	0		12	1	94	0.010638297872340425	54	2	424	0.0047169811320754715
CUFF_NC.9450	5	5470601	5471279	+	0	0	0		46	2	275	0.007272727272727273	187	9	1072	0.008395522388059701
CUFF_NC.9451	5	5473336	5473907	+	0	0	0		27	0	263	0.0	119	0	693	0.0
CUFF_NC.9463	5	5490114	5490442	-	0	0	0		18	0	180	0.0	92	0	834	0.0
CUFF_NC.9449	5	5495497	5496458	-	0	0	0		76	2	767	0.002607561929595828	230	5	1531	0.0032658393207054214
CUFF_NC.9452	5	5520653	5520936	+	0	0	0		13	3	80	0.0375	60	1	417	0.002398081534772182
CUFF_NC.9453	5	5549636	5551423	-	0	0	0		125	3	779	0.0038510911424903724	396	2	2334	0.000856898029134533
CUFF_NC.9455	5	5569851	5570659	-	0	0	0		57	0	285	0.0	236	3	1068	0.0028089887640449437
CUFF_NC.9454	5	5572515	5573038	-	0	0	0		22	1	153	0.006535947712418301	161	5	973	0.0051387461459403904
CUFF_NC.9465	5	5576175	5585363	+	0	0	0		408	7	2160	0.0032407407407407406	2170	32	11066	0.00289174046629315
CUFF_NC.9466	5	5577724	5580815	+	0	0	0		143	3	701	0.0042796005706134095	691	10	3597	0.0027800945232137894
CUFF_NC.9467	5	5583511	5587033	+	0	0	0		188	3	1087	0.0027598896044158236	921	16	4679	0.0034195340884804444
CUFF_NC.9461	5	5603835	5608761	+	0	0	0		206	3	1071	0.0028011204481792717	1084	9	4790	0.0018789144050104384
CUFF_NC.9462	5	5604260	5606740	+	0	0	0		109	2	445	0.0044943820224719105	524	4	2129	0.0018788163457022077
CUFF_NC.9456	5	5621302	5621812	+	0	0	0		24	0	70	0.0	118	1	289	0.0034602076124567475
CUFF_NC.9460	5	5629974	5635316	-	0	0	0		11	61	102	0.5980392156862745	108	86	648	0.13271604938271606
CUFF_NC.9458	5	5638916	5640625	+	0	0	0		114	2	747	0.002677376171352075	318	4	1936	0.002066115702479339
CUFF_NC.9468	5	5643089	5643494	+	0	0	0		22	0	86	0.0	99	2	359	0.005571030640668524
CUFF_NC.9457	5	5651370	5651851	-	0	0	0		13	0	120	0.0	104	1	754	0.001326259946949602
CUFF_NC.9459	5	5656151	5656676	-	0	0	0		30	1	162	0.006172839506172839	128	1	607	0.0016474464579901153
CUFF_NC.9469	5	5658821	5659383	-	0	0	0		28	0	115	0.0	135	3	492	0.006097560975609756
CUFF_NC.9474	5	5673498	5673865	+	0	0	0		29	0	136	0.0	64	0	258	0.0
CUFF_NC.9472	5	5689476	5689950	+	0	0	0		19	0	72	0.0	77	1	248	0.004032258064516129
CUFF_NC.9471	5	5690930	5691328	+	0	0	0		32	0	171	0.0	81	1	327	0.0030581039755351682
CUFF_NC.9470	5	5704016	5704586	+	0	0	0		39	1	144	0.006944444444444444	123	3	579	0.0051813471502590676
CUFF_NC.9473	5	5718395	5719508	-	0	0	0		53	0	272	0.0	217	6	1146	0.005235602094240838
CUFF_NC.9479	5	5724892	5726945	+	0	0	0		113	1	552	0.0018115942028985507	411	3	1599	0.001876172607879925
CUFF_NC.9483	5	5750935	5751384	-	0	0	0		52	1	314	0.0031847133757961785	108	0	556	0.0
CUFF_NC.9484	5	5752992	5753634	-	0	0	0		37	1	186	0.005376344086021506	158	1	626	0.001597444089456869
CUFF_NC.9480	5	5757839	5758191	+	0	0	0		26	0	324	0.0	72	1	605	0.001652892561983471
CUFF_NC.9476	5	5760871	5761631	+	0	0	0		21	54	170	0.3176470588235294	187	37	1177	0.03143585386576041
CUFF_NC.9475	5	5763432	5763902	+	0	0	0		23	0	179	0.0	117	3	614	0.004885993485342019
CUFF_NC.9477	5	5764229	5766246	+	0	0	0		124	1	288	0.003472222222222222	388	2	958	0.0020876826722338203
CUFF_NC.9478	5	5785177	5785646	+	0	0	0		12	54	111	0.4864864864864865	63	182	369	0.4932249322493225
CUFF_NC.9481	5	5790394	5791156	-	0	0	0		15	0	115	0.0	144	3	675	0.0044444444444444444
CUFF_NC.9482	5	5799748	5801542	+	0	0	0		90	83	690	0.12028985507246377	286	349	1709	0.20421299005266239
CUFF_NC.9485	5	5827459	5828482	+	0	0	0		66	0	330	0.0	299	4	1491	0.0026827632461435278
CUFF_NC.9486	5	5829185	5829800	+	0	0	0		19	1	174	0.005747126436781609	89	1	531	0.0018832391713747645
CUFF_NC.9487	5	5861358	5862257	+	0	0	0		44	0	297	0.0	185	0	1027	0.0
CUFF_NC.9488	5	5872201	5872706	+	0	0	0		34	0	322	0.0	62	0	481	0.0
CUFF_NC.9491	5	5902778	5904447	+	0	0	0		99	2	560	0.0035714285714285713	375	5	1520	0.003289473684210526
CUFF_NC.9490	5	5907571	5908271	-	0	0	0		30	0	79	0.0	82	2	252	0.007936507936507936
CUFF_NC.9489	5	5915050	5915996	+	0	0	0		1	0	1	0.0	6	0	6	0.0
CUFF_NC.9495	5	5928059	5929047	-	0	0	0		54	2	521	0.003838771593090211	192	2	1515	0.0013201320132013201
CUFF_NC.9496	5	5931324	5932493	-	0	0	0		75	1	626	0.001597444089456869	254	2	1520	0.0013157894736842105
CUFF_NC.9493	5	5952874	5955700	-	0	0	0		163	1	861	0.0011614401858304297	589	8	2798	0.0028591851322373124
CUFF_NC.9492	5	5962886	5966715	+	0	0	0		151	5	851	0.005875440658049354	813	11	4088	0.0026908023483365948
CUFF_NC.9497	5	5966884	5967987	-	0	0	0		57	0	244	0.0	299	7	1351	0.0051813471502590676
CUFF_NC.9498	5	5968506	5968972	-	0	0	0		16	1	59	0.01694915254237288	146	3	527	0.0056925996204933585
CUFF_NC.9499	5	5975672	5976628	-	0	0	0		39	0	205	0.0	202	10	961	0.01040582726326743
CUFF_NC.9502	5	5980564	5983209	-	0	0	0		162	4	905	0.004419889502762431	625	6	2916	0.00205761316872428
CUFF_NC.9500	5	5983616	5984431	-	0	0	0		34	1	192	0.005208333333333333	211	5	1348	0.00370919881305638
CUFF_NC.9503	5	6007177	6007517	-	0	0	0		27	0	142	0.0	102	2	389	0.005141388174807198
CUFF_NC.9506	5	6024239	6024671	+	0	0	0		33	0	112	0.0	105	1	340	0.0029411764705882353
CUFF_NC.9504	5	6035618	6037641	+	0	0	0		137	2	626	0.003194888178913738	425	2	1814	0.0011025358324145535
CUFF_NC.9507	5	6061564	6062552	-	0	0	0		22	0	135	0.0	218	2	863	0.002317497103128621
CUFF_NC.9505	5	6071839	6072266	+	0	0	0		19	0	67	0.0	55	0	132	0.0
CUFF_NC.9508	5	6097656	6098204	+	0	0	0		29	0	185	0.0	140	3	785	0.003821656050955414
CUFF_NC.9509	5	6136334	6136906	+	0	0	0		25	0	167	0.0	120	2	658	0.00303951367781155
CUFF_NC.9510	5	6146040	6146523	-	0	0	0		27	0	148	0.0	109	3	481	0.006237006237006237
CUFF_NC.9512	5	6160391	6160873	-	0	0	0		37	0	174	0.0	114	1	531	0.0018832391713747645
CUFF_NC.9511	5	6170165	6170568	-	0	0	0		19	1	77	0.012987012987012988	98	1	352	0.002840909090909091
CUFF_NC.9513	5	6173767	6174712	+	0	0	0		32	0	420	0.0	160	1	963	0.0010384215991692627
CUFF_NC.9515	5	6220839	6222829	+	0	0	0		94	3	626	0.004792332268370607	514	12	2272	0.00528169014084507
CUFF_NC.9514	5	6233721	6234207	+	0	0	0		17	0	227	0.0	54	1	336	0.002976190476190476
CUFF_NC.9517	5	6270833	6271313	+	0	0	0		26	0	95	0.0	117	3	498	0.006024096385542169
CUFF_NC.9518	5	6273841	6274335	-	0	0	0		38	1	194	0.005154639175257732	122	4	497	0.008048289738430584
CUFF_NC.9519	5	6290623	6291209	-	0	0	0		31	2	353	0.0056657223796034	129	4	973	0.0041109969167523125
CUFF_NC.9516	5	6296495	6298227	-	0	0	0		30	4	252	0.015873015873015872	338	19	2250	0.008444444444444444
CUFF_NC.9524	5	6329571	6330074	+	0	0	0		47	0	305	0.0	128	3	804	0.0037313432835820895
CUFF_NC.9523	5	6334043	6336758	+	0	0	0		175	3	1185	0.002531645569620253	555	12	3324	0.0036101083032490976
CUFF_NC.9521	5	6356078	6357108	+	0	0	0		45	1	359	0.002785515320334262	222	1	834	0.001199040767386091
CUFF_NC.9520	5	6362357	6363560	+	0	0	0		87	0	436	0.0	286	4	1054	0.003795066413662239
CUFF_NC.9522	5	6369001	6369641	-	0	0	0		35	0	174	0.0	131	3	570	0.005263157894736842
CUFF_NC.9526	5	6372471	6374729	-	0	0	0		164	2	687	0.002911208151382824	507	3	2159	0.0013895321908290875
CUFF_NC.9527	5	6378366	6379001	-	0	0	0		38	1	191	0.005235602094240838	109	1	421	0.0023752969121140144
CUFF_NC.9525	5	6392028	6392693	-	0	0	0		25	0	107	0.0	148	0	484	0.0
CUFF_NC.9529	5	6408102	6409486	+	0	0	0		63	0	249	0.0	310	5	1034	0.004835589941972921
CUFF_NC.9528	5	6441966	6442560	+	0	0	0		21	0	126	0.0	154	0	718	0.0
CUFF_NC.9530	5	6444485	6444901	+	0	0	0		24	0	63	0.0	95	1	288	0.003472222222222222
CUFF_NC.9533	5	6446543	6447339	-	0	0	0		73	0	259	0.0	163	1	524	0.0019083969465648854
CUFF_NC.9531	5	6451438	6451852	+	0	0	0		10	0	95	0.0	24	2	117	0.017094017094017096
CUFF_NC.9532	5	6452146	6452583	-	0	0	0		18	0	41	0.0	104	1	295	0.003389830508474576
CUFF_NC.9534	5	6458972	6459500	-	0	0	0		30	0	151	0.0	92	2	342	0.005847953216374269
CUFF_NC.9536	5	6467853	6472945	-	0	0	0		220	3	1005	0.0029850746268656717	1087	47	4547	0.010336485594897735
CUFF_NC.9535	5	6515090	6516730	+	0	0	0		74	1	675	0.0014814814814814814	354	9	2294	0.003923278116826504
CUFF_NC.9537	5	6518817	6521185	-	0	0	0		195	0	1016	0.0	563	6	2789	0.002151308712800287
CUFF_NC.9538	5	6529789	6530772	+	0	0	0		62	0	202	0.0	223	5	807	0.006195786864931847
CUFF_NC.9539	5	6542614	6543672	-	0	0	0		91	1	392	0.002551020408163265	289	3	1249	0.0024019215372297837
CUFF_NC.9540	5	6548636	6548992	+	0	0	0		19	0	107	0.0	102	1	542	0.0018450184501845018
CUFF_NC.9542	5	6562781	6563455	-	0	0	0		48	0	172	0.0	153	1	515	0.001941747572815534
CUFF_NC.9543	5	6571401	6571857	-	0	0	0		19	1	85	0.011764705882352941	85	1	307	0.003257328990228013
CUFF_NC.9544	5	6572271	6572919	-	0	0	0		30	0	298	0.0	142	6	1409	0.0042583392476933995
CUFF_NC.9541	5	6589113	6589706	+	0	0	0		31	0	145	0.0	154	0	585	0.0
CUFF_NC.9545	5	6622341	6622884	+	0	0	0		20	1	84	0.011904761904761904	69	2	253	0.007905138339920948
CUFF_NC.9553	5	6645835	6646479	+	0	0	0		49	1	270	0.003703703703703704	143	2	526	0.0038022813688212928
CUFF_NC.9550	5	6663516	6664445	-	0	0	0		39	58	284	0.20422535211267606	181	64	1280	0.05
CUFF_NC.9551	5	6670477	6671026	-	0	0	0		13	0	101	0.0	133	3	871	0.003444316877152698
CUFF_NC.9552	5	6690838	6693979	-	0	0	0		127	4	874	0.004576659038901602	680	11	3709	0.0029657589646805067
CUFF_NC.9582	5	6713699	6715112	+	0	0	0		82	0	331	0.0	350	5	1320	0.003787878787878788
CUFF_NC.9554	5	6718153	6719121	-	0	0	0		34	0	291	0.0	185	1	1449	0.0006901311249137336
CUFF_NC.9555	5	6724395	6725324	+	0	0	0		50	1	306	0.0032679738562091504	211	2	1031	0.0019398642095053346
CUFF_NC.9556	5	6747399	6748063	-	0	0	0		49	1	261	0.0038314176245210726	172	3	952	0.0031512605042016808
CUFF_NC.9557	5	6752017	6757104	-	0	0	0		251	8	1395	0.005734767025089606	1240	15	6147	0.002440214738897023
CUFF_NC.9558	5	6752980	6757916	-	0	0	0		233	7	1416	0.0049435028248587575	1152	16	6121	0.0026139519686325763
CUFF_NC.9559	5	6761336	6764426	-	0	0	0		207	2	1053	0.001899335232668566	792	8	3526	0.0022688598979013048
CUFF_NC.9560	5	6774198	6775795	-	0	0	0		82	1	475	0.002105263157894737	333	5	1817	0.00275178866263071
CUFF_NC.9561	5	6790009	6791251	-	0	0	0		41	1	185	0.005405405405405406	257	3	1235	0.0024291497975708503
CUFF_NC.9562	5	6792662	6793465	+	0	0	0		20	2	81	0.024691358024691357	124	3	524	0.0057251908396946565
CUFF_NC.9566	5	6797197	6797774	-	0	0	0		21	0	113	0.0	153	4	685	0.00583941605839416
CUFF_NC.9563	5	6803835	6804404	+	0	0	0		25	0	142	0.0	147	2	766	0.0026109660574412533
CUFF_NC.9569	5	6807221	6807716	+	0	0	0		14	0	83	0.0	127	1	506	0.001976284584980237
CUFF_NC.9568	5	6811532	6812214	-	0	0	0		51	0	267	0.0	187	3	950	0.003157894736842105
CUFF_NC.9564	5	6814014	6814884	-	0	0	0		46	0	346	0.0	167	3	805	0.0037267080745341614
CUFF_NC.9565	5	6826515	6826796	-	0	0	0		14	0	94	0.0	75	0	507	0.0
CUFF_NC.9567	5	6832061	6832461	-	0	0	0		12	1	58	0.017241379310344827	97	1	393	0.002544529262086514
CUFF_NC.9571	5	6833585	6834038	-	0	0	0		10	1	122	0.00819672131147541	58	0	459	0.0
CUFF_NC.9570	5	6871667	6875939	-	0	0	0		176	27	955	0.028272251308900525	1000	214	5133	0.041691018897331
CUFF_NC.9577	5	6876684	6878314	-	0	0	0		102	0	625	0.0	404	7	2618	0.00267379679144385
CUFF_NC.9576	5	6883235	6884733	+	0	0	0		60	4	882	0.0045351473922902496	381	8	3173	0.0025212732429877086
CUFF_NC.9573	5	6886764	6887737	+	0	0	0		51	0	214	0.0	160	3	602	0.0049833887043189366
CUFF_NC.9574	5	6888126	6888672	+	0	0	0		34	0	169	0.0	166	3	883	0.0033975084937712344
CUFF_NC.9572	5	6895436	6896214	-	0	0	0		46	0	293	0.0	211	2	1064	0.0018796992481203006
CUFF_NC.9575	5	6916336	6916744	+	0	0	0		10	0	33	0.0	62	1	169	0.005917159763313609
CUFF_NC.9579	5	6943234	6943752	+	0	0	0		29	1	281	0.0035587188612099642	92	1	688	0.0014534883720930232
CUFF_NC.9580	5	6945969	6946705	+	0	0	0		46	0	198	0.0	196	3	768	0.00390625
CUFF_NC.9578	5	6947653	6948858	-	0	0	0		82	3	398	0.007537688442211055	223	6	1071	0.0056022408963585435
CUFF_NC.9584	5	6963631	6964281	-	0	0	0		31	1	163	0.006134969325153374	112	2	413	0.004842615012106538
CUFF_NC.9583	5	6966675	6967474	+	0	0	0		42	2	391	0.005115089514066497	193	4	1125	0.0035555555555555557
CUFF_NC.9581	5	6971518	6972622	-	0	0	0		75	1	504	0.001984126984126984	314	2	1811	0.0011043622308117063
CUFF_NC.9585	5	6973145	6974603	+	0	0	0		110	1	555	0.0018018018018018018	399	9	1865	0.00482573726541555
CUFF_NC.9587	5	6981475	6983184	+	0	0	0		29	0	198	0.0	102	2	459	0.004357298474945534
CUFF_NC.9586	5	6985607	6985866	+	0	0	0		25	0	129	0.0	54	0	165	0.0
CUFF_NC.9590	5	6990324	6990956	-	0	0	0		21	1	207	0.004830917874396135	123	1	735	0.0013605442176870747
CUFF_NC.9596	5	7005951	7006666	+	0	0	0		20	0	59	0.0	136	1	574	0.0017421602787456446
CUFF_NC.9589	5	7012359	7013158	-	0	0	0		41	1	233	0.004291845493562232	201	5	1212	0.004125412541254125
CUFF_NC.9598	5	7021800	7022292	+	0	0	0		14	0	42	0.0	54	0	100	0.0
CUFF_NC.9588	5	7025738	7026783	+	0	0	0		39	1	219	0.0045662100456621	160	4	719	0.005563282336578581
CUFF_NC.9591	5	7029331	7029770	-	0	0	0		43	187	342	0.5467836257309941	113	87	898	0.09688195991091314
CUFF_NC.9592	5	7036414	7036862	+	0	0	0		20	133	203	0.6551724137931034	106	192	914	0.2100656455142232
CUFF_NC.9594	5	7040053	7040644	+	0	0	0		38	0	234	0.0	83	3	557	0.005385996409335727
CUFF_NC.9599	5	7050817	7051548	+	0	0	0		54	1	276	0.0036231884057971015	200	1	910	0.001098901098901099
CUFF_NC.9600	5	7054711	7055518	+	0	0	0		32	2	223	0.008968609865470852	143	2	925	0.002162162162162162
CUFF_NC.9597	5	7068121	7068622	+	0	0	0		40	0	222	0.0	126	2	644	0.003105590062111801
CUFF_NC.9595	5	7080343	7081426	+	0	0	0		60	0	196	0.0	222	2	688	0.0029069767441860465
CUFF_NC.9601	5	7082246	7083162	+	0	0	0		49	0	214	0.0	234	4	954	0.0041928721174004195
CUFF_NC.9602	5	7084012	7084935	+	0	0	0		48	1	198	0.005050505050505051	151	4	592	0.006756756756756757
CUFF_NC.9604	5	7110338	7110665	+	0	0	0		15	0	111	0.0	96	1	303	0.0033003300330033004
CUFF_NC.9616	5	7116516	7117232	-	0	0	0		18	1	83	0.012048192771084338	150	1	558	0.0017921146953405018
CUFF_NC.9607	5	7147697	7148875	-	0	0	0		58	0	348	0.0	207	4	841	0.0047562425683709865
CUFF_NC.9608	5	7149424	7150053	+	0	0	0		45	1	219	0.0045662100456621	166	0	739	0.0
CUFF_NC.9603	5	7155229	7155738	-	0	0	0		19	2	170	0.011764705882352941	133	2	1008	0.001984126984126984
CUFF_NC.9605	5	7163496	7164001	+	0	0	0		22	1	120	0.008333333333333333	98	1	394	0.0025380710659898475
CUFF_NC.9606	5	7166560	7166895	-	0	0	0		14	0	82	0.0	63	0	439	0.0
CUFF_NC.9609	5	7168238	7170883	-	0	0	0		127	1	649	0.0015408320493066256	511	3	2182	0.001374885426214482
CUFF_NC.9611	5	7176245	7177616	-	0	0	0		73	0	335	0.0	246	3	884	0.003393665158371041
CUFF_NC.9610	5	7185713	7186700	-	0	0	0		72	0	374	0.0	180	1	679	0.0014727540500736377
CUFF_NC.9613	5	7200531	7200973	+	0	0	0		20	0	157	0.0	125	3	690	0.004347826086956522
CUFF_NC.9621	5	7204853	7205592	-	0	0	0		4	0	35	0.0	134	0	853	0.0
CUFF_NC.9614	5	7226617	7228463	-	0	0	0		107	1	351	0.002849002849002849	290	0	969	0.0
CUFF_NC.9615	5	7229506	7230082	-	0	0	0		12	0	64	0.0	99	4	424	0.009433962264150943
CUFF_NC.9612	5	7239707	7240481	-	0	0	0		41	1	204	0.004901960784313725	199	1	880	0.0011363636363636363
CUFF_NC.9623	5	7244534	7245922	-	0	0	0		101	3	691	0.004341534008683068	353	9	2136	0.004213483146067416
CUFF_NC.9622	5	7249320	7250625	+	0	0	0		85	3	406	0.007389162561576354	283	4	1184	0.0033783783783783786
CUFF_NC.9620	5	7254730	7256189	+	0	0	0		49	3	257	0.011673151750972763	295	4	1441	0.002775850104094379
CUFF_NC.9617	5	7258852	7260128	+	0	0	0		62	0	253	0.0	221	5	921	0.0054288816503800215
CUFF_NC.9619	5	7264575	7266076	+	0	0	0		56	0	366	0.0	299	7	1389	0.005039596832253419
CUFF_NC.9618	5	7270100	7271222	-	0	0	0		44	2	316	0.006329113924050633	249	4	1509	0.0026507620941020544
CUFF_NC.9625	5	7277250	7278969	-	0	0	0		76	1	292	0.003424657534246575	422	4	1976	0.0020242914979757085
CUFF_NC.9624	5	7280369	7281730	+	0	0	0		102	0	674	0.0	286	4	1413	0.0028308563340410475
CUFF_NC.9627	5	7295953	7296662	+	0	0	0		27	0	137	0.0	110	1	436	0.0022935779816513763
CUFF_NC.9626	5	7345326	7345780	-	0	0	0		31	0	162	0.0	103	4	586	0.006825938566552901
CUFF_NC.9629	5	7350366	7351189	-	0	0	0		44	0	167	0.0	185	3	552	0.005434782608695652
CUFF_NC.9630	5	7356430	7356870	-	0	0	0		37	0	170	0.0	105	0	374	0.0
CUFF_NC.9628	5	7357935	7358473	+	0	0	0		7	0	30	0.0	125	2	522	0.0038314176245210726
CUFF_NC.9634	5	7364546	7365330	-	0	0	0		21	0	123	0.0	200	1	779	0.0012836970474967907
CUFF_NC.9631	5	7365638	7366838	+	0	0	0		68	2	271	0.007380073800738007	221	3	817	0.0036719706242350062
CUFF_NC.9632	5	7372618	7373088	+	0	0	0		15	1	55	0.01818181818181818	118	3	708	0.00423728813559322
CUFF_NC.9637	5	7378953	7380651	-	0	0	0		69	1	476	0.0021008403361344537	390	7	1780	0.003932584269662922
CUFF_NC.9633	5	7383738	7385779	+	0	0	0		115	3	994	0.0030181086519114686	405	10	2821	0.003544842254519674
CUFF_NC.9636	5	7397743	7398174	+	0	0	0		35	0	168	0.0	118	2	443	0.004514672686230248
CUFF_NC.9642	5	7409433	7409919	+	0	0	0		23	0	145	0.0	105	2	507	0.0039447731755424065
CUFF_NC.9635	5	7412976	7413538	+	0	0	0		14	190	276	0.6884057971014492	150	675	2466	0.2737226277372263
CUFF_NC.9638	5	7414942	7416093	-	0	0	0		42	427	564	0.7570921985815603	295	1608	4214	0.38158519221642145
CUFF_NC.9639	5	7418036	7419468	+	0	0	0		48	1	382	0.002617801047120419	232	2	1559	0.0012828736369467607
CUFF_NC.9640	5	7419853	7420648	-	0	0	0		29	1	129	0.007751937984496124	186	3	768	0.00390625
CUFF_NC.9641	5	7420362	7421568	+	0	0	0		40	3	119	0.025210084033613446	255	5	982	0.0050916496945010185
CUFF_NC.9644	5	7422649	7424151	+	0	0	0		107	2	727	0.002751031636863824	350	8	2353	0.003399915002124947
CUFF_NC.9645	5	7425244	7425687	+	0	0	0		7	0	78	0.0	58	2	424	0.0047169811320754715
CUFF_NC.9643	5	7435546	7435935	+	0	0	0		21	0	89	0.0	129	2	546	0.003663003663003663
CUFF_NC.9649	5	7436998	7437652	+	0	0	0		35	1	145	0.006896551724137931	153	0	509	0.0
CUFF_NC.9650	5	7445133	7445615	+	0	0	0		21	1	105	0.009523809523809525	76	1	249	0.004016064257028112
CUFF_NC.9646	5	7462200	7462628	+	0	0	0		22	7	85	0.08235294117647059	121	30	456	0.06578947368421052
CUFF_NC.9648	5	7486244	7486920	+	0	0	0		28	2	164	0.012195121951219513	130	4	574	0.006968641114982578
CUFF_NC.9651	5	7492206	7493276	+	0	0	0		36	0	180	0.0	268	4	1479	0.002704530087897228
CUFF_NC.9653	5	7495531	7496306	+	0	0	0		45	0	243	0.0	185	5	792	0.006313131313131313
CUFF_NC.9654	5	7502880	7503303	-	0	0	0		14	0	73	0.0	84	0	343	0.0
CUFF_NC.9652	5	7506428	7507179	+	0	0	0		38	174	337	0.516320474777448	198	208	1689	0.123149792776791
CUFF_NC.9658	5	7519655	7520119	+	0	0	0		32	0	209	0.0	114	4	669	0.005979073243647235
CUFF_NC.9655	5	7523975	7526148	-	0	0	0		132	0	617	0.0	444	5	1778	0.00281214848143982
CUFF_NC.9657	5	7531987	7533694	-	0	0	0		91	3	698	0.004297994269340974	412	10	2324	0.004302925989672977
CUFF_NC.9663	5	7546915	7547347	+	0	0	0		32	1	200	0.005	126	3	746	0.004021447721179625
CUFF_NC.9664	5	7548457	7549365	+	0	0	0		58	0	326	0.0	226	4	1046	0.0038240917782026767
CUFF_NC.9656	5	7559525	7560434	+	0	0	0		40	1	279	0.0035842293906810036	192	2	1040	0.0019230769230769232
CUFF_NC.9665	5	7587778	7588424	+	0	0	0		43	0	325	0.0	157	4	1126	0.003552397868561279
CUFF_NC.9660	5	7601236	7602500	+	0	0	0		72	1	431	0.002320185614849188	290	1	1474	0.0006784260515603799
CUFF_NC.9670	5	7611700	7612141	-	0	0	0		28	0	92	0.0	121	1	468	0.002136752136752137
CUFF_NC.9659	5	7616994	7617517	+	0	0	0		38	0	194	0.0	150	2	718	0.002785515320334262
CUFF_NC.9667	5	7636033	7636584	+	0	0	0		43	0	244	0.0	115	1	651	0.0015360983102918587
CUFF_NC.9661	5	7647220	7647923	+	0	0	0		39	0	244	0.0	169	5	805	0.006211180124223602
CUFF_NC.9666	5	7652054	7652677	+	0	0	0		59	0	281	0.0	140	2	519	0.0038535645472061657
CUFF_NC.9662	5	7653548	7654661	+	0	0	0		58	0	265	0.0	270	0	1091	0.0
CUFF_NC.9668	5	7676701	7678843	-	0	0	0		104	0	460	0.0	503	6	2173	0.0027611596870685687
CUFF_NC.9669	5	7683723	7685140	+	0	0	0		17	0	99	0.0	74	0	461	0.0
CUFF_NC.9673	5	7703091	7703412	-	0	0	0		21	0	177	0.0	45	2	301	0.006644518272425249
CUFF_NC.9674	5	7704196	7705517	-	0	0	0		34	0	113	0.0	261	6	1097	0.0054694621695533276
CUFF_NC.9671	5	7716603	7717181	+	0	0	0		27	0	79	0.0	143	2	429	0.004662004662004662
CUFF_NC.9672	5	7716737	7717292	-	0	0	0		20	0	59	0.0	141	0	471	0.0
CUFF_NC.9675	5	7726592	7727706	-	0	0	0		44	1	371	0.0026954177897574125	183	3	960	0.003125
CUFF_NC.9685	5	7732824	7734087	+	0	0	0		87	0	408	0.0	357	4	1520	0.002631578947368421
CUFF_NC.9678	5	7736621	7738655	+	0	0	0		102	0	446	0.0	425	4	1591	0.00251414204902577
CUFF_NC.9687	5	7741665	7742874	-	0	0	0		38	1	260	0.0038461538461538464	168	0	725	0.0
CUFF_NC.9677	5	7753332	7754408	-	0	0	0		47	1	352	0.002840909090909091	195	1	1115	0.0008968609865470852
CUFF_NC.9676	5	7755499	7756399	+	0	0	0		43	17	372	0.0456989247311828	187	11	1529	0.007194244604316547
CUFF_NC.9682	5	7773991	7774356	-	0	0	0		35	0	198	0.0	93	2	523	0.0038240917782026767
CUFF_NC.9683	5	7775079	7775410	-	0	0	0		26	0	85	0.0	96	0	324	0.0
CUFF_NC.9680	5	7782539	7783128	-	0	0	0		62	1	240	0.004166666666666667	175	0	729	0.0
CUFF_NC.9698	5	7795985	7796592	+	0	0	0		25	1	200	0.005	140	3	982	0.003054989816700611
CUFF_NC.9681	5	7798334	7799567	+	0	0	0		51	0	248	0.0	190	5	785	0.006369426751592357
CUFF_NC.9679	5	7799877	7800550	-	0	0	0		41	2	192	0.010416666666666666	161	6	866	0.006928406466512702
CUFF_NC.9684	5	7807695	7809001	-	0	0	0		81	1	565	0.0017699115044247787	279	3	1603	0.0018714909544603868
CUFF_NC.9686	5	7813448	7813913	-	0	0	0		24	1	61	0.01639344262295082	85	1	179	0.00558659217877095
CUFF_NC.9689	5	7838670	7841040	-	0	0	0		129	3	734	0.004087193460490463	528	4	2788	0.0014347202295552368
CUFF_NC.9693	5	7880597	7882349	-	0	0	0		154	1	807	0.0012391573729863693	497	6	2202	0.0027247956403269754
CUFF_NC.9695	5	7886803	7889858	+	0	0	0		153	3	1172	0.002559726962457338	667	8	3482	0.0022975301550832855
CUFF_NC.9696	5	7887239	7889593	+	0	0	0		124	3	1030	0.002912621359223301	514	6	2771	0.0021652832912306026
CUFF_NC.9697	5	7888445	7889149	+	0	0	0		32	2	416	0.004807692307692308	128	3	873	0.003436426116838488
CUFF_NC.9690	5	7891002	7891655	-	0	0	0		19	0	103	0.0	153	1	698	0.0014326647564469914
CUFF_NC.9691	5	7912620	7913255	-	0	0	0		17	0	106	0.0	123	3	876	0.003424657534246575
CUFF_NC.9715	5	7918775	7919199	-	0	0	0		20	1	68	0.014705882352941176	97	1	306	0.0032679738562091504
CUFF_NC.9715-2	5	7921780	7922400	-	0	0	0		31	0	162	0.0	85	1	393	0.002544529262086514
CUFF_NC.9692	5	7933267	7934520	+	0	0	0		89	0	469	0.0	225	3	992	0.0030241935483870967
CUFF_NC.9703	5	7957037	7957758	+	0	0	0		47	2	296	0.006756756756756757	181	6	959	0.006256517205422315
CUFF_NC.9704	5	7960623	7962534	+	0	0	0		168	3	812	0.003694581280788177	529	12	2400	0.005
CUFF_NC.9701	5	7985805	7986788	+	0	0	0		49	0	379	0.0	145	2	496	0.004032258064516129
CUFF_NC.9699	5	7991109	7991641	-	0	0	0		9	24	106	0.22641509433962265	63	29	634	0.04574132492113565
CUFF_NC.9705	5	8001832	8002129	-	0	0	0		15	0	136	0.0	79	5	706	0.007082152974504249
CUFF_NC.9700	5	8003500	8004185	-	0	0	0		22	0	108	0.0	127	3	453	0.006622516556291391
CUFF_NC.9702	5	8011088	8011663	+	0	0	0		48	1	287	0.003484320557491289	110	1	679	0.0014727540500736377
CUFF_NC.9706	5	8014345	8017804	+	0	0	0		157	6	1082	0.005545286506469501	881	27	4415	0.006115515288788222
CUFF_NC.9707	5	8037869	8038400	-	0	0	0		15	1	353	0.0028328611898017	87	1	846	0.001182033096926714
CUFF_NC.9708	5	8040203	8040564	-	0	0	0		22	0	128	0.0	91	0	466	0.0
CUFF_NC.9709	5	8042854	8044612	-	0	0	0		120	2	542	0.0036900369003690036	354	6	1696	0.003537735849056604
CUFF_NC.9710	5	8059472	8060246	-	0	0	0		80	1	481	0.002079002079002079	205	5	1114	0.004488330341113106
CUFF_NC.9711	5	8062517	8063176	-	0	0	0		44	1	525	0.0019047619047619048	151	3	891	0.003367003367003367
CUFF_NC.9712	5	8073362	8074316	+	0	0	0		50	0	253	0.0	242	4	1203	0.0033250207813798837
CUFF_NC.9713	5	8076345	8077847	+	0	0	0		74	1	276	0.0036231884057971015	365	5	1191	0.0041981528127623844
CUFF_NC.9714	5	8084888	8087476	-	0	0	0		171	2	1011	0.0019782393669634025	661	15	3416	0.004391100702576112
CUFF_NC.9716	5	8122000	8123120	+	0	0	0		24	0	325	0.0	240	7	1900	0.0036842105263157894
CUFF_NC.9720	5	8129840	8130377	+	0	0	0		29	0	103	0.0	119	1	361	0.002770083102493075
CUFF_NC.9717	5	8149147	8151696	-	0	0	0		145	0	813	0.0	473	6	2241	0.002677376171352075
CUFF_NC.9718	5	8153095	8154941	+	0	0	0		79	2	331	0.006042296072507553	466	3	1782	0.0016835016835016834
CUFF_NC.9719	5	8161769	8162464	-	0	0	0		32	2	166	0.012048192771084338	131	1	527	0.0018975332068311196
CUFF_NC.9725	5	8173866	8174280	+	0	0	0		20	0	66	0.0	94	1	306	0.0032679738562091504
CUFF_NC.9726	5	8175196	8181045	+	0	0	0		108	10	463	0.02159827213822894	633	17	2385	0.007127882599580713
CUFF_NC.9727	5	8180828	8186628	+	0	0	0		211	36	888	0.04054054054054054	1295	204	5323	0.03832425324065376
CUFF_NC.9728	5	8185788	8186468	+	0	0	0		23	0	100	0.0	157	0	657	0.0
CUFF_NC.9723	5	8187822	8188207	-	0	0	0		18	0	111	0.0	82	1	443	0.002257336343115124
CUFF_NC.9724	5	8188685	8189076	-	0	0	0		35	1	343	0.0029154518950437317	73	4	538	0.007434944237918215
CUFF_NC.9722	5	8195869	8201002	-	0	0	0		177	9	701	0.012838801711840228	906	9	3145	0.002861685214626391
CUFF_NC.9766	5	8205054	8206750	-	0	0	0		53	0	342	0.0	414	60	2424	0.024752475247524754
CUFF_NC.9767	5	8210592	8211072	+	0	0	0		29	0	131	0.0	130	1	649	0.0015408320493066256
CUFF_NC.9735	5	8229503	8230189	-	0	0	0		38	0	146	0.0	183	3	583	0.005145797598627788
CUFF_NC.9732	5	8231836	8232698	+	0	0	0		56	2	448	0.004464285714285714	215	6	1367	0.0043891733723482075
CUFF_NC.9733	5	8233447	8234970	+	0	0	0		58	1	296	0.0033783783783783786	247	6	984	0.006097560975609756
CUFF_NC.9734	5	8237763	8238152	+	0	0	0		12	0	74	0.0	100	2	466	0.004291845493562232
CUFF_NC.9730	5	8242643	8243544	+	0	0	0		25	0	119	0.0	212	14	1078	0.012987012987012988
CUFF_NC.9729	5	8264586	8265175	+	0	0	0		24	0	251	0.0	94	3	1103	0.0027198549410698096
CUFF_NC.9731	5	8282436	8284122	+	0	0	0		84	1	401	0.0024937655860349127	325	5	1347	0.003711952487008166
CUFF_NC.9736	5	8295854	8296278	+	0	0	0		18	0	57	0.0	112	1	377	0.002652519893899204
CUFF_NC.9737	5	8330393	8330958	+	0	0	0		51	0	215	0.0	125	1	511	0.0019569471624266144
CUFF_NC.9738	5	8342295	8343266	+	0	0	0		45	3	295	0.010169491525423728	155	4	947	0.004223864836325237
CUFF_NC.9739	5	8367712	8369106	+	0	0	0		63	28	404	0.06930693069306931	209	204	1442	0.14147018030513175
CUFF_NC.9740	5	8373069	8373955	-	0	0	0		14	0	104	0.0	213	1	1345	0.0007434944237918215
CUFF_NC.9744	5	8378596	8382393	-	0	0	0		117	2	618	0.003236245954692557	687	22	2946	0.00746775288526816
CUFF_NC.9745	5	8402910	8403292	-	0	0	0		8	0	51	0.0	114	4	553	0.007233273056057866
CUFF_NC.9742	5	8405607	8406404	+	0	0	0		27	0	78	0.0	123	2	328	0.006097560975609756
CUFF_NC.9746	5	8410284	8411638	+	0	0	0		44	0	332	0.0	249	0	1279	0.0
CUFF_NC.9743	5	8416173	8417704	+	0	0	0		91	3	473	0.006342494714587738	302	5	1551	0.003223726627981947
CUFF_NC.9747	5	8440427	8441408	+	0	0	0		21	1	65	0.015384615384615385	170	6	907	0.006615214994487321
CUFF_NC.9748	5	8443258	8444247	+	0	0	0		19	0	54	0.0	78	0	305	0.0
CUFF_NC.9754	5	8447706	8448346	-	0	0	0		11	0	39	0.0	17	0	64	0.0
CUFF_NC.9749	5	8452823	8453368	+	0	0	0		22	75	160	0.46875	120	60	854	0.0702576112412178
CUFF_NC.9803	5	8458922	8459923	+	0	0	0		115	2	416	0.004807692307692308	236	1	842	0.0011876484560570072
CUFF_NC.9750	5	8510918	8511581	+	0	0	0		20	6	117	0.05128205128205128	122	21	601	0.03494176372712146
CUFF_NC.9751	5	8512192	8513182	-	0	0	0		41	1	235	0.00425531914893617	211	2	1132	0.0017667844522968198
CUFF_NC.9753	5	8516860	8517773	+	0	0	0		64	3	322	0.009316770186335404	241	6	846	0.0070921985815602835
CUFF_NC.9755	5	8541516	8542328	-	0	0	0		31	0	113	0.0	206	5	995	0.005025125628140704
CUFF_NC.9758	5	8547298	8548073	+	0	0	0		8	0	24	0.0	31	0	40	0.0
CUFF_NC.9756	5	8553363	8554187	-	0	0	0		24	0	334	0.0	118	1	1434	0.000697350069735007
CUFF_NC.9757	5	8558195	8559679	+	0	0	0		54	1	637	0.0015698587127158557	263	3	1824	0.001644736842105263
CUFF_NC.9762	5	8595062	8600703	+	0	0	0		136	2	690	0.002898550724637681	1152	14	5477	0.0025561438743837866
CUFF_NC.9763	5	8597376	8603581	+	0	0	0		113	5	514	0.009727626459143969	1040	17	4523	0.003758567322573513
CUFF_NC.9769	5	8610275	8611560	-	0	0	0		40	1	120	0.008333333333333333	184	0	501	0.0
CUFF_NC.9771	5	8614603	8617806	-	0	0	0		4	0	4	0.0	21	0	21	0.0
CUFF_NC.9769-2	5	8615737	8619507	-	0	0	0		14	0	61	0.0	57	1	156	0.00641025641025641
CUFF_NC.9770	5	8623864	8624270	-	0	0	0		10	0	24	0.0	70	0	309	0.0
CUFF_NC.9780	5	8639663	8640127	+	0	0	0		21	0	228	0.0	84	6	743	0.008075370121130552
CUFF_NC.9768	5	8648541	8649435	+	0	0	0		73	1	475	0.002105263157894737	250	2	1125	0.0017777777777777779
CUFF_NC.9772	5	8651445	8652215	-	0	0	0		20	42	166	0.25301204819277107	203	25	1429	0.01749475157452764
CUFF_NC.9774	5	8651628	8652098	+	0	0	0		16	42	153	0.27450980392156865	143	23	1190	0.019327731092436976
CUFF_NC.9773	5	8652680	8653082	+	0	0	0		21	1	216	0.004629629629629629	116	2	732	0.00273224043715847
CUFF_NC.9775	5	8657837	8659367	+	0	0	0		78	1	487	0.002053388090349076	334	4	2104	0.0019011406844106464
CUFF_NC.9782	5	8666821	8667260	+	0	0	0		24	74	146	0.5068493150684932	124	144	944	0.15254237288135594
CUFF_NC.9776	5	8703750	8704187	+	0	0	0		15	0	71	0.0	34	0	140	0.0
CUFF_NC.9777	5	8707287	8707718	+	0	0	0		16	0	74	0.0	92	1	444	0.0022522522522522522
CUFF_NC.9778	5	8723965	8724826	-	0	0	0		35	1	251	0.00398406374501992	231	2	1471	0.0013596193065941536
CUFF_NC.9787	5	8735963	8736914	-	0	0	0		66	0	213	0.0	165	2	477	0.0041928721174004195
CUFF_NC.9788	5	8737036	8738356	-	0	0	0		45	0	309	0.0	300	6	1371	0.00437636761487965
CUFF_NC.9786	5	8744469	8747000	+	0	0	0		19	65	129	0.5038759689922481	95	151	534	0.28277153558052437
CUFF_NC.9793	5	8760190	8760505	+	0	0	0		35	2	168	0.011904761904761904	82	1	357	0.0028011204481792717
CUFF_NC.9779	5	8766960	8767505	-	0	0	0		6	4	9	0.4444444444444444	53	18	97	0.18556701030927836
CUFF_NC.9781	5	8773737	8775057	-	0	0	0		72	0	441	0.0	248	3	1128	0.0026595744680851063
CUFF_NC.9784	5	8790374	8791480	+	0	0	0		30	0	152	0.0	263	5	1125	0.0044444444444444444
CUFF_NC.9783	5	8791550	8792186	-	0	0	0		18	0	118	0.0	105	0	503	0.0
CUFF_NC.9785	5	8795608	8797188	+	0	0	0		85	0	457	0.0	364	5	1742	0.0028702640642939152
CUFF_NC.9789	5	8802105	8808998	+	0	0	0		220	105	1289	0.08145849495733126	1369	501	6778	0.07391560932428445
CUFF_NC.9790	5	8807714	8808129	+	0	0	0		3	0	8	0.0	65	0	236	0.0
CUFF_NC.9791	5	8821213	8821640	-	0	0	0		27	1	99	0.010101010101010102	68	0	307	0.0
CUFF_NC.9792	5	8842501	8843515	+	0	0	0		19	0	157	0.0	236	4	1499	0.00266844563042028
CUFF_NC.9795	5	8844058	8844521	+	0	0	0		33	1	130	0.007692307692307693	104	1	388	0.002577319587628866
CUFF_NC.9796	5	8844097	8846397	-	0	0	0		88	12	638	0.018808777429467086	470	32	3118	0.010262989095574085
CUFF_NC.9794	5	8848354	8849070	-	0	0	0		25	0	117	0.0	140	0	713	0.0
CUFF_NC.9801	5	8864666	8865332	-	0	0	0		38	0	80	0.0	175	1	385	0.0025974025974025974
CUFF_NC.9800	5	8868266	8868796	+	0	0	0		28	0	135	0.0	107	2	422	0.004739336492890996
CUFF_NC.9811	5	8890468	8891922	+	0	0	0		72	1	490	0.0020408163265306124	340	11	2051	0.005363237445148708
CUFF_NC.9812	5	8896562	8898512	-	0	0	0		85	293	657	0.4459665144596651	332	597	2108	0.2832068311195446
CUFF_NC.9813	5	8902616	8903096	-	0	0	0		31	0	203	0.0	103	2	541	0.0036968576709796672
CUFF_NC.9798	5	8908732	8910064	+	0	0	0		53	4	633	0.00631911532385466	213	5	1308	0.00382262996941896
CUFF_NC.9797	5	8930980	8931602	-	0	0	0		11	34	48	0.7083333333333334	52	35	211	0.16587677725118483
CUFF_NC.9799	5	8937356	8938143	+	0	0	0		42	0	147	0.0	133	0	498	0.0
CUFF_NC.9802	5	8977369	8978415	+	0	0	0		58	1	327	0.0030581039755351682	250	6	1436	0.004178272980501393
CUFF_NC.9805	5	8986984	8987798	+	0	0	0		53	1	215	0.004651162790697674	215	4	748	0.0053475935828877
CUFF_NC.9806	5	9004988	9005785	+	0	0	0		45	0	165	0.0	160	3	498	0.006024096385542169
CUFF_NC.9808	5	9048698	9049215	-	0	0	0		22	196	264	0.7424242424242424	123	400	1313	0.30464584920030463
CUFF_NC.9815	5	9073843	9074276	-	0	0	0		25	0	95	0.0	120	6	480	0.0125
CUFF_NC.9814	5	9077237	9077709	+	0	0	0		23	1	181	0.0055248618784530384	125	2	543	0.003683241252302026
CUFF_NC.9809	5	9089637	9090386	-	0	0	0		17	4	99	0.04040404040404041	140	23	898	0.025612472160356347
CUFF_NC.9810	5	9090749	9092210	-	0	0	0		37	190	372	0.510752688172043	357	656	2681	0.24468481909735174
CUFF_NC.9817	5	9111081	9111911	+	0	0	0		38	1	190	0.005263157894736842	168	3	808	0.0037128712871287127
CUFF_NC.9816	5	9114899	9115332	+	0	0	0		17	1	82	0.012195121951219513	101	1	489	0.002044989775051125
CUFF_NC.9818	5	9140353	9141074	+	0	0	0		14	8	195	0.041025641025641026	127	6	789	0.0076045627376425855
CUFF_NC.9820	5	9165937	9166595	+	0	0	0		9	0	25	0.0	18	0	68	0.0
CUFF_NC.9822	5	9200958	9202187	-	0	0	0		35	0	135	0.0	224	2	695	0.0028776978417266188
CUFF_NC.9821	5	9203484	9204004	-	0	0	0		28	78	191	0.4083769633507853	135	114	945	0.12063492063492064
CUFF_NC.9823	5	9234485	9236336	-	0	0	0		108	0	342	0.0	486	6	1485	0.00404040404040404
CUFF_NC.9824	5	9241632	9242042	+	0	0	0		14	0	84	0.0	43	0	250	0.0
CUFF_NC.9825	5	9242450	9242855	+	0	0	0		17	0	89	0.0	108	3	499	0.006012024048096192
CUFF_NC.9826	5	9245801	9246591	+	0	0	0		29	0	113	0.0	194	3	717	0.0041841004184100415
CUFF_NC.9827	5	9246750	9247593	+	0	0	0		29	0	113	0.0	197	0	776	0.0
CUFF_NC.9832	5	9261874	9262667	-	0	0	0		26	1	157	0.006369426751592357	206	3	777	0.003861003861003861
CUFF_NC.9828	5	9272139	9272847	+	0	0	0		3	0	6	0.0	8	0	16	0.0
CUFF_NC.9831	5	9280370	9281233	-	0	0	0		16	77	174	0.4425287356321839	226	393	1915	0.20522193211488252
CUFF_NC.9830	5	9281814	9282369	-	0	0	0		32	41	225	0.18222222222222223	135	96	886	0.10835214446952596
CUFF_NC.9829	5	9295437	9295927	-	0	0	0		26	0	158	0.0	72	0	387	0.0
CUFF_NC.9833	5	9304188	9304614	-	0	0	0		7	0	34	0.0	69	0	336	0.0
CUFF_NC.9834	5	9323269	9324054	+	0	0	0		23	126	230	0.5478260869565217	194	278	1669	0.1665668064709407
CUFF_NC.9837	5	9343327	9347111	-	0	0	0		157	368	977	0.3766632548618219	892	471	5556	0.0847732181425486
CUFF_NC.9838	5	9346480	9346922	+	0	0	0		30	23	178	0.12921348314606743	101	18	777	0.023166023166023165
CUFF_NC.9835	5	9380562	9381572	-	0	0	0		42	160	384	0.4166666666666667	251	428	2109	0.2029397818871503
CUFF_NC.9836	5	9380858	9381272	+	0	0	0		27	84	225	0.37333333333333335	107	89	698	0.12750716332378223
CUFF_NC.9842	5	9399106	9399554	+	0	0	0		13	0	37	0.0	98	2	209	0.009569377990430622
CUFF_NC.9843	5	9403834	9405117	+	0	0	0		80	2	439	0.004555808656036446	318	2	1594	0.0012547051442910915
CUFF_NC.9839	5	9422872	9423542	-	0	0	0		30	0	117	0.0	103	3	349	0.008595988538681949
CUFF_NC.9840	5	9441973	9444780	+	0	0	0		38	54	148	0.36486486486486486	319	146	1259	0.11596505162827642
CUFF_NC.9841	5	9442102	9442770	+	0	0	0		13	14	32	0.4375	44	96	183	0.5245901639344263
CUFF_NC.9854	5	9449415	9449794	-	0	0	0		18	2	163	0.012269938650306749	109	4	911	0.0043907793633369925
CUFF_NC.9855	5	9453733	9454278	-	0	0	0		42	0	216	0.0	144	1	707	0.0014144271570014145
CUFF_NC.9856	5	9456448	9456782	-	0	0	0		20	0	136	0.0	95	1	402	0.0024875621890547263
CUFF_NC.9857	5	9457630	9458550	+	0	0	0		52	0	307	0.0	284	1	1338	0.0007473841554559044
CUFF_NC.9844	5	9462790	9463380	-	0	0	0		26	265	391	0.6777493606138107	142	626	2030	0.3083743842364532
CUFF_NC.9849	5	9465989	9467726	+	0	0	0		133	8	883	0.009060022650056626	467	10	2382	0.0041981528127623844
CUFF_NC.9846	5	9475463	9475877	-	0	0	0		9	0	76	0.0	73	0	417	0.0
CUFF_NC.9845	5	9484751	9486392	+	0	0	0		74	1	300	0.0033333333333333335	175	1	572	0.0017482517482517483
CUFF_NC.9860	5	9486576	9487607	+	0	0	0		56	1	357	0.0028011204481792717	199	2	1010	0.0019801980198019802
CUFF_NC.9847	5	9494316	9494666	+	0	0	0		18	0	39	0.0	98	1	228	0.0043859649122807015
CUFF_NC.9850	5	9527821	9528619	-	0	0	0		32	0	186	0.0	113	2	729	0.0027434842249657062
CUFF_NC.9861	5	9560246	9560687	+	0	0	0		2	0	22	0.0	18	0	274	0.0
CUFF_NC.9858	5	9581147	9581776	-	0	0	0		35	2	236	0.00847457627118644	160	2	827	0.0024183796856106408
CUFF_NC.9859	5	9599909	9600891	-	0	0	0		87	1	568	0.0017605633802816902	264	5	1391	0.0035945363048166786
CUFF_NC.9866	5	9607815	9609006	-	0	0	0		94	0	438	0.0	238	3	906	0.0033112582781456954
CUFF_NC.9867	5	9608410	9609682	-	0	0	0		86	2	477	0.0041928721174004195	246	4	1056	0.003787878787878788
CUFF_NC.9875	5	9617463	9617890	-	0	0	0		17	0	112	0.0	75	1	421	0.0023752969121140144
CUFF_NC.9865	5	9632740	9635192	+	0	0	0		90	3	923	0.0032502708559046588	381	7	2291	0.0030554343081623746
CUFF_NC.9864	5	9636090	9637315	-	0	0	0		46	214	344	0.622093023255814	359	614	2629	0.23354887790034234
CUFF_NC.9863	5	9654931	9655437	+	0	0	0		33	0	216	0.0	146	3	870	0.0034482758620689655
CUFF_NC.9868	5	9671454	9672762	+	0	0	0		88	0	533	0.0	278	3	1414	0.0021216407355021216
CUFF_NC.9869	5	9682321	9682737	-	0	0	0		18	0	73	0.0	94	2	545	0.003669724770642202
CUFF_NC.9870	5	9738282	9738730	+	0	0	0		5	0	27	0.0	22	0	136	0.0
CUFF_NC.9871	5	9754999	9756909	-	0	0	0		48	220	477	0.4612159329140461	442	414	3715	0.11144010767160162
CUFF_NC.9872	5	9760633	9761305	-	0	0	0		34	1	164	0.006097560975609756	140	3	758	0.00395778364116095
CUFF_NC.9885	5	9785452	9786075	-	0	0	0		26	1	283	0.0035335689045936395	114	2	786	0.002544529262086514
CUFF_NC.9886	5	9786889	9789053	-	0	0	0		195	5	1325	0.0037735849056603774	602	7	3455	0.0020260492040520984
CUFF_NC.9873	5	9793066	9793631	+	0	0	0		24	0	79	0.0	132	1	454	0.0022026431718061676
CUFF_NC.9874	5	9793748	9794774	+	0	0	0		47	0	255	0.0	277	2	1181	0.001693480101608806
CUFF_NC.9876	5	9819870	9820319	-	0	0	0		11	0	71	0.0	44	1	213	0.004694835680751174
CUFF_NC.9877	5	9832406	9832863	-	0	0	0		25	0	48	0.0	105	2	251	0.00796812749003984
CUFF_NC.9878	5	9846642	9847356	+	0	0	0		15	15	61	0.2459016393442623	178	157	1145	0.137117903930131
CUFF_NC.9880	5	9848762	9849448	-	0	0	0		19	88	264	0.3333333333333333	119	24	976	0.02459016393442623
CUFF_NC.9879	5	9855912	9856346	-	0	0	0		19	0	136	0.0	115	0	628	0.0
CUFF_NC.9887	5	9864503	9865060	+	0	0	0		20	0	97	0.0	80	0	267	0.0
CUFF_NC.9881	5	9870990	9871954	-	0	0	0		41	174	359	0.48467966573816157	269	488	2256	0.21631205673758866
CUFF_NC.9883	5	9878644	9880189	+	0	0	0		107	3	629	0.0047694753577106515	352	9	1249	0.007205764611689352
CUFF_NC.9884	5	9880832	9881684	+	0	0	0		43	3	209	0.014354066985645933	199	6	871	0.006888633754305396
CUFF_NC.9882	5	9900287	9900841	-	0	0	0		12	15	130	0.11538461538461539	140	13	1042	0.012476007677543186
CUFF_NC.9890	5	9901961	9904496	-	0	0	0		31	69	358	0.19273743016759776	112	92	918	0.10021786492374728
CUFF_NC.9891	5	9902453	9903435	+	0	0	0		0	0	0		27	0	27	0.0
CUFF_NC.9888	5	9934178	9934676	-	0	0	0		16	0	150	0.0	59	0	375	0.0
CUFF_NC.9893	5	9940049	9941560	+	0	0	0		62	117	361	0.32409972299168976	319	212	1744	0.12155963302752294
CUFF_NC.9898	5	9949140	9954184	-	0	0	0		414	3392	4287	0.7912292978773035	1366	3581	13206	0.2711646221414509
CUFF_NC.9894	5	9956777	9957951	+	0	0	0		62	0	137	0.0	258	2	735	0.0027210884353741495
CUFF_NC.9895	5	9977739	9978308	-	0	0	0		18	0	95	0.0	146	3	601	0.004991680532445923
CUFF_NC.9896	5	9978005	9978411	+	0	0	0		8	0	56	0.0	114	5	576	0.008680555555555556
CUFF_NC.9902	5	9980719	9981210	+	0	0	0		48	404	545	0.7412844036697248	136	437	1575	0.27746031746031746
CUFF_NC.9900	5	9986759	9987995	-	0	0	0		67	0	284	0.0	315	3	1168	0.0025684931506849314
CUFF_NC.9901	5	9988206	9989297	-	0	0	0		60	37	242	0.15289256198347106	296	25	1056	0.023674242424242424
CUFF_NC.9969	5	10014380	10014752	-	0	0	0		21	1	61	0.01639344262295082	83	2	359	0.005571030640668524
CUFF_NC.9897	5	10024617	10025430	-	0	0	0		18	0	124	0.0	142	1	700	0.0014285714285714286
CUFF_NC.9915	5	10027874	10032633	+	0	0	0		169	273	1135	0.24052863436123348	854	659	4706	0.14003399915002124
CUFF_NC.9916	5	10029519	10030313	+	0	0	0		42	174	392	0.44387755102040816	221	353	1623	0.2174984596426371
CUFF_NC.9903	5	10035544	10037198	+	0	0	0		3	0	3	0.0	36	1	36	0.027777777777777776
CUFF_NC.9904	5	10037442	10039207	+	0	0	0		105	1	611	0.0016366612111292963	285	4	1485	0.0026936026936026937
CUFF_NC.9929	5	10049678	10056333	-	0	0	0		384	1571	2458	0.6391375101708706	1463	1595	8485	0.18797878609310548
CUFF_NC.9905	5	10066778	10067271	-	0	0	0		0	0	0		4	1	45	0.022222222222222223
CUFF_NC.9911	5	10067389	10071144	+	0	0	0		54	1	215	0.004651162790697674	257	2	730	0.0027397260273972603
CUFF_NC.9912	5	10067430	10068608	-	0	0	0		2	1	2	0.5	16	0	16	0.0
CUFF_NC.9913	5	10068080	10069052	-	0	0	0		2	1	2	0.5	22	0	22	0.0
CUFF_NC.9914	5	10071103	10071910	-	0	0	0		4	0	4	0.0	21	0	21	0.0
CUFF_NC.9906	5	10083171	10083599	+	0	0	0		3	11	21	0.5238095238095238	13	9	41	0.21951219512195122
CUFF_NC.9907	5	10085070	10085717	+	0	0	0		9	50	76	0.6578947368421053	64	52	476	0.1092436974789916
CUFF_NC.9908	5	10087482	10088896	-	0	0	0		19	93	139	0.6690647482014388	137	129	837	0.15412186379928317
CUFF_NC.9910	5	10093333	10094509	+	0	0	0		37	43	221	0.19457013574660634	260	83	1171	0.07087959009393681
CUFF_NC.9909	5	10100871	10101309	-	0	0	0		14	100	161	0.6211180124223602	127	400	1577	0.2536461636017755
CUFF_NC.9918	5	10101382	10102289	-	0	0	0		54	317	475	0.6673684210526316	283	552	2291	0.2409428197293758
CUFF_NC.9917	5	10105993	10106676	+	0	0	0		63	149	267	0.5580524344569289	173	152	690	0.22028985507246376
CUFF_NC.9920	5	10124684	10127370	-	0	0	0		110	231	863	0.26767091541135574	600	271	3695	0.07334235453315291
CUFF_NC.9922	5	10130055	10130643	-	0	0	0		43	289	406	0.7118226600985221	162	467	1498	0.31174899866488653
CUFF_NC.9919	5	10140145	10140838	-	0	0	0		19	44	122	0.36065573770491804	139	116	734	0.15803814713896458
CUFF_NC.9921	5	10141491	10142089	-	0	0	0		29	126	212	0.5943396226415094	134	202	920	0.21956521739130436
CUFF_NC.9923	5	10145596	10146160	-	0	0	0		26	78	124	0.6290322580645161	194	404	1177	0.34324553950722175
CUFF_NC.9924	5	10147714	10148628	-	0	0	0		25	43	169	0.25443786982248523	179	247	1475	0.16745762711864406
CUFF_NC.9926	5	10160297	10160832	+	0	0	0		29	129	195	0.6615384615384615	99	208	598	0.34782608695652173
CUFF_NC.9925	5	10172563	10172936	+	0	0	0		22	101	224	0.45089285714285715	87	101	666	0.15165165165165165
CUFF_NC.9927	5	10203464	10205465	-	0	0	0		14	78	128	0.609375	80	230	1048	0.21946564885496184
CUFF_NC.9930	5	10212269	10213717	+	0	0	0		46	18	209	0.0861244019138756	267	264	1565	0.16869009584664538
CUFF_NC.9931	5	10217315	10217693	-	0	0	0		17	70	182	0.38461538461538464	103	56	804	0.06965174129353234
CUFF_NC.9934	5	10238617	10240873	-	0	0	0		72	230	522	0.44061302681992337	542	425	3112	0.1365681233933162
CUFF_NC.9933	5	10281758	10286160	+	0	0	0		161	106	778	0.13624678663239073	1057	180	4945	0.03640040444893832
CUFF_NC.9932	5	10292594	10297606	+	0	0	0		134	0	586	0.0	1044	19	4922	0.0038602194229987808
CUFF_NC.9953	5	10317851	10319522	+	0	0	0		34	11	72	0.1527777777777778	66	4	125	0.032
CUFF_NC.9962	5	10335895	10339636	+	0	0	0		70	28	236	0.11864406779661017	183	28	601	0.04658901830282862
CUFF_NC.9963	5	10335916	10337405	-	0	0	0		50	16	116	0.13793103448275862	114	6	235	0.02553191489361702
CUFF_NC.9938	5	10378720	10379783	-	0	0	0		56	63	309	0.20388349514563106	201	149	933	0.15969989281886388
CUFF_NC.9939	5	10381534	10381980	-	0	0	0		22	1	164	0.006097560975609756	123	1	744	0.0013440860215053765
CUFF_NC.9937	5	10395334	10395981	-	0	0	0		21	0	64	0.0	180	2	583	0.003430531732418525
CUFF_NC.9936	5	10400904	10401309	+	0	0	0		4	14	17	0.8235294117647058	18	7	67	0.1044776119402985
CUFF_NC.9940	5	10417396	10417703	+	0	0	0		12	63	127	0.49606299212598426	97	66	675	0.09777777777777778
CUFF_NC.9945	5	10418560	10418993	-	0	0	0		23	26	99	0.26262626262626265	106	31	289	0.10726643598615918
CUFF_NC.9946	5	10418747	10420661	+	0	0	0		64	161	467	0.34475374732334046	496	197	3034	0.06493078444297956
CUFF_NC.9942	5	10422375	10423383	-	0	0	0		40	57	225	0.25333333333333335	254	83	959	0.08654848800834203
CUFF_NC.9941	5	10423514	10424102	-	0	0	0		20	35	119	0.29411764705882354	154	102	834	0.1223021582733813
CUFF_NC.9943	5	10424958	10426391	-	0	0	0		39	149	376	0.3962765957446808	345	314	3004	0.10452729693741677
CUFF_NC.9944	5	10428545	10429132	-	0	0	0		15	42	190	0.22105263157894736	137	37	1235	0.029959514170040485
CUFF_NC.9949	5	10454710	10455566	+	0	0	0		38	0	144	0.0	196	1	680	0.0014705882352941176
CUFF_NC.9947	5	10471889	10472487	-	0	0	0		21	45	118	0.3813559322033898	149	132	981	0.1345565749235474
CUFF_NC.9948	5	10476084	10476964	+	0	0	0		60	317	509	0.6227897838899804	228	243	1714	0.14177362893815637
CUFF_NC.9952	5	10477529	10479437	-	0	0	0		60	1	457	0.002188183807439825	185	2	974	0.002053388090349076
CUFF_NC.9951	5	10479973	10480720	+	0	0	0		6	1	6	0.16666666666666666	40	11	40	0.275
CUFF_NC.9950	5	10489618	10490204	+	0	0	0		21	0	77	0.0	109	1	470	0.002127659574468085
CUFF_NC.9954	5	10503386	10504750	+	0	0	0		44	167	374	0.446524064171123	365	197	2370	0.08312236286919832
CUFF_NC.9956	5	10527871	10528514	-	0	0	0		25	130	275	0.4727272727272727	156	115	1488	0.07728494623655914
CUFF_NC.9955	5	10539263	10539962	-	0	0	0		19	110	217	0.5069124423963134	171	33	893	0.036954087346024636
CUFF_NC.9960	5	10547820	10554375	+	0	0	0		493	3319	4509	0.7360833887779995	1986	4170	16356	0.2549523110785033
CUFF_NC.9958	5	10566485	10567050	-	0	0	0		32	94	227	0.41409691629955947	107	53	699	0.07582260371959942
CUFF_NC.9957	5	10567875	10568222	-	0	0	0		3	8	37	0.21621621621621623	92	20	616	0.032467532467532464
CUFF_NC.9959	5	10613827	10614783	-	0	0	0		15	4	70	0.05714285714285714	91	7	353	0.019830028328611898
CUFF_NC.9964	5	10631290	10631609	+	0	0	0		4	5	18	0.2777777777777778	64	23	331	0.06948640483383686
CUFF_NC.9965	5	10631853	10633988	-	0	0	0		67	60	283	0.21201413427561838	283	166	1130	0.14690265486725665
CUFF_NC.9966	5	10653421	10654264	-	0	0	0		14	29	167	0.17365269461077845	201	205	2005	0.10224438902743142
CUFF_NC.9967	5	10653772	10654186	+	0	0	0		10	23	119	0.19327731092436976	112	152	1175	0.12936170212765957
CUFF_NC.9968	5	10655209	10655927	-	0	0	0		12	11	154	0.07142857142857142	74	26	473	0.05496828752642706
CUFF_NC.9972	5	10668566	10669045	+	0	0	0		3	9	15	0.6	23	12	101	0.1188118811881188
CUFF_NC.9973	5	10669116	10669675	+	0	0	0		1	2	2	1.0	17	6	32	0.1875
CUFF_NC.9974	5	10683135	10683925	-	0	0	0		30	0	140	0.0	156	10	713	0.014025245441795231
CUFF_NC.9975	5	10711885	10713547	-	0	0	0		121	621	1072	0.5792910447761194	451	453	3088	0.14669689119170984
CUFF_NC.9976	5	10719551	10720538	+	0	0	0		39	1	219	0.0045662100456621	169	0	768	0.0
CUFF_NC.9977	5	10764150	10765378	-	0	0	0		18	4	48	0.08333333333333333	67	16	197	0.08121827411167512
CUFF_NC.9978	5	10774473	10775350	+	0	0	0		54	157	707	0.22206506364922207	164	188	1858	0.10118406889128095
CUFF_NC.9979	5	10774474	10775250	-	0	0	0		44	143	595	0.24033613445378152	152	176	1707	0.10310486233157587
CUFF_NC.9982	5	10794263	10795890	-	0	0	0		25	2	82	0.024390243902439025	145	7	438	0.01598173515981735
CUFF_NC.9983	5	10794740	10797376	+	0	0	0		70	2	264	0.007575757575757576	323	9	1201	0.00749375520399667
CUFF_NC.9985	5	10800993	10807952	+	0	0	0		232	391	1262	0.3098256735340729	1469	722	7345	0.09829816201497617
CUFF_NC.9986	5	10803300	10804376	+	0	0	0		24	0	155	0.0	208	7	966	0.007246376811594203
CUFF_NC.9980	5	10828005	10828770	+	0	0	0		37	113	279	0.4050179211469534	221	137	1471	0.09313392250169952
CUFF_NC.9981	5	10831581	10832296	-	0	0	0		18	57	215	0.2651162790697674	154	69	1170	0.05897435897435897
CUFF_NC.9984	5	10834550	10836513	+	0	0	0		56	124	554	0.22382671480144403	438	141	3341	0.042202933253516914
CUFF_NC.10018	5	10841062	10846831	-	0	0	0		203	993	2158	0.46014828544949027	1330	1974	11566	0.17067266124848696
CUFF_NC.9988	5	10862382	10863323	+	0	0	0		60	2	331	0.006042296072507553	245	4	1061	0.003770028275212064
CUFF_NC.9987	5	10895969	10896694	+	0	0	0		29	162	424	0.38207547169811323	168	105	1732	0.06062355658198614
CUFF_NC.9989	5	10899725	10900183	+	0	0	0		19	91	185	0.4918918918918919	132	111	1194	0.09296482412060302
CUFF_NC.9990	5	10914926	10915443	-	0	0	0		10	52	91	0.5714285714285714	129	94	969	0.09700722394220847
CUFF_NC.9991	5	10915639	10916215	-	0	0	0		31	307	424	0.7240566037735849	112	357	1272	0.2806603773584906
CUFF_NC.9997	5	10933795	10934903	+	0	0	0		73	0	258	0.0	229	3	1017	0.0029498525073746312
CUFF_NC.9992	5	10938834	10939238	-	0	0	0		22	184	261	0.7049808429118773	112	229	1237	0.185125303152789
CUFF_NC.9994	5	10953119	10953560	+	0	0	0		3	5	11	0.45454545454545453	25	4	120	0.03333333333333333
CUFF_NC.9993	5	10991570	10992465	-	0	0	0		12	33	110	0.3	206	39	1528	0.025523560209424083
CUFF_NC.9995	5	11039247	11040290	+	0	0	0		48	165	556	0.29676258992805754	242	225	2228	0.10098743267504488
CUFF_NC.9996	5	11051471	11054398	-	0	0	0		87	405	1016	0.3986220472440945	692	849	5290	0.1604914933837429
CUFF_NC.9998	5	11080014	11080670	-	0	0	0		59	516	677	0.7621861152141802	202	433	2058	0.21039844509232264
CUFF_NC.9999	5	11091978	11094534	-	0	0	0		127	483	912	0.5296052631578947	666	764	4888	0.15630114566284778
CUFF_NC.10000	5	11092543	11093154	-	0	0	0		39	100	203	0.49261083743842365	154	91	664	0.13704819277108435
CUFF_NC.10001	5	11128635	11129146	+	0	0	0		23	15	62	0.24193548387096775	132	91	420	0.21666666666666667
CUFF_NC.10002	5	11133669	11133998	+	0	0	0		13	37	127	0.29133858267716534	80	125	785	0.1592356687898089
CUFF_NC.10008	5	11138640	11145249	+	0	0	0		194	368	875	0.4205714285714286	971	721	4073	0.17701939602258776
CUFF_NC.10009	5	11139601	11140132	+	0	0	0		9	18	68	0.2647058823529412	46	11	198	0.05555555555555555
CUFF_NC.10003	5	11153193	11157937	+	0	0	0		184	887	1885	0.47055702917771886	1275	1490	9289	0.160404779847131
CUFF_NC.10015	5	11184562	11189002	-	0	0	0		100	1627	3962	0.4106511862695608	698	5136	22330	0.23000447828034035
CUFF_NC.10004	5	11192548	11193468	-	0	0	0		51	244	643	0.37947122861586313	242	238	2538	0.0937746256895193
CUFF_NC.10005	5	11194068	11194406	+	0	0	0		21	54	148	0.36486486486486486	101	88	647	0.13601236476043277
CUFF_NC.10006	5	11198673	11199058	-	0	0	0		20	78	148	0.527027027027027	119	115	787	0.14612452350698857
CUFF_NC.10007	5	11200795	11202355	-	0	0	0		71	252	726	0.34710743801652894	463	587	3700	0.15864864864864864
CUFF_NC.10010	5	11202433	11202864	-	0	0	0		13	9	59	0.15254237288135594	131	66	558	0.11827956989247312
CUFF_NC.10012	5	11212578	11212944	-	0	0	0		26	171	344	0.49709302325581395	116	248	1484	0.16711590296495957
CUFF_NC.10011	5	11272961	11273559	-	0	0	0		39	237	418	0.5669856459330144	132	170	1113	0.1527403414195867
CUFF_NC.10016	5	11300799	11304843	-	0	0	0		190	816	1504	0.5425531914893617	1082	1282	8329	0.1539200384199784
CUFF_NC.10013	5	11307075	11307967	+	0	0	0		38	111	356	0.31179775280898875	268	258	2332	0.11063464837049743
CUFF_NC.10014	5	11313710	11314141	+	0	0	0		15	71	201	0.35323383084577115	138	208	1522	0.1366622864651774
CUFF_NC.10020	5	11396813	11397925	-	0	0	0		75	428	621	0.6892109500805152	226	403	1664	0.2421875
CUFF_NC.10021	5	11419901	11420347	-	0	0	0		8	36	87	0.41379310344827586	118	176	1249	0.14091273018414732
CUFF_NC.10022	5	11438008	11438970	-	0	0	0		49	83	150	0.5533333333333333	138	70	347	0.2017291066282421
CUFF_NC.10024	5	11441681	11444645	-	0	0	0		124	662	1307	0.5065034429992349	726	1048	7299	0.14358131250856282
CUFF_NC.10023	5	11447047	11447493	-	0	0	0		15	80	140	0.5714285714285714	128	137	863	0.15874855156431056
CUFF_NC.10027	5	11454462	11456337	-	0	0	0		48	182	328	0.5548780487804879	180	194	1145	0.16943231441048034
CUFF_NC.10028	5	11456980	11457660	-	0	0	0		37	126	240	0.525	219	259	1425	0.18175438596491228
CUFF_NC.10029	5	11458686	11459219	-	0	0	0		55	349	604	0.5778145695364238	171	205	1040	0.1971153846153846
CUFF_NC.10025	5	11500623	11501225	-	0	0	0		23	81	284	0.2852112676056338	100	70	687	0.10189228529839883
CUFF_NC.10026	5	11522285	11522664	-	0	0	0		14	50	151	0.33112582781456956	110	159	886	0.17945823927765236
CUFF_NC.10030	5	11559169	11559839	-	0	0	0		31	107	204	0.5245098039215687	94	127	628	0.20222929936305734
CUFF_NC.10031	5	11561474	11561912	-	0	0	0		31	159	268	0.5932835820895522	137	224	1102	0.20326678765880218
CUFF_NC.10032	5	11562296	11562698	-	0	0	0		18	84	162	0.5185185185185185	81	180	949	0.18967334035827185
CUFF_NC.10039	5	11635301	11639177	+	0	0	0		155	417	1216	0.34292763157894735	913	642	6471	0.09921186833565136
CUFF_NC.10034	5	11666888	11667197	+	0	0	0		4	15	23	0.6521739130434783	60	64	233	0.27467811158798283
CUFF_NC.10035	5	11684446	11685174	-	0	0	0		4	11	26	0.4230769230769231	84	85	497	0.1710261569416499
CUFF_NC.10041	5	11701900	11705589	+	0	0	0		76	693	2195	0.31571753986332574	942	4020	27200	0.14779411764705883
CUFF_NC.10043	5	11703894	11704932	-	0	0	0		21	115	435	0.26436781609195403	275	970	6262	0.15490258703289683
CUFF_NC.10044	5	11708050	11708510	-	0	0	0		7	28	81	0.345679012345679	100	107	772	0.13860103626943004
CUFF_NC.10042	5	11708051	11709541	+	0	0	0		24	107	355	0.30140845070422534	314	771	4444	0.1734923492349235
CUFF_NC.10036	5	11717963	11720153	+	0	0	0		18	36	58	0.6206896551724138	69	25	169	0.14792899408284024
CUFF_NC.10037	5	11723210	11723877	+	0	0	0		15	108	302	0.3576158940397351	214	764	5287	0.14450539058066958
CUFF_NC.10038	5	11723331	11725010	-	0	0	0		38	380	1066	0.35647279549718575	509	2469	15980	0.15450563204005005
CUFF_NC.10050	5	11726023	11735299	-	0	0	0		112	999	2945	0.3392190152801358	2780	8737	77467	0.11278350781623142
CUFF_NC.10052	5	11726635	11737138	+	0	0	0		130	1106	3210	0.3445482866043614	3146	9404	80762	0.11644090042346648
CUFF_NC.10051	5	11730373	11732790	-	0	0	0		31	302	906	0.3333333333333333	740	2588	23535	0.10996388357765031
CUFF_NC.10040	5	11802222	11803240	+	0	0	0		47	231	453	0.5099337748344371	169	331	1301	0.2544196771714066
CUFF_NC.10046	5	11961281	11963418	-	0	0	0		77	310	884	0.3506787330316742	441	856	5597	0.1529390745041987
CUFF_NC.10048	5	12017188	12017628	-	0	0	0		19	77	114	0.6754385964912281	68	63	402	0.15671641791044777
CUFF_NC.10047	5	12053111	12058145	-	0	0	0		40	115	318	0.36163522012578614	448	749	3202	0.2339163023110556
CUFF_NC.10062	5	12080647	12081095	-	0	0	0		40	1	204	0.004901960784313725	121	3	553	0.0054249547920434
CUFF_NC.10049	5	12113700	12114109	-	0	0	0		2	3	3	1.0	20	35	40	0.875
CUFF_NC.10054	5	12115216	12117668	-	0	0	0		5	3	6	0.5	33	4	49	0.08163265306122448
CUFF_NC.10053	5	12117728	12118919	-	0	0	0		2	4	10	0.4	14	19	102	0.18627450980392157
CUFF_NC.10055	5	12161571	12162660	-	0	0	0		66	334	551	0.6061705989110708	301	443	2174	0.20377184912603497
CUFF_NC.10057	5	12209450	12210023	+	0	0	0		46	238	373	0.6380697050938338	176	199	1377	0.14451706608569354
CUFF_NC.10058	5	12240386	12240623	-	0	0	0		9	34	54	0.6296296296296297	60	44	301	0.1461794019933555
CUFF_NC.10065	5	12268445	12269442	-	0	0	0		26	176	347	0.5072046109510087	221	305	1965	0.15521628498727735
CUFF_NC.10059	5	12305985	12306682	+	0	0	0		1	0	1	0.0	12	0	19	0.0
CUFF_NC.10060	5	12308471	12310148	+	0	0	0		104	503	977	0.5148413510747185	438	510	3049	0.16726795670711708
CUFF_NC.10063	5	12410345	12414093	-	0	0	0		13	8	15	0.5333333333333333	107	29	117	0.24786324786324787
CUFF_NC.10064	5	12434896	12435169	-	0	0	0		8	34	48	0.7083333333333334	39	40	159	0.25157232704402516
CUFF_NC.10066	5	12439685	12440493	+	0	0	0		33	0	114	0.0	191	5	682	0.007331378299120235
CUFF_NC.10067	5	12462325	12462741	+	0	0	0		14	0	39	0.0	123	2	454	0.004405286343612335
CUFF_NC.10071	5	12511112	12512584	-	0	0	0		37	166	440	0.37727272727272726	343	458	2819	0.16246896062433486
CUFF_NC.10068	5	12544884	12546657	-	0	0	0		96	279	624	0.44711538461538464	378	147	2166	0.06786703601108034
CUFF_NC.10069	5	12570172	12570906	-	0	0	0		33	178	293	0.6075085324232082	221	408	2065	0.19757869249394674
CUFF_NC.10075	5	12588769	12589336	-	0	0	0		26	2	180	0.011111111111111112	77	2	346	0.005780346820809248
CUFF_NC.10074	5	12592300	12593575	+	0	0	0		65	383	646	0.5928792569659442	310	474	2698	0.17568569310600446
CUFF_NC.10073	5	12599494	12599818	-	0	0	0		19	0	26	0.0	47	1	67	0.014925373134328358
CUFF_NC.10078	5	12619264	12620273	-	0	0	0		67	260	1189	0.21867115222876365	256	412	3596	0.11457174638487208
CUFF_NC.10076	5	12630894	12631310	+	0	0	0		6	7	27	0.25925925925925924	58	123	563	0.21847246891651864
CUFF_NC.10077	5	12676823	12677585	+	0	0	0		33	152	355	0.428169014084507	206	257	1634	0.15728274173806608
CUFF_NC.10080	5	12715357	12715776	-	0	0	0		24	41	77	0.5324675324675324	114	56	351	0.15954415954415954
CUFF_NC.10083	5	12894984	12896157	+	0	0	0		52	151	404	0.37376237623762376	243	179	1322	0.13540090771558244
CUFF_NC.10084	5	12913472	12914429	-	0	0	0		41	180	422	0.4265402843601896	251	209	1903	0.10982658959537572
CUFF_NC.10085	5	12913643	12915359	+	0	0	0		66	247	621	0.3977455716586151	456	413	3377	0.12229789754219722
CUFF_NC.10087	5	12986923	12988241	+	0	0	0		29	137	275	0.49818181818181817	159	248	1208	0.2052980132450331
CUFF_NC.10086	5	13035681	13036269	-	0	0	0		1	1	1	1.0	5	1	5	0.2
CUFF_NC.10092	5	13059799	13060618	+	0	0	0		32	94	265	0.35471698113207545	184	85	1318	0.06449165402124431
CUFF_NC.10091	5	13060910	13062335	-	0	0	0		60	230	525	0.4380952380952381	370	647	2924	0.2212722298221614
CUFF_NC.10088	5	13074790	13075212	+	0	0	0		11	31	76	0.40789473684210525	79	49	389	0.12596401028277635
CUFF_NC.10089	5	13081730	13082912	+	0	0	0		17	138	325	0.4246153846153846	247	190	2722	0.06980161645848641
CUFF_NC.10093	5	13105150	13105958	-	0	0	0		43	1	332	0.0030120481927710845	151	2	669	0.0029895366218236174
CUFF_NC.10095	5	13177462	13180445	+	0	0	0		49	519	867	0.5986159169550173	345	989	4945	0.2
CUFF_NC.10094	5	13213186	13213684	-	0	0	0		30	137	294	0.46598639455782315	83	137	666	0.2057057057057057
CUFF_NC.10099	5	13238454	13238903	+	0	0	0		22	1	75	0.013333333333333334	112	2	418	0.004784688995215311
CUFF_NC.10097	5	13250667	13251183	+	0	0	0		17	62	92	0.6739130434782609	127	196	947	0.20696937697993664
CUFF_NC.10100	5	13300501	13301231	-	0	0	0		27	182	276	0.6594202898550725	218	578	1937	0.29839958699019103
CUFF_NC.10102	5	13330983	13331737	+	0	0	0		39	123	323	0.38080495356037153	179	337	1397	0.24123120973514675
CUFF_NC.10103	5	13342513	13342837	+	0	0	0		10	1	83	0.012048192771084338	98	0	612	0.0
CUFF_NC.10105	5	13350027	13352119	-	0	0	0		99	397	913	0.4348302300109529	569	666	4655	0.1430719656283566
CUFF_NC.10106	5	13352314	13353161	-	0	0	0		47	117	394	0.2969543147208122	240	160	1961	0.0815910249872514
CUFF_NC.10104	5	13358384	13359067	-	0	0	0		27	0	170	0.0	161	3	1019	0.002944062806673209
CUFF_NC.10107	5	13363991	13364508	+	0	0	0		24	0	86	0.0	128	2	444	0.0045045045045045045
CUFF_NC.10108	5	13371331	13372418	+	0	0	0		47	200	337	0.5934718100890207	277	387	1789	0.21632196757965344
CUFF_NC.10115	5	13420972	13421731	-	0	0	0		49	0	319	0.0	198	2	1089	0.0018365472910927456
CUFF_NC.10112	5	13424390	13424883	-	0	0	0		21	0	113	0.0	82	0	349	0.0
CUFF_NC.10111	5	13434136	13435417	-	0	0	0		29	17	196	0.08673469387755102	326	34	1519	0.02238314680710994
CUFF_NC.10109	5	13439484	13440594	+	0	0	0		33	182	478	0.3807531380753138	248	276	2668	0.10344827586206896
CUFF_NC.10110	5	13439842	13440452	-	0	0	0		25	177	443	0.39954853273137697	135	197	1805	0.10914127423822714
CUFF_NC.10113	5	13463028	13463403	+	0	0	0		38	1	255	0.00392156862745098	90	0	542	0.0
CUFF_NC.10114	5	13463729	13464014	+	0	0	0		23	0	203	0.0	74	1	586	0.0017064846416382253
CUFF_NC.10117	5	13593597	13594654	+	0	0	0		108	1	540	0.001851851851851852	250	2	979	0.0020429009193054137
CUFF_NC.10116	5	13603339	13603864	+	0	0	0		11	11	42	0.2619047619047619	106	8	456	0.017543859649122806
CUFF_NC.10119	5	13651934	13652780	-	0	0	0		49	134	234	0.5726495726495726	184	239	943	0.25344644750795337
CUFF_NC.10123	5	13665649	13671472	-	0	0	0		26	0	60	0.0	125	0	255	0.0
CUFF_NC.10120	5	13675730	13676295	-	0	0	0		21	4	75	0.05333333333333334	116	10	497	0.02012072434607646
CUFF_NC.10122	5	13682425	13684910	-	0	0	0		74	274	646	0.4241486068111455	484	214	3308	0.06469165659008465
CUFF_NC.10146	5	13693243	13694885	-	0	0	0		66	264	525	0.5028571428571429	434	325	2906	0.11183757742601515
CUFF_NC.10124	5	13815893	13817431	-	0	0	0		1	1	1	1.0	30	1	30	0.03333333333333333
CUFF_NC.10125	5	13816000	13817563	+	0	0	0		1	1	1	1.0	32	1	32	0.03125
CUFF_NC.10128	5	13858402	13858995	+	0	0	0		29	1	227	0.004405286343612335	130	1	611	0.0016366612111292963
CUFF_NC.10129	5	13860945	13861242	+	0	0	0		11	54	108	0.5	69	97	668	0.14520958083832336
CUFF_NC.10126	5	13870188	13870833	-	0	0	0		29	0	108	0.0	159	1	543	0.001841620626151013
CUFF_NC.10127	5	13872711	13873459	+	0	0	0		56	3	300	0.01	193	4	870	0.004597701149425287
CUFF_NC.10130	5	13879269	13880205	+	0	0	0		40	3	372	0.008064516129032258	180	3	1309	0.002291825821237586
CUFF_NC.10132	5	13881642	13882783	-	0	0	0		65	0	294	0.0	329	5	1305	0.0038314176245210726
CUFF_NC.10131	5	13889783	13890106	-	0	0	0		15	67	91	0.7362637362637363	102	126	565	0.22300884955752212
CUFF_NC.10133	5	13897764	13898425	-	0	0	0		23	0	61	0.0	145	2	310	0.0064516129032258064
CUFF_NC.10134	5	13931161	13931598	+	0	0	0		23	235	319	0.7366771159874608	130	400	1716	0.2331002331002331
CUFF_NC.10136	5	13934203	13935202	-	0	0	0		40	53	213	0.24882629107981222	237	150	1629	0.09208103130755065
CUFF_NC.10140	5	13962279	13963822	-	0	0	0		20	19	67	0.2835820895522388	88	42	287	0.14634146341463414
CUFF_NC.10137	5	13970759	13971163	+	0	0	0		6	0	9	0.0	31	1	46	0.021739130434782608
CUFF_NC.10138	5	13976190	13976648	+	0	0	0		9	81	161	0.5031055900621118	105	192	1263	0.15201900237529692
CUFF_NC.10143	5	13987500	13988712	-	0	0	0		36	6	120	0.05	168	30	555	0.05405405405405406
CUFF_NC.10144	5	13987760	13988224	+	0	0	0		6	0	10	0.0	33	1	87	0.011494252873563218
CUFF_NC.10147	5	14034711	14040985	+	0	0	0		268	1258	2331	0.5396825396825397	1286	2186	9871	0.2214567926248607
CUFF_NC.10148	5	14048395	14050122	-	0	0	0		69	2	310	0.0064516129032258064	373	4	1629	0.0024554941682013503
CUFF_NC.10149	5	14050351	14063110	-	0	0	0		48	90	185	0.4864864864864865	383	64	1349	0.04744255003706449
CUFF_NC.10155	5	14066518	14067948	+	0	0	0		88	2	414	0.004830917874396135	365	42	1816	0.023127753303964757
CUFF_NC.10156	5	14068976	14069545	+	0	0	0		30	0	152	0.0	156	7	771	0.009079118028534372
CUFF_NC.10150	5	14088536	14090129	+	0	0	0		10	6	32	0.1875	75	52	332	0.1566265060240964
CUFF_NC.10151	5	14182083	14182638	-	0	0	0		23	132	262	0.5038167938931297	157	296	1582	0.18710493046776233
CUFF_NC.10154	5	14198117	14199380	+	0	0	0		79	0	343	0.0	266	2	956	0.0020920502092050207
CUFF_NC.10153	5	14201893	14202823	-	0	0	0		38	0	272	0.0	226	9	1349	0.006671608598962194
CUFF_NC.10152	5	14203273	14204028	+	0	0	0		28	87	262	0.3320610687022901	196	185	1629	0.11356660527931246
CUFF_NC.10160	5	14223391	14223940	+	0	0	0		14	0	69	0.0	132	3	555	0.005405405405405406
CUFF_NC.10157	5	14225086	14225562	+	0	0	0		22	0	63	0.0	124	3	428	0.007009345794392523
CUFF_NC.10158	5	14238350	14238806	+	0	0	0		19	154	328	0.4695121951219512	80	187	1162	0.16092943201376936
CUFF_NC.10159	5	14245631	14246121	+	0	0	0		17	0	116	0.0	112	0	638	0.0
CUFF_NC.10171	5	14252746	14253288	+	0	0	0		26	0	137	0.0	131	0	458	0.0
CUFF_NC.10172	5	14255351	14256309	+	0	0	0		36	0	151	0.0	168	1	959	0.0010427528675703858
CUFF_NC.10163	5	14274899	14276036	-	0	0	0		87	0	412	0.0	278	3	1219	0.002461033634126333
CUFF_NC.10161	5	14278497	14278906	+	0	0	0		24	0	80	0.0	106	0	323	0.0
CUFF_NC.10162	5	14287913	14288529	+	0	0	0		19	0	91	0.0	104	1	386	0.0025906735751295338
CUFF_NC.10166	5	14311319	14312224	-	0	0	0		42	191	405	0.47160493827160493	229	213	1912	0.11140167364016737
CUFF_NC.10165	5	14324816	14327311	+	0	0	0		40	90	306	0.29411764705882354	168	56	994	0.056338028169014086
CUFF_NC.10169	5	14381581	14382128	-	0	0	0		19	32	57	0.5614035087719298	83	47	198	0.23737373737373738
CUFF_NC.10170	5	14382943	14383605	-	0	0	0		39	79	204	0.3872549019607843	148	146	947	0.15417106652587118
CUFF_NC.10177	5	14543170	14543604	+	0	0	0		10	0	45	0.0	51	0	271	0.0
CUFF_NC.10178	5	14587568	14588215	+	0	0	0		15	89	115	0.7739130434782608	108	283	870	0.3252873563218391
CUFF_NC.10179	5	14588277	14589759	-	0	0	0		7	27	47	0.574468085106383	94	127	359	0.35376044568245124
CUFF_NC.10180	5	14609317	14609667	-	0	0	0		15	9	94	0.09574468085106383	83	27	553	0.048824593128390596
CUFF_NC.10182	5	14621891	14622801	+	0	0	0		70	0	411	0.0	166	3	919	0.003264417845484222
CUFF_NC.10181	5	14638946	14639623	-	0	0	0		18	1	83	0.012048192771084338	171	3	821	0.0036540803897685747
CUFF_NC.10183	5	14654500	14654930	-	0	0	0		21	84	247	0.340080971659919	100	76	1209	0.06286186931348221
CUFF_NC.10187	5	14659330	14675725	-	0	0	0		758	5118	7555	0.6774321641297154	3927	7025	34545	0.20335793892024895
CUFF_NC.10184	5	14676336	14677171	-	0	0	0		9	1	47	0.02127659574468085	81	28	581	0.04819277108433735
CUFF_NC.10188	5	14686198	14686555	-	0	0	0		17	0	97	0.0	66	1	363	0.0027548209366391185
CUFF_NC.10185	5	14687170	14687744	+	0	0	0		5	22	43	0.5116279069767442	20	25	166	0.15060240963855423
CUFF_NC.10186	5	14699126	14699766	+	0	0	0		12	19	72	0.2638888888888889	117	40	514	0.07782101167315175
CUFF_NC.10189	5	14710682	14711427	+	0	0	0		22	4	139	0.02877697841726619	109	8	641	0.0124804992199688
CUFF_NC.10190	5	14715227	14715635	+	0	0	0		11	5	46	0.10869565217391304	90	5	242	0.02066115702479339
CUFF_NC.10199	5	14724148	14724758	+	0	0	0		30	1	306	0.0032679738562091504	149	0	799	0.0
CUFF_NC.10191	5	14745412	14745960	+	0	0	0		36	205	370	0.5540540540540541	130	217	1232	0.17613636363636365
CUFF_NC.10192	5	14749261	14749848	+	0	0	0		11	46	74	0.6216216216216216	41	178	375	0.4746666666666667
CUFF_NC.10193	5	14749328	14749847	-	0	0	0		9	35	40	0.875	17	27	72	0.375
CUFF_NC.10194	5	14756815	14757411	+	0	0	0		23	0	81	0.0	70	1	278	0.0035971223021582736
CUFF_NC.10200	5	14763914	14764273	-	0	0	0		16	0	59	0.0	98	2	492	0.0040650406504065045
CUFF_NC.10195	5	14800129	14801441	-	0	0	0		31	61	253	0.24110671936758893	318	105	2316	0.04533678756476684
CUFF_NC.10196	5	14811615	14812044	+	0	0	0		17	0	113	0.0	115	0	691	0.0
CUFF_NC.10203	5	14812746	14813520	+	0	0	0		66	3	606	0.0049504950495049506	149	8	1078	0.0074211502782931356
CUFF_NC.10197	5	14822000	14822662	-	0	0	0		11	0	54	0.0	145	2	608	0.003289473684210526
CUFF_NC.10198	5	14822022	14822620	+	0	0	0		8	0	48	0.0	137	2	591	0.00338409475465313
CUFF_NC.10201	5	14843260	14843830	-	0	0	0		35	1	161	0.006211180124223602	173	2	782	0.0025575447570332483
CUFF_NC.10202	5	14857838	14858200	-	0	0	0		14	0	44	0.0	59	2	162	0.012345679012345678
CUFF_NC.10204	5	14887361	14888983	-	0	0	0		67	1	370	0.002702702702702703	343	7	1373	0.005098324836125273
CUFF_NC.10205	5	14889728	14890792	+	0	0	0		50	1	315	0.0031746031746031746	259	8	1302	0.006144393241167435
CUFF_NC.10206	5	14894490	14895481	+	0	0	0		25	0	66	0.0	147	0	414	0.0
CUFF_NC.10208	5	14912720	14914291	-	0	0	0		59	1	364	0.0027472527472527475	345	3	1478	0.0020297699594046007
CUFF_NC.10207	5	14919141	14920022	+	0	0	0		17	0	130	0.0	173	1	1075	0.0009302325581395349
CUFF_NC.10209	5	14957222	14958076	+	0	0	0		31	1	178	0.0056179775280898875	218	0	856	0.0
CUFF_NC.10210	5	14959758	14960533	-	0	0	0		52	2	234	0.008547008547008548	161	3	576	0.005208333333333333
CUFF_NC.10211	5	14968714	14969437	-	0	0	0		31	0	165	0.0	143	3	711	0.004219409282700422
CUFF_NC.10212	5	14991858	14992535	-	0	0	0		23	0	112	0.0	121	1	409	0.0024449877750611247
CUFF_NC.10216	5	14998924	14999667	+	0	0	0		30	1	179	0.00558659217877095	150	1	621	0.001610305958132045
CUFF_NC.10213	5	15010260	15011090	+	0	0	0		45	0	127	0.0	180	2	467	0.004282655246252677
CUFF_NC.10253	5	15029993	15031252	+	0	0	0		14	16	26	0.6153846153846154	68	31	124	0.25
CUFF_NC.10214	5	15031649	15032332	+	0	0	0		6	0	8	0.0	75	5	266	0.018796992481203006
CUFF_NC.10215	5	15032622	15033280	+	0	0	0		6	0	18	0.0	46	0	68	0.0
CUFF_NC.10218	5	15044363	15044903	-	0	0	0		13	0	68	0.0	132	4	527	0.007590132827324478
CUFF_NC.10219	5	15056568	15058308	+	0	0	0		139	1	533	0.001876172607879925	410	5	1690	0.0029585798816568047
CUFF_NC.10217	5	15061134	15061610	-	0	0	0		6	3	6	0.5	105	280	499	0.561122244488978
CUFF_NC.10220	5	15089678	15096886	+	0	0	0		259	87	1295	0.06718146718146718	1556	73	7286	0.010019214932747735
CUFF_NC.10221	5	15093956	15096494	+	0	0	0		96	1	409	0.0024449877750611247	555	12	2507	0.004786597526924611
CUFF_NC.10222	5	15095454	15095964	+	0	0	0		12	1	52	0.019230769230769232	84	3	330	0.00909090909090909
CUFF_NC.10225	5	15119296	15119898	-	0	0	0		0	0	0		14	9	14	0.6428571428571429
CUFF_NC.10227	5	15120139	15120780	+	0	0	0		10	0	84	0.0	99	4	693	0.005772005772005772
CUFF_NC.10228	5	15120188	15120656	-	0	0	0		10	0	84	0.0	87	4	673	0.005943536404160475
CUFF_NC.10232	5	15159144	15160177	-	0	0	0		28	1	129	0.007751937984496124	178	1	574	0.0017421602787456446
CUFF_NC.10233	5	15176102	15180948	-	0	0	0		26	1	64	0.015625	126	5	189	0.026455026455026454
CUFF_NC.10234	5	15179509	15180366	-	0	0	0		5	0	5	0.0	22	0	22	0.0
CUFF_NC.10237	5	15187860	15190030	-	0	0	0		97	2	580	0.0034482758620689655	339	2	1687	0.0011855364552459987
CUFF_NC.10239	5	15199905	15200957	+	0	0	0		32	0	140	0.0	223	3	822	0.0036496350364963502
CUFF_NC.10241	5	15201917	15202477	-	0	0	0		24	34	148	0.22972972972972974	154	66	1166	0.05660377358490566
CUFF_NC.10235	5	15210620	15212422	-	0	0	0		51	3	242	0.012396694214876033	395	4	1844	0.0021691973969631237
CUFF_NC.10236	5	15213509	15215047	-	0	0	0		80	1	303	0.0033003300330033004	316	12	1167	0.010282776349614395
CUFF_NC.10245	5	15233785	15237242	-	0	0	0		171	681	1037	0.656702025072324	473	657	2767	0.23744127213588725
CUFF_NC.10247	5	15245747	15246433	+	0	0	0		13	0	103	0.0	131	3	643	0.004665629860031105
CUFF_NC.10242	5	15247780	15252575	-	0	0	0		96	1	459	0.002178649237472767	814	6	3440	0.0017441860465116279
CUFF_NC.10243	5	15249621	15250202	+	0	0	0		19	1	105	0.009523809523809525	122	1	630	0.0015873015873015873
CUFF_NC.10244	5	15253088	15254286	+	0	0	0		29	54	170	0.3176470588235294	283	252	1401	0.17987152034261242
CUFF_NC.10271	5	15260663	15265619	-	0	0	0		283	16	2128	0.007518796992481203	1095	22	6678	0.0032943995208146153
CUFF_NC.10248	5	15268402	15269400	-	0	0	0		20	1	93	0.010752688172043012	124	1	656	0.001524390243902439
CUFF_NC.10246	5	15273984	15274598	-	0	0	0		23	0	117	0.0	150	1	656	0.001524390243902439
CUFF_NC.10259	5	15277224	15284819	+	0	0	0		390	6	2568	0.002336448598130841	1804	33	9907	0.0033309780962955484
CUFF_NC.10260	5	15278587	15282409	+	0	0	0		206	4	1319	0.003032600454890068	888	17	4896	0.003472222222222222
CUFF_NC.10261	5	15278966	15282605	+	0	0	0		203	4	1326	0.0030165912518853697	831	17	4755	0.0035751840168243955
CUFF_NC.10250	5	15305763	15306945	-	0	0	0		57	0	329	0.0	204	3	1012	0.0029644268774703555
CUFF_NC.10249	5	15310560	15311272	+	0	0	0		44	0	408	0.0	149	0	1188	0.0
CUFF_NC.10255	5	15315632	15316959	+	0	0	0		35	0	268	0.0	217	1	1225	0.0008163265306122449
CUFF_NC.10257	5	15320426	15321106	-	0	0	0		29	0	248	0.0	169	2	1356	0.0014749262536873156
CUFF_NC.10258	5	15323916	15324335	-	0	0	0		14	0	38	0.0	90	1	280	0.0035714285714285713
CUFF_NC.10262	5	15325793	15326581	-	0	0	0		26	0	299	0.0	145	2	1057	0.001892147587511826
CUFF_NC.10263	5	15330507	15331537	-	0	0	0		21	1	71	0.014084507042253521	89	0	295	0.0
CUFF_NC.10256	5	15342861	15343817	+	0	0	0		13	0	124	0.0	84	0	595	0.0
CUFF_NC.10264	5	15362716	15367329	-	0	0	0		116	3	579	0.0051813471502590676	668	24	3097	0.007749434937035841
CUFF_NC.10265	5	15365249	15368919	-	0	0	0		42	1	214	0.004672897196261682	261	17	1297	0.013107170393215111
CUFF_NC.10268	5	15405672	15407553	-	0	0	0		166	1	919	0.001088139281828074	450	4	2351	0.0017014036580178648
CUFF_NC.10266	5	15411891	15416531	+	0	0	0		229	2	1426	0.001402524544179523	1102	20	5278	0.0037893141341417205
CUFF_NC.10267	5	15414108	15415554	+	0	0	0		74	1	489	0.002044989775051125	293	6	1523	0.003939592908732764
CUFF_NC.10269	5	15430185	15430884	+	0	0	0		18	0	62	0.0	94	0	248	0.0
CUFF_NC.10270	5	15439656	15440705	-	0	0	0		53	4	297	0.013468013468013467	204	4	559	0.007155635062611807
CUFF_NC.10273	5	15452724	15453777	+	0	0	0		43	1	216	0.004629629629629629	226	2	1111	0.0018001800180018
CUFF_NC.10274	5	15468402	15469227	+	0	0	0		56	0	270	0.0	231	3	1069	0.002806361085126286
CUFF_NC.10272	5	15477911	15478214	-	0	0	0		11	0	61	0.0	95	0	342	0.0
CUFF_NC.10275	5	15482408	15482791	+	0	0	0		16	1	117	0.008547008547008548	84	0	490	0.0
CUFF_NC.10277	5	15501142	15501966	-	0	0	0		29	1	90	0.011111111111111112	170	0	644	0.0
CUFF_NC.10276	5	15506644	15507896	-	0	0	0		46	84	326	0.25766871165644173	255	56	1221	0.04586404586404586
CUFF_NC.10292	5	15521973	15523163	-	0	0	0		43	2	100	0.02	195	0	509	0.0
CUFF_NC.10279	5	15585301	15589613	-	0	0	0		173	6	933	0.006430868167202572	949	57	4856	0.011738056013179572
CUFF_NC.10278	5	15602370	15603549	+	0	0	0		46	1	213	0.004694835680751174	316	3	1108	0.002707581227436823
CUFF_NC.10283	5	15608485	15612503	-	0	0	0		218	2	1003	0.0019940179461615153	805	8	3102	0.0025789813023855577
CUFF_NC.10284	5	15611102	15614446	-	0	0	0		192	0	866	0.0	662	6	2475	0.0024242424242424242
CUFF_NC.10285	5	15611211	15614549	-	0	0	0		184	0	847	0.0	644	6	2512	0.0023885350318471337
CUFF_NC.10286	5	15616677	15617948	-	0	0	0		111	0	614	0.0	265	1	1034	0.0009671179883945841
CUFF_NC.10287	5	15618505	15622288	-	0	0	0		218	5	1200	0.004166666666666667	907	16	4388	0.0036463081130355514
CUFF_NC.10288	5	15619205	15621110	-	0	0	0		126	0	627	0.0	415	7	1842	0.003800217155266015
CUFF_NC.10280	5	15631406	15632401	-	0	0	0		47	0	237	0.0	196	3	884	0.003393665158371041
CUFF_NC.10281	5	15631497	15632481	+	0	0	0		47	0	228	0.0	193	3	861	0.003484320557491289
CUFF_NC.10282	5	15634265	15636138	-	0	0	0		85	2	379	0.005277044854881266	395	6	1764	0.003401360544217687
CUFF_NC.10289	5	15641465	15645089	-	0	0	0		119	1	616	0.0016233766233766235	570	5	2171	0.0023030861354214646
CUFF_NC.10290	5	15671489	15676400	+	0	0	0		37	41	96	0.4270833333333333	117	37	355	0.10422535211267606
CUFF_NC.10291	5	15685092	15689976	+	0	0	0		14	5	14	0.35714285714285715	27	1	27	0.037037037037037035
CUFF_NC.10294	5	15709257	15709803	-	0	0	0		17	1	77	0.012987012987012988	87	1	298	0.003355704697986577
CUFF_NC.10296	5	15730729	15736153	+	0	0	0		2	0	5	0.0	27	0	30	0.0
CUFF_NC.10297	5	15740477	15740864	+	0	0	0		9	0	53	0.0	86	0	390	0.0
CUFF_NC.10299	5	15744048	15744686	-	0	0	0		51	4	250	0.016	176	2	862	0.002320185614849188
CUFF_NC.10298	5	15757476	15757969	-	0	0	0		17	0	75	0.0	110	0	399	0.0
CUFF_NC.10304	5	15760066	15760984	+	0	0	0		40	0	364	0.0	208	6	1390	0.004316546762589928
CUFF_NC.10300	5	15763817	15764630	+	0	0	0		8	0	25	0.0	54	0	154	0.0
CUFF_NC.10303	5	15769706	15771377	+	0	0	0		43	0	181	0.0	185	4	653	0.006125574272588055
CUFF_NC.10302	5	15772652	15774386	-	0	0	0		75	1	452	0.0022123893805309734	416	8	2347	0.0034086067319982955
CUFF_NC.10305	5	15807637	15808071	-	0	0	0		11	0	44	0.0	76	2	362	0.0055248618784530384
CUFF_NC.10311	5	15821429	15821891	-	0	0	0		20	0	227	0.0	85	2	603	0.003316749585406302
CUFF_NC.10308	5	15827226	15827885	+	0	0	0		18	1	98	0.01020408163265306	138	2	573	0.0034904013961605585
CUFF_NC.10306	5	15828800	15829394	+	0	0	0		25	112	187	0.5989304812834224	169	261	1169	0.223267750213858
CUFF_NC.10316	5	15843863	15845087	-	0	0	0		76	2	716	0.002793296089385475	172	1	1116	0.0008960573476702509
CUFF_NC.10309	5	15850355	15850899	-	0	0	0		18	0	101	0.0	124	15	516	0.029069767441860465
CUFF_NC.10310	5	15856051	15856936	-	0	0	0		8	4	22	0.18181818181818182	72	28	263	0.10646387832699619
CUFF_NC.10312	5	15859001	15859868	+	0	0	0		29	0	207	0.0	211	0	720	0.0
CUFF_NC.10314	5	15875105	15875907	-	0	0	0		55	1	168	0.005952380952380952	171	3	439	0.00683371298405467
CUFF_NC.10318	5	15880844	15881549	-	0	0	0		32	0	132	0.0	144	4	620	0.0064516129032258064
CUFF_NC.10317	5	15883184	15883879	-	0	0	0		36	8	391	0.020460358056265986	177	6	1631	0.003678724708767627
CUFF_NC.10315	5	15888064	15888734	-	0	0	0		27	12	128	0.09375	138	19	543	0.034990791896869246
CUFF_NC.10322	5	15905832	15911135	-	0	0	0		204	2	1206	0.001658374792703151	1218	115	6590	0.017450682852807285
CUFF_NC.10323	5	15928905	15930178	-	0	0	0		59	1	514	0.0019455252918287938	155	2	1256	0.0015923566878980893
CUFF_NC.10324	5	15933328	15933876	+	0	0	0		11	0	32	0.0	53	0	166	0.0
CUFF_NC.10321	5	15950757	15951262	-	0	0	0		16	0	59	0.0	117	3	361	0.008310249307479225
CUFF_NC.10319	5	15952154	15953070	+	0	0	0		20	241	375	0.6426666666666667	242	868	3212	0.27023661270236615
CUFF_NC.10320	5	15952260	15953075	-	0	0	0		18	229	359	0.637883008356546	218	784	2910	0.26941580756013744
CUFF_NC.10325	5	15983339	15983782	-	0	0	0		19	0	85	0.0	104	1	403	0.0024813895781637717
CUFF_NC.10326	5	16029780	16033011	+	0	0	0		84	100	474	0.2109704641350211	623	247	2648	0.09327794561933535
CUFF_NC.10328	5	16034401	16034967	-	0	0	0		29	1	195	0.005128205128205128	159	2	888	0.0022522522522522522
CUFF_NC.10327	5	16057090	16059044	-	0	0	0		112	1	534	0.0018726591760299626	422	4	1810	0.0022099447513812156
CUFF_NC.10331	5	16069296	16069960	+	0	0	0		28	0	113	0.0	109	0	348	0.0
CUFF_NC.10332	5	16075801	16076327	+	0	0	0		16	0	65	0.0	105	1	367	0.0027247956403269754
CUFF_NC.10330	5	16086294	16087219	-	0	0	0		58	0	334	0.0	202	3	890	0.0033707865168539327
CUFF_NC.10329	5	16091166	16091522	-	0	0	0		13	0	28	0.0	68	0	137	0.0
CUFF_NC.10334	5	16093563	16093890	+	0	0	0		16	0	107	0.0	60	1	278	0.0035971223021582736
CUFF_NC.10336	5	16100668	16101671	-	0	0	0		41	0	181	0.0	235	45	1066	0.04221388367729831
CUFF_NC.10333	5	16120522	16120890	+	0	0	0		24	78	232	0.33620689655172414	58	59	501	0.11776447105788423
CUFF_NC.10339	5	16131604	16135212	+	0	0	0		178	4	2479	0.0016135538523598225	676	22	5707	0.003854915016646224
CUFF_NC.10340	5	16141380	16141925	-	0	0	0		13	0	37	0.0	65	1	147	0.006802721088435374
CUFF_NC.10335	5	16149490	16149907	+	0	0	0		17	28	168	0.16666666666666666	85	70	642	0.10903426791277258
CUFF_NC.10338	5	16157747	16158413	+	0	0	0		28	1	194	0.005154639175257732	114	1	846	0.001182033096926714
CUFF_NC.10346	5	16185494	16185790	+	0	0	0		18	0	209	0.0	64	0	470	0.0
CUFF_NC.10342	5	16217180	16217554	-	0	0	0		42	1	176	0.005681818181818182	112	2	484	0.004132231404958678
CUFF_NC.10341	5	16225364	16225818	-	0	0	0		17	0	96	0.0	80	2	522	0.0038314176245210726
CUFF_NC.10343	5	16240736	16241544	-	0	0	0		40	1	356	0.0028089887640449437	146	3	1022	0.0029354207436399216
CUFF_NC.10344	5	16242868	16243348	-	0	0	0		25	1	166	0.006024096385542169	119	1	681	0.0014684287812041115
CUFF_NC.10345	5	16278104	16279552	-	0	0	0		86	7	526	0.013307984790874524	383	6	2593	0.0023139220979560356
CUFF_NC.10347	5	16287479	16290260	-	0	0	0		123	2	689	0.002902757619738752	637	11	3006	0.003659347970725216
CUFF_NC.10350	5	16290391	16291644	-	0	0	0		51	1	354	0.002824858757062147	285	6	1319	0.004548900682335102
CUFF_NC.10351	5	16300304	16300754	-	0	0	0		3	0	12	0.0	73	1	223	0.004484304932735426
CUFF_NC.10348	5	16330072	16331333	+	0	0	0		63	3	591	0.005076142131979695	170	10	1263	0.00791765637371338
CUFF_NC.10349	5	16334642	16336306	+	0	0	0		75	2	354	0.005649717514124294	346	4	1722	0.0023228803716608595
CUFF_NC.10352	5	16341769	16342353	-	0	0	0		36	0	168	0.0	97	1	423	0.002364066193853428
CUFF_NC.10367	5	16395508	16401201	-	0	0	0		266	5	1531	0.0032658393207054214	1276	17	6976	0.0024369266055045873
CUFF_NC.10368	5	16396186	16401716	-	0	0	0		259	6	1492	0.004021447721179625	1337	15	7268	0.0020638414969730325
CUFF_NC.10369	5	16396884	16402293	-	0	0	0		264	6	1498	0.004005340453938585	1309	12	7060	0.0016997167138810198
CUFF_NC.10370	5	16397255	16402707	-	0	0	0		264	5	1435	0.003484320557491289	1318	10	6846	0.001460706982179375
CUFF_NC.10353	5	16406675	16407256	+	0	0	0		37	0	293	0.0	132	1	781	0.0012804097311139564
CUFF_NC.10354	5	16438006	16440185	-	0	0	0		119	4	715	0.005594405594405594	525	8	2863	0.0027942717429269995
CUFF_NC.10355	5	16455366	16455789	+	0	0	0		20	0	131	0.0	95	2	585	0.003418803418803419
CUFF_NC.10359	5	16494620	16498916	+	0	0	0		201	3	1575	0.0019047619047619048	1055	25	7781	0.003212954633080581
CUFF_NC.10360	5	16495407	16499607	+	0	0	0		205	12	1441	0.008327550312283136	1048	24	7286	0.0032939884710403516
CUFF_NC.10361	5	16500673	16501162	+	0	0	0		26	0	106	0.0	73	0	236	0.0
CUFF_NC.10363	5	16518314	16518750	+	0	0	0		21	0	134	0.0	113	5	630	0.007936507936507936
CUFF_NC.10356	5	16536279	16536946	+	0	0	0		29	0	276	0.0	128	0	695	0.0
CUFF_NC.10358	5	16548373	16550014	-	0	0	0		96	1	571	0.0017513134851138354	321	2	1561	0.0012812299807815502
CUFF_NC.10357	5	16549631	16550750	+	0	0	0		51	1	245	0.004081632653061225	170	2	700	0.002857142857142857
CUFF_NC.10362	5	16569556	16570296	+	0	0	0		49	0	263	0.0	119	2	583	0.003430531732418525
CUFF_NC.10364	5	16586189	16586791	+	0	0	0		31	0	163	0.0	113	2	433	0.004618937644341801
CUFF_NC.10365	5	16605490	16606269	+	0	0	0		41	1	321	0.003115264797507788	182	5	1216	0.004111842105263158
CUFF_NC.10371	5	16617695	16618481	+	0	0	0		57	0	186	0.0	206	3	630	0.004761904761904762
CUFF_NC.10373	5	16656800	16658087	-	0	0	0		78	240	459	0.5228758169934641	350	364	1930	0.18860103626943006
CUFF_NC.10372	5	16660036	16660443	-	0	0	0		16	0	131	0.0	95	1	652	0.0015337423312883436
CUFF_NC.10375	5	16665619	16667499	+	0	0	0		108	1	632	0.0015822784810126582	311	2	1527	0.0013097576948264572
CUFF_NC.10374	5	16667709	16669002	-	0	0	0		90	3	460	0.006521739130434782	351	3	1704	0.0017605633802816902
CUFF_NC.10409	5	16674285	16675212	+	0	0	0		44	1	210	0.004761904761904762	172	2	671	0.0029806259314456036
CUFF_NC.10385	5	16689279	16695139	-	0	0	0		191	2	1221	0.001638001638001638	875	19	5126	0.0037065938353492
CUFF_NC.10386	5	16689586	16695839	-	0	0	0		229	3	1428	0.0021008403361344537	1062	24	6185	0.003880355699272433
CUFF_NC.10387	5	16690549	16696128	-	0	0	0		207	3	1380	0.002173913043478261	1002	24	6089	0.003941533913614715
CUFF_NC.10388	5	16690915	16697050	-	0	0	0		207	3	1380	0.002173913043478261	1002	24	6089	0.003941533913614715
CUFF_NC.10389	5	16692750	16693592	-	0	0	0		57	0	325	0.0	221	4	1279	0.003127443315089914
CUFF_NC.10378	5	16708951	16709475	-	0	0	0		25	0	129	0.0	128	1	529	0.001890359168241966
CUFF_NC.10377	5	16710980	16711932	-	0	0	0		18	0	97	0.0	199	2	938	0.0021321961620469083
CUFF_NC.10379	5	16727192	16728151	-	0	0	0		53	0	640	0.0	226	1	1799	0.0005558643690939411
CUFF_NC.10380	5	16730600	16732649	-	0	0	0		127	4	1733	0.002308136180034622	413	10	3800	0.002631578947368421
CUFF_NC.10384	5	16733596	16734242	-	0	0	0		27	0	121	0.0	85	1	318	0.0031446540880503146
CUFF_NC.10382	5	16738649	16739611	-	0	0	0		30	0	211	0.0	151	2	767	0.002607561929595828
CUFF_NC.10390	5	16754210	16754945	+	0	0	0		26	0	110	0.0	154	2	457	0.00437636761487965
CUFF_NC.10396	5	16765224	16765737	+	0	0	0		20	1	123	0.008130081300813009	120	1	419	0.002386634844868735
CUFF_NC.10391	5	16767779	16768203	+	0	0	0		13	0	56	0.0	69	2	352	0.005681818181818182
CUFF_NC.10393	5	16768905	16769580	-	0	0	0		27	0	144	0.0	198	3	1200	0.0025
CUFF_NC.10394	5	16770070	16770573	-	0	0	0		22	14	67	0.208955223880597	144	31	479	0.06471816283924843
CUFF_NC.10395	5	16779552	16781194	-	0	0	0		82	2	523	0.0038240917782026767	304	4	1592	0.002512562814070352
CUFF_NC.10397	5	16789823	16790115	-	0	0	0		15	0	78	0.0	74	2	404	0.0049504950495049506
CUFF_NC.10402	5	16802769	16803398	-	0	0	0		26	0	228	0.0	102	4	596	0.006711409395973154
CUFF_NC.10403	5	16803947	16804885	-	0	0	0		74	2	279	0.007168458781362007	232	2	673	0.0029717682020802376
CUFF_NC.10398	5	16805489	16806472	-	0	0	0		33	78	184	0.42391304347826086	202	43	999	0.043043043043043044
CUFF_NC.10399	5	16812348	16812979	+	0	0	0		29	1	100	0.01	75	0	201	0.0
CUFF_NC.10400	5	16815298	16816806	-	0	0	0		101	1	565	0.0017699115044247787	378	6	1869	0.0032102728731942215
CUFF_NC.10401	5	16819360	16820096	+	0	0	0		22	0	99	0.0	145	0	558	0.0
CUFF_NC.10405	5	16820511	16821944	+	0	0	0		120	0	394	0.0	345	1	1177	0.0008496176720475786
CUFF_NC.10406	5	16826594	16829021	-	0	0	0		151	0	678	0.0	527	9	2440	0.0036885245901639345
CUFF_NC.10407	5	16829789	16832582	+	0	0	0		132	0	733	0.0	537	11	2397	0.00458906967042136
CUFF_NC.10404	5	16860326	16861266	-	0	0	0		43	1	224	0.004464285714285714	187	3	919	0.003264417845484222
CUFF_NC.10408	5	16862959	16863426	+	0	0	0		14	0	161	0.0	106	2	747	0.002677376171352075
CUFF_NC.10411	5	16865901	16866347	-	0	0	0		22	0	150	0.0	96	4	501	0.007984031936127744
CUFF_NC.10413	5	16887523	16888082	-	0	0	0		24	0	142	0.0	65	0	405	0.0
CUFF_NC.10412	5	16893846	16894663	-	0	0	0		50	1	164	0.006097560975609756	169	1	779	0.0012836970474967907
CUFF_NC.10410	5	16898640	16900104	-	0	0	0		61	73	336	0.21726190476190477	391	102	2062	0.049466537342386034
CUFF_NC.10414	5	16913500	16914039	+	0	0	0		13	0	33	0.0	131	1	406	0.0024630541871921183
CUFF_NC.10416	5	16926868	16927380	-	0	0	0		13	0	123	0.0	71	0	324	0.0
CUFF_NC.10415	5	16929986	16930505	+	0	0	0		19	1	187	0.0053475935828877	116	3	658	0.004559270516717325
CUFF_NC.10417	5	16931885	16932729	-	0	0	0		50	1	411	0.0024330900243309003	177	1	957	0.0010449320794148381
CUFF_NC.10418	5	16937181	16937956	+	0	0	0		9	0	163	0.0	10	0	150	0.0
CUFF_NC.10422	5	16951640	16953050	-	0	0	0		80	0	339	0.0	327	6	1234	0.004862236628849271
CUFF_NC.10419	5	16970627	16971089	+	0	0	0		10	8	18	0.4444444444444444	42	26	88	0.29545454545454547
CUFF_NC.10420	5	16973340	16974985	+	0	0	0		59	1	302	0.0033112582781456954	355	7	1253	0.00558659217877095
CUFF_NC.10425	5	16989037	16992257	+	0	0	0		242	4	1370	0.00291970802919708	815	11	4338	0.0025357307514983865
CUFF_NC.10421	5	17031153	17031557	+	0	0	0		21	0	67	0.0	83	1	224	0.004464285714285714
CUFF_NC.10423	5	17036522	17036936	+	0	0	0		24	0	85	0.0	106	2	340	0.0058823529411764705
CUFF_NC.10424	5	17045341	17046990	+	0	0	0		33	0	156	0.0	280	4	1074	0.0037243947858473
CUFF_NC.10426	5	17076110	17076719	-	0	0	0		10	0	13	0.0	20	0	49	0.0
CUFF_NC.10427	5	17084251	17084798	+	0	0	0		21	0	123	0.0	106	1	363	0.0027548209366391185
CUFF_NC.10428	5	17084807	17085247	-	0	0	0		11	0	49	0.0	80	1	263	0.0038022813688212928
CUFF_NC.10430	5	17093596	17094254	+	0	0	0		15	29	40	0.725	43	20	94	0.2127659574468085
CUFF_NC.10429	5	17097765	17099575	+	0	0	0		103	1	373	0.002680965147453083	337	2	1045	0.0019138755980861245
CUFF_NC.10436	5	17107916	17108578	-	0	0	0		38	1	287	0.003484320557491289	145	3	843	0.0035587188612099642
CUFF_NC.10431	5	17114350	17115422	-	0	0	0		42	0	171	0.0	254	2	897	0.002229654403567447
CUFF_NC.10432	5	17141635	17142075	+	0	0	0		15	0	66	0.0	129	1	535	0.001869158878504673
CUFF_NC.10433	5	17142572	17144660	+	0	0	0		64	3	591	0.005076142131979695	358	10	2485	0.004024144869215292
CUFF_NC.10437	5	17154580	17155687	-	0	0	0		52	1	240	0.004166666666666667	219	0	800	0.0
CUFF_NC.10439	5	17166565	17167242	-	0	0	0		24	2	108	0.018518518518518517	142	15	497	0.030181086519114688
CUFF_NC.10434	5	17176855	17177952	-	0	0	0		48	0	218	0.0	229	6	896	0.006696428571428571
CUFF_NC.10435	5	17182046	17182825	+	0	0	0		38	0	102	0.0	136	3	444	0.006756756756756757
CUFF_NC.10438	5	17184101	17185161	+	0	0	0		45	1	209	0.004784688995215311	208	3	919	0.003264417845484222
CUFF_NC.10440	5	17188766	17189380	+	0	0	0		19	0	177	0.0	117	1	655	0.0015267175572519084
CUFF_NC.10441	5	17231899	17234198	+	0	0	0		32	205	300	0.6833333333333333	400	471	2356	0.1999151103565365
CUFF_NC.10446	5	17234925	17235792	-	0	0	0		41	0	187	0.0	158	2	842	0.0023752969121140144
CUFF_NC.10445	5	17256355	17258177	+	0	0	0		111	1	922	0.0010845986984815619	372	8	1933	0.004138644593895499
CUFF_NC.10447	5	17269986	17270497	+	0	0	0		32	0	115	0.0	136	0	382	0.0
CUFF_NC.10448	5	17271127	17272149	+	0	0	0		45	1	300	0.0033333333333333335	206	5	1133	0.00441306266548985
CUFF_NC.10443	5	17286562	17287137	-	0	0	0		12	0	61	0.0	123	3	505	0.005940594059405941
CUFF_NC.10449	5	17289143	17290034	+	0	0	0		52	1	231	0.004329004329004329	170	3	639	0.004694835680751174
CUFF_NC.10450	5	17313654	17314278	-	0	0	0		18	0	127	0.0	123	3	1021	0.002938295788442703
CUFF_NC.10453	5	17315542	17317285	+	0	0	0		129	3	913	0.0032858707557502738	388	9	1946	0.0046248715313463515
CUFF_NC.10451	5	17323662	17324807	+	0	0	0		12	0	66	0.0	68	1	390	0.002564102564102564
CUFF_NC.10452	5	17326368	17326864	+	0	0	0		2	0	19	0.0	72	0	461	0.0
CUFF_NC.10454	5	17327393	17327916	+	0	0	0		3	0	15	0.0	49	2	240	0.008333333333333333
CUFF_NC.10455	5	17338667	17339830	+	0	0	0		17	0	65	0.0	192	1	607	0.0016474464579901153
CUFF_NC.10461	5	17348325	17348603	-	0	0	0		2	0	5	0.0	30	0	75	0.0
CUFF_NC.10456	5	17357651	17358373	+	0	0	0		39	0	180	0.0	102	1	516	0.001937984496124031
CUFF_NC.10460	5	17361589	17362074	+	0	0	0		30	1	87	0.011494252873563218	125	2	336	0.005952380952380952
CUFF_NC.10458	5	17372037	17373122	+	0	0	0		27	0	109	0.0	275	4	1006	0.003976143141153081
CUFF_NC.10457	5	17374804	17375218	+	0	0	0		9	0	23	0.0	60	0	101	0.0
CUFF_NC.10459	5	17375602	17376094	-	0	0	0		3	1	3	0.3333333333333333	28	0	28	0.0
CUFF_NC.10463	5	17376801	17377458	+	0	0	0		21	0	86	0.0	145	2	368	0.005434782608695652
CUFF_NC.10464	5	17378696	17379203	+	0	0	0		11	0	35	0.0	60	1	214	0.004672897196261682
CUFF_NC.10465	5	17379518	17380412	+	0	0	0		43	1	216	0.004629629629629629	123	0	532	0.0
CUFF_NC.10466	5	17382009	17382928	+	0	0	0		87	1	833	0.0012004801920768306	250	6	1599	0.00375234521575985
CUFF_NC.10462	5	17393562	17395261	+	0	0	0		126	2	388	0.005154639175257732	415	2	1130	0.0017699115044247787
CUFF_NC.10472	5	17456072	17458784	+	0	0	0		133	0	666	0.0	636	9	2919	0.003083247687564234
CUFF_NC.10478	5	17473143	17474872	-	0	0	0		53	45	267	0.16853932584269662	334	97	1324	0.07326283987915408
CUFF_NC.10469	5	17503124	17503714	-	0	0	0		54	2	459	0.004357298474945534	132	1	945	0.0010582010582010583
CUFF_NC.10470	5	17503891	17504602	-	0	0	0		54	1	255	0.00392156862745098	194	1	942	0.0010615711252653928
CUFF_NC.10467	5	17509222	17510467	+	0	0	0		44	0	278	0.0	272	3	1525	0.0019672131147540984
CUFF_NC.10468	5	17516110	17516797	-	0	0	0		6	0	13	0.0	18	0	48	0.0
CUFF_NC.10471	5	17524312	17525248	+	0	0	0		15	0	87	0.0	117	1	437	0.002288329519450801
CUFF_NC.10474	5	17530414	17530712	-	0	0	0		4	0	26	0.0	87	0	519	0.0
CUFF_NC.10473	5	17546196	17546635	-	0	0	0		15	0	42	0.0	76	0	202	0.0
CUFF_NC.10492	5	17560292	17566438	-	0	0	0		274	5	1837	0.0027218290691344584	1395	27	7572	0.0035657686212361333
CUFF_NC.10493	5	17560485	17566731	-	0	0	0		265	3	1716	0.0017482517482517483	1350	27	7186	0.0037573058725299193
CUFF_NC.10494	5	17560815	17566828	-	0	0	0		257	2	1602	0.0012484394506866417	1299	25	6713	0.0037241173841799495
CUFF_NC.10495	5	17561015	17566978	-	0	0	0		250	2	1549	0.0012911555842479018	1270	25	6539	0.00382321455880104
CUFF_NC.10496	5	17561331	17568546	-	0	0	0		253	2	1595	0.0012539184952978057	1300	25	6691	0.0037363622776864446
CUFF_NC.10476	5	17585417	17586755	-	0	0	0		41	0	353	0.0	202	3	1343	0.0022338049143708115
CUFF_NC.10475	5	17592719	17593511	+	0	0	0		25	0	192	0.0	179	2	833	0.0024009603841536613
CUFF_NC.10477	5	17618825	17619246	-	0	0	0		23	1	150	0.006666666666666667	107	1	537	0.00186219739292365
CUFF_NC.10480	5	17639944	17640649	+	0	0	0		41	0	327	0.0	172	4	1173	0.0034100596760443308
CUFF_NC.10481	5	17643232	17643910	+	0	0	0		46	0	399	0.0	92	1	628	0.0015923566878980893
CUFF_NC.10479	5	17647473	17648095	-	0	0	0		14	0	146	0.0	87	0	511	0.0
CUFF_NC.10482	5	17649968	17650318	+	0	0	0		18	1	62	0.016129032258064516	96	0	430	0.0
CUFF_NC.10484	5	17667525	17668288	+	0	0	0		64	0	259	0.0	168	1	693	0.001443001443001443
CUFF_NC.10483	5	17682234	17683366	-	0	0	0		47	0	166	0.0	223	2	756	0.0026455026455026454
CUFF_NC.10485	5	17686709	17688546	+	0	0	0		120	1	569	0.0017574692442882249	451	4	1790	0.0022346368715083797
CUFF_NC.10489	5	17713768	17717707	-	0	0	0		201	3	1114	0.0026929982046678637	802	17	3716	0.00457481162540366
CUFF_NC.10488	5	17720097	17720825	+	0	0	0		53	1	323	0.0030959752321981426	196	0	818	0.0
CUFF_NC.10486	5	17731094	17731824	-	0	0	0		54	0	284	0.0	162	4	636	0.006289308176100629
CUFF_NC.10487	5	17738433	17740001	+	0	0	0		102	3	681	0.004405286343612335	254	0	1378	0.0
CUFF_NC.10490	5	17740342	17741773	+	0	0	0		82	1182	1631	0.7247087676272226	334	1863	6006	0.3101898101898102
CUFF_NC.10500	5	17743610	17743996	+	0	0	0		29	0	273	0.0	94	3	780	0.0038461538461538464
CUFF_NC.10491	5	17760860	17762036	-	0	0	0		76	1	470	0.002127659574468085	284	4	1131	0.0035366931918656055
CUFF_NC.10497	5	17780147	17781224	-	0	0	0		65	1	351	0.002849002849002849	233	1	881	0.0011350737797956867
CUFF_NC.10502	5	17788199	17790107	-	0	0	0		113	0	722	0.0	409	8	2431	0.003290826820238585
CUFF_NC.10501	5	17799655	17800725	-	0	0	0		50	0	147	0.0	254	3	1100	0.0027272727272727275
CUFF_NC.10499	5	17806304	17807515	-	0	0	0		56	0	171	0.0	238	4	698	0.0057306590257879654
CUFF_NC.10498	5	17812250	17812719	-	0	0	0		8	1	12	0.08333333333333333	42	2	90	0.022222222222222223
CUFF_NC.10508	5	17825213	17825742	+	0	0	0		15	0	47	0.0	105	0	283	0.0
CUFF_NC.10503	5	17831574	17832137	-	0	0	0		16	0	50	0.0	90	0	342	0.0
CUFF_NC.10507	5	17840472	17840921	+	0	0	0		37	2	305	0.006557377049180328	100	2	587	0.0034071550255536627
CUFF_NC.10505	5	17847246	17850636	+	0	0	0		100	16	1013	0.01579466929911155	577	43	3652	0.011774370208105149
CUFF_NC.10506	5	17857160	17858960	-	0	0	0		118	4	829	0.0048250904704463205	407	5	2196	0.002276867030965392
CUFF_NC.10504	5	17864372	17865371	-	0	0	0		37	3	377	0.007957559681697613	185	6	1421	0.00422237860661506
CUFF_NC.10509	5	17878757	17882549	+	0	0	0		155	3	911	0.003293084522502744	888	18	4506	0.0039946737683089215
CUFF_NC.10510	5	17879192	17883048	+	0	0	0		166	3	899	0.0033370411568409346	894	18	4191	0.004294917680744453
CUFF_NC.10513	5	17907078	17909298	+	0	0	0		103	0	505	0.0	483	7	2114	0.0033112582781456954
CUFF_NC.10511	5	17912994	17913555	-	0	0	0		14	5	71	0.07042253521126761	120	34	466	0.07296137339055794
CUFF_NC.10514	5	17927825	17928101	-	0	0	0		32	0	48	0.0	84	0	115	0.0
CUFF_NC.10525	5	17947374	17948442	-	0	0	0		59	2	297	0.006734006734006734	206	2	888	0.0022522522522522522
CUFF_NC.10516	5	17948730	17949762	-	0	0	0		29	0	116	0.0	223	3	810	0.003703703703703704
CUFF_NC.10515	5	17950368	17950795	+	0	0	0		9	1	54	0.018518518518518517	128	3	834	0.0035971223021582736
CUFF_NC.10518	5	17962396	17962942	-	0	0	0		23	0	110	0.0	138	1	631	0.001584786053882726
CUFF_NC.10519	5	17968937	17969400	-	0	0	0		16	0	68	0.0	99	4	347	0.011527377521613832
CUFF_NC.10520	5	17969851	17971099	-	0	0	0		41	0	187	0.0	201	5	903	0.005537098560354375
CUFF_NC.10521	5	17985791	17986452	-	0	0	0		13	23	85	0.27058823529411763	155	73	899	0.08120133481646273
CUFF_NC.10524	5	17992895	17993381	-	0	0	0		17	0	73	0.0	111	4	551	0.007259528130671506
CUFF_NC.10523	5	18001067	18001518	+	0	0	0		9	0	63	0.0	107	0	440	0.0
CUFF_NC.10522	5	18012198	18012483	-	0	0	0		12	44	68	0.6470588235294118	81	54	430	0.12558139534883722
CUFF_NC.10527	5	18015844	18016582	-	0	0	0		69	4	245	0.0163265306122449	202	3	640	0.0046875
CUFF_NC.10526	5	18019877	18021550	+	0	0	0		99	1	539	0.0018552875695732839	368	6	1730	0.003468208092485549
CUFF_NC.10528	5	18036299	18036925	+	0	0	0		53	1	343	0.0029154518950437317	149	1	726	0.0013774104683195593
CUFF_NC.10529	5	18046414	18046984	+	0	0	0		33	2	368	0.005434782608695652	128	0	968	0.0
CUFF_NC.10535	5	18093199	18094020	+	0	0	0		31	0	197	0.0	126	1	768	0.0013020833333333333
CUFF_NC.10532	5	18131756	18134594	+	0	0	0		95	111	647	0.17156105100463678	585	470	3829	0.12274745364324889
CUFF_NC.10531	5	18133841	18134285	-	0	0	0		22	0	170	0.0	100	2	787	0.0025412960609911056
CUFF_NC.10530	5	18135352	18136473	-	0	0	0		59	0	297	0.0	266	4	1332	0.003003003003003003
CUFF_NC.10534	5	18141487	18146981	+	0	0	0		58	3	315	0.009523809523809525	182	7	715	0.009790209790209791
CUFF_NC.10533	5	18149657	18154516	-	0	0	0		235	2	1158	0.0017271157167530224	1109	17	4815	0.0035306334371754933
CUFF_NC.10536	5	18171298	18171918	-	0	0	0		11	25	34	0.7352941176470589	52	50	159	0.31446540880503143
CUFF_NC.10553	5	18177016	18177823	+	0	0	0		41	0	195	0.0	226	0	786	0.0
CUFF_NC.10554	5	18185604	18186258	-	0	0	0		25	2	228	0.008771929824561403	172	5	1355	0.0036900369003690036
CUFF_NC.10541	5	18207396	18209065	-	0	0	0		3	0	3	0.0	23	1	23	0.043478260869565216
CUFF_NC.10540	5	18218945	18219821	-	0	0	0		57	0	425	0.0	104	2	668	0.0029940119760479044
CUFF_NC.10548	5	18246293	18246893	-	0	0	0		21	0	117	0.0	151	1	573	0.0017452006980802793
CUFF_NC.10546	5	18264739	18265131	-	0	0	0		23	0	255	0.0	85	1	672	0.001488095238095238
CUFF_NC.10542	5	18277616	18278694	+	0	0	0		59	2	577	0.0034662045060658577	256	3	1874	0.0016008537886872999
CUFF_NC.10547	5	18332435	18332827	-	0	0	0		19	0	117	0.0	92	1	437	0.002288329519450801
CUFF_NC.10544	5	18333442	18334246	+	0	0	0		27	1	92	0.010869565217391304	200	5	647	0.0077279752704791345
CUFF_NC.10551	5	18386986	18388072	-	0	0	0		48	131	397	0.32997481108312343	183	183	1405	0.1302491103202847
CUFF_NC.10552	5	18390121	18391610	-	0	0	0		40	1	277	0.0036101083032490976	365	7	2010	0.003482587064676617
CUFF_NC.10549	5	18399365	18400366	-	0	0	0		63	1	210	0.004761904761904762	208	3	684	0.0043859649122807015
CUFF_NC.10550	5	18410857	18411401	-	0	0	0		38	1	190	0.005263157894736842	134	2	820	0.0024390243902439024
CUFF_NC.10580	5	18412091	18413691	+	0	0	0		63	0	382	0.0	229	3	1405	0.002135231316725979
CUFF_NC.10581	5	18433732	18434493	+	0	0	0		0	0	0		15	0	29	0.0
CUFF_NC.10556	5	18468855	18469505	-	0	0	0		64	2	367	0.005449591280653951	181	3	1026	0.0029239766081871343
CUFF_NC.10555	5	18481338	18481710	+	0	0	0		22	0	154	0.0	105	2	563	0.003552397868561279
CUFF_NC.10558	5	18495270	18495666	+	0	0	0		10	1	41	0.024390243902439025	50	2	277	0.007220216606498195
CUFF_NC.10557	5	18514929	18515729	+	0	0	0		49	1	162	0.006172839506172839	201	3	641	0.0046801872074883
CUFF_NC.10559	5	18537171	18538335	-	0	0	0		53	0	341	0.0	219	2	955	0.0020942408376963353
CUFF_NC.10561	5	18540527	18541251	-	0	0	0		16	0	84	0.0	163	0	791	0.0
CUFF_NC.10562	5	18541690	18542071	-	0	0	0		19	0	165	0.0	95	3	764	0.003926701570680628
CUFF_NC.10560	5	18563298	18564930	-	0	0	0		46	0	463	0.0	318	3	1740	0.0017241379310344827
CUFF_NC.10563	5	18575710	18576504	+	0	0	0		36	0	144	0.0	165	4	620	0.0064516129032258064
CUFF_NC.10564	5	18577549	18579261	+	0	0	0		113	2	715	0.002797202797202797	313	6	1572	0.003816793893129771
CUFF_NC.10565	5	18586995	18588989	+	0	0	0		74	0	657	0.0	473	7	3446	0.0020313406848520023
CUFF_NC.10566	5	18590009	18591301	+	0	0	0		56	0	209	0.0	270	5	1002	0.00499001996007984
CUFF_NC.10567	5	18617862	18618554	-	0	0	0		57	1	288	0.003472222222222222	167	0	733	0.0
CUFF_NC.10568	5	18624490	18627830	-	0	0	0		49	231	392	0.5892857142857143	452	936	3368	0.27790973871733965
CUFF_NC.10569	5	18626386	18627042	-	0	0	0		10	97	126	0.7698412698412699	56	152	544	0.27941176470588236
CUFF_NC.10570	5	18669319	18669750	-	0	0	0		3	8	8	1.0	54	128	331	0.3867069486404834
CUFF_NC.10574	5	18687144	18688493	-	0	0	0		71	4	845	0.004733727810650888	274	8	2409	0.0033208800332088003
CUFF_NC.10571	5	18689700	18690681	+	0	0	0		55	0	538	0.0	117	2	865	0.0023121387283236996
CUFF_NC.10572	5	18701360	18702021	-	0	0	0		25	0	136	0.0	112	0	494	0.0
CUFF_NC.10573	5	18705122	18705992	+	0	0	0		31	0	139	0.0	242	2	1050	0.0019047619047619048
CUFF_NC.10576	5	18707598	18708229	+	0	0	0		34	0	249	0.0	172	5	1009	0.004955401387512388
CUFF_NC.10577	5	18708422	18709969	+	0	0	0		72	1	380	0.002631578947368421	365	6	1505	0.003986710963455149
CUFF_NC.10579	5	18738491	18739126	-	0	0	0		23	8	204	0.0392156862745098	121	6	794	0.007556675062972292
CUFF_NC.10578	5	18745802	18747362	+	0	0	0		60	1	404	0.0024752475247524753	358	5	2179	0.002294630564479119
CUFF_NC.10587	5	18759825	18766083	+	0	0	0		256	0	1346	0.0	1460	21	6941	0.0030255006483215674
CUFF_NC.10588	5	18761662	18767748	+	0	0	0		230	1	1398	0.000715307582260372	1398	28	7094	0.0039469974626444885
CUFF_NC.10584	5	18810988	18811951	+	0	0	0		47	0	278	0.0	158	2	616	0.003246753246753247
CUFF_NC.10596	5	18834275	18835499	-	0	0	0		54	0	379	0.0	280	4	1542	0.0025940337224383916
CUFF_NC.10606	5	18840446	18840772	-	0	0	0		13	0	83	0.0	37	1	223	0.004484304932735426
CUFF_NC.10607	5	18841572	18842422	-	0	0	0		56	1	493	0.002028397565922921	202	4	1071	0.003734827264239029
CUFF_NC.10590	5	18870478	18871778	-	0	0	0		5	0	5	0.0	12	0	12	0.0
CUFF_NC.10593	5	18884312	18884659	+	0	0	0		14	0	91	0.0	72	0	283	0.0
CUFF_NC.10592	5	18891002	18891437	+	0	0	0		14	1	46	0.021739130434782608	111	8	321	0.024922118380062305
CUFF_NC.10594	5	18897622	18899252	+	0	0	0		84	3	758	0.00395778364116095	383	6	2248	0.0026690391459074734
CUFF_NC.10595	5	18907749	18908646	+	0	0	0		39	1	224	0.004464285714285714	119	3	620	0.004838709677419355
CUFF_NC.10597	5	18930197	18931365	-	0	0	0		53	0	473	0.0	257	4	1463	0.002734107997265892
CUFF_NC.10601	5	18946324	18946879	-	0	0	0		31	0	102	0.0	163	1	578	0.0017301038062283738
CUFF_NC.10599	5	18971445	18972004	+	0	0	0		35	1	235	0.00425531914893617	137	0	763	0.0
CUFF_NC.10602	5	18974951	18976306	-	0	0	0		53	0	446	0.0	223	5	1604	0.003117206982543641
CUFF_NC.10598	5	18977447	18977879	-	0	0	0		15	2	209	0.009569377990430622	93	3	915	0.003278688524590164
CUFF_NC.10600	5	18979231	18980021	-	0	0	0		63	1	230	0.004347826086956522	191	2	487	0.004106776180698152
CUFF_NC.10603	5	18983768	18984988	+	0	0	0		53	0	279	0.0	192	1	655	0.0015267175572519084
CUFF_NC.10604	5	18993053	18996955	-	0	0	0		17	0	30	0.0	149	2	590	0.003389830508474576
CUFF_NC.10605	5	19002438	19004272	-	0	0	0		116	0	572	0.0	387	4	1632	0.0024509803921568627
CUFF_NC.10609	5	19011108	19011888	-	0	0	0		62	1	249	0.004016064257028112	155	2	625	0.0032
CUFF_NC.10615	5	19034059	19035425	-	0	0	0		96	1	384	0.0026041666666666665	327	4	1386	0.002886002886002886
CUFF_NC.10619	5	19048247	19048586	-	0	0	0		20	1	116	0.008620689655172414	87	1	386	0.0025906735751295338
CUFF_NC.10620	5	19049902	19051108	-	0	0	0		95	1	528	0.001893939393939394	245	2	1260	0.0015873015873015873
CUFF_NC.10616	5	19051499	19052391	+	0	0	0		56	1	319	0.003134796238244514	214	2	719	0.0027816411682892906
CUFF_NC.10618	5	19052674	19053368	+	0	0	0		35	0	198	0.0	150	0	792	0.0
CUFF_NC.10610	5	19058033	19061465	+	0	0	0		114	6	821	0.007308160779537149	738	28	4616	0.006065857885615251
CUFF_NC.10611	5	19059618	19062711	+	0	0	0		102	4	698	0.0057306590257879654	639	28	3996	0.007007007007007007
CUFF_NC.10612	5	19061186	19064320	+	0	0	0		92	21	708	0.029661016949152543	679	27	4533	0.005956320317670417
CUFF_NC.10614	5	19077093	19077732	-	0	0	0		42	2	203	0.009852216748768473	150	2	713	0.002805049088359046
CUFF_NC.10633	5	19088279	19089829	-	0	0	0		100	1	729	0.0013717421124828531	400	16	2602	0.006149116064565719
CUFF_NC.10613	5	19100421	19101064	-	0	0	0		11	0	106	0.0	158	2	1063	0.0018814675446848542
CUFF_NC.10617	5	19106118	19107828	-	0	0	0		70	1	319	0.003134796238244514	271	4	1144	0.0034965034965034965
CUFF_NC.10621	5	19115326	19115674	-	0	0	0		3	0	19	0.0	90	2	280	0.007142857142857143
CUFF_NC.10622	5	19120123	19120674	+	0	0	0		30	0	197	0.0	126	1	727	0.001375515818431912
CUFF_NC.10624	5	19124784	19125187	+	0	0	0		18	0	176	0.0	112	1	862	0.001160092807424594
CUFF_NC.10625	5	19127810	19128657	-	0	0	0		51	0	351	0.0	209	2	861	0.0023228803716608595
CUFF_NC.10626	5	19128765	19129369	-	0	0	0		14	0	64	0.0	98	3	362	0.008287292817679558
CUFF_NC.10623	5	19139883	19140350	-	0	0	0		8	31	79	0.3924050632911392	87	16	659	0.024279210925644917
CUFF_NC.10628	5	19163416	19164230	+	0	0	0		34	1	348	0.0028735632183908046	135	5	980	0.00510204081632653
CUFF_NC.10627	5	19172296	19172929	+	0	0	0		35	0	216	0.0	118	2	702	0.002849002849002849
CUFF_NC.10629	5	19189326	19190026	-	0	0	0		40	356	439	0.8109339407744874	224	983	2226	0.4415992812219227
CUFF_NC.10634	5	19202494	19205451	-	0	0	0		164	4	822	0.004866180048661801	663	5	3105	0.001610305958132045
CUFF_NC.10631	5	19208328	19208659	-	0	0	0		24	0	175	0.0	84	0	454	0.0
CUFF_NC.10632	5	19211104	19211519	-	0	0	0		6	0	36	0.0	87	1	325	0.003076923076923077
CUFF_NC.10630	5	19216384	19217937	+	0	0	0		83	3	455	0.006593406593406593	331	3	1443	0.002079002079002079
CUFF_NC.10635	5	19231659	19232672	-	0	0	0		77	1	430	0.002325581395348837	230	2	1065	0.0018779342723004694
CUFF_NC.10636	5	19235594	19236752	+	0	0	0		77	1	379	0.002638522427440633	228	2	939	0.002129925452609159
CUFF_NC.10637	5	19236820	19237886	+	0	0	0		71	0	262	0.0	289	2	992	0.0020161290322580645
CUFF_NC.10638	5	19240666	19241230	+	0	0	0		31	1	176	0.005681818181818182	149	1	777	0.001287001287001287
CUFF_NC.10639	5	19289666	19290721	+	0	0	0		37	0	351	0.0	184	4	1377	0.002904865649963689
CUFF_NC.10640	5	19294855	19297758	+	0	0	0		242	3	1200	0.0025	761	9	3101	0.0029022895840051595
CUFF_NC.10641	5	19298448	19298881	+	0	0	0		38	1	94	0.010638297872340425	92	0	235	0.0
CUFF_NC.10642	5	19301559	19302270	+	0	0	0		33	0	341	0.0	153	4	794	0.005037783375314861
CUFF_NC.10643	5	19302662	19304470	+	0	0	0		141	2	834	0.002398081534772182	451	9	2587	0.003478933127174333
CUFF_NC.10644	5	19304999	19305494	+	0	0	0		6	1	36	0.027777777777777776	122	3	974	0.003080082135523614
CUFF_NC.10647	5	19308280	19308936	+	0	0	0		48	0	179	0.0	197	1	699	0.001430615164520744
CUFF_NC.10645	5	19310383	19311707	+	0	0	0		99	0	401	0.0	371	5	1271	0.003933910306845004
CUFF_NC.10646	5	19316780	19317476	+	0	0	0		49	1	562	0.0017793594306049821	112	4	997	0.004012036108324975
CUFF_NC.10655	5	19334532	19335226	+	0	0	0		46	0	260	0.0	182	1	1109	0.0009017132551848512
CUFF_NC.10656	5	19336703	19337115	+	0	0	0		20	0	116	0.0	122	2	754	0.002652519893899204
CUFF_NC.10649	5	19338506	19339141	-	0	0	0		20	0	128	0.0	144	2	579	0.0034542314335060447
CUFF_NC.10653	5	19350798	19353065	-	0	0	0		183	0	761	0.0	606	6	2184	0.0027472527472527475
CUFF_NC.10654	5	19355418	19355789	-	0	0	0		41	0	184	0.0	100	2	361	0.00554016620498615
CUFF_NC.10652	5	19364886	19365330	+	0	0	0		18	0	67	0.0	71	1	226	0.004424778761061947
CUFF_NC.10648	5	19373932	19374574	+	0	0	0		21	1	68	0.014705882352941176	132	1	416	0.002403846153846154
CUFF_NC.10650	5	19386424	19387542	+	0	0	0		103	4	470	0.00851063829787234	241	4	862	0.004640371229698376
CUFF_NC.10659	5	19401111	19402610	-	0	0	0		40	0	170	0.0	333	4	1163	0.0034393809114359416
CUFF_NC.10651	5	19403437	19404024	+	0	0	0		24	0	118	0.0	162	3	701	0.0042796005706134095
CUFF_NC.10657	5	19410399	19410896	+	0	0	0		48	0	296	0.0	117	3	656	0.004573170731707317
CUFF_NC.10658	5	19411596	19412011	+	0	0	0		23	0	146	0.0	93	1	345	0.002898550724637681
CUFF_NC.10660	5	19462026	19462512	+	0	0	0		20	0	79	0.0	133	2	589	0.003395585738539898
CUFF_NC.10661	5	19491723	19492557	+	0	0	0		40	0	140	0.0	188	1	589	0.001697792869269949
CUFF_NC.10662	5	19516215	19516811	-	0	0	0		25	0	124	0.0	105	1	605	0.001652892561983471
CUFF_NC.10663	5	19516950	19518406	-	0	0	0		105	1	498	0.002008032128514056	396	8	1926	0.004153686396677051
CUFF_NC.10666	5	19527977	19528645	+	0	0	0		48	1	323	0.0030959752321981426	144	0	589	0.0
CUFF_NC.10665	5	19532550	19533485	+	0	0	0		53	1	198	0.005050505050505051	208	1	930	0.001075268817204301
CUFF_NC.10664	5	19540294	19540821	-	0	0	0		18	8	86	0.09302325581395349	108	33	576	0.057291666666666664
CUFF_NC.10667	5	19541018	19542084	+	0	0	0		61	0	329	0.0	216	3	811	0.0036991368680641184
CUFF_NC.10668	5	19557439	19558208	+	0	0	0		28	55	332	0.16566265060240964	177	30	1573	0.019071837253655435
CUFF_NC.10670	5	19564741	19565210	+	0	0	0		10	1	74	0.013513513513513514	44	2	409	0.004889975550122249
CUFF_NC.10669	5	19566142	19566681	+	0	0	0		16	0	90	0.0	126	0	498	0.0
CUFF_NC.10671	5	19568873	19569796	-	0	0	0		46	1	203	0.0049261083743842365	222	2	834	0.002398081534772182
CUFF_NC.10673	5	19587813	19588296	-	0	0	0		30	0	157	0.0	97	0	491	0.0
CUFF_NC.10672	5	19589748	19590368	-	0	0	0		27	1	246	0.0040650406504065045	166	2	1231	0.0016246953696181965
CUFF_NC.10676	5	19618395	19622643	-	0	0	0		188	3	880	0.003409090909090909	984	12	4383	0.0027378507871321013
CUFF_NC.10677	5	19622951	19624232	-	0	0	0		10	0	28	0.0	46	1	98	0.01020408163265306
CUFF_NC.10678	5	19629681	19630031	+	0	0	0		10	0	59	0.0	75	1	306	0.0032679738562091504
CUFF_NC.10679	5	19632022	19632805	+	0	0	0		51	1	214	0.004672897196261682	192	5	737	0.0067842605156037995
CUFF_NC.10674	5	19647806	19648149	+	0	0	0		14	0	44	0.0	85	0	273	0.0
CUFF_NC.10675	5	19653109	19653397	-	0	0	0		14	0	75	0.0	87	0	468	0.0
CUFF_NC.10681	5	19676897	19677727	-	0	0	0		45	0	245	0.0	209	1	911	0.0010976948408342481
CUFF_NC.10680	5	19683776	19685322	-	0	0	0		84	1	336	0.002976190476190476	286	4	1122	0.0035650623885918
CUFF_NC.10683	5	19695947	19696482	+	0	0	0		28	0	112	0.0	133	0	504	0.0
CUFF_NC.10682	5	19699218	19699819	-	0	0	0		37	1	299	0.0033444816053511705	135	3	905	0.0033149171270718232
CUFF_NC.10699	5	19714128	19714732	-	0	0	0		48	3	627	0.004784688995215311	142	6	1370	0.004379562043795621
CUFF_NC.10700	5	19716170	19716981	-	0	0	0		40	0	192	0.0	155	0	575	0.0
CUFF_NC.10698	5	19721644	19722003	+	0	0	0		15	0	41	0.0	71	1	188	0.005319148936170213
CUFF_NC.10685	5	19723529	19724775	+	0	0	0		64	1	351	0.002849002849002849	331	6	1633	0.003674219228413962
CUFF_NC.10686	5	19734530	19735164	+	0	0	0		33	0	99	0.0	104	2	347	0.005763688760806916
CUFF_NC.10687	5	19737519	19738434	-	0	0	0		42	1	486	0.00205761316872428	176	4	1308	0.0030581039755351682
CUFF_NC.10684	5	19739374	19739907	+	0	0	0		16	0	161	0.0	139	1	1047	0.0009551098376313276
CUFF_NC.10688	5	19756423	19757096	-	0	0	0		22	0	75	0.0	179	2	648	0.0030864197530864196
CUFF_NC.10689	5	19804330	19804920	+	0	0	0		26	0	222	0.0	137	0	715	0.0
CUFF_NC.10690	5	19833942	19834485	+	0	0	0		14	1	152	0.006578947368421052	98	0	414	0.0
CUFF_NC.10692	5	19835378	19835823	-	0	0	0		15	0	118	0.0	48	0	295	0.0
CUFF_NC.10693	5	19836768	19837492	+	0	0	0		67	2	220	0.00909090909090909	179	2	527	0.003795066413662239
CUFF_NC.10691	5	19843023	19843869	-	0	0	0		33	0	219	0.0	203	5	1207	0.004142502071251036
CUFF_NC.10696	5	19853074	19853425	-	0	0	0		28	0	227	0.0	96	0	517	0.0
CUFF_NC.10697	5	19855108	19856187	-	0	0	0		81	4	526	0.0076045627376425855	292	11	1738	0.006329113924050633
CUFF_NC.10694	5	19860821	19861468	-	0	0	0		31	0	139	0.0	145	3	678	0.004424778761061947
CUFF_NC.10695	5	19864608	19865557	-	0	0	0		33	0	203	0.0	264	7	1237	0.005658852061438965
CUFF_NC.10706	5	19871188	19871535	-	0	0	0		30	0	203	0.0	73	0	407	0.0
CUFF_NC.10707	5	19872453	19873945	-	0	0	0		114	1	750	0.0013333333333333333	337	8	2392	0.0033444816053511705
CUFF_NC.10701	5	19908676	19909511	+	0	0	0		34	1	209	0.004784688995215311	175	5	637	0.007849293563579277
CUFF_NC.10702	5	19915733	19917787	-	0	0	0		90	2	346	0.005780346820809248	411	7	1957	0.0035769034236075624
CUFF_NC.10704	5	19919232	19919815	+	0	0	0		30	0	163	0.0	169	0	896	0.0
CUFF_NC.10703	5	19923047	19923628	+	0	0	0		26	0	201	0.0	163	1	1090	0.0009174311926605505
CUFF_NC.10709	5	19934390	19934990	-	0	0	0		51	1	436	0.0022935779816513763	142	9	880	0.010227272727272727
CUFF_NC.10710	5	19937266	19937919	-	0	0	0		47	0	201	0.0	155	1	634	0.0015772870662460567
CUFF_NC.10705	5	19938723	19939792	+	0	0	0		45	0	282	0.0	255	6	1301	0.004611837048424289
CUFF_NC.10711	5	19943265	19945861	+	0	0	0		180	2	905	0.0022099447513812156	656	9	3306	0.0027223230490018148
CUFF_NC.10712	5	19947255	19947761	+	0	0	0		24	0	109	0.0	116	2	485	0.004123711340206186
CUFF_NC.10708	5	19949804	19950687	-	0	0	0		49	0	378	0.0	166	2	884	0.0022624434389140274
CUFF_NC.10713	5	19969359	19969885	-	0	0	0		14	0	130	0.0	141	3	979	0.0030643513789581204
CUFF_NC.10714	5	19976812	19977626	+	0	0	0		43	0	415	0.0	101	2	836	0.0023923444976076554
CUFF_NC.10715	5	19999011	20000054	+	0	0	0		26	1	223	0.004484304932735426	208	2	1339	0.0014936519790888724
CUFF_NC.10716	5	20012092	20013947	+	0	0	0		98	0	411	0.0	426	6	1559	0.003848620910840282
CUFF_NC.10719	5	20033559	20034296	-	0	0	0		38	3	312	0.009615384615384616	188	42	1373	0.03058994901675164
CUFF_NC.10717	5	20051973	20052678	-	0	0	0		39	0	263	0.0	155	1	871	0.001148105625717566
CUFF_NC.10718	5	20061616	20062537	+	0	0	0		38	302	370	0.8162162162162162	245	1135	2572	0.44129082426127525
CUFF_NC.10721	5	20070495	20071402	-	0	0	0		59	0	271	0.0	171	1	610	0.001639344262295082
CUFF_NC.10720	5	20072868	20073380	-	0	0	0		26	13	171	0.07602339181286549	129	8	761	0.010512483574244415
CUFF_NC.10728	5	20103107	20103814	-	0	0	0		41	1	332	0.0030120481927710845	173	3	1363	0.0022010271460014674
CUFF_NC.10733	5	20106647	20112130	+	0	0	0		383	5	1704	0.0029342723004694834	1357	21	5954	0.003527040644944575
CUFF_NC.10734	5	20110137	20110607	+	0	0	0		41	0	136	0.0	110	0	361	0.0
CUFF_NC.10723	5	20128888	20129539	-	0	0	0		31	173	235	0.7361702127659574	154	273	1033	0.26427879961277834
CUFF_NC.10725	5	20131908	20132444	+	0	0	0		30	0	200	0.0	126	2	671	0.0029806259314456036
CUFF_NC.10724	5	20134199	20134786	+	0	0	0		12	0	87	0.0	131	2	768	0.0026041666666666665
CUFF_NC.10726	5	20135164	20135662	+	0	0	0		11	1	50	0.02	101	4	634	0.006309148264984227
CUFF_NC.10727	5	20150703	20151007	-	0	0	0		5	0	34	0.0	74	0	542	0.0
CUFF_NC.10735	5	20154750	20156530	-	0	0	0		108	2	604	0.0033112582781456954	400	6	1892	0.003171247357293869
CUFF_NC.10730	5	20161198	20162078	+	0	0	0		40	0	176	0.0	216	1	822	0.0012165450121654502
CUFF_NC.10732	5	20168460	20169869	+	0	0	0		88	1	409	0.0024449877750611247	343	4	1423	0.0028109627547434997
CUFF_NC.10729	5	20170368	20170774	-	0	0	0		12	0	72	0.0	97	0	572	0.0
CUFF_NC.10739	5	20188612	20188983	-	0	0	0		30	1	186	0.005376344086021506	108	2	613	0.0032626427406199023
CUFF_NC.10736	5	20191798	20193638	-	0	0	0		70	0	344	0.0	341	4	1494	0.002677376171352075
CUFF_NC.10748	5	20196928	20197239	-	0	0	0		16	0	62	0.0	81	1	283	0.0035335689045936395
CUFF_NC.10742	5	20202225	20207061	+	0	0	0		196	2	941	0.0021253985122210413	1214	13	5494	0.0023662176920276664
CUFF_NC.10743	5	20202884	20207483	+	0	0	0		193	3	953	0.0031479538300104933	1112	12	5094	0.002355712603062426
CUFF_NC.10744	5	20203303	20208153	+	0	0	0		195	3	855	0.0035087719298245615	1188	17	5220	0.0032567049808429117
CUFF_NC.10737	5	20214322	20214952	-	0	0	0		40	2	261	0.007662835249042145	162	4	1111	0.0036003600360036
CUFF_NC.10738	5	20214598	20215104	+	0	0	0		43	1	242	0.004132231404958678	135	4	724	0.0055248618784530384
CUFF_NC.10741	5	20220485	20221225	-	0	0	0		38	0	251	0.0	171	3	937	0.0032017075773745998
CUFF_NC.10740	5	20228775	20229117	-	0	0	0		21	0	128	0.0	71	3	410	0.007317073170731708
CUFF_NC.10757	5	20264508	20270612	+	0	0	0		196	17	1111	0.0153015301530153	1447	103	6811	0.015122595800910292
CUFF_NC.10750	5	20289507	20291438	+	0	0	0		110	1	522	0.0019157088122605363	467	10	2308	0.004332755632582322
CUFF_NC.10751	5	20291829	20292457	+	0	0	0		23	0	163	0.0	134	2	661	0.0030257186081694403
CUFF_NC.10746	5	20303389	20303886	-	0	0	0		26	1	268	0.0037313432835820895	83	2	572	0.0034965034965034965
CUFF_NC.10747	5	20305421	20306277	-	0	0	0		73	1	435	0.0022988505747126436	250	4	1337	0.0029917726252804786
CUFF_NC.10745	5	20307223	20307930	+	0	0	0		35	1	248	0.004032258064516129	176	0	1022	0.0
CUFF_NC.10749	5	20309022	20310615	+	0	0	0		110	0	857	0.0	374	5	2525	0.0019801980198019802
CUFF_NC.10752	5	20313676	20314454	+	0	0	0		30	35	241	0.14522821576763487	162	38	1299	0.029253271747498075
CUFF_NC.10755	5	20330134	20330495	-	0	0	0		19	1	117	0.008547008547008548	103	2	572	0.0034965034965034965
CUFF_NC.10756	5	20333073	20333726	-	0	0	0		16	0	118	0.0	146	0	676	0.0
CUFF_NC.10753	5	20334065	20335015	+	0	0	0		68	2	289	0.006920415224913495	286	2	1035	0.001932367149758454
CUFF_NC.10754	5	20344468	20345084	+	0	0	0		26	0	127	0.0	152	2	584	0.003424657534246575
CUFF_NC.10762	5	20354497	20360765	-	0	0	0		237	43	1269	0.0338849487785658	1236	52	5859	0.008875234681686295
CUFF_NC.10763	5	20356295	20356736	-	0	0	0		6	3	43	0.06976744186046512	75	0	343	0.0
CUFF_NC.10760	5	20362913	20364557	-	0	0	0		55	2	250	0.008	357	7	1642	0.004263093788063338
CUFF_NC.10758	5	20366059	20367128	-	0	0	0		53	4	241	0.016597510373443983	254	4	1278	0.003129890453834116
CUFF_NC.10761	5	20369521	20371005	-	0	0	0		40	2	299	0.006688963210702341	206	6	1362	0.004405286343612335
CUFF_NC.10765	5	20373411	20373913	-	0	0	0		15	0	59	0.0	132	1	444	0.0022522522522522522
CUFF_NC.10759	5	20384457	20385261	+	0	0	0		42	1	301	0.0033222591362126247	189	0	1172	0.0
CUFF_NC.10764	5	20386454	20387098	+	0	0	0		4	0	17	0.0	50	1	167	0.005988023952095809
CUFF_NC.10767	5	20405715	20406371	+	0	0	0		29	1	261	0.0038314176245210726	126	4	829	0.0048250904704463205
CUFF_NC.10768	5	20433100	20435237	-	0	0	0		87	3	601	0.004991680532445923	479	16	3562	0.004491858506457047
CUFF_NC.10766	5	20436911	20437527	-	0	0	0		19	0	39	0.0	163	3	385	0.007792207792207792
CUFF_NC.10772	5	20477565	20478011	-	0	0	0		32	0	221	0.0	119	0	761	0.0
CUFF_NC.10780	5	20488261	20488861	+	0	0	0		36	1	257	0.0038910505836575876	138	4	793	0.005044136191677175
CUFF_NC.10771	5	20493672	20494079	+	0	0	0		22	0	160	0.0	69	2	449	0.004454342984409799
CUFF_NC.10770	5	20500886	20501871	+	0	0	0		51	0	200	0.0	176	4	578	0.006920415224913495
CUFF_NC.10769	5	20505248	20506838	+	0	0	0		59	1	405	0.0024691358024691358	225	6	976	0.006147540983606557
CUFF_NC.10775	5	20516278	20518159	+	0	0	0		123	2	812	0.0024630541871921183	441	6	1964	0.003054989816700611
CUFF_NC.10773	5	20518892	20519350	+	0	0	0		23	0	108	0.0	79	3	300	0.01
CUFF_NC.10774	5	20526764	20527470	+	0	0	0		20	171	213	0.8028169014084507	152	620	1449	0.4278812974465148
CUFF_NC.10776	5	20542105	20542800	-	0	0	0		31	0	124	0.0	177	0	705	0.0
CUFF_NC.10779	5	20543451	20544859	+	0	0	0		90	2	534	0.003745318352059925	218	3	995	0.003015075376884422
CUFF_NC.10777	5	20554847	20555842	+	0	0	0		63	1	181	0.0055248618784530384	185	0	517	0.0
CUFF_NC.10778	5	20557798	20558347	+	0	0	0		52	0	206	0.0	161	1	508	0.001968503937007874
CUFF_NC.10781	5	20560561	20561263	+	0	0	0		49	1	211	0.004739336492890996	194	2	593	0.003372681281618887
CUFF_NC.10782	5	20563492	20565069	+	0	0	0		18	35	116	0.3017241379310345	245	119	1329	0.08954100827689992
CUFF_NC.10785	5	20635880	20636576	+	0	0	0		28	2	272	0.007352941176470588	124	2	875	0.002285714285714286
CUFF_NC.10786	5	20637379	20637861	+	0	0	0		16	0	282	0.0	82	2	615	0.0032520325203252032
CUFF_NC.10788	5	20642924	20643677	+	0	0	0		15	0	59	0.0	174	2	758	0.002638522427440633
CUFF_NC.10790	5	20660058	20661103	-	0	0	0		4	0	11	0.0	41	0	105	0.0
CUFF_NC.10791	5	20660077	20660976	+	0	0	0		3	0	10	0.0	39	0	102	0.0
CUFF_NC.10789	5	20670094	20670611	+	0	0	0		8	0	40	0.0	114	5	367	0.013623978201634877
CUFF_NC.10792	5	20683309	20684072	-	0	0	0		19	0	229	0.0	127	2	1004	0.00199203187250996
CUFF_NC.10798	5	20696426	20697310	+	0	0	0		52	0	246	0.0	215	1	1126	0.0008880994671403197
CUFF_NC.10793	5	20705122	20706253	+	0	0	0		63	1	407	0.002457002457002457	262	2	1143	0.0017497812773403325
CUFF_NC.10795	5	20711762	20712531	+	0	0	0		36	1	314	0.0031847133757961785	139	5	1045	0.004784688995215311
CUFF_NC.10796	5	20715735	20716898	+	0	0	0		80	1	655	0.0015267175572519084	285	3	1610	0.0018633540372670807
CUFF_NC.10797	5	20725176	20726077	-	0	0	0		68	1	434	0.002304147465437788	208	1	889	0.0011248593925759281
CUFF_NC.10794	5	20727480	20727919	-	0	0	0		15	1	185	0.005405405405405406	97	2	722	0.002770083102493075
CUFF_NC.10801	5	20752939	20753787	-	0	0	0		34	1	459	0.002178649237472767	183	9	1452	0.006198347107438017
CUFF_NC.10799	5	20757639	20758599	+	0	0	0		25	0	151	0.0	258	4	1331	0.003005259203606311
CUFF_NC.10800	5	20765138	20765602	-	0	0	0		25	0	175	0.0	86	0	505	0.0
CUFF_NC.10802	5	20828760	20829146	-	0	0	0		27	0	173	0.0	99	3	586	0.005119453924914676
CUFF_NC.10803	5	20878754	20880286	+	0	0	0		107	0	746	0.0	372	11	2020	0.005445544554455445
CUFF_NC.10804	5	20898144	20898490	-	0	0	0		12	1	174	0.005747126436781609	61	1	657	0.0015220700152207
CUFF_NC.10806	5	20900027	20900816	-	0	0	0		25	2	133	0.015037593984962405	118	2	592	0.0033783783783783786
CUFF_NC.10808	5	20905330	20905753	+	0	0	0		6	0	27	0.0	14	0	54	0.0
CUFF_NC.10809	5	20914715	20919277	+	0	0	0		208	0	871	0.0	996	15	4071	0.0036845983787767134
CUFF_NC.10810	5	20917917	20918748	+	0	0	0		72	0	212	0.0	214	3	583	0.005145797598627788
CUFF_NC.10811	5	20936349	20937231	-	0	0	0		53	0	260	0.0	200	2	780	0.002564102564102564
CUFF_NC.10805	5	20939640	20941039	+	0	0	0		96	1	467	0.0021413276231263384	256	4	939	0.004259850905218318
CUFF_NC.10807	5	20945748	20946256	-	0	0	0		26	0	231	0.0	155	1	816	0.0012254901960784314
CUFF_NC.10812	5	20958468	20959004	+	0	0	0		29	1	198	0.005050505050505051	101	3	468	0.00641025641025641
CUFF_NC.10814	5	20993444	20995290	-	0	0	0		113	2	596	0.003355704697986577	444	4	1911	0.0020931449502878076
CUFF_NC.10815	5	21009422	21010049	-	0	0	0		25	2	136	0.014705882352941176	126	2	491	0.004073319755600814
CUFF_NC.10816	5	21014398	21015118	-	0	0	0		1	0	5	0.0	39	3	110	0.02727272727272727
CUFF_NC.10818	5	21017629	21018089	-	0	0	0		17	1	141	0.0070921985815602835	80	0	407	0.0
CUFF_NC.10817	5	21020684	21021495	-	0	0	0		73	1	324	0.0030864197530864196	214	0	794	0.0
CUFF_NC.10820	5	21031659	21032708	-	0	0	0		50	3	639	0.004694835680751174	125	6	955	0.0062827225130890054
CUFF_NC.10819	5	21043051	21044454	+	0	0	0		46	2	394	0.005076142131979695	265	10	1587	0.00630119722747322
CUFF_NC.10821	5	21056194	21056977	+	0	0	0		33	1	92	0.010869565217391304	178	0	461	0.0
CUFF_NC.10822	5	21080418	21080821	-	0	0	0		27	0	102	0.0	83	1	297	0.003367003367003367
CUFF_NC.10823	5	21124120	21125135	+	0	0	0		55	0	349	0.0	158	1	772	0.0012953367875647669
CUFF_NC.10824	5	21128561	21128928	-	0	0	0		32	0	158	0.0	82	0	350	0.0
CUFF_NC.10828	5	21132615	21133191	-	0	0	0		47	2	269	0.007434944237918215	151	6	696	0.008620689655172414
CUFF_NC.10827	5	21138704	21144949	-	0	0	0		205	179	1475	0.12135593220338983	1355	206	7962	0.025872896257221802
CUFF_NC.10825	5	21152181	21153041	+	0	0	0		37	0	240	0.0	143	1	789	0.0012674271229404308
CUFF_NC.10826	5	21153695	21154193	+	0	0	0		29	1	185	0.005405405405405406	108	0	474	0.0
CUFF_NC.10832	5	21164846	21165852	-	0	0	0		41	86	321	0.26791277258566976	223	220	1622	0.13563501849568435
CUFF_NC.10830	5	21179732	21180470	+	0	0	0		33	0	146	0.0	176	1	693	0.001443001443001443
CUFF_NC.10835	5	21208818	21209672	+	0	0	0		85	1	635	0.0015748031496062992	192	5	1449	0.003450655624568668
CUFF_NC.10836	5	21211443	21212080	+	0	0	0		28	0	290	0.0	160	3	864	0.003472222222222222
CUFF_NC.10831	5	21212892	21213571	-	0	0	0		35	0	252	0.0	164	1	1016	0.000984251968503937
CUFF_NC.10834	5	21242151	21243387	-	0	0	0		97	2	881	0.0022701475595913734	227	6	1436	0.004178272980501393
CUFF_NC.10833	5	21246096	21246627	+	0	0	0		25	0	155	0.0	143	1	791	0.0012642225031605564
CUFF_NC.10839	5	21259596	21261340	+	0	0	0		98	1	470	0.002127659574468085	458	4	2193	0.001823985408116735
CUFF_NC.10842	5	21273816	21274405	-	0	0	0		27	0	124	0.0	152	1	626	0.001597444089456869
CUFF_NC.10840	5	21294571	21294853	-	0	0	0		12	0	41	0.0	63	1	173	0.005780346820809248
CUFF_NC.10837	5	21301445	21302092	-	0	0	0		23	0	176	0.0	146	0	815	0.0
CUFF_NC.10838	5	21302197	21302648	-	0	0	0		33	0	126	0.0	113	3	415	0.007228915662650603
CUFF_NC.10841	5	21307201	21308147	-	0	0	0		78	0	229	0.0	178	1	493	0.002028397565922921
CUFF_NC.10844	5	21318950	21321001	-	0	0	0		161	2	1118	0.0017889087656529517	494	8	2727	0.0029336266960029336
CUFF_NC.10843	5	21343316	21343664	+	0	0	0		29	0	178	0.0	83	2	412	0.0048543689320388345
CUFF_NC.10846	5	21361344	21362159	+	0	0	0		49	0	517	0.0	220	3	1137	0.002638522427440633
CUFF_NC.10845	5	21382386	21383155	-	0	0	0		30	0	126	0.0	183	1	696	0.0014367816091954023
CUFF_NC.10857	5	21384127	21386573	-	0	0	0		92	1	456	0.0021929824561403508	521	7	2617	0.0026748184944593045
CUFF_NC.10858	5	21384914	21385372	-	0	0	0		10	1	39	0.02564102564102564	95	2	363	0.005509641873278237
CUFF_NC.10847	5	21410630	21412308	-	0	0	0		52	0	463	0.0	306	7	2003	0.003494757863205192
CUFF_NC.10849	5	21415836	21416324	+	0	0	0		34	1	167	0.005988023952095809	144	4	628	0.006369426751592357
CUFF_NC.10848	5	21419674	21421684	+	0	0	0		84	2	574	0.003484320557491289	444	4	2362	0.001693480101608806
CUFF_NC.10850	5	21438002	21439261	+	0	0	0		48	1	366	0.00273224043715847	251	4	1290	0.0031007751937984496
CUFF_NC.10851	5	21440545	21441585	-	0	0	0		25	1	101	0.009900990099009901	155	6	548	0.010948905109489052
CUFF_NC.10852	5	21449743	21450162	-	0	0	0		11	1	57	0.017543859649122806	106	0	549	0.0
CUFF_NC.10854	5	21452654	21453944	+	0	0	0		46	1	357	0.0028011204481792717	281	8	1587	0.005040957781978576
CUFF_NC.10853	5	21454528	21454935	+	0	0	0		5	0	16	0.0	83	2	162	0.012345679012345678
CUFF_NC.10862	5	21457773	21459126	+	0	0	0		110	4	534	0.00749063670411985	357	2	1627	0.001229256299938537
CUFF_NC.10856	5	21466510	21468108	-	0	0	0		22	0	79	0.0	158	3	455	0.006593406593406593
CUFF_NC.10855	5	21470416	21473034	-	0	0	0		138	1	584	0.0017123287671232876	683	7	2855	0.0024518388791593695
CUFF_NC.10860	5	21478697	21481994	-	0	0	0		148	3	989	0.003033367037411527	836	11	4935	0.0022289766970618034
CUFF_NC.10861	5	21480767	21481261	-	0	0	0		35	1	203	0.0049261083743842365	122	1	549	0.0018214936247723133
CUFF_NC.10859	5	21482153	21482584	+	0	0	0		21	1	151	0.006622516556291391	83	2	535	0.003738317757009346
CUFF_NC.10892	5	21497629	21498017	+	0	0	0		12	0	43	0.0	67	1	188	0.005319148936170213
CUFF_NC.10891	5	21501675	21502283	-	0	0	0		40	1	200	0.005	166	3	618	0.0048543689320388345
CUFF_NC.10869	5	21509746	21511989	+	0	0	0		70	0	265	0.0	267	5	1159	0.004314063848144953
CUFF_NC.10863	5	21513788	21514475	+	0	0	0		13	0	54	0.0	105	3	625	0.0048
CUFF_NC.10864	5	21533264	21533697	-	0	0	0		3	0	14	0.0	123	2	591	0.00338409475465313
CUFF_NC.10874	5	21539468	21540156	+	0	0	0		29	1	144	0.006944444444444444	172	3	812	0.003694581280788177
CUFF_NC.10865	5	21545549	21546285	-	0	0	0		3	1	3	0.3333333333333333	4	0	4	0.0
CUFF_NC.10868	5	21551819	21552239	-	0	0	0		59	1	255	0.00392156862745098	85	0	348	0.0
CUFF_NC.10866	5	21558486	21558983	-	0	0	0		16	0	40	0.0	103	1	251	0.00398406374501992
CUFF_NC.10867	5	21558699	21559226	+	0	0	0		15	0	71	0.0	78	0	366	0.0
CUFF_NC.10870	5	21567376	21567940	+	0	0	0		20	0	282	0.0	119	1	857	0.0011668611435239206
CUFF_NC.10871	5	21572278	21574351	+	0	0	0		50	0	252	0.0	450	5	2270	0.0022026431718061676
CUFF_NC.10872	5	21603298	21604049	-	0	0	0		32	1	141	0.0070921985815602835	136	4	659	0.006069802731411229
CUFF_NC.10873	5	21608315	21609276	-	0	0	0		49	1	313	0.003194888178913738	193	3	1088	0.0027573529411764708
CUFF_NC.10875	5	21637405	21638331	+	0	0	0		54	0	402	0.0	231	1	1636	0.0006112469437652812
CUFF_NC.10882	5	21650416	21651109	+	0	0	0		44	1	279	0.0035842293906810036	132	1	743	0.0013458950201884253
CUFF_NC.10878	5	21674131	21675047	-	0	0	0		52	1	342	0.0029239766081871343	247	9	1513	0.005948446794448116
CUFF_NC.10879	5	21684989	21686061	+	0	0	0		76	0	467	0.0	290	6	1321	0.004542013626040878
CUFF_NC.10876	5	21715721	21716668	-	0	0	0		77	0	291	0.0	228	5	745	0.006711409395973154
CUFF_NC.10877	5	21716823	21717647	-	0	0	0		41	1	194	0.005154639175257732	231	3	836	0.0035885167464114833
CUFF_NC.10880	5	21727518	21728616	+	0	0	0		39	2	406	0.0049261083743842365	122	1	1110	0.0009009009009009009
CUFF_NC.10881	5	21751986	21752450	-	0	0	0		16	0	98	0.0	113	2	818	0.0024449877750611247
CUFF_NC.10883	5	21772119	21772577	-	0	0	0		15	0	52	0.0	141	1	401	0.0024937655860349127
CUFF_NC.10884	5	21817249	21817875	-	0	0	0		51	0	355	0.0	145	2	597	0.0033500837520938024
CUFF_NC.10887	5	21872805	21873322	+	0	0	0		13	1	157	0.006369426751592357	142	1	904	0.0011061946902654867
CUFF_NC.10889	5	21882356	21883536	+	0	0	0		66	1	502	0.00199203187250996	212	3	938	0.0031982942430703624
CUFF_NC.10886	5	21887530	21887854	+	0	0	0		6	0	16	0.0	59	1	135	0.007407407407407408
CUFF_NC.10890	5	21895157	21896014	+	0	0	0		21	0	414	0.0	153	7	1645	0.00425531914893617
CUFF_NC.10893	5	21927886	21928450	-	0	0	0		39	0	101	0.0	82	0	175	0.0
CUFF_NC.10895	5	21932629	21938346	+	0	0	0		94	1	344	0.0029069767441860465	395	6	1009	0.005946481665014866
CUFF_NC.10916	5	21953606	21955071	+	0	0	0		80	0	477	0.0	391	3	2010	0.0014925373134328358
CUFF_NC.10898	5	21984380	21984796	-	0	0	0		27	1	174	0.005747126436781609	90	1	627	0.001594896331738437
CUFF_NC.10899	5	21995779	21996639	+	0	0	0		31	1	410	0.0024390243902439024	115	2	921	0.002171552660152009
CUFF_NC.10900	5	22012725	22013107	+	0	0	0		5	0	12	0.0	55	1	129	0.007751937984496124
CUFF_NC.10902	5	22023237	22024132	+	0	0	0		38	0	161	0.0	220	2	925	0.002162162162162162
CUFF_NC.10903	5	22029392	22030017	+	0	0	0		27	0	165	0.0	168	1	891	0.001122334455667789
CUFF_NC.10938	5	22039740	22040479	+	0	0	0		68	2	342	0.005847953216374269	191	1	930	0.001075268817204301
CUFF_NC.10904	5	22054501	22054862	+	0	0	0		23	1	199	0.005025125628140704	57	0	278	0.0
CUFF_NC.10901	5	22057230	22057988	+	0	0	0		52	0	228	0.0	216	1	773	0.00129366106080207
CUFF_NC.10905	5	22091561	22091966	-	0	0	0		14	0	107	0.0	34	1	224	0.004464285714285714
CUFF_NC.10907	5	22114502	22115575	+	0	0	0		44	1	334	0.0029940119760479044	227	1	1164	0.000859106529209622
CUFF_NC.10906	5	22121268	22121870	-	0	0	0		16	1	184	0.005434782608695652	104	4	908	0.004405286343612335
CUFF_NC.10908	5	22152607	22153224	-	0	0	0		26	1	239	0.0041841004184100415	100	3	851	0.0035252643948296123
CUFF_NC.10909	5	22158423	22164182	-	0	0	0		225	5	981	0.0050968399592252805	1350	19	5962	0.003186850050318685
CUFF_NC.10914	5	22167145	22170650	+	0	0	0		188	2	1264	0.0015822784810126582	792	14	4474	0.0031291908806437194
CUFF_NC.10911	5	22185713	22186143	+	0	0	0		19	0	101	0.0	88	0	485	0.0
CUFF_NC.10910	5	22197676	22198236	+	0	0	0		53	0	234	0.0	145	1	601	0.0016638935108153079
CUFF_NC.10913	5	22219820	22220833	+	0	0	0		58	2	193	0.010362694300518135	293	3	1095	0.0027397260273972603
CUFF_NC.10912	5	22223053	22223673	+	0	0	0		49	40	98	0.40816326530612246	112	59	250	0.236
CUFF_NC.10921	5	22233219	22233513	-	0	0	0		9	0	11	0.0	39	2	53	0.03773584905660377
CUFF_NC.10922	5	22237009	22237607	+	0	0	0		14	1	118	0.00847457627118644	84	3	497	0.006036217303822937
CUFF_NC.10915	5	22246656	22247555	-	0	0	0		54	0	282	0.0	216	3	693	0.004329004329004329
CUFF_NC.10917	5	22260410	22262143	-	0	0	0		53	26	375	0.06933333333333333	335	75	1841	0.04073872895165671
CUFF_NC.10923	5	22272017	22276232	-	0	0	0		259	119	1492	0.07975871313672922	928	264	4880	0.054098360655737705
CUFF_NC.10919	5	22280675	22281351	+	0	0	0		43	0	118	0.0	179	1	502	0.00199203187250996
CUFF_NC.10918	5	22283635	22283973	-	0	0	0		20	0	88	0.0	89	1	374	0.00267379679144385
CUFF_NC.10920	5	22298666	22299298	+	0	0	0		34	1	369	0.0027100271002710027	104	0	813	0.0
CUFF_NC.10925	5	22310402	22310909	+	0	0	0		30	0	132	0.0	143	1	569	0.0017574692442882249
CUFF_NC.10924	5	22317294	22317716	-	0	0	0		12	0	59	0.0	81	0	293	0.0
CUFF_NC.10926	5	22320034	22323196	-	0	0	0		139	97	919	0.10554951033732318	755	532	4664	0.11406518010291596
CUFF_NC.10928	5	22330985	22332189	+	0	0	0		59	0	514	0.0	167	3	1163	0.0025795356835769563
CUFF_NC.10930	5	22341130	22342267	-	0	0	0		34	0	165	0.0	204	3	856	0.0035046728971962616
CUFF_NC.10927	5	22357436	22358161	+	0	0	0		52	1	351	0.002849002849002849	156	1	845	0.001183431952662722
CUFF_NC.10929	5	22366644	22367234	-	0	0	0		20	38	114	0.3333333333333333	120	80	631	0.12678288431061807
CUFF_NC.10931	5	22389427	22390164	-	0	0	0		65	1	259	0.003861003861003861	119	1	441	0.0022675736961451248
CUFF_NC.10932	5	22412740	22413208	+	0	0	0		12	0	29	0.0	89	0	459	0.0
CUFF_NC.10936	5	22425381	22426243	+	0	0	0		61	2	448	0.004464285714285714	222	5	1572	0.0031806615776081423
CUFF_NC.10937	5	22427843	22428545	+	0	0	0		48	1	277	0.0036101083032490976	205	5	1014	0.004930966469428008
CUFF_NC.10933	5	22436357	22441076	+	0	0	0		188	6	1566	0.0038314176245210726	880	14	5923	0.002363667060611177
CUFF_NC.10934	5	22437836	22438261	+	0	0	0		26	1	117	0.008547008547008548	109	2	776	0.002577319587628866
CUFF_NC.10935	5	22438360	22444914	+	0	0	0		257	4	1767	0.0022637238256932655	1260	20	7117	0.002810172825628776
CUFF_NC.10941	5	22448053	22449602	+	0	0	0		100	0	642	0.0	442	13	2330	0.005579399141630901
CUFF_NC.10940	5	22455104	22455867	+	0	0	0		45	1	175	0.005714285714285714	189	3	683	0.004392386530014641
CUFF_NC.10951	5	22469457	22470108	+	0	0	0		34	1	246	0.0040650406504065045	169	1	966	0.0010351966873706005
CUFF_NC.10939	5	22482377	22483076	-	0	0	0		43	2	314	0.006369426751592357	142	1	566	0.0017667844522968198
CUFF_NC.10944	5	22486453	22488255	+	0	0	0		82	0	460	0.0	401	4	2038	0.001962708537782139
CUFF_NC.10945	5	22488956	22489297	+	0	0	0		16	0	181	0.0	62	4	590	0.006779661016949152
CUFF_NC.10942	5	22508488	22509423	+	0	0	0		25	1	198	0.005050505050505051	190	4	1035	0.003864734299516908
CUFF_NC.10943	5	22510748	22512049	+	0	0	0		41	185	308	0.6006493506493507	239	551	1903	0.28954282711508145
CUFF_NC.10949	5	22513767	22514592	+	0	0	0		36	149	257	0.5797665369649806	196	427	1403	0.30434782608695654
CUFF_NC.10948	5	22522164	22522657	+	0	0	0		22	1	196	0.00510204081632653	103	2	864	0.0023148148148148147
CUFF_NC.10947	5	22526934	22529632	-	0	0	0		113	0	599	0.0	677	3	2658	0.001128668171557562
CUFF_NC.10946	5	22530230	22530483	-	0	0	0		7	1	111	0.009009009009009009	69	2	619	0.0032310177705977385
CUFF_NC.10950	5	22539322	22540449	-	0	0	0		50	2	1148	0.0017421602787456446	158	2	2087	0.0009583133684714902
CUFF_NC.10952	5	22554970	22555806	+	0	0	0		52	0	271	0.0	189	2	761	0.002628120893561104
CUFF_NC.10953	5	22563326	22564027	+	0	0	0		22	2	183	0.01092896174863388	88	0	508	0.0
CUFF_NC.10955	5	22576430	22578655	-	0	0	0		80	0	461	0.0	564	9	2743	0.0032810791104629965
CUFF_NC.10956	5	22580715	22581564	+	0	0	0		83	396	736	0.5380434782608695	166	182	989	0.18402426693629928
CUFF_NC.10966	5	22587801	22588516	-	0	0	0		43	1	376	0.0026595744680851063	203	4	1229	0.0032546786004882017
CUFF_NC.10967	5	22591204	22592165	-	0	0	0		106	2	666	0.003003003003003003	241	2	1395	0.0014336917562724014
CUFF_NC.10954	5	22606214	22606639	-	0	0	0		16	0	123	0.0	99	3	551	0.0054446460980036296
CUFF_NC.10960	5	22611659	22612059	-	0	0	0		51	1	375	0.0026666666666666666	114	1	608	0.001644736842105263
CUFF_NC.10995	5	22622092	22624971	+	0	0	0		52	0	205	0.0	266	4	1008	0.003968253968253968
CUFF_NC.10996	5	22627713	22633385	+	0	0	0		85	0	601	0.0	402	7	2466	0.00283860502838605
CUFF_NC.10959	5	22634361	22635609	+	0	0	0		38	1	298	0.003355704697986577	194	5	1508	0.0033156498673740055
CUFF_NC.10969	5	22640110	22640756	+	0	0	0		55	0	217	0.0	197	3	731	0.004103967168262654
CUFF_NC.10962	5	22645592	22646661	+	0	0	0		32	1	386	0.0025906735751295338	246	5	1846	0.0027085590465872156
CUFF_NC.10963	5	22648778	22649557	+	0	0	0		45	1	375	0.0026666666666666666	166	1	667	0.0014992503748125937
CUFF_NC.10961	5	22665325	22666039	-	0	0	0		25	0	99	0.0	147	3	546	0.005494505494505495
CUFF_NC.10964	5	22666304	22667795	-	0	0	0		39	0	300	0.0	304	4	1415	0.0028268551236749115
CUFF_NC.10965	5	22669197	22669733	-	0	0	0		6	0	11	0.0	97	0	216	0.0
CUFF_NC.10979	5	22681267	22687131	-	0	0	0		345	8	2031	0.003938946331856229	1367	17	6545	0.0025974025974025974
CUFF_NC.10978	5	22681748	22687798	-	0	0	0		356	6	1995	0.0030075187969924814	1437	18	6765	0.0026607538802660754
CUFF_NC.10970	5	22694737	22697874	-	0	0	0		218	2	981	0.0020387359836901123	751	11	2973	0.003699966363942146
CUFF_NC.10971	5	22704298	22704666	-	0	0	0		18	0	124	0.0	95	0	578	0.0
CUFF_NC.10972	5	22719886	22720517	-	0	0	0		30	0	204	0.0	105	2	437	0.004576659038901602
CUFF_NC.10973	5	22725240	22725742	-	0	0	0		28	0	77	0.0	114	0	282	0.0
CUFF_NC.10984	5	22735637	22736365	-	0	0	0		27	0	294	0.0	125	4	1021	0.0039177277179236044
CUFF_NC.10975	5	22753832	22757933	-	0	0	0		236	4	1769	0.0022611644997173543	974	13	5810	0.002237521514629948
CUFF_NC.10974	5	22758719	22759545	+	0	0	0		37	1	163	0.006134969325153374	169	5	808	0.006188118811881188
CUFF_NC.10976	5	22768867	22770391	+	0	0	0		105	4	761	0.005256241787122208	404	3	2013	0.0014903129657228018
CUFF_NC.10980	5	22775371	22776071	+	0	0	0		42	3	204	0.014705882352941176	168	0	903	0.0
CUFF_NC.10981	5	22776454	22777231	+	0	0	0		38	1	163	0.006134969325153374	177	2	599	0.00333889816360601
CUFF_NC.10977	5	22802367	22803742	-	0	0	0		61	1	408	0.0024509803921568627	286	3	1463	0.002050580997949419
CUFF_NC.10982	5	22818233	22818909	-	0	0	0		33	1	251	0.00398406374501992	170	3	793	0.0037831021437578815
CUFF_NC.10983	5	22822178	22822850	+	0	0	0		28	1	211	0.004739336492890996	132	2	1041	0.0019212295869356388
CUFF_NC.10985	5	22858361	22858785	+	0	0	0		13	0	106	0.0	115	0	579	0.0
CUFF_NC.10986	5	22887532	22889324	-	0	0	0		44	1	249	0.004016064257028112	357	10	1713	0.005837711617046118
CUFF_NC.10987	5	22890830	22891573	-	0	0	0		35	0	204	0.0	180	4	943	0.0042417815482502655
CUFF_NC.10990	5	22952908	22953834	+	0	0	0		76	2	499	0.004008016032064128	227	10	1404	0.007122507122507123
CUFF_NC.10993	5	22956296	22957232	-	0	0	0		55	628	825	0.7612121212121212	244	1355	4153	0.32627016614495546
CUFF_NC.10988	5	22961412	22962744	+	0	0	0		82	3	402	0.007462686567164179	278	4	1175	0.003404255319148936
CUFF_NC.10989	5	22963347	22963787	+	0	0	0		28	0	145	0.0	111	3	572	0.005244755244755245
CUFF_NC.10991	5	22964449	22964914	+	0	0	0		34	3	222	0.013513513513513514	117	0	702	0.0
CUFF_NC.10992	5	22965269	22965695	+	0	0	0		31	0	137	0.0	113	0	475	0.0
CUFF_NC.11011	5	22985632	22986800	+	0	0	0		50	1	723	0.0013831258644536654	197	4	2148	0.00186219739292365
CUFF_NC.10994	5	22992865	22993341	-	0	0	0		14	1	49	0.02040816326530612	116	7	403	0.017369727047146403
CUFF_NC.11000	5	23006207	23006623	-	0	0	0		23	0	118	0.0	108	5	559	0.008944543828264758
CUFF_NC.11001	5	23006858	23008039	-	0	0	0		84	2	421	0.004750593824228029	313	7	1449	0.004830917874396135
CUFF_NC.10999	5	23023264	23023609	-	0	0	0		24	0	111	0.0	101	3	424	0.007075471698113208
CUFF_NC.11002	5	23062067	23062575	+	0	0	0		29	0	86	0.0	118	2	466	0.004291845493562232
CUFF_NC.11003	5	23063733	23064449	+	0	0	0		19	0	107	0.0	106	4	600	0.006666666666666667
CUFF_NC.11005	5	23074010	23074727	-	0	0	0		36	0	171	0.0	147	3	705	0.00425531914893617
CUFF_NC.11006	5	23076355	23076644	-	0	0	0		17	1	87	0.011494252873563218	75	1	329	0.00303951367781155
CUFF_NC.11009	5	23089001	23089596	-	0	0	0		15	0	180	0.0	93	0	585	0.0
CUFF_NC.11004	5	23095873	23098267	-	0	0	0		150	1	580	0.0017241379310344827	442	4	1467	0.0027266530334014998
CUFF_NC.11007	5	23135206	23136362	+	0	0	0		42	281	347	0.8097982708933718	127	213	714	0.29831932773109243
CUFF_NC.11019	5	23150225	23151367	-	0	0	0		68	2	325	0.006153846153846154	268	3	1165	0.002575107296137339
CUFF_NC.11020	5	23152040	23153377	-	0	0	0		66	1	404	0.0024752475247524753	314	3	1833	0.0016366612111292963
CUFF_NC.11018	5	23159471	23159975	+	0	0	0		43	1	204	0.004901960784313725	142	1	700	0.0014285714285714286
CUFF_NC.11014	5	23168133	23169483	-	0	0	0		71	1	639	0.001564945226917058	281	2	1685	0.0011869436201780415
CUFF_NC.11008	5	23176652	23177068	-	0	0	0		10	0	58	0.0	110	0	513	0.0
CUFF_NC.11010	5	23188940	23189534	-	0	0	0		25	1	161	0.006211180124223602	138	4	697	0.005738880918220947
CUFF_NC.11012	5	23192842	23194401	-	0	0	0		52	1	223	0.004484304932735426	312	5	1690	0.0029585798816568047
CUFF_NC.11013	5	23197026	23199302	+	0	0	0		109	1	956	0.0010460251046025104	459	4	3140	0.0012738853503184713
CUFF_NC.11023	5	23216917	23217200	-	0	0	0		20	0	55	0.0	84	1	321	0.003115264797507788
CUFF_NC.11024	5	23220311	23220791	-	0	0	0		44	0	281	0.0	126	1	611	0.0016366612111292963
CUFF_NC.11016	5	23228553	23229162	-	0	0	0		23	0	108	0.0	148	0	631	0.0
CUFF_NC.11017	5	23255641	23256474	+	0	0	0		37	3	246	0.012195121951219513	144	3	777	0.003861003861003861
CUFF_NC.11015	5	23262874	23263538	+	0	0	0		26	0	161	0.0	155	4	1046	0.0038240917782026767
CUFF_NC.11021	5	23276033	23276698	-	0	0	0		48	2	351	0.005698005698005698	174	0	817	0.0
CUFF_NC.11022	5	23295734	23296168	-	0	0	0		11	0	54	0.0	136	2	540	0.003703703703703704
CUFF_NC.11026	5	23307132	23309431	+	0	0	0		86	0	539	0.0	525	10	2750	0.0036363636363636364
CUFF_NC.11029	5	23310046	23310727	-	0	0	0		16	0	72	0.0	120	2	466	0.004291845493562232
CUFF_NC.11025	5	23313984	23314417	+	0	0	0		16	2	167	0.011976047904191617	96	4	529	0.007561436672967864
CUFF_NC.11031	5	23318621	23319510	+	0	0	0		58	0	297	0.0	242	3	1107	0.0027100271002710027
CUFF_NC.11028	5	23325181	23325899	-	0	0	0		53	1	310	0.0032258064516129032	154	0	667	0.0
CUFF_NC.11030	5	23342912	23343262	+	0	0	0		10	0	39	0.0	84	0	354	0.0
CUFF_NC.11027	5	23350371	23350980	+	0	0	0		18	0	65	0.0	98	3	343	0.008746355685131196
CUFF_NC.11035	5	23355282	23356710	-	0	0	0		107	0	650	0.0	261	5	1440	0.003472222222222222
CUFF_NC.11033	5	23357079	23358153	-	0	0	0		35	1	217	0.004608294930875576	234	2	1140	0.0017543859649122807
CUFF_NC.11032	5	23359259	23359672	-	0	0	0		18	0	66	0.0	110	1	477	0.0020964360587002098
CUFF_NC.11037	5	23361512	23362014	+	0	0	0		31	1	150	0.006666666666666667	134	4	498	0.008032128514056224
CUFF_NC.11038	5	23366017	23367063	+	0	0	0		41	0	197	0.0	162	1	857	0.0011668611435239206
CUFF_NC.11034	5	23367817	23368394	-	0	0	0		18	0	153	0.0	118	2	640	0.003125
CUFF_NC.11044	5	23376169	23376634	-	0	0	0		37	1	169	0.005917159763313609	110	3	490	0.006122448979591836
CUFF_NC.11040	5	23384862	23385975	-	0	0	0		84	1	355	0.0028169014084507044	237	1	800	0.00125
CUFF_NC.11041	5	23387287	23388278	-	0	0	0		71	3	603	0.004975124378109453	191	3	1085	0.0027649769585253456
CUFF_NC.11036	5	23394004	23394500	+	0	0	0		13	0	144	0.0	92	10	961	0.01040582726326743
CUFF_NC.11042	5	23405390	23406250	+	0	0	0		32	0	152	0.0	177	0	757	0.0
CUFF_NC.11039	5	23406978	23407688	+	0	0	0		15	0	87	0.0	143	1	551	0.0018148820326678765
CUFF_NC.11045	5	23412361	23413919	+	0	0	0		82	0	518	0.0	355	13	2226	0.005840071877807727
CUFF_NC.11043	5	23430406	23431334	+	0	0	0		47	0	273	0.0	190	2	804	0.0024875621890547263
CUFF_NC.11047	5	23432903	23433955	+	0	0	0		81	2	379	0.005277044854881266	272	3	1166	0.002572898799313894
CUFF_NC.11048	5	23435779	23436808	+	0	0	0		63	0	350	0.0	258	6	1071	0.0056022408963585435
CUFF_NC.11049	5	23449668	23450959	+	0	0	0		88	0	301	0.0	342	4	1096	0.0036496350364963502
CUFF_NC.11046	5	23451110	23451745	+	0	0	0		25	0	178	0.0	142	3	794	0.003778337531486146
CUFF_NC.11053	5	23488935	23489755	-	0	0	0		54	0	316	0.0	148	2	631	0.003169572107765452
CUFF_NC.11054	5	23489958	23490315	-	0	0	0		29	0	80	0.0	106	0	385	0.0
CUFF_NC.11051	5	23503310	23504185	+	0	0	0		76	0	330	0.0	232	2	872	0.0022935779816513763
CUFF_NC.11050	5	23505499	23506130	+	0	0	0		61	1	190	0.005263157894736842	175	4	537	0.0074487895716946
CUFF_NC.11052	5	23515162	23515835	-	0	0	0		44	0	225	0.0	138	4	797	0.005018820577164366
CUFF_NC.11063	5	23522992	23523495	+	0	0	0		33	1	111	0.009009009009009009	159	2	549	0.0036429872495446266
CUFF_NC.11064	5	23527100	23527420	-	0	0	0		29	2	191	0.010471204188481676	73	0	432	0.0
CUFF_NC.11055	5	23539016	23539852	-	0	0	0		40	0	485	0.0	196	6	1575	0.0038095238095238095
CUFF_NC.11070	5	23551633	23552237	-	0	0	0		20	0	290	0.0	97	0	922	0.0
CUFF_NC.11071	5	23552835	23553392	-	0	0	0		44	0	268	0.0	107	2	439	0.004555808656036446
CUFF_NC.11065	5	23571428	23572401	-	0	0	0		41	1	446	0.002242152466367713	173	3	1457	0.002059025394646534
CUFF_NC.11066	5	23582517	23585153	-	0	0	0		130	1	770	0.0012987012987012987	638	13	3496	0.0037185354691075517
CUFF_NC.11057	5	23595889	23596826	-	0	0	0		45	2	307	0.006514657980456026	171	1	642	0.001557632398753894
CUFF_NC.11056	5	23597974	23598674	+	0	0	0		28	0	153	0.0	136	2	764	0.002617801047120419
CUFF_NC.11058	5	23618124	23618626	-	0	0	0		13	0	32	0.0	145	1	425	0.002352941176470588
CUFF_NC.11059	5	23622210	23622587	+	0	0	0		35	0	106	0.0	74	0	168	0.0
CUFF_NC.11060	5	23636410	23637029	-	0	0	0		20	0	195	0.0	123	0	647	0.0
CUFF_NC.11062	5	23639689	23640314	+	0	0	0		36	0	168	0.0	127	0	479	0.0
CUFF_NC.11061	5	23642953	23644214	-	0	0	0		75	0	241	0.0	315	1	1062	0.0009416195856873823
CUFF_NC.11077	5	23648250	23648683	+	0	0	0		29	1	152	0.006578947368421052	75	1	426	0.002347417840375587
CUFF_NC.11067	5	23656029	23657052	-	0	0	0		64	0	417	0.0	279	3	1494	0.002008032128514056
CUFF_NC.11068	5	23660043	23661418	-	0	0	0		67	0	485	0.0	170	7	1073	0.0065237651444548
CUFF_NC.11069	5	23677503	23677923	+	0	0	0		21	0	196	0.0	95	2	746	0.002680965147453083
CUFF_NC.11072	5	23686140	23687950	+	0	0	0		106	2	694	0.002881844380403458	479	9	2766	0.0032537960954446853
CUFF_NC.11074	5	23700144	23700480	+	0	0	0		16	0	70	0.0	81	5	358	0.013966480446927373
CUFF_NC.11073	5	23703462	23703965	-	0	0	0		31	1	192	0.005208333333333333	142	4	733	0.005457025920873124
CUFF_NC.11078	5	23715383	23716727	+	0	0	0		65	2	350	0.005714285714285714	280	5	1372	0.0036443148688046646
CUFF_NC.11075	5	23722345	23723118	+	0	0	0		63	0	468	0.0	135	4	829	0.0048250904704463205
CUFF_NC.11076	5	23730529	23733098	+	0	0	0		168	5	1161	0.004306632213608958	625	10	3553	0.0028145229383619475
CUFF_NC.11080	5	23760072	23762456	-	0	0	0		185	5	947	0.005279831045406547	574	12	2563	0.0046820132657042525
CUFF_NC.11079	5	23774421	23775050	+	0	0	0		2	4	5	0.8	34	46	194	0.23711340206185566
CUFF_NC.11081	5	23790698	23791365	+	0	0	0		26	0	117	0.0	176	1	767	0.001303780964797914
CUFF_NC.11082	5	23794391	23796264	+	0	0	0		97	4	795	0.005031446540880503	406	4	1892	0.0021141649048625794
CUFF_NC.11090	5	23807035	23807663	-	0	0	0		55	0	334	0.0	147	1	444	0.0022522522522522522
CUFF_NC.11083	5	23833442	23834821	+	0	0	0		44	0	155	0.0	293	2	870	0.0022988505747126436
CUFF_NC.11084	5	23841612	23842833	+	0	0	0		77	3	749	0.004005340453938585	222	2	1497	0.0013360053440213762
CUFF_NC.11085	5	23848612	23849085	+	0	0	0		20	0	108	0.0	109	2	509	0.003929273084479371
CUFF_NC.11086	5	23863767	23865433	+	0	0	0		88	1	355	0.0028169014084507044	313	7	1216	0.005756578947368421
CUFF_NC.11088	5	23893793	23894252	+	0	0	0		8	0	37	0.0	86	1	445	0.0022471910112359553
CUFF_NC.11087	5	23903214	23903570	+	0	0	0		14	0	78	0.0	97	0	493	0.0
CUFF_NC.11091	5	23928934	23931731	-	0	0	0		110	0	511	0.0	654	3	2794	0.0010737294201861132
CUFF_NC.11089	5	23938139	23938547	+	0	0	0		30	0	202	0.0	91	1	537	0.00186219739292365
CUFF_NC.11092	5	23941143	23942076	-	0	0	0		40	0	273	0.0	268	6	1527	0.003929273084479371
CUFF_NC.11095	5	23952003	23952778	-	0	0	0		64	1	249	0.004016064257028112	156	2	813	0.0024600246002460025
CUFF_NC.11097	5	23960456	23960866	+	0	0	0		22	1	125	0.008	101	1	454	0.0022026431718061676
CUFF_NC.11093	5	23964862	23965503	-	0	0	0		11	1	163	0.006134969325153374	143	1	772	0.0012953367875647669
CUFF_NC.11098	5	23966112	23967239	-	0	0	0		43	0	368	0.0	224	2	1134	0.001763668430335097
CUFF_NC.11096	5	23976223	23976585	-	0	0	0		19	0	102	0.0	101	0	432	0.0
CUFF_NC.11094	5	23989903	23990582	-	0	0	0		22	1	186	0.005376344086021506	117	2	534	0.003745318352059925
CUFF_NC.11099	5	23994129	23997653	+	0	0	0		157	3	741	0.004048582995951417	716	10	3200	0.003125
CUFF_NC.11114	5	24036968	24043243	-	0	0	0		48	0	174	0.0	181	1	528	0.001893939393939394
CUFF_NC.11115	5	24038532	24044627	-	0	0	0		56	0	197	0.0	240	2	713	0.002805049088359046
CUFF_NC.11116	5	24038918	24045067	-	0	0	0		55	0	196	0.0	237	2	710	0.0028169014084507044
CUFF_NC.11117	5	24039141	24045496	-	0	0	0		50	0	189	0.0	198	2	657	0.0030441400304414
CUFF_NC.11100	5	24051587	24051994	-	0	0	0		21	0	78	0.0	95	2	241	0.008298755186721992
CUFF_NC.11106	5	24062302	24063366	-	0	0	0		44	0	410	0.0	228	5	1592	0.00314070351758794
CUFF_NC.11102	5	24063949	24066215	+	0	0	0		178	0	871	0.0	478	4	1970	0.0020304568527918783
CUFF_NC.11104	5	24082424	24085932	+	0	0	0		144	3	928	0.003232758620689655	799	15	4357	0.003442735827404177
CUFF_NC.11105	5	24084606	24084961	+	0	0	0		23	0	149	0.0	87	3	492	0.006097560975609756
CUFF_NC.11101	5	24088579	24089516	-	0	0	0		25	0	99	0.0	184	4	889	0.0044994375703037125
CUFF_NC.11103	5	24090997	24092248	-	0	0	0		107	2	705	0.0028368794326241137	297	4	2043	0.0019579050416054823
CUFF_NC.11107	5	24132046	24132751	-	0	0	0		30	0	144	0.0	161	3	845	0.0035502958579881655
CUFF_NC.11108	5	24146235	24146712	+	0	0	0		22	0	77	0.0	112	1	279	0.0035842293906810036
CUFF_NC.11112	5	24171875	24172996	+	0	0	0		42	4	623	0.006420545746388443	166	5	1294	0.0038639876352395673
CUFF_NC.11109	5	24188680	24189859	+	0	0	0		48	5	519	0.009633911368015413	197	1	1646	0.0006075334143377885
CUFF_NC.11110	5	24201982	24202847	-	0	0	0		8	0	20	0.0	60	0	88	0.0
CUFF_NC.11111	5	24214462	24215011	+	0	0	0		25	1	220	0.004545454545454545	141	1	561	0.0017825311942959
CUFF_NC.11113	5	24220927	24221438	-	0	0	0		41	1	214	0.004672897196261682	121	2	654	0.0030581039755351682
CUFF_NC.11127	5	24260041	24262626	-	0	0	0		212	2	972	0.00205761316872428	703	11	3175	0.0034645669291338585
CUFF_NC.11120	5	24282571	24283483	-	0	0	0		44	1	339	0.0029498525073746312	217	0	1282	0.0
CUFF_NC.11122	5	24289220	24290807	-	0	0	0		103	1	384	0.0026041666666666665	471	3	1625	0.0018461538461538461
CUFF_NC.11123	5	24289916	24290181	-	0	0	0		21	0	75	0.0	103	3	424	0.007075471698113208
CUFF_NC.11121	5	24291158	24292184	+	0	0	0		57	4	509	0.007858546168958742	239	4	1540	0.0025974025974025974
CUFF_NC.11118	5	24292934	24293646	-	0	0	0		27	1	187	0.0053475935828877	189	1	1121	0.0008920606601248885
CUFF_NC.11133	5	24300074	24300787	-	0	0	0		70	1	427	0.00234192037470726	190	2	1056	0.001893939393939394
CUFF_NC.11135	5	24302142	24303168	-	0	0	0		46	3	484	0.006198347107438017	251	6	1764	0.003401360544217687
CUFF_NC.11125	5	24317121	24318590	+	0	0	0		52	0	148	0.0	166	1	452	0.0022123893805309734
CUFF_NC.11126	5	24321505	24322956	-	0	0	0		44	0	197	0.0	348	4	1536	0.0026041666666666665
CUFF_NC.11124	5	24323348	24324169	-	0	0	0		62	1	363	0.0027548209366391185	180	3	1065	0.0028169014084507044
CUFF_NC.11128	5	24334535	24334941	+	0	0	0		33	0	167	0.0	119	0	532	0.0
CUFF_NC.11129	5	24335044	24335835	+	0	0	0		33	0	394	0.0	163	3	1284	0.002336448598130841
CUFF_NC.11130	5	24338254	24338847	+	0	0	0		36	0	156	0.0	137	3	557	0.005385996409335727
CUFF_NC.11132	5	24348798	24350023	-	0	0	0		50	1	311	0.003215434083601286	266	2	1235	0.0016194331983805667
CUFF_NC.11134	5	24360148	24363426	-	0	0	0		234	9	1473	0.006109979633401222	840	11	4960	0.002217741935483871
CUFF_NC.11131	5	24373536	24374018	+	0	0	0		28	1	112	0.008928571428571428	73	1	265	0.0037735849056603774
CUFF_NC.11138	5	24375873	24376433	+	0	0	0		32	0	91	0.0	99	0	282	0.0
CUFF_NC.11136	5	24381045	24381582	+	0	0	0		26	0	173	0.0	86	1	625	0.0016
CUFF_NC.11139	5	24385980	24386949	-	0	0	0		62	0	374	0.0	205	1	981	0.0010193679918450561
CUFF_NC.11140	5	24411118	24411757	+	0	0	0		61	1	227	0.004405286343612335	131	3	377	0.007957559681697613
CUFF_NC.11141	5	24414441	24415095	+	0	0	0		16	0	93	0.0	174	4	783	0.005108556832694764
CUFF_NC.11137	5	24415836	24416271	+	0	0	0		9	0	63	0.0	111	0	530	0.0
CUFF_NC.11142	5	24418576	24419049	+	0	0	0		30	0	99	0.0	109	2	474	0.004219409282700422
CUFF_NC.11143	5	24438095	24438700	-	0	0	0		20	0	98	0.0	94	1	401	0.0024937655860349127
CUFF_NC.11144	5	24440680	24441877	-	0	0	0		109	1	532	0.0018796992481203006	311	3	1354	0.0022156573116691287
CUFF_NC.11146	5	24469889	24470787	-	0	0	0		28	1	401	0.0024937655860349127	88	1	1022	0.0009784735812133072
CUFF_NC.11145	5	24472425	24472874	-	0	0	0		20	0	197	0.0	95	5	680	0.007352941176470588
CUFF_NC.11147	5	24480883	24481706	-	0	0	0		55	0	135	0.0	150	3	380	0.007894736842105263
CUFF_NC.11150	5	24487079	24487801	+	0	0	0		48	0	190	0.0	196	0	737	0.0
CUFF_NC.11148	5	24501056	24501617	+	0	0	0		52	4	422	0.009478672985781991	133	5	889	0.00562429696287964
CUFF_NC.11151	5	24515354	24517565	+	0	0	0		166	2	1000	0.002	563	6	2682	0.0022371364653243847
CUFF_NC.11149	5	24528302	24529321	+	0	0	0		39	2	473	0.004228329809725159	168	2	1492	0.0013404825737265416
CUFF_NC.11153	5	24549657	24550239	+	0	0	0		36	1	293	0.0034129692832764505	130	2	843	0.002372479240806643
CUFF_NC.11155	5	24571304	24571864	+	0	0	0		24	0	195	0.0	108	2	816	0.0024509803921568627
CUFF_NC.11158	5	24604460	24605378	+	0	0	0		53	0	304	0.0	252	3	1321	0.002271006813020439
CUFF_NC.11154	5	24608631	24610095	-	0	0	0		99	1	461	0.0021691973969631237	361	2	1580	0.0012658227848101266
CUFF_NC.11170	5	24619002	24619876	-	0	0	0		59	1	643	0.0015552099533437014	211	5	1587	0.00315059861373661
CUFF_NC.11156	5	24637049	24637748	-	0	0	0		44	1	483	0.002070393374741201	154	2	1047	0.0019102196752626551
CUFF_NC.11160	5	24651046	24651826	+	0	0	0		59	0	358	0.0	205	4	1217	0.003286770747740345
CUFF_NC.11161	5	24652124	24653339	+	0	0	0		80	1	589	0.001697792869269949	280	3	1595	0.0018808777429467085
CUFF_NC.11157	5	24661676	24663279	+	0	0	0		51	1	637	0.0015698587127158557	251	5	2046	0.0024437927663734115
CUFF_NC.11168	5	24677503	24678257	-	0	0	0		47	4	432	0.009259259259259259	170	6	883	0.006795016987542469
CUFF_NC.11159	5	24686705	24687273	+	0	0	0		16	0	100	0.0	106	1	465	0.002150537634408602
CUFF_NC.11162	5	24707298	24707816	-	0	0	0		16	0	148	0.0	131	1	1060	0.0009433962264150943
CUFF_NC.11163	5	24708345	24708759	-	0	0	0		26	0	155	0.0	88	1	418	0.0023923444976076554
CUFF_NC.11164	5	24724487	24728290	+	0	0	0		220	5	1380	0.0036231884057971015	808	9	4326	0.0020804438280166435
CUFF_NC.11167	5	24736587	24737611	+	0	0	0		46	1	223	0.004484304932735426	219	3	987	0.00303951367781155
CUFF_NC.11171	5	24742838	24743218	-	0	0	0		29	1	232	0.004310344827586207	87	0	695	0.0
CUFF_NC.11172	5	24746114	24746658	-	0	0	0		28	0	105	0.0	127	2	498	0.004016064257028112
CUFF_NC.11169	5	24755419	24756188	-	0	0	0		45	1	260	0.0038461538461538464	159	2	756	0.0026455026455026454
CUFF_NC.11165	5	24758391	24759137	-	0	0	0		37	1	334	0.0029940119760479044	167	5	1539	0.003248862897985705
CUFF_NC.11166	5	24766529	24767808	+	0	0	0		46	1	299	0.0033444816053511705	239	3	1232	0.002435064935064935
CUFF_NC.11173	5	24768316	24768677	+	0	0	0		9	0	63	0.0	75	2	415	0.004819277108433735
CUFF_NC.11174	5	24770128	24771128	-	0	0	0		68	2	429	0.004662004662004662	278	1	1352	0.0007396449704142012
CUFF_NC.11178	5	24789360	24790206	+	0	0	0		50	1	333	0.003003003003003003	182	1	1176	0.0008503401360544217
CUFF_NC.11179	5	24795498	24795967	-	0	0	0		24	0	76	0.0	115	2	312	0.00641025641025641
CUFF_NC.11181	5	24801515	24802608	-	0	0	0		55	1	229	0.004366812227074236	291	1	951	0.0010515247108307045
CUFF_NC.11182	5	24802025	24803143	-	0	0	0		44	0	160	0.0	231	1	577	0.0017331022530329288
CUFF_NC.11180	5	24803500	24804358	+	0	0	0		58	2	320	0.00625	206	1	1086	0.0009208103130755065
CUFF_NC.11183	5	24817363	24817792	-	0	0	0		4	0	24	0.0	47	0	115	0.0
CUFF_NC.11176	5	24828144	24829025	+	0	0	0		53	0	231	0.0	224	6	759	0.007905138339920948
CUFF_NC.11185	5	24830059	24831699	+	0	0	0		92	1	694	0.001440922190201729	386	9	2436	0.003694581280788177
CUFF_NC.11184	5	24846482	24846950	-	0	0	0		35	0	124	0.0	100	1	358	0.002793296089385475
CUFF_NC.11191	5	24875594	24876021	-	0	0	0		27	1	113	0.008849557522123894	113	4	469	0.008528784648187633
CUFF_NC.11192	5	24878700	24879275	+	0	0	0		33	1	142	0.007042253521126761	145	2	575	0.0034782608695652175
CUFF_NC.11193	5	24883405	24884851	+	0	0	0		51	1	297	0.003367003367003367	241	2	1053	0.001899335232668566
CUFF_NC.11187	5	24892429	24892985	-	0	0	0		45	1	230	0.004347826086956522	101	1	426	0.002347417840375587
CUFF_NC.11189	5	24900117	24900600	+	0	0	0		33	0	169	0.0	114	0	513	0.0
CUFF_NC.11186	5	24908683	24909194	+	0	0	0		33	283	404	0.7004950495049505	107	314	703	0.4466571834992888
CUFF_NC.11188	5	24915353	24917383	-	0	0	0		100	3	747	0.004016064257028112	415	9	2624	0.003429878048780488
CUFF_NC.11190	5	24934053	24934607	+	0	0	0		25	2	134	0.014925373134328358	149	4	594	0.006734006734006734
CUFF_NC.11194	5	24934771	24935863	+	0	0	0		82	3	460	0.006521739130434782	246	3	1080	0.002777777777777778
CUFF_NC.11195	5	24936831	24937256	+	0	0	0		24	1	136	0.007352941176470588	99	0	511	0.0
CUFF_NC.11198	5	24952509	24953303	+	0	0	0		49	0	349	0.0	168	0	980	0.0
CUFF_NC.11197	5	24954329	24955497	+	0	0	0		44	0	267	0.0	189	0	1075	0.0
CUFF_NC.11196	5	24962797	24963270	+	0	0	0		28	0	176	0.0	112	3	649	0.004622496147919877
CUFF_NC.11202	5	24973202	24975847	+	0	0	0		151	3	1202	0.0024958402662229617	627	7	3747	0.0018681611956231651
CUFF_NC.11199	5	24978813	24980180	+	0	0	0		90	0	428	0.0	283	1	1047	0.0009551098376313276
CUFF_NC.11200	5	24986410	24987106	+	0	0	0		42	0	111	0.0	156	1	411	0.0024330900243309003
CUFF_NC.11201	5	24988354	24990355	+	0	0	0		106	0	707	0.0	316	3	1612	0.0018610421836228288
CUFF_NC.11205	5	25000713	25001089	-	0	0	0		20	0	236	0.0	97	2	899	0.002224694104560623
CUFF_NC.11203	5	25008981	25010003	-	0	0	0		81	0	370	0.0	261	1	865	0.0011560693641618498
CUFF_NC.11204	5	25013575	25014106	-	0	0	0		31	0	191	0.0	143	3	834	0.0035971223021582736
CUFF_NC.11206	5	25017500	25018118	-	0	0	0		18	0	187	0.0	123	1	867	0.0011534025374855825
CUFF_NC.11208	5	25033620	25034209	-	0	0	0		54	1	287	0.003484320557491289	124	2	561	0.0035650623885918
CUFF_NC.11207	5	25034865	25035574	+	0	0	0		22	0	275	0.0	156	2	1172	0.0017064846416382253
CUFF_NC.11210	5	25037194	25038207	-	0	0	0		45	1	296	0.0033783783783783786	189	1	798	0.0012531328320802004
CUFF_NC.11209	5	25040563	25041415	-	0	0	0		22	0	119	0.0	194	2	961	0.002081165452653486
CUFF_NC.11213	5	25053161	25054919	+	0	0	0		53	1	573	0.0017452006980802793	372	4	2210	0.0018099547511312218
CUFF_NC.11211	5	25066605	25067399	-	0	0	0		41	0	190	0.0	182	4	811	0.004932182490752158
CUFF_NC.11214	5	25069099	25071073	+	0	0	0		81	3	593	0.00505902192242833	416	5	2258	0.0022143489813994687
CUFF_NC.11212	5	25071465	25073129	+	0	0	0		77	1	380	0.002631578947368421	321	6	1330	0.004511278195488722
CUFF_NC.11216	5	25076063	25077278	-	0	0	0		78	0	394	0.0	243	4	1313	0.0030464584920030465
CUFF_NC.11215	5	25079170	25080379	+	0	0	0		47	2	291	0.006872852233676976	307	3	1286	0.0023328149300155523
CUFF_NC.11217	5	25092696	25093606	-	0	0	0		35	2	249	0.008032128514056224	222	3	1159	0.0025884383088869713
CUFF_NC.11218	5	25094719	25095155	-	0	0	0		29	1	219	0.0045662100456621	120	1	808	0.0012376237623762376
CUFF_NC.11222	5	25100305	25100842	+	0	0	0		33	1	235	0.00425531914893617	144	3	918	0.0032679738562091504
CUFF_NC.11219	5	25109711	25111744	-	0	0	0		129	2	597	0.0033500837520938024	378	2	1535	0.0013029315960912053
CUFF_NC.11220	5	25119708	25121351	-	0	0	0		122	1	570	0.0017543859649122807	367	4	1395	0.002867383512544803
CUFF_NC.11229	5	25133811	25134971	+	0	0	0		62	3	528	0.005681818181818182	204	5	1337	0.0037397157816005983
CUFF_NC.11221	5	25149377	25150434	+	0	0	0		77	2	433	0.004618937644341801	275	3	1269	0.002364066193853428
CUFF_NC.11226	5	25161416	25161919	-	0	0	0		36	0	158	0.0	116	1	498	0.002008032128514056
CUFF_NC.11224	5	25181393	25186603	-	0	0	0		330	3	1274	0.002354788069073783	1116	7	4130	0.001694915254237288
CUFF_NC.11223	5	25190026	25190346	-	0	0	0		26	0	97	0.0	77	0	261	0.0
CUFF_NC.11225	5	25191729	25192961	-	0	0	0		44	0	161	0.0	142	2	474	0.004219409282700422
CUFF_NC.11230	5	25208597	25209879	+	0	0	0		58	0	368	0.0	224	2	953	0.002098635886673662
CUFF_NC.11227	5	25210318	25211486	-	0	0	0		88	2	543	0.003683241252302026	226	5	957	0.00522466039707419
CUFF_NC.11231	5	25216811	25217355	+	0	0	0		18	2	156	0.01282051282051282	48	2	333	0.006006006006006006
CUFF_NC.11228	5	25226542	25227501	+	0	0	0		47	0	238	0.0	222	4	1117	0.0035810205908683975
CUFF_NC.11233	5	25231052	25231580	+	0	0	0		32	0	135	0.0	133	0	524	0.0
CUFF_NC.11232	5	25233839	25234688	-	0	0	0		52	1	106	0.009433962264150943	150	1	313	0.003194888178913738
CUFF_NC.11236	5	25239100	25240235	-	0	0	0		63	0	459	0.0	253	1	1634	0.0006119951040391676
CUFF_NC.11234	5	25246808	25247284	-	0	0	0		19	0	70	0.0	133	2	482	0.004149377593360996
CUFF_NC.11237	5	25266210	25267601	-	0	0	0		56	0	333	0.0	316	7	1715	0.004081632653061225
CUFF_NC.11235	5	25291051	25291525	-	0	0	0		5	0	9	0.0	32	0	50	0.0
CUFF_NC.11240	5	25308616	25309409	+	0	0	0		45	0	165	0.0	213	4	711	0.005625879043600563
CUFF_NC.11238	5	25311278	25311783	+	0	0	0		24	1	191	0.005235602094240838	123	1	780	0.001282051282051282
CUFF_NC.11241	5	25313325	25315828	+	0	0	0		112	2	726	0.0027548209366391185	551	6	2274	0.002638522427440633
CUFF_NC.11242	5	25314565	25315441	+	0	0	0		48	1	387	0.002583979328165375	223	2	1196	0.0016722408026755853
CUFF_NC.11243	5	25322817	25324126	-	0	0	0		71	4	460	0.008695652173913044	232	8	1556	0.005141388174807198
CUFF_NC.11239	5	25327358	25327807	+	0	0	0		7	0	25	0.0	107	3	470	0.006382978723404255
CUFF_NC.11246	5	25333838	25334693	+	0	0	0		60	1	265	0.0037735849056603774	203	0	729	0.0
CUFF_NC.11247	5	25335048	25335615	+	0	0	0		28	1	186	0.005376344086021506	74	0	377	0.0
CUFF_NC.11244	5	25342070	25342699	+	0	0	0		26	0	101	0.0	117	0	507	0.0
CUFF_NC.11248	5	25346728	25348689	-	0	0	0		173	2	1135	0.001762114537444934	514	6	2856	0.0021008403361344537
CUFF_NC.11261	5	25375936	25376601	+	0	0	0		40	1	318	0.0031446540880503146	184	3	1048	0.0028625954198473282
CUFF_NC.11245	5	25380174	25381334	+	0	0	0		72	0	342	0.0	223	1	908	0.0011013215859030838
CUFF_NC.11256	5	25385074	25386782	+	0	0	0		120	5	954	0.005241090146750524	367	8	2142	0.003734827264239029
CUFF_NC.11252	5	25388936	25390161	+	0	0	0		89	0	455	0.0	231	2	1090	0.001834862385321101
CUFF_NC.11253	5	25392279	25392715	+	0	0	0		16	1	187	0.0053475935828877	64	1	320	0.003125
CUFF_NC.11251	5	25405129	25405983	-	0	0	0		73	3	586	0.005119453924914676	225	1	1331	0.0007513148009015778
CUFF_NC.11249	5	25409273	25410698	+	0	0	0		79	1	337	0.002967359050445104	305	0	1188	0.0
CUFF_NC.11250	5	25423193	25423839	-	0	0	0		35	0	216	0.0	100	4	694	0.005763688760806916
CUFF_NC.11258	5	25426161	25429318	+	0	0	0		214	3	1236	0.0024271844660194173	771	19	4134	0.004596032897919691
CUFF_NC.11254	5	25433385	25435812	-	0	0	0		104	2	747	0.002677376171352075	464	10	2434	0.004108463434675432
CUFF_NC.11255	5	25441075	25441609	+	0	0	0		45	1	255	0.00392156862745098	140	1	795	0.0012578616352201257
CUFF_NC.11259	5	25466217	25466864	+	0	0	0		41	3	182	0.016483516483516484	136	5	572	0.008741258741258742
CUFF_NC.11260	5	25471496	25472296	+	0	0	0		33	0	99	0.0	120	3	410	0.007317073170731708
CUFF_NC.11263	5	25501646	25501925	-	0	0	0		12	0	43	0.0	82	3	307	0.009771986970684038
CUFF_NC.11262	5	25513773	25514790	+	0	0	0		61	1	272	0.003676470588235294	245	3	1201	0.002497918401332223
CUFF_NC.11265	5	25515560	25517752	+	0	0	0		148	2	793	0.0025220680958385876	579	3	2713	0.0011057869517139699
CUFF_NC.11272	5	25523182	25524016	-	0	0	0		30	0	137	0.0	179	6	847	0.0070838252656434475
CUFF_NC.11273	5	25524538	25525739	-	0	0	0		81	3	416	0.007211538461538462	287	1	1412	0.000708215297450425
CUFF_NC.11271	5	25526973	25528484	+	0	0	0		115	1	571	0.0017513134851138354	336	4	1513	0.0026437541308658294
CUFF_NC.11269	5	25530082	25530809	-	0	0	0		26	3	135	0.022222222222222223	172	3	802	0.003740648379052369
CUFF_NC.11270	5	25535298	25536317	-	0	0	0		40	1	215	0.004651162790697674	237	6	1304	0.004601226993865031
CUFF_NC.11268	5	25540143	25541355	-	0	0	0		54	0	320	0.0	190	3	1192	0.0025167785234899327
CUFF_NC.11266	5	25547757	25549082	-	0	0	0		96	2	498	0.004016064257028112	387	8	1765	0.004532577903682719
CUFF_NC.11264	5	25560142	25560813	-	0	0	0		17	0	86	0.0	133	1	459	0.002178649237472767
CUFF_NC.11267	5	25561986	25562528	+	0	0	0		35	0	162	0.0	143	1	652	0.0015337423312883436
CUFF_NC.11274	5	25588084	25588531	-	0	0	0		15	0	77	0.0	43	0	175	0.0
CUFF_NC.11281	5	25619491	25619996	+	0	0	0		24	1	129	0.007751937984496124	103	2	529	0.003780718336483932
CUFF_NC.11276	5	25624999	25626044	-	0	0	0		81	3	876	0.003424657534246575	262	10	2515	0.003976143141153081
CUFF_NC.11275	5	25629855	25631197	+	0	0	0		102	3	579	0.0051813471502590676	370	17	2020	0.008415841584158416
CUFF_NC.11277	5	25654452	25655110	+	0	0	0		43	0	128	0.0	165	2	475	0.004210526315789474
CUFF_NC.11282	5	25671570	25672379	-	0	0	0		40	1	206	0.0048543689320388345	216	4	1042	0.003838771593090211
CUFF_NC.11280	5	25677922	25678359	-	0	0	0		21	0	101	0.0	112	1	540	0.001851851851851852
CUFF_NC.11278	5	25692481	25693386	-	0	0	0		58	0	276	0.0	163	2	666	0.003003003003003003
CUFF_NC.11279	5	25693653	25694744	-	0	0	0		37	3	220	0.013636363636363636	181	9	940	0.009574468085106383
CUFF_NC.11283	5	25704032	25704481	-	0	0	0		39	0	189	0.0	97	2	477	0.0041928721174004195
CUFF_NC.11285	5	25730615	25731487	+	0	0	0		56	3	277	0.010830324909747292	225	2	836	0.0023923444976076554
CUFF_NC.11284	5	25736275	25737642	+	0	0	0		80	1	437	0.002288329519450801	350	3	1693	0.0017720023626698169
CUFF_NC.11294	5	25741837	25743311	-	0	0	0		86	1	438	0.00228310502283105	342	5	1759	0.0028425241614553724
CUFF_NC.11296	5	25743427	25744109	-	0	0	0		49	0	305	0.0	108	1	638	0.001567398119122257
CUFF_NC.11295	5	25754501	25755194	+	0	0	0		40	0	230	0.0	130	3	787	0.0038119440914866584
CUFF_NC.11302	5	25765610	25766058	-	0	0	0		13	0	87	0.0	48	0	134	0.0
CUFF_NC.11303	5	25768958	25769545	-	0	0	0		42	2	201	0.009950248756218905	163	0	659	0.0
CUFF_NC.11304	5	25770098	25771447	-	0	0	0		45	23	267	0.08614232209737828	243	84	1227	0.06845965770171149
CUFF_NC.11286	5	25785696	25786106	-	0	0	0		20	0	90	0.0	128	0	505	0.0
CUFF_NC.11297	5	25786691	25787480	-	0	0	0		29	1	140	0.007142857142857143	140	2	585	0.003418803418803419
CUFF_NC.11287	5	25794375	25794789	-	0	0	0		12	0	71	0.0	93	1	322	0.003105590062111801
CUFF_NC.11289	5	25797408	25797911	-	0	0	0		14	1	115	0.008695652173913044	129	0	662	0.0
CUFF_NC.11288	5	25801754	25802511	+	0	0	0		51	1	280	0.0035714285714285713	169	4	838	0.00477326968973747
CUFF_NC.11290	5	25810092	25813734	+	0	0	0		224	2	1132	0.0017667844522968198	732	21	3298	0.006367495451788963
CUFF_NC.11292	5	25817426	25818888	+	0	0	0		100	0	664	0.0	363	6	2306	0.0026019080659150044
CUFF_NC.11291	5	25831599	25832639	-	0	0	0		46	1	237	0.004219409282700422	205	2	761	0.002628120893561104
CUFF_NC.11293	5	25842447	25843247	+	0	0	0		69	0	316	0.0	130	1	463	0.0021598272138228943
CUFF_NC.11298	5	25850617	25851115	-	0	0	0		17	0	175	0.0	98	22	619	0.035541195476575124
CUFF_NC.11306	5	25856510	25858070	+	0	0	0		8	10	15	0.6666666666666666	45	65	214	0.3037383177570093
CUFF_NC.11305	5	25858809	25859841	-	0	0	0		41	0	154	0.0	160	0	518	0.0
CUFF_NC.11300	5	25871134	25871774	-	0	0	0		29	1	236	0.00423728813559322	143	2	870	0.0022988505747126436
CUFF_NC.11301	5	25883707	25886657	-	0	0	0		142	3	970	0.003092783505154639	719	15	4709	0.003185389679337439
CUFF_NC.11299	5	25890357	25890867	-	0	0	0		35	0	250	0.0	114	2	730	0.0027397260273972603
CUFF_NC.11307	5	25900765	25901196	+	0	0	0		25	0	158	0.0	100	0	499	0.0
CUFF_NC.11311	5	25918864	25919802	+	0	0	0		63	2	486	0.00411522633744856	242	3	1118	0.0026833631484794273
CUFF_NC.11308	5	25929596	25931440	+	0	0	0		124	3	609	0.0049261083743842365	447	3	1926	0.001557632398753894
CUFF_NC.11310	5	25931957	25933113	-	0	0	0		57	3	584	0.005136986301369863	214	5	1514	0.0033025099075297227
CUFF_NC.11309	5	25936981	25938127	-	0	0	0		46	2	295	0.006779661016949152	214	2	1209	0.0016542597187758478
CUFF_NC.11313	5	25953836	25954943	-	0	0	0		64	1	462	0.0021645021645021645	287	2	1586	0.0012610340479192938
CUFF_NC.11312	5	25964023	25964433	+	0	0	0		25	0	114	0.0	91	1	429	0.002331002331002331
CUFF_NC.11345	5	25982038	25987789	-	0	0	0		259	0	1397	0.0	1304	27	6700	0.004029850746268657
CUFF_NC.11346	5	25984966	25991481	-	0	0	0		311	3	1743	0.0017211703958691911	1500	38	8659	0.0043884975170343
CUFF_NC.11317	5	25994353	25996222	-	0	0	0		104	0	515	0.0	476	7	2104	0.003326996197718631
CUFF_NC.11316	5	26001744	26002610	-	0	0	0		39	1	191	0.005235602094240838	188	10	869	0.011507479861910242
CUFF_NC.11315	5	26007007	26007590	+	0	0	0		30	0	149	0.0	168	7	951	0.007360672975814932
CUFF_NC.11314	5	26007690	26008220	+	0	0	0		42	0	156	0.0	128	0	361	0.0
CUFF_NC.11318	5	26017330	26018315	-	0	0	0		63	0	301	0.0	210	1	940	0.0010638297872340426
CUFF_NC.11319	5	26030171	26030759	-	0	0	0		37	0	104	0.0	138	0	402	0.0
CUFF_NC.11321	5	26032700	26033998	+	0	0	0		73	0	370	0.0	292	5	1439	0.0034746351633078527
CUFF_NC.11320	5	26034357	26035209	+	0	0	0		43	1	276	0.0036231884057971015	200	5	1137	0.0043975373790677225
CUFF_NC.11324	5	26049021	26049664	+	0	0	0		23	0	100	0.0	114	0	406	0.0
CUFF_NC.11325	5	26052149	26054139	+	0	0	0		84	4	547	0.007312614259597806	434	7	2309	0.0030316154179298397
CUFF_NC.11322	5	26071647	26072034	-	0	0	0		1	0	1	0.0	26	5	43	0.11627906976744186
CUFF_NC.11323	5	26072597	26073132	-	0	0	0		5	3	5	0.6	42	21	90	0.23333333333333334
CUFF_NC.11329	5	26073689	26074721	+	0	0	0		38	0	188	0.0	155	0	686	0.0
CUFF_NC.11327	5	26083190	26083814	-	0	0	0		48	0	273	0.0	114	0	585	0.0
CUFF_NC.11328	5	26087480	26088253	+	0	0	0		30	0	60	0.0	92	0	203	0.0
CUFF_NC.11326	5	26095339	26095944	+	0	0	0		29	1	133	0.007518796992481203	164	2	615	0.0032520325203252032
CUFF_NC.11334	5	26102084	26102973	+	0	0	0		49	1	291	0.003436426116838488	180	1	815	0.001226993865030675
CUFF_NC.11330	5	26107566	26108885	+	0	0	0		43	0	224	0.0	344	8	1434	0.005578800557880056
CUFF_NC.11332	5	26115386	26118466	-	0	0	0		58	6	318	0.018867924528301886	638	64	2990	0.02140468227424749
CUFF_NC.11331	5	26120074	26120605	+	0	0	0		51	0	166	0.0	143	1	583	0.0017152658662092624
CUFF_NC.11333	5	26128867	26129450	+	0	0	0		22	0	99	0.0	92	2	455	0.004395604395604396
CUFF_NC.11339	5	26131458	26131981	-	0	0	0		34	0	180	0.0	131	0	558	0.0
CUFF_NC.11336	5	26136062	26137043	-	0	0	0		41	3	110	0.02727272727272727	230	19	694	0.027377521613832854
CUFF_NC.11335	5	26138389	26138814	-	0	0	0		15	0	51	0.0	117	1	482	0.002074688796680498
CUFF_NC.11337	5	26145606	26147777	-	0	0	0		81	2	553	0.003616636528028933	369	7	2103	0.0033285782215882074
CUFF_NC.11338	5	26146517	26146969	+	0	0	0		11	0	28	0.0	69	0	144	0.0
CUFF_NC.11340	5	26151156	26151825	-	0	0	0		31	0	282	0.0	152	2	1041	0.0019212295869356388
CUFF_NC.11343	5	26188663	26189579	-	0	0	0		62	0	326	0.0	240	2	1460	0.0013698630136986301
CUFF_NC.11342	5	26193195	26193661	+	0	0	0		17	1	179	0.00558659217877095	109	3	1015	0.002955665024630542
CUFF_NC.11347	5	26226750	26227163	+	0	0	0		21	0	76	0.0	91	2	397	0.005037783375314861
CUFF_NC.11341	5	26233105	26233518	+	0	0	0		1	1	1	1.0	40	31	78	0.3974358974358974
CUFF_NC.11344	5	26237036	26237810	-	0	0	0		39	0	184	0.0	197	2	917	0.0021810250817884407
CUFF_NC.11348	5	26245296	26246564	+	0	0	0		61	2	365	0.005479452054794521	268	3	1401	0.0021413276231263384
CUFF_NC.11350	5	26254424	26255005	-	0	0	0		56	0	278	0.0	185	3	822	0.0036496350364963502
CUFF_NC.11376	5	26273312	26273763	+	0	0	0		14	1	108	0.009259259259259259	127	1	733	0.001364256480218281
CUFF_NC.11351	5	26281737	26283446	-	0	0	0		149	3	718	0.004178272980501393	358	6	1858	0.0032292787944025836
CUFF_NC.11353	5	26284669	26285195	-	0	0	0		43	1	170	0.0058823529411764705	114	1	454	0.0022026431718061676
CUFF_NC.11349	5	26288999	26289916	+	0	0	0		32	8	204	0.0392156862745098	220	71	1201	0.059117402164862616
CUFF_NC.11355	5	26291847	26294750	-	0	0	0		211	5	1062	0.004708097928436911	629	9	3305	0.0027231467473524964
CUFF_NC.11354	5	26296285	26298016	-	0	0	0		88	0	661	0.0	341	4	1735	0.0023054755043227667
CUFF_NC.11352	5	26299588	26300207	-	0	0	0		24	0	112	0.0	182	1	659	0.0015174506828528073
CUFF_NC.11357	5	26336869	26337779	+	0	0	0		47	2	258	0.007751937984496124	239	2	1187	0.0016849199663016006
CUFF_NC.11358	5	26342224	26343636	+	0	0	0		63	1	517	0.0019342359767891683	265	2	1456	0.0013736263736263737
CUFF_NC.11356	5	26346301	26347403	-	0	0	0		74	0	400	0.0	231	5	1123	0.004452359750667854
CUFF_NC.11359	5	26356890	26357845	-	0	0	0		39	0	197	0.0	171	4	821	0.0048721071863581
CUFF_NC.11364	5	26369511	26369800	-	0	0	0		12	0	56	0.0	51	1	195	0.005128205128205128
CUFF_NC.11362	5	26376443	26376835	+	0	0	0		19	1	117	0.008547008547008548	110	3	424	0.007075471698113208
CUFF_NC.11363	5	26377051	26377676	+	0	0	0		53	0	338	0.0	176	0	674	0.0
CUFF_NC.11366	5	26379475	26380024	+	0	0	0		40	0	126	0.0	139	3	514	0.005836575875486381
CUFF_NC.11369	5	26382224	26383169	-	0	0	0		70	0	406	0.0	253	3	1324	0.0022658610271903325
CUFF_NC.11370	5	26383399	26385101	-	0	0	0		165	2	872	0.0022935779816513763	465	4	2318	0.001725625539257981
CUFF_NC.11360	5	26399358	26400832	-	0	0	0		90	2	390	0.005128205128205128	416	6	1683	0.0035650623885918
CUFF_NC.11361	5	26403139	26403725	+	0	0	0		31	1	155	0.0064516129032258064	119	1	457	0.002188183807439825
CUFF_NC.11422	5	26409711	26410143	+	0	0	0		29	2	178	0.011235955056179775	100	1	507	0.0019723865877712033
CUFF_NC.11424	5	26413624	26415144	+	0	0	0		52	2	560	0.0035714285714285713	249	6	1746	0.003436426116838488
CUFF_NC.11423	5	26420610	26422775	-	0	0	0		109	2	827	0.0024183796856106408	425	11	2348	0.004684838160136286
CUFF_NC.11426	5	26428040	26428512	-	0	0	0		40	1	229	0.004366812227074236	124	2	802	0.0024937655860349127
CUFF_NC.11365	5	26444883	26446314	-	0	0	0		97	2	434	0.004608294930875576	327	5	1473	0.0033944331296673455
CUFF_NC.11375	5	26448181	26449342	-	0	0	0		64	6	250	0.024	259	1	1099	0.0009099181073703367
CUFF_NC.11367	5	26456387	26457649	+	0	0	0		89	3	654	0.0045871559633027525	294	3	1781	0.0016844469399213925
CUFF_NC.11368	5	26458306	26458664	+	0	0	0		23	1	213	0.004694835680751174	77	1	667	0.0014992503748125937
CUFF_NC.11371	5	26460719	26462070	-	0	0	0		39	0	168	0.0	194	3	722	0.004155124653739612
CUFF_NC.11372	5	26465105	26465741	-	0	0	0		42	0	110	0.0	141	11	410	0.026829268292682926
CUFF_NC.11373	5	26465136	26465988	+	0	0	0		49	0	162	0.0	191	10	739	0.013531799729364006
CUFF_NC.11377	5	26467048	26467335	-	0	0	0		19	0	84	0.0	96	1	442	0.0022624434389140274
CUFF_NC.11374	5	26479836	26481489	+	0	0	0		78	1	305	0.003278688524590164	366	6	1533	0.003913894324853229
CUFF_NC.11386	5	26490787	26491694	+	0	0	0		44	1	281	0.0035587188612099642	236	4	1154	0.0034662045060658577
CUFF_NC.11380	5	26496509	26497087	+	0	0	0		64	1	177	0.005649717514124294	130	0	409	0.0
CUFF_NC.11378	5	26498958	26499453	-	0	0	0		23	0	120	0.0	109	1	559	0.0017889087656529517
CUFF_NC.11379	5	26499320	26500086	+	0	0	0		14	2	134	0.014925373134328358	145	1	941	0.0010626992561105207
CUFF_NC.11382	5	26514608	26515895	+	0	0	0		97	1	509	0.0019646365422396855	285	2	1602	0.0012484394506866417
CUFF_NC.11381	5	26525936	26526447	+	0	0	0		21	0	47	0.0	137	1	450	0.0022222222222222222
CUFF_NC.11383	5	26530277	26531320	+	0	0	0		64	0	397	0.0	191	1	851	0.0011750881316098707
CUFF_NC.11388	5	26547230	26547951	+	0	0	0		29	2	196	0.01020408163265306	170	2	1116	0.0017921146953405018
CUFF_NC.11384	5	26561846	26562367	-	0	0	0		20	0	62	0.0	148	1	534	0.0018726591760299626
CUFF_NC.11385	5	26562010	26562769	+	0	0	0		34	0	169	0.0	204	4	995	0.004020100502512563
CUFF_NC.11389	5	26573774	26574881	-	0	0	0		56	0	332	0.0	296	5	1376	0.003633720930232558
CUFF_NC.11387	5	26583382	26583811	+	0	0	0		23	0	191	0.0	78	2	762	0.0026246719160104987
CUFF_NC.11400	5	26589972	26594013	-	0	0	0		242	4	1159	0.003451251078515962	1083	8	5034	0.0015891934843067143
CUFF_NC.11401	5	26595901	26598030	-	0	0	0		147	6	1038	0.005780346820809248	471	9	2813	0.003199431212228937
CUFF_NC.11391	5	26623157	26623650	+	0	0	0		10	0	34	0.0	74	1	249	0.004016064257028112
CUFF_NC.11392	5	26625047	26626272	-	0	0	0		88	4	291	0.013745704467353952	288	2	921	0.002171552660152009
CUFF_NC.11394	5	26639917	26640248	+	0	0	0		16	2	40	0.05	108	0	250	0.0
CUFF_NC.11396	5	26643672	26644754	+	0	0	0		57	0	483	0.0	196	2	1242	0.001610305958132045
CUFF_NC.11393	5	26647081	26648677	-	0	0	0		107	1	643	0.0015552099533437014	340	4	1431	0.002795248078266946
CUFF_NC.11395	5	26660320	26662512	-	0	0	0		143	1	650	0.0015384615384615385	405	1	1699	0.0005885815185403178
CUFF_NC.11397	5	26664825	26666112	-	0	0	0		87	0	414	0.0	270	4	1078	0.0037105751391465678
CUFF_NC.11399	5	26692829	26693553	+	0	0	0		38	0	196	0.0	159	0	391	0.0
CUFF_NC.11398	5	26706523	26707511	-	0	0	0		69	0	276	0.0	195	4	889	0.0044994375703037125
CUFF_NC.11402	5	26714832	26718925	+	0	0	0		228	6	1415	0.004240282685512367	1009	13	4947	0.0026278552658176675
CUFF_NC.11403	5	26767555	26768824	-	0	0	0		59	2	455	0.004395604395604396	220	2	1121	0.001784121320249777
CUFF_NC.11404	5	26772604	26773754	-	0	0	0		79	0	482	0.0	186	9	1125	0.008
CUFF_NC.11411	5	26781405	26781808	-	0	0	0		30	1	173	0.005780346820809248	98	1	609	0.0016420361247947454
CUFF_NC.11409	5	26794765	26795302	+	0	0	0		14	0	79	0.0	151	2	759	0.002635046113306983
CUFF_NC.11410	5	26796113	26799270	+	0	0	0		189	5	1058	0.004725897920604915	706	11	3189	0.003449357165255566
CUFF_NC.11405	5	26805285	26805697	-	0	0	0		10	0	44	0.0	106	0	397	0.0
CUFF_NC.11406	5	26808949	26810351	+	0	0	0		49	2	351	0.005698005698005698	186	0	971	0.0
CUFF_NC.11407	5	26813825	26814594	+	0	0	0		43	0	239	0.0	200	2	797	0.002509410288582183
CUFF_NC.11408	5	26814971	26816725	+	0	0	0		104	3	710	0.004225352112676056	267	8	1287	0.006216006216006216
CUFF_NC.11412	5	26820458	26821175	+	0	0	0		40	0	275	0.0	154	5	804	0.006218905472636816
CUFF_NC.11415	5	26824985	26825980	+	0	0	0		57	1	446	0.002242152466367713	245	4	1364	0.002932551319648094
CUFF_NC.11417	5	26828667	26835013	+	0	0	0		214	104	1303	0.07981580966999233	1137	237	5626	0.042125844294347674
CUFF_NC.11416	5	26843389	26845303	+	0	0	0		131	2	756	0.0026455026455026454	355	4	1649	0.002425712553062462
CUFF_NC.11413	5	26848340	26850043	+	0	0	0		100	0	481	0.0	340	2	1521	0.0013149243918474688
CUFF_NC.11414	5	26868386	26869669	+	0	0	0		71	1	388	0.002577319587628866	234	3	1189	0.002523128679562658
CUFF_NC.11418	5	26872034	26874813	+	0	0	0		193	4	948	0.004219409282700422	468	3	2002	0.0014985014985014985
CUFF_NC.11419	5	26877592	26878442	+	0	0	0		65	1	225	0.0044444444444444444	168	0	615	0.0
CUFF_NC.11429	5	26885294	26887179	-	0	0	0		101	0	551	0.0	444	6	2175	0.002758620689655172
CUFF_NC.11425	5	26887775	26888543	+	0	0	0		36	0	265	0.0	169	1	1055	0.0009478672985781991
CUFF_NC.11427	5	26903761	26905627	+	0	0	0		107	2	549	0.0036429872495446266	372	2	1310	0.0015267175572519084
CUFF_NC.11420	5	26909609	26910571	-	0	0	0		34	1	304	0.003289473684210526	172	2	1067	0.0018744142455482662
CUFF_NC.11421	5	26910892	26912157	-	0	0	0		63	0	234	0.0	243	1	1029	0.0009718172983479105
CUFF_NC.11428	5	26912833	26913956	+	0	0	0		56	0	331	0.0	264	2	1410	0.0014184397163120568
CUFF_NC.11430	5	26918976	26920220	+	0	0	0		67	1	283	0.0035335689045936395	242	6	801	0.00749063670411985
CUFF_NC.11431	5	26921909	26923540	+	0	0	0		84	3	920	0.003260869565217391	347	0	2597	0.0
CUFF_NC.11434	5	26930845	26932983	+	0	0	0		121	1	677	0.0014771048744460858	485	8	2393	0.003343083994985374
CUFF_NC.11440	5	26944260	26945682	+	0	0	0		98	4	391	0.010230179028132993	400	2	1724	0.001160092807424594
CUFF_NC.11432	5	26946951	26947391	+	0	0	0		21	0	77	0.0	126	2	404	0.0049504950495049506
CUFF_NC.11442	5	26950225	26950677	-	0	0	0		38	1	425	0.002352941176470588	87	0	551	0.0
CUFF_NC.11443	5	26955072	26955439	-	0	0	0		22	1	174	0.005747126436781609	107	3	703	0.004267425320056899
CUFF_NC.11441	5	26959924	26960347	+	0	0	0		38	0	156	0.0	106	1	478	0.0020920502092050207
CUFF_NC.11435	5	26961428	26961730	+	0	0	0		30	0	113	0.0	73	0	282	0.0
CUFF_NC.11433	5	26967633	26968207	+	0	0	0		44	0	280	0.0	163	3	704	0.004261363636363636
CUFF_NC.11439	5	26969749	26970839	+	0	0	0		37	4	320	0.0125	239	28	1768	0.01583710407239819
CUFF_NC.11438	5	26972716	26974482	+	0	0	0		54	99	504	0.19642857142857142	492	48	3338	0.014379868184541641
