gene_id	chr	start	end	strand	n_CG	mc_CG	total_CG	frac_CG	n_CHG	mc_CHG	total_CHG	frac_CHG	n_CHH	mc_CHH	total_CHH	frac_CHH
CUFF_NC.1	1	5814	6640	-	0	0	0		21	0	78	0.0	216	1	907	0.0011025358324145535
CUFF_NC.4	1	33820	36039	+	0	0	0		189	5	1130	0.004424778761061947	631	8	3505	0.002282453637660485
CUFF_NC.2	1	45074	46980	+	0	0	0		103	0	442	0.0	511	3	2229	0.0013458950201884253
CUFF_NC.3	1	51977	52743	-	0	0	0		57	0	243	0.0	168	0	717	0.0
CUFF_NC.9	1	63146	64476	+	0	0	0		65	2	406	0.0049261083743842365	351	4	1873	0.002135611318739989
CUFF_NC.10	1	67285	67782	+	0	0	0		29	0	125	0.0	94	0	306	0.0
CUFF_NC.5	1	69606	71157	+	0	0	0		40	0	126	0.0	342	2	989	0.0020222446916076846
CUFF_NC.8	1	73084	73716	-	0	0	0		59	0	223	0.0	192	1	659	0.0015174506828528073
CUFF_NC.12	1	75366	76624	-	0	0	0		96	0	347	0.0	264	3	912	0.003289473684210526
CUFF_NC.13	1	77837	78333	+	0	0	0		15	1	64	0.015625	116	1	479	0.0020876826722338203
CUFF_NC.6	1	86737	87289	+	0	0	0		42	0	203	0.0	112	1	524	0.0019083969465648854
CUFF_NC.18	1	89402	91722	-	0	0	0		143	1	866	0.0011547344110854503	612	8	3536	0.0022624434389140274
CUFF_NC.19	1	95040	96380	-	0	0	0		89	1	480	0.0020833333333333333	365	6	1909	0.003143006809848088
CUFF_NC.11	1	100800	101866	-	0	0	0		56	2	313	0.006389776357827476	302	4	1314	0.0030441400304414
CUFF_NC.7	1	104712	105333	+	0	0	0		67	0	256	0.0	151	1	613	0.0016313213703099511
CUFF_NC.15	1	116797	118774	-	0	0	0		151	2	539	0.0037105751391465678	448	5	1615	0.0030959752321981426
CUFF_NC.14	1	119083	119969	-	0	0	0		27	0	207	0.0	238	4	1598	0.0025031289111389237
CUFF_NC.20	1	121456	123494	+	0	0	0		184	1	809	0.0012360939431396785	562	5	2484	0.002012882447665056
CUFF_NC.21	1	133006	133474	+	0	0	0		27	0	172	0.0	147	1	846	0.001182033096926714
CUFF_NC.16	1	141174	141695	+	0	0	0		11	0	86	0.0	149	1	987	0.0010131712259371835
CUFF_NC.17	1	154589	156159	+	0	0	0		85	2	460	0.004347826086956522	399	3	2011	0.0014917951268025858
CUFF_NC.22	1	163277	166353	+	0	0	0		199	2	959	0.0020855057351407717	908	20	4182	0.004782400765184123
CUFF_NC.25	1	180261	180962	+	0	0	0		22	0	136	0.0	172	1	970	0.0010309278350515464
CUFF_NC.26	1	182345	182786	+	0	0	0		12	1	51	0.0196078431372549	102	0	364	0.0
CUFF_NC.28	1	192588	193200	+	0	0	0		35	0	221	0.0	178	3	965	0.0031088082901554403
CUFF_NC.23	1	196107	196598	-	0	0	0		40	0	205	0.0	100	1	533	0.001876172607879925
CUFF_NC.24	1	197887	198512	-	0	0	0		31	1	215	0.004651162790697674	178	1	1162	0.0008605851979345956
CUFF_NC.27	1	210058	210613	-	0	0	0		35	0	239	0.0	141	5	866	0.005773672055427252
CUFF_NC.29	1	219083	221145	-	0	0	0		169	2	725	0.002758620689655172	507	4	2102	0.0019029495718363464
CUFF_NC.30	1	226848	227453	+	0	0	0		39	1	147	0.006802721088435374	177	0	745	0.0
CUFF_NC.34	1	233075	237654	+	0	0	0		312	4	1933	0.0020693222969477496	1271	10	7575	0.0013201320132013201
CUFF_NC.31	1	238416	239453	+	0	0	0		56	93	258	0.36046511627906974	299	111	1570	0.07070063694267516
CUFF_NC.32	1	254830	257455	+	0	0	0		96	51	545	0.09357798165137615	495	62	2846	0.02178496134926212
CUFF_NC.58	1	283807	284180	-	0	0	0		21	0	111	0.0	119	1	590	0.001694915254237288
CUFF_NC.33	1	294207	295108	-	0	0	0		51	0	265	0.0	263	5	1302	0.0038402457757296467
CUFF_NC.36	1	301346	301758	+	0	0	0		20	0	106	0.0	105	0	615	0.0
CUFF_NC.35	1	308731	309427	+	0	0	0		41	0	158	0.0	169	0	594	0.0
CUFF_NC.44	1	319180	319521	-	0	0	0		27	0	173	0.0	110	1	674	0.001483679525222552
CUFF_NC.37	1	341814	342849	+	0	0	0		38	0	199	0.0	221	0	1354	0.0
CUFF_NC.43	1	347638	348472	-	0	0	0		40	0	189	0.0	228	2	976	0.0020491803278688526
CUFF_NC.42	1	355746	356392	+	0	0	0		40	0	227	0.0	197	2	1005	0.001990049751243781
CUFF_NC.39	1	358665	360498	+	0	0	0		151	1	765	0.00130718954248366	569	10	2884	0.0034674063800277394
CUFF_NC.38	1	365198	366851	-	0	0	0		119	1	472	0.00211864406779661	420	0	1561	0.0
CUFF_NC.41	1	370226	371382	+	0	0	0		62	0	300	0.0	280	2	1372	0.0014577259475218659
CUFF_NC.40	1	371997	372411	+	0	0	0		12	1	39	0.02564102564102564	73	0	237	0.0
CUFF_NC.57	1	392706	395717	-	0	0	0		286	1	1270	0.0007874015748031496	915	8	4101	0.001950743721043648
CUFF_NC.54	1	409235	410549	-	0	0	0		114	0	680	0.0	400	3	2209	0.001358080579447714
CUFF_NC.53	1	413681	414878	+	0	0	0		103	0	540	0.0	319	8	1564	0.005115089514066497
CUFF_NC.46	1	417273	417814	-	0	0	0		36	0	191	0.0	182	3	976	0.0030737704918032786
CUFF_NC.49	1	421746	425334	-	0	0	0		101	19	518	0.03667953667953668	665	68	3494	0.019461934745277618
CUFF_NC.48	1	424665	425164	+	0	0	0		37	0	187	0.0	121	2	630	0.0031746031746031746
CUFF_NC.45	1	425557	426435	+	0	0	0		35	0	190	0.0	184	1	1146	0.0008726003490401396
CUFF_NC.47	1	435444	435889	+	0	0	0		41	0	283	0.0	118	1	819	0.001221001221001221
CUFF_NC.50	1	442462	442900	+	0	0	0		22	1	130	0.007692307692307693	117	0	637	0.0
CUFF_NC.52	1	446824	448464	+	0	0	0		85	0	599	0.0	356	6	2448	0.0024509803921568627
CUFF_NC.51	1	463998	464582	+	0	0	0		42	0	234	0.0	149	0	712	0.0
CUFF_NC.55	1	482013	483177	-	0	0	0		62	0	341	0.0	334	2	1552	0.001288659793814433
CUFF_NC.59	1	512866	513261	+	0	0	0		18	33	83	0.39759036144578314	97	121	497	0.24346076458752516
CUFF_NC.60	1	514888	515295	+	0	0	0		23	0	105	0.0	104	2	403	0.004962779156327543
CUFF_NC.70	1	523944	530099	-	0	0	0		398	6	2027	0.0029600394671928957	1464	6	6990	0.0008583690987124463
CUFF_NC.71	1	525592	531975	-	0	0	0		431	7	2040	0.003431372549019608	1511	7	6780	0.001032448377581121
CUFF_NC.72	1	528007	534109	-	0	0	0		410	5	1917	0.0026082420448617634	1456	10	6693	0.0014940983116689078
CUFF_NC.62	1	538375	544045	-	0	0	0		271	43	1429	0.030090972708187544	1418	164	7458	0.02198980960042907
CUFF_NC.64	1	547818	551699	-	0	0	0		119	23	673	0.03417533432392273	812	108	4524	0.023872679045092837
CUFF_NC.65	1	550120	550546	-	0	0	0		7	7	39	0.1794871794871795	59	20	290	0.06896551724137931
CUFF_NC.68	1	556826	558761	-	0	0	0		113	1	441	0.0022675736961451248	525	5	2113	0.00236630383341221
CUFF_NC.61	1	559734	560251	+	0	0	0		17	0	73	0.0	140	0	649	0.0
CUFF_NC.66	1	564136	564745	-	0	0	0		47	1	197	0.005076142131979695	169	1	792	0.0012626262626262627
CUFF_NC.67	1	565230	565784	-	0	0	0		36	0	207	0.0	140	0	684	0.0
CUFF_NC.63	1	568739	570386	-	0	0	0		123	0	577	0.0	401	2	1789	0.0011179429849077697
CUFF_NC.73	1	588007	589390	-	0	0	0		91	0	470	0.0	327	5	1995	0.002506265664160401
CUFF_NC.76	1	591664	593419	-	0	0	0		102	1	525	0.0019047619047619048	463	5	2322	0.002153316106804479
CUFF_NC.74	1	594729	596073	+	0	0	0		113	0	547	0.0	414	5	2025	0.0024691358024691358
CUFF_NC.75	1	597522	598135	+	0	0	0		45	1	243	0.00411522633744856	185	0	812	0.0
CUFF_NC.77	1	599765	600204	+	0	0	0		33	0	186	0.0	116	0	621	0.0
CUFF_NC.78	1	610701	611509	+	0	0	0		48	1	220	0.004545454545454545	228	2	1048	0.0019083969465648854
CUFF_NC.79	1	617987	619403	-	0	0	0		106	1	543	0.001841620626151013	309	2	1525	0.0013114754098360656
CUFF_NC.80	1	622046	622369	-	0	0	0		15	0	78	0.0	79	2	443	0.004514672686230248
CUFF_NC.83	1	632744	633122	-	0	0	0		24	1	148	0.006756756756756757	114	2	559	0.0035778175313059034
CUFF_NC.90	1	640236	640825	-	0	0	0		5	5	36	0.1388888888888889	105	57	843	0.06761565836298933
CUFF_NC.89	1	641448	642563	+	0	0	0		49	0	236	0.0	284	4	1377	0.002904865649963689
CUFF_NC.81	1	653973	654416	+	0	0	0		35	1	197	0.005076142131979695	117	0	561	0.0
CUFF_NC.84	1	658696	661410	+	0	0	0		115	2	746	0.002680965147453083	733	10	4610	0.0021691973969631237
CUFF_NC.85	1	659555	662333	+	0	0	0		108	1	677	0.0014771048744460858	751	7	4505	0.0015538290788013318
CUFF_NC.82	1	663236	663656	+	0	0	0		24	0	122	0.0	115	1	561	0.0017825311942959
CUFF_NC.86	1	665248	666402	+	0	0	0		39	0	242	0.0	336	5	1969	0.0025393600812595226
CUFF_NC.87	1	675516	676334	-	0	0	0		44	1	315	0.0031746031746031746	228	1	1707	0.0005858230814294083
CUFF_NC.88	1	693076	693540	-	0	0	0		21	0	104	0.0	124	4	685	0.00583941605839416
CUFF_NC.91	1	705921	706616	+	0	0	0		42	0	307	0.0	203	2	1388	0.001440922190201729
CUFF_NC.93	1	731716	732702	+	0	0	0		67	2	399	0.005012531328320802	261	2	1294	0.0015455950540958269
CUFF_NC.94	1	742835	743218	-	0	0	0		18	0	94	0.0	114	2	601	0.0033277870216306157
CUFF_NC.92	1	769606	770629	-	0	0	0		47	1	286	0.0034965034965034965	297	1	1801	0.000555247084952804
CUFF_NC.96	1	792040	792527	+	0	0	0		11	7	61	0.11475409836065574	101	38	432	0.08796296296296297
CUFF_NC.97	1	792753	793059	+	0	0	0		16	0	105	0.0	71	0	378	0.0
CUFF_NC.95	1	813492	814238	-	0	0	0		38	0	261	0.0	199	3	1281	0.00234192037470726
CUFF_NC.99	1	820959	821299	-	0	0	0		20	0	139	0.0	110	0	731	0.0
CUFF_NC.98	1	822863	823948	+	0	0	0		98	0	573	0.0	311	3	1506	0.00199203187250996
CUFF_NC.102	1	827723	828094	-	0	0	0		23	0	101	0.0	115	1	511	0.0019569471624266144
CUFF_NC.103	1	842641	845302	+	0	0	0		160	3	823	0.0036452004860267314	746	3	3699	0.0008110300081103001
CUFF_NC.104	1	843756	844262	+	0	0	0		25	0	106	0.0	130	1	471	0.0021231422505307855
CUFF_NC.101	1	852139	854239	-	0	0	0		164	0	728	0.0	467	3	1742	0.001722158438576349
CUFF_NC.100	1	866098	866818	+	0	0	0		41	1	221	0.004524886877828055	235	5	1036	0.004826254826254826
CUFF_NC.105	1	871636	872739	-	0	0	0		81	2	405	0.0049382716049382715	317	3	1446	0.002074688796680498
CUFF_NC.109	1	882129	882853	+	0	0	0		45	0	189	0.0	227	0	661	0.0
CUFF_NC.118	1	905255	905896	+	0	0	0		25	0	129	0.0	130	1	596	0.0016778523489932886
CUFF_NC.108	1	923855	924181	-	0	0	0		6	0	27	0.0	100	2	472	0.00423728813559322
CUFF_NC.107	1	930609	932087	+	0	0	0		66	1	333	0.003003003003003003	340	3	1679	0.001786777843954735
CUFF_NC.110	1	941685	942629	+	0	0	0		70	1	458	0.002183406113537118	264	5	1629	0.003069367710251688
CUFF_NC.117	1	948980	949396	+	0	0	0		31	2	168	0.011904761904761904	113	1	646	0.0015479876160990713
CUFF_NC.111	1	957115	958329	+	0	0	0		80	0	357	0.0	319	5	1481	0.00337609723160027
CUFF_NC.112	1	959892	960676	+	0	0	0		29	0	184	0.0	247	2	1485	0.0013468013468013469
CUFF_NC.113	1	967645	968734	+	0	0	0		68	1	284	0.0035211267605633804	267	2	1073	0.001863932898415657
CUFF_NC.116	1	976096	978048	+	0	0	0		54	0	258	0.0	449	3	2145	0.0013986013986013986
CUFF_NC.115	1	979746	980312	+	0	0	0		55	0	292	0.0	167	3	829	0.0036188178528347406
CUFF_NC.114	1	982543	983713	+	0	0	0		69	0	323	0.0	322	1	1308	0.0007645259938837921
CUFF_NC.127	1	1028278	1029016	+	0	0	0		76	0	278	0.0	179	1	664	0.0015060240963855422
CUFF_NC.120	1	1047139	1048124	+	0	0	0		80	2	419	0.00477326968973747	297	4	1497	0.0026720106880427524
CUFF_NC.121	1	1057787	1059407	-	0	0	0		132	3	773	0.0038809831824062097	461	4	2619	0.0015273004963726614
CUFF_NC.122	1	1100093	1100559	-	0	0	0		33	0	148	0.0	147	3	672	0.004464285714285714
CUFF_NC.126	1	1115138	1115771	-	0	0	0		38	0	225	0.0	176	2	907	0.002205071664829107
CUFF_NC.125	1	1120224	1122526	+	0	0	0		84	1	448	0.002232142857142857	561	4	2683	0.0014908684308609765
CUFF_NC.141	1	1145855	1148889	+	0	0	0		99	0	461	0.0	632	5	2868	0.0017433751743375174
CUFF_NC.123	1	1167552	1168870	+	0	0	0		100	0	370	0.0	345	2	1205	0.0016597510373443983
CUFF_NC.124	1	1176545	1177625	+	0	0	0		50	0	210	0.0	205	1	939	0.0010649627263045794
CUFF_NC.128	1	1185672	1187044	+	0	0	0		92	0	467	0.0	358	4	1749	0.002287021154945683
CUFF_NC.130	1	1194178	1196948	+	0	0	0		47	38	290	0.1310344827586207	463	128	2567	0.049863654070899883
CUFF_NC.131	1	1195443	1196953	-	0	0	0		26	0	161	0.0	299	1	1646	0.0006075334143377885
CUFF_NC.129	1	1198032	1198475	-	0	0	0		20	0	124	0.0	116	3	601	0.004991680532445923
CUFF_NC.134	1	1212386	1213136	+	0	0	0		47	0	197	0.0	210	3	960	0.003125
CUFF_NC.135	1	1214728	1215425	+	0	0	0		37	0	250	0.0	183	0	936	0.0
CUFF_NC.132	1	1231501	1232254	-	0	0	0		51	0	280	0.0	210	2	907	0.002205071664829107
CUFF_NC.133	1	1236419	1239190	-	0	0	0		158	3	932	0.003218884120171674	737	13	3976	0.0032696177062374247
CUFF_NC.136	1	1242530	1243500	-	0	0	0		46	0	252	0.0	248	4	1207	0.0033140016570008283
CUFF_NC.138	1	1246683	1249246	+	0	0	0		142	0	678	0.0	665	4	2970	0.0013468013468013469
CUFF_NC.139	1	1252201	1253127	+	0	0	0		74	0	467	0.0	245	7	1341	0.005219985085756898
CUFF_NC.140	1	1253977	1254637	+	0	0	0		69	1	446	0.002242152466367713	166	2	991	0.0020181634712411706
CUFF_NC.137	1	1279334	1279806	-	0	0	0		31	0	155	0.0	137	2	741	0.002699055330634278
CUFF_NC.143	1	1288800	1291233	+	0	0	0		115	11	706	0.015580736543909348	571	54	3560	0.015168539325842697
CUFF_NC.142	1	1300905	1301321	+	0	0	0		41	0	143	0.0	131	1	422	0.002369668246445498
CUFF_NC.144	1	1338408	1339261	+	0	0	0		15	0	110	0.0	218	0	1391	0.0
CUFF_NC.145	1	1341365	1342417	+	0	0	0		84	0	430	0.0	309	3	1515	0.0019801980198019802
CUFF_NC.146	1	1345141	1345873	-	0	0	0		55	0	367	0.0	189	5	1223	0.004088307440719542
CUFF_NC.147	1	1346969	1347375	-	0	0	0		31	0	165	0.0	104	0	536	0.0
CUFF_NC.148	1	1356182	1357078	+	0	0	0		63	1	315	0.0031746031746031746	295	6	1287	0.004662004662004662
CUFF_NC.149	1	1369036	1370535	+	0	0	0		113	3	700	0.004285714285714286	407	5	2497	0.002002402883460152
CUFF_NC.152	1	1418604	1420049	+	0	0	0		109	1	660	0.0015151515151515152	368	2	2004	0.000998003992015968
CUFF_NC.150	1	1429441	1429889	-	0	0	0		27	1	164	0.006097560975609756	126	2	641	0.0031201248049922
CUFF_NC.151	1	1435272	1437739	+	0	0	0		166	2	853	0.0023446658851113715	593	9	3300	0.0027272727272727275
CUFF_NC.161	1	1441785	1442836	+	0	0	0		38	140	267	0.5243445692883895	279	212	1724	0.12296983758700696
CUFF_NC.153	1	1457821	1459000	+	0	0	0		81	0	433	0.0	291	0	1584	0.0
CUFF_NC.154	1	1461160	1461849	-	0	0	0		24	0	137	0.0	214	1	1194	0.0008375209380234506
CUFF_NC.155	1	1469492	1470729	-	0	0	0		84	1	458	0.002183406113537118	285	3	1522	0.0019710906701708277
CUFF_NC.156	1	1479969	1481012	-	0	0	0		38	2	282	0.0070921985815602835	258	2	1985	0.0010075566750629723
CUFF_NC.157	1	1485325	1486477	+	0	0	0		86	2	502	0.00398406374501992	331	3	1747	0.0017172295363480253
CUFF_NC.158	1	1510391	1510835	-	0	0	0		29	0	125	0.0	127	0	559	0.0
CUFF_NC.159	1	1530147	1531273	-	0	0	0		69	0	372	0.0	298	3	1571	0.0019096117122851686
CUFF_NC.162	1	1533608	1534599	+	0	0	0		66	0	342	0.0	237	1	1205	0.0008298755186721991
CUFF_NC.164	1	1546971	1547919	+	0	0	0		62	1	202	0.0049504950495049506	216	2	818	0.0024449877750611247
CUFF_NC.166	1	1555716	1556551	-	0	0	0		62	0	386	0.0	235	2	1387	0.0014419610670511895
CUFF_NC.165	1	1582776	1583305	+	0	0	0		35	1	202	0.0049504950495049506	155	2	867	0.002306805074971165
CUFF_NC.167	1	1587124	1587614	+	0	0	0		34	0	207	0.0	136	3	852	0.0035211267605633804
CUFF_NC.168	1	1591941	1592454	-	0	0	0		31	13	180	0.07222222222222222	131	8	665	0.012030075187969926
CUFF_NC.171	1	1601319	1603582	+	0	0	0		162	3	837	0.0035842293906810036	691	8	3098	0.0025823111684958036
CUFF_NC.169	1	1618277	1622497	+	0	0	0		312	7	1855	0.0037735849056603774	1266	16	6812	0.002348796241926013
CUFF_NC.170	1	1623149	1623817	+	0	0	0		48	0	264	0.0	171	2	952	0.0021008403361344537
CUFF_NC.172	1	1645299	1647435	+	0	0	0		108	0	631	0.0	576	3	2873	0.0010442046641141664
CUFF_NC.174	1	1661249	1662636	+	0	0	0		77	1	425	0.002352941176470588	345	4	2049	0.0019521717911176184
CUFF_NC.173	1	1665598	1666367	+	0	0	0		59	0	301	0.0	203	1	978	0.0010224948875255625
CUFF_NC.177	1	1671173	1671541	-	0	0	0		35	0	175	0.0	111	0	455	0.0
CUFF_NC.178	1	1690765	1691195	+	0	0	0		45	0	174	0.0	113	2	407	0.004914004914004914
CUFF_NC.175	1	1702399	1704871	+	0	0	0		136	3	766	0.0039164490861618795	693	6	3304	0.0018159806295399517
CUFF_NC.179	1	1720823	1721305	-	0	0	0		37	0	247	0.0	126	1	705	0.0014184397163120568
CUFF_NC.189	1	1731774	1732553	-	0	0	0		59	1	333	0.003003003003003003	219	2	1073	0.001863932898415657
CUFF_NC.181	1	1744368	1745845	-	0	0	0		81	0	446	0.0	351	4	1967	0.0020335536349771225
CUFF_NC.186	1	1761298	1761673	-	0	0	0		27	0	187	0.0	106	2	629	0.003179650238473768
CUFF_NC.180	1	1766623	1767230	+	0	0	0		37	0	272	0.0	184	1	1263	0.000791765637371338
CUFF_NC.187	1	1785821	1786121	-	0	0	0		26	0	118	0.0	83	1	372	0.002688172043010753
CUFF_NC.183	1	1786859	1787405	-	0	0	0		42	0	272	0.0	133	4	873	0.004581901489117984
CUFF_NC.184	1	1788762	1789625	-	0	0	0		43	0	309	0.0	279	2	1947	0.001027221366204417
CUFF_NC.182	1	1791544	1792202	-	0	0	0		44	0	228	0.0	190	5	888	0.00563063063063063
CUFF_NC.185	1	1818066	1819279	-	0	0	0		37	0	231	0.0	342	3	1816	0.0016519823788546256
CUFF_NC.188	1	1820253	1821936	+	0	0	0		114	0	492	0.0	466	2	1933	0.0010346611484738748
CUFF_NC.190	1	1843574	1844131	-	0	0	0		24	0	96	0.0	165	1	603	0.001658374792703151
CUFF_NC.191	1	1882920	1883972	-	0	0	0		45	0	188	0.0	283	3	1248	0.002403846153846154
CUFF_NC.192	1	1888455	1888877	+	0	0	0		14	0	90	0.0	107	0	680	0.0
CUFF_NC.195	1	1898708	1899095	-	0	0	0		34	0	184	0.0	92	0	418	0.0
CUFF_NC.193	1	1900516	1901252	-	0	0	0		55	0	352	0.0	231	1	1288	0.0007763975155279503
CUFF_NC.194	1	1903006	1903569	-	0	0	0		51	0	301	0.0	165	3	976	0.0030737704918032786
CUFF_NC.207	1	1910429	1910835	-	0	0	0		18	2	88	0.022727272727272728	130	0	546	0.0
CUFF_NC.198	1	1925740	1930347	-	0	0	0		291	1	1854	0.0005393743257820927	1255	9	7787	0.0011557724412482341
CUFF_NC.196	1	1935403	1939567	+	0	0	0		126	5	712	0.007022471910112359	946	27	5440	0.004963235294117647
CUFF_NC.200	1	1955391	1957334	-	0	0	0		143	2	858	0.002331002331002331	578	2	3334	0.0005998800239952009
CUFF_NC.201	1	1958951	1959761	-	0	0	0		33	0	218	0.0	230	1	1123	0.0008904719501335708
CUFF_NC.199	1	1961800	1962444	+	0	0	0		47	1	246	0.0040650406504065045	208	4	1048	0.003816793893129771
CUFF_NC.206	1	1988921	1989352	-	0	0	0		27	0	142	0.0	118	2	625	0.0032
CUFF_NC.205	1	1994215	1994851	+	0	0	0		38	0	259	0.0	217	2	1370	0.00145985401459854
CUFF_NC.197	1	1996411	1998648	-	0	0	0		61	0	368	0.0	487	2	2721	0.000735023888276369
CUFF_NC.203	1	2011017	2011849	-	0	0	0		63	0	415	0.0	233	3	1538	0.0019505851755526658
CUFF_NC.202	1	2012236	2013657	+	0	0	0		131	0	710	0.0	348	1	1800	0.0005555555555555556
CUFF_NC.208	1	2015518	2016283	+	0	0	0		52	0	302	0.0	202	0	1273	0.0
CUFF_NC.230	1	2032344	2036251	-	0	0	0		228	3	1116	0.002688172043010753	1034	5	4663	0.001072271070126528
CUFF_NC.231	1	2033077	2036841	-	0	0	0		224	1	1092	0.0009157509157509158	1005	5	4627	0.001080613788631943
CUFF_NC.232	1	2043274	2044218	-	0	0	0		76	1	476	0.0021008403361344537	254	3	1592	0.0018844221105527637
CUFF_NC.229	1	2049520	2050204	+	0	0	0		48	1	379	0.002638522427440633	195	7	1276	0.0054858934169279
CUFF_NC.204	1	2052982	2053577	+	0	0	0		49	1	285	0.0035087719298245615	179	4	1049	0.0038131553860819827
CUFF_NC.235	1	2060604	2062741	+	0	0	0		146	1	922	0.0010845986984815619	584	4	3614	0.0011068068622025456
CUFF_NC.234	1	2068903	2073622	-	0	0	0		328	2	2154	0.0009285051067780873	1292	26	8217	0.003164171838870634
CUFF_NC.209	1	2105293	2105719	-	0	0	0		20	0	72	0.0	83	0	290	0.0
CUFF_NC.210	1	2106162	2106619	-	0	0	0		30	0	202	0.0	125	4	763	0.005242463958060288
CUFF_NC.219	1	2115329	2115881	+	0	0	0		42	2	217	0.009216589861751152	151	2	786	0.002544529262086514
CUFF_NC.218	1	2123274	2123868	-	0	0	0		24	0	166	0.0	152	0	984	0.0
CUFF_NC.211	1	2124815	2125944	+	0	0	0		52	0	346	0.0	336	4	1938	0.0020639834881320948
CUFF_NC.213	1	2130692	2131622	+	0	0	0		93	2	526	0.0038022813688212928	266	6	1515	0.0039603960396039604
CUFF_NC.214	1	2135810	2136167	-	0	0	0		15	0	101	0.0	98	0	678	0.0
CUFF_NC.215	1	2136680	2137796	-	0	0	0		75	1	423	0.002364066193853428	296	4	1700	0.002352941176470588
CUFF_NC.212	1	2143346	2143894	+	0	0	0		30	0	168	0.0	163	1	820	0.0012195121951219512
CUFF_NC.216	1	2151599	2152519	+	0	0	0		78	1	375	0.0026666666666666666	213	1	1113	0.0008984725965858042
CUFF_NC.220	1	2156155	2158843	+	0	0	0		137	8	761	0.010512483574244415	536	7	3068	0.0022816166883963492
CUFF_NC.221	1	2156504	2157028	-	0	0	0		37	0	134	0.0	157	1	590	0.001694915254237288
CUFF_NC.217	1	2164282	2165449	+	0	0	0		48	0	339	0.0	330	4	1852	0.0021598272138228943
CUFF_NC.222	1	2172866	2173783	-	0	0	0		34	0	201	0.0	214	4	1432	0.002793296089385475
CUFF_NC.223	1	2174568	2174899	+	0	0	0		27	0	142	0.0	77	1	311	0.003215434083601286
CUFF_NC.228	1	2187565	2188734	-	0	0	0		64	1	297	0.003367003367003367	293	3	1298	0.0023112480739599386
CUFF_NC.224	1	2194483	2196067	+	0	0	0		121	1	576	0.001736111111111111	391	11	1985	0.0055415617128463475
CUFF_NC.225	1	2204242	2204920	-	0	0	0		42	1	223	0.004484304932735426	167	1	760	0.0013157894736842105
CUFF_NC.226	1	2211228	2211857	+	0	0	0		44	1	221	0.004524886877828055	155	2	745	0.0026845637583892616
CUFF_NC.227	1	2220134	2221639	+	0	0	0		93	2	578	0.0034602076124567475	435	5	2736	0.001827485380116959
CUFF_NC.237	1	2223595	2225413	-	0	0	0		130	3	729	0.00411522633744856	482	3	2549	0.0011769321302471558
CUFF_NC.233	1	2247631	2248863	+	0	0	0		104	0	439	0.0	366	2	1346	0.0014858841010401188
CUFF_NC.241	1	2257942	2258448	+	0	0	0		58	1	140	0.007142857142857143	141	0	380	0.0
CUFF_NC.236	1	2280877	2283124	+	0	0	0		141	2	604	0.0033112582781456954	521	5	2038	0.0024533856722276743
CUFF_NC.238	1	2286384	2287253	+	0	0	0		59	0	358	0.0	252	1	1359	0.0007358351729212656
CUFF_NC.239	1	2287305	2287806	+	0	0	0		35	2	217	0.009216589861751152	150	0	894	0.0
CUFF_NC.240	1	2294888	2295488	+	0	0	0		29	1	144	0.006944444444444444	196	1	1152	0.0008680555555555555
CUFF_NC.242	1	2319001	2319629	+	0	0	0		48	0	250	0.0	185	2	970	0.002061855670103093
CUFF_NC.249	1	2328898	2329328	-	0	0	0		26	0	195	0.0	102	1	778	0.0012853470437017994
CUFF_NC.245	1	2335050	2338991	+	0	0	0		189	23	1064	0.021616541353383457	1026	66	5345	0.01234798877455566
CUFF_NC.246	1	2335603	2336485	+	0	0	0		42	0	222	0.0	248	1	1296	0.0007716049382716049
CUFF_NC.244	1	2348909	2350666	-	0	0	0		144	0	781	0.0	433	3	2117	0.0014170996693434106
CUFF_NC.243	1	2357117	2357452	-	0	0	0		12	0	100	0.0	91	2	809	0.002472187886279357
CUFF_NC.247	1	2359353	2360516	+	0	0	0		70	3	347	0.008645533141210375	306	4	1610	0.002484472049689441
CUFF_NC.248	1	2365975	2366702	+	0	0	0		18	0	129	0.0	222	2	1365	0.0014652014652014652
CUFF_NC.250	1	2369092	2369621	-	0	0	0		30	1	152	0.006578947368421052	136	0	592	0.0
CUFF_NC.261	1	2393779	2394757	+	0	0	0		27	2	167	0.011976047904191617	176	0	1079	0.0
CUFF_NC.252	1	2407407	2408200	+	0	0	0		24	1	187	0.0053475935828877	218	2	1308	0.0015290519877675841
CUFF_NC.255	1	2409868	2412104	+	0	0	0		89	2	328	0.006097560975609756	345	2	1361	0.0014695077149155032
CUFF_NC.253	1	2412921	2413620	-	0	0	0		47	1	210	0.004761904761904762	163	1	696	0.0014367816091954023
CUFF_NC.254	1	2413894	2416627	-	0	0	0		178	113	1023	0.1104594330400782	731	49	4004	0.012237762237762238
CUFF_NC.251	1	2421221	2421931	+	0	0	0		41	0	176	0.0	199	1	792	0.0012626262626262627
CUFF_NC.259	1	2435080	2435513	+	0	0	0		23	0	174	0.0	121	2	834	0.002398081534772182
CUFF_NC.256	1	2439737	2440254	-	0	0	0		31	0	162	0.0	136	2	767	0.002607561929595828
CUFF_NC.257	1	2439956	2440434	+	0	0	0		23	0	151	0.0	133	1	851	0.0011750881316098707
CUFF_NC.258	1	2463088	2464814	+	0	0	0		54	1	299	0.0033444816053511705	212	2	1086	0.001841620626151013
CUFF_NC.260	1	2472046	2472786	+	0	0	0		48	1	206	0.0048543689320388345	203	1	1129	0.0008857395925597874
CUFF_NC.265	1	2476998	2477687	-	0	0	0		29	1	183	0.00546448087431694	172	1	1036	0.0009652509652509653
CUFF_NC.266	1	2482022	2483090	-	0	0	0		67	1	319	0.003134796238244514	297	5	1365	0.003663003663003663
CUFF_NC.262	1	2489580	2490125	+	0	0	0		26	1	153	0.006535947712418301	151	1	869	0.0011507479861910242
CUFF_NC.276	1	2501817	2502428	+	0	0	0		79	5	498	0.010040160642570281	172	1	802	0.0012468827930174563
CUFF_NC.277	1	2510642	2511142	+	0	0	0		28	0	144	0.0	123	0	590	0.0
CUFF_NC.263	1	2512708	2513132	+	0	0	0		25	0	156	0.0	117	2	704	0.002840909090909091
CUFF_NC.264	1	2514308	2515590	+	0	0	0		82	0	423	0.0	394	7	1912	0.0036610878661087866
CUFF_NC.267	1	2538082	2538531	+	0	0	0		24	2	138	0.014492753623188406	144	2	814	0.002457002457002457
CUFF_NC.275	1	2542272	2542583	+	0	0	0		13	0	59	0.0	76	0	272	0.0
CUFF_NC.268	1	2549339	2549689	+	0	0	0		20	0	109	0.0	99	0	553	0.0
CUFF_NC.269	1	2553053	2557566	+	0	0	0		202	2	1233	0.0016220600162206002	1306	16	8426	0.0018988844054118206
CUFF_NC.270	1	2555658	2556098	+	0	0	0		3	0	28	0.0	113	1	860	0.0011627906976744186
CUFF_NC.271	1	2561828	2566478	+	0	0	0		189	2	1085	0.0018433179723502304	1154	12	6200	0.001935483870967742
CUFF_NC.272	1	2572471	2573336	-	0	0	0		63	1	391	0.0025575447570332483	223	3	1425	0.002105263157894737
CUFF_NC.273	1	2584578	2585084	+	0	0	0		30	0	223	0.0	163	0	918	0.0
CUFF_NC.274	1	2586120	2586918	+	0	0	0		28	0	142	0.0	182	1	861	0.0011614401858304297
CUFF_NC.278	1	2619211	2619677	-	0	0	0		28	0	173	0.0	137	1	949	0.001053740779768177
CUFF_NC.279	1	2627359	2627854	+	0	0	0		8	0	59	0.0	156	2	838	0.002386634844868735
CUFF_NC.284	1	2647767	2648126	-	0	0	0		31	0	170	0.0	100	4	540	0.007407407407407408
CUFF_NC.285	1	2656483	2657007	-	0	0	0		31	1	144	0.006944444444444444	139	2	498	0.004016064257028112
CUFF_NC.280	1	2672142	2673909	-	0	0	0		134	0	783	0.0	480	6	2632	0.0022796352583586625
CUFF_NC.282	1	2689302	2690132	-	0	0	0		50	0	307	0.0	198	1	1391	0.0007189072609633358
CUFF_NC.281	1	2695317	2695777	+	0	0	0		14	0	92	0.0	133	2	871	0.002296211251435132
CUFF_NC.286	1	2700314	2700639	-	0	0	0		28	1	164	0.006097560975609756	94	2	491	0.004073319755600814
CUFF_NC.287	1	2701741	2703123	-	0	0	0		96	1	547	0.0018281535648994515	329	3	1652	0.0018159806295399517
CUFF_NC.289	1	2705877	2706794	-	0	0	0		54	0	309	0.0	246	2	1358	0.0014727540500736377
CUFF_NC.283	1	2718615	2721924	-	0	0	0		221	3	1156	0.0025951557093425604	965	13	4643	0.0027999138488046522
CUFF_NC.291	1	2734520	2735221	+	0	0	0		61	1	294	0.003401360544217687	207	1	987	0.0010131712259371835
CUFF_NC.288	1	2757060	2757533	+	0	0	0		35	3	150	0.02	147	6	672	0.008928571428571428
CUFF_NC.290	1	2819185	2820099	+	0	0	0		47	0	259	0.0	279	3	1644	0.0018248175182481751
CUFF_NC.312	1	2836608	2837128	+	0	0	0		30	0	214	0.0	158	3	1027	0.0029211295034079843
CUFF_NC.292	1	2842372	2842690	-	0	0	0		10	0	43	0.0	94	1	500	0.002
CUFF_NC.302	1	2858900	2859720	-	0	0	0		60	0	292	0.0	201	1	996	0.001004016064257028
CUFF_NC.303	1	2859897	2860818	-	0	0	0		81	0	343	0.0	287	2	1036	0.0019305019305019305
CUFF_NC.293	1	2864582	2865011	-	0	0	0		25	0	105	0.0	114	1	529	0.001890359168241966
CUFF_NC.295	1	2869552	2869804	-	0	0	0		15	0	67	0.0	50	0	223	0.0
CUFF_NC.294	1	2877396	2878270	-	0	0	0		22	0	105	0.0	241	3	1190	0.0025210084033613447
CUFF_NC.297	1	2885742	2886246	-	0	0	0		45	1	207	0.004830917874396135	123	3	608	0.004934210526315789
CUFF_NC.296	1	2888620	2889501	-	0	0	0		50	0	236	0.0	255	0	1043	0.0
CUFF_NC.298	1	2899917	2900379	+	0	0	0		27	0	123	0.0	132	1	535	0.001869158878504673
CUFF_NC.300	1	2935597	2936310	-	0	0	0		35	0	200	0.0	210	3	1367	0.0021945866861741038
CUFF_NC.309	1	2944901	2945345	+	0	0	0		37	1	236	0.00423728813559322	116	4	613	0.0065252854812398045
CUFF_NC.310	1	2945592	2945963	+	0	0	0		22	2	134	0.014925373134328358	89	1	486	0.00205761316872428
CUFF_NC.311	1	2948540	2948967	-	0	0	0		28	0	182	0.0	122	2	741	0.002699055330634278
CUFF_NC.299	1	2949745	2951229	+	0	0	0		93	0	631	0.0	385	4	2367	0.0016899028305872412
CUFF_NC.304	1	2953012	2954228	+	0	0	0		74	1	432	0.0023148148148148147	352	6	2106	0.002849002849002849
CUFF_NC.301	1	2963976	2964694	-	0	0	0		56	1	210	0.004761904761904762	178	2	915	0.002185792349726776
CUFF_NC.305	1	2966231	2966661	+	0	0	0		31	0	183	0.0	130	1	741	0.001349527665317139
CUFF_NC.313	1	2973131	2974272	+	0	0	0		73	0	462	0.0	307	2	1991	0.0010045203415369162
CUFF_NC.314	1	2976790	2977811	+	0	0	0		51	1	255	0.00392156862745098	275	4	1560	0.002564102564102564
CUFF_NC.315	1	2980847	2982500	+	0	0	0		106	2	615	0.0032520325203252032	457	6	2725	0.0022018348623853213
CUFF_NC.307	1	2985458	2985894	-	0	0	0		30	0	175	0.0	137	1	677	0.0014771048744460858
CUFF_NC.306	1	2987675	2988104	+	0	0	0		28	1	179	0.00558659217877095	123	1	782	0.0012787723785166241
CUFF_NC.308	1	2989088	2990265	-	0	0	0		84	1	319	0.003134796238244514	251	2	1200	0.0016666666666666668
CUFF_NC.318	1	2999532	3000416	+	0	0	0		88	3	472	0.006355932203389831	226	3	1216	0.0024671052631578946
CUFF_NC.317	1	3001943	3002263	+	0	0	0		31	1	248	0.004032258064516129	79	0	458	0.0
CUFF_NC.316	1	3006860	3008095	-	0	0	0		83	0	497	0.0	338	5	2093	0.0023889154323936935
CUFF_NC.323	1	3037864	3040564	+	0	0	0		190	4	1067	0.0037488284910965324	772	5	4319	0.0011576753878212549
CUFF_NC.321	1	3065416	3065881	-	0	0	0		16	0	104	0.0	132	0	934	0.0
CUFF_NC.319	1	3072586	3073064	-	0	0	0		13	0	81	0.0	115	0	685	0.0
CUFF_NC.322	1	3101119	3101751	+	0	0	0		26	0	200	0.0	177	4	1242	0.00322061191626409
CUFF_NC.320	1	3111093	3111495	-	0	0	0		32	1	165	0.006060606060606061	107	0	555	0.0
CUFF_NC.324	1	3125094	3126735	-	0	0	0		94	0	567	0.0	460	5	2752	0.001816860465116279
CUFF_NC.325	1	3137756	3138936	+	0	0	0		77	0	372	0.0	277	0	1413	0.0
CUFF_NC.327	1	3141040	3141414	-	0	0	0		27	0	202	0.0	93	3	765	0.00392156862745098
CUFF_NC.326	1	3157146	3158882	-	0	0	0		120	1	625	0.0016	447	3	2175	0.001379310344827586
CUFF_NC.329	1	3195847	3196496	+	0	0	0		33	0	155	0.0	108	0	517	0.0
CUFF_NC.330	1	3199374	3200243	+	0	0	0		43	0	212	0.0	158	0	707	0.0
CUFF_NC.339	1	3224073	3225530	+	0	0	0		101	2	524	0.003816793893129771	339	2	1895	0.0010554089709762533
CUFF_NC.328	1	3232509	3232882	+	0	0	0		17	0	84	0.0	101	0	326	0.0
CUFF_NC.331	1	3240679	3241905	+	0	0	0		72	165	295	0.559322033898305	292	245	1252	0.19568690095846644
CUFF_NC.332	1	3243911	3244784	-	0	0	0		36	0	117	0.0	255	0	826	0.0
CUFF_NC.337	1	3252142	3253640	-	0	0	0		134	1	551	0.0018148820326678765	361	3	1474	0.0020352781546811396
CUFF_NC.338	1	3254175	3254955	-	0	0	0		47	0	178	0.0	214	3	736	0.004076086956521739
CUFF_NC.342	1	3258207	3258488	+	0	0	0		18	0	89	0.0	83	0	399	0.0
CUFF_NC.333	1	3263809	3265172	+	0	0	0		8	0	56	0.0	44	0	345	0.0
CUFF_NC.334	1	3267632	3268096	-	0	0	0		21	1	114	0.008771929824561403	129	3	819	0.003663003663003663
CUFF_NC.335	1	3269878	3270900	+	0	0	0		73	1	296	0.0033783783783783786	258	1	1072	0.0009328358208955224
CUFF_NC.336	1	3271469	3272144	+	0	0	0		39	0	134	0.0	170	1	694	0.001440922190201729
CUFF_NC.344	1	3280097	3283718	-	0	0	0		289	5	1739	0.002875215641173088	992	10	5803	0.0017232465965879718
CUFF_NC.340	1	3286539	3287167	-	0	0	0		46	0	259	0.0	165	0	963	0.0
CUFF_NC.346	1	3302719	3303760	-	0	0	0		47	0	229	0.0	325	1	1626	0.0006150061500615006
CUFF_NC.341	1	3322706	3323765	+	0	0	0		46	0	174	0.0	256	0	1091	0.0
CUFF_NC.348	1	3334833	3337584	+	0	0	0		260	0	1192	0.0	877	12	4200	0.002857142857142857
CUFF_NC.349	1	3338476	3339887	+	0	0	0		134	1	817	0.0012239902080783353	385	2	2226	0.0008984725965858042
CUFF_NC.345	1	3349413	3350980	-	0	0	0		89	1	458	0.002183406113537118	465	4	2564	0.0015600624024961
CUFF_NC.343	1	3352143	3352749	-	0	0	0		50	0	279	0.0	152	1	761	0.001314060446780552
CUFF_NC.347	1	3360056	3361254	+	0	0	0		25	0	171	0.0	172	2	898	0.0022271714922048997
CUFF_NC.354	1	3395697	3398344	+	0	0	0		151	1	872	0.0011467889908256881	727	9	4064	0.0022145669291338582
CUFF_NC.353	1	3401153	3401997	-	0	0	0		51	1	319	0.003134796238244514	212	2	1200	0.0016666666666666668
CUFF_NC.351	1	3406043	3406540	-	0	0	0		18	0	73	0.0	122	0	625	0.0
CUFF_NC.352	1	3406208	3406622	+	0	0	0		14	0	68	0.0	114	1	645	0.0015503875968992248
CUFF_NC.359	1	3407127	3407934	+	0	0	0		71	0	338	0.0	224	2	748	0.00267379679144385
CUFF_NC.360	1	3410759	3411414	+	0	0	0		55	0	285	0.0	235	1	1130	0.0008849557522123894
CUFF_NC.361	1	3424401	3425678	+	0	0	0		92	1	621	0.001610305958132045	323	4	2063	0.0019389238972370335
CUFF_NC.356	1	3430237	3430699	+	0	0	0		43	1	234	0.004273504273504274	100	1	515	0.001941747572815534
CUFF_NC.358	1	3439404	3440483	+	0	0	0		73	0	374	0.0	292	2	1297	0.0015420200462606013
CUFF_NC.355	1	3441512	3441936	+	0	0	0		5	0	26	0.0	128	0	641	0.0
CUFF_NC.357	1	3442393	3443980	+	0	0	0		117	0	637	0.0	313	0	1772	0.0
CUFF_NC.362	1	3495489	3496082	-	0	0	0		28	0	198	0.0	149	3	1105	0.0027149321266968325
CUFF_NC.368	1	3511496	3511985	+	0	0	0		33	0	127	0.0	108	1	308	0.003246753246753247
CUFF_NC.363	1	3512736	3513253	+	0	0	0		23	0	93	0.0	133	0	560	0.0
CUFF_NC.364	1	3515442	3516055	+	0	0	0		45	0	168	0.0	153	2	620	0.0032258064516129032
CUFF_NC.365	1	3516722	3518011	+	0	0	0		80	0	396	0.0	349	5	1816	0.0027533039647577094
CUFF_NC.366	1	3526357	3527229	+	0	0	0		14	0	89	0.0	182	1	1348	0.000741839762611276
CUFF_NC.369	1	3532232	3533052	-	0	0	0		55	0	319	0.0	206	2	1328	0.0015060240963855422
CUFF_NC.367	1	3544912	3545614	-	0	0	0		32	0	207	0.0	182	5	1077	0.004642525533890436
CUFF_NC.370	1	3563718	3564442	-	0	0	0		38	1	289	0.0034602076124567475	214	2	1570	0.0012738853503184713
CUFF_NC.372	1	3566683	3567865	-	0	0	0		73	2	401	0.004987531172069825	298	3	1651	0.0018170805572380376
CUFF_NC.373	1	3568337	3568956	+	0	0	0		48	0	202	0.0	180	0	866	0.0
CUFF_NC.374	1	3570223	3571146	+	0	0	0		38	0	194	0.0	255	4	1468	0.0027247956403269754
CUFF_NC.371	1	3591727	3595270	+	0	0	0		220	3	1292	0.0023219814241486067	964	14	5693	0.002459160372387142
CUFF_NC.376	1	3635472	3636314	+	0	0	0		66	3	384	0.0078125	270	3	1530	0.00196078431372549
CUFF_NC.381	1	3647967	3649271	+	0	0	0		84	1	497	0.002012072434607646	376	3	2242	0.0013380909901873326
CUFF_NC.375	1	3670361	3671218	+	0	0	0		63	0	284	0.0	209	1	983	0.001017293997965412
CUFF_NC.378	1	3692561	3693563	+	0	0	0		42	0	305	0.0	268	1	1828	0.0005470459518599562
CUFF_NC.377	1	3711817	3712288	-	0	0	0		33	0	268	0.0	134	2	998	0.002004008016032064
CUFF_NC.380	1	3715150	3715636	-	0	0	0		24	0	124	0.0	129	2	774	0.002583979328165375
CUFF_NC.379	1	3718826	3719450	-	0	0	0		64	0	255	0.0	159	1	634	0.0015772870662460567
CUFF_NC.382	1	3729435	3730321	-	0	0	0		49	2	244	0.00819672131147541	239	6	1268	0.00473186119873817
CUFF_NC.384	1	3749509	3750035	+	0	0	0		16	0	67	0.0	149	2	666	0.003003003003003003
CUFF_NC.385	1	3751213	3752064	+	0	0	0		24	0	127	0.0	220	2	1129	0.001771479185119575
CUFF_NC.386	1	3756109	3757298	+	0	0	0		67	0	380	0.0	275	2	1453	0.0013764624913971094
CUFF_NC.383	1	3760279	3761493	+	0	0	0		94	0	413	0.0	280	4	1168	0.003424657534246575
CUFF_NC.388	1	3771835	3772399	-	0	0	0		19	1	98	0.01020408163265306	116	1	574	0.0017421602787456446
CUFF_NC.393	1	3795102	3799015	-	0	0	0		304	3	1870	0.0016042780748663102	1079	14	5829	0.002401784182535598
CUFF_NC.394	1	3796506	3800114	-	0	0	0		288	4	1888	0.00211864406779661	993	15	5858	0.0025606008876749744
CUFF_NC.409	1	3813937	3815241	+	0	0	0		88	1	553	0.0018083182640144665	350	2	2126	0.0009407337723424271
CUFF_NC.410	1	3821994	3823319	+	0	0	0		99	1	570	0.0017543859649122807	349	3	1914	0.001567398119122257
CUFF_NC.389	1	3828698	3829746	+	0	0	0		32	4	83	0.04819277108433735	141	1	403	0.0024813895781637717
CUFF_NC.390	1	3849218	3850633	-	0	0	0		105	1	763	0.001310615989515072	371	5	2147	0.002328830926874709
CUFF_NC.391	1	3865527	3866435	+	0	0	0		98	2	524	0.003816793893129771	268	3	1384	0.002167630057803468
CUFF_NC.392	1	3871882	3872510	+	0	0	0		24	0	181	0.0	195	0	1004	0.0
CUFF_NC.395	1	3881974	3882624	-	0	0	0		40	0	204	0.0	164	4	845	0.004733727810650888
CUFF_NC.397	1	3889548	3890701	-	0	0	0		96	34	428	0.0794392523364486	311	47	1497	0.03139612558450234
CUFF_NC.396	1	3891526	3891972	-	0	0	0		19	2	89	0.02247191011235955	108	15	485	0.030927835051546393
CUFF_NC.402	1	3892369	3897014	-	0	0	0		246	240	1185	0.20253164556962025	1157	175	5009	0.034937113196246754
CUFF_NC.398	1	3902666	3903406	-	0	0	0		55	1	231	0.004329004329004329	194	1	843	0.0011862396204033216
CUFF_NC.399	1	3930074	3931067	+	0	0	0		56	0	283	0.0	264	5	1427	0.00350385423966363
CUFF_NC.400	1	3945169	3946898	-	0	0	0		89	1	417	0.002398081534772182	396	4	1993	0.002007024586051179
CUFF_NC.405	1	3963316	3963737	+	0	0	0		22	0	105	0.0	130	1	713	0.001402524544179523
CUFF_NC.403	1	3965645	3966492	+	0	0	0		67	0	326	0.0	201	7	962	0.007276507276507277
CUFF_NC.408	1	3967553	3968904	-	0	0	0		98	1	485	0.002061855670103093	348	0	1660	0.0
CUFF_NC.406	1	3972206	3973307	+	0	0	0		89	1	361	0.002770083102493075	300	3	1430	0.002097902097902098
CUFF_NC.404	1	3973884	3974369	-	0	0	0		16	0	113	0.0	141	4	988	0.004048582995951417
CUFF_NC.411	1	3977661	3978954	+	0	0	0		87	2	543	0.003683241252302026	355	3	2205	0.0013605442176870747
CUFF_NC.407	1	3999209	4000603	-	0	0	0		54	0	341	0.0	406	2	2575	0.0007766990291262136
CUFF_NC.412	1	4002704	4003329	-	0	0	0		48	1	196	0.00510204081632653	212	2	782	0.0025575447570332483
CUFF_NC.414	1	4062460	4063630	+	0	0	0		63	1	336	0.002976190476190476	306	5	1706	0.0029308323563892145
CUFF_NC.417	1	4076017	4077102	-	0	0	0		71	1	349	0.0028653295128939827	241	3	1129	0.002657218777679362
CUFF_NC.415	1	4095034	4096028	-	0	0	0		41	0	219	0.0	262	4	1418	0.0028208744710860366
CUFF_NC.418	1	4106011	4106817	-	0	0	0		52	1	248	0.004032258064516129	183	1	914	0.0010940919037199124
CUFF_NC.419	1	4114800	4115926	+	0	0	0		75	2	467	0.004282655246252677	312	4	1705	0.002346041055718475
CUFF_NC.425	1	4122801	4123340	-	0	0	0		46	0	252	0.0	149	3	791	0.0037926675094816687
CUFF_NC.420	1	4139327	4139880	-	0	0	0		19	0	133	0.0	155	2	943	0.0021208907741251328
CUFF_NC.423	1	4144945	4145715	-	0	0	0		53	1	369	0.0027100271002710027	248	0	1720	0.0
CUFF_NC.424	1	4146082	4147628	-	0	0	0		82	1	526	0.0019011406844106464	481	8	2695	0.002968460111317254
CUFF_NC.429	1	4153463	4154903	-	0	0	0		70	1	418	0.0023923444976076554	325	4	1915	0.0020887728459530026
CUFF_NC.421	1	4162509	4163817	+	0	0	0		69	6	366	0.01639344262295082	356	7	2075	0.0033734939759036144
CUFF_NC.422	1	4164089	4164771	+	0	0	0		24	0	116	0.0	188	0	1051	0.0
CUFF_NC.426	1	4194485	4196658	-	0	0	0		145	1	682	0.001466275659824047	560	6	2392	0.002508361204013378
CUFF_NC.436	1	4207971	4209115	+	0	0	0		74	0	365	0.0	298	4	1618	0.002472187886279357
CUFF_NC.427	1	4214686	4217443	+	0	0	0		168	2	806	0.0024813895781637717	753	7	3294	0.0021250758955676987
CUFF_NC.428	1	4240857	4241309	-	0	0	0		23	1	139	0.007194244604316547	128	1	761	0.001314060446780552
CUFF_NC.430	1	4259979	4260981	-	0	0	0		53	0	279	0.0	255	1	1083	0.0009233610341643582
CUFF_NC.431	1	4263396	4264194	+	0	0	0		61	1	461	0.0021691973969631237	181	0	1124	0.0
CUFF_NC.432	1	4267175	4268104	+	0	0	0		78	1	486	0.00205761316872428	242	4	1494	0.002677376171352075
CUFF_NC.433	1	4268484	4268998	+	0	0	0		36	0	195	0.0	118	0	631	0.0
CUFF_NC.434	1	4274453	4275741	-	0	0	0		79	0	367	0.0	275	3	1154	0.0025996533795493936
CUFF_NC.435	1	4288452	4289136	+	0	0	0		36	2	279	0.007168458781362007	138	3	935	0.0032085561497326204
CUFF_NC.437	1	4307117	4307481	-	0	0	0		22	0	117	0.0	86	1	395	0.002531645569620253
CUFF_NC.438	1	4316633	4318656	-	0	0	0		109	0	562	0.0	504	7	2735	0.002559414990859232
CUFF_NC.440	1	4321547	4322235	+	0	0	0		71	0	387	0.0	207	2	1086	0.001841620626151013
CUFF_NC.441	1	4327788	4328101	+	0	0	0		18	1	89	0.011235955056179775	85	1	369	0.0027100271002710027
CUFF_NC.447	1	4336059	4337285	-	0	0	0		75	0	476	0.0	321	4	1923	0.0020800832033281333
CUFF_NC.439	1	4339021	4340173	+	0	0	0		31	0	158	0.0	245	1	1220	0.000819672131147541
CUFF_NC.442	1	4344142	4344856	-	0	0	0		37	0	245	0.0	190	3	1223	0.0024529844644317253
CUFF_NC.449	1	4357628	4358192	+	0	0	0		27	0	172	0.0	147	0	878	0.0
CUFF_NC.445	1	4368921	4369617	+	0	0	0		60	1	324	0.0030864197530864196	198	4	1042	0.003838771593090211
CUFF_NC.446	1	4369730	4371633	+	0	0	0		114	2	663	0.0030165912518853697	580	9	3385	0.002658788774002954
CUFF_NC.444	1	4379839	4380686	+	0	0	0		79	1	423	0.002364066193853428	219	2	1232	0.0016233766233766235
CUFF_NC.443	1	4384713	4385340	-	0	0	0		59	0	350	0.0	151	2	864	0.0023148148148148147
CUFF_NC.448	1	4396358	4397332	+	0	0	0		82	0	458	0.0	268	1	1442	0.0006934812760055479
CUFF_NC.451	1	4441172	4441692	+	0	0	0		50	0	245	0.0	157	1	775	0.0012903225806451613
CUFF_NC.452	1	4442376	4443303	+	0	0	0		79	0	329	0.0	290	1	948	0.0010548523206751054
CUFF_NC.453	1	4449508	4450332	-	0	0	0		57	2	338	0.005917159763313609	217	3	1304	0.0023006134969325155
CUFF_NC.454	1	4450518	4451529	-	0	0	0		94	1	416	0.002403846153846154	334	7	1502	0.004660452729693742
CUFF_NC.457	1	4467128	4468949	-	0	0	0		127	1	725	0.001379310344827586	516	1	2997	0.000333667000333667
CUFF_NC.455	1	4469279	4469706	+	0	0	0		40	1	196	0.00510204081632653	101	1	575	0.0017391304347826088
CUFF_NC.458	1	4488695	4489366	+	0	0	0		50	1	315	0.0031746031746031746	189	1	941	0.0010626992561105207
CUFF_NC.456	1	4499612	4501513	-	0	0	0		137	0	675	0.0	536	6	2305	0.0026030368763557484
CUFF_NC.464	1	4516691	4518722	-	0	0	0		125	4	903	0.004429678848283499	562	7	3355	0.0020864381520119225
CUFF_NC.465	1	4517743	4518662	-	0	0	0		59	1	398	0.002512562814070352	264	0	1330	0.0
CUFF_NC.461	1	4520557	4521058	-	0	0	0		28	1	176	0.005681818181818182	144	3	821	0.0036540803897685747
CUFF_NC.459	1	4523909	4524954	-	0	0	0		36	0	206	0.0	264	1	1531	0.0006531678641410843
CUFF_NC.462	1	4525531	4526052	+	0	0	0		15	0	86	0.0	146	1	775	0.0012903225806451613
CUFF_NC.460	1	4526959	4527364	-	0	0	0		18	0	87	0.0	79	0	343	0.0
CUFF_NC.463	1	4528624	4530258	+	0	0	0		101	1	408	0.0024509803921568627	393	2	1317	0.0015186028853454822
CUFF_NC.466	1	4542735	4543397	-	0	0	0		47	1	252	0.003968253968253968	151	1	636	0.0015723270440251573
CUFF_NC.469	1	4547440	4548718	-	0	0	0		91	1	481	0.002079002079002079	327	2	1334	0.0014992503748125937
CUFF_NC.467	1	4557194	4557948	-	0	0	0		37	1	174	0.005747126436781609	196	1	798	0.0012531328320802004
CUFF_NC.480	1	4575405	4576585	+	0	0	0		61	0	397	0.0	304	2	1628	0.0012285012285012285
CUFF_NC.470	1	4576856	4578549	+	0	0	0		98	3	597	0.005025125628140704	340	6	2011	0.0029835902536051715
CUFF_NC.468	1	4584263	4584755	+	0	0	0		8	0	25	0.0	55	0	158	0.0
CUFF_NC.471	1	4604619	4605906	-	0	0	0		36	1	198	0.005050505050505051	364	4	1962	0.0020387359836901123
CUFF_NC.476	1	4612161	4612929	+	0	0	0		45	0	301	0.0	203	5	1350	0.003703703703703704
CUFF_NC.477	1	4614381	4615182	+	0	0	0		47	0	268	0.0	214	3	1101	0.0027247956403269754
CUFF_NC.473	1	4615642	4616063	-	0	0	0		18	1	103	0.009708737864077669	101	0	560	0.0
CUFF_NC.474	1	4616849	4617611	-	0	0	0		44	0	247	0.0	221	2	1270	0.0015748031496062992
CUFF_NC.475	1	4617934	4618601	-	0	0	0		25	1	184	0.005434782608695652	176	2	1046	0.0019120458891013384
CUFF_NC.472	1	4620239	4621099	+	0	0	0		49	1	324	0.0030864197530864196	231	0	1225	0.0
CUFF_NC.478	1	4635465	4637084	+	0	0	0		103	1	652	0.0015337423312883436	481	5	2769	0.0018057060310581437
CUFF_NC.482	1	4660623	4663532	-	0	0	0		107	4	677	0.005908419497784343	639	13	4137	0.0031423737007493352
CUFF_NC.483	1	4661342	4662194	-	0	0	0		36	4	244	0.01639344262295082	197	5	1303	0.003837298541826554
CUFF_NC.479	1	4665686	4666111	+	0	0	0		21	0	63	0.0	115	1	390	0.002564102564102564
CUFF_NC.481	1	4678671	4679301	+	0	0	0		47	1	259	0.003861003861003861	195	0	993	0.0
CUFF_NC.484	1	4688092	4688959	-	0	0	0		56	0	293	0.0	207	2	1038	0.0019267822736030828
CUFF_NC.488	1	4739155	4739412	+	0	0	0		10	0	38	0.0	49	0	183	0.0
CUFF_NC.487	1	4740200	4740572	+	0	0	0		27	0	123	0.0	119	2	489	0.00408997955010225
CUFF_NC.489	1	4761023	4761700	-	0	0	0		62	0	286	0.0	185	2	939	0.002129925452609159
CUFF_NC.492	1	4793718	4794217	-	0	0	0		28	1	169	0.005917159763313609	154	1	905	0.0011049723756906078
CUFF_NC.493	1	4795557	4796460	-	0	0	0		57	2	288	0.006944444444444444	257	5	1196	0.004180602006688963
CUFF_NC.490	1	4799484	4799863	-	0	0	0		15	1	77	0.012987012987012988	114	0	610	0.0
CUFF_NC.491	1	4809987	4811166	-	0	0	0		63	1	266	0.0037593984962406013	269	4	1305	0.0030651340996168583
CUFF_NC.495	1	4827956	4828964	-	0	0	0		72	2	319	0.006269592476489028	293	2	1363	0.001467351430667645
CUFF_NC.494	1	4830593	4832117	-	0	0	0		84	251	510	0.492156862745098	472	139	2752	0.05050872093023256
CUFF_NC.497	1	4842477	4843020	-	0	0	0		33	0	167	0.0	133	2	664	0.0030120481927710845
CUFF_NC.500	1	4850433	4853225	-	0	0	0		156	2	983	0.002034587995930824	767	5	4575	0.001092896174863388
CUFF_NC.501	1	4851195	4853794	-	0	0	0		136	2	812	0.0024630541871921183	706	5	4152	0.0012042389210019267
CUFF_NC.499	1	4854521	4855101	+	0	0	0		26	0	130	0.0	123	0	548	0.0
CUFF_NC.498	1	4877439	4879858	-	0	0	0		153	2	938	0.0021321961620469083	685	9	4109	0.0021903139449987834
CUFF_NC.503	1	4891420	4892138	+	0	0	0		36	1	198	0.005050505050505051	184	2	945	0.0021164021164021165
CUFF_NC.504	1	4898996	4899860	-	0	0	0		54	0	238	0.0	222	5	1028	0.0048638132295719845
CUFF_NC.502	1	4902918	4903476	+	0	0	0		14	0	74	0.0	144	3	801	0.003745318352059925
CUFF_NC.505	1	4939028	4940166	+	0	0	0		42	0	198	0.0	353	3	1539	0.001949317738791423
CUFF_NC.508	1	4951162	4951982	+	0	0	0		38	1	247	0.004048582995951417	276	3	1459	0.00205620287868403
CUFF_NC.509	1	4955855	4956259	-	0	0	0		16	0	109	0.0	124	1	840	0.0011904761904761906
CUFF_NC.506	1	4958448	4959499	+	0	0	0		69	0	284	0.0	302	1	1355	0.0007380073800738007
CUFF_NC.507	1	4966809	4967493	-	0	0	0		23	37	113	0.3274336283185841	171	53	838	0.06324582338902147
CUFF_NC.510	1	4971105	4972097	+	0	0	0		62	1	421	0.0023752969121140144	258	4	1727	0.0023161551823972205
CUFF_NC.511	1	4991426	4992853	-	0	0	0		95	43	338	0.12721893491124261	408	26	1642	0.015834348355663823
CUFF_NC.538	1	5023890	5028602	-	0	0	0		376	2	2095	0.0009546539379474941	1248	16	6749	0.002370721588383464
CUFF_NC.539	1	5024657	5030606	-	0	0	0		492	9	2599	0.0034628703347441324	1685	21	8535	0.002460456942003515
CUFF_NC.540	1	5025146	5029836	-	0	0	0		374	7	2087	0.0033540967896502154	1296	19	7059	0.0026915993766822494
CUFF_NC.541	1	5025380	5030121	-	0	0	0		392	8	2145	0.0037296037296037296	1375	20	7277	0.002748385323622372
CUFF_NC.542	1	5030921	5031687	-	0	0	0		35	0	176	0.0	220	1	1115	0.0008968609865470852
CUFF_NC.513	1	5037790	5040393	-	0	0	0		184	0	1049	0.0	725	7	3881	0.0018036588508116465
CUFF_NC.514	1	5043099	5045583	-	0	0	0		88	0	400	0.0	311	2	1349	0.0014825796886582653
CUFF_NC.515	1	5046323	5046869	+	0	0	0		37	0	180	0.0	119	1	532	0.0018796992481203006
CUFF_NC.512	1	5047692	5048689	-	0	0	0		42	0	250	0.0	247	5	1330	0.0037593984962406013
CUFF_NC.516	1	5076369	5076989	+	0	0	0		54	1	260	0.0038461538461538464	164	2	682	0.002932551319648094
CUFF_NC.517	1	5084502	5085241	+	0	0	0		29	1	131	0.007633587786259542	217	2	967	0.002068252326783868
CUFF_NC.518	1	5098505	5099125	-	0	0	0		32	90	141	0.6382978723404256	178	129	831	0.1552346570397112
CUFF_NC.519	1	5099231	5100614	-	0	0	0		41	74	143	0.5174825174825175	230	74	767	0.09647979139504563
CUFF_NC.521	1	5104882	5106047	+	0	0	0		65	1	449	0.0022271714922048997	315	4	2071	0.001931434089811685
CUFF_NC.520	1	5114876	5115551	+	0	0	0		27	0	152	0.0	199	5	986	0.005070993914807302
CUFF_NC.526	1	5128774	5133204	+	0	0	0		124	2	803	0.0024906600249066002	945	10	6287	0.001590583744234134
CUFF_NC.527	1	5129368	5133812	+	0	0	0		113	1	800	0.00125	963	11	6701	0.0016415460379047902
CUFF_NC.522	1	5134646	5135343	+	0	0	0		25	0	170	0.0	174	2	1169	0.001710863986313088
CUFF_NC.523	1	5136860	5137964	-	0	0	0		50	0	183	0.0	239	0	858	0.0
CUFF_NC.524	1	5146517	5147031	-	0	0	0		22	0	67	0.0	120	0	398	0.0
CUFF_NC.525	1	5148981	5151333	-	0	0	0		155	2	764	0.002617801047120419	532	2	2621	0.0007630675314765357
CUFF_NC.530	1	5161741	5162446	+	0	0	0		43	0	277	0.0	223	3	1377	0.002178649237472767
CUFF_NC.529	1	5175828	5176501	+	0	0	0		39	0	204	0.0	135	0	584	0.0
CUFF_NC.531	1	5193303	5194375	+	0	0	0		56	0	235	0.0	273	3	1130	0.002654867256637168
CUFF_NC.535	1	5198996	5199357	-	0	0	0		19	0	56	0.0	97	0	277	0.0
CUFF_NC.544	1	5213099	5213783	-	0	0	0		63	0	350	0.0	213	1	1170	0.0008547008547008547
CUFF_NC.545	1	5213936	5214395	-	0	0	0		38	2	260	0.007692307692307693	137	4	942	0.004246284501061571
CUFF_NC.546	1	5220410	5224143	-	0	0	0		287	3	1687	0.0017783046828689982	1102	15	6186	0.0024248302618816685
CUFF_NC.532	1	5226927	5228063	-	0	0	0		58	1	370	0.002702702702702703	297	7	1502	0.004660452729693742
CUFF_NC.534	1	5228328	5229063	+	0	0	0		37	0	281	0.0	189	0	963	0.0
CUFF_NC.551	1	5242529	5243219	+	0	0	0		66	0	339	0.0	185	1	782	0.0012787723785166241
CUFF_NC.533	1	5249713	5250355	-	0	0	0		43	0	167	0.0	177	1	608	0.001644736842105263
CUFF_NC.550	1	5264564	5264971	+	0	0	0		15	0	85	0.0	116	0	563	0.0
CUFF_NC.536	1	5265875	5266988	+	0	0	0		115	0	648	0.0	360	4	1892	0.0021141649048625794
CUFF_NC.537	1	5267549	5268532	+	0	0	0		69	1	454	0.0022026431718061676	283	4	1720	0.002325581395348837
CUFF_NC.543	1	5280409	5280759	+	0	0	0		22	0	115	0.0	102	1	484	0.002066115702479339
CUFF_NC.547	1	5290588	5291406	-	0	0	0		38	0	263	0.0	189	6	1296	0.004629629629629629
CUFF_NC.548	1	5294379	5295682	-	0	0	0		73	0	352	0.0	373	1	1773	0.0005640157924421884
CUFF_NC.549	1	5296386	5296935	+	0	0	0		44	0	211	0.0	141	0	547	0.0
CUFF_NC.553	1	5302368	5303212	+	0	0	0		66	1	369	0.0027100271002710027	222	0	1372	0.0
CUFF_NC.552	1	5345386	5346452	+	0	0	0		45	0	200	0.0	325	2	1851	0.0010804970286331713
CUFF_NC.555	1	5351822	5354496	+	0	0	0		115	228	701	0.3252496433666191	664	177	4129	0.042867522402518767
CUFF_NC.554	1	5355726	5356865	-	0	0	0		54	129	274	0.4708029197080292	223	75	1249	0.0600480384307446
CUFF_NC.556	1	5389928	5391119	-	0	0	0		111	1	472	0.00211864406779661	321	6	1345	0.0044609665427509295
CUFF_NC.557	1	5442672	5443973	+	0	0	0		95	0	383	0.0	339	3	1472	0.0020380434782608695
CUFF_NC.566	1	5446999	5447781	+	0	0	0		81	1	362	0.0027624309392265192	237	1	1052	0.0009505703422053232
CUFF_NC.567	1	5448820	5450161	-	0	0	0		109	1	472	0.00211864406779661	306	2	991	0.0020181634712411706
CUFF_NC.559	1	5465353	5466139	-	0	0	0		47	0	293	0.0	224	5	1206	0.0041459369817578775
CUFF_NC.560	1	5468502	5469065	-	0	0	0		37	1	179	0.00558659217877095	142	0	534	0.0
CUFF_NC.558	1	5469426	5470836	-	0	0	0		96	1	521	0.0019193857965451055	337	1	1841	0.0005431830526887561
CUFF_NC.564	1	5508377	5509079	-	0	0	0		26	0	193	0.0	156	5	933	0.0053590568060021436
CUFF_NC.561	1	5516134	5517688	-	0	0	0		119	3	678	0.004424778761061947	428	6	2435	0.0024640657084188913
CUFF_NC.565	1	5520892	5521978	-	0	0	0		50	1	419	0.002386634844868735	292	3	2316	0.0012953367875647669
CUFF_NC.562	1	5528244	5528758	-	0	0	0		54	0	330	0.0	136	2	735	0.0027210884353741495
CUFF_NC.563	1	5538130	5538546	-	0	0	0		27	1	174	0.005747126436781609	118	2	726	0.0027548209366391185
CUFF_NC.568	1	5576484	5577468	-	0	0	0		63	2	405	0.0049382716049382715	274	1	1841	0.0005431830526887561
CUFF_NC.570	1	5585091	5585985	+	0	0	0		50	0	366	0.0	242	3	1754	0.0017103762827822121
CUFF_NC.569	1	5593349	5594119	+	0	0	0		38	0	222	0.0	203	5	1150	0.004347826086956522
CUFF_NC.573	1	5605312	5609065	-	0	0	0		159	2	965	0.002072538860103627	989	12	6246	0.0019212295869356388
CUFF_NC.574	1	5605473	5609826	-	0	0	0		193	2	1140	0.0017543859649122807	1131	14	6855	0.0020423048869438365
CUFF_NC.575	1	5606732	5611443	-	0	0	0		194	2	1164	0.001718213058419244	1195	13	7286	0.001784243755146857
CUFF_NC.571	1	5616057	5617616	-	0	0	0		101	1	492	0.0020325203252032522	415	4	1957	0.002043944813490036
CUFF_NC.576	1	5629182	5631131	+	0	0	0		102	0	648	0.0	558	4	3173	0.0012606366214938543
CUFF_NC.572	1	5644600	5646101	+	0	0	0		60	0	243	0.0	315	0	1656	0.0
CUFF_NC.577	1	5651498	5651930	+	0	0	0		28	0	171	0.0	101	0	644	0.0
CUFF_NC.579	1	5692118	5693863	-	0	0	0		172	700	1063	0.658513640639699	517	440	3119	0.14107085604360373
CUFF_NC.589	1	5708554	5709424	-	0	0	0		61	0	331	0.0	248	2	1448	0.0013812154696132596
CUFF_NC.590	1	5713449	5713853	-	0	0	0		32	2	259	0.007722007722007722	93	2	680	0.0029411764705882353
CUFF_NC.580	1	5730914	5731512	+	0	0	0		44	0	224	0.0	134	2	613	0.0032626427406199023
CUFF_NC.587	1	5737907	5739008	-	0	0	0		85	3	408	0.007352941176470588	306	2	1483	0.0013486176668914363
CUFF_NC.583	1	5755671	5756250	-	0	0	0		19	0	111	0.0	165	3	967	0.0031023784901758012
CUFF_NC.581	1	5765028	5765584	+	0	0	0		44	0	187	0.0	132	0	493	0.0
CUFF_NC.582	1	5767368	5767808	-	0	0	0		21	0	112	0.0	111	0	607	0.0
CUFF_NC.584	1	5810663	5816687	-	0	0	0		202	4	1151	0.0034752389226759338	1361	14	8287	0.0016893930252202245
CUFF_NC.585	1	5820840	5821823	-	0	0	0		59	0	343	0.0	290	5	1565	0.003194888178913738
CUFF_NC.586	1	5823000	5824474	-	0	0	0		106	2	612	0.0032679738562091504	361	3	1922	0.0015608740894901144
CUFF_NC.593	1	5859504	5864119	+	0	0	0		175	20	771	0.02594033722438392	951	42	4308	0.009749303621169917
CUFF_NC.594	1	5860173	5861170	+	0	0	0		65	1	356	0.0028089887640449437	229	3	1255	0.002390438247011952
CUFF_NC.595	1	5861583	5862237	+	0	0	0		20	0	96	0.0	183	1	1026	0.0009746588693957114
CUFF_NC.588	1	5869649	5870645	-	0	0	0		50	1	229	0.004366812227074236	234	5	1031	0.004849660523763337
CUFF_NC.591	1	5872566	5873062	-	0	0	0		32	0	166	0.0	138	1	627	0.001594896331738437
CUFF_NC.592	1	5875139	5876521	-	0	0	0		66	1	282	0.0035460992907801418	313	3	1139	0.0026338893766461808
CUFF_NC.596	1	5885363	5886884	-	0	0	0		101	0	538	0.0	465	5	2291	0.002182453077258839
CUFF_NC.597	1	5890606	5895946	-	0	0	0		408	4	2560	0.0015625	1435	12	8500	0.001411764705882353
CUFF_NC.598	1	5928298	5928756	+	0	0	0		17	0	104	0.0	132	3	778	0.0038560411311053984
CUFF_NC.599	1	5933665	5934270	-	0	0	0		52	0	278	0.0	125	1	526	0.0019011406844106464
CUFF_NC.603	1	5956811	5957296	+	0	0	0		25	0	166	0.0	127	1	790	0.0012658227848101266
CUFF_NC.600	1	5980129	5981704	-	0	0	0		119	1	640	0.0015625	404	2	2167	0.0009229349330872173
CUFF_NC.601	1	5982121	5982877	-	0	0	0		53	1	322	0.003105590062111801	174	2	865	0.0023121387283236996
CUFF_NC.602	1	5987255	5987750	+	0	0	0		43	2	177	0.011299435028248588	143	0	463	0.0
CUFF_NC.606	1	5997924	5999260	-	0	0	0		83	2	478	0.0041841004184100415	337	4	1918	0.0020855057351407717
CUFF_NC.604	1	6029735	6030534	+	0	0	0		87	1	399	0.002506265664160401	227	1	1059	0.0009442870632672333
CUFF_NC.607	1	6048803	6049354	-	0	0	0		25	0	148	0.0	150	0	973	0.0
CUFF_NC.605	1	6061883	6063228	-	0	0	0		84	0	439	0.0	347	3	1515	0.0019801980198019802
CUFF_NC.609	1	6097843	6098273	+	0	0	0		18	0	82	0.0	111	3	513	0.005847953216374269
CUFF_NC.608	1	6104253	6105167	-	0	0	0		71	1	459	0.002178649237472767	276	2	1538	0.0013003901170351106
CUFF_NC.610	1	6140563	6141577	+	0	0	0		20	0	106	0.0	98	0	447	0.0
CUFF_NC.614	1	6144437	6144880	-	0	0	0		32	0	233	0.0	118	1	732	0.001366120218579235
CUFF_NC.612	1	6160283	6161509	-	0	0	0		4	0	4	0.0	27	0	27	0.0
CUFF_NC.613	1	6177105	6178338	-	0	0	0		50	0	268	0.0	329	5	2018	0.002477700693756194
CUFF_NC.617	1	6184735	6185825	-	0	0	0		38	0	172	0.0	215	0	974	0.0
CUFF_NC.618	1	6197413	6198109	-	0	0	0		39	160	258	0.6201550387596899	135	116	883	0.13137032842582105
CUFF_NC.619	1	6197613	6198213	+	0	0	0		38	160	265	0.6037735849056604	133	110	911	0.1207464324917673
CUFF_NC.629	1	6204225	6204871	-	0	0	0		34	0	167	0.0	134	3	633	0.004739336492890996
CUFF_NC.627	1	6210888	6212826	+	0	0	0		102	88	608	0.14473684210526316	418	67	2179	0.03074804956402019
CUFF_NC.623	1	6244623	6245252	+	0	0	0		53	5	333	0.015015015015015015	168	1	821	0.001218026796589525
CUFF_NC.624	1	6245586	6246156	+	0	0	0		48	2	360	0.005555555555555556	148	1	1195	0.0008368200836820083
CUFF_NC.625	1	6247847	6248320	+	0	0	0		28	0	190	0.0	109	1	721	0.0013869625520110957
CUFF_NC.634	1	6254240	6254622	-	0	0	0		41	0	147	0.0	100	0	309	0.0
CUFF_NC.633	1	6258116	6258795	+	0	0	0		50	0	367	0.0	190	3	1307	0.0022953328232593728
CUFF_NC.622	1	6262491	6263371	-	0	0	0		8	0	36	0.0	50	1	197	0.005076142131979695
CUFF_NC.626	1	6268094	6268794	+	0	0	0		70	0	391	0.0	164	1	872	0.0011467889908256881
CUFF_NC.637	1	6279181	6279522	+	0	0	0		17	0	58	0.0	75	1	342	0.0029239766081871343
CUFF_NC.638	1	6280906	6282963	+	0	0	0		149	1	824	0.0012135922330097086	532	7	2743	0.0025519504192489974
CUFF_NC.639	1	6283364	6283817	+	0	0	0		31	0	192	0.0	109	0	639	0.0
CUFF_NC.630	1	6297320	6297957	-	0	0	0		37	0	204	0.0	179	2	839	0.0023837902264600714
CUFF_NC.632	1	6302003	6302404	+	0	0	0		20	0	121	0.0	84	1	492	0.0020325203252032522
CUFF_NC.631	1	6303568	6303967	+	0	0	0		26	0	87	0.0	83	0	172	0.0
CUFF_NC.636	1	6325526	6326848	-	0	0	0		96	1	650	0.0015384615384615385	300	6	1898	0.003161222339304531
CUFF_NC.635	1	6331526	6331934	-	0	0	0		22	0	137	0.0	101	0	508	0.0
CUFF_NC.642	1	6337963	6338441	+	0	0	0		34	0	199	0.0	143	3	743	0.004037685060565276
CUFF_NC.646	1	6353565	6353928	-	0	0	0		28	0	174	0.0	124	0	687	0.0
CUFF_NC.645	1	6359787	6360194	+	0	0	0		20	0	99	0.0	113	2	588	0.003401360544217687
CUFF_NC.640	1	6361632	6362593	-	0	0	0		73	1	396	0.0025252525252525255	289	2	1322	0.0015128593040847202
CUFF_NC.641	1	6366214	6366648	-	0	0	0		21	0	123	0.0	131	2	734	0.0027247956403269754
CUFF_NC.647	1	6381707	6383280	+	0	0	0		110	1	641	0.0015600624024961	462	2	2656	0.0007530120481927711
CUFF_NC.644	1	6400622	6400958	-	0	0	0		22	0	90	0.0	94	0	337	0.0
CUFF_NC.643	1	6402951	6403657	+	0	0	0		13	59	123	0.4796747967479675	134	140	1074	0.1303538175046555
CUFF_NC.661	1	6409606	6410168	-	0	0	0		24	0	156	0.0	157	3	901	0.003329633740288568
CUFF_NC.657	1	6425066	6426603	-	0	0	0		71	25	435	0.05747126436781609	386	162	2674	0.0605833956619297
CUFF_NC.649	1	6427039	6427641	+	0	0	0		27	1	178	0.0056179775280898875	174	3	1179	0.002544529262086514
CUFF_NC.650	1	6428035	6428601	+	0	0	0		31	1	242	0.004132231404958678	165	6	1409	0.0042583392476933995
CUFF_NC.659	1	6432826	6433447	+	0	0	0		38	0	205	0.0	166	1	894	0.0011185682326621924
CUFF_NC.658	1	6435370	6435775	-	0	0	0		39	0	213	0.0	119	2	607	0.0032948929159802307
CUFF_NC.652	1	6442384	6443008	-	0	0	0		50	0	279	0.0	145	0	798	0.0
CUFF_NC.648	1	6456198	6457276	+	0	0	0		27	0	104	0.0	196	1	750	0.0013333333333333333
CUFF_NC.651	1	6457905	6460385	+	0	0	0		109	2	593	0.003372681281618887	622	9	3413	0.002636976267213595
CUFF_NC.654	1	6466502	6467006	-	0	0	0		27	0	162	0.0	129	2	589	0.003395585738539898
CUFF_NC.656	1	6471333	6471850	+	0	0	0		27	1	193	0.0051813471502590676	135	7	764	0.009162303664921465
CUFF_NC.655	1	6472035	6472490	-	0	0	0		17	0	109	0.0	114	3	846	0.0035460992907801418
CUFF_NC.662	1	6475104	6475507	-	0	0	0		43	1	221	0.004524886877828055	105	2	522	0.0038314176245210726
CUFF_NC.663	1	6476936	6477288	+	0	0	0		24	0	116	0.0	73	0	373	0.0
CUFF_NC.660	1	6485640	6486715	+	0	0	0		59	0	308	0.0	293	3	1217	0.0024650780608052587
CUFF_NC.664	1	6499383	6500301	-	0	0	0		48	1	249	0.004016064257028112	209	1	1032	0.0009689922480620155
CUFF_NC.668	1	6501223	6502180	+	0	0	0		75	1	348	0.0028735632183908046	282	0	1217	0.0
CUFF_NC.665	1	6508044	6508558	+	0	0	0		15	0	87	0.0	118	2	713	0.002805049088359046
CUFF_NC.667	1	6525323	6525994	+	0	0	0		44	2	255	0.00784313725490196	172	1	888	0.0011261261261261261
CUFF_NC.666	1	6542685	6543530	-	0	0	0		4	7	15	0.4666666666666667	20	11	54	0.2037037037037037
CUFF_NC.669	1	6550581	6551845	-	0	0	0		97	2	518	0.003861003861003861	338	3	1723	0.0017411491584445734
CUFF_NC.670	1	6590076	6590868	-	0	0	0		50	150	257	0.5836575875486382	226	109	1043	0.10450623202301054
CUFF_NC.671	1	6622295	6623244	-	0	0	0		56	1	313	0.003194888178913738	284	2	1497	0.0013360053440213762
CUFF_NC.672	1	6623723	6624869	-	0	0	0		66	1	364	0.0027472527472527475	271	4	1321	0.003028009084027252
CUFF_NC.673	1	6625259	6626086	+	0	0	0		55	0	290	0.0	219	0	1170	0.0
CUFF_NC.674	1	6631758	6632548	+	0	0	0		59	1	365	0.0027397260273972603	208	2	1223	0.001635322976287817
CUFF_NC.682	1	6668647	6669058	-	0	0	0		19	1	103	0.009708737864077669	129	2	653	0.0030627871362940277
CUFF_NC.681	1	6671042	6672918	+	0	0	0		115	1	518	0.0019305019305019305	469	5	2180	0.0022935779816513763
CUFF_NC.678	1	6689419	6689856	-	0	0	0		28	0	176	0.0	127	1	580	0.0017241379310344827
CUFF_NC.677	1	6692011	6692416	+	0	0	0		19	1	84	0.011904761904761904	99	1	456	0.0021929824561403508
CUFF_NC.676	1	6697838	6698582	-	0	0	0		57	1	314	0.0031847133757961785	170	2	1087	0.0018399264029438822
CUFF_NC.675	1	6704241	6704877	-	0	0	0		2	1	2	0.5	49	69	251	0.2749003984063745
CUFF_NC.693	1	6709771	6711353	-	0	0	0		47	0	313	0.0	264	3	1728	0.001736111111111111
CUFF_NC.690	1	6712848	6713716	+	0	0	0		67	0	422	0.0	264	3	1723	0.0017411491584445734
CUFF_NC.688	1	6724547	6725926	+	0	0	0		77	0	485	0.0	395	3	2352	0.0012755102040816326
CUFF_NC.689	1	6726731	6727457	+	0	0	0		51	1	254	0.003937007874015748	221	3	1036	0.0028957528957528956
CUFF_NC.680	1	6728858	6729702	-	0	0	0		68	3	433	0.006928406466512702	229	5	1347	0.003711952487008166
CUFF_NC.685	1	6738536	6741989	-	0	0	0		188	1	1090	0.0009174311926605505	766	6	4229	0.0014187751241428233
CUFF_NC.686	1	6739208	6742527	-	0	0	0		177	1	1008	0.000992063492063492	817	6	4282	0.0014012143858010276
CUFF_NC.683	1	6744499	6745100	-	0	0	0		46	0	274	0.0	156	1	855	0.0011695906432748538
CUFF_NC.684	1	6755257	6755765	+	0	0	0		22	0	89	0.0	102	0	359	0.0
CUFF_NC.695	1	6787612	6788185	+	0	0	0		45	1	277	0.0036101083032490976	136	2	904	0.0022123893805309734
CUFF_NC.691	1	6788831	6789780	+	0	0	0		24	0	125	0.0	255	1	1521	0.0006574621959237344
CUFF_NC.692	1	6790759	6791610	+	0	0	0		51	0	236	0.0	184	1	759	0.0013175230566534915
CUFF_NC.694	1	6803672	6805064	+	0	0	0		90	0	537	0.0	345	6	2016	0.002976190476190476
CUFF_NC.700	1	6808276	6808543	+	0	0	0		27	1	168	0.005952380952380952	69	1	361	0.002770083102493075
CUFF_NC.696	1	6824470	6825388	-	0	0	0		82	0	410	0.0	193	2	888	0.0022522522522522522
CUFF_NC.697	1	6838611	6839520	+	0	0	0		48	0	239	0.0	246	2	1271	0.0015735641227380016
CUFF_NC.698	1	6851671	6852825	-	0	0	0		42	0	251	0.0	300	4	1772	0.002257336343115124
CUFF_NC.699	1	6858255	6859042	+	0	0	0		52	1	261	0.0038314176245210726	233	0	1045	0.0
CUFF_NC.705	1	6890225	6891097	-	0	0	0		79	0	561	0.0	263	3	1819	0.0016492578339747114
CUFF_NC.702	1	6895520	6896943	+	0	0	0		130	2	675	0.002962962962962963	422	5	2265	0.002207505518763797
CUFF_NC.701	1	6900451	6901162	+	0	0	0		53	0	277	0.0	194	3	985	0.003045685279187817
CUFF_NC.703	1	6927845	6928538	-	0	0	0		27	0	91	0.0	187	0	715	0.0
CUFF_NC.704	1	6941663	6942315	+	0	0	0		29	0	158	0.0	178	1	823	0.001215066828675577
CUFF_NC.706	1	6968402	6968805	-	0	0	0		26	0	145	0.0	105	2	545	0.003669724770642202
CUFF_NC.708	1	6992655	6993399	+	0	0	0		59	0	295	0.0	223	1	1064	0.0009398496240601503
CUFF_NC.707	1	6995770	6996246	-	0	0	0		6	0	33	0.0	131	4	627	0.006379585326953748
CUFF_NC.711	1	7019723	7020378	-	0	0	0		38	0	204	0.0	186	2	1019	0.001962708537782139
CUFF_NC.710	1	7038879	7043373	+	0	0	0		231	0	1245	0.0	1159	13	6452	0.0020148791072535648
CUFF_NC.709	1	7048958	7049612	-	0	0	0		29	1	173	0.005780346820809248	178	0	914	0.0
CUFF_NC.713	1	7076397	7076752	+	0	0	0		2	0	11	0.0	80	1	442	0.0022624434389140274
CUFF_NC.714	1	7083343	7083813	+	0	0	0		39	2	227	0.00881057268722467	105	1	676	0.0014792899408284023
CUFF_NC.719	1	7084527	7090282	+	0	0	0		252	4	1411	0.002834868887313962	1437	22	8288	0.0026544401544401543
CUFF_NC.715	1	7093112	7093593	-	0	0	0		31	1	286	0.0034965034965034965	126	1	985	0.0010152284263959391
CUFF_NC.716	1	7095589	7096808	+	0	0	0		83	0	352	0.0	331	2	1248	0.0016025641025641025
CUFF_NC.720	1	7102174	7102851	+	0	0	0		59	0	227	0.0	163	1	586	0.0017064846416382253
CUFF_NC.717	1	7104819	7105919	+	0	0	0		65	1	391	0.0025575447570332483	277	4	1274	0.0031397174254317113
CUFF_NC.718	1	7106127	7108108	+	0	0	0		137	0	794	0.0	523	3	2800	0.0010714285714285715
CUFF_NC.722	1	7143585	7148060	-	0	0	0		293	2	1396	0.0014326647564469914	1155	12	5480	0.0021897810218978104
CUFF_NC.721	1	7150358	7151354	+	0	0	0		25	0	153	0.0	230	5	1362	0.003671071953010279
CUFF_NC.723	1	7164303	7166129	+	0	0	0		154	1	605	0.001652892561983471	469	2	1887	0.0010598834128245894
CUFF_NC.724	1	7167238	7168166	+	0	0	0		47	0	276	0.0	238	3	1948	0.001540041067761807
CUFF_NC.726	1	7218775	7220627	-	0	0	0		144	2	948	0.002109704641350211	565	8	3425	0.0023357664233576644
CUFF_NC.727	1	7221032	7222455	+	0	0	0		100	4	595	0.0067226890756302525	370	7	2103	0.0033285782215882074
CUFF_NC.728	1	7230957	7231850	+	0	0	0		26	1	141	0.0070921985815602835	246	0	1132	0.0
CUFF_NC.729	1	7238949	7239378	-	0	0	0		52	0	209	0.0	103	0	352	0.0
CUFF_NC.731	1	7253321	7253711	-	0	0	0		31	0	174	0.0	120	1	601	0.0016638935108153079
CUFF_NC.730	1	7255178	7255700	+	0	0	0		20	27	56	0.48214285714285715	69	18	211	0.08530805687203792
CUFF_NC.738	1	7262309	7262780	+	0	0	0		28	0	177	0.0	139	2	847	0.0023612750885478157
CUFF_NC.739	1	7265119	7265750	+	0	0	0		23	2	145	0.013793103448275862	127	1	704	0.0014204545454545455
CUFF_NC.734	1	7285214	7287146	-	0	0	0		104	2	572	0.0034965034965034965	494	2	1840	0.0010869565217391304
CUFF_NC.735	1	7288924	7289697	-	0	0	0		43	0	307	0.0	225	5	1501	0.0033311125916055963
CUFF_NC.736	1	7293945	7294320	+	0	0	0		25	1	212	0.0047169811320754715	91	5	791	0.006321112515802781
CUFF_NC.737	1	7302577	7303189	+	0	0	0		48	1	183	0.00546448087431694	214	1	828	0.0012077294685990338
CUFF_NC.732	1	7330460	7331062	+	0	0	0		40	0	145	0.0	162	2	590	0.003389830508474576
CUFF_NC.733	1	7337744	7338756	-	0	0	0		57	1	436	0.0022935779816513763	269	3	1955	0.001534526854219949
CUFF_NC.740	1	7341873	7342425	+	0	0	0		24	0	151	0.0	140	0	823	0.0
CUFF_NC.741	1	7366514	7368134	-	0	0	0		74	2	400	0.005	416	5	2220	0.0022522522522522522
CUFF_NC.742	1	7385460	7386423	-	0	0	0		66	0	367	0.0	266	3	1438	0.002086230876216968
CUFF_NC.746	1	7386964	7400621	+	0	0	0		469	83	2375	0.03494736842105263	2785	150	14064	0.010665529010238909
CUFF_NC.747	1	7388175	7391509	+	0	0	0		127	2	724	0.0027624309392265192	841	7	4315	0.0016222479721900347
CUFF_NC.743	1	7404113	7405553	-	0	0	0		54	0	277	0.0	363	5	1967	0.002541942043721403
CUFF_NC.754	1	7408912	7411838	+	0	0	0		201	8	1219	0.006562756357670222	853	9	4667	0.001928433683308335
CUFF_NC.756	1	7443160	7444514	+	0	0	0		44	1	308	0.003246753246753247	317	1	1905	0.0005249343832020997
CUFF_NC.755	1	7444565	7445644	-	0	0	0		81	1	457	0.002188183807439825	307	2	1575	0.0012698412698412698
CUFF_NC.748	1	7468052	7468461	+	0	0	0		21	0	116	0.0	113	1	573	0.0017452006980802793
CUFF_NC.744	1	7471788	7472379	-	0	0	0		23	0	132	0.0	154	4	939	0.004259850905218318
CUFF_NC.745	1	7475212	7475692	-	0	0	0		24	31	121	0.256198347107438	119	7	638	0.0109717868338558
CUFF_NC.750	1	7476091	7476524	-	0	0	0		60	0	363	0.0	112	3	679	0.004418262150220913
CUFF_NC.749	1	7489781	7490837	+	0	0	0		59	2	343	0.0058309037900874635	289	0	1487	0.0
CUFF_NC.751	1	7518221	7519090	+	0	0	0		50	0	286	0.0	202	2	1138	0.0017574692442882249
CUFF_NC.752	1	7529488	7534911	+	0	0	0		236	2	1258	0.001589825119236884	1266	16	6659	0.0024027631776543023
CUFF_NC.753	1	7531486	7532821	+	0	0	0		65	0	357	0.0	379	4	1951	0.0020502306509482316
CUFF_NC.759	1	7545226	7549400	+	0	0	0		235	4	1278	0.003129890453834116	1134	13	6329	0.002054036972665508
CUFF_NC.765	1	7555306	7555954	-	0	0	0		40	0	220	0.0	176	3	994	0.0030181086519114686
CUFF_NC.760	1	7567550	7568035	+	0	0	0		27	0	138	0.0	130	0	694	0.0
CUFF_NC.763	1	7589291	7590698	-	0	0	0		123	2	766	0.0026109660574412533	392	5	2369	0.002110595187842972
CUFF_NC.762	1	7603301	7604234	+	0	0	0		56	0	361	0.0	244	1	1220	0.000819672131147541
CUFF_NC.761	1	7610146	7612553	-	0	0	0		185	2	1115	0.0017937219730941704	614	6	3673	0.0016335420637081405
CUFF_NC.764	1	7612864	7613594	-	0	0	0		51	0	329	0.0	186	5	1088	0.004595588235294118
CUFF_NC.766	1	7648265	7648731	-	0	0	0		37	1	171	0.005847953216374269	138	1	622	0.001607717041800643
CUFF_NC.768	1	7656384	7657055	+	0	0	0		54	1	330	0.0030303030303030303	179	7	1035	0.00676328502415459
CUFF_NC.767	1	7661308	7662622	+	0	0	0		49	1	250	0.004	343	5	1720	0.0029069767441860465
CUFF_NC.769	1	7696651	7697347	-	0	0	0		26	0	100	0.0	235	3	1041	0.002881844380403458
CUFF_NC.773	1	7704755	7711368	+	0	0	0		218	88	1316	0.0668693009118541	1532	99	9737	0.010167402690767177
CUFF_NC.774	1	7710309	7712324	+	0	0	0		47	124	347	0.3573487031700288	477	136	3501	0.03884604398743216
CUFF_NC.775	1	7714543	7715859	+	0	0	0		51	15	305	0.04918032786885246	307	130	1661	0.07826610475617098
CUFF_NC.777	1	7718011	7719391	-	0	0	0		6	14	39	0.358974358974359	186	184	1287	0.14296814296814297
CUFF_NC.776	1	7719716	7722549	-	0	0	0		14	35	75	0.4666666666666667	250	309	1196	0.2583612040133779
CUFF_NC.770	1	7727826	7728582	+	0	0	0		44	0	243	0.0	214	2	905	0.0022099447513812156
CUFF_NC.771	1	7729191	7729839	+	0	0	0		16	0	99	0.0	152	2	885	0.0022598870056497176
CUFF_NC.772	1	7744071	7745102	-	0	0	0		58	204	339	0.6017699115044248	317	146	1724	0.08468677494199536
CUFF_NC.779	1	7759168	7760944	+	0	0	0		86	1	506	0.001976284584980237	413	4	2032	0.001968503937007874
CUFF_NC.778	1	7765520	7766719	+	0	0	0		55	127	327	0.38837920489296635	300	74	1622	0.04562268803945746
CUFF_NC.784	1	7788257	7789334	-	0	0	0		36	0	255	0.0	236	2	1482	0.001349527665317139
CUFF_NC.785	1	7790275	7790558	-	0	0	0		18	0	118	0.0	72	0	475	0.0
CUFF_NC.781	1	7801463	7802203	+	0	0	0		34	0	112	0.0	212	0	816	0.0
CUFF_NC.782	1	7803295	7803884	+	0	0	0		11	0	76	0.0	115	0	785	0.0
CUFF_NC.780	1	7816159	7816768	+	0	0	0		8	0	64	0.0	153	2	1107	0.0018066847335140017
CUFF_NC.786	1	7829662	7830292	+	0	0	0		29	1	242	0.004132231404958678	141	2	1211	0.0016515276630883566
CUFF_NC.783	1	7835820	7837187	-	0	0	0		91	1	418	0.0023923444976076554	311	2	1379	0.0014503263234227702
CUFF_NC.787	1	7846557	7847645	-	0	0	0		71	0	336	0.0	254	3	1106	0.0027124773960217
CUFF_NC.788	1	7849863	7851098	-	0	0	0		68	0	299	0.0	282	3	1205	0.0024896265560165973
CUFF_NC.789	1	7882678	7883213	+	0	0	0		38	0	221	0.0	156	0	630	0.0
CUFF_NC.797	1	7884755	7887735	-	0	0	0		112	2	743	0.0026917900403768506	692	3	4730	0.0006342494714587737
CUFF_NC.798	1	7888127	7888907	-	0	0	0		30	1	104	0.009615384615384616	249	4	1190	0.0033613445378151263
CUFF_NC.804	1	7893959	7906888	+	0	0	0		563	7	3127	0.002238567316917173	3252	36	18437	0.0019525953246189727
CUFF_NC.791	1	7908473	7909965	+	0	0	0		64	3	368	0.008152173913043478	418	3	2078	0.0014436958614051972
CUFF_NC.792	1	7908567	7909708	-	0	0	0		49	3	253	0.011857707509881422	325	3	1404	0.002136752136752137
CUFF_NC.790	1	7917165	7918557	+	0	0	0		40	0	223	0.0	305	4	1768	0.0022624434389140274
CUFF_NC.799	1	7925994	7926945	-	0	0	0		91	1	421	0.0023752969121140144	240	1	1023	0.0009775171065493646
CUFF_NC.793	1	7931628	7932056	-	0	0	0		25	0	119	0.0	107	1	573	0.0017452006980802793
CUFF_NC.795	1	7932639	7933576	+	0	0	0		43	0	223	0.0	213	2	1172	0.0017064846416382253
CUFF_NC.794	1	7934220	7934708	+	0	0	0		35	1	138	0.007246376811594203	126	1	416	0.002403846153846154
CUFF_NC.796	1	7956993	7958378	+	0	0	0		137	0	538	0.0	380	5	1394	0.003586800573888092
CUFF_NC.802	1	7964205	7964617	-	0	0	0		19	0	40	0.0	33	0	88	0.0
CUFF_NC.801	1	7978149	7979763	+	0	0	0		69	1	419	0.002386634844868735	372	3	2103	0.0014265335235378032
CUFF_NC.800	1	7988193	7989454	+	0	0	0		68	0	293	0.0	294	3	1110	0.002702702702702703
CUFF_NC.805	1	8015322	8016439	+	0	0	0		42	0	215	0.0	213	1	1078	0.0009276437847866419
CUFF_NC.806	1	8029480	8029952	+	0	0	0		25	0	152	0.0	137	1	762	0.0013123359580052493
CUFF_NC.803	1	8031763	8032054	+	0	0	0		23	0	81	0.0	89	1	367	0.0027247956403269754
CUFF_NC.807	1	8046829	8048896	-	0	0	0		147	1	819	0.001221001221001221	593	7	3049	0.0022958346999016072
CUFF_NC.816	1	8052884	8053909	-	0	0	0		48	119	360	0.33055555555555555	259	111	1994	0.055667001003009024
CUFF_NC.808	1	8056533	8057180	-	0	0	0		33	2	168	0.011904761904761904	201	2	909	0.0022002200220022
CUFF_NC.809	1	8057490	8058549	-	0	0	0		73	5	328	0.01524390243902439	294	3	1510	0.001986754966887417
CUFF_NC.810	1	8061835	8062539	-	0	0	0		36	1	185	0.005405405405405406	176	0	768	0.0
CUFF_NC.811	1	8065127	8065892	-	0	0	0		77	0	414	0.0	227	1	1155	0.0008658008658008658
CUFF_NC.823	1	8089286	8089821	-	0	0	0		56	0	327	0.0	129	0	664	0.0
CUFF_NC.812	1	8095397	8097669	-	0	0	0		180	2	929	0.002152852529601722	638	8	3366	0.0023767082590612004
CUFF_NC.822	1	8103989	8104658	+	0	0	0		51	1	251	0.00398406374501992	178	1	779	0.0012836970474967907
CUFF_NC.814	1	8117992	8118469	-	0	0	0		25	0	148	0.0	144	2	670	0.0029850746268656717
CUFF_NC.815	1	8121203	8122072	-	0	0	0		42	1	231	0.004329004329004329	212	3	1054	0.0028462998102466793
CUFF_NC.813	1	8135347	8136017	+	0	0	0		62	2	361	0.00554016620498615	163	2	875	0.002285714285714286
CUFF_NC.817	1	8143746	8144877	-	0	0	0		94	1	472	0.00211864406779661	328	2	1878	0.0010649627263045794
CUFF_NC.826	1	8146801	8147722	-	0	0	0		33	2	145	0.013793103448275862	243	4	1260	0.0031746031746031746
CUFF_NC.820	1	8164708	8165716	-	0	0	0		60	0	289	0.0	251	3	1147	0.0026155187445510027
CUFF_NC.819	1	8168442	8169267	-	0	0	0		30	0	142	0.0	205	1	967	0.001034126163391934
CUFF_NC.821	1	8171071	8172194	+	0	0	0		61	0	344	0.0	321	2	1709	0.0011702750146284377
CUFF_NC.824	1	8186759	8187171	+	0	0	0		32	0	210	0.0	90	1	599	0.001669449081803005
CUFF_NC.825	1	8188029	8189280	+	0	0	0		61	0	314	0.0	293	2	1716	0.0011655011655011655
CUFF_NC.827	1	8206941	8207640	-	0	0	0		30	1	162	0.006172839506172839	185	3	929	0.0032292787944025836
CUFF_NC.828	1	8230049	8230910	-	0	0	0		40	0	204	0.0	189	0	879	0.0
CUFF_NC.829	1	8234108	8235031	+	0	0	0		50	0	234	0.0	177	2	755	0.0026490066225165563
CUFF_NC.833	1	8245564	8245843	-	0	0	0		22	0	119	0.0	86	1	491	0.002036659877800407
CUFF_NC.834	1	8249507	8252261	-	0	0	0		232	4	1080	0.003703703703703704	685	10	3454	0.0028951939779965257
CUFF_NC.830	1	8252703	8257106	+	0	0	0		139	0	846	0.0	956	8	5715	0.0013998250218722659
CUFF_NC.831	1	8293462	8294488	+	0	0	0		46	1	241	0.004149377593360996	234	2	1157	0.001728608470181504
CUFF_NC.836	1	8295105	8295410	+	0	0	0		20	1	91	0.01098901098901099	73	1	332	0.0030120481927710845
CUFF_NC.835	1	8309344	8310917	+	0	0	0		87	2	402	0.004975124378109453	379	9	1954	0.004605936540429887
CUFF_NC.840	1	8311921	8313268	+	0	0	0		68	2	481	0.004158004158004158	373	12	2285	0.00525164113785558
CUFF_NC.832	1	8319579	8320470	-	0	0	0		53	136	245	0.5551020408163265	257	186	1162	0.16006884681583478
CUFF_NC.841	1	8341828	8344700	+	0	0	0		133	0	947	0.0	716	15	4764	0.0031486146095717885
CUFF_NC.837	1	8345561	8346569	-	0	0	0		47	0	253	0.0	269	3	1571	0.0019096117122851686
CUFF_NC.839	1	8355012	8355787	+	0	0	0		36	2	235	0.00851063829787234	191	3	1288	0.002329192546583851
CUFF_NC.838	1	8358318	8358752	+	0	0	0		21	0	122	0.0	123	1	586	0.0017064846416382253
CUFF_NC.844	1	8359486	8360238	+	0	0	0		27	0	173	0.0	225	3	1118	0.0026833631484794273
CUFF_NC.842	1	8362823	8363795	+	0	0	0		54	1	374	0.00267379679144385	236	1	1645	0.0006079027355623101
CUFF_NC.847	1	8366651	8367681	+	0	0	0		59	0	328	0.0	254	1	1422	0.0007032348804500703
CUFF_NC.843	1	8373231	8373731	+	0	0	0		28	0	141	0.0	130	0	642	0.0
CUFF_NC.845	1	8378914	8380913	+	0	0	0		151	3	818	0.003667481662591687	491	6	2488	0.002411575562700965
CUFF_NC.849	1	8396827	8397245	-	0	0	0		10	0	63	0.0	122	4	828	0.004830917874396135
CUFF_NC.848	1	8405318	8407273	+	0	0	0		110	1	709	0.0014104372355430183	534	1	2960	0.00033783783783783786
CUFF_NC.850	1	8419216	8420142	-	0	0	0		49	4	343	0.011661807580174927	243	14	1471	0.009517335146159076
CUFF_NC.852	1	8441108	8441568	-	0	0	0		17	0	64	0.0	43	0	98	0.0
CUFF_NC.851	1	8453650	8454525	-	0	0	0		3	3	9	0.3333333333333333	35	12	91	0.13186813186813187
CUFF_NC.858	1	8506995	8507470	-	0	0	0		31	1	158	0.006329113924050633	120	0	678	0.0
CUFF_NC.853	1	8515505	8515971	+	0	0	0		19	24	123	0.1951219512195122	75	0	487	0.0
CUFF_NC.855	1	8525469	8526270	+	0	0	0		33	0	227	0.0	258	4	1259	0.003177124702144559
CUFF_NC.857	1	8529290	8529692	+	0	0	0		34	0	204	0.0	110	0	566	0.0
CUFF_NC.854	1	8534505	8535552	+	0	0	0		68	0	358	0.0	289	2	1407	0.0014214641080312722
CUFF_NC.856	1	8536179	8537963	+	0	0	0		108	2	519	0.0038535645472061657	479	3	2262	0.001326259946949602
CUFF_NC.860	1	8540979	8541830	-	0	0	0		22	0	105	0.0	166	2	883	0.0022650056625141564
CUFF_NC.859	1	8542521	8543291	-	0	0	0		37	1	207	0.004830917874396135	185	4	1018	0.003929273084479371
CUFF_NC.861	1	8549366	8550489	-	0	0	0		75	0	377	0.0	330	0	1661	0.0
CUFF_NC.865	1	8554853	8555573	+	0	0	0		42	0	228	0.0	214	5	963	0.005192107995846314
CUFF_NC.862	1	8557220	8558209	+	0	0	0		61	1	361	0.002770083102493075	284	4	1652	0.002421307506053269
CUFF_NC.868	1	8562518	8563982	+	0	0	0		82	0	471	0.0	413	5	2451	0.002039983680130559
CUFF_NC.864	1	8580947	8581463	+	0	0	0		40	0	226	0.0	156	0	904	0.0
CUFF_NC.866	1	8587554	8588070	-	0	0	0		22	0	106	0.0	170	1	819	0.001221001221001221
CUFF_NC.863	1	8607958	8608797	+	0	0	0		40	0	260	0.0	257	3	1620	0.001851851851851852
CUFF_NC.867	1	8613168	8614053	+	0	0	0		57	1	248	0.004032258064516129	289	4	1149	0.0034812880765883376
CUFF_NC.877	1	8634152	8634868	-	0	0	0		63	0	332	0.0	221	0	1020	0.0
CUFF_NC.869	1	8673724	8675402	-	0	0	0		38	1	148	0.006756756756756757	205	1	748	0.001336898395721925
CUFF_NC.870	1	8676749	8677580	+	0	0	0		17	0	63	0.0	89	0	403	0.0
CUFF_NC.871	1	8688622	8689029	-	0	0	0		40	0	115	0.0	125	0	384	0.0
CUFF_NC.872	1	8692728	8694499	-	0	0	0		123	0	632	0.0	435	6	2189	0.002740977615349475
CUFF_NC.875	1	8703024	8703830	-	0	0	0		67	1	377	0.002652519893899204	234	2	1111	0.0018001800180018
CUFF_NC.876	1	8709455	8710496	-	0	0	0		59	0	332	0.0	290	7	1423	0.004919184820801124
CUFF_NC.873	1	8712680	8713338	+	0	0	0		27	2	93	0.021505376344086023	190	1	881	0.0011350737797956867
CUFF_NC.874	1	8723617	8724563	+	0	0	0		42	0	290	0.0	225	1	1145	0.0008733624454148472
CUFF_NC.881	1	8754992	8755450	-	0	0	0		30	0	209	0.0	120	1	762	0.0013123359580052493
CUFF_NC.878	1	8843773	8844366	+	0	0	0		33	1	150	0.006666666666666667	140	6	634	0.00946372239747634
CUFF_NC.879	1	8845195	8845482	-	0	0	0		25	0	73	0.0	90	1	280	0.0035714285714285713
CUFF_NC.882	1	8850992	8851475	-	0	0	0		24	0	139	0.0	153	2	698	0.0028653295128939827
CUFF_NC.880	1	8852044	8853114	-	0	0	0		23	0	108	0.0	288	2	1433	0.0013956734124214933
CUFF_NC.883	1	8884267	8884790	+	0	0	0		18	0	155	0.0	123	0	1023	0.0
CUFF_NC.885	1	8898099	8899106	+	0	0	0		78	0	328	0.0	223	3	816	0.003676470588235294
CUFF_NC.893	1	8907383	8909275	+	0	0	0		138	0	853	0.0	566	11	3362	0.003271861986912552
CUFF_NC.884	1	8910412	8910921	-	0	0	0		17	0	98	0.0	144	0	841	0.0
CUFF_NC.887	1	8933949	8935246	+	0	0	0		93	1	368	0.002717391304347826	365	1	1541	0.0006489292667099286
CUFF_NC.886	1	8938612	8940400	+	0	0	0		94	5	452	0.011061946902654867	547	3	2561	0.0011714174150722373
CUFF_NC.889	1	8959177	8961255	+	0	0	0		152	1	746	0.0013404825737265416	541	4	2466	0.0016220600162206002
CUFF_NC.892	1	8967061	8967634	+	0	0	0		30	1	173	0.005780346820809248	159	3	1028	0.0029182879377431907
CUFF_NC.894	1	8969429	8971846	+	0	0	0		255	15	1289	0.011636927851047323	709	12	3951	0.0030372057706909645
CUFF_NC.891	1	8977465	8978433	-	0	0	0		32	0	200	0.0	241	6	1559	0.003848620910840282
CUFF_NC.890	1	8981760	8983430	+	0	0	0		109	3	499	0.006012024048096192	405	4	1752	0.00228310502283105
CUFF_NC.895	1	9001033	9002065	-	0	0	0		41	44	237	0.18565400843881857	264	48	1444	0.0332409972299169
CUFF_NC.897	1	9023036	9023867	+	0	0	0		46	1	206	0.0048543689320388345	224	4	1067	0.0037488284910965324
CUFF_NC.900	1	9027924	9028540	+	0	0	0		26	1	197	0.005076142131979695	157	1	1067	0.0009372071227741331
CUFF_NC.901	1	9030673	9032848	+	0	0	0		119	3	635	0.004724409448818898	437	3	1962	0.0015290519877675841
CUFF_NC.899	1	9039412	9040769	+	0	0	0		121	0	746	0.0	349	1	2155	0.0004640371229698376
CUFF_NC.930	1	9072845	9074133	+	0	0	0		103	1	684	0.0014619883040935672	375	6	2300	0.0026086956521739132
CUFF_NC.896	1	9082413	9082853	+	0	0	0		2	0	3	0.0	6	0	9	0.0
CUFF_NC.898	1	9089781	9090567	+	0	0	0		61	0	374	0.0	204	4	1006	0.003976143141153081
CUFF_NC.902	1	9118961	9119528	+	0	0	0		54	1	322	0.003105590062111801	129	4	680	0.0058823529411764705
CUFF_NC.903	1	9128139	9131767	+	0	0	0		198	2	1148	0.0017421602787456446	919	9	5065	0.0017769002961500495
CUFF_NC.910	1	9145028	9145844	+	0	0	0		64	0	318	0.0	230	2	1106	0.0018083182640144665
CUFF_NC.904	1	9147210	9147539	-	0	0	0		20	19	161	0.11801242236024845	80	11	672	0.01636904761904762
CUFF_NC.907	1	9168617	9169310	+	0	0	0		45	0	330	0.0	201	2	1486	0.0013458950201884253
CUFF_NC.905	1	9172088	9174576	-	0	0	0		74	18	280	0.06428571428571428	502	132	2457	0.05372405372405373
CUFF_NC.908	1	9178076	9178931	-	0	0	0		30	1	117	0.008547008547008548	212	2	1027	0.0019474196689386564
CUFF_NC.909	1	9183282	9183601	-	0	0	0		33	0	199	0.0	99	0	526	0.0
CUFF_NC.906	1	9191381	9192183	-	0	0	0		31	0	159	0.0	206	1	998	0.001002004008016032
CUFF_NC.912	1	9211479	9211995	-	0	0	0		29	0	190	0.0	124	1	827	0.0012091898428053204
CUFF_NC.911	1	9232664	9234927	+	0	0	0		71	115	415	0.27710843373493976	641	142	3957	0.03588577204953247
CUFF_NC.922	1	9241443	9241999	-	0	0	0		54	0	257	0.0	150	1	656	0.001524390243902439
CUFF_NC.914	1	9256970	9260971	-	0	0	0		182	3	965	0.0031088082901554403	1018	9	5582	0.0016123253314224292
CUFF_NC.913	1	9273873	9274266	+	0	0	0		33	0	201	0.0	120	1	682	0.001466275659824047
CUFF_NC.916	1	9285052	9286850	+	0	0	0		87	2	507	0.0039447731755424065	496	8	2655	0.0030131826741996233
CUFF_NC.925	1	9296443	9297506	-	0	0	0		69	0	496	0.0	311	2	1864	0.001072961373390558
CUFF_NC.924	1	9302514	9303150	+	0	0	0		42	0	167	0.0	200	0	749	0.0
CUFF_NC.915	1	9304943	9305748	+	0	0	0		7	4	7	0.5714285714285714	12	1	12	0.08333333333333333
CUFF_NC.929	1	9322281	9327227	-	0	0	0		211	3	1339	0.0022404779686333084	1240	15	7536	0.0019904458598726115
CUFF_NC.919	1	9329402	9330206	-	0	0	0		36	0	204	0.0	175	0	852	0.0
CUFF_NC.917	1	9330942	9331700	+	0	0	0		11	56	108	0.5185185185185185	99	218	901	0.24195338512763595
CUFF_NC.918	1	9333165	9333594	-	0	0	0		15	0	107	0.0	109	3	701	0.0042796005706134095
CUFF_NC.920	1	9336182	9337835	+	0	0	0		105	0	470	0.0	427	3	2008	0.00149402390438247
CUFF_NC.923	1	9343176	9343883	-	0	0	0		39	1	195	0.005128205128205128	218	3	1033	0.002904162633107454
CUFF_NC.921	1	9351158	9352590	-	0	0	0		55	2	291	0.006872852233676976	370	0	1630	0.0
CUFF_NC.927	1	9368347	9373309	+	0	0	0		3	2	3	0.6666666666666666	7	0	7	0.0
CUFF_NC.926	1	9376989	9377567	+	0	0	0		38	0	257	0.0	140	0	709	0.0
CUFF_NC.928	1	9391746	9392861	-	0	0	0		77	1	520	0.0019230769230769232	304	4	2016	0.001984126984126984
CUFF_NC.934	1	9400290	9400726	-	0	0	0		15	0	51	0.0	115	2	418	0.004784688995215311
CUFF_NC.931	1	9410445	9411241	+	0	0	0		62	1	294	0.003401360544217687	197	1	935	0.0010695187165775401
CUFF_NC.932	1	9425420	9426083	-	0	0	0		39	1	221	0.004524886877828055	163	1	715	0.0013986013986013986
CUFF_NC.933	1	9426203	9428667	-	0	0	0		131	1	748	0.001336898395721925	661	12	3540	0.003389830508474576
CUFF_NC.937	1	9436334	9439090	-	0	0	0		152	2	979	0.0020429009193054137	487	0	3146	0.0
CUFF_NC.938	1	9446925	9448232	+	0	0	0		89	2	499	0.004008016032064128	374	2	1646	0.001215066828675577
CUFF_NC.935	1	9455577	9455948	+	0	0	0		19	0	70	0.0	63	0	197	0.0
CUFF_NC.936	1	9456261	9458214	+	0	0	0		134	0	564	0.0	417	6	1643	0.0036518563603164943
CUFF_NC.942	1	9475405	9480964	-	0	0	0		31	2	141	0.014184397163120567	197	2	909	0.0022002200220022
CUFF_NC.943	1	9475868	9480635	-	0	0	0		8	2	36	0.05555555555555555	73	1	289	0.0034602076124567475
CUFF_NC.939	1	9481121	9481620	-	0	0	0		17	1	59	0.01694915254237288	88	3	303	0.009900990099009901
CUFF_NC.940	1	9482105	9482625	-	0	0	0		31	0	145	0.0	105	0	518	0.0
CUFF_NC.941	1	9483133	9483408	-	0	0	0		12	0	49	0.0	90	0	421	0.0
CUFF_NC.946	1	9486992	9487633	-	0	0	0		23	0	114	0.0	149	2	682	0.002932551319648094
CUFF_NC.944	1	9495236	9497345	-	0	0	0		107	1	594	0.0016835016835016834	620	6	2991	0.0020060180541624875
CUFF_NC.945	1	9498185	9498785	+	0	0	0		32	1	225	0.0044444444444444444	175	0	1071	0.0
CUFF_NC.948	1	9500712	9501311	-	0	0	0		21	1	100	0.01	145	2	879	0.0022753128555176336
CUFF_NC.949	1	9503537	9504015	-	0	0	0		27	0	142	0.0	138	0	754	0.0
CUFF_NC.950	1	9507819	9508657	+	0	0	0		2	0	10	0.0	32	0	263	0.0
CUFF_NC.947	1	9510928	9511223	+	0	0	0		4	0	8	0.0	35	0	56	0.0
CUFF_NC.952	1	9540405	9541009	+	0	0	0		34	1	218	0.0045871559633027525	192	2	1229	0.0016273393002441008
CUFF_NC.960	1	9554477	9555286	+	0	0	0		37	1	244	0.004098360655737705	220	3	1451	0.002067539627842867
CUFF_NC.951	1	9588817	9589541	-	0	0	0		6	0	6	0.0	16	0	16	0.0
CUFF_NC.953	1	9590103	9590960	+	0	0	0		14	0	88	0.0	103	0	490	0.0
CUFF_NC.954	1	9609428	9610398	-	0	0	0		54	0	317	0.0	274	4	1325	0.0030188679245283017
CUFF_NC.955	1	9615368	9616286	-	0	0	0		81	1	491	0.002036659877800407	262	3	1290	0.002325581395348837
CUFF_NC.957	1	9621539	9622001	-	0	0	0		21	1	151	0.006622516556291391	138	2	817	0.0024479804161566705
CUFF_NC.958	1	9622146	9622948	-	0	0	0		36	0	171	0.0	244	2	1145	0.0017467248908296944
CUFF_NC.959	1	9627667	9628591	+	0	0	0		78	1	368	0.002717391304347826	221	0	1094	0.0
CUFF_NC.961	1	9705239	9705541	+	0	0	0		12	0	61	0.0	87	0	419	0.0
CUFF_NC.995	1	9726606	9730424	-	0	0	0		267	2	1564	0.0012787723785166241	1008	8	5813	0.0013762257010149664
CUFF_NC.996	1	9731393	9732987	+	0	0	0		121	1	613	0.0016313213703099511	391	6	1906	0.0031479538300104933
CUFF_NC.962	1	9766728	9767464	-	0	0	0		60	0	371	0.0	197	5	1233	0.0040551500405515
CUFF_NC.963	1	9789450	9790179	-	0	0	0		31	1	189	0.005291005291005291	194	2	1058	0.001890359168241966
CUFF_NC.969	1	9795584	9796104	-	0	0	0		34	0	210	0.0	134	0	754	0.0
CUFF_NC.974	1	9806351	9806691	+	0	0	0		23	1	122	0.00819672131147541	96	3	517	0.005802707930367505
CUFF_NC.964	1	9827343	9827967	-	0	0	0		32	0	156	0.0	193	3	905	0.0033149171270718232
CUFF_NC.965	1	9831317	9833121	+	0	0	0		89	0	314	0.0	472	1	1460	0.0006849315068493151
CUFF_NC.966	1	9833978	9834300	+	0	0	0		20	0	71	0.0	102	1	313	0.003194888178913738
CUFF_NC.967	1	9845597	9846293	+	0	0	0		12	1	55	0.01818181818181818	134	0	667	0.0
CUFF_NC.968	1	9846847	9848063	+	0	0	0		62	0	325	0.0	277	2	1132	0.0017667844522968198
CUFF_NC.980	1	9860327	9861612	+	0	0	0		103	1	553	0.0018083182640144665	376	0	2065	0.0
CUFF_NC.970	1	9863673	9864922	+	0	0	0		63	0	336	0.0	342	1	1912	0.0005230125523012552
CUFF_NC.975	1	9868722	9869124	+	0	0	0		24	0	149	0.0	96	2	574	0.003484320557491289
CUFF_NC.977	1	9876361	9877051	+	0	0	0		46	1	226	0.004424778761061947	209	3	1057	0.002838221381267739
CUFF_NC.972	1	9883042	9883593	-	0	0	0		13	0	51	0.0	162	1	683	0.0014641288433382138
CUFF_NC.971	1	9884468	9884880	+	0	0	0		23	1	104	0.009615384615384616	118	0	578	0.0
CUFF_NC.973	1	9886523	9887467	+	0	0	0		74	0	317	0.0	254	2	1174	0.0017035775127768314
CUFF_NC.976	1	9889139	9890936	+	0	0	0		117	1	598	0.0016722408026755853	447	3	1942	0.001544799176107106
CUFF_NC.978	1	9909443	9911425	+	0	0	0		61	49	394	0.12436548223350254	478	32	2997	0.010677344010677344
CUFF_NC.979	1	9912191	9913864	+	0	0	0		77	1	307	0.003257328990228013	531	7	2278	0.0030728709394205445
CUFF_NC.982	1	9935316	9936416	+	0	0	0		37	0	281	0.0	283	6	2256	0.0026595744680851063
CUFF_NC.981	1	9937833	9938719	-	0	0	0		17	0	100	0.0	243	1	1695	0.0005899705014749262
CUFF_NC.983	1	9962337	9963316	+	0	0	0		33	0	251	0.0	225	5	1714	0.0029171528588098016
CUFF_NC.985	1	9965659	9966013	-	0	0	0		31	1	205	0.004878048780487805	104	3	631	0.004754358161648178
CUFF_NC.984	1	9972534	9973771	+	0	0	0		55	2	300	0.006666666666666667	351	2	1741	0.0011487650775416428
CUFF_NC.994	1	9986725	9987556	-	0	0	0		59	0	316	0.0	240	1	1059	0.0009442870632672333
CUFF_NC.986	1	9991105	9991804	-	0	0	0		17	0	97	0.0	146	4	797	0.005018820577164366
CUFF_NC.987	1	9996597	9999476	-	0	0	0		230	4	1345	0.002973977695167286	759	8	3784	0.0021141649048625794
CUFF_NC.988	1	10010375	10010661	-	0	0	0		16	1	120	0.008333333333333333	77	1	515	0.001941747572815534
CUFF_NC.989	1	10013527	10014249	+	0	0	0		37	0	180	0.0	204	2	903	0.0022148394241417496
CUFF_NC.990	1	10017986	10018497	-	0	0	0		28	1	129	0.007751937984496124	121	1	611	0.0016366612111292963
CUFF_NC.1013	1	10038054	10040756	+	0	0	0		214	2	1326	0.0015082956259426848	727	7	4536	0.0015432098765432098
CUFF_NC.1015	1	10043829	10044276	+	0	0	0		22	0	118	0.0	91	0	380	0.0
CUFF_NC.1016	1	10044469	10047709	+	0	0	0		174	1	1040	0.0009615384615384616	792	9	4510	0.0019955654101995565
CUFF_NC.1017	1	10044660	10045408	+	0	0	0		64	0	418	0.0	204	1	1245	0.0008032128514056225
CUFF_NC.1014	1	10045566	10048801	+	0	0	0		163	1	1091	0.0009165902841429881	827	13	5229	0.0024861350162554982
CUFF_NC.992	1	10068878	10073465	+	0	0	0		249	4	1327	0.003014318010550113	1208	9	6167	0.0014593805740230259
CUFF_NC.993	1	10069687	10072205	+	0	0	0		122	2	696	0.0028735632183908046	637	5	3446	0.0014509576320371445
CUFF_NC.991	1	10081997	10082880	+	0	0	0		56	2	291	0.006872852233676976	252	5	1172	0.004266211604095563
CUFF_NC.1082	1	10086607	10088032	+	0	0	0		96	1	530	0.0018867924528301887	447	5	2400	0.0020833333333333333
CUFF_NC.1083	1	10095812	10102928	-	0	0	0		357	12	2342	0.005123825789923143	1784	22	11676	0.0018842069201781431
CUFF_NC.997	1	10127486	10128491	-	0	0	0		64	2	353	0.0056657223796034	240	3	1441	0.002081887578070784
CUFF_NC.1003	1	10128952	10129412	+	0	0	0		40	1	238	0.004201680672268907	138	4	803	0.0049813200498132005
CUFF_NC.998	1	10138054	10139226	+	0	0	0		47	0	178	0.0	289	0	1072	0.0
CUFF_NC.1000	1	10149806	10151342	-	0	0	0		75	0	317	0.0	328	2	1337	0.0014958863126402393
CUFF_NC.1001	1	10171397	10173069	-	0	0	0		71	1	338	0.0029585798816568047	408	6	2209	0.002716161158895428
CUFF_NC.1007	1	10177561	10178645	-	0	0	0		76	1	450	0.0022222222222222222	295	1	1697	0.0005892751915144372
CUFF_NC.1004	1	10191300	10192126	+	0	0	0		76	0	433	0.0	241	1	1243	0.0008045052292839903
CUFF_NC.1002	1	10198696	10199179	-	0	0	0		28	1	144	0.006944444444444444	129	2	619	0.0032310177705977385
CUFF_NC.1005	1	10202590	10203371	+	0	0	0		57	4	245	0.0163265306122449	180	1	773	0.00129366106080207
CUFF_NC.1010	1	10212008	10212845	+	0	0	0		46	0	314	0.0	203	1	1091	0.0009165902841429881
CUFF_NC.1008	1	10214755	10215518	-	0	0	0		62	0	364	0.0	234	1	1150	0.0008695652173913044
CUFF_NC.1009	1	10215849	10216271	-	0	0	0		29	0	171	0.0	120	3	585	0.005128205128205128
CUFF_NC.1011	1	10248551	10249168	+	0	0	0		45	0	225	0.0	134	0	604	0.0
CUFF_NC.1012	1	10277106	10277574	-	0	0	0		20	0	133	0.0	144	3	897	0.0033444816053511705
CUFF_NC.1018	1	10293143	10293722	+	0	0	0		50	0	308	0.0	176	4	1054	0.003795066413662239
CUFF_NC.1021	1	10298600	10299003	+	0	0	0		21	0	83	0.0	107	0	463	0.0
CUFF_NC.1022	1	10299267	10299840	+	0	0	0		52	0	307	0.0	162	4	886	0.004514672686230248
CUFF_NC.1020	1	10305940	10306557	+	0	0	0		37	1	320	0.003125	186	2	1548	0.0012919896640826874
CUFF_NC.1019	1	10307159	10308135	+	0	0	0		50	0	329	0.0	268	4	1872	0.002136752136752137
CUFF_NC.1024	1	10312253	10313398	+	0	0	0		91	0	549	0.0	355	0	1781	0.0
CUFF_NC.1023	1	10319763	10321824	-	0	0	0		111	0	601	0.0	504	3	2741	0.0010944910616563297
CUFF_NC.1025	1	10348350	10348877	-	0	0	0		6	15	22	0.6818181818181818	22	10	98	0.10204081632653061
CUFF_NC.1028	1	10351809	10353617	-	0	0	0		114	2	650	0.003076923076923077	493	6	2767	0.0021684134441633538
CUFF_NC.1026	1	10372103	10372463	-	0	0	0		35	0	202	0.0	80	2	541	0.0036968576709796672
CUFF_NC.1027	1	10379257	10379588	+	0	0	0		34	0	200	0.0	95	1	544	0.001838235294117647
CUFF_NC.1052	1	10407133	10409401	+	0	0	0		167	4	867	0.00461361014994233	573	6	3140	0.001910828025477707
CUFF_NC.1029	1	10429585	10431249	-	0	0	0		98	1	437	0.002288329519450801	381	4	1483	0.0026972353337828725
CUFF_NC.1034	1	10440253	10445153	-	0	0	0		214	8	1251	0.006394884092725819	1091	12	6538	0.0018354236769654328
CUFF_NC.1030	1	10456853	10457459	+	0	0	0		32	0	149	0.0	181	2	862	0.002320185614849188
CUFF_NC.1031	1	10493527	10494343	-	0	0	0		56	1	240	0.004166666666666667	238	3	805	0.0037267080745341614
CUFF_NC.1032	1	10496695	10497240	-	0	0	0		30	0	144	0.0	163	1	871	0.001148105625717566
CUFF_NC.1035	1	10501722	10502960	-	0	0	0		68	0	477	0.0	329	1	2209	0.0004526935264825713
CUFF_NC.1036	1	10537597	10538775	-	0	0	0		82	1	404	0.0024752475247524753	338	3	1845	0.0016260162601626016
CUFF_NC.1037	1	10559793	10560619	+	0	0	0		65	2	348	0.005747126436781609	226	2	1147	0.0017436791630340018
CUFF_NC.1040	1	10587608	10589092	-	0	0	0		93	2	531	0.003766478342749529	388	3	2327	0.001289213579716373
CUFF_NC.1039	1	10598302	10599408	-	0	0	0		40	0	228	0.0	243	4	1391	0.002875629043853343
CUFF_NC.1038	1	10602556	10603384	-	0	0	0		46	93	231	0.4025974025974026	190	79	847	0.09327036599763873
CUFF_NC.1041	1	10603625	10604214	-	0	0	0		30	76	103	0.7378640776699029	156	56	497	0.11267605633802817
CUFF_NC.1042	1	10650811	10651692	-	0	0	0		39	0	216	0.0	226	7	1335	0.0052434456928838954
CUFF_NC.1047	1	10658145	10658751	-	0	0	0		32	0	217	0.0	166	2	992	0.0020161290322580645
CUFF_NC.1044	1	10663331	10664776	+	0	0	0		111	1	612	0.0016339869281045752	334	5	1709	0.002925687536571094
CUFF_NC.1043	1	10667623	10668129	-	0	0	0		28	0	182	0.0	157	4	946	0.004228329809725159
CUFF_NC.1045	1	10677665	10678123	+	0	0	0		9	40	53	0.7547169811320755	109	189	624	0.30288461538461536
CUFF_NC.1048	1	10687502	10687783	+	0	0	0		74	4	261	0.01532567049808429	69	0	309	0.0
CUFF_NC.1049	1	10723448	10724155	-	0	0	0		39	69	282	0.24468085106382978	184	43	1126	0.03818827708703375
CUFF_NC.1054	1	10725533	10727869	-	0	0	0		78	2	602	0.0033222591362126247	521	7	3818	0.0018334206390780514
CUFF_NC.1050	1	10761571	10762297	-	0	0	0		60	0	342	0.0	203	1	1015	0.0009852216748768472
CUFF_NC.1053	1	10775077	10775503	+	0	0	0		49	1	254	0.003937007874015748	91	1	529	0.001890359168241966
CUFF_NC.1051	1	10775859	10776319	-	0	0	0		16	15	115	0.13043478260869565	111	10	582	0.01718213058419244
CUFF_NC.1055	1	10815492	10816478	-	0	0	0		51	0	266	0.0	314	1	1635	0.0006116207951070336
CUFF_NC.1056	1	10816846	10818000	+	0	0	0		93	6	538	0.011152416356877323	320	5	1877	0.002663825253063399
CUFF_NC.1063	1	10838346	10838682	+	0	0	0		18	0	100	0.0	99	1	483	0.002070393374741201
CUFF_NC.1057	1	10846692	10847811	-	0	0	0		72	1	473	0.0021141649048625794	335	2	1739	0.0011500862564692352
CUFF_NC.1059	1	10888290	10889375	-	0	0	0		91	1	411	0.0024330900243309003	347	4	1244	0.003215434083601286
CUFF_NC.1058	1	10895571	10895986	-	0	0	0		34	0	221	0.0	114	1	737	0.0013568521031207597
CUFF_NC.1060	1	10898036	10899652	-	0	0	0		124	0	567	0.0	410	4	1729	0.002313475997686524
CUFF_NC.1066	1	10902956	10904061	-	0	0	0		73	0	316	0.0	245	1	960	0.0010416666666666667
CUFF_NC.1067	1	10904953	10905697	+	0	0	0		62	1	396	0.0025252525252525255	206	2	1127	0.001774622892635315
CUFF_NC.1061	1	10919811	10920249	-	0	0	0		24	0	147	0.0	155	1	825	0.0012121212121212121
CUFF_NC.1068	1	10948088	10948955	+	0	0	0		44	1	270	0.003703703703703704	238	2	1542	0.0012970168612191958
CUFF_NC.1065	1	10966773	10968344	-	0	0	0		73	1	308	0.003246753246753247	450	6	2029	0.002957121734844751
CUFF_NC.1069	1	10970210	10971615	+	0	0	0		47	1	261	0.0038314176245210726	326	3	1733	0.0017311021350259665
CUFF_NC.1070	1	10970852	10971538	-	0	0	0		26	1	138	0.007246376811594203	179	2	935	0.0021390374331550803
CUFF_NC.1072	1	10980452	10980893	-	0	0	0		26	0	131	0.0	102	0	499	0.0
CUFF_NC.1073	1	10988524	10989629	+	0	0	0		72	0	421	0.0	238	1	1483	0.0006743088334457181
CUFF_NC.1071	1	10993613	10994087	+	0	0	0		23	0	162	0.0	123	3	890	0.0033707865168539327
CUFF_NC.1076	1	11005174	11010291	+	0	0	0		205	4	1309	0.0030557677616501145	1171	29	7301	0.00397205862210656
CUFF_NC.1074	1	11024058	11024489	+	0	0	0		20	0	92	0.0	98	3	344	0.00872093023255814
CUFF_NC.1075	1	11032345	11033367	+	0	0	0		5	1	32	0.03125	56	0	347	0.0
CUFF_NC.1077	1	11086749	11089767	-	0	0	0		136	110	883	0.1245753114382786	734	156	4946	0.031540638900121314
CUFF_NC.1078	1	11114977	11115492	+	0	0	0		23	0	122	0.0	163	1	786	0.001272264631043257
CUFF_NC.1079	1	11148026	11152835	+	0	0	0		25	39	67	0.582089552238806	103	56	380	0.14736842105263157
CUFF_NC.1085	1	11158078	11158447	-	0	0	0		20	0	112	0.0	97	0	598	0.0
CUFF_NC.1084	1	11158941	11159917	+	0	0	0		71	2	216	0.009259259259259259	212	1	664	0.0015060240963855422
CUFF_NC.1080	1	11166425	11167174	+	0	0	0		30	20	146	0.136986301369863	177	0	822	0.0
CUFF_NC.1086	1	11170996	11172026	+	0	0	0		35	34	129	0.26356589147286824	170	25	612	0.04084967320261438
CUFF_NC.1088	1	11199374	11200284	+	0	0	0		65	0	254	0.0	219	1	804	0.0012437810945273632
CUFF_NC.1090	1	11214941	11218194	+	0	0	0		174	0	907	0.0	781	8	3958	0.00202122283981809
CUFF_NC.1087	1	11221412	11222881	+	0	0	0		104	0	375	0.0	320	0	1120	0.0
CUFF_NC.1094	1	11255324	11255747	+	0	0	0		16	0	163	0.0	129	1	1089	0.0009182736455463728
CUFF_NC.1089	1	11258336	11258880	+	0	0	0		30	1	237	0.004219409282700422	135	5	1145	0.004366812227074236
CUFF_NC.1092	1	11289889	11291852	+	0	0	0		97	65	563	0.11545293072824156	484	22	2663	0.008261359369132557
CUFF_NC.1091	1	11299616	11300105	-	0	0	0		14	0	37	0.0	73	0	208	0.0
CUFF_NC.1093	1	11338683	11339250	-	0	0	0		20	0	89	0.0	167	1	615	0.0016260162601626016
CUFF_NC.1095	1	11343821	11344875	-	0	0	0		43	1	240	0.004166666666666667	281	2	1236	0.0016181229773462784
CUFF_NC.1096	1	11345405	11353588	-	0	0	0		306	5	1687	0.002963841138114997	1744	28	9476	0.0029548332629801602
CUFF_NC.1097	1	11349627	11350818	-	0	0	0		38	0	144	0.0	313	4	1378	0.002902757619738752
CUFF_NC.1098	1	11355129	11355467	-	0	0	0		18	0	132	0.0	87	0	658	0.0
CUFF_NC.1099	1	11361344	11362671	-	0	0	0		119	1	835	0.0011976047904191617	341	7	2237	0.0031291908806437194
CUFF_NC.1100	1	11362955	11363993	-	0	0	0		79	1	338	0.0029585798816568047	319	1	1408	0.0007102272727272727
CUFF_NC.1103	1	11398215	11398754	-	0	0	0		29	2	222	0.009009009009009009	140	5	1051	0.004757373929590866
CUFF_NC.1102	1	11403178	11404300	+	0	0	0		65	1	292	0.003424657534246575	360	3	1153	0.0026019080659150044
CUFF_NC.1101	1	11412690	11414548	+	0	0	0		93	1	468	0.002136752136752137	440	5	2031	0.002461841457410143
CUFF_NC.1105	1	11414916	11416315	+	0	0	0		99	1	463	0.0021598272138228943	327	2	1423	0.0014054813773717498
CUFF_NC.1106	1	11417081	11420047	+	0	0	0		198	3	993	0.0030211480362537764	764	5	3814	0.0013109596224436288
CUFF_NC.1130	1	11456073	11456801	+	0	0	0		2	0	2	0.0	19	0	19	0.0
CUFF_NC.1107	1	11464693	11465557	-	0	0	0		41	1	322	0.003105590062111801	200	2	1505	0.00132890365448505
CUFF_NC.1108	1	11465898	11466752	-	0	0	0		86	2	435	0.004597701149425287	229	2	918	0.002178649237472767
CUFF_NC.1109	1	11467491	11469120	-	0	0	0		103	20	674	0.02967359050445104	436	18	2693	0.006683995544002971
CUFF_NC.1110	1	11471731	11474811	+	0	0	0		81	1	449	0.0022271714922048997	631	7	3560	0.001966292134831461
CUFF_NC.1111	1	11471860	11472650	-	0	0	0		25	0	133	0.0	157	2	720	0.002777777777777778
CUFF_NC.1112	1	11474796	11479016	-	0	0	0		188	3	1035	0.002898550724637681	1095	4	5902	0.0006777363605557439
CUFF_NC.1118	1	11479880	11480405	-	0	0	0		35	1	195	0.005128205128205128	144	1	511	0.0019569471624266144
CUFF_NC.1113	1	11486366	11487192	-	0	0	0		0	0	0		9	0	9	0.0
CUFF_NC.1114	1	11495569	11496186	+	0	0	0		28	3	192	0.015625	124	2	843	0.002372479240806643
CUFF_NC.1119	1	11512149	11512620	+	0	0	0		1	0	1	0.0	19	4	19	0.21052631578947367
CUFF_NC.1122	1	11523520	11524297	+	0	0	0		0	0	0		15	1	23	0.043478260869565216
CUFF_NC.1125	1	11536099	11536364	+	0	0	0		3	0	26	0.0	77	3	507	0.005917159763313609
CUFF_NC.1123	1	11543657	11544122	+	0	0	0		24	0	171	0.0	126	4	660	0.006060606060606061
CUFF_NC.1132	1	11560928	11561530	+	0	0	0		28	0	191	0.0	182	1	769	0.0013003901170351106
CUFF_NC.1131	1	11567412	11567953	-	0	0	0		50	0	230	0.0	151	1	726	0.0013774104683195593
CUFF_NC.1133	1	11575235	11576412	-	0	0	0		46	1	248	0.004032258064516129	269	3	1497	0.002004008016032064
CUFF_NC.1134	1	11577003	11585336	-	0	0	0		414	483	2425	0.19917525773195877	2008	294	11782	0.02495331862162621
CUFF_NC.1135	1	11581667	11581992	+	0	0	0		23	1	124	0.008064516129032258	85	1	538	0.0018587360594795538
CUFF_NC.1124	1	11589164	11589810	+	0	0	0		54	1	263	0.0038022813688212928	126	1	526	0.0019011406844106464
CUFF_NC.1126	1	11595447	11597027	+	0	0	0		60	1	310	0.0032258064516129032	339	8	1983	0.004034291477559254
CUFF_NC.1128	1	11608869	11609227	-	0	0	0		23	2	98	0.02040816326530612	82	0	332	0.0
CUFF_NC.1129	1	11609597	11610605	-	0	0	0		36	4	116	0.034482758620689655	62	1	222	0.0045045045045045045
CUFF_NC.1142	1	11612136	11612843	-	0	0	0		45	1	318	0.0031446540880503146	146	1	808	0.0012376237623762376
CUFF_NC.1143	1	11613349	11614297	-	0	0	0		73	2	348	0.005747126436781609	278	4	1260	0.0031746031746031746
CUFF_NC.1137	1	11655014	11656042	-	0	0	0		44	0	247	0.0	310	3	1546	0.0019404915912031048
CUFF_NC.1144	1	11658368	11659532	+	0	0	0		81	0	450	0.0	318	2	1716	0.0011655011655011655
CUFF_NC.1138	1	11675778	11676219	-	0	0	0		28	0	150	0.0	124	3	706	0.00424929178470255
CUFF_NC.1145	1	11676878	11677364	-	0	0	0		8	0	15	0.0	52	0	113	0.0
CUFF_NC.1139	1	11680837	11681379	-	0	0	0		13	1	100	0.01	155	0	1173	0.0
CUFF_NC.1146	1	11688047	11689022	-	0	0	0		71	2	382	0.005235602094240838	262	1	1265	0.0007905138339920949
CUFF_NC.1140	1	11698171	11698501	+	0	0	0		25	1	168	0.005952380952380952	103	2	651	0.0030721966205837174
CUFF_NC.1141	1	11698404	11698857	-	0	0	0		16	0	95	0.0	139	1	673	0.0014858841010401188
CUFF_NC.1147	1	11705144	11706619	+	0	0	0		46	21	228	0.09210526315789473	412	19	2146	0.008853681267474371
CUFF_NC.1150	1	11715262	11716128	+	0	0	0		73	122	352	0.3465909090909091	261	16	1353	0.011825572801182557
CUFF_NC.1151	1	11716433	11716810	+	0	0	0		25	20	97	0.20618556701030927	121	0	465	0.0
CUFF_NC.1152	1	11719634	11720131	+	0	0	0		11	0	43	0.0	124	0	645	0.0
CUFF_NC.1149	1	11739810	11740455	+	0	0	0		45	0	303	0.0	196	2	1294	0.0015455950540958269
CUFF_NC.1154	1	11751134	11751973	+	0	0	0		64	2	366	0.00546448087431694	197	3	1073	0.0027958993476234857
CUFF_NC.1155	1	11756884	11758018	-	0	0	0		66	1	462	0.0021645021645021645	285	2	1975	0.0010126582278481013
CUFF_NC.1156	1	11758342	11759031	+	0	0	0		20	0	121	0.0	213	0	1443	0.0
CUFF_NC.1148	1	11763287	11764033	-	0	0	0		17	0	147	0.0	220	3	1672	0.0017942583732057417
CUFF_NC.1153	1	11768181	11768885	-	0	0	0		41	0	215	0.0	172	0	1092	0.0
CUFF_NC.1158	1	11789426	11791546	-	0	0	0		1	0	1	0.0	3	0	4	0.0
CUFF_NC.1157	1	11810206	11810776	+	0	0	0		18	1	107	0.009345794392523364	167	1	1173	0.0008525149190110827
CUFF_NC.1160	1	11835988	11836646	-	0	0	0		13	73	98	0.7448979591836735	81	50	328	0.1524390243902439
CUFF_NC.1161	1	11837007	11837431	+	0	0	0		22	90	157	0.5732484076433121	110	121	914	0.1323851203501094
CUFF_NC.1159	1	11837635	11838063	+	0	0	0		6	0	49	0.0	119	1	773	0.00129366106080207
CUFF_NC.1168	1	11846743	11847647	+	0	0	0		68	0	341	0.0	253	2	1101	0.0018165304268846503
CUFF_NC.1164	1	11871629	11872121	+	0	0	0		11	0	48	0.0	157	4	687	0.005822416302765648
CUFF_NC.1162	1	11886610	11887071	+	0	0	0		17	1	109	0.009174311926605505	136	4	871	0.004592422502870264
CUFF_NC.1167	1	11907550	11909110	+	0	0	0		96	0	494	0.0	396	4	1841	0.0021727322107550242
CUFF_NC.1166	1	11925372	11926630	-	0	0	0		81	2	390	0.005128205128205128	372	0	1698	0.0
CUFF_NC.1165	1	11927721	11928216	-	0	0	0		23	0	156	0.0	138	1	781	0.0012804097311139564
CUFF_NC.1169	1	11928724	11929257	-	0	0	0		25	0	205	0.0	136	2	1033	0.001936108422071636
CUFF_NC.1171	1	11932061	11932772	+	0	0	0		47	0	277	0.0	210	1	1211	0.0008257638315441783
CUFF_NC.1174	1	11940281	11948189	-	0	0	0		578	9	3507	0.0025662959794696323	2244	32	13967	0.0022911147705305364
CUFF_NC.1170	1	11961391	11962057	-	0	0	0		26	70	195	0.358974358974359	165	63	1184	0.05320945945945946
CUFF_NC.1173	1	12004731	12005536	-	0	0	0		36	1	164	0.006097560975609756	211	0	1062	0.0
CUFF_NC.1172	1	12012015	12012548	-	0	0	0		20	0	163	0.0	143	2	985	0.0020304568527918783
CUFF_NC.1175	1	12016158	12016561	+	0	0	0		4	5	16	0.3125	32	29	134	0.21641791044776118
CUFF_NC.1179	1	12026208	12027735	-	0	0	0		46	0	300	0.0	436	4	2809	0.001423994304022784
CUFF_NC.1178	1	12043520	12044084	-	0	0	0		35	1	193	0.0051813471502590676	142	0	766	0.0
CUFF_NC.1180	1	12048597	12049469	-	0	0	0		58	2	361	0.00554016620498615	251	2	1649	0.001212856276531231
CUFF_NC.1181	1	12051434	12054759	+	0	0	0		135	1	631	0.001584786053882726	882	6	4024	0.0014910536779324055
CUFF_NC.1183	1	12057785	12059651	+	0	0	0		118	1	564	0.0017730496453900709	548	6	2566	0.002338269680436477
CUFF_NC.1182	1	12060358	12061025	+	0	0	0		9	5	86	0.05813953488372093	151	14	1383	0.01012292118582791
CUFF_NC.1184	1	12083898	12084262	-	0	0	0		25	43	139	0.30935251798561153	90	100	519	0.1926782273603083
CUFF_NC.1185	1	12085236	12085808	-	0	0	0		45	0	227	0.0	162	2	770	0.0025974025974025974
CUFF_NC.1188	1	12095809	12096511	-	0	0	0		38	2	240	0.008333333333333333	162	1	907	0.0011025358324145535
CUFF_NC.1201	1	12118989	12126671	+	0	0	0		449	6	2759	0.0021747009786154403	2165	24	12978	0.0018492834026814608
CUFF_NC.1186	1	12137088	12137684	+	0	0	0		10	48	83	0.5783132530120482	93	95	666	0.14264264264264265
CUFF_NC.1189	1	12149821	12151702	+	0	0	0		97	3	587	0.005110732538330494	528	2	3076	0.0006501950585175553
CUFF_NC.1187	1	12157287	12159164	+	0	0	0		112	1	758	0.0013192612137203166	583	3	2866	0.00104675505931612
CUFF_NC.1190	1	12166216	12166949	+	0	0	0		36	58	162	0.35802469135802467	170	69	752	0.09175531914893617
CUFF_NC.1191	1	12177782	12178179	-	0	0	0		32	0	132	0.0	123	1	496	0.0020161290322580645
CUFF_NC.1192	1	12180465	12182221	-	0	0	0		118	2	619	0.0032310177705977385	486	1	2355	0.0004246284501061571
CUFF_NC.1193	1	12186456	12187528	+	0	0	0		20	27	150	0.18	261	8	1854	0.004314994606256742
CUFF_NC.1211	1	12188717	12189683	-	0	0	0		63	1	328	0.003048780487804878	283	4	1224	0.0032679738562091504
CUFF_NC.1214	1	12195883	12196308	+	0	0	0		20	0	111	0.0	84	1	451	0.0022172949002217295
CUFF_NC.1199	1	12207376	12207848	-	0	0	0		62	1	295	0.003389830508474576	167	4	815	0.0049079754601227
CUFF_NC.1198	1	12213536	12214330	+	0	0	0		36	0	277	0.0	200	3	1403	0.0021382751247327157
CUFF_NC.1196	1	12219667	12220245	-	0	0	0		17	0	52	0.0	48	0	163	0.0
CUFF_NC.1194	1	12237546	12238940	-	0	0	0		81	1	380	0.002631578947368421	330	25	1820	0.013736263736263736
CUFF_NC.1195	1	12252377	12254091	+	0	0	0		67	195	348	0.5603448275862069	382	223	1827	0.12205801860974275
CUFF_NC.1197	1	12271087	12271715	-	0	0	0		25	1	171	0.005847953216374269	159	1	1006	0.0009940357852882703
CUFF_NC.1200	1	12294861	12295314	-	0	0	0		32	11	149	0.0738255033557047	100	5	496	0.010080645161290322
CUFF_NC.1202	1	12322467	12323366	+	0	0	0		34	0	230	0.0	224	3	1551	0.0019342359767891683
CUFF_NC.1203	1	12323807	12324218	-	0	0	0		36	0	199	0.0	106	5	650	0.007692307692307693
CUFF_NC.1204	1	12326525	12326824	-	0	0	0		19	0	130	0.0	86	0	412	0.0
CUFF_NC.1205	1	12344390	12348147	-	0	0	0		64	0	411	0.0	416	8	2501	0.003198720511795282
CUFF_NC.1206	1	12360417	12361342	+	0	0	0		43	0	247	0.0	206	2	988	0.0020242914979757085
CUFF_NC.1212	1	12379704	12385817	-	0	0	0		133	0	759	0.0	600	4	3453	0.0011584129742253113
CUFF_NC.1213	1	12384132	12384870	+	0	0	0		35	0	177	0.0	182	3	847	0.0035419126328217238
CUFF_NC.1207	1	12393348	12393799	-	0	0	0		23	1	144	0.006944444444444444	133	1	829	0.0012062726176115801
CUFF_NC.1229	1	12398668	12399011	+	0	0	0		25	1	141	0.0070921985815602835	99	1	499	0.002004008016032064
CUFF_NC.1230	1	12410010	12412531	+	0	0	0		0	0	0		12	1	12	0.08333333333333333
CUFF_NC.1209	1	12455611	12456094	-	0	0	0		23	0	113	0.0	130	2	612	0.0032679738562091504
CUFF_NC.1210	1	12456289	12456954	-	0	0	0		44	0	266	0.0	164	2	877	0.002280501710376283
CUFF_NC.1215	1	12458552	12458884	-	0	0	0		9	0	30	0.0	90	0	363	0.0
CUFF_NC.1216	1	12461961	12462726	-	0	0	0		71	0	289	0.0	217	0	942	0.0
CUFF_NC.1217	1	12517443	12518506	+	0	0	0		18	18	115	0.1565217391304348	109	9	594	0.015151515151515152
CUFF_NC.1219	1	12539005	12539736	-	0	0	0		82	2	482	0.004149377593360996	200	0	1136	0.0
CUFF_NC.1220	1	12540941	12541859	-	0	0	0		48	1	321	0.003115264797507788	263	6	1617	0.0037105751391465678
CUFF_NC.1218	1	12542057	12542627	+	0	0	0		25	5	181	0.027624309392265192	124	10	808	0.012376237623762377
CUFF_NC.1221	1	12545200	12546037	-	0	0	0		86	1	401	0.0024937655860349127	278	2	1242	0.001610305958132045
CUFF_NC.1222	1	12555112	12555540	-	0	0	0		16	28	69	0.4057971014492754	114	33	542	0.06088560885608856
CUFF_NC.1223	1	12560459	12561935	-	0	0	0		34	0	143	0.0	301	0	1267	0.0
CUFF_NC.1224	1	12582121	12582721	+	0	0	0		19	82	295	0.27796610169491526	158	133	2402	0.05537052456286428
CUFF_NC.1226	1	12587993	12588439	+	0	0	0		30	0	143	0.0	133	1	687	0.001455604075691412
CUFF_NC.1225	1	12591924	12593695	+	0	0	0		46	109	232	0.4698275862068966	414	238	1872	0.12713675213675213
CUFF_NC.1244	1	12597392	12598582	-	0	0	0		66	0	248	0.0	276	4	1182	0.00338409475465313
CUFF_NC.1245	1	12602724	12603586	+	0	0	0		36	81	226	0.3584070796460177	234	37	1441	0.025676613462873005
CUFF_NC.1246	1	12602784	12603524	-	0	0	0		31	71	181	0.39226519337016574	205	32	1177	0.027187765505522515
CUFF_NC.1227	1	12622012	12622417	-	0	0	0		23	0	178	0.0	92	0	515	0.0
CUFF_NC.1228	1	12649912	12651294	+	0	0	0		69	2	347	0.005763688760806916	361	35	1797	0.019476905954368393
CUFF_NC.1231	1	12673477	12674108	+	0	0	0		25	15	66	0.22727272727272727	81	7	165	0.04242424242424243
CUFF_NC.1233	1	12730451	12731093	+	0	0	0		22	39	91	0.42857142857142855	152	30	616	0.048701298701298704
CUFF_NC.1234	1	12731698	12733089	-	0	0	0		6	16	23	0.6956521739130435	69	23	141	0.16312056737588654
CUFF_NC.1235	1	12733206	12734422	-	0	0	0		32	77	109	0.7064220183486238	212	135	557	0.24236983842010773
CUFF_NC.1238	1	12736601	12737000	+	0	0	0		20	0	57	0.0	57	0	198	0.0
CUFF_NC.1239	1	12737653	12738056	+	0	0	0		18	0	109	0.0	89	0	536	0.0
CUFF_NC.1236	1	12739938	12741735	+	0	0	0		60	220	350	0.6285714285714286	488	150	2446	0.06132461161079313
CUFF_NC.1242	1	12747099	12748016	-	0	0	0		24	0	70	0.0	162	2	675	0.002962962962962963
CUFF_NC.1237	1	12751155	12752905	+	0	0	0		2	0	2	0.0	4	0	4	0.0
CUFF_NC.1240	1	12753651	12760398	-	0	0	0		11	8	30	0.26666666666666666	163	28	437	0.06407322654462243
CUFF_NC.1241	1	12755650	12757854	-	0	0	0		9	6	28	0.21428571428571427	145	28	419	0.06682577565632458
CUFF_NC.1243	1	12767254	12771056	+	0	0	0		29	44	120	0.36666666666666664	129	45	506	0.08893280632411067
CUFF_NC.1247	1	12832024	12832788	-	0	0	0		4	8	26	0.3076923076923077	28	7	113	0.061946902654867256
CUFF_NC.1249	1	12843304	12844284	-	0	0	0		2	0	10	0.0	16	1	69	0.014492753623188406
CUFF_NC.1248	1	12896786	12897944	+	0	0	0		38	0	165	0.0	266	6	1225	0.004897959183673469
CUFF_NC.1250	1	12899513	12900196	-	0	0	0		23	55	158	0.34810126582278483	180	61	1087	0.05611775528978841
CUFF_NC.1251	1	12899707	12900458	+	0	0	0		23	55	148	0.3716216216216216	200	83	1197	0.06934001670843776
CUFF_NC.1254	1	12906403	12907550	-	0	0	0		12	16	33	0.48484848484848486	69	21	197	0.1065989847715736
CUFF_NC.1252	1	12907856	12908421	-	0	0	0		21	1	89	0.011235955056179775	87	0	343	0.0
CUFF_NC.1253	1	12907869	12908342	+	0	0	0		19	1	78	0.01282051282051282	72	0	240	0.0
CUFF_NC.1255	1	12917120	12917607	-	0	0	0		59	1	228	0.0043859649122807015	142	2	469	0.0042643923240938165
CUFF_NC.1262	1	12919671	12925036	-	0	0	0		163	307	1100	0.2790909090909091	1336	180	8083	0.022268959544723493
CUFF_NC.1263	1	12919994	12924623	+	0	0	0		142	304	999	0.30430430430430433	1136	174	7082	0.024569330697543065
CUFF_NC.1256	1	12935828	12936753	+	0	0	0		43	26	221	0.11764705882352941	198	34	996	0.03413654618473896
CUFF_NC.1259	1	12936867	12939447	+	0	0	0		57	0	287	0.0	547	7	2828	0.0024752475247524753
CUFF_NC.1260	1	12942944	12943603	-	0	0	0		0	0	0		8	3	20	0.15
CUFF_NC.1257	1	12954066	12957070	+	0	0	0		46	0	206	0.0	386	0	1823	0.0
CUFF_NC.1272	1	12957196	12958538	-	0	0	0		29	50	123	0.4065040650406504	272	88	1241	0.07091055600322321
CUFF_NC.1273	1	12957898	12959059	+	0	0	0		28	50	113	0.4424778761061947	189	83	642	0.1292834890965732
CUFF_NC.1270	1	12976036	12977342	-	0	0	0		36	90	277	0.3249097472924188	253	30	1819	0.016492578339747113
CUFF_NC.1264	1	12983809	12984830	+	0	0	0		74	0	415	0.0	261	3	1442	0.0020804438280166435
CUFF_NC.1265	1	12989857	12990928	-	0	0	0		79	1	495	0.00202020202020202	281	1	1759	0.0005685048322910744
CUFF_NC.1266	1	12992578	12993366	-	0	0	0		3	1	4	0.25	6	2	10	0.2
CUFF_NC.1268	1	12993865	12995047	-	0	0	0		8	2	10	0.2	46	0	86	0.0
CUFF_NC.1269	1	12995686	12996713	-	0	0	0		6	0	6	0.0	17	0	17	0.0
CUFF_NC.1276	1	12997338	13000554	-	0	0	0		5	1	5	0.2	36	4	36	0.1111111111111111
CUFF_NC.1275	1	13017869	13018372	-	0	0	0		6	7	14	0.5	66	23	197	0.116751269035533
CUFF_NC.1274	1	13025153	13029692	-	0	0	0		151	38	767	0.04954367666232073	1056	205	5623	0.036457407078072206
CUFF_NC.1271	1	13030535	13031408	+	0	0	0		46	0	260	0.0	224	4	1120	0.0035714285714285713
CUFF_NC.1277	1	13033640	13034333	+	0	0	0		19	13	78	0.16666666666666666	147	28	609	0.04597701149425287
CUFF_NC.1281	1	13039447	13040702	-	0	0	0		85	5	421	0.011876484560570071	303	49	1529	0.032047089601046436
CUFF_NC.1279	1	13045344	13045981	-	0	0	0		18	7	115	0.06086956521739131	142	4	884	0.004524886877828055
CUFF_NC.1280	1	13065313	13066793	-	0	0	0		79	158	376	0.42021276595744683	402	96	1800	0.05333333333333334
CUFF_NC.1290	1	13071164	13072156	-	0	0	0		45	0	231	0.0	276	2	1399	0.0014295925661186562
CUFF_NC.1291	1	13073300	13073962	-	0	0	0		33	0	130	0.0	198	2	846	0.002364066193853428
CUFF_NC.1285	1	13101139	13101579	-	0	0	0		11	17	59	0.288135593220339	130	44	576	0.0763888888888889
CUFF_NC.1286	1	13102098	13102392	-	0	0	0		30	69	119	0.5798319327731093	88	18	316	0.056962025316455694
CUFF_NC.1282	1	13105900	13106434	+	0	0	0		15	7	73	0.0958904109589041	140	3	648	0.004629629629629629
CUFF_NC.1283	1	13107259	13107906	-	0	0	0		15	17	80	0.2125	146	30	662	0.045317220543806644
CUFF_NC.1284	1	13112332	13112735	-	0	0	0		22	4	96	0.041666666666666664	126	1	480	0.0020833333333333333
CUFF_NC.1287	1	13115892	13117717	+	0	0	0		92	0	276	0.0	363	1	931	0.0010741138560687433
CUFF_NC.1292	1	13123341	13124359	+	0	0	0		66	0	351	0.0	285	5	1449	0.003450655624568668
CUFF_NC.1293	1	13134565	13135292	-	0	0	0		2	0	2	0.0	51	22	219	0.1004566210045662
CUFF_NC.1294	1	13151517	13153303	+	0	0	0		22	3	94	0.031914893617021274	165	4	804	0.004975124378109453
CUFF_NC.1295	1	13171777	13172957	-	0	0	0		17	0	127	0.0	230	3	1428	0.0021008403361344537
CUFF_NC.1296	1	13178581	13179476	+	0	0	0		33	74	232	0.31896551724137934	168	30	1136	0.02640845070422535
CUFF_NC.1300	1	13197495	13197819	-	0	0	0		20	0	131	0.0	86	0	537	0.0
CUFF_NC.1322	1	13218333	13219533	+	0	0	0		4	0	27	0.0	33	2	190	0.010526315789473684
CUFF_NC.1298	1	13231427	13231836	+	0	0	0		13	32	67	0.47761194029850745	89	58	555	0.1045045045045045
CUFF_NC.1299	1	13232147	13232620	+	0	0	0		18	35	96	0.3645833333333333	108	38	535	0.07102803738317758
CUFF_NC.1303	1	13238652	13240185	-	0	0	0		46	128	320	0.4	433	143	2820	0.050709219858156025
CUFF_NC.1302	1	13250434	13250911	-	0	0	0		13	0	51	0.0	128	2	490	0.004081632653061225
CUFF_NC.1305	1	13281030	13282079	-	0	0	0		48	0	212	0.0	264	4	1262	0.003169572107765452
CUFF_NC.1306	1	13282147	13283306	-	0	0	0		49	1	247	0.004048582995951417	291	5	1664	0.0030048076923076925
CUFF_NC.1304	1	13288422	13288979	-	0	0	0		22	22	51	0.43137254901960786	86	16	200	0.08
CUFF_NC.1308	1	13321241	13321849	+	0	0	0		38	1	186	0.005376344086021506	185	1	722	0.0013850415512465374
CUFF_NC.1309	1	13321963	13322413	+	0	0	0		9	0	52	0.0	83	0	329	0.0
CUFF_NC.1307	1	13377627	13379022	-	0	0	0		96	341	818	0.41687041564792177	348	265	2916	0.09087791495198902
CUFF_NC.1313	1	13398137	13402602	-	0	0	0		248	495	991	0.49949545913218973	1241	658	5199	0.1265628005385651
CUFF_NC.1316	1	13398361	13400173	-	0	0	0		160	275	593	0.463743676222597	547	242	2121	0.1140971239981141
CUFF_NC.1314	1	13400598	13401576	-	0	0	0		43	102	191	0.5340314136125655	287	121	1277	0.0947533281127643
CUFF_NC.1315	1	13403236	13403683	-	0	0	0		9	0	49	0.0	123	0	557	0.0
CUFF_NC.1310	1	13404952	13405923	+	0	0	0		38	130	287	0.4529616724738676	279	118	1746	0.06758304696449026
CUFF_NC.1311	1	13417934	13418549	+	0	0	0		18	29	126	0.23015873015873015	134	38	898	0.042316258351893093
CUFF_NC.1312	1	13418803	13419252	+	0	0	0		24	34	94	0.3617021276595745	153	41	591	0.06937394247038917
CUFF_NC.1317	1	13454708	13455741	+	0	0	0		88	7	340	0.020588235294117647	275	11	1168	0.009417808219178082
CUFF_NC.1318	1	13473136	13475976	-	0	0	0		92	82	606	0.1353135313531353	691	102	4306	0.023687877380399444
CUFF_NC.1319	1	13493433	13493857	+	0	0	0		14	49	106	0.46226415094339623	115	99	850	0.11647058823529412
CUFF_NC.1320	1	13517957	13518379	+	0	0	0		22	48	74	0.6486486486486487	88	36	254	0.14173228346456693
CUFF_NC.1332	1	13539235	13543668	-	0	0	0		377	2	2085	0.0009592326139088729	1316	13	7197	0.0018063081839655411
CUFF_NC.1327	1	13564108	13565443	-	0	0	0		29	0	97	0.0	87	1	232	0.004310344827586207
CUFF_NC.1324	1	13573421	13575291	+	0	0	0		65	150	307	0.48859934853420195	218	166	1140	0.1456140350877193
CUFF_NC.1325	1	13581175	13581802	+	0	0	0		6	10	18	0.5555555555555556	15	16	55	0.2909090909090909
CUFF_NC.1323	1	13592208	13593446	+	0	0	0		33	73	192	0.3802083333333333	207	104	945	0.11005291005291006
CUFF_NC.1328	1	13602954	13603822	-	0	0	0		0	0	0		9	0	9	0.0
CUFF_NC.1329	1	13603284	13603809	+	0	0	0		0	0	0		9	0	9	0.0
CUFF_NC.1330	1	13610034	13610558	-	0	0	0		29	1	157	0.006369426751592357	142	1	676	0.0014792899408284023
CUFF_NC.1331	1	13610035	13610971	+	0	0	0		42	1	221	0.004524886877828055	267	1	1232	0.0008116883116883117
CUFF_NC.1334	1	13611048	13611453	+	0	0	0		13	0	75	0.0	81	2	332	0.006024096385542169
CUFF_NC.1335	1	13612260	13612767	+	0	0	0		35	0	189	0.0	121	2	586	0.0034129692832764505
CUFF_NC.1339	1	13633683	13634362	-	0	0	0		1	0	3	0.0	25	1	55	0.01818181818181818
CUFF_NC.1341	1	13633782	13639321	+	0	0	0		7	3	14	0.21428571428571427	98	2	237	0.008438818565400843
CUFF_NC.1336	1	13642531	13642878	-	0	0	0		24	1	95	0.010526315789473684	75	1	306	0.0032679738562091504
CUFF_NC.1337	1	13670179	13670745	-	0	0	0		47	0	237	0.0	179	1	778	0.0012853470437017994
CUFF_NC.1338	1	13697871	13698623	+	0	0	0		45	0	213	0.0	204	1	1006	0.0009940357852882703
CUFF_NC.1342	1	13716032	13716543	+	0	0	0		21	52	112	0.4642857142857143	121	104	780	0.13333333333333333
CUFF_NC.1343	1	13722083	13722658	+	0	0	0		22	48	123	0.3902439024390244	156	93	887	0.10484780157835401
CUFF_NC.1346	1	13743909	13744828	-	0	0	0		35	61	248	0.24596774193548387	219	37	1432	0.025837988826815643
CUFF_NC.1345	1	13746129	13746685	-	0	0	0		23	31	168	0.18452380952380953	124	18	718	0.025069637883008356
CUFF_NC.1347	1	13747523	13748104	-	0	0	0		13	25	85	0.29411764705882354	123	37	756	0.04894179894179894
CUFF_NC.1348	1	13767101	13767743	+	0	0	0		20	25	136	0.18382352941176472	148	36	979	0.03677221654749745
CUFF_NC.1349	1	13777703	13780173	+	0	0	0		191	490	916	0.5349344978165939	668	383	3038	0.1260697827518104
CUFF_NC.1350	1	13802591	13803697	+	0	0	0		45	97	278	0.3489208633093525	269	106	1575	0.0673015873015873
CUFF_NC.1353	1	13804854	13805293	-	0	0	0		11	17	50	0.34	111	38	528	0.07196969696969698
CUFF_NC.1354	1	13805325	13807594	-	0	0	0		105	368	717	0.5132496513249651	591	288	3921	0.07345065034429993
CUFF_NC.1351	1	13816299	13816832	+	0	0	0		14	17	98	0.17346938775510204	146	40	954	0.041928721174004195
CUFF_NC.1357	1	13823887	13824556	-	0	0	0		14	0	63	0.0	157	19	1188	0.015993265993265993
CUFF_NC.1352	1	13829355	13831338	-	0	0	0		172	363	648	0.5601851851851852	608	220	2018	0.10901883052527254
CUFF_NC.1356	1	13838321	13839168	-	0	0	0		27	1	171	0.005847953216374269	193	2	1263	0.001583531274742676
CUFF_NC.1360	1	13840660	13842804	+	0	0	0		140	282	667	0.42278860569715143	545	296	3174	0.09325771896660366
CUFF_NC.1355	1	13848382	13849493	+	0	0	0		28	30	141	0.2127659574468085	303	75	1322	0.056732223903177004
CUFF_NC.1363	1	13849878	13852245	-	0	0	0		75	151	318	0.4748427672955975	578	294	2353	0.1249468763280918
CUFF_NC.1362	1	13857752	13859119	+	0	0	0		37	66	211	0.3127962085308057	378	64	2074	0.03085824493731919
CUFF_NC.1359	1	13864716	13865502	+	0	0	0		28	28	135	0.2074074074074074	207	42	883	0.04756511891279728
CUFF_NC.1358	1	13867787	13868421	-	0	0	0		24	43	146	0.2945205479452055	187	50	905	0.055248618784530384
CUFF_NC.1372	1	13985149	13990367	-	0	0	0		171	242	1093	0.22140896614821592	1234	264	8018	0.03292591668745323
CUFF_NC.1373	1	13986027	13988496	-	0	0	0		85	106	538	0.1970260223048327	607	100	3672	0.027233115468409588
CUFF_NC.1364	1	14034773	14035654	+	0	0	0		29	47	168	0.27976190476190477	159	41	1095	0.03744292237442922
CUFF_NC.1365	1	14076360	14077093	-	0	0	0		18	28	80	0.35	157	84	981	0.0856269113149847
CUFF_NC.1366	1	14076556	14076997	+	0	0	0		17	27	74	0.36486486486486486	99	56	576	0.09722222222222222
CUFF_NC.1368	1	14136057	14137294	-	0	0	0		42	88	187	0.47058823529411764	354	202	1519	0.13298222514812377
CUFF_NC.1367	1	14137892	14138425	-	0	0	0		20	36	106	0.33962264150943394	173	69	917	0.0752453653217012
CUFF_NC.1371	1	14179198	14183992	+	0	0	0		280	696	1184	0.5878378378378378	1172	639	4803	0.1330418488444722
CUFF_NC.1369	1	14185422	14186016	-	0	0	0		24	77	146	0.5273972602739726	134	96	752	0.1276595744680851
CUFF_NC.1370	1	14193789	14195109	+	0	0	0		113	254	559	0.4543828264758497	379	182	1772	0.10270880361173815
CUFF_NC.1374	1	14205477	14205927	+	0	0	0		37	81	157	0.5159235668789809	128	68	559	0.12164579606440072
CUFF_NC.1375	1	14206170	14206574	+	0	0	0		28	61	113	0.5398230088495575	98	36	371	0.09703504043126684
CUFF_NC.1377	1	14281893	14287664	+	0	0	0		370	390	2038	0.19136408243375858	1467	420	7982	0.052618391380606366
CUFF_NC.1376	1	14330459	14330768	-	0	0	0		17	32	121	0.2644628099173554	68	35	459	0.07625272331154684
CUFF_NC.1379	1	14450493	14451167	-	0	0	0		43	136	243	0.5596707818930041	122	88	584	0.1506849315068493
CUFF_NC.1378	1	14464924	14465338	+	0	0	0		17	57	116	0.49137931034482757	111	70	598	0.11705685618729098
CUFF_NC.1380	1	14824328	14824792	-	0	0	0		5	32	138	0.2318840579710145	93	180	1512	0.11904761904761904
CUFF_NC.1381	1	14895013	14895554	+	0	0	0		17	44	73	0.6027397260273972	73	47	321	0.14641744548286603
CUFF_NC.1384	1	15048930	15050234	+	0	0	0		2	1	7	0.14285714285714285	18	5	71	0.07042253521126761
CUFF_NC.1385	1	15061109	15064954	+	0	0	0		181	454	881	0.5153234960272418	781	438	3890	0.11259640102827763
CUFF_NC.1386	1	15082774	15083944	-	0	0	0		24	237	948	0.25	366	924	19630	0.04707080998471727
CUFF_NC.1387	1	15215113	15215874	-	0	0	0		16	13	46	0.2826086956521739	110	54	317	0.17034700315457413
CUFF_NC.1391	1	15446408	15447063	+	0	0	0		32	109	204	0.5343137254901961	198	149	1209	0.12324234904880066
CUFF_NC.1390	1	15450573	15450955	+	0	0	0		23	33	102	0.3235294117647059	63	22	173	0.12716763005780346
CUFF_NC.1392	1	15453844	15454213	+	0	0	0		12	19	43	0.4418604651162791	82	28	202	0.13861386138613863
CUFF_NC.1394	1	15582103	15585147	+	0	0	0		43	21	164	0.12804878048780488	509	88	1827	0.0481663929939792
CUFF_NC.1393	1	15637544	15638012	-	0	0	0		14	22	51	0.43137254901960786	129	51	591	0.08629441624365482
CUFF_NC.1396	1	15650037	15650502	-	0	0	0		26	0	134	0.0	135	1	657	0.0015220700152207
CUFF_NC.1397	1	15650228	15650826	+	0	0	0		32	1	178	0.0056179775280898875	177	2	948	0.002109704641350211
CUFF_NC.1395	1	15675540	15676188	+	0	0	0		11	12	66	0.18181818181818182	92	1	362	0.0027624309392265192
CUFF_NC.1399	1	15700217	15700543	-	0	0	0		5	5	5	1.0	24	3	24	0.125
CUFF_NC.1398	1	15713438	15713953	+	0	0	0		41	108	180	0.6	86	47	301	0.15614617940199335
CUFF_NC.1405	1	15724635	15727771	-	0	0	0		99	185	448	0.41294642857142855	621	93	2496	0.037259615384615384
CUFF_NC.1400	1	15729395	15730095	-	0	0	0		16	28	102	0.27450980392156865	136	72	931	0.07733619763694952
CUFF_NC.1404	1	15753240	15753469	-	0	0	0		3	0	3	0.0	20	2	20	0.1
CUFF_NC.1401	1	15760711	15761500	-	0	0	0		2	0	2	0.0	10	0	10	0.0
CUFF_NC.1403	1	15763348	15764467	+	0	0	0		22	76	139	0.5467625899280576	152	92	784	0.11734693877551021
CUFF_NC.1402	1	15764770	15765935	-	0	0	0		10	15	31	0.4838709677419355	55	14	194	0.07216494845360824
CUFF_NC.1406	1	15814558	15815016	+	0	0	0		13	15	89	0.16853932584269662	140	31	776	0.03994845360824742
CUFF_NC.1407	1	15815125	15817227	+	0	0	0		100	219	648	0.33796296296296297	602	347	3672	0.09449891067538127
CUFF_NC.1408	1	15870223	15870687	-	0	0	0		27	39	110	0.35454545454545455	75	31	244	0.12704918032786885
CUFF_NC.1409	1	15883447	15884050	+	0	0	0		8	0	25	0.0	69	0	268	0.0
CUFF_NC.1412	1	15894034	15894449	-	0	0	0		19	0	64	0.0	132	0	470	0.0
CUFF_NC.1410	1	15907409	15907978	+	0	0	0		19	38	68	0.5588235294117647	108	53	477	0.1111111111111111
CUFF_NC.1413	1	15952600	15953183	+	0	0	0		46	103	194	0.5309278350515464	141	61	530	0.11509433962264151
CUFF_NC.1411	1	15953322	15953820	+	0	0	0		37	72	130	0.5538461538461539	147	71	527	0.1347248576850095
CUFF_NC.1418	1	16009279	16009892	+	0	0	0		15	22	71	0.30985915492957744	106	33	562	0.05871886120996441
CUFF_NC.1420	1	16051757	16052211	+	0	0	0		1	0	1	0.0	7	0	7	0.0
CUFF_NC.1422	1	16053617	16054408	-	0	0	0		19	10	90	0.1111111111111111	125	15	489	0.03067484662576687
CUFF_NC.1428	1	16070133	16073477	-	0	0	0		158	160	847	0.18890200708382526	859	24	4290	0.005594405594405594
CUFF_NC.1429	1	16073600	16074320	-	0	0	0		21	24	74	0.32432432432432434	131	5	490	0.01020408163265306
CUFF_NC.1423	1	16111097	16111465	-	0	0	0		0	0	0		25	7	65	0.1076923076923077
CUFF_NC.1425	1	16114894	16116341	+	0	0	0		11	0	11	0.0	44	0	44	0.0
CUFF_NC.1426	1	16115400	16116124	-	0	0	0		11	0	11	0.0	44	0	44	0.0
CUFF_NC.1430	1	16153453	16154778	-	0	0	0		26	0	156	0.0	183	2	875	0.002285714285714286
CUFF_NC.1433	1	16165405	16167029	+	0	0	0		67	149	391	0.38107416879795397	468	129	2401	0.053727613494377345
CUFF_NC.1431	1	16193947	16194666	-	0	0	0		14	27	103	0.2621359223300971	186	60	1058	0.05671077504725898
CUFF_NC.1432	1	16195214	16195764	-	0	0	0		20	32	149	0.21476510067114093	132	73	1171	0.0623398804440649
CUFF_NC.1437	1	16237921	16240331	-	0	0	0		0	0	0		3	0	3	0.0
CUFF_NC.1438	1	16244069	16245814	-	0	0	0		3	2	3	0.6666666666666666	22	3	22	0.13636363636363635
CUFF_NC.1444	1	16267278	16267770	-	0	0	0		35	0	153	0.0	167	2	793	0.0025220680958385876
CUFF_NC.1445	1	16305685	16306007	+	0	0	0		5	0	23	0.0	36	0	130	0.0
CUFF_NC.1451	1	16310081	16311070	+	0	0	0		48	0	248	0.0	233	2	1042	0.0019193857965451055
CUFF_NC.1449	1	16315868	16316599	-	0	0	0		17	0	53	0.0	106	4	316	0.012658227848101266
CUFF_NC.1447	1	16317778	16318181	-	0	0	0		18	1	118	0.00847457627118644	102	11	590	0.01864406779661017
CUFF_NC.1450	1	16321119	16321659	-	0	0	0		39	106	197	0.5380710659898477	167	43	529	0.08128544423440454
CUFF_NC.1448	1	16331005	16331779	-	0	0	0		55	148	314	0.4713375796178344	228	119	1203	0.09891936824605153
CUFF_NC.1453	1	16338794	16339181	-	0	0	0		20	46	112	0.4107142857142857	111	57	596	0.09563758389261745
CUFF_NC.1452	1	16340041	16340714	-	0	0	0		35	85	204	0.4166666666666667	129	23	603	0.03814262023217247
CUFF_NC.1457	1	16365061	16366461	-	0	0	0		43	87	203	0.42857142857142855	331	80	1602	0.049937578027465665
CUFF_NC.1456	1	16422445	16422819	+	0	0	0		12	0	92	0.0	106	0	781	0.0
CUFF_NC.1463	1	16437919	16439340	+	0	0	0		31	8	148	0.05405405405405406	332	29	2058	0.014091350826044704
CUFF_NC.1459	1	16455236	16455901	-	0	0	0		18	117	193	0.6062176165803109	161	380	1428	0.2661064425770308
CUFF_NC.1461	1	16455389	16457588	+	0	0	0		63	377	676	0.5576923076923077	563	658	5184	0.12692901234567902
CUFF_NC.1460	1	16456664	16457368	-	0	0	0		21	123	258	0.47674418604651164	177	219	2213	0.09896068685042927
CUFF_NC.1462	1	16457735	16458849	+	0	0	0		7	21	29	0.7241379310344828	103	32	399	0.08020050125313283
CUFF_NC.1458	1	16459197	16460136	-	0	0	0		3	2	3	0.6666666666666666	24	14	68	0.20588235294117646
CUFF_NC.1464	1	16466232	16467013	-	0	0	0		17	0	58	0.0	135	2	532	0.0037593984962406013
CUFF_NC.1468	1	16467317	16468536	-	0	0	0		31	0	104	0.0	187	0	766	0.0
CUFF_NC.1465	1	16474042	16474732	+	0	0	0		16	39	155	0.25161290322580643	166	23	1374	0.016739446870451237
CUFF_NC.1467	1	16487727	16488377	+	0	0	0		43	0	235	0.0	161	4	992	0.004032258064516129
CUFF_NC.1466	1	16503139	16504007	-	0	0	0		43	82	217	0.3778801843317972	256	133	1143	0.1163604549431321
CUFF_NC.1469	1	16510040	16510605	+	0	0	0		9	38	84	0.4523809523809524	96	125	893	0.13997760358342665
CUFF_NC.1471	1	16510660	16511618	+	0	0	0		3	13	44	0.29545454545454547	102	230	2093	0.10989010989010989
CUFF_NC.1470	1	16513273	16513693	+	0	0	0		19	26	63	0.4126984126984127	54	22	143	0.15384615384615385
CUFF_NC.1472	1	16515036	16515689	+	0	0	0		7	19	41	0.4634146341463415	65	37	320	0.115625
CUFF_NC.1473	1	16517966	16518877	+	0	0	0		26	128	223	0.5739910313901345	103	95	807	0.11771995043370508
CUFF_NC.1474	1	16519852	16520431	+	0	0	0		0	0	0		3	0	3	0.0
CUFF_NC.1476	1	16523464	16523914	+	0	0	0		11	29	82	0.35365853658536583	90	61	460	0.13260869565217392
CUFF_NC.1475	1	16526711	16527510	+	0	0	0		23	70	114	0.6140350877192983	152	125	672	0.18601190476190477
CUFF_NC.1477	1	16528242	16528899	+	0	0	0		2	10	11	0.9090909090909091	29	22	108	0.2037037037037037
CUFF_NC.1479	1	16537510	16538153	+	0	0	0		32	0	247	0.0	160	3	1118	0.0026833631484794273
CUFF_NC.1480	1	16537846	16543375	-	0	0	0		121	136	477	0.2851153039832285	509	90	2215	0.040632054176072234
CUFF_NC.1478	1	16556470	16557209	+	0	0	0		22	59	127	0.4645669291338583	252	103	1168	0.08818493150684932
CUFF_NC.1482	1	16575658	16576288	-	0	0	0		34	0	198	0.0	184	2	939	0.002129925452609159
CUFF_NC.1485	1	16578353	16579572	-	0	0	0		71	0	322	0.0	264	1	1178	0.0008488964346349745
CUFF_NC.1481	1	16580919	16581426	-	0	0	0		31	12	245	0.04897959183673469	125	9	1022	0.008806262230919765
CUFF_NC.1483	1	16600280	16600797	+	0	0	0		12	22	79	0.27848101265822783	118	33	750	0.044
CUFF_NC.1484	1	16603967	16604538	-	0	0	0		29	29	111	0.26126126126126126	137	31	454	0.06828193832599119
CUFF_NC.1486	1	16606632	16607291	-	0	0	0		14	22	60	0.36666666666666664	162	30	648	0.046296296296296294
CUFF_NC.1487	1	16626411	16626733	+	0	0	0		15	20	24	0.8333333333333334	49	10	86	0.11627906976744186
CUFF_NC.1488	1	16632077	16632566	+	0	0	0		37	64	118	0.5423728813559322	131	66	388	0.17010309278350516
CUFF_NC.1504	1	16641248	16643701	+	0	0	0		88	5	630	0.007936507936507936	660	123	4430	0.02776523702031603
CUFF_NC.1505	1	16643803	16645402	+	0	0	0		119	2	690	0.002898550724637681	487	6	2802	0.0021413276231263384
CUFF_NC.1492	1	16688604	16689005	+	0	0	0		25	0	130	0.0	108	1	537	0.00186219739292365
CUFF_NC.1494	1	16703490	16703944	+	0	0	0		14	0	78	0.0	123	2	744	0.002688172043010753
CUFF_NC.1490	1	16710959	16713615	-	0	0	0		45	48	216	0.2222222222222222	588	135	3013	0.0448058413541321
CUFF_NC.1491	1	16712325	16712814	-	0	0	0		4	23	32	0.71875	107	39	503	0.0775347912524851
CUFF_NC.1493	1	16713835	16714500	+	0	0	0		13	0	69	0.0	147	2	922	0.0021691973969631237
CUFF_NC.1496	1	16729141	16730317	+	0	0	0		60	129	232	0.5560344827586207	286	133	1100	0.12090909090909091
CUFF_NC.1503	1	16764639	16765152	+	0	0	0		29	1	148	0.006756756756756757	161	1	685	0.00145985401459854
CUFF_NC.1497	1	16779215	16779661	-	0	0	0		1	2	5	0.4	105	60	653	0.09188361408882083
CUFF_NC.1511	1	16780240	16786828	-	0	0	0		463	5	2722	0.0018368846436443791	1810	27	10585	0.002550779404818139
CUFF_NC.1498	1	16790551	16790999	+	0	0	0		13	39	69	0.5652173913043478	73	77	335	0.2298507462686567
CUFF_NC.1500	1	16811263	16812935	+	0	0	0		63	1	404	0.0024752475247524753	464	3	2828	0.0010608203677510608
CUFF_NC.1502	1	16813752	16814813	+	0	0	0		44	0	180	0.0	355	2	1537	0.0013012361743656475
CUFF_NC.1501	1	16820860	16821888	+	0	0	0		56	0	277	0.0	311	5	1425	0.0035087719298245615
CUFF_NC.1506	1	16829817	16830251	-	0	0	0		30	41	159	0.2578616352201258	115	32	720	0.044444444444444446
CUFF_NC.1512	1	16837642	16838563	+	0	0	0		53	1	251	0.00398406374501992	239	0	1021	0.0
CUFF_NC.1509	1	16843446	16848177	-	0	0	0		197	173	1020	0.1696078431372549	1018	104	5578	0.01864467551093582
CUFF_NC.1513	1	16852348	16852766	+	0	0	0		21	0	132	0.0	132	4	750	0.005333333333333333
CUFF_NC.1514	1	16853317	16858025	+	0	0	0		316	1791	4288	0.41767723880597013	1415	1670	18147	0.09202623023089215
CUFF_NC.1507	1	16861110	16863480	-	0	0	0		50	20	206	0.0970873786407767	482	52	2104	0.024714828897338403
CUFF_NC.1508	1	16866191	16867024	+	0	0	0		31	0	133	0.0	214	33	893	0.036954087346024636
CUFF_NC.1517	1	16867710	16871952	-	0	0	0		91	43	287	0.14982578397212543	696	70	2396	0.02921535893155259
CUFF_NC.1518	1	16887133	16888861	-	0	0	0		78	2	381	0.005249343832020997	484	5	2183	0.0022904260192395786
CUFF_NC.1510	1	16891013	16891840	-	0	0	0		36	0	140	0.0	213	5	982	0.0050916496945010185
CUFF_NC.1524	1	16908649	16909475	+	0	0	0		26	0	109	0.0	198	1	831	0.0012033694344163659
CUFF_NC.1516	1	16923389	16924736	-	0	0	0		56	0	264	0.0	391	6	1787	0.003357582540570789
CUFF_NC.1515	1	16924944	16925705	+	0	0	0		34	45	183	0.2459016393442623	178	24	964	0.024896265560165973
CUFF_NC.1521	1	16982250	16982766	-	0	0	0		27	0	138	0.0	126	1	450	0.0022222222222222222
CUFF_NC.1520	1	17011328	17011777	-	0	0	0		36	1	252	0.003968253968253968	114	5	718	0.006963788300835654
CUFF_NC.1519	1	17012567	17013245	+	0	0	0		56	1	528	0.001893939393939394	183	3	1570	0.001910828025477707
CUFF_NC.1522	1	17074059	17079408	+	0	0	0		281	167	1722	0.09698025551684088	1392	225	8321	0.02704001922845812
CUFF_NC.1523	1	17111749	17112634	+	0	0	0		19	24	100	0.24	212	31	1141	0.02716914986853637
CUFF_NC.1527	1	17117977	17118573	-	0	0	0		29	0	122	0.0	148	1	524	0.0019083969465648854
CUFF_NC.1526	1	17126756	17127484	-	0	0	0		39	1	193	0.0051813471502590676	201	2	1029	0.001943634596695821
CUFF_NC.1525	1	17136188	17145187	-	0	0	0		68	77	350	0.22	663	58	3151	0.018406854966677245
CUFF_NC.1528	1	17179552	17180287	-	0	0	0		41	3	276	0.010869565217391304	208	4	1361	0.0029390154298310064
CUFF_NC.1529	1	17196352	17196581	-	0	0	0		9	19	62	0.3064516129032258	74	18	530	0.033962264150943396
CUFF_NC.1530	1	17203926	17206319	-	0	0	0		6	8	14	0.5714285714285714	39	9	122	0.07377049180327869
CUFF_NC.1531	1	17230544	17231123	+	0	0	0		24	78	172	0.45348837209302323	161	28	1020	0.027450980392156862
CUFF_NC.1532	1	17233522	17234757	+	0	0	0		43	85	220	0.38636363636363635	364	32	1910	0.016753926701570682
CUFF_NC.1538	1	17234836	17235352	-	0	0	0		16	0	113	0.0	176	2	918	0.002178649237472767
CUFF_NC.1535	1	17236837	17237734	+	0	0	0		42	0	292	0.0	265	4	1665	0.0024024024024024023
CUFF_NC.1537	1	17249314	17249923	+	0	0	0		53	0	245	0.0	180	3	683	0.004392386530014641
CUFF_NC.1533	1	17252884	17253979	+	0	0	0		69	0	330	0.0	247	6	1430	0.004195804195804196
CUFF_NC.1534	1	17253261	17253686	-	0	0	0		32	0	169	0.0	94	3	660	0.004545454545454545
CUFF_NC.1536	1	17265872	17266624	+	0	0	0		46	0	220	0.0	212	1	1132	0.0008833922261484099
CUFF_NC.1539	1	17268284	17268848	-	0	0	0		6	0	46	0.0	123	2	918	0.002178649237472767
CUFF_NC.1542	1	17278415	17279364	+	0	0	0		22	48	95	0.5052631578947369	249	152	954	0.15932914046121593
CUFF_NC.1541	1	17279894	17280620	-	0	0	0		23	82	113	0.7256637168141593	198	92	915	0.1005464480874317
CUFF_NC.1540	1	17281888	17282384	-	0	0	0		18	39	91	0.42857142857142855	133	144	775	0.18580645161290324
CUFF_NC.1545	1	17284117	17284594	+	0	0	0		26	0	158	0.0	141	1	764	0.0013089005235602095
CUFF_NC.1544	1	17295587	17296007	-	0	0	0		39	107	210	0.5095238095238095	100	46	514	0.08949416342412451
CUFF_NC.1543	1	17298142	17298808	+	0	0	0		56	1	303	0.0033003300330033004	178	2	832	0.002403846153846154
CUFF_NC.1546	1	17312590	17315050	+	0	0	0		64	172	303	0.5676567656765676	482	394	2519	0.15641127431520443
CUFF_NC.1548	1	17324143	17324836	-	0	0	0		56	140	196	0.7142857142857143	161	49	550	0.0890909090909091
CUFF_NC.1547	1	17325649	17326176	+	0	0	0		28	109	170	0.6411764705882353	116	121	635	0.19055118110236222
CUFF_NC.1549	1	17327965	17328655	-	0	0	0		62	3	306	0.00980392156862745	171	3	876	0.003424657534246575
CUFF_NC.1550	1	17338964	17339388	-	0	0	0		26	0	142	0.0	92	3	515	0.005825242718446602
CUFF_NC.1551	1	17390133	17390827	-	0	0	0		44	1	346	0.002890173410404624	198	3	1584	0.001893939393939394
CUFF_NC.1552	1	17391459	17392097	-	0	0	0		22	0	161	0.0	174	1	1140	0.0008771929824561404
CUFF_NC.1553	1	17392515	17393078	+	0	0	0		15	0	101	0.0	139	0	934	0.0
CUFF_NC.1554	1	17413305	17413791	+	0	0	0		21	41	136	0.3014705882352941	142	16	883	0.01812004530011325
CUFF_NC.1558	1	17428624	17429851	+	0	0	0		42	0	238	0.0	383	1	1809	0.000552791597567717
CUFF_NC.1556	1	17430991	17431910	+	0	0	0		41	134	244	0.5491803278688525	173	56	996	0.05622489959839357
CUFF_NC.1557	1	17441074	17442334	+	0	0	0		58	54	275	0.19636363636363635	340	109	1567	0.06955966815571155
CUFF_NC.1560	1	17464151	17465322	-	0	0	0		57	0	328	0.0	315	0	1858	0.0
CUFF_NC.1565	1	17475765	17476573	-	0	0	0		37	0	222	0.0	228	1	1297	0.0007710100231303007
CUFF_NC.1559	1	17489927	17490480	+	0	0	0		23	32	102	0.3137254901960784	91	25	342	0.07309941520467836
CUFF_NC.1561	1	17504626	17506044	-	0	0	0		91	0	482	0.0	383	3	1876	0.0015991471215351812
CUFF_NC.1564	1	17525544	17526093	-	0	0	0		39	0	189	0.0	176	2	736	0.002717391304347826
CUFF_NC.1563	1	17528667	17529198	+	0	0	0		15	21	37	0.5675675675675675	76	62	218	0.28440366972477066
CUFF_NC.1566	1	17529314	17529950	-	0	0	0		17	63	105	0.6	201	133	980	0.1357142857142857
CUFF_NC.1569	1	17531504	17532196	-	0	0	0		30	49	109	0.44954128440366975	171	76	554	0.1371841155234657
CUFF_NC.1579	1	17538965	17539591	+	0	0	0		32	0	202	0.0	185	3	1012	0.0029644268774703555
CUFF_NC.1572	1	17569397	17570468	+	0	0	0		58	5	345	0.014492753623188406	274	14	1377	0.010167029774872912
CUFF_NC.1571	1	17572953	17573285	-	0	0	0		11	0	39	0.0	88	4	525	0.007619047619047619
CUFF_NC.1567	1	17573629	17574171	-	0	0	0		19	82	128	0.640625	122	53	860	0.06162790697674419
CUFF_NC.1573	1	17577615	17578185	-	0	0	0		35	0	192	0.0	118	1	769	0.0013003901170351106
CUFF_NC.1574	1	17577723	17578125	+	0	0	0		34	0	185	0.0	93	1	559	0.0017889087656529517
CUFF_NC.1575	1	17591939	17592743	+	0	0	0		40	0	256	0.0	208	2	1212	0.0016501650165016502
CUFF_NC.1576	1	17596707	17597371	-	0	0	0		20	0	103	0.0	93	1	566	0.0017667844522968198
CUFF_NC.1577	1	17608162	17609582	+	0	0	0		100	346	555	0.6234234234234234	347	210	1820	0.11538461538461539
CUFF_NC.1580	1	17618441	17623717	+	0	0	0		158	77	748	0.10294117647058823	900	52	5141	0.010114763664656681
CUFF_NC.1581	1	17621260	17622155	+	0	0	0		43	69	123	0.5609756097560976	69	16	200	0.08
CUFF_NC.1578	1	17625027	17625832	+	0	0	0		3	0	3	0.0	10	0	10	0.0
CUFF_NC.1584	1	17627568	17628463	+	0	0	0		56	1	208	0.004807692307692308	207	0	674	0.0
CUFF_NC.1583	1	17642417	17642883	+	0	0	0		34	0	162	0.0	143	1	711	0.0014064697609001407
CUFF_NC.1589	1	17683224	17683791	+	0	0	0		19	0	86	0.0	119	2	440	0.004545454545454545
CUFF_NC.1585	1	17687077	17687846	-	0	0	0		28	1	182	0.005494505494505495	120	0	666	0.0
CUFF_NC.1586	1	17687993	17688771	-	0	0	0		23	0	93	0.0	128	1	404	0.0024752475247524753
CUFF_NC.1587	1	17689013	17692362	+	0	0	0		99	174	642	0.27102803738317754	721	302	4209	0.07175100974103113
CUFF_NC.1588	1	17689138	17690459	-	0	0	0		45	172	281	0.6120996441281139	229	258	1378	0.18722786647314948
CUFF_NC.1590	1	17695288	17696075	+	0	0	0		29	26	121	0.21487603305785125	211	56	909	0.061606160616061605
CUFF_NC.1592	1	17705992	17706568	+	0	0	0		13	0	59	0.0	88	0	403	0.0
CUFF_NC.1593	1	17719694	17721314	+	0	0	0		119	2	710	0.0028169014084507044	464	5	2577	0.0019402405898331393
CUFF_NC.1594	1	17725243	17726864	-	0	0	0		113	1	735	0.0013605442176870747	432	10	2818	0.0035486160397444995
CUFF_NC.1610	1	17736454	17737909	+	0	0	0		121	3	996	0.0030120481927710845	393	17	3247	0.005235602094240838
CUFF_NC.1595	1	17762642	17763143	-	0	0	0		10	0	35	0.0	117	1	557	0.0017953321364452424
CUFF_NC.1596	1	17763495	17764225	+	0	0	0		19	0	148	0.0	170	3	1337	0.002243829468960359
CUFF_NC.1597	1	17780508	17780864	-	0	0	0		17	1	118	0.00847457627118644	102	0	583	0.0
CUFF_NC.1598	1	17797195	17798343	+	0	0	0		73	3	407	0.007371007371007371	302	5	1757	0.0028457598178713715
CUFF_NC.1609	1	17812638	17813901	+	0	0	0		15	36	41	0.8780487804878049	38	34	80	0.425
CUFF_NC.1599	1	17818801	17819273	-	0	0	0		16	0	54	0.0	70	0	220	0.0
CUFF_NC.1600	1	17823483	17824287	-	0	0	0		2	0	2	0.0	9	0	9	0.0
CUFF_NC.1605	1	17827433	17827990	+	0	0	0		21	0	60	0.0	96	0	286	0.0
CUFF_NC.1606	1	17829779	17830591	+	0	0	0		56	0	240	0.0	167	3	638	0.004702194357366771
CUFF_NC.1607	1	17837354	17838176	-	0	0	0		46	18	307	0.05863192182410423	175	22	1112	0.019784172661870502
CUFF_NC.1602	1	17840147	17840565	+	0	0	0		12	0	77	0.0	97	3	581	0.0051635111876075735
CUFF_NC.1603	1	17845372	17846257	-	0	0	0		23	7	95	0.07368421052631578	164	34	934	0.03640256959314775
CUFF_NC.1604	1	17845967	17846980	+	0	0	0		50	43	240	0.17916666666666667	223	48	1105	0.04343891402714932
CUFF_NC.1608	1	17863619	17864418	-	0	0	0		18	0	92	0.0	215	0	1015	0.0
CUFF_NC.1630	1	17878672	17879173	+	0	0	0		27	0	88	0.0	128	0	370	0.0
CUFF_NC.1611	1	17890974	17891884	+	0	0	0		85	1	403	0.0024813895781637717	293	3	1237	0.002425222312045271
CUFF_NC.1612	1	17918431	17919461	-	0	0	0		93	2	489	0.00408997955010225	238	2	1155	0.0017316017316017316
CUFF_NC.1613	1	17920094	17921033	-	0	0	0		64	0	309	0.0	258	4	1048	0.003816793893129771
CUFF_NC.1614	1	17929774	17930306	-	0	0	0		19	1	123	0.008130081300813009	152	4	995	0.004020100502512563
CUFF_NC.1615	1	17931199	17931755	-	0	0	0		29	0	193	0.0	108	0	616	0.0
CUFF_NC.1629	1	17956599	17957056	+	0	0	0		19	3	133	0.022556390977443608	136	1	861	0.0011614401858304297
CUFF_NC.1616	1	17961098	17962028	+	0	0	0		27	93	155	0.6	108	62	663	0.09351432880844646
CUFF_NC.1628	1	17966376	17968547	-	0	0	0		144	3	962	0.0031185031185031187	623	8	4035	0.001982651796778191
CUFF_NC.1627	1	17972448	17973134	+	0	0	0		69	1	315	0.0031746031746031746	153	0	789	0.0
CUFF_NC.1618	1	17973839	17974595	+	0	0	0		49	0	322	0.0	213	3	1110	0.002702702702702703
CUFF_NC.1619	1	17974941	17976721	+	0	0	0		131	3	690	0.004347826086956522	489	5	2231	0.0022411474675033617
CUFF_NC.1620	1	17995943	17999760	+	0	0	0		129	1	842	0.0011876484560570072	1023	14	6761	0.0020706996006507913
CUFF_NC.1621	1	18000833	18001748	+	0	0	0		38	0	230	0.0	186	0	1067	0.0
CUFF_NC.1622	1	18003812	18005787	+	0	0	0		7	8	24	0.3333333333333333	21	10	73	0.136986301369863
CUFF_NC.1624	1	18007424	18010263	+	0	0	0		58	1	296	0.0033783783783783786	416	2	2300	0.0008695652173913044
CUFF_NC.1625	1	18026191	18026703	-	0	0	0		13	0	93	0.0	124	0	1074	0.0
CUFF_NC.1626	1	18030691	18031417	-	0	0	0		42	0	183	0.0	159	6	839	0.007151370679380214
CUFF_NC.1631	1	18070921	18071367	+	0	0	0		37	0	196	0.0	123	2	553	0.003616636528028933
CUFF_NC.1632	1	18083006	18084012	+	0	0	0		63	1	446	0.002242152466367713	274	4	1857	0.002154011847065159
CUFF_NC.1636	1	18115789	18117931	+	0	0	0		151	2	826	0.002421307506053269	573	6	3018	0.0019880715705765406
CUFF_NC.1633	1	18128656	18129271	+	0	0	0		21	0	113	0.0	157	2	819	0.002442002442002442
CUFF_NC.1644	1	18138233	18138922	-	0	0	0		33	0	181	0.0	162	1	972	0.00102880658436214
CUFF_NC.1637	1	18155053	18158895	-	0	0	0		68	318	769	0.4135240572171652	316	371	3878	0.09566787003610108
CUFF_NC.1638	1	18158975	18163472	-	0	0	0		108	336	764	0.4397905759162304	471	378	3708	0.10194174757281553
CUFF_NC.1634	1	18163818	18164269	-	0	0	0		8	8	57	0.14035087719298245	108	27	591	0.04568527918781726
CUFF_NC.1635	1	18164015	18164727	+	0	0	0		16	15	96	0.15625	166	49	794	0.061712846347607056
CUFF_NC.1639	1	18174733	18176191	+	0	0	0		80	1	494	0.0020242914979757085	402	3	2190	0.0013698630136986301
CUFF_NC.1641	1	18177771	18178288	+	0	0	0		28	0	136	0.0	121	0	495	0.0
CUFF_NC.1640	1	18213820	18214613	-	0	0	0		28	113	187	0.6042780748663101	198	258	1315	0.1961977186311787
CUFF_NC.1642	1	18219402	18219981	-	0	0	0		37	2	248	0.008064516129032258	173	3	1197	0.002506265664160401
CUFF_NC.1643	1	18249672	18250850	-	0	0	0		99	3	478	0.006276150627615063	285	3	1442	0.0020804438280166435
CUFF_NC.1652	1	18268808	18269454	+	0	0	0		32	1	235	0.00425531914893617	153	1	934	0.0010706638115631692
CUFF_NC.1645	1	18271332	18272159	-	0	0	0		39	66	185	0.3567567567567568	187	66	1027	0.06426484907497566
CUFF_NC.1646	1	18272589	18273238	-	0	0	0		16	3	63	0.047619047619047616	156	2	619	0.0032310177705977385
CUFF_NC.1650	1	18284861	18285427	+	0	0	0		31	0	177	0.0	158	2	837	0.0023894862604540022
CUFF_NC.1647	1	18296249	18296931	+	0	0	0		27	0	211	0.0	132	0	944	0.0
CUFF_NC.1649	1	18305226	18307390	-	0	0	0		135	2	726	0.0027548209366391185	509	5	2485	0.002012072434607646
CUFF_NC.1648	1	18311081	18311508	-	0	0	0		34	1	168	0.005952380952380952	124	1	701	0.0014265335235378032
CUFF_NC.1653	1	18321577	18322459	+	0	0	0		27	0	140	0.0	207	1	1218	0.0008210180623973727
CUFF_NC.1657	1	18331522	18332262	-	0	0	0		49	0	268	0.0	187	3	1030	0.002912621359223301
CUFF_NC.1651	1	18343419	18344257	-	0	0	0		53	1	278	0.0035971223021582736	236	2	1320	0.0015151515151515152
CUFF_NC.1659	1	18355404	18355799	-	0	0	0		26	0	145	0.0	105	1	588	0.0017006802721088435
CUFF_NC.1655	1	18362434	18363372	+	0	0	0		57	1	278	0.0035971223021582736	267	2	1253	0.0015961691939345571
CUFF_NC.1654	1	18366271	18366890	+	0	0	0		47	1	245	0.004081632653061225	142	0	671	0.0
CUFF_NC.1688	1	18376116	18380033	+	0	0	0		251	4	1290	0.0031007751937984496	834	4	3582	0.0011166945840312675
CUFF_NC.1660	1	18380236	18380944	+	0	0	0		10	29	49	0.5918367346938775	49	7	229	0.03056768558951965
CUFF_NC.1656	1	18386698	18387488	-	0	0	0		6	21	23	0.9130434782608695	32	55	106	0.5188679245283019
CUFF_NC.1658	1	18394106	18395009	-	0	0	0		33	0	215	0.0	211	2	1408	0.0014204545454545455
CUFF_NC.1668	1	18400825	18401818	-	0	0	0		111	2	441	0.0045351473922902496	274	2	1078	0.0018552875695732839
CUFF_NC.1662	1	18411079	18413181	+	0	0	0		101	2	475	0.004210526315789474	536	3	2479	0.0012101653892698668
CUFF_NC.1661	1	18427997	18430627	+	0	0	0		145	2	589	0.003395585738539898	584	3	2436	0.0012315270935960591
CUFF_NC.1667	1	18445943	18446720	+	0	0	0		45	0	315	0.0	207	3	1404	0.002136752136752137
CUFF_NC.1664	1	18447423	18449076	-	0	0	0		55	1	338	0.0029585798816568047	449	8	2538	0.0031520882584712374
CUFF_NC.1665	1	18447614	18448968	+	0	0	0		50	1	310	0.0032258064516129032	373	6	2094	0.0028653295128939827
CUFF_NC.1663	1	18450525	18450965	+	0	0	0		16	1	109	0.009174311926605505	107	0	771	0.0
CUFF_NC.1666	1	18462746	18463425	-	0	0	0		50	0	247	0.0	203	2	861	0.0023228803716608595
CUFF_NC.1672	1	18489276	18489586	+	0	0	0		18	1	139	0.007194244604316547	86	1	627	0.001594896331738437
CUFF_NC.1675	1	18510531	18512563	-	0	0	0		158	2	947	0.0021119324181626186	510	4	2936	0.0013623978201634877
CUFF_NC.1669	1	18542772	18543913	-	0	0	0		95	1	459	0.002178649237472767	311	2	1446	0.0013831258644536654
CUFF_NC.1670	1	18548232	18549042	-	0	0	0		47	6	317	0.01892744479495268	163	6	933	0.006430868167202572
CUFF_NC.1671	1	18549195	18550129	-	0	0	0		38	12	157	0.07643312101910828	227	80	1074	0.074487895716946
CUFF_NC.1673	1	18584973	18585371	-	0	0	0		21	0	103	0.0	114	0	515	0.0
CUFF_NC.1674	1	18601872	18602765	-	0	0	0		37	0	126	0.0	207	1	816	0.0012254901960784314
CUFF_NC.1680	1	18624898	18626504	+	0	0	0		112	0	670	0.0	398	2	2054	0.0009737098344693282
CUFF_NC.1681	1	18627541	18633022	+	0	0	0		272	3	1344	0.002232142857142857	1097	26	5274	0.004929844520288207
CUFF_NC.1682	1	18630762	18631237	+	0	0	0		51	0	252	0.0	157	1	577	0.0017331022530329288
CUFF_NC.1677	1	18640822	18642377	-	0	0	0		63	214	434	0.4930875576036866	487	233	3260	0.07147239263803681
CUFF_NC.1678	1	18641979	18642556	+	0	0	0		29	68	175	0.38857142857142857	162	56	1120	0.05
CUFF_NC.1683	1	18692238	18693258	-	0	0	0		61	0	356	0.0	174	1	753	0.0013280212483399733
CUFF_NC.1684	1	18692549	18693378	+	0	0	0		41	0	256	0.0	150	0	668	0.0
CUFF_NC.1685	1	18696997	18697619	-	0	0	0		32	0	125	0.0	170	0	704	0.0
CUFF_NC.1686	1	18744005	18744659	-	0	0	0		29	0	187	0.0	163	1	863	0.0011587485515643105
CUFF_NC.1687	1	18744959	18745412	+	0	0	0		7	9	19	0.47368421052631576	80	98	572	0.17132867132867133
CUFF_NC.1693	1	18750304	18751264	-	0	0	0		90	1	557	0.0017953321364452424	269	2	1444	0.0013850415512465374
CUFF_NC.1692	1	18752911	18753944	+	0	0	0		56	0	302	0.0	241	1	1226	0.0008156606851549756
CUFF_NC.1689	1	18757377	18758443	+	0	0	0		75	0	252	0.0	203	2	729	0.0027434842249657062
CUFF_NC.1691	1	18772997	18774464	-	0	0	0		108	0	580	0.0	442	2	1915	0.0010443864229765013
CUFF_NC.1690	1	18783459	18783791	-	0	0	0		17	0	109	0.0	101	1	643	0.0015552099533437014
CUFF_NC.1694	1	18789227	18789721	+	0	0	0		16	0	69	0.0	128	1	649	0.0015408320493066256
CUFF_NC.1695	1	18804108	18805157	+	0	0	0		18	15	83	0.18072289156626506	149	56	751	0.07456724367509987
CUFF_NC.1696	1	18809917	18810447	+	0	0	0		24	0	164	0.0	154	4	910	0.004395604395604396
CUFF_NC.1697	1	18835936	18836474	+	0	0	0		32	1	228	0.0043859649122807015	164	3	1022	0.0029354207436399216
CUFF_NC.1698	1	18855098	18856079	-	0	0	0		56	0	329	0.0	268	2	1482	0.001349527665317139
CUFF_NC.1699	1	18857724	18858569	+	0	0	0		29	0	185	0.0	185	0	1223	0.0
CUFF_NC.1702	1	18863463	18865785	+	0	0	0		182	3	1184	0.002533783783783784	632	5	3926	0.0012735608762098828
CUFF_NC.1703	1	18871425	18872584	-	0	0	0		98	1	537	0.00186219739292365	352	0	1530	0.0
CUFF_NC.1700	1	18874327	18874751	+	0	0	0		21	12	174	0.06896551724137931	99	10	787	0.012706480304955527
CUFF_NC.1707	1	18884156	18884799	-	0	0	0		46	0	230	0.0	173	3	945	0.0031746031746031746
CUFF_NC.1701	1	18892250	18892911	-	0	0	0		34	85	313	0.2715654952076677	157	33	1482	0.022267206477732792
CUFF_NC.1704	1	18911529	18913599	-	0	0	0		61	0	373	0.0	475	2	2813	0.0007109847138286527
CUFF_NC.1706	1	18934250	18934919	-	0	0	0		33	1	243	0.00411522633744856	201	3	1259	0.0023828435266084196
CUFF_NC.1705	1	18947611	18949235	+	0	0	0		46	0	302	0.0	428	7	2772	0.0025252525252525255
CUFF_NC.1710	1	18953438	18955070	+	0	0	0		128	2	631	0.003169572107765452	351	5	1530	0.0032679738562091504
CUFF_NC.1708	1	18969815	18970769	+	0	0	0		92	335	641	0.5226209048361935	225	159	1607	0.09894212818917238
CUFF_NC.1709	1	18987747	18988708	-	0	0	0		73	0	416	0.0	237	3	1101	0.0027247956403269754
CUFF_NC.1711	1	18988883	18989307	-	0	0	0		21	0	63	0.0	134	2	520	0.0038461538461538464
CUFF_NC.1712	1	19000632	19002226	+	0	0	0		58	1	467	0.0021413276231263384	369	4	2984	0.0013404825737265416
CUFF_NC.1716	1	19021134	19022016	+	0	0	0		50	1	208	0.004807692307692308	187	2	691	0.002894356005788712
CUFF_NC.1713	1	19022417	19023522	-	0	0	0		18	27	105	0.2571428571428571	153	17	764	0.02225130890052356
CUFF_NC.1714	1	19029236	19029544	+	0	0	0		8	0	42	0.0	98	3	474	0.006329113924050633
CUFF_NC.1722	1	19030815	19031434	-	0	0	0		17	0	123	0.0	134	0	905	0.0
CUFF_NC.1715	1	19041432	19041859	-	0	0	0		24	0	198	0.0	128	0	705	0.0
CUFF_NC.1717	1	19070880	19072078	-	0	0	0		56	0	267	0.0	358	3	1751	0.0017133066818960593
CUFF_NC.1718	1	19076626	19078899	+	0	0	0		159	2	864	0.0023148148148148147	583	8	3117	0.0025665704202759063
CUFF_NC.1719	1	19077795	19078386	+	0	0	0		40	0	228	0.0	181	3	1046	0.0028680688336520078
CUFF_NC.1720	1	19081146	19081583	+	0	0	0		18	0	103	0.0	131	0	764	0.0
CUFF_NC.1721	1	19093462	19094400	+	0	0	0		32	0	114	0.0	179	1	606	0.0016501650165016502
CUFF_NC.1723	1	19097725	19098461	+	0	0	0		23	0	144	0.0	203	0	1296	0.0
CUFF_NC.1725	1	19115554	19116275	-	0	0	0		52	0	225	0.0	195	4	890	0.0044943820224719105
CUFF_NC.1724	1	19117701	19118654	+	0	0	0		68	0	369	0.0	302	3	1638	0.0018315018315018315
CUFF_NC.1730	1	19122881	19124738	+	0	0	0		111	3	600	0.005	579	5	2784	0.0017959770114942528
CUFF_NC.1726	1	19141008	19141393	-	0	0	0		31	0	184	0.0	101	2	571	0.0035026269702276708
CUFF_NC.1727	1	19146938	19147575	-	0	0	0		6	3	21	0.14285714285714285	23	1	75	0.013333333333333334
CUFF_NC.1729	1	19149763	19152228	+	0	0	0		149	1	863	0.0011587485515643105	711	6	3829	0.0015669887699138157
CUFF_NC.1732	1	19157832	19158098	-	0	0	0		16	0	38	0.0	50	0	178	0.0
CUFF_NC.1731	1	19160820	19161633	+	0	0	0		61	0	266	0.0	219	0	901	0.0
CUFF_NC.1728	1	19174094	19174895	-	0	0	0		76	1	385	0.0025974025974025974	201	3	920	0.003260869565217391
CUFF_NC.1734	1	19200431	19205793	-	0	0	0		281	3	1661	0.001806140878988561	1455	11	9040	0.0012168141592920354
CUFF_NC.1733	1	19210367	19211004	+	0	0	0		32	1	267	0.003745318352059925	169	1	1330	0.0007518796992481203
CUFF_NC.1737	1	19218410	19220488	+	0	0	0		4	3	15	0.2	57	5	207	0.024154589371980676
CUFF_NC.1736	1	19234139	19234691	-	0	0	0		5	1	13	0.07692307692307693	90	59	795	0.07421383647798742
CUFF_NC.1735	1	19251912	19252476	+	0	0	0		5	0	32	0.0	26	0	139	0.0
CUFF_NC.1739	1	19261055	19266811	+	0	0	0		44	1	292	0.003424657534246575	200	2	1164	0.001718213058419244
CUFF_NC.1741	1	19294045	19294559	-	0	0	0		21	0	100	0.0	144	2	610	0.003278688524590164
CUFF_NC.1740	1	19294953	19295387	+	0	0	0		16	0	80	0.0	118	2	666	0.003003003003003003
CUFF_NC.1743	1	19298428	19298857	+	0	0	0		35	0	225	0.0	113	4	589	0.006791171477079796
CUFF_NC.1744	1	19305364	19305941	-	0	0	0		18	1	83	0.012048192771084338	177	2	965	0.002072538860103627
CUFF_NC.1745	1	19313494	19314161	+	0	0	0		31	1	158	0.006329113924050633	169	0	970	0.0
CUFF_NC.1746	1	19315392	19316721	-	0	0	0		30	22	182	0.12087912087912088	316	27	1632	0.016544117647058824
CUFF_NC.1742	1	19319658	19320098	+	0	0	0		25	0	172	0.0	122	1	799	0.0012515644555694619
CUFF_NC.1753	1	19346111	19351717	+	0	0	0		154	1	642	0.001557632398753894	1140	13	4985	0.002607823470411234
CUFF_NC.1747	1	19355515	19355979	+	0	0	0		29	0	216	0.0	137	0	886	0.0
CUFF_NC.1752	1	19371587	19371945	-	0	0	0		27	1	206	0.0048543689320388345	94	0	649	0.0
CUFF_NC.1748	1	19373686	19374402	-	0	0	0		5	0	5	0.0	45	0	45	0.0
CUFF_NC.1751	1	19383327	19384139	+	0	0	0		3	0	3	0.0	29	0	29	0.0
CUFF_NC.1754	1	19390634	19391084	+	0	0	0		4	0	4	0.0	62	20	157	0.12738853503184713
CUFF_NC.1755	1	19438137	19438822	-	0	0	0		28	0	151	0.0	213	3	1078	0.0027829313543599257
CUFF_NC.1757	1	19447199	19448002	-	0	0	0		50	0	328	0.0	220	5	1373	0.003641660597232338
CUFF_NC.1762	1	19452886	19453665	+	0	0	0		37	3	253	0.011857707509881422	176	2	1144	0.0017482517482517483
CUFF_NC.1756	1	19458650	19460146	+	0	0	0		31	0	184	0.0	374	6	2147	0.0027945971122496508
CUFF_NC.1764	1	19460455	19461265	-	0	0	0		36	0	146	0.0	147	1	637	0.0015698587127158557
CUFF_NC.1765	1	19470163	19470835	+	0	0	0		44	1	288	0.003472222222222222	183	3	1223	0.0024529844644317253
CUFF_NC.1760	1	19484616	19484924	-	0	0	0		19	0	58	0.0	38	0	57	0.0
CUFF_NC.1761	1	19486310	19487106	-	0	0	0		45	0	234	0.0	239	0	1144	0.0
CUFF_NC.1759	1	19492243	19493382	+	0	0	0		31	0	162	0.0	290	2	1537	0.0013012361743656475
CUFF_NC.1758	1	19494243	19494843	+	0	0	0		26	1	175	0.005714285714285714	185	2	1188	0.0016835016835016834
CUFF_NC.1763	1	19496276	19497720	+	0	0	0		0	0	0		3	0	7	0.0
CUFF_NC.1769	1	19503999	19505371	-	0	0	0		93	0	553	0.0	395	2	2192	0.0009124087591240876
CUFF_NC.1766	1	19524645	19525507	-	0	0	0		68	1	511	0.0019569471624266144	239	1	1415	0.0007067137809187279
CUFF_NC.1767	1	19574736	19575949	+	0	0	0		58	2	310	0.0064516129032258064	321	4	1655	0.002416918429003021
CUFF_NC.1768	1	19579959	19580748	+	0	0	0		58	0	278	0.0	170	1	690	0.0014492753623188406
CUFF_NC.1770	1	19603011	19604328	-	0	0	0		69	16	357	0.04481792717086835	298	9	1611	0.00558659217877095
CUFF_NC.1771	1	19628617	19629050	-	0	0	0		27	1	207	0.004830917874396135	117	2	862	0.002320185614849188
CUFF_NC.1776	1	19631777	19632108	+	0	0	0		23	0	134	0.0	95	2	572	0.0034965034965034965
CUFF_NC.1772	1	19651987	19652678	-	0	0	0		37	1	210	0.004761904761904762	192	2	1195	0.0016736401673640166
CUFF_NC.1773	1	19663972	19664548	-	0	0	0		27	2	171	0.011695906432748537	171	4	1008	0.003968253968253968
CUFF_NC.1774	1	19666922	19668369	-	0	0	0		80	1	512	0.001953125	388	7	2420	0.002892561983471074
CUFF_NC.1775	1	19671627	19671912	+	0	0	0		16	0	92	0.0	64	0	297	0.0
CUFF_NC.1777	1	19685399	19686356	-	0	0	0		59	1	270	0.003703703703703704	192	2	927	0.002157497303128371
CUFF_NC.1778	1	19687970	19688414	-	0	0	0		13	0	106	0.0	111	2	752	0.0026595744680851063
CUFF_NC.1781	1	19720996	19722293	-	0	0	0		44	234	492	0.47560975609756095	262	519	2677	0.19387373926036608
CUFF_NC.1782	1	19723282	19723601	-	0	0	0		16	20	86	0.23255813953488372	79	1	427	0.00234192037470726
CUFF_NC.1783	1	19724754	19731178	-	0	0	0		200	1501	3043	0.4932632270785409	1251	1645	20423	0.08054644273613083
CUFF_NC.1779	1	19734190	19734700	-	0	0	0		16	63	148	0.42567567567567566	116	90	1380	0.06521739130434782
CUFF_NC.1780	1	19734718	19736270	-	0	0	0		44	223	370	0.6027027027027027	198	207	1987	0.10417715148465023
CUFF_NC.1790	1	19750923	19756835	+	0	0	0		303	17	1956	0.008691206543967281	1475	22	9318	0.002361021678471775
CUFF_NC.1791	1	19751370	19757393	+	0	0	0		326	16	2077	0.0077034183919114105	1523	20	9493	0.0021068155482987464
CUFF_NC.1785	1	19761651	19762530	+	0	0	0		38	0	284	0.0	259	5	1678	0.0029797377830750892
CUFF_NC.1787	1	19764459	19765742	+	0	0	0		71	0	399	0.0	355	5	2174	0.0022999080036798527
CUFF_NC.1788	1	19766141	19766465	+	0	0	0		22	0	118	0.0	105	1	506	0.001976284584980237
CUFF_NC.1789	1	19800891	19802505	-	0	0	0		131	2	682	0.002932551319648094	468	2	2454	0.0008149959250203749
CUFF_NC.1786	1	19811959	19812989	-	0	0	0		65	2	347	0.005763688760806916	260	5	1268	0.003943217665615142
CUFF_NC.1793	1	19821006	19822513	+	0	0	0		82	0	331	0.0	359	4	1775	0.0022535211267605635
CUFF_NC.1792	1	19831989	19832576	-	0	0	0		38	0	200	0.0	161	1	715	0.0013986013986013986
CUFF_NC.1799	1	19838249	19839173	-	0	0	0		85	0	393	0.0	270	2	1083	0.0018467220683287165
CUFF_NC.1798	1	19843042	19843514	+	0	0	0		28	0	119	0.0	120	1	528	0.001893939393939394
CUFF_NC.1794	1	19848652	19849244	+	0	0	0		17	1	121	0.008264462809917356	144	2	881	0.0022701475595913734
CUFF_NC.1796	1	19850200	19852127	+	0	0	0		158	1	771	0.0012970168612191958	485	6	2166	0.002770083102493075
CUFF_NC.1800	1	19884079	19886386	+	0	0	0		197	4	1039	0.0038498556304138597	621	9	3343	0.0026921926413401138
CUFF_NC.1801	1	19902314	19903642	-	0	0	0		75	1	445	0.0022471910112359553	339	4	1696	0.0023584905660377358
CUFF_NC.1804	1	19913119	19914613	+	0	0	0		112	3	640	0.0046875	387	2	2140	0.0009345794392523365
CUFF_NC.1802	1	19926727	19927825	+	0	0	0		64	0	355	0.0	317	3	1649	0.0018192844147968466
CUFF_NC.1809	1	19945658	19946190	-	0	0	0		19	0	93	0.0	132	1	811	0.0012330456226880395
CUFF_NC.1803	1	19958614	19959246	-	0	0	0		57	1	368	0.002717391304347826	164	1	952	0.0010504201680672268
CUFF_NC.1819	1	19965203	19966636	-	0	0	0		106	1	513	0.001949317738791423	404	7	2030	0.0034482758620689655
CUFF_NC.1805	1	19996141	19996575	-	0	0	0		17	0	105	0.0	104	1	569	0.0017574692442882249
CUFF_NC.1806	1	20000334	20000792	-	0	0	0		19	0	65	0.0	92	1	298	0.003355704697986577
CUFF_NC.1807	1	20006553	20007007	-	0	0	0		15	1	87	0.011494252873563218	123	1	621	0.001610305958132045
CUFF_NC.1808	1	20016606	20017024	+	0	0	0		10	5	21	0.23809523809523808	73	5	245	0.02040816326530612
CUFF_NC.1811	1	20024972	20025354	+	0	0	0		38	0	99	0.0	80	2	152	0.013157894736842105
CUFF_NC.1812	1	20027441	20028389	+	0	0	0		103	3	517	0.005802707930367505	268	1	1083	0.0009233610341643582
CUFF_NC.1813	1	20038012	20039044	-	0	0	0		64	0	391	0.0	303	3	1618	0.001854140914709518
CUFF_NC.1810	1	20048355	20050029	-	0	0	0		113	0	477	0.0	409	1	1548	0.0006459948320413437
CUFF_NC.1814	1	20073112	20073727	+	0	0	0		59	0	319	0.0	136	2	672	0.002976190476190476
CUFF_NC.1820	1	20083551	20084435	-	0	0	0		77	0	424	0.0	241	3	1399	0.002144388849177984
CUFF_NC.1815	1	20087601	20089605	-	0	0	0		0	0	0		16	0	16	0.0
CUFF_NC.1816	1	20098967	20100726	-	0	0	0		129	2	609	0.003284072249589491	411	4	1936	0.002066115702479339
CUFF_NC.1817	1	20106350	20107447	+	0	0	0		30	0	104	0.0	127	0	503	0.0
CUFF_NC.1818	1	20108003	20109415	+	0	0	0		76	1	510	0.00196078431372549	399	4	2406	0.0016625103906899418
CUFF_NC.1825	1	20134743	20135295	-	0	0	0		5	0	32	0.0	23	0	65	0.0
CUFF_NC.1829	1	20156106	20160801	+	0	0	0		231	5	1392	0.0035919540229885057	1068	9	6708	0.0013416815742397137
CUFF_NC.1830	1	20158440	20162122	+	0	0	0		168	4	902	0.004434589800443459	873	6	5157	0.0011634671320535194
CUFF_NC.1826	1	20167570	20168254	-	0	0	0		31	1	118	0.00847457627118644	150	0	450	0.0
CUFF_NC.1827	1	20168437	20169887	-	0	0	0		82	0	317	0.0	336	0	1299	0.0
CUFF_NC.1831	1	20183921	20184902	+	0	0	0		103	0	429	0.0	280	3	1158	0.0025906735751295338
CUFF_NC.1828	1	20189565	20191788	-	0	0	0		158	2	920	0.002173913043478261	539	1	2816	0.0003551136363636364
CUFF_NC.1836	1	20199339	20199868	-	0	0	0		30	1	213	0.004694835680751174	144	4	1062	0.003766478342749529
CUFF_NC.1837	1	20201921	20202370	-	0	0	0		32	0	204	0.0	114	1	755	0.0013245033112582781
CUFF_NC.1832	1	20214072	20214479	+	0	0	0		45	1	209	0.004784688995215311	122	2	565	0.0035398230088495575
CUFF_NC.1833	1	20214750	20215189	+	0	0	0		18	0	101	0.0	124	0	728	0.0
CUFF_NC.1834	1	20217720	20218659	+	0	0	0		61	1	404	0.0024752475247524753	265	7	1682	0.004161712247324614
CUFF_NC.1835	1	20220805	20221552	+	0	0	0		27	0	147	0.0	196	1	1129	0.0008857395925597874
CUFF_NC.1839	1	20229884	20230703	-	0	0	0		67	2	367	0.005449591280653951	263	4	1343	0.0029784065524944155
CUFF_NC.1838	1	20242792	20243773	-	0	0	0		53	0	289	0.0	261	4	1309	0.0030557677616501145
CUFF_NC.1842	1	20257834	20259264	-	0	0	0		76	0	455	0.0	365	3	2158	0.0013901760889712697
CUFF_NC.1843	1	20261395	20262107	-	0	0	0		52	0	246	0.0	216	1	973	0.0010277492291880781
CUFF_NC.1840	1	20273313	20274759	-	0	0	0		113	2	638	0.003134796238244514	406	2	2114	0.000946073793755913
CUFF_NC.1854	1	20290438	20290856	-	0	0	0		25	0	91	0.0	113	0	396	0.0
CUFF_NC.1844	1	20300207	20300895	+	0	0	0		37	0	282	0.0	203	2	1198	0.001669449081803005
CUFF_NC.1847	1	20307645	20308737	-	0	0	0		49	0	258	0.0	271	2	1415	0.0014134275618374558
CUFF_NC.1845	1	20314704	20315338	+	0	0	0		19	43	77	0.5584415584415584	66	31	274	0.11313868613138686
CUFF_NC.1841	1	20321399	20321957	+	0	0	0		27	0	145	0.0	151	0	661	0.0
CUFF_NC.1846	1	20348194	20348792	-	0	0	0		21	0	141	0.0	182	0	1215	0.0
CUFF_NC.1850	1	20358649	20359814	+	0	0	0		96	0	516	0.0	348	5	1862	0.0026852846401718583
CUFF_NC.1848	1	20365572	20366072	-	0	0	0		38	0	225	0.0	128	0	818	0.0
CUFF_NC.1849	1	20386839	20387663	-	0	0	0		26	0	191	0.0	254	9	2092	0.004302103250478011
CUFF_NC.1856	1	20407131	20407672	+	0	0	0		25	0	127	0.0	144	0	615	0.0
CUFF_NC.1853	1	20430370	20431904	-	0	0	0		56	0	310	0.0	419	2	2071	0.0009657170449058426
CUFF_NC.1851	1	20432320	20432742	-	0	0	0		18	1	120	0.008333333333333333	107	1	658	0.001519756838905775
CUFF_NC.1852	1	20433860	20434342	-	0	0	0		26	0	190	0.0	149	4	899	0.004449388209121246
CUFF_NC.1858	1	20441266	20442087	+	0	0	0		24	0	147	0.0	237	1	1314	0.00076103500761035
CUFF_NC.1859	1	20442200	20442657	+	0	0	0		26	0	170	0.0	132	2	678	0.0029498525073746312
CUFF_NC.1860	1	20443702	20444512	+	0	0	0		27	0	193	0.0	205	3	1415	0.0021201413427561835
CUFF_NC.1861	1	20447155	20448174	-	0	0	0		28	0	125	0.0	247	3	1215	0.0024691358024691358
CUFF_NC.1862	1	20453308	20454294	+	0	0	0		41	0	304	0.0	254	2	2041	0.0009799118079372856
CUFF_NC.1855	1	20455613	20456958	-	0	0	0		68	2	514	0.0038910505836575876	334	3	2102	0.0014272121788772598
CUFF_NC.1866	1	20470863	20471464	-	0	0	0		50	0	274	0.0	140	2	722	0.002770083102493075
CUFF_NC.1867	1	20472767	20473391	-	0	0	0		46	0	216	0.0	161	5	759	0.006587615283267457
CUFF_NC.1863	1	20475788	20476974	+	0	0	0		7	3	12	0.25	30	10	54	0.18518518518518517
CUFF_NC.1865	1	20507526	20508326	+	0	0	0		40	0	205	0.0	206	4	1150	0.0034782608695652175
CUFF_NC.1864	1	20511659	20512629	-	0	0	0		43	0	270	0.0	300	2	1389	0.0014398848092152627
CUFF_NC.1868	1	20524653	20525528	+	0	0	0		25	34	113	0.3008849557522124	211	87	1121	0.07760927743086529
CUFF_NC.1870	1	20551366	20552449	-	0	0	0		67	2	455	0.004395604395604396	296	0	1748	0.0
CUFF_NC.1871	1	20560501	20561154	+	0	0	0		41	1	238	0.004201680672268907	216	9	1217	0.007395234182415777
CUFF_NC.1872	1	20561595	20562114	+	0	0	0		26	0	155	0.0	158	1	921	0.0010857763300760044
CUFF_NC.1873	1	20562301	20562750	+	0	0	0		28	0	149	0.0	106	1	480	0.0020833333333333333
CUFF_NC.1875	1	20571281	20572142	-	0	0	0		70	3	491	0.006109979633401222	276	6	1637	0.0036652412950519244
CUFF_NC.1874	1	20602784	20603260	-	0	0	0		8	0	42	0.0	167	1	881	0.0011350737797956867
CUFF_NC.1877	1	20623102	20624759	+	0	0	0		100	0	590	0.0	450	5	2628	0.001902587519025875
CUFF_NC.1884	1	20652607	20653146	-	0	0	0		20	1	105	0.009523809523809525	170	3	914	0.0032822757111597373
CUFF_NC.1883	1	20654601	20655013	+	0	0	0		33	0	203	0.0	120	3	664	0.004518072289156626
CUFF_NC.1879	1	20666262	20667907	+	0	0	0		113	2	740	0.002702702702702703	504	15	3145	0.0047694753577106515
CUFF_NC.1880	1	20706572	20707167	+	0	0	0		23	0	69	0.0	126	0	602	0.0
CUFF_NC.1881	1	20707476	20708968	-	0	0	0		80	0	493	0.0	468	5	2148	0.0023277467411545625
CUFF_NC.1888	1	20724251	20724644	-	0	0	0		20	0	122	0.0	117	2	745	0.0026845637583892616
CUFF_NC.1882	1	20728328	20728745	-	0	0	0		27	1	157	0.006369426751592357	98	1	498	0.002008032128514056
CUFF_NC.1885	1	20729480	20730498	+	0	0	0		110	2	570	0.0035087719298245615	248	2	1260	0.0015873015873015873
CUFF_NC.1887	1	20752279	20754084	-	0	0	0		126	1	805	0.0012422360248447205	446	5	2813	0.0017774617845716318
CUFF_NC.1886	1	20753254	20754168	+	0	0	0		63	0	404	0.0	229	2	1507	0.0013271400132714001
CUFF_NC.1889	1	20763949	20765731	-	0	0	0		95	1	469	0.0021321961620469083	441	6	2093	0.002866698518872432
CUFF_NC.1891	1	20795036	20795500	-	0	0	0		22	53	125	0.424	132	28	668	0.041916167664670656
CUFF_NC.1895	1	20808528	20809430	+	0	0	0		69	1	368	0.002717391304347826	219	4	1178	0.003395585738539898
CUFF_NC.1893	1	20831089	20831399	+	0	0	0		7	1	35	0.02857142857142857	24	0	113	0.0
CUFF_NC.1892	1	20858876	20859521	+	0	0	0		59	1	286	0.0034965034965034965	141	0	634	0.0
CUFF_NC.1896	1	20875813	20876134	-	0	0	0		32	0	244	0.0	88	0	625	0.0
CUFF_NC.1898	1	20880350	20880686	+	0	0	0		23	0	148	0.0	90	0	606	0.0
CUFF_NC.1899	1	20885321	20886123	+	0	0	0		87	0	438	0.0	222	1	950	0.0010526315789473684
CUFF_NC.1894	1	20893848	20894266	+	0	0	0		30	0	199	0.0	124	1	960	0.0010416666666666667
CUFF_NC.1900	1	20905899	20907294	-	0	0	0		63	0	342	0.0	388	5	1854	0.002696871628910464
CUFF_NC.1901	1	20909243	20909917	-	0	0	0		30	6	160	0.0375	160	4	809	0.004944375772558714
CUFF_NC.1897	1	20915745	20916476	+	0	0	0		38	0	272	0.0	188	0	1197	0.0
CUFF_NC.1903	1	20929224	20930015	+	0	0	0		41	0	251	0.0	203	2	1186	0.0016863406408094434
CUFF_NC.1904	1	20941592	20942155	+	0	0	0		47	0	256	0.0	115	3	748	0.004010695187165776
CUFF_NC.1902	1	20952102	20953102	-	0	0	0		66	0	224	0.0	265	2	923	0.0021668472372697724
CUFF_NC.1905	1	20994018	20994322	+	0	0	0		25	1	155	0.0064516129032258064	83	1	547	0.0018281535648994515
CUFF_NC.1907	1	20994948	20995494	+	0	0	0		39	0	223	0.0	180	1	1122	0.00089126559714795
CUFF_NC.1914	1	21008262	21009469	+	0	0	0		85	1	504	0.001984126984126984	355	6	2160	0.002777777777777778
CUFF_NC.1906	1	21035862	21037040	-	0	0	0		102	0	428	0.0	250	5	881	0.0056753688989784334
CUFF_NC.1908	1	21048646	21049322	+	0	0	0		33	0	136	0.0	137	0	580	0.0
CUFF_NC.1909	1	21054247	21054673	+	0	0	0		3	6	10	0.6	70	11	189	0.0582010582010582
CUFF_NC.1911	1	21056305	21063080	+	0	0	0		200	2	974	0.002053388090349076	1232	20	5790	0.0034542314335060447
CUFF_NC.1910	1	21071136	21071765	+	0	0	0		27	86	125	0.688	90	9	274	0.032846715328467155
CUFF_NC.1913	1	21079449	21080501	+	0	0	0		47	0	234	0.0	223	0	856	0.0
CUFF_NC.1912	1	21097346	21097796	-	0	0	0		39	0	204	0.0	113	2	630	0.0031746031746031746
CUFF_NC.1915	1	21098802	21099141	+	0	0	0		13	0	85	0.0	105	3	756	0.003968253968253968
CUFF_NC.1917	1	21124745	21125837	+	0	0	0		19	13	33	0.3939393939393939	75	2	146	0.0136986301369863
CUFF_NC.1916	1	21136866	21138108	-	0	0	0		56	1	359	0.002785515320334262	367	3	2306	0.0013009540329575022
CUFF_NC.1931	1	21174839	21176738	+	0	0	0		6	0	6	0.0	21	0	21	0.0
CUFF_NC.1918	1	21187503	21188368	+	0	0	0		48	1	320	0.003125	221	3	1268	0.002365930599369085
CUFF_NC.1919	1	21194185	21194680	-	0	0	0		39	0	208	0.0	135	2	693	0.002886002886002886
CUFF_NC.1920	1	21205319	21207941	-	0	0	0		96	1	467	0.0021413276231263384	593	9	3341	0.0026938042502244837
CUFF_NC.1923	1	21213624	21215407	-	0	0	0		132	1	760	0.0013157894736842105	485	2	2800	0.0007142857142857143
CUFF_NC.1922	1	21214942	21215395	+	0	0	0		47	0	296	0.0	112	1	774	0.0012919896640826874
CUFF_NC.1921	1	21233963	21235471	+	0	0	0		46	0	290	0.0	301	5	1748	0.002860411899313501
CUFF_NC.1924	1	21250408	21251350	+	0	0	0		65	0	307	0.0	286	1	1365	0.0007326007326007326
CUFF_NC.1925	1	21311794	21312267	+	0	0	0		14	49	70	0.7	108	12	650	0.018461538461538463
CUFF_NC.1926	1	21316768	21317930	-	0	0	0		91	0	547	0.0	317	2	1858	0.001076426264800861
CUFF_NC.1927	1	21337592	21339103	+	0	0	0		61	0	312	0.0	427	4	1988	0.002012072434607646
CUFF_NC.1929	1	21349386	21350162	+	0	0	0		3	0	3	0.0	18	0	18	0.0
CUFF_NC.1930	1	21376425	21376913	-	0	0	0		22	0	103	0.0	136	1	628	0.0015923566878980893
CUFF_NC.1932	1	21380970	21381703	+	0	0	0		29	0	147	0.0	135	2	628	0.0031847133757961785
CUFF_NC.1933	1	21384017	21385309	+	0	0	0		60	0	418	0.0	346	0	2100	0.0
CUFF_NC.1937	1	21394980	21395412	-	0	0	0		19	0	95	0.0	93	1	351	0.002849002849002849
CUFF_NC.1938	1	21395553	21398250	-	0	0	0		166	2	773	0.00258732212160414	707	6	3380	0.0017751479289940828
CUFF_NC.1951	1	21420017	21427360	-	0	0	0		3	0	3	0.0	22	0	22	0.0
CUFF_NC.1939	1	21438261	21440507	+	0	0	0		117	0	774	0.0	586	12	3526	0.003403289846851957
CUFF_NC.1944	1	21456661	21457975	+	0	0	0		12	0	28	0.0	55	0	127	0.0
CUFF_NC.1942	1	21502913	21503710	-	0	0	0		64	0	288	0.0	243	0	1180	0.0
CUFF_NC.1941	1	21512472	21514243	+	0	0	0		129	1	539	0.0018552875695732839	409	4	1655	0.002416918429003021
CUFF_NC.1947	1	21520420	21522461	-	0	0	0		113	1	696	0.0014367816091954023	550	4	2883	0.001387443635102324
CUFF_NC.1948	1	21529856	21530565	-	0	0	0		49	0	233	0.0	166	2	710	0.0028169014084507044
CUFF_NC.1945	1	21530880	21531589	-	0	0	0		28	0	171	0.0	196	1	1233	0.0008110300081103001
CUFF_NC.1961	1	21540442	21541110	-	0	0	0		25	0	130	0.0	164	4	951	0.004206098843322818
CUFF_NC.1962	1	21548279	21549103	+	0	0	0		78	0	448	0.0	240	1	1294	0.0007727975270479134
CUFF_NC.1954	1	21579971	21580804	+	0	0	0		28	0	72	0.0	142	0	480	0.0
CUFF_NC.1953	1	21582654	21584048	+	0	0	0		30	1	213	0.004694835680751174	258	12	1749	0.00686106346483705
CUFF_NC.1957	1	21601917	21603026	-	0	0	0		45	106	232	0.45689655172413796	233	104	1162	0.08950086058519793
CUFF_NC.1958	1	21602144	21603083	+	0	0	0		35	101	190	0.531578947368421	221	86	1126	0.0763765541740675
CUFF_NC.1955	1	21609455	21609798	+	0	0	0		16	129	237	0.5443037974683544	78	156	1025	0.1521951219512195
CUFF_NC.1956	1	21610903	21611386	-	0	0	0		12	9	64	0.140625	86	6	488	0.012295081967213115
CUFF_NC.1959	1	21614291	21617433	-	0	0	0		84	14	468	0.029914529914529916	602	16	3212	0.0049813200498132005
CUFF_NC.1960	1	21616453	21616960	+	0	0	0		15	0	118	0.0	142	0	1011	0.0
CUFF_NC.1963	1	21623802	21624454	+	0	0	0		35	0	161	0.0	201	3	1064	0.002819548872180451
CUFF_NC.1964	1	21640991	21641471	-	0	0	0		30	0	187	0.0	130	3	876	0.003424657534246575
CUFF_NC.1966	1	21653112	21655329	-	0	0	0		126	0	527	0.0	634	7	2642	0.0026495079485238456
CUFF_NC.1965	1	21668154	21668738	+	0	0	0		17	0	95	0.0	102	2	539	0.0037105751391465678
CUFF_NC.1968	1	21674063	21677039	-	0	0	0		80	16	476	0.03361344537815126	619	15	3887	0.0038590172369436584
CUFF_NC.1967	1	21689066	21689808	-	0	0	0		38	1	221	0.004524886877828055	128	2	624	0.003205128205128205
CUFF_NC.1969	1	21693034	21698579	+	0	0	0		155	4	871	0.004592422502870264	1063	5	5707	0.0008761170492377782
CUFF_NC.1970	1	21705259	21705721	-	0	0	0		0	0	0		18	0	18	0.0
CUFF_NC.1973	1	21707163	21708106	-	0	0	0		56	0	293	0.0	241	1	1214	0.0008237232289950577
CUFF_NC.1972	1	21709629	21710418	+	0	0	0		19	1	160	0.00625	178	3	1521	0.0019723865877712033
CUFF_NC.1974	1	21710979	21713139	+	0	0	0		113	1	697	0.0014347202295552368	579	4	3315	0.0012066365007541479
CUFF_NC.1975	1	21741110	21741590	-	0	0	0		12	35	75	0.4666666666666667	119	53	656	0.08079268292682927
CUFF_NC.1976	1	21741882	21743138	+	0	0	0		28	145	362	0.4005524861878453	340	231	4176	0.05531609195402299
CUFF_NC.1977	1	21742942	21745703	-	0	0	0		82	327	697	0.46915351506456243	656	584	5030	0.11610337972166998
CUFF_NC.2038	1	21760156	21761022	-	0	0	0		35	0	196	0.0	263	1	1329	0.0007524454477050414
CUFF_NC.1997	1	21863840	21864268	-	0	0	0		26	0	103	0.0	92	1	340	0.0029411764705882353
CUFF_NC.1998	1	21864407	21865195	-	0	0	0		26	0	105	0.0	159	2	743	0.0026917900403768506
CUFF_NC.1987	1	21887628	21888662	-	0	0	0		59	0	383	0.0	253	3	1581	0.0018975332068311196
CUFF_NC.1988	1	21891273	21891888	+	0	0	0		22	0	135	0.0	183	2	829	0.0024125452352231603
CUFF_NC.1991	1	21893108	21893651	-	0	0	0		34	0	133	0.0	107	0	439	0.0
CUFF_NC.1995	1	21904075	21904675	-	0	0	0		33	1	231	0.004329004329004329	190	2	1158	0.0017271157167530224
CUFF_NC.1992	1	21906013	21906548	+	0	0	0		20	0	129	0.0	115	0	798	0.0
CUFF_NC.1989	1	21906992	21907470	+	0	0	0		18	0	77	0.0	120	0	493	0.0
CUFF_NC.1996	1	21910225	21911639	+	0	0	0		87	2	416	0.004807692307692308	293	0	1373	0.0
CUFF_NC.1990	1	21919569	21920024	-	0	0	0		18	0	95	0.0	82	0	281	0.0
CUFF_NC.1993	1	21925506	21926067	-	0	0	0		53	5	286	0.017482517482517484	210	7	1070	0.0065420560747663555
CUFF_NC.1994	1	21928366	21929332	-	0	0	0		69	0	405	0.0	281	2	1511	0.0013236267372600927
CUFF_NC.2000	1	21929784	21931219	-	0	0	0		51	3	364	0.008241758241758242	353	16	2432	0.006578947368421052
CUFF_NC.1999	1	21935942	21936836	-	0	0	0		20	0	111	0.0	125	1	648	0.0015432098765432098
CUFF_NC.2001	1	21950601	21951262	-	0	0	0		40	0	152	0.0	176	1	731	0.0013679890560875513
CUFF_NC.2003	1	21971681	21972181	-	0	0	0		35	0	168	0.0	157	0	651	0.0
CUFF_NC.2005	1	21996748	21998086	+	0	0	0		63	0	319	0.0	365	1	1734	0.0005767012687427913
CUFF_NC.2004	1	22024874	22025476	+	0	0	0		30	43	153	0.28104575163398693	149	50	898	0.0556792873051225
CUFF_NC.2006	1	22038784	22039821	-	0	0	0		87	0	497	0.0	301	3	1592	0.0018844221105527637
CUFF_NC.2012	1	22055684	22056542	+	0	0	0		88	2	266	0.007518796992481203	274	1	803	0.0012453300124533001
CUFF_NC.2007	1	22059445	22061500	+	0	0	0		37	55	192	0.2864583333333333	168	58	891	0.06509539842873176
CUFF_NC.2010	1	22068960	22072376	+	0	0	0		104	1	468	0.002136752136752137	719	5	3331	0.0015010507355148605
CUFF_NC.2008	1	22076532	22077068	-	0	0	0		11	0	52	0.0	66	0	268	0.0
CUFF_NC.2011	1	22089798	22090473	+	0	0	0		27	2	148	0.013513513513513514	181	88	987	0.08915906788247213
CUFF_NC.2009	1	22095328	22095778	+	0	0	0		21	0	155	0.0	106	2	744	0.002688172043010753
CUFF_NC.2013	1	22107699	22108661	-	0	0	0		4	0	7	0.0	86	2	196	0.01020408163265306
CUFF_NC.2016	1	22168445	22169182	-	0	0	0		2	0	2	0.0	17	0	17	0.0
CUFF_NC.2023	1	22197934	22200401	-	0	0	0		153	2	890	0.0022471910112359553	586	5	3165	0.001579778830963665
CUFF_NC.2019	1	22212536	22213017	+	0	0	0		50	1	324	0.0030864197530864196	132	2	895	0.0022346368715083797
CUFF_NC.2015	1	22215162	22216329	+	0	0	0		50	2	243	0.00823045267489712	270	7	1447	0.0048375950241879755
CUFF_NC.2026	1	22218738	22221900	+	0	0	0		182	2	1193	0.0016764459346186086	862	11	5713	0.0019254332224750569
CUFF_NC.2027	1	22220198	22223824	+	0	0	0		204	2	1338	0.0014947683109118087	989	12	6540	0.001834862385321101
CUFF_NC.2017	1	22239789	22240088	+	0	0	0		10	0	50	0.0	90	2	384	0.005208333333333333
CUFF_NC.2018	1	22247832	22249653	+	0	0	0		142	1	691	0.001447178002894356	401	2	2002	0.000999000999000999
CUFF_NC.2020	1	22262377	22263047	-	0	0	0		49	0	292	0.0	200	4	1090	0.003669724770642202
CUFF_NC.2037	1	22299434	22301441	-	0	0	0		146	2	852	0.002347417840375587	535	2	3234	0.0006184291898577613
CUFF_NC.2021	1	22315638	22316191	+	0	0	0		31	1	158	0.006329113924050633	160	2	783	0.002554278416347382
CUFF_NC.2022	1	22316395	22316747	+	0	0	0		23	1	130	0.007692307692307693	114	1	546	0.0018315018315018315
CUFF_NC.2030	1	22327898	22329197	+	0	0	0		92	2	511	0.003913894324853229	378	2	2045	0.0009779951100244498
CUFF_NC.2031	1	22332778	22333212	-	0	0	0		20	0	124	0.0	132	0	709	0.0
CUFF_NC.2039	1	22343848	22344212	-	0	0	0		21	0	173	0.0	91	5	702	0.007122507122507123
CUFF_NC.2024	1	22362128	22363098	+	0	0	0		49	0	212	0.0	272	4	1228	0.003257328990228013
CUFF_NC.2025	1	22363331	22364010	+	0	0	0		39	0	160	0.0	199	2	675	0.002962962962962963
CUFF_NC.2028	1	22366798	22368181	+	0	0	0		121	0	757	0.0	395	1	2219	0.0004506534474988734
CUFF_NC.2029	1	22381606	22382422	+	0	0	0		59	1	269	0.0037174721189591076	205	1	747	0.0013386880856760374
CUFF_NC.2033	1	22384652	22385006	+	0	0	0		25	0	121	0.0	91	1	355	0.0028169014084507044
CUFF_NC.2034	1	22386728	22387420	+	0	0	0		23	0	108	0.0	119	1	514	0.0019455252918287938
CUFF_NC.2032	1	22388626	22390182	+	0	0	0		104	1	534	0.0018726591760299626	450	2	2178	0.0009182736455463728
CUFF_NC.2035	1	22409272	22410485	-	0	0	0		51	1	259	0.003861003861003861	325	3	1454	0.0020632737276478678
CUFF_NC.2036	1	22440479	22440903	+	0	0	0		19	1	71	0.014084507042253521	97	0	408	0.0
CUFF_NC.2042	1	22474626	22475409	+	0	0	0		44	0	253	0.0	206	0	1043	0.0
CUFF_NC.2041	1	22483655	22484065	-	0	0	0		27	0	155	0.0	133	2	741	0.002699055330634278
CUFF_NC.2040	1	22486544	22488054	-	0	0	0		90	1	543	0.001841620626151013	423	5	2355	0.0021231422505307855
CUFF_NC.2048	1	22493998	22495614	+	0	0	0		117	0	523	0.0	410	0	1660	0.0
CUFF_NC.2044	1	22499414	22502263	+	0	0	0		37	1	158	0.006329113924050633	165	1	543	0.001841620626151013
CUFF_NC.2043	1	22504598	22505132	+	0	0	0		33	0	182	0.0	136	1	683	0.0014641288433382138
CUFF_NC.2049	1	22509073	22510485	+	0	0	0		104	0	529	0.0	419	4	1953	0.002048131080389145
CUFF_NC.2047	1	22517655	22518262	-	0	0	0		39	0	242	0.0	147	2	911	0.0021953896816684962
CUFF_NC.2045	1	22521897	22522706	+	0	0	0		32	0	110	0.0	177	1	580	0.0017241379310344827
CUFF_NC.2046	1	22522298	22522882	-	0	0	0		28	0	110	0.0	152	1	564	0.0017730496453900709
CUFF_NC.2056	1	22542512	22543315	-	0	0	0		45	1	311	0.003215434083601286	208	5	1345	0.0037174721189591076
CUFF_NC.2051	1	22549456	22550570	-	0	0	0		92	0	367	0.0	240	1	867	0.0011534025374855825
CUFF_NC.2054	1	22553187	22554037	-	0	0	0		30	0	64	0.0	121	0	236	0.0
CUFF_NC.2050	1	22555099	22555519	+	0	0	0		3	0	5	0.0	27	0	37	0.0
CUFF_NC.2062	1	22557791	22559981	-	0	0	0		55	0	229	0.0	263	2	948	0.002109704641350211
CUFF_NC.2065	1	22569026	22570086	-	0	0	0		122	5	594	0.008417508417508417	286	4	1439	0.002779708130646282
CUFF_NC.2066	1	22571055	22571917	-	0	0	0		71	0	475	0.0	232	2	1625	0.0012307692307692308
CUFF_NC.2055	1	22572629	22573384	-	0	0	0		36	1	247	0.004048582995951417	180	1	858	0.0011655011655011655
CUFF_NC.2057	1	22577749	22578282	+	0	0	0		5	0	20	0.0	45	0	165	0.0
CUFF_NC.2063	1	22584091	22585294	-	0	0	0		81	1	546	0.0018315018315018315	292	5	1869	0.002675227394328518
CUFF_NC.2058	1	22589243	22589709	+	0	0	0		33	0	120	0.0	126	0	469	0.0
CUFF_NC.2059	1	22593833	22595361	+	0	0	0		105	1	556	0.0017985611510791368	330	4	1481	0.0027008777852802163
CUFF_NC.2064	1	22607817	22616024	+	0	0	0		225	1	918	0.0010893246187363835	1210	5	4729	0.0010573059843518714
CUFF_NC.2061	1	22627672	22628119	-	0	0	0		15	0	68	0.0	74	0	355	0.0
CUFF_NC.2060	1	22634348	22635432	-	0	0	0		62	0	409	0.0	319	4	1927	0.0020757654385054488
CUFF_NC.2124	1	22642924	22643505	+	0	0	0		24	0	129	0.0	182	0	1132	0.0
CUFF_NC.2125	1	22643858	22645358	+	0	0	0		86	0	538	0.0	454	4	2805	0.00142602495543672
CUFF_NC.2126	1	22650304	22650648	+	0	0	0		26	0	162	0.0	102	0	571	0.0
CUFF_NC.2079	1	22679745	22681677	+	0	0	0		121	10	838	0.011933174224343675	538	29	3803	0.0076255587693925845
CUFF_NC.2080	1	22683185	22687403	+	0	0	0		294	4	2079	0.001924001924001924	1180	15	8271	0.0018135654697134566
CUFF_NC.2081	1	22685143	22690027	+	0	0	0		347	9	2437	0.0036930652441526466	1371	19	9397	0.0020219218899648825
CUFF_NC.2068	1	22729551	22731274	-	0	0	0		95	0	474	0.0	437	2	1530	0.00130718954248366
CUFF_NC.2067	1	22737447	22737881	-	0	0	0		25	0	129	0.0	127	1	548	0.0018248175182481751
CUFF_NC.2072	1	22753776	22754502	+	0	0	0		16	0	88	0.0	191	1	946	0.0010570824524312897
CUFF_NC.2073	1	22755088	22755696	+	0	0	0		18	0	132	0.0	179	4	1296	0.0030864197530864196
CUFF_NC.2069	1	22767429	22768530	-	0	0	0		38	0	221	0.0	283	4	1637	0.002443494196701283
CUFF_NC.2070	1	22782485	22783641	+	0	0	0		79	1	441	0.0022675736961451248	338	3	1874	0.0016008537886872999
CUFF_NC.2071	1	22784632	22786901	+	0	0	0		169	1	973	0.0010277492291880781	626	4	2938	0.0013614703880190605
CUFF_NC.2075	1	22793261	22794352	+	0	0	0		44	0	215	0.0	276	1	1330	0.0007518796992481203
CUFF_NC.2078	1	22800064	22801373	+	0	0	0		41	0	270	0.0	283	3	1572	0.0019083969465648854
CUFF_NC.2076	1	22807559	22807966	+	0	0	0		25	0	123	0.0	102	1	482	0.002074688796680498
CUFF_NC.2077	1	22822719	22823287	+	0	0	0		9	0	44	0.0	135	1	833	0.0012004801920768306
CUFF_NC.2095	1	22861101	22861481	-	0	0	0		22	0	94	0.0	59	2	212	0.009433962264150943
CUFF_NC.2084	1	22865122	22865956	+	0	0	0		37	1	229	0.004366812227074236	205	3	1010	0.0029702970297029703
CUFF_NC.2083	1	22869849	22870383	+	0	0	0		40	0	204	0.0	144	1	663	0.0015082956259426848
CUFF_NC.2082	1	22888523	22888929	-	0	0	0		13	0	34	0.0	76	0	364	0.0
CUFF_NC.2091	1	22905220	22909251	-	0	0	0		237	5	1525	0.003278688524590164	1160	15	7340	0.0020435967302452314
CUFF_NC.2092	1	22908526	22912605	-	0	0	0		185	4	1102	0.003629764065335753	740	9	4118	0.002185526954832443
CUFF_NC.2085	1	22913838	22914759	-	0	0	0		21	0	77	0.0	78	1	296	0.0033783783783783786
CUFF_NC.2087	1	22922169	22922821	-	0	0	0		45	0	238	0.0	212	1	1066	0.0009380863039399625
CUFF_NC.2088	1	22931627	22932684	+	0	0	0		3	0	11	0.0	26	0	93	0.0
CUFF_NC.2089	1	22938243	22939041	+	0	0	0		70	0	306	0.0	140	3	627	0.004784688995215311
CUFF_NC.2090	1	22972096	22972864	-	0	0	0		38	16	283	0.05653710247349823	222	2	1617	0.0012368583797155227
CUFF_NC.2094	1	22982759	22983446	+	0	0	0		58	1	351	0.002849002849002849	181	2	964	0.002074688796680498
CUFF_NC.2093	1	22989023	22989739	+	0	0	0		17	0	107	0.0	196	3	1227	0.0024449877750611247
CUFF_NC.2100	1	22995842	22996220	+	0	0	0		25	0	131	0.0	97	2	385	0.005194805194805195
CUFF_NC.2098	1	23009953	23010561	+	0	0	0		35	0	195	0.0	176	0	876	0.0
CUFF_NC.2097	1	23016713	23018217	+	0	0	0		113	1	559	0.0017889087656529517	373	5	1794	0.002787068004459309
CUFF_NC.2096	1	23020593	23022846	+	0	0	0		45	0	182	0.0	264	3	1118	0.0026833631484794273
CUFF_NC.2104	1	23031299	23036181	+	0	0	0		174	206	1083	0.1902123730378578	1254	294	7855	0.0374283895607893
CUFF_NC.2106	1	23031319	23032125	-	0	0	0		17	43	96	0.4479166666666667	241	142	1517	0.0936058009228741
CUFF_NC.2105	1	23033544	23034215	+	0	0	0		17	56	88	0.6363636363636364	153	28	826	0.03389830508474576
CUFF_NC.2102	1	23046695	23047394	-	0	0	0		55	0	250	0.0	148	2	697	0.0028694404591104736
CUFF_NC.2103	1	23050453	23050902	-	0	0	0		21	0	96	0.0	159	2	724	0.0027624309392265192
CUFF_NC.2099	1	23051168	23051595	+	0	0	0		25	0	171	0.0	121	1	738	0.0013550135501355014
CUFF_NC.2101	1	23072386	23073309	-	0	0	0		43	0	218	0.0	217	5	1121	0.0044603033006244425
CUFF_NC.2107	1	23086455	23087091	+	0	0	0		34	0	169	0.0	177	2	1002	0.001996007984031936
CUFF_NC.2108	1	23096680	23097246	-	0	0	0		16	56	89	0.6292134831460674	112	131	729	0.17969821673525377
CUFF_NC.2109	1	23096889	23097373	+	0	0	0		13	22	34	0.6470588235294118	76	23	239	0.09623430962343096
CUFF_NC.2110	1	23100314	23101293	+	0	0	0		36	1	150	0.006666666666666667	170	0	551	0.0
CUFF_NC.2113	1	23106221	23106581	+	0	0	0		17	0	97	0.0	88	0	614	0.0
CUFF_NC.2117	1	23118263	23119211	-	0	0	0		9	28	42	0.6666666666666666	42	7	133	0.05263157894736842
CUFF_NC.2111	1	23129028	23129635	-	0	0	0		47	0	243	0.0	156	0	589	0.0
CUFF_NC.2112	1	23144746	23145194	-	0	0	0		35	0	199	0.0	88	0	356	0.0
CUFF_NC.2114	1	23145997	23147134	+	0	0	0		73	1	444	0.0022522522522522522	319	3	1992	0.0015060240963855422
CUFF_NC.2121	1	23151669	23152498	-	0	0	0		50	1	180	0.005555555555555556	200	2	698	0.0028653295128939827
CUFF_NC.2122	1	23154504	23155473	-	0	0	0		15	1	65	0.015384615384615385	117	2	521	0.003838771593090211
CUFF_NC.2123	1	23157470	23158102	+	0	0	0		0	0	0		10	0	43	0.0
CUFF_NC.2118	1	23159705	23160874	-	0	0	0		55	0	262	0.0	252	0	997	0.0
CUFF_NC.2119	1	23161159	23161480	-	0	0	0		9	1	32	0.03125	69	0	278	0.0
CUFF_NC.2120	1	23162218	23162820	-	0	0	0		18	0	91	0.0	127	1	673	0.0014858841010401188
CUFF_NC.2115	1	23169226	23169996	-	0	0	0		55	0	245	0.0	194	3	875	0.0034285714285714284
CUFF_NC.2133	1	23184997	23185456	-	0	0	0		3	0	8	0.0	32	0	79	0.0
CUFF_NC.2127	1	23199643	23200686	-	0	0	0		49	0	272	0.0	244	1	1491	0.0006706908115358819
CUFF_NC.2128	1	23202328	23202752	-	0	0	0		34	0	192	0.0	110	2	693	0.002886002886002886
CUFF_NC.2129	1	23208542	23209042	+	0	0	0		28	0	200	0.0	147	3	919	0.003264417845484222
CUFF_NC.2130	1	23213437	23217267	+	0	0	0		92	78	565	0.13805309734513274	730	200	4293	0.04658746797111577
CUFF_NC.2132	1	23234977	23236413	+	0	0	0		76	1	288	0.003472222222222222	324	2	1201	0.0016652789342214821
CUFF_NC.2131	1	23237567	23238581	+	0	0	0		26	0	173	0.0	198	1	974	0.001026694045174538
CUFF_NC.2138	1	23252294	23252667	-	0	0	0		26	1	93	0.010752688172043012	85	0	360	0.0
CUFF_NC.2135	1	23257741	23258508	+	0	0	0		24	0	119	0.0	71	0	425	0.0
CUFF_NC.2136	1	23261139	23262055	+	0	0	0		51	0	233	0.0	190	2	746	0.002680965147453083
CUFF_NC.2137	1	23280422	23281650	-	0	0	0		6	0	11	0.0	33	0	49	0.0
CUFF_NC.2139	1	23284558	23284999	+	0	0	0		24	1	114	0.008771929824561403	137	0	550	0.0
CUFF_NC.2141	1	23294989	23295640	-	0	0	0		55	109	372	0.29301075268817206	196	36	1071	0.03361344537815126
CUFF_NC.2140	1	23296361	23297095	-	0	0	0		28	87	146	0.5958904109589042	164	103	725	0.14206896551724138
CUFF_NC.2149	1	23306113	23306513	-	0	0	0		25	0	180	0.0	94	5	662	0.0075528700906344415
CUFF_NC.2143	1	23323531	23326042	-	0	0	0		290	4	1478	0.0027063599458728013	694	11	3140	0.0035031847133757963
CUFF_NC.2142	1	23332085	23332967	-	0	0	0		62	0	250	0.0	200	0	849	0.0
CUFF_NC.2147	1	23352330	23352801	+	0	0	0		6	0	27	0.0	132	2	564	0.0035460992907801418
CUFF_NC.2145	1	23383124	23383830	-	0	0	0		16	0	97	0.0	157	2	963	0.0020768431983385254
CUFF_NC.2150	1	23390634	23391036	+	0	0	0		29	0	208	0.0	93	1	624	0.0016025641025641025
CUFF_NC.2152	1	23404827	23405366	-	0	0	0		42	0	242	0.0	153	4	833	0.004801920768307323
CUFF_NC.2151	1	23410523	23410963	+	0	0	0		28	0	144	0.0	98	0	526	0.0
CUFF_NC.2146	1	23411740	23412463	+	0	0	0		12	0	41	0.0	151	3	696	0.004310344827586207
CUFF_NC.2148	1	23414190	23415517	-	0	0	0		52	3	330	0.00909090909090909	266	4	1387	0.002883922134102379
CUFF_NC.2153	1	23434985	23435938	-	0	0	0		33	89	155	0.5741935483870968	159	135	769	0.1755526657997399
CUFF_NC.2154	1	23452538	23453254	+	0	0	0		43	0	235	0.0	189	3	1060	0.002830188679245283
CUFF_NC.2155	1	23459159	23459732	-	0	0	0		27	79	155	0.5096774193548387	140	87	713	0.12201963534361851
CUFF_NC.2156	1	23470829	23471314	+	0	0	0		29	0	176	0.0	127	1	745	0.0013422818791946308
CUFF_NC.2159	1	23495422	23500368	+	0	0	0		48	0	154	0.0	293	1	1103	0.0009066183136899365
CUFF_NC.2160	1	23495774	23500645	+	0	0	0		56	0	187	0.0	362	1	1419	0.0007047216349541931
CUFF_NC.2161	1	23496123	23501823	+	0	0	0		72	0	241	0.0	515	1	1894	0.0005279831045406547
CUFF_NC.2162	1	23497201	23502308	+	0	0	0		89	1	316	0.0031645569620253164	638	2	2440	0.000819672131147541
CUFF_NC.2165	1	23515203	23517160	-	0	0	0		90	1	536	0.0018656716417910447	450	2	2243	0.0008916629514043691
CUFF_NC.2157	1	23530989	23531374	-	0	0	0		20	0	130	0.0	105	2	747	0.002677376171352075
CUFF_NC.2169	1	23538595	23541907	+	0	0	0		209	1	939	0.0010649627263045794	883	6	4340	0.0013824884792626728
CUFF_NC.2158	1	23556732	23558940	-	0	0	0		130	0	668	0.0	572	8	3071	0.0026050146532074245
CUFF_NC.2171	1	23567362	23569086	-	0	0	0		157	3	862	0.0034802784222737818	516	6	2458	0.0024410089503661514
CUFF_NC.2166	1	23575195	23576500	-	0	0	0		85	1	554	0.0018050541516245488	291	2	1545	0.0012944983818770227
CUFF_NC.2167	1	23576815	23579219	-	0	0	0		105	5	688	0.007267441860465116	620	5	3633	0.0013762730525736307
CUFF_NC.2178	1	23589170	23589769	+	0	0	0		44	1	224	0.004464285714285714	176	5	855	0.005847953216374269
CUFF_NC.2168	1	23605161	23605805	+	0	0	0		25	0	129	0.0	188	4	800	0.005
CUFF_NC.2172	1	23608779	23609480	+	0	0	0		42	1	217	0.004608294930875576	203	0	1005	0.0
CUFF_NC.2173	1	23614515	23615430	-	0	0	0		67	1	456	0.0021929824561403508	254	4	1369	0.0029218407596785976
CUFF_NC.2174	1	23617227	23617604	-	0	0	0		20	0	155	0.0	107	1	792	0.0012626262626262627
CUFF_NC.2170	1	23632269	23632788	+	0	0	0		28	0	145	0.0	135	0	643	0.0
CUFF_NC.2175	1	23636070	23637302	+	0	0	0		104	1	602	0.0016611295681063123	329	2	1647	0.0012143290831815423
CUFF_NC.2176	1	23643822	23645107	-	0	0	0		92	1	552	0.0018115942028985507	373	2	2191	0.0009128251939753537
CUFF_NC.2182	1	23653798	23654829	-	0	0	0		78	0	475	0.0	304	1	1862	0.0005370569280343716
CUFF_NC.2183	1	23655341	23656120	-	0	0	0		46	0	247	0.0	215	1	1270	0.0007874015748031496
CUFF_NC.2179	1	23668859	23669263	+	0	0	0		14	0	85	0.0	85	2	502	0.00398406374501992
CUFF_NC.2188	1	23669893	23670406	+	0	0	0		19	0	105	0.0	151	2	790	0.002531645569620253
CUFF_NC.2180	1	23683332	23683843	+	0	0	0		44	0	282	0.0	127	1	635	0.0015748031496062992
CUFF_NC.2181	1	23689804	23690760	+	0	0	0		56	0	317	0.0	241	1	1281	0.00078064012490242
CUFF_NC.2190	1	23701412	23704139	+	0	0	0		176	1	1020	0.000980392156862745	725	9	4290	0.002097902097902098
CUFF_NC.2191	1	23704756	23710007	+	0	0	0		108	2	514	0.0038910505836575876	521	6	2365	0.002536997885835095
CUFF_NC.2192	1	23707722	23714082	+	0	0	0		25	0	102	0.0	165	0	649	0.0
CUFF_NC.2193	1	23708669	23714834	+	0	0	0		27	0	104	0.0	174	0	658	0.0
CUFF_NC.2194	1	23711691	23712030	+	0	0	0		4	0	4	0.0	13	0	13	0.0
CUFF_NC.2196	1	23713487	23713959	+	0	0	0		1	0	1	0.0	10	0	10	0.0
CUFF_NC.2185	1	23718359	23719168	-	0	0	0		76	0	288	0.0	188	1	631	0.001584786053882726
CUFF_NC.2184	1	23727661	23729325	-	0	0	0		121	0	546	0.0	365	4	1366	0.0029282576866764276
CUFF_NC.2186	1	23732643	23733088	-	0	0	0		36	0	104	0.0	93	0	239	0.0
CUFF_NC.2189	1	23741490	23742202	-	0	0	0		54	1	409	0.0024449877750611247	193	3	1378	0.0021770682148040637
CUFF_NC.2187	1	23752835	23754535	+	0	0	0		84	15	507	0.029585798816568046	399	7	2393	0.0029251984956122023
CUFF_NC.2204	1	23765163	23765844	-	0	0	0		49	1	224	0.004464285714285714	192	2	810	0.0024691358024691358
CUFF_NC.2199	1	23777463	23777878	-	0	0	0		15	0	100	0.0	103	0	730	0.0
CUFF_NC.2200	1	23778091	23779420	-	0	0	0		43	0	193	0.0	277	0	1043	0.0
CUFF_NC.2201	1	23782066	23783568	-	0	0	0		108	2	588	0.003401360544217687	410	4	2277	0.001756697408871322
CUFF_NC.2202	1	23792156	23793629	-	0	0	0		86	2	402	0.004975124378109453	400	8	1904	0.004201680672268907
CUFF_NC.2203	1	23801034	23801767	+	0	0	0		38	0	262	0.0	160	1	948	0.0010548523206751054
CUFF_NC.2205	1	23807373	23807781	-	0	0	0		30	1	150	0.006666666666666667	96	1	532	0.0018796992481203006
CUFF_NC.2206	1	23826646	23827604	+	0	0	0		37	2	200	0.01	203	2	916	0.002183406113537118
CUFF_NC.2207	1	23828590	23829892	+	0	0	0		58	1	293	0.0034129692832764505	330	3	1617	0.0018552875695732839
CUFF_NC.2208	1	23836324	23836789	-	0	0	0		16	1	84	0.011904761904761904	77	0	366	0.0
CUFF_NC.2212	1	23838595	23842265	-	0	0	0		106	0	507	0.0	424	1	2090	0.0004784688995215311
CUFF_NC.2209	1	23845874	23848978	-	0	0	0		27	0	60	0.0	82	2	171	0.011695906432748537
CUFF_NC.2215	1	23863672	23864797	-	0	0	0		65	0	366	0.0	308	2	1554	0.001287001287001287
CUFF_NC.2211	1	23868445	23870698	-	0	0	0		117	2	768	0.0026041666666666665	584	3	3220	0.0009316770186335404
CUFF_NC.2210	1	23872415	23874201	-	0	0	0		99	1	609	0.0016420361247947454	488	7	2198	0.0031847133757961785
CUFF_NC.2213	1	23884232	23884668	+	0	0	0		8	4	50	0.08	99	32	590	0.05423728813559322
CUFF_NC.2214	1	23884867	23885340	-	0	0	0		12	19	77	0.24675324675324675	139	24	871	0.027554535017221583
CUFF_NC.2217	1	23888890	23889665	-	0	0	0		40	2	198	0.010101010101010102	270	3	1347	0.0022271714922048997
CUFF_NC.2218	1	23890972	23892035	+	0	0	0		94	0	381	0.0	261	2	1044	0.0019157088122605363
CUFF_NC.2216	1	23893197	23893836	-	0	0	0		18	0	84	0.0	133	1	674	0.001483679525222552
CUFF_NC.2220	1	23923692	23924314	-	0	0	0		16	0	76	0.0	169	0	771	0.0
CUFF_NC.2221	1	23925838	23926772	+	0	0	0		17	30	47	0.6382978723404256	74	39	285	0.1368421052631579
CUFF_NC.2219	1	23927776	23928262	+	0	0	0		1	1	1	1.0	3	0	3	0.0
CUFF_NC.2222	1	23944378	23945564	+	0	0	0		96	1	406	0.0024630541871921183	347	3	1399	0.002144388849177984
CUFF_NC.2223	1	23951459	23952648	-	0	0	0		66	2	379	0.005277044854881266	301	2	1524	0.0013123359580052493
CUFF_NC.2227	1	23953200	23954499	-	0	0	0		73	2	337	0.005934718100890208	350	3	1401	0.0021413276231263384
CUFF_NC.2228	1	23959728	23961262	-	0	0	0		129	2	722	0.002770083102493075	425	7	2388	0.002931323283082077
CUFF_NC.2229	1	23962229	23962650	-	0	0	0		27	0	146	0.0	114	1	563	0.0017761989342806395
CUFF_NC.2226	1	23963514	23964414	-	0	0	0		14	0	74	0.0	142	2	625	0.0032
CUFF_NC.2224	1	23964924	23966236	-	0	0	0		23	1	62	0.016129032258064516	63	1	124	0.008064516129032258
CUFF_NC.2225	1	23965162	23966424	+	0	0	0		23	1	62	0.016129032258064516	70	2	141	0.014184397163120567
CUFF_NC.2237	1	23983576	23984602	-	0	0	0		81	3	418	0.007177033492822967	282	2	1381	0.001448225923244026
CUFF_NC.2230	1	24005575	24006393	+	0	0	0		49	1	162	0.006172839506172839	222	4	1070	0.003738317757009346
CUFF_NC.2231	1	24005750	24006307	-	0	0	0		41	1	121	0.008264462809917356	157	4	661	0.006051437216338881
CUFF_NC.2232	1	24006890	24009371	-	0	0	0		121	1	631	0.001584786053882726	706	4	3478	0.0011500862564692352
CUFF_NC.2233	1	24017774	24019207	-	0	0	0		96	1	562	0.0017793594306049821	449	6	2311	0.0025962786672436176
CUFF_NC.2236	1	24020515	24021500	-	0	0	0		80	2	456	0.0043859649122807015	300	1	1673	0.0005977286312014345
CUFF_NC.2234	1	24035959	24036571	-	0	0	0		53	1	257	0.0038910505836575876	202	2	829	0.0024125452352231603
CUFF_NC.2235	1	24037493	24039086	-	0	0	0		104	4	610	0.006557377049180328	391	3	1979	0.0015159171298635675
CUFF_NC.2240	1	24054708	24055495	+	0	0	0		41	0	182	0.0	183	7	871	0.008036739380022962
CUFF_NC.2241	1	24057461	24058473	-	0	0	0		73	0	403	0.0	277	3	1335	0.0022471910112359553
CUFF_NC.2238	1	24061006	24062772	+	0	0	0		135	3	620	0.004838709677419355	512	5	1901	0.0026301946344029457
CUFF_NC.2239	1	24084817	24085610	-	0	0	0		14	0	62	0.0	229	0	1057	0.0
CUFF_NC.2243	1	24087720	24088175	-	0	0	0		24	1	136	0.007352941176470588	161	2	897	0.002229654403567447
CUFF_NC.2244	1	24109758	24110543	-	0	0	0		53	1	373	0.002680965147453083	213	3	1499	0.0020013342228152103
CUFF_NC.2245	1	24120924	24124055	-	0	0	0		140	0	769	0.0	740	8	3841	0.002082790939859412
CUFF_NC.2246	1	24122171	24125292	-	0	0	0		127	2	767	0.002607561929595828	668	4	3523	0.0011353959693443088
CUFF_NC.2247	1	24124310	24129155	-	0	0	0		151	90	709	0.12693935119887165	938	130	5823	0.022325261892495278
CUFF_NC.2250	1	24135162	24136287	+	0	0	0		53	1	308	0.003246753246753247	247	4	1415	0.0028268551236749115
CUFF_NC.2248	1	24146993	24147551	-	0	0	0		27	1	172	0.005813953488372093	154	3	841	0.0035671819262782403
CUFF_NC.2249	1	24153112	24154151	-	0	0	0		88	1	605	0.001652892561983471	294	2	1777	0.0011254924029262803
CUFF_NC.2252	1	24189472	24190012	-	0	0	0		9	1	27	0.037037037037037035	103	0	323	0.0
CUFF_NC.2251	1	24190145	24190747	-	0	0	0		20	0	115	0.0	130	5	664	0.007530120481927711
CUFF_NC.2255	1	24203833	24204376	+	0	0	0		19	0	138	0.0	158	3	1167	0.002570694087403599
CUFF_NC.2254	1	24215705	24217329	+	0	0	0		13	0	74	0.0	69	1	289	0.0034602076124567475
CUFF_NC.2256	1	24222121	24223187	+	0	0	0		60	0	416	0.0	283	3	1648	0.0018203883495145632
CUFF_NC.2253	1	24225263	24225800	-	0	0	0		24	0	110	0.0	147	2	748	0.00267379679144385
CUFF_NC.2257	1	24228087	24228637	-	0	0	0		63	0	398	0.0	161	12	924	0.012987012987012988
CUFF_NC.2266	1	24235104	24235546	-	0	0	0		22	0	177	0.0	116	2	795	0.0025157232704402514
CUFF_NC.2258	1	24236243	24236929	-	0	0	0		17	1	74	0.013513513513513514	130	1	513	0.001949317738791423
CUFF_NC.2264	1	24245447	24245893	-	0	0	0		37	1	143	0.006993006993006993	115	0	473	0.0
CUFF_NC.2265	1	24247263	24248458	-	0	0	0		34	0	98	0.0	121	1	315	0.0031746031746031746
CUFF_NC.2261	1	24251372	24252357	-	0	0	0		25	0	94	0.0	233	3	752	0.003989361702127659
CUFF_NC.2260	1	24253304	24259341	-	0	0	0		207	2	1279	0.001563721657544957	1355	15	8078	0.0018568952711067097
CUFF_NC.2259	1	24262092	24262985	+	0	0	0		59	3	419	0.007159904534606206	248	1	1356	0.0007374631268436578
CUFF_NC.2267	1	24298734	24299642	+	0	0	0		4	0	28	0.0	14	0	59	0.0
CUFF_NC.2263	1	24300291	24300729	-	0	0	0		22	0	126	0.0	134	1	750	0.0013333333333333333
CUFF_NC.2272	1	24306485	24307496	+	0	0	0		80	1	329	0.00303951367781155	295	3	1185	0.002531645569620253
CUFF_NC.2273	1	24308646	24309356	+	0	0	0		63	2	356	0.0056179775280898875	207	1	1132	0.0008833922261484099
CUFF_NC.2268	1	24315478	24317633	-	0	0	0		77	24	414	0.057971014492753624	497	60	3185	0.018838304552590265
CUFF_NC.2269	1	24317931	24319030	-	0	0	0		61	1	358	0.002793296089385475	328	2	1828	0.0010940919037199124
CUFF_NC.2270	1	24346209	24347236	-	0	0	0		58	2	359	0.005571030640668524	267	3	1751	0.0017133066818960593
CUFF_NC.2275	1	24349477	24350738	-	0	0	0		49	2	248	0.008064516129032258	268	3	1379	0.002175489485134155
CUFF_NC.2271	1	24354749	24357995	-	0	0	0		38	1	164	0.006097560975609756	207	2	1085	0.0018433179723502304
CUFF_NC.2278	1	24383271	24383891	+	0	0	0		41	1	160	0.00625	167	0	527	0.0
CUFF_NC.2277	1	24385623	24386600	-	0	0	0		36	0	207	0.0	240	4	1537	0.002602472348731295
CUFF_NC.2279	1	24399104	24400822	-	0	0	0		95	1	465	0.002150537634408602	459	2	2118	0.0009442870632672333
CUFF_NC.2281	1	24440406	24441052	+	0	0	0		39	3	186	0.016129032258064516	172	5	729	0.006858710562414266
CUFF_NC.2282	1	24442376	24443162	-	0	0	0		46	0	215	0.0	175	3	753	0.00398406374501992
CUFF_NC.2280	1	24457900	24458415	-	0	0	0		38	56	172	0.32558139534883723	128	46	621	0.07407407407407407
CUFF_NC.2293	1	24468758	24474480	-	0	0	0		279	4	1571	0.002546148949713558	1288	13	6216	0.0020913770913770914
CUFF_NC.2292	1	24497874	24498323	-	0	0	0		30	0	165	0.0	138	2	743	0.0026917900403768506
CUFF_NC.2291	1	24502086	24502692	+	0	0	0		46	0	227	0.0	164	2	708	0.002824858757062147
CUFF_NC.2283	1	24503240	24504177	-	0	0	0		64	1	304	0.003289473684210526	279	2	1243	0.0016090104585679806
CUFF_NC.2286	1	24506758	24510735	+	0	0	0		156	44	985	0.04467005076142132	1032	77	6250	0.01232
CUFF_NC.2287	1	24509471	24514263	+	0	0	0		243	0	1464	0.0	1325	17	7695	0.0022092267706302795
CUFF_NC.2288	1	24516246	24516864	+	0	0	0		41	0	222	0.0	164	1	871	0.001148105625717566
CUFF_NC.2284	1	24519652	24521231	+	0	0	0		70	0	501	0.0	407	6	2602	0.0023059185242121443
CUFF_NC.2300	1	24551860	24552589	-	0	0	0		28	1	110	0.00909090909090909	129	3	493	0.006085192697768763
CUFF_NC.2299	1	24560566	24562561	+	0	0	0		26	0	95	0.0	102	0	293	0.0
CUFF_NC.2289	1	24576622	24577113	-	0	0	0		21	6	134	0.04477611940298507	111	11	609	0.0180623973727422
CUFF_NC.2290	1	24587816	24588875	-	0	0	0		51	2	278	0.007194244604316547	259	4	1356	0.0029498525073746312
CUFF_NC.2295	1	24601962	24602804	-	0	0	0		29	0	173	0.0	149	1	872	0.0011467889908256881
CUFF_NC.2296	1	24603805	24604234	-	0	0	0		20	0	97	0.0	112	0	511	0.0
CUFF_NC.2294	1	24609312	24609800	+	0	0	0		17	0	156	0.0	150	3	1126	0.0026642984014209592
CUFF_NC.2297	1	24619942	24621003	+	0	0	0		82	2	389	0.005141388174807198	277	5	1336	0.0037425149700598802
CUFF_NC.2301	1	24632571	24633798	-	0	0	0		81	1	381	0.0026246719160104987	359	2	1586	0.0012610340479192938
CUFF_NC.2298	1	24636919	24638535	-	0	0	0		70	0	392	0.0	399	5	1942	0.0025746652935118436
CUFF_NC.2302	1	24688859	24689385	+	0	0	0		14	0	80	0.0	101	0	439	0.0
CUFF_NC.2303	1	24689234	24689706	-	0	0	0		26	0	145	0.0	77	1	412	0.0024271844660194173
CUFF_NC.2309	1	24692796	24693233	-	0	0	0		15	0	94	0.0	123	1	569	0.0017574692442882249
CUFF_NC.2310	1	24695775	24696520	+	0	0	0		34	0	116	0.0	117	0	376	0.0
CUFF_NC.2307	1	24720800	24724443	+	0	0	0		145	247	925	0.267027027027027	963	325	6510	0.04992319508448541
CUFF_NC.2306	1	24737276	24739672	-	0	0	0		93	2	567	0.003527336860670194	644	4	3614	0.0011068068622025456
CUFF_NC.2304	1	24745594	24746063	+	0	0	0		8	0	48	0.0	145	0	777	0.0
CUFF_NC.2305	1	24748174	24749957	-	0	0	0		118	0	564	0.0	441	7	2083	0.003360537686029765
CUFF_NC.2308	1	24753469	24758408	-	0	0	0		168	8	1123	0.007123775601068566	1157	36	7416	0.0048543689320388345
CUFF_NC.2312	1	24769495	24774501	+	0	0	0		120	15	647	0.023183925811437404	976	24	5428	0.004421518054532056
CUFF_NC.2311	1	24787543	24788023	-	0	0	0		24	0	131	0.0	146	0	855	0.0
CUFF_NC.2316	1	24824329	24825219	-	0	0	0		22	0	112	0.0	191	1	827	0.0012091898428053204
CUFF_NC.2317	1	24825376	24826587	-	0	0	0		76	0	282	0.0	335	1	1292	0.0007739938080495357
CUFF_NC.2318	1	24839552	24841201	-	0	0	0		82	0	451	0.0	349	2	1809	0.001105583195135434
CUFF_NC.2319	1	24839657	24840280	-	0	0	0		46	0	244	0.0	182	1	846	0.001182033096926714
CUFF_NC.2313	1	24842927	24843416	+	0	0	0		5	0	28	0.0	106	2	777	0.002574002574002574
CUFF_NC.2314	1	24843302	24843833	-	0	0	0		15	0	115	0.0	98	3	1050	0.002857142857142857
CUFF_NC.2315	1	24852939	24855783	+	0	0	0		106	2	606	0.0033003300330033004	697	8	4011	0.0019945150835203192
CUFF_NC.2360	1	24882477	24884817	-	0	0	0		67	0	479	0.0	486	4	3343	0.0011965300628178283
CUFF_NC.2361	1	24884941	24885629	-	0	0	0		40	0	231	0.0	176	2	894	0.0022371364653243847
CUFF_NC.2321	1	24917518	24918473	-	0	0	0		2	0	12	0.0	16	0	48	0.0
CUFF_NC.2322	1	24918063	24919372	+	0	0	0		9	0	36	0.0	84	0	272	0.0
CUFF_NC.2320	1	24921434	24921855	+	0	0	0		10	0	47	0.0	87	3	459	0.006535947712418301
CUFF_NC.2323	1	24927410	24927973	+	0	0	0		24	0	125	0.0	114	0	578	0.0
CUFF_NC.2325	1	24934150	24936455	+	0	0	0		108	0	663	0.0	638	3	3091	0.0009705596894208993
CUFF_NC.2331	1	24948392	24949628	-	0	0	0		36	2	215	0.009302325581395349	190	2	988	0.0020242914979757085
CUFF_NC.2332	1	24952603	24955706	-	0	0	0		198	2	1127	0.001774622892635315	800	7	4439	0.0015769317413831944
CUFF_NC.2329	1	24962871	24963999	+	0	0	0		83	1	372	0.002688172043010753	300	1	1426	0.0007012622720897616
CUFF_NC.2330	1	24967169	24967834	+	0	0	0		21	0	95	0.0	127	1	507	0.0019723865877712033
CUFF_NC.2328	1	24972398	24973014	-	0	0	0		29	1	133	0.007518796992481203	184	0	774	0.0
CUFF_NC.2327	1	24973782	24975062	+	0	0	0		58	1	362	0.0027624309392265192	388	3	2180	0.0013761467889908258
CUFF_NC.2349	1	24992557	24999166	+	0	0	0		364	6	2631	0.002280501710376283	1636	26	11181	0.0023253734013057867
CUFF_NC.2350	1	24993590	24999789	+	0	0	0		335	7	2291	0.0030554343081623746	1482	23	9846	0.0023359739995937436
CUFF_NC.2351	1	24995317	24996037	+	0	0	0		43	1	453	0.002207505518763797	194	4	1759	0.0022740193291642978
CUFF_NC.2352	1	24997426	25004927	+	0	0	0		275	6	1394	0.00430416068866571	1250	14	6888	0.0020325203252032522
CUFF_NC.2335	1	25028695	25029935	+	0	0	0		72	0	447	0.0	286	4	1507	0.0026542800265428003
CUFF_NC.2333	1	25032593	25033048	-	0	0	0		22	22	153	0.1437908496732026	137	24	958	0.025052192066805846
CUFF_NC.2334	1	25033182	25033697	-	0	0	0		10	19	53	0.3584905660377358	121	58	596	0.09731543624161074
CUFF_NC.2344	1	25071367	25072463	+	0	0	0		83	1	549	0.0018214936247723133	341	1	1802	0.0005549389567147614
CUFF_NC.2345	1	25082275	25082706	+	0	0	0		37	0	203	0.0	113	0	640	0.0
CUFF_NC.2336	1	25095872	25096881	+	0	0	0		50	171	275	0.6218181818181818	253	218	1543	0.14128321451717435
CUFF_NC.2364	1	25101026	25101778	+	0	0	0		67	1	310	0.0032258064516129032	222	1	975	0.0010256410256410256
CUFF_NC.2340	1	25137181	25137766	+	0	0	0		20	0	135	0.0	158	2	1011	0.0019782393669634025
CUFF_NC.2341	1	25152972	25154169	+	0	0	0		81	2	514	0.0038910505836575876	307	3	1473	0.002036659877800407
CUFF_NC.2342	1	25173670	25174393	+	0	0	0		21	0	177	0.0	181	2	1261	0.0015860428231562252
CUFF_NC.2343	1	25213852	25215290	-	0	0	0		79	2	402	0.004975124378109453	425	5	2045	0.0024449877750611247
CUFF_NC.2346	1	25221059	25221778	+	0	0	0		15	0	91	0.0	168	3	1095	0.0027397260273972603
CUFF_NC.2347	1	25230396	25230774	-	0	0	0		22	0	97	0.0	63	1	270	0.003703703703703704
CUFF_NC.2348	1	25231900	25232664	-	0	0	0		22	0	131	0.0	234	0	1417	0.0
CUFF_NC.2353	1	25236995	25238046	+	0	0	0		65	0	347	0.0	269	3	1398	0.002145922746781116
CUFF_NC.2354	1	25238394	25239330	+	0	0	0		63	1	321	0.003115264797507788	217	5	1149	0.004351610095735422
CUFF_NC.2358	1	25255055	25256045	-	0	0	0		65	0	390	0.0	240	7	1569	0.004461440407903123
CUFF_NC.2355	1	25275110	25275535	+	0	0	0		22	1	114	0.008771929824561403	108	4	571	0.0070052539404553416
CUFF_NC.2362	1	25277312	25278336	-	0	0	0		79	0	414	0.0	311	3	1606	0.0018679950186799503
CUFF_NC.2356	1	25297481	25298439	+	0	0	0		50	0	258	0.0	276	0	1240	0.0
CUFF_NC.2357	1	25298605	25300322	+	0	0	0		116	0	698	0.0	414	2	2043	0.0009789525208027412
CUFF_NC.2359	1	25304498	25305128	+	0	0	0		45	0	213	0.0	163	1	847	0.0011806375442739079
CUFF_NC.2363	1	25333133	25334975	+	0	0	0		81	2	477	0.0041928721174004195	522	5	2554	0.001957713390759593
CUFF_NC.2368	1	25341104	25341851	-	0	0	0		45	0	281	0.0	198	4	1163	0.0034393809114359416
CUFF_NC.2369	1	25344599	25345557	+	0	0	0		77	0	438	0.0	265	5	1328	0.0037650602409638554
CUFF_NC.2365	1	25350581	25351067	-	0	0	0		17	0	137	0.0	130	3	790	0.0037974683544303796
CUFF_NC.2366	1	25350704	25351407	+	0	0	0		15	0	98	0.0	114	2	686	0.0029154518950437317
CUFF_NC.2378	1	25365886	25366467	+	0	0	0		42	0	188	0.0	199	0	890	0.0
CUFF_NC.2372	1	25376462	25379259	+	0	0	0		169	1	910	0.001098901098901099	820	6	4451	0.0013480116827679174
CUFF_NC.2370	1	25398694	25399114	-	0	0	0		35	0	243	0.0	104	2	684	0.0029239766081871343
CUFF_NC.2371	1	25398791	25399341	+	0	0	0		41	0	301	0.0	122	1	811	0.0012330456226880395
CUFF_NC.2380	1	25417377	25423639	+	0	0	0		414	7	2554	0.00274079874706343	1758	19	10448	0.0018185298621745788
CUFF_NC.2381	1	25421246	25421952	+	0	0	0		53	0	360	0.0	198	2	1325	0.0015094339622641509
CUFF_NC.2374	1	25424483	25425214	-	0	0	0		28	0	149	0.0	210	0	1180	0.0
CUFF_NC.2373	1	25426517	25427215	-	0	0	0		33	0	174	0.0	211	5	1111	0.004500450045004501
CUFF_NC.2375	1	25444767	25445491	+	0	0	0		43	1	203	0.0049261083743842365	153	0	927	0.0
CUFF_NC.2377	1	25446217	25448166	+	0	0	0		72	1	488	0.0020491803278688526	446	6	2993	0.0020046775810223854
CUFF_NC.2376	1	25448438	25449065	+	0	0	0		14	0	111	0.0	140	2	832	0.002403846153846154
CUFF_NC.2384	1	25466680	25467272	-	0	0	0		20	0	135	0.0	163	3	1109	0.002705139765554554
CUFF_NC.2387	1	25481661	25482276	+	0	0	0		40	0	267	0.0	143	0	890	0.0
CUFF_NC.2379	1	25484872	25485860	+	0	0	0		64	0	423	0.0	307	5	1678	0.0029797377830750892
CUFF_NC.2382	1	25488485	25489215	-	0	0	0		28	1	191	0.005235602094240838	188	4	1198	0.00333889816360601
CUFF_NC.2383	1	25532992	25534145	-	0	0	0		59	2	301	0.006644518272425249	317	0	1723	0.0
CUFF_NC.2385	1	25539214	25540037	+	0	0	0		74	1	348	0.0028735632183908046	241	0	1038	0.0
CUFF_NC.2386	1	25557276	25558491	-	0	0	0		65	0	408	0.0	334	5	2065	0.002421307506053269
CUFF_NC.2388	1	25578095	25578752	-	0	0	0		36	0	183	0.0	167	2	926	0.0021598272138228943
CUFF_NC.2390	1	25579374	25580193	+	0	0	0		45	1	276	0.0036231884057971015	200	7	1161	0.006029285099052541
CUFF_NC.2389	1	25588370	25588872	+	0	0	0		22	1	144	0.006944444444444444	151	3	1000	0.003
CUFF_NC.2391	1	25610760	25612119	-	0	0	0		84	3	498	0.006024096385542169	358	3	1799	0.0016675931072818232
CUFF_NC.2392	1	25639911	25640982	+	0	0	0		36	131	240	0.5458333333333333	169	125	1093	0.11436413540713632
CUFF_NC.2393	1	25647432	25649328	+	0	0	0		123	0	614	0.0	511	4	2542	0.0015735641227380016
CUFF_NC.2394	1	25660015	25662309	+	0	0	0		86	111	450	0.24666666666666667	506	40	3132	0.01277139208173691
CUFF_NC.2395	1	25668887	25670515	+	0	0	0		78	0	416	0.0	357	2	1681	0.001189767995240928
CUFF_NC.2396	1	25677745	25678383	+	0	0	0		33	1	130	0.007692307692307693	195	0	751	0.0
CUFF_NC.2397	1	25694737	25695352	-	0	0	0		24	0	126	0.0	158	2	693	0.002886002886002886
CUFF_NC.2398	1	25703312	25704610	+	0	0	0		37	0	204	0.0	312	5	1934	0.0025853154084798345
CUFF_NC.2404	1	25707244	25708089	-	0	0	0		53	0	271	0.0	234	4	1389	0.0028797696184305254
CUFF_NC.2401	1	25712630	25713303	+	0	0	0		36	1	234	0.004273504273504274	176	2	991	0.0020181634712411706
CUFF_NC.2402	1	25713697	25715105	+	0	0	0		78	0	400	0.0	428	3	2132	0.0014071294559099437
CUFF_NC.2399	1	25722564	25723220	-	0	0	0		23	27	68	0.39705882352941174	99	57	329	0.17325227963525835
CUFF_NC.2403	1	25734228	25735143	+	0	0	0		48	0	296	0.0	267	1	1222	0.0008183306055646482
CUFF_NC.2400	1	25739263	25740201	-	0	0	0		16	0	88	0.0	51	0	223	0.0
CUFF_NC.2405	1	25746976	25747654	-	0	0	0		29	1	119	0.008403361344537815	173	1	758	0.0013192612137203166
CUFF_NC.2406	1	25748827	25749641	-	0	0	0		35	0	164	0.0	210	4	1149	0.0034812880765883376
CUFF_NC.2407	1	25750669	25751882	-	0	0	0		3	2	3	0.6666666666666666	13	1	13	0.07692307692307693
CUFF_NC.2408	1	25758729	25759130	+	0	0	0		11	0	91	0.0	115	1	898	0.0011135857461024498
CUFF_NC.2410	1	25759792	25760376	-	0	0	0		31	0	129	0.0	140	3	710	0.004225352112676056
CUFF_NC.2409	1	25763451	25764539	-	0	0	0		37	0	236	0.0	310	6	1830	0.003278688524590164
CUFF_NC.2412	1	25770315	25770747	+	0	0	0		23	0	129	0.0	124	4	756	0.005291005291005291
CUFF_NC.2413	1	25777139	25777566	-	0	0	0		35	4	192	0.020833333333333332	125	8	675	0.011851851851851851
CUFF_NC.2411	1	25783410	25783935	-	0	0	0		33	0	123	0.0	142	3	604	0.004966887417218543
CUFF_NC.2416	1	25787275	25789881	-	0	0	0		127	1	665	0.0015037593984962407	612	4	3362	0.001189767995240928
CUFF_NC.2417	1	25804566	25806360	-	0	0	0		121	1	717	0.001394700139470014	508	5	2509	0.0019928258270227183
CUFF_NC.2418	1	25807627	25808003	-	0	0	0		49	0	279	0.0	103	1	487	0.002053388090349076
CUFF_NC.2419	1	25808431	25808899	-	0	0	0		49	2	202	0.009900990099009901	107	0	431	0.0
CUFF_NC.2415	1	25810738	25811091	+	0	0	0		19	2	108	0.018518518518518517	102	1	479	0.0020876826722338203
CUFF_NC.2420	1	25822786	25823767	+	0	0	0		57	2	318	0.006289308176100629	310	3	1738	0.0017261219792865361
CUFF_NC.2414	1	25828794	25829801	-	0	0	0		38	0	200	0.0	256	4	1166	0.003430531732418525
CUFF_NC.2426	1	25838152	25839364	+	0	0	0		56	1	318	0.0031446540880503146	358	7	1801	0.003886729594669628
CUFF_NC.2422	1	25840890	25841780	+	0	0	0		36	0	188	0.0	233	0	1162	0.0
CUFF_NC.2421	1	25845130	25845819	+	0	0	0		33	1	192	0.005208333333333333	146	0	799	0.0
CUFF_NC.2423	1	25847147	25848386	+	0	0	0		59	143	312	0.4583333333333333	401	106	1893	0.055995773903856315
CUFF_NC.2424	1	25849219	25849905	+	0	0	0		15	0	68	0.0	177	0	675	0.0
CUFF_NC.2428	1	25869716	25870167	+	0	0	0		11	0	73	0.0	134	1	749	0.0013351134846461949
CUFF_NC.2425	1	25880089	25881600	-	0	0	0		89	0	484	0.0	382	7	2316	0.0030224525043177895
CUFF_NC.2427	1	25907518	25907955	+	0	0	0		23	0	141	0.0	129	2	712	0.0028089887640449437
CUFF_NC.2430	1	25909057	25909467	+	0	0	0		35	0	256	0.0	115	0	731	0.0
CUFF_NC.2431	1	25933483	25933978	-	0	0	0		30	1	155	0.0064516129032258064	145	2	516	0.003875968992248062
CUFF_NC.2434	1	25946675	25947270	+	0	0	0		32	0	160	0.0	166	1	948	0.0010548523206751054
CUFF_NC.2435	1	25948839	25949268	+	0	0	0		39	0	179	0.0	92	0	363	0.0
CUFF_NC.2429	1	25954907	25955368	+	0	0	0		19	0	94	0.0	130	1	798	0.0012531328320802004
CUFF_NC.2433	1	25961692	25962433	-	0	0	0		27	0	78	0.0	140	0	434	0.0
CUFF_NC.2432	1	25963283	25963717	+	0	0	0		8	0	42	0.0	121	2	629	0.003179650238473768
CUFF_NC.2438	1	25965295	25966079	-	0	0	0		75	2	419	0.00477326968973747	221	1	1230	0.0008130081300813008
CUFF_NC.2437	1	25969227	25969865	+	0	0	0		38	0	245	0.0	173	2	727	0.002751031636863824
CUFF_NC.2436	1	25997133	25997897	-	0	0	0		20	0	131	0.0	196	1	1455	0.0006872852233676976
CUFF_NC.2439	1	25999833	26001524	-	0	0	0		70	0	318	0.0	513	1	2689	0.0003718854592785422
CUFF_NC.2440	1	26005093	26006121	-	0	0	0		50	1	309	0.003236245954692557	297	4	1726	0.002317497103128621
CUFF_NC.2451	1	26019711	26019970	+	0	0	0		12	0	80	0.0	40	2	203	0.009852216748768473
CUFF_NC.2452	1	26025328	26025720	+	0	0	0		20	0	93	0.0	109	1	460	0.002173913043478261
CUFF_NC.2442	1	26036569	26037690	+	0	0	0		66	0	385	0.0	270	2	1654	0.0012091898428053204
CUFF_NC.2443	1	26045936	26046280	+	0	0	0		26	0	142	0.0	99	1	503	0.0019880715705765406
CUFF_NC.2441	1	26052903	26053318	+	0	0	0		13	0	56	0.0	77	0	313	0.0
CUFF_NC.2447	1	26072448	26074514	+	0	0	0		173	0	1002	0.0	650	5	3919	0.0012758356723653994
CUFF_NC.2446	1	26080069	26080965	-	0	0	0		50	0	299	0.0	238	1	1334	0.0007496251874062968
CUFF_NC.2445	1	26083144	26083613	+	0	0	0		27	1	230	0.004347826086956522	122	4	978	0.00408997955010225
CUFF_NC.2444	1	26092920	26094098	-	0	0	0		45	0	206	0.0	328	3	1617	0.0018552875695732839
CUFF_NC.2448	1	26101529	26103193	+	0	0	0		115	3	607	0.004942339373970346	457	7	2328	0.003006872852233677
CUFF_NC.2449	1	26104426	26105389	+	0	0	0		30	1	156	0.00641025641025641	242	5	1171	0.004269854824935952
CUFF_NC.2450	1	26118925	26119588	+	0	0	0		49	0	283	0.0	154	3	1012	0.0029644268774703555
CUFF_NC.2458	1	26124764	26129737	-	0	0	0		276	3	1674	0.0017921146953405018	1305	12	7700	0.0015584415584415584
CUFF_NC.2454	1	26141786	26143516	-	0	0	0		94	2	363	0.005509641873278237	477	4	2014	0.0019860973187686196
CUFF_NC.2455	1	26161404	26163741	+	0	0	0		136	3	708	0.00423728813559322	621	6	2950	0.002033898305084746
CUFF_NC.2453	1	26172901	26173720	-	0	0	0		52	2	285	0.007017543859649123	206	3	1081	0.0027752081406105457
CUFF_NC.2457	1	26175515	26179389	-	0	0	0		202	5	1276	0.003918495297805642	1040	12	6453	0.0018596001859600185
CUFF_NC.2456	1	26182289	26183422	-	0	0	0		74	1	358	0.002793296089385475	270	7	1164	0.006013745704467354
CUFF_NC.2460	1	26194484	26194851	+	0	0	0		28	0	152	0.0	92	1	519	0.0019267822736030828
CUFF_NC.2459	1	26196704	26197208	-	0	0	0		4	19	20	0.95	46	37	106	0.3490566037735849
CUFF_NC.2461	1	26208331	26210616	-	0	0	0		56	0	390	0.0	547	10	4012	0.0024925224327018943
CUFF_NC.2462	1	26216014	26217732	-	0	0	0		111	0	544	0.0	462	1	2186	0.0004574565416285453
CUFF_NC.2470	1	26223090	26226644	-	0	0	0		280	8	2144	0.0037313432835820895	1015	14	6991	0.0020025747389500787
CUFF_NC.2472	1	26235320	26236344	-	0	0	0		27	0	128	0.0	158	1	786	0.001272264631043257
CUFF_NC.2465	1	26239934	26240793	+	0	0	0		24	0	163	0.0	245	0	1442	0.0
CUFF_NC.2464	1	26243412	26243903	+	0	0	0		13	0	83	0.0	109	3	685	0.004379562043795621
CUFF_NC.2467	1	26259016	26259674	-	0	0	0		30	1	207	0.004830917874396135	208	1	1125	0.0008888888888888889
CUFF_NC.2468	1	26260052	26260613	-	0	0	0		62	0	266	0.0	118	2	508	0.003937007874015748
CUFF_NC.2469	1	26281299	26281851	-	0	0	0		21	0	45	0.0	103	2	215	0.009302325581395349
CUFF_NC.2473	1	26293950	26294356	+	0	0	0		50	0	264	0.0	106	0	510	0.0
CUFF_NC.2471	1	26323388	26324975	+	0	0	0		88	0	404	0.0	383	8	1747	0.0045792787635947334
CUFF_NC.2475	1	26327570	26328122	+	0	0	0		28	0	161	0.0	114	1	694	0.001440922190201729
CUFF_NC.2476	1	26329674	26332213	-	0	0	0		156	2	699	0.002861230329041488	662	9	2609	0.0034495975469528554
CUFF_NC.2474	1	26345437	26345851	-	0	0	0		21	0	140	0.0	108	0	733	0.0
CUFF_NC.2478	1	26350172	26351076	+	0	0	0		47	0	278	0.0	221	0	1202	0.0
CUFF_NC.2477	1	26363606	26364891	+	0	0	0		75	1	349	0.0028653295128939827	305	6	1472	0.004076086956521739
CUFF_NC.2486	1	26400926	26402221	-	0	0	0		91	1	488	0.0020491803278688526	303	5	1408	0.0035511363636363635
CUFF_NC.2480	1	26413575	26414631	+	0	0	0		64	1	328	0.003048780487804878	280	1	1271	0.0007867820613690008
CUFF_NC.2481	1	26421170	26421579	-	0	0	0		26	0	116	0.0	131	1	547	0.0018281535648994515
CUFF_NC.2485	1	26427494	26428329	-	0	0	0		69	0	333	0.0	293	3	1362	0.0022026431718061676
CUFF_NC.2484	1	26432680	26433373	+	0	0	0		46	1	295	0.003389830508474576	213	1	1174	0.0008517887563884157
CUFF_NC.2482	1	26439838	26440457	-	0	0	0		33	1	148	0.006756756756756757	153	0	681	0.0
CUFF_NC.2483	1	26441578	26442490	-	0	0	0		35	0	199	0.0	293	3	1710	0.0017543859649122807
CUFF_NC.2487	1	26450071	26451105	-	0	0	0		53	0	309	0.0	271	3	1617	0.0018552875695732839
CUFF_NC.2488	1	26454073	26455336	-	0	0	0		83	4	522	0.007662835249042145	373	1	2254	0.00044365572315882877
CUFF_NC.2489	1	26488702	26489920	+	0	0	0		81	2	477	0.0041928721174004195	336	3	2167	0.0013844023996308261
CUFF_NC.2490	1	26492968	26494772	+	0	0	0		171	2	795	0.0025157232704402514	563	11	2632	0.004179331306990881
CUFF_NC.2491	1	26499944	26500637	+	0	0	0		73	1	425	0.002352941176470588	196	1	1106	0.0009041591320072332
CUFF_NC.2492	1	26512849	26515253	+	0	0	0		166	0	670	0.0	520	3	2345	0.001279317697228145
CUFF_NC.2502	1	26541145	26541578	+	0	0	0		11	0	87	0.0	125	3	898	0.0033407572383073497
CUFF_NC.2493	1	26551698	26552175	-	0	0	0		1	0	1	0.0	43	34	271	0.12546125461254612
CUFF_NC.2497	1	26561670	26563455	-	0	0	0		139	1	839	0.0011918951132300357	489	11	3006	0.003659347970725216
CUFF_NC.2498	1	26572050	26572567	-	0	0	0		22	0	126	0.0	166	1	1020	0.000980392156862745
CUFF_NC.2499	1	26583395	26584784	+	0	0	0		64	0	282	0.0	347	5	1697	0.0029463759575721863
CUFF_NC.2500	1	26585077	26585539	+	0	0	0		40	1	274	0.0036496350364963502	123	1	737	0.0013568521031207597
CUFF_NC.2494	1	26594940	26595349	+	0	0	0		17	0	107	0.0	97	2	570	0.0035087719298245615
CUFF_NC.2495	1	26604946	26605351	-	0	0	0		32	0	150	0.0	103	1	457	0.002188183807439825
CUFF_NC.2496	1	26606360	26606981	-	0	0	0		32	0	150	0.0	195	3	980	0.003061224489795918
CUFF_NC.2501	1	26616266	26616996	+	0	0	0		32	0	199	0.0	179	2	1231	0.0016246953696181965
CUFF_NC.2538	1	26626571	26626990	-	0	0	0		44	0	133	0.0	135	0	416	0.0
CUFF_NC.2539	1	26629271	26629963	-	0	0	0		65	0	354	0.0	194	2	866	0.0023094688221709007
CUFF_NC.2503	1	26636073	26636929	-	0	0	0		37	0	158	0.0	217	1	1005	0.0009950248756218905
CUFF_NC.2504	1	26666448	26666960	-	0	0	0		28	1	143	0.006993006993006993	155	0	511	0.0
CUFF_NC.2505	1	26680734	26681636	+	0	0	0		41	1	198	0.005050505050505051	259	3	908	0.003303964757709251
CUFF_NC.2507	1	26689806	26690217	+	0	0	0		26	0	136	0.0	117	1	711	0.0014064697609001407
CUFF_NC.2521	1	26704466	26705244	-	0	0	0		50	0	326	0.0	180	2	1231	0.0016246953696181965
CUFF_NC.2520	1	26715306	26718522	+	0	0	0		141	92	698	0.1318051575931232	848	30	4441	0.006755235307363206
CUFF_NC.2506	1	26725693	26726665	+	0	0	0		43	1	188	0.005319148936170213	253	5	1195	0.0041841004184100415
CUFF_NC.2508	1	26727525	26728583	-	0	0	0		48	1	184	0.005434782608695652	295	2	1363	0.001467351430667645
CUFF_NC.2509	1	26733383	26733830	-	0	0	0		28	0	167	0.0	118	3	677	0.004431314623338257
CUFF_NC.2510	1	26742834	26744967	-	0	0	0		147	1	521	0.0019193857965451055	573	5	1969	0.0025393600812595226
CUFF_NC.2512	1	26780513	26781122	+	0	0	0		3	1	6	0.16666666666666666	20	0	46	0.0
CUFF_NC.2513	1	26797788	26799019	+	0	0	0		85	1	416	0.002403846153846154	313	6	1421	0.00422237860661506
CUFF_NC.2514	1	26799839	26800519	+	0	0	0		12	0	71	0.0	192	2	841	0.0023781212841854932
CUFF_NC.2516	1	26809902	26811756	+	0	0	0		157	1	902	0.0011086474501108647	478	5	2419	0.002066969822240595
CUFF_NC.2518	1	26812188	26815651	-	0	0	0		195	2	1114	0.0017953321364452424	971	12	5633	0.002130303568258477
CUFF_NC.2517	1	26828881	26829310	+	0	0	0		29	0	177	0.0	141	0	784	0.0
CUFF_NC.2519	1	26854593	26855111	-	0	0	0		31	1	177	0.005649717514124294	139	2	736	0.002717391304347826
CUFF_NC.2523	1	26888513	26889518	+	0	0	0		83	1	499	0.002004008016032064	282	2	1435	0.0013937282229965157
CUFF_NC.2522	1	26899730	26902324	+	0	0	0		176	3	924	0.003246753246753247	715	5	3696	0.0013528138528138528
CUFF_NC.2524	1	26938300	26939196	-	0	0	0		39	0	187	0.0	229	4	1096	0.0036496350364963502
CUFF_NC.2527	1	26939499	26942952	-	0	0	0		277	2	1456	0.0013736263736263737	933	7	5084	0.0013768686073957514
CUFF_NC.2525	1	26944939	26947553	-	0	0	0		114	2	628	0.0031847133757961785	657	8	3825	0.0020915032679738564
CUFF_NC.2526	1	26964228	26964679	-	0	0	0		19	0	94	0.0	108	1	476	0.0021008403361344537
CUFF_NC.2528	1	26970279	26970640	-	0	0	0		4	0	35	0.0	103	1	748	0.001336898395721925
CUFF_NC.2531	1	26983785	26984794	-	0	0	0		55	3	322	0.009316770186335404	284	4	1453	0.0027529249827942187
CUFF_NC.2529	1	26995577	26996631	+	0	0	0		63	1	366	0.00273224043715847	295	7	1941	0.0036063884595569293
CUFF_NC.2537	1	27020575	27021890	-	0	0	0		84	1	540	0.001851851851851852	382	5	2061	0.0024260067928190197
CUFF_NC.2530	1	27024715	27025407	+	0	0	0		50	2	251	0.00796812749003984	208	3	919	0.003264417845484222
CUFF_NC.2532	1	27034393	27035196	+	0	0	0		62	0	294	0.0	218	2	818	0.0024449877750611247
CUFF_NC.2534	1	27054194	27059182	-	0	0	0		249	1	1274	0.0007849293563579278	1167	19	6306	0.0030130034887408817
CUFF_NC.2535	1	27055849	27060779	-	0	0	0		207	1	1131	0.0008841732979664014	1149	22	6822	0.0032248607446496626
CUFF_NC.2536	1	27063690	27064430	-	0	0	0		41	2	234	0.008547008547008548	189	3	971	0.003089598352214212
CUFF_NC.2533	1	27064835	27065946	-	0	0	0		45	0	200	0.0	264	4	1048	0.003816793893129771
CUFF_NC.2544	1	27079240	27079552	-	0	0	0		19	0	93	0.0	87	2	415	0.004819277108433735
CUFF_NC.2542	1	27087040	27087959	+	0	0	0		65	0	311	0.0	211	3	1004	0.00298804780876494
CUFF_NC.2543	1	27088059	27088485	+	0	0	0		28	0	150	0.0	104	1	477	0.0020964360587002098
CUFF_NC.2540	1	27092891	27093930	-	0	0	0		65	1	368	0.002717391304347826	255	3	1329	0.002257336343115124
CUFF_NC.2545	1	27097522	27098082	-	0	0	0		25	0	179	0.0	134	5	965	0.0051813471502590676
CUFF_NC.2541	1	27104994	27105794	-	0	0	0		32	0	127	0.0	198	2	970	0.002061855670103093
CUFF_NC.2546	1	27120100	27120731	+	0	0	0		21	0	146	0.0	132	1	928	0.0010775862068965517
CUFF_NC.2547	1	27132400	27135188	-	0	0	0		198	0	1137	0.0	727	11	4000	0.00275
CUFF_NC.2548	1	27134083	27134578	-	0	0	0		37	0	178	0.0	132	1	775	0.0012903225806451613
CUFF_NC.2550	1	27154697	27155632	+	0	0	0		73	1	392	0.002551020408163265	268	3	1276	0.0023510971786833857
CUFF_NC.2549	1	27160329	27160793	+	0	0	0		16	1	95	0.010526315789473684	107	1	703	0.001422475106685633
CUFF_NC.2563	1	27169855	27171342	+	0	0	0		111	2	611	0.0032733224222585926	387	3	1774	0.0016910935738444193
CUFF_NC.2555	1	27179870	27181625	-	0	0	0		80	1	291	0.003436426116838488	465	3	2128	0.0014097744360902255
CUFF_NC.2552	1	27184324	27185688	+	0	0	0		92	1	537	0.00186219739292365	363	4	1831	0.002184598580010923
CUFF_NC.2553	1	27188462	27189181	-	0	0	0		58	1	304	0.003289473684210526	189	1	979	0.0010214504596527069
CUFF_NC.2551	1	27190065	27190713	-	0	0	0		37	1	203	0.0049261083743842365	155	0	829	0.0
CUFF_NC.2560	1	27199704	27200275	+	0	0	0		35	1	174	0.005747126436781609	160	1	873	0.001145475372279496
CUFF_NC.2561	1	27209773	27213140	+	0	0	0		251	5	1603	0.0031191515907673115	895	15	5497	0.0027287611424413314
CUFF_NC.2554	1	27227412	27227860	-	0	0	0		26	1	126	0.007936507936507936	118	1	627	0.001594896331738437
CUFF_NC.2559	1	27228202	27229436	+	0	0	0		90	3	576	0.005208333333333333	348	1	2126	0.00047036688617121356
CUFF_NC.2567	1	27244997	27245550	-	0	0	0		27	0	185	0.0	143	0	942	0.0
CUFF_NC.2556	1	27259255	27259576	+	0	0	0		7	0	37	0.0	88	1	453	0.002207505518763797
CUFF_NC.2557	1	27259678	27260559	+	0	0	0		33	0	222	0.0	211	0	1377	0.0
CUFF_NC.2564	1	27272877	27273548	+	0	0	0		42	3	253	0.011857707509881422	196	1	971	0.0010298661174047373
CUFF_NC.2565	1	27275038	27275764	+	0	0	0		47	3	310	0.00967741935483871	181	1	1153	0.0008673026886383347
CUFF_NC.2558	1	27276713	27277282	+	0	0	0		26	0	179	0.0	134	1	773	0.00129366106080207
CUFF_NC.2562	1	27285195	27285778	-	0	0	0		41	0	220	0.0	157	1	828	0.0012077294685990338
CUFF_NC.2568	1	27297970	27298459	+	0	0	0		45	0	205	0.0	121	1	502	0.00199203187250996
CUFF_NC.2566	1	27311641	27312599	-	0	0	0		63	0	268	0.0	232	3	1067	0.0028116213683223993
CUFF_NC.2569	1	27344084	27344718	-	0	0	0		37	0	267	0.0	149	1	1031	0.0009699321047526673
CUFF_NC.2580	1	27352427	27353640	-	0	0	0		65	1	335	0.0029850746268656717	311	5	1474	0.0033921302578018998
CUFF_NC.2572	1	27388011	27388470	+	0	0	0		22	0	82	0.0	130	0	469	0.0
CUFF_NC.2570	1	27390956	27391714	-	0	0	0		65	0	319	0.0	223	1	1131	0.0008841732979664014
CUFF_NC.2571	1	27392450	27393160	-	0	0	0		46	2	232	0.008620689655172414	196	1	1016	0.000984251968503937
CUFF_NC.2573	1	27394539	27396618	-	0	0	0		147	2	621	0.00322061191626409	495	2	1785	0.0011204481792717086
CUFF_NC.2577	1	27409459	27413628	+	0	0	0		4	0	5	0.0	33	0	41	0.0
CUFF_NC.2576	1	27421903	27423106	-	0	0	0		4	0	4	0.0	21	0	21	0.0
CUFF_NC.2588	1	27450474	27451060	-	0	0	0		37	0	207	0.0	168	2	896	0.002232142857142857
CUFF_NC.2575	1	27469589	27470160	+	0	0	0		41	0	225	0.0	146	2	790	0.002531645569620253
CUFF_NC.2574	1	27478256	27478671	+	0	0	0		15	1	94	0.010638297872340425	95	0	488	0.0
CUFF_NC.2581	1	27482273	27482765	-	0	0	0		51	1	262	0.003816793893129771	141	1	646	0.0015479876160990713
CUFF_NC.2579	1	27504676	27506431	+	0	0	0		127	3	895	0.0033519553072625698	495	6	3281	0.001828710758914965
CUFF_NC.2585	1	27530259	27531182	+	0	0	0		35	1	191	0.005235602094240838	211	1	1038	0.0009633911368015414
CUFF_NC.2582	1	27533596	27534533	+	0	0	0		42	1	253	0.003952569169960474	246	2	1546	0.00129366106080207
CUFF_NC.2583	1	27536453	27537218	-	0	0	0		10	0	70	0.0	191	3	1272	0.0023584905660377358
CUFF_NC.2586	1	27538137	27539483	-	0	0	0		62	0	342	0.0	397	7	1990	0.0035175879396984926
CUFF_NC.2584	1	27547247	27548323	+	0	0	0		59	0	336	0.0	247	2	1144	0.0017482517482517483
CUFF_NC.2594	1	27559974	27564049	+	0	0	0		193	6	1126	0.0053285968028419185	951	11	5426	0.002027276078142278
CUFF_NC.2587	1	27568885	27569320	+	0	0	0		28	0	147	0.0	135	0	735	0.0
CUFF_NC.2591	1	27573842	27574280	-	0	0	0		36	0	192	0.0	114	1	696	0.0014367816091954023
CUFF_NC.2595	1	27584530	27586855	+	0	0	0		168	1	1047	0.0009551098376313276	647	12	3850	0.003116883116883117
CUFF_NC.2601	1	27618644	27619666	-	0	0	0		40	0	293	0.0	257	1	1916	0.0005219206680584551
CUFF_NC.2602	1	27627056	27627457	-	0	0	0		31	0	195	0.0	108	1	641	0.0015600624024961
CUFF_NC.2592	1	27633664	27636707	+	0	0	0		162	198	957	0.20689655172413793	767	256	4580	0.05589519650655022
CUFF_NC.2589	1	27638558	27645298	+	0	0	0		229	3	1133	0.00264783759929391	1358	14	7096	0.001972942502818489
CUFF_NC.2590	1	27642380	27643051	+	0	0	0		21	0	81	0.0	162	2	543	0.003683241252302026
CUFF_NC.2599	1	27650142	27650549	+	0	0	0		31	1	154	0.006493506493506494	86	0	391	0.0
CUFF_NC.2597	1	27653399	27653776	-	0	0	0		29	0	132	0.0	115	3	415	0.007228915662650603
CUFF_NC.2598	1	27654821	27655453	-	0	0	0		45	0	268	0.0	149	3	786	0.003816793893129771
CUFF_NC.2593	1	27656279	27656750	+	0	0	0		12	0	100	0.0	106	5	786	0.006361323155216285
CUFF_NC.2596	1	27669070	27669688	-	0	0	0		11	0	47	0.0	120	0	587	0.0
CUFF_NC.2600	1	27683548	27683986	+	0	0	0		17	0	79	0.0	99	0	509	0.0
CUFF_NC.2603	1	27684561	27685431	-	0	0	0		47	1	263	0.0038022813688212928	187	2	1050	0.0019047619047619048
CUFF_NC.2609	1	27686521	27687239	-	0	0	0		33	1	201	0.004975124378109453	158	3	961	0.003121748178980229
CUFF_NC.2604	1	27711850	27712337	-	0	0	0		32	0	244	0.0	125	1	1004	0.00099601593625498
CUFF_NC.2605	1	27712515	27713215	-	0	0	0		26	1	147	0.006802721088435374	123	2	758	0.002638522427440633
CUFF_NC.2606	1	27720249	27720698	-	0	0	0		25	1	126	0.007936507936507936	127	0	612	0.0
CUFF_NC.2608	1	27730651	27731788	+	0	0	0		95	2	483	0.004140786749482402	330	1	1649	0.0006064281382656155
CUFF_NC.2607	1	27734120	27736127	-	0	0	0		112	1	585	0.0017094017094017094	460	1	2225	0.00044943820224719103
CUFF_NC.2611	1	27740401	27741556	+	0	0	0		36	0	133	0.0	227	4	971	0.004119464469618949
CUFF_NC.2610	1	27754575	27755248	+	0	0	0		31	1	212	0.0047169811320754715	191	3	1123	0.0026714158504007124
CUFF_NC.2613	1	27804021	27804722	+	0	0	0		27	0	122	0.0	181	1	630	0.0015873015873015873
CUFF_NC.2618	1	27805079	27805845	+	0	0	0		60	0	270	0.0	217	1	929	0.001076426264800861
CUFF_NC.2612	1	27822546	27823567	+	0	0	0		78	0	474	0.0	276	6	1756	0.003416856492027335
CUFF_NC.2614	1	27831188	27834654	+	0	0	0		160	1	869	0.0011507479861910242	804	12	4814	0.0024927295388450354
CUFF_NC.2615	1	27831641	27832162	+	0	0	0		8	1	34	0.029411764705882353	113	1	489	0.002044989775051125
CUFF_NC.2619	1	27851608	27853467	+	0	0	0		98	0	517	0.0	514	4	2578	0.0015515903801396431
CUFF_NC.2617	1	27861648	27862759	-	0	0	0		81	0	393	0.0	300	1	1436	0.0006963788300835655
CUFF_NC.2616	1	27864557	27865621	+	0	0	0		49	0	302	0.0	318	3	1662	0.0018050541516245488
CUFF_NC.2620	1	27873422	27875936	-	0	0	0		138	3	892	0.0033632286995515697	703	7	4516	0.001550044286979628
CUFF_NC.2621	1	27883520	27883940	-	0	0	0		28	0	133	0.0	105	2	464	0.004310344827586207
CUFF_NC.2643	1	27887067	27887706	-	0	0	0		41	0	232	0.0	156	2	925	0.002162162162162162
CUFF_NC.2642	1	27891644	27892489	+	0	0	0		56	0	399	0.0	265	2	1836	0.0010893246187363835
CUFF_NC.2628	1	27907465	27908385	+	0	0	0		74	0	463	0.0	263	3	1767	0.001697792869269949
CUFF_NC.2626	1	27911790	27912790	-	0	0	0		72	1	533	0.001876172607879925	297	2	2200	0.0009090909090909091
CUFF_NC.2627	1	27916344	27916797	-	0	0	0		38	0	171	0.0	171	1	665	0.0015037593984962407
CUFF_NC.2624	1	27925133	27925825	+	0	0	0		62	0	331	0.0	209	1	850	0.001176470588235294
CUFF_NC.2649	1	27930818	27934220	-	0	0	0		130	4	753	0.005312084993359893	892	58	5481	0.010582010582010581
CUFF_NC.2650	1	27940803	27941449	-	0	0	0		28	0	213	0.0	186	0	1390	0.0
CUFF_NC.2651	1	27943298	27944081	+	0	0	0		39	0	314	0.0	211	4	1516	0.002638522427440633
CUFF_NC.2622	1	27951825	27952500	-	0	0	0		12	0	87	0.0	155	2	1036	0.0019305019305019305
CUFF_NC.2625	1	27964804	27965229	-	0	0	0		29	0	228	0.0	122	3	867	0.0034602076124567475
CUFF_NC.2629	1	27987144	27987556	-	0	0	0		32	0	167	0.0	120	0	651	0.0
CUFF_NC.2632	1	28005157	28005779	-	0	0	0		35	1	266	0.0037593984962406013	136	2	997	0.0020060180541624875
CUFF_NC.2633	1	28006210	28007576	-	0	0	0		94	3	447	0.006711409395973154	402	4	1580	0.002531645569620253
CUFF_NC.2635	1	28011135	28012168	+	0	0	0		50	0	335	0.0	272	6	1741	0.0034462952326249283
CUFF_NC.2631	1	28013117	28015835	-	0	0	0		173	1	872	0.0011467889908256881	764	9	4195	0.0021454112038140644
CUFF_NC.2634	1	28026311	28026676	+	0	0	0		27	0	174	0.0	98	3	539	0.0055658627087198514
CUFF_NC.2630	1	28028053	28028803	-	0	0	0		45	1	227	0.004405286343612335	201	0	993	0.0
CUFF_NC.2636	1	28030004	28030461	+	0	0	0		3	0	25	0.0	42	0	280	0.0
CUFF_NC.2639	1	28031821	28032517	-	0	0	0		48	2	290	0.006896551724137931	212	4	1218	0.003284072249589491
CUFF_NC.2638	1	28054209	28054753	+	0	0	0		24	2	146	0.0136986301369863	105	2	653	0.0030627871362940277
CUFF_NC.2637	1	28056359	28056889	-	0	0	0		21	0	91	0.0	146	0	777	0.0
CUFF_NC.2640	1	28060272	28060603	-	0	0	0		17	0	102	0.0	88	2	581	0.0034423407917383822
CUFF_NC.2641	1	28061727	28062335	+	0	0	0		43	0	200	0.0	197	1	818	0.0012224938875305623
CUFF_NC.2646	1	28092405	28092981	+	0	0	0		41	0	325	0.0	166	2	1158	0.0017271157167530224
CUFF_NC.2648	1	28104654	28105155	+	0	0	0		34	0	190	0.0	135	0	914	0.0
CUFF_NC.2644	1	28118642	28119644	+	0	0	0		75	1	451	0.0022172949002217295	287	1	1701	0.0005878894767783657
CUFF_NC.2645	1	28120927	28121703	+	0	0	0		49	0	296	0.0	247	2	1268	0.0015772870662460567
CUFF_NC.2647	1	28129576	28130101	+	0	0	0		26	0	135	0.0	141	0	666	0.0
CUFF_NC.2653	1	28151467	28151888	+	0	0	0		14	0	82	0.0	79	0	337	0.0
CUFF_NC.2652	1	28157561	28159306	+	0	0	0		109	3	547	0.005484460694698354	438	4	2318	0.001725625539257981
CUFF_NC.2656	1	28170681	28171301	-	0	0	0		32	0	189	0.0	149	1	870	0.0011494252873563218
CUFF_NC.2657	1	28174085	28175346	-	0	0	0		112	2	492	0.0040650406504065045	296	3	1574	0.0019059720457433292
CUFF_NC.2654	1	28176173	28176628	-	0	0	0		18	0	109	0.0	115	0	615	0.0
CUFF_NC.2655	1	28186851	28187140	-	0	0	0		14	0	84	0.0	103	0	507	0.0
CUFF_NC.2660	1	28194083	28197464	+	0	0	0		223	2	1447	0.00138217000691085	904	9	5540	0.001624548736462094
CUFF_NC.2661	1	28200216	28200492	+	0	0	0		23	0	99	0.0	85	0	434	0.0
CUFF_NC.2662	1	28201332	28201944	+	0	0	0		45	0	251	0.0	177	2	947	0.0021119324181626186
CUFF_NC.2665	1	28219404	28220231	-	0	0	0		44	0	230	0.0	175	1	829	0.0012062726176115801
CUFF_NC.2659	1	28222839	28223656	+	0	0	0		62	0	410	0.0	217	2	1085	0.0018433179723502304
CUFF_NC.2664	1	28234029	28235713	-	0	0	0		115	1	645	0.0015503875968992248	438	2	2013	0.0009935419771485345
CUFF_NC.2663	1	28241372	28242717	-	0	0	0		66	1	285	0.0035087719298245615	349	4	1480	0.002702702702702703
CUFF_NC.2672	1	28252897	28257236	-	0	0	0		236	2	1238	0.0016155088852988692	1150	14	6271	0.002232498804018498
CUFF_NC.2668	1	28263981	28264863	-	0	0	0		61	1	401	0.0024937655860349127	194	2	1009	0.0019821605550049554
CUFF_NC.2667	1	28292024	28292795	-	0	0	0		67	2	322	0.006211180124223602	163	0	789	0.0
CUFF_NC.2669	1	28297914	28298284	-	0	0	0		18	1	70	0.014285714285714285	104	0	497	0.0
CUFF_NC.2670	1	28313330	28314083	-	0	0	0		51	0	248	0.0	169	2	740	0.002702702702702703
CUFF_NC.2671	1	28331890	28333215	+	0	0	0		47	12	267	0.0449438202247191	258	20	1451	0.013783597518952447
CUFF_NC.2674	1	28335352	28336772	-	0	0	0		59	0	280	0.0	391	3	2145	0.0013986013986013986
CUFF_NC.2676	1	28347071	28347582	+	0	0	0		42	1	229	0.004366812227074236	143	3	727	0.0041265474552957355
CUFF_NC.2673	1	28354187	28354692	+	0	0	0		19	0	74	0.0	108	0	470	0.0
CUFF_NC.2677	1	28362806	28367559	-	0	0	0		183	1	1052	0.0009505703422053232	1140	19	6481	0.002931646350871779
CUFF_NC.2675	1	28377464	28378052	-	0	0	0		26	0	117	0.0	172	2	923	0.0021668472372697724
CUFF_NC.2678	1	28395695	28396124	+	0	0	0		33	0	126	0.0	110	2	368	0.005434782608695652
CUFF_NC.2679	1	28404359	28405122	+	0	0	0		54	0	255	0.0	216	1	976	0.0010245901639344263
CUFF_NC.2680	1	28406179	28407107	+	0	0	0		76	0	466	0.0	219	1	1071	0.0009337068160597573
CUFF_NC.2683	1	28413995	28414873	-	0	0	0		65	1	390	0.002564102564102564	269	1	1294	0.0007727975270479134
CUFF_NC.2681	1	28428605	28429393	-	0	0	0		55	0	277	0.0	211	0	858	0.0
CUFF_NC.2682	1	28430220	28431001	-	0	0	0		81	1	350	0.002857142857142857	191	1	752	0.0013297872340425532
CUFF_NC.2685	1	28463543	28466991	+	0	0	0		235	3	1319	0.002274450341167551	916	9	5104	0.0017633228840125393
CUFF_NC.2686	1	28469423	28471232	-	0	0	0		60	119	340	0.35	429	192	2532	0.07582938388625593
CUFF_NC.2687	1	28469711	28470389	+	0	0	0		29	11	142	0.07746478873239436	198	52	867	0.05997693194925029
CUFF_NC.2684	1	28486455	28487293	-	0	0	0		34	0	195	0.0	216	0	1136	0.0
CUFF_NC.2692	1	28492510	28494327	-	0	0	0		77	1	436	0.0022935779816513763	414	6	2416	0.0024834437086092716
CUFF_NC.2690	1	28501448	28508641	-	0	0	0		304	14	1824	0.007675438596491228	1704	89	10598	0.008397810907718437
CUFF_NC.2691	1	28503778	28504403	-	0	0	0		30	1	182	0.005494505494505495	164	4	887	0.004509582863585118
CUFF_NC.2689	1	28517786	28519873	-	0	0	0		162	1	707	0.0014144271570014145	491	3	2102	0.0014272121788772598
CUFF_NC.2688	1	28520849	28521952	-	0	0	0		47	1	322	0.003105590062111801	232	5	1436	0.003481894150417827
CUFF_NC.2694	1	28524766	28525315	+	0	0	0		55	0	230	0.0	149	1	624	0.0016025641025641025
CUFF_NC.2693	1	28537630	28538575	-	0	0	0		51	2	260	0.007692307692307693	264	0	1185	0.0
CUFF_NC.2695	1	28541508	28542586	-	0	0	0		93	1	530	0.0018867924528301887	293	2	1539	0.001299545159194282
CUFF_NC.2698	1	28546152	28547651	-	0	0	0		73	1	347	0.002881844380403458	387	2	2002	0.000999000999000999
CUFF_NC.2696	1	28550390	28551935	+	0	0	0		100	1	545	0.001834862385321101	393	7	2093	0.0033444816053511705
CUFF_NC.2701	1	28575374	28575797	+	0	0	0		27	0	169	0.0	122	2	782	0.0025575447570332483
CUFF_NC.2699	1	28586868	28587767	+	0	0	0		65	1	410	0.0024390243902439024	212	2	967	0.002068252326783868
CUFF_NC.2700	1	28590057	28591497	-	0	0	0		91	0	449	0.0	374	2	1972	0.0010141987829614604
CUFF_NC.2702	1	28602959	28603685	+	0	0	0		47	2	216	0.009259259259259259	174	1	649	0.0015408320493066256
CUFF_NC.2703	1	28608337	28609252	+	0	0	0		34	0	187	0.0	250	0	1445	0.0
CUFF_NC.2705	1	28625913	28627212	-	0	0	0		71	2	445	0.0044943820224719105	394	1	2575	0.0003883495145631068
CUFF_NC.2704	1	28630390	28630806	+	0	0	0		19	1	115	0.008695652173913044	90	1	618	0.0016181229773462784
CUFF_NC.2706	1	28639179	28639701	-	0	0	0		26	2	160	0.0125	118	1	574	0.0017421602787456446
CUFF_NC.2707	1	28643911	28646858	+	0	0	0		159	1	944	0.001059322033898305	703	12	4299	0.0027913468248429866
CUFF_NC.2709	1	28650521	28651840	+	0	0	0		84	0	516	0.0	325	2	1906	0.001049317943336831
CUFF_NC.2710	1	28655101	28655623	-	0	0	0		25	0	193	0.0	127	0	941	0.0
CUFF_NC.2708	1	28668740	28669629	-	0	0	0		50	0	214	0.0	216	1	754	0.001326259946949602
CUFF_NC.2713	1	28695855	28696938	-	0	0	0		79	0	386	0.0	290	3	1211	0.002477291494632535
CUFF_NC.2711	1	28702773	28703486	-	0	0	0		13	19	47	0.40425531914893614	115	104	583	0.1783876500857633
CUFF_NC.2712	1	28705052	28706542	-	0	0	0		125	2	495	0.00404040404040404	441	3	1730	0.0017341040462427746
CUFF_NC.2717	1	28708440	28709024	+	0	0	0		41	1	268	0.0037313432835820895	150	0	834	0.0
CUFF_NC.2718	1	28716085	28719305	-	0	0	0		173	2	1072	0.0018656716417910447	891	9	5607	0.0016051364365971107
CUFF_NC.2721	1	28728044	28728810	-	0	0	0		58	0	266	0.0	167	1	631	0.001584786053882726
CUFF_NC.2714	1	28740622	28741847	-	0	0	0		84	0	474	0.0	323	6	1828	0.0032822757111597373
CUFF_NC.2716	1	28746693	28747567	-	0	0	0		70	1	358	0.002793296089385475	174	1	760	0.0013157894736842105
CUFF_NC.2715	1	28749893	28750312	+	0	0	0		7	12	26	0.46153846153846156	63	75	224	0.33482142857142855
CUFF_NC.2719	1	28750843	28751819	-	0	0	0		46	0	182	0.0	241	4	796	0.005025125628140704
CUFF_NC.2722	1	28769030	28773050	+	0	0	0		210	0	1300	0.0	1094	12	6506	0.0018444512757454657
CUFF_NC.2720	1	28775780	28776144	-	0	0	0		14	0	70	0.0	109	0	605	0.0
CUFF_NC.2724	1	28787824	28791547	+	0	0	0		156	12	868	0.013824884792626729	881	83	4818	0.017227065172270652
CUFF_NC.2725	1	28792053	28792631	+	0	0	0		27	0	169	0.0	158	0	1018	0.0
CUFF_NC.2728	1	28800045	28800675	+	0	0	0		30	2	178	0.011235955056179775	156	4	972	0.00411522633744856
CUFF_NC.2723	1	28807568	28810640	-	0	0	0		234	1	1420	0.0007042253521126761	859	10	5146	0.00194325689856199
CUFF_NC.2732	1	28820072	28821219	-	0	0	0		67	3	407	0.007371007371007371	318	2	1507	0.0013271400132714001
CUFF_NC.2729	1	28828642	28830053	-	0	0	0		79	3	351	0.008547008547008548	372	1	1524	0.0006561679790026247
CUFF_NC.2735	1	28830979	28832512	+	0	0	0		90	1	573	0.0017452006980802793	428	7	2603	0.002689204763734153
CUFF_NC.2736	1	28834394	28835163	+	0	0	0		59	0	295	0.0	183	1	752	0.0013297872340425532
CUFF_NC.2737	1	28835371	28836224	+	0	0	0		55	1	298	0.003355704697986577	225	0	771	0.0
CUFF_NC.2738	1	28842268	28845631	-	0	0	0		110	2	675	0.002962962962962963	712	6	4543	0.0013207131851199648
CUFF_NC.2733	1	28857310	28858648	-	0	0	0		75	1	402	0.0024875621890547263	384	2	1645	0.0012158054711246201
CUFF_NC.2730	1	28870375	28871103	-	0	0	0		14	12	43	0.27906976744186046	88	72	312	0.23076923076923078
CUFF_NC.2731	1	28870547	28871160	+	0	0	0		9	14	34	0.4117647058823529	48	65	259	0.25096525096525096
CUFF_NC.2734	1	28873119	28874999	+	0	0	0		76	0	402	0.0	545	1	2910	0.0003436426116838488
CUFF_NC.2740	1	28890589	28890853	-	0	0	0		16	0	92	0.0	70	1	475	0.002105263157894737
CUFF_NC.2741	1	28892038	28893472	-	0	0	0		96	1	541	0.0018484288354898336	392	4	1753	0.0022818026240730175
CUFF_NC.2743	1	28903791	28904224	+	0	0	0		31	0	139	0.0	122	0	626	0.0
CUFF_NC.2744	1	28908234	28909050	-	0	0	0		69	2	348	0.005747126436781609	274	2	1334	0.0014992503748125937
CUFF_NC.2742	1	28919095	28919653	+	0	0	0		24	0	106	0.0	127	1	544	0.001838235294117647
CUFF_NC.2749	1	28932122	28932483	-	0	0	0		15	1	46	0.021739130434782608	85	1	266	0.0037593984962406013
CUFF_NC.2750	1	28933791	28937840	-	0	0	0		219	21	1233	0.0170316301703163	977	82	5576	0.014705882352941176
CUFF_NC.2747	1	28944944	28946848	+	0	0	0		130	3	790	0.0037974683544303796	498	5	3204	0.001560549313358302
CUFF_NC.2748	1	28947704	28948670	+	0	0	0		62	3	284	0.01056338028169014	302	4	1255	0.0031872509960159364
CUFF_NC.2752	1	28955680	28960073	-	0	0	0		190	5	1139	0.004389815627743635	1078	9	6732	0.001336898395721925
CUFF_NC.2745	1	28961174	28961666	+	0	0	0		27	0	91	0.0	143	2	735	0.0027210884353741495
CUFF_NC.2746	1	28972692	28973698	-	0	0	0		63	1	364	0.0027472527472527475	274	1	1721	0.0005810575246949448
CUFF_NC.2751	1	29009522	29011067	+	0	0	0		128	1	691	0.001447178002894356	415	0	2203	0.0
CUFF_NC.2753	1	29035238	29035904	-	0	0	0		34	0	170	0.0	140	3	823	0.0036452004860267314
CUFF_NC.2757	1	29063503	29063981	+	0	0	0		26	0	125	0.0	144	1	642	0.001557632398753894
CUFF_NC.2754	1	29080925	29081484	+	0	0	0		25	1	157	0.006369426751592357	146	3	811	0.0036991368680641184
CUFF_NC.2755	1	29085598	29086885	-	0	0	0		67	1	352	0.002840909090909091	341	5	1890	0.0026455026455026454
CUFF_NC.2756	1	29095291	29095653	-	0	0	0		21	1	167	0.005988023952095809	105	0	900	0.0
CUFF_NC.2758	1	29144768	29145823	+	0	0	0		70	1	519	0.0019267822736030828	301	8	1595	0.005015673981191223
CUFF_NC.2760	1	29182716	29183650	+	0	0	0		49	1	294	0.003401360544217687	243	1	1535	0.0006514657980456026
CUFF_NC.2759	1	29183759	29184161	+	0	0	0		8	0	45	0.0	117	2	808	0.0024752475247524753
CUFF_NC.2764	1	29188976	29190244	+	0	0	0		96	4	431	0.009280742459396751	364	5	1833	0.002727768685215494
CUFF_NC.2765	1	29190656	29191745	+	0	0	0		51	0	315	0.0	275	3	1562	0.0019206145966709346
CUFF_NC.2761	1	29197737	29198390	+	0	0	0		18	0	78	0.0	114	0	584	0.0
CUFF_NC.2762	1	29201269	29202109	+	0	0	0		29	0	128	0.0	234	3	1208	0.0024834437086092716
CUFF_NC.2766	1	29205112	29205570	-	0	0	0		34	1	233	0.004291845493562232	110	1	763	0.001310615989515072
CUFF_NC.2767	1	29206017	29210213	-	0	0	0		175	13	950	0.01368421052631579	860	35	4420	0.007918552036199095
CUFF_NC.2763	1	29212962	29215259	-	0	0	0		120	2	832	0.002403846153846154	575	10	3580	0.002793296089385475
CUFF_NC.2770	1	29236084	29236831	+	0	0	0		44	1	217	0.004608294930875576	208	0	886	0.0
CUFF_NC.2771	1	29238421	29239629	+	0	0	0		82	1	369	0.0027100271002710027	264	4	1046	0.0038240917782026767
CUFF_NC.2768	1	29242555	29242923	+	0	0	0		11	0	69	0.0	83	1	512	0.001953125
CUFF_NC.2769	1	29250707	29251861	+	0	0	0		89	0	462	0.0	259	2	1390	0.0014388489208633094
CUFF_NC.2803	1	29253545	29254421	-	0	0	0		43	0	218	0.0	251	3	1193	0.002514668901927913
CUFF_NC.2804	1	29259172	29259939	-	0	0	0		68	1	387	0.002583979328165375	207	3	1222	0.0024549918166939444
CUFF_NC.2802	1	29260981	29261555	+	0	0	0		39	0	237	0.0	179	3	1061	0.002827521206409048
CUFF_NC.2773	1	29269426	29270435	-	0	0	0		66	0	321	0.0	304	3	1419	0.0021141649048625794
CUFF_NC.2772	1	29277208	29278626	+	0	0	0		63	0	289	0.0	344	2	1373	0.0014566642388929353
CUFF_NC.2774	1	29286528	29287519	+	0	0	0		44	2	210	0.009523809523809525	265	3	1293	0.002320185614849188
CUFF_NC.2775	1	29290089	29290745	-	0	0	0		30	0	165	0.0	168	2	889	0.0022497187851518562
CUFF_NC.2787	1	29294577	29295187	-	0	0	0		53	0	273	0.0	169	3	943	0.003181336161187699
CUFF_NC.2776	1	29304659	29305207	+	0	0	0		30	2	369	0.005420054200542005	152	2	1770	0.0011299435028248588
CUFF_NC.2778	1	29320720	29321328	+	0	0	0		29	27	158	0.17088607594936708	133	5	646	0.007739938080495356
CUFF_NC.2779	1	29322410	29323358	+	0	0	0		51	0	274	0.0	264	8	1422	0.005625879043600563
CUFF_NC.2781	1	29327283	29333215	-	0	0	0		284	3	1641	0.0018281535648994515	1492	9	8500	0.0010588235294117646
CUFF_NC.2777	1	29335781	29336250	-	0	0	0		50	1	215	0.004651162790697674	130	3	519	0.005780346820809248
CUFF_NC.2780	1	29340851	29341480	+	0	0	0		13	0	77	0.0	148	3	740	0.004054054054054054
CUFF_NC.2784	1	29344274	29345115	-	0	0	0		44	5	239	0.02092050209205021	212	10	1125	0.008888888888888889
CUFF_NC.2783	1	29364560	29365936	-	0	0	0		113	0	567	0.0	302	5	1278	0.003912363067292645
CUFF_NC.2786	1	29387607	29389018	-	0	0	0		112	0	424	0.0	331	1	1294	0.0007727975270479134
CUFF_NC.2785	1	29391745	29393064	-	0	0	0		93	1	484	0.002066115702479339	328	2	1351	0.0014803849000740192
CUFF_NC.2788	1	29408073	29409164	-	0	0	0		58	1	321	0.003115264797507788	284	3	1515	0.0019801980198019802
CUFF_NC.2789	1	29414437	29415255	-	0	0	0		45	0	297	0.0	233	5	1524	0.0032808398950131233
CUFF_NC.2792	1	29415576	29415897	-	0	0	0		18	0	71	0.0	83	0	267	0.0
CUFF_NC.2793	1	29416104	29417292	-	0	0	0		96	1	508	0.001968503937007874	314	2	1404	0.0014245014245014246
CUFF_NC.2794	1	29419487	29420000	-	0	0	0		10	0	54	0.0	135	2	1090	0.001834862385321101
CUFF_NC.2791	1	29423491	29424642	+	0	0	0		48	0	269	0.0	263	4	1629	0.0024554941682013503
CUFF_NC.2795	1	29427801	29428566	+	0	0	0		56	1	284	0.0035211267605633804	196	4	966	0.004140786749482402
CUFF_NC.2796	1	29427944	29428869	-	0	0	0		53	1	245	0.004081632653061225	223	4	1086	0.003683241252302026
CUFF_NC.2797	1	29428187	29428439	-	0	0	0		22	1	99	0.010101010101010102	64	1	252	0.003968253968253968
CUFF_NC.2798	1	29435760	29436285	+	0	0	0		29	0	103	0.0	105	1	407	0.002457002457002457
CUFF_NC.2817	1	29458789	29459145	+	0	0	0		20	0	119	0.0	89	0	410	0.0
CUFF_NC.2790	1	29460160	29461512	-	0	0	0		13	0	51	0.0	160	2	785	0.0025477707006369425
CUFF_NC.2800	1	29480359	29481494	-	0	0	0		0	0	0		11	0	13	0.0
CUFF_NC.2801	1	29480889	29481478	+	0	0	0		0	0	0		8	0	8	0.0
CUFF_NC.2808	1	29484342	29487010	+	0	0	0		139	0	630	0.0	622	10	2837	0.0035248501938667607
CUFF_NC.2805	1	29491895	29492297	+	0	0	0		42	0	238	0.0	94	0	473	0.0
CUFF_NC.2807	1	29502431	29503136	-	0	0	0		34	0	97	0.0	150	1	549	0.0018214936247723133
CUFF_NC.2809	1	29506980	29507295	-	0	0	0		28	0	164	0.0	100	3	460	0.006521739130434782
CUFF_NC.2806	1	29509626	29510723	-	0	0	0		99	0	499	0.0	284	1	1300	0.0007692307692307692
CUFF_NC.2810	1	29516478	29518127	+	0	0	0		81	0	383	0.0	304	4	1302	0.0030721966205837174
CUFF_NC.2811	1	29521532	29521938	-	0	0	0		11	0	78	0.0	107	0	699	0.0
CUFF_NC.2815	1	29529625	29530493	-	0	0	0		43	0	165	0.0	245	4	952	0.004201680672268907
CUFF_NC.2812	1	29537964	29538314	+	0	0	0		9	0	45	0.0	98	1	562	0.0017793594306049821
CUFF_NC.2818	1	29541354	29541766	+	0	0	0		30	2	224	0.008928571428571428	113	1	612	0.0016339869281045752
CUFF_NC.2813	1	29565667	29566094	-	0	0	0		57	1	361	0.002770083102493075	100	1	622	0.001607717041800643
CUFF_NC.2814	1	29573209	29573612	+	0	0	0		11	0	93	0.0	108	3	791	0.0037926675094816687
CUFF_NC.2816	1	29579339	29580836	+	0	0	0		93	2	532	0.0037593984962406013	412	1	2228	0.0004488330341113106
CUFF_NC.2819	1	29587048	29590756	-	0	0	0		159	44	999	0.044044044044044044	827	41	4930	0.008316430020283976
CUFF_NC.2823	1	29597722	29598861	-	0	0	0		85	0	554	0.0	285	2	1918	0.0010427528675703858
CUFF_NC.2821	1	29607807	29608356	+	0	0	0		33	0	165	0.0	156	1	1055	0.0009478672985781991
CUFF_NC.2820	1	29611329	29612627	+	0	0	0		20	0	87	0.0	128	7	501	0.013972055888223553
CUFF_NC.2840	1	29624632	29625543	+	0	0	0		31	1	124	0.008064516129032258	183	2	823	0.002430133657351154
CUFF_NC.2841	1	29625758	29626847	+	0	0	0		84	1	449	0.0022271714922048997	298	2	1557	0.0012845215157353885
CUFF_NC.2825	1	29634417	29647470	+	0	0	0		638	2	3386	0.0005906674542232723	3026	33	16518	0.0019978205593897567
CUFF_NC.2824	1	29679936	29680265	+	0	0	0		15	0	124	0.0	103	0	638	0.0
CUFF_NC.2822	1	29684292	29684836	+	0	0	0		24	1	152	0.006578947368421052	136	3	941	0.003188097768331562
CUFF_NC.2835	1	29694088	29694839	+	0	0	0		30	0	230	0.0	196	2	1476	0.0013550135501355014
CUFF_NC.2827	1	29696416	29696925	-	0	0	0		24	1	178	0.0056179775280898875	138	3	970	0.003092783505154639
CUFF_NC.2836	1	29703715	29704202	-	0	0	0		11	0	28	0.0	124	0	695	0.0
CUFF_NC.2853	1	29714425	29715029	+	0	0	0		46	1	199	0.005025125628140704	181	2	746	0.002680965147453083
CUFF_NC.2829	1	29744920	29745384	+	0	0	0		22	1	151	0.006622516556291391	126	2	828	0.0024154589371980675
CUFF_NC.2828	1	29745890	29746855	+	0	0	0		38	0	208	0.0	243	4	1328	0.0030120481927710845
CUFF_NC.2833	1	29758880	29760698	-	0	0	0		78	1	363	0.0027548209366391185	408	2	1829	0.0010934937124111536
CUFF_NC.2831	1	29763120	29767093	+	0	0	0		144	2	778	0.002570694087403599	1021	10	5621	0.001779042874933286
CUFF_NC.2832	1	29767319	29768282	+	0	0	0		57	3	330	0.00909090909090909	294	0	1554	0.0
CUFF_NC.2830	1	29770110	29770513	+	0	0	0		9	35	62	0.5645161290322581	101	19	654	0.0290519877675841
CUFF_NC.2834	1	29779636	29780944	+	0	0	0		77	1	335	0.0029850746268656717	288	3	1314	0.00228310502283105
CUFF_NC.2837	1	29786960	29787572	-	0	0	0		47	0	303	0.0	172	3	1146	0.002617801047120419
CUFF_NC.2848	1	29792945	29793724	-	0	0	0		66	2	331	0.006042296072507553	188	2	898	0.0022271714922048997
CUFF_NC.2838	1	29810434	29811035	+	0	0	0		40	0	205	0.0	143	0	651	0.0
CUFF_NC.2839	1	29811597	29812258	+	0	0	0		41	12	214	0.056074766355140186	197	3	948	0.0031645569620253164
CUFF_NC.2851	1	29817480	29818069	-	0	0	0		41	0	225	0.0	173	5	1008	0.00496031746031746
CUFF_NC.2842	1	29841593	29842320	+	0	0	0		24	0	103	0.0	161	1	703	0.001422475106685633
CUFF_NC.2846	1	29868323	29869777	+	0	0	0		89	0	503	0.0	392	2	2271	0.0008806693086745927
CUFF_NC.2843	1	29872235	29872954	-	0	0	0		42	1	146	0.00684931506849315	182	1	840	0.0011904761904761906
CUFF_NC.2844	1	29873556	29874008	-	0	0	0		38	1	169	0.005917159763313609	101	0	362	0.0
CUFF_NC.2845	1	29877433	29878016	+	0	0	0		30	0	196	0.0	175	0	1010	0.0
CUFF_NC.2847	1	29882712	29883510	+	0	0	0		43	2	292	0.00684931506849315	238	4	1530	0.00261437908496732
CUFF_NC.2854	1	29902034	29903292	-	0	0	0		96	1	502	0.00199203187250996	353	3	1842	0.0016286644951140066
CUFF_NC.2849	1	29910436	29911168	-	0	0	0		24	0	99	0.0	90	1	346	0.002890173410404624
CUFF_NC.2850	1	29915548	29918554	+	0	0	0		196	5	1025	0.004878048780487805	870	11	4922	0.0022348638764729785
CUFF_NC.2855	1	29931133	29931654	-	0	0	0		42	2	239	0.008368200836820083	141	5	889	0.00562429696287964
CUFF_NC.2852	1	29939985	29940449	+	0	0	0		6	0	21	0.0	110	0	447	0.0
CUFF_NC.2856	1	29956780	29957477	+	0	0	0		47	0	217	0.0	162	3	886	0.003386004514672686
CUFF_NC.2857	1	29957584	29960756	+	0	0	0		259	1	1568	0.0006377551020408163	884	11	5022	0.002190362405416169
CUFF_NC.2859	1	29972187	29972729	+	0	0	0		30	2	173	0.011560693641618497	154	2	823	0.002430133657351154
CUFF_NC.2863	1	29993124	29994019	+	0	0	0		52	2	268	0.007462686567164179	198	1	992	0.0010080645161290322
CUFF_NC.2860	1	30000809	30001147	+	0	0	0		19	0	94	0.0	118	1	572	0.0017482517482517483
CUFF_NC.2861	1	30003230	30003974	+	0	0	0		55	0	242	0.0	235	2	928	0.0021551724137931034
CUFF_NC.2862	1	30004422	30004971	+	0	0	0		52	0	322	0.0	176	4	908	0.004405286343612335
CUFF_NC.2858	1	30011852	30012481	-	0	0	0		36	0	250	0.0	194	3	1229	0.0024410089503661514
CUFF_NC.2869	1	30023295	30023660	+	0	0	0		26	0	185	0.0	108	2	777	0.002574002574002574
CUFF_NC.2870	1	30032144	30032554	+	0	0	0		43	0	272	0.0	112	1	692	0.001445086705202312
CUFF_NC.2864	1	30042047	30042831	+	0	0	0		63	0	292	0.0	211	2	993	0.002014098690835851
CUFF_NC.2868	1	30044760	30045813	-	0	0	0		79	0	379	0.0	320	3	1611	0.00186219739292365
CUFF_NC.2867	1	30056026	30056432	-	0	0	0		42	1	273	0.003663003663003663	114	0	788	0.0
CUFF_NC.2875	1	30072562	30074598	-	0	0	0		144	0	587	0.0	609	4	2366	0.0016906170752324597
CUFF_NC.2865	1	30082601	30083810	-	0	0	0		73	0	368	0.0	398	7	1891	0.0037017451084082496
CUFF_NC.2866	1	30098153	30099804	-	0	0	0		142	0	687	0.0	545	2	2633	0.0007595898214963919
CUFF_NC.2873	1	30105243	30108083	+	0	0	0		216	6	1344	0.004464285714285714	803	10	5041	0.0019837333862328904
CUFF_NC.2874	1	30115934	30116512	+	0	0	0		44	0	255	0.0	165	1	1131	0.0008841732979664014
CUFF_NC.2871	1	30129024	30129587	+	0	0	0		58	0	208	0.0	137	1	483	0.002070393374741201
CUFF_NC.2872	1	30141900	30142695	+	0	0	0		68	0	390	0.0	219	5	1179	0.004240882103477523
CUFF_NC.2876	1	30145385	30145878	-	0	0	0		36	1	272	0.003676470588235294	117	1	824	0.0012135922330097086
CUFF_NC.2877	1	30150884	30151289	-	0	0	0		28	1	174	0.005747126436781609	99	1	570	0.0017543859649122807
CUFF_NC.2881	1	30154831	30155262	+	0	0	0		30	1	208	0.004807692307692308	135	1	816	0.0012254901960784314
CUFF_NC.2878	1	30156516	30157968	+	0	0	0		114	2	526	0.0038022813688212928	328	4	1428	0.0028011204481792717
CUFF_NC.2882	1	30174886	30175244	-	0	0	0		26	0	166	0.0	103	2	606	0.0033003300330033004
CUFF_NC.2883	1	30188210	30189631	-	0	0	0		103	0	526	0.0	405	1	1883	0.0005310674455655868
CUFF_NC.2884	1	30201797	30202500	+	0	0	0		40	1	166	0.006024096385542169	193	1	876	0.001141552511415525
CUFF_NC.2887	1	30210172	30210856	+	0	0	0		38	1	181	0.0055248618784530384	209	1	940	0.0010638297872340426
CUFF_NC.2889	1	30214625	30216661	-	0	0	0		149	1	773	0.00129366106080207	590	6	3019	0.001987413050679033
CUFF_NC.2890	1	30217309	30217720	-	0	0	0		11	0	39	0.0	97	1	349	0.0028653295128939827
CUFF_NC.2891	1	30226860	30227370	-	0	0	0		43	0	250	0.0	150	2	944	0.00211864406779661
CUFF_NC.2888	1	30228004	30228447	+	0	0	0		38	1	190	0.005263157894736842	123	0	622	0.0
CUFF_NC.2886	1	30241577	30242387	-	0	0	0		69	0	241	0.0	210	1	768	0.0013020833333333333
CUFF_NC.2885	1	30244077	30244985	+	0	0	0		51	0	241	0.0	241	1	1221	0.000819000819000819
CUFF_NC.2892	1	30276594	30277157	-	0	0	0		35	0	211	0.0	171	0	724	0.0
CUFF_NC.2894	1	30283947	30284707	+	0	0	0		30	0	172	0.0	159	0	968	0.0
CUFF_NC.2895	1	30285184	30286076	+	0	0	0		45	0	234	0.0	279	0	1178	0.0
CUFF_NC.2893	1	30293482	30294150	-	0	0	0		32	0	81	0.0	84	0	212	0.0
CUFF_NC.2896	1	30303082	30304384	+	0	0	0		70	1	268	0.0037313432835820895	346	3	1413	0.0021231422505307855
CUFF_NC.2898	1	30305448	30306440	-	0	0	0		89	0	517	0.0	254	6	1224	0.004901960784313725
CUFF_NC.2897	1	30308967	30309503	+	0	0	0		24	0	163	0.0	172	2	1081	0.0018501387604070306
CUFF_NC.2901	1	30313235	30314399	-	0	0	0		71	1	363	0.0027548209366391185	290	2	1510	0.0013245033112582781
CUFF_NC.2900	1	30329181	30329840	+	0	0	0		37	0	185	0.0	177	0	840	0.0
CUFF_NC.2904	1	30348840	30349238	-	0	0	0		34	0	159	0.0	91	0	397	0.0
CUFF_NC.2905	1	30354280	30355207	-	0	0	0		24	0	93	0.0	174	0	731	0.0
CUFF_NC.2908	1	30360884	30361419	-	0	0	0		48	3	244	0.012295081967213115	150	1	665	0.0015037593984962407
CUFF_NC.2906	1	30365980	30366700	-	0	0	0		34	2	233	0.008583690987124463	206	2	1573	0.0012714558169103624
CUFF_NC.2907	1	30366905	30367432	-	0	0	0		41	1	243	0.00411522633744856	155	5	939	0.005324813631522897
CUFF_NC.2902	1	30392157	30392567	-	0	0	0		30	0	206	0.0	103	2	704	0.002840909090909091
CUFF_NC.2903	1	30393170	30394054	-	0	0	0		53	0	322	0.0	249	0	1047	0.0
CUFF_NC.2909	1	30405592	30406292	+	0	0	0		64	1	382	0.002617801047120419	180	0	939	0.0
CUFF_NC.2910	1	30406858	30407237	+	0	0	0		36	0	248	0.0	93	2	512	0.00390625
CUFF_NC.2911	1	30408270	30409620	+	0	0	0		78	1	413	0.002421307506053269	354	5	1338	0.0037369207772795215
CUFF_NC.2917	1	30410059	30412006	-	0	0	0		102	0	540	0.0	409	3	2107	0.0014238253440911248
CUFF_NC.2933	2	1076	2009	-	0	0	0		59	100	2888	0.03462603878116344	161	275	7470	0.03681392235609103
CUFF_NC.2934	2	2111	3715	-	0	0	0		53	14	2655	0.005273069679849341	254	36	12997	0.0027698699699930753
CUFF_NC.2913	2	31867	33128	-	0	0	0		2	2	4	0.5	13	0	26	0.0
CUFF_NC.2912	2	40809	41439	-	0	0	0		5	3	5	0.6	8	1	8	0.125
CUFF_NC.2922	2	42154	43674	+	0	0	0		5	0	5	0.0	20	0	20	0.0
CUFF_NC.2923	2	49886	53611	+	0	0	0		57	160	311	0.5144694533762058	138	90	750	0.12
CUFF_NC.2924	2	50414	57103	+	0	0	0		140	253	791	0.3198482932996207	364	240	2820	0.0851063829787234
CUFF_NC.2915	2	82203	83149	-	0	0	0		64	1	401	0.0024937655860349127	260	0	1248	0.0
CUFF_NC.2930	2	89744	90299	+	0	0	0		57	1	316	0.0031645569620253164	148	2	801	0.0024968789013732834
CUFF_NC.2931	2	100455	101535	-	0	0	0		64	1	295	0.003389830508474576	280	3	1195	0.002510460251046025
CUFF_NC.2916	2	107816	108258	+	0	0	0		29	0	116	0.0	147	1	545	0.001834862385321101
CUFF_NC.2918	2	110276	111263	-	0	0	0		23	0	133	0.0	236	2	1303	0.0015349194167306216
CUFF_NC.2919	2	114842	116259	-	0	0	0		127	1	421	0.0023752969121140144	315	0	948	0.0
CUFF_NC.2920	2	118558	118977	-	0	0	0		34	0	182	0.0	131	0	572	0.0
CUFF_NC.2921	2	151168	151953	+	0	0	0		35	0	164	0.0	154	1	673	0.0014858841010401188
CUFF_NC.2926	2	154693	155189	+	0	0	0		47	1	190	0.005263157894736842	132	2	483	0.004140786749482402
CUFF_NC.2927	2	157755	158189	+	0	0	0		43	0	154	0.0	118	0	462	0.0
CUFF_NC.2928	2	158504	159080	+	0	0	0		54	0	285	0.0	173	1	969	0.0010319917440660474
CUFF_NC.2929	2	172283	172913	-	0	0	0		43	0	213	0.0	208	0	810	0.0
CUFF_NC.2932	2	181297	183849	+	0	0	0		159	4	740	0.005405405405405406	643	12	2725	0.004403669724770643
CUFF_NC.2925	2	183939	184734	+	0	0	0		60	291	381	0.7637795275590551	199	235	1217	0.19309778142974526
CUFF_NC.2937	2	202912	203565	+	0	0	0		21	0	63	0.0	87	0	243	0.0
CUFF_NC.2936	2	228639	229889	+	0	0	0		69	0	364	0.0	335	3	1666	0.001800720288115246
CUFF_NC.2935	2	235899	240451	-	0	0	0		167	82	933	0.08788853161843516	1179	105	6583	0.015950174692389487
CUFF_NC.2941	2	255392	260732	+	0	0	0		227	1	1107	0.0009033423667570009	906	10	4577	0.002184837229626393
CUFF_NC.2938	2	261705	263189	-	0	0	0		41	1	218	0.0045871559633027525	289	6	1695	0.0035398230088495575
CUFF_NC.2939	2	265241	265933	+	0	0	0		44	1	192	0.005208333333333333	204	3	790	0.0037974683544303796
CUFF_NC.2944	2	267253	267772	-	0	0	0		23	2	94	0.02127659574468085	146	2	617	0.0032414910858995136
CUFF_NC.2943	2	272492	273369	-	0	0	0		42	0	190	0.0	213	4	873	0.004581901489117984
CUFF_NC.2940	2	273920	275095	+	0	0	0		62	1	271	0.0036900369003690036	276	3	1107	0.0027100271002710027
CUFF_NC.2942	2	285430	285832	+	0	0	0		16	0	101	0.0	115	4	560	0.007142857142857143
CUFF_NC.2945	2	291784	292642	+	0	0	0		69	0	274	0.0	212	1	749	0.0013351134846461949
CUFF_NC.2946	2	322591	323818	-	0	0	0		101	1	641	0.0015600624024961	355	3	2275	0.0013186813186813187
CUFF_NC.2950	2	336106	336717	+	0	0	0		25	0	94	0.0	106	2	539	0.0037105751391465678
CUFF_NC.2947	2	383335	383944	+	0	0	0		47	0	268	0.0	131	2	716	0.002793296089385475
CUFF_NC.2948	2	386437	387284	-	0	0	0		48	0	183	0.0	230	2	853	0.0023446658851113715
CUFF_NC.2949	2	406635	407193	-	0	0	0		20	1	104	0.009615384615384616	149	0	735	0.0
CUFF_NC.2953	2	416633	417127	-	0	0	0		16	0	37	0.0	53	0	136	0.0
CUFF_NC.2952	2	433982	434856	-	0	0	0		42	0	220	0.0	217	2	1252	0.001597444089456869
CUFF_NC.2954	2	439104	439549	-	0	0	0		24	1	118	0.00847457627118644	99	0	538	0.0
CUFF_NC.2955	2	448112	448565	-	0	0	0		13	34	75	0.4533333333333333	122	55	621	0.08856682769726248
CUFF_NC.2957	2	469532	474844	+	0	0	0		227	31	1116	0.027777777777777776	1184	110	6465	0.017014694508894045
CUFF_NC.2958	2	470343	475434	+	0	0	0		220	31	1090	0.028440366972477066	1131	110	6307	0.017440938639606787
CUFF_NC.2956	2	484074	484602	+	0	0	0		19	0	114	0.0	148	3	998	0.003006012024048096
CUFF_NC.2959	2	505356	509245	-	0	0	0		201	0	1036	0.0	1027	15	5405	0.0027752081406105457
CUFF_NC.2964	2	520196	520875	+	0	0	0		29	1	169	0.005917159763313609	174	1	1133	0.00088261253309797
CUFF_NC.2965	2	521313	521929	+	0	0	0		16	1	74	0.013513513513513514	162	3	809	0.003708281829419036
CUFF_NC.2960	2	526046	526619	-	0	0	0		36	0	166	0.0	127	1	571	0.0017513134851138354
CUFF_NC.2961	2	544002	544459	-	0	0	0		5	1	34	0.029411764705882353	57	1	388	0.002577319587628866
CUFF_NC.2962	2	553173	554831	+	0	0	0		119	4	620	0.0064516129032258064	496	3	2009	0.0014932802389248383
CUFF_NC.2963	2	564957	566114	+	0	0	0		41	0	313	0.0	235	1	1407	0.0007107320540156361
CUFF_NC.2967	2	586513	586989	+	0	0	0		33	0	163	0.0	128	1	603	0.001658374792703151
CUFF_NC.2966	2	590284	591063	+	0	0	0		46	1	356	0.0028089887640449437	228	1	1140	0.0008771929824561404
CUFF_NC.2968	2	603491	604171	-	0	0	0		9	0	25	0.0	52	0	175	0.0
CUFF_NC.2977	2	631741	632551	+	0	0	0		63	0	283	0.0	194	2	854	0.00234192037470726
CUFF_NC.2969	2	639027	639445	-	0	0	0		33	94	182	0.5164835164835165	100	14	517	0.027079303675048357
CUFF_NC.2971	2	653890	654803	-	0	0	0		53	0	228	0.0	249	3	1050	0.002857142857142857
CUFF_NC.2972	2	662625	663459	-	0	0	0		70	1	392	0.002551020408163265	226	1	1111	0.0009000900090009
CUFF_NC.2970	2	675269	675718	-	0	0	0		22	0	140	0.0	110	2	612	0.0032679738562091504
CUFF_NC.2973	2	687298	687781	-	0	0	0		16	1	96	0.010416666666666666	120	2	639	0.003129890453834116
CUFF_NC.2975	2	708838	709401	-	0	0	0		7	6	14	0.42857142857142855	48	42	124	0.3387096774193548
CUFF_NC.2976	2	711583	712307	-	0	0	0		12	1	79	0.012658227848101266	113	1	653	0.0015313935681470138
CUFF_NC.2979	2	735577	736544	-	0	0	0		64	1	275	0.0036363636363636364	262	2	1033	0.001936108422071636
CUFF_NC.2980	2	756338	758349	-	0	0	0		88	1	462	0.0021645021645021645	625	3	3558	0.0008431703204047217
CUFF_NC.2981	2	760119	760832	+	0	0	0		41	2	232	0.008620689655172414	174	1	981	0.0010193679918450561
CUFF_NC.2982	2	783339	783880	+	0	0	0		48	2	305	0.006557377049180328	152	1	911	0.0010976948408342481
CUFF_NC.2983	2	788683	788976	-	0	0	0		10	0	47	0.0	84	2	360	0.005555555555555556
CUFF_NC.2984	2	803655	807991	+	0	0	0		222	0	1283	0.0	1192	20	6596	0.0030321406913280777
CUFF_NC.2985	2	818835	819273	-	0	0	0		17	25	82	0.3048780487804878	97	8	423	0.018912529550827423
CUFF_NC.2986	2	821687	823083	-	0	0	0		65	187	359	0.520891364902507	351	175	2036	0.08595284872298625
CUFF_NC.2988	2	831955	832547	+	0	0	0		34	0	138	0.0	137	0	574	0.0
CUFF_NC.2987	2	843862	844497	+	0	0	0		21	0	169	0.0	181	2	1199	0.0016680567139282735
CUFF_NC.2990	2	860008	860710	-	0	0	0		43	0	241	0.0	207	5	1162	0.004302925989672977
CUFF_NC.2991	2	862338	863851	+	0	0	0		129	2	678	0.0029498525073746312	393	5	2137	0.002339728591483388
CUFF_NC.2989	2	870740	871212	+	0	0	0		12	51	96	0.53125	111	24	751	0.03195739014647137
CUFF_NC.2997	2	884053	886532	+	0	0	0		34	4	211	0.018957345971563982	179	4	1101	0.0036330608537693005
CUFF_NC.2994	2	895598	896455	+	0	0	0		8	3	17	0.17647058823529413	13	0	26	0.0
CUFF_NC.2995	2	904599	905033	+	0	0	0		6	29	50	0.58	122	181	1029	0.17589893100097181
CUFF_NC.2996	2	925233	925804	-	0	0	0		6	9	24	0.375	68	11	262	0.04198473282442748
CUFF_NC.2998	2	934808	935467	-	0	0	0		20	0	31	0.0	87	0	133	0.0
CUFF_NC.2999	2	956546	957331	-	0	0	0		70	0	359	0.0	221	0	921	0.0
CUFF_NC.3000	2	966784	967653	+	0	0	0		56	1	307	0.003257328990228013	251	1	1373	0.0007283321194464676
CUFF_NC.3001	2	968183	969732	+	0	0	0		104	3	610	0.004918032786885246	446	7	2586	0.0027068832173240526
CUFF_NC.3002	2	971677	972522	+	0	0	0		44	0	256	0.0	186	1	1110	0.0009009009009009009
CUFF_NC.3004	2	974141	974656	+	0	0	0		44	0	208	0.0	141	1	721	0.0013869625520110957
CUFF_NC.3005	2	976807	977414	+	0	0	0		39	1	205	0.004878048780487805	151	3	734	0.004087193460490463
CUFF_NC.3003	2	982960	983590	+	0	0	0		18	1	137	0.0072992700729927005	173	0	1207	0.0
CUFF_NC.3007	2	1013080	1014132	-	0	0	0		42	0	231	0.0	296	2	1385	0.001444043321299639
CUFF_NC.3006	2	1016406	1017105	+	0	0	0		61	1	267	0.003745318352059925	169	3	922	0.0032537960954446853
CUFF_NC.3010	2	1044030	1045042	+	0	0	0		56	0	330	0.0	284	3	1451	0.002067539627842867
CUFF_NC.3009	2	1064069	1065065	-	0	0	0		58	0	271	0.0	264	1	1160	0.0008620689655172414
CUFF_NC.3012	2	1068013	1070939	-	0	0	0		180	1	1014	0.0009861932938856016	788	7	4190	0.0016706443914081145
CUFF_NC.3008	2	1076232	1076639	+	0	0	0		0	0	0		99	57	763	0.07470511140235911
CUFF_NC.3011	2	1076786	1078204	-	0	0	0		66	3	388	0.007731958762886598	356	3	1905	0.0015748031496062992
CUFF_NC.3013	2	1129264	1129608	-	0	0	0		13	0	84	0.0	112	1	627	0.001594896331738437
CUFF_NC.3015	2	1135028	1135545	-	0	0	0		30	32	130	0.24615384615384617	142	32	639	0.050078247261345854
CUFF_NC.3014	2	1135811	1136472	-	0	0	0		26	0	141	0.0	145	2	853	0.0023446658851113715
CUFF_NC.3019	2	1147864	1152099	+	0	0	0		150	1	965	0.0010362694300518134	1276	12	7243	0.0016567720557779926
CUFF_NC.3018	2	1156903	1157240	-	0	0	0		21	0	92	0.0	78	0	324	0.0
CUFF_NC.3020	2	1162911	1164298	-	0	0	0		120	2	761	0.002628120893561104	387	5	2192	0.002281021897810219
CUFF_NC.3017	2	1165358	1165816	+	0	0	0		45	1	245	0.004081632653061225	138	1	710	0.0014084507042253522
CUFF_NC.3021	2	1199000	1199416	+	0	0	0		9	19	34	0.5588235294117647	44	16	140	0.11428571428571428
CUFF_NC.3022	2	1199476	1200889	+	0	0	0		26	34	111	0.3063063063063063	179	52	844	0.061611374407582936
CUFF_NC.3023	2	1201184	1202003	+	0	0	0		23	46	100	0.46	154	32	577	0.05545927209705372
CUFF_NC.3027	2	1235387	1235666	+	0	0	0		9	0	16	0.0	43	0	90	0.0
CUFF_NC.3025	2	1236586	1237918	+	0	0	0		5	2	5	0.4	14	1	14	0.07142857142857142
CUFF_NC.3026	2	1238157	1238565	+	0	0	0		14	0	62	0.0	73	0	236	0.0
CUFF_NC.3028	2	1245272	1246851	+	0	0	0		55	61	323	0.18885448916408668	364	24	2208	0.010869565217391304
CUFF_NC.3033	2	1249422	1249974	+	0	0	0		29	1	219	0.0045662100456621	152	1	930	0.001075268817204301
CUFF_NC.3034	2	1251422	1252104	-	0	0	0		40	72	132	0.5454545454545454	125	42	362	0.11602209944751381
CUFF_NC.3035	2	1252340	1254687	-	0	0	0		71	18	355	0.05070422535211268	553	41	2755	0.014882032667876587
CUFF_NC.3029	2	1264210	1264788	-	0	0	0		10	1	10	0.1	44	0	44	0.0
CUFF_NC.3030	2	1264259	1264716	+	0	0	0		7	0	7	0.0	35	0	35	0.0
CUFF_NC.3031	2	1268094	1268918	+	0	0	0		3	2	9	0.2222222222222222	29	6	80	0.075
CUFF_NC.3032	2	1269833	1271594	+	0	0	0		41	63	157	0.4012738853503185	135	39	536	0.07276119402985075
CUFF_NC.3036	2	1289668	1290364	-	0	0	0		37	0	255	0.0	183	2	1298	0.0015408320493066256
CUFF_NC.3037	2	1304388	1306156	+	0	0	0		57	157	486	0.3230452674897119	418	120	3289	0.036485253876558224
CUFF_NC.3038	2	1320095	1320717	-	0	0	0		17	1	99	0.010101010101010102	168	7	1175	0.005957446808510639
CUFF_NC.3039	2	1320154	1320717	+	0	0	0		17	1	99	0.010101010101010102	154	7	1061	0.006597549481621112
CUFF_NC.3045	2	1335933	1338934	+	0	0	0		159	1	972	0.00102880658436214	818	13	5043	0.002577830656355344
CUFF_NC.3040	2	1339781	1340661	+	0	0	0		27	1	167	0.005988023952095809	266	27	1900	0.014210526315789474
CUFF_NC.3041	2	1346611	1347126	-	0	0	0		7	19	57	0.3333333333333333	116	19	836	0.022727272727272728
CUFF_NC.3046	2	1352730	1358066	+	0	0	0		262	26	1284	0.020249221183800622	1239	57	6516	0.008747697974217311
CUFF_NC.3047	2	1358574	1364322	+	0	0	0		221	117	1411	0.08291991495393337	1299	79	8223	0.00960719931898334
CUFF_NC.3044	2	1391904	1392936	+	0	0	0		55	276	408	0.6764705882352942	310	412	2349	0.1753937845891869
CUFF_NC.3043	2	1420768	1421475	+	0	0	0		40	102	250	0.408	200	107	1308	0.08180428134556575
CUFF_NC.3049	2	1429810	1430290	+	0	0	0		44	0	133	0.0	126	0	338	0.0
CUFF_NC.3048	2	1438150	1438869	+	0	0	0		18	3	84	0.03571428571428571	153	2	742	0.0026954177897574125
CUFF_NC.3050	2	1465652	1469014	+	0	0	0		71	58	415	0.13975903614457832	735	408	5049	0.08080808080808081
CUFF_NC.3141	2	1485473	1491553	+	0	0	0		382	15	1957	0.007664793050587634	1815	16	9890	0.0016177957532861476
CUFF_NC.3051	2	1498174	1498886	+	0	0	0		20	7	136	0.051470588235294115	183	7	1153	0.006071118820468344
CUFF_NC.3052	2	1505064	1505492	+	0	0	0		18	29	119	0.24369747899159663	121	134	952	0.1407563025210084
CUFF_NC.3053	2	1505708	1506366	-	0	0	0		7	29	43	0.6744186046511628	67	63	349	0.18051575931232092
CUFF_NC.3060	2	1544269	1544692	-	0	0	0		26	0	163	0.0	143	0	765	0.0
CUFF_NC.3056	2	1548081	1548979	+	0	0	0		42	52	162	0.32098765432098764	185	36	804	0.04477611940298507
CUFF_NC.3054	2	1554279	1554781	+	0	0	0		15	0	70	0.0	165	2	738	0.0027100271002710027
CUFF_NC.3055	2	1563999	1565001	-	0	0	0		16	0	95	0.0	295	5	1659	0.0030138637733574444
CUFF_NC.3057	2	1579121	1580122	+	0	0	0		34	45	180	0.25	234	51	1291	0.039504260263361735
CUFF_NC.3063	2	1597207	1597676	-	0	0	0		22	60	179	0.33519553072625696	92	80	666	0.12012012012012012
CUFF_NC.3061	2	1604445	1605151	-	0	0	0		18	0	137	0.0	168	2	1064	0.0018796992481203006
CUFF_NC.3062	2	1608237	1609411	+	0	0	0		7	6	12	0.5	43	6	87	0.06896551724137931
CUFF_NC.3064	2	1611947	1612381	+	0	0	0		38	0	302	0.0	123	1	910	0.001098901098901099
CUFF_NC.3067	2	1627710	1628196	-	0	0	0		36	1	211	0.004739336492890996	132	2	779	0.0025673940949935813
CUFF_NC.3066	2	1645902	1646335	-	0	0	0		10	0	51	0.0	82	1	357	0.0028011204481792717
CUFF_NC.3065	2	1652306	1652707	+	0	0	0		23	138	192	0.71875	73	218	624	0.34935897435897434
CUFF_NC.3068	2	1682897	1683309	-	0	0	0		14	1	48	0.020833333333333332	103	1	387	0.002583979328165375
CUFF_NC.3071	2	1699975	1700635	+	0	0	0		45	1	261	0.0038314176245210726	184	1	1008	0.000992063492063492
CUFF_NC.3070	2	1710639	1711397	+	0	0	0		49	81	237	0.34177215189873417	175	25	846	0.02955082742316785
CUFF_NC.3073	2	1713895	1714845	-	0	0	0		49	0	267	0.0	268	1	1191	0.0008396305625524769
CUFF_NC.3074	2	1721761	1722414	+	0	0	0		27	1	196	0.00510204081632653	186	5	1629	0.003069367710251688
CUFF_NC.3075	2	1757083	1757742	-	0	0	0		35	81	136	0.5955882352941176	123	79	508	0.15551181102362205
CUFF_NC.3076	2	1767439	1768492	+	0	0	0		29	55	159	0.34591194968553457	241	53	1488	0.035618279569892476
CUFF_NC.3080	2	1777681	1779222	-	0	0	0		24	47	96	0.4895833333333333	245	86	1158	0.07426597582037997
CUFF_NC.3083	2	1780853	1781640	-	0	0	0		22	0	92	0.0	172	1	700	0.0014285714285714286
CUFF_NC.3084	2	1786763	1788769	-	0	0	0		77	30	335	0.08955223880597014	487	45	2458	0.018307567127746133
CUFF_NC.3085	2	1788284	1788795	+	0	0	0		35	0	102	0.0	82	1	266	0.0037593984962406013
CUFF_NC.3077	2	1796757	1797512	-	0	0	0		11	8	41	0.1951219512195122	78	11	186	0.05913978494623656
CUFF_NC.3078	2	1799441	1800051	+	0	0	0		18	0	46	0.0	42	0	127	0.0
CUFF_NC.3079	2	1804741	1811986	+	0	0	0		15	4	17	0.23529411764705882	81	6	96	0.0625
CUFF_NC.3081	2	1813877	1823595	+	0	0	0		18	8	31	0.25806451612903225	87	6	185	0.032432432432432434
CUFF_NC.3086	2	1832570	1833031	+	0	0	0		32	83	178	0.46629213483146065	132	45	693	0.06493506493506493
CUFF_NC.3089	2	1837168	1837770	-	0	0	0		33	87	151	0.5761589403973509	200	73	743	0.09825033647375504
CUFF_NC.3087	2	1840172	1840925	-	0	0	0		48	86	281	0.30604982206405695	198	42	1214	0.03459637561779242
CUFF_NC.3088	2	1868371	1868863	+	0	0	0		13	1	35	0.02857142857142857	55	0	148	0.0
CUFF_NC.3090	2	1883379	1886953	-	0	0	0		282	804	1306	0.6156202143950995	1060	654	4907	0.13327898919910333
CUFF_NC.3091	2	1888435	1890071	-	0	0	0		32	116	213	0.5446009389671361	396	203	2859	0.07100384749912557
CUFF_NC.3097	2	1957359	1957995	+	0	0	0		34	8	159	0.050314465408805034	199	14	901	0.01553829078801332
CUFF_NC.3098	2	1960776	1962063	+	0	0	0		88	165	478	0.34518828451882844	354	88	1946	0.045220966084275435
CUFF_NC.3100	2	1971954	1972888	-	0	0	0		44	102	264	0.38636363636363635	288	144	1828	0.0787746170678337
CUFF_NC.3099	2	1980685	1981128	-	0	0	0		2	0	2	0.0	27	0	54	0.0
CUFF_NC.3108	2	2023249	2024009	+	0	0	0		38	0	218	0.0	168	3	953	0.0031479538300104933
CUFF_NC.3102	2	2030888	2031936	-	0	0	0		57	166	353	0.4702549575070821	263	76	1595	0.04764890282131661
CUFF_NC.3104	2	2055301	2055982	-	0	0	0		21	1	111	0.009009009009009009	208	0	1097	0.0
CUFF_NC.3103	2	2064209	2065212	+	0	0	0		24	56	115	0.48695652173913045	260	210	1408	0.14914772727272727
CUFF_NC.3106	2	2069209	2069631	-	0	0	0		26	0	145	0.0	123	0	664	0.0
CUFF_NC.3105	2	2072364	2073026	-	0	0	0		10	10	19	0.5263157894736842	85	11	181	0.06077348066298342
CUFF_NC.3107	2	2084042	2084510	+	0	0	0		31	0	174	0.0	121	2	713	0.002805049088359046
CUFF_NC.3132	2	2098125	2098594	+	0	0	0		8	0	34	0.0	68	12	507	0.023668639053254437
CUFF_NC.3133	2	2100047	2100886	+	0	0	0		49	224	575	0.38956521739130434	215	178	2225	0.08
CUFF_NC.3109	2	2130600	2131154	+	0	0	0		15	58	132	0.4393939393939394	120	49	1006	0.048707753479125246
CUFF_NC.3110	2	2149967	2150550	-	0	0	0		4	11	11	1.0	4	10	12	0.8333333333333334
CUFF_NC.3113	2	2184006	2184331	+	0	0	0		22	0	152	0.0	71	0	469	0.0
CUFF_NC.3114	2	2185715	2191349	+	0	0	0		248	707	1316	0.5372340425531915	1522	769	8231	0.09342728708540882
CUFF_NC.3115	2	2187474	2188357	+	0	0	0		22	63	137	0.45985401459854014	260	107	1414	0.07567185289957568
CUFF_NC.3116	2	2193617	2194521	+	0	0	0		60	118	223	0.5291479820627802	220	126	863	0.14600231749710313
CUFF_NC.3119	2	2199297	2200453	-	0	0	0		70	2	334	0.005988023952095809	298	3	1269	0.002364066193853428
CUFF_NC.3118	2	2208429	2209786	-	0	0	0		57	173	332	0.5210843373493976	385	203	2364	0.08587140439932318
CUFF_NC.3121	2	2214889	2218008	+	0	0	0		170	102	792	0.12878787878787878	772	285	2975	0.0957983193277311
CUFF_NC.3122	2	2231836	2232384	-	0	0	0		11	7	25	0.28	54	1	114	0.008771929824561403
CUFF_NC.3120	2	2241956	2242379	-	0	0	0		9	0	49	0.0	71	2	367	0.005449591280653951
CUFF_NC.3129	2	2262448	2263051	-	0	0	0		26	30	123	0.24390243902439024	172	22	695	0.031654676258992806
CUFF_NC.3130	2	2262481	2263114	+	0	0	0		26	30	123	0.24390243902439024	177	22	720	0.030555555555555555
CUFF_NC.3128	2	2263123	2264555	-	0	0	0		68	140	344	0.4069767441860465	425	97	2451	0.039575683394532844
CUFF_NC.3123	2	2269482	2270253	+	0	0	0		38	0	194	0.0	235	1	1411	0.0007087172218284905
CUFF_NC.3124	2	2270696	2271329	+	0	0	0		54	1	203	0.0049261083743842365	175	1	557	0.0017953321364452424
CUFF_NC.3125	2	2272791	2277679	-	0	0	0		214	493	979	0.5035750766087844	920	393	4348	0.09038638454461821
CUFF_NC.3126	2	2280122	2282209	-	0	0	0		106	320	604	0.5298013245033113	574	304	3139	0.09684612934055431
CUFF_NC.3127	2	2287468	2288444	+	0	0	0		52	0	188	0.0	233	2	870	0.0022988505747126436
CUFF_NC.3140	2	2294983	2295828	-	0	0	0		49	163	281	0.5800711743772242	220	73	1122	0.06506238859180036
CUFF_NC.3131	2	2314989	2315496	+	0	0	0		39	0	217	0.0	141	1	800	0.00125
CUFF_NC.3135	2	2322880	2323584	-	0	0	0		53	1	341	0.002932551319648094	220	6	1426	0.004207573632538569
CUFF_NC.3134	2	2330587	2331479	+	0	0	0		42	0	227	0.0	203	0	1109	0.0
CUFF_NC.3138	2	2346512	2347063	-	0	0	0		11	1	28	0.03571428571428571	111	4	364	0.01098901098901099
CUFF_NC.3146	2	2353552	2355259	+	0	0	0		107	2	514	0.0038910505836575876	463	9	2018	0.0044598612487611496
CUFF_NC.3142	2	2359325	2360307	+	0	0	0		51	2	309	0.006472491909385114	304	4	1653	0.0024198427102238356
CUFF_NC.3143	2	2361678	2362550	+	0	0	0		50	1	207	0.004830917874396135	200	9	1056	0.008522727272727272
CUFF_NC.3139	2	2362841	2363422	+	0	0	0		25	14	178	0.07865168539325842	173	36	1252	0.02875399361022364
CUFF_NC.3144	2	2393957	2394366	-	0	0	0		4	6	22	0.2727272727272727	91	41	469	0.08742004264392324
CUFF_NC.3145	2	2394470	2394877	-	0	0	0		1	0	7	0.0	46	14	187	0.0748663101604278
CUFF_NC.3147	2	2423024	2424068	-	0	0	0		46	122	223	0.547085201793722	271	141	1220	0.11557377049180328
CUFF_NC.3148	2	2426185	2427256	-	0	0	0		53	0	296	0.0	356	3	1719	0.0017452006980802793
CUFF_NC.3149	2	2448146	2453184	-	0	0	0		260	434	755	0.5748344370860927	962	420	2816	0.14914772727272727
CUFF_NC.3151	2	2459017	2459763	-	0	0	0		22	0	69	0.0	195	1	779	0.0012836970474967907
CUFF_NC.3150	2	2468428	2469038	-	0	0	0		24	59	120	0.49166666666666664	170	55	710	0.07746478873239436
CUFF_NC.3152	2	2488942	2489477	-	0	0	0		32	45	68	0.6617647058823529	86	33	198	0.16666666666666666
CUFF_NC.3153	2	2506741	2507271	+	0	0	0		39	108	178	0.6067415730337079	166	134	866	0.15473441108545036
CUFF_NC.3154	2	2507952	2508576	+	0	0	0		45	119	209	0.569377990430622	164	75	669	0.11210762331838565
CUFF_NC.3155	2	2525926	2526778	+	0	0	0		51	84	207	0.4057971014492754	207	95	880	0.10795454545454546
CUFF_NC.3156	2	2527910	2528704	-	0	0	0		49	108	262	0.4122137404580153	224	114	1242	0.09178743961352658
CUFF_NC.3157	2	2529074	2529676	+	0	0	0		37	103	188	0.5478723404255319	166	103	830	0.12409638554216867
CUFF_NC.3158	2	2548315	2548861	+	0	0	0		33	61	114	0.5350877192982456	88	37	384	0.09635416666666667
CUFF_NC.3161	2	2564332	2566470	+	0	0	0		17	9	22	0.4090909090909091	58	15	92	0.16304347826086957
CUFF_NC.3162	2	2573314	2574602	+	0	0	0		70	91	279	0.32616487455197135	385	130	1566	0.08301404853128991
CUFF_NC.3166	2	2589606	2589969	+	0	0	0		11	0	28	0.0	104	1	363	0.0027548209366391185
CUFF_NC.3165	2	2605824	2606888	+	0	0	0		2	1	2	0.5	16	1	16	0.0625
CUFF_NC.3167	2	2617553	2619173	+	0	0	0		34	47	90	0.5222222222222223	145	45	413	0.1089588377723971
CUFF_NC.3168	2	2678064	2678530	+	0	0	0		13	18	50	0.36	73	77	327	0.23547400611620795
CUFF_NC.3171	2	2679059	2680575	+	0	0	0		89	329	682	0.48240469208211145	347	275	2830	0.09717314487632508
CUFF_NC.3170	2	2696787	2697613	+	0	0	0		9	5	20	0.25	82	4	156	0.02564102564102564
CUFF_NC.3172	2	2753376	2754065	-	0	0	0		58	76	252	0.30158730158730157	230	83	906	0.09161147902869757
CUFF_NC.3174	2	2822788	2824492	+	0	0	0		39	92	249	0.36947791164658633	408	131	2629	0.0498288322556105
CUFF_NC.3173	2	2833562	2834071	-	0	0	0		32	82	189	0.43386243386243384	165	80	934	0.08565310492505353
CUFF_NC.3175	2	2834150	2835060	-	0	0	0		50	149	241	0.6182572614107884	261	137	1075	0.12744186046511627
CUFF_NC.3176	2	2835413	2836765	-	0	0	0		88	264	492	0.5365853658536586	438	286	2495	0.11462925851703407
CUFF_NC.3179	2	2856469	2858800	-	0	0	0		15	38	72	0.5277777777777778	43	18	176	0.10227272727272728
CUFF_NC.3177	2	2893802	2894704	-	0	0	0		41	70	169	0.41420118343195267	217	76	1142	0.06654991243432574
CUFF_NC.3178	2	2905190	2906037	-	0	0	0		6	9	23	0.391304347826087	15	3	43	0.06976744186046512
CUFF_NC.3183	2	2907681	2908599	+	0	0	0		33	29	184	0.15760869565217392	228	21	1686	0.012455516014234875
CUFF_NC.3184	2	2909817	2910504	+	0	0	0		38	92	211	0.43601895734597157	190	90	1047	0.08595988538681948
CUFF_NC.3182	2	2918109	2919064	-	0	0	0		25	0	159	0.0	307	9	1778	0.005061867266591676
CUFF_NC.3186	2	2919911	2922249	-	0	0	0		94	154	690	0.22318840579710145	595	111	4562	0.024331433581762384
CUFF_NC.3187	2	2920788	2922302	+	0	0	0		53	139	421	0.33016627078384797	395	105	3199	0.03282275711159737
CUFF_NC.3185	2	2945852	2946547	+	0	0	0		22	64	140	0.45714285714285713	184	57	1200	0.0475
CUFF_NC.3188	2	2962869	2964111	-	0	0	0		15	57	76	0.75	89	33	357	0.09243697478991597
CUFF_NC.3190	2	2970677	2971125	-	0	0	0		31	52	126	0.4126984126984127	139	48	698	0.06876790830945559
CUFF_NC.3189	2	2998521	2998923	+	0	0	0		17	51	103	0.49514563106796117	103	43	536	0.08022388059701492
CUFF_NC.3192	2	3033290	3033717	+	0	0	0		17	16	83	0.1927710843373494	93	20	436	0.045871559633027525
CUFF_NC.3193	2	3058298	3058871	-	0	0	0		14	20	42	0.47619047619047616	28	17	90	0.18888888888888888
CUFF_NC.3198	2	3084063	3089468	+	0	0	0		120	324	1363	0.23771093176815847	1275	1075	14059	0.07646347535386586
CUFF_NC.3200	2	3085200	3086374	+	0	0	0		9	9	71	0.1267605633802817	177	94	1217	0.07723911257189811
CUFF_NC.3199	2	3086452	3089120	+	0	0	0		85	274	1138	0.24077328646748683	862	857	11522	0.07437944801249784
CUFF_NC.3194	2	3112329	3112762	+	0	0	0		2	1	2	0.5	23	0	23	0.0
CUFF_NC.3195	2	3132906	3133337	+	0	0	0		14	33	126	0.2619047619047619	97	45	696	0.06465517241379311
CUFF_NC.3196	2	3136458	3137281	-	0	0	0		1	1	1	1.0	15	2	15	0.13333333333333333
CUFF_NC.3197	2	3143835	3145488	-	0	0	0		41	139	288	0.4826388888888889	237	184	1534	0.11994784876140809
CUFF_NC.3202	2	3161011	3166281	+	0	0	0		15	7	15	0.4666666666666667	46	4	46	0.08695652173913043
CUFF_NC.3205	2	3198670	3200235	+	0	0	0		1	0	1	0.0	40	3	59	0.05084745762711865
CUFF_NC.3206	2	3206497	3211508	+	0	0	0		23	93	159	0.5849056603773585	121	55	658	0.08358662613981763
CUFF_NC.3208	2	3222412	3222758	+	0	0	0		0	0	0		3	0	3	0.0
CUFF_NC.3210	2	3233817	3236376	+	0	0	0		31	63	179	0.35195530726256985	154	37	711	0.052039381153305204
CUFF_NC.3209	2	3236642	3237323	+	0	0	0		3	1	5	0.2	18	3	23	0.13043478260869565
CUFF_NC.3219	2	3255905	3261813	-	0	0	0		39	5	730	0.00684931506849315	164	9	2967	0.003033367037411527
CUFF_NC.3221	2	3259276	3260270	+	0	0	0		11	0	159	0.0	62	4	1127	0.00354924578527063
CUFF_NC.3223	2	3265608	3266022	+	0	0	0		10	0	112	0.0	13	0	92	0.0
CUFF_NC.3224	2	3266287	3268525	-	0	0	0		12	0	217	0.0	59	2	1075	0.0018604651162790699
CUFF_NC.3225	2	3267631	3268703	+	0	0	0		12	0	217	0.0	59	2	1075	0.0018604651162790699
CUFF_NC.3228	2	3270249	3272795	-	0	0	0		29	0	698	0.0	105	4	2618	0.0015278838808250573
CUFF_NC.3230	2	3275189	3281126	-	0	0	0		93	2	2016	0.000992063492063492	379	13	6918	0.0018791558253830587
CUFF_NC.3227	2	3291532	3292072	-	0	0	0		13	0	267	0.0	58	3	1266	0.002369668246445498
CUFF_NC.3231	2	3294435	3294978	+	0	0	0		20	1	398	0.002512562814070352	57	4	1059	0.003777148253068933
CUFF_NC.3232	2	3305105	3307841	-	0	0	0		35	0	542	0.0	174	3	3296	0.0009101941747572816
CUFF_NC.3244	2	3312926	3313509	+	0	0	0		28	0	510	0.0	102	1	2171	0.00046061722708429296
CUFF_NC.3233	2	3319570	3321038	+	0	0	0		20	3	315	0.009523809523809525	55	4	880	0.004545454545454545
CUFF_NC.3234	2	3321752	3322330	-	0	0	0		21	0	281	0.0	52	0	952	0.0
CUFF_NC.3235	2	3323313	3326938	+	0	0	0		33	1	988	0.0010121457489878543	220	11	5155	0.002133850630455868
CUFF_NC.3238	2	3325188	3328638	-	0	0	0		26	0	546	0.0	135	10	2496	0.004006410256410256
CUFF_NC.3236	2	3327069	3328563	+	0	0	0		11	0	222	0.0	57	4	1077	0.003714020427112349
CUFF_NC.3237	2	3328745	3329849	-	0	0	0		13	0	279	0.0	54	1	1263	0.000791765637371338
CUFF_NC.3239	2	3329158	3329599	+	0	0	0		11	0	224	0.0	18	0	355	0.0
CUFF_NC.3240	2	3342039	3343506	-	0	0	0		32	2	895	0.0022346368715083797	121	7	2739	0.002555677254472435
CUFF_NC.3242	2	3345954	3347022	-	0	0	0		13	0	194	0.0	52	2	673	0.0029717682020802376
CUFF_NC.3241	2	3349076	3349491	+	0	0	0		9	1	101	0.009900990099009901	29	0	384	0.0
CUFF_NC.3252	2	3358211	3360582	-	0	0	0		36	2	894	0.0022371364653243847	178	5	3524	0.0014188422247446084
CUFF_NC.3253	2	3364855	3366531	-	0	0	0		15	0	19	0.0	54	0	70	0.0
CUFF_NC.3250	2	3368553	3378370	-	0	0	0		4	0	4	0.0	25	0	25	0.0
CUFF_NC.3255	2	3412532	3416135	-	0	0	0		18	0	242	0.0	105	5	1552	0.0032216494845360823
CUFF_NC.3251	2	3437526	3439385	-	0	0	0		27	0	649	0.0	130	6	3010	0.0019933554817275745
CUFF_NC.3260	2	3440019	3440777	+	0	0	0		5	0	84	0.0	71	2	962	0.002079002079002079
CUFF_NC.3264	2	3451626	3452053	-	0	0	0		7	0	160	0.0	65	1	1311	0.0007627765064836003
CUFF_NC.3259	2	3460646	3461598	-	0	0	0		16	1	264	0.003787878787878788	49	1	934	0.0010706638115631692
CUFF_NC.3262	2	3462151	3466458	+	0	0	0		37	0	942	0.0	121	5	2325	0.002150537634408602
CUFF_NC.3265	2	3463210	3464943	-	0	0	0		37	0	942	0.0	121	5	2325	0.002150537634408602
CUFF_NC.3272	2	3472038	3474910	+	0	0	0		12	0	352	0.0	29	0	686	0.0
CUFF_NC.3268	2	3490813	3491231	-	0	0	0		23	1	676	0.0014792899408284023	119	4	2642	0.001514004542013626
CUFF_NC.3266	2	3492852	3493969	-	0	0	0		53	0	1192	0.0	158	6	3085	0.0019448946515397082
CUFF_NC.3283	2	3523321	3524382	+	0	0	0		82	1	514	0.0019455252918287938	274	2	1431	0.001397624039133473
CUFF_NC.3275	2	3534360	3535436	+	0	0	0		27	1	193	0.0051813471502590676	252	4	1821	0.002196595277320154
CUFF_NC.3274	2	3550461	3550876	+	0	0	0		25	121	296	0.40878378378378377	111	155	947	0.16367476240760295
CUFF_NC.3276	2	3582537	3583272	-	0	0	0		13	10	32	0.3125	42	1	104	0.009615384615384616
CUFF_NC.3277	2	3605679	3606354	-	0	0	0		9	43	301	0.14285714285714285	143	390	6316	0.061747941735275494
CUFF_NC.3278	2	3606482	3607849	-	0	0	0		9	18	154	0.11688311688311688	215	122	2770	0.04404332129963899
CUFF_NC.3279	2	3606980	3607382	+	0	0	0		3	13	115	0.11304347826086956	71	57	1181	0.04826418289585097
CUFF_NC.3294	2	3614922	3626487	-	0	0	0		129	830	3140	0.2643312101910828	2656	5093	85213	0.059767875793599566
CUFF_NC.3280	2	3626604	3627541	-	0	0	0		3	27	69	0.391304347826087	51	44	548	0.08029197080291971
CUFF_NC.3281	2	3626670	3627640	+	0	0	0		4	28	78	0.358974358974359	66	45	603	0.07462686567164178
CUFF_NC.3290	2	3665666	3672766	-	0	0	0		393	24	2685	0.008938547486033519	1953	28	13115	0.002134959969500572
CUFF_NC.3284	2	3679533	3679968	+	0	0	0		38	72	121	0.5950413223140496	134	36	412	0.08737864077669903
CUFF_NC.3285	2	3713311	3718403	+	0	0	0		106	232	627	0.3700159489633174	1274	1028	9874	0.10411180879076362
CUFF_NC.3289	2	3729398	3730017	+	0	0	0		56	128	233	0.5493562231759657	182	131	956	0.13702928870292888
CUFF_NC.3286	2	3752538	3753025	+	0	0	0		7	13	19	0.6842105263157895	85	67	290	0.23103448275862068
CUFF_NC.3287	2	3758192	3758965	+	0	0	0		63	79	194	0.4072164948453608	190	81	654	0.12385321100917432
CUFF_NC.3288	2	3759166	3759938	+	0	0	0		69	150	313	0.4792332268370607	191	94	844	0.11137440758293839
CUFF_NC.3292	2	3781390	3781947	-	0	0	0		45	0	179	0.0	140	0	490	0.0
CUFF_NC.3291	2	3784886	3785363	+	0	0	0		27	64	202	0.31683168316831684	121	50	909	0.05500550055005501
CUFF_NC.3293	2	3793971	3795218	-	0	0	0		53	110	311	0.3536977491961415	355	209	2136	0.09784644194756555
CUFF_NC.3295	2	3852787	3854743	+	0	0	0		13	8	13	0.6153846153846154	59	1	59	0.01694915254237288
CUFF_NC.3296	2	3853108	3853555	-	0	0	0		2	0	2	0.0	6	0	6	0.0
CUFF_NC.3297	2	3855724	3856150	+	0	0	0		8	2	8	0.25	40	2	40	0.05
CUFF_NC.3298	2	3856228	3856971	+	0	0	0		4	11	25	0.44	47	24	332	0.07228915662650602
CUFF_NC.3299	2	3874009	3874449	+	0	0	0		12	29	73	0.3972602739726027	45	21	217	0.0967741935483871
CUFF_NC.3301	2	3914007	3915665	-	0	0	0		87	293	619	0.47334410339256866	458	281	2961	0.09490037149611617
CUFF_NC.3300	2	3921525	3922112	-	0	0	0		61	97	216	0.44907407407407407	148	66	515	0.12815533980582525
CUFF_NC.3306	2	3922208	3925756	-	0	0	0		234	618	1199	0.5154295246038365	924	499	4781	0.10437147040368124
CUFF_NC.3304	2	3926082	3927850	+	0	0	0		30	64	233	0.27467811158798283	441	199	3756	0.05298189563365282
CUFF_NC.3305	2	3927671	3928781	-	0	0	0		48	151	303	0.49834983498349833	350	176	1971	0.08929477422628107
CUFF_NC.3302	2	3934955	3935360	+	0	0	0		13	14	120	0.11666666666666667	60	8	555	0.014414414414414415
CUFF_NC.3303	2	3936763	3937233	+	0	0	0		32	54	183	0.29508196721311475	108	36	525	0.06857142857142857
CUFF_NC.3307	2	4012503	4013404	-	0	0	0		26	32	101	0.31683168316831684	219	55	902	0.06097560975609756
CUFF_NC.3308	2	4012803	4013314	+	0	0	0		16	16	50	0.32	123	29	477	0.06079664570230608
CUFF_NC.3309	2	4018874	4019567	-	0	0	0		22	3	117	0.02564102564102564	176	19	958	0.019832985386221295
CUFF_NC.3310	2	4078061	4078557	+	0	0	0		10	23	61	0.3770491803278688	145	68	703	0.09672830725462304
CUFF_NC.3312	2	4140276	4141149	-	0	0	0		27	50	136	0.36764705882352944	189	166	1137	0.14599824098504838
CUFF_NC.3311	2	4141320	4141927	-	0	0	0		7	0	59	0.0	147	5	1061	0.00471253534401508
CUFF_NC.3313	2	4145716	4146399	+	0	0	0		39	111	212	0.5235849056603774	213	88	1112	0.07913669064748201
CUFF_NC.3322	2	4221835	4222654	-	0	0	0		23	0	43	0.0	55	0	114	0.0
CUFF_NC.3324	2	4238006	4238823	-	0	0	0		7	1	8	0.125	38	2	42	0.047619047619047616
CUFF_NC.3314	2	4239294	4240189	-	0	0	0		3	2	3	0.6666666666666666	21	1	21	0.047619047619047616
CUFF_NC.3315	2	4248510	4251132	+	0	0	0		102	246	652	0.3773006134969325	730	352	4730	0.07441860465116279
CUFF_NC.3319	2	4301681	4303252	+	0	0	0		30	54	131	0.4122137404580153	333	76	1469	0.051735874744724304
CUFF_NC.3317	2	4305117	4305875	+	0	0	0		17	0	35	0.0	57	0	111	0.0
CUFF_NC.3316	2	4308452	4308953	+	0	0	0		3	0	12	0.0	139	73	805	0.0906832298136646
CUFF_NC.3320	2	4315281	4316575	+	0	0	0		93	0	567	0.0	303	3	1742	0.001722158438576349
CUFF_NC.3318	2	4318440	4318846	+	0	0	0		13	49	84	0.5833333333333334	112	62	687	0.09024745269286755
CUFF_NC.3325	2	4324538	4325089	-	0	0	0		46	52	153	0.33986928104575165	158	45	473	0.09513742071881606
CUFF_NC.3326	2	4329353	4329892	+	0	0	0		24	53	164	0.3231707317073171	141	55	904	0.06084070796460177
CUFF_NC.3327	2	4333829	4334668	+	0	0	0		30	46	185	0.24864864864864866	161	128	1053	0.12155745489078823
CUFF_NC.3328	2	4337839	4338385	+	0	0	0		7	10	31	0.3225806451612903	152	68	505	0.13465346534653466
CUFF_NC.3330	2	4361365	4362025	-	0	0	0		27	55	162	0.3395061728395062	159	38	836	0.045454545454545456
CUFF_NC.3331	2	4398924	4399955	+	0	0	0		17	29	52	0.5576923076923077	72	21	237	0.08860759493670886
CUFF_NC.3332	2	4524013	4524982	+	0	0	0		39	1	285	0.0035087719298245615	222	10	1824	0.005482456140350877
CUFF_NC.3333	2	4564124	4565036	+	0	0	0		18	21	50	0.42	38	2	93	0.021505376344086023
CUFF_NC.3335	2	4624613	4625439	-	0	0	0		27	56	155	0.36129032258064514	244	68	1259	0.054011119936457505
CUFF_NC.3334	2	4625643	4626108	-	0	0	0		8	12	44	0.2727272727272727	142	65	754	0.08620689655172414
CUFF_NC.3337	2	4634329	4635675	+	0	0	0		8	3	18	0.16666666666666666	70	8	164	0.04878048780487805
CUFF_NC.3338	2	4643691	4644116	+	0	0	0		14	16	56	0.2857142857142857	65	18	248	0.07258064516129033
CUFF_NC.3339	2	4644302	4644722	+	0	0	0		21	47	115	0.40869565217391307	132	56	742	0.07547169811320754
CUFF_NC.3342	2	4646278	4647142	+	0	0	0		31	64	195	0.3282051282051282	222	88	1370	0.06423357664233577
CUFF_NC.3341	2	4648250	4650430	-	0	0	0		33	7	151	0.046357615894039736	443	94	1918	0.049009384775808136
CUFF_NC.3340	2	4654664	4655195	-	0	0	0		21	15	73	0.2054794520547945	142	11	413	0.026634382566585957
CUFF_NC.3346	2	4660206	4660826	-	0	0	0		45	77	190	0.4052631578947368	193	111	870	0.12758620689655173
CUFF_NC.3345	2	4728463	4729358	+	0	0	0		48	84	214	0.3925233644859813	268	152	1219	0.12469237079573421
CUFF_NC.3347	2	4743215	4743920	-	0	0	0		29	0	139	0.0	154	1	537	0.00186219739292365
CUFF_NC.3343	2	4762458	4762864	-	0	0	0		14	7	96	0.07291666666666667	104	10	777	0.01287001287001287
CUFF_NC.3344	2	4764352	4765463	-	0	0	0		21	32	131	0.24427480916030533	283	47	1922	0.02445369406867846
CUFF_NC.3348	2	4771721	4772194	+	0	0	0		24	21	133	0.15789473684210525	122	23	743	0.03095558546433378
CUFF_NC.3357	2	4792217	4792947	+	0	0	0		35	102	267	0.38202247191011235	206	71	1351	0.052553663952627686
CUFF_NC.3349	2	4797754	4798657	+	0	0	0		73	191	355	0.5380281690140845	192	62	1030	0.06019417475728155
CUFF_NC.3354	2	4802783	4803636	-	0	0	0		38	0	155	0.0	230	2	885	0.0022598870056497176
CUFF_NC.3358	2	4830004	4831073	-	0	0	0		53	177	379	0.46701846965699206	288	157	1942	0.08084449021627188
CUFF_NC.3350	2	4834747	4835208	-	0	0	0		1	1	1	1.0	6	3	6	0.5
CUFF_NC.3353	2	4839997	4845026	-	0	0	0		33	20	67	0.29850746268656714	140	36	318	0.11320754716981132
CUFF_NC.3352	2	4847753	4848487	-	0	0	0		12	19	47	0.40425531914893614	96	31	325	0.09538461538461539
CUFF_NC.3356	2	4898442	4899067	+	0	0	0		7	4	7	0.5714285714285714	13	1	13	0.07692307692307693
CUFF_NC.3360	2	4910282	4910805	+	0	0	0		20	72	182	0.3956043956043956	82	95	723	0.1313969571230982
CUFF_NC.3363	2	4923893	4925167	+	0	0	0		39	0	164	0.0	253	2	1191	0.0016792611251049538
CUFF_NC.3361	2	4935521	4935957	-	0	0	0		3	7	15	0.4666666666666667	9	5	44	0.11363636363636363
CUFF_NC.3362	2	4936068	4936654	-	0	0	0		21	50	104	0.4807692307692308	37	25	212	0.1179245283018868
CUFF_NC.3365	2	4937966	4938863	+	0	0	0		39	3	264	0.011363636363636364	239	4	1556	0.002570694087403599
CUFF_NC.3364	2	4942594	4943880	-	0	0	0		11	13	76	0.17105263157894737	228	11	1380	0.007971014492753623
CUFF_NC.3367	2	4962463	4964315	-	0	0	0		88	236	536	0.44029850746268656	452	242	2865	0.08446771378708552
CUFF_NC.3366	2	4964571	4964976	-	0	0	0		21	35	105	0.3333333333333333	90	64	477	0.13417190775681342
CUFF_NC.3368	2	4969512	4973387	+	0	0	0		84	182	481	0.3783783783783784	539	299	3418	0.08747805734347572
CUFF_NC.3369	2	5000133	5003301	-	0	0	0		235	790	1568	0.5038265306122449	802	528	5295	0.09971671388101983
CUFF_NC.3370	2	5002586	5003463	+	0	0	0		27	4	128	0.03125	216	18	991	0.018163471241170535
CUFF_NC.3378	2	5007681	5010111	+	0	0	0		123	11	735	0.014965986394557823	528	7	3081	0.0022719896137617657
CUFF_NC.3375	2	5013005	5013424	+	0	0	0		8	34	40	0.85	107	106	705	0.150354609929078
CUFF_NC.3373	2	5021697	5022829	-	0	0	0		31	44	100	0.44	282	93	973	0.09558067831449127
CUFF_NC.3374	2	5021783	5022415	+	0	0	0		21	34	78	0.4358974358974359	134	44	429	0.10256410256410256
CUFF_NC.3371	2	5029173	5030718	+	0	0	0		43	64	150	0.4266666666666667	224	91	784	0.11607142857142858
CUFF_NC.3372	2	5029383	5030325	-	0	0	0		31	45	103	0.4368932038834951	108	40	397	0.10075566750629723
CUFF_NC.3389	2	5049587	5051738	+	0	0	0		109	0	408	0.0	543	5	2274	0.0021987686895338612
CUFF_NC.3377	2	5056319	5056906	-	0	0	0		13	32	71	0.4507042253521127	111	57	709	0.08039492242595205
CUFF_NC.3380	2	5066772	5067716	+	0	0	0		51	135	318	0.42452830188679247	232	96	1409	0.06813342796309439
CUFF_NC.3379	2	5084093	5085617	+	0	0	0		42	48	215	0.22325581395348837	363	136	2008	0.06772908366533864
CUFF_NC.3381	2	5098301	5098889	-	0	0	0		24	13	139	0.09352517985611511	146	5	744	0.006720430107526882
CUFF_NC.3382	2	5149739	5150284	-	0	0	0		30	27	115	0.23478260869565218	159	31	598	0.051839464882943144
CUFF_NC.3386	2	5214481	5215191	-	0	0	0		17	1	57	0.017543859649122806	119	1	365	0.0027397260273972603
CUFF_NC.3387	2	5214641	5216738	+	0	0	0		64	139	247	0.562753036437247	457	314	1870	0.1679144385026738
CUFF_NC.3388	2	5216777	5217992	-	0	0	0		35	120	239	0.502092050209205	311	207	2189	0.09456372772955687
CUFF_NC.3385	2	5224866	5230307	+	0	0	0		15	9	15	0.6	49	10	64	0.15625
CUFF_NC.3384	2	5282597	5286913	+	0	0	0		223	596	1094	0.5447897623400365	1107	744	5478	0.13581599123767799
CUFF_NC.3383	2	5330428	5331334	+	0	0	0		50	42	139	0.302158273381295	179	67	567	0.11816578483245149
CUFF_NC.3390	2	5384755	5385467	-	0	0	0		32	57	186	0.3064516129032258	181	71	986	0.0720081135902637
CUFF_NC.3401	2	5390198	5391145	-	0	0	0		33	0	186	0.0	303	1	1449	0.0006901311249137336
CUFF_NC.3392	2	5392653	5393466	+	0	0	0		37	0	193	0.0	199	4	1111	0.0036003600360036
CUFF_NC.3391	2	5404156	5404599	+	0	0	0		18	7	114	0.06140350877192982	114	9	685	0.013138686131386862
CUFF_NC.3397	2	5411059	5412211	+	0	0	0		46	71	225	0.31555555555555553	324	128	1932	0.06625258799171843
CUFF_NC.3398	2	5412909	5413233	+	0	0	0		11	32	61	0.5245901639344263	102	40	653	0.06125574272588055
CUFF_NC.3399	2	5413344	5413833	+	0	0	0		22	56	146	0.3835616438356164	150	54	942	0.05732484076433121
CUFF_NC.3393	2	5446723	5447154	-	0	0	0		1	0	1	0.0	15	0	15	0.0
CUFF_NC.3395	2	5457962	5459099	-	0	0	0		43	37	160	0.23125	325	91	1273	0.07148468185388845
CUFF_NC.3394	2	5460472	5461054	-	0	0	0		13	4	35	0.11428571428571428	169	25	625	0.04
CUFF_NC.3396	2	5461155	5461636	-	0	0	0		21	25	95	0.2631578947368421	121	19	527	0.036053130929791274
CUFF_NC.3403	2	5491602	5495710	-	0	0	0		114	196	467	0.4197002141327623	543	209	1989	0.10507792860734037
CUFF_NC.3402	2	5508298	5508830	+	0	0	0		29	0	144	0.0	159	3	767	0.003911342894393742
CUFF_NC.3404	2	5517653	5520530	+	0	0	0		5	0	5	0.0	8	0	8	0.0
CUFF_NC.3405	2	5536451	5537884	+	0	0	0		59	33	361	0.09141274238227147	433	63	2365	0.0266384778012685
CUFF_NC.3409	2	5538155	5538974	+	0	0	0		9	0	51	0.0	131	0	753	0.0
CUFF_NC.3407	2	5559020	5559595	-	0	0	0		28	75	156	0.4807692307692308	166	116	793	0.14627994955863807
CUFF_NC.3406	2	5560205	5560782	-	0	0	0		45	113	192	0.5885416666666666	150	86	594	0.1447811447811448
CUFF_NC.3411	2	5605219	5605675	+	0	0	0		16	43	63	0.6825396825396826	81	24	264	0.09090909090909091
CUFF_NC.3408	2	5609508	5610353	+	0	0	0		34	48	126	0.38095238095238093	165	49	624	0.07852564102564102
CUFF_NC.3410	2	5612946	5615480	-	0	0	0		102	4	558	0.007168458781362007	689	6	3651	0.0016433853738701725
CUFF_NC.3414	2	5655809	5656469	+	0	0	0		43	0	196	0.0	192	2	761	0.002628120893561104
CUFF_NC.3413	2	5664903	5665282	-	0	0	0		16	0	90	0.0	101	0	625	0.0
CUFF_NC.3416	2	5686289	5686748	+	0	0	0		12	0	37	0.0	90	0	417	0.0
CUFF_NC.3419	2	5692089	5693082	+	0	0	0		4	0	7	0.0	40	0	68	0.0
CUFF_NC.3425	2	5704921	5706187	-	0	0	0		124	3	593	0.00505902192242833	368	2	1596	0.0012531328320802004
CUFF_NC.3417	2	5718261	5719161	+	0	0	0		35	47	200	0.235	251	52	1451	0.03583735354927636
CUFF_NC.3420	2	5734137	5734764	+	0	0	0		27	86	188	0.4574468085106383	139	31	916	0.03384279475982533
CUFF_NC.3421	2	5736300	5737284	-	0	0	0		22	55	101	0.5445544554455446	141	53	581	0.09122203098106713
CUFF_NC.3418	2	5738277	5738986	+	0	0	0		12	31	64	0.484375	135	36	832	0.04326923076923077
CUFF_NC.3422	2	5751725	5752127	+	0	0	0		12	31	56	0.5535714285714286	68	37	338	0.10946745562130178
CUFF_NC.3424	2	5755486	5756044	-	0	0	0		5	0	5	0.0	15	0	15	0.0
CUFF_NC.3423	2	5763564	5765052	+	0	0	0		0	0	0		13	0	13	0.0
CUFF_NC.3426	2	5777588	5778083	+	0	0	0		22	48	105	0.45714285714285713	111	42	586	0.07167235494880546
CUFF_NC.3429	2	5791281	5792265	+	0	0	0		53	8	366	0.02185792349726776	232	70	1567	0.04467134652201659
CUFF_NC.3428	2	5792751	5794068	+	0	0	0		81	229	431	0.531322505800464	401	284	2187	0.12985825331504344
CUFF_NC.3427	2	5794856	5795699	+	0	0	0		72	105	208	0.5048076923076923	204	73	658	0.11094224924012158
CUFF_NC.3431	2	5796234	5796590	+	0	0	0		24	61	126	0.48412698412698413	98	51	511	0.09980430528375733
CUFF_NC.3430	2	5800458	5800873	+	0	0	0		9	16	40	0.4	36	17	109	0.1559633027522936
CUFF_NC.3432	2	5804981	5805405	-	0	0	0		29	55	143	0.38461538461538464	63	5	325	0.015384615384615385
CUFF_NC.3433	2	5823251	5823798	+	0	0	0		7	12	27	0.4444444444444444	62	27	211	0.12796208530805686
CUFF_NC.3435	2	5846255	5846817	+	0	0	0		9	19	25	0.76	41	26	102	0.2549019607843137
CUFF_NC.3443	2	5860091	5860556	-	0	0	0		16	0	52	0.0	90	0	441	0.0
CUFF_NC.3438	2	5867743	5869007	+	0	0	0		39	48	242	0.19834710743801653	288	40	1447	0.027643400138217002
CUFF_NC.3436	2	5869615	5870927	+	0	0	0		8	7	10	0.7	32	6	41	0.14634146341463414
CUFF_NC.3437	2	5871964	5872699	+	0	0	0		12	2	104	0.019230769230769232	121	0	965	0.0
CUFF_NC.3439	2	5874509	5875210	+	0	0	0		4	0	23	0.0	61	0	305	0.0
CUFF_NC.3441	2	5875307	5876854	+	0	0	0		58	2	262	0.007633587786259542	287	5	1187	0.004212299915754001
CUFF_NC.3440	2	5876939	5877489	+	0	0	0		5	12	20	0.6	38	12	126	0.09523809523809523
CUFF_NC.3442	2	5877923	5879059	+	0	0	0		25	41	90	0.45555555555555555	152	33	459	0.0718954248366013
CUFF_NC.3444	2	5881688	5882972	+	0	0	0		21	14	46	0.30434782608695654	126	28	280	0.1
CUFF_NC.3445	2	5883401	5884814	+	0	0	0		33	29	96	0.3020833333333333	156	44	425	0.10352941176470588
CUFF_NC.3446	2	5884963	5886220	+	0	0	0		24	68	130	0.5230769230769231	124	59	607	0.09719934102141681
CUFF_NC.3447	2	5920476	5921157	+	0	0	0		19	0	164	0.0	150	1	1059	0.0009442870632672333
CUFF_NC.3449	2	5932644	5933225	+	0	0	0		20	0	73	0.0	77	1	453	0.002207505518763797
CUFF_NC.3448	2	5947959	5948570	+	0	0	0		29	53	174	0.3045977011494253	160	26	1038	0.025048169556840076
CUFF_NC.3450	2	6025774	6026216	+	0	0	0		34	1	133	0.007518796992481203	132	0	489	0.0
CUFF_NC.3452	2	6049895	6050426	+	0	0	0		14	2	119	0.01680672268907563	116	0	885	0.0
CUFF_NC.3451	2	6082361	6083494	+	0	0	0		16	13	52	0.25	50	6	135	0.044444444444444446
CUFF_NC.3454	2	6098761	6103721	-	0	0	0		60	76	189	0.4021164021164021	435	183	1574	0.11626429479034307
CUFF_NC.3453	2	6109270	6109715	+	0	0	0		12	16	75	0.21333333333333335	37	5	158	0.03164556962025317
CUFF_NC.3457	2	6131892	6139481	-	0	0	0		14	1	17	0.058823529411764705	60	4	67	0.05970149253731343
CUFF_NC.3456	2	6139675	6140100	+	0	0	0		15	21	30	0.7	39	12	90	0.13333333333333333
CUFF_NC.3455	2	6140874	6141449	-	0	0	0		4	6	7	0.8571428571428571	26	6	41	0.14634146341463414
CUFF_NC.3458	2	6144098	6144659	-	0	0	0		42	74	222	0.3333333333333333	159	74	929	0.07965554359526372
CUFF_NC.3465	2	6149780	6150415	-	0	0	0		21	38	70	0.5428571428571428	131	78	654	0.11926605504587157
CUFF_NC.3466	2	6153312	6154273	-	0	0	0		61	205	331	0.6193353474320241	227	198	1243	0.1592920353982301
CUFF_NC.3464	2	6155242	6162885	-	0	0	0		396	1168	2154	0.542246982358403	1500	956	8419	0.11355267846537594
CUFF_NC.3460	2	6176014	6176929	-	0	0	0		11	3	14	0.21428571428571427	33	0	45	0.0
CUFF_NC.3463	2	6178316	6179392	+	0	0	0		2	1	2	0.5	34	0	103	0.0
CUFF_NC.3469	2	6187595	6188029	-	0	0	0		25	0	139	0.0	116	2	473	0.004228329809725159
CUFF_NC.3461	2	6209639	6210482	+	0	0	0		25	0	139	0.0	214	1	1232	0.0008116883116883117
CUFF_NC.3462	2	6210416	6211524	-	0	0	0		22	0	146	0.0	254	0	1878	0.0
CUFF_NC.3467	2	6213874	6215082	-	0	0	0		60	3	359	0.008356545961002786	319	1	1744	0.0005733944954128441
CUFF_NC.3468	2	6216234	6216665	+	0	0	0		9	0	67	0.0	95	3	774	0.003875968992248062
CUFF_NC.3472	2	6303104	6303743	+	0	0	0		52	0	248	0.0	167	0	819	0.0
CUFF_NC.3473	2	6309365	6309969	-	0	0	0		42	0	225	0.0	157	1	642	0.001557632398753894
CUFF_NC.3471	2	6316836	6317659	+	0	0	0		49	239	418	0.5717703349282297	208	174	1675	0.10388059701492537
CUFF_NC.3474	2	6354340	6354734	+	0	0	0		13	0	101	0.0	120	0	894	0.0
CUFF_NC.3475	2	6356338	6356892	-	0	0	0		30	1	191	0.005235602094240838	115	0	690	0.0
CUFF_NC.3476	2	6392114	6392953	-	0	0	0		47	0	236	0.0	188	1	861	0.0011614401858304297
CUFF_NC.3477	2	6392166	6393042	+	0	0	0		53	0	250	0.0	201	1	835	0.0011976047904191617
CUFF_NC.3480	2	6399324	6400480	-	0	0	0		72	0	393	0.0	259	0	1176	0.0
CUFF_NC.3479	2	6418091	6419171	-	0	0	0		56	1	257	0.0038910505836575876	314	4	1372	0.0029154518950437317
CUFF_NC.3478	2	6421557	6421979	-	0	0	0		3	0	3	0.0	27	3	27	0.1111111111111111
CUFF_NC.3481	2	6422034	6423302	+	0	0	0		73	189	279	0.6774193548387096	173	83	586	0.1416382252559727
CUFF_NC.3484	2	6439953	6440633	-	0	0	0		29	0	191	0.0	198	1	1137	0.0008795074758135445
CUFF_NC.3485	2	6440018	6440771	+	0	0	0		29	0	193	0.0	200	1	1154	0.0008665511265164644
CUFF_NC.3482	2	6466930	6467813	-	0	0	0		39	1	192	0.005208333333333333	202	3	1082	0.0027726432532347504
CUFF_NC.3483	2	6471623	6472886	-	0	0	0		32	60	223	0.26905829596412556	327	53	2120	0.025
CUFF_NC.3486	2	6482761	6483458	-	0	0	0		4	0	7	0.0	49	0	151	0.0
CUFF_NC.3487	2	6483071	6483543	+	0	0	0		6	0	9	0.0	56	0	158	0.0
CUFF_NC.3489	2	6489832	6490590	-	0	0	0		36	0	173	0.0	180	2	886	0.002257336343115124
CUFF_NC.3490	2	6489878	6490766	+	0	0	0		42	0	204	0.0	217	2	1061	0.001885014137606032
CUFF_NC.3491	2	6491653	6493272	+	0	0	0		83	0	396	0.0	464	4	2035	0.0019656019656019656
CUFF_NC.3497	2	6511581	6512459	-	0	0	0		38	0	240	0.0	275	2	1668	0.001199040767386091
CUFF_NC.3492	2	6513766	6514471	+	0	0	0		25	16	112	0.14285714285714285	163	23	760	0.030263157894736843
CUFF_NC.3512	2	6519267	6519728	-	0	0	0		16	0	93	0.0	71	1	419	0.002386634844868735
CUFF_NC.3511	2	6532756	6533195	+	0	0	0		13	12	42	0.2857142857142857	69	34	398	0.08542713567839195
CUFF_NC.3495	2	6536559	6536870	-	0	0	0		14	0	79	0.0	78	3	431	0.0069605568445475635
CUFF_NC.3493	2	6537363	6538704	+	0	0	0		21	24	132	0.18181818181818182	384	30	2263	0.013256738842244807
CUFF_NC.3494	2	6542137	6543776	-	0	0	0		94	1	466	0.002145922746781116	470	4	2212	0.0018083182640144665
CUFF_NC.3500	2	6546236	6546877	-	0	0	0		21	26	139	0.18705035971223022	141	101	910	0.11098901098901098
CUFF_NC.3501	2	6546382	6546965	+	0	0	0		17	18	108	0.16666666666666666	125	44	754	0.058355437665782495
CUFF_NC.3499	2	6547243	6548087	+	0	0	0		34	52	180	0.28888888888888886	218	68	1046	0.06500956022944551
CUFF_NC.3498	2	6549299	6549735	-	0	0	0		47	37	118	0.3135593220338983	93	30	263	0.11406844106463879
CUFF_NC.3504	2	6565059	6565869	-	0	0	0		55	0	258	0.0	232	2	982	0.002036659877800407
CUFF_NC.3503	2	6571942	6572441	+	0	0	0		5	7	12	0.5833333333333334	20	28	98	0.2857142857142857
CUFF_NC.3505	2	6608529	6609624	-	0	0	0		47	0	233	0.0	265	1	1223	0.0008176614881439084
CUFF_NC.3506	2	6611204	6612348	+	0	0	0		61	168	284	0.5915492957746479	289	155	1378	0.11248185776487664
CUFF_NC.3507	2	6611416	6612209	-	0	0	0		45	148	227	0.6519823788546255	233	135	1213	0.11129431162407255
CUFF_NC.3518	2	6619152	6621798	+	0	0	0		140	519	867	0.5986159169550173	765	570	4523	0.12602255140393545
CUFF_NC.3509	2	6644258	6645533	-	0	0	0		79	16	363	0.0440771349862259	354	13	1605	0.00809968847352025
CUFF_NC.3508	2	6647897	6648567	+	0	0	0		47	77	237	0.32489451476793246	184	30	949	0.03161222339304531
CUFF_NC.3510	2	6649235	6651552	-	0	0	0		151	2	679	0.0029455081001472753	654	7	2894	0.0024187975120939877
CUFF_NC.3517	2	6671837	6672947	+	0	0	0		49	0	210	0.0	306	3	1473	0.002036659877800407
CUFF_NC.3513	2	6674760	6675248	-	0	0	0		29	42	140	0.3	151	17	661	0.025718608169440244
CUFF_NC.3514	2	6674824	6676016	+	0	0	0		61	105	326	0.3220858895705521	352	60	1895	0.0316622691292876
CUFF_NC.3516	2	6677158	6677645	-	0	0	0		31	29	121	0.2396694214876033	166	19	751	0.02529960053262317
CUFF_NC.3515	2	6678047	6678451	+	0	0	0		12	2	97	0.020618556701030927	103	1	787	0.0012706480304955528
CUFF_NC.3519	2	6692956	6693673	-	0	0	0		36	0	192	0.0	231	1	1238	0.0008077544426494346
CUFF_NC.3520	2	6707962	6708589	-	0	0	0		20	1	100	0.01	156	1	820	0.0012195121951219512
CUFF_NC.3521	2	6708242	6709427	+	0	0	0		37	2	228	0.008771929824561403	341	3	2268	0.0013227513227513227
CUFF_NC.3522	2	6710134	6710554	+	0	0	0		20	0	100	0.0	122	2	623	0.0032102728731942215
CUFF_NC.3528	2	6736367	6739042	-	0	0	0		84	184	370	0.4972972972972973	631	201	2827	0.07110010611956137
CUFF_NC.3529	2	6736446	6737110	+	0	0	0		18	21	67	0.31343283582089554	140	44	578	0.07612456747404844
CUFF_NC.3530	2	6738395	6740868	+	0	0	0		20	16	92	0.17391304347826086	376	159	1822	0.08726673984632272
CUFF_NC.3523	2	6743660	6745018	+	0	0	0		60	1	315	0.0031746031746031746	351	0	1558	0.0
CUFF_NC.3533	2	6759293	6762690	-	0	0	0		172	11	969	0.011351909184726523	987	14	5218	0.0026830203142966655
CUFF_NC.3525	2	6785800	6786976	-	0	0	0		62	0	276	0.0	270	1	1347	0.0007423904974016332
CUFF_NC.3526	2	6785988	6787077	+	0	0	0		55	0	240	0.0	230	1	1119	0.0008936550491510277
CUFF_NC.3536	2	6794853	6795372	+	0	0	0		3	0	5	0.0	36	0	68	0.0
CUFF_NC.3531	2	6811104	6811515	-	0	0	0		25	1	112	0.008928571428571428	123	0	525	0.0
CUFF_NC.3532	2	6812012	6812636	-	0	0	0		53	0	246	0.0	192	1	871	0.001148105625717566
CUFF_NC.3527	2	6813039	6813752	-	0	0	0		36	18	175	0.10285714285714286	184	52	826	0.06295399515738499
CUFF_NC.3534	2	6817097	6818545	+	0	0	0		73	1	509	0.0019646365422396855	395	7	2688	0.0026041666666666665
CUFF_NC.3535	2	6820953	6822599	-	0	0	0		25	0	86	0.0	278	1	830	0.0012048192771084338
CUFF_NC.3537	2	6827391	6827784	-	0	0	0		11	0	64	0.0	109	2	593	0.003372681281618887
CUFF_NC.3538	2	6833004	6833662	+	0	0	0		58	1	260	0.0038461538461538464	182	0	765	0.0
CUFF_NC.3540	2	6835905	6836716	+	0	0	0		30	0	159	0.0	181	4	1058	0.003780718336483932
CUFF_NC.3541	2	6837183	6843143	-	0	0	0		415	1744	3173	0.5496375669713205	1746	2012	12087	0.166459832878299
CUFF_NC.3539	2	6862614	6864095	-	0	0	0		26	45	86	0.5232558139534884	126	55	390	0.14102564102564102
CUFF_NC.3549	2	6875530	6876681	-	0	0	0		26	1	158	0.006329113924050633	283	4	1446	0.0027662517289073307
CUFF_NC.3551	2	6879693	6880370	+	0	0	0		45	0	227	0.0	216	1	990	0.00101010101010101
CUFF_NC.3545	2	6889569	6890219	+	0	0	0		24	0	144	0.0	188	0	944	0.0
CUFF_NC.3546	2	6890398	6891461	+	0	0	0		50	0	256	0.0	268	3	1210	0.0024793388429752068
CUFF_NC.3542	2	6892213	6892885	-	0	0	0		28	94	103	0.912621359223301	96	111	503	0.220675944333996
CUFF_NC.3543	2	6893184	6893633	-	0	0	0		17	3	109	0.027522935779816515	93	3	446	0.006726457399103139
CUFF_NC.3565	2	6920601	6921584	+	0	0	0		37	1	206	0.0048543689320388345	239	1	1356	0.0007374631268436578
CUFF_NC.3552	2	6941375	6942039	-	0	0	0		33	59	140	0.42142857142857143	159	57	629	0.09062003179650238
CUFF_NC.3548	2	6949892	6951237	-	0	0	0		67	0	313	0.0	382	7	1828	0.0038293216630196935
CUFF_NC.3554	2	6959290	6959672	+	0	0	0		24	0	85	0.0	94	3	387	0.007751937984496124
CUFF_NC.3553	2	6961005	6961563	-	0	0	0		20	0	132	0.0	126	1	832	0.001201923076923077
CUFF_NC.3555	2	6961812	6962989	-	0	0	0		45	12	298	0.040268456375838924	286	5	1694	0.0029515938606847697
CUFF_NC.3556	2	6962500	6964620	+	0	0	0		79	33	420	0.07857142857142857	564	15	2937	0.005107252298263534
CUFF_NC.3558	2	6983799	6985661	+	0	0	0		124	1	646	0.0015479876160990713	535	7	2597	0.0026954177897574125
CUFF_NC.3567	2	7005400	7006014	-	0	0	0		7	6	13	0.46153846153846156	41	8	90	0.08888888888888889
CUFF_NC.3559	2	7009459	7009959	-	0	0	0		20	81	124	0.6532258064516129	130	45	559	0.08050089445438283
CUFF_NC.3560	2	7025530	7026144	-	0	0	0		39	0	249	0.0	159	3	1063	0.0028222013170272815
CUFF_NC.3561	2	7026394	7027227	+	0	0	0		41	0	240	0.0	239	1	1323	0.0007558578987150416
CUFF_NC.3566	2	7039471	7040628	+	0	0	0		63	2	325	0.006153846153846154	314	3	1667	0.001799640071985603
CUFF_NC.3562	2	7053705	7054228	+	0	0	0		20	2	125	0.016	130	2	821	0.00243605359317905
CUFF_NC.3564	2	7059047	7059380	+	0	0	0		24	1	113	0.008849557522123894	94	1	408	0.0024509803921568627
CUFF_NC.3563	2	7062159	7062641	+	0	0	0		14	0	44	0.0	62	1	237	0.004219409282700422
CUFF_NC.3568	2	7072995	7073556	-	0	0	0		26	0	139	0.0	160	1	842	0.0011876484560570072
CUFF_NC.3570	2	7081948	7082409	+	0	0	0		28	5	170	0.029411764705882353	140	3	862	0.0034802784222737818
CUFF_NC.3579	2	7108535	7109045	+	0	0	0		41	4	227	0.01762114537444934	117	2	734	0.0027247956403269754
CUFF_NC.3569	2	7112993	7115592	-	0	0	0		203	576	952	0.6050420168067226	762	448	3582	0.12506979341150196
CUFF_NC.3577	2	7137187	7139137	+	0	0	0		214	2	1153	0.0017346053772766695	623	5	3142	0.001591343093570974
CUFF_NC.3578	2	7143371	7145001	+	0	0	0		131	0	785	0.0	423	1	1776	0.0005630630630630631
CUFF_NC.3571	2	7147781	7150389	+	0	0	0		13	8	44	0.18181818181818182	86	6	286	0.02097902097902098
CUFF_NC.3572	2	7150907	7152879	+	0	0	0		180	2	749	0.0026702269692923898	549	1	2246	0.0004452359750667854
CUFF_NC.3576	2	7164893	7165326	+	0	0	0		18	0	105	0.0	120	1	686	0.0014577259475218659
CUFF_NC.3573	2	7167568	7168078	+	0	0	0		21	18	143	0.1258741258741259	129	20	846	0.02364066193853428
CUFF_NC.3574	2	7173351	7174020	-	0	0	0		55	140	291	0.48109965635738833	165	50	776	0.06443298969072164
CUFF_NC.3575	2	7175481	7176542	-	0	0	0		31	72	119	0.6050420168067226	126	48	513	0.0935672514619883
CUFF_NC.3583	2	7186454	7187458	+	0	0	0		37	1	194	0.005154639175257732	310	5	1421	0.003518648838845883
CUFF_NC.3580	2	7190111	7190640	-	0	0	0		15	0	77	0.0	124	37	625	0.0592
CUFF_NC.3584	2	7190931	7191515	-	0	0	0		11	0	145	0.0	43	5	1442	0.0034674063800277394
CUFF_NC.3581	2	7193543	7194427	-	0	0	0		24	35	124	0.28225806451612906	229	123	1070	0.11495327102803739
CUFF_NC.3582	2	7193845	7194581	+	0	0	0		28	32	161	0.19875776397515527	173	40	931	0.04296455424274973
CUFF_NC.3588	2	7199260	7199688	-	0	0	0		23	0	177	0.0	125	3	837	0.0035842293906810036
CUFF_NC.3589	2	7200361	7201599	-	0	0	0		69	0	354	0.0	323	2	1425	0.0014035087719298245
CUFF_NC.3598	2	7209522	7210061	-	0	0	0		52	1	235	0.00425531914893617	152	1	556	0.0017985611510791368
CUFF_NC.3597	2	7213872	7215230	+	0	0	0		82	0	501	0.0	392	1	2016	0.000496031746031746
CUFF_NC.3592	2	7219987	7226918	+	0	0	0		356	618	1707	0.36203866432337434	1575	726	7474	0.09713674070109714
CUFF_NC.3593	2	7228615	7230178	+	0	0	0		50	122	301	0.4053156146179402	288	186	1632	0.11397058823529412
CUFF_NC.3591	2	7229445	7229919	-	0	0	0		17	19	135	0.14074074074074075	122	53	916	0.05786026200873363
CUFF_NC.3585	2	7239298	7239916	+	0	0	0		23	0	124	0.0	111	1	581	0.0017211703958691911
CUFF_NC.3586	2	7242019	7242870	-	0	0	0		19	48	99	0.48484848484848486	208	307	1217	0.2522596548890715
CUFF_NC.3587	2	7255599	7256859	+	0	0	0		60	0	315	0.0	360	0	1756	0.0
CUFF_NC.3590	2	7263180	7263492	+	0	0	0		17	0	96	0.0	96	0	496	0.0
CUFF_NC.3599	2	7273630	7274402	-	0	0	0		40	10	227	0.04405286343612335	223	5	1504	0.003324468085106383
CUFF_NC.3596	2	7285992	7286459	-	0	0	0		37	0	154	0.0	84	0	360	0.0
CUFF_NC.3600	2	7295857	7296644	-	0	0	0		52	0	311	0.0	217	2	1330	0.0015037593984962407
CUFF_NC.3603	2	7310241	7310520	+	0	0	0		12	0	81	0.0	86	2	524	0.003816793893129771
CUFF_NC.3604	2	7311091	7311525	+	0	0	0		25	0	158	0.0	119	1	695	0.0014388489208633094
CUFF_NC.3602	2	7312592	7313808	+	0	0	0		45	0	295	0.0	383	4	2234	0.0017905102954341987
CUFF_NC.3607	2	7316760	7320769	-	0	0	0		167	5	873	0.0057273768613974796	870	28	4543	0.0061633281972265025
CUFF_NC.3608	2	7323882	7324609	+	0	0	0		53	0	287	0.0	192	1	892	0.0011210762331838565
CUFF_NC.3601	2	7330258	7330906	-	0	0	0		22	1	154	0.006493506493506494	177	2	1233	0.0016220600162206002
CUFF_NC.3610	2	7332109	7333067	-	0	0	0		66	0	411	0.0	271	2	1549	0.0012911555842479018
CUFF_NC.3613	2	7344995	7347071	+	0	0	0		145	5	924	0.005411255411255411	548	4	3100	0.0012903225806451613
CUFF_NC.3605	2	7362834	7363631	-	0	0	0		12	0	96	0.0	204	11	1685	0.006528189910979229
CUFF_NC.3606	2	7362975	7363463	+	0	0	0		9	0	66	0.0	136	5	1001	0.004995004995004995
CUFF_NC.3611	2	7369653	7371145	-	0	0	0		38	5	154	0.032467532467532464	262	57	986	0.057809330628803245
CUFF_NC.3609	2	7378246	7379239	-	0	0	0		41	0	219	0.0	218	5	1143	0.004374453193350831
CUFF_NC.3619	2	7382855	7383633	-	0	0	0		40	1	217	0.004608294930875576	190	0	1176	0.0
CUFF_NC.3614	2	7393966	7394314	+	0	0	0		19	0	78	0.0	97	1	371	0.0026954177897574125
CUFF_NC.3615	2	7395312	7395968	+	0	0	0		53	0	207	0.0	164	1	578	0.0017301038062283738
CUFF_NC.3618	2	7399613	7405070	-	0	0	0		362	8	2308	0.0034662045060658577	1491	20	9423	0.0021224663058473947
CUFF_NC.3612	2	7406986	7408107	-	0	0	0		52	0	291	0.0	347	2	1968	0.0010162601626016261
CUFF_NC.3616	2	7432537	7433088	+	0	0	0		25	0	126	0.0	127	3	665	0.004511278195488722
CUFF_NC.3617	2	7437004	7437490	+	0	0	0		24	1	125	0.008	122	0	605	0.0
CUFF_NC.3620	2	7448248	7451650	+	0	0	0		15	0	61	0.0	115	3	522	0.005747126436781609
CUFF_NC.3621	2	7451864	7454195	+	0	0	0		10	5	17	0.29411764705882354	34	5	91	0.054945054945054944
CUFF_NC.3632	2	7470456	7470976	+	0	0	0		19	0	170	0.0	161	2	1281	0.00156128024980484
CUFF_NC.3625	2	7478502	7480616	+	0	0	0		154	1	980	0.0010204081632653062	608	10	3633	0.0027525461051472614
CUFF_NC.3626	2	7479510	7484627	+	0	0	0		371	3	2258	0.001328609388839681	1444	15	8608	0.0017425650557620818
CUFF_NC.3622	2	7494638	7496364	+	0	0	0		84	0	396	0.0	378	1	1422	0.0007032348804500703
CUFF_NC.3623	2	7507380	7507872	-	0	0	0		48	0	265	0.0	140	1	736	0.001358695652173913
CUFF_NC.3624	2	7508563	7509723	-	0	0	0		106	2	611	0.0032733224222585926	310	1	1606	0.0006226650062266501
CUFF_NC.3628	2	7522338	7523215	+	0	0	0		27	1	173	0.005780346820809248	244	1	1325	0.0007547169811320754
CUFF_NC.3627	2	7524366	7525374	-	0	0	0		21	1	119	0.008403361344537815	257	3	1323	0.0022675736961451248
CUFF_NC.3631	2	7543722	7544441	+	0	0	0		39	1	225	0.0044444444444444444	169	1	914	0.0010940919037199124
CUFF_NC.3629	2	7545754	7546333	+	0	0	0		47	0	352	0.0	155	0	837	0.0
CUFF_NC.3630	2	7549460	7550717	-	0	0	0		57	1	314	0.0031847133757961785	294	4	1878	0.002129925452609159
CUFF_NC.3651	2	7564903	7565494	-	0	0	0		48	2	280	0.007142857142857143	176	1	946	0.0010570824524312897
CUFF_NC.3650	2	7574663	7575049	+	0	0	0		14	0	74	0.0	100	0	591	0.0
CUFF_NC.3633	2	7576660	7577343	+	0	0	0		49	0	177	0.0	177	4	676	0.005917159763313609
CUFF_NC.3634	2	7590338	7591124	+	0	0	0		45	0	180	0.0	183	3	659	0.004552352048558422
CUFF_NC.3635	2	7593773	7594195	+	0	0	0		20	0	140	0.0	100	2	663	0.0030165912518853697
CUFF_NC.3636	2	7598163	7603199	+	0	0	0		307	0	1807	0.0	1313	14	7097	0.0019726645061293505
CUFF_NC.3637	2	7603227	7603646	-	0	0	0		8	0	23	0.0	95	0	526	0.0
CUFF_NC.3643	2	7606645	7607638	-	0	0	0		45	2	222	0.009009009009009009	274	1	1507	0.0006635700066357001
CUFF_NC.3638	2	7625188	7626913	-	0	0	0		103	0	603	0.0	513	4	2734	0.001463057790782736
CUFF_NC.3639	2	7627529	7628091	-	0	0	0		49	1	296	0.0033783783783783786	148	3	849	0.0035335689045936395
CUFF_NC.3640	2	7632344	7634164	+	0	0	0		56	83	272	0.30514705882352944	395	149	2146	0.06943150046598323
CUFF_NC.3649	2	7647828	7650073	-	0	0	0		161	0	787	0.0	636	7	2959	0.0023656640757012504
CUFF_NC.3642	2	7657574	7658805	+	0	0	0		80	0	327	0.0	305	3	1225	0.0024489795918367346
CUFF_NC.3641	2	7662582	7663190	-	0	0	0		15	64	112	0.5714285714285714	145	184	1036	0.1776061776061776
CUFF_NC.3645	2	7670867	7673079	-	0	0	0		170	0	846	0.0	624	5	3075	0.0016260162601626016
CUFF_NC.3644	2	7676465	7677048	+	0	0	0		27	0	185	0.0	152	3	1075	0.0027906976744186047
CUFF_NC.3647	2	7689127	7689666	+	0	0	0		25	2	162	0.012345679012345678	120	6	857	0.007001166861143524
CUFF_NC.3646	2	7692130	7693386	-	0	0	0		69	2	373	0.005361930294906166	290	15	1648	0.009101941747572815
CUFF_NC.3648	2	7697806	7698841	-	0	0	0		46	0	281	0.0	305	4	1821	0.002196595277320154
CUFF_NC.3652	2	7722751	7724210	-	0	0	0		75	1	292	0.003424657534246575	432	5	1777	0.0028137310073157004
CUFF_NC.3659	2	7739682	7740147	-	0	0	0		7	0	33	0.0	95	1	466	0.002145922746781116
CUFF_NC.3654	2	7756778	7757443	+	0	0	0		35	0	173	0.0	203	3	921	0.003257328990228013
CUFF_NC.3653	2	7758913	7759658	-	0	0	0		58	1	314	0.0031847133757961785	201	3	927	0.003236245954692557
CUFF_NC.3656	2	7766825	7768142	+	0	0	0		83	0	399	0.0	280	3	1260	0.002380952380952381
CUFF_NC.3655	2	7780455	7781101	-	0	0	0		0	0	0		6	0	6	0.0
CUFF_NC.3657	2	7803192	7803981	-	0	0	0		31	1	168	0.005952380952380952	207	1	898	0.0011135857461024498
CUFF_NC.3662	2	7825953	7826374	-	0	0	0		48	2	395	0.005063291139240506	116	3	816	0.003676470588235294
CUFF_NC.3660	2	7827473	7828554	-	0	0	0		83	0	423	0.0	343	3	1609	0.0018645121193287756
CUFF_NC.3658	2	7833783	7834345	-	0	0	0		22	0	151	0.0	155	2	1019	0.001962708537782139
CUFF_NC.3661	2	7838926	7839645	-	0	0	0		44	1	250	0.004	210	0	1153	0.0
CUFF_NC.3663	2	7898295	7899487	+	0	0	0		82	3	355	0.008450704225352112	231	1	922	0.0010845986984815619
CUFF_NC.3666	2	7908951	7909945	+	0	0	0		26	0	123	0.0	215	3	945	0.0031746031746031746
CUFF_NC.3665	2	7917586	7919573	+	0	0	0		105	1	649	0.0015408320493066256	465	1	2221	0.00045024763619990995
CUFF_NC.3664	2	7924461	7925879	+	0	0	0		21	0	115	0.0	163	0	830	0.0
CUFF_NC.3668	2	7952977	7954448	+	0	0	0		113	35	689	0.05079825834542816	419	20	2524	0.00792393026941363
CUFF_NC.3667	2	7956780	7957596	-	0	0	0		44	0	296	0.0	210	1	1154	0.0008665511265164644
CUFF_NC.3670	2	7968040	7968912	-	0	0	0		74	0	494	0.0	233	4	1499	0.00266844563042028
CUFF_NC.3669	2	7993641	7994547	-	0	0	0		33	1	131	0.007633587786259542	142	1	663	0.0015082956259426848
CUFF_NC.3673	2	7995728	7997187	-	0	0	0		88	0	534	0.0	349	4	2028	0.0019723865877712033
CUFF_NC.3672	2	8003517	8004008	+	0	0	0		36	0	287	0.0	147	2	972	0.00205761316872428
CUFF_NC.3671	2	8013948	8015592	+	0	0	0		63	1	395	0.002531645569620253	394	10	2362	0.004233700254022015
CUFF_NC.3674	2	8040257	8040750	-	0	0	0		20	54	112	0.48214285714285715	157	24	589	0.04074702886247878
CUFF_NC.3676	2	8042379	8044483	+	0	0	0		66	0	355	0.0	461	2	1748	0.0011441647597254005
CUFF_NC.3675	2	8057228	8057626	+	0	0	0		8	0	36	0.0	104	4	693	0.005772005772005772
CUFF_NC.3678	2	8059055	8065001	-	0	0	0		241	34	1250	0.0272	1550	255	8164	0.03123468887800098
CUFF_NC.3677	2	8078228	8079460	-	0	0	0		78	3	372	0.008064516129032258	251	1	1184	0.0008445945945945946
CUFF_NC.3680	2	8087334	8088078	+	0	0	0		36	0	204	0.0	233	4	1312	0.003048780487804878
CUFF_NC.3683	2	8090173	8091457	+	0	0	0		57	75	342	0.21929824561403508	247	107	1548	0.06912144702842377
CUFF_NC.3684	2	8093069	8094743	-	0	0	0		57	0	328	0.0	437	7	2313	0.0030263726761781237
CUFF_NC.3679	2	8096081	8096495	-	0	0	0		13	1	107	0.009345794392523364	103	0	882	0.0
CUFF_NC.3682	2	8098792	8099534	-	0	0	0		21	0	85	0.0	130	1	593	0.0016863406408094434
CUFF_NC.3681	2	8099620	8101000	+	0	0	0		58	79	325	0.24307692307692308	337	47	1643	0.028606208155812538
CUFF_NC.3686	2	8110034	8110874	-	0	0	0		55	0	281	0.0	249	2	1135	0.001762114537444934
CUFF_NC.3687	2	8112290	8113226	+	0	0	0		92	0	554	0.0	247	3	1399	0.002144388849177984
CUFF_NC.3688	2	8113303	8114576	+	0	0	0		84	0	379	0.0	347	3	1700	0.0017647058823529412
CUFF_NC.3698	2	8127774	8128415	-	0	0	0		58	2	352	0.005681818181818182	197	0	1057	0.0
CUFF_NC.3685	2	8136854	8137626	+	0	0	0		48	1	283	0.0035335689045936395	243	5	1245	0.004016064257028112
CUFF_NC.3689	2	8139972	8140627	-	0	0	0		56	0	239	0.0	157	0	660	0.0
CUFF_NC.3694	2	8183630	8184841	-	0	0	0		53	2	304	0.006578947368421052	358	2	1702	0.0011750881316098707
CUFF_NC.3692	2	8194941	8196540	+	0	0	0		130	2	585	0.003418803418803419	495	6	2413	0.0024865312888520514
CUFF_NC.3693	2	8197029	8197680	+	0	0	0		63	0	268	0.0	170	0	659	0.0
CUFF_NC.3690	2	8199546	8199916	-	0	0	0		16	54	82	0.6585365853658537	117	22	657	0.0334855403348554
CUFF_NC.3691	2	8202045	8202994	-	0	0	0		53	3	295	0.010169491525423728	207	6	1181	0.005080440304826418
CUFF_NC.3696	2	8239851	8240166	+	0	0	0		9	0	26	0.0	69	3	288	0.010416666666666666
CUFF_NC.3695	2	8247743	8250191	-	0	0	0		111	1	608	0.001644736842105263	575	9	3591	0.002506265664160401
CUFF_NC.3699	2	8253264	8257162	-	0	0	0		172	3	1139	0.0026338893766461808	903	9	6436	0.0013983840894965817
CUFF_NC.3700	2	8254845	8259198	-	0	0	0		168	28	1064	0.02631578947368421	984	11	6486	0.0016959605303731114
CUFF_NC.3697	2	8269792	8270233	+	0	0	0		32	0	212	0.0	125	2	783	0.002554278416347382
CUFF_NC.3702	2	8276864	8279333	-	0	0	0		55	1	420	0.002380952380952381	534	7	3552	0.0019707207207207205
CUFF_NC.3703	2	8284575	8286361	-	0	0	0		148	2	809	0.002472187886279357	545	4	2312	0.0017301038062283738
CUFF_NC.3701	2	8331669	8332345	-	0	0	0		31	0	213	0.0	153	2	1104	0.0018115942028985507
CUFF_NC.3704	2	8343299	8349123	+	0	0	0		53	0	174	0.0	176	0	550	0.0
CUFF_NC.3705	2	8343426	8349235	+	0	0	0		60	0	187	0.0	200	0	607	0.0
CUFF_NC.3706	2	8349637	8350588	+	0	0	0		48	0	247	0.0	185	0	890	0.0
CUFF_NC.3707	2	8369737	8370679	+	0	0	0		48	0	298	0.0	191	1	1002	0.000998003992015968
CUFF_NC.3708	2	8375030	8375890	+	0	0	0		37	0	167	0.0	185	0	762	0.0
CUFF_NC.3710	2	8433755	8434288	+	0	0	0		50	0	327	0.0	146	3	928	0.003232758620689655
CUFF_NC.3713	2	8443394	8443936	-	0	0	0		46	0	310	0.0	141	1	935	0.0010695187165775401
CUFF_NC.3712	2	8446549	8449567	+	0	0	0		107	98	507	0.1932938856015779	603	36	2830	0.012720848056537103
CUFF_NC.3714	2	8448890	8449465	-	0	0	0		35	69	160	0.43125	148	19	600	0.03166666666666667
CUFF_NC.3709	2	8470243	8471815	+	0	0	0		89	0	472	0.0	317	5	1692	0.002955082742316785
CUFF_NC.3711	2	8484587	8485407	-	0	0	0		70	1	404	0.0024752475247524753	221	5	1220	0.004098360655737705
CUFF_NC.3715	2	8495171	8495859	+	0	0	0		43	1	225	0.0044444444444444444	204	4	876	0.0045662100456621
CUFF_NC.3716	2	8505266	8505689	+	0	0	0		19	1	135	0.007407407407407408	118	3	689	0.0043541364296081275
CUFF_NC.3717	2	8520976	8521409	+	0	0	0		21	0	84	0.0	121	0	571	0.0
CUFF_NC.3719	2	8522603	8524429	+	0	0	0		140	1	772	0.0012953367875647669	472	5	2388	0.0020938023450586263
CUFF_NC.3718	2	8526453	8527908	-	0	0	0		60	1	363	0.0027548209366391185	335	9	1756	0.005125284738041002
CUFF_NC.3720	2	8534110	8534519	+	0	0	0		16	1	114	0.008771929824561403	97	2	769	0.002600780234070221
CUFF_NC.3721	2	8535787	8538729	+	0	0	0		56	48	279	0.17204301075268819	647	166	4248	0.039077212806026364
CUFF_NC.3722	2	8551008	8551336	-	0	0	0		29	0	149	0.0	73	1	336	0.002976190476190476
CUFF_NC.3723	2	8576255	8577180	-	0	0	0		56	1	321	0.003115264797507788	267	2	1186	0.0016863406408094434
CUFF_NC.3724	2	8586850	8589756	-	0	0	0		160	2	1067	0.0018744142455482662	734	8	5017	0.0015945784333266893
CUFF_NC.3730	2	8611906	8612655	+	0	0	0		50	1	264	0.003787878787878788	157	3	844	0.0035545023696682463
CUFF_NC.3725	2	8621953	8622892	-	0	0	0		19	71	138	0.5144927536231884	226	96	1693	0.05670407560543414
CUFF_NC.3726	2	8625907	8626487	-	0	0	0		6	2	22	0.09090909090909091	45	0	141	0.0
CUFF_NC.3727	2	8643092	8643920	-	0	0	0		38	54	254	0.2125984251968504	177	17	1156	0.014705882352941176
CUFF_NC.3728	2	8648066	8648560	-	0	0	0		30	1	189	0.005291005291005291	138	0	746	0.0
CUFF_NC.3729	2	8660749	8661200	-	0	0	0		21	0	95	0.0	119	1	722	0.0013850415512465374
CUFF_NC.3732	2	8687433	8690724	+	0	0	0		158	4	921	0.004343105320304018	771	13	5079	0.0025595589683008466
CUFF_NC.3733	2	8687681	8690933	+	0	0	0		154	4	894	0.0044742729306487695	737	13	4854	0.0026782035434693035
CUFF_NC.3734	2	8689162	8692421	+	0	0	0		140	4	777	0.005148005148005148	726	14	4513	0.0031021493463328164
CUFF_NC.3738	2	8705620	8706687	+	0	0	0		86	1	426	0.002347417840375587	238	2	1273	0.0015710919088766694
CUFF_NC.3737	2	8713825	8714568	+	0	0	0		59	1	363	0.0027548209366391185	227	3	1306	0.002297090352220521
CUFF_NC.3748	2	8733600	8733996	+	0	0	0		20	0	101	0.0	106	1	550	0.0018181818181818182
CUFF_NC.3749	2	8734332	8734769	+	0	0	0		35	0	205	0.0	135	1	820	0.0012195121951219512
CUFF_NC.3735	2	8756251	8758313	+	0	0	0		179	1	937	0.0010672358591248667	630	7	3118	0.0022450288646568314
CUFF_NC.3736	2	8759660	8760241	+	0	0	0		33	0	174	0.0	151	1	741	0.001349527665317139
CUFF_NC.3741	2	8766516	8766903	-	0	0	0		16	0	105	0.0	106	0	578	0.0
CUFF_NC.3740	2	8774143	8775202	+	0	0	0		85	1	466	0.002145922746781116	291	6	1554	0.003861003861003861
CUFF_NC.3739	2	8789011	8790023	-	0	0	0		51	1	289	0.0034602076124567475	241	2	1445	0.001384083044982699
CUFF_NC.3743	2	8801402	8801806	-	0	0	0		28	0	111	0.0	116	3	510	0.0058823529411764705
CUFF_NC.3742	2	8803501	8804059	-	0	0	0		63	2	366	0.00546448087431694	148	1	783	0.001277139208173691
CUFF_NC.3746	2	8839019	8839844	+	0	0	0		64	0	350	0.0	222	3	1365	0.002197802197802198
CUFF_NC.3744	2	8851331	8853391	-	0	0	0		82	0	655	0.0	522	7	4060	0.0017241379310344827
CUFF_NC.3747	2	8873139	8873476	-	0	0	0		10	0	45	0.0	63	0	283	0.0
CUFF_NC.3750	2	8880998	8881897	+	0	0	0		0	0	0		5	1	5	0.2
CUFF_NC.3751	2	8897749	8898567	+	0	0	0		50	1	332	0.0030120481927710845	233	2	1385	0.001444043321299639
CUFF_NC.3757	2	8907026	8908250	+	0	0	0		33	35	209	0.1674641148325359	152	58	788	0.07360406091370558
CUFF_NC.3753	2	8913247	8913772	+	0	0	0		36	0	196	0.0	107	1	486	0.00205761316872428
CUFF_NC.3754	2	8923321	8924141	-	0	0	0		56	1	352	0.002840909090909091	224	3	1285	0.0023346303501945525
CUFF_NC.3752	2	8930278	8930822	-	0	0	0		13	1	103	0.009708737864077669	149	2	1323	0.0015117157974300832
CUFF_NC.3756	2	8932654	8933498	+	0	0	0		27	0	151	0.0	249	4	1325	0.0030188679245283017
CUFF_NC.3755	2	8965624	8967237	+	0	0	0		96	0	490	0.0	499	3	2735	0.0010968921389396709
CUFF_NC.3760	2	8969653	8971980	+	0	0	0		141	0	727	0.0	673	7	4002	0.0017491254372813594
CUFF_NC.3759	2	8982202	8982847	+	0	0	0		33	0	160	0.0	165	4	729	0.0054869684499314125
CUFF_NC.3758	2	9000662	9001835	+	0	0	0		78	0	447	0.0	315	4	1851	0.0021609940572663426
CUFF_NC.3761	2	9007341	9008639	-	0	0	0		123	0	601	0.0	424	5	2014	0.0024826216484607746
CUFF_NC.3762	2	9016855	9021937	-	0	0	0		235	28	1352	0.020710059171597635	1236	71	6564	0.010816575258988421
CUFF_NC.3763	2	9026390	9027205	-	0	0	0		27	0	101	0.0	188	2	860	0.002325581395348837
CUFF_NC.3768	2	9036814	9037810	+	0	0	0		59	0	210	0.0	242	1	742	0.0013477088948787063
CUFF_NC.3769	2	9043071	9043527	-	0	0	0		27	0	180	0.0	129	7	673	0.010401188707280832
CUFF_NC.3764	2	9048779	9049283	+	0	0	0		47	1	247	0.004048582995951417	133	1	686	0.0014577259475218659
CUFF_NC.3767	2	9055492	9056520	+	0	0	0		56	1	238	0.004201680672268907	257	2	1021	0.0019588638589618022
CUFF_NC.3771	2	9074793	9075637	+	0	0	0		44	2	262	0.007633587786259542	199	2	938	0.0021321961620469083
CUFF_NC.3778	2	9076288	9077671	+	0	0	0		35	0	118	0.0	158	1	528	0.001893939393939394
CUFF_NC.3772	2	9089134	9089706	-	0	0	0		22	0	77	0.0	163	1	621	0.001610305958132045
CUFF_NC.3773	2	9094953	9095593	+	0	0	0		45	1	307	0.003257328990228013	166	0	928	0.0
CUFF_NC.3775	2	9103464	9106434	+	0	0	0		215	1	1192	0.0008389261744966443	814	6	4153	0.0014447387430772936
CUFF_NC.3776	2	9115195	9115861	+	0	0	0		79	0	438	0.0	203	0	964	0.0
CUFF_NC.3777	2	9119588	9120136	+	0	0	0		34	0	217	0.0	150	0	992	0.0
CUFF_NC.3774	2	9121782	9125864	-	0	0	0		17	4	59	0.06779661016949153	81	3	306	0.00980392156862745
CUFF_NC.3782	2	9129971	9130220	+	0	0	0		16	0	71	0.0	58	1	256	0.00390625
CUFF_NC.3779	2	9137608	9138083	+	0	0	0		31	1	188	0.005319148936170213	146	2	961	0.002081165452653486
CUFF_NC.3780	2	9154896	9157484	-	0	0	0		201	5	1082	0.0046210720887245845	751	12	4063	0.002953482648289441
CUFF_NC.3781	2	9161176	9161949	-	0	0	0		8	5	19	0.2631578947368421	48	10	137	0.072992700729927
CUFF_NC.3786	2	9167189	9167522	-	0	0	0		30	0	180	0.0	100	2	541	0.0036968576709796672
CUFF_NC.3787	2	9173634	9174671	+	0	0	0		93	3	554	0.005415162454873646	274	3	1452	0.002066115702479339
CUFF_NC.3784	2	9179708	9181497	+	0	0	0		144	0	743	0.0	539	6	2591	0.0023157082207641835
CUFF_NC.3783	2	9186952	9187875	-	0	0	0		22	0	87	0.0	169	0	830	0.0
CUFF_NC.3793	2	9201560	9202284	-	0	0	0		52	1	336	0.002976190476190476	198	2	1286	0.0015552099533437014
CUFF_NC.3791	2	9202938	9203239	+	0	0	0		23	0	104	0.0	95	1	514	0.0019455252918287938
CUFF_NC.3792	2	9204263	9205066	+	0	0	0		65	1	390	0.002564102564102564	234	3	1241	0.0024174053182917004
CUFF_NC.3788	2	9205633	9206408	+	0	0	0		11	0	27	0.0	89	0	278	0.0
CUFF_NC.3790	2	9208484	9208969	+	0	0	0		43	0	258	0.0	148	1	721	0.0013869625520110957
CUFF_NC.3798	2	9218148	9220294	-	0	0	0		112	0	451	0.0	433	1	1857	0.0005385029617662897
CUFF_NC.3789	2	9235020	9236053	+	0	0	0		37	0	270	0.0	259	5	1809	0.002763957987838585
CUFF_NC.3794	2	9248651	9249170	-	0	0	0		30	1	154	0.006493506493506494	129	2	681	0.002936857562408223
CUFF_NC.3799	2	9256702	9261203	-	0	0	0		202	1	1375	0.0007272727272727272	1207	16	8088	0.0019782393669634025
CUFF_NC.3796	2	9286395	9287709	-	0	0	0		104	1	671	0.0014903129657228018	360	4	2231	0.0017929179740026895
CUFF_NC.3795	2	9290511	9291511	-	0	0	0		54	1	217	0.004608294930875576	205	4	1018	0.003929273084479371
CUFF_NC.3797	2	9309294	9310133	+	0	0	0		16	0	54	0.0	46	0	139	0.0
CUFF_NC.3800	2	9341117	9343093	-	0	0	0		104	2	706	0.0028328611898017	601	5	3786	0.0013206550449022716
CUFF_NC.3822	2	9357592	9358024	+	0	0	0		30	0	176	0.0	115	0	618	0.0
CUFF_NC.3801	2	9359300	9360537	+	0	0	0		67	3	356	0.008426966292134831	293	5	1633	0.003061849357011635
CUFF_NC.3802	2	9378550	9379286	-	0	0	0		12	0	24	0.0	61	0	119	0.0
CUFF_NC.3803	2	9378590	9379144	+	0	0	0		12	0	24	0.0	51	0	97	0.0
CUFF_NC.3813	2	9389475	9390526	+	0	0	0		97	2	583	0.003430531732418525	300	0	1581	0.0
CUFF_NC.3804	2	9404588	9405139	-	0	0	0		23	0	134	0.0	139	4	830	0.004819277108433735
CUFF_NC.3805	2	9404672	9405290	+	0	0	0		27	0	154	0.0	157	5	909	0.005500550055005501
CUFF_NC.3810	2	9418028	9418801	+	0	0	0		69	0	389	0.0	174	0	911	0.0
CUFF_NC.3807	2	9432220	9432641	-	0	0	0		11	0	59	0.0	117	2	848	0.0023584905660377358
CUFF_NC.3808	2	9443313	9444620	+	0	0	0		95	0	597	0.0	349	2	1836	0.0010893246187363835
CUFF_NC.3809	2	9448814	9449388	-	0	0	0		1	0	1	0.0	24	1	24	0.041666666666666664
CUFF_NC.3812	2	9466972	9467629	-	0	0	0		40	1	298	0.003355704697986577	156	2	1081	0.0018501387604070306
CUFF_NC.3811	2	9469132	9469515	+	0	0	0		11	1	81	0.012345679012345678	91	2	726	0.0027548209366391185
CUFF_NC.3826	2	9471138	9471777	-	0	0	0		31	1	147	0.006802721088435374	145	1	791	0.0012642225031605564
CUFF_NC.3815	2	9481066	9482146	+	0	0	0		53	85	237	0.35864978902953587	269	57	1563	0.036468330134357005
CUFF_NC.3814	2	9484618	9485067	+	0	0	0		4	6	14	0.42857142857142855	108	69	367	0.1880108991825613
CUFF_NC.3817	2	9490096	9491256	-	0	0	0		50	0	263	0.0	308	0	1558	0.0
CUFF_NC.3816	2	9493032	9493495	+	0	0	0		9	4	19	0.21052631578947367	125	4	384	0.010416666666666666
CUFF_NC.3818	2	9509843	9511088	-	0	0	0		75	1	339	0.0029498525073746312	371	3	1493	0.0020093770931011385
CUFF_NC.3821	2	9515156	9516292	-	0	0	0		71	0	360	0.0	286	3	1229	0.0024410089503661514
CUFF_NC.3819	2	9526207	9526972	+	0	0	0		71	0	318	0.0	185	3	766	0.0039164490861618795
CUFF_NC.3823	2	9528860	9529370	-	0	0	0		33	123	210	0.5857142857142857	154	135	903	0.14950166112956811
CUFF_NC.3824	2	9529444	9529854	-	0	0	0		19	110	129	0.8527131782945736	140	141	913	0.15443592552026286
CUFF_NC.3825	2	9538203	9538795	+	0	0	0		52	0	193	0.0	156	1	696	0.0014367816091954023
CUFF_NC.3829	2	9545564	9546120	-	0	0	0		44	0	275	0.0	128	1	706	0.00141643059490085
CUFF_NC.3828	2	9563938	9564813	+	0	0	0		59	0	371	0.0	213	2	1153	0.0017346053772766695
CUFF_NC.3827	2	9570902	9571483	+	0	0	0		22	0	134	0.0	148	0	845	0.0
CUFF_NC.3831	2	9571845	9572479	-	0	0	0		34	0	223	0.0	148	0	800	0.0
CUFF_NC.3834	2	9580220	9580783	-	0	0	0		24	0	174	0.0	129	0	893	0.0
CUFF_NC.3832	2	9591788	9592555	-	0	0	0		19	20	76	0.2631578947368421	91	14	417	0.03357314148681055
CUFF_NC.3835	2	9645182	9647075	-	0	0	0		144	1	582	0.001718213058419244	430	3	1702	0.0017626321974148062
CUFF_NC.3836	2	9649961	9651038	+	0	0	0		94	6	540	0.011111111111111112	286	3	1462	0.002051983584131327
CUFF_NC.3858	2	9652511	9653208	-	0	0	0		16	13	74	0.17567567567567569	154	42	671	0.06259314456035768
CUFF_NC.3859	2	9659074	9659605	-	0	0	0		73	1	243	0.00411522633744856	140	2	427	0.00468384074941452
CUFF_NC.3851	2	9695711	9696860	-	0	0	0		70	0	370	0.0	268	1	1194	0.0008375209380234506
CUFF_NC.3838	2	9704890	9705336	+	0	0	0		31	1	142	0.007042253521126761	117	1	539	0.0018552875695732839
CUFF_NC.3837	2	9710385	9712094	-	0	0	0		59	4	380	0.010526315789473684	462	5	2434	0.002054231717337716
CUFF_NC.3840	2	9713340	9716676	-	0	0	0		115	4	680	0.0058823529411764705	835	8	5049	0.0015844721727074668
CUFF_NC.3842	2	9713917	9714656	+	0	0	0		29	0	125	0.0	222	1	1009	0.0009910802775024777
CUFF_NC.3843	2	9717527	9719159	+	0	0	0		81	1	376	0.0026595744680851063	458	7	2159	0.003242241778601204
CUFF_NC.3839	2	9721101	9722028	+	0	0	0		55	1	259	0.003861003861003861	201	0	1139	0.0
CUFF_NC.3848	2	9725721	9726424	+	0	0	0		36	0	212	0.0	157	1	991	0.0010090817356205853
CUFF_NC.3847	2	9728641	9729549	-	0	0	0		69	0	410	0.0	226	1	1089	0.0009182736455463728
CUFF_NC.3844	2	9732472	9733328	+	0	0	0		80	3	411	0.0072992700729927005	160	1	767	0.001303780964797914
CUFF_NC.3846	2	9739516	9739998	-	0	0	0		19	0	117	0.0	128	3	779	0.0038510911424903724
CUFF_NC.3845	2	9742403	9743484	+	0	0	0		48	3	242	0.012396694214876033	349	17	1701	0.009994121105232217
CUFF_NC.3850	2	9745394	9746406	+	0	0	0		68	0	356	0.0	240	3	1303	0.0023023791250959325
CUFF_NC.3849	2	9748731	9749481	-	0	0	0		23	0	114	0.0	152	1	701	0.0014265335235378032
CUFF_NC.3856	2	9752490	9753559	-	0	0	0		83	2	504	0.003968253968253968	251	2	1531	0.0013063357282821686
CUFF_NC.3852	2	9773440	9774100	-	0	0	0		28	2	160	0.0125	170	4	1137	0.003518029903254178
CUFF_NC.3853	2	9773612	9774264	+	0	0	0		29	2	162	0.012345679012345678	155	4	793	0.005044136191677175
CUFF_NC.3860	2	9774802	9779705	-	0	0	0		174	2	1023	0.0019550342130987292	1200	6	7043	0.0008519096975720574
CUFF_NC.3854	2	9785203	9785867	+	0	0	0		28	1	148	0.006756756756756757	181	0	969	0.0
CUFF_NC.3855	2	9795237	9796476	-	0	0	0		55	0	324	0.0	322	1	1927	0.0005189413596263622
CUFF_NC.3857	2	9820597	9821415	-	0	0	0		28	0	214	0.0	175	1	1209	0.0008271298593879239
CUFF_NC.3861	2	9842047	9842513	-	0	0	0		22	0	75	0.0	108	1	310	0.0032258064516129032
CUFF_NC.3868	2	9843989	9845374	-	0	0	0		65	0	151	0.0	184	2	494	0.004048582995951417
CUFF_NC.3869	2	9845498	9847999	+	0	0	0		213	1	924	0.0010822510822510823	626	7	2854	0.002452697967764541
CUFF_NC.3862	2	9852819	9853427	-	0	0	0		23	2	147	0.013605442176870748	141	27	879	0.030716723549488054
CUFF_NC.3863	2	9855192	9855897	-	0	0	0		14	22	54	0.4074074074074074	253	131	1152	0.11371527777777778
CUFF_NC.3864	2	9855387	9855804	+	0	0	0		8	14	36	0.3888888888888889	153	83	647	0.12828438948995363
CUFF_NC.3867	2	9864361	9865166	+	0	0	0		56	0	282	0.0	240	0	1189	0.0
CUFF_NC.3866	2	9875998	9876430	-	0	0	0		25	1	189	0.005291005291005291	130	3	905	0.0033149171270718232
CUFF_NC.3865	2	9886228	9886836	-	0	0	0		33	0	162	0.0	182	4	973	0.0041109969167523125
CUFF_NC.3873	2	9904742	9906131	+	0	0	0		96	0	483	0.0	335	4	1435	0.0027874564459930314
CUFF_NC.3876	2	9914352	9916189	-	0	0	0		139	4	796	0.005025125628140704	462	4	2517	0.0015891934843067143
CUFF_NC.3877	2	9917844	9918359	-	0	0	0		24	1	189	0.005291005291005291	135	2	803	0.0024906600249066002
CUFF_NC.3870	2	9921555	9921997	-	0	0	0		5	0	40	0.0	33	1	213	0.004694835680751174
CUFF_NC.3871	2	9922599	9923702	-	0	0	0		51	158	232	0.6810344827586207	292	148	1334	0.11094452773613193
CUFF_NC.3872	2	9922939	9923509	+	0	0	0		32	94	144	0.6527777777777778	171	87	771	0.11284046692607004
CUFF_NC.3875	2	9924697	9926131	-	0	0	0		102	2	529	0.003780718336483932	316	3	1576	0.0019035532994923859
CUFF_NC.3874	2	9937768	9938935	-	0	0	0		67	0	224	0.0	228	3	707	0.004243281471004243
CUFF_NC.3879	2	9945637	9945959	-	0	0	0		27	0	127	0.0	100	2	488	0.004098360655737705
CUFF_NC.3900	2	9959131	9960084	-	0	0	0		74	0	488	0.0	256	4	1728	0.0023148148148148147
CUFF_NC.3885	2	9972058	9972405	-	0	0	0		21	0	117	0.0	82	0	394	0.0
CUFF_NC.3880	2	9977573	9978150	+	0	0	0		34	0	172	0.0	135	0	584	0.0
CUFF_NC.3878	2	9985809	9986678	-	0	0	0		42	0	189	0.0	240	3	1221	0.002457002457002457
CUFF_NC.3884	2	9991398	9992139	+	0	0	0		26	0	154	0.0	165	3	914	0.0032822757111597373
CUFF_NC.3896	2	9995844	9996643	-	0	0	0		59	2	348	0.005747126436781609	213	2	947	0.0021119324181626186
CUFF_NC.3897	2	10008466	10008945	+	0	0	0		20	145	276	0.5253623188405797	126	257	1690	0.15207100591715977
CUFF_NC.3881	2	10011404	10012754	+	0	0	0		54	0	328	0.0	356	3	2186	0.0013723696248856359
CUFF_NC.3882	2	10013037	10013466	+	0	0	0		27	0	132	0.0	124	0	665	0.0
CUFF_NC.3883	2	10014752	10015173	+	0	0	0		38	0	251	0.0	125	1	587	0.0017035775127768314
CUFF_NC.3892	2	10039761	10047713	+	0	0	0		276	59	1422	0.04149085794655415	1579	84	8779	0.009568287959904317
CUFF_NC.3893	2	10043283	10046836	+	0	0	0		134	1	631	0.001584786053882726	656	4	3381	0.0011830819284235432
CUFF_NC.3894	2	10044171	10045099	+	0	0	0		47	1	296	0.0033783783783783786	237	1	1535	0.0006514657980456026
CUFF_NC.3895	2	10048655	10049614	+	0	0	0		54	0	296	0.0	239	4	1402	0.0028530670470756064
CUFF_NC.3887	2	10060466	10061074	+	0	0	0		36	0	123	0.0	198	1	742	0.0013477088948787063
CUFF_NC.3888	2	10066950	10067326	-	0	0	0		25	0	131	0.0	106	1	528	0.001893939393939394
CUFF_NC.3886	2	10071984	10072841	-	0	0	0		49	0	240	0.0	235	1	1057	0.000946073793755913
CUFF_NC.3889	2	10075269	10076137	-	0	0	0		0	0	0		9	0	31	0.0
CUFF_NC.3899	2	10076539	10077166	+	0	0	0		34	0	262	0.0	174	2	1270	0.0015748031496062992
CUFF_NC.3890	2	10095329	10095763	+	0	0	0		12	1	79	0.012658227848101266	131	3	782	0.0038363171355498722
CUFF_NC.3901	2	10107863	10108531	+	0	0	0		31	0	100	0.0	149	0	575	0.0
CUFF_NC.3903	2	10120306	10122590	+	0	0	0		120	1	647	0.0015455950540958269	615	9	2879	0.003126085446335533
CUFF_NC.3902	2	10125584	10126811	+	0	0	0		65	0	404	0.0	363	2	2128	0.0009398496240601503
CUFF_NC.3898	2	10131630	10133086	+	0	0	0		63	0	315	0.0	430	5	2079	0.002405002405002405
CUFF_NC.3904	2	10133615	10134397	+	0	0	0		23	0	81	0.0	192	1	1025	0.000975609756097561
CUFF_NC.3905	2	10144858	10145322	+	0	0	0		11	9	69	0.13043478260869565	70	15	547	0.027422303473491772
CUFF_NC.3906	2	10145512	10149698	-	0	0	0		147	117	1006	0.11630218687872763	997	71	6427	0.011047144857631865
CUFF_NC.3907	2	10175813	10176474	-	0	0	0		57	1	363	0.0027548209366391185	166	3	1001	0.002997002997002997
CUFF_NC.3908	2	10187110	10187863	+	0	0	0		53	2	252	0.007936507936507936	233	1	1052	0.0009505703422053232
CUFF_NC.3909	2	10188085	10190389	+	0	0	0		137	4	875	0.004571428571428572	639	5	3763	0.0013287270794578793
CUFF_NC.3910	2	10206708	10207323	+	0	0	0		52	0	259	0.0	175	1	855	0.0011695906432748538
CUFF_NC.3912	2	10262750	10263129	+	0	0	0		32	0	140	0.0	103	0	466	0.0
CUFF_NC.3914	2	10266772	10269058	+	0	0	0		103	1	568	0.0017605633802816902	582	6	3180	0.0018867924528301887
CUFF_NC.3911	2	10298019	10298441	-	0	0	0		21	0	121	0.0	116	3	674	0.004451038575667656
CUFF_NC.3913	2	10313599	10314953	+	0	0	0		117	1	540	0.001851851851851852	379	2	1890	0.0010582010582010583
CUFF_NC.3915	2	10319455	10320249	+	0	0	0		44	1	206	0.0048543689320388345	193	1	787	0.0012706480304955528
CUFF_NC.3916	2	10321821	10322240	+	0	0	0		14	0	98	0.0	102	0	624	0.0
CUFF_NC.3917	2	10350396	10350998	+	0	0	0		21	0	159	0.0	172	3	1196	0.002508361204013378
CUFF_NC.3919	2	10392233	10392668	-	0	0	0		23	0	118	0.0	120	0	598	0.0
CUFF_NC.3946	2	10406011	10413426	-	0	0	0		199	418	1120	0.3732142857142857	1838	556	10886	0.05107477494029028
CUFF_NC.3947	2	10412708	10413260	+	0	0	0		9	30	57	0.5263157894736842	85	42	555	0.07567567567567568
CUFF_NC.3920	2	10413776	10414377	+	0	0	0		11	0	71	0.0	156	1	1020	0.000980392156862745
CUFF_NC.3924	2	10415159	10415589	-	0	0	0		11	0	83	0.0	93	1	737	0.0013568521031207597
CUFF_NC.3923	2	10424301	10425301	-	0	0	0		72	0	459	0.0	272	4	1813	0.002206287920573635
CUFF_NC.3921	2	10434397	10436083	-	0	0	0		47	37	294	0.12585034013605442	403	98	2943	0.03329935440027183
CUFF_NC.3922	2	10444850	10446538	+	0	0	0		105	2	531	0.003766478342749529	433	1	2060	0.0004854368932038835
CUFF_NC.3929	2	10450241	10450666	-	0	0	0		20	0	73	0.0	149	2	584	0.003424657534246575
CUFF_NC.3930	2	10450830	10451262	-	0	0	0		30	0	203	0.0	120	1	696	0.0014367816091954023
CUFF_NC.3928	2	10452184	10453113	+	0	0	0		60	1	326	0.003067484662576687	278	3	1542	0.0019455252918287938
CUFF_NC.3925	2	10454720	10455497	-	0	0	0		21	0	138	0.0	234	1	1367	0.000731528895391368
CUFF_NC.3931	2	10457183	10457801	-	0	0	0		25	0	171	0.0	170	3	1268	0.002365930599369085
CUFF_NC.3927	2	10463386	10464122	+	0	0	0		48	0	205	0.0	201	1	895	0.0011173184357541898
CUFF_NC.3926	2	10464602	10465010	-	0	0	0		21	0	104	0.0	102	2	466	0.004291845493562232
CUFF_NC.3935	2	10484589	10485512	+	0	0	0		67	2	472	0.00423728813559322	265	2	1706	0.0011723329425556857
CUFF_NC.3945	2	10500581	10501115	+	0	0	0		22	5	135	0.037037037037037035	151	0	1033	0.0
CUFF_NC.3933	2	10503332	10504381	-	0	0	0		28	0	177	0.0	191	0	1237	0.0
CUFF_NC.3932	2	10504717	10505223	-	0	0	0		13	0	45	0.0	70	0	211	0.0
CUFF_NC.3934	2	10528050	10529079	+	0	0	0		50	1	346	0.002890173410404624	291	4	1923	0.0020800832033281333
CUFF_NC.3937	2	10533380	10534157	-	0	0	0		10	11	24	0.4583333333333333	78	21	173	0.12138728323699421
CUFF_NC.3938	2	10533473	10534296	+	0	0	0		12	11	29	0.3793103448275862	100	21	212	0.09905660377358491
CUFF_NC.3940	2	10559269	10560122	-	0	0	0		52	0	261	0.0	218	4	913	0.004381161007667032
CUFF_NC.3942	2	10566599	10568057	-	0	0	0		104	0	551	0.0	342	1	1586	0.0006305170239596469
CUFF_NC.3941	2	10569265	10570511	+	0	0	0		48	15	291	0.05154639175257732	312	8	1863	0.0042941492216854536
CUFF_NC.3943	2	10572315	10572773	+	0	0	0		38	0	177	0.0	124	1	451	0.0022172949002217295
CUFF_NC.3944	2	10586624	10587553	+	0	0	0		48	0	335	0.0	258	5	1824	0.0027412280701754384
CUFF_NC.3948	2	10591594	10591972	-	0	0	0		23	0	127	0.0	116	2	723	0.0027662517289073307
CUFF_NC.3949	2	10610566	10611772	-	0	0	0		64	10	342	0.029239766081871343	326	8	1607	0.004978220286247666
CUFF_NC.3950	2	10626852	10627331	-	0	0	0		37	3	192	0.015625	110	2	558	0.0035842293906810036
CUFF_NC.3951	2	10627902	10628322	-	0	0	0		25	1	194	0.005154639175257732	128	1	596	0.0016778523489932886
CUFF_NC.3956	2	10653594	10655152	+	0	0	0		79	1	483	0.002070393374741201	432	4	2629	0.0015214910612400153
CUFF_NC.3953	2	10671802	10672745	+	0	0	0		61	0	223	0.0	225	2	861	0.0023228803716608595
CUFF_NC.3955	2	10697754	10699200	+	0	0	0		125	1	770	0.0012987012987012987	394	6	2402	0.002497918401332223
CUFF_NC.3958	2	10736486	10737863	+	0	0	0		74	0	364	0.0	386	1	1745	0.0005730659025787965
CUFF_NC.3959	2	10753565	10754829	-	0	0	0		61	1	361	0.002770083102493075	217	3	1123	0.0026714158504007124
CUFF_NC.3960	2	10757309	10758000	+	0	0	0		52	1	143	0.006993006993006993	173	4	618	0.006472491909385114
CUFF_NC.3963	2	10761744	10762200	-	0	0	0		53	1	284	0.0035211267605633804	125	0	675	0.0
CUFF_NC.3964	2	10771515	10772375	+	0	0	0		61	0	259	0.0	182	1	711	0.0014064697609001407
CUFF_NC.3974	2	10799527	10800885	-	0	0	0		117	4	780	0.005128205128205128	356	6	2252	0.0026642984014209592
CUFF_NC.3961	2	10804504	10808936	-	0	0	0		140	1	916	0.001091703056768559	951	14	6269	0.002233211038443133
CUFF_NC.3966	2	10822046	10822443	-	0	0	0		20	0	106	0.0	97	1	313	0.003194888178913738
CUFF_NC.3967	2	10822892	10824422	-	0	0	0		103	2	492	0.0040650406504065045	430	2	1896	0.0010548523206751054
CUFF_NC.3968	2	10828843	10829605	-	0	0	0		31	0	189	0.0	238	3	1376	0.002180232558139535
CUFF_NC.3969	2	10830641	10831134	+	0	0	0		27	0	119	0.0	145	2	645	0.0031007751937984496
CUFF_NC.3970	2	10831167	10836559	+	0	0	0		216	5	1242	0.004025764895330112	1312	20	7628	0.0026219192448872575
CUFF_NC.3965	2	10837512	10837913	+	0	0	0		16	0	93	0.0	111	1	575	0.0017391304347826088
CUFF_NC.3975	2	10844901	10845578	-	0	0	0		52	0	305	0.0	204	3	1146	0.002617801047120419
CUFF_NC.3973	2	10854492	10855200	+	0	0	0		44	0	209	0.0	162	1	783	0.001277139208173691
CUFF_NC.3971	2	10857777	10858365	+	0	0	0		9	1	58	0.017241379310344827	134	4	892	0.004484304932735426
CUFF_NC.3972	2	10858482	10859740	+	0	0	0		56	0	312	0.0	249	3	1208	0.0024834437086092716
CUFF_NC.3980	2	10870106	10870787	+	0	0	0		40	0	248	0.0	198	3	1087	0.0027598896044158236
CUFF_NC.3981	2	10870943	10871482	+	0	0	0		40	1	316	0.0031645569620253164	151	0	970	0.0
CUFF_NC.3986	2	10890270	10890607	-	0	0	0		12	0	104	0.0	96	2	806	0.0024813895781637717
CUFF_NC.3977	2	10897978	10898527	-	0	0	0		31	0	240	0.0	149	1	1022	0.0009784735812133072
CUFF_NC.3978	2	10906391	10907282	-	0	0	0		60	0	305	0.0	236	2	1109	0.0018034265103697023
CUFF_NC.3976	2	10909474	10909828	-	0	0	0		14	23	129	0.17829457364341086	103	22	867	0.025374855824682813
CUFF_NC.3979	2	10928818	10929443	+	0	0	0		50	0	218	0.0	171	2	577	0.0034662045060658577
CUFF_NC.3989	2	10951128	10952035	+	0	0	0		27	4	225	0.017777777777777778	208	25	1737	0.014392630972941854
CUFF_NC.3991	2	10955767	10956390	+	0	0	0		31	0	219	0.0	147	2	911	0.0021953896816684962
CUFF_NC.3984	2	10982562	10982975	-	0	0	0		27	0	229	0.0	109	2	945	0.0021164021164021165
CUFF_NC.3982	2	10989434	10989890	+	0	0	0		17	1	62	0.016129032258064516	110	1	638	0.001567398119122257
CUFF_NC.3983	2	10992873	10993895	-	0	0	0		37	1	233	0.004291845493562232	281	4	1765	0.0022662889518413596
CUFF_NC.3985	2	11009059	11010020	+	0	0	0		69	0	354	0.0	217	1	1239	0.0008071025020177562
CUFF_NC.3990	2	11034117	11034546	-	0	0	0		27	0	98	0.0	125	1	515	0.001941747572815534
CUFF_NC.3987	2	11041522	11043544	-	0	0	0		108	11	399	0.02756892230576441	365	7	1324	0.005287009063444109
CUFF_NC.3998	2	11065768	11066321	+	0	0	0		31	1	169	0.005917159763313609	119	2	555	0.0036036036036036037
CUFF_NC.3992	2	11071997	11072377	+	0	0	0		74	1	387	0.002583979328165375	125	0	578	0.0
CUFF_NC.3988	2	11075895	11076441	+	0	0	0		23	0	154	0.0	126	1	785	0.0012738853503184713
CUFF_NC.3993	2	11086175	11087086	+	0	0	0		50	2	263	0.0076045627376425855	261	4	1437	0.0027835768963117608
CUFF_NC.4001	2	11092666	11093428	+	0	0	0		48	1	319	0.003134796238244514	164	2	1092	0.0018315018315018315
CUFF_NC.3994	2	11094706	11095195	+	0	0	0		39	0	193	0.0	98	1	519	0.0019267822736030828
CUFF_NC.3996	2	11111400	11111707	+	0	0	0		15	0	129	0.0	100	1	710	0.0014084507042253522
CUFF_NC.3997	2	11112548	11113520	+	0	0	0		75	1	411	0.0024330900243309003	262	4	1341	0.002982848620432513
CUFF_NC.3995	2	11120452	11122087	-	0	0	0		72	1	444	0.0022522522522522522	400	3	2071	0.0014485755673587638
CUFF_NC.3999	2	11140063	11140401	-	0	0	0		3	0	12	0.0	102	1	718	0.001392757660167131
CUFF_NC.4000	2	11147831	11149311	+	0	0	0		96	1	499	0.002004008016032064	444	5	2323	0.002152389151958674
CUFF_NC.4005	2	11155445	11156386	-	0	0	0		73	0	458	0.0	265	2	1603	0.0012476606363069245
CUFF_NC.4004	2	11163299	11163803	+	0	0	0		2	0	2	0.0	17	0	21	0.0
CUFF_NC.4003	2	11166013	11166582	-	0	0	0		37	3	225	0.013333333333333334	158	0	965	0.0
CUFF_NC.4002	2	11168203	11168818	+	0	0	0		29	7	241	0.029045643153526972	154	9	968	0.009297520661157025
CUFF_NC.4009	2	11220094	11220543	+	0	0	0		33	0	209	0.0	97	2	700	0.002857142857142857
CUFF_NC.4008	2	11220707	11221535	+	0	0	0		45	0	232	0.0	201	2	985	0.0020304568527918783
CUFF_NC.4007	2	11234432	11235212	+	0	0	0		39	0	216	0.0	224	2	1235	0.0016194331983805667
CUFF_NC.4006	2	11237095	11237710	+	0	0	0		10	0	52	0.0	147	2	924	0.0021645021645021645
CUFF_NC.4010	2	11239314	11239887	+	0	0	0		25	0	152	0.0	143	0	859	0.0
CUFF_NC.4011	2	11240173	11241213	+	0	0	0		34	0	208	0.0	305	3	1937	0.0015487867836861124
CUFF_NC.4016	2	11243294	11243865	+	0	0	0		40	1	241	0.004149377593360996	162	3	921	0.003257328990228013
CUFF_NC.4017	2	11245384	11246316	+	0	0	0		51	0	337	0.0	202	4	1253	0.0031923383878691143
CUFF_NC.4019	2	11259247	11259965	+	0	0	0		49	0	283	0.0	170	1	946	0.0010570824524312897
CUFF_NC.4013	2	11263926	11265538	-	0	0	0		87	0	481	0.0	484	5	2442	0.0020475020475020475
CUFF_NC.4012	2	11267918	11268383	-	0	0	0		22	0	174	0.0	142	1	986	0.0010141987829614604
CUFF_NC.4014	2	11270340	11270790	-	0	0	0		46	0	209	0.0	120	2	521	0.003838771593090211
CUFF_NC.4018	2	11273798	11274360	-	0	0	0		33	0	222	0.0	126	2	867	0.002306805074971165
CUFF_NC.4015	2	11282903	11284322	+	0	0	0		52	0	241	0.0	413	4	1991	0.0020090406830738324
CUFF_NC.4020	2	11287936	11288364	+	0	0	0		36	0	218	0.0	113	1	689	0.001451378809869376
CUFF_NC.4023	2	11301220	11302122	-	0	0	0		77	0	346	0.0	264	1	934	0.0010706638115631692
CUFF_NC.4021	2	11327935	11328767	-	0	0	0		21	35	129	0.2713178294573643	141	33	958	0.03444676409185804
CUFF_NC.4024	2	11329848	11330523	-	0	0	0		31	1	159	0.006289308176100629	129	1	627	0.001594896331738437
CUFF_NC.4022	2	11338536	11339084	-	0	0	0		17	1	130	0.007692307692307693	137	3	884	0.003393665158371041
CUFF_NC.4032	2	11348043	11348415	+	0	0	0		21	0	172	0.0	118	1	859	0.0011641443538998836
CUFF_NC.4033	2	11350516	11351293	+	0	0	0		29	1	131	0.007633587786259542	197	0	906	0.0
CUFF_NC.4025	2	11353981	11354490	+	0	0	0		26	1	156	0.00641025641025641	131	1	789	0.0012674271229404308
CUFF_NC.4026	2	11357530	11358464	-	0	0	0		22	1	201	0.004975124378109453	243	4	1774	0.002254791431792559
CUFF_NC.4029	2	11369972	11372167	-	0	0	0		58	0	361	0.0	534	10	3629	0.002755580049600441
CUFF_NC.4030	2	11388346	11389945	-	0	0	0		108	2	575	0.0034782608695652175	422	9	2078	0.004331087584215592
CUFF_NC.4031	2	11390305	11391795	-	0	0	0		88	0	492	0.0	399	6	2646	0.0022675736961451248
CUFF_NC.4034	2	11393024	11396220	+	0	0	0		104	7	650	0.010769230769230769	748	9	4752	0.001893939393939394
CUFF_NC.4035	2	11393465	11397194	+	0	0	0		156	7	898	0.0077951002227171495	912	10	5303	0.0018857250612860645
CUFF_NC.4027	2	11397483	11399111	+	0	0	0		40	116	277	0.4187725631768953	287	222	1830	0.12131147540983607
CUFF_NC.4028	2	11400226	11400826	-	0	0	0		16	23	79	0.2911392405063291	132	17	686	0.02478134110787172
CUFF_NC.4037	2	11434028	11434657	+	0	0	0		55	0	348	0.0	154	1	1023	0.0009775171065493646
CUFF_NC.4042	2	11443298	11444085	-	0	0	0		31	1	186	0.005376344086021506	177	3	932	0.003218884120171674
CUFF_NC.4036	2	11450651	11451256	+	0	0	0		20	1	123	0.008130081300813009	202	1	761	0.001314060446780552
CUFF_NC.4038	2	11451473	11452694	+	0	0	0		41	0	288	0.0	307	3	2237	0.0013410818059901655
CUFF_NC.4046	2	11469502	11469899	+	0	0	0		35	2	194	0.010309278350515464	132	0	762	0.0
CUFF_NC.4039	2	11496453	11497736	+	0	0	0		50	0	347	0.0	399	5	2087	0.0023957834211787254
CUFF_NC.4040	2	11519514	11520076	+	0	0	0		42	0	268	0.0	147	2	931	0.0021482277121374865
CUFF_NC.4043	2	11526258	11527900	+	0	0	0		89	0	462	0.0	435	6	1929	0.003110419906687403
CUFF_NC.4044	2	11546165	11547068	-	0	0	0		49	1	201	0.004975124378109453	291	2	1319	0.001516300227445034
CUFF_NC.4045	2	11595027	11595861	-	0	0	0		69	0	337	0.0	203	2	966	0.002070393374741201
CUFF_NC.4047	2	11669749	11670466	-	0	0	0		35	1	206	0.0048543689320388345	216	0	1181	0.0
CUFF_NC.4048	2	11678692	11679137	+	0	0	0		12	1	54	0.018518518518518517	144	1	670	0.0014925373134328358
CUFF_NC.4052	2	11683875	11685679	+	0	0	0		67	2	366	0.00546448087431694	437	4	2204	0.0018148820326678765
CUFF_NC.4051	2	11688186	11689384	+	0	0	0		36	0	191	0.0	322	3	2077	0.0014443909484833895
CUFF_NC.4050	2	11689461	11690567	+	0	0	0		31	0	184	0.0	304	4	1885	0.002122015915119363
CUFF_NC.4049	2	11691485	11691908	+	0	0	0		17	2	79	0.02531645569620253	104	1	488	0.0020491803278688526
CUFF_NC.4053	2	11726165	11727081	+	0	0	0		43	0	272	0.0	278	1	1655	0.0006042296072507553
CUFF_NC.4058	2	11752700	11754133	+	0	0	0		63	1	349	0.0028653295128939827	402	5	2428	0.002059308072487644
CUFF_NC.4054	2	11758195	11758973	+	0	0	0		57	1	293	0.0034129692832764505	223	0	1168	0.0
CUFF_NC.4055	2	11766958	11767433	+	0	0	0		13	1	79	0.012658227848101266	108	1	569	0.0017574692442882249
CUFF_NC.4056	2	11771556	11771989	+	0	0	0		12	0	72	0.0	115	1	774	0.0012919896640826874
CUFF_NC.4059	2	11776699	11777299	+	0	0	0		54	1	291	0.003436426116838488	143	2	826	0.002421307506053269
CUFF_NC.4057	2	11792127	11792452	+	0	0	0		9	0	66	0.0	90	2	493	0.004056795131845842
CUFF_NC.4060	2	11803184	11804149	+	0	0	0		34	0	198	0.0	270	0	1589	0.0
CUFF_NC.4061	2	11812658	11813166	-	0	0	0		35	48	184	0.2608695652173913	105	24	589	0.04074702886247878
CUFF_NC.4063	2	11832846	11834249	+	0	0	0		58	2	422	0.004739336492890996	380	4	2391	0.001672940192388122
CUFF_NC.4062	2	11835620	11836137	-	0	0	0		15	0	105	0.0	122	0	888	0.0
CUFF_NC.4066	2	11851946	11852909	-	0	0	0		82	1	426	0.002347417840375587	247	3	1159	0.0025884383088869713
CUFF_NC.4064	2	11857175	11857959	-	0	0	0		55	0	234	0.0	189	0	697	0.0
CUFF_NC.4065	2	11860152	11861416	-	0	0	0		83	0	416	0.0	288	2	1424	0.0014044943820224719
CUFF_NC.4068	2	11892137	11893574	-	0	0	0		46	1	262	0.003816793893129771	374	7	2266	0.003089143865842895
CUFF_NC.4069	2	11902428	11903036	+	0	0	0		38	2	157	0.012738853503184714	176	1	610	0.001639344262295082
CUFF_NC.4067	2	11911152	11911670	+	0	0	0		23	0	91	0.0	102	0	341	0.0
CUFF_NC.4072	2	11918759	11919719	+	0	0	0		59	0	364	0.0	312	1	1541	0.0006489292667099286
CUFF_NC.4071	2	11922582	11922985	+	0	0	0		24	1	149	0.006711409395973154	112	1	682	0.001466275659824047
CUFF_NC.4073	2	11953700	11954814	+	0	0	0		51	0	323	0.0	299	4	1815	0.0022038567493112946
CUFF_NC.4077	2	11955970	11956481	-	0	0	0		33	0	181	0.0	130	0	852	0.0
CUFF_NC.4075	2	11960715	11962045	+	0	0	0		56	1	344	0.0029069767441860465	330	4	1880	0.002127659574468085
CUFF_NC.4076	2	11962251	11963423	+	0	0	0		44	0	250	0.0	302	3	1659	0.0018083182640144665
CUFF_NC.4079	2	11975850	11976592	-	0	0	0		39	1	242	0.004132231404958678	213	0	1366	0.0
CUFF_NC.4078	2	11979097	11979798	+	0	0	0		26	1	200	0.005	203	3	1394	0.002152080344332855
CUFF_NC.4074	2	11986561	11987284	-	0	0	0		42	0	224	0.0	214	0	1048	0.0
CUFF_NC.4081	2	12010798	12012232	+	0	0	0		57	0	280	0.0	421	2	2149	0.0009306654257794323
CUFF_NC.4082	2	12024131	12025174	-	0	0	0		89	0	438	0.0	282	3	1453	0.0020646937370956643
CUFF_NC.4080	2	12027174	12027455	+	0	0	0		9	0	68	0.0	95	0	694	0.0
CUFF_NC.4083	2	12040877	12041593	-	0	0	0		99	2	498	0.004016064257028112	211	2	852	0.002347417840375587
CUFF_NC.4099	2	12058562	12058847	-	0	0	0		38	2	261	0.007662835249042145	84	2	525	0.0038095238095238095
CUFF_NC.4085	2	12087296	12087869	-	0	0	0		37	0	201	0.0	168	2	919	0.002176278563656148
CUFF_NC.4084	2	12115613	12116333	-	0	0	0		55	0	215	0.0	179	0	678	0.0
CUFF_NC.4089	2	12134167	12134893	+	0	0	0		91	1	476	0.0021008403361344537	201	1	953	0.001049317943336831
CUFF_NC.4088	2	12140520	12140970	+	0	0	0		20	3	124	0.024193548387096774	131	0	895	0.0
CUFF_NC.4087	2	12148444	12149337	+	0	0	0		52	0	308	0.0	180	4	935	0.0042780748663101605
CUFF_NC.4086	2	12152261	12152927	-	0	0	0		23	0	155	0.0	184	2	1044	0.0019157088122605363
CUFF_NC.4090	2	12157722	12158614	-	0	0	0		51	0	199	0.0	238	2	1007	0.0019860973187686196
CUFF_NC.4094	2	12162292	12163667	+	0	0	0		121	1	859	0.0011641443538998836	382	5	2385	0.0020964360587002098
CUFF_NC.4096	2	12172807	12174048	+	0	0	0		65	0	361	0.0	314	6	1691	0.0035481963335304554
CUFF_NC.4091	2	12174685	12175088	-	0	0	0		17	0	107	0.0	102	1	583	0.0017152658662092624
CUFF_NC.4093	2	12187775	12188310	+	0	0	0		31	0	101	0.0	157	1	553	0.0018083182640144665
CUFF_NC.4092	2	12199351	12200099	+	0	0	0		34	2	178	0.011235955056179775	223	1	911	0.0010976948408342481
CUFF_NC.4095	2	12214459	12214846	-	0	0	0		36	0	204	0.0	106	1	524	0.0019083969465648854
CUFF_NC.4097	2	12248813	12249506	-	0	0	0		12	0	87	0.0	194	1	1369	0.0007304601899196494
CUFF_NC.4098	2	12254957	12255859	-	0	0	0		36	2	220	0.00909090909090909	250	2	1219	0.0016406890894175555
CUFF_NC.4102	2	12272251	12272810	-	0	0	0		20	0	76	0.0	144	3	521	0.005758157389635317
CUFF_NC.4100	2	12273146	12273675	+	0	0	0		17	0	44	0.0	121	3	583	0.005145797598627788
CUFF_NC.4101	2	12273499	12273923	-	0	0	0		13	0	69	0.0	89	2	485	0.004123711340206186
CUFF_NC.4105	2	12275562	12277328	+	0	0	0		69	0	383	0.0	533	3	2948	0.0010176390773405698
CUFF_NC.4103	2	12285205	12285595	+	0	0	0		17	70	120	0.5833333333333334	96	56	557	0.10053859964093358
CUFF_NC.4104	2	12285904	12286593	+	0	0	0		34	28	174	0.16091954022988506	178	28	895	0.03128491620111732
CUFF_NC.4106	2	12295206	12296088	-	0	0	0		54	0	280	0.0	226	3	1255	0.002390438247011952
CUFF_NC.4107	2	12326981	12327474	-	0	0	0		44	0	285	0.0	131	0	722	0.0
CUFF_NC.4108	2	12329354	12330106	+	0	0	0		31	0	218	0.0	171	8	1039	0.007699711260827719
CUFF_NC.4114	2	12333988	12336780	+	0	0	0		119	6	819	0.007326007326007326	719	11	4263	0.0025803424818203143
CUFF_NC.4109	2	12349093	12350328	-	0	0	0		56	222	503	0.441351888667992	279	131	2765	0.04737793851717902
CUFF_NC.4111	2	12358278	12359222	+	0	0	0		59	4	422	0.009478672985781991	247	6	1514	0.003963011889035667
CUFF_NC.4110	2	12394385	12394918	+	0	0	0		23	1	93	0.010752688172043012	154	1	599	0.001669449081803005
CUFF_NC.4113	2	12407160	12408054	+	0	0	0		80	0	399	0.0	191	2	917	0.0021810250817884407
CUFF_NC.4115	2	12415778	12417024	+	0	0	0		77	0	335	0.0	249	5	764	0.006544502617801047
CUFF_NC.4112	2	12417791	12418334	-	0	0	0		31	0	139	0.0	124	1	506	0.001976284584980237
CUFF_NC.4116	2	12449211	12450656	+	0	0	0		0	0	0		3	0	3	0.0
CUFF_NC.4118	2	12496116	12496625	+	0	0	0		19	0	81	0.0	118	0	552	0.0
CUFF_NC.4119	2	12498129	12498685	+	0	0	0		21	0	107	0.0	166	1	866	0.0011547344110854503
CUFF_NC.4117	2	12516290	12516881	+	0	0	0		23	0	135	0.0	163	0	875	0.0
CUFF_NC.4120	2	12525468	12526500	+	0	0	0		40	0	246	0.0	319	3	1775	0.0016901408450704226
CUFF_NC.4121	2	12536857	12542456	+	0	0	0		155	5	888	0.00563063063063063	829	9	5042	0.0017850059500198333
CUFF_NC.4122	2	12540915	12541693	+	0	0	0		2	1	2	0.5	16	0	16	0.0
CUFF_NC.4126	2	12542780	12543522	-	0	0	0		45	0	276	0.0	219	2	1341	0.0014914243102162564
CUFF_NC.4127	2	12546680	12552126	+	0	0	0		365	2	2216	0.0009025270758122744	1643	15	9400	0.0015957446808510637
CUFF_NC.4128	2	12546950	12552438	+	0	0	0		369	2	2142	0.0009337068160597573	1659	16	9236	0.0017323516673884798
CUFF_NC.4125	2	12559983	12561306	-	0	0	0		141	1	526	0.0019011406844106464	425	0	1422	0.0
CUFF_NC.4143	2	12585740	12592653	-	0	0	0		321	3	1985	0.0015113350125944584	1979	27	12064	0.0022380636604774538
CUFF_NC.4144	2	12587337	12599096	-	0	0	0		512	6	3350	0.001791044776119403	3156	41	20045	0.00204539785482664
CUFF_NC.4124	2	12601503	12603503	-	0	0	0		90	15	482	0.03112033195020747	530	39	2887	0.013508832698302737
CUFF_NC.4129	2	12612435	12613085	+	0	0	0		42	0	185	0.0	159	1	811	0.0012330456226880395
CUFF_NC.4130	2	12614866	12615450	+	0	0	0		42	1	212	0.0047169811320754715	143	3	804	0.0037313432835820895
CUFF_NC.4123	2	12618260	12618896	+	0	0	0		34	0	195	0.0	165	2	663	0.0030165912518853697
CUFF_NC.4131	2	12624599	12626342	+	0	0	0		65	1	355	0.0028169014084507044	455	7	2293	0.0030527692978630614
CUFF_NC.4132	2	12631391	12631821	+	0	0	0		18	1	109	0.009174311926605505	112	0	566	0.0
CUFF_NC.4136	2	12670689	12671398	-	0	0	0		37	3	246	0.012195121951219513	173	4	1161	0.0034453057708871662
CUFF_NC.4134	2	12678903	12680629	-	0	0	0		79	2	463	0.004319654427645789	421	3	1955	0.001534526854219949
CUFF_NC.4137	2	12682205	12682670	+	0	0	0		17	0	69	0.0	102	2	354	0.005649717514124294
CUFF_NC.4135	2	12685958	12686733	+	0	0	0		22	0	100	0.0	141	1	782	0.0012787723785166241
CUFF_NC.4139	2	12709791	12710667	-	0	0	0		50	1	315	0.0031746031746031746	259	2	1465	0.0013651877133105802
CUFF_NC.4138	2	12716237	12716847	+	0	0	0		37	1	221	0.004524886877828055	160	4	786	0.005089058524173028
CUFF_NC.4140	2	12728340	12730847	+	0	0	0		105	2	610	0.003278688524590164	539	9	3107	0.002896684905053106
CUFF_NC.4141	2	12739002	12740206	+	0	0	0		13	33	111	0.2972972972972973	33	18	202	0.0891089108910891
CUFF_NC.4171	2	12749057	12749414	-	0	0	0		24	0	142	0.0	96	0	609	0.0
CUFF_NC.4146	2	12749975	12750650	-	0	0	0		45	0	256	0.0	176	5	900	0.005555555555555556
CUFF_NC.4151	2	12765349	12767058	-	0	0	0		111	2	760	0.002631578947368421	468	7	3149	0.0022229279136233727
CUFF_NC.4145	2	12777212	12777552	-	0	0	0		17	0	90	0.0	93	1	376	0.0026595744680851063
CUFF_NC.4149	2	12805673	12806261	-	0	0	0		41	0	237	0.0	149	0	732	0.0
CUFF_NC.4152	2	12811751	12812943	+	0	0	0		27	95	120	0.7916666666666666	197	190	1014	0.1873767258382643
CUFF_NC.4147	2	12814284	12815092	-	0	0	0		51	2	269	0.007434944237918215	192	2	840	0.002380952380952381
CUFF_NC.4148	2	12821524	12823088	-	0	0	0		93	0	477	0.0	391	4	2009	0.001991040318566451
CUFF_NC.4150	2	12826016	12826527	-	0	0	0		41	0	187	0.0	155	1	631	0.001584786053882726
CUFF_NC.4166	2	12849771	12850192	-	0	0	0		30	0	181	0.0	119	2	668	0.0029940119760479044
CUFF_NC.4163	2	12852581	12854109	+	0	0	0		126	1	530	0.0018867924528301887	450	4	1925	0.002077922077922078
CUFF_NC.4164	2	12854820	12856077	+	0	0	0		94	0	520	0.0	367	0	2039	0.0
CUFF_NC.4153	2	12867147	12868344	+	0	0	0		12	0	76	0.0	285	3	1289	0.0023273855702094647
CUFF_NC.4160	2	12872117	12876311	-	0	0	0		244	0	1280	0.0	1211	9	5635	0.0015971606033717836
CUFF_NC.4161	2	12873012	12873790	-	0	0	0		45	0	205	0.0	238	2	914	0.002188183807439825
CUFF_NC.4155	2	12889276	12890017	+	0	0	0		45	0	195	0.0	155	0	681	0.0
CUFF_NC.4154	2	12897068	12897804	-	0	0	0		41	0	182	0.0	176	3	726	0.004132231404958678
CUFF_NC.4156	2	12899791	12901395	+	0	0	0		95	2	500	0.004	396	7	2183	0.00320659642693541
CUFF_NC.4159	2	12905481	12906370	+	0	0	0		45	1	252	0.003968253968253968	250	6	1580	0.0037974683544303796
CUFF_NC.4158	2	12908561	12909182	+	0	0	0		35	0	206	0.0	160	5	943	0.005302226935312832
CUFF_NC.4162	2	12909631	12912385	+	0	0	0		190	2	1070	0.001869158878504673	717	13	3955	0.0032869785082174463
CUFF_NC.4157	2	12920781	12921281	-	0	0	0		34	0	194	0.0	135	1	644	0.0015527950310559005
CUFF_NC.4172	2	12937011	12939746	+	0	0	0		149	2	896	0.002232142857142857	615	10	3531	0.002832058906825262
CUFF_NC.4170	2	12940390	12941634	+	0	0	0		75	2	331	0.006042296072507553	326	4	1590	0.0025157232704402514
CUFF_NC.4167	2	12956863	12957530	-	0	0	0		38	0	196	0.0	201	2	986	0.002028397565922921
CUFF_NC.4169	2	12959406	12960196	-	0	0	0		43	0	219	0.0	213	0	1033	0.0
CUFF_NC.4168	2	12967191	12968000	-	0	0	0		28	0	92	0.0	141	1	584	0.0017123287671232876
CUFF_NC.4179	2	12992888	12993393	+	0	0	0		33	0	193	0.0	101	2	630	0.0031746031746031746
CUFF_NC.4173	2	12998199	13000082	+	0	0	0		126	1	700	0.0014285714285714286	496	6	2338	0.0025662959794696323
CUFF_NC.4174	2	13000738	13002436	+	0	0	0		95	1	491	0.002036659877800407	500	2	2677	0.0007471049682480389
CUFF_NC.4176	2	13014426	13016379	-	0	0	0		103	0	494	0.0	458	1	2364	0.00042301184433164127
CUFF_NC.4180	2	13021024	13021630	+	0	0	0		38	0	250	0.0	168	1	1087	0.0009199632014719411
CUFF_NC.4183	2	13038792	13039441	-	0	0	0		41	2	179	0.0111731843575419	182	2	772	0.0025906735751295338
CUFF_NC.4175	2	13041976	13042396	+	0	0	0		13	7	100	0.07	61	0	400	0.0
CUFF_NC.4178	2	13045651	13046312	-	0	0	0		62	0	270	0.0	198	0	770	0.0
CUFF_NC.4177	2	13093549	13094020	-	0	0	0		25	36	91	0.3956043956043956	127	40	609	0.06568144499178982
CUFF_NC.4181	2	13105666	13106851	+	0	0	0		28	3	191	0.015706806282722512	338	5	2009	0.0024888003982080635
CUFF_NC.4187	2	13139557	13142492	-	0	0	0		134	1	602	0.0016611295681063123	785	8	4090	0.0019559902200488996
CUFF_NC.4186	2	13142904	13143653	+	0	0	0		70	1	313	0.003194888178913738	216	0	997	0.0
CUFF_NC.4184	2	13147539	13148013	-	0	0	0		12	0	99	0.0	144	1	860	0.0011627906976744186
CUFF_NC.4198	2	13160356	13160786	+	0	0	0		21	83	135	0.6148148148148148	84	49	629	0.07790143084260731
CUFF_NC.4182	2	13162152	13163751	-	0	0	0		84	2	523	0.0038240917782026767	414	8	2881	0.0027768136063866713
CUFF_NC.4185	2	13172140	13172820	-	0	0	0		10	24	35	0.6857142857142857	80	56	411	0.1362530413625304
CUFF_NC.4188	2	13186543	13187253	-	0	0	0		26	0	136	0.0	178	3	1010	0.0029702970297029703
CUFF_NC.4194	2	13193938	13194593	-	0	0	0		24	0	152	0.0	188	0	1071	0.0
CUFF_NC.4189	2	13219532	13220333	-	0	0	0		28	0	175	0.0	197	5	1319	0.0037907505686125853
CUFF_NC.4190	2	13220982	13222238	+	0	0	0		54	0	224	0.0	379	3	1603	0.0018714909544603868
CUFF_NC.4191	2	13232922	13233527	+	0	0	0		5	0	16	0.0	4	0	10	0.0
CUFF_NC.4193	2	13260987	13262258	+	0	0	0		34	0	234	0.0	341	7	2297	0.0030474531998258597
CUFF_NC.4196	2	13263834	13264297	+	0	0	0		36	0	225	0.0	99	2	524	0.003816793893129771
CUFF_NC.4195	2	13273568	13274466	-	0	0	0		72	0	390	0.0	240	1	1252	0.0007987220447284345
CUFF_NC.4192	2	13277794	13278676	-	0	0	0		52	1	252	0.003968253968253968	248	2	1095	0.0018264840182648401
CUFF_NC.4202	2	13294508	13294875	-	0	0	0		18	0	106	0.0	85	0	395	0.0
CUFF_NC.4203	2	13297414	13298012	-	0	0	0		25	0	114	0.0	164	0	730	0.0
CUFF_NC.4197	2	13306531	13307614	+	0	0	0		38	0	188	0.0	303	3	1305	0.0022988505747126436
CUFF_NC.4199	2	13319728	13320232	+	0	0	0		47	1	308	0.003246753246753247	145	2	917	0.0021810250817884407
CUFF_NC.4200	2	13320418	13321591	+	0	0	0		106	2	551	0.003629764065335753	315	2	1568	0.0012755102040816326
CUFF_NC.4201	2	13330374	13330724	-	0	0	0		49	0	209	0.0	92	1	337	0.002967359050445104
CUFF_NC.4210	2	13343812	13344331	-	0	0	0		44	0	267	0.0	139	0	860	0.0
CUFF_NC.4204	2	13351089	13351982	-	0	0	0		54	0	246	0.0	245	5	1224	0.004084967320261438
CUFF_NC.4207	2	13373170	13373800	+	0	0	0		28	0	115	0.0	178	3	814	0.0036855036855036856
CUFF_NC.4209	2	13385739	13386398	+	0	0	0		48	0	223	0.0	135	0	534	0.0
CUFF_NC.4206	2	13388644	13389872	+	0	0	0		78	0	451	0.0	375	6	2110	0.002843601895734597
CUFF_NC.4205	2	13392056	13392847	+	0	0	0		60	1	440	0.0022727272727272726	200	2	1163	0.0017196904557179708
CUFF_NC.4208	2	13395166	13395808	-	0	0	0		28	0	147	0.0	156	3	755	0.003973509933774834
CUFF_NC.4213	2	13400617	13402330	+	0	0	0		106	2	670	0.0029850746268656717	488	8	3064	0.0026109660574412533
CUFF_NC.4212	2	13414374	13416408	-	0	0	0		94	1	524	0.0019083969465648854	592	8	3359	0.0023816612086930635
CUFF_NC.4215	2	13431414	13434804	+	0	0	0		118	38	855	0.044444444444444446	787	205	5518	0.03715114171801377
CUFF_NC.4216	2	13440845	13441967	+	0	0	0		72	1	435	0.0022988505747126436	274	5	1779	0.002810567734682406
CUFF_NC.4214	2	13472540	13473609	+	0	0	0		63	0	432	0.0	294	3	1544	0.0019430051813471502
CUFF_NC.4217	2	13545484	13546186	-	0	0	0		52	2	332	0.006024096385542169	210	4	1193	0.003352891869237217
CUFF_NC.4222	2	13547686	13548221	+	0	0	0		27	0	136	0.0	159	2	854	0.00234192037470726
CUFF_NC.4223	2	13549830	13550897	+	0	0	0		73	1	510	0.00196078431372549	307	2	2101	0.0009519276534983341
CUFF_NC.4218	2	13580416	13580974	-	0	0	0		24	0	117	0.0	162	1	802	0.0012468827930174563
CUFF_NC.4219	2	13612805	13613866	+	0	0	0		59	3	394	0.007614213197969543	261	4	1518	0.002635046113306983
CUFF_NC.4225	2	13624759	13625552	-	0	0	0		32	2	210	0.009523809523809525	239	3	1526	0.001965923984272608
CUFF_NC.4226	2	13627633	13628024	-	0	0	0		24	0	140	0.0	109	1	659	0.0015174506828528073
CUFF_NC.4220	2	13631304	13631788	+	0	0	0		29	0	127	0.0	147	1	566	0.0017667844522968198
CUFF_NC.4229	2	13635244	13635622	-	0	0	0		38	1	194	0.005154639175257732	100	0	491	0.0
CUFF_NC.4221	2	13641377	13642069	+	0	0	0		46	0	225	0.0	164	1	749	0.0013351134846461949
CUFF_NC.4224	2	13646783	13647224	-	0	0	0		28	0	144	0.0	128	1	684	0.0014619883040935672
CUFF_NC.4227	2	13647690	13648742	-	0	0	0		49	1	164	0.006097560975609756	205	2	841	0.0023781212841854932
CUFF_NC.4228	2	13654913	13656251	+	0	0	0		33	0	142	0.0	178	2	727	0.002751031636863824
CUFF_NC.4230	2	13660796	13661246	-	0	0	0		30	51	118	0.4322033898305085	55	41	274	0.14963503649635038
CUFF_NC.4234	2	13685966	13688001	+	0	0	0		227	2	1305	0.0015325670498084292	559	6	2818	0.0021291696238466998
CUFF_NC.4232	2	13704132	13705029	-	0	0	0		44	0	224	0.0	223	4	999	0.004004004004004004
CUFF_NC.4231	2	13707641	13708220	+	0	0	0		33	0	199	0.0	137	0	836	0.0
CUFF_NC.4233	2	13710350	13711303	-	0	0	0		21	0	138	0.0	276	5	1745	0.0028653295128939827
CUFF_NC.4236	2	13721950	13722245	-	0	0	0		17	0	153	0.0	78	1	667	0.0014992503748125937
CUFF_NC.4243	2	13730367	13732312	-	0	0	0		95	1	591	0.001692047377326565	478	5	3214	0.0015556938394523958
CUFF_NC.4235	2	13737051	13737453	+	0	0	0		8	0	53	0.0	126	0	447	0.0
CUFF_NC.4237	2	13752383	13753714	+	0	0	0		92	1	566	0.0017667844522968198	375	1	2119	0.00047192071731949034
CUFF_NC.4238	2	13776050	13777167	-	0	0	0		69	0	512	0.0	331	9	2454	0.003667481662591687
CUFF_NC.4239	2	13780575	13781017	-	0	0	0		29	0	137	0.0	116	0	556	0.0
CUFF_NC.4240	2	13782226	13782608	+	0	0	0		18	0	86	0.0	130	4	734	0.005449591280653951
CUFF_NC.4241	2	13783979	13784579	+	0	0	0		22	0	91	0.0	150	0	770	0.0
CUFF_NC.4244	2	13791955	13792284	-	0	0	0		11	0	77	0.0	88	5	657	0.0076103500761035
CUFF_NC.4242	2	13798682	13800123	+	0	0	0		85	0	392	0.0	403	4	1615	0.002476780185758514
CUFF_NC.4245	2	13807872	13808197	-	0	0	0		3	9	26	0.34615384615384615	80	131	721	0.18169209431345354
CUFF_NC.4247	2	13809110	13815967	-	0	0	0		262	100	1659	0.06027727546714889	1732	156	11557	0.013498312710911136
CUFF_NC.4246	2	13819779	13820512	-	0	0	0		14	0	100	0.0	187	4	1226	0.0032626427406199023
CUFF_NC.4251	2	13823870	13824291	+	0	0	0		22	1	123	0.008130081300813009	104	0	538	0.0
CUFF_NC.4249	2	13825000	13825257	-	0	0	0		21	1	123	0.008130081300813009	101	1	478	0.0020920502092050207
CUFF_NC.4250	2	13826586	13827376	-	0	0	0		44	0	261	0.0	214	3	1259	0.0023828435266084196
CUFF_NC.4252	2	13827675	13828385	-	0	0	0		44	0	219	0.0	170	0	653	0.0
CUFF_NC.4254	2	13845667	13845969	-	0	0	0		10	0	63	0.0	92	1	356	0.0028089887640449437
CUFF_NC.4253	2	13860980	13862676	+	0	0	0		108	6	720	0.008333333333333333	526	3	3198	0.0009380863039399625
CUFF_NC.4256	2	13863994	13864871	+	0	0	0		47	1	265	0.0037735849056603774	288	1	1345	0.0007434944237918215
CUFF_NC.4255	2	13887831	13888254	-	0	0	0		24	2	139	0.014388489208633094	115	2	555	0.0036036036036036037
CUFF_NC.4257	2	13889570	13890670	-	0	0	0		70	1	407	0.002457002457002457	308	5	1940	0.002577319587628866
CUFF_NC.4261	2	13891560	13892406	-	0	0	0		56	0	356	0.0	209	1	1366	0.0007320644216691069
CUFF_NC.4259	2	13909422	13910910	+	0	0	0		6	0	6	0.0	24	0	24	0.0
CUFF_NC.4258	2	13911226	13911701	-	0	0	0		16	15	69	0.21739130434782608	120	54	605	0.08925619834710743
CUFF_NC.4263	2	13916319	13917607	-	0	0	0		100	0	559	0.0	290	5	1556	0.003213367609254499
CUFF_NC.4264	2	13920052	13920401	+	0	0	0		24	0	153	0.0	106	1	673	0.0014858841010401188
CUFF_NC.4260	2	13927678	13929227	+	0	0	0		104	0	470	0.0	410	4	1946	0.0020554984583761563
CUFF_NC.4265	2	13935226	13936936	+	0	0	0		172	5	972	0.0051440329218107	466	6	2549	0.0023538642604943117
CUFF_NC.4262	2	13942739	13943486	-	0	0	0		24	1	201	0.004975124378109453	197	3	1484	0.0020215633423180594
CUFF_NC.4266	2	13944584	13949408	+	0	0	0		194	1	1273	0.0007855459544383347	1151	16	7211	0.002218832339481348
CUFF_NC.4267	2	13945646	13949918	+	0	0	0		169	1	1104	0.0009057971014492754	1046	17	6342	0.0026805424156417534
CUFF_NC.4271	2	13954460	13954778	-	0	0	0		28	1	212	0.0047169811320754715	84	1	555	0.0018018018018018018
CUFF_NC.4268	2	13960058	13960823	-	0	0	0		58	0	332	0.0	238	0	1195	0.0
CUFF_NC.4269	2	13966463	13966990	+	0	0	0		41	0	267	0.0	134	2	906	0.002207505518763797
CUFF_NC.4274	2	13982623	13983000	-	0	0	0		33	0	204	0.0	98	1	555	0.0018018018018018018
CUFF_NC.4277	2	13995532	13996001	+	0	0	0		22	0	123	0.0	123	1	535	0.001869158878504673
CUFF_NC.4270	2	13999069	14000097	+	0	0	0		58	0	361	0.0	259	2	1532	0.0013054830287206266
CUFF_NC.4272	2	14008001	14013366	-	0	0	0		314	61	1763	0.03460011344299489	1291	39	7370	0.005291723202170963
CUFF_NC.4273	2	14012734	14013327	-	0	0	0		42	1	280	0.0035714285714285713	177	4	1161	0.0034453057708871662
CUFF_NC.4278	2	14042702	14045648	+	0	0	0		174	1	1164	0.000859106529209622	724	6	4598	0.0013049151805132667
CUFF_NC.4275	2	14046491	14047011	+	0	0	0		29	0	159	0.0	120	2	739	0.0027063599458728013
CUFF_NC.4276	2	14067906	14068669	-	0	0	0		25	0	159	0.0	210	2	1164	0.001718213058419244
CUFF_NC.4279	2	14081168	14081710	+	0	0	0		39	0	151	0.0	144	1	519	0.0019267822736030828
CUFF_NC.4289	2	14098209	14099279	-	0	0	0		68	0	455	0.0	287	5	1693	0.0029533372711163615
CUFF_NC.4280	2	14103497	14103906	-	0	0	0		21	0	130	0.0	117	1	632	0.0015822784810126582
CUFF_NC.4281	2	14119522	14122275	+	0	0	0		164	1	760	0.0013157894736842105	718	9	3550	0.0025352112676056337
CUFF_NC.4283	2	14142322	14142885	-	0	0	0		36	0	210	0.0	173	1	932	0.001072961373390558
CUFF_NC.4282	2	14147501	14149874	+	0	0	0		75	0	512	0.0	598	6	4226	0.001419782300047326
CUFF_NC.4284	2	14153229	14153961	+	0	0	0		36	0	192	0.0	238	0	1170	0.0
CUFF_NC.4296	2	14161784	14162602	-	0	0	0		47	0	312	0.0	219	2	1201	0.0016652789342214821
CUFF_NC.4286	2	14181052	14182355	-	0	0	0		60	1	404	0.0024752475247524753	332	4	1859	0.002151694459386767
CUFF_NC.4285	2	14191469	14191872	-	0	0	0		18	0	108	0.0	112	1	580	0.0017241379310344827
CUFF_NC.4287	2	14204639	14205065	+	0	0	0		16	0	63	0.0	109	1	379	0.002638522427440633
CUFF_NC.4288	2	14219822	14222403	+	0	0	0		165	0	762	0.0	691	8	2914	0.002745367192862045
CUFF_NC.4297	2	14237235	14237539	+	0	0	0		27	1	189	0.005291005291005291	98	0	721	0.0
CUFF_NC.4298	2	14238136	14238449	+	0	0	0		12	0	44	0.0	99	1	383	0.0026109660574412533
CUFF_NC.4290	2	14264247	14265010	-	0	0	0		48	0	270	0.0	204	2	1134	0.001763668430335097
CUFF_NC.4291	2	14266194	14266659	+	0	0	0		35	0	192	0.0	142	1	678	0.0014749262536873156
CUFF_NC.4293	2	14286858	14288227	-	0	0	0		45	0	238	0.0	330	5	2237	0.002235136343316942
CUFF_NC.4294	2	14287048	14287597	+	0	0	0		29	0	176	0.0	147	0	930	0.0
CUFF_NC.4292	2	14291106	14291526	+	0	0	0		32	0	142	0.0	116	1	534	0.0018726591760299626
CUFF_NC.4295	2	14301055	14302130	+	0	0	0		50	1	286	0.0034965034965034965	342	4	1626	0.0024600246002460025
CUFF_NC.4299	2	14309876	14310338	+	0	0	0		30	1	165	0.006060606060606061	139	3	761	0.003942181340341655
CUFF_NC.4302	2	14315093	14315825	-	0	0	0		41	1	307	0.003257328990228013	208	3	1365	0.002197802197802198
CUFF_NC.4303	2	14317683	14318201	-	0	0	0		54	1	158	0.006329113924050633	131	1	569	0.0017574692442882249
CUFF_NC.4300	2	14324516	14325300	+	0	0	0		46	0	187	0.0	189	1	812	0.0012315270935960591
CUFF_NC.4301	2	14328288	14328645	+	0	0	0		34	0	146	0.0	105	2	480	0.004166666666666667
CUFF_NC.4304	2	14336524	14337036	-	0	0	0		24	1	120	0.008333333333333333	120	0	702	0.0
CUFF_NC.4305	2	14338537	14338950	+	0	0	0		15	0	93	0.0	93	0	568	0.0
CUFF_NC.4306	2	14366171	14366704	+	0	0	0		11	0	69	0.0	133	1	631	0.001584786053882726
CUFF_NC.4309	2	14377771	14378483	+	0	0	0		46	0	234	0.0	213	1	1207	0.0008285004142502071
CUFF_NC.4308	2	14385554	14386499	-	0	0	0		40	0	214	0.0	301	4	1445	0.002768166089965398
CUFF_NC.4307	2	14389457	14390448	+	0	0	0		34	0	126	0.0	238	5	1227	0.004074979625101874
CUFF_NC.4310	2	14414208	14414836	+	0	0	0		49	0	234	0.0	170	2	930	0.002150537634408602
CUFF_NC.4311	2	14438161	14439429	-	0	0	0		99	0	406	0.0	350	4	1474	0.0027137042062415195
CUFF_NC.4316	2	14474318	14475057	+	0	0	0		55	0	390	0.0	220	5	1380	0.0036231884057971015
CUFF_NC.4312	2	14484927	14485910	-	0	0	0		69	2	350	0.005714285714285714	295	4	1341	0.002982848620432513
CUFF_NC.4313	2	14491319	14491932	-	0	0	0		26	1	186	0.005376344086021506	136	1	941	0.0010626992561105207
CUFF_NC.4314	2	14506648	14507648	-	0	0	0		56	0	298	0.0	254	1	1248	0.0008012820512820513
CUFF_NC.4315	2	14535795	14541308	+	0	0	0		338	2	1704	0.0011737089201877935	1433	15	7115	0.0021082220660576245
CUFF_NC.4318	2	14544084	14545447	+	0	0	0		95	0	536	0.0	352	4	1958	0.0020429009193054137
CUFF_NC.4319	2	14546941	14547300	+	0	0	0		12	0	80	0.0	110	0	754	0.0
CUFF_NC.4317	2	14554757	14555640	-	0	0	0		6	10	24	0.4166666666666667	141	39	548	0.07116788321167883
CUFF_NC.4320	2	14556965	14557625	-	0	0	0		32	0	185	0.0	179	0	946	0.0
CUFF_NC.4321	2	14565535	14566080	+	0	0	0		18	0	105	0.0	128	0	882	0.0
CUFF_NC.4323	2	14567846	14568809	+	0	0	0		40	0	189	0.0	219	2	1155	0.0017316017316017316
CUFF_NC.4327	2	14576396	14578702	-	0	0	0		114	1	734	0.0013623978201634877	663	5	3788	0.0013199577613516368
CUFF_NC.4326	2	14583280	14584883	+	0	0	0		97	3	526	0.005703422053231939	465	3	2461	0.001219016659894352
CUFF_NC.4322	2	14586926	14587454	+	0	0	0		19	0	137	0.0	137	0	927	0.0
CUFF_NC.4324	2	14590936	14592038	+	0	0	0		80	1	373	0.002680965147453083	252	2	930	0.002150537634408602
CUFF_NC.4330	2	14620839	14621164	+	0	0	0		36	2	201	0.009950248756218905	84	2	477	0.0041928721174004195
CUFF_NC.4325	2	14650051	14650967	+	0	0	0		68	1	470	0.002127659574468085	254	5	1649	0.0030321406913280777
CUFF_NC.4331	2	14674874	14675469	+	0	0	0		37	1	183	0.00546448087431694	129	1	577	0.0017331022530329288
CUFF_NC.4328	2	14685152	14687142	-	0	0	0		117	0	647	0.0	498	3	2363	0.0012695725772323319
CUFF_NC.4332	2	14705302	14705708	+	0	0	0		40	1	237	0.004219409282700422	112	4	642	0.006230529595015576
CUFF_NC.4329	2	14710786	14711264	-	0	0	0		36	0	181	0.0	123	0	698	0.0
CUFF_NC.4333	2	14728886	14730925	+	0	0	0		171	1	842	0.0011876484560570072	524	3	2605	0.0011516314779270633
CUFF_NC.4336	2	14747063	14749601	-	0	0	0		171	6	902	0.0066518847006651885	710	15	3523	0.004257734885041158
CUFF_NC.4335	2	14751869	14753122	+	0	0	0		115	1	578	0.0017301038062283738	303	3	1388	0.002161383285302594
CUFF_NC.4338	2	14771325	14772548	-	0	0	0		120	1	741	0.001349527665317139	352	3	2029	0.0014785608674223755
CUFF_NC.4334	2	14780061	14780468	+	0	0	0		21	1	133	0.007518796992481203	95	1	673	0.0014858841010401188
CUFF_NC.4337	2	14794687	14795818	+	0	0	0		76	1	379	0.002638522427440633	294	5	1477	0.003385240352064997
CUFF_NC.4339	2	14815918	14816804	-	0	0	0		69	1	363	0.0027548209366391185	257	0	1254	0.0
CUFF_NC.4342	2	14827230	14827863	-	0	0	0		35	0	234	0.0	173	0	925	0.0
CUFF_NC.4340	2	14833813	14834454	-	0	0	0		49	1	248	0.004032258064516129	162	1	660	0.0015151515151515152
CUFF_NC.4343	2	14838112	14838715	-	0	0	0		17	0	89	0.0	157	0	930	0.0
CUFF_NC.4341	2	14839629	14840126	-	0	0	0		24	0	144	0.0	128	2	691	0.002894356005788712
CUFF_NC.4346	2	14871259	14871968	-	0	0	0		57	0	222	0.0	196	1	823	0.001215066828675577
CUFF_NC.4344	2	14882262	14882874	+	0	0	0		47	0	272	0.0	189	1	944	0.001059322033898305
CUFF_NC.4345	2	14900858	14901328	+	0	0	0		33	1	210	0.004761904761904762	135	1	909	0.0011001100110011
CUFF_NC.4347	2	14906670	14907840	-	0	0	0		31	0	188	0.0	276	2	1489	0.001343183344526528
CUFF_NC.4348	2	14906742	14907716	+	0	0	0		27	0	148	0.0	238	0	1170	0.0
CUFF_NC.4349	2	14908820	14909246	+	0	0	0		35	1	282	0.0035460992907801418	78	0	642	0.0
CUFF_NC.4356	2	14914126	14915617	-	0	0	0		127	0	700	0.0	412	3	2242	0.0013380909901873326
CUFF_NC.4350	2	14927490	14928337	-	0	0	0		47	2	286	0.006993006993006993	235	2	1020	0.00196078431372549
CUFF_NC.4352	2	14929974	14930372	-	0	0	0		35	1	175	0.005714285714285714	114	2	540	0.003703703703703704
CUFF_NC.4353	2	14945186	14945568	+	0	0	0		26	0	154	0.0	94	0	510	0.0
CUFF_NC.4354	2	14950862	14951513	+	0	0	0		16	0	86	0.0	186	2	1007	0.0019860973187686196
CUFF_NC.4355	2	14956636	14957217	+	0	0	0		24	1	215	0.004651162790697674	126	2	1139	0.001755926251097454
CUFF_NC.4357	2	15005183	15005614	-	0	0	0		45	0	208	0.0	118	1	474	0.002109704641350211
CUFF_NC.4358	2	15009256	15009718	-	0	0	0		19	0	110	0.0	107	0	808	0.0
CUFF_NC.4359	2	15013296	15014414	+	0	0	0		63	0	386	0.0	254	3	1600	0.001875
CUFF_NC.4364	2	15023486	15026843	+	0	0	0		269	2	1224	0.0016339869281045752	869	10	3863	0.0025886616619207868
CUFF_NC.4361	2	15031727	15032550	-	0	0	0		51	0	321	0.0	227	4	1538	0.002600780234070221
CUFF_NC.4360	2	15034339	15034724	+	0	0	0		14	0	83	0.0	114	3	736	0.004076086956521739
CUFF_NC.4363	2	15044417	15045234	-	0	0	0		47	1	288	0.003472222222222222	238	3	1230	0.0024390243902439024
CUFF_NC.4367	2	15049191	15052027	-	0	0	0		132	4	658	0.0060790273556231	739	8	3831	0.0020882276168102325
CUFF_NC.4368	2	15049569	15053012	-	0	0	0		156	5	789	0.0063371356147021544	907	13	4875	0.0026666666666666666
CUFF_NC.4369	2	15054693	15055342	-	0	0	0		54	0	216	0.0	205	1	843	0.0011862396204033216
CUFF_NC.4370	2	15056359	15057183	-	0	0	0		26	0	139	0.0	202	1	1001	0.000999000999000999
CUFF_NC.4362	2	15059336	15061100	-	0	0	0		113	0	500	0.0	405	3	1811	0.0016565433462175593
CUFF_NC.4371	2	15063036	15063697	+	0	0	0		42	1	207	0.004830917874396135	202	4	883	0.004530011325028313
CUFF_NC.4372	2	15065087	15065874	+	0	0	0		34	0	218	0.0	225	2	1281	0.00156128024980484
CUFF_NC.4366	2	15069998	15070572	+	0	0	0		37	0	131	0.0	177	1	687	0.001455604075691412
CUFF_NC.4373	2	15072872	15074086	+	0	0	0		47	0	242	0.0	342	0	1521	0.0
CUFF_NC.4374	2	15116986	15118372	-	0	0	0		63	1	345	0.002898550724637681	413	1	1541	0.0006489292667099286
CUFF_NC.4376	2	15142676	15143153	+	0	0	0		22	0	110	0.0	134	1	681	0.0014684287812041115
CUFF_NC.4378	2	15150640	15151561	+	0	0	0		47	0	165	0.0	236	3	1169	0.0025662959794696323
CUFF_NC.4377	2	15165454	15165918	-	0	0	0		30	0	106	0.0	141	2	520	0.0038461538461538464
CUFF_NC.4375	2	15173782	15174195	+	0	0	0		9	25	60	0.4166666666666667	117	7	582	0.012027491408934709
CUFF_NC.4381	2	15203833	15204731	+	0	0	0		48	0	313	0.0	265	1	1529	0.0006540222367560497
CUFF_NC.4382	2	15208716	15210960	+	0	0	0		127	1	748	0.001336898395721925	640	10	3705	0.002699055330634278
CUFF_NC.4379	2	15217982	15219415	-	0	0	0		40	0	209	0.0	358	3	1778	0.001687289088863892
CUFF_NC.4380	2	15229061	15230097	-	0	0	0		76	1	439	0.002277904328018223	203	3	966	0.003105590062111801
CUFF_NC.4386	2	15234406	15235267	-	0	0	0		61	0	261	0.0	241	2	1053	0.001899335232668566
CUFF_NC.4388	2	15236536	15237607	-	0	0	0		30	0	166	0.0	364	3	1830	0.001639344262295082
CUFF_NC.4383	2	15254115	15254626	-	0	0	0		13	0	93	0.0	112	1	884	0.0011312217194570137
CUFF_NC.4389	2	15261345	15263820	-	0	0	0		158	1	892	0.0011210762331838565	689	6	4097	0.001464486209421528
CUFF_NC.4385	2	15278806	15280421	-	0	0	0		88	1	406	0.0024630541871921183	464	6	2315	0.002591792656587473
CUFF_NC.4387	2	15286258	15287183	-	0	0	0		80	0	416	0.0	244	0	1102	0.0
CUFF_NC.4384	2	15296815	15297520	+	0	0	0		65	0	215	0.0	221	2	783	0.002554278416347382
CUFF_NC.4391	2	15313132	15313797	+	0	0	0		53	1	269	0.0037174721189591076	208	1	1049	0.0009532888465204957
CUFF_NC.4390	2	15325656	15326068	-	0	0	0		11	0	74	0.0	115	1	740	0.0013513513513513514
CUFF_NC.4394	2	15335442	15337861	-	0	0	0		176	1	796	0.001256281407035176	581	5	2535	0.0019723865877712033
CUFF_NC.4392	2	15338241	15338825	+	0	0	0		18	0	116	0.0	136	1	893	0.0011198208286674132
CUFF_NC.4393	2	15346172	15346481	-	0	0	0		16	1	50	0.02	60	0	227	0.0
CUFF_NC.4395	2	15355514	15355956	-	0	0	0		14	0	84	0.0	126	1	927	0.0010787486515641855
CUFF_NC.4396	2	15387446	15388369	-	0	0	0		62	2	355	0.005633802816901409	265	3	1601	0.0018738288569643974
CUFF_NC.4397	2	15401326	15403593	-	0	0	0		69	14	386	0.03626943005181347	553	53	3374	0.015708358032009484
CUFF_NC.4403	2	15406538	15407287	+	0	0	0		49	0	320	0.0	195	3	1237	0.002425222312045271
CUFF_NC.4398	2	15411177	15414496	+	0	0	0		156	3	908	0.003303964757709251	940	7	5044	0.0013877874702616971
CUFF_NC.4421	2	15415232	15425330	+	0	0	0		453	3	2694	0.0011135857461024498	2739	43	15982	0.0026905268426980354
CUFF_NC.4422	2	15416105	15416627	+	0	0	0		36	0	289	0.0	145	2	1144	0.0017482517482517483
CUFF_NC.4399	2	15440596	15441323	-	0	0	0		47	0	288	0.0	191	1	1108	0.0009025270758122744
CUFF_NC.4400	2	15478500	15479065	-	0	0	0		25	27	109	0.24770642201834864	136	10	590	0.01694915254237288
CUFF_NC.4401	2	15478587	15479018	+	0	0	0		22	27	90	0.3	109	9	522	0.017241379310344827
CUFF_NC.4402	2	15479915	15480385	+	0	0	0		45	1	147	0.006802721088435374	158	1	550	0.0018181818181818182
CUFF_NC.4404	2	15488130	15488547	+	0	0	0		12	0	96	0.0	96	3	614	0.004885993485342019
CUFF_NC.4405	2	15510420	15511363	+	0	0	0		57	0	381	0.0	262	3	1775	0.0016901408450704226
CUFF_NC.4406	2	15514888	15516868	-	0	0	0		145	3	733	0.004092769440654843	469	8	2359	0.003391267486222976
CUFF_NC.4407	2	15528226	15528581	-	0	0	0		16	0	94	0.0	73	1	405	0.0024691358024691358
CUFF_NC.4409	2	15528796	15530641	-	0	0	0		96	1	470	0.002127659574468085	527	3	2751	0.0010905125408942203
CUFF_NC.4410	2	15548269	15548758	-	0	0	0		31	0	128	0.0	125	1	579	0.0017271157167530224
CUFF_NC.4411	2	15550255	15550586	-	0	0	0		10	0	72	0.0	106	1	708	0.0014124293785310734
CUFF_NC.4412	2	15551757	15553478	-	0	0	0		93	0	524	0.0	479	3	2743	0.001093693036820999
CUFF_NC.4408	2	15555651	15556068	+	0	0	0		24	1	130	0.007692307692307693	132	2	697	0.0028694404591104736
CUFF_NC.4415	2	15581515	15583050	+	0	0	0		157	1	768	0.0013020833333333333	433	4	1809	0.002211166390270868
CUFF_NC.4413	2	15588491	15589323	+	0	0	0		27	0	144	0.0	252	2	1508	0.001326259946949602
CUFF_NC.4414	2	15590751	15592320	-	0	0	0		103	2	545	0.003669724770642202	396	1	2324	0.0004302925989672978
CUFF_NC.4416	2	15636944	15639948	+	0	0	0		184	3	996	0.0030120481927710845	852	4	4467	0.0008954555630176853
CUFF_NC.4418	2	15662764	15663712	+	0	0	0		52	1	316	0.0031645569620253164	275	3	1675	0.001791044776119403
CUFF_NC.4417	2	15666404	15666989	+	0	0	0		41	0	213	0.0	159	3	747	0.004016064257028112
CUFF_NC.4420	2	15668974	15669999	-	0	0	0		86	1	528	0.001893939393939394	246	4	1552	0.002577319587628866
CUFF_NC.4419	2	15673555	15676148	+	0	0	0		165	5	889	0.00562429696287964	756	6	3806	0.0015764582238570678
CUFF_NC.4423	2	15682545	15683095	-	0	0	0		29	0	112	0.0	158	1	802	0.0012468827930174563
CUFF_NC.4424	2	15697852	15698881	+	0	0	0		77	1	330	0.0030303030303030303	304	5	1402	0.003566333808844508
CUFF_NC.4425	2	15703663	15704268	-	0	0	0		46	2	262	0.007633587786259542	174	3	1048	0.0028625954198473282
CUFF_NC.4426	2	15736547	15737355	-	0	0	0		65	2	324	0.006172839506172839	197	4	929	0.004305705059203444
CUFF_NC.4439	2	15749003	15749600	+	0	0	0		33	0	139	0.0	175	0	797	0.0
CUFF_NC.4429	2	15750797	15751487	-	0	0	0		41	1	224	0.004464285714285714	152	4	990	0.00404040404040404
CUFF_NC.4430	2	15753615	15754122	+	0	0	0		30	1	199	0.005025125628140704	139	0	729	0.0
CUFF_NC.4427	2	15755356	15756036	+	0	0	0		53	0	213	0.0	182	2	691	0.002894356005788712
CUFF_NC.4428	2	15756615	15758279	+	0	0	0		141	0	617	0.0	454	3	1958	0.0015321756894790602
CUFF_NC.4431	2	15761502	15763582	+	0	0	0		124	2	586	0.0034129692832764505	592	4	2796	0.001430615164520744
CUFF_NC.4432	2	15764409	15765551	-	0	0	0		69	3	382	0.007853403141361256	253	13	1227	0.010594947025264874
CUFF_NC.4433	2	15775825	15776230	-	0	0	0		8	0	64	0.0	95	0	538	0.0
CUFF_NC.4434	2	15776834	15777677	+	0	0	0		31	0	218	0.0	198	1	1065	0.0009389671361502347
CUFF_NC.4440	2	15781753	15783242	+	0	0	0		117	0	499	0.0	376	2	1439	0.001389854065323141
CUFF_NC.4435	2	15789138	15789641	+	0	0	0		41	1	149	0.006711409395973154	127	1	469	0.0021321961620469083
CUFF_NC.4438	2	15792688	15793586	-	0	0	0		66	1	426	0.002347417840375587	242	2	1297	0.0015420200462606013
CUFF_NC.4436	2	15799044	15799852	+	0	0	0		34	1	197	0.005076142131979695	244	1	1235	0.0008097165991902834
CUFF_NC.4437	2	15800225	15800946	+	0	0	0		30	0	161	0.0	173	4	1098	0.0036429872495446266
CUFF_NC.4441	2	15837426	15837833	+	0	0	0		39	1	160	0.00625	122	2	495	0.00404040404040404
CUFF_NC.4466	2	15855318	15855630	-	0	0	0		25	0	135	0.0	87	1	459	0.002178649237472767
CUFF_NC.4443	2	15873787	15874757	-	0	0	0		74	1	458	0.002183406113537118	263	2	1670	0.0011976047904191617
CUFF_NC.4445	2	15881418	15883038	+	0	0	0		86	35	418	0.08373205741626795	400	14	2028	0.006903353057199211
CUFF_NC.4446	2	15883212	15883853	+	0	0	0		28	0	191	0.0	165	4	1011	0.003956478733926805
CUFF_NC.4444	2	15887559	15888104	+	0	0	0		40	1	219	0.0045662100456621	160	1	975	0.0010256410256410256
CUFF_NC.4447	2	15896860	15897782	+	0	0	0		56	0	233	0.0	206	2	915	0.002185792349726776
CUFF_NC.4452	2	15921729	15922477	+	0	0	0		37	0	157	0.0	155	0	837	0.0
CUFF_NC.4453	2	15925112	15926235	+	0	0	0		63	0	330	0.0	275	2	1412	0.00141643059490085
CUFF_NC.4448	2	15928404	15928937	-	0	0	0		46	0	163	0.0	100	0	323	0.0
CUFF_NC.4450	2	15945012	15946940	-	0	0	0		107	1	422	0.002369668246445498	438	1	1924	0.0005197505197505198
CUFF_NC.4451	2	15952636	15953642	+	0	0	0		87	3	313	0.009584664536741214	267	2	1196	0.0016722408026755853
CUFF_NC.4449	2	15967430	15968192	+	0	0	0		28	2	206	0.009708737864077669	183	1	1254	0.0007974481658692185
CUFF_NC.4455	2	15972959	15973649	-	0	0	0		34	0	173	0.0	111	2	539	0.0037105751391465678
CUFF_NC.4456	2	15988357	15988693	+	0	0	0		17	0	81	0.0	88	0	470	0.0
CUFF_NC.4459	2	15992771	15993266	+	0	0	0		29	0	111	0.0	106	1	404	0.0024752475247524753
CUFF_NC.4454	2	15993763	15994553	-	0	0	0		17	1	49	0.02040816326530612	132	2	588	0.003401360544217687
CUFF_NC.4458	2	15998129	15998970	-	0	0	0		60	0	320	0.0	207	1	955	0.0010471204188481676
CUFF_NC.4457	2	15999822	16000263	-	0	0	0		23	0	184	0.0	106	0	665	0.0
CUFF_NC.4463	2	16003598	16008251	-	0	0	0		81	199	357	0.5574229691876751	398	263	2186	0.12031107044830741
CUFF_NC.4462	2	16014125	16014921	+	0	0	0		36	0	123	0.0	232	1	680	0.0014705882352941176
CUFF_NC.4461	2	16041666	16042091	+	0	0	0		27	1	147	0.006802721088435374	128	2	659	0.0030349013657056147
CUFF_NC.4460	2	16049899	16051072	-	0	0	0		71	2	281	0.0071174377224199285	285	1	1270	0.0007874015748031496
CUFF_NC.4464	2	16052330	16052941	+	0	0	0		21	0	145	0.0	158	3	959	0.0031282586027111575
CUFF_NC.4470	2	16064416	16065171	-	0	0	0		62	0	368	0.0	192	3	955	0.0031413612565445027
CUFF_NC.4471	2	16069690	16070645	+	0	0	0		80	3	342	0.008771929824561403	223	1	838	0.0011933174224343676
CUFF_NC.4468	2	16077810	16081524	-	0	0	0		146	0	852	0.0	925	8	5374	0.00148864905098623
CUFF_NC.4469	2	16083702	16084918	-	0	0	0		97	2	504	0.003968253968253968	298	3	1574	0.0019059720457433292
CUFF_NC.4467	2	16088607	16088898	+	0	0	0		28	0	133	0.0	108	0	447	0.0
CUFF_NC.4477	2	16104571	16105018	-	0	0	0		37	2	158	0.012658227848101266	132	1	647	0.0015455950540958269
CUFF_NC.4474	2	16109495	16110623	-	0	0	0		85	0	443	0.0	304	4	1660	0.0024096385542168677
CUFF_NC.4472	2	16113919	16115619	+	0	0	0		117	0	631	0.0	411	5	2035	0.002457002457002457
CUFF_NC.4473	2	16118491	16119065	+	0	0	0		55	0	257	0.0	156	5	575	0.008695652173913044
CUFF_NC.4475	2	16128297	16134224	-	0	0	0		270	7	1530	0.004575163398692811	1515	18	8836	0.002037120869171571
CUFF_NC.4476	2	16132666	16133102	-	0	0	0		22	0	135	0.0	132	3	670	0.004477611940298508
CUFF_NC.4478	2	16157606	16158809	+	0	0	0		32	0	210	0.0	306	4	1735	0.0023054755043227667
CUFF_NC.4484	2	16165191	16165860	+	0	0	0		39	0	188	0.0	195	3	688	0.00436046511627907
CUFF_NC.4481	2	16198064	16198959	+	0	0	0		36	1	312	0.003205128205128205	238	6	1872	0.003205128205128205
CUFF_NC.4482	2	16223961	16226787	-	0	0	0		141	1	871	0.001148105625717566	802	9	4739	0.0018991348385735388
CUFF_NC.4483	2	16233912	16235649	+	0	0	0		113	1	638	0.001567398119122257	478	3	2404	0.0012479201331114808
CUFF_NC.4486	2	16238320	16238911	-	0	0	0		34	0	201	0.0	126	2	700	0.002857142857142857
CUFF_NC.4490	2	16264513	16265129	-	0	0	0		54	2	307	0.006514657980456026	169	2	903	0.0022148394241417496
CUFF_NC.4485	2	16279656	16280349	-	0	0	0		37	99	201	0.4925373134328358	171	52	787	0.06607369758576874
CUFF_NC.4489	2	16283108	16283933	-	0	0	0		27	0	239	0.0	177	2	1391	0.0014378145219266715
CUFF_NC.4488	2	16285595	16286171	+	0	0	0		23	0	114	0.0	140	3	675	0.0044444444444444444
CUFF_NC.4487	2	16295340	16296290	-	0	0	0		68	1	308	0.003246753246753247	262	4	1229	0.0032546786004882017
CUFF_NC.4513	2	16312665	16313270	+	0	0	0		33	0	182	0.0	157	4	694	0.005763688760806916
CUFF_NC.4512	2	16322094	16322498	-	0	0	0		25	0	170	0.0	108	2	664	0.0030120481927710845
CUFF_NC.4495	2	16339186	16340091	-	0	0	0		14	0	67	0.0	260	4	898	0.004454342984409799
CUFF_NC.4491	2	16344949	16345403	+	0	0	0		43	0	228	0.0	118	0	573	0.0
CUFF_NC.4496	2	16366422	16368334	+	0	0	0		84	0	406	0.0	575	3	2535	0.001183431952662722
CUFF_NC.4494	2	16372443	16372994	+	0	0	0		11	0	71	0.0	148	4	865	0.004624277456647399
CUFF_NC.4493	2	16373121	16373525	-	0	0	0		0	0	0		29	0	58	0.0
CUFF_NC.4497	2	16375412	16376582	+	0	0	0		109	3	555	0.005405405405405406	311	5	1515	0.0033003300330033004
CUFF_NC.4505	2	16392109	16393272	+	0	0	0		83	2	506	0.003952569169960474	331	1	1659	0.0006027727546714888
CUFF_NC.4498	2	16413179	16413952	+	0	0	0		43	2	259	0.007722007722007722	161	2	987	0.002026342451874367
CUFF_NC.4499	2	16414612	16420578	+	0	0	0		203	19	1151	0.016507384882710686	1422	53	7504	0.007062899786780384
CUFF_NC.4500	2	16415340	16421598	+	0	0	0		219	22	1254	0.017543859649122806	1465	53	7726	0.006859953404090085
CUFF_NC.4501	2	16454435	16454785	-	0	0	0		13	0	88	0.0	79	3	404	0.007425742574257425
CUFF_NC.4502	2	16463448	16464373	-	0	0	0		106	0	482	0.0	284	3	1243	0.002413515687851971
CUFF_NC.4503	2	16468106	16468406	+	0	0	0		21	0	131	0.0	92	2	531	0.003766478342749529
CUFF_NC.4504	2	16498247	16498938	+	0	0	0		27	0	165	0.0	170	4	1053	0.003798670465337132
CUFF_NC.4506	2	16520911	16521591	+	0	0	0		55	1	433	0.0023094688221709007	176	2	1223	0.001635322976287817
CUFF_NC.4511	2	16537287	16538304	-	0	0	0		43	12	263	0.045627376425855515	240	81	1540	0.052597402597402594
CUFF_NC.4507	2	16539382	16540488	-	0	0	0		40	1	252	0.003968253968253968	290	6	1918	0.0031282586027111575
CUFF_NC.4509	2	16544104	16544971	+	0	0	0		48	0	219	0.0	231	3	1190	0.0025210084033613447
CUFF_NC.4510	2	16556716	16557308	-	0	0	0		25	0	130	0.0	138	1	736	0.001358695652173913
CUFF_NC.4508	2	16561927	16563426	+	0	0	0		119	0	572	0.0	362	5	1552	0.0032216494845360823
CUFF_NC.4517	2	16567274	16569080	+	0	0	0		142	0	614	0.0	471	3	1774	0.0016910935738444193
CUFF_NC.4518	2	16579789	16580710	+	0	0	0		76	1	445	0.0022471910112359553	237	5	1451	0.0034458993797381117
CUFF_NC.4519	2	16581532	16582485	+	0	0	0		72	0	359	0.0	269	2	1038	0.0019267822736030828
CUFF_NC.4514	2	16590040	16590886	-	0	0	0		48	0	250	0.0	245	5	1161	0.004306632213608958
CUFF_NC.4516	2	16609855	16610733	+	0	0	0		54	0	365	0.0	228	4	1466	0.002728512960436562
CUFF_NC.4515	2	16625850	16626500	-	0	0	0		1	0	3	0.0	5	4	13	0.3076923076923077
CUFF_NC.4522	2	16643557	16645757	-	0	0	0		137	2	628	0.0031847133757961785	543	2	2150	0.0009302325581395349
CUFF_NC.4521	2	16647771	16648725	+	0	0	0		76	0	356	0.0	248	2	1198	0.001669449081803005
CUFF_NC.4520	2	16649962	16650369	-	0	0	0		19	0	85	0.0	99	2	427	0.00468384074941452
CUFF_NC.4527	2	16653288	16653769	+	0	0	0		15	0	82	0.0	150	3	906	0.0033112582781456954
CUFF_NC.4526	2	16655644	16656116	-	0	0	0		7	0	21	0.0	35	0	99	0.0
CUFF_NC.4523	2	16658719	16659213	-	0	0	0		34	0	186	0.0	123	1	714	0.0014005602240896359
CUFF_NC.4524	2	16659884	16660310	-	0	0	0		47	0	264	0.0	100	2	467	0.004282655246252677
CUFF_NC.4529	2	16677015	16677599	+	0	0	0		50	2	302	0.006622516556291391	191	3	1088	0.0027573529411764708
CUFF_NC.4525	2	16697398	16697804	-	0	0	0		23	24	137	0.17518248175182483	88	28	565	0.049557522123893805
CUFF_NC.4528	2	16721238	16722125	-	0	0	0		116	1	676	0.0014792899408284023	234	2	1132	0.0017667844522968198
CUFF_NC.4530	2	16735981	16736775	+	0	0	0		32	0	184	0.0	222	2	1299	0.001539645881447267
CUFF_NC.4533	2	16742887	16743849	-	0	0	0		52	0	300	0.0	193	3	1134	0.0026455026455026454
CUFF_NC.4534	2	16746435	16748298	-	0	0	0		69	1	325	0.003076923076923077	383	2	1988	0.001006036217303823
CUFF_NC.4531	2	16750550	16751315	-	0	0	0		18	0	69	0.0	131	1	612	0.0016339869281045752
CUFF_NC.4532	2	16764402	16764688	+	0	0	0		10	1	83	0.012048192771084338	73	2	523	0.0038240917782026767
CUFF_NC.4539	2	16775342	16775855	-	0	0	0		23	0	89	0.0	149	1	535	0.001869158878504673
CUFF_NC.4535	2	16790939	16791339	-	0	0	0		30	0	126	0.0	99	0	436	0.0
CUFF_NC.4536	2	16797775	16798676	-	0	0	0		18	9	132	0.06818181818181818	213	134	1391	0.09633357296908698
CUFF_NC.4538	2	16803310	16804652	+	0	0	0		118	0	434	0.0	330	1	1143	0.0008748906386701663
CUFF_NC.4537	2	16810758	16812385	-	0	0	0		74	2	377	0.005305039787798408	411	2	2043	0.0009789525208027412
CUFF_NC.4540	2	16814120	16815056	-	0	0	0		38	1	164	0.006097560975609756	132	0	444	0.0
CUFF_NC.4541	2	16844928	16846127	+	0	0	0		79	0	386	0.0	304	1	1629	0.0006138735420503376
CUFF_NC.4542	2	16864536	16865539	+	0	0	0		59	0	293	0.0	228	1	1103	0.0009066183136899365
CUFF_NC.4543	2	16868202	16868911	-	0	0	0		20	0	122	0.0	204	0	1318	0.0
CUFF_NC.4546	2	16876123	16877110	-	0	0	0		12	8	19	0.42105263157894735	91	71	351	0.2022792022792023
CUFF_NC.4547	2	16880158	16880487	+	0	0	0		17	0	107	0.0	89	1	503	0.0019880715705765406
CUFF_NC.4548	2	16897210	16897705	-	0	0	0		23	0	172	0.0	116	1	741	0.001349527665317139
CUFF_NC.4549	2	16900545	16901225	-	0	0	0		23	0	170	0.0	229	2	1527	0.0013097576948264572
CUFF_NC.4545	2	16902321	16904042	+	0	0	0		75	3	364	0.008241758241758242	462	11	2593	0.004242190512919399
CUFF_NC.4544	2	16906956	16907929	+	0	0	0		35	0	181	0.0	245	3	1268	0.002365930599369085
CUFF_NC.4555	2	16925150	16925958	-	0	0	0		61	0	333	0.0	232	1	1273	0.0007855459544383347
CUFF_NC.4561	2	16930876	16931489	-	0	0	0		21	0	145	0.0	158	0	1210	0.0
CUFF_NC.4562	2	16933843	16934567	-	0	0	0		68	0	341	0.0	180	3	802	0.003740648379052369
CUFF_NC.4550	2	16939098	16939787	+	0	0	0		34	0	143	0.0	197	0	698	0.0
CUFF_NC.4551	2	16949856	16950820	+	0	0	0		38	0	164	0.0	223	2	907	0.002205071664829107
CUFF_NC.4552	2	16956149	16957374	+	0	0	0		77	1	270	0.003703703703703704	303	1	1467	0.0006816632583503749
CUFF_NC.4553	2	16963368	16964084	+	0	0	0		57	0	319	0.0	172	1	886	0.001128668171557562
CUFF_NC.4554	2	16968569	16968902	-	0	0	0		22	0	150	0.0	103	1	674	0.001483679525222552
CUFF_NC.4556	2	16970542	16971960	-	0	0	0		64	1	373	0.002680965147453083	380	3	2146	0.0013979496738117428
CUFF_NC.4559	2	16974013	16974302	-	0	0	0		28	1	129	0.007751937984496124	79	1	292	0.003424657534246575
CUFF_NC.4560	2	16979153	16980603	-	0	0	0		45	20	297	0.06734006734006734	402	110	2326	0.04729148753224419
CUFF_NC.4558	2	16981891	16982552	+	0	0	0		34	1	183	0.00546448087431694	211	1	1082	0.0009242144177449168
CUFF_NC.4557	2	16996735	16997695	-	0	0	0		67	1	418	0.0023923444976076554	225	6	1552	0.003865979381443299
CUFF_NC.4565	2	17040061	17041968	+	0	0	0		40	0	279	0.0	435	5	3156	0.0015842839036755386
CUFF_NC.4573	2	17050352	17050768	-	0	0	0		36	2	207	0.00966183574879227	115	2	687	0.002911208151382824
CUFF_NC.4572	2	17053855	17054153	+	0	0	0		29	2	139	0.014388489208633094	69	0	313	0.0
CUFF_NC.4564	2	17059543	17060836	+	0	0	0		63	0	412	0.0	275	2	1786	0.0011198208286674132
CUFF_NC.4566	2	17077899	17078333	+	0	0	0		34	1	244	0.004098360655737705	116	2	844	0.002369668246445498
CUFF_NC.4567	2	17092568	17095748	-	0	0	0		24	4	108	0.037037037037037035	141	4	621	0.00644122383252818
CUFF_NC.4570	2	17102164	17102640	-	0	0	0		34	1	213	0.004694835680751174	127	4	888	0.0045045045045045045
CUFF_NC.4569	2	17105082	17105489	+	0	0	0		32	0	127	0.0	118	0	457	0.0
CUFF_NC.4571	2	17113701	17115099	+	0	0	0		94	0	418	0.0	317	4	1522	0.002628120893561104
CUFF_NC.4577	2	17120141	17120931	-	0	0	0		64	1	339	0.0029498525073746312	231	2	1156	0.0017301038062283738
CUFF_NC.4598	2	17127021	17127816	-	0	0	0		69	2	386	0.0051813471502590676	211	3	1201	0.002497918401332223
CUFF_NC.4574	2	17133563	17135152	-	0	0	0		120	1	676	0.0014792899408284023	416	3	2151	0.001394700139470014
CUFF_NC.4575	2	17144180	17144683	-	0	0	0		39	1	213	0.004694835680751174	139	1	743	0.0013458950201884253
CUFF_NC.4576	2	17164790	17166229	-	0	0	0		61	3	336	0.008928571428571428	344	5	1992	0.0025100401606425703
CUFF_NC.4578	2	17172422	17173182	-	0	0	0		32	1	175	0.005714285714285714	184	5	1204	0.004152823920265781
CUFF_NC.4580	2	17188139	17188496	-	0	0	0		26	0	92	0.0	111	0	368	0.0
CUFF_NC.4582	2	17212518	17213300	+	0	0	0		37	0	166	0.0	191	4	970	0.004123711340206186
CUFF_NC.4581	2	17215415	17215976	+	0	0	0		15	0	70	0.0	136	3	663	0.004524886877828055
CUFF_NC.4579	2	17219413	17219791	+	0	0	0		17	0	95	0.0	109	3	598	0.005016722408026756
CUFF_NC.4584	2	17223146	17223897	-	0	0	0		53	6	344	0.01744186046511628	218	6	1362	0.004405286343612335
CUFF_NC.4583	2	17251902	17253009	-	0	0	0		72	0	329	0.0	288	0	1239	0.0
CUFF_NC.4585	2	17260634	17261448	-	0	0	0		23	0	142	0.0	204	2	1063	0.0018814675446848542
CUFF_NC.4586	2	17262042	17262845	+	0	0	0		61	1	277	0.0036101083032490976	222	2	885	0.0022598870056497176
CUFF_NC.4587	2	17267503	17267980	+	0	0	0		31	0	183	0.0	137	2	664	0.0030120481927710845
CUFF_NC.4589	2	17271557	17272580	-	0	0	0		4	0	4	0.0	9	0	9	0.0
CUFF_NC.4588	2	17282053	17282697	+	0	0	0		27	0	213	0.0	152	5	1105	0.004524886877828055
CUFF_NC.4590	2	17288830	17289345	-	0	0	0		9	0	86	0.0	60	0	458	0.0
CUFF_NC.4594	2	17329367	17329998	+	0	0	0		61	0	461	0.0	184	3	1279	0.0023455824863174357
CUFF_NC.4592	2	17336842	17337504	+	0	0	0		28	0	86	0.0	114	1	377	0.002652519893899204
CUFF_NC.4593	2	17359641	17359954	+	0	0	0		8	0	33	0.0	68	2	420	0.004761904761904762
CUFF_NC.4596	2	17362656	17363718	-	0	0	0		60	108	249	0.43373493975903615	266	142	1115	0.1273542600896861
CUFF_NC.4595	2	17366963	17368988	-	0	0	0		96	1	486	0.00205761316872428	498	6	2614	0.0022953328232593728
CUFF_NC.4597	2	17409280	17410219	-	0	0	0		43	2	262	0.007633587786259542	257	3	1472	0.0020380434782608695
CUFF_NC.4600	2	17410911	17411903	+	0	0	0		89	2	477	0.0041928721174004195	281	2	1410	0.0014184397163120568
CUFF_NC.4599	2	17417943	17418750	+	0	0	0		44	133	161	0.8260869565217391	212	113	726	0.15564738292011018
CUFF_NC.4601	2	17428103	17428509	-	0	0	0		41	1	235	0.00425531914893617	115	0	558	0.0
CUFF_NC.4603	2	17437742	17438313	+	0	0	0		20	0	122	0.0	150	0	956	0.0
CUFF_NC.4602	2	17439527	17440238	+	0	0	0		47	0	287	0.0	162	2	917	0.0021810250817884407
CUFF_NC.4610	2	17446876	17448334	-	0	0	0		98	1	609	0.0016420361247947454	452	2	2655	0.0007532956685499058
CUFF_NC.4609	2	17450370	17451225	+	0	0	0		73	2	485	0.004123711340206186	203	2	1356	0.0014749262536873156
CUFF_NC.4604	2	17457968	17458742	+	0	0	0		52	0	289	0.0	237	4	1201	0.0033305578684429643
CUFF_NC.4608	2	17477995	17481057	+	0	0	0		218	2	1248	0.0016025641025641025	835	9	4360	0.0020642201834862386
CUFF_NC.4607	2	17492732	17493744	-	0	0	0		96	0	401	0.0	277	3	1174	0.002555366269165247
CUFF_NC.4606	2	17494267	17496075	-	0	0	0		85	0	498	0.0	438	4	2795	0.0014311270125223613
CUFF_NC.4611	2	17522207	17522701	+	0	0	0		39	0	230	0.0	105	1	663	0.0015082956259426848
CUFF_NC.4612	2	17527491	17528251	-	0	0	0		53	3	324	0.009259259259259259	225	4	1397	0.002863278453829635
CUFF_NC.4613	2	17532092	17532587	+	0	0	0		24	0	177	0.0	165	2	1044	0.0019157088122605363
CUFF_NC.4617	2	17532917	17534009	+	0	0	0		86	1	484	0.002066115702479339	314	3	1632	0.001838235294117647
CUFF_NC.4614	2	17539216	17539972	+	0	0	0		63	0	327	0.0	200	3	1032	0.0029069767441860465
CUFF_NC.4616	2	17543136	17545379	-	0	0	0		96	3	500	0.006	596	5	3159	0.0015827793605571383
CUFF_NC.4618	2	17548294	17548701	-	0	0	0		38	1	216	0.004629629629629629	127	5	781	0.006402048655569782
CUFF_NC.4615	2	17555314	17556386	+	0	0	0		38	0	192	0.0	218	0	1154	0.0
CUFF_NC.4621	2	17582705	17583125	-	0	0	0		23	0	88	0.0	125	0	481	0.0
CUFF_NC.4619	2	17587250	17587950	-	0	0	0		64	2	285	0.007017543859649123	206	4	1008	0.003968253968253968
CUFF_NC.4620	2	17591247	17591880	-	0	0	0		51	0	339	0.0	157	1	961	0.001040582726326743
CUFF_NC.4622	2	17591961	17592581	-	0	0	0		50	1	368	0.002717391304347826	169	4	1215	0.0032921810699588477
CUFF_NC.4623	2	17595170	17595949	+	0	0	0		60	1	372	0.002688172043010753	218	3	1334	0.0022488755622188904
CUFF_NC.4627	2	17609419	17610001	-	0	0	0		40	0	223	0.0	182	1	1034	0.0009671179883945841
CUFF_NC.4626	2	17612725	17613406	+	0	0	0		59	2	325	0.006153846153846154	162	0	874	0.0
CUFF_NC.4624	2	17618158	17619673	+	0	0	0		123	1	599	0.001669449081803005	392	1	1869	0.0005350454788657035
CUFF_NC.4625	2	17620832	17622573	-	0	0	0		123	1	771	0.0012970168612191958	461	4	2579	0.0015509887553315238
CUFF_NC.4629	2	17632803	17633554	+	0	0	0		59	2	390	0.005128205128205128	225	5	1273	0.003927729772191673
CUFF_NC.4628	2	17638896	17640086	-	0	0	0		57	0	268	0.0	270	2	1286	0.0015552099533437014
CUFF_NC.4630	2	17649029	17649468	+	0	0	0		14	0	114	0.0	115	1	654	0.0015290519877675841
CUFF_NC.4631	2	17649995	17651114	+	0	0	0		66	0	486	0.0	309	2	2000	0.001
CUFF_NC.4632	2	17682143	17682866	-	0	0	0		49	2	305	0.006557377049180328	192	0	1187	0.0
CUFF_NC.4633	2	17685765	17686509	+	0	0	0		39	0	255	0.0	226	2	1191	0.0016792611251049538
CUFF_NC.4634	2	17687461	17688178	+	0	0	0		27	0	195	0.0	172	2	1074	0.00186219739292365
CUFF_NC.4635	2	17719441	17720320	+	0	0	0		34	0	164	0.0	212	1	925	0.001081081081081081
CUFF_NC.4639	2	17728526	17729052	-	0	0	0		39	1	142	0.007042253521126761	109	3	400	0.0075
CUFF_NC.4636	2	17734442	17735109	+	0	0	0		48	0	229	0.0	196	2	907	0.002205071664829107
CUFF_NC.4638	2	17755992	17758230	-	0	0	0		161	0	818	0.0	620	2	2721	0.000735023888276369
CUFF_NC.4637	2	17784081	17784840	-	0	0	0		46	3	321	0.009345794392523364	215	1	1526	0.000655307994757536
CUFF_NC.4644	2	17788953	17789418	+	0	0	0		29	1	208	0.004807692307692308	44	2	293	0.006825938566552901
CUFF_NC.4646	2	17791685	17792576	-	0	0	0		52	0	256	0.0	254	6	1309	0.004583651642475172
CUFF_NC.4640	2	17796190	17797663	+	0	0	0		62	0	345	0.0	370	3	1910	0.0015706806282722514
CUFF_NC.4645	2	17802269	17802683	-	0	0	0		32	1	162	0.006172839506172839	113	2	521	0.003838771593090211
CUFF_NC.4641	2	17807998	17810209	+	0	0	0		123	0	627	0.0	625	3	2804	0.0010699001426533524
CUFF_NC.4647	2	17820268	17820883	-	0	0	0		27	0	144	0.0	178	0	935	0.0
CUFF_NC.4648	2	17822257	17825680	-	0	0	0		186	2	1193	0.0016764459346186086	881	14	5721	0.0024471246285614405
CUFF_NC.4643	2	17826241	17827515	+	0	0	0		70	2	328	0.006097560975609756	400	4	1508	0.002652519893899204
CUFF_NC.4642	2	17832473	17832844	-	0	0	0		17	0	93	0.0	102	0	615	0.0
CUFF_NC.4649	2	17836670	17837940	+	0	0	0		53	0	281	0.0	296	0	1693	0.0
CUFF_NC.4650	2	17840314	17841343	+	0	0	0		108	0	518	0.0	264	3	1263	0.0023752969121140144
CUFF_NC.4653	2	17854033	17855534	-	0	0	0		96	1	602	0.0016611295681063123	418	3	2400	0.00125
CUFF_NC.4670	2	17857625	17858587	-	0	0	0		64	1	409	0.0024449877750611247	257	1	1814	0.0005512679162072767
CUFF_NC.4651	2	17887134	17887785	-	0	0	0		45	0	155	0.0	220	4	826	0.004842615012106538
CUFF_NC.4652	2	17888111	17888667	-	0	0	0		56	2	277	0.007220216606498195	129	3	737	0.004070556309362279
CUFF_NC.4654	2	17895382	17895725	-	0	0	0		16	0	88	0.0	116	0	520	0.0
CUFF_NC.4655	2	17898918	17899266	+	0	0	0		23	0	187	0.0	69	2	572	0.0034965034965034965
CUFF_NC.4658	2	17908971	17909913	-	0	0	0		36	0	177	0.0	220	2	919	0.002176278563656148
CUFF_NC.4659	2	17914574	17915038	+	0	0	0		34	0	168	0.0	88	0	483	0.0
CUFF_NC.4660	2	17915357	17916037	-	0	0	0		35	0	183	0.0	172	2	691	0.002894356005788712
CUFF_NC.4656	2	17924755	17925561	+	0	0	0		19	0	157	0.0	229	6	1706	0.0035169988276670576
CUFF_NC.4657	2	17927540	17929002	-	0	0	0		93	1	523	0.0019120458891013384	350	8	2005	0.00399002493765586
CUFF_NC.4661	2	17930341	17932815	+	0	0	0		68	2	297	0.006734006734006734	412	3	1864	0.001609442060085837
CUFF_NC.4665	2	17961600	17966092	-	0	0	0		273	3	1692	0.0017730496453900709	1259	19	7237	0.002625397264059693
CUFF_NC.4662	2	17991305	17992001	+	0	0	0		39	0	211	0.0	198	0	862	0.0
CUFF_NC.4663	2	18015873	18016472	+	0	0	0		48	106	259	0.4092664092664093	165	19	827	0.022974607013301087
CUFF_NC.4669	2	18025968	18026380	+	0	0	0		21	0	145	0.0	111	3	713	0.004207573632538569
CUFF_NC.4666	2	18041335	18041972	-	0	0	0		42	1	239	0.0041841004184100415	150	0	913	0.0
CUFF_NC.4668	2	18050715	18051911	+	0	0	0		54	1	319	0.003134796238244514	284	4	1634	0.0024479804161566705
CUFF_NC.4667	2	18053340	18054300	-	0	0	0		75	2	324	0.006172839506172839	273	2	1302	0.0015360983102918587
CUFF_NC.4676	2	18065216	18065655	-	0	0	0		34	0	198	0.0	132	1	803	0.0012453300124533001
CUFF_NC.4674	2	18069853	18073759	-	0	0	0		178	1	1040	0.0009615384615384616	965	9	5662	0.0015895443306252208
CUFF_NC.4673	2	18088254	18088838	+	0	0	0		43	1	224	0.004464285714285714	142	0	742	0.0
CUFF_NC.4671	2	18092073	18092863	+	0	0	0		28	98	177	0.5536723163841808	178	64	1122	0.0570409982174688
CUFF_NC.4672	2	18092811	18093220	-	0	0	0		16	32	108	0.2962962962962963	92	56	560	0.1
CUFF_NC.4687	2	18106577	18107215	-	0	0	0		37	40	94	0.425531914893617	140	65	515	0.1262135922330097
CUFF_NC.4675	2	18116557	18118640	-	0	0	0		162	2	928	0.0021551724137931034	633	7	3636	0.0019251925192519251
CUFF_NC.4682	2	18132003	18132449	+	0	0	0		44	0	225	0.0	125	0	581	0.0
CUFF_NC.4677	2	18136888	18137183	+	0	0	0		15	0	87	0.0	75	0	454	0.0
CUFF_NC.4679	2	18140250	18140647	-	0	0	0		25	0	183	0.0	111	4	876	0.0045662100456621
CUFF_NC.4678	2	18145467	18148793	-	0	0	0		203	1	1041	0.0009606147934678194	770	10	3752	0.0026652452025586353
CUFF_NC.4684	2	18152262	18152684	-	0	0	0		25	0	119	0.0	146	0	669	0.0
CUFF_NC.4680	2	18162766	18163284	+	0	0	0		24	0	130	0.0	119	0	801	0.0
CUFF_NC.4681	2	18165459	18166106	+	0	0	0		0	0	0		12	0	46	0.0
CUFF_NC.4688	2	18186378	18191193	+	0	0	0		135	1	704	0.0014204545454545455	774	5	3867	0.0012929919834497026
CUFF_NC.4689	2	18192545	18193471	-	0	0	0		33	0	135	0.0	167	1	614	0.0016286644951140066
CUFF_NC.4690	2	18199642	18200178	+	0	0	0		37	1	250	0.004	152	0	832	0.0
CUFF_NC.4683	2	18204152	18204946	+	0	0	0		54	1	307	0.003257328990228013	241	1	1275	0.000784313725490196
CUFF_NC.4685	2	18216629	18217359	-	0	0	0		19	1	114	0.008771929824561403	182	3	1029	0.0029154518950437317
CUFF_NC.4686	2	18217734	18219267	+	0	0	0		78	6	531	0.011299435028248588	480	6	2976	0.0020161290322580645
CUFF_NC.4692	2	18226921	18227894	-	0	0	0		71	1	427	0.00234192037470726	284	1	1381	0.000724112961622013
CUFF_NC.4691	2	18251948	18252356	+	0	0	0		16	0	115	0.0	110	0	722	0.0
CUFF_NC.4693	2	18255514	18256718	+	0	0	0		92	5	560	0.008928571428571428	357	4	2212	0.0018083182640144665
CUFF_NC.4694	2	18256829	18258434	+	0	0	0		66	0	399	0.0	391	1	2101	0.00047596382674916705
CUFF_NC.4698	2	18277268	18278022	-	0	0	0		48	0	302	0.0	220	4	997	0.004012036108324975
CUFF_NC.4695	2	18283623	18285567	-	0	0	0		96	0	465	0.0	517	7	2420	0.002892561983471074
CUFF_NC.4696	2	18286538	18287012	-	0	0	0		31	0	162	0.0	144	1	791	0.0012642225031605564
CUFF_NC.4697	2	18287585	18288370	-	0	0	0		59	2	276	0.007246376811594203	215	2	806	0.0024813895781637717
CUFF_NC.4700	2	18305275	18308499	+	0	0	0		170	2	640	0.003125	669	13	2630	0.00494296577946768
CUFF_NC.4705	2	18320905	18321322	+	0	0	0		42	1	179	0.00558659217877095	118	0	660	0.0
CUFF_NC.4699	2	18323459	18324572	+	0	0	0		50	0	293	0.0	299	3	1560	0.0019230769230769232
CUFF_NC.4704	2	18328335	18330314	-	0	0	0		111	2	615	0.0032520325203252032	547	2	2962	0.0006752194463200541
CUFF_NC.4702	2	18333291	18334834	-	0	0	0		102	0	321	0.0	317	3	977	0.0030706243602865915
CUFF_NC.4703	2	18337261	18338147	+	0	0	0		64	0	338	0.0	253	2	1159	0.001725625539257981
CUFF_NC.4701	2	18340834	18341255	-	0	0	0		15	0	46	0.0	118	0	543	0.0
CUFF_NC.4706	2	18350289	18351703	+	0	0	0		73	1	468	0.002136752136752137	380	5	2409	0.0020755500207555004
CUFF_NC.4707	2	18350451	18351477	-	0	0	0		60	1	376	0.0026595744680851063	294	4	1875	0.0021333333333333334
CUFF_NC.4709	2	18367107	18367649	-	0	0	0		29	0	213	0.0	137	2	936	0.002136752136752137
CUFF_NC.4708	2	18375983	18376421	-	0	0	0		31	0	185	0.0	125	0	692	0.0
CUFF_NC.4711	2	18386332	18389607	+	0	0	0		169	10	960	0.010416666666666666	846	6	4788	0.0012531328320802004
CUFF_NC.4712	2	18386403	18392605	+	0	0	0		336	11	1736	0.006336405529953917	1667	20	9478	0.002110149820637265
CUFF_NC.4710	2	18408540	18409752	-	0	0	0		96	1	498	0.002008032128514056	258	0	1209	0.0
CUFF_NC.4713	2	18416099	18416729	+	0	0	0		40	1	218	0.0045871559633027525	167	0	814	0.0
CUFF_NC.4714	2	18427917	18428385	+	0	0	0		23	0	109	0.0	126	1	602	0.0016611295681063123
CUFF_NC.4715	2	18431036	18431827	-	0	0	0		51	1	296	0.0033783783783783786	210	1	1266	0.0007898894154818325
CUFF_NC.4722	2	18435128	18435483	-	0	0	0		34	0	139	0.0	114	0	395	0.0
CUFF_NC.4716	2	18441273	18441771	-	0	0	0		22	0	113	0.0	151	3	842	0.0035629453681710215
CUFF_NC.4718	2	18442107	18443384	+	0	0	0		69	1	524	0.0019083969465648854	302	2	1889	0.0010587612493382743
CUFF_NC.4717	2	18446395	18446907	+	0	0	0		11	0	89	0.0	129	1	857	0.0011668611435239206
CUFF_NC.4719	2	18448139	18449075	+	0	0	0		18	0	98	0.0	262	2	1538	0.0013003901170351106
CUFF_NC.4724	2	18451413	18451654	-	0	0	0		13	0	56	0.0	67	0	286	0.0
CUFF_NC.4721	2	18462017	18462792	+	0	0	0		53	1	166	0.006024096385542169	231	3	841	0.0035671819262782403
CUFF_NC.4723	2	18465954	18469582	-	0	0	0		209	5	1282	0.0039001560062402497	950	10	6186	0.0016165535079211122
CUFF_NC.4720	2	18478375	18480365	-	0	0	0		130	0	670	0.0	516	5	2803	0.0017838030681412772
CUFF_NC.4727	2	18490309	18490854	-	0	0	0		38	0	193	0.0	172	0	900	0.0
CUFF_NC.4728	2	18491138	18491753	-	0	0	0		52	0	270	0.0	191	1	879	0.0011376564277588168
CUFF_NC.4726	2	18495255	18496180	-	0	0	0		81	1	418	0.0023923444976076554	229	0	1011	0.0
CUFF_NC.4725	2	18496739	18497215	-	0	0	0		11	0	76	0.0	150	3	1078	0.0027829313543599257
CUFF_NC.4729	2	18497653	18499139	-	0	0	0		79	199	377	0.5278514588859416	348	171	1608	0.10634328358208955
CUFF_NC.4730	2	18537243	18538210	-	0	0	0		61	0	207	0.0	255	2	874	0.002288329519450801
CUFF_NC.4733	2	18552355	18553108	+	0	0	0		44	0	249	0.0	213	2	1210	0.001652892561983471
CUFF_NC.4736	2	18570155	18572173	-	0	0	0		98	0	568	0.0	571	9	3377	0.0026650873556411016
CUFF_NC.4731	2	18577465	18578818	-	0	0	0		77	0	387	0.0	313	3	1438	0.002086230876216968
CUFF_NC.4732	2	18582648	18583087	-	0	0	0		22	0	71	0.0	130	1	382	0.002617801047120419
CUFF_NC.4735	2	18602502	18603126	-	0	0	0		26	1	161	0.006211180124223602	162	2	908	0.0022026431718061676
CUFF_NC.4737	2	18603751	18604706	-	0	0	0		70	0	363	0.0	255	1	1213	0.0008244023083264633
CUFF_NC.4738	2	18607245	18607772	-	0	0	0		33	0	159	0.0	135	1	653	0.0015313935681470138
CUFF_NC.4739	2	18609200	18609430	-	0	0	0		8	0	52	0.0	54	1	235	0.00425531914893617
CUFF_NC.4740	2	18617942	18620327	+	0	0	0		206	0	860	0.0	556	3	2305	0.0013015184381778742
CUFF_NC.4741	2	18645448	18646334	+	0	0	0		41	1	241	0.004149377593360996	244	1	1379	0.0007251631617113851
CUFF_NC.4765	2	18664567	18666041	+	0	0	0		98	0	438	0.0	319	6	1456	0.004120879120879121
CUFF_NC.4764	2	18668795	18669412	-	0	0	0		42	1	228	0.0043859649122807015	172	1	921	0.0010857763300760044
CUFF_NC.4744	2	18674637	18675634	-	0	0	0		93	0	475	0.0	297	1	1513	0.0006609385327164573
CUFF_NC.4749	2	18684306	18684895	+	0	0	0		43	0	246	0.0	175	1	1033	0.000968054211035818
CUFF_NC.4743	2	18694894	18695366	+	0	0	0		24	0	185	0.0	150	3	1088	0.0027573529411764708
CUFF_NC.4748	2	18701189	18702174	+	0	0	0		54	0	335	0.0	255	1	1447	0.000691085003455425
CUFF_NC.4742	2	18702734	18703269	+	0	0	0		4	4	19	0.21052631578947367	31	2	108	0.018518518518518517
CUFF_NC.4745	2	18711225	18711755	+	0	0	0		30	0	145	0.0	148	2	794	0.0025188916876574307
CUFF_NC.4746	2	18712384	18713195	+	0	0	0		62	0	310	0.0	250	0	1128	0.0
CUFF_NC.4747	2	18718303	18718909	-	0	0	0		30	1	136	0.007352941176470588	196	2	671	0.0029806259314456036
CUFF_NC.4751	2	18732340	18732971	-	0	0	0		37	1	184	0.005434782608695652	188	1	740	0.0013513513513513514
CUFF_NC.4750	2	18733433	18734055	+	0	0	0		21	1	116	0.008620689655172414	172	0	786	0.0
CUFF_NC.4752	2	18737156	18737889	+	0	0	0		77	0	348	0.0	214	1	837	0.0011947431302270011
CUFF_NC.4755	2	18755639	18756266	+	0	0	0		26	1	151	0.006622516556291391	165	3	762	0.003937007874015748
CUFF_NC.4766	2	18772160	18772713	+	0	0	0		48	0	372	0.0	133	3	1009	0.002973240832507433
CUFF_NC.4758	2	18775998	18784354	+	0	0	0		508	10	3058	0.0032701111837802484	2135	28	13312	0.0021033653846153845
CUFF_NC.4754	2	18789463	18790862	-	0	0	0		85	0	429	0.0	378	4	1855	0.00215633423180593
CUFF_NC.4753	2	18791291	18792391	-	0	0	0		77	0	358	0.0	283	2	1279	0.001563721657544957
CUFF_NC.4756	2	18795530	18797341	-	0	0	0		82	1	312	0.003205128205128205	469	7	1891	0.0037017451084082496
CUFF_NC.4757	2	18797705	18799241	-	0	0	0		33	0	172	0.0	286	0	1467	0.0
CUFF_NC.4759	2	18803753	18804607	-	0	0	0		29	32	134	0.23880597014925373	208	37	936	0.03952991452991453
CUFF_NC.4760	2	18820264	18821944	+	0	0	0		129	0	586	0.0	438	4	2164	0.0018484288354898336
CUFF_NC.4761	2	18831859	18832605	-	0	0	0		50	0	372	0.0	196	3	1525	0.0019672131147540984
CUFF_NC.4762	2	18840715	18841368	-	0	0	0		38	0	241	0.0	144	0	849	0.0
CUFF_NC.4763	2	18852988	18855187	-	0	0	0		94	55	607	0.09060955518945635	492	79	3302	0.02392489400363416
CUFF_NC.4768	2	18865750	18867084	-	0	0	0		75	3	429	0.006993006993006993	340	7	2004	0.003493013972055888
CUFF_NC.4770	2	18869959	18870417	-	0	0	0		28	0	176	0.0	146	2	828	0.0024154589371980675
CUFF_NC.4769	2	18873307	18874700	+	0	0	0		83	0	551	0.0	400	4	2234	0.0017905102954341987
CUFF_NC.4767	2	18877193	18877671	-	0	0	0		20	1	120	0.008333333333333333	137	2	734	0.0027247956403269754
CUFF_NC.4771	2	18882156	18883008	+	0	0	0		38	1	219	0.0045662100456621	231	1	1277	0.0007830853563038371
CUFF_NC.4794	2	18912495	18914943	+	0	0	0		151	3	746	0.004021447721179625	654	3	3192	0.0009398496240601503
CUFF_NC.4790	2	18929022	18930084	-	0	0	0		96	1	534	0.0018726591760299626	317	3	1534	0.001955671447196871
CUFF_NC.4791	2	18933339	18934164	+	0	0	0		20	0	93	0.0	224	0	1047	0.0
CUFF_NC.4774	2	18936918	18938645	+	0	0	0		99	2	593	0.003372681281618887	466	3	2446	0.0012264922322158627
CUFF_NC.4777	2	18939199	18940079	-	0	0	0		57	0	349	0.0	233	3	1341	0.0022371364653243847
CUFF_NC.4778	2	18944518	18944969	+	0	0	0		42	2	239	0.008368200836820083	98	1	595	0.0016806722689075631
CUFF_NC.4775	2	18950676	18951627	-	0	0	0		49	0	313	0.0	267	6	1729	0.003470213996529786
CUFF_NC.4776	2	18953132	18954037	-	0	0	0		72	0	406	0.0	212	0	1321	0.0
CUFF_NC.4772	2	18957531	18958233	-	0	0	0		20	13	104	0.125	136	67	625	0.1072
CUFF_NC.4773	2	18959004	18959609	-	0	0	0		27	1	119	0.008403361344537815	162	1	749	0.0013351134846461949
CUFF_NC.4779	2	18961125	18962262	-	0	0	0		70	3	371	0.008086253369272238	271	3	1379	0.002175489485134155
CUFF_NC.4781	2	18962768	18964385	-	0	0	0		69	0	443	0.0	421	3	2559	0.0011723329425556857
CUFF_NC.4786	2	18966112	18966429	-	0	0	0		11	0	59	0.0	107	2	644	0.003105590062111801
CUFF_NC.4782	2	18995092	18995496	-	0	0	0		14	0	104	0.0	93	0	518	0.0
CUFF_NC.4783	2	18996890	18998120	-	0	0	0		82	1	464	0.0021551724137931034	378	1	2224	0.0004496402877697842
CUFF_NC.4784	2	19009865	19010603	+	0	0	0		23	1	157	0.006369426751592357	170	4	1010	0.0039603960396039604
CUFF_NC.4785	2	19013126	19013996	+	0	0	0		23	0	138	0.0	192	1	1083	0.0009233610341643582
CUFF_NC.4792	2	19018726	19019087	+	0	0	0		29	0	144	0.0	97	0	387	0.0
CUFF_NC.4787	2	19028424	19028904	-	0	0	0		18	2	93	0.021505376344086023	121	1	557	0.0017953321364452424
CUFF_NC.4788	2	19035774	19036402	-	0	0	0		49	0	240	0.0	176	0	783	0.0
CUFF_NC.4793	2	19040151	19042129	-	0	0	0		202	5	1182	0.004230118443316413	568	8	2932	0.002728512960436562
CUFF_NC.4789	2	19043666	19044191	+	0	0	0		49	2	241	0.008298755186721992	122	1	634	0.0015772870662460567
CUFF_NC.4825	2	19060667	19064729	-	0	0	0		123	2	485	0.004123711340206186	686	5	3250	0.0015384615384615385
CUFF_NC.4826	2	19060960	19064881	-	0	0	0		112	2	392	0.00510204081632653	613	4	2641	0.0015145778114350624
CUFF_NC.4827	2	19061734	19065832	-	0	0	0		94	3	276	0.010869565217391304	558	4	1985	0.0020151133501259445
CUFF_NC.4828	2	19062272	19067015	-	0	0	0		91	3	270	0.011111111111111112	519	3	1705	0.0017595307917888563
CUFF_NC.4829	2	19063561	19068331	-	0	0	0		82	1	294	0.003401360544217687	455	5	1653	0.0030248033877797943
CUFF_NC.4795	2	19071613	19072032	-	0	0	0		6	3	6	0.5	13	1	18	0.05555555555555555
CUFF_NC.4797	2	19081401	19081921	+	0	0	0		20	0	120	0.0	112	1	488	0.0020491803278688526
CUFF_NC.4796	2	19083035	19083803	+	0	0	0		48	0	269	0.0	208	2	975	0.0020512820512820513
CUFF_NC.4798	2	19084093	19084443	+	0	0	0		21	0	118	0.0	91	0	519	0.0
CUFF_NC.4799	2	19085023	19085729	+	0	0	0		47	0	267	0.0	225	3	1156	0.0025951557093425604
CUFF_NC.4802	2	19085944	19086325	-	0	0	0		13	0	73	0.0	107	0	592	0.0
CUFF_NC.4803	2	19086274	19086518	+	0	0	0		16	0	140	0.0	64	0	484	0.0
CUFF_NC.4800	2	19089498	19090851	+	0	0	0		69	1	379	0.002638522427440633	353	3	1965	0.0015267175572519084
CUFF_NC.4801	2	19091185	19093374	+	0	0	0		145	2	842	0.0023752969121140144	647	7	3688	0.001898047722342733
CUFF_NC.4805	2	19097590	19099110	-	0	0	0		123	1	668	0.0014970059880239522	468	3	2334	0.0012853470437017994
CUFF_NC.4804	2	19100515	19101276	+	0	0	0		8	2	50	0.04	210	2	990	0.00202020202020202
CUFF_NC.4807	2	19109704	19110367	-	0	0	0		35	0	146	0.0	238	1	1006	0.0009940357852882703
CUFF_NC.4806	2	19111426	19112026	+	0	0	0		34	1	162	0.006172839506172839	103	0	373	0.0
CUFF_NC.4810	2	19118344	19118659	+	0	0	0		35	1	260	0.0038461538461538464	85	0	644	0.0
CUFF_NC.4808	2	19133556	19135084	-	0	0	0		64	1	352	0.002840909090909091	449	4	2403	0.0016645859342488557
CUFF_NC.4811	2	19137434	19138359	+	0	0	0		64	1	342	0.0029239766081871343	266	3	1372	0.002186588921282799
CUFF_NC.4812	2	19138946	19140570	+	0	0	0		118	3	640	0.0046875	382	3	1991	0.0015067805123053742
CUFF_NC.4809	2	19145414	19146864	-	0	0	0		99	1	357	0.0028011204481792717	399	5	1495	0.0033444816053511705
CUFF_NC.4815	2	19153417	19154330	+	0	0	0		56	0	287	0.0	231	3	1133	0.00264783759929391
CUFF_NC.4813	2	19161685	19164236	-	0	0	0		52	9	269	0.03345724907063197	456	40	2415	0.016563146997929608
CUFF_NC.4814	2	19163661	19164276	+	0	0	0		9	0	16	0.0	56	0	136	0.0
CUFF_NC.4816	2	19164387	19165430	+	0	0	0		28	0	86	0.0	102	1	350	0.002857142857142857
CUFF_NC.4817	2	19165574	19166927	+	0	0	0		95	2	502	0.00398406374501992	362	5	1642	0.0030450669914738123
CUFF_NC.4818	2	19177994	19178436	+	0	0	0		18	0	137	0.0	99	4	703	0.005689900426742532
CUFF_NC.4823	2	19185887	19186715	+	0	0	0		61	0	237	0.0	244	2	1029	0.001943634596695821
CUFF_NC.4822	2	19191181	19192690	-	0	0	0		73	2	364	0.005494505494505495	368	4	1757	0.0022766078542970974
CUFF_NC.4832	2	19204122	19205036	-	0	0	0		71	0	348	0.0	210	4	964	0.004149377593360996
CUFF_NC.4821	2	19214536	19215316	+	0	0	0		56	0	303	0.0	229	1	1123	0.0008904719501335708
CUFF_NC.4820	2	19219894	19220692	-	0	0	0		57	179	242	0.7396694214876033	198	236	869	0.2715765247410817
CUFF_NC.4824	2	19234262	19235102	-	0	0	0		19	0	79	0.0	51	0	194	0.0
CUFF_NC.4830	2	19240091	19242499	-	0	0	0		111	1	625	0.0016	684	8	3803	0.002103602419142782
CUFF_NC.4831	2	19251303	19253517	-	0	0	0		141	1	785	0.0012738853503184713	558	4	2881	0.0013884068031933356
CUFF_NC.4852	2	19277296	19281952	+	0	0	0		316	2	1768	0.0011312217194570137	1204	15	6272	0.0023915816326530613
CUFF_NC.4836	2	19309955	19313804	+	0	0	0		276	4	1479	0.002704530087897228	1067	7	5876	0.001191286589516678
CUFF_NC.4833	2	19317152	19319363	-	0	0	0		153	0	744	0.0	614	6	2941	0.002040122407344441
CUFF_NC.4842	2	19321351	19322209	+	0	0	0		69	1	312	0.003205128205128205	221	2	967	0.002068252326783868
CUFF_NC.4835	2	19331726	19336193	+	0	0	0		211	2	1107	0.0018066847335140017	1140	12	5895	0.002035623409669211
CUFF_NC.4834	2	19341454	19342574	+	0	0	0		106	2	544	0.003676470588235294	327	5	1806	0.0027685492801771874
CUFF_NC.4837	2	19352338	19353432	+	0	0	0		96	0	432	0.0	271	2	1087	0.0018399264029438822
CUFF_NC.4838	2	19371711	19372099	+	0	0	0		14	2	72	0.027777777777777776	109	3	615	0.004878048780487805
CUFF_NC.4839	2	19373913	19374374	+	0	0	0		20	0	95	0.0	108	2	453	0.004415011037527594
CUFF_NC.4843	2	19376294	19376727	-	0	0	0		12	0	70	0.0	120	1	825	0.0012121212121212121
CUFF_NC.4844	2	19382377	19383283	-	0	0	0		33	50	186	0.26881720430107525	220	23	1327	0.01733232856066315
CUFF_NC.4858	2	19389134	19390121	-	0	0	0		69	2	400	0.005	282	6	1635	0.003669724770642202
CUFF_NC.4840	2	19409216	19409795	-	0	0	0		15	0	110	0.0	145	1	985	0.0010152284263959391
CUFF_NC.4845	2	19411672	19412270	+	0	0	0		21	1	110	0.00909090909090909	171	2	956	0.0020920502092050207
CUFF_NC.4846	2	19414393	19415380	-	0	0	0		31	11	208	0.052884615384615384	215	118	1305	0.09042145593869731
CUFF_NC.4848	2	19422869	19423197	+	0	0	0		21	0	129	0.0	109	3	624	0.004807692307692308
CUFF_NC.4855	2	19424312	19424868	-	0	0	0		51	1	385	0.0025974025974025974	136	1	944	0.001059322033898305
CUFF_NC.4854	2	19429775	19430191	+	0	0	0		37	0	173	0.0	127	0	611	0.0
CUFF_NC.4849	2	19432419	19433035	-	0	0	0		33	4	104	0.038461538461538464	136	3	489	0.006134969325153374
CUFF_NC.4851	2	19439309	19440244	+	0	0	0		56	2	261	0.007662835249042145	258	2	1255	0.0015936254980079682
CUFF_NC.4853	2	19443848	19444429	+	0	0	0		47	2	289	0.006920415224913495	163	3	983	0.003051881993896236
CUFF_NC.4850	2	19446854	19447295	-	0	0	0		35	0	122	0.0	122	1	379	0.002638522427440633
CUFF_NC.4869	2	19455930	19456338	-	0	0	0		40	0	200	0.0	120	0	506	0.0
CUFF_NC.4857	2	19457525	19457959	-	0	0	0		27	0	106	0.0	117	1	478	0.0020920502092050207
CUFF_NC.4856	2	19459939	19460355	+	0	0	0		24	0	159	0.0	137	1	909	0.0011001100110011
CUFF_NC.4861	2	19472415	19474234	-	0	0	0		120	0	427	0.0	462	4	1761	0.002271436683702442
CUFF_NC.4860	2	19478356	19479294	-	0	0	0		59	1	299	0.0033444816053511705	263	0	1231	0.0
CUFF_NC.4862	2	19485712	19486521	-	0	0	0		33	0	115	0.0	180	3	794	0.003778337531486146
CUFF_NC.4859	2	19491159	19491620	+	0	0	0		17	0	88	0.0	123	0	637	0.0
CUFF_NC.4864	2	19496125	19497978	-	0	0	0		155	1	998	0.001002004008016032	545	3	3420	0.0008771929824561404
CUFF_NC.4865	2	19498379	19498759	-	0	0	0		31	1	138	0.007246376811594203	78	0	347	0.0
CUFF_NC.4863	2	19509683	19510393	-	0	0	0		45	0	178	0.0	173	0	916	0.0
CUFF_NC.4871	2	19535922	19536790	-	0	0	0		60	0	325	0.0	254	1	1384	0.000722543352601156
CUFF_NC.4867	2	19545698	19546922	+	0	0	0		94	0	522	0.0	366	1	1866	0.0005359056806002144
CUFF_NC.4868	2	19547033	19547383	+	0	0	0		21	0	179	0.0	83	3	605	0.0049586776859504135
CUFF_NC.4866	2	19556287	19558653	-	0	0	0		136	0	756	0.0	619	6	3329	0.0018023430459597476
CUFF_NC.4878	2	19589446	19589847	-	0	0	0		38	0	141	0.0	122	1	563	0.0017761989342806395
CUFF_NC.4876	2	19591345	19591776	+	0	0	0		34	1	148	0.006756756756756757	100	1	468	0.002136752136752137
CUFF_NC.4877	2	19593728	19595078	+	0	0	0		122	1	453	0.002207505518763797	276	0	970	0.0
CUFF_NC.4882	2	19608046	19609547	-	0	0	0		139	1	602	0.0016611295681063123	405	4	1829	0.002186987424822307
CUFF_NC.4870	2	19623792	19624086	-	0	0	0		9	0	54	0.0	45	1	234	0.004273504273504274
CUFF_NC.4872	2	19624205	19624686	-	0	0	0		39	0	231	0.0	117	2	495	0.00404040404040404
CUFF_NC.4880	2	19629452	19629975	-	0	0	0		44	0	128	0.0	152	0	483	0.0
CUFF_NC.4879	2	19637399	19641128	+	0	0	0		257	4	1278	0.003129890453834116	1048	14	5217	0.0026835345984282154
CUFF_NC.4874	2	19641237	19643785	-	0	0	0		231	0	947	0.0	757	6	3065	0.001957585644371941
CUFF_NC.4875	2	19649091	19650450	+	0	0	0		95	1	362	0.0027624309392265192	332	2	1464	0.001366120218579235
CUFF_NC.4881	2	19672202	19672533	-	0	0	0		16	0	77	0.0	109	1	504	0.001984126984126984
CUFF_NC.4873	2	19687901	19688330	+	0	0	0		23	0	143	0.0	101	2	637	0.0031397174254317113
CUFF_NC.4883	3	15027	16368	-	0	0	0		85	0	512	0.0	386	1	2218	0.0004508566275924256
CUFF_NC.4895	3	41219	42026	+	0	0	0		82	1	285	0.0035087719298245615	169	1	569	0.0017574692442882249
CUFF_NC.4884	3	46619	48406	+	0	0	0		126	0	660	0.0	517	3	2636	0.0011380880121396055
CUFF_NC.4892	3	55008	55737	+	0	0	0		59	0	422	0.0	195	1	1150	0.0008695652173913044
CUFF_NC.4888	3	69760	71415	+	0	0	0		109	2	627	0.003189792663476874	439	4	2345	0.0017057569296375266
CUFF_NC.4890	3	73745	74085	-	0	0	0		16	0	104	0.0	105	1	541	0.0018484288354898336
CUFF_NC.4885	3	76902	77309	+	0	0	0		18	0	121	0.0	122	5	829	0.006031363088057901
CUFF_NC.4886	3	78439	79030	+	0	0	0		20	1	146	0.00684931506849315	168	1	1198	0.0008347245409015025
CUFF_NC.4887	3	80530	80965	+	0	0	0		22	0	148	0.0	109	1	795	0.0012578616352201257
CUFF_NC.4891	3	88236	89576	+	0	0	0		108	1	583	0.0017152658662092624	357	6	2029	0.002957121734844751
CUFF_NC.4889	3	102925	104692	+	0	0	0		76	0	359	0.0	420	1	1955	0.0005115089514066496
CUFF_NC.4893	3	111992	112370	-	0	0	0		29	1	137	0.0072992700729927005	100	0	420	0.0
CUFF_NC.4894	3	129809	130721	-	0	0	0		2	4	6	0.6666666666666666	14	0	32	0.0
CUFF_NC.4896	3	165496	166719	+	0	0	0		62	0	283	0.0	249	4	1435	0.0027874564459930314
CUFF_NC.4898	3	191088	192187	+	0	0	0		64	0	302	0.0	301	1	1475	0.0006779661016949153
CUFF_NC.4899	3	192788	193610	+	0	0	0		35	1	192	0.005208333333333333	238	1	1205	0.0008298755186721991
CUFF_NC.4900	3	197669	197965	+	0	0	0		17	0	85	0.0	76	1	214	0.004672897196261682
CUFF_NC.4901	3	199522	200028	+	0	0	0		48	0	274	0.0	149	1	894	0.0011185682326621924
CUFF_NC.4897	3	202088	202921	+	0	0	0		68	0	388	0.0	182	2	964	0.002074688796680498
CUFF_NC.4902	3	212803	215331	+	0	0	0		207	3	1113	0.0026954177897574125	749	11	4103	0.002680965147453083
CUFF_NC.4903	3	233920	235043	-	0	0	0		79	1	496	0.0020161290322580645	327	5	2062	0.0024248302618816685
CUFF_NC.4904	3	240800	241283	-	0	0	0		33	0	139	0.0	147	1	827	0.0012091898428053204
CUFF_NC.4908	3	241566	242212	-	0	0	0		29	0	168	0.0	169	1	803	0.0012453300124533001
CUFF_NC.4909	3	244240	244552	-	0	0	0		26	0	203	0.0	94	2	742	0.0026954177897574125
CUFF_NC.4905	3	252279	255317	-	0	0	0		208	2	1116	0.0017921146953405018	877	9	4431	0.002031144211238998
CUFF_NC.4910	3	258889	259350	-	0	0	0		52	2	180	0.011111111111111112	129	0	430	0.0
CUFF_NC.4907	3	268114	268584	-	0	0	0		39	1	164	0.006097560975609756	150	1	737	0.0013568521031207597
CUFF_NC.4906	3	270327	272744	-	0	0	0		248	1	1404	0.0007122507122507123	624	8	3621	0.0022093344380005524
CUFF_NC.4912	3	288765	290268	-	0	0	0		126	0	765	0.0	431	7	2612	0.002679938744257274
CUFF_NC.4913	3	292589	293021	-	0	0	0		23	0	155	0.0	122	0	894	0.0
CUFF_NC.4914	3	302474	303676	-	0	0	0		43	0	315	0.0	344	4	2208	0.0018115942028985507
CUFF_NC.4911	3	306331	306924	-	0	0	0		41	0	184	0.0	186	2	883	0.0022650056625141564
CUFF_NC.4915	3	312306	314173	+	0	0	0		144	0	587	0.0	485	3	2015	0.001488833746898263
CUFF_NC.4918	3	314461	314900	+	0	0	0		18	2	109	0.01834862385321101	91	0	562	0.0
CUFF_NC.4919	3	317585	318236	-	0	0	0		33	0	167	0.0	195	3	1085	0.0027649769585253456
CUFF_NC.4920	3	330174	330503	-	0	0	0		26	1	136	0.007352941176470588	99	0	497	0.0
CUFF_NC.4929	3	346748	347877	-	0	0	0		96	0	545	0.0	317	2	1574	0.0012706480304955528
CUFF_NC.4926	3	350650	351069	-	0	0	0		28	0	130	0.0	106	2	460	0.004347826086956522
CUFF_NC.4916	3	371615	372816	+	0	0	0		88	0	502	0.0	288	3	1668	0.0017985611510791368
CUFF_NC.4917	3	373221	373934	+	0	0	0		40	0	171	0.0	157	2	618	0.003236245954692557
CUFF_NC.4922	3	380900	381667	-	0	0	0		69	0	438	0.0	225	3	1156	0.0025951557093425604
CUFF_NC.4921	3	385361	387550	+	0	0	0		114	1	576	0.001736111111111111	556	6	2881	0.0020826102047900035
CUFF_NC.4923	3	394950	395462	-	0	0	0		49	1	317	0.0031545741324921135	142	1	872	0.0011467889908256881
CUFF_NC.4924	3	429664	430099	-	0	0	0		26	0	144	0.0	124	3	609	0.0049261083743842365
CUFF_NC.4925	3	429880	430395	+	0	0	0		21	0	128	0.0	123	2	626	0.003194888178913738
CUFF_NC.4933	3	431039	433855	+	0	0	0		208	1	1118	0.0008944543828264759	813	7	4192	0.0016698473282442748
CUFF_NC.4934	3	448060	448680	+	0	0	0		46	0	250	0.0	157	1	810	0.0012345679012345679
CUFF_NC.4927	3	452437	452920	-	0	0	0		28	1	171	0.005847953216374269	130	3	653	0.004594180704441042
CUFF_NC.4932	3	461006	461700	-	0	0	0		38	0	203	0.0	181	0	995	0.0
CUFF_NC.4928	3	477201	477998	-	0	0	0		90	1	507	0.0019723865877712033	213	1	996	0.001004016064257028
CUFF_NC.4930	3	479871	480589	-	0	0	0		60	1	289	0.0034602076124567475	215	1	988	0.0010121457489878543
CUFF_NC.4931	3	480712	481257	-	0	0	0		35	0	227	0.0	145	2	850	0.002352941176470588
CUFF_NC.4941	3	483478	484069	-	0	0	0		46	0	180	0.0	192	0	823	0.0
CUFF_NC.4935	3	504113	504471	+	0	0	0		23	0	168	0.0	101	1	686	0.0014577259475218659
CUFF_NC.4940	3	508190	508762	-	0	0	0		28	0	182	0.0	153	2	925	0.002162162162162162
CUFF_NC.4936	3	510072	511478	-	0	0	0		127	1	621	0.001610305958132045	403	7	2056	0.003404669260700389
CUFF_NC.4939	3	535937	536419	+	0	0	0		38	0	118	0.0	117	1	392	0.002551020408163265
CUFF_NC.4937	3	536634	538142	+	0	0	0		112	4	608	0.006578947368421052	393	2	2176	0.0009191176470588235
CUFF_NC.4938	3	546370	549437	-	0	0	0		181	2	1225	0.0016326530612244899	835	9	5623	0.0016005690912324383
CUFF_NC.4942	3	556061	561851	-	0	0	0		249	57	1275	0.04470588235294118	1364	306	7858	0.03894120641384576
CUFF_NC.4943	3	575431	575853	+	0	0	0		28	1	160	0.00625	125	1	774	0.0012919896640826874
CUFF_NC.4944	3	583611	584226	-	0	0	0		53	1	397	0.0025188916876574307	174	1	1109	0.0009017132551848512
CUFF_NC.4946	3	596076	596731	+	0	0	0		29	0	184	0.0	139	1	746	0.0013404825737265416
CUFF_NC.4947	3	599334	600826	+	0	0	0		101	0	619	0.0	421	4	2180	0.001834862385321101
CUFF_NC.4945	3	608537	609554	+	0	0	0		50	1	319	0.003134796238244514	284	0	1646	0.0
CUFF_NC.4949	3	623271	623814	+	0	0	0		32	0	159	0.0	123	0	686	0.0
CUFF_NC.4955	3	625582	626249	+	0	0	0		54	0	322	0.0	180	3	1020	0.0029411764705882353
CUFF_NC.4952	3	632337	633930	-	0	0	0		102	0	532	0.0	426	3	2211	0.0013568521031207597
CUFF_NC.4950	3	634499	636107	-	0	0	0		137	0	589	0.0	428	4	1913	0.0020909566126502874
CUFF_NC.4958	3	646061	647504	-	0	0	0		101	1	571	0.0017513134851138354	350	2	1698	0.001177856301531213
CUFF_NC.4951	3	649762	650933	-	0	0	0		55	0	258	0.0	256	3	1144	0.0026223776223776225
CUFF_NC.4954	3	657023	658474	-	0	0	0		80	0	460	0.0	420	7	1831	0.0038230475150191155
CUFF_NC.4953	3	667211	667729	+	0	0	0		20	0	135	0.0	137	0	879	0.0
CUFF_NC.4956	3	669902	670420	+	0	0	0		21	1	120	0.008333333333333333	151	2	684	0.0029239766081871343
CUFF_NC.4957	3	670723	671760	+	0	0	0		67	0	418	0.0	241	3	1586	0.0018915510718789407
CUFF_NC.4960	3	674255	676054	-	0	0	0		158	1	931	0.0010741138560687433	524	3	2960	0.0010135135135135136
CUFF_NC.4959	3	677241	677918	-	0	0	0		53	0	379	0.0	157	2	1143	0.0017497812773403325
CUFF_NC.4967	3	718434	720610	-	0	0	0		72	11	484	0.022727272727272728	520	40	3365	0.01188707280832095
CUFF_NC.4966	3	720244	720977	+	0	0	0		20	0	117	0.0	188	4	1049	0.0038131553860819827
CUFF_NC.4962	3	727646	729478	+	0	0	0		117	2	778	0.002570694087403599	450	4	3151	0.0012694382735639479
CUFF_NC.4961	3	731969	732890	-	0	0	0		72	2	434	0.004608294930875576	210	3	1320	0.0022727272727272726
CUFF_NC.4964	3	743278	744303	+	0	0	0		59	0	259	0.0	268	4	1208	0.0033112582781456954
CUFF_NC.4965	3	755345	756407	+	0	0	0		61	0	239	0.0	289	3	1166	0.002572898799313894
CUFF_NC.4963	3	763806	764314	+	0	0	0		23	0	102	0.0	115	1	497	0.002012072434607646
CUFF_NC.4974	3	792328	794006	-	0	0	0		92	1	543	0.001841620626151013	452	8	3022	0.0026472534745201853
CUFF_NC.4969	3	815557	816328	-	0	0	0		52	0	210	0.0	185	4	805	0.004968944099378882
CUFF_NC.4968	3	819529	821558	+	0	0	0		161	1	887	0.0011273957158962795	515	5	2836	0.001763046544428773
CUFF_NC.4970	3	822901	826619	+	0	0	0		210	3	1021	0.002938295788442703	933	5	4418	0.0011317338162064282
CUFF_NC.4971	3	828356	830187	+	0	0	0		128	3	607	0.004942339373970346	512	4	2458	0.0016273393002441008
CUFF_NC.4972	3	843164	847461	+	0	0	0		166	1	920	0.0010869565217391304	1009	17	5608	0.003031383737517832
CUFF_NC.4973	3	850321	851741	+	0	0	0		82	0	340	0.0	307	2	1317	0.0015186028853454822
CUFF_NC.4975	3	863521	864687	+	0	0	0		28	0	208	0.0	270	2	2181	0.0009170105456212746
CUFF_NC.4977	3	867663	868552	+	0	0	0		71	1	424	0.0023584905660377358	230	4	1272	0.0031446540880503146
CUFF_NC.4976	3	872072	873559	+	0	0	0		53	30	473	0.06342494714587738	388	20	2109	0.00948316737790422
CUFF_NC.4978	3	911538	913253	+	0	0	0		86	3	588	0.00510204081632653	418	10	2629	0.003803727653100038
CUFF_NC.4979	3	943536	944003	-	0	0	0		44	0	189	0.0	126	1	590	0.001694915254237288
CUFF_NC.4980	3	946315	946758	+	0	0	0		37	0	192	0.0	129	1	614	0.0016286644951140066
CUFF_NC.4981	3	976770	977353	+	0	0	0		40	0	205	0.0	159	1	828	0.0012077294685990338
CUFF_NC.4982	3	995288	996804	-	0	0	0		72	0	450	0.0	396	3	2252	0.0013321492007104796
CUFF_NC.4989	3	997674	998675	-	0	0	0		49	0	313	0.0	281	1	1528	0.0006544502617801048
CUFF_NC.4990	3	1002162	1002757	+	0	0	0		35	0	181	0.0	131	3	839	0.003575685339690107
CUFF_NC.4986	3	1033519	1034830	-	0	0	0		81	0	398	0.0	298	1	1468	0.0006811989100817438
CUFF_NC.4987	3	1038775	1039787	+	0	0	0		52	0	359	0.0	253	5	1599	0.0031269543464665416
CUFF_NC.4984	3	1045448	1046401	+	0	0	0		37	0	301	0.0	254	2	1812	0.0011037527593818985
CUFF_NC.4988	3	1049471	1051592	-	0	0	0		133	4	658	0.0060790273556231	565	8	2959	0.0027036160865157146
CUFF_NC.4985	3	1054653	1055072	+	0	0	0		24	0	140	0.0	122	4	596	0.006711409395973154
CUFF_NC.4991	3	1073559	1074168	+	0	0	0		42	0	185	0.0	158	2	645	0.0031007751937984496
CUFF_NC.4994	3	1101265	1101884	+	0	0	0		26	0	132	0.0	146	8	905	0.008839779005524863
CUFF_NC.4993	3	1106568	1107198	+	0	0	0		48	0	253	0.0	182	1	1025	0.000975609756097561
CUFF_NC.4992	3	1113369	1113818	+	0	0	0		43	1	169	0.005917159763313609	101	2	365	0.005479452054794521
CUFF_NC.4997	3	1156267	1157916	+	0	0	0		95	3	491	0.006109979633401222	439	2	1937	0.0010325245224574084
CUFF_NC.4995	3	1170221	1170992	+	0	0	0		18	69	101	0.6831683168316832	153	177	836	0.2117224880382775
CUFF_NC.4996	3	1170238	1170936	-	0	0	0		18	69	101	0.6831683168316832	151	173	829	0.20868516284680338
CUFF_NC.4998	3	1191738	1192687	+	0	0	0		45	0	211	0.0	249	0	1153	0.0
CUFF_NC.4999	3	1210391	1210828	-	0	0	0		31	44	181	0.2430939226519337	103	8	579	0.013816925734024179
CUFF_NC.5000	3	1235400	1236109	+	0	0	0		58	0	319	0.0	195	2	939	0.002129925452609159
CUFF_NC.5001	3	1239681	1240145	+	0	0	0		49	2	243	0.00823045267489712	127	1	568	0.0017605633802816902
CUFF_NC.5003	3	1251048	1251507	+	0	0	0		52	0	281	0.0	135	1	618	0.0016181229773462784
CUFF_NC.5004	3	1253759	1254323	+	0	0	0		72	0	384	0.0	156	0	744	0.0
CUFF_NC.5002	3	1263425	1263909	-	0	0	0		38	0	252	0.0	144	1	946	0.0010570824524312897
CUFF_NC.5007	3	1277898	1280972	-	0	0	0		248	2	1508	0.001326259946949602	791	7	4844	0.001445086705202312
CUFF_NC.5006	3	1285685	1286711	+	0	0	0		82	1	356	0.0028089887640449437	257	5	1158	0.004317789291882556
CUFF_NC.5008	3	1292305	1292787	+	0	0	0		21	0	102	0.0	128	0	634	0.0
CUFF_NC.5010	3	1304919	1305695	+	0	0	0		39	3	300	0.01	226	4	1605	0.0024922118380062306
CUFF_NC.5009	3	1314421	1315311	+	0	0	0		79	0	323	0.0	239	3	1154	0.0025996533795493936
CUFF_NC.5012	3	1336785	1337776	-	0	0	0		44	0	270	0.0	256	3	1586	0.0018915510718789407
CUFF_NC.5011	3	1338208	1338713	-	0	0	0		21	0	143	0.0	146	2	1034	0.0019342359767891683
CUFF_NC.5013	3	1352745	1353801	-	0	0	0		21	0	129	0.0	230	2	1393	0.0014357501794687725
CUFF_NC.5015	3	1355948	1358100	-	0	0	0		158	2	801	0.0024968789013732834	564	3	2953	0.001015916017609211
CUFF_NC.5014	3	1365300	1365727	-	0	0	0		10	0	56	0.0	59	0	297	0.0
CUFF_NC.5017	3	1374109	1375177	-	0	0	0		85	1	586	0.0017064846416382253	321	4	1911	0.0020931449502878076
CUFF_NC.5018	3	1376030	1376764	-	0	0	0		49	1	305	0.003278688524590164	191	1	1057	0.000946073793755913
CUFF_NC.5016	3	1378721	1379309	+	0	0	0		52	0	263	0.0	188	0	882	0.0
CUFF_NC.5020	3	1396458	1397104	+	0	0	0		27	0	165	0.0	174	2	1047	0.0019102196752626551
CUFF_NC.5025	3	1412992	1413576	+	0	0	0		31	0	245	0.0	121	0	737	0.0
CUFF_NC.5019	3	1433809	1435385	+	0	0	0		91	1	518	0.0019305019305019305	437	2	1710	0.0011695906432748538
CUFF_NC.5021	3	1438614	1439156	+	0	0	0		20	0	162	0.0	122	0	1017	0.0
CUFF_NC.5023	3	1440090	1441116	-	0	0	0		53	1	405	0.0024691358024691358	233	5	1476	0.0033875338753387536
CUFF_NC.5022	3	1447655	1448452	-	0	0	0		28	1	185	0.005405405405405406	200	4	1241	0.0032232070910556
CUFF_NC.5033	3	1461275	1461712	+	0	0	0		19	0	93	0.0	97	0	477	0.0
CUFF_NC.5029	3	1467716	1468126	-	0	0	0		34	1	164	0.006097560975609756	114	1	480	0.0020833333333333333
CUFF_NC.5028	3	1470218	1470732	+	0	0	0		17	0	138	0.0	110	1	756	0.0013227513227513227
CUFF_NC.5024	3	1476933	1478667	-	0	0	0		136	1	657	0.0015220700152207	404	4	1740	0.0022988505747126436
CUFF_NC.5030	3	1481356	1481916	-	0	0	0		44	1	221	0.004524886877828055	157	2	744	0.002688172043010753
CUFF_NC.5027	3	1482944	1483745	-	0	0	0		25	0	129	0.0	181	2	1172	0.0017064846416382253
CUFF_NC.5026	3	1484939	1485407	+	0	0	0		18	0	157	0.0	105	0	867	0.0
CUFF_NC.5031	3	1500756	1501905	+	0	0	0		104	2	682	0.002932551319648094	316	4	1828	0.002188183807439825
CUFF_NC.5032	3	1522130	1522963	+	0	0	0		74	2	513	0.003898635477582846	210	3	1274	0.002354788069073783
CUFF_NC.5034	3	1533139	1534082	+	0	0	0		54	1	285	0.0035087719298245615	257	3	1320	0.0022727272727272726
CUFF_NC.5035	3	1576683	1577261	-	0	0	0		2	0	5	0.0	41	0	185	0.0
CUFF_NC.5038	3	1579568	1580344	+	0	0	0		60	1	303	0.0033003300330033004	238	2	921	0.002171552660152009
CUFF_NC.5039	3	1581836	1582807	+	0	0	0		61	1	345	0.002898550724637681	244	3	1441	0.002081887578070784
CUFF_NC.5037	3	1591025	1592011	-	0	0	0		62	0	286	0.0	220	5	1200	0.004166666666666667
CUFF_NC.5041	3	1611763	1612376	-	0	0	0		67	1	390	0.002564102564102564	171	6	1016	0.005905511811023622
CUFF_NC.5040	3	1613202	1613503	-	0	0	0		21	1	173	0.005780346820809248	81	0	568	0.0
CUFF_NC.5043	3	1623444	1624069	+	0	0	0		43	0	277	0.0	193	5	1091	0.00458295142071494
CUFF_NC.5042	3	1625862	1626498	+	0	0	0		74	0	273	0.0	196	0	666	0.0
CUFF_NC.5044	3	1630053	1630524	+	0	0	0		34	1	252	0.003968253968253968	104	2	778	0.002570694087403599
CUFF_NC.5045	3	1635052	1635507	-	0	0	0		39	0	228	0.0	87	0	402	0.0
CUFF_NC.5046	3	1641660	1642429	+	0	0	0		51	1	349	0.0028653295128939827	187	3	1309	0.002291825821237586
CUFF_NC.5050	3	1658537	1658922	+	0	0	0		29	0	202	0.0	91	2	489	0.00408997955010225
CUFF_NC.5051	3	1661683	1662635	+	0	0	0		87	2	452	0.004424778761061947	308	3	1575	0.0019047619047619048
CUFF_NC.5048	3	1691106	1691547	+	0	0	0		24	0	145	0.0	108	2	658	0.00303951367781155
CUFF_NC.5047	3	1727150	1728275	-	0	0	0		67	1	342	0.0029239766081871343	251	5	1518	0.0032938076416337285
CUFF_NC.5049	3	1732418	1735778	+	0	0	0		260	3	1581	0.0018975332068311196	890	10	5375	0.0018604651162790699
CUFF_NC.5058	3	1753153	1755150	-	0	0	0		89	1	371	0.0026954177897574125	463	2	1718	0.0011641443538998836
CUFF_NC.5052	3	1755678	1756927	+	0	0	0		39	0	211	0.0	286	3	1641	0.0018281535648994515
CUFF_NC.5053	3	1768561	1769649	+	0	0	0		70	1	401	0.0024937655860349127	320	0	1827	0.0
CUFF_NC.5054	3	1775947	1776968	+	0	0	0		51	1	215	0.004651162790697674	255	1	1295	0.0007722007722007722
CUFF_NC.5056	3	1799675	1800154	+	0	0	0		7	0	19	0.0	22	0	42	0.0
CUFF_NC.5057	3	1802353	1803007	+	0	0	0		29	0	132	0.0	168	2	652	0.003067484662576687
CUFF_NC.5055	3	1813401	1814274	-	0	0	0		39	0	201	0.0	267	4	1276	0.003134796238244514
CUFF_NC.5062	3	1829119	1830389	+	0	0	0		74	1	380	0.002631578947368421	285	3	1444	0.002077562326869806
CUFF_NC.5059	3	1838537	1838941	-	0	0	0		11	0	101	0.0	94	2	619	0.0032310177705977385
CUFF_NC.5061	3	1842287	1843197	+	0	0	0		34	1	180	0.005555555555555556	252	4	1628	0.002457002457002457
CUFF_NC.5060	3	1855852	1856202	-	0	0	0		6	0	33	0.0	98	0	622	0.0
CUFF_NC.5064	3	1860028	1860760	+	0	0	0		43	1	177	0.005649717514124294	164	0	653	0.0
CUFF_NC.5068	3	1871841	1872525	-	0	0	0		28	0	148	0.0	202	0	1017	0.0
CUFF_NC.5066	3	1875198	1875917	+	0	0	0		56	0	300	0.0	204	3	1180	0.002542372881355932
CUFF_NC.5067	3	1876519	1876944	+	0	0	0		25	0	161	0.0	110	1	601	0.0016638935108153079
CUFF_NC.5076	3	1887080	1888686	-	0	0	0		107	0	582	0.0	409	4	2179	0.0018357044515832951
CUFF_NC.5077	3	1896832	1897657	-	0	0	0		53	1	308	0.003246753246753247	249	4	1292	0.0030959752321981426
CUFF_NC.5075	3	1899082	1901954	+	0	0	0		238	3	1361	0.002204261572373255	810	2	4573	0.0004373496610540127
CUFF_NC.5065	3	1909690	1910790	-	0	0	0		44	5	276	0.018115942028985508	276	2	1746	0.001145475372279496
CUFF_NC.5069	3	1923934	1924498	+	0	0	0		16	44	125	0.352	132	215	869	0.2474108170310702
CUFF_NC.5070	3	1928887	1929354	-	0	0	0		36	0	139	0.0	125	0	411	0.0
CUFF_NC.5073	3	1929822	1930247	+	0	0	0		13	0	123	0.0	105	3	947	0.0031678986272439284
CUFF_NC.5074	3	1930810	1931218	+	0	0	0		42	0	280	0.0	111	4	667	0.005997001499250375
CUFF_NC.5071	3	1951978	1952632	-	0	0	0		10	0	79	0.0	172	2	1122	0.0017825311942959
CUFF_NC.5072	3	1953283	1953673	-	0	0	0		15	0	62	0.0	71	0	262	0.0
CUFF_NC.5078	3	1956644	1957287	+	0	0	0		41	0	203	0.0	183	0	852	0.0
CUFF_NC.5085	3	1975950	1978423	+	0	0	0		182	1	1050	0.0009523809523809524	673	8	3836	0.0020855057351407717
CUFF_NC.5083	3	1980533	1982160	-	0	0	0		105	3	600	0.005	421	4	1985	0.0020151133501259445
CUFF_NC.5084	3	1983642	1985178	-	0	0	0		79	3	433	0.006928406466512702	391	2	2047	0.0009770395701025891
CUFF_NC.5086	3	1987013	1987916	+	0	0	0		73	1	453	0.002207505518763797	277	2	1598	0.0012515644555694619
CUFF_NC.5081	3	2013826	2015640	-	0	0	0		137	1	761	0.001314060446780552	498	1	2788	0.0003586800573888092
CUFF_NC.5079	3	2016197	2016966	-	0	0	0		51	1	274	0.0036496350364963502	181	0	1022	0.0
CUFF_NC.5082	3	2047271	2048695	+	0	0	0		125	1	666	0.0015015015015015015	372	9	1879	0.004789781798829164
CUFF_NC.5092	3	2052775	2053695	+	0	0	0		39	0	197	0.0	262	3	1460	0.002054794520547945
CUFF_NC.5088	3	2068970	2071236	+	0	0	0		132	1	603	0.001658374792703151	529	3	2479	0.0012101653892698668
CUFF_NC.5087	3	2095834	2096256	+	0	0	0		38	0	207	0.0	124	1	707	0.0014144271570014145
CUFF_NC.5090	3	2102311	2102739	-	0	0	0		6	0	11	0.0	109	0	254	0.0
CUFF_NC.5091	3	2105637	2106369	+	0	0	0		77	2	448	0.004464285714285714	201	2	1044	0.0019157088122605363
CUFF_NC.5089	3	2129620	2130353	+	0	0	0		44	0	184	0.0	156	0	579	0.0
CUFF_NC.5094	3	2132762	2133049	-	0	0	0		15	0	41	0.0	92	1	302	0.0033112582781456954
CUFF_NC.5098	3	2135368	2135895	+	0	0	0		28	0	141	0.0	152	1	805	0.0012422360248447205
CUFF_NC.5095	3	2145268	2145845	+	0	0	0		39	0	158	0.0	168	2	728	0.0027472527472527475
CUFF_NC.5102	3	2152420	2153688	+	0	0	0		91	0	567	0.0	322	4	1942	0.0020597322348094747
CUFF_NC.5097	3	2156573	2157788	-	0	0	0		55	3	329	0.00911854103343465	317	4	1769	0.0022611644997173543
CUFF_NC.5103	3	2175254	2175859	+	0	0	0		34	1	191	0.005235602094240838	184	1	937	0.0010672358591248667
CUFF_NC.5096	3	2176657	2177439	-	0	0	0		40	0	152	0.0	166	0	693	0.0
CUFF_NC.5100	3	2202072	2202836	-	0	0	0		56	1	338	0.0029585798816568047	235	5	1144	0.004370629370629371
CUFF_NC.5101	3	2202994	2203337	-	0	0	0		35	0	227	0.0	99	0	635	0.0
CUFF_NC.5099	3	2205227	2205768	-	0	0	0		10	1	52	0.019230769230769232	98	1	525	0.0019047619047619048
CUFF_NC.5106	3	2217658	2218101	+	0	0	0		16	0	90	0.0	96	1	515	0.001941747572815534
CUFF_NC.5108	3	2222685	2224811	+	0	0	0		116	3	662	0.004531722054380665	647	5	3140	0.0015923566878980893
CUFF_NC.5105	3	2229512	2230139	+	0	0	0		34	0	134	0.0	131	2	468	0.004273504273504274
CUFF_NC.5112	3	2241390	2241888	-	0	0	0		32	0	183	0.0	154	0	870	0.0
CUFF_NC.5113	3	2250291	2250639	+	0	0	0		20	0	158	0.0	84	0	654	0.0
CUFF_NC.5104	3	2250941	2251750	-	0	0	0		31	59	134	0.44029850746268656	177	93	874	0.10640732265446225
CUFF_NC.5107	3	2256101	2256599	+	0	0	0		38	0	230	0.0	128	6	758	0.0079155672823219
CUFF_NC.5109	3	2258886	2259587	+	0	0	0		22	102	122	0.8360655737704918	147	170	797	0.21329987452948557
CUFF_NC.5110	3	2294881	2295679	+	0	0	0		45	0	216	0.0	244	4	1187	0.003369839932603201
CUFF_NC.5114	3	2296035	2297789	-	0	0	0		90	0	617	0.0	456	5	3176	0.0015743073047858943
CUFF_NC.5111	3	2298238	2299411	-	0	0	0		64	1	279	0.0035842293906810036	311	0	1372	0.0
CUFF_NC.5116	3	2332137	2334315	+	0	0	0		141	4	649	0.0061633281972265025	488	6	2055	0.00291970802919708
CUFF_NC.5117	3	2335830	2336881	+	0	0	0		81	1	385	0.0025974025974025974	292	4	1404	0.002849002849002849
CUFF_NC.5119	3	2342426	2343489	+	0	0	0		88	1	478	0.0020920502092050207	251	1	1396	0.0007163323782234957
CUFF_NC.5115	3	2344944	2346163	-	0	0	0		36	0	237	0.0	329	4	2175	0.0018390804597701149
CUFF_NC.5118	3	2347245	2348734	-	0	0	0		102	1	452	0.0022123893805309734	338	2	1511	0.0013236267372600927
CUFF_NC.5120	3	2355507	2356785	-	0	0	0		102	0	525	0.0	360	4	1703	0.002348796241926013
CUFF_NC.5124	3	2373016	2373464	+	0	0	0		41	0	180	0.0	118	2	573	0.0034904013961605585
CUFF_NC.5122	3	2386834	2387668	+	0	0	0		46	1	328	0.003048780487804878	227	4	1715	0.0023323615160349854
CUFF_NC.5121	3	2393932	2394690	+	0	0	0		55	0	242	0.0	189	1	710	0.0014084507042253522
CUFF_NC.5125	3	2412170	2412676	+	0	0	0		31	1	177	0.005649717514124294	161	0	687	0.0
CUFF_NC.5123	3	2419262	2420534	+	0	0	0		75	0	355	0.0	261	1	1262	0.000792393026941363
CUFF_NC.5126	3	2426098	2426638	-	0	0	0		36	0	187	0.0	151	1	677	0.0014771048744460858
CUFF_NC.5127	3	2427941	2428279	-	0	0	0		34	0	230	0.0	84	1	472	0.00211864406779661
CUFF_NC.5128	3	2464262	2465119	+	0	0	0		52	1	286	0.0034965034965034965	260	3	1418	0.0021156558533145277
CUFF_NC.5139	3	2477074	2477714	-	0	0	0		35	0	217	0.0	185	4	940	0.00425531914893617
CUFF_NC.5132	3	2485734	2487020	-	0	0	0		87	2	493	0.004056795131845842	385	4	1977	0.0020232675771370764
CUFF_NC.5130	3	2487367	2488522	-	0	0	0		71	0	436	0.0	340	2	1870	0.0010695187165775401
CUFF_NC.5135	3	2493782	2494557	-	0	0	0		79	1	327	0.0030581039755351682	253	4	1054	0.003795066413662239
CUFF_NC.5136	3	2495003	2495643	-	0	0	0		32	0	151	0.0	156	0	670	0.0
CUFF_NC.5133	3	2496485	2502858	+	0	0	0		359	7	1788	0.0039149888143176735	1670	16	9254	0.0017289820618111088
CUFF_NC.5134	3	2497515	2500786	+	0	0	0		171	3	850	0.0035294117647058825	828	9	4803	0.0018738288569643974
CUFF_NC.5129	3	2504689	2505109	-	0	0	0		14	0	115	0.0	88	0	704	0.0
CUFF_NC.5137	3	2511055	2512046	-	0	0	0		46	0	256	0.0	287	4	1740	0.0022988505747126436
CUFF_NC.5138	3	2535676	2536375	-	0	0	0		44	1	255	0.00392156862745098	213	0	914	0.0
CUFF_NC.5140	3	2563807	2564896	-	0	0	0		74	0	374	0.0	324	6	1730	0.003468208092485549
CUFF_NC.5141	3	2579581	2580166	+	0	0	0		35	0	238	0.0	149	4	861	0.004645760743321719
CUFF_NC.5142	3	2596338	2597476	-	0	0	0		71	0	444	0.0	300	3	1513	0.0019828155981493722
CUFF_NC.5143	3	2605513	2606475	+	0	0	0		85	2	432	0.004629629629629629	295	3	1790	0.0016759776536312849
CUFF_NC.5144	3	2607746	2608184	+	0	0	0		27	1	224	0.004464285714285714	105	2	894	0.0022371364653243847
CUFF_NC.5145	3	2612145	2613772	-	0	0	0		116	1	613	0.0016313213703099511	447	0	1829	0.0
CUFF_NC.5149	3	2617662	2618248	-	0	0	0		36	0	207	0.0	163	2	603	0.003316749585406302
CUFF_NC.5150	3	2620953	2623768	-	0	0	0		158	0	840	0.0	848	7	4124	0.0016973811833171678
CUFF_NC.5146	3	2633541	2634193	-	0	0	0		22	0	119	0.0	184	2	1082	0.0018484288354898336
CUFF_NC.5147	3	2635704	2636247	-	0	0	0		47	0	170	0.0	172	3	861	0.003484320557491289
CUFF_NC.5153	3	2648549	2652065	+	0	0	0		244	4	1297	0.0030840400925212026	920	6	4613	0.001300672013873835
CUFF_NC.5154	3	2650175	2653586	+	0	0	0		243	6	1303	0.004604758250191865	876	13	4334	0.0029995385325334565
CUFF_NC.5152	3	2696184	2696818	+	0	0	0		36	0	231	0.0	148	4	1044	0.0038314176245210726
CUFF_NC.5151	3	2701319	2702686	+	0	0	0		83	2	552	0.0036231884057971015	357	4	2315	0.0017278617710583153
CUFF_NC.5163	3	2710389	2712139	+	0	0	0		103	1	586	0.0017064846416382253	481	6	3072	0.001953125
CUFF_NC.5164	3	2717035	2717303	-	0	0	0		29	0	179	0.0	61	0	429	0.0
CUFF_NC.5155	3	2739527	2739796	-	0	0	0		25	0	131	0.0	85	2	474	0.004219409282700422
CUFF_NC.5159	3	2741747	2742654	-	0	0	0		44	0	169	0.0	141	0	423	0.0
CUFF_NC.5160	3	2748435	2748914	-	0	0	0		18	1	129	0.007751937984496124	117	2	838	0.002386634844868735
CUFF_NC.5156	3	2751458	2752161	-	0	0	0		45	1	199	0.005025125628140704	213	2	1027	0.0019474196689386564
CUFF_NC.5158	3	2768756	2771174	+	0	0	0		208	0	705	0.0	608	2	1921	0.001041124414367517
CUFF_NC.5157	3	2773774	2774507	+	0	0	0		21	0	101	0.0	136	5	722	0.006925207756232687
CUFF_NC.5165	3	2783845	2784489	+	0	0	0		47	2	382	0.005235602094240838	187	2	1430	0.0013986013986013986
CUFF_NC.5162	3	2803495	2803830	-	0	0	0		20	0	135	0.0	93	0	630	0.0
CUFF_NC.5166	3	2848418	2849375	+	0	0	0		35	1	224	0.004464285714285714	278	2	1614	0.0012391573729863693
CUFF_NC.5171	3	2858776	2859242	-	0	0	0		41	0	201	0.0	131	1	681	0.0014684287812041115
CUFF_NC.5169	3	2877854	2878480	-	0	0	0		30	0	150	0.0	171	1	769	0.0013003901170351106
CUFF_NC.5167	3	2891151	2891855	+	0	0	0		21	0	97	0.0	178	0	878	0.0
CUFF_NC.5168	3	2892412	2893824	+	0	0	0		96	2	361	0.00554016620498615	303	0	1152	0.0
CUFF_NC.5174	3	2894995	2895802	+	0	0	0		52	1	347	0.002881844380403458	202	0	1269	0.0
CUFF_NC.5175	3	2900573	2901027	+	0	0	0		31	0	126	0.0	135	3	549	0.00546448087431694
CUFF_NC.5170	3	2903362	2904814	+	0	0	0		98	0	452	0.0	480	7	2305	0.003036876355748373
CUFF_NC.5172	3	2907441	2908526	-	0	0	0		88	0	452	0.0	332	5	1641	0.0030469226081657527
CUFF_NC.5173	3	2908804	2909410	-	0	0	0		62	0	290	0.0	176	1	754	0.001326259946949602
CUFF_NC.5179	3	2966467	2967598	-	0	0	0		93	0	591	0.0	334	4	1761	0.002271436683702442
CUFF_NC.5180	3	2968078	2968487	-	0	0	0		37	0	209	0.0	121	0	679	0.0
CUFF_NC.5176	3	2970760	2971665	+	0	0	0		21	60	103	0.5825242718446602	142	56	528	0.10606060606060606
CUFF_NC.5177	3	3001780	3003245	+	0	0	0		128	0	706	0.0	389	2	2023	0.0009886307464162135
CUFF_NC.5178	3	3004103	3006299	+	0	0	0		160	3	1069	0.002806361085126286	627	6	4179	0.0014357501794687725
CUFF_NC.5196	3	3044309	3045028	+	0	0	0		35	0	213	0.0	171	5	913	0.00547645125958379
CUFF_NC.5181	3	3055510	3056094	-	0	0	0		22	1	87	0.011494252873563218	171	0	849	0.0
CUFF_NC.5184	3	3061998	3064314	-	0	0	0		129	2	605	0.003305785123966942	622	2	3188	0.0006273525721455458
CUFF_NC.5183	3	3069155	3069893	-	0	0	0		44	0	237	0.0	197	2	1067	0.0018744142455482662
CUFF_NC.5189	3	3081316	3087748	+	0	0	0		388	5	2297	0.0021767522855899	1722	27	9896	0.0027283751010509297
CUFF_NC.5190	3	3091066	3091966	+	0	0	0		54	1	208	0.004807692307692308	257	3	881	0.00340522133938706
CUFF_NC.5191	3	3094081	3094925	+	0	0	0		60	0	208	0.0	226	3	736	0.004076086956521739
CUFF_NC.5185	3	3096493	3098419	+	0	0	0		108	0	467	0.0	459	4	1682	0.0023781212841854932
CUFF_NC.5187	3	3120763	3122499	+	0	0	0		70	476	788	0.6040609137055838	383	639	3634	0.17583929554210237
CUFF_NC.5188	3	3120779	3122452	-	0	0	0		70	476	788	0.6040609137055838	373	621	3578	0.17356064840693125
CUFF_NC.5193	3	3122553	3123338	+	0	0	0		8	4	21	0.19047619047619047	48	10	166	0.060240963855421686
CUFF_NC.5195	3	3126021	3126603	-	0	0	0		26	0	157	0.0	177	3	933	0.003215434083601286
CUFF_NC.5192	3	3133824	3134598	-	0	0	0		23	1	145	0.006896551724137931	215	12	1384	0.008670520231213872
CUFF_NC.5198	3	3135706	3136130	-	0	0	0		27	0	195	0.0	127	1	925	0.001081081081081081
CUFF_NC.5197	3	3138860	3139322	+	0	0	0		23	0	69	0.0	103	0	327	0.0
CUFF_NC.5199	3	3139501	3140044	+	0	0	0		51	0	358	0.0	150	2	1055	0.0018957345971563982
CUFF_NC.5202	3	3146802	3147224	+	0	0	0		27	3	127	0.023622047244094488	109	0	488	0.0
CUFF_NC.5213	3	3235360	3236066	+	0	0	0		58	1	347	0.002881844380403458	196	4	1121	0.003568242640499554
CUFF_NC.5205	3	3245796	3246274	-	0	0	0		38	2	293	0.006825938566552901	118	2	841	0.0023781212841854932
CUFF_NC.5201	3	3250660	3252356	-	0	0	0		75	2	441	0.0045351473922902496	483	9	2982	0.0030181086519114686
CUFF_NC.5200	3	3254975	3255958	-	0	0	0		47	1	245	0.004081632653061225	210	2	1035	0.001932367149758454
CUFF_NC.5215	3	3264222	3268226	-	0	0	0		286	4	1403	0.002851033499643621	1071	14	5261	0.002661091047329405
CUFF_NC.5216	3	3265226	3269062	-	0	0	0		263	6	1244	0.00482315112540193	1029	10	4852	0.002061005770816158
CUFF_NC.5217	3	3265925	3270865	-	0	0	0		347	8	1723	0.0046430644225188625	1328	14	6450	0.0021705426356589145
CUFF_NC.5218	3	3274249	3275729	+	0	0	0		68	1	290	0.0034482758620689655	385	2	1558	0.0012836970474967907
CUFF_NC.5204	3	3277386	3277806	+	0	0	0		23	0	117	0.0	123	1	610	0.001639344262295082
CUFF_NC.5203	3	3278060	3279223	-	0	0	0		63	1	355	0.0028169014084507044	271	4	1621	0.0024676125848241827
CUFF_NC.5206	3	3287643	3288760	-	0	0	0		87	1	491	0.002036659877800407	339	2	1668	0.001199040767386091
CUFF_NC.5210	3	3299750	3303772	-	0	0	0		287	3	1561	0.0019218449711723255	967	8	5280	0.0015151515151515152
CUFF_NC.5207	3	3310873	3311462	+	0	0	0		44	1	224	0.004464285714285714	152	0	661	0.0
CUFF_NC.5208	3	3313926	3314846	-	0	0	0		86	0	391	0.0	175	2	786	0.002544529262086514
CUFF_NC.5209	3	3316450	3317295	-	0	0	0		43	0	239	0.0	234	3	1200	0.0025
CUFF_NC.5212	3	3338829	3339332	-	0	0	0		25	1	112	0.008928571428571428	138	0	421	0.0
CUFF_NC.5211	3	3356527	3357801	+	0	0	0		77	1	338	0.0029585798816568047	322	2	1345	0.001486988847583643
CUFF_NC.5219	3	3358622	3359822	+	0	0	0		90	0	507	0.0	356	2	1929	0.0010368066355624676
CUFF_NC.5214	3	3367728	3368402	-	0	0	0		33	1	176	0.005681818181818182	199	20	998	0.02004008016032064
CUFF_NC.5220	3	3369321	3369689	-	0	0	0		12	0	91	0.0	69	1	386	0.0025906735751295338
CUFF_NC.5221	3	3369840	3371257	-	0	0	0		138	0	822	0.0	363	3	2074	0.0014464802314368371
CUFF_NC.5223	3	3379526	3379974	-	0	0	0		40	1	222	0.0045045045045045045	118	2	632	0.0031645569620253164
CUFF_NC.5224	3	3380267	3380895	-	0	0	0		36	0	265	0.0	196	3	1154	0.0025996533795493936
CUFF_NC.5225	3	3382642	3383083	+	0	0	0		32	0	260	0.0	124	2	1024	0.001953125
CUFF_NC.5226	3	3383954	3384788	+	0	0	0		35	3	160	0.01875	188	1	686	0.0014577259475218659
CUFF_NC.5222	3	3409260	3409798	-	0	0	0		9	5	63	0.07936507936507936	134	23	991	0.02320887991927346
CUFF_NC.5227	3	3412891	3414059	+	0	0	0		50	1	250	0.004	345	2	1842	0.0010857763300760044
CUFF_NC.5231	3	3416855	3417746	+	0	0	0		57	1	325	0.003076923076923077	230	2	1255	0.0015936254980079682
CUFF_NC.5228	3	3424815	3427088	+	0	0	0		164	2	795	0.0025157232704402514	526	5	2266	0.002206531332744925
CUFF_NC.5230	3	3442305	3443317	-	0	0	0		91	0	412	0.0	237	1	938	0.0010660980810234541
CUFF_NC.5229	3	3445319	3446567	+	0	0	0		38	0	233	0.0	298	2	1994	0.0010030090270812437
CUFF_NC.5237	3	3452372	3453924	+	0	0	0		37	1	160	0.00625	210	2	965	0.002072538860103627
CUFF_NC.5232	3	3458239	3459386	+	0	0	0		75	0	335	0.0	303	2	1402	0.0014265335235378032
CUFF_NC.5235	3	3465068	3465493	-	0	0	0		19	0	140	0.0	106	1	720	0.001388888888888889
CUFF_NC.5236	3	3470373	3471854	-	0	0	0		78	1	494	0.0020242914979757085	409	4	2303	0.0017368649587494573
CUFF_NC.5238	3	3474853	3476057	-	0	0	0		63	2	382	0.005235602094240838	392	5	2303	0.0021710811984368217
CUFF_NC.5233	3	3478413	3479263	-	0	0	0		16	28	137	0.20437956204379562	81	28	501	0.05588822355289421
CUFF_NC.5234	3	3479644	3480661	-	0	0	0		59	0	292	0.0	266	4	1130	0.0035398230088495575
CUFF_NC.5239	3	3496181	3497185	+	0	0	0		51	0	221	0.0	239	2	975	0.0020512820512820513
CUFF_NC.5243	3	3497887	3498147	+	0	0	0		23	97	147	0.6598639455782312	50	43	281	0.15302491103202848
CUFF_NC.5244	3	3498504	3499271	+	0	0	0		40	1	222	0.0045045045045045045	179	0	1100	0.0
CUFF_NC.5240	3	3503726	3504674	-	0	0	0		37	0	202	0.0	233	2	1264	0.0015822784810126582
CUFF_NC.5250	3	3508466	3510061	+	0	0	0		94	0	598	0.0	437	6	2912	0.0020604395604395605
CUFF_NC.5241	3	3527242	3527950	-	0	0	0		39	1	181	0.0055248618784530384	164	2	819	0.002442002442002442
CUFF_NC.5245	3	3536497	3539965	+	0	0	0		131	1	652	0.0015337423312883436	631	7	3166	0.0022109917877447885
CUFF_NC.5242	3	3548185	3548786	+	0	0	0		39	0	206	0.0	148	1	744	0.0013440860215053765
CUFF_NC.5247	3	3566763	3567385	-	0	0	0		40	1	149	0.006711409395973154	193	2	710	0.0028169014084507044
CUFF_NC.5249	3	3578444	3580514	-	0	0	0		137	3	847	0.0035419126328217238	605	7	3692	0.001895991332611051
CUFF_NC.5248	3	3582946	3583398	+	0	0	0		10	1	141	0.0070921985815602835	109	9	1363	0.006603081438004402
CUFF_NC.5251	3	3588320	3588824	-	0	0	0		22	0	134	0.0	131	0	794	0.0
CUFF_NC.5252	3	3588588	3589685	+	0	0	0		43	0	243	0.0	259	3	1433	0.00209351011863224
CUFF_NC.5253	3	3591354	3592816	-	0	0	0		109	1	465	0.002150537634408602	319	4	1457	0.002745367192862045
CUFF_NC.5256	3	3605438	3607400	+	0	0	0		152	3	806	0.0037220843672456576	583	6	2555	0.0023483365949119373
CUFF_NC.5255	3	3627082	3627689	+	0	0	0		20	0	113	0.0	169	0	922	0.0
CUFF_NC.5254	3	3627913	3628364	+	0	0	0		15	0	64	0.0	88	4	518	0.007722007722007722
CUFF_NC.5260	3	3636881	3639233	-	0	0	0		157	0	921	0.0	700	6	4201	0.0014282313734825041
CUFF_NC.5259	3	3650552	3651690	+	0	0	0		42	1	166	0.006024096385542169	283	3	1185	0.002531645569620253
CUFF_NC.5257	3	3655581	3658166	+	0	0	0		79	0	363	0.0	543	4	2896	0.0013812154696132596
CUFF_NC.5261	3	3673748	3675181	-	0	0	0		112	0	570	0.0	374	4	1916	0.0020876826722338203
CUFF_NC.5262	3	3678819	3679900	+	0	0	0		39	0	183	0.0	242	1	896	0.0011160714285714285
CUFF_NC.5265	3	3682518	3682817	+	0	0	0		32	0	171	0.0	82	4	403	0.009925558312655087
CUFF_NC.5263	3	3695053	3696482	-	0	0	0		89	0	379	0.0	330	2	1413	0.0014154281670205238
CUFF_NC.5264	3	3698603	3700340	-	0	0	0		147	0	656	0.0	430	3	1762	0.00170261066969353
CUFF_NC.5267	3	3713587	3714080	+	0	0	0		23	1	138	0.007246376811594203	134	0	615	0.0
CUFF_NC.5268	3	3714235	3714928	+	0	0	0		34	1	179	0.00558659217877095	164	2	949	0.002107481559536354
CUFF_NC.5270	3	3723243	3723868	+	0	0	0		18	1	93	0.010752688172043012	202	2	879	0.0022753128555176336
CUFF_NC.5269	3	3739810	3740477	+	0	0	0		52	0	209	0.0	217	3	810	0.003703703703703704
CUFF_NC.5266	3	3744815	3745559	-	0	0	0		18	0	81	0.0	179	2	668	0.0029940119760479044
CUFF_NC.5276	3	3755826	3757824	-	0	0	0		159	4	762	0.005249343832020997	608	7	2747	0.0025482344375682563
CUFF_NC.5271	3	3776340	3776752	-	0	0	0		38	0	143	0.0	105	0	389	0.0
CUFF_NC.5273	3	3783180	3783922	+	0	0	0		54	0	230	0.0	200	2	639	0.003129890453834116
CUFF_NC.5283	3	3792976	3793518	-	0	0	0		39	0	217	0.0	164	5	870	0.005747126436781609
CUFF_NC.5274	3	3807369	3812626	+	0	0	0		16	11	16	0.6875	48	2	49	0.04081632653061224
CUFF_NC.5272	3	3814112	3814852	-	0	0	0		34	0	181	0.0	224	2	1256	0.0015923566878980893
CUFF_NC.5275	3	3839192	3840198	-	0	0	0		67	1	375	0.0026666666666666666	255	1	1081	0.0009250693802035153
CUFF_NC.5282	3	3852411	3853100	+	0	0	0		36	0	152	0.0	177	3	958	0.003131524008350731
CUFF_NC.5277	3	3857705	3858176	-	0	0	0		25	0	156	0.0	133	5	617	0.008103727714748784
CUFF_NC.5278	3	3867039	3867587	-	0	0	0		19	0	97	0.0	163	1	794	0.0012594458438287153
CUFF_NC.5286	3	3867801	3869334	+	0	0	0		85	0	536	0.0	396	4	2108	0.0018975332068311196
CUFF_NC.5287	3	3870884	3871936	+	0	0	0		64	2	373	0.005361930294906166	261	6	1366	0.004392386530014641
CUFF_NC.5279	3	3872415	3875166	+	0	0	0		138	6	669	0.008968609865470852	518	27	2339	0.011543394613082514
CUFF_NC.5280	3	3873007	3876298	+	0	0	0		166	6	728	0.008241758241758242	685	30	2934	0.010224948875255624
CUFF_NC.5281	3	3876639	3878933	+	0	0	0		132	0	731	0.0	700	10	3760	0.0026595744680851063
CUFF_NC.5284	3	3887221	3888099	+	0	0	0		79	0	546	0.0	247	3	1509	0.0019880715705765406
CUFF_NC.5285	3	3890407	3891514	+	0	0	0		30	0	188	0.0	304	1	1816	0.0005506607929515419
CUFF_NC.5288	3	3930296	3930975	+	0	0	0		56	0	222	0.0	186	2	725	0.002758620689655172
CUFF_NC.5290	3	3931423	3932438	-	0	0	0		71	0	329	0.0	279	2	1436	0.001392757660167131
CUFF_NC.5293	3	3938156	3940829	+	0	0	0		206	3	1133	0.00264783759929391	737	6	3926	0.0015282730514518594
CUFF_NC.5294	3	3945335	3946032	+	0	0	0		52	1	216	0.004629629629629629	195	0	722	0.0
CUFF_NC.5295	3	3946129	3948477	+	0	0	0		152	2	721	0.0027739251040221915	579	2	2947	0.0006786562606040041
CUFF_NC.5289	3	3949651	3950486	+	0	0	0		65	1	378	0.0026455026455026454	200	0	908	0.0
CUFF_NC.5291	3	3954565	3955601	+	0	0	0		80	1	445	0.0022471910112359553	255	2	1289	0.0015515903801396431
CUFF_NC.5292	3	3963123	3964222	+	0	0	0		48	1	250	0.004	232	4	1060	0.0037735849056603774
CUFF_NC.5307	3	3967124	3967621	-	0	0	0		22	1	61	0.01639344262295082	86	1	233	0.004291845493562232
CUFF_NC.5297	3	3991588	3992274	+	0	0	0		57	0	262	0.0	205	3	900	0.0033333333333333335
CUFF_NC.5298	3	4004780	4006146	-	0	0	0		81	1	449	0.0022271714922048997	369	7	1922	0.0036420395421436005
CUFF_NC.5299	3	4006565	4007970	+	0	0	0		121	0	650	0.0	329	3	1723	0.0017411491584445734
CUFF_NC.5296	3	4011936	4013686	-	0	0	0		92	0	494	0.0	442	3	2527	0.001187178472497032
CUFF_NC.5302	3	4018250	4018664	+	0	0	0		29	0	150	0.0	109	1	453	0.002207505518763797
CUFF_NC.5305	3	4029723	4030533	+	0	0	0		55	1	278	0.0035971223021582736	220	5	951	0.005257623554153523
CUFF_NC.5306	3	4033017	4033705	+	0	0	0		37	1	247	0.004048582995951417	164	1	1020	0.000980392156862745
CUFF_NC.5301	3	4036935	4039120	-	0	0	0		131	2	582	0.003436426116838488	619	4	2716	0.0014727540500736377
CUFF_NC.5300	3	4040463	4041101	+	0	0	0		26	0	178	0.0	190	2	1065	0.0018779342723004694
CUFF_NC.5303	3	4095356	4096130	-	0	0	0		48	0	245	0.0	209	3	856	0.0035046728971962616
CUFF_NC.5310	3	4112401	4116025	-	0	0	0		306	4	1508	0.002652519893899204	1045	11	4982	0.0022079486150140505
CUFF_NC.5304	3	4122014	4123209	+	0	0	0		63	3	308	0.00974025974025974	327	2	1673	0.001195457262402869
CUFF_NC.5308	3	4136910	4137674	-	0	0	0		38	0	208	0.0	188	4	1001	0.003996003996003996
CUFF_NC.5309	3	4143604	4144208	-	0	0	0		28	1	149	0.006711409395973154	152	0	731	0.0
CUFF_NC.5335	3	4148641	4149631	-	0	0	0		96	1	550	0.0018181818181818182	277	4	1508	0.002652519893899204
CUFF_NC.5313	3	4168463	4171452	+	0	0	0		218	4	1540	0.0025974025974025974	850	7	5623	0.001244887070958563
CUFF_NC.5314	3	4174635	4175532	+	0	0	0		43	0	244	0.0	220	3	1174	0.002555366269165247
CUFF_NC.5312	3	4182327	4183951	-	0	0	0		128	3	688	0.00436046511627907	466	5	2646	0.001889644746787604
CUFF_NC.5311	3	4196675	4197022	+	0	0	0		14	0	111	0.0	107	0	858	0.0
CUFF_NC.5315	3	4206026	4212851	+	0	0	0		528	6	3299	0.0018187329493785996	1947	26	11521	0.002256748546133148
CUFF_NC.5317	3	4229913	4231306	+	0	0	0		93	2	569	0.0035149384885764497	380	5	2175	0.0022988505747126436
CUFF_NC.5318	3	4235228	4235754	+	0	0	0		29	0	99	0.0	109	0	426	0.0
CUFF_NC.5316	3	4242311	4242605	-	0	0	0		25	0	144	0.0	70	2	408	0.004901960784313725
CUFF_NC.5319	3	4256079	4256803	-	0	0	0		41	0	207	0.0	277	3	1087	0.0027598896044158236
CUFF_NC.5323	3	4262659	4263203	+	0	0	0		14	2	65	0.03076923076923077	53	2	241	0.008298755186721992
CUFF_NC.5320	3	4265092	4265564	+	0	0	0		41	1	188	0.005319148936170213	102	2	509	0.003929273084479371
CUFF_NC.5321	3	4268658	4269064	+	0	0	0		28	2	168	0.011904761904761904	130	2	724	0.0027624309392265192
CUFF_NC.5322	3	4310576	4311599	+	0	0	0		69	0	359	0.0	231	0	1161	0.0
CUFF_NC.5327	3	4333950	4335301	-	0	0	0		111	3	612	0.004901960784313725	385	5	2151	0.0023245002324500234
CUFF_NC.5326	3	4337574	4337912	+	0	0	0		23	1	133	0.007518796992481203	90	2	547	0.003656307129798903
CUFF_NC.5325	3	4339114	4339792	+	0	0	0		53	0	263	0.0	215	0	795	0.0
CUFF_NC.5324	3	4341346	4342238	-	0	0	0		38	158	212	0.7452830188679245	233	62	1201	0.051623646960865945
CUFF_NC.5328	3	4358357	4358865	+	0	0	0		35	0	272	0.0	125	2	930	0.002150537634408602
CUFF_NC.5329	3	4362459	4363215	+	0	0	0		68	0	447	0.0	202	3	1361	0.002204261572373255
CUFF_NC.5330	3	4371325	4371973	-	0	0	0		21	0	114	0.0	140	1	703	0.001422475106685633
CUFF_NC.5337	3	4381638	4381959	-	0	0	0		21	0	163	0.0	94	2	744	0.002688172043010753
CUFF_NC.5332	3	4384717	4386655	+	0	0	0		169	3	920	0.003260869565217391	541	3	2810	0.0010676156583629894
CUFF_NC.5333	3	4387476	4388293	+	0	0	0		55	0	339	0.0	213	4	1140	0.0035087719298245615
CUFF_NC.5334	3	4408956	4409364	-	0	0	0		21	0	112	0.0	129	2	746	0.002680965147453083
CUFF_NC.5336	3	4424263	4424843	+	0	0	0		46	0	278	0.0	158	5	1114	0.004488330341113106
CUFF_NC.5338	3	4441012	4441440	+	0	0	0		24	0	139	0.0	108	1	556	0.0017985611510791368
CUFF_NC.5339	3	4448633	4449109	+	0	0	0		10	0	43	0.0	77	0	355	0.0
CUFF_NC.5342	3	4451671	4451962	+	0	0	0		25	0	146	0.0	90	0	539	0.0
CUFF_NC.5343	3	4464668	4465807	-	0	0	0		39	0	182	0.0	308	3	1742	0.001722158438576349
CUFF_NC.5341	3	4467004	4467575	-	0	0	0		25	2	116	0.017241379310344827	184	5	660	0.007575757575757576
CUFF_NC.5345	3	4488014	4488543	-	0	0	0		35	1	158	0.006329113924050633	172	1	851	0.0011750881316098707
CUFF_NC.5348	3	4492747	4496076	+	0	0	0		154	15	782	0.01918158567774936	680	86	3425	0.02510948905109489
CUFF_NC.5344	3	4505027	4506067	-	0	0	0		71	2	390	0.005128205128205128	271	3	1566	0.0019157088122605363
CUFF_NC.5346	3	4522130	4523073	+	0	0	0		67	0	304	0.0	296	3	1231	0.002437043054427295
CUFF_NC.5347	3	4530964	4532223	-	0	0	0		55	0	431	0.0	293	3	2020	0.0014851485148514852
CUFF_NC.5352	3	4546129	4547404	-	0	0	0		58	0	240	0.0	370	1	1507	0.0006635700066357001
CUFF_NC.5349	3	4558906	4559492	+	0	0	0		26	0	155	0.0	167	0	1072	0.0
CUFF_NC.5350	3	4571139	4571916	+	0	0	0		19	0	76	0.0	176	1	820	0.0012195121951219512
CUFF_NC.5351	3	4600692	4601103	+	0	0	0		45	0	229	0.0	104	1	536	0.0018656716417910447
CUFF_NC.5358	3	4608329	4608705	-	0	0	0		25	0	106	0.0	121	1	482	0.002074688796680498
CUFF_NC.5357	3	4611844	4613802	+	0	0	0		114	0	478	0.0	499	2	1824	0.0010964912280701754
CUFF_NC.5354	3	4632609	4633946	+	0	0	0		90	1	531	0.0018832391713747645	360	5	1974	0.0025329280648429585
CUFF_NC.5356	3	4650546	4651901	+	0	0	0		97	1	492	0.0020325203252032522	374	2	2091	0.0009564801530368245
CUFF_NC.5355	3	4655525	4656039	-	0	0	0		31	0	225	0.0	133	1	840	0.0011904761904761906
CUFF_NC.5359	3	4658165	4660983	+	0	0	0		251	4	1213	0.0032976092333058533	736	6	3471	0.001728608470181504
CUFF_NC.5360	3	4661815	4662723	+	0	0	0		69	1	348	0.0028735632183908046	289	3	1473	0.002036659877800407
CUFF_NC.5373	3	4707047	4710155	+	0	0	0		261	4	1066	0.00375234521575985	801	6	3241	0.0018512804689910522
CUFF_NC.5365	3	4711468	4712426	-	0	0	0		79	1	511	0.0019569471624266144	253	2	1309	0.0015278838808250573
CUFF_NC.5366	3	4716239	4716827	+	0	0	0		47	0	310	0.0	163	3	924	0.003246753246753247
CUFF_NC.5367	3	4720442	4721164	+	0	0	0		46	0	266	0.0	148	0	882	0.0
CUFF_NC.5361	3	4723965	4725605	-	0	0	0		13	0	87	0.0	122	1	606	0.0016501650165016502
CUFF_NC.5362	3	4724697	4726017	+	0	0	0		1	0	11	0.0	88	1	582	0.001718213058419244
CUFF_NC.5369	3	4730862	4731706	-	0	0	0		46	0	316	0.0	212	4	1308	0.0030581039755351682
CUFF_NC.5363	3	4732836	4734132	-	0	0	0		86	3	517	0.005802707930367505	348	2	1824	0.0010964912280701754
CUFF_NC.5364	3	4737655	4738319	+	0	0	0		73	1	318	0.0031446540880503146	196	3	915	0.003278688524590164
CUFF_NC.5368	3	4751605	4752093	-	0	0	0		12	0	65	0.0	105	2	727	0.002751031636863824
CUFF_NC.5377	3	4756380	4757739	-	0	0	0		102	3	483	0.006211180124223602	392	5	1984	0.0025201612903225806
CUFF_NC.5378	3	4758319	4761168	-	0	0	0		208	3	1286	0.0023328149300155523	833	8	4770	0.0016771488469601676
CUFF_NC.5376	3	4761625	4762035	+	0	0	0		24	0	179	0.0	115	2	769	0.002600780234070221
CUFF_NC.5370	3	4772145	4773079	+	0	0	0		84	0	349	0.0	208	0	946	0.0
CUFF_NC.5371	3	4773371	4775351	+	0	0	0		118	1	523	0.0019120458891013384	464	2	2224	0.0008992805755395684
CUFF_NC.5372	3	4791493	4792231	-	0	0	0		46	1	281	0.0035587188612099642	194	3	1143	0.0026246719160104987
CUFF_NC.5374	3	4802989	4803829	+	0	0	0		47	0	223	0.0	232	1	1053	0.000949667616334283
CUFF_NC.5379	3	4812458	4813200	+	0	0	0		57	0	272	0.0	252	3	1131	0.002652519893899204
CUFF_NC.5380	3	4818491	4821481	-	0	0	0		212	0	1409	0.0	837	12	5748	0.0020876826722338203
CUFF_NC.5375	3	4831330	4834078	+	0	0	0		218	1	903	0.0011074197120708748	658	5	2458	0.0020341741253051262
CUFF_NC.5383	3	4872979	4877515	+	0	0	0		222	7	1346	0.005200594353640416	1236	13	7075	0.0018374558303886925
CUFF_NC.5384	3	4875771	4881998	+	0	0	0		319	0	1704	0.0	1741	12	9702	0.0012368583797155227
CUFF_NC.5385	3	4877628	4883616	+	0	0	0		304	2	1605	0.0012461059190031153	1684	15	9318	0.0016097875080489374
CUFF_NC.5382	3	4886972	4888347	+	0	0	0		47	1	308	0.003246753246753247	340	3	2221	0.0013507429085997298
CUFF_NC.5381	3	4889347	4889930	-	0	0	0		13	0	80	0.0	162	1	986	0.0010141987829614604
CUFF_NC.5396	3	4911727	4913182	-	0	0	0		97	0	356	0.0	414	1	1630	0.0006134969325153375
CUFF_NC.5397	3	4913573	4932537	-	0	0	0		874	10	4651	0.0021500752526338422	4106	61	23123	0.002638065994896856
CUFF_NC.5387	3	4936120	4939999	-	0	0	0		264	2	1493	0.0013395847287340924	1052	7	5979	0.0011707643418631879
CUFF_NC.5386	3	4942416	4942754	-	0	0	0		18	1	89	0.011235955056179775	91	1	417	0.002398081534772182
CUFF_NC.5389	3	4950860	4951472	+	0	0	0		38	0	253	0.0	158	3	1011	0.002967359050445104
CUFF_NC.5390	3	4952244	4952860	+	0	0	0		26	1	150	0.006666666666666667	195	2	1000	0.002
CUFF_NC.5393	3	4988054	4988500	-	0	0	0		12	0	72	0.0	118	0	587	0.0
CUFF_NC.5391	3	4995367	4995998	-	0	0	0		30	0	118	0.0	157	3	811	0.0036991368680641184
CUFF_NC.5392	3	4998418	4999229	+	0	0	0		60	0	320	0.0	251	3	1404	0.002136752136752137
CUFF_NC.5394	3	5004309	5005690	-	0	0	0		112	2	679	0.0029455081001472753	389	4	2172	0.001841620626151013
CUFF_NC.5398	3	5009191	5010460	-	0	0	0		96	2	560	0.0035714285714285713	357	1	2003	0.0004992511233150275
CUFF_NC.5395	3	5019287	5019920	-	0	0	0		30	0	208	0.0	198	4	1375	0.002909090909090909
CUFF_NC.5399	3	5051484	5052363	-	0	0	0		59	0	193	0.0	320	3	1141	0.0026292725679228747
CUFF_NC.5401	3	5058951	5062216	-	0	0	0		62	0	334	0.0	805	11	4502	0.0024433585073300756
CUFF_NC.5402	3	5062344	5063738	-	0	0	0		145	0	543	0.0	354	0	1352	0.0
CUFF_NC.5400	3	5065216	5066713	+	0	0	0		97	0	282	0.0	318	1	957	0.0010449320794148381
CUFF_NC.5403	3	5071274	5072591	+	0	0	0		117	0	640	0.0	397	1	2080	0.0004807692307692308
CUFF_NC.5405	3	5086306	5086960	+	0	0	0		41	0	172	0.0	181	1	811	0.0012330456226880395
CUFF_NC.5406	3	5087069	5087538	+	0	0	0		25	0	149	0.0	122	1	702	0.0014245014245014246
CUFF_NC.5407	3	5093989	5095330	+	0	0	0		104	2	730	0.0027397260273972603	372	3	1586	0.0018915510718789407
CUFF_NC.5408	3	5104430	5104741	-	0	0	0		23	1	214	0.004672897196261682	78	2	662	0.0030211480362537764
CUFF_NC.5404	3	5119515	5119946	-	0	0	0		19	0	73	0.0	92	0	312	0.0
CUFF_NC.5409	3	5121167	5122309	-	0	0	0		92	0	394	0.0	295	1	1236	0.0008090614886731392
CUFF_NC.5417	3	5126883	5127873	+	0	0	0		62	1	388	0.002577319587628866	283	4	1641	0.002437538086532602
CUFF_NC.5410	3	5136520	5137091	+	0	0	0		53	1	272	0.003676470588235294	147	1	637	0.0015698587127158557
CUFF_NC.5414	3	5139839	5140295	-	0	0	0		28	0	150	0.0	126	0	681	0.0
CUFF_NC.5411	3	5147607	5148543	+	0	0	0		58	1	356	0.0028089887640449437	245	1	1374	0.000727802037845706
CUFF_NC.5415	3	5171028	5171952	+	0	0	0		65	1	412	0.0024271844660194173	261	2	1548	0.0012919896640826874
CUFF_NC.5413	3	5174695	5175644	+	0	0	0		55	3	336	0.008928571428571428	279	1	1596	0.0006265664160401002
CUFF_NC.5418	3	5250481	5250949	+	0	0	0		60	1	414	0.0024154589371980675	116	1	781	0.0012804097311139564
CUFF_NC.5419	3	5258469	5259041	-	0	0	0		28	0	168	0.0	135	1	767	0.001303780964797914
CUFF_NC.5416	3	5270806	5271844	+	0	0	0		75	0	314	0.0	290	1	1301	0.0007686395080707148
CUFF_NC.5420	3	5286256	5286744	+	0	0	0		16	44	118	0.3728813559322034	101	48	576	0.08333333333333333
CUFF_NC.5430	3	5291344	5291827	+	0	0	0		35	0	189	0.0	136	1	784	0.0012755102040816326
CUFF_NC.5424	3	5335738	5336534	-	0	0	0		54	1	319	0.003134796238244514	196	3	1270	0.002362204724409449
CUFF_NC.5421	3	5337350	5338373	-	0	0	0		53	0	267	0.0	259	2	1447	0.00138217000691085
CUFF_NC.5431	3	5343755	5344514	-	0	0	0		82	0	343	0.0	214	0	739	0.0
CUFF_NC.5422	3	5347995	5348870	+	0	0	0		49	0	223	0.0	208	4	962	0.004158004158004158
CUFF_NC.5427	3	5350835	5351902	-	0	0	0		60	0	258	0.0	228	1	959	0.0010427528675703858
CUFF_NC.5423	3	5354636	5355043	-	0	0	0		10	0	35	0.0	79	0	413	0.0
CUFF_NC.5425	3	5359694	5360243	-	0	0	0		33	0	151	0.0	165	1	834	0.001199040767386091
CUFF_NC.5426	3	5361305	5361720	+	0	0	0		23	0	116	0.0	117	1	530	0.0018867924528301887
CUFF_NC.5433	3	5362907	5363410	-	0	0	0		24	0	130	0.0	163	1	1015	0.0009852216748768472
CUFF_NC.5428	3	5380309	5380726	-	0	0	0		24	46	113	0.40707964601769914	129	11	631	0.017432646592709985
CUFF_NC.5429	3	5380421	5380881	+	0	0	0		22	37	96	0.3854166666666667	125	22	578	0.03806228373702422
CUFF_NC.5432	3	5421617	5422317	-	0	0	0		15	1	79	0.012658227848101266	137	0	851	0.0
CUFF_NC.5434	3	5444850	5446096	+	0	0	0		77	0	460	0.0	301	3	1621	0.001850709438618137
CUFF_NC.5435	3	5457883	5458820	-	0	0	0		98	1	619	0.0016155088852988692	255	1	1516	0.0006596306068601583
CUFF_NC.5436	3	5479902	5481045	-	0	0	0		42	0	223	0.0	265	3	1601	0.0018738288569643974
CUFF_NC.5442	3	5512527	5513893	-	0	0	0		87	0	427	0.0	354	4	1835	0.0021798365122615805
CUFF_NC.5437	3	5518154	5519050	-	0	0	0		78	2	421	0.004750593824228029	247	1	1368	0.0007309941520467836
CUFF_NC.5439	3	5523667	5524740	+	0	0	0		67	0	412	0.0	310	0	1415	0.0
CUFF_NC.5438	3	5535334	5535931	-	0	0	0		49	0	196	0.0	188	2	879	0.0022753128555176336
CUFF_NC.5444	3	5539648	5540394	-	0	0	0		24	0	170	0.0	186	1	1378	0.000725689404934688
CUFF_NC.5440	3	5546706	5547146	-	0	0	0		11	0	50	0.0	104	5	605	0.008264462809917356
CUFF_NC.5441	3	5550723	5551211	+	0	0	0		9	0	49	0.0	109	0	481	0.0
CUFF_NC.5448	3	5562585	5566756	-	0	0	0		142	1	759	0.0013175230566534915	1085	9	5778	0.001557632398753894
CUFF_NC.5449	3	5562889	5567149	-	0	0	0		144	1	781	0.0012804097311139564	1075	9	5870	0.0015332197614991482
CUFF_NC.5450	3	5563303	5568545	-	0	0	0		180	1	943	0.0010604453870625664	1251	12	6597	0.0018190086402910413
CUFF_NC.5443	3	5570504	5571191	+	0	0	0		21	0	85	0.0	171	1	807	0.0012391573729863693
CUFF_NC.5445	3	5573621	5574419	-	0	0	0		9	0	28	0.0	49	0	158	0.0
CUFF_NC.5446	3	5574835	5581983	-	0	0	0		245	5	1511	0.0033090668431502318	1564	19	9944	0.001910699919549477
CUFF_NC.5447	3	5580421	5582988	-	0	0	0		107	3	649	0.004622496147919877	677	6	4258	0.0014091122592766556
CUFF_NC.5455	3	5620051	5620669	+	0	0	0		46	0	181	0.0	170	1	611	0.0016366612111292963
CUFF_NC.5451	3	5634236	5635389	-	0	0	0		23	0	175	0.0	281	2	1570	0.0012738853503184713
CUFF_NC.5454	3	5638022	5638447	+	0	0	0		17	1	114	0.008771929824561403	94	1	593	0.0016863406408094434
CUFF_NC.5453	3	5644515	5645023	-	0	0	0		41	0	128	0.0	129	0	437	0.0
CUFF_NC.5452	3	5647315	5648873	+	0	0	0		58	2	302	0.006622516556291391	395	8	1986	0.004028197381671702
CUFF_NC.5456	3	5661137	5661761	+	0	0	0		42	3	291	0.010309278350515464	195	6	1030	0.005825242718446602
CUFF_NC.5465	3	5662443	5663730	+	0	0	0		88	1	524	0.0019083969465648854	352	2	2107	0.0009492168960607499
CUFF_NC.5458	3	5670999	5671851	-	0	0	0		55	0	301	0.0	213	0	1219	0.0
CUFF_NC.5459	3	5685942	5686489	+	0	0	0		24	0	175	0.0	145	0	1039	0.0
CUFF_NC.5457	3	5692670	5693894	-	0	0	0		90	1	413	0.002421307506053269	300	2	1112	0.0017985611510791368
CUFF_NC.5461	3	5702865	5703971	-	0	0	0		81	0	407	0.0	308	4	1517	0.0026367831245880024
CUFF_NC.5462	3	5705554	5706909	-	0	0	0		105	1	648	0.0015432098765432098	333	3	1758	0.0017064846416382253
CUFF_NC.5460	3	5709456	5709979	-	0	0	0		25	0	101	0.0	188	1	684	0.0014619883040935672
CUFF_NC.5470	3	5716310	5718936	-	0	0	0		183	4	1217	0.003286770747740345	715	6	4692	0.0012787723785166241
CUFF_NC.5463	3	5726288	5726580	+	0	0	0		26	0	145	0.0	90	1	582	0.001718213058419244
CUFF_NC.5464	3	5755699	5756580	-	0	0	0		30	0	172	0.0	231	1	1219	0.0008203445447087777
CUFF_NC.5471	3	5786393	5787079	+	0	0	0		38	1	306	0.0032679738562091504	191	1	1264	0.0007911392405063291
CUFF_NC.5466	3	5790830	5791295	+	0	0	0		21	0	122	0.0	124	0	736	0.0
CUFF_NC.5478	3	5803728	5806068	+	0	0	0		193	0	1253	0.0	596	10	3639	0.0027480076944215444
CUFF_NC.5467	3	5813163	5813686	+	0	0	0		27	0	187	0.0	111	2	676	0.0029585798816568047
CUFF_NC.5469	3	5826543	5827410	-	0	0	0		61	0	253	0.0	199	5	816	0.006127450980392157
CUFF_NC.5468	3	5831001	5832508	-	0	0	0		105	4	593	0.006745362563237774	321	13	1530	0.00849673202614379
CUFF_NC.5472	3	5839769	5840244	-	0	0	0		3	3	3	1.0	16	11	16	0.6875
CUFF_NC.5473	3	5844277	5845307	+	0	0	0		70	1	345	0.002898550724637681	245	4	1325	0.0030188679245283017
CUFF_NC.5474	3	5848632	5849730	-	0	0	0		56	1	394	0.0025380710659898475	266	1	1820	0.0005494505494505495
CUFF_NC.5475	3	5861062	5862257	-	0	0	0		49	14	311	0.04501607717041801	273	41	1646	0.02490886998784933
CUFF_NC.5476	3	5861372	5862802	+	0	0	0		50	23	300	0.07666666666666666	372	113	2166	0.05216989843028624
CUFF_NC.5482	3	5882145	5882660	-	0	0	0		18	0	100	0.0	134	1	791	0.0012642225031605564
CUFF_NC.5477	3	5886445	5888956	+	0	0	0		69	2	431	0.004640371229698376	472	4	2227	0.001796138302649304
CUFF_NC.5479	3	5894856	5895816	-	0	0	0		69	0	418	0.0	212	3	1278	0.002347417840375587
CUFF_NC.5484	3	5930714	5931234	+	0	0	0		22	0	189	0.0	127	1	905	0.0011049723756906078
CUFF_NC.5483	3	5931578	5932141	-	0	0	0		29	74	209	0.35406698564593303	139	16	919	0.017410228509249184
CUFF_NC.5485	3	5934051	5935014	-	0	0	0		58	0	315	0.0	218	4	1110	0.0036036036036036037
CUFF_NC.5486	3	5955651	5956075	-	0	0	0		11	0	68	0.0	107	2	483	0.004140786749482402
CUFF_NC.5488	3	5967618	5969151	-	0	0	0		119	1	768	0.0013020833333333333	426	2	2806	0.0007127583749109052
CUFF_NC.5494	3	5974762	5975570	+	0	0	0		77	0	438	0.0	221	0	986	0.0
CUFF_NC.5495	3	5975861	5976142	+	0	0	0		20	1	111	0.009009009009009009	66	0	406	0.0
CUFF_NC.5487	3	5976748	5977811	+	0	0	0		74	0	396	0.0	293	2	1477	0.0013540961408259986
CUFF_NC.5491	3	6008981	6009591	-	0	0	0		36	1	270	0.003703703703703704	156	5	1121	0.0044603033006244425
CUFF_NC.5492	3	6009701	6010529	-	0	0	0		49	1	256	0.00390625	248	5	1127	0.0044365572315882874
CUFF_NC.5489	3	6011538	6012016	-	0	0	0		17	1	64	0.015625	86	3	480	0.00625
CUFF_NC.5490	3	6011654	6012057	+	0	0	0		17	1	64	0.015625	57	1	212	0.0047169811320754715
CUFF_NC.5493	3	6015265	6016009	-	0	0	0		20	0	90	0.0	218	1	1077	0.0009285051067780873
CUFF_NC.5501	3	6031139	6031779	-	0	0	0		54	2	354	0.005649717514124294	129	2	730	0.0027397260273972603
CUFF_NC.5502	3	6038488	6039143	-	0	0	0		45	1	257	0.0038910505836575876	185	0	1154	0.0
CUFF_NC.5496	3	6051689	6052440	-	0	0	0		44	2	267	0.00749063670411985	241	3	1237	0.002425222312045271
CUFF_NC.5497	3	6055610	6056443	-	0	0	0		48	1	255	0.00392156862745098	243	3	1276	0.0023510971786833857
CUFF_NC.5498	3	6060502	6061454	-	0	0	0		43	0	223	0.0	234	2	1315	0.001520912547528517
CUFF_NC.5503	3	6074109	6075466	-	0	0	0		87	0	552	0.0	389	3	2331	0.001287001287001287
CUFF_NC.5504	3	6076001	6076399	-	0	0	0		42	2	270	0.007407407407407408	118	0	609	0.0
CUFF_NC.5500	3	6092461	6092943	+	0	0	0		35	0	255	0.0	123	0	822	0.0
CUFF_NC.5507	3	6107956	6108671	-	0	0	0		51	2	252	0.007936507936507936	155	0	782	0.0
CUFF_NC.5509	3	6115921	6116451	+	0	0	0		36	0	196	0.0	149	1	735	0.0013605442176870747
CUFF_NC.5505	3	6117538	6118196	+	0	0	0		33	1	175	0.005714285714285714	184	0	823	0.0
CUFF_NC.5506	3	6117575	6117982	-	0	0	0		23	0	125	0.0	116	0	573	0.0
CUFF_NC.5508	3	6126168	6127811	-	0	0	0		117	0	833	0.0	427	2	2777	0.0007202016564638099
CUFF_NC.5510	3	6146002	6147205	-	0	0	0		89	0	389	0.0	324	3	1474	0.0020352781546811396
CUFF_NC.5511	3	6151109	6151934	-	0	0	0		55	0	390	0.0	220	0	1740	0.0
CUFF_NC.5512	3	6162340	6162876	+	0	0	0		44	1	198	0.005050505050505051	134	0	614	0.0
CUFF_NC.5515	3	6170198	6172005	+	0	0	0		144	0	672	0.0	489	1	2195	0.00045558086560364467
CUFF_NC.5514	3	6173825	6174255	-	0	0	0		16	0	88	0.0	112	1	484	0.002066115702479339
CUFF_NC.5513	3	6180644	6182699	-	0	0	0		134	0	644	0.0	482	5	2105	0.0023752969121140144
CUFF_NC.5516	3	6188301	6192782	-	0	0	0		194	1	1216	0.0008223684210526315	1099	10	6870	0.001455604075691412
CUFF_NC.5517	3	6230628	6231780	-	0	0	0		85	1	380	0.002631578947368421	252	0	1097	0.0
CUFF_NC.5522	3	6232651	6233555	-	0	0	0		78	5	540	0.009259259259259259	293	2	1562	0.0012804097311139564
CUFF_NC.5521	3	6234575	6235950	+	0	0	0		95	0	537	0.0	428	9	2339	0.003847798204360838
CUFF_NC.5519	3	6242626	6243396	-	0	0	0		37	0	191	0.0	182	1	943	0.0010604453870625664
CUFF_NC.5524	3	6251328	6252890	-	0	0	0		129	1	513	0.001949317738791423	409	2	1590	0.0012578616352201257
CUFF_NC.5526	3	6286476	6286890	+	0	0	0		28	0	205	0.0	113	1	805	0.0012422360248447205
CUFF_NC.5523	3	6291252	6292450	+	0	0	0		73	12	394	0.030456852791878174	343	4	1927	0.0020757654385054488
CUFF_NC.5529	3	6298919	6300194	-	0	0	0		90	0	549	0.0	357	2	1876	0.0010660980810234541
CUFF_NC.5530	3	6300741	6304436	+	0	0	0		227	3	1320	0.0022727272727272726	929	12	5155	0.0023278370514064014
CUFF_NC.5531	3	6304055	6304533	-	0	0	0		23	1	73	0.0136986301369863	123	2	530	0.0037735849056603774
CUFF_NC.5527	3	6305358	6307085	-	0	0	0		99	1	724	0.0013812154696132596	417	6	2964	0.0020242914979757085
CUFF_NC.5525	3	6313701	6314612	-	0	0	0		56	1	296	0.0033783783783783786	247	2	1047	0.0019102196752626551
CUFF_NC.5528	3	6348985	6350855	+	0	0	0		133	1	600	0.0016666666666666668	423	7	1772	0.0039503386004514675
CUFF_NC.5532	3	6359825	6360407	-	0	0	0		13	0	101	0.0	178	0	1154	0.0
CUFF_NC.5544	3	6363770	6365482	-	0	0	0		138	3	631	0.004754358161648178	481	9	2251	0.003998223011994669
CUFF_NC.5534	3	6379529	6380916	-	0	0	0		20	0	133	0.0	326	4	1846	0.0021668472372697724
CUFF_NC.5535	3	6380123	6380530	+	0	0	0		8	0	48	0.0	106	1	597	0.0016750418760469012
CUFF_NC.5533	3	6381272	6381841	+	0	0	0		16	0	89	0.0	146	1	1037	0.0009643201542912247
CUFF_NC.5537	3	6383796	6384452	-	0	0	0		34	0	209	0.0	220	2	870	0.0022988505747126436
CUFF_NC.5536	3	6387237	6388324	-	0	0	0		26	1	167	0.005988023952095809	268	1	1874	0.0005336179295624333
CUFF_NC.5538	3	6388494	6388929	-	0	0	0		27	0	121	0.0	122	0	538	0.0
CUFF_NC.5539	3	6390012	6390453	+	0	0	0		17	0	121	0.0	104	2	642	0.003115264797507788
CUFF_NC.5540	3	6393714	6394770	-	0	0	0		46	1	269	0.0037174721189591076	302	3	1524	0.001968503937007874
CUFF_NC.5541	3	6396308	6396730	+	0	0	0		24	1	136	0.007352941176470588	139	1	557	0.0017953321364452424
CUFF_NC.5548	3	6404312	6404892	+	0	0	0		29	1	138	0.007246376811594203	193	1	889	0.0011248593925759281
CUFF_NC.5545	3	6414814	6415492	+	0	0	0		48	0	256	0.0	196	4	926	0.004319654427645789
CUFF_NC.5543	3	6425845	6426215	+	0	0	0		29	0	121	0.0	102	0	461	0.0
CUFF_NC.5547	3	6434172	6436050	+	0	0	0		107	0	492	0.0	438	7	1824	0.003837719298245614
CUFF_NC.5546	3	6440498	6441576	-	0	0	0		43	0	264	0.0	287	2	1640	0.0012195121951219512
CUFF_NC.5551	3	6454199	6454814	+	0	0	0		36	0	197	0.0	177	2	893	0.0022396416573348264
CUFF_NC.5554	3	6461689	6462411	+	0	0	0		53	2	314	0.006369426751592357	206	2	919	0.002176278563656148
CUFF_NC.5549	3	6469489	6469890	-	0	0	0		25	0	161	0.0	102	1	652	0.0015337423312883436
CUFF_NC.5552	3	6482253	6483720	+	0	0	0		91	0	379	0.0	411	7	1757	0.00398406374501992
CUFF_NC.5553	3	6495460	6496043	+	0	0	0		22	0	96	0.0	129	0	487	0.0
CUFF_NC.5558	3	6513550	6514365	-	0	0	0		82	1	516	0.001937984496124031	226	2	1234	0.0016207455429497568
CUFF_NC.5561	3	6519548	6519938	-	0	0	0		20	0	96	0.0	104	1	462	0.0021645021645021645
CUFF_NC.5555	3	6533059	6533476	+	0	0	0		2	0	14	0.0	112	1	821	0.001218026796589525
CUFF_NC.5556	3	6534374	6534972	-	0	0	0		26	0	168	0.0	152	2	997	0.0020060180541624875
CUFF_NC.5557	3	6536491	6538583	-	0	0	0		152	4	758	0.005277044854881266	489	3	2388	0.001256281407035176
CUFF_NC.5562	3	6542436	6542749	-	0	0	0		20	0	100	0.0	86	2	374	0.0053475935828877
CUFF_NC.5560	3	6554286	6555825	+	0	0	0		61	0	370	0.0	440	4	2693	0.0014853323431117712
CUFF_NC.5559	3	6555188	6556029	-	0	0	0		27	0	231	0.0	224	4	1725	0.002318840579710145
CUFF_NC.5567	3	6586246	6586757	-	0	0	0		52	0	289	0.0	135	0	719	0.0
CUFF_NC.5563	3	6591943	6592674	-	0	0	0		32	0	258	0.0	171	1	1268	0.0007886435331230284
CUFF_NC.5564	3	6601275	6601926	-	0	0	0		68	0	267	0.0	142	0	574	0.0
CUFF_NC.5566	3	6609473	6610154	+	0	0	0		45	2	264	0.007575757575757576	224	3	1123	0.0026714158504007124
CUFF_NC.5565	3	6616592	6617679	+	0	0	0		68	0	328	0.0	255	2	1078	0.0018552875695732839
CUFF_NC.5573	3	6662164	6663341	+	0	0	0		88	2	457	0.00437636761487965	353	3	1919	0.001563314226159458
CUFF_NC.5568	3	6678018	6678434	-	0	0	0		11	0	103	0.0	101	1	941	0.0010626992561105207
CUFF_NC.5570	3	6678545	6679128	-	0	0	0		32	1	160	0.00625	151	1	713	0.001402524544179523
CUFF_NC.5569	3	6684898	6685335	-	0	0	0		8	0	41	0.0	135	2	691	0.002894356005788712
CUFF_NC.5572	3	6691056	6691436	+	0	0	0		35	0	153	0.0	109	0	442	0.0
CUFF_NC.5571	3	6697121	6697740	+	0	0	0		44	0	254	0.0	172	3	960	0.003125
CUFF_NC.5574	3	6711939	6712912	-	0	0	0		50	7	304	0.023026315789473683	279	3	1211	0.002477291494632535
CUFF_NC.5575	3	6737715	6738276	+	0	0	0		31	0	85	0.0	181	2	531	0.003766478342749529
CUFF_NC.5577	3	6744552	6745022	-	0	0	0		19	0	99	0.0	132	2	679	0.0029455081001472753
CUFF_NC.5587	3	6759053	6759866	+	0	0	0		49	0	276	0.0	200	3	1317	0.002277904328018223
CUFF_NC.5588	3	6766810	6768249	+	0	0	0		96	1	615	0.0016260162601626016	403	6	2499	0.0024009603841536613
CUFF_NC.5578	3	6781821	6782747	-	0	0	0		84	0	355	0.0	277	3	1195	0.002510460251046025
CUFF_NC.5579	3	6797533	6798708	-	0	0	0		105	1	461	0.0021691973969631237	330	4	1232	0.003246753246753247
CUFF_NC.5580	3	6800250	6802093	-	0	0	0		117	2	695	0.0028776978417266188	435	8	2646	0.0030234315948601664
CUFF_NC.5576	3	6803166	6804235	+	0	0	0		73	2	308	0.006493506493506494	255	4	1134	0.003527336860670194
CUFF_NC.5583	3	6819943	6820851	+	0	0	0		59	1	293	0.0034129692832764505	236	3	1192	0.0025167785234899327
CUFF_NC.5582	3	6839934	6842111	-	0	0	0		194	4	988	0.004048582995951417	494	4	2327	0.0017189514396218307
CUFF_NC.5590	3	6855861	6856654	+	0	0	0		52	1	291	0.003436426116838488	189	1	1026	0.0009746588693957114
CUFF_NC.5591	3	6875053	6875451	+	0	0	0		25	0	128	0.0	116	2	605	0.003305785123966942
CUFF_NC.5592	3	6879641	6880274	+	0	0	0		48	0	283	0.0	172	2	871	0.002296211251435132
CUFF_NC.5593	3	6880436	6881694	+	0	0	0		84	1	395	0.002531645569620253	402	6	1999	0.0030015007503751876
CUFF_NC.5584	3	6883872	6884407	-	0	0	0		18	0	82	0.0	140	0	720	0.0
CUFF_NC.5585	3	6899825	6901334	+	0	0	0		108	1	659	0.0015174506828528073	392	4	2180	0.001834862385321101
CUFF_NC.5586	3	6913666	6914566	+	0	0	0		38	1	294	0.003401360544217687	222	3	1388	0.002161383285302594
CUFF_NC.5589	3	6925522	6926909	-	0	0	0		70	0	375	0.0	365	2	2151	0.0009298000929800093
CUFF_NC.5594	3	6948733	6949102	-	0	0	0		30	5	195	0.02564102564102564	89	18	511	0.03522504892367906
CUFF_NC.5595	3	6951484	6951901	-	0	0	0		19	0	173	0.0	116	1	897	0.0011148272017837235
CUFF_NC.5596	3	6955916	6957664	-	0	0	0		125	2	678	0.0029498525073746312	448	5	2082	0.0024015369836695487
CUFF_NC.5597	3	6965929	6966580	-	0	0	0		42	0	253	0.0	196	2	829	0.0024125452352231603
CUFF_NC.5598	3	6977471	6977911	+	0	0	0		18	0	150	0.0	119	3	941	0.003188097768331562
CUFF_NC.5599	3	6978672	6980560	+	0	0	0		137	0	501	0.0	467	5	1848	0.0027056277056277055
CUFF_NC.5600	3	6983818	6984436	+	0	0	0		35	1	242	0.004132231404958678	164	5	1125	0.0044444444444444444
CUFF_NC.5601	3	6998559	6999459	+	0	0	0		61	4	380	0.010526315789473684	261	8	1534	0.005215123859191656
CUFF_NC.5602	3	7004082	7004736	+	0	0	0		29	0	131	0.0	145	4	834	0.004796163069544364
CUFF_NC.5603	3	7005544	7006207	+	0	0	0		44	0	255	0.0	193	3	1132	0.00265017667844523
CUFF_NC.5630	3	7011945	7022799	-	0	0	0		619	14	3923	0.0035686974254397143	3055	28	17634	0.0015878416695020983
CUFF_NC.5631	3	7012214	7015477	-	0	0	0		179	4	1089	0.0036730945821854912	950	13	5463	0.0023796448837635
CUFF_NC.5632	3	7014164	7020422	-	0	0	0		359	7	2274	0.0030782761653474055	1727	16	10019	0.0015969657650464117
CUFF_NC.5633	3	7021928	7025083	-	0	0	0		196	1	1315	0.0007604562737642585	907	10	5228	0.0019127773527161439
CUFF_NC.5604	3	7031162	7031848	-	0	0	0		29	1	216	0.004629629629629629	185	0	1299	0.0
CUFF_NC.5607	3	7046567	7047288	-	0	0	0		38	4	279	0.014336917562724014	217	0	1183	0.0
CUFF_NC.5605	3	7056015	7056537	+	0	0	0		18	1	164	0.006097560975609756	142	1	1095	0.0009132420091324201
CUFF_NC.5612	3	7067953	7068858	-	0	0	0		64	1	486	0.00205761316872428	258	1	1935	0.0005167958656330749
CUFF_NC.5609	3	7078517	7080927	+	0	0	0		110	0	540	0.0	402	3	1941	0.0015455950540958269
CUFF_NC.5610	3	7081205	7082153	+	0	0	0		55	1	232	0.004310344827586207	234	4	1134	0.003527336860670194
CUFF_NC.5606	3	7085089	7086937	+	0	0	0		139	2	758	0.002638522427440633	456	4	2596	0.0015408320493066256
CUFF_NC.5611	3	7090224	7091430	+	0	0	0		78	0	535	0.0	351	8	2484	0.00322061191626409
CUFF_NC.5608	3	7102819	7103489	-	0	0	0		24	0	80	0.0	144	0	623	0.0
CUFF_NC.5613	3	7152795	7153571	+	0	0	0		58	0	272	0.0	190	2	991	0.0020181634712411706
CUFF_NC.5615	3	7166349	7168042	-	0	0	0		118	3	782	0.0038363171355498722	444	4	2795	0.0014311270125223613
CUFF_NC.5616	3	7173609	7174262	-	0	0	0		50	0	270	0.0	185	0	1041	0.0
CUFF_NC.5614	3	7186903	7187404	+	0	0	0		54	0	270	0.0	133	1	658	0.001519756838905775
CUFF_NC.5621	3	7209792	7210472	+	0	0	0		15	7	66	0.10606060606060606	160	12	952	0.012605042016806723
CUFF_NC.5622	3	7212076	7213324	+	0	0	0		83	1	409	0.0024449877750611247	335	0	1470	0.0
CUFF_NC.5620	3	7227882	7228806	+	0	0	0		46	0	262	0.0	207	1	1167	0.000856898029134533
CUFF_NC.5619	3	7230685	7231086	+	0	0	0		13	0	59	0.0	141	3	579	0.0051813471502590676
CUFF_NC.5618	3	7232103	7232944	+	0	0	0		30	0	197	0.0	215	2	1403	0.0014255167498218105
CUFF_NC.5617	3	7234516	7235035	-	0	0	0		13	29	48	0.6041666666666666	183	136	843	0.16132858837485173
CUFF_NC.5623	3	7237565	7237944	+	0	0	0		12	0	106	0.0	99	3	766	0.0039164490861618795
CUFF_NC.5624	3	7260796	7261791	+	0	0	0		94	1	383	0.0026109660574412533	294	1	1217	0.0008216926869350862
CUFF_NC.5627	3	7280709	7282083	-	0	0	0		100	0	535	0.0	302	3	1390	0.002158273381294964
CUFF_NC.5626	3	7282498	7283058	+	0	0	0		13	0	58	0.0	55	0	174	0.0
CUFF_NC.5628	3	7284880	7286452	+	0	0	0		101	0	462	0.0	381	4	1608	0.0024875621890547263
CUFF_NC.5629	3	7320749	7321162	-	0	0	0		32	1	174	0.005747126436781609	111	0	452	0.0
CUFF_NC.5634	3	7334160	7340198	-	0	0	0		305	6	1906	0.0031479538300104933	1573	14	9224	0.001517779705117086
CUFF_NC.5635	3	7335059	7344563	-	0	0	0		443	5	2700	0.001851851851851852	2453	37	13969	0.002648722170520438
CUFF_NC.5636	3	7335791	7341629	-	0	0	0		278	5	1766	0.0028312570781426952	1535	14	8960	0.0015625
CUFF_NC.5637	3	7339742	7343316	-	0	0	0		150	2	890	0.0022471910112359553	930	26	5006	0.0051937674790251695
CUFF_NC.5639	3	7365589	7368799	-	0	0	0		196	1	1094	0.0009140767824497258	822	6	4579	0.001310329766324525
CUFF_NC.5640	3	7367035	7367658	-	0	0	0		42	1	159	0.006289308176100629	176	0	732	0.0
CUFF_NC.5638	3	7387527	7388390	+	0	0	0		55	47	442	0.10633484162895927	234	28	1626	0.017220172201722016
CUFF_NC.5641	3	7398978	7400144	-	0	0	0		92	0	532	0.0	334	2	1788	0.0011185682326621924
CUFF_NC.5642	3	7424773	7425352	-	0	0	0		22	0	190	0.0	138	2	1210	0.001652892561983471
CUFF_NC.5643	3	7433565	7434030	+	0	0	0		26	1	148	0.006756756756756757	137	2	686	0.0029154518950437317
CUFF_NC.5646	3	7441031	7442315	+	0	0	0		72	2	504	0.003968253968253968	365	19	2523	0.0075307173999207295
CUFF_NC.5648	3	7445798	7447107	-	0	0	0		80	0	400	0.0	367	3	1771	0.0016939582156973462
CUFF_NC.5647	3	7456139	7457874	+	0	0	0		112	0	536	0.0	432	3	1875	0.0016
CUFF_NC.5645	3	7465554	7465983	+	0	0	0		17	0	97	0.0	108	5	535	0.009345794392523364
CUFF_NC.5644	3	7471056	7472514	+	0	0	0		67	0	410	0.0	401	5	2278	0.0021949078138718174
CUFF_NC.5649	3	7521847	7522643	+	0	0	0		29	0	140	0.0	207	1	1209	0.0008271298593879239
CUFF_NC.5650	3	7591609	7592394	+	0	0	0		42	0	219	0.0	207	1	939	0.0010649627263045794
CUFF_NC.5651	3	7595594	7597584	-	0	0	0		98	1	436	0.0022935779816513763	572	8	2489	0.0032141422257934912
CUFF_NC.5652	3	7600235	7601128	+	0	0	0		56	3	337	0.008902077151335312	178	3	1087	0.0027598896044158236
CUFF_NC.5653	3	7609272	7609590	+	0	0	0		18	0	128	0.0	87	0	590	0.0
CUFF_NC.5654	3	7617632	7618380	+	0	0	0		38	0	257	0.0	122	2	695	0.0028776978417266188
CUFF_NC.5655	3	7638493	7639783	-	0	0	0		52	0	267	0.0	331	5	1571	0.003182686187141948
CUFF_NC.5658	3	7676907	7681230	+	0	0	0		215	2	1308	0.0015290519877675841	1161	13	6529	0.0019911165568999847
CUFF_NC.5657	3	7683246	7683545	-	0	0	0		10	0	31	0.0	60	0	212	0.0
CUFF_NC.5660	3	7709200	7710232	+	0	0	0		45	0	271	0.0	247	4	1425	0.002807017543859649
CUFF_NC.5659	3	7721404	7724396	-	0	0	0		3	0	3	0.0	59	0	240	0.0
CUFF_NC.5663	3	7738451	7739369	+	0	0	0		43	5	258	0.01937984496124031	271	5	1600	0.003125
CUFF_NC.5661	3	7742878	7743642	-	0	0	0		32	0	228	0.0	224	3	1516	0.001978891820580475
CUFF_NC.5664	3	7744032	7744822	+	0	0	0		27	0	176	0.0	190	2	1309	0.0015278838808250573
CUFF_NC.5665	3	7745012	7747256	-	0	0	0		81	2	552	0.0036231884057971015	590	12	3932	0.003051881993896236
CUFF_NC.5666	3	7745744	7750452	-	0	0	0		204	39	1312	0.02972560975609756	1199	44	7440	0.005913978494623656
CUFF_NC.5662	3	7754349	7754645	-	0	0	0		25	1	158	0.006329113924050633	90	0	497	0.0
CUFF_NC.5667	3	7758428	7759014	-	0	0	0		17	0	135	0.0	161	2	1468	0.0013623978201634877
CUFF_NC.5668	3	7767287	7767821	-	0	0	0		23	4	128	0.03125	142	3	703	0.004267425320056899
CUFF_NC.5670	3	7770516	7771471	-	0	0	0		32	0	168	0.0	266	5	1412	0.0035410764872521247
CUFF_NC.5669	3	7775357	7776209	+	0	0	0		56	1	211	0.004739336492890996	179	1	564	0.0017730496453900709
CUFF_NC.5671	3	7800038	7801536	-	0	0	0		58	118	422	0.2796208530805687	406	111	2736	0.04057017543859649
CUFF_NC.5674	3	7817862	7818967	+	0	0	0		65	0	314	0.0	284	3	1307	0.0022953328232593728
CUFF_NC.5672	3	7820478	7821097	+	0	0	0		14	17	104	0.16346153846153846	139	66	1134	0.0582010582010582
CUFF_NC.5673	3	7820724	7821132	-	0	0	0		12	14	76	0.18421052631578946	76	17	525	0.03238095238095238
CUFF_NC.5696	3	7839558	7840595	+	0	0	0		77	2	459	0.004357298474945534	265	1	1728	0.0005787037037037037
CUFF_NC.5676	3	7844059	7844555	+	0	0	0		42	1	264	0.003787878787878788	131	0	759	0.0
CUFF_NC.5677	3	7846304	7846775	+	0	0	0		10	0	41	0.0	40	0	190	0.0
CUFF_NC.5679	3	7867598	7868416	-	0	0	0		46	0	221	0.0	210	2	931	0.0021482277121374865
CUFF_NC.5680	3	7868830	7869431	-	0	0	0		25	0	207	0.0	163	1	1169	0.000855431993156544
CUFF_NC.5682	3	7872749	7873034	-	0	0	0		22	0	151	0.0	73	1	466	0.002145922746781116
CUFF_NC.5683	3	7885882	7886421	-	0	0	0		32	0	189	0.0	122	0	727	0.0
CUFF_NC.5686	3	7904901	7908199	-	0	0	0		152	16	788	0.02030456852791878	812	39	4743	0.008222643896268185
CUFF_NC.5687	3	7906459	7907507	-	0	0	0		64	1	317	0.0031545741324921135	264	3	1244	0.002411575562700965
CUFF_NC.5692	3	7913342	7913880	-	0	0	0		45	1	188	0.005319148936170213	123	1	351	0.002849002849002849
CUFF_NC.5693	3	7917430	7918286	-	0	0	0		102	0	488	0.0	226	1	964	0.001037344398340249
CUFF_NC.5694	3	7918582	7919277	-	0	0	0		71	0	346	0.0	189	1	895	0.0011173184357541898
CUFF_NC.5689	3	7926898	7927383	-	0	0	0		16	0	65	0.0	142	1	758	0.0013192612137203166
CUFF_NC.5684	3	7931782	7932230	-	0	0	0		16	0	63	0.0	92	2	420	0.004761904761904762
CUFF_NC.5685	3	7931910	7932227	+	0	0	0		11	0	33	0.0	70	1	313	0.003194888178913738
CUFF_NC.5690	3	7933446	7934263	+	0	0	0		58	0	250	0.0	187	1	841	0.0011890606420927466
CUFF_NC.5688	3	7959011	7959594	+	0	0	0		20	0	157	0.0	133	1	930	0.001075268817204301
CUFF_NC.5700	3	7959768	7960766	-	0	0	0		79	0	548	0.0	282	4	1667	0.0023995200959808036
CUFF_NC.5695	3	7974960	7977488	-	0	0	0		187	4	892	0.004484304932735426	762	7	3536	0.0019796380090497737
CUFF_NC.5691	3	7992264	7992830	+	0	0	0		55	0	254	0.0	131	2	580	0.0034482758620689655
CUFF_NC.5698	3	8005980	8007868	+	0	0	0		121	4	898	0.004454342984409799	530	8	3742	0.002137894174238375
CUFF_NC.5697	3	8008857	8009352	-	0	0	0		47	0	273	0.0	127	0	713	0.0
CUFF_NC.5699	3	8021658	8022097	+	0	0	0		28	0	131	0.0	118	2	658	0.00303951367781155
CUFF_NC.5701	3	8030462	8031037	-	0	0	0		28	0	187	0.0	173	2	1093	0.0018298261665141812
CUFF_NC.5702	3	8036525	8037265	+	0	0	0		27	0	178	0.0	198	3	1309	0.002291825821237586
CUFF_NC.5703	3	8039572	8040221	+	0	0	0		21	1	153	0.006535947712418301	148	2	1029	0.001943634596695821
CUFF_NC.5704	3	8084307	8085670	+	0	0	0		73	2	476	0.004201680672268907	369	1	2643	0.00037835792659856227
CUFF_NC.5706	3	8118399	8118826	+	0	0	0		33	2	182	0.01098901098901099	105	0	599	0.0
CUFF_NC.5707	3	8140688	8141381	-	0	0	0		63	0	302	0.0	170	1	760	0.0013157894736842105
CUFF_NC.5709	3	8150648	8154068	-	0	0	0		158	24	830	0.02891566265060241	732	23	3783	0.006079830822098863
CUFF_NC.5710	3	8151844	8152250	-	0	0	0		14	1	87	0.011494252873563218	85	0	378	0.0
CUFF_NC.5708	3	8172477	8174131	-	0	0	0		107	0	516	0.0	423	1	1779	0.0005621135469364812
CUFF_NC.5711	3	8180941	8182041	+	0	0	0		36	0	158	0.0	344	4	1324	0.0030211480362537764
CUFF_NC.5712	3	8195868	8196280	-	0	0	0		9	1	67	0.014925373134328358	110	0	761	0.0
CUFF_NC.5713	3	8203478	8204456	-	0	0	0		45	1	216	0.004629629629629629	302	3	978	0.003067484662576687
CUFF_NC.5719	3	8225326	8226387	-	0	0	0		43	0	242	0.0	269	4	1608	0.0024875621890547263
CUFF_NC.5720	3	8226387	8227014	-	0	0	0		27	0	153	0.0	145	1	810	0.0012345679012345679
CUFF_NC.5721	3	8232839	8233917	+	0	0	0		44	27	252	0.10714285714285714	298	21	1705	0.012316715542521995
CUFF_NC.5715	3	8247819	8248474	+	0	0	0		4	12	24	0.5	46	37	263	0.14068441064638784
CUFF_NC.5716	3	8247831	8248407	-	0	0	0		4	12	24	0.5	34	33	164	0.20121951219512196
CUFF_NC.5714	3	8263478	8263835	-	0	0	0		17	9	115	0.0782608695652174	75	2	541	0.0036968576709796672
CUFF_NC.5717	3	8268060	8268718	+	0	0	0		56	1	216	0.004629629629629629	120	0	546	0.0
CUFF_NC.5718	3	8280017	8280433	-	0	0	0		22	0	122	0.0	95	2	589	0.003395585738539898
CUFF_NC.5722	3	8295548	8296432	-	0	0	0		52	0	315	0.0	238	2	1301	0.0015372790161414297
CUFF_NC.5723	3	8315490	8315891	-	0	0	0		11	0	94	0.0	96	0	818	0.0
CUFF_NC.5725	3	8335307	8335804	-	0	0	0		42	0	281	0.0	139	1	938	0.0010660980810234541
CUFF_NC.5727	3	8343004	8343639	-	0	0	0		37	0	221	0.0	174	1	1023	0.0009775171065493646
CUFF_NC.5724	3	8344525	8345236	-	0	0	0		16	0	102	0.0	79	1	376	0.0026595744680851063
CUFF_NC.5726	3	8347168	8349061	-	0	0	0		114	2	556	0.0035971223021582736	564	6	2545	0.002357563850687623
CUFF_NC.5728	3	8366870	8367412	+	0	0	0		12	12	61	0.19672131147540983	120	15	743	0.020188425302826378
CUFF_NC.5729	3	8368293	8373197	-	0	0	0		99	68	514	0.13229571984435798	1042	76	5879	0.012927368600102058
CUFF_NC.5731	3	8369493	8373022	+	0	0	0		74	51	369	0.13821138211382114	769	49	4178	0.011728099569171853
CUFF_NC.5730	3	8374294	8374910	-	0	0	0		39	53	115	0.4608695652173913	139	10	399	0.02506265664160401
CUFF_NC.5736	3	8382556	8383796	-	0	0	0		71	2	456	0.0043859649122807015	294	2	1883	0.0010621348911311736
CUFF_NC.5737	3	8384501	8385904	-	0	0	0		123	1	536	0.0018656716417910447	396	1	1464	0.0006830601092896175
CUFF_NC.5735	3	8386931	8387397	+	0	0	0		19	1	108	0.009259259259259259	133	3	784	0.003826530612244898
CUFF_NC.5732	3	8404818	8405518	+	0	0	0		37	1	205	0.004878048780487805	139	0	676	0.0
CUFF_NC.5733	3	8408118	8409403	-	0	0	0		2	0	4	0.0	33	0	86	0.0
CUFF_NC.5734	3	8408128	8408913	+	0	0	0		2	0	4	0.0	33	0	86	0.0
CUFF_NC.5739	3	8412991	8413327	-	0	0	0		15	0	72	0.0	92	0	481	0.0
CUFF_NC.5744	3	8421176	8421654	-	0	0	0		25	0	173	0.0	96	0	571	0.0
CUFF_NC.5757	3	8443188	8443810	-	0	0	0		13	0	92	0.0	131	2	628	0.0031847133757961785
CUFF_NC.5758	3	8443974	8444244	-	0	0	0		24	0	195	0.0	65	1	482	0.002074688796680498
CUFF_NC.5759	3	8448845	8454981	+	0	0	0		215	58	1294	0.04482225656877898	1573	30	9329	0.003215778754421696
CUFF_NC.5760	3	8450335	8450992	+	0	0	0		24	0	128	0.0	191	2	896	0.002232142857142857
CUFF_NC.5742	3	8475276	8475720	-	0	0	0		31	0	256	0.0	122	1	890	0.0011235955056179776
CUFF_NC.5738	3	8476550	8477285	-	0	0	0		45	1	287	0.003484320557491289	157	1	1104	0.0009057971014492754
CUFF_NC.5741	3	8488712	8489152	-	0	0	0		14	0	60	0.0	136	2	662	0.0030211480362537764
CUFF_NC.5740	3	8495376	8496074	+	0	0	0		35	1	198	0.005050505050505051	163	1	954	0.0010482180293501049
CUFF_NC.5743	3	8522776	8523109	-	0	0	0		26	0	168	0.0	108	0	671	0.0
CUFF_NC.5746	3	8529904	8531308	+	0	0	0		66	0	455	0.0	397	5	2323	0.002152389151958674
CUFF_NC.5748	3	8542436	8543481	-	0	0	0		9	2	24	0.08333333333333333	161	86	398	0.21608040201005024
CUFF_NC.5745	3	8547385	8548140	+	0	0	0		22	64	144	0.4444444444444444	196	153	1307	0.117061973986228
CUFF_NC.5747	3	8559277	8560574	-	0	0	0		83	0	412	0.0	425	5	1911	0.0026164311878597592
CUFF_NC.5750	3	8573400	8573796	+	0	0	0		27	0	171	0.0	127	2	768	0.0026041666666666665
CUFF_NC.5749	3	8586391	8586899	-	0	0	0		32	0	167	0.0	126	3	705	0.00425531914893617
CUFF_NC.5752	3	8603179	8605462	-	0	0	0		137	2	637	0.0031397174254317113	584	5	2644	0.0018910741301059002
CUFF_NC.5751	3	8611035	8612655	-	0	0	0		123	1	561	0.0017825311942959	424	1	1732	0.0005773672055427252
CUFF_NC.5754	3	8616906	8617767	+	0	0	0		68	0	306	0.0	237	1	1163	0.0008598452278589854
CUFF_NC.5756	3	8622302	8623187	+	0	0	0		48	0	280	0.0	278	2	1576	0.0012690355329949238
CUFF_NC.5755	3	8632745	8633894	+	0	0	0		87	3	609	0.0049261083743842365	323	3	2069	0.0014499758337361043
CUFF_NC.5753	3	8641074	8642576	-	0	0	0		59	0	323	0.0	367	5	1582	0.0031605562579013905
CUFF_NC.5761	3	8686086	8686700	-	0	0	0		34	0	176	0.0	133	1	633	0.001579778830963665
CUFF_NC.5762	3	8686801	8687663	-	0	0	0		76	0	292	0.0	196	1	806	0.0012406947890818859
CUFF_NC.5763	3	8693358	8694451	-	0	0	0		73	3	404	0.007425742574257425	290	0	1347	0.0
CUFF_NC.5766	3	8705737	8706367	+	0	0	0		42	0	232	0.0	203	2	1198	0.001669449081803005
CUFF_NC.5767	3	8707806	8708388	+	0	0	0		41	1	212	0.0047169811320754715	149	2	670	0.0029850746268656717
CUFF_NC.5764	3	8725479	8725986	+	0	0	0		35	0	192	0.0	128	2	645	0.0031007751937984496
CUFF_NC.5774	3	8738127	8739203	+	0	0	0		77	1	515	0.001941747572815534	291	9	1975	0.004556962025316456
CUFF_NC.5771	3	8747266	8747656	-	0	0	0		46	1	301	0.0033222591362126247	102	1	617	0.0016207455429497568
CUFF_NC.5765	3	8768875	8769332	-	0	0	0		23	1	158	0.006329113924050633	128	1	844	0.001184834123222749
CUFF_NC.5768	3	8770826	8771389	-	0	0	0		27	2	215	0.009302325581395349	129	4	959	0.004171011470281543
CUFF_NC.5769	3	8786654	8787165	-	0	0	0		30	0	125	0.0	179	2	627	0.003189792663476874
CUFF_NC.5772	3	8789352	8790954	-	0	0	0		24	0	68	0.0	77	0	253	0.0
CUFF_NC.5770	3	8797808	8798212	-	0	0	0		20	0	182	0.0	102	1	837	0.0011947431302270011
CUFF_NC.5773	3	8863283	8864957	+	0	0	0		68	1	463	0.0021598272138228943	430	10	2953	0.0033863867253640365
CUFF_NC.5776	3	8878070	8878361	+	0	0	0		13	0	76	0.0	72	1	441	0.0022675736961451248
CUFF_NC.5782	3	8910137	8912171	-	0	0	0		103	1	704	0.0014204545454545455	598	7	3451	0.002028397565922921
CUFF_NC.5775	3	8922887	8923363	+	0	0	0		22	1	92	0.010869565217391304	98	0	386	0.0
CUFF_NC.5781	3	8931652	8934361	-	0	0	0		59	1	262	0.003816793893129771	295	4	1430	0.002797202797202797
CUFF_NC.5780	3	8934536	8936505	+	0	0	0		91	0	413	0.0	421	3	1674	0.0017921146953405018
CUFF_NC.5777	3	8948767	8949743	-	0	0	0		11	0	26	0.0	64	0	125	0.0
CUFF_NC.5779	3	8951880	8952572	-	0	0	0		17	0	90	0.0	180	0	696	0.0
CUFF_NC.5778	3	8956052	8956963	-	0	0	0		43	104	176	0.5909090909090909	230	46	960	0.04791666666666667
CUFF_NC.5783	3	8977221	8978121	-	0	0	0		58	51	233	0.21888412017167383	282	172	1224	0.14052287581699346
CUFF_NC.5784	3	8977388	8978315	+	0	0	0		52	21	213	0.09859154929577464	268	58	1216	0.047697368421052634
CUFF_NC.5788	3	9008570	9008864	+	0	0	0		5	0	26	0.0	81	0	394	0.0
CUFF_NC.5791	3	9032613	9033656	-	0	0	0		83	0	357	0.0	304	2	1285	0.0015564202334630351
CUFF_NC.5789	3	9040068	9040626	-	0	0	0		21	0	102	0.0	162	1	445	0.0022471910112359553
CUFF_NC.5786	3	9042205	9042970	+	0	0	0		39	1	243	0.00411522633744856	213	2	1307	0.001530221882172915
CUFF_NC.5787	3	9049470	9049806	-	0	0	0		21	35	55	0.6363636363636364	65	33	178	0.1853932584269663
CUFF_NC.5800	3	9067465	9067900	-	0	0	0		9	0	41	0.0	79	1	332	0.0030120481927710845
CUFF_NC.5801	3	9073389	9074496	-	0	0	0		67	0	318	0.0	282	2	1142	0.0017513134851138354
CUFF_NC.5793	3	9091330	9091633	+	0	0	0		15	0	127	0.0	51	2	413	0.004842615012106538
CUFF_NC.5818	3	9099174	9102450	+	0	0	0		134	3	868	0.0034562211981566822	861	7	4630	0.001511879049676026
CUFF_NC.5820	3	9122145	9123440	-	0	0	0		76	1	380	0.002631578947368421	255	3	1236	0.0024271844660194173
CUFF_NC.5792	3	9132096	9132573	-	0	0	0		10	0	65	0.0	115	0	465	0.0
CUFF_NC.5795	3	9152795	9153771	-	0	0	0		25	1	167	0.005988023952095809	293	1	1328	0.0007530120481927711
CUFF_NC.5802	3	9155708	9156380	-	0	0	0		40	0	295	0.0	182	1	1240	0.0008064516129032258
CUFF_NC.5797	3	9163471	9163881	+	0	0	0		15	0	132	0.0	109	4	644	0.006211180124223602
CUFF_NC.5798	3	9164087	9165156	-	0	0	0		5	0	14	0.0	43	0	114	0.0
CUFF_NC.5799	3	9164514	9165310	+	0	0	0		3	0	3	0.0	19	0	26	0.0
CUFF_NC.5803	3	9170120	9170766	+	0	0	0		42	0	215	0.0	190	5	1011	0.004945598417408506
CUFF_NC.5804	3	9195718	9196436	-	0	0	0		47	0	229	0.0	159	0	784	0.0
CUFF_NC.5807	3	9221940	9225462	-	0	0	0		268	2	1638	0.001221001221001221	946	3	5300	0.0005660377358490566
CUFF_NC.5806	3	9251698	9255175	+	0	0	0		222	0	1105	0.0	967	9	4561	0.0019732514799386098
CUFF_NC.5808	3	9269416	9270312	+	0	0	0		56	0	364	0.0	283	3	1698	0.0017667844522968198
CUFF_NC.5811	3	9295165	9296244	-	0	0	0		37	1	231	0.004329004329004329	291	5	1857	0.0026925148088314485
CUFF_NC.5809	3	9305721	9306522	-	0	0	0		16	0	95	0.0	229	0	1266	0.0
CUFF_NC.5810	3	9307262	9307893	-	0	0	0		48	0	209	0.0	126	1	533	0.001876172607879925
CUFF_NC.5814	3	9318535	9319690	+	0	0	0		70	0	317	0.0	302	0	1307	0.0
CUFF_NC.5812	3	9320061	9320748	-	0	0	0		24	0	158	0.0	141	3	924	0.003246753246753247
CUFF_NC.5813	3	9320909	9323051	+	0	0	0		50	33	292	0.11301369863013698	495	134	2898	0.04623878536922015
CUFF_NC.5829	3	9354382	9355057	-	0	0	0		41	0	225	0.0	181	2	850	0.002352941176470588
CUFF_NC.5830	3	9355230	9356615	-	0	0	0		99	2	443	0.004514672686230248	434	7	1946	0.0035971223021582736
CUFF_NC.5831	3	9356901	9357524	-	0	0	0		45	0	317	0.0	156	2	1195	0.0016736401673640166
CUFF_NC.5821	3	9358626	9360379	-	0	0	0		122	0	525	0.0	364	2	1362	0.0014684287812041115
CUFF_NC.5817	3	9375176	9375933	+	0	0	0		18	0	109	0.0	222	0	1145	0.0
CUFF_NC.5815	3	9378643	9379163	-	0	0	0		49	200	393	0.5089058524173028	128	64	973	0.065775950668037
CUFF_NC.5816	3	9378674	9379092	+	0	0	0		42	182	345	0.527536231884058	106	46	766	0.06005221932114883
CUFF_NC.5826	3	9396763	9397060	-	0	0	0		16	0	84	0.0	56	0	266	0.0
CUFF_NC.5823	3	9403834	9407213	-	0	0	0		131	47	895	0.05251396648044693	847	141	5328	0.026463963963963964
CUFF_NC.5824	3	9404464	9411714	-	0	0	0		307	49	2073	0.02363724071394115	1728	150	11366	0.013197254970966039
CUFF_NC.5822	3	9414489	9415022	-	0	0	0		23	0	102	0.0	121	4	648	0.006172839506172839
CUFF_NC.5825	3	9417486	9418798	-	0	0	0		35	0	287	0.0	281	5	2248	0.002224199288256228
CUFF_NC.5841	3	9452780	9453163	+	0	0	0		33	0	161	0.0	117	1	593	0.0016863406408094434
CUFF_NC.5842	3	9455829	9457499	+	0	0	0		100	0	552	0.0	432	2	1880	0.0010638297872340426
CUFF_NC.5827	3	9463303	9464708	+	0	0	0		88	1	375	0.0026666666666666666	271	1	1107	0.0009033423667570009
CUFF_NC.5828	3	9470387	9471162	+	0	0	0		51	0	254	0.0	165	4	852	0.004694835680751174
CUFF_NC.5832	3	9486282	9486973	+	0	0	0		29	0	153	0.0	178	3	990	0.0030303030303030303
CUFF_NC.5833	3	9506039	9506912	+	0	0	0		34	0	228	0.0	246	2	1645	0.0012158054711246201
CUFF_NC.5835	3	9517725	9518825	-	0	0	0		61	1	421	0.0023752969121140144	321	5	2018	0.002477700693756194
CUFF_NC.5836	3	9519621	9520480	-	0	0	0		77	0	499	0.0	232	3	1413	0.0021231422505307855
CUFF_NC.5834	3	9525772	9526258	-	0	0	0		34	1	167	0.005988023952095809	147	1	754	0.001326259946949602
CUFF_NC.5847	3	9526618	9529356	-	0	0	0		133	0	615	0.0	486	1	2187	0.0004572473708276177
CUFF_NC.5848	3	9527392	9530621	-	0	0	0		129	1	560	0.0017857142857142857	574	2	2618	0.0007639419404125286
CUFF_NC.5837	3	9550281	9550842	-	0	0	0		2	0	10	0.0	11	0	45	0.0
CUFF_NC.5839	3	9555055	9555747	+	0	0	0		43	0	233	0.0	152	1	998	0.001002004008016032
CUFF_NC.5857	3	9556134	9556541	+	0	0	0		22	2	81	0.024691358024691357	81	0	305	0.0
CUFF_NC.5840	3	9561804	9563290	+	0	0	0		44	1	289	0.0034602076124567475	364	2	2389	0.0008371703641691084
CUFF_NC.5852	3	9565086	9567493	+	0	0	0		146	5	792	0.006313131313131313	592	7	3117	0.002245749117741418
CUFF_NC.5853	3	9568337	9574070	+	0	0	0		276	4	1602	0.0024968789013732834	1433	54	8299	0.00650680804916255
CUFF_NC.5854	3	9570340	9580163	+	0	0	0		390	41	1874	0.021878335112059766	1863	76	9270	0.00819848975188781
CUFF_NC.5844	3	9590322	9591043	-	0	0	0		33	0	198	0.0	179	1	1077	0.0009285051067780873
CUFF_NC.5850	3	9591610	9595304	+	0	0	0		129	2	740	0.002702702702702703	747	6	4116	0.0014577259475218659
CUFF_NC.5851	3	9595518	9600151	+	0	0	0		243	23	1518	0.015151515151515152	1223	38	7589	0.005007247331664251
CUFF_NC.5849	3	9605757	9607108	+	0	0	0		102	3	1688	0.0017772511848341231	372	10	5408	0.0018491124260355029
CUFF_NC.5845	3	9608396	9608833	+	0	0	0		5	2	12	0.16666666666666666	9	0	16	0.0
CUFF_NC.5846	3	9608841	9610362	-	0	0	0		0	0	0		7	0	7	0.0
CUFF_NC.5856	3	9627659	9631616	+	0	0	0		175	16	930	0.017204301075268817	929	21	4429	0.004741476631293746
CUFF_NC.5861	3	9632695	9633493	+	0	0	0		37	0	238	0.0	227	3	1396	0.002148997134670487
CUFF_NC.5862	3	9636717	9641759	+	0	0	0		270	1	1437	0.0006958942240779402	1293	12	6478	0.0018524235875270144
CUFF_NC.5863	3	9637453	9642794	+	0	0	0		289	1	1547	0.0006464124111182935	1369	16	6883	0.0023245677756792097
CUFF_NC.5858	3	9644770	9647486	+	0	0	0		142	3	928	0.003232758620689655	664	5	4055	0.0012330456226880395
CUFF_NC.5859	3	9646581	9647328	+	0	0	0		32	0	204	0.0	163	1	914	0.0010940919037199124
CUFF_NC.5860	3	9658170	9658595	-	0	0	0		29	0	231	0.0	104	0	695	0.0
CUFF_NC.5864	3	9672506	9673070	-	0	0	0		53	1	304	0.003289473684210526	197	3	957	0.003134796238244514
CUFF_NC.5865	3	9674344	9675432	-	0	0	0		60	1	380	0.002631578947368421	250	4	1197	0.003341687552213868
CUFF_NC.5866	3	9720252	9720673	+	0	0	0		14	0	67	0.0	93	1	338	0.0029585798816568047
CUFF_NC.5869	3	9752148	9753762	+	0	0	0		101	1	534	0.0018726591760299626	436	1	1945	0.0005141388174807198
CUFF_NC.5868	3	9755988	9758563	-	0	0	0		178	0	783	0.0	789	4	3402	0.0011757789535567313
CUFF_NC.5867	3	9758827	9759393	-	0	0	0		34	0	201	0.0	102	1	550	0.0018181818181818182
CUFF_NC.5872	3	9761757	9762000	+	0	0	0		6	0	35	0.0	61	0	351	0.0
CUFF_NC.5873	3	9764822	9765575	+	0	0	0		32	0	193	0.0	184	3	1051	0.0028544243577545195
CUFF_NC.5870	3	9768510	9769084	+	0	0	0		21	0	90	0.0	163	0	687	0.0
CUFF_NC.5871	3	9769716	9771396	-	0	0	0		98	2	514	0.0038910505836575876	435	6	2224	0.002697841726618705
CUFF_NC.5878	3	9785292	9786449	+	0	0	0		87	348	465	0.7483870967741936	294	171	1465	0.1167235494880546
CUFF_NC.5880	3	9789626	9790290	-	0	0	0		41	0	288	0.0	188	2	1205	0.0016597510373443983
CUFF_NC.5891	3	9793230	9794425	-	0	0	0		88	1	434	0.002304147465437788	346	6	1933	0.0031039834454216243
CUFF_NC.5877	3	9809596	9810210	-	0	0	0		32	0	112	0.0	144	1	436	0.0022935779816513763
CUFF_NC.5874	3	9813513	9813938	-	0	0	0		31	0	209	0.0	118	0	794	0.0
CUFF_NC.5881	3	9822662	9823175	-	0	0	0		34	1	229	0.004366812227074236	136	1	702	0.0014245014245014246
CUFF_NC.5876	3	9825916	9827555	-	0	0	0		99	0	545	0.0	455	10	2460	0.0040650406504065045
CUFF_NC.5875	3	9827761	9828550	-	0	0	0		50	0	300	0.0	181	3	966	0.003105590062111801
CUFF_NC.5882	3	9832653	9835374	+	0	0	0		168	0	815	0.0	770	7	3627	0.0019299696719051558
CUFF_NC.5883	3	9864472	9864874	-	0	0	0		21	0	135	0.0	97	0	572	0.0
CUFF_NC.5884	3	9873739	9874150	-	0	0	0		27	1	180	0.005555555555555556	107	3	559	0.005366726296958855
CUFF_NC.5885	3	9874255	9875408	-	0	0	0		34	41	242	0.16942148760330578	306	19	1968	0.009654471544715448
CUFF_NC.5886	3	9875503	9878516	+	0	0	0		91	3	662	0.004531722054380665	753	11	5418	0.002030269472129937
CUFF_NC.5889	3	9887934	9889557	-	0	0	0		112	2	685	0.00291970802919708	462	7	2638	0.00265352539802881
CUFF_NC.5888	3	9898746	9899612	+	0	0	0		51	1	263	0.0038022813688212928	283	7	1447	0.0048375950241879755
CUFF_NC.5890	3	9899860	9906809	+	0	0	0		197	287	1362	0.21071953010279001	1659	374	11233	0.033294756520965016
CUFF_NC.5892	3	9915597	9917195	+	0	0	0		143	1	738	0.0013550135501355014	461	4	2133	0.001875293014533521
CUFF_NC.5893	3	9918262	9918939	+	0	0	0		24	0	121	0.0	162	0	778	0.0
CUFF_NC.5894	3	9921382	9922066	-	0	0	0		33	0	172	0.0	197	2	989	0.0020222446916076846
CUFF_NC.5895	3	9928826	9932368	+	0	0	0		185	2	1188	0.0016835016835016834	966	13	5861	0.002218051527043167
CUFF_NC.5896	3	9932841	9933451	+	0	0	0		46	0	208	0.0	152	0	641	0.0
CUFF_NC.5897	3	9941228	9941508	+	0	0	0		31	0	150	0.0	77	1	350	0.002857142857142857
CUFF_NC.5898	3	9979916	9982533	+	0	0	0		96	0	601	0.0	570	5	3478	0.001437607820586544
CUFF_NC.5899	3	10004767	10005579	+	0	0	0		9	14	45	0.3111111111111111	95	25	463	0.05399568034557235
CUFF_NC.5917	3	10031917	10032346	-	0	0	0		26	81	156	0.5192307692307693	101	45	548	0.08211678832116788
CUFF_NC.5916	3	10035383	10035668	+	0	0	0		28	0	157	0.0	69	0	404	0.0
CUFF_NC.5906	3	10042693	10043165	+	0	0	0		25	0	82	0.0	91	0	277	0.0
CUFF_NC.5901	3	10043487	10043964	+	0	0	0		22	0	87	0.0	115	1	540	0.001851851851851852
CUFF_NC.5904	3	10047316	10050153	+	0	0	0		67	23	408	0.056372549019607844	572	93	3806	0.024435102469784552
CUFF_NC.5905	3	10054562	10055328	-	0	0	0		45	0	267	0.0	222	1	1038	0.0009633911368015414
CUFF_NC.5903	3	10061040	10062982	-	0	0	0		92	30	540	0.05555555555555555	417	21	2390	0.008786610878661089
CUFF_NC.5902	3	10063960	10066055	+	0	0	0		46	3	304	0.009868421052631578	442	6	2461	0.002438033319788704
CUFF_NC.5911	3	10071805	10072639	-	0	0	0		58	2	336	0.005952380952380952	227	5	1296	0.0038580246913580245
CUFF_NC.5907	3	10072954	10074024	-	0	0	0		61	2	364	0.005494505494505495	201	2	1044	0.0019157088122605363
CUFF_NC.5912	3	10086165	10086650	+	0	0	0		24	0	178	0.0	115	2	840	0.002380952380952381
CUFF_NC.5908	3	10088856	10089339	+	0	0	0		26	1	115	0.008695652173913044	118	1	596	0.0016778523489932886
CUFF_NC.5928	3	10094777	10095367	-	0	0	0		34	0	211	0.0	118	2	657	0.0030441400304414
CUFF_NC.5910	3	10106306	10111479	-	0	0	0		127	464	819	0.5665445665445665	557	298	2717	0.1096797938903202
CUFF_NC.5909	3	10109060	10109693	-	0	0	0		37	166	283	0.5865724381625441	104	73	744	0.09811827956989247
CUFF_NC.5915	3	10118713	10121068	+	0	0	0		173	1	864	0.0011574074074074073	501	2	2575	0.0007766990291262136
CUFF_NC.5913	3	10129335	10129980	+	0	0	0		45	0	224	0.0	185	1	1010	0.0009900990099009901
CUFF_NC.5914	3	10131043	10131480	+	0	0	0		23	0	108	0.0	124	2	608	0.003289473684210526
CUFF_NC.5918	3	10145179	10146081	+	0	0	0		32	46	162	0.2839506172839506	209	23	956	0.02405857740585774
CUFF_NC.5920	3	10154202	10155166	-	0	0	0		48	2	215	0.009302325581395349	231	0	951	0.0
CUFF_NC.5932	3	10164286	10164794	-	0	0	0		36	2	190	0.010526315789473684	143	3	716	0.004189944134078212
CUFF_NC.5933	3	10166358	10166804	-	0	0	0		25	0	145	0.0	104	1	529	0.001890359168241966
CUFF_NC.5923	3	10178985	10190378	+	0	0	0		313	17	1623	0.010474430067775724	2360	60	12654	0.00474158368895211
CUFF_NC.5927	3	10193635	10194300	+	0	0	0		47	1	217	0.004608294930875576	189	1	824	0.0012135922330097086
CUFF_NC.5919	3	10207507	10208932	+	0	0	0		96	12	675	0.017777777777777778	378	6	2192	0.002737226277372263
CUFF_NC.5921	3	10221098	10221896	-	0	0	0		37	1	176	0.005681818181818182	184	0	1074	0.0
CUFF_NC.5922	3	10222385	10223001	+	0	0	0		35	134	217	0.6175115207373272	162	96	863	0.11123986095017381
CUFF_NC.5931	3	10223419	10226381	+	0	0	0		158	304	967	0.31437435367114785	811	195	4579	0.04258571740554706
CUFF_NC.5929	3	10234590	10235626	-	0	0	0		74	0	509	0.0	270	6	1888	0.0031779661016949155
CUFF_NC.5925	3	10235772	10236632	-	0	0	0		7	0	48	0.0	177	3	896	0.0033482142857142855
CUFF_NC.5926	3	10239876	10240420	-	0	0	0		44	1	209	0.004784688995215311	149	1	655	0.0015267175572519084
CUFF_NC.5930	3	10244121	10244923	-	0	0	0		58	1	287	0.003484320557491289	221	3	1169	0.0025662959794696323
CUFF_NC.5936	3	10272180	10272786	-	0	0	0		19	0	109	0.0	197	0	939	0.0
CUFF_NC.5934	3	10299906	10300741	-	0	0	0		26	38	118	0.3220338983050847	221	38	1124	0.033807829181494664
CUFF_NC.5935	3	10300298	10300913	+	0	0	0		21	33	98	0.336734693877551	178	41	817	0.05018359853121175
CUFF_NC.5939	3	10303812	10306631	-	0	0	0		55	1	344	0.0029069767441860465	677	11	4262	0.002580947911778508
CUFF_NC.5940	3	10309424	10310302	-	0	0	0		32	0	140	0.0	221	5	1298	0.003852080123266564
CUFF_NC.5941	3	10323497	10325308	-	0	0	0		91	1	471	0.0021231422505307855	496	5	2570	0.0019455252918287938
CUFF_NC.5937	3	10328426	10329216	-	0	0	0		24	0	162	0.0	237	1	1632	0.0006127450980392157
CUFF_NC.5943	3	10338167	10339158	-	0	0	0		52	0	295	0.0	235	3	1149	0.0026109660574412533
CUFF_NC.5946	3	10352910	10356685	+	0	0	0		99	0	477	0.0	641	3	2979	0.0010070493454179255
CUFF_NC.5942	3	10357511	10358576	+	0	0	0		30	0	194	0.0	291	2	1757	0.0011383039271485487
CUFF_NC.5948	3	10373263	10374572	-	0	0	0		30	1	155	0.0064516129032258064	337	7	1933	0.0036213140196585617
CUFF_NC.5944	3	10381824	10382359	+	0	0	0		29	0	143	0.0	174	0	541	0.0
CUFF_NC.5945	3	10389541	10390737	-	0	0	0		37	1	194	0.005154639175257732	345	6	1763	0.003403289846851957
CUFF_NC.5951	3	10430209	10431212	-	0	0	0		56	0	322	0.0	205	2	817	0.0024479804161566705
CUFF_NC.5947	3	10436394	10438392	-	0	0	0		158	1	871	0.001148105625717566	549	5	3020	0.0016556291390728477
CUFF_NC.5972	3	10448321	10452371	-	0	0	0		135	1	612	0.0016339869281045752	743	4	3346	0.001195457262402869
CUFF_NC.5973	3	10458817	10460156	-	0	0	0		56	0	241	0.0	313	2	1468	0.0013623978201634877
CUFF_NC.5957	3	10465594	10465951	-	0	0	0		18	0	93	0.0	99	0	633	0.0
CUFF_NC.5949	3	10474799	10475932	-	0	0	0		26	3	116	0.02586206896551724	237	1	1114	0.0008976660682226212
CUFF_NC.5950	3	10476129	10477159	-	0	0	0		17	51	124	0.4112903225806452	181	89	830	0.10722891566265061
CUFF_NC.6340	3	10477909	10486455	+	0	0	0		465	1023	2217	0.4614343707713126	1967	766	9290	0.08245425188374596
CUFF_NC.5954	3	10494339	10495009	-	0	0	0		6	0	36	0.0	37	0	219	0.0
CUFF_NC.5955	3	10500299	10501076	-	0	0	0		8	0	58	0.0	52	0	267	0.0
CUFF_NC.5953	3	10514578	10515198	+	0	0	0		41	83	228	0.36403508771929827	148	36	956	0.03765690376569038
CUFF_NC.5956	3	10517941	10518973	-	0	0	0		61	1	331	0.0030211480362537764	286	2	1338	0.0014947683109118087
CUFF_NC.5959	3	10529445	10530498	-	0	0	0		7	1	15	0.06666666666666667	51	1	64	0.015625
CUFF_NC.5958	3	10530739	10532798	+	0	0	0		86	257	461	0.5574837310195228	538	405	3024	0.13392857142857142
CUFF_NC.5967	3	10538558	10539906	-	0	0	0		74	0	329	0.0	315	2	1255	0.0015936254980079682
CUFF_NC.5966	3	10590325	10590782	+	0	0	0		16	0	99	0.0	107	0	534	0.0
CUFF_NC.5968	3	10592856	10593510	-	0	0	0		11	6	69	0.08695652173913043	128	47	741	0.06342780026990553
CUFF_NC.5971	3	10593724	10595291	+	0	0	0		107	1	643	0.0015552099533437014	427	6	2449	0.002449979583503471
CUFF_NC.5969	3	10599589	10600088	+	0	0	0		22	0	113	0.0	108	4	609	0.006568144499178982
CUFF_NC.5970	3	10604685	10605615	-	0	0	0		21	7	78	0.08974358974358974	154	1	672	0.001488095238095238
CUFF_NC.5979	3	10622019	10622385	-	0	0	0		29	0	178	0.0	102	3	638	0.004702194357366771
CUFF_NC.5977	3	10654605	10655007	+	0	0	0		16	0	89	0.0	120	2	650	0.003076923076923077
CUFF_NC.5978	3	10662973	10663749	-	0	0	0		35	2	180	0.011111111111111112	179	4	936	0.004273504273504274
CUFF_NC.5980	3	10675146	10675865	+	0	0	0		47	0	338	0.0	217	2	1461	0.0013689253935660506
CUFF_NC.5981	3	10691151	10691641	+	0	0	0		16	0	72	0.0	118	0	523	0.0
CUFF_NC.6080	3	10700706	10703883	+	0	0	0		77	90	274	0.3284671532846715	948	87	2663	0.032669921141569656
CUFF_NC.5983	3	10707554	10708420	-	0	0	0		42	2	243	0.00823045267489712	230	1	1211	0.0008257638315441783
CUFF_NC.5984	3	10711898	10712652	-	0	0	0		32	1	196	0.00510204081632653	214	1	1283	0.000779423226812159
CUFF_NC.5986	3	10715580	10717352	-	0	0	0		77	0	521	0.0	531	5	2645	0.001890359168241966
CUFF_NC.5982	3	10718346	10718966	-	0	0	0		39	97	225	0.4311111111111111	144	91	970	0.09381443298969072
CUFF_NC.5985	3	10722921	10723725	-	0	0	0		36	0	211	0.0	238	5	1396	0.0035816618911174787
CUFF_NC.5993	3	10731142	10731550	+	0	0	0		29	2	132	0.015151515151515152	111	2	487	0.004106776180698152
CUFF_NC.5990	3	10735654	10736350	-	0	0	0		43	1	345	0.002898550724637681	197	1	1443	0.000693000693000693
CUFF_NC.5987	3	10753024	10753469	+	0	0	0		25	54	97	0.5567010309278351	105	96	452	0.21238938053097345
CUFF_NC.5991	3	10753702	10755695	-	0	0	0		41	0	229	0.0	502	5	3053	0.0016377333770062235
CUFF_NC.5988	3	10758574	10759216	-	0	0	0		26	0	188	0.0	149	1	1009	0.0009910802775024777
CUFF_NC.5989	3	10767295	10768415	+	0	0	0		74	259	734	0.3528610354223433	330	129	3031	0.04256021115143517
CUFF_NC.5992	3	10782636	10784023	-	0	0	0		74	3	464	0.00646551724137931	408	5	2374	0.0021061499578770007
CUFF_NC.5996	3	10805957	10807795	+	0	0	0		223	0	739	0.0	539	4	1697	0.002357100766057749
CUFF_NC.5994	3	10809026	10809476	+	0	0	0		25	4	164	0.024390243902439025	119	9	815	0.011042944785276074
CUFF_NC.5995	3	10809073	10809455	-	0	0	0		19	4	109	0.03669724770642202	105	5	691	0.00723589001447178
CUFF_NC.5998	3	10813936	10815168	+	0	0	0		90	1	416	0.002403846153846154	403	4	1835	0.0021798365122615805
CUFF_NC.5999	3	10822309	10823943	+	0	0	0		54	5	313	0.01597444089456869	289	4	1592	0.002512562814070352
CUFF_NC.5997	3	10824246	10824981	+	0	0	0		18	0	95	0.0	180	8	1080	0.007407407407407408
CUFF_NC.6001	3	10832703	10839768	-	0	0	0		230	90	1107	0.08130081300813008	1350	103	7461	0.013805119957110307
CUFF_NC.6002	3	10832758	10838425	-	0	0	0		121	89	691	0.1287988422575977	989	99	6028	0.016423357664233577
CUFF_NC.6003	3	10834633	10835139	-	0	0	0		4	5	9	0.5555555555555556	22	7	36	0.19444444444444445
CUFF_NC.6000	3	10848955	10850047	-	0	0	0		33	0	186	0.0	301	3	1427	0.002102312543798178
CUFF_NC.6006	3	10884352	10885007	+	0	0	0		41	169	249	0.678714859437751	199	135	1127	0.11978704525288376
CUFF_NC.6007	3	10887079	10887732	+	0	0	0		51	141	248	0.5685483870967742	195	116	947	0.12249208025343189
CUFF_NC.6008	3	10887885	10889221	+	0	0	0		91	262	509	0.5147347740667977	383	218	2219	0.09824245155475439
CUFF_NC.6004	3	10889286	10889976	+	0	0	0		33	104	252	0.4126984126984127	184	71	1217	0.05834018077239113
CUFF_NC.6010	3	10897996	10898610	+	0	0	0		32	0	169	0.0	178	2	759	0.002635046113306983
CUFF_NC.6005	3	10904845	10907058	+	0	0	0		82	117	492	0.23780487804878048	485	163	3035	0.05370675453047776
CUFF_NC.6009	3	10912045	10912951	-	0	0	0		53	1	251	0.00398406374501992	251	1	1055	0.0009478672985781991
CUFF_NC.6011	3	10924627	10925758	-	0	0	0		59	0	289	0.0	273	1	1307	0.0007651109410864575
CUFF_NC.6013	3	10940348	10941897	+	0	0	0		85	0	274	0.0	346	5	1290	0.003875968992248062
CUFF_NC.6012	3	10943169	10943815	+	0	0	0		20	0	121	0.0	158	1	903	0.0011074197120708748
CUFF_NC.6014	3	10959709	10961024	+	0	0	0		49	0	267	0.0	318	14	1458	0.009602194787379973
CUFF_NC.6016	3	10993774	10994988	+	0	0	0		61	34	361	0.09418282548476455	355	4	1944	0.00205761316872428
CUFF_NC.6017	3	10995489	10996268	+	0	0	0		29	0	148	0.0	244	4	1288	0.003105590062111801
CUFF_NC.6022	3	11011913	11012762	+	0	0	0		38	0	163	0.0	164	1	822	0.0012165450121654502
CUFF_NC.6019	3	11030102	11031100	+	0	0	0		29	0	138	0.0	259	2	1432	0.0013966480446927375
CUFF_NC.6021	3	11034621	11035281	-	0	0	0		1	0	1	0.0	8	0	8	0.0
CUFF_NC.6020	3	11037887	11038822	-	0	0	0		30	1	164	0.006097560975609756	250	0	1294	0.0
CUFF_NC.6023	3	11064446	11065105	+	0	0	0		19	46	113	0.40707964601769914	117	76	539	0.14100185528756956
CUFF_NC.6026	3	11087986	11088524	-	0	0	0		22	0	90	0.0	60	0	249	0.0
CUFF_NC.6032	3	11102315	11103337	+	0	0	0		47	0	290	0.0	288	3	1929	0.0015552099533437014
CUFF_NC.6034	3	11109946	11110693	-	0	0	0		26	82	143	0.5734265734265734	148	126	861	0.14634146341463414
CUFF_NC.6035	3	11110162	11110827	+	0	0	0		20	45	86	0.5232558139534884	116	67	538	0.12453531598513011
CUFF_NC.6027	3	11112397	11112960	+	0	0	0		20	27	134	0.20149253731343283	155	18	1090	0.01651376146788991
CUFF_NC.6028	3	11150492	11150907	-	0	0	0		28	0	160	0.0	124	3	740	0.004054054054054054
CUFF_NC.6031	3	11164374	11165021	+	0	0	0		31	0	173	0.0	186	1	958	0.0010438413361169101
CUFF_NC.6029	3	11189183	11189894	-	0	0	0		46	0	297	0.0	222	2	1188	0.0016835016835016834
CUFF_NC.6030	3	11191353	11192897	-	0	0	0		106	1	596	0.0016778523489932886	506	3	2604	0.001152073732718894
CUFF_NC.6041	3	11194344	11194651	+	0	0	0		13	0	72	0.0	78	0	423	0.0
CUFF_NC.6036	3	11210187	11211015	-	0	0	0		26	3	153	0.0196078431372549	220	10	1290	0.007751937984496124
CUFF_NC.6039	3	11216163	11216765	+	0	0	0		49	2	306	0.006535947712418301	148	3	848	0.003537735849056604
CUFF_NC.6037	3	11226784	11227590	-	0	0	0		28	81	147	0.5510204081632653	208	222	1289	0.17222653219550038
CUFF_NC.6038	3	11227130	11227828	+	0	0	0		33	91	182	0.5	165	95	1019	0.09322865554465162
CUFF_NC.6040	3	11229866	11230934	-	0	0	0		29	63	183	0.3442622950819672	268	56	1580	0.035443037974683546
CUFF_NC.6045	3	11238683	11239637	-	0	0	0		58	3	385	0.007792207792207792	276	1	1699	0.0005885815185403178
CUFF_NC.6042	3	11242004	11243921	+	0	0	0		34	48	245	0.19591836734693877	452	61	3539	0.01723650748799096
CUFF_NC.6043	3	11265694	11266123	-	0	0	0		16	24	106	0.22641509433962265	69	37	488	0.07581967213114754
CUFF_NC.6044	3	11278373	11279001	-	0	0	0		29	0	111	0.0	151	2	573	0.0034904013961605585
CUFF_NC.6079	3	11293589	11294656	-	0	0	0		66	1	313	0.003194888178913738	299	5	1339	0.0037341299477221808
CUFF_NC.6046	3	11298912	11299574	+	0	0	0		26	0	148	0.0	191	3	890	0.0033707865168539327
CUFF_NC.6047	3	11324902	11326018	+	0	0	0		67	495	1022	0.4843444227005871	301	500	5005	0.0999000999000999
CUFF_NC.6048	3	11358628	11359122	-	0	0	0		14	0	81	0.0	92	0	452	0.0
CUFF_NC.6049	3	11368572	11371314	+	0	0	0		128	191	599	0.31886477462437396	590	117	2740	0.0427007299270073
CUFF_NC.6050	3	11382249	11384472	+	0	0	0		72	0	305	0.0	581	8	2815	0.002841918294849023
CUFF_NC.6054	3	11403228	11403719	-	0	0	0		36	42	146	0.2876712328767123	114	28	545	0.05137614678899083
CUFF_NC.6056	3	11403742	11404289	+	0	0	0		33	64	187	0.3422459893048128	157	68	804	0.0845771144278607
CUFF_NC.6055	3	11403832	11404292	-	0	0	0		32	64	185	0.34594594594594597	125	58	653	0.0888208269525268
CUFF_NC.6062	3	11413019	11414259	+	0	0	0		81	127	314	0.40445859872611467	258	107	1027	0.10418695228821812
CUFF_NC.6061	3	11423736	11424243	-	0	0	0		8	6	14	0.42857142857142855	44	10	68	0.14705882352941177
CUFF_NC.6057	3	11424457	11425157	-	0	0	0		36	79	176	0.44886363636363635	188	65	950	0.06842105263157895
CUFF_NC.6058	3	11432404	11433342	-	0	0	0		28	58	173	0.3352601156069364	239	52	1305	0.03984674329501916
CUFF_NC.6059	3	11433633	11434347	-	0	0	0		25	44	141	0.3120567375886525	193	80	1145	0.06986899563318777
CUFF_NC.6063	3	11438649	11439071	-	0	0	0		9	30	59	0.5084745762711864	115	21	650	0.03230769230769231
CUFF_NC.6065	3	11447326	11448946	+	0	0	0		69	2	415	0.004819277108433735	464	6	2814	0.0021321961620469083
CUFF_NC.6064	3	11449670	11451829	-	0	0	0		105	157	590	0.26610169491525426	420	90	2250	0.04
CUFF_NC.6066	3	11452448	11453559	+	0	0	0		62	131	357	0.36694677871148457	303	101	1511	0.06684315023163467
CUFF_NC.6069	3	11480457	11481114	+	0	0	0		19	56	115	0.48695652173913045	173	119	935	0.12727272727272726
CUFF_NC.6068	3	11485053	11485525	+	0	0	0		14	13	46	0.2826086956521739	146	21	486	0.043209876543209874
CUFF_NC.6073	3	11486283	11487318	-	0	0	0		43	60	143	0.4195804195804196	241	93	994	0.09356136820925554
CUFF_NC.6075	3	11498865	11502297	-	0	0	0		107	234	683	0.34260614934114203	696	232	4236	0.05476864966949953
CUFF_NC.6070	3	11504657	11505264	-	0	0	0		24	45	146	0.3082191780821918	138	41	880	0.04659090909090909
CUFF_NC.6071	3	11509253	11510521	+	0	0	0		69	3	334	0.008982035928143712	295	4	1545	0.0025889967637540453
CUFF_NC.6072	3	11509458	11510510	-	0	0	0		56	0	278	0.0	254	3	1360	0.0022058823529411764
CUFF_NC.6074	3	11527541	11529374	-	0	0	0		94	0	400	0.0	488	5	1832	0.0027292576419213972
CUFF_NC.6078	3	11531493	11533234	+	0	0	0		85	0	429	0.0	470	5	2411	0.002073828287017835
CUFF_NC.6077	3	11542107	11542939	-	0	0	0		13	25	75	0.3333333333333333	35	21	221	0.09502262443438914
CUFF_NC.6076	3	11544975	11545599	-	0	0	0		4	2	16	0.125	44	13	116	0.11206896551724138
CUFF_NC.6090	3	11573869	11574840	-	0	0	0		3	2	3	0.6666666666666666	3	1	3	0.3333333333333333
CUFF_NC.6083	3	11645602	11646412	+	0	0	0		3	0	6	0.0	27	0	94	0.0
CUFF_NC.6089	3	11650770	11652359	-	0	0	0		12	0	42	0.0	194	1	571	0.0017513134851138354
CUFF_NC.6085	3	11662694	11664725	-	0	0	0		36	49	97	0.5051546391752577	121	41	333	0.12312312312312312
CUFF_NC.6086	3	11663724	11664128	+	0	0	0		6	15	31	0.4838709677419355	41	21	196	0.10714285714285714
CUFF_NC.6087	3	11664968	11668074	-	0	0	0		88	2	477	0.0041928721174004195	832	6	4370	0.0013729977116704805
CUFF_NC.6088	3	11669041	11669791	-	0	0	0		37	0	147	0.0	126	1	554	0.0018050541516245488
CUFF_NC.6091	3	11695898	11696898	-	0	0	0		54	0	169	0.0	178	0	565	0.0
CUFF_NC.6093	3	11702290	11702866	-	0	0	0		17	0	84	0.0	104	0	446	0.0
CUFF_NC.6092	3	11719043	11719505	+	0	0	0		12	7	14	0.5	38	2	41	0.04878048780487805
CUFF_NC.6094	3	11762053	11762537	-	0	0	0		11	23	76	0.3026315789473684	107	25	864	0.028935185185185185
CUFF_NC.6096	3	11766236	11773504	+	0	0	0		280	624	1838	0.3394994559303591	1738	636	11442	0.05558468799160986
CUFF_NC.6099	3	11800461	11801283	-	0	0	0		56	95	221	0.4298642533936652	234	58	949	0.06111696522655427
CUFF_NC.6100	3	11810534	11811501	-	0	0	0		39	1	223	0.004484304932735426	267	4	1306	0.0030627871362940277
CUFF_NC.6102	3	11812117	11812582	-	0	0	0		27	0	134	0.0	107	0	484	0.0
CUFF_NC.6098	3	11814626	11815684	+	0	0	0		24	38	145	0.2620689655172414	251	33	1532	0.02154046997389034
CUFF_NC.6101	3	11833632	11834439	+	0	0	0		34	0	230	0.0	233	3	1624	0.0018472906403940886
CUFF_NC.6103	3	11837380	11837725	+	0	0	0		13	0	78	0.0	69	0	512	0.0
CUFF_NC.6105	3	11853552	11854533	-	0	0	0		36	78	152	0.5131578947368421	272	149	1488	0.10013440860215053
CUFF_NC.6106	3	11854822	11855283	-	0	0	0		34	92	166	0.5542168674698795	133	47	702	0.06695156695156695
CUFF_NC.6107	3	11876972	11877392	-	0	0	0		17	32	81	0.3950617283950617	121	65	602	0.1079734219269103
CUFF_NC.6109	3	11892732	11893176	+	0	0	0		1	0	1	0.0	4	0	4	0.0
CUFF_NC.6108	3	11893586	11894353	+	0	0	0		17	35	83	0.42168674698795183	198	147	1144	0.1284965034965035
CUFF_NC.6110	3	11894526	11894851	+	0	0	0		10	0	58	0.0	75	1	325	0.003076923076923077
CUFF_NC.6112	3	11896000	11897447	-	0	0	0		43	76	135	0.562962962962963	221	53	615	0.08617886178861789
CUFF_NC.6113	3	11923866	11924642	+	0	0	0		24	0	129	0.0	192	0	1095	0.0
CUFF_NC.6111	3	11934594	11935621	-	0	0	0		45	101	197	0.5126903553299492	275	94	1091	0.08615948670944087
CUFF_NC.6114	3	11946102	11946678	+	0	0	0		22	23	115	0.2	159	33	837	0.03942652329749104
CUFF_NC.6119	3	11978225	11978651	+	0	0	0		20	0	99	0.0	124	0	577	0.0
CUFF_NC.6115	3	11982898	11984003	-	0	0	0		62	77	249	0.3092369477911647	221	51	957	0.05329153605015674
CUFF_NC.6116	3	11983717	11984012	+	0	0	0		25	42	66	0.6363636363636364	58	23	181	0.1270718232044199
CUFF_NC.6117	3	12041342	12043954	-	0	0	0		83	202	488	0.4139344262295082	645	417	3882	0.10741885625965997
CUFF_NC.6118	3	12060310	12064459	-	0	0	0		86	57	480	0.11875	785	283	5102	0.05546844374754998
CUFF_NC.6120	3	12159609	12160244	-	0	0	0		29	79	177	0.4463276836158192	153	66	993	0.06646525679758308
CUFF_NC.6121	3	12210450	12211560	+	0	0	0		20	34	71	0.4788732394366197	85	25	255	0.09803921568627451
CUFF_NC.6122	3	12227358	12228092	+	0	0	0		5	5	10	0.5	39	7	74	0.0945945945945946
CUFF_NC.6123	3	12236966	12237395	-	0	0	0		16	0	79	0.0	83	2	251	0.00796812749003984
CUFF_NC.6124	3	12242846	12243801	-	0	0	0		31	83	130	0.6384615384615384	249	153	795	0.19245283018867926
CUFF_NC.6125	3	12274754	12275186	-	0	0	0		21	91	130	0.7	133	54	781	0.06914212548015365
CUFF_NC.6126	3	12299131	12299828	-	0	0	0		19	15	168	0.08928571428571429	179	76	1714	0.044340723453908985
CUFF_NC.6127	3	12318019	12318572	-	0	0	0		19	29	89	0.3258426966292135	151	33	807	0.040892193308550186
CUFF_NC.6130	3	12348944	12349478	-	0	0	0		28	4	177	0.022598870056497175	121	0	716	0.0
CUFF_NC.6128	3	12386044	12387343	-	0	0	0		81	197	450	0.43777777777777777	416	208	1931	0.10771620921802175
CUFF_NC.6129	3	12389215	12389669	-	0	0	0		23	65	143	0.45454545454545453	116	47	790	0.05949367088607595
CUFF_NC.6131	3	12443275	12445143	-	0	0	0		0	0	0		18	5	18	0.2777777777777778
CUFF_NC.6134	3	12445866	12448504	-	0	0	0		113	318	708	0.4491525423728814	822	345	4543	0.07594100814439797
CUFF_NC.6135	3	12447043	12447540	-	0	0	0		17	69	134	0.5149253731343284	160	93	1151	0.08079930495221546
CUFF_NC.6136	3	12450504	12451318	+	0	0	0		46	0	209	0.0	177	0	792	0.0
CUFF_NC.6132	3	12457465	12458011	-	0	0	0		23	82	141	0.5815602836879432	120	107	731	0.146374829001368
CUFF_NC.6133	3	12458399	12459361	+	0	0	0		41	77	177	0.4350282485875706	237	83	1100	0.07545454545454545
CUFF_NC.6137	3	12471501	12473189	+	0	0	0		41	21	203	0.10344827586206896	423	67	2504	0.026757188498402557
CUFF_NC.6138	3	12487081	12487921	+	0	0	0		30	17	255	0.06666666666666667	189	27	1548	0.01744186046511628
CUFF_NC.6139	3	12534317	12534582	-	0	0	0		16	29	62	0.46774193548387094	41	10	132	0.07575757575757576
CUFF_NC.6140	3	12553227	12553755	+	0	0	0		13	30	133	0.22556390977443608	170	88	1476	0.05962059620596206
CUFF_NC.6141	3	12559299	12560076	-	0	0	0		28	4	183	0.02185792349726776	191	5	1111	0.004500450045004501
CUFF_NC.6142	3	12582540	12582801	+	0	0	0		7	10	16	0.625	46	15	119	0.12605042016806722
CUFF_NC.6143	3	12605893	12606479	+	0	0	0		29	80	189	0.42328042328042326	148	90	1015	0.08866995073891626
CUFF_NC.6145	3	12610291	12610723	+	0	0	0		27	67	121	0.5537190082644629	116	70	407	0.171990171990172
CUFF_NC.6144	3	12611096	12611945	+	0	0	0		42	4	278	0.014388489208633094	201	7	1128	0.0062056737588652485
CUFF_NC.6149	3	12612382	12613287	-	0	0	0		39	66	218	0.30275229357798167	266	116	1321	0.08781226343679031
CUFF_NC.6150	3	12620381	12621800	-	0	0	0		39	54	182	0.2967032967032967	250	81	1192	0.06795302013422819
CUFF_NC.6146	3	12638406	12639443	-	0	0	0		14	11	80	0.1375	155	41	952	0.0430672268907563
CUFF_NC.6147	3	12643857	12645070	-	0	0	0		53	99	282	0.35106382978723405	365	128	1876	0.06823027718550106
CUFF_NC.6151	3	12704444	12704858	+	0	0	0		26	31	107	0.2897196261682243	111	42	371	0.11320754716981132
CUFF_NC.6153	3	12717714	12718872	+	0	0	0		47	163	306	0.5326797385620915	326	261	2138	0.12207670720299345
CUFF_NC.6152	3	12719429	12720090	+	0	0	0		35	125	268	0.4664179104477612	210	204	1542	0.13229571984435798
CUFF_NC.6154	3	12720702	12721353	+	0	0	0		35	107	193	0.5544041450777202	188	140	994	0.14084507042253522
CUFF_NC.6155	3	12721412	12722620	+	0	0	0		76	169	304	0.555921052631579	333	131	1242	0.10547504025764895
CUFF_NC.6156	3	12731141	12732572	-	0	0	0		63	53	357	0.1484593837535014	313	62	1773	0.03496897913141568
CUFF_NC.6157	3	12758023	12758473	-	0	0	0		20	33	92	0.358695652173913	144	69	683	0.10102489019033675
CUFF_NC.6158	3	12801945	12802819	+	0	0	0		21	40	80	0.5	80	41	273	0.15018315018315018
CUFF_NC.6159	3	12804044	12805425	+	0	0	0		9	8	14	0.5714285714285714	26	4	54	0.07407407407407407
CUFF_NC.6160	3	12836299	12836663	-	0	0	0		12	15	102	0.14705882352941177	77	13	508	0.025590551181102362
CUFF_NC.6162	3	12920061	12920534	+	0	0	0		8	14	23	0.6086956521739131	40	14	133	0.10526315789473684
CUFF_NC.6161	3	12926044	12926947	+	0	0	0		1	1	3	0.3333333333333333	21	23	113	0.20353982300884957
CUFF_NC.6176	3	12970775	12981890	+	0	0	0		527	3140	5737	0.5473243855673697	2529	2930	27508	0.10651446851824924
CUFF_NC.6163	3	12999518	13000304	+	0	0	0		4	0	17	0.0	88	12	410	0.02926829268292683
CUFF_NC.6168	3	13002358	13014273	+	0	0	0		45	39	101	0.38613861386138615	217	38	557	0.06822262118491922
CUFF_NC.6164	3	13015659	13016540	+	0	0	0		9	5	16	0.3125	34	2	57	0.03508771929824561
CUFF_NC.6165	3	13016698	13017287	+	0	0	0		11	11	38	0.2894736842105263	76	21	260	0.08076923076923077
CUFF_NC.6167	3	13017450	13018593	+	0	0	0		13	7	13	0.5384615384615384	52	10	52	0.19230769230769232
CUFF_NC.6166	3	13018813	13019848	+	0	0	0		35	33	77	0.42857142857142855	159	32	362	0.08839779005524862
CUFF_NC.6169	3	13020143	13022636	+	0	0	0		1	1	1	1.0	14	5	14	0.35714285714285715
CUFF_NC.6170	3	13022736	13023848	+	0	0	0		2	0	2	0.0	4	0	4	0.0
CUFF_NC.6171	3	13022855	13023553	-	0	0	0		2	0	2	0.0	4	0	4	0.0
CUFF_NC.6174	3	13057557	13058542	+	0	0	0		7	2	10	0.2	23	0	28	0.0
CUFF_NC.6175	3	13088239	13088907	+	0	0	0		46	96	217	0.4423963133640553	165	73	758	0.09630606860158311
CUFF_NC.6178	3	13102090	13104022	-	0	0	0		151	326	925	0.35243243243243244	585	263	3436	0.07654249126891735
CUFF_NC.6179	3	13105102	13107337	-	0	0	0		41	47	160	0.29375	298	113	1293	0.08739365815931942
CUFF_NC.6177	3	13107490	13108581	-	0	0	0		1	0	1	0.0	12	1	12	0.08333333333333333
CUFF_NC.6184	3	13139047	13142921	+	0	0	0		89	182	319	0.5705329153605015	569	198	1944	0.10185185185185185
CUFF_NC.6180	3	13155927	13156355	+	0	0	0		8	3	19	0.15789473684210525	69	9	204	0.04411764705882353
CUFF_NC.6181	3	13161605	13162296	-	0	0	0		6	9	16	0.5625	43	9	79	0.11392405063291139
CUFF_NC.6182	3	13175924	13176451	+	0	0	0		18	25	54	0.46296296296296297	54	5	127	0.03937007874015748
CUFF_NC.6195	3	13201824	13202399	-	0	0	0		33	139	231	0.6017316017316018	98	67	507	0.13214990138067062
CUFF_NC.6196	3	13203849	13205278	-	0	0	0		63	166	299	0.5551839464882943	197	116	687	0.16885007278020378
CUFF_NC.6183	3	13213143	13213573	-	0	0	0		18	31	47	0.6595744680851063	83	59	187	0.3155080213903743
CUFF_NC.6185	3	13223683	13224529	+	0	0	0		19	14	57	0.24561403508771928	128	9	289	0.031141868512110725
CUFF_NC.6188	3	13225206	13226580	-	0	0	0		3	0	3	0.0	8	0	8	0.0
CUFF_NC.6189	3	13227773	13230066	-	0	0	0		3	1	3	0.3333333333333333	16	1	16	0.0625
CUFF_NC.6190	3	13228346	13236157	-	0	0	0		58	80	190	0.42105263157894735	488	80	1613	0.04959702417854929
CUFF_NC.6186	3	13240371	13240793	-	0	0	0		3	2	3	0.6666666666666666	20	1	20	0.05
CUFF_NC.6191	3	13243926	13245007	-	0	0	0		27	70	135	0.5185185185185185	197	46	863	0.05330243337195829
CUFF_NC.6187	3	13251398	13252064	-	0	0	0		22	34	71	0.4788732394366197	90	22	274	0.08029197080291971
CUFF_NC.6194	3	13282389	13288281	+	0	0	0		16	9	16	0.5625	65	8	65	0.12307692307692308
CUFF_NC.6192	3	13342521	13342994	+	0	0	0		0	0	0		10	2	10	0.2
CUFF_NC.6198	3	13394584	13395309	+	0	0	0		24	36	79	0.45569620253164556	188	80	697	0.11477761836441894
CUFF_NC.6197	3	13395366	13395852	+	0	0	0		29	80	156	0.5128205128205128	128	66	587	0.11243611584327087
CUFF_NC.6200	3	13395921	13396355	+	0	0	0		55	69	133	0.518796992481203	100	22	265	0.0830188679245283
CUFF_NC.6201	3	13396128	13396892	-	0	0	0		56	107	189	0.5661375661375662	223	87	923	0.09425785482123511
CUFF_NC.6237	3	13484675	13485776	+	0	0	0		13	28	34	0.8235294117647058	65	19	178	0.10674157303370786
CUFF_NC.6238	3	13493410	13493775	+	0	0	0		25	1	162	0.006172839506172839	89	1	528	0.001893939393939394
CUFF_NC.6202	3	13494331	13494838	+	0	0	0		24	70	124	0.5645161290322581	99	29	373	0.0777479892761394
CUFF_NC.6203	3	13496001	13496499	+	0	0	0		31	89	152	0.5855263157894737	101	65	558	0.11648745519713262
CUFF_NC.6204	3	13531792	13532616	+	0	0	0		41	55	239	0.2301255230125523	184	43	1078	0.039888682745825604
CUFF_NC.6205	3	13586774	13587275	-	0	0	0		8	64	263	0.24334600760456274	131	318	5199	0.061165608770917486
CUFF_NC.6206	3	13586866	13587786	+	0	0	0		18	119	509	0.2337917485265226	259	536	9096	0.058927000879507474
CUFF_NC.6212	3	13588802	13592598	+	0	0	0		44	500	1935	0.25839793281653745	1004	4097	63028	0.06500285587358
CUFF_NC.6213	3	13589478	13592601	-	0	0	0		34	303	1367	0.22165325530358448	817	3013	46231	0.0651727196037291
CUFF_NC.6207	3	13593081	13600607	-	0	0	0		54	102	326	0.3128834355828221	304	87	1400	0.062142857142857146
CUFF_NC.6208	3	13593470	13596105	-	0	0	0		35	53	189	0.2804232804232804	190	31	908	0.034140969162995596
CUFF_NC.6209	3	13597567	13598341	-	0	0	0		8	38	116	0.3275862068965517	39	45	366	0.12295081967213115
CUFF_NC.6210	3	13597959	13600267	-	0	0	0		11	13	27	0.48148148148148145	59	13	122	0.10655737704918032
CUFF_NC.6211	3	13624211	13624643	+	0	0	0		18	23	41	0.5609756097560976	67	15	143	0.1048951048951049
CUFF_NC.6220	3	13674749	13680387	-	0	0	0		23	1	67	0.014925373134328358	35	3	93	0.03225806451612903
CUFF_NC.6214	3	13699883	13701586	+	0	0	0		3	5	10	0.5	24	5	66	0.07575757575757576
CUFF_NC.6217	3	13702500	13707619	+	0	0	0		7	6	14	0.42857142857142855	20	1	54	0.018518518518518517
CUFF_NC.6215	3	13708292	13711625	+	0	0	0		7	7	13	0.5384615384615384	41	11	72	0.1527777777777778
CUFF_NC.6216	3	13713250	13715567	+	0	0	0		1	1	1	1.0	13	6	13	0.46153846153846156
CUFF_NC.6219	3	13725920	13731122	+	0	0	0		1	1	1	1.0	8	0	8	0.0
CUFF_NC.6221	3	13745524	13751324	+	0	0	0		2	2	3	0.6666666666666666	13	3	25	0.12
CUFF_NC.6226	3	13777629	13786746	+	0	0	0		1	1	1	1.0	11	2	11	0.18181818181818182
CUFF_NC.6227	3	13784990	13790540	+	0	0	0		3	0	3	0.0	2	0	2	0.0
CUFF_NC.6229	3	13794234	13798148	+	0	0	0		8	1	8	0.125	27	2	56	0.03571428571428571
CUFF_NC.6230	3	13810221	13816366	-	0	0	0		36	62	151	0.4105960264900662	226	80	677	0.11816838995568685
CUFF_NC.6231	3	13836278	13840806	-	0	0	0		0	0	0		26	7	30	0.23333333333333334
CUFF_NC.6233	3	13843221	13847167	-	0	0	0		14	19	33	0.5757575757575758	60	19	119	0.15966386554621848
CUFF_NC.6234	3	13866525	13870303	-	0	0	0		3	1	3	0.3333333333333333	5	1	5	0.2
CUFF_NC.6235	3	13866579	13869178	-	0	0	0		3	1	3	0.3333333333333333	5	1	5	0.2
CUFF_NC.6232	3	13870411	13871166	-	0	0	0		3	3	3	1.0	17	0	17	0.0
CUFF_NC.6236	3	13871276	13871927	-	0	0	0		2	0	2	0.0	7	0	7	0.0
CUFF_NC.6240	3	13872455	13874300	-	0	0	0		0	0	0		3	0	3	0.0
CUFF_NC.6241	3	13875925	13877023	-	0	0	0		3	1	5	0.2	35	0	44	0.0
CUFF_NC.6242	3	13877226	13877689	-	0	0	0		0	0	0		16	9	24	0.375
CUFF_NC.6243	3	13966706	13967035	-	0	0	0		10	6	26	0.23076923076923078	39	11	106	0.10377358490566038
CUFF_NC.6253	3	13988904	13990338	-	0	0	0		30	71	177	0.4011299435028249	153	86	866	0.09930715935334873
CUFF_NC.6254	3	13989380	13989866	+	0	0	0		15	26	78	0.3333333333333333	58	21	318	0.0660377358490566
CUFF_NC.6267	3	14095553	14096243	+	0	0	0		42	75	209	0.3588516746411483	141	165	828	0.19927536231884058
CUFF_NC.6268	3	14096915	14097338	+	0	0	0		22	62	105	0.5904761904761905	111	131	560	0.23392857142857143
CUFF_NC.6252	3	14175298	14184484	-	0	0	0		2	1	2	0.5	14	0	14	0.0
CUFF_NC.6256	3	14210097	14214779	+	0	0	0		51	85	198	0.4292929292929293	313	136	1286	0.1057542768273717
CUFF_NC.6257	3	14212812	14224335	+	0	0	0		147	255	699	0.3648068669527897	1202	645	4688	0.13758532423208192
CUFF_NC.6258	3	14214239	14216506	+	0	0	0		28	33	114	0.2894736842105263	254	97	876	0.11073059360730593
CUFF_NC.6259	3	14215397	14218711	+	0	0	0		77	179	532	0.33646616541353386	688	441	3291	0.1340018231540565
CUFF_NC.6255	3	14254773	14255669	-	0	0	0		57	100	228	0.43859649122807015	211	90	791	0.11378002528445007
CUFF_NC.6260	3	14261295	14261764	-	0	0	0		6	7	23	0.30434782608695654	151	51	499	0.10220440881763528
CUFF_NC.6261	3	14270963	14272222	+	0	0	0		66	136	344	0.3953488372093023	273	71	1431	0.0496156533892383
CUFF_NC.6274	3	14276437	14276914	+	0	0	0		45	105	253	0.4150197628458498	125	77	664	0.11596385542168675
CUFF_NC.6275	3	14276979	14278185	+	0	0	0		62	224	412	0.5436893203883495	330	225	2093	0.10750119445771619
CUFF_NC.6262	3	14287291	14287763	-	0	0	0		20	41	128	0.3203125	114	8	630	0.012698412698412698
CUFF_NC.6263	3	14288140	14289566	+	0	0	0		34	56	226	0.24778761061946902	282	63	1559	0.040410519563822966
CUFF_NC.6264	3	14301926	14303281	+	0	0	0		85	144	304	0.47368421052631576	372	122	1332	0.0915915915915916
CUFF_NC.6265	3	14305525	14306068	-	0	0	0		13	16	26	0.6153846153846154	69	30	155	0.1935483870967742
CUFF_NC.6269	3	14307529	14308352	+	0	0	0		43	54	151	0.3576158940397351	193	39	721	0.05409153952843273
CUFF_NC.6271	3	14309378	14311426	-	0	0	0		81	2	406	0.0049261083743842365	542	7	2968	0.0023584905660377358
CUFF_NC.6270	3	14317723	14318316	-	0	0	0		22	0	66	0.0	109	0	283	0.0
CUFF_NC.6272	3	14338931	14339440	-	0	0	0		6	1	15	0.06666666666666667	43	8	119	0.06722689075630252
CUFF_NC.6276	3	14360150	14360980	+	0	0	0		7	7	21	0.3333333333333333	64	19	232	0.08189655172413793
CUFF_NC.6277	3	14420535	14420941	+	0	0	0		9	26	35	0.7428571428571429	36	30	203	0.1477832512315271
CUFF_NC.6279	3	14587828	14588405	-	0	0	0		24	13	96	0.13541666666666666	169	23	727	0.03163686382393398
CUFF_NC.6280	3	14607026	14609210	-	0	0	0		3	0	3	0.0	16	1	16	0.0625
CUFF_NC.6291	3	14656672	14662730	-	0	0	0		429	917	1736	0.5282258064516129	1651	844	6910	0.12214182344428365
CUFF_NC.6282	3	14670197	14670951	-	0	0	0		32	1	195	0.005128205128205128	141	4	603	0.006633499170812604
CUFF_NC.6284	3	14685558	14689364	-	0	0	0		84	22	482	0.04564315352697095	790	71	4596	0.015448215839860748
CUFF_NC.6285	3	14687022	14687664	+	0	0	0		18	6	140	0.04285714285714286	161	8	1189	0.00672834314550042
CUFF_NC.6286	3	14687252	14688102	-	0	0	0		25	5	145	0.034482758620689655	192	47	1267	0.037095501183898975
CUFF_NC.6287	3	14702837	14703279	-	0	0	0		25	106	172	0.6162790697674418	133	108	867	0.1245674740484429
CUFF_NC.6283	3	14717236	14717775	-	0	0	0		31	117	170	0.6882352941176471	146	133	774	0.17183462532299743
CUFF_NC.6288	3	14737892	14738639	-	0	0	0		24	22	176	0.125	147	16	792	0.020202020202020204
CUFF_NC.6290	3	14749323	14750477	+	0	0	0		72	129	248	0.5201612903225806	247	63	759	0.08300395256916997
CUFF_NC.6293	3	14758433	14759037	+	0	0	0		38	1	176	0.005681818181818182	150	2	463	0.004319654427645789
CUFF_NC.6289	3	14766327	14766697	+	0	0	0		22	75	121	0.6198347107438017	80	65	458	0.14192139737991266
CUFF_NC.6292	3	14783151	14784253	+	0	0	0		38	92	235	0.39148936170212767	267	78	1705	0.04574780058651026
CUFF_NC.6294	3	14790048	14790621	-	0	0	0		17	30	70	0.42857142857142855	115	38	368	0.10326086956521739
CUFF_NC.6295	3	14811043	14811522	-	0	0	0		14	9	55	0.16363636363636364	102	7	462	0.015151515151515152
CUFF_NC.6297	3	14838642	14839904	+	0	0	0		68	0	366	0.0	415	4	1742	0.002296211251435132
CUFF_NC.6300	3	14878053	14878622	+	0	0	0		42	3	248	0.012096774193548387	175	1	1110	0.0009009009009009009
CUFF_NC.6298	3	14885140	14885554	+	0	0	0		11	45	87	0.5172413793103449	122	88	1032	0.08527131782945736
CUFF_NC.6299	3	14885969	14886341	-	0	0	0		10	28	77	0.36363636363636365	99	30	588	0.05102040816326531
CUFF_NC.6301	3	14887503	14887940	-	0	0	0		22	17	90	0.18888888888888888	87	10	333	0.03003003003003003
CUFF_NC.6302	3	14901488	14904340	-	0	0	0		76	122	478	0.25523012552301255	686	157	4338	0.036191793453204245
CUFF_NC.6303	3	14902206	14902705	-	0	0	0		20	45	132	0.3409090909090909	148	60	967	0.06204756980351603
CUFF_NC.6304	3	14932933	14933777	+	0	0	0		29	1	148	0.006756756756756757	197	7	1053	0.006647673314339981
CUFF_NC.6305	3	14990846	14991849	+	0	0	0		27	40	197	0.20304568527918782	232	32	1540	0.02077922077922078
CUFF_NC.6307	3	14999843	15000265	+	0	0	0		12	36	94	0.3829787234042553	122	52	838	0.06205250596658711
CUFF_NC.6306	3	15026948	15027742	-	0	0	0		37	74	256	0.2890625	202	78	1357	0.05747973470891673
CUFF_NC.6309	3	15078911	15080691	-	0	0	0		97	130	669	0.19431988041853512	405	60	2690	0.022304832713754646
CUFF_NC.6308	3	15091673	15092521	+	0	0	0		38	0	124	0.0	261	4	731	0.005471956224350205
CUFF_NC.6312	3	15163490	15167273	-	0	0	0		250	749	1404	0.5334757834757835	1052	573	5642	0.10155973059198865
CUFF_NC.6310	3	15170970	15171795	-	0	0	0		38	16	192	0.08333333333333333	228	10	1293	0.007733952049497293
CUFF_NC.6311	3	15177930	15178606	-	0	0	0		45	0	275	0.0	173	0	1058	0.0
CUFF_NC.6315	3	15193654	15196034	-	0	0	0		210	3	1263	0.0023752969121140144	668	10	3841	0.0026034886748242643
CUFF_NC.6318	3	15202785	15203202	+	0	0	0		23	0	149	0.0	87	6	494	0.012145748987854251
CUFF_NC.6313	3	15205600	15207002	-	0	0	0		2	0	2	0.0	17	0	18	0.0
CUFF_NC.6314	3	15224215	15225590	+	0	0	0		38	1	135	0.007407407407407408	219	1	780	0.001282051282051282
CUFF_NC.6316	3	15246059	15247761	-	0	0	0		155	444	696	0.6379310344827587	426	386	2067	0.18674407353652636
CUFF_NC.6320	3	15269770	15270591	-	0	0	0		25	122	170	0.7176470588235294	205	191	1325	0.14415094339622642
CUFF_NC.6317	3	15278300	15282503	-	0	0	0		180	680	1527	0.4453176162409954	997	595	8400	0.07083333333333333
CUFF_NC.6339	3	15298568	15299634	+	0	0	0		35	77	325	0.23692307692307693	289	135	3174	0.04253308128544423
CUFF_NC.6319	3	15306809	15307759	-	0	0	0		59	188	434	0.43317972350230416	267	150	1534	0.09778357235984354
CUFF_NC.6321	3	15313410	15315173	+	0	0	0		50	93	292	0.3184931506849315	464	295	2937	0.10044262853251618
CUFF_NC.6323	3	15332004	15332408	-	0	0	0		11	0	66	0.0	117	4	888	0.0045045045045045045
CUFF_NC.6322	3	15338215	15338655	-	0	0	0		12	22	61	0.36065573770491804	117	38	763	0.04980340760157274
CUFF_NC.6326	3	15344046	15345659	-	0	0	0		47	114	367	0.3106267029972752	380	73	2368	0.030827702702702704
CUFF_NC.6324	3	15348850	15349217	-	0	0	0		9	16	44	0.36363636363636365	72	22	440	0.05
CUFF_NC.6325	3	15349541	15350403	-	0	0	0		4	1	4	0.25	30	0	30	0.0
CUFF_NC.6328	3	15354766	15355375	+	0	0	0		28	0	114	0.0	179	3	693	0.004329004329004329
CUFF_NC.6327	3	15365737	15366774	+	0	0	0		51	183	305	0.6	264	198	1465	0.13515358361774743
CUFF_NC.6331	3	15375561	15376011	-	0	0	0		16	36	93	0.3870967741935484	116	98	792	0.12373737373737374
CUFF_NC.6332	3	15380904	15381662	-	0	0	0		72	314	530	0.5924528301886792	223	164	1455	0.11271477663230241
CUFF_NC.6329	3	15382209	15382904	-	0	0	0		37	125	245	0.5102040816326531	191	139	1165	0.11931330472103004
CUFF_NC.6330	3	15383213	15383602	-	0	0	0		29	88	155	0.567741935483871	124	99	641	0.1544461778471139
CUFF_NC.6337	3	15403722	15404847	+	0	0	0		74	0	408	0.0	324	4	1960	0.0020408163265306124
CUFF_NC.6333	3	15410701	15411245	+	0	0	0		3	1	3	0.3333333333333333	11	0	11	0.0
CUFF_NC.6334	3	15411407	15413091	+	0	0	0		1	0	1	0.0	16	5	16	0.3125
CUFF_NC.6341	3	15438161	15439174	+	0	0	0		1	0	1	0.0	16	0	16	0.0
CUFF_NC.6343	3	15483713	15484182	+	0	0	0		11	1	39	0.02564102564102564	85	1	293	0.0034129692832764505
CUFF_NC.6350	3	15489518	15489927	-	0	0	0		25	55	116	0.47413793103448276	116	72	606	0.1188118811881188
CUFF_NC.6361	3	15493626	15500102	+	0	0	0		18	7	18	0.3888888888888889	95	8	95	0.08421052631578947
CUFF_NC.6344	3	15500727	15501496	+	0	0	0		28	33	102	0.3235294117647059	169	38	609	0.06239737274220033
CUFF_NC.6345	3	15500846	15501417	-	0	0	0		26	28	93	0.3010752688172043	135	29	503	0.05765407554671968
CUFF_NC.6347	3	15501887	15503554	-	0	0	0		93	194	501	0.3872255489021956	489	135	2625	0.05142857142857143
CUFF_NC.6346	3	15508523	15509247	+	0	0	0		50	157	244	0.6434426229508197	157	119	778	0.15295629820051415
CUFF_NC.6364	3	15523320	15524098	+	0	0	0		58	0	311	0.0	217	2	1231	0.0016246953696181965
CUFF_NC.6349	3	15530376	15531071	+	0	0	0		6	0	9	0.0	55	0	79	0.0
CUFF_NC.6351	3	15591668	15592120	+	0	0	0		28	86	171	0.5029239766081871	127	89	749	0.11882510013351134
CUFF_NC.6355	3	15599168	15600475	-	0	0	0		74	0	339	0.0	298	2	1192	0.0016778523489932886
CUFF_NC.6353	3	15604413	15605325	+	0	0	0		30	0	153	0.0	130	0	510	0.0
CUFF_NC.6354	3	15607274	15607695	+	0	0	0		25	0	90	0.0	145	1	608	0.001644736842105263
CUFF_NC.6352	3	15609805	15610211	-	0	0	0		8	1	47	0.02127659574468085	88	30	507	0.05917159763313609
CUFF_NC.6358	3	15610532	15614811	-	0	0	0		76	149	400	0.3725	912	309	5146	0.060046638165565484
CUFF_NC.6359	3	15613616	15614024	+	0	0	0		5	9	32	0.28125	109	39	676	0.057692307692307696
CUFF_NC.6360	3	15615860	15616336	+	0	0	0		21	0	142	0.0	121	0	856	0.0
CUFF_NC.6357	3	15618613	15619930	-	0	0	0		46	117	271	0.4317343173431734	278	146	1627	0.08973570989551322
CUFF_NC.6356	3	15620612	15621375	-	0	0	0		31	58	152	0.3815789473684211	219	67	1019	0.06575073601570167
CUFF_NC.6362	3	15638058	15639497	-	0	0	0		48	119	336	0.3541666666666667	303	149	1980	0.07525252525252525
CUFF_NC.6363	3	15641493	15642187	-	0	0	0		38	129	289	0.4463667820069204	163	79	1089	0.07254361799816346
CUFF_NC.6367	3	15644044	15644900	-	0	0	0		52	137	300	0.45666666666666667	231	92	1430	0.06433566433566433
CUFF_NC.6366	3	15661053	15661761	-	0	0	0		38	0	201	0.0	192	1	1049	0.0009532888465204957
CUFF_NC.6365	3	15671960	15674603	-	0	0	0		139	3	820	0.003658536585365854	707	6	4005	0.00149812734082397
CUFF_NC.6369	3	15687454	15688760	-	0	0	0		67	114	251	0.4541832669322709	390	155	1787	0.08673754896474538
CUFF_NC.6368	3	15705838	15706732	-	0	0	0		15	0	115	0.0	151	1	1077	0.0009285051067780873
CUFF_NC.6370	3	15725201	15725772	+	0	0	0		24	105	181	0.580110497237569	190	78	1006	0.0775347912524851
CUFF_NC.6372	3	15732848	15734101	-	0	0	0		31	53	91	0.5824175824175825	278	135	934	0.14453961456102785
CUFF_NC.6371	3	15746253	15747063	+	0	0	0		29	34	171	0.19883040935672514	209	20	1009	0.019821605550049554
CUFF_NC.6373	3	15775062	15775713	+	0	0	0		33	1	125	0.008	134	2	423	0.004728132387706856
CUFF_NC.6374	3	15780923	15782024	+	0	0	0		21	0	93	0.0	146	4	489	0.0081799591002045
CUFF_NC.6379	3	15791383	15792444	-	0	0	0		42	94	154	0.6103896103896104	208	88	969	0.09081527347781218
CUFF_NC.6376	3	15796038	15796969	-	0	0	0		12	9	23	0.391304347826087	55	11	107	0.102803738317757
CUFF_NC.6378	3	15801364	15802865	-	0	0	0		48	2	304	0.006578947368421052	383	1	2132	0.00046904315196998124
CUFF_NC.6377	3	15834293	15834954	+	0	0	0		21	5	148	0.033783783783783786	159	3	1074	0.002793296089385475
CUFF_NC.6383	3	15847787	15853693	+	0	0	0		240	388	959	0.4045881126173097	1022	303	4575	0.06622950819672131
CUFF_NC.6380	3	15859246	15860079	+	0	0	0		13	0	26	0.0	41	0	75	0.0
CUFF_NC.6382	3	15872000	15873084	+	0	0	0		24	0	97	0.0	167	1	673	0.0014858841010401188
CUFF_NC.6381	3	15875122	15877077	-	0	0	0		47	119	770	0.15454545454545454	342	97	5445	0.01781450872359963
CUFF_NC.6384	3	15924837	15925246	-	0	0	0		15	24	175	0.13714285714285715	97	39	991	0.039354187689202826
CUFF_NC.6386	3	15931956	15932704	-	0	0	0		36	1	196	0.00510204081632653	207	5	953	0.005246589716684155
CUFF_NC.6388	3	15935409	15936584	-	0	0	0		5	0	5	0.0	34	0	34	0.0
CUFF_NC.6389	3	15935997	15936542	+	0	0	0		2	0	2	0.0	7	0	7	0.0
CUFF_NC.6387	3	15950764	15951175	-	0	0	0		10	0	49	0.0	109	2	530	0.0037735849056603774
CUFF_NC.6391	3	15955947	15956671	+	0	0	0		42	91	203	0.4482758620689655	186	48	779	0.06161745827984596
CUFF_NC.6395	3	15970368	15971055	+	0	0	0		7	0	7	0.0	17	0	17	0.0
CUFF_NC.6396	3	15984289	15988221	-	0	0	0		159	1	916	0.001091703056768559	987	10	6022	0.0016605778811026237
CUFF_NC.6397	3	15984641	15988765	-	0	0	0		165	1	1002	0.000998003992015968	1017	11	6406	0.0017171401810802372
CUFF_NC.6398	3	15986651	15987295	-	0	0	0		28	0	203	0.0	176	2	1232	0.0016233766233766235
CUFF_NC.6393	3	15997096	15998638	+	0	0	0		84	263	454	0.579295154185022	451	158	2436	0.06486042692939245
CUFF_NC.6392	3	16000984	16002111	+	0	0	0		77	0	371	0.0	291	4	1304	0.003067484662576687
CUFF_NC.6399	3	16018922	16019925	+	0	0	0		91	0	309	0.0	278	3	863	0.0034762456546929316
CUFF_NC.6394	3	16029043	16029902	-	0	0	0		5	0	42	0.0	55	0	250	0.0
CUFF_NC.6401	3	16031169	16031444	+	0	0	0		26	0	161	0.0	73	1	519	0.0019267822736030828
CUFF_NC.6400	3	16037987	16038579	+	0	0	0		24	0	129	0.0	181	2	871	0.002296211251435132
CUFF_NC.6407	3	16039081	16039608	+	0	0	0		1	0	1	0.0	19	15	42	0.35714285714285715
CUFF_NC.6417	3	16044762	16045419	+	0	0	0		33	87	241	0.36099585062240663	151	61	1011	0.06033630069238378
CUFF_NC.6418	3	16046562	16047454	+	0	0	0		39	131	205	0.6390243902439025	238	100	1186	0.08431703204047218
CUFF_NC.6419	3	16047695	16049821	+	0	0	0		83	200	426	0.4694835680751174	495	172	2738	0.06281957633308985
CUFF_NC.6405	3	16069785	16071283	-	0	0	0		30	45	242	0.1859504132231405	344	245	1986	0.12336354481369587
CUFF_NC.6402	3	16071670	16072151	-	0	0	0		8	21	55	0.38181818181818183	130	152	572	0.26573426573426573
CUFF_NC.6403	3	16072457	16073234	+	0	0	0		26	1	150	0.006666666666666667	121	1	514	0.0019455252918287938
CUFF_NC.6404	3	16072646	16073227	-	0	0	0		26	1	150	0.006666666666666667	97	1	424	0.0023584905660377358
CUFF_NC.6406	3	16073915	16074785	+	0	0	0		32	0	122	0.0	147	0	497	0.0
CUFF_NC.6409	3	16079424	16082049	+	0	0	0		113	1	626	0.001597444089456869	558	37	3259	0.011353175820803928
CUFF_NC.6408	3	16083843	16084320	+	0	0	0		14	30	83	0.3614457831325301	127	70	866	0.08083140877598152
CUFF_NC.6439	3	16090611	16093540	+	0	0	0		84	174	381	0.4566929133858268	464	208	2239	0.09289861545332738
CUFF_NC.6438	3	16097799	16098280	-	0	0	0		15	21	56	0.375	28	2	107	0.018691588785046728
CUFF_NC.6410	3	16114449	16115264	+	0	0	0		19	53	134	0.39552238805970147	218	97	1565	0.061980830670926516
CUFF_NC.6412	3	16120225	16120749	-	0	0	0		41	0	230	0.0	155	2	866	0.0023094688221709007
CUFF_NC.6414	3	16173544	16174911	+	0	0	0		40	25	223	0.11210762331838565	100	15	457	0.03282275711159737
CUFF_NC.6447	3	16191505	16192305	+	0	0	0		70	0	394	0.0	175	2	750	0.0026666666666666666
CUFF_NC.6446	3	16196017	16196289	-	0	0	0		2	0	4	0.0	10	0	21	0.0
CUFF_NC.6415	3	16201732	16202420	+	0	0	0		16	19	56	0.3392857142857143	110	45	408	0.11029411764705882
CUFF_NC.6420	3	16202999	16203837	+	0	0	0		22	17	54	0.3148148148148148	145	7	523	0.01338432122370937
CUFF_NC.6421	3	16203097	16203879	-	0	0	0		22	17	54	0.3148148148148148	119	4	397	0.010075566750629723
CUFF_NC.6416	3	16206163	16207007	+	0	0	0		39	65	232	0.2801724137931034	181	38	947	0.04012671594508976
CUFF_NC.6422	3	16207449	16208069	+	0	0	0		25	2	165	0.012121212121212121	142	4	799	0.0050062578222778474
CUFF_NC.6423	3	16230337	16234275	+	0	0	0		231	1	1308	0.0007645259938837921	1056	11	5572	0.001974156496769562
CUFF_NC.6424	3	16256372	16257203	+	0	0	0		32	1	218	0.0045871559633027525	191	3	1314	0.00228310502283105
CUFF_NC.6427	3	16259867	16260906	-	0	0	0		29	0	84	0.0	188	0	591	0.0
CUFF_NC.6428	3	16261898	16262875	-	0	0	0		48	0	245	0.0	185	5	890	0.0056179775280898875
CUFF_NC.6426	3	16271424	16273079	-	0	0	0		135	4	593	0.006745362563237774	420	5	1601	0.003123048094940662
CUFF_NC.6431	3	16290324	16290976	-	0	0	0		42	0	246	0.0	191	1	1034	0.0009671179883945841
CUFF_NC.6432	3	16291245	16292248	+	0	0	0		37	0	269	0.0	187	5	1180	0.00423728813559322
CUFF_NC.6429	3	16326314	16328042	-	0	0	0		60	4	323	0.01238390092879257	405	23	2419	0.009508061182306739
CUFF_NC.6430	3	16328034	16328502	+	0	0	0		27	0	199	0.0	113	0	785	0.0
CUFF_NC.6437	3	16344241	16351071	-	0	0	0		255	35	1430	0.024475524475524476	1695	62	9783	0.006337524276806706
CUFF_NC.6436	3	16379848	16383542	-	0	0	0		126	2	805	0.002484472049689441	972	10	5766	0.001734304543877905
CUFF_NC.6443	3	16396937	16404072	+	0	0	0		342	2	2001	0.0009995002498750624	1717	10	9463	0.0010567473317129874
CUFF_NC.6444	3	16404483	16406160	+	0	0	0		63	59	435	0.135632183908046	310	109	1964	0.0554989816700611
CUFF_NC.6441	3	16408622	16410867	-	0	0	0		62	93	390	0.23846153846153847	555	90	3551	0.025344973246972685
CUFF_NC.6442	3	16420748	16421422	-	0	0	0		34	0	141	0.0	193	1	822	0.0012165450121654502
CUFF_NC.6445	3	16427427	16428202	-	0	0	0		27	1	135	0.007407407407407408	205	0	980	0.0
CUFF_NC.6449	3	16434378	16434878	-	0	0	0		22	0	78	0.0	104	1	367	0.0027247956403269754
CUFF_NC.6448	3	16438901	16442123	-	0	0	0		88	109	496	0.21975806451612903	767	75	4473	0.01676727028839705
CUFF_NC.6451	3	16475508	16475739	+	0	0	0		12	0	46	0.0	62	0	125	0.0
CUFF_NC.6450	3	16486358	16489521	+	0	0	0		116	4	731	0.005471956224350205	810	10	5254	0.001903311762466692
CUFF_NC.6453	3	16490640	16492058	+	0	0	0		111	0	562	0.0	391	8	2124	0.003766478342749529
CUFF_NC.6455	3	16523876	16524348	-	0	0	0		35	0	201	0.0	117	1	620	0.0016129032258064516
CUFF_NC.6454	3	16528472	16529210	-	0	0	0		54	2	294	0.006802721088435374	237	4	1158	0.0034542314335060447
CUFF_NC.6452	3	16533476	16534578	+	0	0	0		28	14	132	0.10606060606060606	290	17	1374	0.012372634643377001
CUFF_NC.6456	3	16541742	16542931	+	0	0	0		96	0	509	0.0	295	2	1577	0.0012682308180088776
CUFF_NC.6457	3	16557246	16558171	+	0	0	0		44	0	251	0.0	201	1	959	0.0010427528675703858
CUFF_NC.6458	3	16568457	16569758	-	0	0	0		57	0	222	0.0	225	45	736	0.06114130434782609
CUFF_NC.6467	3	16572460	16572921	+	0	0	0		21	0	111	0.0	139	1	668	0.0014970059880239522
CUFF_NC.6459	3	16584060	16584865	-	0	0	0		22	23	78	0.2948717948717949	200	65	856	0.07593457943925233
CUFF_NC.6460	3	16584464	16584929	+	0	0	0		4	13	25	0.52	121	46	692	0.06647398843930635
CUFF_NC.6462	3	16586018	16588481	-	0	0	0		48	3	309	0.009708737864077669	510	62	3348	0.018518518518518517
CUFF_NC.6463	3	16587324	16588120	+	0	0	0		8	0	53	0.0	99	3	528	0.005681818181818182
CUFF_NC.6461	3	16595064	16595763	-	0	0	0		47	181	265	0.6830188679245283	201	171	1037	0.16489874638379942
CUFF_NC.6464	3	16596657	16597260	+	0	0	0		29	0	167	0.0	175	0	1031	0.0
CUFF_NC.6470	3	16617915	16618805	-	0	0	0		33	0	195	0.0	187	2	1027	0.0019474196689386564
CUFF_NC.6471	3	16619513	16620083	-	0	0	0		20	0	100	0.0	100	1	557	0.0017953321364452424
CUFF_NC.6472	3	16620742	16621313	-	0	0	0		24	0	162	0.0	95	1	414	0.0024154589371980675
CUFF_NC.6465	3	16633650	16634305	+	0	0	0		49	0	271	0.0	188	3	973	0.003083247687564234
CUFF_NC.6466	3	16635949	16636609	-	0	0	0		7	14	26	0.5384615384615384	16	9	81	0.1111111111111111
CUFF_NC.6489	3	16650464	16651160	+	0	0	0		30	7	125	0.056	164	5	809	0.006180469715698393
CUFF_NC.6468	3	16661145	16661889	+	0	0	0		60	1	362	0.0027624309392265192	237	1	1400	0.0007142857142857143
CUFF_NC.6469	3	16675475	16676798	+	0	0	0		50	1	291	0.003436426116838488	370	3	1943	0.001544004117344313
CUFF_NC.6476	3	16703658	16705098	+	0	0	0		26	0	105	0.0	177	1	730	0.0013698630136986301
CUFF_NC.6474	3	16714932	16717412	-	0	0	0		23	1	50	0.02	69	1	110	0.00909090909090909
CUFF_NC.6475	3	16715132	16720041	+	0	0	0		69	2	130	0.015384615384615385	134	3	218	0.013761467889908258
CUFF_NC.6480	3	16735324	16736115	+	0	0	0		55	1	382	0.002617801047120419	211	1	1350	0.0007407407407407407
CUFF_NC.6477	3	16755214	16756290	-	0	0	0		30	0	167	0.0	187	2	1048	0.0019083969465648854
CUFF_NC.6487	3	16760934	16764253	-	0	0	0		248	4	1333	0.003000750187546887	886	5	4434	0.0011276499774470004
CUFF_NC.6479	3	16766459	16767393	-	0	0	0		40	0	169	0.0	198	0	853	0.0
CUFF_NC.6478	3	16769715	16770084	+	0	0	0		16	0	93	0.0	105	1	620	0.0016129032258064516
CUFF_NC.6482	3	16771149	16777042	-	0	0	0		237	6	1228	0.004885993485342019	1086	16	5599	0.0028576531523486336
CUFF_NC.6483	3	16771681	16777872	-	0	0	0		260	7	1426	0.004908835904628331	1180	16	6390	0.0025039123630672924
CUFF_NC.6484	3	16780840	16784721	-	0	0	0		196	3	1093	0.0027447392497712718	914	14	4937	0.0028357302005266355
CUFF_NC.6485	3	16784071	16786912	-	0	0	0		205	1	1038	0.0009633911368015414	750	8	3890	0.002056555269922879
CUFF_NC.6481	3	16788783	16789345	+	0	0	0		2	0	2	0.0	6	0	6	0.0
CUFF_NC.6498	3	16794721	16795141	+	0	0	0		33	0	161	0.0	102	0	461	0.0
CUFF_NC.6486	3	16818418	16819231	-	0	0	0		74	0	264	0.0	218	1	799	0.0012515644555694619
CUFF_NC.6488	3	16846933	16847533	+	0	0	0		2	4	4	1.0	11	2	22	0.09090909090909091
CUFF_NC.6494	3	16864731	16866361	+	0	0	0		96	1	696	0.0014367816091954023	424	5	3260	0.0015337423312883436
CUFF_NC.6503	3	16866926	16868250	-	0	0	0		97	0	648	0.0	373	11	2643	0.004161937192584185
CUFF_NC.6492	3	16883331	16883824	-	0	0	0		23	0	102	0.0	132	1	721	0.0013869625520110957
CUFF_NC.6490	3	16884167	16885285	+	0	0	0		38	0	255	0.0	315	5	1706	0.0029308323563892145
CUFF_NC.6491	3	16884252	16885088	-	0	0	0		25	0	187	0.0	242	2	1403	0.0014255167498218105
CUFF_NC.6493	3	16889488	16891222	+	0	0	0		95	28	587	0.04770017035775128	408	15	2214	0.006775067750677507
CUFF_NC.6495	3	16893054	16896706	-	0	0	0		129	0	549	0.0	847	9	3660	0.002459016393442623
CUFF_NC.6499	3	16907752	16910200	+	0	0	0		132	0	609	0.0	625	4	3193	0.001252740369558409
CUFF_NC.6497	3	16913465	16914218	+	0	0	0		50	0	227	0.0	169	4	715	0.005594405594405594
CUFF_NC.6496	3	16915101	16915654	-	0	0	0		38	0	189	0.0	144	2	792	0.0025252525252525255
CUFF_NC.6500	3	16922649	16926868	+	0	0	0		128	1	792	0.0012626262626262627	1026	11	6201	0.0017739074342847927
CUFF_NC.6501	3	16945300	16945992	-	0	0	0		44	0	229	0.0	189	3	879	0.0034129692832764505
CUFF_NC.6502	3	16947961	16948690	-	0	0	0		20	0	132	0.0	95	0	578	0.0
CUFF_NC.6509	3	16953964	16954454	+	0	0	0		28	1	193	0.0051813471502590676	126	1	866	0.0011547344110854503
CUFF_NC.6504	3	16971424	16973376	+	0	0	0		160	1	894	0.0011185682326621924	528	6	2981	0.0020127474002012745
CUFF_NC.6506	3	16972689	16975011	-	0	0	0		95	59	536	0.11007462686567164	646	59	4418	0.013354459031235853
CUFF_NC.6505	3	16974341	16974993	+	0	0	0		25	52	163	0.31901840490797545	201	24	1286	0.01866251944012442
CUFF_NC.6507	3	16986645	16987356	+	0	0	0		57	0	290	0.0	205	3	1022	0.0029354207436399216
CUFF_NC.6512	3	17015159	17015628	-	0	0	0		45	0	237	0.0	114	0	544	0.0
CUFF_NC.6510	3	17017415	17017929	+	0	0	0		22	1	119	0.008403361344537815	123	2	528	0.003787878787878788
CUFF_NC.6515	3	17071178	17071693	+	0	0	0		7	1	14	0.07142857142857142	28	1	59	0.01694915254237288
CUFF_NC.6516	3	17081400	17081963	-	0	0	0		10	0	49	0.0	126	2	729	0.0027434842249657062
CUFF_NC.6527	3	17095478	17096327	+	0	0	0		40	0	193	0.0	175	3	814	0.0036855036855036856
CUFF_NC.6522	3	17106262	17111529	-	0	0	0		60	115	319	0.3605015673981191	348	181	2491	0.07266158169409875
CUFF_NC.6523	3	17111888	17115054	-	0	0	0		21	111	212	0.5235849056603774	171	134	1266	0.10584518167456557
CUFF_NC.6520	3	17126198	17126857	+	0	0	0		46	1	275	0.0036363636363636364	143	0	685	0.0
CUFF_NC.6517	3	17127228	17127980	-	0	0	0		17	0	120	0.0	186	1	1496	0.0006684491978609625
CUFF_NC.6528	3	17136382	17138314	+	0	0	0		118	0	521	0.0	477	0	2025	0.0
CUFF_NC.6521	3	17138613	17139144	-	0	0	0		18	0	97	0.0	158	0	1075	0.0
CUFF_NC.6524	3	17164062	17164989	-	0	0	0		34	80	173	0.4624277456647399	175	129	1083	0.11911357340720222
CUFF_NC.6525	3	17164259	17165071	+	0	0	0		29	67	134	0.5	150	124	896	0.13839285714285715
CUFF_NC.6526	3	17165711	17166288	-	0	0	0		19	0	147	0.0	173	3	1019	0.002944062806673209
CUFF_NC.6535	3	17188838	17198537	+	0	0	0		606	8	3666	0.002182214948172395	2646	31	15228	0.002035723666929341
CUFF_NC.6537	3	17196379	17196801	+	0	0	0		35	0	161	0.0	117	1	494	0.0020242914979757085
CUFF_NC.6536	3	17198115	17201119	+	0	0	0		146	2	951	0.002103049421661409	680	10	3872	0.0025826446280991736
CUFF_NC.6531	3	17218123	17218951	+	0	0	0		55	0	399	0.0	260	1	1452	0.0006887052341597796
CUFF_NC.6530	3	17231721	17232765	+	0	0	0		61	2	277	0.007220216606498195	258	3	1031	0.002909796314258002
CUFF_NC.6532	3	17235352	17236620	+	0	0	0		38	52	200	0.26	372	99	1751	0.05653912050256996
CUFF_NC.6538	3	17254699	17255262	+	0	0	0		46	87	197	0.4416243654822335	117	66	497	0.13279678068410464
CUFF_NC.6533	3	17261881	17262643	-	0	0	0		27	0	146	0.0	226	0	1159	0.0
CUFF_NC.6539	3	17263659	17264379	-	0	0	0		43	0	186	0.0	165	2	619	0.0032310177705977385
CUFF_NC.6534	3	17268591	17269562	-	0	0	0		41	0	172	0.0	212	1	1119	0.0008936550491510277
CUFF_NC.6542	3	17273775	17274840	+	0	0	0		57	0	385	0.0	304	6	1960	0.003061224489795918
CUFF_NC.6543	3	17314073	17317276	+	0	0	0		250	3	1447	0.002073255010366275	865	3	4965	0.0006042296072507553
CUFF_NC.6544	3	17316372	17319565	+	0	0	0		182	2	965	0.002072538860103627	734	5	3725	0.0013422818791946308
CUFF_NC.6540	3	17320546	17321108	-	0	0	0		34	1	196	0.00510204081632653	155	0	829	0.0
CUFF_NC.6541	3	17331923	17332750	+	0	0	0		6	2	48	0.041666666666666664	59	1	438	0.00228310502283105
CUFF_NC.6556	3	17346694	17347772	+	0	0	0		71	3	494	0.006072874493927126	272	6	1835	0.0032697547683923707
CUFF_NC.6557	3	17351176	17352016	+	0	0	0		35	1	198	0.005050505050505051	255	4	1345	0.002973977695167286
CUFF_NC.6548	3	17353811	17359683	-	0	0	0		247	198	1344	0.14732142857142858	1493	145	8766	0.016541181838923114
CUFF_NC.6549	3	17360994	17362461	+	0	0	0		71	1	478	0.0020920502092050207	384	6	2573	0.002331908278274388
CUFF_NC.6545	3	17362980	17363795	+	0	0	0		12	14	26	0.5384615384615384	100	34	323	0.10526315789473684
CUFF_NC.6546	3	17372928	17374345	+	0	0	0		37	0	254	0.0	386	2	2247	0.0008900756564307966
CUFF_NC.6547	3	17375539	17375965	+	0	0	0		33	1	185	0.005405405405405406	113	1	604	0.0016556291390728477
CUFF_NC.6551	3	17395783	17401871	+	0	0	0		11	10	32	0.3125	118	23	278	0.08273381294964029
CUFF_NC.6564	3	17445881	17446213	-	0	0	0		12	0	62	0.0	49	0	277	0.0
CUFF_NC.6565	3	17447804	17448268	-	0	0	0		0	0	0		26	0	68	0.0
CUFF_NC.6566	3	17448899	17452891	-	0	0	0		67	14	359	0.03899721448467967	485	26	2628	0.00989345509893455
CUFF_NC.6563	3	17468718	17469572	+	0	0	0		22	0	84	0.0	207	2	846	0.002364066193853428
CUFF_NC.6562	3	17473411	17475236	+	0	0	0		90	0	638	0.0	453	7	3232	0.002165841584158416
CUFF_NC.6558	3	17480565	17481052	-	0	0	0		22	0	77	0.0	149	3	647	0.00463678516228748
CUFF_NC.6567	3	17492303	17492902	-	0	0	0		25	0	157	0.0	174	2	1246	0.0016051364365971107
CUFF_NC.6559	3	17495399	17495931	-	0	0	0		21	0	118	0.0	127	3	834	0.0035971223021582736
CUFF_NC.6560	3	17496279	17497221	+	0	0	0		12	0	101	0.0	267	3	1751	0.0017133066818960593
CUFF_NC.6561	3	17503971	17505644	+	0	0	0		103	1	391	0.0025575447570332483	372	2	1320	0.0015151515151515152
CUFF_NC.6568	3	17518157	17519169	+	0	0	0		81	2	526	0.0038022813688212928	266	1	1702	0.0005875440658049354
CUFF_NC.6573	3	17528961	17534486	-	0	0	0		196	2	1182	0.001692047377326565	1417	14	8309	0.0016849199663016006
CUFF_NC.6574	3	17530118	17535208	-	0	0	0		186	1	1058	0.000945179584120983	1283	12	7212	0.0016638935108153079
CUFF_NC.6570	3	17539657	17540422	+	0	0	0		36	0	170	0.0	255	4	1138	0.0035149384885764497
CUFF_NC.6571	3	17550424	17551278	-	0	0	0		65	2	395	0.005063291139240506	222	2	1210	0.001652892561983471
CUFF_NC.6569	3	17558716	17560764	-	0	0	0		134	2	438	0.0045662100456621	492	1	1648	0.0006067961165048543
CUFF_NC.6572	3	17598448	17599141	+	0	0	0		43	0	225	0.0	128	0	725	0.0
CUFF_NC.6579	3	17610389	17616359	-	0	0	0		258	3	1721	0.0017431725740848344	1604	27	10896	0.0024779735682819385
CUFF_NC.6576	3	17626944	17627408	-	0	0	0		24	2	189	0.010582010582010581	133	3	1103	0.0027198549410698096
CUFF_NC.6575	3	17644174	17646010	-	0	0	0		122	0	523	0.0	376	4	1506	0.0026560424966799467
CUFF_NC.6577	3	17656628	17657430	+	0	0	0		58	10	396	0.025252525252525252	243	7	1570	0.0044585987261146496
CUFF_NC.6580	3	17665614	17667035	+	0	0	0		72	211	488	0.4323770491803279	377	148	2579	0.05738658394726638
CUFF_NC.6581	3	17715508	17716173	+	0	0	0		24	0	127	0.0	169	0	805	0.0
CUFF_NC.6591	3	17775774	17776565	+	0	0	0		25	58	186	0.3118279569892473	171	60	1199	0.05004170141784821
CUFF_NC.6590	3	17780872	17781326	+	0	0	0		36	2	213	0.009389671361502348	124	2	761	0.002628120893561104
CUFF_NC.6582	3	17838595	17839731	-	0	0	0		54	1	335	0.0029850746268656717	298	2	1800	0.0011111111111111111
CUFF_NC.6583	3	17842271	17842827	-	0	0	0		26	38	144	0.2638888888888889	161	40	1023	0.039100684261974585
CUFF_NC.6584	3	17844523	17845558	+	0	0	0		59	43	348	0.1235632183908046	234	10	1625	0.006153846153846154
CUFF_NC.6585	3	17845481	17846004	-	0	0	0		28	51	187	0.2727272727272727	101	21	755	0.02781456953642384
CUFF_NC.6588	3	17867068	17868491	-	0	0	0		91	0	389	0.0	292	3	1363	0.0022010271460014674
CUFF_NC.6586	3	17869863	17870304	+	0	0	0		28	0	178	0.0	139	3	748	0.004010695187165776
CUFF_NC.6587	3	17872179	17874107	+	0	0	0		99	1	661	0.0015128593040847202	510	2	3244	0.0006165228113440197
CUFF_NC.6592	3	17887596	17890815	-	0	0	0		130	3	680	0.004411764705882353	751	15	3773	0.003975616220514179
CUFF_NC.6589	3	17894329	17895035	-	0	0	0		41	0	219	0.0	186	1	975	0.0010256410256410256
CUFF_NC.6594	3	17897784	17898456	-	0	0	0		35	1	226	0.004424778761061947	167	1	1037	0.0009643201542912247
CUFF_NC.6595	3	17933582	17934155	-	0	0	0		45	0	327	0.0	159	0	1149	0.0
CUFF_NC.6598	3	17941069	17941966	-	0	0	0		46	1	309	0.003236245954692557	231	7	1367	0.005120702267739576
CUFF_NC.6593	3	17945233	17945897	-	0	0	0		21	12	116	0.10344827586206896	130	31	802	0.03865336658354115
CUFF_NC.6596	3	17962200	17962926	-	0	0	0		40	0	261	0.0	225	2	1070	0.001869158878504673
CUFF_NC.6597	3	17965537	17966070	-	0	0	0		9	0	23	0.0	69	1	275	0.0036363636363636364
CUFF_NC.6599	3	17974962	17975460	+	0	0	0		22	0	61	0.0	75	1	191	0.005235602094240838
CUFF_NC.6602	3	17987118	17987954	-	0	0	0		59	2	377	0.005305039787798408	223	5	1379	0.0036258158085569255
CUFF_NC.6600	3	18027546	18028115	+	0	0	0		12	1	70	0.014285714285714285	143	2	1085	0.0018433179723502304
CUFF_NC.6601	3	18028751	18029189	-	0	0	0		40	1	205	0.004878048780487805	92	0	457	0.0
CUFF_NC.6606	3	18031793	18032413	-	0	0	0		40	0	286	0.0	169	2	842	0.0023752969121140144
CUFF_NC.6607	3	18037123	18039806	+	0	0	0		185	2	813	0.0024600246002460025	744	8	3496	0.002288329519450801
CUFF_NC.6608	3	18043748	18044351	-	0	0	0		26	1	188	0.005319148936170213	169	1	1156	0.0008650519031141869
CUFF_NC.6604	3	18055256	18056051	+	0	0	0		7	6	7	0.8571428571428571	28	11	35	0.3142857142857143
CUFF_NC.6609	3	18069723	18070186	-	0	0	0		7	12	21	0.5714285714285714	127	40	790	0.05063291139240506
CUFF_NC.6613	3	18087072	18088008	+	0	0	0		32	1	237	0.004219409282700422	242	3	1518	0.001976284584980237
CUFF_NC.6612	3	18091109	18095115	-	0	0	0		243	1	1620	0.0006172839506172839	1148	8	7340	0.0010899182561307902
CUFF_NC.6611	3	18095780	18096454	+	0	0	0		19	0	110	0.0	202	1	795	0.0012578616352201257
CUFF_NC.6610	3	18116159	18116594	+	0	0	0		40	0	202	0.0	94	1	477	0.0020964360587002098
CUFF_NC.6625	3	18127710	18129139	-	0	0	0		92	2	521	0.003838771593090211	410	6	2464	0.002435064935064935
CUFF_NC.6626	3	18135082	18136484	-	0	0	0		99	1	627	0.001594896331738437	369	4	2290	0.0017467248908296944
CUFF_NC.6614	3	18184270	18184778	+	0	0	0		28	2	247	0.008097165991902834	136	2	1080	0.001851851851851852
CUFF_NC.6616	3	18187403	18189143	+	0	0	0		151	1	911	0.0010976948408342481	472	4	2684	0.0014903129657228018
CUFF_NC.6615	3	18209375	18209908	-	0	0	0		28	1	125	0.008	145	0	569	0.0
CUFF_NC.6617	3	18213425	18213837	+	0	0	0		27	0	162	0.0	119	3	670	0.004477611940298508
CUFF_NC.6618	3	18215807	18216511	+	0	0	0		57	1	326	0.003067484662576687	179	2	859	0.002328288707799767
CUFF_NC.6620	3	18220679	18221332	-	0	0	0		37	0	242	0.0	179	3	1124	0.0026690391459074734
CUFF_NC.6624	3	18240847	18241413	+	0	0	0		23	0	88	0.0	127	1	699	0.001430615164520744
CUFF_NC.6621	3	18249733	18251357	-	0	0	0		105	0	466	0.0	366	2	1535	0.0013029315960912053
CUFF_NC.6622	3	18252977	18253668	-	0	0	0		68	0	349	0.0	165	2	882	0.0022675736961451248
CUFF_NC.6619	3	18254744	18255389	-	0	0	0		44	188	265	0.7094339622641509	166	117	883	0.13250283125707815
CUFF_NC.6623	3	18267265	18268054	+	0	0	0		48	1	279	0.0035842293906810036	199	6	1210	0.0049586776859504135
CUFF_NC.6627	3	18276715	18279865	+	0	0	0		104	3	551	0.0054446460980036296	819	9	4595	0.001958650707290533
CUFF_NC.6628	3	18285677	18286583	+	0	0	0		64	3	383	0.007832898172323759	271	6	1581	0.003795066413662239
CUFF_NC.6631	3	18299532	18300480	+	0	0	0		46	1	243	0.00411522633744856	205	2	1082	0.0018484288354898336
CUFF_NC.6630	3	18303363	18303714	+	0	0	0		33	0	185	0.0	95	3	467	0.006423982869379015
CUFF_NC.6629	3	18309862	18310718	-	0	0	0		4	7	24	0.2916666666666667	38	24	318	0.07547169811320754
CUFF_NC.6632	3	18318809	18319432	+	0	0	0		22	0	199	0.0	96	0	704	0.0
CUFF_NC.6633	3	18321044	18321344	+	0	0	0		16	0	100	0.0	75	0	492	0.0
CUFF_NC.6634	3	18327290	18328060	-	0	0	0		53	0	333	0.0	197	4	1165	0.0034334763948497852
CUFF_NC.6639	3	18349147	18350103	+	0	0	0		82	0	450	0.0	286	2	1532	0.0013054830287206266
CUFF_NC.6636	3	18354423	18360725	-	0	0	0		198	6	1038	0.005780346820809248	1204	42	5952	0.007056451612903226
CUFF_NC.6638	3	18355260	18355755	+	0	0	0		22	2	123	0.016260162601626018	142	1	704	0.0014204545454545455
CUFF_NC.6637	3	18359354	18360356	-	0	0	0		38	0	171	0.0	217	3	1085	0.0027649769585253456
CUFF_NC.6635	3	18360916	18361706	-	0	0	0		49	0	257	0.0	240	1	1158	0.0008635578583765112
CUFF_NC.6640	3	18366759	18367387	-	0	0	0		16	2	59	0.03389830508474576	111	10	459	0.02178649237472767
CUFF_NC.6652	3	18370646	18371339	-	0	0	0		50	0	187	0.0	183	1	705	0.0014184397163120568
CUFF_NC.6642	3	18372499	18373163	+	0	0	0		24	0	98	0.0	173	1	768	0.0013020833333333333
CUFF_NC.6649	3	18377217	18377769	-	0	0	0		25	0	170	0.0	140	0	885	0.0
CUFF_NC.6650	3	18387396	18389118	+	0	0	0		135	1	723	0.0013831258644536654	458	2	1634	0.0012239902080783353
CUFF_NC.6643	3	18418496	18420899	-	0	0	0		185	3	993	0.0030211480362537764	658	8	3566	0.002243409983174425
CUFF_NC.6644	3	18450683	18451597	+	0	0	0		65	2	369	0.005420054200542005	220	3	919	0.003264417845484222
CUFF_NC.6645	3	18451929	18452359	-	0	0	0		9	0	42	0.0	113	1	554	0.0018050541516245488
CUFF_NC.6646	3	18452576	18453125	+	0	0	0		12	0	97	0.0	144	5	1150	0.004347826086956522
CUFF_NC.6647	3	18461875	18462172	+	0	0	0		20	1	105	0.009523809523809525	70	0	351	0.0
CUFF_NC.6648	3	18468112	18470154	+	0	0	0		108	1	672	0.001488095238095238	433	0	2300	0.0
CUFF_NC.6654	3	18475789	18476228	+	0	0	0		21	2	145	0.013793103448275862	146	0	798	0.0
CUFF_NC.6653	3	18480930	18481699	-	0	0	0		34	1	190	0.005263157894736842	188	2	1097	0.0018231540565177757
CUFF_NC.6660	3	18485580	18485964	-	0	0	0		24	0	178	0.0	102	0	680	0.0
CUFF_NC.6659	3	18494264	18494877	+	0	0	0		17	0	126	0.0	170	3	1089	0.0027548209366391185
CUFF_NC.6655	3	18496179	18496618	-	0	0	0		34	0	191	0.0	107	0	521	0.0
CUFF_NC.6656	3	18497837	18498479	-	0	0	0		55	0	204	0.0	167	1	578	0.0017301038062283738
CUFF_NC.6658	3	18500903	18502184	+	0	0	0		105	0	433	0.0	275	1	1213	0.0008244023083264633
CUFF_NC.6657	3	18515539	18516418	-	0	0	0		9	0	55	0.0	222	2	1030	0.001941747572815534
CUFF_NC.6661	3	18516874	18519819	-	0	0	0		70	48	372	0.12903225806451613	598	25	3837	0.006515506906437321
CUFF_NC.6662	3	18522278	18523751	-	0	0	0		79	1	414	0.0024154589371980675	375	3	1562	0.0019206145966709346
CUFF_NC.6663	3	18530351	18531384	+	0	0	0		52	1	375	0.0026666666666666666	286	2	2060	0.000970873786407767
CUFF_NC.6666	3	18532553	18534008	+	0	0	0		110	0	617	0.0	411	0	1838	0.0
CUFF_NC.6664	3	18558147	18559554	+	0	0	0		119	0	476	0.0	322	0	1055	0.0
CUFF_NC.6665	3	18573071	18574292	-	0	0	0		67	1	361	0.002770083102493075	370	0	1727	0.0
CUFF_NC.6668	3	18593817	18594497	+	0	0	0		27	0	76	0.0	131	1	337	0.002967359050445104
CUFF_NC.6667	3	18610475	18611316	+	0	0	0		29	0	132	0.0	151	2	658	0.00303951367781155
CUFF_NC.6676	3	18628484	18629046	+	0	0	0		38	0	192	0.0	141	0	666	0.0
CUFF_NC.6670	3	18629745	18631239	+	0	0	0		63	84	221	0.38009049773755654	100	101	450	0.22444444444444445
CUFF_NC.6669	3	18634379	18635085	-	0	0	0		54	3	191	0.015706806282722512	178	16	631	0.025356576862123614
CUFF_NC.6671	3	18635717	18637312	-	0	0	0		104	1	595	0.0016806722689075631	468	5	2731	0.001830831197363603
CUFF_NC.6672	3	18637739	18639946	-	0	0	0		120	1	807	0.0012391573729863693	605	4	4031	0.0009923096005953857
CUFF_NC.6674	3	18653641	18654805	+	0	0	0		65	172	280	0.6142857142857143	350	242	1514	0.15984147952443858
CUFF_NC.6675	3	18665400	18666759	+	0	0	0		115	0	531	0.0	314	3	1179	0.002544529262086514
CUFF_NC.6677	3	18672699	18673767	-	0	0	0		57	2	205	0.00975609756097561	259	1	1073	0.0009319664492078285
CUFF_NC.6678	3	18680422	18681426	+	0	0	0		82	1	369	0.0027100271002710027	303	1	1319	0.000758150113722517
CUFF_NC.6679	3	18702080	18702964	-	0	0	0		51	0	278	0.0	222	2	1397	0.0014316392269148174
CUFF_NC.6680	3	18706804	18707796	-	0	0	0		56	1	271	0.0036900369003690036	233	1	1151	0.0008688097306689834
CUFF_NC.6681	3	18706844	18707806	+	0	0	0		53	1	260	0.0038461538461538464	224	1	1126	0.0008880994671403197
CUFF_NC.6683	3	18725976	18728242	-	0	0	0		43	26	328	0.07926829268292683	538	92	4089	0.022499388603570557
CUFF_NC.6682	3	18730311	18730774	-	0	0	0		30	0	194	0.0	117	2	652	0.003067484662576687
CUFF_NC.6692	3	18733025	18739827	-	0	0	0		29	7	101	0.06930693069306931	251	53	721	0.07350901525658807
CUFF_NC.6687	3	18741725	18742137	+	0	0	0		32	2	153	0.013071895424836602	76	0	367	0.0
CUFF_NC.6688	3	18743745	18744206	+	0	0	0		26	0	107	0.0	101	1	351	0.002849002849002849
CUFF_NC.6684	3	18749883	18750256	+	0	0	0		11	0	79	0.0	97	0	566	0.0
CUFF_NC.6686	3	18753660	18754367	-	0	0	0		42	0	192	0.0	176	1	874	0.0011441647597254005
CUFF_NC.6685	3	18757490	18758140	-	0	0	0		21	3	114	0.02631578947368421	188	19	974	0.019507186858316223
CUFF_NC.6690	3	18759266	18759986	-	0	0	0		36	0	215	0.0	130	1	622	0.001607717041800643
CUFF_NC.6689	3	18768730	18769374	+	0	0	0		31	0	126	0.0	188	0	748	0.0
CUFF_NC.6694	3	18786404	18786951	+	0	0	0		32	0	220	0.0	142	1	916	0.001091703056768559
CUFF_NC.6693	3	18791149	18796088	-	0	0	0		335	814	1672	0.4868421052631579	1323	597	6847	0.08719147071710238
CUFF_NC.6691	3	18796319	18796907	+	0	0	0		11	1	57	0.017543859649122806	151	1	841	0.0011890606420927466
CUFF_NC.6695	3	18800363	18800943	-	0	0	0		32	0	156	0.0	128	1	424	0.0023584905660377358
CUFF_NC.6696	3	18806623	18808342	+	0	0	0		145	2	608	0.003289473684210526	395	2	1543	0.0012961762799740765
CUFF_NC.6699	3	18830912	18831640	-	0	0	0		6	4	16	0.25	28	2	120	0.016666666666666666
CUFF_NC.6698	3	18830912	18831924	+	0	0	0		7	4	17	0.23529411764705882	40	2	132	0.015151515151515152
CUFF_NC.6697	3	18832606	18833064	-	0	0	0		29	1	185	0.005405405405405406	133	1	841	0.0011890606420927466
CUFF_NC.6700	3	18835092	18837649	+	0	0	0		164	3	894	0.003355704697986577	732	4	3301	0.0012117540139351712
CUFF_NC.6701	3	18835772	18836765	+	0	0	0		54	2	280	0.007142857142857143	299	2	1050	0.0019047619047619048
CUFF_NC.6702	3	18855318	18857015	+	0	0	0		102	0	391	0.0	462	4	1679	0.0023823704586063135
CUFF_NC.6703	3	18861874	18863421	+	0	0	0		80	1	400	0.0025	414	2	2115	0.0009456264775413711
CUFF_NC.6705	3	18867837	18869208	-	0	0	0		62	0	310	0.0	382	3	1517	0.001977587343441002
CUFF_NC.6704	3	18872876	18873553	+	0	0	0		16	0	109	0.0	168	1	951	0.0010515247108307045
CUFF_NC.6708	3	18873907	18874723	-	0	0	0		34	0	209	0.0	195	2	1022	0.0019569471624266144
CUFF_NC.6714	3	18879072	18879912	+	0	0	0		41	0	302	0.0	214	4	1566	0.002554278416347382
CUFF_NC.6715	3	18880474	18880771	+	0	0	0		20	1	128	0.0078125	85	0	546	0.0
CUFF_NC.6706	3	18883922	18884393	-	0	0	0		28	12	206	0.05825242718446602	101	18	716	0.025139664804469275
CUFF_NC.6707	3	18885906	18886364	-	0	0	0		11	29	63	0.4603174603174603	81	34	438	0.0776255707762557
CUFF_NC.6711	3	18890958	18892621	+	0	0	0		123	1	514	0.0019455252918287938	466	2	2124	0.0009416195856873823
CUFF_NC.6709	3	18892729	18893229	-	0	0	0		28	0	155	0.0	118	0	695	0.0
CUFF_NC.6710	3	18892842	18893652	+	0	0	0		48	0	297	0.0	190	2	1158	0.0017271157167530224
CUFF_NC.6712	3	18897028	18898599	+	0	0	0		98	2	569	0.0035149384885764497	344	4	2075	0.0019277108433734939
CUFF_NC.6713	3	18899582	18899997	+	0	0	0		21	0	101	0.0	101	0	416	0.0
CUFF_NC.6719	3	18916189	18917336	-	0	0	0		69	0	270	0.0	277	0	1105	0.0
CUFF_NC.6716	3	18917621	18918705	-	0	0	0		41	1	214	0.004672897196261682	284	0	1488	0.0
CUFF_NC.6717	3	18924860	18925442	-	0	0	0		23	32	119	0.2689075630252101	121	59	626	0.09424920127795527
CUFF_NC.6721	3	18929538	18932922	-	0	0	0		118	2	616	0.003246753246753247	717	3	3558	0.0008431703204047217
CUFF_NC.6722	3	18946187	18947493	+	0	0	0		87	0	480	0.0	374	0	1815	0.0
CUFF_NC.6720	3	18949462	18950195	-	0	0	0		25	0	158	0.0	191	0	1026	0.0
CUFF_NC.6723	3	18973966	18974576	-	0	0	0		56	0	247	0.0	140	4	672	0.005952380952380952
CUFF_NC.6727	3	18998152	18999702	-	0	0	0		111	0	624	0.0	432	6	2306	0.0026019080659150044
CUFF_NC.6731	3	19000693	19001399	-	0	0	0		42	0	307	0.0	164	1	1005	0.0009950248756218905
CUFF_NC.6732	3	19004574	19005346	-	0	0	0		68	0	335	0.0	229	1	1113	0.0008984725965858042
CUFF_NC.6726	3	19007133	19008409	+	0	0	0		104	0	526	0.0	361	5	1650	0.0030303030303030303
CUFF_NC.6724	3	19012206	19013193	+	0	0	0		50	0	305	0.0	234	5	1502	0.003328894806924101
CUFF_NC.6725	3	19012446	19012976	-	0	0	0		29	0	189	0.0	134	3	933	0.003215434083601286
CUFF_NC.6728	3	19028633	19029319	-	0	0	0		52	0	242	0.0	170	1	566	0.0017667844522968198
CUFF_NC.6729	3	19038031	19038839	-	0	0	0		45	0	273	0.0	264	8	1309	0.006111535523300229
CUFF_NC.6730	3	19039929	19041091	-	0	0	0		71	0	372	0.0	334	2	1753	0.0011409013120365088
CUFF_NC.6734	3	19071427	19072046	-	0	0	0		35	0	213	0.0	188	0	1079	0.0
CUFF_NC.6736	3	19081046	19082633	+	0	0	0		85	2	545	0.003669724770642202	465	4	2741	0.001459321415541773
CUFF_NC.6740	3	19085048	19085830	-	0	0	0		25	0	142	0.0	227	0	1265	0.0
CUFF_NC.6741	3	19095826	19096268	-	0	0	0		33	1	214	0.004672897196261682	120	3	817	0.0036719706242350062
CUFF_NC.6737	3	19107932	19108837	-	0	0	0		55	0	399	0.0	246	6	1474	0.004070556309362279
CUFF_NC.6739	3	19132372	19133257	+	0	0	0		68	1	448	0.002232142857142857	239	5	1488	0.003360215053763441
CUFF_NC.6743	3	19151416	19152140	-	0	0	0		41	1	182	0.005494505494505495	212	1	1054	0.0009487666034155598
CUFF_NC.6738	3	19152526	19153002	-	0	0	0		12	1	55	0.01818181818181818	75	1	458	0.002183406113537118
CUFF_NC.6742	3	19168617	19169601	-	0	0	0		49	0	307	0.0	292	3	1493	0.0020093770931011385
CUFF_NC.6747	3	19188624	19192040	-	0	0	0		261	5	1412	0.0035410764872521247	1010	11	4717	0.002331990672037312
CUFF_NC.6744	3	19192662	19195269	-	0	0	0		94	2	649	0.0030816640986132513	607	11	4152	0.0026493256262042388
CUFF_NC.6745	3	19206099	19206580	-	0	0	0		23	1	149	0.006711409395973154	98	0	580	0.0
CUFF_NC.6746	3	19207118	19208495	+	0	0	0		101	0	566	0.0	361	6	2077	0.002888781896966779
CUFF_NC.6750	3	19248423	19248782	+	0	0	0		16	2	95	0.021052631578947368	64	0	394	0.0
CUFF_NC.6748	3	19250491	19251159	+	0	0	0		43	0	205	0.0	163	2	855	0.0023391812865497076
CUFF_NC.6749	3	19267273	19267761	-	0	0	0		22	0	127	0.0	132	0	768	0.0
CUFF_NC.6754	3	19273644	19274810	+	0	0	0		65	1	338	0.0029585798816568047	342	1	1307	0.0007651109410864575
CUFF_NC.6751	3	19287646	19289226	-	0	0	0		93	1	587	0.0017035775127768314	399	4	2200	0.0018181818181818182
CUFF_NC.6752	3	19293743	19297310	-	0	0	0		188	2	1133	0.00176522506619594	982	16	5966	0.0026818638954073082
CUFF_NC.6753	3	19294217	19298116	-	0	0	0		208	2	1219	0.0016406890894175555	1069	13	6411	0.0020277647792856027
CUFF_NC.6757	3	19310557	19312396	+	0	0	0		92	1	551	0.0018148820326678765	493	6	2604	0.002304147465437788
CUFF_NC.6758	3	19338411	19342737	-	0	0	0		336	1	2016	0.000496031746031746	1198	25	7257	0.0034449497037343257
CUFF_NC.6755	3	19346230	19346645	+	0	0	0		13	0	69	0.0	133	0	450	0.0
CUFF_NC.6756	3	19347845	19348691	+	0	0	0		75	4	552	0.007246376811594203	246	1	1596	0.0006265664160401002
CUFF_NC.6759	3	19403870	19404941	+	0	0	0		66	0	420	0.0	297	1	1923	0.0005200208008320333
CUFF_NC.6760	3	19417348	19418463	-	0	0	0		67	0	283	0.0	301	0	1121	0.0
CUFF_NC.6762	3	19431124	19432033	-	0	0	0		35	0	173	0.0	227	0	1389	0.0
CUFF_NC.6761	3	19435158	19436248	-	0	0	0		60	0	287	0.0	333	1	1739	0.0005750431282346176
CUFF_NC.6763	3	19450538	19451589	-	0	0	0		52	1	293	0.0034129692832764505	283	4	1460	0.0027397260273972603
CUFF_NC.6764	3	19460895	19463779	-	0	0	0		99	1	559	0.0017889087656529517	719	10	4470	0.0022371364653243847
CUFF_NC.6767	3	19465460	19467513	+	0	0	0		132	1	674	0.001483679525222552	436	2	2060	0.000970873786407767
CUFF_NC.6768	3	19473382	19474272	-	0	0	0		40	0	177	0.0	249	3	1073	0.0027958993476234857
CUFF_NC.6765	3	19474978	19475657	-	0	0	0		48	0	156	0.0	185	2	672	0.002976190476190476
CUFF_NC.6770	3	19502403	19502850	-	0	0	0		31	1	172	0.005813953488372093	137	0	707	0.0
CUFF_NC.6766	3	19509543	19510244	+	0	0	0		5	0	5	0.0	20	0	25	0.0
CUFF_NC.6769	3	19511484	19512843	-	0	0	0		51	2	308	0.006493506493506494	377	0	2300	0.0
CUFF_NC.6774	3	19519961	19520514	+	0	0	0		36	0	240	0.0	124	0	767	0.0
CUFF_NC.6773	3	19523702	19524846	-	0	0	0		78	2	463	0.004319654427645789	322	0	1934	0.0
CUFF_NC.6775	3	19538371	19543190	+	0	0	0		156	0	762	0.0	1166	10	6351	0.001574555188159345
CUFF_NC.6771	3	19546238	19547262	+	0	0	0		42	0	199	0.0	222	0	1085	0.0
CUFF_NC.6780	3	19547357	19549011	-	0	0	0		52	0	332	0.0	338	2	1865	0.0010723860589812334
CUFF_NC.6781	3	19548971	19549593	+	0	0	0		9	0	45	0.0	148	4	771	0.005188067444876783
CUFF_NC.6772	3	19554462	19554956	+	0	0	0		34	0	155	0.0	112	2	416	0.004807692307692308
CUFF_NC.6779	3	19569349	19570584	-	0	0	0		101	0	470	0.0	276	4	1352	0.0029585798816568047
CUFF_NC.6777	3	19575509	19576552	+	0	0	0		48	0	232	0.0	295	2	1494	0.0013386880856760374
CUFF_NC.6778	3	19576711	19577169	+	0	0	0		24	1	143	0.006993006993006993	107	1	696	0.0014367816091954023
CUFF_NC.6783	3	19611328	19612765	-	0	0	0		101	13	492	0.026422764227642278	420	9	1908	0.0047169811320754715
CUFF_NC.6782	3	19617595	19618002	+	0	0	0		17	0	100	0.0	118	1	678	0.0014749262536873156
CUFF_NC.6785	3	19642835	19643301	+	0	0	0		37	1	163	0.006134969325153374	119	1	540	0.001851851851851852
CUFF_NC.6784	3	19646366	19646923	-	0	0	0		29	1	164	0.006097560975609756	161	0	766	0.0
CUFF_NC.6787	3	19657239	19661137	+	0	0	0		170	0	1020	0.0	991	16	5919	0.0027031593174522725
CUFF_NC.6788	3	19674541	19674894	-	0	0	0		19	0	135	0.0	102	2	693	0.002886002886002886
CUFF_NC.6790	3	19695566	19696765	-	0	0	0		70	0	330	0.0	312	1	1462	0.0006839945280437756
CUFF_NC.6791	3	19728914	19729332	-	0	0	0		20	0	123	0.0	103	1	568	0.0017605633802816902
CUFF_NC.6792	3	19753384	19754332	-	0	0	0		10	4	19	0.21052631578947367	57	1	130	0.007692307692307693
CUFF_NC.6793	3	19755898	19759697	-	0	0	0		171	2	961	0.002081165452653486	985	16	5508	0.002904865649963689
CUFF_NC.6793-2	3	19760482	19765404	-	0	0	0		241	3	1457	0.002059025394646534	1340	17	7876	0.0021584560690705943
CUFF_NC.6794	3	19768881	19770678	+	0	0	0		123	2	818	0.0024449877750611247	485	9	3284	0.0027405602923264312
CUFF_NC.6795	3	19775766	19776471	+	0	0	0		45	1	242	0.004132231404958678	176	2	986	0.002028397565922921
CUFF_NC.6797	3	19780227	19780879	+	0	0	0		55	0	280	0.0	171	0	684	0.0
CUFF_NC.6796	3	19809745	19810478	+	0	0	0		58	1	299	0.0033444816053511705	212	2	942	0.0021231422505307855
CUFF_NC.6798	3	19825148	19830062	-	0	0	0		382	7	2169	0.003227293683725219	1371	10	7331	0.0013640703860319193
CUFF_NC.6801	3	19859771	19861101	+	0	0	0		81	1	537	0.00186219739292365	360	3	2081	0.0014416146083613647
CUFF_NC.6806	3	19892910	19893216	+	0	0	0		28	1	220	0.004545454545454545	83	4	622	0.006430868167202572
CUFF_NC.6799	3	19901570	19902303	-	0	0	0		50	2	295	0.006779661016949152	228	6	1232	0.00487012987012987
CUFF_NC.6804	3	19903459	19904390	+	0	0	0		69	0	430	0.0	272	5	1397	0.0035790980672870437
CUFF_NC.6805	3	19909094	19910149	+	0	0	0		67	1	314	0.0031847133757961785	243	3	1245	0.0024096385542168677
CUFF_NC.6800	3	19910418	19910933	+	0	0	0		21	1	148	0.006756756756756757	120	1	761	0.001314060446780552
CUFF_NC.6802	3	19912495	19913519	+	0	0	0		32	0	145	0.0	208	2	1055	0.0018957345971563982
CUFF_NC.6808	3	19940492	19941080	-	0	0	0		35	1	154	0.006493506493506494	157	0	686	0.0
CUFF_NC.6807	3	19964098	19964604	-	0	0	0		23	0	137	0.0	136	1	1079	0.0009267840593141798
CUFF_NC.6809	3	19975264	19977383	-	0	0	0		195	1	891	0.001122334455667789	465	4	2093	0.0019111323459149545
CUFF_NC.6810	3	19986360	19986696	-	0	0	0		24	0	169	0.0	98	2	582	0.003436426116838488
CUFF_NC.6811	3	19986857	19987239	-	0	0	0		30	0	158	0.0	117	3	634	0.00473186119873817
CUFF_NC.6812	3	19996563	19997117	-	0	0	0		35	0	142	0.0	136	0	618	0.0
CUFF_NC.6814	3	20008479	20009093	+	0	0	0		17	0	122	0.0	158	2	1076	0.0018587360594795538
CUFF_NC.6813	3	20014669	20015123	+	0	0	0		25	0	113	0.0	116	0	643	0.0
CUFF_NC.6820	3	20037113	20038145	+	0	0	0		64	1	362	0.0027624309392265192	269	4	1272	0.0031446540880503146
CUFF_NC.6819	3	20038729	20038970	-	0	0	0		15	0	54	0.0	43	1	139	0.007194244604316547
CUFF_NC.6818	3	20041465	20042156	+	0	0	0		45	1	216	0.004629629629629629	202	1	1035	0.000966183574879227
CUFF_NC.6815	3	20048187	20048799	+	0	0	0		33	0	172	0.0	164	4	915	0.004371584699453552
CUFF_NC.6817	3	20065601	20066454	-	0	0	0		68	2	315	0.006349206349206349	196	1	837	0.0011947431302270011
CUFF_NC.6816	3	20070158	20072031	-	0	0	0		155	1	645	0.0015503875968992248	584	5	2456	0.002035830618892508
CUFF_NC.6821	3	20084826	20085528	+	0	0	0		36	0	231	0.0	202	4	1407	0.0028429282160625444
CUFF_NC.6823	3	20114426	20115873	-	0	0	0		89	1	585	0.0017094017094017094	366	8	2113	0.003786086133459536
CUFF_NC.6822	3	20132196	20133750	+	0	0	0		115	1	600	0.0016666666666666668	351	1	1876	0.0005330490405117271
CUFF_NC.6824	3	20137582	20139135	+	0	0	0		116	1	678	0.0014749262536873156	426	3	2109	0.001422475106685633
CUFF_NC.6825	3	20142069	20142567	+	0	0	0		44	0	256	0.0	146	2	788	0.0025380710659898475
CUFF_NC.6830	3	20176908	20177461	+	0	0	0		60	1	488	0.0020491803278688526	150	2	1117	0.0017905102954341987
CUFF_NC.6831	3	20180190	20180811	-	0	0	0		45	0	198	0.0	166	0	712	0.0
CUFF_NC.6832	3	20181834	20182252	-	0	0	0		20	0	117	0.0	134	2	720	0.002777777777777778
CUFF_NC.6826	3	20191564	20192633	-	0	0	0		84	0	384	0.0	343	2	1666	0.0012004801920768306
CUFF_NC.6834	3	20206170	20208620	-	0	0	0		56	79	214	0.3691588785046729	822	39	2175	0.01793103448275862
CUFF_NC.6827	3	20210817	20211701	-	0	0	0		43	0	200	0.0	190	3	814	0.0036855036855036856
CUFF_NC.6828	3	20220673	20222975	+	0	0	0		174	0	1065	0.0	650	5	3538	0.0014132278123233466
CUFF_NC.6829	3	20228189	20229305	+	0	0	0		82	1	459	0.002178649237472767	280	2	1433	0.0013956734124214933
CUFF_NC.6833	3	20248960	20249351	+	0	0	0		32	0	177	0.0	118	2	732	0.00273224043715847
CUFF_NC.6835	3	20256875	20257991	+	0	0	0		58	1	251	0.00398406374501992	258	0	1019	0.0
CUFF_NC.6841	3	20262548	20263361	-	0	0	0		56	4	395	0.010126582278481013	207	2	1284	0.001557632398753894
CUFF_NC.6842	3	20263469	20264082	-	0	0	0		53	0	271	0.0	183	2	985	0.0020304568527918783
CUFF_NC.6836	3	20285345	20285855	-	0	0	0		18	1	109	0.009174311926605505	133	0	855	0.0
CUFF_NC.6837	3	20300195	20300885	-	0	0	0		32	1	149	0.006711409395973154	168	0	681	0.0
CUFF_NC.6838	3	20301974	20302840	-	0	0	0		74	0	286	0.0	242	0	918	0.0
CUFF_NC.6840	3	20312186	20312903	+	0	0	0		34	0	229	0.0	197	0	1265	0.0
CUFF_NC.6839	3	20317585	20318180	+	0	0	0		17	0	126	0.0	153	4	1309	0.0030557677616501145
CUFF_NC.6846	3	20341776	20342427	+	0	0	0		51	1	369	0.0027100271002710027	163	2	968	0.002066115702479339
CUFF_NC.6843	3	20354023	20354956	-	0	0	0		65	0	323	0.0	269	5	1443	0.003465003465003465
CUFF_NC.6844	3	20363381	20364126	+	0	0	0		49	0	292	0.0	199	2	1240	0.0016129032258064516
CUFF_NC.6845	3	20366501	20366915	+	0	0	0		24	0	105	0.0	106	1	412	0.0024271844660194173
CUFF_NC.6847	3	20403035	20404731	+	0	0	0		135	2	828	0.0024154589371980675	468	6	2552	0.0023510971786833857
CUFF_NC.6852	3	20416793	20419537	+	0	0	0		155	0	729	0.0	711	5	3440	0.0014534883720930232
CUFF_NC.6848	3	20420494	20425622	+	0	0	0		236	1	1344	0.000744047619047619	1321	10	7344	0.0013616557734204794
CUFF_NC.6849	3	20430523	20434410	+	0	0	0		159	27	809	0.03337453646477132	902	23	4892	0.004701553556827474
CUFF_NC.6850	3	20430735	20431543	+	0	0	0		48	1	136	0.007352941176470588	208	0	732	0.0
CUFF_NC.6851	3	20435625	20436240	+	0	0	0		48	1	270	0.003703703703703704	145	2	733	0.002728512960436562
CUFF_NC.6853	3	20437519	20438151	+	0	0	0		7	0	43	0.0	157	1	788	0.0012690355329949238
CUFF_NC.6855	3	20471590	20472512	-	0	0	0		56	0	234	0.0	301	3	1187	0.002527379949452401
CUFF_NC.6854	3	20476615	20477183	+	0	0	0		18	1	62	0.016129032258064516	134	1	478	0.0020920502092050207
CUFF_NC.6856	3	20482294	20488511	+	0	0	0		148	473	997	0.4744232698094283	998	474	6514	0.07276634940128952
CUFF_NC.6859	3	20497516	20498166	-	0	0	0		48	0	289	0.0	213	3	1227	0.0024449877750611247
CUFF_NC.6860	3	20516826	20518014	-	0	0	0		116	0	736	0.0	337	2	1965	0.0010178117048346056
CUFF_NC.6857	3	20531743	20532107	-	0	0	0		14	0	90	0.0	66	0	324	0.0
CUFF_NC.6858	3	20547239	20548902	-	0	0	0		74	3	437	0.006864988558352402	428	5	2454	0.002037489812550937
CUFF_NC.6861	3	20550201	20550719	+	0	0	0		40	0	184	0.0	165	3	722	0.004155124653739612
CUFF_NC.6863	3	20562852	20563802	-	0	0	0		68	3	393	0.007633587786259542	264	1	1576	0.0006345177664974619
CUFF_NC.6870	3	20564100	20564423	-	0	0	0		18	0	87	0.0	87	0	384	0.0
CUFF_NC.6867	3	20578995	20579325	-	0	0	0		22	0	106	0.0	83	0	367	0.0
CUFF_NC.6865	3	20584469	20585746	+	0	0	0		67	267	483	0.5527950310559007	359	279	2320	0.12025862068965518
CUFF_NC.6862	3	20588247	20588689	+	0	0	0		19	0	108	0.0	116	1	633	0.001579778830963665
CUFF_NC.6866	3	20606107	20606928	+	0	0	0		26	0	104	0.0	182	1	834	0.001199040767386091
CUFF_NC.6864	3	20616259	20616719	-	0	0	0		37	0	205	0.0	120	0	663	0.0
CUFF_NC.6882	3	20638305	20638719	-	0	0	0		34	0	210	0.0	108	1	668	0.0014970059880239522
CUFF_NC.6872	3	20647803	20648208	-	0	0	0		2	0	5	0.0	12	0	15	0.0
CUFF_NC.6871	3	20658306	20658848	+	0	0	0		16	55	96	0.5729166666666666	133	45	661	0.0680786686838124
CUFF_NC.6874	3	20666929	20668193	-	0	0	0		104	2	620	0.0032258064516129032	325	6	1769	0.0033917467495760316
CUFF_NC.6873	3	20672477	20673223	-	0	0	0		38	1	206	0.0048543689320388345	238	1	1030	0.000970873786407767
CUFF_NC.6875	3	20685600	20686237	-	0	0	0		15	45	70	0.6428571428571429	86	27	376	0.07180851063829788
CUFF_NC.6878	3	20692120	20695370	+	0	0	0		100	62	527	0.11764705882352941	681	34	3641	0.009338093930238945
CUFF_NC.6876	3	20713795	20714819	-	0	0	0		47	0	228	0.0	214	1	806	0.0012406947890818859
CUFF_NC.6877	3	20726664	20727087	+	0	0	0		10	62	84	0.7380952380952381	86	81	645	0.12558139534883722
CUFF_NC.6879	3	20752782	20753210	-	0	0	0		0	0	0		6	0	6	0.0
CUFF_NC.6880	3	20752792	20753409	+	0	0	0		0	0	0		6	0	6	0.0
CUFF_NC.6881	3	20753813	20756717	+	0	0	0		182	3	778	0.0038560411311053984	583	7	2318	0.0030198446937014668
CUFF_NC.6883	3	20764484	20764812	+	0	0	0		7	4	32	0.125	53	32	247	0.12955465587044535
CUFF_NC.6886	3	20767715	20768490	+	0	0	0		36	1	163	0.006134969325153374	188	2	1119	0.0017873100983020554
CUFF_NC.6884	3	20775241	20776629	-	0	0	0		26	0	186	0.0	314	6	1854	0.003236245954692557
CUFF_NC.6885	3	20776875	20778585	-	0	0	0		138	1	737	0.0013568521031207597	476	7	2159	0.003242241778601204
CUFF_NC.6888	3	20804203	20804710	+	0	0	0		30	31	88	0.3522727272727273	136	20	464	0.04310344827586207
CUFF_NC.6889	3	20805012	20806131	+	0	0	0		55	0	290	0.0	276	5	1527	0.0032743942370661427
CUFF_NC.6887	3	20806795	20807518	+	0	0	0		47	1	211	0.004739336492890996	238	1	1103	0.0009066183136899365
CUFF_NC.6894	3	20827915	20829348	-	0	0	0		103	0	598	0.0	393	1	2323	0.00043047783039173483
CUFF_NC.6895	3	20829546	20830278	-	0	0	0		55	2	301	0.006644518272425249	208	5	1097	0.004557885141294439
CUFF_NC.6896	3	20831626	20832098	-	0	0	0		46	0	225	0.0	135	0	700	0.0
CUFF_NC.6897	3	20833606	20834609	+	0	0	0		97	4	601	0.0066555740432612314	296	5	1663	0.003006614552014432
CUFF_NC.6898	3	20835853	20836701	+	0	0	0		47	0	305	0.0	250	3	1423	0.0021082220660576245
CUFF_NC.6890	3	20850039	20850451	-	0	0	0		34	0	214	0.0	85	1	498	0.002008032128514056
CUFF_NC.6891	3	20870674	20871084	-	0	0	0		34	0	236	0.0	123	2	744	0.002688172043010753
CUFF_NC.6892	3	20871348	20872016	-	0	0	0		41	1	249	0.004016064257028112	196	2	1257	0.0015910898965791568
CUFF_NC.6893	3	20879098	20879737	+	0	0	0		26	1	129	0.007751937984496124	175	0	925	0.0
CUFF_NC.6899	3	20899331	20900380	+	0	0	0		96	0	450	0.0	318	2	1499	0.00133422281521014
CUFF_NC.6900	3	20907247	20907753	-	0	0	0		44	4	243	0.01646090534979424	122	11	766	0.014360313315926894
CUFF_NC.6901	3	20909770	20910502	+	0	0	0		22	0	120	0.0	215	1	1180	0.000847457627118644
CUFF_NC.6903	3	20915471	20921472	+	0	0	0		446	4	2533	0.0015791551519936833	1695	12	8774	0.0013676772281741509
CUFF_NC.6902	3	20925249	20925719	+	0	0	0		39	1	215	0.004651162790697674	133	1	631	0.001584786053882726
CUFF_NC.6905	3	20964685	20965590	-	0	0	0		61	0	244	0.0	226	2	918	0.002178649237472767
CUFF_NC.6906	3	20965898	20968304	-	0	0	0		164	1	917	0.0010905125408942203	663	5	3397	0.0014718869590815426
CUFF_NC.6904	3	20968812	20970876	-	0	0	0		131	2	579	0.0034542314335060447	605	4	2621	0.0015261350629530714
CUFF_NC.6911	3	20981983	20984364	-	0	0	0		189	2	1108	0.0018050541516245488	708	10	3954	0.0025290844714213456
CUFF_NC.6910	3	20988037	20988495	+	0	0	0		20	1	77	0.012987012987012988	100	3	501	0.005988023952095809
CUFF_NC.6907	3	21003106	21004329	-	0	0	0		91	0	577	0.0	328	3	2068	0.0014506769825918763
CUFF_NC.6909	3	21006909	21008493	+	0	0	0		74	29	350	0.08285714285714285	402	40	2010	0.01990049751243781
CUFF_NC.6912	3	21011675	21012284	-	0	0	0		51	1	308	0.003246753246753247	178	2	806	0.0024813895781637717
CUFF_NC.6913	3	21012477	21013050	-	0	0	0		32	0	212	0.0	154	1	1034	0.0009671179883945841
CUFF_NC.6927	3	21042566	21043139	+	0	0	0		49	2	354	0.005649717514124294	172	1	1134	0.0008818342151675485
CUFF_NC.6924	3	21050714	21051078	+	0	0	0		48	0	152	0.0	125	1	386	0.0025906735751295338
CUFF_NC.6925	3	21051297	21052218	+	0	0	0		87	1	517	0.0019342359767891683	248	1	1195	0.0008368200836820083
CUFF_NC.6914	3	21059934	21060922	-	0	0	0		70	2	313	0.006389776357827476	258	0	1155	0.0
CUFF_NC.6918	3	21075090	21076072	-	0	0	0		46	0	283	0.0	296	1	1623	0.0006161429451632779
CUFF_NC.6920	3	21077565	21077931	-	0	0	0		27	0	194	0.0	114	0	808	0.0
CUFF_NC.6921	3	21081193	21082117	-	0	0	0		66	2	298	0.006711409395973154	267	0	1060	0.0
CUFF_NC.6917	3	21088052	21089682	+	0	0	0		99	6	592	0.010135135135135136	436	9	2551	0.0035280282242257936
CUFF_NC.6916	3	21092286	21092842	-	0	0	0		35	0	320	0.0	151	2	901	0.0022197558268590455
CUFF_NC.6915	3	21099185	21099796	+	0	0	0		23	0	144	0.0	170	7	1094	0.006398537477148081
CUFF_NC.6919	3	21102434	21103279	+	0	0	0		71	1	411	0.0024330900243309003	227	1	1241	0.0008058017727639
CUFF_NC.6922	3	21110542	21111469	-	0	0	0		73	2	522	0.0038314176245210726	244	1	1623	0.0006161429451632779
CUFF_NC.6926	3	21123846	21125304	-	0	0	0		99	1	512	0.001953125	400	1	1834	0.0005452562704471102
CUFF_NC.6923	3	21132417	21132829	+	0	0	0		37	0	161	0.0	118	0	540	0.0
CUFF_NC.6928	3	21134572	21135366	-	0	0	0		48	1	255	0.00392156862745098	192	6	1077	0.005571030640668524
CUFF_NC.6929	3	21138716	21140754	-	0	0	0		128	0	543	0.0	475	4	1981	0.0020191822311963654
CUFF_NC.6932	3	21177221	21178074	-	0	0	0		40	0	264	0.0	208	0	1211	0.0
CUFF_NC.6933	3	21180537	21181122	-	0	0	0		30	1	260	0.0038461538461538464	164	0	1251	0.0
CUFF_NC.6930	3	21186613	21187356	-	0	0	0		48	1	237	0.004219409282700422	167	1	788	0.0012690355329949238
CUFF_NC.6931	3	21191350	21192035	+	0	0	0		28	1	149	0.006711409395973154	185	3	951	0.0031545741324921135
CUFF_NC.6939	3	21205364	21206938	-	0	0	0		135	3	931	0.00322234156820623	438	7	2813	0.002488446498400284
CUFF_NC.6940	3	21216057	21216834	+	0	0	0		46	0	235	0.0	189	2	897	0.002229654403567447
CUFF_NC.6937	3	21232860	21234120	-	0	0	0		41	0	249	0.0	316	4	1672	0.0023923444976076554
CUFF_NC.6938	3	21235419	21235826	-	0	0	0		30	0	119	0.0	116	2	451	0.004434589800443459
CUFF_NC.6935	3	21236609	21237128	-	0	0	0		32	0	103	0.0	119	0	439	0.0
CUFF_NC.6936	3	21238169	21240112	-	0	0	0		114	4	505	0.007920792079207921	432	6	1764	0.003401360544217687
CUFF_NC.6942	3	21245587	21246062	+	0	0	0		29	0	179	0.0	148	1	926	0.0010799136069114472
CUFF_NC.6943	3	21247917	21248236	+	0	0	0		20	0	122	0.0	98	1	750	0.0013333333333333333
CUFF_NC.6941	3	21255706	21257131	+	0	0	0		90	1	562	0.0017793594306049821	441	4	2679	0.0014930944382232176
CUFF_NC.6945	3	21259397	21262521	-	0	0	0		133	0	779	0.0	758	5	4990	0.001002004008016032
CUFF_NC.6962	3	21264870	21265816	+	0	0	0		4	0	4	0.0	10	0	10	0.0
CUFF_NC.6944	3	21268493	21268901	+	0	0	0		23	0	127	0.0	74	0	404	0.0
CUFF_NC.6949	3	21277215	21277758	+	0	0	0		15	0	45	0.0	96	1	364	0.0027472527472527475
CUFF_NC.6947	3	21280154	21281066	+	0	0	0		61	0	261	0.0	234	0	906	0.0
CUFF_NC.6946	3	21281878	21282371	-	0	0	0		45	3	178	0.016853932584269662	143	4	525	0.007619047619047619
CUFF_NC.6950	3	21288802	21291272	+	0	0	0		194	2	964	0.002074688796680498	713	10	3687	0.0027122321670735015
CUFF_NC.6948	3	21301464	21303263	+	0	0	0		95	2	424	0.0047169811320754715	448	4	1913	0.0020909566126502874
CUFF_NC.6957	3	21339699	21340015	+	0	0	0		31	1	247	0.004048582995951417	89	2	738	0.0027100271002710027
CUFF_NC.6952	3	21361417	21362983	-	0	0	0		133	2	655	0.0030534351145038168	454	6	2161	0.002776492364645997
CUFF_NC.6951	3	21372583	21373066	-	0	0	0		26	0	118	0.0	160	2	779	0.0025673940949935813
CUFF_NC.6956	3	21383179	21383920	-	0	0	0		40	0	239	0.0	185	3	1018	0.0029469548133595285
CUFF_NC.6953	3	21386216	21386955	+	0	0	0		48	1	382	0.002617801047120419	217	2	1658	0.0012062726176115801
CUFF_NC.6954	3	21395806	21397051	-	0	0	0		67	1	411	0.0024330900243309003	379	2	2189	0.0009136592051164915
CUFF_NC.6959	3	21405431	21406057	+	0	0	0		41	1	240	0.004166666666666667	175	1	1219	0.0008203445447087777
CUFF_NC.6960	3	21406219	21407239	+	0	0	0		68	1	312	0.003205128205128205	224	2	1014	0.0019723865877712033
CUFF_NC.6961	3	21409077	21412017	+	0	0	0		175	0	845	0.0	755	9	3476	0.002589182968929804
CUFF_NC.6958	3	21413525	21414290	+	0	0	0		17	0	127	0.0	204	17	1446	0.011756569847856155
CUFF_NC.6965	3	21419400	21421260	-	0	0	0		139	4	711	0.005625879043600563	446	7	1877	0.0037293553542887587
CUFF_NC.6964	3	21423170	21424963	-	0	0	0		28	0	169	0.0	124	0	722	0.0
CUFF_NC.6967	3	21432068	21432715	+	0	0	0		45	0	239	0.0	198	1	858	0.0011655011655011655
CUFF_NC.6970	3	21455598	21457031	-	0	0	0		41	0	239	0.0	358	3	1929	0.0015552099533437014
CUFF_NC.6966	3	21460154	21461148	-	0	0	0		37	0	209	0.0	295	2	1471	0.0013596193065941536
CUFF_NC.6971	3	21470076	21471758	+	0	0	0		113	1	599	0.001669449081803005	411	0	2232	0.0
CUFF_NC.6968	3	21472982	21473274	-	0	0	0		19	1	65	0.015384615384615385	81	1	274	0.0036496350364963502
CUFF_NC.6972	3	21478047	21478645	+	0	0	0		29	0	142	0.0	160	2	762	0.0026246719160104987
CUFF_NC.6969	3	21478701	21479265	+	0	0	0		16	0	95	0.0	146	0	919	0.0
CUFF_NC.6975	3	21480902	21481233	-	0	0	0		23	0	163	0.0	78	1	442	0.0022624434389140274
CUFF_NC.6974	3	21485645	21486416	-	0	0	0		76	0	345	0.0	223	1	891	0.001122334455667789
CUFF_NC.6979	3	21491682	21492526	-	0	0	0		42	0	241	0.0	135	1	616	0.0016233766233766235
CUFF_NC.6973	3	21505029	21505408	+	0	0	0		33	0	186	0.0	92	0	563	0.0
CUFF_NC.6976	3	21507147	21507584	+	0	0	0		34	0	156	0.0	116	1	524	0.0019083969465648854
CUFF_NC.6978	3	21517871	21519234	-	0	0	0		85	2	470	0.00425531914893617	368	0	1726	0.0
CUFF_NC.6977	3	21522429	21523456	+	0	0	0		49	0	201	0.0	278	2	1134	0.001763668430335097
CUFF_NC.6981	3	21565176	21565908	+	0	0	0		40	0	261	0.0	207	1	1038	0.0009633911368015414
CUFF_NC.6980	3	21572047	21572479	+	0	0	0		22	0	173	0.0	104	0	760	0.0
CUFF_NC.6984	3	21592728	21593351	+	0	0	0		24	0	107	0.0	167	1	773	0.00129366106080207
CUFF_NC.6983	3	21596333	21596889	+	0	0	0		23	0	156	0.0	161	2	1129	0.001771479185119575
CUFF_NC.6982	3	21611146	21612286	+	0	0	0		34	37	550	0.06727272727272728	381	265	6073	0.043635764860859544
CUFF_NC.6987	3	21630659	21633633	-	0	0	0		159	0	1016	0.0	829	13	5081	0.0025585514662468016
CUFF_NC.6989	3	21641770	21643599	-	0	0	0		143	2	831	0.0024067388688327317	557	5	3224	0.0015508684863523574
CUFF_NC.6985	3	21652550	21652851	+	0	0	0		26	0	136	0.0	74	0	415	0.0
CUFF_NC.6988	3	21660893	21661214	+	0	0	0		18	0	103	0.0	92	1	549	0.0018214936247723133
CUFF_NC.6986	3	21684717	21685955	+	0	0	0		120	0	577	0.0	283	4	1266	0.00315955766192733
CUFF_NC.6992	3	21696276	21698979	+	0	0	0		204	3	1160	0.002586206896551724	753	9	3867	0.0023273855702094647
CUFF_NC.6990	3	21701965	21703081	-	0	0	0		68	1	446	0.002242152466367713	283	4	1314	0.0030441400304414
CUFF_NC.6991	3	21712316	21712944	-	0	0	0		43	0	257	0.0	168	3	916	0.0032751091703056767
CUFF_NC.6993	3	21718469	21719237	+	0	0	0		52	0	213	0.0	233	2	911	0.0021953896816684962
CUFF_NC.6996	3	21741294	21741747	-	0	0	0		37	2	222	0.009009009009009009	116	0	751	0.0
CUFF_NC.6997	3	21745457	21746545	+	0	0	0		67	1	305	0.003278688524590164	221	2	1074	0.00186219739292365
CUFF_NC.6998	3	21747525	21752864	-	0	0	0		335	2	1961	0.0010198878123406426	1429	11	8041	0.0013679890560875513
CUFF_NC.6999	3	21748267	21749203	-	0	0	0		81	1	479	0.0020876826722338203	238	1	1344	0.000744047619047619
CUFF_NC.6995	3	21757529	21758477	+	0	0	0		69	0	328	0.0	275	2	863	0.002317497103128621
CUFF_NC.6994	3	21759495	21760344	+	0	0	0		45	0	175	0.0	222	1	787	0.0012706480304955528
CUFF_NC.7000	3	21763707	21764035	+	0	0	0		17	0	76	0.0	103	0	485	0.0
CUFF_NC.7001	3	21803024	21803920	+	0	0	0		78	3	324	0.009259259259259259	214	1	1013	0.0009871668311944718
CUFF_NC.7002	3	21804405	21805154	+	0	0	0		47	0	279	0.0	213	4	1141	0.0035056967572304996
CUFF_NC.7004	3	21828364	21829882	+	0	0	0		142	2	702	0.002849002849002849	389	2	1875	0.0010666666666666667
CUFF_NC.7003	3	21832191	21833041	+	0	0	0		55	2	329	0.0060790273556231	203	4	1334	0.0029985007496251873
CUFF_NC.7008	3	21836329	21838950	-	0	0	0		199	2	1256	0.0015923566878980893	696	8	4487	0.0017829284599955428
CUFF_NC.7005	3	21860571	21861259	+	0	0	0		28	0	161	0.0	171	2	766	0.0026109660574412533
CUFF_NC.7006	3	21877291	21877742	+	0	0	0		20	1	126	0.007936507936507936	127	2	675	0.002962962962962963
CUFF_NC.7007	3	21879349	21880290	-	0	0	0		16	0	119	0.0	258	4	1939	0.0020629190304280558
CUFF_NC.7009	3	21883548	21884278	+	0	0	0		43	1	235	0.00425531914893617	209	3	1120	0.0026785714285714286
CUFF_NC.7010	3	21888546	21889431	-	0	0	0		62	0	402	0.0	253	1	1540	0.0006493506493506494
CUFF_NC.7011	3	21916930	21917880	-	0	0	0		52	1	270	0.003703703703703704	307	1	1560	0.000641025641025641
CUFF_NC.7019	3	21926235	21928444	+	0	0	0		112	2	778	0.002570694087403599	625	7	4296	0.0016294227188081937
CUFF_NC.7012	3	21935557	21935900	+	0	0	0		31	0	195	0.0	87	1	578	0.0017301038062283738
CUFF_NC.7013	3	21976615	21977058	-	0	0	0		11	0	97	0.0	128	4	1062	0.003766478342749529
CUFF_NC.7014	3	21994103	21995222	-	0	0	0		61	1	335	0.0029850746268656717	320	7	1686	0.004151838671411625
CUFF_NC.7015	3	22018063	22019001	-	0	0	0		60	0	303	0.0	252	5	1348	0.00370919881305638
CUFF_NC.7016	3	22044920	22045953	-	0	0	0		46	0	225	0.0	245	2	1272	0.0015723270440251573
CUFF_NC.7018	3	22065395	22065703	+	0	0	0		22	1	128	0.0078125	85	2	529	0.003780718336483932
CUFF_NC.7017	3	22067876	22069152	+	0	0	0		79	1	473	0.0021141649048625794	363	3	2002	0.0014985014985014985
CUFF_NC.7021	3	22105642	22108180	+	0	0	0		172	0	969	0.0	687	6	4205	0.001426872770511296
CUFF_NC.7022	3	22111943	22113309	-	0	0	0		40	22	225	0.09777777777777778	306	100	1692	0.0591016548463357
CUFF_NC.7023	3	22112717	22113735	+	0	0	0		23	49	108	0.4537037037037037	173	124	695	0.17841726618705037
CUFF_NC.7025	3	22118551	22121868	-	0	0	0		78	53	402	0.1318407960199005	467	70	2243	0.03120820329915292
CUFF_NC.7024	3	22123376	22123857	-	0	0	0		6	0	6	0.0	42	0	61	0.0
CUFF_NC.7026	3	22132570	22133226	+	0	0	0		50	0	249	0.0	189	1	845	0.001183431952662722
CUFF_NC.7028	3	22168914	22169572	+	0	0	0		38	2	230	0.008695652173913044	204	2	1061	0.001885014137606032
CUFF_NC.7027	3	22171350	22172760	-	0	0	0		43	0	276	0.0	351	5	2079	0.002405002405002405
CUFF_NC.7029	3	22173624	22175385	-	0	0	0		84	5	388	0.01288659793814433	361	0	1691	0.0
CUFF_NC.7034	3	22175928	22181565	+	0	0	0		321	3	1857	0.0016155088852988692	1425	11	7893	0.0013936399341188395
CUFF_NC.7030	3	22187206	22188832	-	0	0	0		84	0	412	0.0	347	3	1395	0.002150537634408602
CUFF_NC.7032	3	22197771	22199094	-	0	0	0		96	2	398	0.005025125628140704	238	0	893	0.0
CUFF_NC.7033	3	22200549	22201172	-	0	0	0		41	0	259	0.0	153	0	702	0.0
CUFF_NC.7031	3	22215325	22215960	+	0	0	0		6	29	36	0.8055555555555556	76	102	357	0.2857142857142857
CUFF_NC.7039	3	22228912	22229215	+	0	0	0		14	0	52	0.0	83	3	313	0.009584664536741214
CUFF_NC.7041	3	22240154	22241164	-	0	0	0		16	65	112	0.5803571428571429	37	62	266	0.23308270676691728
CUFF_NC.7035	3	22248950	22250450	-	0	0	0		86	0	340	0.0	313	3	1251	0.002398081534772182
CUFF_NC.7036	3	22254634	22256266	+	0	0	0		120	3	585	0.005128205128205128	383	3	1861	0.0016120365394948952
CUFF_NC.7037	3	22258093	22260011	-	0	0	0		93	1	509	0.0019646365422396855	467	5	2688	0.0018601190476190475
CUFF_NC.7038	3	22259248	22260267	+	0	0	0		62	52	347	0.14985590778097982	225	77	1292	0.05959752321981424
CUFF_NC.7040	3	22267685	22268283	-	0	0	0		54	1	295	0.003389830508474576	170	1	946	0.0010570824524312897
CUFF_NC.7042	3	22273737	22274520	-	0	0	0		46	0	279	0.0	178	1	815	0.001226993865030675
CUFF_NC.7058	3	22288924	22291328	-	0	0	0		179	3	1329	0.002257336343115124	671	6	4799	0.001250260470931444
CUFF_NC.7057	3	22293801	22295493	+	0	0	0		154	1	804	0.0012437810945273632	422	6	2082	0.002881844380403458
CUFF_NC.7044	3	22307253	22307793	+	0	0	0		42	0	265	0.0	150	1	985	0.0010152284263959391
CUFF_NC.7045	3	22329660	22330949	-	0	0	0		79	2	454	0.004405286343612335	387	4	1852	0.0021598272138228943
CUFF_NC.7047	3	22334370	22334775	-	0	0	0		32	1	101	0.009900990099009901	115	0	505	0.0
CUFF_NC.7048	3	22347707	22348904	+	0	0	0		80	0	368	0.0	295	2	1444	0.0013850415512465374
CUFF_NC.7046	3	22349919	22350421	-	0	0	0		40	0	215	0.0	126	1	680	0.0014705882352941176
CUFF_NC.7064	3	22355527	22355920	-	0	0	0		36	0	195	0.0	115	1	608	0.001644736842105263
CUFF_NC.7065	3	22356183	22356617	-	0	0	0		30	0	152	0.0	109	0	536	0.0
CUFF_NC.7050	3	22361563	22362127	+	0	0	0		36	1	225	0.0044444444444444444	156	2	1004	0.00199203187250996
CUFF_NC.7052	3	22364924	22366400	+	0	0	0		36	27	157	0.17197452229299362	217	41	1080	0.03796296296296296
CUFF_NC.7053	3	22364936	22365342	-	0	0	0		15	27	61	0.4426229508196721	36	35	145	0.2413793103448276
CUFF_NC.7054	3	22365432	22366487	-	0	0	0		21	0	96	0.0	176	4	896	0.004464285714285714
CUFF_NC.7049	3	22370112	22370612	+	0	0	0		4	0	14	0.0	50	0	158	0.0
CUFF_NC.7051	3	22372359	22374174	-	0	0	0		90	1	470	0.002127659574468085	238	2	1033	0.001936108422071636
CUFF_NC.7055	3	22377510	22377962	-	0	0	0		23	44	102	0.43137254901960786	109	15	483	0.031055900621118012
CUFF_NC.7056	3	22377538	22378320	+	0	0	0		44	77	170	0.45294117647058824	194	45	710	0.06338028169014084
CUFF_NC.7063	3	22391239	22392636	-	0	0	0		65	0	335	0.0	326	3	1875	0.0016
CUFF_NC.7060	3	22393654	22394979	-	0	0	0		71	1	373	0.002680965147453083	338	3	1534	0.001955671447196871
CUFF_NC.7066	3	22398662	22399759	-	0	0	0		99	1	538	0.0018587360594795538	324	3	1598	0.0018773466833541927
CUFF_NC.7061	3	22410481	22411581	+	0	0	0		97	0	354	0.0	280	3	983	0.003051881993896236
CUFF_NC.7062	3	22411704	22412669	+	0	0	0		86	0	320	0.0	253	1	895	0.0011173184357541898
CUFF_NC.7067	3	22441939	22442780	-	0	0	0		57	0	283	0.0	225	1	1113	0.0008984725965858042
CUFF_NC.7069	3	22477454	22477987	+	0	0	0		48	0	266	0.0	148	0	745	0.0
CUFF_NC.7068	3	22483618	22484026	-	0	0	0		28	1	153	0.006535947712418301	117	1	590	0.001694915254237288
CUFF_NC.7070	3	22499415	22501203	+	0	0	0		128	2	626	0.003194888178913738	469	7	2262	0.003094606542882405
CUFF_NC.7079	3	22501480	22502550	-	0	0	0		67	1	298	0.003355704697986577	300	5	1391	0.0035945363048166786
CUFF_NC.7080	3	22502766	22503238	-	0	0	0		26	1	172	0.005813953488372093	143	2	941	0.0021253985122210413
CUFF_NC.7081	3	22510578	22510896	+	0	0	0		30	0	130	0.0	68	0	267	0.0
CUFF_NC.7071	3	22517957	22519859	+	0	0	0		110	75	416	0.18028846153846154	368	52	1457	0.03568977350720659
CUFF_NC.7072	3	22534797	22536126	-	0	0	0		112	2	461	0.004338394793926247	323	5	1341	0.0037285607755406414
CUFF_NC.7076	3	22552436	22553129	-	0	0	0		34	2	121	0.01652892561983471	170	2	821	0.00243605359317905
CUFF_NC.7074	3	22561903	22564308	-	0	0	0		141	20	763	0.02621231979030144	597	34	3597	0.009452321378926884
CUFF_NC.7075	3	22562960	22563569	+	0	0	0		38	1	188	0.005319148936170213	148	0	734	0.0
CUFF_NC.7077	3	22570231	22570733	+	0	0	0		2	6	7	0.8571428571428571	51	47	182	0.25824175824175827
CUFF_NC.7078	3	22570243	22570688	-	0	0	0		2	6	7	0.8571428571428571	38	26	115	0.22608695652173913
CUFF_NC.7092	3	22571050	22571578	+	0	0	0		32	0	168	0.0	135	4	627	0.006379585326953748
CUFF_NC.7082	3	22578733	22581327	-	0	0	0		159	5	619	0.008077544426494346	578	7	2303	0.00303951367781155
CUFF_NC.7083	3	22600353	22600824	-	0	0	0		24	1	145	0.006896551724137931	108	1	683	0.0014641288433382138
CUFF_NC.7084	3	22616580	22617427	-	0	0	0		28	0	117	0.0	193	2	723	0.0027662517289073307
CUFF_NC.7085	3	22633353	22633810	-	0	0	0		35	0	165	0.0	114	1	506	0.001976284584980237
CUFF_NC.7088	3	22650566	22651659	+	0	0	0		42	0	179	0.0	242	1	1236	0.0008090614886731392
CUFF_NC.7086	3	22656887	22657346	-	0	0	0		31	1	174	0.005747126436781609	142	2	809	0.002472187886279357
CUFF_NC.7089	3	22657531	22658513	+	0	0	0		58	0	219	0.0	235	1	931	0.0010741138560687433
CUFF_NC.7090	3	22660515	22662463	-	0	0	0		0	0	0		30	1	30	0.03333333333333333
CUFF_NC.7091	3	22680996	22682479	-	0	0	0		67	0	334	0.0	418	5	2058	0.0024295432458697765
CUFF_NC.7097	3	22705105	22705383	+	0	0	0		15	0	91	0.0	87	1	487	0.002053388090349076
CUFF_NC.7127	3	22728619	22728946	+	0	0	0		26	0	140	0.0	99	0	515	0.0
CUFF_NC.7095	3	22736379	22736731	-	0	0	0		28	2	162	0.012345679012345678	106	2	650	0.003076923076923077
CUFF_NC.7096	3	22737998	22738848	-	0	0	0		54	0	367	0.0	160	0	1022	0.0
CUFF_NC.7093	3	22741458	22742802	+	0	0	0		79	0	348	0.0	282	2	1429	0.0013995801259622112
CUFF_NC.7094	3	22747814	22748586	+	0	0	0		34	31	85	0.36470588235294116	156	44	585	0.07521367521367521
CUFF_NC.7105	3	22749740	22750081	-	0	0	0		34	0	149	0.0	77	0	293	0.0
CUFF_NC.7106	3	22754133	22754553	-	0	0	0		33	1	214	0.004672897196261682	81	0	498	0.0
CUFF_NC.7098	3	22764550	22765257	+	0	0	0		3	0	12	0.0	75	0	362	0.0
CUFF_NC.7099	3	22767199	22768167	+	0	0	0		14	10	43	0.23255813953488372	60	6	142	0.04225352112676056
CUFF_NC.7104	3	22768933	22771424	+	0	0	0		20	0	75	0.0	74	1	457	0.002188183807439825
CUFF_NC.7100	3	22776172	22777483	-	0	0	0		46	0	202	0.0	352	2	1608	0.0012437810945273632
CUFF_NC.7101	3	22785980	22787362	-	0	0	0		92	1	361	0.002770083102493075	338	1	1174	0.0008517887563884157
CUFF_NC.7102	3	22791767	22792447	-	0	0	0		26	0	127	0.0	145	0	486	0.0
CUFF_NC.7103	3	22792904	22794198	-	0	0	0		80	2	444	0.0045045045045045045	376	1	2020	0.0004950495049504951
CUFF_NC.7107	3	22797243	22798014	-	0	0	0		74	1	260	0.0038461538461538464	218	1	846	0.001182033096926714
CUFF_NC.7108	3	22810177	22811207	+	0	0	0		47	0	239	0.0	233	4	1072	0.0037313432835820895
CUFF_NC.7109	3	22816061	22816618	-	0	0	0		27	3	154	0.01948051948051948	125	3	745	0.004026845637583893
CUFF_NC.7110	3	22818509	22818952	-	0	0	0		33	0	144	0.0	118	1	533	0.001876172607879925
CUFF_NC.7111	3	22823410	22823776	-	0	0	0		23	2	151	0.013245033112582781	75	1	399	0.002506265664160401
CUFF_NC.7114	3	22827310	22828440	-	0	0	0		44	0	167	0.0	278	3	1424	0.002106741573033708
CUFF_NC.7119	3	22841261	22841827	+	0	0	0		37	2	248	0.008064516129032258	168	2	1015	0.0019704433497536944
CUFF_NC.7120	3	22842101	22842471	+	0	0	0		29	0	140	0.0	100	2	486	0.00411522633744856
CUFF_NC.7112	3	22844451	22844919	+	0	0	0		39	2	281	0.0071174377224199285	126	0	866	0.0
CUFF_NC.7113	3	22861013	22861473	+	0	0	0		47	1	255	0.00392156862745098	129	1	644	0.0015527950310559005
CUFF_NC.7116	3	22880054	22881736	+	0	0	0		136	1	665	0.0015037593984962407	411	2	1912	0.0010460251046025104
CUFF_NC.7115	3	22886991	22887445	+	0	0	0		29	0	126	0.0	106	1	518	0.0019305019305019305
CUFF_NC.7117	3	22892527	22893162	-	0	0	0		29	0	139	0.0	175	2	835	0.0023952095808383233
CUFF_NC.7118	3	22896122	22897263	-	0	0	0		46	0	265	0.0	365	9	1937	0.004646360351058337
CUFF_NC.7122	3	22906047	22906868	+	0	0	0		62	0	306	0.0	221	2	943	0.0021208907741251328
CUFF_NC.7124	3	22915031	22915491	+	0	0	0		27	0	136	0.0	133	0	653	0.0
CUFF_NC.7121	3	22919158	22919780	+	0	0	0		17	0	83	0.0	140	1	592	0.0016891891891891893
CUFF_NC.7123	3	22925531	22926449	-	0	0	0		24	0	113	0.0	251	4	1282	0.0031201248049922
CUFF_NC.7125	3	22935488	22935942	-	0	0	0		19	0	48	0.0	102	2	350	0.005714285714285714
CUFF_NC.7128	3	22939901	22941386	-	0	0	0		74	0	343	0.0	381	4	1863	0.0021470746108427268
CUFF_NC.7126	3	22984164	22984587	+	0	0	0		30	0	174	0.0	111	2	558	0.0035842293906810036
CUFF_NC.7131	3	22997349	22997983	+	0	0	0		37	1	210	0.004761904761904762	164	0	849	0.0
CUFF_NC.7130	3	23014375	23015682	+	0	0	0		125	0	581	0.0	304	1	1363	0.0007336757153338225
CUFF_NC.7129	3	23019627	23020547	+	0	0	0		48	1	291	0.003436426116838488	228	1	1321	0.000757002271006813
CUFF_NC.7134	3	23022893	23023408	+	0	0	0		28	1	190	0.005263157894736842	136	1	959	0.0010427528675703858
CUFF_NC.7135	3	23024616	23025116	+	0	0	0		46	1	163	0.006134969325153374	169	0	574	0.0
CUFF_NC.7132	3	23030808	23031242	+	0	0	0		24	0	118	0.0	101	2	473	0.004228329809725159
CUFF_NC.7133	3	23033534	23034214	+	0	0	0		49	0	276	0.0	195	1	1102	0.0009074410163339383
CUFF_NC.7137	3	23039435	23040080	+	0	0	0		43	1	241	0.004149377593360996	188	1	953	0.001049317943336831
CUFF_NC.7138	3	23040523	23041045	+	0	0	0		37	0	196	0.0	122	2	756	0.0026455026455026454
CUFF_NC.7136	3	23066250	23067268	-	0	0	0		35	0	184	0.0	230	4	1123	0.003561887800534283
CUFF_NC.7142	3	23073002	23073438	+	0	0	0		32	0	139	0.0	117	0	508	0.0
CUFF_NC.7140	3	23100212	23105064	+	0	0	0		23	1	84	0.011904761904761904	98	19	309	0.061488673139158574
CUFF_NC.7154	3	23107367	23108672	+	0	0	0		20	1	128	0.0078125	115	1	747	0.0013386880856760374
CUFF_NC.7155	3	23117188	23118388	+	0	0	0		46	24	215	0.11162790697674418	248	86	1142	0.07530647985989491
CUFF_NC.7153	3	23123412	23124271	-	0	0	0		58	2	317	0.006309148264984227	230	4	1279	0.003127443315089914
CUFF_NC.7139	3	23128938	23130612	+	0	0	0		70	2	479	0.0041753653444676405	407	1	2567	0.00038955979742890534
CUFF_NC.7143	3	23143062	23144214	-	0	0	0		73	0	383	0.0	221	3	1220	0.002459016393442623
CUFF_NC.7148	3	23148191	23149531	+	0	0	0		120	0	671	0.0	374	3	1989	0.0015082956259426848
CUFF_NC.7144	3	23150977	23151514	+	0	0	0		23	1	141	0.0070921985815602835	163	0	825	0.0
CUFF_NC.7145	3	23156982	23158764	+	0	0	0		67	287	434	0.6612903225806451	458	183	2757	0.06637649619151251
CUFF_NC.7147	3	23163714	23165395	+	0	0	0		125	1	599	0.001669449081803005	394	3	1851	0.0016207455429497568
CUFF_NC.7146	3	23166540	23167058	+	0	0	0		20	0	129	0.0	139	2	794	0.0025188916876574307
CUFF_NC.7149	3	23168163	23169184	-	0	0	0		51	0	249	0.0	248	0	1095	0.0
CUFF_NC.7150	3	23172728	23174924	-	0	0	0		142	2	633	0.00315955766192733	506	3	2211	0.0013568521031207597
CUFF_NC.7156	3	23182718	23183391	-	0	0	0		24	0	108	0.0	142	0	627	0.0
CUFF_NC.7151	3	23187404	23187817	+	0	0	0		10	0	36	0.0	75	2	374	0.0053475935828877
CUFF_NC.7160	3	23201104	23202861	-	0	0	0		99	1	457	0.002188183807439825	455	4	1890	0.0021164021164021165
CUFF_NC.7158	3	23204034	23205167	+	0	0	0		36	0	112	0.0	152	0	457	0.0
CUFF_NC.7157	3	23209108	23209659	+	0	0	0		20	0	141	0.0	136	4	870	0.004597701149425287
CUFF_NC.7167	3	23211853	23215269	-	0	0	0		170	4	937	0.004268943436499467	751	10	4158	0.002405002405002405
CUFF_NC.7168	3	23212434	23216440	-	0	0	0		202	5	1230	0.0040650406504065045	970	11	5868	0.001874573960463531
CUFF_NC.7159	3	23217439	23218080	+	0	0	0		41	2	184	0.010869565217391304	176	1	738	0.0013550135501355014
CUFF_NC.7161	3	23219394	23219910	+	0	0	0		31	0	146	0.0	123	3	633	0.004739336492890996
CUFF_NC.7162	3	23221965	23223218	+	0	0	0		117	3	538	0.0055762081784386614	329	3	1722	0.0017421602787456446
CUFF_NC.7165	3	23227623	23228328	-	0	0	0		43	1	180	0.005555555555555556	174	1	717	0.001394700139470014
CUFF_NC.7166	3	23232374	23233643	-	0	0	0		79	0	435	0.0	335	1	1925	0.0005194805194805195
CUFF_NC.7164	3	23241706	23242352	+	0	0	0		23	0	106	0.0	113	1	511	0.0019569471624266144
CUFF_NC.7163	3	23266195	23266612	-	0	0	0		21	0	82	0.0	104	1	454	0.0022026431718061676
CUFF_NC.7172	3	23273987	23274785	+	0	0	0		77	0	381	0.0	236	5	1230	0.0040650406504065045
CUFF_NC.7170	3	23289280	23292894	-	0	0	0		119	1	498	0.002008032128514056	971	7	4368	0.0016025641025641025
CUFF_NC.7171	3	23294192	23295304	-	0	0	0		74	1	339	0.0029498525073746312	212	0	955	0.0
CUFF_NC.7169	3	23297875	23298284	+	0	0	0		24	0	130	0.0	119	2	692	0.002890173410404624
CUFF_NC.7173	3	23301321	23302078	+	0	0	0		43	0	202	0.0	184	1	916	0.001091703056768559
CUFF_NC.7174	3	23318336	23319662	+	0	0	0		98	1	516	0.001937984496124031	385	2	1964	0.0010183299389002036
CUFF_NC.7176	3	23327011	23327459	+	0	0	0		44	1	310	0.0032258064516129032	131	3	1004	0.00298804780876494
CUFF_NC.7178	3	23331794	23333179	+	0	0	0		102	0	527	0.0	354	2	1885	0.0010610079575596816
CUFF_NC.7183	3	23334188	23335177	-	0	0	0		51	1	231	0.004329004329004329	242	2	1122	0.0017825311942959
CUFF_NC.7184	3	23338801	23340651	+	0	0	0		143	1	657	0.0015220700152207	465	3	2275	0.0013186813186813187
CUFF_NC.7177	3	23342687	23343262	+	0	0	0		24	0	143	0.0	149	3	858	0.0034965034965034965
CUFF_NC.7175	3	23345725	23347501	-	0	0	0		151	1	668	0.0014970059880239522	408	0	1600	0.0
CUFF_NC.7179	3	23357723	23358231	+	0	0	0		53	2	219	0.0091324200913242	156	2	599	0.00333889816360601
CUFF_NC.7180	3	23367155	23367655	+	0	0	0		31	0	124	0.0	96	2	341	0.005865102639296188
CUFF_NC.7182	3	23370174	23370456	+	0	0	0		17	0	92	0.0	79	0	425	0.0
CUFF_NC.7181	3	23376246	23377302	+	0	0	0		95	0	458	0.0	332	3	1714	0.001750291715285881
CUFF_NC.7185	3	23380517	23381390	-	0	0	0		99	2	424	0.0047169811320754715	241	2	943	0.0021208907741251328
CUFF_NC.7188	3	23414399	23415232	-	0	0	0		64	0	330	0.0	268	0	1421	0.0
CUFF_NC.7186	3	23420175	23422377	-	0	0	0		200	1	944	0.001059322033898305	600	1	2627	0.00038066235249333843
CUFF_NC.7194	3	23422589	23426390	-	0	0	0		273	1	1401	0.0007137758743754461	1115	9	5418	0.0016611295681063123
CUFF_NC.7187	3	23437676	23438077	+	0	0	0		24	1	106	0.009433962264150943	97	0	361	0.0
CUFF_NC.7189	3	23448262	23448928	+	0	0	0		69	4	387	0.0103359173126615	186	1	1086	0.0009208103130755065
CUFF_NC.7193	3	23458907	23459798	+	0	0	0		48	1	221	0.004524886877828055	246	2	1403	0.0014255167498218105
CUFF_NC.7190	4	1000	1943	+	0	0	0		73	84	252	0.3333333333333333	238	26	812	0.03201970443349754
CUFF_NC.7192	4	10743	11563	+	0	0	0		42	1	177	0.005649717514124294	225	3	1027	0.0029211295034079843
CUFF_NC.7191	4	17544	19871	-	0	0	0		116	3	592	0.005067567567567568	667	12	3323	0.0036111947035811012
CUFF_NC.7207	4	21332	21838	-	0	0	0		33	0	116	0.0	146	1	352	0.002840909090909091
CUFF_NC.7199	4	36870	38196	-	0	0	0		91	1	477	0.0020964360587002098	385	3	2052	0.0014619883040935672
CUFF_NC.7195	4	38831	39347	+	0	0	0		38	1	180	0.005555555555555556	176	1	901	0.0011098779134295228
CUFF_NC.7198	4	57139	59542	+	0	0	0		162	0	686	0.0	691	6	2827	0.0021223912274495934
CUFF_NC.7196	4	61762	62184	+	0	0	0		19	15	75	0.2	119	1	698	0.0014326647564469914
CUFF_NC.7197	4	62209	62490	-	0	0	0		8	0	68	0.0	83	1	565	0.0017699115044247787
CUFF_NC.7200	4	77031	77637	+	0	0	0		12	22	32	0.6875	91	72	260	0.27692307692307694
CUFF_NC.7205	4	105395	107350	+	0	0	0		127	16	724	0.022099447513812154	462	17	2605	0.006525911708253359
CUFF_NC.7202	4	117364	118146	+	0	0	0		31	0	136	0.0	183	0	652	0.0
CUFF_NC.7201	4	129116	129907	-	0	0	0		39	0	200	0.0	229	1	1076	0.0009293680297397769
CUFF_NC.7204	4	131042	131982	-	0	0	0		45	1	224	0.004464285714285714	206	1	862	0.001160092807424594
CUFF_NC.7203	4	132711	133253	+	0	0	0		24	0	110	0.0	125	1	573	0.0017452006980802793
CUFF_NC.7206	4	149604	150065	-	0	0	0		54	0	214	0.0	119	3	435	0.006896551724137931
CUFF_NC.7208	4	171611	172986	+	0	0	0		90	0	497	0.0	356	4	1806	0.0022148394241417496
CUFF_NC.7209	4	174187	174717	+	0	0	0		28	0	97	0.0	157	0	678	0.0
CUFF_NC.7210	4	175903	176907	+	0	0	0		56	0	315	0.0	264	5	1263	0.00395882818685669
CUFF_NC.7213	4	181840	182421	+	0	0	0		34	0	204	0.0	156	3	943	0.003181336161187699
CUFF_NC.7214	4	186630	187639	+	0	0	0		98	0	534	0.0	302	1	1572	0.0006361323155216285
CUFF_NC.7217	4	193486	194149	-	0	0	0		29	0	152	0.0	174	2	921	0.002171552660152009
CUFF_NC.7215	4	199443	201341	-	0	0	0		31	0	170	0.0	234	1	1096	0.0009124087591240876
CUFF_NC.7216	4	211426	212301	+	0	0	0		71	2	428	0.004672897196261682	239	1	1400	0.0007142857142857143
CUFF_NC.7212	4	219547	219957	+	0	0	0		24	1	179	0.00558659217877095	118	2	893	0.0022396416573348264
CUFF_NC.7211	4	234589	235316	+	0	0	0		46	0	179	0.0	167	1	765	0.00130718954248366
CUFF_NC.7218	4	252235	252586	+	0	0	0		20	0	144	0.0	96	0	717	0.0
CUFF_NC.7219	4	299368	300571	+	0	0	0		64	0	313	0.0	300	3	1445	0.0020761245674740486
CUFF_NC.7220	4	311758	315101	-	0	0	0		107	36	365	0.09863013698630137	432	39	1437	0.027139874739039668
CUFF_NC.7221	4	319300	319596	+	0	0	0		17	1	63	0.015873015873015872	92	1	341	0.002932551319648094
CUFF_NC.7262	4	336837	337365	+	0	0	0		39	3	227	0.013215859030837005	139	5	728	0.006868131868131868
CUFF_NC.7222	4	376443	376884	+	0	0	0		6	7	13	0.5384615384615384	80	20	225	0.08888888888888889
CUFF_NC.7224	4	400343	400745	-	0	0	0		30	0	204	0.0	107	1	798	0.0012531328320802004
CUFF_NC.7223	4	403101	404474	+	0	0	0		52	0	304	0.0	434	8	2130	0.003755868544600939
CUFF_NC.7236	4	406195	407316	+	0	0	0		58	1	244	0.004098360655737705	325	6	1340	0.004477611940298508
CUFF_NC.7235	4	414378	420730	-	0	0	0		125	1	479	0.0020876826722338203	775	10	3051	0.0032776138970829235
CUFF_NC.7230	4	432496	432977	+	0	0	0		49	0	281	0.0	131	0	619	0.0
CUFF_NC.7231	4	433103	433725	+	0	0	0		50	1	255	0.00392156862745098	169	1	661	0.0015128593040847202
CUFF_NC.7226	4	434493	438321	+	0	0	0		216	3	1293	0.002320185614849188	854	10	4816	0.0020764119601328905
CUFF_NC.7225	4	443103	443504	-	0	0	0		15	0	39	0.0	53	1	191	0.005235602094240838
CUFF_NC.7228	4	450433	453191	+	0	0	0		166	4	1059	0.003777148253068933	805	10	4871	0.0020529665366454527
CUFF_NC.7229	4	453973	455448	-	0	0	0		97	0	566	0.0	434	5	2649	0.001887504718761797
CUFF_NC.7234	4	460378	460944	-	0	0	0		31	0	191	0.0	154	1	900	0.0011111111111111111
CUFF_NC.7232	4	465094	465503	-	0	0	0		9	0	16	0.0	35	0	58	0.0
CUFF_NC.7233	4	480306	481289	+	0	0	0		55	0	278	0.0	157	0	719	0.0
CUFF_NC.7238	4	506776	508159	+	0	0	0		136	2	666	0.003003003003003003	317	3	1479	0.002028397565922921
CUFF_NC.7237	4	521883	523604	+	0	0	0		94	39	526	0.0741444866920152	385	83	2564	0.032371294851794075
CUFF_NC.7239	4	528633	529726	+	0	0	0		52	0	292	0.0	279	5	1576	0.0031725888324873096
CUFF_NC.7248	4	533817	535112	-	0	0	0		74	9	567	0.015873015873015872	382	6	2602	0.0023059185242121443
CUFF_NC.7247	4	538538	539630	+	0	0	0		106	3	556	0.00539568345323741	360	4	1765	0.0022662889518413596
CUFF_NC.7241	4	550223	551408	-	0	0	0		69	1	324	0.0030864197530864196	263	0	1283	0.0
CUFF_NC.7240	4	560349	562289	-	0	0	0		82	0	379	0.0	498	4	2021	0.0019792182088075212
CUFF_NC.7244	4	574174	574946	+	0	0	0		45	0	268	0.0	240	3	1338	0.002242152466367713
CUFF_NC.7242	4	577961	579625	-	0	0	0		88	0	475	0.0	405	4	2233	0.0017913121361397223
CUFF_NC.7243	4	581983	582437	-	0	0	0		12	14	50	0.28	113	53	861	0.06155632984901278
CUFF_NC.7245	4	585494	586041	-	0	0	0		14	0	45	0.0	111	1	466	0.002145922746781116
CUFF_NC.7246	4	590561	591037	+	0	0	0		10	9	46	0.1956521739130435	82	6	385	0.015584415584415584
CUFF_NC.7249	4	612766	613186	-	0	0	0		23	2	156	0.01282051282051282	92	1	594	0.0016835016835016834
CUFF_NC.7250	4	614428	616298	-	0	0	0		46	0	296	0.0	437	4	3021	0.0013240648791790798
CUFF_NC.7253	4	626924	627734	-	0	0	0		46	0	279	0.0	212	4	1192	0.003355704697986577
CUFF_NC.7255	4	630241	636831	-	0	0	0		513	1439	2138	0.6730589335827877	2025	1265	8370	0.15113500597371565
CUFF_NC.7252	4	639599	640804	-	0	0	0		81	1	380	0.002631578947368421	335	5	1669	0.0029958058717795086
CUFF_NC.7251	4	644764	645831	+	0	0	0		32	1	254	0.003937007874015748	263	5	1839	0.0027188689505165853
CUFF_NC.7254	4	646404	646755	-	0	0	0		14	0	95	0.0	103	3	654	0.0045871559633027525
CUFF_NC.7256	4	660590	661726	-	0	0	0		28	0	127	0.0	157	0	634	0.0
CUFF_NC.7258	4	690642	692176	+	0	0	0		1	0	1	0.0	4	0	4	0.0
CUFF_NC.7261	4	696730	697126	-	0	0	0		20	0	148	0.0	94	3	665	0.004511278195488722
CUFF_NC.7259	4	711779	712338	+	0	0	0		36	0	125	0.0	146	1	589	0.001697792869269949
CUFF_NC.7260	4	747488	747959	-	0	0	0		35	1	100	0.01	143	0	445	0.0
CUFF_NC.7264	4	753816	754967	-	0	0	0		3	0	6	0.0	24	0	65	0.0
CUFF_NC.7263	4	760659	761252	+	0	0	0		19	0	111	0.0	159	0	905	0.0
CUFF_NC.7265	4	761514	762662	+	0	0	0		54	74	297	0.24915824915824916	252	29	1310	0.022137404580152672
CUFF_NC.7266	4	785705	786123	+	0	0	0		21	0	76	0.0	90	3	295	0.010169491525423728
CUFF_NC.7267	4	793174	794577	-	0	0	0		67	0	315	0.0	313	4	1428	0.0028011204481792717
CUFF_NC.7270	4	808397	811053	+	0	0	0		209	1	980	0.0010204081632653062	655	7	2893	0.0024196335983408227
CUFF_NC.7271	4	832367	833425	+	0	0	0		29	0	65	0.0	77	1	190	0.005263157894736842
CUFF_NC.7272	4	832444	832912	+	0	0	0		19	0	36	0.0	28	0	54	0.0
CUFF_NC.7269	4	841132	841800	-	0	0	0		48	0	295	0.0	191	0	1164	0.0
CUFF_NC.7268	4	846022	846773	+	0	0	0		26	0	146	0.0	231	1	1068	0.0009363295880149813
CUFF_NC.7275	4	858570	859345	+	0	0	0		22	0	130	0.0	218	5	1240	0.004032258064516129
CUFF_NC.7276	4	859778	860849	+	0	0	0		42	0	226	0.0	297	5	1706	0.0029308323563892145
CUFF_NC.7277	4	862061	862823	+	0	0	0		0	0	0		9	0	9	0.0
CUFF_NC.7273	4	883821	884281	-	0	0	0		31	1	163	0.006134969325153374	152	2	829	0.0024125452352231603
CUFF_NC.7274	4	904113	904692	-	0	0	0		59	0	306	0.0	148	2	804	0.0024875621890547263
CUFF_NC.7278	4	923079	923674	-	0	0	0		56	2	265	0.007547169811320755	158	1	751	0.0013315579227696406
CUFF_NC.7281	4	930169	932074	-	0	0	0		160	0	709	0.0	379	3	1580	0.0018987341772151898
CUFF_NC.7287	4	945554	947290	+	0	0	0		115	0	440	0.0	442	3	2109	0.001422475106685633
CUFF_NC.7282	4	949638	950483	+	0	0	0		50	1	214	0.004672897196261682	216	2	910	0.002197802197802198
CUFF_NC.7283	4	950560	952725	+	0	0	0		168	7	963	0.007268951194184839	588	6	3291	0.0018231540565177757
CUFF_NC.7279	4	958138	958563	-	0	0	0		19	0	84	0.0	127	1	672	0.001488095238095238
CUFF_NC.7280	4	960465	960931	-	0	0	0		18	0	77	0.0	118	1	508	0.001968503937007874
CUFF_NC.7286	4	970675	971045	+	0	0	0		10	0	44	0.0	77	0	319	0.0
CUFF_NC.7285	4	981567	982036	-	0	0	0		39	1	201	0.004975124378109453	119	1	483	0.002070393374741201
CUFF_NC.7297	4	990481	990798	-	0	0	0		27	0	158	0.0	93	1	519	0.0019267822736030828
CUFF_NC.7288	4	994693	995430	-	0	0	0		44	1	246	0.0040650406504065045	193	3	985	0.003045685279187817
CUFF_NC.7289	4	1025423	1026211	+	0	0	0		43	1	193	0.0051813471502590676	208	0	827	0.0
CUFF_NC.7290	4	1032285	1033512	-	0	0	0		67	0	319	0.0	241	1	964	0.001037344398340249
CUFF_NC.7291	4	1035629	1036310	-	0	0	0		39	0	110	0.0	138	0	463	0.0
CUFF_NC.7292	4	1060227	1065057	+	0	0	0		199	22	1066	0.020637898686679174	1256	163	7022	0.02321275989746511
CUFF_NC.7293	4	1060755	1066441	+	0	0	0		248	21	1320	0.015909090909090907	1495	166	7949	0.020883129953453265
CUFF_NC.7294	4	1065117	1065602	+	0	0	0		27	0	108	0.0	148	0	550	0.0
CUFF_NC.7315	4	1072556	1073616	-	0	0	0		66	0	298	0.0	286	2	1297	0.0015420200462606013
CUFF_NC.7295	4	1090826	1091785	-	0	0	0		20	90	113	0.7964601769911505	193	236	984	0.23983739837398374
CUFF_NC.7298	4	1107603	1109379	-	0	0	0		175	6	886	0.006772009029345372	563	6	2745	0.002185792349726776
CUFF_NC.7303	4	1125147	1125503	+	0	0	0		39	0	224	0.0	105	1	676	0.0014792899408284023
CUFF_NC.7299	4	1151590	1153318	-	0	0	0		93	2	528	0.003787878787878788	502	4	2501	0.001599360255897641
CUFF_NC.7304	4	1153898	1156231	-	0	0	0		157	3	837	0.0035842293906810036	606	13	3294	0.003946569520340012
CUFF_NC.7305	4	1157323	1158240	-	0	0	0		70	1	439	0.002277904328018223	233	7	1513	0.004626569729015202
CUFF_NC.7300	4	1193697	1194333	+	0	0	0		49	1	301	0.0033222591362126247	169	2	759	0.002635046113306983
CUFF_NC.7301	4	1201586	1202298	+	0	0	0		52	1	324	0.0030864197530864196	200	2	1168	0.0017123287671232876
CUFF_NC.7302	4	1213389	1213869	+	0	0	0		30	79	167	0.47305389221556887	149	54	933	0.05787781350482315
CUFF_NC.7306	4	1219906	1221050	+	0	0	0		73	0	489	0.0	290	2	1976	0.0010121457489878543
CUFF_NC.7307	4	1221246	1222034	+	0	0	0		63	0	302	0.0	229	0	1033	0.0
CUFF_NC.7309	4	1229193	1234981	+	0	0	0		229	482	1308	0.36850152905198774	1359	879	8026	0.10951906304510342
CUFF_NC.7308	4	1256918	1262487	-	0	0	0		205	22	1091	0.02016498625114574	1412	41	8061	0.005086217590869619
CUFF_NC.7312	4	1286409	1287601	-	0	0	0		111	1	635	0.0015748031496062992	312	1	1720	0.0005813953488372093
CUFF_NC.7310	4	1318878	1319185	-	0	0	0		38	0	149	0.0	82	0	371	0.0
CUFF_NC.7314	4	1330029	1331172	-	0	0	0		136	1	770	0.0012987012987012987	248	3	1332	0.0022522522522522522
CUFF_NC.7313	4	1335815	1337613	+	0	0	0		111	2	579	0.0034542314335060447	495	2	2204	0.0009074410163339383
CUFF_NC.7317	4	1355619	1359157	-	0	0	0		118	28	768	0.036458333333333336	734	232	4213	0.0550676477569428
CUFF_NC.7320	4	1364906	1365339	+	0	0	0		39	0	189	0.0	107	0	500	0.0
CUFF_NC.7321	4	1366399	1367869	+	0	0	0		126	1	747	0.0013386880856760374	403	3	1965	0.0015267175572519084
CUFF_NC.7318	4	1373075	1375108	-	0	0	0		90	3	464	0.00646551724137931	491	24	2805	0.008556149732620321
CUFF_NC.7319	4	1375249	1375928	-	0	0	0		60	0	308	0.0	193	1	1065	0.0009389671361502347
CUFF_NC.7322	4	1405103	1407286	+	0	0	0		187	1	1154	0.0008665511265164644	648	9	3688	0.002440347071583514
CUFF_NC.7335	4	1408259	1408554	-	0	0	0		19	0	75	0.0	85	4	311	0.012861736334405145
CUFF_NC.7336	4	1411371	1411781	-	0	0	0		34	0	174	0.0	105	2	534	0.003745318352059925
CUFF_NC.7345	4	1416579	1417237	-	0	0	0		36	2	261	0.007662835249042145	198	5	1417	0.0035285815102328866
CUFF_NC.7344	4	1422928	1423380	+	0	0	0		15	0	119	0.0	105	0	776	0.0
CUFF_NC.7323	4	1436000	1436443	+	0	0	0		18	0	85	0.0	92	0	495	0.0
CUFF_NC.7324	4	1442644	1443461	-	0	0	0		18	1	126	0.007936507936507936	192	1	1054	0.0009487666034155598
CUFF_NC.7325	4	1459785	1461920	-	0	0	0		160	386	700	0.5514285714285714	567	158	2394	0.06599832915622389
CUFF_NC.7326	4	1470424	1472033	-	0	0	0		92	1	624	0.0016025641025641025	424	7	3014	0.00232249502322495
CUFF_NC.7327	4	1470462	1471229	+	0	0	0		59	0	360	0.0	227	4	1399	0.0028591851322373124
CUFF_NC.7329	4	1472725	1476719	+	0	0	0		166	2	717	0.002789400278940028	708	4	3169	0.0012622278321236984
CUFF_NC.7328	4	1487686	1488499	+	0	0	0		5	1	6	0.16666666666666666	51	5	57	0.08771929824561403
CUFF_NC.7332	4	1492158	1492965	+	0	0	0		60	1	260	0.0038461538461538464	255	3	1117	0.0026857654431512983
CUFF_NC.7337	4	1503046	1503395	-	0	0	0		20	0	105	0.0	99	3	538	0.0055762081784386614
CUFF_NC.7338	4	1505198	1505723	+	0	0	0		33	0	160	0.0	163	5	957	0.00522466039707419
CUFF_NC.7330	4	1513069	1513799	-	0	0	0		44	0	185	0.0	200	1	655	0.0015267175572519084
CUFF_NC.7346	4	1526655	1527070	+	0	0	0		33	1	206	0.0048543689320388345	126	1	721	0.0013869625520110957
CUFF_NC.7333	4	1540188	1540768	+	0	0	0		22	0	52	0.0	124	1	553	0.0018083182640144665
CUFF_NC.7334	4	1544173	1544612	+	0	0	0		16	0	107	0.0	126	2	827	0.0024183796856106408
CUFF_NC.7342	4	1556043	1556672	-	0	0	0		29	0	159	0.0	196	1	853	0.0011723329425556857
CUFF_NC.7339	4	1563629	1564210	+	0	0	0		32	0	136	0.0	141	2	514	0.0038910505836575876
CUFF_NC.7340	4	1596141	1597125	-	0	0	0		24	43	100	0.43	261	74	1330	0.055639097744360905
CUFF_NC.7341	4	1598277	1599753	-	0	0	0		48	130	255	0.5098039215686274	264	143	1581	0.09044908285895004
CUFF_NC.7343	4	1603598	1604655	+	0	0	0		56	0	330	0.0	258	3	1359	0.002207505518763797
CUFF_NC.7347	4	1649419	1650207	-	0	0	0		28	51	148	0.34459459459459457	235	61	1029	0.05928085519922255
CUFF_NC.7348	4	1655245	1656417	+	0	0	0		46	64	265	0.24150943396226415	328	38	1573	0.024157660521296885
CUFF_NC.7352	4	1667889	1669208	-	0	0	0		8	6	21	0.2857142857142857	53	6	182	0.03296703296703297
CUFF_NC.7350	4	1699590	1700905	-	0	0	0		18	7	49	0.14285714285714285	139	14	366	0.03825136612021858
CUFF_NC.7349	4	1702247	1702782	-	0	0	0		8	1	22	0.045454545454545456	44	12	115	0.10434782608695652
CUFF_NC.7351	4	1703152	1703817	-	0	0	0		2	1	7	0.14285714285714285	22	3	49	0.061224489795918366
CUFF_NC.7353	4	1704147	1706568	+	0	0	0		16	12	44	0.2727272727272727	151	14	511	0.0273972602739726
CUFF_NC.7355	4	1704523	1710689	+	0	0	0		29	33	128	0.2578125	211	31	804	0.03855721393034826
CUFF_NC.7354	4	1705975	1708334	-	0	0	0		22	24	104	0.23076923076923078	139	24	500	0.048
CUFF_NC.7358	4	1710869	1724238	-	0	0	0		45	16	108	0.14814814814814814	529	36	1351	0.026646928201332347
CUFF_NC.7360	4	1714020	1714604	-	0	0	0		3	0	5	0.0	37	1	57	0.017543859649122806
CUFF_NC.7359	4	1718277	1724425	+	0	0	0		10	6	40	0.15	148	15	483	0.031055900621118012
CUFF_NC.7361	4	1719565	1720465	-	0	0	0		0	0	0		16	0	44	0.0
CUFF_NC.7366	4	1721606	1725717	+	0	0	0		9	6	39	0.15384615384615385	116	10	365	0.0273972602739726
CUFF_NC.7373	4	1726159	1734150	+	0	0	0		26	13	122	0.10655737704918032	180	19	542	0.03505535055350553
CUFF_NC.7376	4	1726803	1731897	-	0	0	0		21	6	105	0.05714285714285714	125	17	467	0.03640256959314775
CUFF_NC.7374	4	1729700	1731886	+	0	0	0		15	4	94	0.0425531914893617	91	11	388	0.028350515463917526
CUFF_NC.7378	4	1731499	1741633	-	0	0	0		66	26	219	0.1187214611872146	439	38	1243	0.030571198712791632
CUFF_NC.7375	4	1735764	1741851	+	0	0	0		45	14	118	0.11864406779661017	343	30	976	0.030737704918032786
CUFF_NC.7379	4	1749563	1755744	-	0	0	0		241	465	1031	0.4510184287099903	1265	351	5476	0.06409788166544923
CUFF_NC.7381	4	1756583	1760148	+	0	0	0		119	148	665	0.22255639097744362	808	208	5092	0.0408483896307934
CUFF_NC.7380	4	1757760	1758250	-	0	0	0		14	0	89	0.0	126	3	863	0.0034762456546929316
CUFF_NC.7356	4	1767359	1768598	+	0	0	0		59	94	321	0.29283489096573206	317	78	1725	0.04521739130434783
CUFF_NC.7357	4	1768783	1769548	+	0	0	0		31	80	206	0.3883495145631068	201	42	1267	0.03314917127071823
CUFF_NC.7370	4	1770346	1771626	-	0	0	0		50	2	331	0.006042296072507553	309	7	2002	0.0034965034965034965
CUFF_NC.7371	4	1770406	1774627	+	0	0	0		200	5	1028	0.0048638132295719845	906	15	4784	0.0031354515050167225
CUFF_NC.7372	4	1772242	1772744	+	0	0	0		24	0	120	0.0	138	1	742	0.0013477088948787063
CUFF_NC.7365	4	1785644	1786404	-	0	0	0		30	1	172	0.005813953488372093	188	5	1066	0.004690431519699813
CUFF_NC.7363	4	1796163	1796669	-	0	0	0		14	3	14	0.21428571428571427	37	2	37	0.05405405405405406
CUFF_NC.7364	4	1796907	1797718	-	0	0	0		16	6	54	0.1111111111111111	88	16	328	0.04878048780487805
CUFF_NC.7367	4	1798620	1804726	-	0	0	0		46	45	146	0.3082191780821918	194	50	593	0.08431703204047218
CUFF_NC.7368	4	1799586	1800405	-	0	0	0		3	6	13	0.46153846153846156	21	10	76	0.13157894736842105
CUFF_NC.7383	4	1811987	1812452	-	0	0	0		7	34	55	0.6181818181818182	35	21	115	0.1826086956521739
CUFF_NC.7382	4	1831072	1831477	+	0	0	0		6	4	6	0.6666666666666666	27	1	27	0.037037037037037035
CUFF_NC.7387	4	1838412	1838949	-	0	0	0		16	11	59	0.1864406779661017	71	40	265	0.1509433962264151
CUFF_NC.7386	4	1853468	1855236	-	0	0	0		41	57	256	0.22265625	380	47	2261	0.020787262273330383
CUFF_NC.7390	4	1868760	1876630	-	0	0	0		345	746	1780	0.4191011235955056	1868	664	9021	0.07360603037357277
CUFF_NC.7384	4	1879087	1880419	-	0	0	0		46	103	294	0.35034013605442177	318	111	1752	0.06335616438356165
CUFF_NC.7385	4	1880709	1881299	-	0	0	0		22	44	98	0.4489795918367347	160	37	787	0.04701397712833545
CUFF_NC.7388	4	1889353	1890153	-	0	0	0		53	0	344	0.0	186	2	1079	0.0018535681186283596
CUFF_NC.7389	4	1906171	1907908	+	0	0	0		71	166	316	0.5253164556962026	317	195	1415	0.13780918727915195
CUFF_NC.7391	4	1961125	1961951	+	0	0	0		43	39	245	0.15918367346938775	201	22	1201	0.018318068276436304
CUFF_NC.7392	4	1987386	1987876	+	0	0	0		34	41	110	0.37272727272727274	149	43	615	0.06991869918699187
CUFF_NC.7396	4	2001080	2002355	-	0	0	0		85	132	319	0.41379310344827586	340	148	1344	0.11011904761904762
CUFF_NC.7397	4	2002646	2003584	-	0	0	0		69	154	281	0.5480427046263345	258	109	1128	0.09663120567375887
CUFF_NC.7393	4	2014325	2015603	-	0	0	0		44	54	193	0.27979274611398963	336	95	1505	0.06312292358803986
CUFF_NC.7394	4	2017766	2018380	-	0	0	0		49	86	169	0.5088757396449705	199	73	816	0.08946078431372549
CUFF_NC.7399	4	2033167	2036495	-	0	0	0		217	15	1277	0.011746280344557557	903	24	5070	0.004733727810650888
CUFF_NC.7398	4	2036443	2037875	+	0	0	0		14	37	94	0.39361702127659576	66	74	429	0.17249417249417248
CUFF_NC.7395	4	2039156	2039564	+	0	0	0		10	28	93	0.3010752688172043	131	60	740	0.08108108108108109
CUFF_NC.7405	4	2058243	2059956	+	0	0	0		93	254	553	0.4593128390596745	416	222	2507	0.0885520542481053
CUFF_NC.7400	4	2061421	2063049	-	0	0	0		59	95	280	0.3392857142857143	460	172	2360	0.07288135593220339
CUFF_NC.7401	4	2068902	2069416	-	0	0	0		1	1	1	1.0	13	1	13	0.07692307692307693
CUFF_NC.7403	4	2069556	2076433	-	0	0	0		112	238	568	0.41901408450704225	1250	603	6405	0.09414519906323185
CUFF_NC.7404	4	2074184	2074463	-	0	0	0		3	1	19	0.05263157894736842	46	8	209	0.03827751196172249
CUFF_NC.7406	4	2085885	2088089	+	0	0	0		110	311	695	0.4474820143884892	560	185	3581	0.05166154705389556
CUFF_NC.7402	4	2095226	2096607	+	0	0	0		45	149	323	0.4613003095975232	369	138	2434	0.056696795398520954
CUFF_NC.7407	4	2119050	2119625	-	0	0	0		24	31	120	0.25833333333333336	134	44	690	0.06376811594202898
CUFF_NC.7408	4	2123954	2126609	-	0	0	0		225	5	1290	0.003875968992248062	688	9	3945	0.0022813688212927757
CUFF_NC.7411	4	2133399	2134082	+	0	0	0		40	2	136	0.014705882352941176	188	1	706	0.00141643059490085
CUFF_NC.7410	4	2164749	2165309	-	0	0	0		23	0	123	0.0	164	1	896	0.0011160714285714285
CUFF_NC.7409	4	2175791	2178695	+	0	0	0		119	237	659	0.3596358118361153	734	184	4073	0.04517554628038301
CUFF_NC.7415	4	2188976	2194317	-	0	0	0		127	156	1176	0.1326530612244898	1562	417	14745	0.028280773143438454
CUFF_NC.7413	4	2219537	2223096	-	0	0	0		101	1	448	0.002232142857142857	415	3	1726	0.0017381228273464658
CUFF_NC.7414	4	2232629	2234751	+	0	0	0		107	1	611	0.0016366612111292963	518	5	3247	0.001539882968894364
CUFF_NC.7412	4	2242011	2242867	-	0	0	0		60	2	355	0.005633802816901409	222	2	1211	0.0016515276630883566
CUFF_NC.7416	4	2262958	2263637	-	0	0	0		21	25	71	0.352112676056338	135	10	335	0.029850746268656716
CUFF_NC.7421	4	2289927	2290584	-	0	0	0		44	1	224	0.004464285714285714	173	0	809	0.0
CUFF_NC.7420	4	2307740	2308996	-	0	0	0		46	87	204	0.4264705882352941	361	151	1829	0.0825587752870421
CUFF_NC.7424	4	2309430	2309761	+	0	0	0		15	0	46	0.0	88	1	236	0.00423728813559322
CUFF_NC.7417	4	2315391	2315900	+	0	0	0		22	1	90	0.011111111111111112	95	0	383	0.0
CUFF_NC.7418	4	2323111	2323830	-	0	0	0		33	115	225	0.5111111111111111	198	246	1342	0.18330849478390462
CUFF_NC.7423	4	2325764	2326602	-	0	0	0		63	1	254	0.003937007874015748	251	2	811	0.002466091245376079
CUFF_NC.7419	4	2332040	2332947	+	0	0	0		33	16	141	0.11347517730496454	258	2	1172	0.0017064846416382253
CUFF_NC.7422	4	2347828	2348981	-	0	0	0		42	136	405	0.3358024691358025	207	108	1969	0.05485017775520569
CUFF_NC.7426	4	2357043	2357483	-	0	0	0		18	30	47	0.6382978723404256	90	61	394	0.1548223350253807
CUFF_NC.7429	4	2389292	2395086	+	0	0	0		269	64	1700	0.03764705882352941	1554	133	9514	0.013979398780744166
CUFF_NC.7430	4	2389363	2389998	-	0	0	0		33	1	213	0.004694835680751174	166	1	1001	0.000999000999000999
CUFF_NC.7437	4	2405801	2406190	+	0	0	0		25	1	165	0.006060606060606061	105	3	701	0.0042796005706134095
CUFF_NC.7438	4	2407811	2410122	+	0	0	0		6	1	12	0.08333333333333333	56	0	94	0.0
CUFF_NC.7428	4	2412638	2413429	+	0	0	0		28	6	128	0.046875	199	41	970	0.042268041237113405
CUFF_NC.7435	4	2434394	2434947	+	0	0	0		35	0	146	0.0	92	1	375	0.0026666666666666666
CUFF_NC.7434	4	2440807	2441620	-	0	0	0		41	0	103	0.0	154	2	469	0.0042643923240938165
CUFF_NC.7432	4	2446554	2446873	-	0	0	0		24	0	143	0.0	59	0	278	0.0
CUFF_NC.7431	4	2447213	2448345	+	0	0	0		16	2	40	0.05	165	1	728	0.0013736263736263737
CUFF_NC.7433	4	2450310	2450733	-	0	0	0		2	0	2	0.0	53	1	74	0.013513513513513514
CUFF_NC.7436	4	2458767	2459562	-	0	0	0		36	6	203	0.029556650246305417	182	8	1132	0.007067137809187279
CUFF_NC.7439	4	2461054	2461464	-	0	0	0		41	0	251	0.0	114	1	624	0.0016025641025641025
CUFF_NC.7449	4	2504266	2505529	-	0	0	0		88	0	633	0.0	343	2	2103	0.0009510223490252021
CUFF_NC.7443	4	2505721	2508026	-	0	0	0		127	2	638	0.003134796238244514	516	7	3023	0.002315580549123387
CUFF_NC.7441	4	2517843	2518779	+	0	0	0		69	1	391	0.0025575447570332483	281	3	1434	0.0020920502092050207
CUFF_NC.7440	4	2521039	2521557	-	0	0	0		23	30	108	0.2777777777777778	150	15	763	0.019659239842726082
CUFF_NC.7442	4	2533267	2534563	-	0	0	0		59	1	287	0.003484320557491289	393	1	1908	0.0005241090146750524
CUFF_NC.7444	4	2545651	2546061	+	0	0	0		33	0	163	0.0	94	0	334	0.0
CUFF_NC.7447	4	2575289	2576260	-	0	0	0		44	1	105	0.009523809523809525	178	0	488	0.0
CUFF_NC.7460	4	2582430	2585453	+	0	0	0		38	67	157	0.4267515923566879	270	110	1102	0.0998185117967332
CUFF_NC.7462	4	2584349	2585357	-	0	0	0		30	59	137	0.4306569343065693	205	92	901	0.10210876803551609
CUFF_NC.7448	4	2592062	2594445	+	0	0	0		48	0	114	0.0	165	0	418	0.0
CUFF_NC.7446	4	2596635	2597171	-	0	0	0		0	0	0		7	0	7	0.0
CUFF_NC.7450	4	2605921	2607136	+	0	0	0		13	34	60	0.5666666666666667	164	140	747	0.18741633199464525
CUFF_NC.7451	4	2605924	2607123	-	0	0	0		13	34	60	0.5666666666666667	163	140	746	0.1876675603217158
CUFF_NC.7452	4	2619092	2619791	-	0	0	0		29	0	179	0.0	195	2	1066	0.001876172607879925
CUFF_NC.7463	4	2636834	2638182	+	0	0	0		60	1	337	0.002967359050445104	270	0	1598	0.0
CUFF_NC.7453	4	2655650	2656057	-	0	0	0		10	22	22	1.0	31	19	57	0.3333333333333333
CUFF_NC.7457	4	2660113	2660924	-	0	0	0		38	0	152	0.0	172	1	855	0.0011695906432748538
CUFF_NC.7456	4	2663606	2664023	-	0	0	0		16	78	93	0.8387096774193549	70	71	369	0.19241192411924118
CUFF_NC.7459	4	2689787	2690481	+	0	0	0		15	12	91	0.13186813186813187	155	23	915	0.025136612021857924
CUFF_NC.7458	4	2691641	2692390	-	0	0	0		32	0	174	0.0	163	3	850	0.0035294117647058825
CUFF_NC.7464	4	2694718	2695439	-	0	0	0		41	0	242	0.0	175	6	1212	0.0049504950495049506
CUFF_NC.7465	4	2713963	2714697	-	0	0	0		27	8	147	0.05442176870748299	156	11	809	0.013597033374536464
CUFF_NC.7466	4	2716392	2717563	-	0	0	0		48	1	245	0.004081632653061225	330	8	1662	0.0048134777376654635
CUFF_NC.7495	4	2718541	2720098	-	0	0	0		103	1	452	0.0022123893805309734	320	2	1333	0.0015003750937734434
CUFF_NC.7467	4	2724493	2725064	-	0	0	0		24	26	87	0.2988505747126437	135	9	587	0.015332197614991482
CUFF_NC.7468	4	2735114	2735704	-	0	0	0		28	78	138	0.5652173913043478	89	38	402	0.0945273631840796
CUFF_NC.7469	4	2740250	2740882	+	0	0	0		34	0	212	0.0	176	2	1086	0.001841620626151013
CUFF_NC.7470	4	2752085	2752748	-	0	0	0		40	0	110	0.0	176	4	403	0.009925558312655087
CUFF_NC.7471	4	2763221	2763969	+	0	0	0		36	1	188	0.005319148936170213	232	1	1403	0.0007127583749109052
CUFF_NC.7475	4	2789917	2790721	+	0	0	0		2	0	2	0.0	16	1	16	0.0625
CUFF_NC.7472	4	2808365	2808849	+	0	0	0		24	59	148	0.39864864864864863	126	61	684	0.0891812865497076
CUFF_NC.7477	4	2817287	2818182	-	0	0	0		66	7	378	0.018518518518518517	256	2	1576	0.0012690355329949238
CUFF_NC.7474	4	2828591	2830161	+	0	0	0		87	165	399	0.41353383458646614	377	167	1528	0.10929319371727748
CUFF_NC.7478	4	2846675	2847381	+	0	0	0		21	56	115	0.48695652173913045	117	34	897	0.0379041248606466
CUFF_NC.7479	4	2903533	2904254	+	0	0	0		25	46	139	0.33093525179856115	196	75	1088	0.06893382352941177
CUFF_NC.7481	4	3054598	3056358	-	0	0	0		43	254	826	0.3075060532687651	217	372	4794	0.07759699624530664
CUFF_NC.7480	4	3087393	3087828	+	0	0	0		18	70	91	0.7692307692307693	58	44	325	0.13538461538461538
CUFF_NC.7482	4	3088047	3088364	+	0	0	0		13	17	65	0.26153846153846155	72	26	366	0.07103825136612021
CUFF_NC.7483	4	3100248	3101180	-	0	0	0		40	56	207	0.27053140096618356	244	113	1173	0.09633418584825235
CUFF_NC.7484	4	3137958	3138407	-	0	0	0		11	11	57	0.19298245614035087	116	22	477	0.04612159329140461
CUFF_NC.7485	4	3144697	3145587	-	0	0	0		25	0	147	0.0	196	1	958	0.0010438413361169101
CUFF_NC.7488	4	3330622	3332367	+	0	0	0		67	184	470	0.39148936170212767	475	194	3255	0.059600614439324115
CUFF_NC.7486	4	3332433	3335074	-	0	0	0		121	301	725	0.41517241379310343	705	339	4264	0.07950281425891181
CUFF_NC.7487	4	3341769	3342226	-	0	0	0		34	56	141	0.3971631205673759	115	37	486	0.07613168724279835
CUFF_NC.7489	4	3356587	3357934	-	0	0	0		92	0	399	0.0	361	11	1686	0.006524317912218268
CUFF_NC.7490	4	3507060	3507660	+	0	0	0		40	157	377	0.41644562334217505	154	132	1425	0.09263157894736843
CUFF_NC.7494	4	3648242	3648899	-	0	0	0		26	57	169	0.33727810650887574	156	38	894	0.042505592841163314
CUFF_NC.7493	4	3677533	3681545	-	0	0	0		79	146	314	0.46496815286624205	279	91	1000	0.091
CUFF_NC.7492	4	3704689	3705110	-	0	0	0		18	19	74	0.25675675675675674	124	40	451	0.08869179600886919
CUFF_NC.7499	4	3770841	3773229	-	0	0	0		40	69	232	0.2974137931034483	541	203	3198	0.06347717323327079
CUFF_NC.7496	4	3784747	3785272	-	0	0	0		25	12	97	0.12371134020618557	155	58	660	0.08787878787878788
CUFF_NC.7497	4	3804133	3804842	-	0	0	0		15	31	89	0.34831460674157305	185	28	1131	0.02475685234305924
CUFF_NC.7498	4	3814037	3814917	+	0	0	0		34	72	177	0.4067796610169492	276	135	1447	0.09329647546648238
CUFF_NC.7501	4	3827596	3828385	-	0	0	0		44	129	259	0.4980694980694981	197	115	1022	0.11252446183953033
CUFF_NC.7500	4	3848097	3848635	+	0	0	0		41	386	671	0.5752608047690015	168	364	2714	0.13411938098747236
CUFF_NC.7502	4	3855728	3856132	-	0	0	0		13	28	89	0.3146067415730337	135	98	901	0.10876803551609324
CUFF_NC.7503	4	3858719	3859466	+	0	0	0		42	51	193	0.26424870466321243	246	41	1096	0.037408759124087594
CUFF_NC.7505	4	3879344	3879973	+	0	0	0		27	102	213	0.4788732394366197	153	100	1200	0.08333333333333333
CUFF_NC.7504	4	3894962	3896234	+	0	0	0		22	0	133	0.0	308	2	1824	0.0010964912280701754
CUFF_NC.7506	4	3923349	3923614	-	0	0	0		7	15	57	0.2631578947368421	72	29	512	0.056640625
CUFF_NC.7518	4	3939265	3940749	-	0	0	0		78	1	442	0.0022624434389140274	371	4	2177	0.0018373909049150207
CUFF_NC.7512	4	3950517	3956021	+	0	0	0		81	1105	4352	0.25390625	1634	4491	72082	0.06230404261812935
CUFF_NC.7507	4	3957188	3957995	+	0	0	0		35	58	111	0.5225225225225225	195	71	541	0.13123844731977818
CUFF_NC.7508	4	3971693	3976211	-	0	0	0		11	26	115	0.22608695652173913	335	213	2656	0.08019578313253012
CUFF_NC.7509	4	3974606	3979991	+	0	0	0		41	261	944	0.2764830508474576	1037	1724	19691	0.08755268904575694
CUFF_NC.7510	4	3974680	3975462	+	0	0	0		5	22	91	0.24175824175824176	168	155	1914	0.08098223615464994
CUFF_NC.7511	4	3978804	3984738	+	0	0	0		37	137	559	0.24508050089445438	1031	1219	14808	0.08232036736898973
CUFF_NC.7513	4	3998598	4000803	-	0	0	0		2	3	24	0.125	193	103	1450	0.07103448275862069
CUFF_NC.7514	4	4000227	4010948	+	0	0	0		38	178	626	0.28434504792332266	1168	1107	12744	0.08686440677966102
CUFF_NC.7516	4	4003704	4004165	+	0	0	0		2	2	22	0.09090909090909091	18	13	156	0.08333333333333333
CUFF_NC.7515	4	4005902	4006376	-	0	0	0		2	0	17	0.0	80	22	298	0.0738255033557047
CUFF_NC.7517	4	4009331	4010442	+	0	0	0		10	65	221	0.29411764705882354	269	441	4820	0.09149377593360995
CUFF_NC.7519	4	4070715	4072409	+	0	0	0		96	1	465	0.002150537634408602	478	6	2368	0.002533783783783784
CUFF_NC.7520	4	4115538	4116104	-	0	0	0		1	0	1	0.0	8	0	8	0.0
CUFF_NC.7521	4	4129143	4129618	+	0	0	0		23	98	210	0.4666666666666667	126	53	1040	0.05096153846153846
CUFF_NC.7523	4	4148287	4157138	+	0	0	0		352	941	2248	0.41859430604982206	1971	1042	12722	0.08190536079232826
CUFF_NC.7522	4	4170691	4171129	+	0	0	0		18	24	77	0.3116883116883117	103	48	649	0.07395993836671803
CUFF_NC.7524	4	4276806	4277725	+	0	0	0		10	6	23	0.2608695652173913	42	11	110	0.1
CUFF_NC.7529	4	4359180	4359696	+	0	0	0		2	6	7	0.8571428571428571	45	6	85	0.07058823529411765
CUFF_NC.7526	4	4373371	4375269	+	0	0	0		52	168	248	0.6774193548387096	402	298	2071	0.14389183969097055
CUFF_NC.7525	4	4388181	4389348	-	0	0	0		17	55	96	0.5729166666666666	145	61	549	0.1111111111111111
CUFF_NC.7530	4	4425015	4430449	-	0	0	0		112	122	241	0.5062240663900415	423	113	1006	0.11232604373757456
CUFF_NC.7528	4	4445375	4445930	-	0	0	0		9	7	24	0.2916666666666667	61	16	219	0.0730593607305936
CUFF_NC.7533	4	4595933	4596320	-	0	0	0		3	0	6	0.0	25	0	77	0.0
CUFF_NC.7542	4	4597928	4598839	+	0	0	0		1	0	1	0.0	4	0	4	0.0
CUFF_NC.7543	4	4599499	4600635	-	0	0	0		20	15	34	0.4411764705882353	81	17	152	0.1118421052631579
CUFF_NC.7541	4	4602906	4604300	-	0	0	0		20	31	115	0.26956521739130435	102	22	365	0.06027397260273973
CUFF_NC.7535	4	4618032	4618806	+	0	0	0		4	1	4	0.25	6	1	6	0.16666666666666666
CUFF_NC.7537	4	4639846	4641992	-	0	0	0		13	7	16	0.4375	96	10	121	0.08264462809917356
CUFF_NC.7538	4	4641754	4642175	+	0	0	0		3	2	5	0.4	24	0	39	0.0
CUFF_NC.7539	4	4643832	4644821	-	0	0	0		16	3	40	0.075	81	4	248	0.016129032258064516
CUFF_NC.7540	4	4646016	4649703	+	0	0	0		57	67	131	0.5114503816793893	210	33	414	0.07971014492753623
CUFF_NC.7536	4	4657545	4658517	+	0	0	0		5	22	33	0.6666666666666666	47	48	289	0.16608996539792387
CUFF_NC.7548	4	4677708	4678338	+	0	0	0		5	2	7	0.2857142857142857	31	2	50	0.04
CUFF_NC.7547	4	4696202	4696733	-	0	0	0		40	8	132	0.06060606060606061	118	3	598	0.005016722408026756
CUFF_NC.7551	4	4706378	4706988	-	0	0	0		13	13	25	0.52	71	11	132	0.08333333333333333
CUFF_NC.7549	4	4720342	4720750	+	0	0	0		13	13	24	0.5416666666666666	40	10	87	0.11494252873563218
CUFF_NC.7552	4	4781154	4781862	-	0	0	0		21	48	72	0.6666666666666666	77	42	212	0.19811320754716982
CUFF_NC.7558	4	4802456	4803240	+	0	0	0		47	1	228	0.0043859649122807015	222	2	1127	0.001774622892635315
CUFF_NC.7555	4	4807918	4809466	-	0	0	0		75	84	377	0.22281167108753316	393	43	2034	0.021140609636184856
CUFF_NC.7559	4	4824245	4825135	+	0	0	0		36	0	171	0.0	213	1	829	0.0012062726176115801
CUFF_NC.7553	4	4829353	4831149	-	0	0	0		85	185	484	0.3822314049586777	404	166	2145	0.0773892773892774
CUFF_NC.7554	4	4831453	4832344	-	0	0	0		41	67	128	0.5234375	190	78	759	0.10276679841897234
CUFF_NC.7556	4	4834985	4837608	-	0	0	0		163	12	650	0.018461538461538463	758	57	3009	0.018943170488534396
CUFF_NC.7557	4	4837999	4838790	-	0	0	0		30	40	144	0.2777777777777778	175	29	899	0.03225806451612903
CUFF_NC.7560	4	4848565	4850028	-	0	0	0		107	256	613	0.4176182707993475	314	113	1745	0.06475644699140401
CUFF_NC.7564	4	4866452	4868343	+	0	0	0		49	0	317	0.0	527	9	3342	0.0026929982046678637
CUFF_NC.7565	4	4867807	4868186	-	0	0	0		9	0	32	0.0	97	2	509	0.003929273084479371
CUFF_NC.7561	4	4890726	4892280	+	0	0	0		54	105	277	0.37906137184115524	405	120	1983	0.060514372163388806
CUFF_NC.7562	4	4955341	4956165	+	0	0	0		15	13	105	0.12380952380952381	218	52	1790	0.02905027932960894
CUFF_NC.7563	4	4959282	4959958	-	0	0	0		9	13	16	0.8125	31	19	54	0.35185185185185186
CUFF_NC.7566	4	4991836	4992516	+	0	0	0		24	31	77	0.4025974025974026	99	15	350	0.04285714285714286
CUFF_NC.7567	4	4996293	4996969	-	0	0	0		40	63	188	0.3351063829787234	141	35	727	0.048143053645116916
CUFF_NC.7568	4	4997114	4997563	-	0	0	0		28	14	156	0.08974358974358974	87	9	437	0.020594965675057208
CUFF_NC.7569	4	5000098	5000965	+	0	0	0		11	15	42	0.35714285714285715	74	14	293	0.04778156996587031
CUFF_NC.7571	4	5054277	5054794	+	0	0	0		8	8	16	0.5	49	10	114	0.08771929824561403
CUFF_NC.7577	4	5085251	5085763	+	0	0	0		40	168	314	0.535031847133758	151	161	1099	0.1464968152866242
CUFF_NC.7572	4	5088138	5088782	-	0	0	0		22	18	136	0.1323529411764706	180	74	1196	0.061872909698996656
CUFF_NC.7573	4	5091866	5092662	+	0	0	0		30	50	107	0.4672897196261682	134	35	443	0.07900677200902935
CUFF_NC.7576	4	5120990	5122038	+	0	0	0		34	90	197	0.45685279187817257	240	130	1512	0.08597883597883597
CUFF_NC.7574	4	5146659	5147351	-	0	0	0		22	18	97	0.18556701030927836	202	44	879	0.05005688282138794
CUFF_NC.7575	4	5148744	5150789	+	0	0	0		75	0	338	0.0	569	6	2792	0.002148997134670487
CUFF_NC.7582	4	5173052	5173607	-	0	0	0		35	0	167	0.0	145	1	538	0.0018587360594795538
CUFF_NC.7578	4	5194637	5195959	-	0	0	0		60	0	236	0.0	238	1	1183	0.0008453085376162299
CUFF_NC.7583	4	5201235	5202358	-	0	0	0		6	9	17	0.5294117647058824	47	1	104	0.009615384615384616
CUFF_NC.7579	4	5210554	5211052	+	0	0	0		4	12	26	0.46153846153846156	171	150	958	0.15657620041753653
CUFF_NC.7580	4	5211583	5211995	+	0	0	0		18	0	107	0.0	134	5	476	0.01050420168067227
CUFF_NC.7588	4	5230271	5231290	-	0	0	0		53	7	233	0.030042918454935622	251	18	1202	0.014975041597337771
CUFF_NC.7581	4	5234394	5235266	+	0	0	0		42	77	204	0.37745098039215685	191	44	1086	0.040515653775322284
CUFF_NC.7585	4	5240182	5240506	-	0	0	0		21	0	101	0.0	96	1	412	0.0024271844660194173
CUFF_NC.7587	4	5251879	5252284	+	0	0	0		43	9	212	0.04245283018867924	91	7	478	0.014644351464435146
CUFF_NC.7594	4	5254176	5254720	-	0	0	0		45	0	257	0.0	145	3	838	0.003579952267303103
CUFF_NC.7584	4	5258130	5259004	-	0	0	0		47	106	211	0.5023696682464455	238	108	959	0.11261730969760167
CUFF_NC.7586	4	5277025	5277588	+	0	0	0		21	1	101	0.009900990099009901	151	1	846	0.001182033096926714
CUFF_NC.7589	4	5299023	5299453	+	0	0	0		34	0	237	0.0	119	0	767	0.0
CUFF_NC.7590	4	5299486	5299977	-	0	0	0		16	0	119	0.0	151	0	1098	0.0
CUFF_NC.7591	4	5301934	5303142	+	0	0	0		7	0	24	0.0	33	0	73	0.0
CUFF_NC.7592	4	5303809	5309054	+	0	0	0		5	2	5	0.4	13	1	13	0.07692307692307693
CUFF_NC.7593	4	5303964	5307341	+	0	0	0		5	2	5	0.4	13	1	13	0.07692307692307693
CUFF_NC.7597	4	5323763	5324194	+	0	0	0		3	0	13	0.0	159	6	559	0.01073345259391771
CUFF_NC.7595	4	5329307	5329829	-	0	0	0		0	0	0		13	8	35	0.22857142857142856
CUFF_NC.7600	4	5338060	5338481	+	0	0	0		9	0	61	0.0	124	8	860	0.009302325581395349
CUFF_NC.7601	4	5357850	5359356	-	0	0	0		69	33	386	0.08549222797927461	312	26	1614	0.0161090458488228
CUFF_NC.7602	4	5372081	5372568	-	0	0	0		26	0	179	0.0	155	1	864	0.0011574074074074073
CUFF_NC.7607	4	5374388	5376494	-	0	0	0		117	106	441	0.24036281179138322	506	30	2114	0.014191106906338695
CUFF_NC.7603	4	5381550	5382364	-	0	0	0		21	22	137	0.16058394160583941	148	88	933	0.09431939978563773
CUFF_NC.7604	4	5382763	5383516	-	0	0	0		8	6	50	0.12	112	107	905	0.11823204419889503
CUFF_NC.7608	4	5384928	5386629	+	0	0	0		97	0	598	0.0	448	4	2775	0.0014414414414414415
CUFF_NC.7609	4	5386680	5390111	+	0	0	0		186	2	911	0.0021953896816684962	787	6	4233	0.001417434443656981
CUFF_NC.7606	4	5406057	5406821	+	0	0	0		48	0	231	0.0	230	2	936	0.002136752136752137
CUFF_NC.7605	4	5413005	5413526	-	0	0	0		17	1	91	0.01098901098901099	132	1	867	0.0011534025374855825
CUFF_NC.7610	4	5422440	5423537	+	0	0	0		18	23	56	0.4107142857142857	118	36	304	0.11842105263157894
CUFF_NC.7611	4	5560149	5561206	-	0	0	0		41	106	216	0.49074074074074076	257	151	1424	0.10603932584269662
CUFF_NC.7612	4	5573132	5574099	+	0	0	0		52	229	551	0.41560798548094374	283	296	2978	0.09939556749496306
CUFF_NC.7613	4	5608592	5608898	+	0	0	0		30	1	161	0.006211180124223602	78	1	483	0.002070393374741201
CUFF_NC.7614	4	5642980	5643405	-	0	0	0		21	27	63	0.42857142857142855	53	15	128	0.1171875
CUFF_NC.7617	4	5647257	5650935	+	0	0	0		128	85	820	0.10365853658536585	930	249	5820	0.042783505154639176
CUFF_NC.7618	4	5650270	5650728	+	0	0	0		26	60	149	0.40268456375838924	110	155	621	0.249597423510467
CUFF_NC.7615	4	5659240	5659700	+	0	0	0		38	0	99	0.0	114	0	372	0.0
CUFF_NC.7619	4	5670207	5670623	+	0	0	0		11	23	101	0.22772277227722773	91	62	792	0.07828282828282829
CUFF_NC.7616	4	5682877	5683928	-	0	0	0		65	2	243	0.00823045267489712	266	2	1075	0.0018604651162790699
CUFF_NC.7621	4	5697842	5698698	-	0	0	0		44	0	120	0.0	139	4	444	0.009009009009009009
CUFF_NC.7620	4	5700719	5701278	-	0	0	0		11	0	54	0.0	151	0	666	0.0
CUFF_NC.7626	4	5709162	5711106	+	0	0	0		80	54	445	0.12134831460674157	446	106	2516	0.04213036565977742
CUFF_NC.7625	4	5712342	5713348	-	0	0	0		22	1	81	0.012345679012345678	286	0	1354	0.0
CUFF_NC.7622	4	5715751	5716170	+	0	0	0		15	0	68	0.0	97	1	406	0.0024630541871921183
CUFF_NC.7628	4	5725551	5726552	-	0	0	0		97	0	386	0.0	279	4	1027	0.0038948393378773127
CUFF_NC.7624	4	5727819	5728252	-	0	0	0		0	0	0		4	0	4	0.0
CUFF_NC.7627	4	5737482	5740897	-	0	0	0		115	3	700	0.004285714285714286	715	30	4174	0.007187350263536177
CUFF_NC.7631	4	5746928	5747399	-	0	0	0		18	0	118	0.0	135	0	784	0.0
CUFF_NC.7630	4	5754308	5757467	+	0	0	0		197	581	997	0.5827482447342026	773	559	3868	0.14451913133402275
CUFF_NC.7629	4	5761400	5762633	-	0	0	0		23	36	151	0.23841059602649006	114	46	694	0.06628242074927954
CUFF_NC.7632	4	5777664	5779595	+	0	0	0		129	1	799	0.0012515644555694619	525	4	2883	0.001387443635102324
CUFF_NC.7633	4	5794735	5795495	+	0	0	0		55	1	369	0.0027100271002710027	217	5	1397	0.0035790980672870437
CUFF_NC.7635	4	5809068	5809951	-	0	0	0		20	18	163	0.11042944785276074	158	51	1172	0.043515358361774746
CUFF_NC.7643	4	5841650	5842268	-	0	0	0		30	0	163	0.0	164	2	911	0.0021953896816684962
CUFF_NC.7636	4	5842993	5843688	+	0	0	0		33	0	179	0.0	159	2	968	0.002066115702479339
CUFF_NC.7642	4	5847370	5847970	-	0	0	0		36	1	148	0.006756756756756757	118	0	471	0.0
CUFF_NC.7647	4	5917196	5918848	-	0	0	0		11	6	14	0.42857142857142855	96	2	148	0.013513513513513514
CUFF_NC.7650	4	5931218	5932212	+	0	0	0		57	1	361	0.002770083102493075	247	5	1445	0.0034602076124567475
CUFF_NC.7648	4	5934343	5934958	+	0	0	0		32	117	152	0.7697368421052632	146	176	681	0.25844346549192365
CUFF_NC.7652	4	5937696	5938281	+	0	0	0		47	116	241	0.48132780082987553	144	24	648	0.037037037037037035
CUFF_NC.7654	4	5939510	5943388	-	0	0	0		233	7	1477	0.004739336492890996	1063	11	6438	0.001708605156881019
CUFF_NC.7655	4	5965523	5971052	-	0	0	0		374	1252	2082	0.6013448607108549	1304	782	6694	0.11682103376157753
CUFF_NC.7657	4	5971487	5975195	-	0	0	0		218	2	1241	0.0016116035455278	1093	12	6152	0.0019505851755526658
CUFF_NC.7651	4	5984814	5985242	+	0	0	0		33	88	170	0.5176470588235295	111	27	494	0.05465587044534413
CUFF_NC.7661	4	5988948	5991880	-	0	0	0		10	34	56	0.6071428571428571	44	24	241	0.0995850622406639
CUFF_NC.7662	4	5992980	5993551	-	0	0	0		16	0	86	0.0	129	3	699	0.004291845493562232
CUFF_NC.7658	4	5996812	6001709	-	0	0	0		5	0	22	0.0	52	1	143	0.006993006993006993
CUFF_NC.7659	4	6016508	6017137	+	0	0	0		16	1	107	0.009345794392523364	181	3	1244	0.002411575562700965
CUFF_NC.7668	4	6090561	6092834	+	0	0	0		66	42	463	0.09071274298056156	595	32	3601	0.00888642043876701
CUFF_NC.7670	4	6091865	6092670	-	0	0	0		32	30	236	0.1271186440677966	208	21	1412	0.014872521246458924
CUFF_NC.7664	4	6095970	6098929	+	0	0	0		56	2	377	0.005305039787798408	700	23	4391	0.005237986791163744
CUFF_NC.7665	4	6108542	6110295	+	0	0	0		41	2	193	0.010362694300518135	212	0	690	0.0
CUFF_NC.7663	4	6113709	6114374	-	0	0	0		1	0	8	0.0	46	4	144	0.027777777777777776
CUFF_NC.7666	4	6139048	6139657	-	0	0	0		42	0	217	0.0	171	0	846	0.0
CUFF_NC.7667	4	6171101	6171502	-	0	0	0		15	0	97	0.0	106	2	618	0.003236245954692557
CUFF_NC.7673	4	6183936	6184638	-	0	0	0		7	67	148	0.4527027027027027	52	83	599	0.13856427378964942
CUFF_NC.7674	4	6192486	6193124	-	0	0	0		14	0	55	0.0	33	1	156	0.00641025641025641
CUFF_NC.7671	4	6194144	6195090	+	0	0	0		0	0	0		9	0	16	0.0
CUFF_NC.7669	4	6197933	6198441	+	0	0	0		19	24	67	0.3582089552238806	92	46	329	0.1398176291793313
CUFF_NC.7675	4	6203957	6204590	+	0	0	0		30	7	185	0.03783783783783784	166	35	1034	0.033849129593810444
CUFF_NC.7676	4	6207823	6208948	+	0	0	0		33	0	273	0.0	223	3	1728	0.001736111111111111
CUFF_NC.7679	4	6209253	6212651	+	0	0	0		144	202	682	0.2961876832844575	917	267	4467	0.05977165883143049
CUFF_NC.7678	4	6217995	6218875	-	0	0	0		34	1	255	0.00392156862745098	248	4	1739	0.0023001725129384704
CUFF_NC.7677	4	6219809	6220273	-	0	0	0		21	0	102	0.0	120	2	519	0.0038535645472061657
CUFF_NC.7682	4	6225389	6225708	-	0	0	0		20	0	92	0.0	63	0	235	0.0
CUFF_NC.7685	4	6233959	6234998	-	0	0	0		53	0	352	0.0	286	5	1857	0.0026925148088314485
CUFF_NC.7680	4	6252567	6253018	-	0	0	0		12	65	77	0.8441558441558441	56	54	282	0.19148936170212766
CUFF_NC.7681	4	6253518	6254105	-	0	0	0		8	0	58	0.0	131	0	739	0.0
CUFF_NC.7687	4	6259122	6260012	+	0	0	0		53	0	230	0.0	277	2	1327	0.0015071590052750565
CUFF_NC.7684	4	6265993	6266937	+	0	0	0		55	0	271	0.0	182	3	792	0.003787878787878788
CUFF_NC.7688	4	6272973	6273405	+	0	0	0		33	1	168	0.005952380952380952	108	1	518	0.0019305019305019305
CUFF_NC.7683	4	6275286	6275730	-	0	0	0		7	1	40	0.025	100	2	626	0.003194888178913738
CUFF_NC.7686	4	6300686	6302642	+	0	0	0		120	0	669	0.0	503	4	2862	0.001397624039133473
CUFF_NC.7697	4	6320762	6321547	+	0	0	0		35	1	131	0.007633587786259542	208	3	876	0.003424657534246575
CUFF_NC.7689	4	6330131	6330809	-	0	0	0		14	0	94	0.0	197	3	1132	0.00265017667844523
CUFF_NC.7690	4	6331527	6332793	-	0	0	0		68	189	355	0.532394366197183	347	223	1984	0.1123991935483871
CUFF_NC.7691	4	6337838	6339167	-	0	0	0		32	0	190	0.0	349	5	1843	0.0027129679869777536
CUFF_NC.7692	4	6370501	6371042	-	0	0	0		36	106	209	0.507177033492823	176	64	807	0.07930607187112763
CUFF_NC.7693	4	6375501	6376132	+	0	0	0		52	0	328	0.0	163	5	1071	0.004668534080298786
CUFF_NC.7694	4	6384538	6385864	-	0	0	0		53	0	268	0.0	380	3	1903	0.0015764582238570678
CUFF_NC.7695	4	6430008	6430575	-	0	0	0		33	0	142	0.0	162	3	707	0.004243281471004243
CUFF_NC.7696	4	6434282	6435378	+	0	0	0		48	0	253	0.0	280	4	1592	0.002512562814070352
CUFF_NC.7705	4	6446328	6453349	+	0	0	0		355	8	2042	0.0039177277179236044	1651	15	9691	0.0015478278815395728
CUFF_NC.7706	4	6447078	6454518	+	0	0	0		388	10	2346	0.004262574595055414	1738	15	10166	0.0014755065905961047
CUFF_NC.7698	4	6466121	6466627	-	0	0	0		13	0	92	0.0	131	2	992	0.0020161290322580645
CUFF_NC.7699	4	6479869	6480304	-	0	0	0		5	0	9	0.0	49	4	185	0.021621621621621623
CUFF_NC.7702	4	6483724	6484593	-	0	0	0		53	11	267	0.04119850187265917	232	11	1141	0.009640666082383873
CUFF_NC.7700	4	6485739	6486245	-	0	0	0		30	1	168	0.005952380952380952	131	3	804	0.0037313432835820895
CUFF_NC.7701	4	6494706	6495211	+	0	0	0		17	1	110	0.00909090909090909	130	3	879	0.0034129692832764505
CUFF_NC.7703	4	6505670	6506269	+	0	0	0		6	21	52	0.40384615384615385	118	181	956	0.1893305439330544
CUFF_NC.7707	4	6512666	6517188	+	0	0	0		291	3	1754	0.0017103762827822121	1306	12	8015	0.0014971927635683093
CUFF_NC.7704	4	6535197	6535563	+	0	0	0		14	6	14	0.42857142857142855	20	5	20	0.25
CUFF_NC.7709	4	6587546	6587948	-	0	0	0		10	0	26	0.0	55	0	247	0.0
CUFF_NC.7710	4	6617219	6617614	+	0	0	0		11	5	76	0.06578947368421052	105	1	579	0.0017271157167530224
CUFF_NC.7713	4	6692122	6693110	-	0	0	0		58	0	342	0.0	229	11	1404	0.007834757834757835
CUFF_NC.7711	4	6698666	6700168	+	0	0	0		24	8	111	0.07207207207207207	249	95	1017	0.09341199606686332
CUFF_NC.7712	4	6702256	6703112	+	0	0	0		28	0	232	0.0	218	2	1660	0.0012048192771084338
CUFF_NC.7714	4	6713003	6714107	+	0	0	0		83	2	524	0.003816793893129771	264	1	1578	0.0006337135614702154
CUFF_NC.7715	4	6721723	6722156	+	0	0	0		9	0	57	0.0	108	1	600	0.0016666666666666668
CUFF_NC.7716	4	6750175	6750913	+	0	0	0		55	0	253	0.0	181	2	837	0.0023894862604540022
CUFF_NC.7718	4	6764593	6765341	+	0	0	0		66	1	385	0.0025974025974025974	195	1	976	0.0010245901639344263
CUFF_NC.7717	4	6769049	6769840	-	0	0	0		48	0	262	0.0	242	1	1133	0.00088261253309797
CUFF_NC.7721	4	6776978	6777719	-	0	0	0		28	0	142	0.0	191	2	1218	0.0016420361247947454
CUFF_NC.7720	4	6795115	6795939	+	0	0	0		55	1	256	0.00390625	192	2	1002	0.001996007984031936
CUFF_NC.7724	4	6872263	6873697	+	0	0	0		106	2	500	0.004	357	4	1473	0.0027155465037338763
CUFF_NC.7722	4	6877678	6878190	-	0	0	0		6	1	25	0.04	89	0	423	0.0
CUFF_NC.7723	4	6878753	6879716	-	0	0	0		24	0	202	0.0	199	3	1604	0.0018703241895261845
CUFF_NC.7725	4	6880430	6881128	-	0	0	0		13	17	91	0.18681318681318682	171	13	1148	0.01132404181184669
CUFF_NC.7730	4	6883737	6887917	-	0	0	0		193	75	1132	0.06625441696113074	994	27	5604	0.004817987152034261
CUFF_NC.7731	4	6884579	6888995	-	0	0	0		200	73	1166	0.06260720411663807	1077	26	5889	0.004415011037527594
CUFF_NC.7726	4	6891283	6891750	-	0	0	0		17	1	95	0.010526315789473684	126	3	657	0.0045662100456621
CUFF_NC.7729	4	6901349	6902661	-	0	0	0		64	1	306	0.0032679738562091504	302	3	1379	0.002175489485134155
CUFF_NC.7728	4	6905847	6908226	-	0	0	0		121	2	619	0.0032310177705977385	515	3	2645	0.0011342155009451795
CUFF_NC.7727	4	6927169	6927630	+	0	0	0		24	1	155	0.0064516129032258064	133	1	901	0.0011098779134295228
CUFF_NC.7732	4	6953516	6953997	-	0	0	0		24	0	27	0.0	42	0	42	0.0
CUFF_NC.7736	4	6954349	6955586	-	0	0	0		2	0	2	0.0	11	0	11	0.0
CUFF_NC.7739	4	6965952	6966310	-	0	0	0		17	1	94	0.010638297872340425	105	1	598	0.0016722408026755853
CUFF_NC.7740	4	6969837	6973735	-	0	0	0		244	5	1315	0.0038022813688212928	1047	19	5813	0.003268536039910545
CUFF_NC.7733	4	6974441	6974842	-	0	0	0		8	0	35	0.0	89	1	474	0.002109704641350211
CUFF_NC.7734	4	6977269	6977679	+	0	0	0		16	1	32	0.03125	61	1	117	0.008547008547008548
CUFF_NC.7735	4	6978244	6979120	-	0	0	0		14	0	43	0.0	83	0	370	0.0
CUFF_NC.7743	4	6991130	6994947	+	0	0	0		138	3	730	0.00410958904109589	1036	16	5309	0.0030137502354492373
CUFF_NC.7738	4	7004564	7005832	-	0	0	0		95	1	571	0.0017513134851138354	366	5	1784	0.002802690582959641
CUFF_NC.7737	4	7013225	7013822	+	0	0	0		40	110	268	0.41044776119402987	131	27	716	0.03770949720670391
CUFF_NC.7742	4	7028598	7031317	+	0	0	0		26	97	153	0.6339869281045751	88	109	469	0.232409381663113
CUFF_NC.7741	4	7031989	7032552	+	0	0	0		4	4	4	1.0	19	13	19	0.6842105263157895
CUFF_NC.7745	4	7071761	7072250	-	0	0	0		22	1	170	0.0058823529411764705	120	2	816	0.0024509803921568627
CUFF_NC.7744	4	7076779	7077198	-	0	0	0		22	1	156	0.00641025641025641	104	0	718	0.0
CUFF_NC.7746	4	7080807	7081949	+	0	0	0		22	14	74	0.1891891891891892	145	53	598	0.08862876254180602
CUFF_NC.7747	4	7086176	7086834	-	0	0	0		52	2	228	0.008771929824561403	152	1	646	0.0015479876160990713
CUFF_NC.7748	4	7087586	7088231	-	0	0	0		15	1	96	0.010416666666666666	182	1	890	0.0011235955056179776
CUFF_NC.7752	4	7091705	7092312	-	0	0	0		77	2	446	0.004484304932735426	163	2	963	0.0020768431983385254
CUFF_NC.7749	4	7104401	7104968	-	0	0	0		9	1	17	0.058823529411764705	47	0	84	0.0
CUFF_NC.7766	4	7122941	7123276	+	0	0	0		24	1	230	0.004347826086956522	99	1	971	0.0010298661174047373
CUFF_NC.7767	4	7129877	7130244	+	0	0	0		20	0	111	0.0	106	1	552	0.0018115942028985507
CUFF_NC.7750	4	7135955	7136751	+	0	0	0		67	0	373	0.0	229	3	1137	0.002638522427440633
CUFF_NC.7753	4	7171647	7172324	+	0	0	0		32	0	194	0.0	194	4	1384	0.002890173410404624
CUFF_NC.7755	4	7194662	7195012	+	0	0	0		19	0	93	0.0	78	0	364	0.0
CUFF_NC.7756	4	7214749	7215364	-	0	0	0		34	1	223	0.004484304932735426	127	1	767	0.001303780964797914
CUFF_NC.7757	4	7239232	7240125	-	0	0	0		62	0	275	0.0	211	1	1104	0.0009057971014492754
CUFF_NC.7769	4	7260833	7261176	+	0	0	0		18	0	98	0.0	81	1	382	0.002617801047120419
CUFF_NC.7758	4	7262276	7263293	-	0	0	0		37	1	243	0.00411522633744856	180	0	1078	0.0
CUFF_NC.7760	4	7277300	7278033	-	0	0	0		52	0	211	0.0	176	0	764	0.0
CUFF_NC.7759	4	7278389	7278913	+	0	0	0		33	1	134	0.007462686567164179	144	1	685	0.00145985401459854
CUFF_NC.7761	4	7281196	7283480	+	0	0	0		83	0	426	0.0	474	4	2412	0.001658374792703151
CUFF_NC.7764	4	7288494	7289050	-	0	0	0		27	0	119	0.0	155	0	473	0.0
CUFF_NC.7762	4	7289574	7290023	+	0	0	0		28	0	164	0.0	132	0	637	0.0
CUFF_NC.7763	4	7290465	7290924	+	0	0	0		30	1	181	0.0055248618784530384	123	0	527	0.0
CUFF_NC.7768	4	7302221	7307168	-	0	0	0		253	2	1404	0.0014245014245014246	1309	23	7207	0.0031913417510753433
CUFF_NC.7771	4	7307840	7309994	+	0	0	0		103	20	664	0.030120481927710843	623	37	3765	0.009827357237715804
CUFF_NC.7772	4	7310584	7315831	+	0	0	0		191	78	1060	0.07358490566037736	1187	198	6924	0.02859618717504333
CUFF_NC.7773	4	7311530	7316850	+	0	0	0		202	72	1207	0.05965202982601491	1261	177	7553	0.023434396928372833
CUFF_NC.7765	4	7317796	7318428	+	0	0	0		24	43	154	0.2792207792207792	202	29	1147	0.025283347863993024
CUFF_NC.7775	4	7336312	7337385	-	0	0	0		40	1	241	0.004149377593360996	279	4	1342	0.0029806259314456036
CUFF_NC.7770	4	7356783	7357965	-	0	0	0		37	0	135	0.0	153	1	456	0.0021929824561403508
CUFF_NC.7776	4	7381450	7382835	-	0	0	0		2	0	2	0.0	18	0	18	0.0
CUFF_NC.7777	4	7382014	7382875	+	0	0	0		2	0	2	0.0	18	0	18	0.0
CUFF_NC.7774	4	7385852	7386960	+	0	0	0		60	1	240	0.004166666666666667	176	0	597	0.0
CUFF_NC.7778	4	7427964	7428542	+	0	0	0		18	0	88	0.0	173	0	720	0.0
CUFF_NC.7779	4	7440123	7441161	+	0	0	0		29	0	177	0.0	250	4	1583	0.002526847757422615
CUFF_NC.7780	4	7457653	7458180	-	0	0	0		21	0	81	0.0	119	1	360	0.002777777777777778
CUFF_NC.7784	4	7461033	7462005	+	0	0	0		52	21	429	0.04895104895104895	273	24	1698	0.014134275618374558
CUFF_NC.7786	4	7468596	7469710	+	0	0	0		96	1	517	0.0019342359767891683	353	2	1666	0.0012004801920768306
CUFF_NC.7788	4	7474300	7474772	-	0	0	0		23	0	140	0.0	137	2	944	0.00211864406779661
CUFF_NC.7789	4	7477883	7479842	-	0	0	0		29	0	107	0.0	136	3	567	0.005291005291005291
CUFF_NC.7781	4	7482863	7483857	+	0	0	0		58	2	348	0.005747126436781609	312	4	1437	0.0027835768963117608
CUFF_NC.7782	4	7487323	7487832	-	0	0	0		29	2	153	0.013071895424836602	99	1	416	0.002403846153846154
CUFF_NC.7787	4	7491499	7492181	+	0	0	0		63	0	288	0.0	143	0	614	0.0
CUFF_NC.7790	4	7532094	7532941	-	0	0	0		67	0	445	0.0	235	5	1699	0.002942907592701589
CUFF_NC.7795	4	7560070	7563971	-	0	0	0		157	238	1021	0.23310479921645447	905	220	5384	0.04086181277860327
CUFF_NC.7796	4	7561613	7562326	+	0	0	0		36	89	251	0.3545816733067729	199	58	1269	0.045705279747832936
CUFF_NC.7791	4	7573167	7573877	+	0	0	0		36	0	187	0.0	170	1	902	0.0011086474501108647
CUFF_NC.7793	4	7586191	7587067	+	0	0	0		30	0	170	0.0	237	2	1104	0.0018115942028985507
CUFF_NC.7794	4	7589851	7592671	+	0	0	0		152	111	700	0.15857142857142856	536	41	2250	0.018222222222222223
CUFF_NC.7792	4	7596553	7597036	-	0	0	0		19	0	105	0.0	115	0	624	0.0
CUFF_NC.7797	4	7598168	7599461	+	0	0	0		70	2	384	0.005208333333333333	333	4	1788	0.0022371364653243847
CUFF_NC.7800	4	7615958	7616562	-	0	0	0		6	0	7	0.0	54	1	78	0.01282051282051282
CUFF_NC.7799	4	7625752	7626850	+	0	0	0		28	0	174	0.0	235	3	1345	0.0022304832713754648
CUFF_NC.7801	4	7640489	7641141	-	0	0	0		19	0	52	0.0	136	1	417	0.002398081534772182
CUFF_NC.7803	4	7645462	7646573	+	0	0	0		37	1	212	0.0047169811320754715	217	2	1118	0.0017889087656529517
CUFF_NC.7802	4	7657480	7658169	+	0	0	0		48	1	250	0.004	185	0	895	0.0
CUFF_NC.7804	4	7660411	7661673	+	0	0	0		42	1	241	0.004149377593360996	288	4	1446	0.0027662517289073307
CUFF_NC.7806	4	7677780	7678386	+	0	0	0		24	0	103	0.0	169	0	875	0.0
CUFF_NC.7805	4	7679126	7679742	-	0	0	0		20	0	112	0.0	122	4	731	0.005471956224350205
CUFF_NC.7810	4	7680771	7681294	-	0	0	0		26	0	116	0.0	153	3	774	0.003875968992248062
CUFF_NC.7815	4	7687707	7692329	+	0	0	0		39	119	203	0.5862068965517241	425	419	2340	0.17905982905982906
CUFF_NC.7816	4	7689625	7690244	-	0	0	0		0	0	0		20	6	79	0.0759493670886076
CUFF_NC.7811	4	7697271	7700920	+	0	0	0		8	31	43	0.7209302325581395	75	19	245	0.07755102040816327
CUFF_NC.7812	4	7698368	7702080	+	0	0	0		9	31	44	0.7045454545454546	91	19	261	0.07279693486590039
CUFF_NC.7814	4	7699482	7703225	+	0	0	0		6	25	35	0.7142857142857143	78	15	239	0.06276150627615062
CUFF_NC.7808	4	7703709	7704184	+	0	0	0		7	19	31	0.6129032258064516	43	10	164	0.06097560975609756
CUFF_NC.7817	4	7724491	7725107	+	0	0	0		24	3	177	0.01694915254237288	172	7	1261	0.0055511498810467885
CUFF_NC.7818	4	7724559	7724991	-	0	0	0		18	0	113	0.0	125	0	811	0.0
CUFF_NC.7819	4	7728788	7729543	+	0	0	0		58	0	336	0.0	194	1	1079	0.0009267840593141798
CUFF_NC.7823	4	7771456	7771820	+	0	0	0		32	0	125	0.0	115	1	507	0.0019723865877712033
CUFF_NC.7820	4	7784032	7785243	-	0	0	0		22	16	63	0.25396825396825395	355	13	1021	0.012732615083251714
CUFF_NC.7821	4	7796973	7798658	+	0	0	0		92	0	448	0.0	464	2	2203	0.0009078529278256923
CUFF_NC.7822	4	7815390	7816018	+	0	0	0		33	0	138	0.0	183	1	654	0.0015290519877675841
CUFF_NC.7824	4	7824935	7826093	+	0	0	0		76	1	391	0.0025575447570332483	370	2	1531	0.0013063357282821686
CUFF_NC.7848	4	7842980	7844534	-	0	0	0		35	37	168	0.22023809523809523	210	23	992	0.023185483870967742
CUFF_NC.7849	4	7848261	7848999	-	0	0	0		38	43	182	0.23626373626373626	223	29	1137	0.025505716798592787
CUFF_NC.7825	4	7853556	7854407	+	0	0	0		18	2	116	0.017241379310344827	219	2	1398	0.001430615164520744
CUFF_NC.7826	4	7855605	7856047	+	0	0	0		8	2	16	0.125	57	1	191	0.005235602094240838
CUFF_NC.7829	4	7866430	7870672	-	0	0	0		212	5	1311	0.0038138825324180014	1247	9	6692	0.0013448894202032278
CUFF_NC.7830	4	7868082	7868551	-	0	0	0		38	2	227	0.00881057268722467	113	0	589	0.0
CUFF_NC.7831	4	7876529	7876868	+	0	0	0		32	0	224	0.0	76	1	500	0.002
CUFF_NC.7827	4	7877147	7877576	-	0	0	0		18	0	109	0.0	101	1	636	0.0015723270440251573
CUFF_NC.7828	4	7908867	7909360	+	0	0	0		15	43	115	0.3739130434782609	161	21	1055	0.01990521327014218
CUFF_NC.7832	4	7923311	7923981	-	0	0	0		34	52	166	0.3132530120481928	155	75	690	0.10869565217391304
CUFF_NC.7833	4	7932133	7933363	-	0	0	0		56	1	301	0.0033222591362126247	367	2	1684	0.0011876484560570072
CUFF_NC.7835	4	7946077	7947499	-	0	0	0		40	0	131	0.0	196	2	695	0.0028776978417266188
CUFF_NC.7836	4	7949057	7949460	-	0	0	0		17	0	76	0.0	103	0	399	0.0
CUFF_NC.7834	4	7951314	7952992	+	0	0	0		93	1	482	0.002074688796680498	430	0	2073	0.0
CUFF_NC.7837	4	7990803	7992276	+	0	0	0		94	3	472	0.006355932203389831	440	7	2125	0.0032941176470588237
CUFF_NC.7841	4	8004875	8008627	+	0	0	0		228	4	1495	0.0026755852842809363	984	10	7044	0.0014196479273140261
CUFF_NC.7842	4	8005749	8009205	+	0	0	0		221	3	1531	0.001959503592423253	959	10	7030	0.001422475106685633
CUFF_NC.7843	4	8006369	8010071	+	0	0	0		206	3	1395	0.002150537634408602	1076	10	7440	0.0013440860215053765
CUFF_NC.7839	4	8011127	8012115	-	0	0	0		32	0	172	0.0	151	1	582	0.001718213058419244
CUFF_NC.7838	4	8013942	8014929	+	0	0	0		60	0	303	0.0	233	0	915	0.0
CUFF_NC.7840	4	8084137	8086031	-	0	0	0		114	1	592	0.0016891891891891893	532	10	2332	0.004288164665523156
CUFF_NC.7844	4	8094392	8095736	+	0	0	0		28	0	151	0.0	187	0	896	0.0
CUFF_NC.7846	4	8098546	8100236	+	0	0	0		85	1	352	0.002840909090909091	369	0	1510	0.0
CUFF_NC.7847	4	8099064	8102112	+	0	0	0		154	1	739	0.0013531799729364006	699	3	3451	0.0008693132425383947
CUFF_NC.7853	4	8151154	8152088	-	0	0	0		55	1	200	0.005	215	2	894	0.0022371364653243847
CUFF_NC.7850	4	8175506	8176062	+	0	0	0		4	0	18	0.0	65	0	305	0.0
CUFF_NC.7855	4	8196675	8198421	-	0	0	0		124	2	809	0.002472187886279357	469	6	2817	0.002129925452609159
CUFF_NC.7854	4	8222999	8223778	-	0	0	0		48	1	300	0.0033333333333333335	242	5	1447	0.0034554250172771253
CUFF_NC.7856	4	8223908	8224356	-	0	0	0		40	0	197	0.0	129	0	582	0.0
CUFF_NC.7857	4	8248313	8249273	+	0	0	0		75	1	388	0.002577319587628866	280	6	1389	0.004319654427645789
CUFF_NC.7858	4	8274140	8275057	+	0	0	0		47	0	262	0.0	273	2	1534	0.001303780964797914
CUFF_NC.7862	4	8287014	8288385	+	0	0	0		56	0	222	0.0	175	2	742	0.0026954177897574125
CUFF_NC.7863	4	8287842	8288100	+	0	0	0		5	0	5	0.0	7	0	7	0.0
CUFF_NC.7864	4	8292745	8294184	-	0	0	0		64	0	337	0.0	325	3	1607	0.001866832607342875
CUFF_NC.7865	4	8297050	8297389	-	0	0	0		3	0	11	0.0	69	0	405	0.0
CUFF_NC.7859	4	8302553	8302816	+	0	0	0		16	0	65	0.0	81	1	351	0.002849002849002849
CUFF_NC.7861	4	8304652	8305891	+	0	0	0		67	1	307	0.003257328990228013	359	3	1505	0.0019933554817275745
CUFF_NC.7860	4	8306835	8308032	+	0	0	0		72	0	337	0.0	347	6	1527	0.003929273084479371
CUFF_NC.7866	4	8309361	8309988	-	0	0	0		44	0	204	0.0	172	1	734	0.0013623978201634877
CUFF_NC.7868	4	8320535	8322053	-	0	0	0		92	2	414	0.004830917874396135	422	7	2086	0.003355704697986577
CUFF_NC.7867	4	8329182	8329648	-	0	0	0		26	1	145	0.006896551724137931	126	8	812	0.009852216748768473
CUFF_NC.7869	4	8332541	8333198	+	0	0	0		22	0	131	0.0	152	0	545	0.0
CUFF_NC.7883	4	8339740	8340953	+	0	0	0		75	2	453	0.004415011037527594	366	3	1688	0.0017772511848341231
CUFF_NC.7871	4	8344272	8345255	-	0	0	0		45	0	222	0.0	248	1	1099	0.0009099181073703367
CUFF_NC.7870	4	8345814	8346823	-	0	0	0		37	1	270	0.003703703703703704	288	2	1738	0.0011507479861910242
CUFF_NC.7875	4	8346967	8349613	+	0	0	0		101	66	625	0.1056	597	48	3688	0.013015184381778741
CUFF_NC.7873	4	8360744	8361877	-	0	0	0		46	0	257	0.0	348	5	2115	0.002364066193853428
CUFF_NC.7874	4	8362812	8363476	-	0	0	0		38	0	187	0.0	189	5	904	0.0055309734513274336
CUFF_NC.7872	4	8372170	8372643	+	0	0	0		8	0	46	0.0	134	3	847	0.0035419126328217238
CUFF_NC.7884	4	8424950	8430919	+	0	0	0		339	0	1842	0.0	1545	17	8464	0.002008506616257089
CUFF_NC.7885	4	8427014	8432768	+	0	0	0		319	0	1787	0.0	1458	11	8037	0.0013686699017046162
CUFF_NC.7878	4	8440041	8440777	-	0	0	0		41	2	226	0.008849557522123894	197	5	1011	0.004945598417408506
CUFF_NC.7876	4	8445602	8446804	+	0	0	0		44	0	273	0.0	324	4	2061	0.0019408054342552159
CUFF_NC.7880	4	8460379	8462060	-	0	0	0		8	0	8	0.0	66	0	66	0.0
CUFF_NC.7879	4	8465716	8466247	-	0	0	0		35	78	177	0.4406779661016949	149	123	844	0.1457345971563981
CUFF_NC.7882	4	8471215	8471948	-	0	0	0		54	0	311	0.0	202	4	1095	0.0036529680365296802
CUFF_NC.7889	4	8479379	8479723	-	0	0	0		36	0	230	0.0	97	3	490	0.006122448979591836
CUFF_NC.7888	4	8483079	8483530	+	0	0	0		29	0	162	0.0	124	1	732	0.001366120218579235
CUFF_NC.7897	4	8530217	8530852	+	0	0	0		29	1	173	0.005780346820809248	135	3	835	0.003592814371257485
CUFF_NC.7898	4	8534969	8535832	+	0	0	0		44	0	255	0.0	258	5	1100	0.004545454545454545
CUFF_NC.7891	4	8553306	8553623	-	0	0	0		8	0	22	0.0	26	0	66	0.0
CUFF_NC.7890	4	8562572	8563033	+	0	0	0		15	0	86	0.0	124	1	590	0.001694915254237288
CUFF_NC.7887	4	8565767	8566269	+	0	0	0		22	0	89	0.0	153	2	543	0.003683241252302026
CUFF_NC.7886	4	8571820	8572418	-	0	0	0		43	0	246	0.0	172	1	877	0.0011402508551881414
CUFF_NC.7894	4	8634485	8635188	-	0	0	0		45	1	197	0.005076142131979695	198	3	886	0.003386004514672686
CUFF_NC.7895	4	8641447	8642159	+	0	0	0		21	1	50	0.02	157	1	413	0.002421307506053269
CUFF_NC.7899	4	8645969	8647119	-	0	0	0		40	0	169	0.0	408	1	1673	0.0005977286312014345
CUFF_NC.7903	4	8652200	8653080	-	0	0	0		76	1	454	0.0022026431718061676	257	0	1113	0.0
CUFF_NC.7906	4	8704567	8705339	+	0	0	0		44	0	236	0.0	190	4	1011	0.003956478733926805
CUFF_NC.7901	4	8705786	8706997	-	0	0	0		71	0	386	0.0	358	0	1987	0.0
CUFF_NC.7900	4	8707759	8708439	-	0	0	0		27	0	164	0.0	157	1	1009	0.0009910802775024777
CUFF_NC.7902	4	8733925	8734459	+	0	0	0		27	0	138	0.0	150	1	766	0.0013054830287206266
CUFF_NC.7904	4	8749189	8749983	-	0	0	0		27	10	173	0.057803468208092484	216	47	1274	0.036891679748822605
CUFF_NC.7908	4	8768674	8769091	-	0	0	0		1	2	3	0.6666666666666666	15	0	34	0.0
CUFF_NC.7909	4	8772151	8773447	+	0	0	0		63	9	403	0.022332506203473945	312	13	1863	0.006977992485238862
CUFF_NC.7911	4	8783464	8783940	-	0	0	0		17	30	89	0.33707865168539325	114	86	620	0.13870967741935483
CUFF_NC.7910	4	8783464	8783965	+	0	0	0		17	30	89	0.33707865168539325	121	91	653	0.13935681470137826
CUFF_NC.7912	4	8792934	8793456	+	0	0	0		33	0	156	0.0	174	1	881	0.0011350737797956867
CUFF_NC.7913	4	8793685	8794444	+	0	0	0		53	1	235	0.00425531914893617	205	2	855	0.0023391812865497076
CUFF_NC.7915	4	8828239	8829484	-	0	0	0		86	3	520	0.0057692307692307696	312	2	1804	0.0011086474501108647
CUFF_NC.7916	4	8829564	8831466	-	0	0	0		150	1	874	0.0011441647597254005	557	4	2978	0.001343183344526528
CUFF_NC.7914	4	8836234	8837193	-	0	0	0		26	33	137	0.24087591240875914	178	244	1175	0.2076595744680851
CUFF_NC.7917	4	8852679	8854645	+	0	0	0		115	3	540	0.005555555555555556	546	9	2295	0.00392156862745098
CUFF_NC.7920	4	8870205	8871255	+	0	0	0		38	1	309	0.003236245954692557	243	2	1751	0.001142204454597373
CUFF_NC.7919	4	8881840	8882344	+	0	0	0		16	17	71	0.23943661971830985	114	16	511	0.03131115459882583
CUFF_NC.7922	4	8883981	8884777	-	0	0	0		34	0	246	0.0	210	3	1474	0.0020352781546811396
CUFF_NC.7938	4	8898411	8898923	-	0	0	0		39	1	236	0.00423728813559322	145	1	893	0.0011198208286674132
CUFF_NC.7921	4	8900884	8901416	+	0	0	0		39	1	217	0.004608294930875576	145	0	850	0.0
CUFF_NC.7925	4	8908753	8909557	-	0	0	0		36	0	286	0.0	209	5	1547	0.003232062055591467
CUFF_NC.7926	4	8909978	8910866	-	0	0	0		46	0	247	0.0	216	1	1154	0.0008665511265164644
CUFF_NC.7923	4	8913787	8914738	-	0	0	0		28	0	152	0.0	242	0	1218	0.0
CUFF_NC.7931	4	8917289	8917854	-	0	0	0		11	0	49	0.0	169	1	679	0.0014727540500736377
CUFF_NC.7932	4	8918085	8918810	-	0	0	0		39	0	222	0.0	176	3	1030	0.002912621359223301
CUFF_NC.7929	4	8922445	8923612	-	0	0	0		57	0	195	0.0	166	1	755	0.0013245033112582781
CUFF_NC.7930	4	8923920	8924451	-	0	0	0		13	5	31	0.16129032258064516	54	0	169	0.0
CUFF_NC.7928	4	8924093	8924753	+	0	0	0		28	5	143	0.03496503496503497	117	2	597	0.0033500837520938024
CUFF_NC.7924	4	8926039	8926384	-	0	0	0		16	0	65	0.0	109	0	372	0.0
CUFF_NC.7927	4	8929120	8934660	-	0	0	0		162	4	1009	0.003964321110009911	1454	11	9125	0.0012054794520547946
CUFF_NC.7934	4	8945785	8947082	-	0	0	0		28	1	130	0.007692307692307693	239	3	1144	0.0026223776223776225
CUFF_NC.7933	4	8947894	8948560	-	0	0	0		15	25	59	0.423728813559322	93	5	376	0.013297872340425532
CUFF_NC.7936	4	8965896	8966316	+	0	0	0		18	1	110	0.00909090909090909	110	1	553	0.0018083182640144665
CUFF_NC.7940	4	8975396	8976166	+	0	0	0		28	0	125	0.0	196	2	814	0.002457002457002457
CUFF_NC.7941	4	8976515	8977536	+	0	0	0		29	0	104	0.0	195	2	910	0.002197802197802198
CUFF_NC.7937	4	8978008	8978712	-	0	0	0		52	1	309	0.003236245954692557	194	3	982	0.003054989816700611
CUFF_NC.7939	4	8979922	8980423	+	0	0	0		29	0	203	0.0	124	1	772	0.0012953367875647669
CUFF_NC.7942	4	8991702	8992434	+	0	0	0		36	0	196	0.0	163	2	738	0.0027100271002710027
CUFF_NC.7943	4	9005657	9006638	+	0	0	0		39	0	244	0.0	311	4	1782	0.002244668911335578
CUFF_NC.7946	4	9046413	9047399	+	0	0	0		70	0	335	0.0	231	2	924	0.0021645021645021645
CUFF_NC.7944	4	9058823	9059342	+	0	0	0		28	0	162	0.0	122	0	588	0.0
CUFF_NC.7945	4	9061192	9064472	+	0	0	0		125	1	592	0.0016891891891891893	741	11	4013	0.00274109145277847
CUFF_NC.7947	4	9085277	9085799	+	0	0	0		45	0	208	0.0	124	1	611	0.0016366612111292963
CUFF_NC.7956	4	9094694	9095088	-	0	0	0		24	0	154	0.0	104	0	670	0.0
CUFF_NC.7949	4	9112406	9113200	-	0	0	0		32	0	213	0.0	134	2	704	0.002840909090909091
CUFF_NC.7950	4	9116648	9118094	+	0	0	0		157	2	789	0.0025348542458808617	413	6	2070	0.002898550724637681
CUFF_NC.7948	4	9128831	9129625	-	0	0	0		44	2	280	0.007142857142857143	228	1	1026	0.0009746588693957114
CUFF_NC.7957	4	9164743	9165237	+	0	0	0		8	0	52	0.0	132	3	753	0.00398406374501992
CUFF_NC.7952	4	9179342	9180239	+	0	0	0		85	124	256	0.484375	236	45	846	0.05319148936170213
CUFF_NC.7951	4	9183464	9184101	-	0	0	0		14	0	30	0.0	56	0	105	0.0
CUFF_NC.7955	4	9186512	9188728	-	0	0	0		42	2	192	0.010416666666666666	255	4	985	0.0040609137055837565
CUFF_NC.7953	4	9194013	9195078	-	0	0	0		33	0	191	0.0	255	4	1553	0.0025756600128783
CUFF_NC.7954	4	9200128	9201600	+	0	0	0		56	0	295	0.0	338	5	1606	0.00311332503113325
CUFF_NC.7963	4	9247766	9248399	+	0	0	0		63	0	298	0.0	204	0	833	0.0
CUFF_NC.7964	4	9248800	9250165	+	0	0	0		100	3	522	0.005747126436781609	443	2	2292	0.0008726003490401396
CUFF_NC.7960	4	9255016	9256153	-	0	0	0		89	12	308	0.03896103896103896	332	23	1506	0.015272244355909695
CUFF_NC.7958	4	9260539	9260982	-	0	0	0		52	1	352	0.002840909090909091	119	1	682	0.001466275659824047
CUFF_NC.7966	4	9262757	9264002	+	0	0	0		88	2	514	0.0038910505836575876	355	5	1983	0.0025214321734745334
CUFF_NC.7961	4	9268234	9268963	-	0	0	0		68	2	299	0.006688963210702341	234	3	873	0.003436426116838488
CUFF_NC.7959	4	9272487	9272983	+	0	0	0		27	1	164	0.006097560975609756	150	0	927	0.0
CUFF_NC.7965	4	9278749	9279470	-	0	0	0		23	0	116	0.0	209	2	1275	0.001568627450980392
CUFF_NC.7968	4	9294153	9295106	+	0	0	0		94	0	341	0.0	265	2	926	0.0021598272138228943
CUFF_NC.7969	4	9295674	9296196	+	0	0	0		36	1	205	0.004878048780487805	152	1	825	0.0012121212121212121
CUFF_NC.7967	4	9319420	9319865	+	0	0	0		27	0	135	0.0	131	2	723	0.0027662517289073307
CUFF_NC.7973	4	9334450	9335075	+	0	0	0		30	1	214	0.004672897196261682	189	4	1344	0.002976190476190476
CUFF_NC.7971	4	9354371	9355446	+	0	0	0		75	0	368	0.0	274	2	1289	0.0015515903801396431
CUFF_NC.7972	4	9367273	9368837	+	0	0	0		104	0	502	0.0	325	2	1542	0.0012970168612191958
CUFF_NC.7974	4	9375548	9376079	-	0	0	0		51	0	300	0.0	148	1	891	0.001122334455667789
CUFF_NC.7976	4	9379488	9379986	-	0	0	0		51	0	294	0.0	128	2	767	0.002607561929595828
CUFF_NC.7978	4	9385130	9385855	-	0	0	0		37	3	228	0.013157894736842105	188	1	1113	0.0008984725965858042
CUFF_NC.7975	4	9392163	9393772	+	0	0	0		75	0	418	0.0	421	4	2357	0.0016970725498515061
CUFF_NC.7979	4	9410064	9411590	-	0	0	0		61	0	357	0.0	416	4	2323	0.0017219113215669393
CUFF_NC.7977	4	9420996	9422711	+	0	0	0		67	2	245	0.00816326530612245	293	3	1166	0.002572898799313894
CUFF_NC.7980	4	9450140	9450621	-	0	0	0		34	0	106	0.0	103	1	367	0.0027247956403269754
CUFF_NC.7981	4	9464595	9465046	+	0	0	0		13	0	50	0.0	32	0	125	0.0
CUFF_NC.7982	4	9474185	9475295	-	0	0	0		58	0	295	0.0	296	1	1485	0.0006734006734006734
CUFF_NC.8226	4	9479324	9479873	-	0	0	0		19	0	99	0.0	112	1	500	0.002
CUFF_NC.8227	4	9489346	9490455	+	0	0	0		40	76	158	0.4810126582278481	163	18	606	0.0297029702970297
CUFF_NC.8228	4	9490984	9492282	+	0	0	0		43	142	265	0.5358490566037736	349	123	2174	0.05657773689052438
CUFF_NC.8229	4	9495312	9498794	+	0	0	0		96	59	583	0.10120068610634649	544	38	3580	0.010614525139664804
CUFF_NC.8230	4	9496476	9497051	+	0	0	0		14	47	66	0.7121212121212122	121	20	499	0.04008016032064128
CUFF_NC.8231	4	9500438	9503270	+	0	0	0		149	379	634	0.5977917981072555	629	185	2701	0.0684931506849315
CUFF_NC.8232	4	9507490	9512779	+	0	0	0		79	132	231	0.5714285714285714	338	50	958	0.05219206680584551
CUFF_NC.8234	4	9520961	9522572	+	0	0	0		37	185	400	0.4625	176	109	1831	0.05953031130529765
CUFF_NC.8235	4	9526220	9528378	-	0	0	0		120	4	805	0.004968944099378882	572	6	3817	0.0015719151165837044
CUFF_NC.8049	4	9536915	9538973	+	0	0	0		116	613	866	0.707852193995381	395	233	2597	0.08971890643049672
CUFF_NC.8050	4	9541665	9552106	+	0	0	0		345	656	2208	0.2971014492753623	1851	477	11041	0.04320260845937868
CUFF_NC.8051	4	9552615	9554122	+	0	0	0		132	0	690	0.0	425	6	2291	0.0026189436927106066
CUFF_NC.7983	4	9567045	9567838	+	0	0	0		51	0	319	0.0	233	3	1407	0.0021321961620469083
CUFF_NC.7984	4	9595520	9596171	+	0	0	0		62	1	347	0.002881844380403458	177	2	928	0.0021551724137931034
CUFF_NC.7985	4	9602014	9602654	-	0	0	0		39	1	317	0.0031545741324921135	175	1	1012	0.0009881422924901185
CUFF_NC.7986	4	9605450	9605763	+	0	0	0		34	0	136	0.0	89	1	334	0.0029940119760479044
CUFF_NC.7987	4	9605848	9606692	+	0	0	0		63	0	374	0.0	260	7	1540	0.004545454545454545
CUFF_NC.7988	4	9652470	9653473	+	0	0	0		65	1	413	0.002421307506053269	290	4	1201	0.0033305578684429643
CUFF_NC.7989	4	9665046	9665992	+	0	0	0		26	0	111	0.0	221	1	1074	0.000931098696461825
CUFF_NC.7990	4	9670821	9671882	-	0	0	0		79	2	408	0.004901960784313725	326	3	1742	0.001722158438576349
CUFF_NC.7991	4	9679631	9680286	+	0	0	0		61	0	264	0.0	206	4	824	0.0048543689320388345
CUFF_NC.7996	4	9696316	9697182	+	0	0	0		78	1	463	0.0021598272138228943	250	5	1556	0.003213367609254499
CUFF_NC.7992	4	9698789	9700404	-	0	0	0		100	0	486	0.0	446	6	2214	0.0027100271002710027
CUFF_NC.7993	4	9731061	9731541	-	0	0	0		19	0	105	0.0	115	1	713	0.001402524544179523
CUFF_NC.7994	4	9739553	9740580	-	0	0	0		51	1	277	0.0036101083032490976	285	3	1451	0.002067539627842867
CUFF_NC.8000	4	9743734	9748540	+	0	0	0		189	2	1034	0.0019342359767891683	1054	13	5452	0.002384446074834923
CUFF_NC.8001	4	9744249	9748839	+	0	0	0		172	2	980	0.0020408163265306124	1021	11	5315	0.0020696142991533397
CUFF_NC.7997	4	9749893	9750331	+	0	0	0		44	0	268	0.0	125	5	727	0.0068775790921595595
CUFF_NC.7995	4	9753009	9754159	+	0	0	0		78	1	320	0.003125	245	0	870	0.0
CUFF_NC.7998	4	9778671	9779499	+	0	0	0		51	0	259	0.0	267	5	1229	0.0040683482506102524
CUFF_NC.7999	4	9789539	9789831	+	0	0	0		14	1	89	0.011235955056179775	80	1	559	0.0017889087656529517
CUFF_NC.8002	4	9797773	9798340	-	0	0	0		9	21	33	0.6363636363636364	73	10	232	0.04310344827586207
CUFF_NC.8003	4	9799107	9799903	-	0	0	0		34	2	224	0.008928571428571428	238	3	1483	0.0020229265003371545
CUFF_NC.8004	4	9799141	9799750	+	0	0	0		27	2	164	0.012195121951219513	185	3	1127	0.0026619343389529724
CUFF_NC.8009	4	9803714	9804759	-	0	0	0		57	1	307	0.003257328990228013	297	2	1491	0.0013413816230717639
CUFF_NC.8005	4	9826229	9828069	-	0	0	0		92	1	521	0.0019193857965451055	508	6	2755	0.002177858439201452
CUFF_NC.8007	4	9843106	9844060	+	0	0	0		73	1	418	0.0023923444976076554	224	2	1182	0.001692047377326565
CUFF_NC.8006	4	9846070	9846912	-	0	0	0		57	0	348	0.0	218	5	1266	0.0039494470774091624
CUFF_NC.8008	4	9850150	9850655	+	0	0	0		22	0	112	0.0	150	1	726	0.0013774104683195593
CUFF_NC.8011	4	9862658	9863486	+	0	0	0		85	0	477	0.0	254	3	1361	0.002204261572373255
CUFF_NC.8015	4	9869827	9870738	+	0	0	0		75	1	326	0.003067484662576687	263	5	1162	0.004302925989672977
CUFF_NC.8012	4	9877032	9879053	-	0	0	0		151	1	835	0.0011976047904191617	613	6	3488	0.0017201834862385322
CUFF_NC.8013	4	9926916	9927352	-	0	0	0		22	0	75	0.0	130	3	651	0.004608294930875576
CUFF_NC.8017	4	9928390	9929580	-	0	0	0		63	1	276	0.0036231884057971015	248	3	1224	0.0024509803921568627
CUFF_NC.8014	4	9933929	9934774	+	0	0	0		55	0	329	0.0	238	1	1125	0.0008888888888888889
CUFF_NC.8020	4	9945875	9946282	-	0	0	0		17	0	112	0.0	117	3	682	0.004398826979472141
CUFF_NC.8021	4	9946879	9947703	-	0	0	0		49	0	297	0.0	251	5	1465	0.0034129692832764505
CUFF_NC.8016	4	9948895	9949898	+	0	0	0		44	0	246	0.0	296	3	1672	0.0017942583732057417
CUFF_NC.8019	4	9963773	9964305	+	0	0	0		32	0	153	0.0	144	0	622	0.0
CUFF_NC.8018	4	9964493	9964914	+	0	0	0		11	0	83	0.0	111	0	698	0.0
CUFF_NC.8023	4	9965757	9966541	-	0	0	0		57	1	292	0.003424657534246575	218	2	948	0.002109704641350211
CUFF_NC.8022	4	9968739	9969188	+	0	0	0		33	0	122	0.0	142	1	501	0.001996007984031936
CUFF_NC.8024	4	9987738	9988226	-	0	0	0		21	40	121	0.3305785123966942	136	14	775	0.01806451612903226
CUFF_NC.8025	4	10009564	10012099	+	0	0	0		67	11	411	0.0267639902676399	582	38	3269	0.011624349954114408
CUFF_NC.8026	4	10012829	10013441	+	0	0	0		37	1	275	0.0036363636363636364	169	6	1201	0.004995836802664446
CUFF_NC.8027	4	10062053	10062753	-	0	0	0		28	0	117	0.0	204	1	1204	0.0008305647840531562
CUFF_NC.8029	4	10089099	10090377	+	0	0	0		61	3	268	0.011194029850746268	317	3	1567	0.0019144862795149968
CUFF_NC.8028	4	10091256	10092384	+	0	0	0		70	0	285	0.0	301	1	1196	0.0008361204013377926
CUFF_NC.8030	4	10103932	10104536	-	0	0	0		44	0	148	0.0	186	1	762	0.0013123359580052493
CUFF_NC.8031	4	10142346	10144022	-	0	0	0		144	2	773	0.00258732212160414	371	4	1950	0.0020512820512820513
CUFF_NC.8033	4	10152744	10153025	-	0	0	0		19	0	160	0.0	71	1	578	0.0017301038062283738
CUFF_NC.8035	4	10163197	10164611	+	0	0	0		120	2	582	0.003436426116838488	329	1	1424	0.0007022471910112359
CUFF_NC.8032	4	10171574	10172181	-	0	0	0		5	2	8	0.25	28	0	33	0.0
CUFF_NC.8036	4	10175455	10176669	+	0	0	0		45	0	299	0.0	311	4	2139	0.0018700327255726976
CUFF_NC.8037	4	10177987	10178951	+	0	0	0		46	48	313	0.15335463258785942	244	58	1367	0.04242867593269934
CUFF_NC.8038	4	10180046	10180534	-	0	0	0		16	0	99	0.0	91	2	399	0.005012531328320802
CUFF_NC.8040	4	10180270	10180909	+	0	0	0		18	0	98	0.0	46	2	267	0.00749063670411985
CUFF_NC.8039	4	10181678	10182299	+	0	0	0		17	0	70	0.0	192	0	903	0.0
CUFF_NC.8041	4	10183636	10184687	+	0	0	0		43	1	200	0.005	168	1	794	0.0012594458438287153
CUFF_NC.8042	4	10209955	10210462	+	0	0	0		15	2	71	0.028169014084507043	89	0	403	0.0
CUFF_NC.8043	4	10210992	10211506	+	0	0	0		11	0	107	0.0	114	0	1086	0.0
CUFF_NC.8044	4	10215776	10216546	+	0	0	0		45	1	235	0.00425531914893617	227	0	1043	0.0
CUFF_NC.8065	4	10236174	10238653	-	0	0	0		102	1	464	0.0021551724137931034	485	4	1955	0.0020460358056265983
CUFF_NC.8066	4	10237451	10237990	-	0	0	0		12	0	22	0.0	59	0	140	0.0
CUFF_NC.8064	4	10245726	10246186	+	0	0	0		40	0	194	0.0	122	0	611	0.0
CUFF_NC.8045	4	10257001	10258026	-	0	0	0		73	1	400	0.0025	271	1	1628	0.0006142506142506142
CUFF_NC.8047	4	10259655	10260056	-	0	0	0		13	0	62	0.0	113	0	522	0.0
CUFF_NC.8048	4	10263987	10264545	+	0	0	0		38	1	228	0.0043859649122807015	113	0	666	0.0
CUFF_NC.8052	4	10268091	10269160	+	0	0	0		39	0	276	0.0	272	3	1773	0.001692047377326565
CUFF_NC.8046	4	10281186	10281767	-	0	0	0		45	0	188	0.0	170	2	685	0.00291970802919708
CUFF_NC.8054	4	10282567	10283685	-	0	0	0		38	0	187	0.0	296	6	1330	0.004511278195488722
CUFF_NC.8053	4	10287381	10287700	+	0	0	0		7	0	33	0.0	62	0	395	0.0
CUFF_NC.8055	4	10287966	10288680	-	0	0	0		26	0	191	0.0	193	2	1279	0.001563721657544957
CUFF_NC.8057	4	10298595	10301405	-	0	0	0		143	2	844	0.002369668246445498	723	8	3959	0.002020712301086133
CUFF_NC.8059	4	10303606	10304260	+	0	0	0		34	0	175	0.0	181	0	833	0.0
CUFF_NC.8056	4	10311079	10312519	-	0	0	0		56	0	331	0.0	418	2	2288	0.0008741258741258741
CUFF_NC.8058	4	10321997	10324759	+	0	0	0		172	4	1201	0.0033305578684429643	734	8	4650	0.0017204301075268817
CUFF_NC.8060	4	10327410	10329674	-	0	0	0		71	0	497	0.0	498	8	3554	0.0022509848058525606
CUFF_NC.8062	4	10342032	10342563	-	0	0	0		25	0	178	0.0	113	0	611	0.0
CUFF_NC.8061	4	10345190	10345655	-	0	0	0		6	0	10	0.0	39	1	72	0.013888888888888888
CUFF_NC.8063	4	10354436	10355507	-	0	0	0		59	0	320	0.0	299	5	1389	0.003599712023038157
CUFF_NC.8067	4	10370488	10371278	-	0	0	0		49	1	276	0.0036231884057971015	183	1	983	0.001017293997965412
CUFF_NC.8068	4	10374938	10375564	-	0	0	0		16	0	53	0.0	69	0	273	0.0
CUFF_NC.8069	4	10398985	10399464	-	0	0	0		22	2	116	0.017241379310344827	108	1	570	0.0017543859649122807
CUFF_NC.8070	4	10410134	10410450	+	0	0	0		16	1	124	0.008064516129032258	85	0	619	0.0
CUFF_NC.8075	4	10415351	10416001	-	0	0	0		49	1	295	0.003389830508474576	192	2	968	0.002066115702479339
CUFF_NC.8088	4	10427167	10432443	+	0	0	0		155	1	651	0.0015360983102918587	1079	14	4913	0.0028495827396702628
CUFF_NC.8074	4	10440770	10441563	+	0	0	0		52	1	331	0.0030211480362537764	221	2	1400	0.0014285714285714286
CUFF_NC.8071	4	10445163	10445946	+	0	0	0		52	1	338	0.0029585798816568047	240	1	1271	0.0007867820613690008
CUFF_NC.8087	4	10458917	10463296	+	0	0	0		216	4	1077	0.003714020427112349	974	12	4482	0.002677376171352075
CUFF_NC.8072	4	10464829	10465366	+	0	0	0		10	0	58	0.0	97	1	560	0.0017857142857142857
CUFF_NC.8073	4	10468256	10468535	+	0	0	0		27	0	108	0.0	82	1	330	0.0030303030303030303
CUFF_NC.8076	4	10469655	10470138	-	0	0	0		28	1	153	0.006535947712418301	97	0	630	0.0
CUFF_NC.8077	4	10472127	10472543	+	0	0	0		22	1	160	0.00625	104	0	773	0.0
CUFF_NC.8078	4	10481632	10483879	-	0	0	0		161	1	807	0.0012391573729863693	500	8	2598	0.003079291762894534
CUFF_NC.8079	4	10485124	10486836	+	0	0	0		128	2	715	0.002797202797202797	491	4	2627	0.0015226494099733537
CUFF_NC.8086	4	10491809	10492764	+	0	0	0		2	0	2	0.0	16	0	24	0.0
CUFF_NC.8084	4	10496836	10497133	-	0	0	0		27	0	160	0.0	70	1	384	0.0026041666666666665
CUFF_NC.8085	4	10497373	10498120	-	0	0	0		46	0	321	0.0	220	0	1361	0.0
CUFF_NC.8080	4	10507760	10508180	+	0	0	0		32	0	149	0.0	106	0	552	0.0
CUFF_NC.8083	4	10521533	10522030	-	0	0	0		36	0	169	0.0	133	2	604	0.0033112582781456954
CUFF_NC.8082	4	10537767	10539611	+	0	0	0		48	56	123	0.45528455284552843	51	13	120	0.10833333333333334
CUFF_NC.8090	4	10598590	10599134	+	0	0	0		18	0	125	0.0	152	3	957	0.003134796238244514
CUFF_NC.8092	4	10606319	10606870	-	0	0	0		32	0	77	0.0	95	0	274	0.0
CUFF_NC.8100	4	10621077	10621531	-	0	0	0		30	0	171	0.0	118	1	699	0.001430615164520744
CUFF_NC.8094	4	10640694	10641192	+	0	0	0		21	2	132	0.015151515151515152	143	2	895	0.0022346368715083797
CUFF_NC.8095	4	10646590	10647055	+	0	0	0		31	0	169	0.0	132	1	727	0.001375515818431912
CUFF_NC.8093	4	10648601	10649237	-	0	0	0		22	35	132	0.26515151515151514	158	77	914	0.08424507658643327
CUFF_NC.8101	4	10651648	10652472	-	0	0	0		47	0	198	0.0	237	0	1026	0.0
CUFF_NC.8102	4	10654550	10655453	-	0	0	0		55	1	284	0.0035211267605633804	280	4	1498	0.0026702269692923898
CUFF_NC.8103	4	10655665	10657797	-	0	0	0		159	2	953	0.002098635886673662	594	5	3432	0.001456876456876457
CUFF_NC.8104	4	10666019	10666942	-	0	0	0		78	1	562	0.0017793594306049821	256	1	1632	0.0006127450980392157
CUFF_NC.8096	4	10682108	10683077	+	0	0	0		48	63	174	0.3620689655172414	219	46	761	0.06044678055190539
CUFF_NC.8097	4	10703313	10704724	-	0	0	0		67	2	409	0.004889975550122249	382	0	2249	0.0
CUFF_NC.8098	4	10713577	10714980	+	0	0	0		74	0	422	0.0	308	3	1425	0.002105263157894737
CUFF_NC.8099	4	10739391	10740008	+	0	0	0		49	0	295	0.0	159	0	1017	0.0
CUFF_NC.8110	4	10765503	10768712	+	0	0	0		128	1	724	0.0013812154696132596	675	7	3874	0.0018069179143004647
CUFF_NC.8112	4	10770067	10770850	-	0	0	0		12	15	51	0.29411764705882354	111	9	451	0.019955654101995565
CUFF_NC.8111	4	10771803	10772874	+	0	0	0		58	1	250	0.004	297	1	1477	0.0006770480704129993
CUFF_NC.8109	4	10775110	10775812	-	0	0	0		27	0	185	0.0	200	3	1382	0.002170767004341534
CUFF_NC.8107	4	10790335	10791406	+	0	0	0		69	0	351	0.0	282	2	1366	0.0014641288433382138
CUFF_NC.8105	4	10811262	10811897	-	0	0	0		26	0	130	0.0	188	2	954	0.0020964360587002098
CUFF_NC.8106	4	10828099	10828813	+	0	0	0		29	0	90	0.0	156	0	699	0.0
CUFF_NC.8113	4	10833782	10834735	-	0	0	0		74	0	464	0.0	276	2	1503	0.0013306719893546241
CUFF_NC.8108	4	10851750	10852061	+	0	0	0		16	0	101	0.0	95	0	604	0.0
CUFF_NC.8114	4	10861163	10861764	-	0	0	0		23	0	127	0.0	129	0	524	0.0
CUFF_NC.8116	4	10883796	10885894	-	0	0	0		167	0	972	0.0	610	8	3280	0.0024390243902439024
CUFF_NC.8115	4	10896521	10897959	-	0	0	0		86	0	464	0.0	366	3	1777	0.0016882386043894203
CUFF_NC.8117	4	10914478	10914992	+	0	0	0		24	2	172	0.011627906976744186	138	9	1021	0.00881488736532811
CUFF_NC.8118	4	10944750	10946147	-	0	0	0		53	1	323	0.0030959752321981426	342	4	2064	0.001937984496124031
CUFF_NC.8119	4	10960566	10960984	-	0	0	0		4	3	7	0.42857142857142855	27	8	50	0.16
CUFF_NC.8126	4	10984738	10992149	-	0	0	0		374	8	1949	0.004104669061056952	1580	21	7601	0.0027627943691619526
CUFF_NC.8127	4	10986621	10987389	-	0	0	0		52	6	330	0.01818181818181818	217	9	1345	0.006691449814126394
CUFF_NC.8128	4	10988743	10989698	-	0	0	0		27	0	95	0.0	135	1	476	0.0021008403361344537
CUFF_NC.8124	4	10992316	10998051	-	0	0	0		484	1573	2490	0.6317269076305221	1523	904	7798	0.11592716081046422
CUFF_NC.8120	4	10999260	10999967	+	0	0	0		6	0	25	0.0	168	37	1205	0.030705394190871368
CUFF_NC.8121	4	11000925	11001958	+	0	0	0		44	2	235	0.00851063829787234	256	2	1340	0.0014925373134328358
CUFF_NC.8122	4	11007383	11007945	-	0	0	0		41	0	157	0.0	144	1	634	0.0015772870662460567
CUFF_NC.8123	4	11022642	11023590	+	0	0	0		105	1	381	0.0026246719160104987	291	4	1219	0.003281378178835111
CUFF_NC.8129	4	11035266	11035898	+	0	0	0		54	0	302	0.0	153	0	898	0.0
CUFF_NC.8125	4	11080476	11081618	-	0	0	0		27	24	87	0.27586206896551724	61	14	180	0.07777777777777778
CUFF_NC.8130	4	11109678	11117264	+	0	0	0		303	83	1614	0.051425030978934326	832	94	4303	0.021845224262142693
CUFF_NC.8131	4	11116612	11117212	-	0	0	0		38	7	129	0.05426356589147287	118	16	472	0.03389830508474576
CUFF_NC.8134	4	11127497	11128117	-	0	0	0		34	0	242	0.0	180	2	1176	0.0017006802721088435
CUFF_NC.8133	4	11133251	11134073	+	0	0	0		46	0	262	0.0	221	3	1220	0.002459016393442623
CUFF_NC.8132	4	11137492	11139358	-	0	0	0		15	107	141	0.7588652482269503	131	382	1535	0.2488599348534202
CUFF_NC.8137	4	11149213	11149710	+	0	0	0		15	0	91	0.0	97	2	677	0.0029542097488921715
CUFF_NC.8140	4	11157862	11159093	-	0	0	0		90	2	473	0.004228329809725159	322	1	1524	0.0006561679790026247
CUFF_NC.8135	4	11170454	11171433	-	0	0	0		41	1	271	0.0036900369003690036	245	4	1665	0.0024024024024024023
CUFF_NC.8136	4	11171245	11171966	+	0	0	0		17	1	128	0.0078125	176	5	1321	0.003785011355034065
CUFF_NC.8141	4	11173807	11174264	-	0	0	0		24	0	124	0.0	129	0	614	0.0
CUFF_NC.8138	4	11177205	11178008	+	0	0	0		24	0	191	0.0	200	0	1415	0.0
CUFF_NC.8139	4	11178190	11178890	-	0	0	0		5	0	42	0.0	186	1	1685	0.0005934718100890207
CUFF_NC.8147	4	11193701	11194283	+	0	0	0		39	1	209	0.004784688995215311	170	5	933	0.0053590568060021436
CUFF_NC.8143	4	11206341	11208882	-	0	0	0		52	30	179	0.16759776536312848	284	19	972	0.01954732510288066
CUFF_NC.8142	4	11222083	11222589	-	0	0	0		8	0	11	0.0	49	1	72	0.013888888888888888
CUFF_NC.8148	4	11244674	11246561	-	0	0	0		131	1	805	0.0012422360248447205	516	7	3091	0.002264639275315432
CUFF_NC.8145	4	11253195	11257203	+	0	0	0		140	2	1021	0.0019588638589618022	955	23	7560	0.0030423280423280425
CUFF_NC.8146	4	11254545	11255294	+	0	0	0		45	1	259	0.003861003861003861	218	5	1365	0.003663003663003663
CUFF_NC.8144	4	11270064	11270757	-	0	0	0		51	0	319	0.0	161	0	1024	0.0
CUFF_NC.8149	4	11297273	11297788	+	0	0	0		18	0	94	0.0	125	2	662	0.0030211480362537764
CUFF_NC.8151	4	11306846	11307475	-	0	0	0		58	0	247	0.0	126	0	499	0.0
CUFF_NC.8152	4	11319174	11319583	+	0	0	0		32	0	221	0.0	109	0	794	0.0
CUFF_NC.8150	4	11324895	11325746	-	0	0	0		46	0	257	0.0	272	2	1648	0.0012135922330097086
CUFF_NC.8153	4	11339388	11339846	+	0	0	0		36	0	227	0.0	134	2	823	0.002430133657351154
CUFF_NC.8159	4	11355796	11357574	+	0	0	0		103	3	447	0.006711409395973154	457	2	1527	0.0013097576948264572
CUFF_NC.8154	4	11358047	11360938	+	0	0	0		67	19	492	0.03861788617886179	575	70	4279	0.01635896237438654
CUFF_NC.8157	4	11363449	11364441	+	0	0	0		7	0	33	0.0	51	0	177	0.0
CUFF_NC.8158	4	11368180	11368653	+	0	0	0		4	0	6	0.0	36	0	70	0.0
CUFF_NC.8162	4	11386242	11393214	+	0	0	0		329	7	1943	0.003602676273803397	1802	23	10837	0.0021223585863246286
CUFF_NC.8163	4	11391961	11392327	+	0	0	0		25	1	121	0.008264462809917356	105	3	506	0.005928853754940711
CUFF_NC.8164	4	11424804	11425613	-	0	0	0		34	1	194	0.005154639175257732	202	6	1281	0.00468384074941452
CUFF_NC.8165	4	11425808	11431297	-	0	0	0		355	5	2290	0.002183406113537118	1444	10	9124	0.0010960105217010083
CUFF_NC.8160	4	11440962	11441926	+	0	0	0		52	0	314	0.0	229	2	1193	0.0016764459346186086
CUFF_NC.8170	4	11479639	11480059	-	0	0	0		27	0	111	0.0	118	0	512	0.0
CUFF_NC.8168	4	11482241	11482642	-	0	0	0		28	1	158	0.006329113924050633	111	1	644	0.0015527950310559005
CUFF_NC.8169	4	11487482	11487890	-	0	0	0		17	0	116	0.0	113	2	804	0.0024875621890547263
CUFF_NC.8171	4	11526911	11528280	-	0	0	0		68	1	274	0.0036496350364963502	381	4	1855	0.00215633423180593
CUFF_NC.8172	4	11545624	11546571	-	0	0	0		40	0	158	0.0	168	2	725	0.002758620689655172
CUFF_NC.8173	4	11566946	11567791	-	0	0	0		35	2	209	0.009569377990430622	208	1	1188	0.0008417508417508417
CUFF_NC.8174	4	11569530	11570179	-	0	0	0		32	0	164	0.0	167	2	796	0.002512562814070352
CUFF_NC.8176	4	11587798	11588227	+	0	0	0		33	0	129	0.0	79	0	309	0.0
CUFF_NC.8175	4	11589817	11590270	+	0	0	0		12	0	51	0.0	100	0	470	0.0
CUFF_NC.8177	4	11591517	11592474	+	0	0	0		54	0	253	0.0	246	1	1254	0.0007974481658692185
CUFF_NC.8178	4	11602127	11602733	-	0	0	0		33	0	210	0.0	165	2	1008	0.001984126984126984
CUFF_NC.8185	4	11611389	11612756	+	0	0	0		114	0	635	0.0	421	2	2234	0.0008952551477170994
CUFF_NC.8186	4	11613150	11614978	+	0	0	0		97	1	574	0.0017421602787456446	470	5	2845	0.0017574692442882249
CUFF_NC.8182	4	11617034	11617513	+	0	0	0		34	0	219	0.0	132	1	832	0.001201923076923077
CUFF_NC.8190	4	11623346	11624191	+	0	0	0		44	0	235	0.0	197	3	1158	0.0025906735751295338
CUFF_NC.8179	4	11635973	11636807	+	0	0	0		33	0	159	0.0	196	2	1064	0.0018796992481203006
CUFF_NC.8184	4	11640703	11641311	-	0	0	0		31	1	216	0.004629629629629629	162	4	1180	0.003389830508474576
CUFF_NC.8180	4	11644027	11644558	-	0	0	0		21	0	121	0.0	74	1	397	0.0025188916876574307
CUFF_NC.8183	4	11647261	11648665	+	0	0	0		82	0	416	0.0	372	4	2082	0.0019212295869356388
CUFF_NC.8181	4	11653378	11654051	-	0	0	0		43	0	246	0.0	211	1	1299	0.0007698229407236335
CUFF_NC.8189	4	11657224	11659142	+	0	0	0		111	0	602	0.0	564	6	2794	0.0021474588403722263
CUFF_NC.8187	4	11659598	11660209	+	0	0	0		35	2	216	0.009259259259259259	166	0	706	0.0
CUFF_NC.8188	4	11663174	11663778	-	0	0	0		29	0	151	0.0	160	2	744	0.002688172043010753
CUFF_NC.8191	4	11670949	11672041	+	0	0	0		63	0	426	0.0	308	2	1905	0.0010498687664041995
CUFF_NC.8192	4	11699820	11700427	+	0	0	0		34	0	207	0.0	180	3	955	0.0031413612565445027
CUFF_NC.8194	4	11702267	11705979	+	0	0	0		196	4	1037	0.003857280617164899	899	11	4845	0.0022703818369453044
CUFF_NC.8195	4	11733042	11733983	-	0	0	0		67	0	331	0.0	235	1	1252	0.0007987220447284345
CUFF_NC.8199	4	11746967	11748491	+	0	0	0		105	2	635	0.0031496062992125984	432	4	2470	0.0016194331983805667
CUFF_NC.8200	4	11749413	11750322	+	0	0	0		49	0	269	0.0	268	3	1431	0.0020964360587002098
CUFF_NC.8196	4	11757369	11757923	-	0	0	0		38	0	195	0.0	156	1	831	0.0012033694344163659
CUFF_NC.8198	4	11761860	11764250	-	0	0	0		92	8	448	0.017857142857142856	506	6	2450	0.0024489795918367346
CUFF_NC.8197	4	11767534	11768611	+	0	0	0		80	0	314	0.0	237	5	829	0.006031363088057901
CUFF_NC.8203	4	11773175	11773972	-	0	0	0		34	0	161	0.0	127	0	609	0.0
CUFF_NC.8204	4	11777213	11782169	+	0	0	0		97	0	277	0.0	522	5	1427	0.00350385423966363
CUFF_NC.8205	4	11778855	11779893	+	0	0	0		30	0	96	0.0	157	0	476	0.0
CUFF_NC.8201	4	11783012	11783474	+	0	0	0		34	0	137	0.0	90	0	356	0.0
CUFF_NC.8209	4	11803789	11806084	+	0	0	0		99	1	611	0.0016366612111292963	511	3	3003	0.000999000999000999
CUFF_NC.8202	4	11834674	11837708	-	0	0	0		30	84	126	0.6666666666666666	124	54	509	0.10609037328094302
CUFF_NC.8214	4	11859207	11860467	+	0	0	0		86	0	467	0.0	280	0	1591	0.0
CUFF_NC.8215	4	11863608	11864187	+	0	0	0		37	1	221	0.004524886877828055	161	0	989	0.0
CUFF_NC.8206	4	11868750	11870194	-	0	0	0		37	1	213	0.004694835680751174	302	10	1819	0.005497526113249038
CUFF_NC.8216	4	11877918	11879221	+	0	0	0		67	0	361	0.0	314	1	1519	0.0006583278472679394
CUFF_NC.8207	4	11880015	11881075	-	0	0	0		66	0	300	0.0	216	1	894	0.0011185682326621924
CUFF_NC.8208	4	11891730	11893976	+	0	0	0		67	1	376	0.0026595744680851063	531	5	3020	0.0016556291390728477
CUFF_NC.8211	4	11917045	11917593	-	0	0	0		30	0	167	0.0	141	2	736	0.002717391304347826
CUFF_NC.8212	4	11919983	11920343	-	0	0	0		54	0	176	0.0	120	1	405	0.0024691358024691358
CUFF_NC.8210	4	11929816	11936628	-	0	0	0		182	6	866	0.006928406466512702	992	10	4622	0.0021635655560363477
CUFF_NC.8213	4	11946256	11946729	-	0	0	0		15	61	78	0.782051282051282	115	97	647	0.14992272024729522
CUFF_NC.8220	4	11958397	11959281	-	0	0	0		59	28	323	0.08668730650154799	188	6	1133	0.00529567519858782
CUFF_NC.8221	4	11961613	11962899	-	0	0	0		105	1	458	0.002183406113537118	355	6	1412	0.00424929178470255
CUFF_NC.8217	4	11964868	11966643	+	0	0	0		79	1	418	0.0023923444976076554	380	6	1959	0.0030627871362940277
CUFF_NC.8218	4	11968498	11969754	+	0	0	0		72	0	403	0.0	316	1	1515	0.0006600660066006601
CUFF_NC.8219	4	11971286	11971924	+	0	0	0		25	1	94	0.010638297872340425	94	0	256	0.0
CUFF_NC.8222	4	11977045	11977467	-	0	0	0		7	0	67	0.0	108	1	807	0.0012391573729863693
CUFF_NC.8223	4	11987363	11988384	+	0	0	0		56	1	329	0.00303951367781155	245	4	1426	0.002805049088359046
CUFF_NC.8225	4	11990499	11991472	+	0	0	0		70	2	319	0.006269592476489028	262	1	1451	0.0006891798759476223
CUFF_NC.8224	4	12005247	12006183	+	0	0	0		42	0	219	0.0	238	1	1124	0.0008896797153024911
CUFF_NC.8238	4	12043959	12045989	+	0	0	0		129	3	715	0.004195804195804196	570	6	3012	0.00199203187250996
CUFF_NC.8240	4	12058402	12059078	-	0	0	0		60	0	398	0.0	182	4	1125	0.0035555555555555557
CUFF_NC.8236	4	12106436	12110579	+	0	0	0		135	0	738	0.0	892	15	4989	0.003006614552014432
CUFF_NC.8237	4	12117610	12118223	+	0	0	0		27	0	135	0.0	154	0	693	0.0
CUFF_NC.8249	4	12120341	12120996	-	0	0	0		42	0	348	0.0	166	3	1382	0.002170767004341534
CUFF_NC.8250	4	12121341	12126131	-	0	0	0		204	1	1128	0.0008865248226950354	950	10	5252	0.001904036557501904
CUFF_NC.8251	4	12121805	12122290	-	0	0	0		36	0	157	0.0	124	0	413	0.0
CUFF_NC.8252	4	12122609	12133428	-	0	0	0		416	9	2500	0.0036	1781	29	10563	0.0027454321688914133
CUFF_NC.8253	4	12125651	12138967	-	0	0	0		625	13	3821	0.003402250719706883	2619	49	15943	0.003073449162641912
CUFF_NC.8239	4	12150644	12151389	+	0	0	0		26	0	95	0.0	58	1	239	0.0041841004184100415
CUFF_NC.8256	4	12154719	12168400	+	0	0	0		474	1	2934	0.00034083162917518747	2175	24	13377	0.001794124243103835
CUFF_NC.8257	4	12160539	12167826	+	0	0	0		431	1	2671	0.00037439161362785476	1959	21	12245	0.0017149857084524296
CUFF_NC.8258	4	12164130	12164781	+	0	0	0		41	0	231	0.0	159	1	906	0.0011037527593818985
CUFF_NC.8241	4	12180297	12180922	+	0	0	0		38	0	206	0.0	182	1	1019	0.0009813542688910696
CUFF_NC.8242	4	12181716	12183077	-	0	0	0		103	0	795	0.0	316	5	2503	0.001997602876548142
CUFF_NC.8243	4	12238161	12239246	-	0	0	0		69	1	348	0.0028735632183908046	302	2	1047	0.0019102196752626551
CUFF_NC.8245	4	12244887	12245241	+	0	0	0		41	0	174	0.0	104	1	495	0.00202020202020202
CUFF_NC.8246	4	12252883	12253819	+	0	0	0		55	0	390	0.0	268	6	1640	0.003658536585365854
CUFF_NC.8244	4	12261644	12262165	-	0	0	0		16	57	104	0.5480769230769231	114	57	615	0.09268292682926829
CUFF_NC.8247	4	12264371	12265271	-	0	0	0		44	1	146	0.00684931506849315	148	0	521	0.0
CUFF_NC.8248	4	12266473	12266998	-	0	0	0		60	1	323	0.0030959752321981426	110	2	577	0.0034662045060658577
CUFF_NC.8255	4	12316986	12318304	-	0	0	0		68	2	366	0.00546448087431694	319	5	1559	0.003207184092366902
CUFF_NC.8263	4	12326849	12327633	+	0	0	0		64	0	283	0.0	202	1	962	0.0010395010395010396
CUFF_NC.8264	4	12331453	12332250	+	0	0	0		42	1	266	0.0037593984962406013	180	2	1195	0.0016736401673640166
CUFF_NC.8261	4	12332716	12336685	+	0	0	0		138	46	755	0.060927152317880796	835	86	4249	0.020240056483878558
CUFF_NC.8262	4	12333228	12337470	+	0	0	0		142	46	794	0.05793450881612091	931	86	4845	0.017750257997936017
CUFF_NC.8259	4	12355303	12355729	-	0	0	0		14	0	88	0.0	101	2	699	0.002861230329041488
CUFF_NC.8265	4	12364677	12364987	-	0	0	0		20	0	82	0.0	82	0	407	0.0
CUFF_NC.8269	4	12392825	12393250	+	0	0	0		30	0	110	0.0	126	0	500	0.0
CUFF_NC.8271	4	12410401	12410912	-	0	0	0		77	0	364	0.0	106	0	536	0.0
CUFF_NC.8266	4	12414041	12415018	-	0	0	0		41	0	237	0.0	248	2	1668	0.001199040767386091
CUFF_NC.8268	4	12415823	12416845	+	0	0	0		48	0	279	0.0	272	4	1496	0.00267379679144385
CUFF_NC.8267	4	12418086	12419158	-	0	0	0		55	0	241	0.0	276	0	1151	0.0
CUFF_NC.8280	4	12425060	12425316	-	0	0	0		32	2	198	0.010101010101010102	65	1	374	0.00267379679144385
CUFF_NC.8281	4	12427314	12429538	-	0	0	0		163	2	919	0.002176278563656148	581	7	3186	0.002197112366603892
CUFF_NC.8270	4	12434039	12434624	-	0	0	0		29	26	170	0.15294117647058825	138	3	721	0.004160887656033287
CUFF_NC.8277	4	12441330	12442383	-	0	0	0		67	0	418	0.0	282	2	1654	0.0012091898428053204
CUFF_NC.8294	4	12456505	12462664	-	0	0	0		243	2	1497	0.0013360053440213762	1526	18	8836	0.002037120869171571
CUFF_NC.8295	4	12461983	12467026	-	0	0	0		205	2	1170	0.0017094017094017094	1308	23	8189	0.002808645744291122
CUFF_NC.8296	4	12464900	12469626	-	0	0	0		199	3	1084	0.0027675276752767526	1232	18	7314	0.002461033634126333
CUFF_NC.8275	4	12479516	12480511	-	0	0	0		53	0	241	0.0	244	0	1021	0.0
CUFF_NC.8272	4	12487221	12487700	+	0	0	0		13	5	66	0.07575757575757576	126	22	675	0.03259259259259259
CUFF_NC.8273	4	12501183	12501589	-	0	0	0		13	0	69	0.0	110	0	646	0.0
CUFF_NC.8274	4	12501476	12501897	+	0	0	0		27	0	135	0.0	110	2	643	0.003110419906687403
CUFF_NC.8276	4	12504410	12505577	-	0	0	0		66	0	293	0.0	373	3	1852	0.0016198704103671706
CUFF_NC.8279	4	12526382	12527110	-	0	0	0		56	0	309	0.0	190	3	1154	0.0025996533795493936
CUFF_NC.8278	4	12532297	12532711	+	0	0	0		23	0	136	0.0	117	0	668	0.0
CUFF_NC.8283	4	12546374	12547474	-	0	0	0		59	0	319	0.0	299	1	1496	0.0006684491978609625
CUFF_NC.8282	4	12556191	12556912	+	0	0	0		24	0	183	0.0	173	2	1264	0.0015822784810126582
CUFF_NC.8284	4	12563219	12564362	-	0	0	0		61	1	295	0.003389830508474576	279	0	1320	0.0
CUFF_NC.8285	4	12569745	12571431	-	0	0	0		88	272	537	0.5065176908752328	336	120	1938	0.06191950464396285
CUFF_NC.8286	4	12571616	12572394	-	0	0	0		63	0	254	0.0	201	0	1049	0.0
CUFF_NC.8289	4	12577840	12579527	+	0	0	0		152	1	981	0.0010193679918450561	461	5	3181	0.0015718327569946558
CUFF_NC.8290	4	12579615	12580309	+	0	0	0		37	0	201	0.0	208	4	1076	0.0037174721189591076
CUFF_NC.8288	4	12582760	12583102	+	0	0	0		39	1	199	0.005025125628140704	87	0	398	0.0
CUFF_NC.8287	4	12592974	12593586	-	0	0	0		47	1	240	0.004166666666666667	191	3	912	0.003289473684210526
CUFF_NC.8291	4	12594035	12594472	-	0	0	0		17	0	105	0.0	115	1	652	0.0015337423312883436
CUFF_NC.8292	4	12597234	12597914	-	0	0	0		49	1	266	0.0037593984962406013	206	3	1107	0.0027100271002710027
CUFF_NC.8293	4	12607433	12610385	-	0	0	0		132	1	773	0.00129366106080207	708	9	4032	0.002232142857142857
CUFF_NC.8298	4	12625750	12629453	-	0	0	0		154	1	811	0.0012330456226880395	990	16	5743	0.0027860003482500437
CUFF_NC.8299	4	12666698	12667322	+	0	0	0		40	0	196	0.0	181	0	877	0.0
CUFF_NC.8300	4	12686351	12687295	-	0	0	0		80	1	404	0.0024752475247524753	249	2	934	0.0021413276231263384
CUFF_NC.8301	4	12716612	12717279	-	0	0	0		46	0	176	0.0	179	1	582	0.001718213058419244
CUFF_NC.8302	4	12728354	12728828	+	0	0	0		36	0	206	0.0	147	2	866	0.0023094688221709007
CUFF_NC.8304	4	12738047	12739971	-	0	0	0		185	4	1003	0.003988035892323031	566	10	2697	0.0037078235076010383
CUFF_NC.8303	4	12744781	12745399	+	0	0	0		35	0	184	0.0	149	0	781	0.0
CUFF_NC.8305	4	12792930	12793384	+	0	0	0		38	0	132	0.0	115	1	414	0.0024154589371980675
CUFF_NC.8310	4	12796336	12797910	+	0	0	0		132	0	938	0.0	395	6	2642	0.002271006813020439
CUFF_NC.8321	4	12821383	12822510	+	0	0	0		46	0	261	0.0	351	3	1881	0.001594896331738437
CUFF_NC.8306	4	12826496	12826980	-	0	0	0		10	0	85	0.0	120	2	966	0.002070393374741201
CUFF_NC.8311	4	12834839	12835768	-	0	0	0		45	0	332	0.0	267	4	1847	0.002165674066053059
CUFF_NC.8307	4	12841060	12845292	-	0	0	0		130	121	812	0.14901477832512317	1006	132	6175	0.02137651821862348
CUFF_NC.8308	4	12841292	12841970	-	0	0	0		28	23	164	0.1402439024390244	175	11	989	0.011122345803842264
CUFF_NC.8309	4	12853117	12853591	+	0	0	0		43	1	251	0.00398406374501992	124	1	691	0.001447178002894356
CUFF_NC.8314	4	12855918	12856620	+	0	0	0		19	0	124	0.0	184	2	1110	0.0018018018018018018
CUFF_NC.8312	4	12857638	12858385	+	0	0	0		22	0	134	0.0	199	3	1332	0.0022522522522522522
CUFF_NC.8313	4	12860701	12861598	+	0	0	0		72	3	399	0.007518796992481203	285	2	1182	0.001692047377326565
CUFF_NC.8319	4	12876966	12877570	-	0	0	0		62	1	282	0.0035460992907801418	154	2	575	0.0034782608695652175
CUFF_NC.8318	4	12883034	12883651	+	0	0	0		53	0	245	0.0	157	2	630	0.0031746031746031746
CUFF_NC.8315	4	12889478	12890333	+	0	0	0		53	2	221	0.00904977375565611	215	1	1172	0.0008532423208191126
CUFF_NC.8316	4	12918299	12919602	-	0	0	0		111	9	650	0.013846153846153847	346	10	2028	0.004930966469428008
CUFF_NC.8317	4	12921362	12922649	-	0	0	0		132	1	554	0.0018050541516245488	360	2	1305	0.0015325670498084292
CUFF_NC.8325	4	12937040	12939096	+	0	0	0		118	0	583	0.0	605	7	3036	0.00230566534914361
CUFF_NC.8320	4	12975863	12976587	+	0	0	0		36	0	136	0.0	155	0	493	0.0
CUFF_NC.8324	4	12978228	12979086	-	0	0	0		53	0	238	0.0	281	3	890	0.0033707865168539327
CUFF_NC.8323	4	12991872	12992488	+	0	0	0		40	0	206	0.0	182	0	946	0.0
CUFF_NC.8322	4	12999713	13000254	-	0	0	0		41	0	200	0.0	136	1	589	0.001697792869269949
CUFF_NC.8330	4	13008757	13009159	+	0	0	0		42	0	156	0.0	111	0	399	0.0
CUFF_NC.8326	4	13015478	13016578	+	0	0	0		90	0	403	0.0	291	0	1428	0.0
CUFF_NC.8327	4	13017082	13021766	+	0	0	0		202	28	1252	0.022364217252396165	1102	32	6558	0.004879536444037816
CUFF_NC.8328	4	13026258	13027129	-	0	0	0		70	3	333	0.009009009009009009	287	2	1257	0.0015910898965791568
CUFF_NC.8329	4	13048494	13048938	-	0	0	0		32	0	197	0.0	119	0	805	0.0
CUFF_NC.8332	4	13064714	13066943	-	0	0	0		168	2	933	0.0021436227224008574	627	11	3397	0.0032381513099793936
CUFF_NC.8331	4	13069033	13069836	+	0	0	0		34	0	138	0.0	180	0	875	0.0
CUFF_NC.8333	4	13078880	13079555	+	0	0	0		22	0	79	0.0	153	3	735	0.004081632653061225
CUFF_NC.8334	4	13082615	13083315	+	0	0	0		40	0	235	0.0	205	4	952	0.004201680672268907
CUFF_NC.8338	4	13088041	13088752	-	0	0	0		34	0	134	0.0	190	2	750	0.0026666666666666666
CUFF_NC.8339	4	13098304	13101692	+	0	0	0		197	0	1140	0.0	924	10	5349	0.001869508319312021
CUFF_NC.8337	4	13102807	13104103	+	0	0	0		120	2	745	0.0026845637583892616	389	3	2036	0.0014734774066797642
CUFF_NC.8335	4	13110828	13111755	+	0	0	0		50	0	281	0.0	282	2	1445	0.001384083044982699
CUFF_NC.8336	4	13111912	13112343	+	0	0	0		20	0	106	0.0	157	1	634	0.0015772870662460567
CUFF_NC.8341	4	13133471	13133894	-	0	0	0		28	0	191	0.0	100	3	716	0.004189944134078212
CUFF_NC.8342	4	13134323	13134768	-	0	0	0		28	0	145	0.0	134	1	643	0.0015552099533437014
CUFF_NC.8340	4	13135710	13137861	-	0	0	0		103	1	560	0.0017857142857142857	602	4	2863	0.0013971358714634998
CUFF_NC.8344	4	13162826	13163505	-	0	0	0		35	0	287	0.0	190	2	1593	0.0012554927809165098
CUFF_NC.8343	4	13167895	13169178	-	0	0	0		72	187	388	0.48195876288659795	346	108	1980	0.05454545454545454
CUFF_NC.8345	4	13173846	13174437	+	0	0	0		45	0	277	0.0	155	1	892	0.0011210762331838565
CUFF_NC.8347	4	13184089	13184367	-	0	0	0		30	0	189	0.0	66	0	379	0.0
CUFF_NC.8348	4	13189181	13190316	-	0	0	0		59	1	343	0.0029154518950437317	312	3	1636	0.0018337408312958435
CUFF_NC.8349	4	13192632	13193317	+	0	0	0		58	0	350	0.0	167	1	794	0.0012594458438287153
CUFF_NC.8346	4	13197049	13197975	-	0	0	0		62	1	340	0.0029411764705882353	243	2	1401	0.0014275517487508922
CUFF_NC.8351	4	13220038	13221320	+	0	0	0		78	2	341	0.005865102639296188	350	18	1382	0.013024602026049204
CUFF_NC.8350	4	13223045	13224100	+	0	0	0		29	1	233	0.004291845493562232	246	4	1650	0.0024242424242424242
CUFF_NC.8359	4	13248507	13249242	-	0	0	0		14	35	112	0.3125	182	196	1531	0.1280209013716525
CUFF_NC.8352	4	13282406	13283237	-	0	0	0		67	1	413	0.002421307506053269	227	2	1373	0.0014566642388929353
CUFF_NC.8360	4	13294744	13298941	-	0	0	0		157	1	980	0.0010204081632653062	976	9	6239	0.0014425388684083987
CUFF_NC.8361	4	13295675	13296186	-	0	0	0		21	0	147	0.0	130	2	979	0.0020429009193054137
CUFF_NC.8355	4	13309390	13311737	+	0	0	0		184	5	971	0.005149330587023687	626	5	3226	0.0015499070055796653
CUFF_NC.8356	4	13312641	13313046	+	0	0	0		21	0	93	0.0	96	1	405	0.0024691358024691358
CUFF_NC.8354	4	13315831	13316116	+	0	0	0		31	1	150	0.006666666666666667	74	0	382	0.0
CUFF_NC.8353	4	13317198	13317621	+	0	0	0		22	0	107	0.0	112	1	433	0.0023094688221709007
CUFF_NC.8357	4	13318668	13319354	-	0	0	0		48	0	219	0.0	155	0	827	0.0
CUFF_NC.8358	4	13328761	13329327	+	0	0	0		23	13	72	0.18055555555555555	105	2	286	0.006993006993006993
CUFF_NC.8363	4	13344815	13346559	+	0	0	0		113	3	592	0.005067567567567568	458	4	2379	0.0016813787305590584
CUFF_NC.8366	4	13357992	13358269	+	0	0	0		26	0	139	0.0	74	1	364	0.0027472527472527475
CUFF_NC.8367	4	13358370	13359695	+	0	0	0		116	0	597	0.0	351	4	1715	0.0023323615160349854
CUFF_NC.8364	4	13361995	13362566	-	0	0	0		43	2	306	0.006535947712418301	133	3	872	0.0034403669724770644
CUFF_NC.8365	4	13363228	13364243	-	0	0	0		96	2	477	0.0041928721174004195	290	1	1189	0.0008410428931875525
CUFF_NC.8362	4	13365608	13366548	-	0	0	0		68	3	386	0.007772020725388601	274	5	1457	0.0034317089910775567
CUFF_NC.8373	4	13372558	13373109	+	0	0	0		43	2	239	0.008368200836820083	155	1	795	0.0012578616352201257
CUFF_NC.8374	4	13375586	13376262	+	0	0	0		57	1	226	0.004424778761061947	191	1	744	0.0013440860215053765
CUFF_NC.8378	4	13388024	13390322	-	0	0	0		191	3	971	0.003089598352214212	699	5	3543	0.0014112334180073384
CUFF_NC.8368	4	13393483	13394163	-	0	0	0		20	1	134	0.007462686567164179	179	1	1222	0.0008183306055646482
CUFF_NC.8369	4	13395414	13398178	+	0	0	0		229	2	1182	0.001692047377326565	736	3	3710	0.0008086253369272237
CUFF_NC.8371	4	13407849	13408430	+	0	0	0		33	2	239	0.008368200836820083	151	1	1004	0.00099601593625498
CUFF_NC.8370	4	13411690	13412109	+	0	0	0		28	0	192	0.0	117	0	719	0.0
CUFF_NC.8372	4	13413547	13416178	+	0	0	0		182	3	1016	0.002952755905511811	788	9	4142	0.0021728633510381457
CUFF_NC.8375	4	13421916	13423786	-	0	0	0		104	4	670	0.005970149253731343	526	6	3279	0.0018298261665141812
CUFF_NC.8376	4	13429250	13430722	+	0	0	0		110	4	703	0.005689900426742532	399	3	2582	0.0011618900077459333
CUFF_NC.8377	4	13433844	13434926	+	0	0	0		63	3	417	0.007194244604316547	298	6	1405	0.004270462633451958
CUFF_NC.8380	4	13440175	13440974	+	0	0	0		43	0	199	0.0	209	0	871	0.0
CUFF_NC.8379	4	13453714	13454668	-	0	0	0		55	4	395	0.010126582278481013	240	6	1574	0.0038119440914866584
CUFF_NC.8381	4	13483594	13484714	-	0	0	0		76	2	518	0.003861003861003861	311	4	2013	0.001987083954297069
CUFF_NC.8382	4	13487208	13489637	-	0	0	0		182	2	1258	0.001589825119236884	640	5	4569	0.001094331363536879
CUFF_NC.8383	4	13510797	13511210	+	0	0	0		12	1	95	0.010526315789473684	104	1	666	0.0015015015015015015
CUFF_NC.8384	4	13511766	13513283	-	0	0	0		92	2	521	0.003838771593090211	363	2	1938	0.0010319917440660474
CUFF_NC.8387	4	13527484	13528980	-	0	0	0		114	1	526	0.0019011406844106464	452	0	1756	0.0
CUFF_NC.8386	4	13532228	13532697	+	0	0	0		28	0	126	0.0	127	1	549	0.0018214936247723133
CUFF_NC.8385	4	13533493	13534545	+	0	0	0		42	1	208	0.004807692307692308	294	3	1730	0.0017341040462427746
CUFF_NC.8388	4	13550344	13550751	+	0	0	0		23	1	99	0.010101010101010102	99	0	387	0.0
CUFF_NC.8400	4	13574773	13575467	+	0	0	0		28	0	197	0.0	178	4	1246	0.0032102728731942215
CUFF_NC.8401	4	13577130	13578693	+	0	0	0		84	1	659	0.0015174506828528073	325	8	2783	0.002874595759971254
CUFF_NC.8406	4	13591635	13592743	-	0	0	0		53	1	528	0.001893939393939394	317	10	3655	0.0027359781121751026
CUFF_NC.8390	4	13612129	13614274	-	0	0	0		116	2	658	0.00303951367781155	592	5	3554	0.0014068655036578502
CUFF_NC.8389	4	13619996	13621208	+	0	0	0		6	0	6	0.0	10	0	10	0.0
CUFF_NC.8392	4	13640130	13640803	-	0	0	0		45	0	216	0.0	153	1	629	0.001589825119236884
CUFF_NC.8393	4	13640930	13641781	-	0	0	0		49	1	251	0.00398406374501992	200	3	933	0.003215434083601286
CUFF_NC.8391	4	13655367	13656053	-	0	0	0		44	0	238	0.0	218	1	1231	0.0008123476848090983
CUFF_NC.8394	4	13661338	13663570	+	0	0	0		149	1	752	0.0013297872340425532	611	2	3078	0.000649772579597141
CUFF_NC.8395	4	13663633	13664606	+	0	0	0		51	2	264	0.007575757575757576	279	3	1316	0.0022796352583586625
CUFF_NC.8396	4	13673808	13674318	-	0	0	0		10	0	88	0.0	116	1	954	0.0010482180293501049
CUFF_NC.8397	4	13675492	13676966	-	0	0	0		84	1	403	0.0024813895781637717	347	2	1576	0.0012690355329949238
CUFF_NC.8398	4	13679761	13680926	+	0	0	0		71	0	286	0.0	320	4	1330	0.0030075187969924814
CUFF_NC.8402	4	13707713	13708742	+	0	0	0		74	1	466	0.002145922746781116	267	2	1563	0.0012795905310300703
CUFF_NC.8399	4	13716364	13717776	+	0	0	0		51	0	313	0.0	355	7	2207	0.0031717263253285004
CUFF_NC.8405	4	13720319	13722775	-	0	0	0		208	2	1131	0.0017683465959328027	690	8	3266	0.002449479485609308
CUFF_NC.8404	4	13724082	13724865	-	0	0	0		35	0	164	0.0	124	0	465	0.0
CUFF_NC.8403	4	13733070	13734286	-	0	0	0		103	1	396	0.0025252525252525255	314	3	1306	0.002297090352220521
CUFF_NC.8408	4	13766553	13767942	+	0	0	0		101	0	622	0.0	391	6	2433	0.002466091245376079
CUFF_NC.8407	4	13774222	13774903	+	0	0	0		59	1	440	0.0022727272727272726	189	2	950	0.002105263157894737
CUFF_NC.8411	4	13784678	13785100	+	0	0	0		20	0	114	0.0	108	0	501	0.0
CUFF_NC.8412	4	13785645	13786325	+	0	0	0		81	0	367	0.0	180	1	779	0.0012836970474967907
CUFF_NC.8413	4	13787932	13788452	+	0	0	0		39	0	175	0.0	134	0	567	0.0
CUFF_NC.8409	4	13789030	13789985	+	0	0	0		96	0	539	0.0	283	1	1456	0.0006868131868131869
CUFF_NC.8414	4	13807410	13807852	+	0	0	0		40	0	246	0.0	111	1	645	0.0015503875968992248
CUFF_NC.8410	4	13809697	13810380	-	0	0	0		35	0	159	0.0	162	0	731	0.0
CUFF_NC.8415	4	13816514	13817266	+	0	0	0		38	1	268	0.0037313432835820895	207	3	1283	0.002338269680436477
CUFF_NC.8424	4	13828318	13831373	-	0	0	0		147	0	769	0.0	836	11	4240	0.0025943396226415093
CUFF_NC.8416	4	13838943	13839771	-	0	0	0		18	0	124	0.0	143	1	712	0.0014044943820224719
CUFF_NC.8417	4	13847466	13849788	-	0	0	0		175	1	885	0.0011299435028248588	653	4	3436	0.0011641443538998836
CUFF_NC.8418	4	13853336	13854116	+	0	0	0		59	1	295	0.003389830508474576	199	2	1087	0.0018399264029438822
CUFF_NC.8420	4	13859067	13863527	+	0	0	0		208	2	1329	0.0015048908954100827	1158	11	7075	0.0015547703180212014
CUFF_NC.8421	4	13864959	13866540	+	0	0	0		87	0	467	0.0	393	1	1957	0.000510986203372509
CUFF_NC.8419	4	13881050	13882829	-	0	0	0		121	1	532	0.0018796992481203006	413	2	1825	0.001095890410958904
CUFF_NC.8423	4	13893717	13894435	-	0	0	0		35	0	199	0.0	173	2	1001	0.001998001998001998
CUFF_NC.8422	4	13909566	13910978	+	0	0	0		107	2	507	0.0039447731755424065	335	2	1606	0.0012453300124533001
CUFF_NC.8425	4	13921689	13922472	-	0	0	0		57	0	379	0.0	233	2	1022	0.0019569471624266144
CUFF_NC.8426	4	13923960	13924711	+	0	0	0		66	0	336	0.0	203	0	950	0.0
CUFF_NC.8430	4	13940646	13941176	-	0	0	0		19	0	68	0.0	128	2	422	0.004739336492890996
CUFF_NC.8429	4	13942668	13943598	+	0	0	0		65	1	406	0.0024630541871921183	232	5	1446	0.003457814661134163
CUFF_NC.8438	4	13959795	13960803	-	0	0	0		52	0	258	0.0	258	0	1309	0.0
CUFF_NC.8427	4	13963804	13964552	+	0	0	0		18	0	129	0.0	212	6	1490	0.004026845637583893
CUFF_NC.8428	4	13966027	13967041	+	0	0	0		76	0	344	0.0	236	5	1021	0.004897159647404506
CUFF_NC.8431	4	13970624	13971037	+	0	0	0		10	0	72	0.0	106	2	895	0.0022346368715083797
CUFF_NC.8437	4	13979179	13979864	+	0	0	0		20	0	159	0.0	170	4	1273	0.003142183817753339
CUFF_NC.8436	4	13979542	13981536	-	0	0	0		93	0	605	0.0	543	5	3686	0.0013564839934888768
CUFF_NC.8432	4	13982989	13983427	+	0	0	0		53	1	210	0.004761904761904762	116	0	353	0.0
CUFF_NC.8435	4	13984647	13985476	-	0	0	0		19	3	110	0.02727272727272727	248	4	1558	0.0025673940949935813
CUFF_NC.8439	4	13997724	13999977	+	0	0	0		116	0	655	0.0	591	7	3073	0.002277904328018223
CUFF_NC.8440	4	14000382	14000787	+	0	0	0		28	0	170	0.0	129	1	843	0.0011862396204033216
CUFF_NC.8433	4	14004242	14006378	-	0	0	0		159	2	884	0.0022624434389140274	603	5	3364	0.0014863258026159335
CUFF_NC.8434	4	14007543	14008271	+	0	0	0		50	0	196	0.0	202	2	973	0.0020554984583761563
CUFF_NC.8443	4	14015828	14016676	-	0	0	0		104	2	326	0.006134969325153374	280	1	750	0.0013333333333333333
CUFF_NC.8442	4	14022228	14025340	+	0	0	0		149	2	862	0.002320185614849188	790	6	4699	0.001276867418599702
CUFF_NC.8441	4	14026748	14027335	-	0	0	0		48	1	217	0.004608294930875576	179	4	592	0.006756756756756757
CUFF_NC.8444	4	14135642	14139076	+	0	0	0		219	2	1400	0.0014285714285714286	902	13	5769	0.002253423470272144
CUFF_NC.8445	4	14155120	14155502	-	0	0	0		29	0	145	0.0	102	0	611	0.0
CUFF_NC.8446	4	14160219	14160704	-	0	0	0		38	1	147	0.006802721088435374	145	1	591	0.001692047377326565
CUFF_NC.8449	4	14169275	14170068	-	0	0	0		65	0	226	0.0	222	1	904	0.0011061946902654867
CUFF_NC.8463	4	14178818	14179349	-	0	0	0		40	0	246	0.0	155	1	972	0.00102880658436214
CUFF_NC.8464	4	14179897	14180245	-	0	0	0		45	7	243	0.02880658436213992	86	2	451	0.004434589800443459
CUFF_NC.8451	4	14210713	14211172	-	0	0	0		34	0	160	0.0	141	2	685	0.00291970802919708
CUFF_NC.8450	4	14212353	14212655	+	0	0	0		23	0	98	0.0	89	0	391	0.0
CUFF_NC.8447	4	14215697	14216742	-	0	0	0		68	2	452	0.004424778761061947	271	1	1670	0.0005988023952095808
CUFF_NC.8448	4	14219037	14220386	-	0	0	0		103	0	648	0.0	360	1	2006	0.0004985044865403788
CUFF_NC.8457	4	14232431	14232778	-	0	0	0		26	0	172	0.0	91	1	584	0.0017123287671232876
CUFF_NC.8458	4	14249035	14254355	-	0	0	0		339	41	2087	0.01964542405366555	1244	83	7533	0.01101818664542679
CUFF_NC.8459	4	14250294	14250701	-	0	0	0		13	22	24	0.9166666666666666	58	2	82	0.024390243902439025
CUFF_NC.8452	4	14257228	14257740	+	0	0	0		49	0	282	0.0	131	1	661	0.0015128593040847202
CUFF_NC.8456	4	14266220	14266719	+	0	0	0		36	0	143	0.0	110	0	457	0.0
CUFF_NC.8453	4	14272287	14272847	+	0	0	0		18	12	108	0.1111111111111111	112	13	627	0.02073365231259968
CUFF_NC.8454	4	14273930	14274675	-	0	0	0		20	0	120	0.0	196	0	1188	0.0
CUFF_NC.8455	4	14276434	14277051	-	0	0	0		36	0	129	0.0	161	4	731	0.005471956224350205
CUFF_NC.8461	4	14317982	14319098	-	0	0	0		98	1	586	0.0017064846416382253	351	2	1605	0.0012461059190031153
CUFF_NC.8466	4	14341704	14342285	-	0	0	0		17	0	85	0.0	176	3	977	0.0030706243602865915
CUFF_NC.8460	4	14368830	14370419	-	0	0	0		116	1	540	0.001851851851851852	364	4	1460	0.0027397260273972603
CUFF_NC.8462	4	14379661	14380436	-	0	0	0		85	1	380	0.002631578947368421	184	1	817	0.0012239902080783353
CUFF_NC.8467	4	14398788	14399714	+	0	0	0		57	3	295	0.010169491525423728	262	5	1110	0.0045045045045045045
CUFF_NC.8468	4	14423028	14423707	+	0	0	0		38	0	192	0.0	151	0	726	0.0
CUFF_NC.8469	4	14436977	14438235	+	0	0	0		47	0	138	0.0	306	1	1031	0.0009699321047526673
CUFF_NC.8470	4	14450027	14450874	-	0	0	0		53	0	248	0.0	215	6	1016	0.005905511811023622
CUFF_NC.8473	4	14474934	14476222	+	0	0	0		119	2	673	0.0029717682020802376	375	5	2244	0.0022281639928698753
CUFF_NC.8471	4	14482942	14485842	+	0	0	0		146	2	771	0.0025940337224383916	740	4	4015	0.00099626400996264
CUFF_NC.8472	4	14485943	14486874	+	0	0	0		55	0	417	0.0	242	3	1786	0.0016797312430011197
CUFF_NC.8476	4	14497673	14498086	-	0	0	0		28	2	163	0.012269938650306749	126	1	615	0.0016260162601626016
CUFF_NC.8474	4	14538372	14539484	+	0	0	0		86	0	435	0.0	319	3	1405	0.002135231316725979
CUFF_NC.8479	4	14541070	14545355	+	0	0	0		277	2	1504	0.0013297872340425532	1131	10	6238	0.0016030779095864058
CUFF_NC.8475	4	14546280	14547656	+	0	0	0		63	0	365	0.0	351	6	2206	0.0027198549410698096
CUFF_NC.8478	4	14554353	14555101	+	0	0	0		53	0	250	0.0	229	2	1028	0.0019455252918287938
CUFF_NC.8477	4	14564776	14565250	+	0	0	0		20	0	94	0.0	102	3	533	0.005628517823639775
CUFF_NC.8480	4	14569877	14570886	-	0	0	0		57	0	326	0.0	287	2	1380	0.0014492753623188406
CUFF_NC.8481	4	14572495	14572993	-	0	0	0		41	1	249	0.004016064257028112	120	2	679	0.0029455081001472753
CUFF_NC.8482	4	14574339	14576899	-	0	0	0		155	2	982	0.002036659877800407	684	6	4282	0.0014012143858010276
CUFF_NC.8486	4	14591442	14592677	+	0	0	0		103	0	495	0.0	303	2	1528	0.0013089005235602095
CUFF_NC.8483	4	14626982	14627819	+	0	0	0		31	0	148	0.0	213	0	940	0.0
CUFF_NC.8487	4	14652988	14653552	+	0	0	0		30	0	154	0.0	136	2	825	0.0024242424242424242
CUFF_NC.8485	4	14682159	14683729	+	0	0	0		80	4	412	0.009708737864077669	374	5	1813	0.0027578599007170436
CUFF_NC.8484	4	14684078	14685098	-	0	0	0		39	0	212	0.0	250	3	1424	0.002106741573033708
CUFF_NC.8488	4	14688376	14689067	+	0	0	0		25	1	152	0.006578947368421052	183	0	1038	0.0
CUFF_NC.8493	4	14720348	14723231	+	0	0	0		253	7	1551	0.004513217279174726	840	12	5006	0.0023971234518577705
CUFF_NC.8489	4	14790301	14791536	+	0	0	0		37	1	183	0.00546448087431694	285	1	1555	0.0006430868167202572
CUFF_NC.8490	4	14811251	14813222	+	0	0	0		95	0	532	0.0	493	2	2383	0.000839278220730172
CUFF_NC.8492	4	14820579	14824789	+	0	0	0		111	2	835	0.0023952095808383233	944	10	6935	0.0014419610670511895
CUFF_NC.8491	4	14830857	14831664	+	0	0	0		54	0	398	0.0	214	2	1521	0.0013149243918474688
CUFF_NC.8494	4	14858622	14859488	+	0	0	0		44	0	254	0.0	214	2	1124	0.0017793594306049821
CUFF_NC.8497	4	14866756	14868605	-	0	0	0		108	0	640	0.0	515	3	2520	0.0011904761904761906
CUFF_NC.8495	4	14871183	14871991	+	0	0	0		35	0	185	0.0	203	2	956	0.0020920502092050207
CUFF_NC.8496	4	14881968	14883499	+	0	0	0		125	0	608	0.0	371	3	1630	0.0018404907975460123
CUFF_NC.8500	4	14897882	14898329	-	0	0	0		18	0	114	0.0	134	0	889	0.0
CUFF_NC.8498	4	14916962	14917777	-	0	0	0		28	0	146	0.0	202	0	1045	0.0
CUFF_NC.8499	4	14920493	14920894	-	0	0	0		22	0	112	0.0	104	0	527	0.0
CUFF_NC.8501	4	14939597	14940421	+	0	0	0		59	0	327	0.0	247	3	1296	0.0023148148148148147
CUFF_NC.8503	4	14946981	14948073	-	0	0	0		87	0	471	0.0	294	2	1594	0.0012547051442910915
CUFF_NC.8502	4	14956314	14956768	+	0	0	0		14	0	97	0.0	127	1	936	0.0010683760683760685
CUFF_NC.8508	4	14958685	14959486	+	0	0	0		63	0	331	0.0	276	1	1284	0.000778816199376947
CUFF_NC.8506	4	14965513	14966013	+	0	0	0		36	0	245	0.0	146	4	932	0.004291845493562232
CUFF_NC.8509	4	14976066	14981766	+	0	0	0		152	73	1201	0.06078268109908409	854	183	6451	0.028367694931018445
CUFF_NC.8504	4	14985866	14986446	+	0	0	0		21	0	156	0.0	177	3	1293	0.002320185614849188
CUFF_NC.8505	4	14987835	14988838	-	0	0	0		12	15	33	0.45454545454545453	85	16	293	0.05460750853242321
CUFF_NC.8512	4	14997778	14999009	+	0	0	0		56	1	329	0.00303951367781155	305	2	1656	0.0012077294685990338
CUFF_NC.8513	4	15008004	15008373	-	0	0	0		33	2	159	0.012578616352201259	116	3	578	0.005190311418685121
CUFF_NC.8507	4	15011674	15012417	-	0	0	0		38	0	271	0.0	215	3	1351	0.0022205773501110288
CUFF_NC.8520	4	15027576	15028970	-	0	0	0		69	0	388	0.0	359	9	1861	0.004836109618484685
CUFF_NC.8523	4	15044524	15048794	+	0	0	0		337	5	1928	0.0025933609958506223	1085	16	6478	0.002469898116702686
CUFF_NC.8518	4	15055318	15056598	-	0	0	0		85	1	501	0.001996007984031936	402	6	1891	0.0031729243786356425
CUFF_NC.8516	4	15060644	15061263	+	0	0	0		18	0	129	0.0	166	2	1097	0.0018231540565177757
CUFF_NC.8515	4	15064060	15064584	-	0	0	0		25	2	132	0.015151515151515152	117	0	632	0.0
CUFF_NC.8517	4	15067754	15068948	-	0	0	0		74	1	348	0.0028735632183908046	306	3	1402	0.0021398002853067048
CUFF_NC.8521	4	15080113	15081724	+	0	0	0		73	1	458	0.002183406113537118	404	3	1944	0.0015432098765432098
CUFF_NC.8528	4	15110288	15111090	+	0	0	0		24	0	123	0.0	199	1	1090	0.0009174311926605505
CUFF_NC.8529	4	15110395	15110917	-	0	0	0		12	0	79	0.0	140	0	856	0.0
CUFF_NC.8519	4	15113241	15114118	+	0	0	0		63	1	348	0.0028735632183908046	235	1	1111	0.0009000900090009
CUFF_NC.8524	4	15121156	15121683	-	0	0	0		39	0	196	0.0	146	0	735	0.0
CUFF_NC.8525	4	15125752	15129618	-	0	0	0		249	2	1475	0.0013559322033898306	1026	12	5688	0.002109704641350211
CUFF_NC.8526	4	15127126	15128239	-	0	0	0		74	0	369	0.0	289	2	1508	0.001326259946949602
CUFF_NC.8522	4	15137069	15137424	+	0	0	0		26	0	116	0.0	109	3	485	0.006185567010309278
CUFF_NC.8539	4	15153729	15154478	+	0	0	0		75	1	388	0.002577319587628866	207	3	1053	0.002849002849002849
CUFF_NC.8541	4	15165918	15166707	-	0	0	0		72	1	426	0.002347417840375587	236	4	1325	0.0030188679245283017
CUFF_NC.8530	4	15182512	15183079	+	0	0	0		31	0	199	0.0	157	5	1077	0.004642525533890436
CUFF_NC.8533	4	15202530	15203409	-	0	0	0		43	0	202	0.0	233	4	1143	0.003499562554680665
CUFF_NC.8531	4	15209928	15210502	+	0	0	0		44	1	333	0.003003003003003003	157	4	1133	0.00353045013239188
CUFF_NC.8532	4	15211391	15212026	-	0	0	0		54	0	255	0.0	162	2	819	0.002442002442002442
CUFF_NC.8535	4	15218212	15219154	-	0	0	0		18	0	43	0.0	98	0	210	0.0
CUFF_NC.8534	4	15232285	15232952	+	0	0	0		17	0	115	0.0	181	4	1010	0.0039603960396039604
CUFF_NC.8537	4	15244391	15244762	-	0	0	0		44	2	315	0.006349206349206349	104	1	681	0.0014684287812041115
CUFF_NC.8536	4	15260656	15261212	+	0	0	0		58	0	376	0.0	130	1	718	0.001392757660167131
CUFF_NC.8546	4	15264132	15271223	-	0	0	0		488	3	2833	0.0010589481115425344	1978	20	11325	0.0017660044150110375
CUFF_NC.8547	4	15266415	15272234	-	0	0	0		361	3	2167	0.0013844023996308261	1573	15	9142	0.0016407788230146576
CUFF_NC.8538	4	15273559	15275475	+	0	0	0		126	1	675	0.0014814814814814814	566	9	2971	0.0030292830696735107
CUFF_NC.8540	4	15309898	15310691	+	0	0	0		55	2	294	0.006802721088435374	246	2	1252	0.001597444089456869
CUFF_NC.8542	4	15328112	15328841	-	0	0	0		39	0	256	0.0	206	2	1106	0.0018083182640144665
CUFF_NC.8543	4	15350204	15351610	-	0	0	0		98	0	550	0.0	415	2	2272	0.0008802816901408451
CUFF_NC.8544	4	15361121	15361742	-	0	0	0		36	0	160	0.0	174	1	671	0.0014903129657228018
CUFF_NC.8545	4	15372015	15372936	+	0	0	0		48	1	277	0.0036101083032490976	232	1	1386	0.0007215007215007215
CUFF_NC.8549	4	15377792	15378657	-	0	0	0		52	1	306	0.0032679738562091504	259	2	1448	0.0013812154696132596
CUFF_NC.8548	4	15383217	15383526	-	0	0	0		16	0	98	0.0	82	0	521	0.0
CUFF_NC.8550	4	15390756	15392044	+	0	0	0		90	1	426	0.002347417840375587	338	1	1320	0.0007575757575757576
CUFF_NC.8551	4	15393589	15394506	+	0	0	0		34	0	171	0.0	245	3	1259	0.0023828435266084196
CUFF_NC.8553	4	15403571	15404370	-	0	0	0		59	1	332	0.0030120481927710845	241	3	1278	0.002347417840375587
CUFF_NC.8552	4	15406656	15407035	+	0	0	0		33	0	191	0.0	109	0	606	0.0
CUFF_NC.8555	4	15419207	15419923	+	0	0	0		60	2	239	0.008368200836820083	212	1	921	0.0010857763300760044
CUFF_NC.8556	4	15428420	15429124	+	0	0	0		47	0	161	0.0	132	1	496	0.0020161290322580645
CUFF_NC.8559	4	15443209	15443485	-	0	0	0		17	0	86	0.0	92	2	447	0.0044742729306487695
CUFF_NC.8557	4	15453255	15454087	-	0	0	0		48	0	286	0.0	239	3	1356	0.0022123893805309734
CUFF_NC.8558	4	15457534	15458648	-	0	0	0		60	1	394	0.0025380710659898475	289	2	1887	0.0010598834128245894
CUFF_NC.8565	4	15475582	15475911	+	0	0	0		18	0	96	0.0	63	0	309	0.0
CUFF_NC.8567	4	15482188	15482556	-	0	0	0		49	0	238	0.0	102	1	487	0.002053388090349076
CUFF_NC.8560	4	15485707	15486162	+	0	0	0		22	3	118	0.025423728813559324	118	1	662	0.0015105740181268882
CUFF_NC.8561	4	15487657	15489238	-	0	0	0		119	4	548	0.0072992700729927005	358	3	1709	0.0017554125219426564
CUFF_NC.8562	4	15490549	15491734	-	0	0	0		82	1	393	0.002544529262086514	244	2	1112	0.0017985611510791368
CUFF_NC.8563	4	15492772	15493215	-	0	0	0		26	1	134	0.007462686567164179	125	0	545	0.0
CUFF_NC.8564	4	15493986	15494682	-	0	0	0		59	0	276	0.0	184	3	761	0.003942181340341655
CUFF_NC.8566	4	15501908	15502725	-	0	0	0		66	1	520	0.0019230769230769232	220	5	1752	0.0028538812785388126
CUFF_NC.8568	4	15528333	15529388	-	0	0	0		63	0	355	0.0	296	4	1637	0.002443494196701283
CUFF_NC.8569	4	15542906	15543208	+	0	0	0		11	0	74	0.0	90	0	545	0.0
CUFF_NC.8578	4	15558704	15559660	+	0	0	0		45	0	261	0.0	124	2	682	0.002932551319648094
CUFF_NC.8570	4	15585945	15587166	-	0	0	0		79	0	368	0.0	379	4	1735	0.0023054755043227667
CUFF_NC.8571	4	15589656	15591253	+	0	0	0		103	2	461	0.004338394793926247	383	3	1618	0.001854140914709518
CUFF_NC.8577	4	15610606	15612096	-	0	0	0		102	1	505	0.0019801980198019802	436	3	2387	0.0012568077084206116
CUFF_NC.8576	4	15613156	15614592	+	0	0	0		69	0	391	0.0	383	7	2450	0.002857142857142857
CUFF_NC.8572	4	15631064	15631621	-	0	0	0		13	21	46	0.45652173913043476	80	12	347	0.0345821325648415
CUFF_NC.8575	4	15638402	15639273	-	0	0	0		58	0	338	0.0	242	5	1243	0.004022526146419952
CUFF_NC.8573	4	15667468	15668465	-	0	0	0		48	0	218	0.0	242	3	1082	0.0027726432532347504
CUFF_NC.8574	4	15667708	15668196	+	0	0	0		31	0	122	0.0	121	2	528	0.003787878787878788
CUFF_NC.8579	4	15675975	15677081	-	0	0	0		63	0	320	0.0	244	1	1219	0.0008203445447087777
CUFF_NC.8580	4	15686450	15686998	+	0	0	0		43	0	216	0.0	164	0	848	0.0
CUFF_NC.8581	4	15691910	15692249	+	0	0	0		24	0	106	0.0	90	1	437	0.002288329519450801
CUFF_NC.8590	4	15739837	15740474	-	0	0	0		63	1	408	0.0024509803921568627	184	2	1205	0.0016597510373443983
CUFF_NC.8587	4	15749495	15750694	-	0	0	0		90	1	511	0.0019569471624266144	293	1	1760	0.0005681818181818182
CUFF_NC.8586	4	15762519	15762957	+	0	0	0		38	1	229	0.004366812227074236	105	0	674	0.0
CUFF_NC.8582	4	15779877	15781112	-	0	0	0		106	3	320	0.009375	359	2	948	0.002109704641350211
CUFF_NC.8583	4	15783472	15784370	-	0	0	0		38	1	247	0.004048582995951417	222	4	1532	0.0026109660574412533
CUFF_NC.8584	4	15785519	15786084	-	0	0	0		22	0	141	0.0	133	2	848	0.0023584905660377358
CUFF_NC.8591	4	15790201	15790606	-	0	0	0		15	0	46	0.0	89	0	322	0.0
CUFF_NC.8585	4	15815632	15818271	+	0	0	0		85	17	375	0.04533333333333334	565	126	2718	0.046357615894039736
CUFF_NC.8592	4	15828144	15828660	-	0	0	0		27	0	141	0.0	143	2	800	0.0025
CUFF_NC.8588	4	15862174	15862698	-	0	0	0		35	0	142	0.0	146	0	526	0.0
CUFF_NC.8589	4	15875315	15876612	-	0	0	0		89	1	415	0.0024096385542168677	339	2	1379	0.0014503263234227702
CUFF_NC.8593	4	15886586	15887078	-	0	0	0		27	0	152	0.0	135	1	748	0.001336898395721925
CUFF_NC.8597	4	15895382	15896312	+	0	0	0		76	1	420	0.002380952380952381	226	0	1003	0.0
CUFF_NC.8594	4	15899795	15900162	-	0	0	0		28	1	172	0.005813953488372093	103	0	636	0.0
CUFF_NC.8598	4	15910889	15911890	+	0	0	0		109	3	637	0.004709576138147566	285	1	1516	0.0006596306068601583
CUFF_NC.8595	4	15916708	15917388	+	0	0	0		35	0	239	0.0	179	6	1109	0.005410279531109108
CUFF_NC.8596	4	15919506	15920546	-	0	0	0		54	0	269	0.0	275	5	1761	0.0028392958546280523
CUFF_NC.8599	4	15950151	15951053	-	0	0	0		59	0	400	0.0	228	2	1350	0.0014814814814814814
CUFF_NC.8600	4	15952431	15954926	+	0	0	0		189	3	1065	0.0028169014084507044	694	14	3882	0.0036063884595569293
CUFF_NC.8601	4	15973114	15976511	+	0	0	0		155	2	996	0.002008032128514056	824	37	5630	0.006571936056838366
CUFF_NC.8602	4	15974173	15975109	+	0	0	0		48	1	308	0.003246753246753247	198	8	1497	0.005344021376085505
CUFF_NC.8604	4	15989679	15990104	+	0	0	0		21	0	191	0.0	120	2	1062	0.0018832391713747645
CUFF_NC.8603	4	15991844	15992269	-	0	0	0		11	0	55	0.0	105	2	657	0.0030441400304414
CUFF_NC.8606	4	15999998	16000765	-	0	0	0		46	0	234	0.0	164	1	859	0.0011641443538998836
CUFF_NC.8607	4	16001246	16001687	-	0	0	0		21	0	133	0.0	119	3	805	0.0037267080745341614
CUFF_NC.8605	4	16026521	16027500	+	0	0	0		72	2	442	0.004524886877828055	268	3	1460	0.002054794520547945
CUFF_NC.8615	4	16037763	16039046	+	0	0	0		49	0	328	0.0	314	3	1989	0.0015082956259426848
CUFF_NC.8609	4	16042231	16045713	+	0	0	0		190	1	880	0.0011363636363636363	654	4	2869	0.0013942140118508191
CUFF_NC.8610	4	16042503	16046106	+	0	0	0		219	2	970	0.002061855670103093	721	3	3108	0.0009652509652509653
CUFF_NC.8608	4	16058040	16059530	-	0	0	0		74	263	398	0.6608040201005025	323	252	1877	0.1342567927543953
CUFF_NC.8611	4	16065884	16066829	+	0	0	0		56	2	354	0.005649717514124294	252	4	1617	0.0024737167594310453
CUFF_NC.8652	4	16107935	16108722	+	0	0	0		40	0	182	0.0	230	1	1051	0.0009514747859181732
CUFF_NC.8653	4	16110914	16112673	+	0	0	0		101	3	710	0.004225352112676056	484	3	2927	0.0010249402118209772
CUFF_NC.8654	4	16114488	16115227	+	0	0	0		72	0	464	0.0	200	1	1339	0.0007468259895444362
CUFF_NC.8612	4	16135083	16135886	-	0	0	0		22	0	64	0.0	151	0	505	0.0
CUFF_NC.8613	4	16136606	16138225	-	0	0	0		62	2	436	0.0045871559633027525	453	5	2923	0.0017105713308244953
CUFF_NC.8614	4	16159767	16160276	+	0	0	0		29	0	128	0.0	143	0	657	0.0
CUFF_NC.8616	4	16174946	16175387	-	0	0	0		25	1	167	0.005988023952095809	116	1	811	0.0012330456226880395
CUFF_NC.8620	4	16195800	16196652	+	0	0	0		60	1	284	0.0035211267605633804	233	2	1084	0.0018450184501845018
CUFF_NC.8618	4	16200214	16202733	+	0	0	0		131	32	735	0.04353741496598639	612	47	3711	0.01266504985179197
CUFF_NC.8619	4	16202817	16203609	+	0	0	0		41	0	194	0.0	204	0	953	0.0
CUFF_NC.8617	4	16214323	16215035	+	0	0	0		60	0	307	0.0	179	2	886	0.002257336343115124
CUFF_NC.8623	4	16224381	16232039	+	0	0	0		430	5	2405	0.002079002079002079	2057	21	11942	0.0017584994138335288
CUFF_NC.8621	4	16234452	16236002	+	0	0	0		138	1	713	0.001402524544179523	418	4	1989	0.002011060834590246
CUFF_NC.8622	4	16250271	16251312	-	0	0	0		71	1	377	0.002652519893899204	296	2	1232	0.0016233766233766235
CUFF_NC.8626	4	16268102	16268561	-	0	0	0		26	0	93	0.0	126	0	476	0.0
CUFF_NC.8627	4	16283957	16284425	+	0	0	0		20	1	127	0.007874015748031496	136	2	731	0.0027359781121751026
CUFF_NC.8624	4	16289879	16290881	+	0	0	0		62	0	361	0.0	283	1	1698	0.0005889281507656066
CUFF_NC.8625	4	16292712	16293226	+	0	0	0		22	0	98	0.0	143	1	680	0.0014705882352941176
CUFF_NC.8634	4	16295765	16296737	-	0	0	0		75	1	389	0.002570694087403599	288	1	1395	0.0007168458781362007
CUFF_NC.8628	4	16311136	16311489	-	0	0	0		28	0	131	0.0	95	0	413	0.0
CUFF_NC.8631	4	16314393	16315014	-	0	0	0		27	0	165	0.0	158	1	878	0.0011389521640091116
CUFF_NC.8629	4	16334214	16335480	-	0	0	0		81	0	552	0.0	370	6	2279	0.0026327336551118913
CUFF_NC.8630	4	16334551	16335590	-	0	0	0		63	0	404	0.0	302	6	1859	0.0032275416890801506
CUFF_NC.8643	4	16351770	16354154	-	0	0	0		182	6	1019	0.005888125613346418	696	8	3789	0.002111375032990235
CUFF_NC.8632	4	16356655	16357112	-	0	0	0		29	0	117	0.0	130	1	529	0.001890359168241966
CUFF_NC.8633	4	16357439	16359385	-	0	0	0		110	1	526	0.0019011406844106464	543	3	2299	0.0013049151805132667
CUFF_NC.8635	4	16368085	16368899	-	0	0	0		47	1	207	0.004830917874396135	246	4	1063	0.0037629350893697085
CUFF_NC.8636	4	16375664	16376860	+	0	0	0		89	0	378	0.0	326	3	1412	0.002124645892351275
CUFF_NC.8637	4	16380481	16381300	+	0	0	0		52	2	167	0.011976047904191617	221	5	668	0.0074850299401197605
CUFF_NC.8638	4	16401429	16403019	-	0	0	0		93	1	473	0.0021141649048625794	439	2	2434	0.0008216926869350862
CUFF_NC.8642	4	16435452	16438623	-	0	0	0		163	1	968	0.0010330578512396695	855	12	4871	0.002463559843974543
CUFF_NC.8641	4	16447662	16448291	-	0	0	0		29	0	182	0.0	160	2	1084	0.0018450184501845018
CUFF_NC.8639	4	16448346	16448800	-	0	0	0		8	0	51	0.0	112	1	687	0.001455604075691412
CUFF_NC.8640	4	16456566	16457280	-	0	0	0		38	0	148	0.0	187	2	788	0.0025380710659898475
CUFF_NC.8655	4	16468864	16469750	-	0	0	0		28	1	194	0.005154639175257732	240	2	1643	0.0012172854534388314
CUFF_NC.8656	4	16476050	16476572	-	0	0	0		28	0	206	0.0	167	3	1142	0.002626970227670753
CUFF_NC.8644	4	16480125	16480625	+	0	0	0		6	0	33	0.0	85	1	415	0.0024096385542168677
CUFF_NC.8645	4	16483082	16483887	+	0	0	0		74	2	413	0.004842615012106538	183	0	905	0.0
CUFF_NC.8646	4	16522347	16523032	-	0	0	0		47	1	207	0.004830917874396135	180	1	748	0.001336898395721925
CUFF_NC.8647	4	16530316	16531740	+	0	0	0		85	1	438	0.00228310502283105	411	5	1997	0.0025037556334501754
CUFF_NC.8649	4	16560379	16561126	+	0	0	0		75	0	273	0.0	223	2	895	0.0022346368715083797
CUFF_NC.8657	4	16573188	16573970	+	0	0	0		18	1	97	0.010309278350515464	172	0	825	0.0
CUFF_NC.8650	4	16574750	16575306	+	0	0	0		22	0	107	0.0	169	3	855	0.0035087719298245615
CUFF_NC.8651	4	16577306	16578304	-	0	0	0		53	0	190	0.0	204	0	751	0.0
CUFF_NC.8658	4	16587708	16588740	+	0	0	0		32	2	180	0.011111111111111112	214	4	1204	0.0033222591362126247
CUFF_NC.8659	4	16588864	16589338	+	0	0	0		20	0	134	0.0	115	1	692	0.001445086705202312
CUFF_NC.8660	4	16594399	16594956	-	0	0	0		16	0	99	0.0	160	1	1039	0.0009624639076034649
CUFF_NC.8661	4	16596666	16597139	-	0	0	0		20	0	77	0.0	114	0	451	0.0
CUFF_NC.8663	4	16622720	16624979	+	0	0	0		150	5	872	0.005733944954128441	639	9	3679	0.002446316933949443
CUFF_NC.8662	4	16635452	16638841	-	0	0	0		211	3	1172	0.002559726962457338	750	10	4013	0.0024919013207077
CUFF_NC.8665	4	16656690	16659603	+	0	0	0		237	2	1107	0.0018066847335140017	699	7	3302	0.0021199273167777106
CUFF_NC.8664	4	16661390	16662617	+	0	0	0		70	0	385	0.0	365	4	1986	0.002014098690835851
CUFF_NC.8666	4	16685681	16686404	+	0	0	0		30	1	124	0.008064516129032258	183	2	826	0.002421307506053269
CUFF_NC.8668	4	16699462	16700043	-	0	0	0		53	2	249	0.008032128514056224	177	2	882	0.0022675736961451248
CUFF_NC.8667	4	16708609	16710056	-	0	0	0		84	1	439	0.002277904328018223	428	7	2275	0.003076923076923077
CUFF_NC.8669	4	16712547	16713248	+	0	0	0		45	0	237	0.0	208	3	1025	0.002926829268292683
CUFF_NC.8670	4	16722333	16722896	+	0	0	0		52	0	250	0.0	156	4	736	0.005434782608695652
CUFF_NC.8671	4	16727992	16728402	+	0	0	0		37	0	107	0.0	128	0	417	0.0
CUFF_NC.8672	4	16730893	16731459	+	0	0	0		20	0	125	0.0	139	1	726	0.0013774104683195593
CUFF_NC.8677	4	16776668	16778427	+	0	0	0		132	0	800	0.0	501	3	2994	0.001002004008016032
CUFF_NC.8684	4	16791826	16795623	-	0	0	0		235	25	1278	0.019561815336463225	860	67	4884	0.013718263718263719
CUFF_NC.8683	4	16797280	16798196	+	0	0	0		54	0	218	0.0	321	3	1125	0.0026666666666666666
CUFF_NC.8673	4	16806085	16806757	+	0	0	0		46	0	214	0.0	184	0	688	0.0
CUFF_NC.8685	4	16811560	16811968	-	0	0	0		19	1	121	0.008264462809917356	127	0	693	0.0
CUFF_NC.8676	4	16827975	16828618	+	0	0	0		13	1	82	0.012195121951219513	154	4	946	0.004228329809725159
CUFF_NC.8674	4	16830797	16831574	-	0	0	0		33	128	177	0.7231638418079096	156	102	600	0.17
CUFF_NC.8682	4	16835032	16836407	+	0	0	0		105	1	643	0.0015552099533437014	412	2	2549	0.0007846214201647705
CUFF_NC.8678	4	16855912	16856462	-	0	0	0		58	1	240	0.004166666666666667	138	2	556	0.0035971223021582736
CUFF_NC.8679	4	16860722	16861338	+	0	0	0		43	1	236	0.00423728813559322	179	1	776	0.001288659793814433
CUFF_NC.8681	4	16873885	16875052	-	0	0	0		48	0	317	0.0	353	2	1975	0.0010126582278481013
CUFF_NC.8680	4	16891283	16891976	-	0	0	0		20	8	149	0.053691275167785234	177	44	1101	0.03996366939146231
CUFF_NC.8686	4	16899407	16900181	+	0	0	0		61	1	283	0.0035335689045936395	243	2	818	0.0024449877750611247
CUFF_NC.8687	4	16909290	16910226	-	0	0	0		61	0	317	0.0	253	2	1355	0.0014760147601476014
CUFF_NC.8688	4	16910726	16911088	-	0	0	0		25	0	132	0.0	94	2	516	0.003875968992248062
CUFF_NC.8689	4	16924068	16924431	-	0	0	0		10	0	61	0.0	69	0	380	0.0
CUFF_NC.8700	4	16938058	16938527	-	0	0	0		33	0	238	0.0	136	5	1017	0.004916420845624385
CUFF_NC.8697	4	16950036	16950389	+	0	0	0		29	0	105	0.0	89	1	310	0.0032258064516129032
CUFF_NC.8691	4	16959553	16959907	+	0	0	0		23	0	172	0.0	94	0	628	0.0
CUFF_NC.8694	4	16963921	16964530	+	0	0	0		45	1	292	0.003424657534246575	176	2	1095	0.0018264840182648401
CUFF_NC.8690	4	16980776	16981467	-	0	0	0		27	0	157	0.0	193	3	1042	0.0028790786948176585
CUFF_NC.8693	4	16984283	16985126	-	0	0	0		58	0	329	0.0	220	2	1308	0.0015290519877675841
CUFF_NC.8692	4	16988532	16989113	+	0	0	0		27	0	145	0.0	150	1	743	0.0013458950201884253
CUFF_NC.8699	4	17004347	17006103	-	0	0	0		104	4	520	0.007692307692307693	552	5	2635	0.0018975332068311196
CUFF_NC.8698	4	17007640	17008399	+	0	0	0		38	0	186	0.0	200	1	1006	0.0009940357852882703
CUFF_NC.8702	4	17011924	17012336	+	0	0	0		16	0	66	0.0	103	0	295	0.0
CUFF_NC.8703	4	17014885	17015511	+	0	0	0		27	0	133	0.0	177	0	856	0.0
CUFF_NC.8701	4	17022170	17023311	-	0	0	0		73	1	288	0.003472222222222222	321	8	1348	0.005934718100890208
CUFF_NC.8695	4	17026060	17027834	-	0	0	0		53	36	292	0.1232876712328767	270	6	1300	0.004615384615384616
CUFF_NC.8696	4	17028542	17029490	-	0	0	0		83	2	530	0.0037735849056603774	266	4	1601	0.0024984384759525295
CUFF_NC.8704	4	17033188	17033862	+	0	0	0		50	1	271	0.0036900369003690036	186	1	896	0.0011160714285714285
CUFF_NC.8714	4	17036072	17036443	-	0	0	0		25	1	149	0.006711409395973154	111	0	613	0.0
CUFF_NC.8712	4	17038304	17038743	+	0	0	0		46	0	196	0.0	113	1	463	0.0021598272138228943
CUFF_NC.8713	4	17040481	17041208	+	0	0	0		64	1	320	0.003125	170	3	803	0.0037359900373599006
CUFF_NC.8705	4	17043277	17044542	+	0	0	0		70	0	339	0.0	348	2	1381	0.001448225923244026
CUFF_NC.8706	4	17049473	17050309	+	0	0	0		66	1	322	0.003105590062111801	196	3	699	0.004291845493562232
CUFF_NC.8725	4	17052098	17053499	+	0	0	0		99	2	483	0.004140786749482402	351	2	1806	0.0011074197120708748
CUFF_NC.8726	4	17059312	17059768	+	0	0	0		17	0	46	0.0	98	0	267	0.0
CUFF_NC.8727	4	17070440	17070949	+	0	0	0		34	0	195	0.0	145	0	844	0.0
CUFF_NC.8711	4	17081593	17083473	-	0	0	0		99	143	526	0.2718631178707224	357	118	1852	0.06371490280777538
CUFF_NC.8707	4	17085391	17086007	-	0	0	0		42	0	192	0.0	181	1	776	0.001288659793814433
CUFF_NC.8708	4	17085642	17086088	+	0	0	0		32	0	160	0.0	125	1	651	0.0015360983102918587
CUFF_NC.8710	4	17110811	17111523	+	0	0	0		33	1	205	0.004878048780487805	190	4	1125	0.0035555555555555557
CUFF_NC.8709	4	17120981	17121738	+	0	0	0		72	1	363	0.0027548209366391185	198	2	995	0.0020100502512562816
CUFF_NC.8721	4	17123980	17127377	-	0	0	0		238	4	1411	0.002834868887313962	875	4	5032	0.000794912559618442
CUFF_NC.8722	4	17125608	17129016	-	0	0	0		240	4	1354	0.0029542097488921715	880	7	4987	0.0014036494886705434
CUFF_NC.8723	4	17127561	17127860	-	0	0	0		21	0	147	0.0	74	0	511	0.0
CUFF_NC.8724	4	17129479	17129909	-	0	0	0		36	0	182	0.0	115	0	567	0.0
CUFF_NC.8716	4	17138457	17139848	+	0	0	0		71	0	348	0.0	385	4	2007	0.001993024414549078
CUFF_NC.8719	4	17152809	17153561	-	0	0	0		19	0	62	0.0	166	1	564	0.0017730496453900709
CUFF_NC.8717	4	17153916	17160027	+	0	0	0		230	1	1138	0.0008787346221441124	1454	12	7228	0.0016602102933038186
CUFF_NC.8718	4	17154851	17156202	+	0	0	0		52	0	254	0.0	325	1	1773	0.0005640157924421884
CUFF_NC.8754	4	17161611	17162189	+	0	0	0		59	1	286	0.0034965034965034965	149	1	697	0.0014347202295552368
CUFF_NC.8754-2	4	17165419	17166828	+	0	0	0		94	1	537	0.00186219739292365	357	4	1937	0.002065049044914817
CUFF_NC.8720	4	17190828	17192521	+	0	0	0		59	0	262	0.0	324	3	1306	0.002297090352220521
CUFF_NC.8728	4	17199794	17200499	-	0	0	0		43	1	324	0.0030864197530864196	185	2	1372	0.0014577259475218659
CUFF_NC.8735	4	17219776	17221878	-	0	0	0		143	2	802	0.0024937655860349127	542	4	2978	0.001343183344526528
CUFF_NC.8729	4	17225958	17226829	+	0	0	0		25	1	178	0.0056179775280898875	232	2	1522	0.001314060446780552
CUFF_NC.8732	4	17231738	17233837	+	0	0	0		124	1	823	0.001215066828675577	563	9	2545	0.003536345776031434
CUFF_NC.8733	4	17244102	17244409	-	0	0	0		23	0	152	0.0	89	0	466	0.0
CUFF_NC.8730	4	17249193	17249702	-	0	0	0		28	41	146	0.2808219178082192	102	62	638	0.09717868338557993
CUFF_NC.8734	4	17257582	17258226	-	0	0	0		40	0	154	0.0	150	1	685	0.00145985401459854
CUFF_NC.8731	4	17263689	17264858	-	0	0	0		87	0	269	0.0	328	3	1035	0.002898550724637681
CUFF_NC.8739	4	17275982	17276475	+	0	0	0		39	0	235	0.0	144	1	947	0.0010559662090813093
CUFF_NC.8740	4	17278828	17279427	+	0	0	0		22	0	140	0.0	142	5	842	0.0059382422802850355
CUFF_NC.8742	4	17280516	17282730	-	0	0	0		134	2	732	0.00273224043715847	533	6	2933	0.002045687009887487
CUFF_NC.8744	4	17283252	17283927	+	0	0	0		69	0	334	0.0	201	0	887	0.0
CUFF_NC.8745	4	17286143	17286867	+	0	0	0		41	1	136	0.007352941176470588	187	1	668	0.0014970059880239522
CUFF_NC.8743	4	17288015	17289209	+	0	0	0		76	1	455	0.002197802197802198	334	4	1982	0.0020181634712411706
CUFF_NC.8737	4	17305104	17305634	-	0	0	0		2	0	12	0.0	37	0	150	0.0
CUFF_NC.8738	4	17305754	17307387	-	0	0	0		115	1	498	0.002008032128514056	334	4	1375	0.002909090909090909
CUFF_NC.8741	4	17332548	17333493	+	0	0	0		72	0	353	0.0	249	2	1045	0.0019138755980861245
CUFF_NC.8746	4	17343252	17344902	-	0	0	0		98	1	396	0.0025252525252525255	437	3	1696	0.001768867924528302
CUFF_NC.8752	4	17349180	17350307	-	0	0	0		78	0	360	0.0	292	2	1268	0.0015772870662460567
CUFF_NC.8753	4	17351120	17352278	-	0	0	0		82	0	383	0.0	290	1	1355	0.0007380073800738007
CUFF_NC.8749	4	17358558	17359133	+	0	0	0		34	0	200	0.0	165	1	955	0.0010471204188481676
CUFF_NC.8751	4	17369248	17369991	-	0	0	0		54	0	168	0.0	195	0	668	0.0
CUFF_NC.8748	4	17375751	17376199	+	0	0	0		26	0	160	0.0	125	2	725	0.002758620689655172
CUFF_NC.8750	4	17379621	17382314	+	0	0	0		151	6	778	0.007712082262210797	745	24	3528	0.006802721088435374
CUFF_NC.8747	4	17388865	17389673	-	0	0	0		49	0	161	0.0	198	3	700	0.004285714285714286
CUFF_NC.8755	4	17392276	17393397	+	0	0	0		59	1	312	0.003205128205128205	245	2	1194	0.0016750418760469012
CUFF_NC.8756	4	17393469	17398061	+	0	0	0		112	22	779	0.028241335044929396	1042	80	6351	0.01259644150527476
CUFF_NC.8757	4	17395392	17395926	+	0	0	0		16	0	107	0.0	133	1	877	0.0011402508551881414
CUFF_NC.8758	4	17423406	17423847	+	0	0	0		28	0	151	0.0	118	3	543	0.0055248618784530384
CUFF_NC.8761	4	17426941	17427536	-	0	0	0		16	0	96	0.0	181	3	1004	0.00298804780876494
CUFF_NC.8770	4	17434029	17434575	+	0	0	0		51	0	270	0.0	120	0	599	0.0
CUFF_NC.8759	4	17440189	17440916	-	0	0	0		40	0	191	0.0	156	7	781	0.008962868117797696
CUFF_NC.8760	4	17441097	17441763	-	0	0	0		50	0	169	0.0	158	2	441	0.0045351473922902496
CUFF_NC.8768	4	17443070	17443854	-	0	0	0		30	0	169	0.0	217	1	1047	0.0009551098376313276
CUFF_NC.8769	4	17447369	17448456	-	0	0	0		45	0	138	0.0	238	0	821	0.0
CUFF_NC.8766	4	17473084	17473438	-	0	0	0		21	0	89	0.0	87	1	429	0.002331002331002331
CUFF_NC.8767	4	17476268	17476779	-	0	0	0		34	0	219	0.0	156	4	837	0.0047789725209080045
CUFF_NC.8763	4	17478155	17478638	-	0	0	0		36	0	138	0.0	124	3	497	0.006036217303822937
CUFF_NC.8762	4	17479552	17480258	+	0	0	0		56	1	342	0.0029239766081871343	201	2	1021	0.0019588638589618022
CUFF_NC.8765	4	17484320	17484758	+	0	0	0		45	0	241	0.0	121	0	614	0.0
CUFF_NC.8764	4	17495137	17495935	+	0	0	0		58	1	354	0.002824858757062147	215	3	1233	0.0024330900243309003
CUFF_NC.8772	4	17505628	17506486	-	0	0	0		41	0	194	0.0	225	1	1031	0.0009699321047526673
CUFF_NC.8773	4	17516129	17518483	-	0	0	0		107	13	528	0.02462121212121212	656	149	3600	0.04138888888888889
CUFF_NC.8771	4	17528657	17530356	+	0	0	0		126	4	688	0.005813953488372093	420	2	2203	0.0009078529278256923
CUFF_NC.8780	4	17557161	17564869	+	0	0	0		347	2	1907	0.001048767697954903	1900	16	10122	0.0015807152736613318
CUFF_NC.8781	4	17561056	17561895	+	0	0	0		30	0	144	0.0	199	2	903	0.0022148394241417496
CUFF_NC.8774	4	17596972	17598929	-	0	0	0		107	1	484	0.002066115702479339	479	4	2024	0.001976284584980237
CUFF_NC.8775	4	17605934	17607002	+	0	0	0		94	0	338	0.0	215	4	718	0.005571030640668524
CUFF_NC.8777	4	17608498	17609492	+	0	0	0		72	0	350	0.0	253	1	1152	0.0008680555555555555
CUFF_NC.8776	4	17616849	17618488	+	0	0	0		95	0	489	0.0	374	2	2051	0.0009751340809361287
CUFF_NC.8779	4	17634650	17635579	-	0	0	0		44	0	174	0.0	209	0	812	0.0
CUFF_NC.8778	4	17639453	17641012	+	0	0	0		73	0	384	0.0	386	5	1878	0.0026624068157614484
CUFF_NC.8815	4	17643062	17650067	-	0	0	0		398	16	2145	0.007459207459207459	1873	39	10147	0.0038435005420321276
CUFF_NC.8816	4	17649582	17650185	+	0	0	0		25	2	187	0.0106951871657754	143	0	924	0.0
CUFF_NC.8783	4	17666076	17666717	+	0	0	0		25	0	140	0.0	160	2	783	0.002554278416347382
CUFF_NC.8782	4	17673403	17674785	+	0	0	0		23	0	78	0.0	191	1	708	0.0014124293785310734
CUFF_NC.8785	4	17682929	17688570	+	0	0	0		333	8	1843	0.004340748779164406	1510	21	8454	0.00248403122782115
CUFF_NC.8784	4	17691919	17693519	-	0	0	0		95	0	452	0.0	441	3	1840	0.0016304347826086956
CUFF_NC.8787	4	17698935	17699581	+	0	0	0		25	0	175	0.0	147	1	1032	0.0009689922480620155
CUFF_NC.8788	4	17703334	17707049	-	0	0	0		191	12	2346	0.005115089514066497	955	136	12242	0.01110929586668845
CUFF_NC.8786	4	17707888	17709627	-	0	0	0		106	0	556	0.0	376	5	2033	0.002459419576979833
CUFF_NC.8789	4	17710360	17710947	+	0	0	0		24	1	148	0.006756756756756757	177	2	975	0.0020512820512820513
CUFF_NC.8790	4	17723611	17724997	-	0	0	0		88	1	438	0.00228310502283105	326	2	1455	0.0013745704467353953
CUFF_NC.8791	4	17739786	17740205	-	0	0	0		16	0	119	0.0	139	3	772	0.0038860103626943004
CUFF_NC.8794	4	17768053	17769580	-	0	0	0		61	0	245	0.0	304	3	1228	0.0024429967426710096
CUFF_NC.8793	4	17783543	17784259	-	0	0	0		22	0	149	0.0	172	1	1247	0.0008019246190858059
CUFF_NC.8798	4	17785693	17787207	-	0	0	0		89	1	523	0.0019120458891013384	410	3	1603	0.0018714909544603868
CUFF_NC.8799	4	17788651	17789266	+	0	0	0		20	0	61	0.0	110	0	330	0.0
CUFF_NC.8797	4	17802841	17804109	+	0	0	0		103	0	576	0.0	345	1	1878	0.0005324813631522897
CUFF_NC.8795	4	17819636	17820906	-	0	0	0		50	0	274	0.0	275	2	1393	0.0014357501794687725
CUFF_NC.8796	4	17819983	17820725	+	0	0	0		26	0	160	0.0	186	1	951	0.0010515247108307045
CUFF_NC.8800	4	17821088	17821603	+	0	0	0		24	11	177	0.062146892655367235	126	14	920	0.015217391304347827
CUFF_NC.8801	4	17825075	17827255	+	0	0	0		184	1	969	0.0010319917440660474	637	7	3441	0.002034292356873002
CUFF_NC.8802	4	17828481	17828836	+	0	0	0		19	1	130	0.007692307692307693	99	2	663	0.0030165912518853697
CUFF_NC.8803	4	17878238	17879255	-	0	0	0		76	1	458	0.002183406113537118	313	2	1507	0.0013271400132714001
CUFF_NC.8817	4	17895603	17896070	+	0	0	0		33	0	160	0.0	123	1	491	0.002036659877800407
CUFF_NC.8805	4	17905315	17905889	-	0	0	0		46	0	310	0.0	169	3	1258	0.0023847376788553257
CUFF_NC.8804	4	17913330	17913648	+	0	0	0		23	0	129	0.0	83	0	476	0.0
CUFF_NC.8806	4	17934771	17935342	+	0	0	0		41	0	271	0.0	139	1	658	0.001519756838905775
CUFF_NC.8833	4	17943014	17943372	-	0	0	0		28	0	192	0.0	102	1	709	0.0014104372355430183
CUFF_NC.8811	4	17963597	17965216	+	0	0	0		126	0	936	0.0	420	4	3041	0.0013153567905294311
CUFF_NC.8812	4	17970360	17971375	+	0	0	0		62	1	308	0.003246753246753247	301	1	1477	0.0006770480704129993
CUFF_NC.8807	4	17971599	17972254	+	0	0	0		41	1	262	0.003816793893129771	198	0	1107	0.0
CUFF_NC.8808	4	17983652	17984506	-	0	0	0		47	0	353	0.0	264	1	1806	0.0005537098560354374
CUFF_NC.8810	4	17990984	17996037	-	0	0	0		437	7	2314	0.003025064822817632	1407	12	7030	0.0017069701280227596
CUFF_NC.8819	4	18006620	18007001	-	0	0	0		31	1	178	0.0056179775280898875	119	1	651	0.0015360983102918587
CUFF_NC.8818	4	18013001	18013330	+	0	0	0		20	0	124	0.0	99	1	579	0.0017271157167530224
CUFF_NC.8809	4	18016036	18016338	+	0	0	0		22	0	67	0.0	85	0	244	0.0
CUFF_NC.8813	4	18025586	18028764	-	0	0	0		274	2	1329	0.0015048908954100827	867	12	4261	0.002816240319173903
CUFF_NC.8826	4	18030179	18030802	-	0	0	0		54	2	336	0.005952380952380952	168	3	1007	0.0029791459781529296
CUFF_NC.8827	4	18036880	18037215	-	0	0	0		25	0	131	0.0	106	2	580	0.0034482758620689655
CUFF_NC.8825	4	18042875	18043343	+	0	0	0		34	0	162	0.0	133	1	677	0.0014771048744460858
CUFF_NC.8814	4	18053369	18055526	-	0	0	0		73	0	418	0.0	553	4	2681	0.0014919806042521448
CUFF_NC.8822	4	18063434	18065776	-	0	0	0		130	1	626	0.001597444089456869	477	3	2536	0.0011829652996845426
CUFF_NC.8823	4	18066230	18066765	+	0	0	0		49	1	235	0.00425531914893617	140	2	711	0.0028129395218002813
CUFF_NC.8821	4	18071948	18073476	+	0	0	0		102	1	434	0.002304147465437788	337	3	1469	0.0020422055820285907
CUFF_NC.8820	4	18074295	18075886	+	0	0	0		125	0	537	0.0	428	2	1999	0.0010005002501250625
CUFF_NC.8834	4	18083450	18084603	+	0	0	0		84	0	372	0.0	314	5	1509	0.0033134526176275677
CUFF_NC.8824	4	18115404	18115832	+	0	0	0		22	1	110	0.00909090909090909	125	0	598	0.0
CUFF_NC.8828	4	18127346	18128252	-	0	0	0		33	0	227	0.0	240	4	1414	0.002828854314002829
CUFF_NC.8830	4	18145383	18146313	+	0	0	0		77	1	361	0.002770083102493075	280	4	1253	0.0031923383878691143
CUFF_NC.8832	4	18151750	18152597	-	0	0	0		44	180	368	0.4891304347826087	207	333	1583	0.21036007580543273
CUFF_NC.8829	4	18153307	18154088	-	0	0	0		54	0	346	0.0	227	2	1249	0.0016012810248198558
CUFF_NC.8839	4	18155068	18155907	+	0	0	0		81	0	391	0.0	234	3	1149	0.0026109660574412533
CUFF_NC.8835	4	18176393	18176877	+	0	0	0		33	0	138	0.0	141	1	602	0.0016611295681063123
CUFF_NC.8836	4	18178293	18179320	+	0	0	0		51	1	206	0.0048543689320388345	231	1	919	0.001088139281828074
CUFF_NC.8838	4	18185468	18186327	-	0	0	0		65	0	243	0.0	199	0	770	0.0
CUFF_NC.8840	4	18193010	18194077	-	0	0	0		67	0	274	0.0	285	4	1332	0.003003003003003003
CUFF_NC.8841	4	18198201	18202735	-	0	0	0		187	33	1062	0.031073446327683617	882	48	5129	0.00935854942483915
CUFF_NC.8837	4	18203299	18203859	-	0	0	0		16	0	34	0.0	43	0	117	0.0
CUFF_NC.8842	4	18225437	18226438	+	0	0	0		67	0	446	0.0	260	1	1594	0.0006273525721455458
CUFF_NC.8845	4	18233565	18234446	+	0	0	0		58	0	310	0.0	231	7	1303	0.005372217958557176
CUFF_NC.8843	4	18238811	18239485	-	0	0	0		46	0	287	0.0	170	2	1051	0.0019029495718363464
CUFF_NC.8848	4	18244282	18244797	+	0	0	0		50	0	241	0.0	153	0	745	0.0
CUFF_NC.8849	4	18248254	18249509	+	0	0	0		25	0	147	0.0	211	4	1141	0.0035056967572304996
CUFF_NC.8850	4	18248982	18249485	-	0	0	0		19	0	135	0.0	164	4	938	0.0042643923240938165
CUFF_NC.8844	4	18251933	18253202	+	0	0	0		82	2	463	0.004319654427645789	296	1	1335	0.000749063670411985
CUFF_NC.8846	4	18258349	18258613	-	0	0	0		12	0	52	0.0	80	1	369	0.0027100271002710027
CUFF_NC.8847	4	18271125	18271549	+	0	0	0		23	0	168	0.0	101	0	813	0.0
CUFF_NC.8857	4	18276534	18279779	-	0	0	0		264	6	1609	0.0037290242386575512	911	6	5267	0.001139168407062844
CUFF_NC.8851	4	18304760	18305958	-	0	0	0		69	1	287	0.003484320557491289	282	3	1263	0.0023752969121140144
CUFF_NC.8861	4	18306221	18306838	-	0	0	0		46	0	285	0.0	163	2	944	0.00211864406779661
CUFF_NC.8852	4	18318333	18318801	-	0	0	0		18	0	101	0.0	108	2	602	0.0033222591362126247
CUFF_NC.8854	4	18318504	18318943	+	0	0	0		21	0	127	0.0	94	1	528	0.001893939393939394
CUFF_NC.8859	4	18328018	18328703	-	0	0	0		40	0	232	0.0	179	3	1016	0.002952755905511811
CUFF_NC.8855	4	18330738	18331223	+	0	0	0		18	0	98	0.0	104	1	575	0.0017391304347826088
CUFF_NC.8856	4	18334381	18335115	+	0	0	0		19	1	117	0.008547008547008548	218	2	1085	0.0018433179723502304
CUFF_NC.8873	4	18353616	18354988	-	0	0	0		141	2	827	0.0024183796856106408	386	4	2092	0.0019120458891013384
CUFF_NC.8858	4	18362534	18364189	-	0	0	0		93	1	465	0.002150537634408602	486	4	2494	0.0016038492381716118
CUFF_NC.8860	4	18368967	18369808	+	0	0	0		55	1	246	0.0040650406504065045	261	1	1263	0.000791765637371338
CUFF_NC.8868	4	18381445	18382153	+	0	0	0		45	0	197	0.0	188	5	1287	0.003885003885003885
CUFF_NC.8867	4	18383032	18383972	+	0	0	0		71	2	399	0.005012531328320802	252	3	1298	0.0023112480739599386
CUFF_NC.8864	4	18387967	18389004	+	0	0	0		60	1	329	0.00303951367781155	294	2	1606	0.0012453300124533001
CUFF_NC.8865	4	18389524	18390869	+	0	0	0		79	1	487	0.002053388090349076	398	3	2146	0.0013979496738117428
CUFF_NC.8866	4	18390831	18391207	-	0	0	0		19	0	138	0.0	99	1	623	0.0016051364365971107
CUFF_NC.8862	4	18391650	18392557	+	0	0	0		43	1	232	0.004310344827586207	195	1	1097	0.0009115770282588879
CUFF_NC.8863	4	18391844	18392336	-	0	0	0		15	0	57	0.0	105	0	486	0.0
CUFF_NC.8871	4	18392918	18393684	+	0	0	0		14	0	35	0.0	106	0	285	0.0
CUFF_NC.8872	4	18396820	18397238	-	0	0	0		44	1	198	0.005050505050505051	113	0	507	0.0
CUFF_NC.8870	4	18401749	18405010	-	0	0	0		189	0	971	0.0	813	10	4604	0.002172024326672459
CUFF_NC.8877	4	18414531	18415012	+	0	0	0		47	1	194	0.005154639175257732	151	3	627	0.004784688995215311
CUFF_NC.8876	4	18421198	18421660	-	0	0	0		31	0	173	0.0	143	1	781	0.0012804097311139564
CUFF_NC.8869	4	18423876	18425849	-	0	0	0		48	0	216	0.0	371	4	1620	0.0024691358024691358
CUFF_NC.8878	4	18427819	18428366	+	0	0	0		31	2	157	0.012738853503184714	138	1	657	0.0015220700152207
CUFF_NC.8875	4	18432652	18433610	-	0	0	0		78	0	465	0.0	219	1	1177	0.0008496176720475786
CUFF_NC.8874	4	18439004	18439539	-	0	0	0		34	0	116	0.0	131	1	485	0.002061855670103093
CUFF_NC.8880	4	18457932	18459400	+	0	0	0		97	2	427	0.00468384074941452	334	1	1425	0.0007017543859649122
CUFF_NC.8879	4	18473025	18473445	-	0	0	0		9	0	70	0.0	99	0	747	0.0
CUFF_NC.8881	4	18475140	18476372	+	0	0	0		60	2	316	0.006329113924050633	347	4	1770	0.0022598870056497176
CUFF_NC.8883	4	18479628	18481153	-	0	0	0		108	0	448	0.0	368	3	1632	0.001838235294117647
CUFF_NC.8885	4	18502021	18502471	-	0	0	0		25	0	105	0.0	132	0	434	0.0
CUFF_NC.8886	4	18504505	18505281	-	0	0	0		39	0	167	0.0	215	1	700	0.0014285714285714286
CUFF_NC.8887	4	18510167	18510621	+	0	0	0		16	0	53	0.0	145	2	651	0.0030721966205837174
CUFF_NC.8884	4	18515602	18517152	-	0	0	0		99	0	359	0.0	351	5	1519	0.0032916392363396972
CUFF_NC.8890	4	18530336	18531444	-	0	0	0		59	2	188	0.010638297872340425	271	1	970	0.0010309278350515464
CUFF_NC.8888	4	18547755	18548276	+	0	0	0		28	1	158	0.006329113924050633	148	2	818	0.0024449877750611247
CUFF_NC.8889	4	18553349	18554637	+	0	0	0		65	1	362	0.0027624309392265192	388	1	1581	0.0006325110689437065
CUFF_NC.8894	4	18555660	18557729	+	0	0	0		134	3	766	0.0039164490861618795	539	11	3153	0.0034887408816999684
CUFF_NC.8899	4	18563228	18563737	+	0	0	0		38	0	204	0.0	140	3	701	0.0042796005706134095
CUFF_NC.8896	4	18571432	18573850	+	0	0	0		127	1	518	0.0019305019305019305	571	2	2219	0.0009013068949977468
CUFF_NC.8891	4	18574483	18575900	-	0	0	0		73	0	295	0.0	352	0	1378	0.0
CUFF_NC.8892	4	18576239	18577564	-	0	0	0		87	1	342	0.0029239766081871343	267	4	1060	0.0037735849056603774
CUFF_NC.8897	4	18579193	18580702	-	0	0	0		83	2	412	0.0048543689320388345	383	5	1911	0.0026164311878597592
CUFF_NC.8895	4	18583186	18584034	-	0	0	0		60	137	188	0.7287234042553191	180	24	564	0.0425531914893617
CUFF_NC.8900	5	5891	6996	+	0	0	0		103	1	594	0.0016835016835016834	325	3	1926	0.001557632398753894
CUFF_NC.8898	5	8616	9055	+	0	0	0		23	0	168	0.0	115	1	661	0.0015128593040847202
CUFF_NC.8904	5	13881	19185	+	0	0	0		228	4	1221	0.003276003276003276	1248	18	6764	0.0026611472501478417
CUFF_NC.8902	5	26926	27933	+	0	0	0		37	0	191	0.0	273	4	1300	0.003076923076923077
CUFF_NC.8903	5	28493	30106	+	0	0	0		32	17	78	0.21794871794871795	242	11	595	0.018487394957983194
CUFF_NC.8901	5	33173	34189	-	0	0	0		55	1	293	0.0034129692832764505	303	1	1468	0.0006811989100817438
CUFF_NC.8907	5	54656	55730	-	0	0	0		105	0	524	0.0	292	1	1459	0.0006854009595613434
CUFF_NC.8912	5	57968	60156	-	0	0	0		162	1	718	0.001392757660167131	468	4	1618	0.002472187886279357
CUFF_NC.8913	5	63626	64180	+	0	0	0		25	1	170	0.0058823529411764705	125	3	906	0.0033112582781456954
CUFF_NC.8906	5	65352	71142	+	0	0	0		17	15	25	0.6	142	28	220	0.12727272727272726
CUFF_NC.8910	5	72979	74584	-	0	0	0		110	1	559	0.0017889087656529517	375	8	1905	0.004199475065616798
CUFF_NC.8908	5	77834	78424	-	0	0	0		41	0	184	0.0	127	3	618	0.0048543689320388345
CUFF_NC.8909	5	84465	86258	-	0	0	0		157	1	660	0.0015151515151515152	359	2	1259	0.0015885623510722795
CUFF_NC.8911	5	86774	87264	+	0	0	0		37	0	237	0.0	127	1	639	0.001564945226917058
CUFF_NC.8914	5	97627	98441	-	0	0	0		41	0	210	0.0	209	3	1036	0.0028957528957528956
CUFF_NC.8915	5	141734	142293	-	0	0	0		18	0	82	0.0	49	0	203	0.0
CUFF_NC.8916	5	144134	144881	+	0	0	0		42	0	172	0.0	174	2	830	0.0024096385542168677
CUFF_NC.8917	5	148543	149590	+	0	0	0		54	0	349	0.0	296	3	1499	0.0020013342228152103
CUFF_NC.8925	5	162664	163336	+	0	0	0		91	2	450	0.0044444444444444444	170	3	804	0.0037313432835820895
CUFF_NC.8918	5	175216	176096	+	0	0	0		82	0	442	0.0	193	1	1045	0.0009569377990430622
CUFF_NC.8920	5	178282	178612	+	0	0	0		20	0	107	0.0	74	0	323	0.0
CUFF_NC.8919	5	179223	179826	-	0	0	0		24	25	193	0.12953367875647667	147	12	1109	0.010820559062218215
CUFF_NC.8922	5	182032	183317	+	0	0	0		53	1	329	0.00303951367781155	362	1	2502	0.0003996802557953637
CUFF_NC.8921	5	186654	186956	-	0	0	0		19	0	99	0.0	73	2	371	0.005390835579514825
CUFF_NC.8923	5	192050	192625	-	0	0	0		37	1	190	0.005263157894736842	122	0	469	0.0
CUFF_NC.8924	5	192845	193489	-	0	0	0		27	0	137	0.0	188	0	1000	0.0
CUFF_NC.8932	5	198784	199494	-	0	0	0		56	1	262	0.003816793893129771	178	1	855	0.0011695906432748538
CUFF_NC.8933	5	206503	209677	-	0	0	0		237	5	1071	0.004668534080298786	791	9	3791	0.002374043787918755
CUFF_NC.8934	5	207850	208468	-	0	0	0		40	0	140	0.0	160	1	553	0.0018083182640144665
CUFF_NC.8926	5	241270	242461	+	0	0	0		89	1	398	0.002512562814070352	296	1	1369	0.0007304601899196494
CUFF_NC.8928	5	244959	245271	+	0	0	0		28	0	166	0.0	83	1	493	0.002028397565922921
CUFF_NC.8927	5	257184	260490	-	0	0	0		203	3	1023	0.002932551319648094	935	3	5046	0.0005945303210463733
CUFF_NC.8929	5	261581	262083	+	0	0	0		49	0	316	0.0	125	3	790	0.0037974683544303796
CUFF_NC.8930	5	263681	265749	+	0	0	0		150	0	716	0.0	582	2	2705	0.0007393715341959334
CUFF_NC.8931	5	272299	272754	+	0	0	0		16	0	75	0.0	102	1	569	0.0017574692442882249
CUFF_NC.8936	5	276062	276477	+	0	0	0		38	2	220	0.00909090909090909	115	0	718	0.0
CUFF_NC.8935	5	280604	281509	-	0	0	0		62	0	287	0.0	271	3	1276	0.0023510971786833857
CUFF_NC.8969	5	289812	291246	-	0	0	0		80	2	388	0.005154639175257732	330	4	1626	0.0024600246002460025
CUFF_NC.8967	5	294646	295041	+	0	0	0		42	0	319	0.0	122	0	809	0.0
CUFF_NC.8968	5	297111	297898	+	0	0	0		55	0	288	0.0	231	2	1262	0.001584786053882726
CUFF_NC.8938	5	304807	305851	+	0	0	0		72	0	360	0.0	230	2	981	0.0020387359836901123
CUFF_NC.8940	5	306610	307278	-	0	0	0		19	0	131	0.0	100	0	711	0.0
CUFF_NC.8941	5	313275	315270	+	0	0	0		174	2	709	0.0028208744710860366	467	3	1589	0.0018879798615481435
CUFF_NC.8939	5	324665	325130	-	0	0	0		52	0	161	0.0	132	0	300	0.0
CUFF_NC.8942	5	338758	339521	-	0	0	0		66	0	171	0.0	173	0	488	0.0
CUFF_NC.8943	5	339656	340080	-	0	0	0		22	0	106	0.0	131	0	610	0.0
CUFF_NC.8944	5	357848	358716	+	0	0	0		55	0	275	0.0	272	2	1371	0.0014587892049598833
CUFF_NC.8949	5	375231	376088	-	0	0	0		69	0	347	0.0	262	1	1308	0.0007645259938837921
CUFF_NC.8948	5	385235	385747	-	0	0	0		37	1	188	0.005319148936170213	146	1	790	0.0012658227848101266
CUFF_NC.8946	5	386659	387211	+	0	0	0		37	0	253	0.0	147	4	829	0.0048250904704463205
CUFF_NC.8947	5	387432	388239	+	0	0	0		14	0	104	0.0	171	2	895	0.0022346368715083797
CUFF_NC.8945	5	395617	396600	-	0	0	0		64	1	262	0.003816793893129771	215	1	755	0.0013245033112582781
CUFF_NC.8954	5	425630	426082	+	0	0	0		24	0	122	0.0	135	1	694	0.001440922190201729
CUFF_NC.8950	5	435064	436857	-	0	0	0		127	0	458	0.0	409	2	1411	0.001417434443656981
CUFF_NC.8952	5	449272	450132	-	0	0	0		45	0	325	0.0	181	1	1261	0.0007930214115781126
CUFF_NC.8953	5	463016	463855	-	0	0	0		23	0	118	0.0	149	2	763	0.002621231979030144
CUFF_NC.8970	5	473840	475095	-	0	0	0		86	2	502	0.00398406374501992	356	3	1983	0.0015128593040847202
CUFF_NC.8971	5	475546	482288	-	0	0	0		516	8	3115	0.002568218298555377	1850	21	10871	0.0019317450096587251
CUFF_NC.8972	5	478571	479571	-	0	0	0		84	1	506	0.001976284584980237	261	1	1446	0.0006915629322268327
CUFF_NC.8973	5	480471	481072	-	0	0	0		40	1	234	0.004273504273504274	174	1	922	0.0010845986984815619
CUFF_NC.8955	5	496842	497361	+	0	0	0		19	0	87	0.0	96	3	434	0.0069124423963133645
CUFF_NC.8956	5	498264	499194	+	0	0	0		31	0	171	0.0	227	1	1399	0.0007147962830593281
CUFF_NC.8957	5	498594	498939	-	0	0	0		12	0	78	0.0	105	0	707	0.0
CUFF_NC.8958	5	500442	500750	+	0	0	0		14	0	37	0.0	90	1	233	0.004291845493562232
CUFF_NC.8959	5	501226	501920	+	0	0	0		12	0	22	0.0	116	2	355	0.005633802816901409
CUFF_NC.8960	5	508546	509889	+	0	0	0		63	1	368	0.002717391304347826	363	7	2195	0.0031890660592255125
CUFF_NC.8961	5	513415	514040	-	0	0	0		63	0	245	0.0	153	1	633	0.001579778830963665
CUFF_NC.8962	5	523245	523897	-	0	0	0		41	0	141	0.0	143	1	616	0.0016233766233766235
CUFF_NC.8963	5	524956	525466	+	0	0	0		16	1	64	0.015625	32	1	82	0.012195121951219513
CUFF_NC.8964	5	529411	529792	-	0	0	0		28	2	145	0.013793103448275862	115	1	519	0.0019267822736030828
CUFF_NC.8965	5	530826	531515	-	0	0	0		23	0	70	0.0	144	1	458	0.002183406113537118
CUFF_NC.8966	5	545346	545910	+	0	0	0		1	0	1	0.0	42	0	65	0.0
CUFF_NC.8975	5	564215	564706	+	0	0	0		29	0	157	0.0	144	1	666	0.0015015015015015015
CUFF_NC.8974	5	575310	576486	-	0	0	0		79	2	420	0.004761904761904762	294	1	1732	0.0005773672055427252
CUFF_NC.8977	5	591593	592418	-	0	0	0		61	0	338	0.0	200	0	836	0.0
CUFF_NC.8980	5	602787	604218	+	0	0	0		137	1	636	0.0015723270440251573	306	2	1523	0.0013131976362442547
CUFF_NC.8981	5	606566	607414	-	0	0	0		50	2	322	0.006211180124223602	225	1	1435	0.0006968641114982578
CUFF_NC.8976	5	609199	609817	+	0	0	0		14	15	89	0.16853932584269662	149	10	891	0.01122334455667789
CUFF_NC.8978	5	620451	621049	-	0	0	0		40	1	194	0.005154639175257732	161	1	814	0.0012285012285012285
CUFF_NC.8985	5	638477	639140	+	0	0	0		48	0	257	0.0	181	2	849	0.002355712603062426
CUFF_NC.8986	5	639818	640450	+	0	0	0		38	0	263	0.0	183	5	1093	0.004574565416285453
CUFF_NC.8982	5	657803	658940	-	0	0	0		100	0	482	0.0	329	3	1598	0.0018773466833541927
CUFF_NC.8979	5	659951	660603	-	0	0	0		35	1	151	0.006622516556291391	168	1	751	0.0013315579227696406
CUFF_NC.8983	5	672831	673368	+	0	0	0		22	1	89	0.011235955056179775	83	1	383	0.0026109660574412533
CUFF_NC.8984	5	677277	678056	-	0	0	0		57	0	430	0.0	216	4	1484	0.0026954177897574125
CUFF_NC.9001	5	680389	681758	-	0	0	0		88	3	534	0.0056179775280898875	336	5	1885	0.002652519893899204
CUFF_NC.8987	5	705934	706343	-	0	0	0		23	0	167	0.0	117	4	846	0.004728132387706856
CUFF_NC.8988	5	710271	711037	+	0	0	0		71	3	349	0.008595988538681949	230	2	1151	0.0017376194613379669
CUFF_NC.8993	5	721816	722119	-	0	0	0		28	0	130	0.0	69	1	309	0.003236245954692557
CUFF_NC.8994	5	722755	726375	-	0	0	0		170	399	968	0.4121900826446281	850	162	4946	0.032753740396279825
CUFF_NC.8991	5	726804	727660	-	0	0	0		57	1	343	0.0029154518950437317	235	0	1511	0.0
CUFF_NC.8989	5	730145	731161	-	0	0	0		73	1	380	0.002631578947368421	217	0	1040	0.0
CUFF_NC.8990	5	735798	736799	-	0	0	0		54	2	355	0.005633802816901409	278	3	1841	0.0016295491580662683
CUFF_NC.8996	5	737761	740381	+	0	0	0		213	1	1058	0.000945179584120983	602	4	2649	0.0015100037750094375
CUFF_NC.8992	5	744563	745156	-	0	0	0		11	7	28	0.25	71	101	350	0.2885714285714286
CUFF_NC.8995	5	747660	748708	-	0	0	0		47	0	245	0.0	292	3	1326	0.0022624434389140274
CUFF_NC.8999	5	760676	761869	+	0	0	0		92	0	536	0.0	303	1	1689	0.0005920663114268798
CUFF_NC.8998	5	767664	768392	+	0	0	0		32	0	198	0.0	210	2	1275	0.001568627450980392
CUFF_NC.8997	5	769364	770331	-	0	0	0		51	0	325	0.0	223	3	1187	0.002527379949452401
CUFF_NC.9002	5	771757	772916	+	0	0	0		92	1	555	0.0018018018018018018	347	5	2217	0.0022552999548940008
CUFF_NC.9000	5	785062	785575	-	0	0	0		13	0	73	0.0	105	2	523	0.0038240917782026767
CUFF_NC.9004	5	791963	792579	-	0	0	0		51	0	206	0.0	197	1	711	0.0014064697609001407
CUFF_NC.9003	5	798309	798596	-	0	0	0		28	0	190	0.0	86	2	604	0.0033112582781456954
CUFF_NC.9008	5	811569	812171	+	0	0	0		46	0	214	0.0	204	3	921	0.003257328990228013
CUFF_NC.9005	5	817943	818610	-	0	0	0		45	0	223	0.0	190	3	928	0.003232758620689655
CUFF_NC.9007	5	826606	827016	+	0	0	0		2	0	2	0.0	10	0	10	0.0
CUFF_NC.9006	5	838908	839638	+	0	0	0		31	3	178	0.016853932584269662	193	2	960	0.0020833333333333333
CUFF_NC.9010	5	859177	859673	+	0	0	0		43	1	238	0.004201680672268907	145	2	722	0.002770083102493075
CUFF_NC.9009	5	874176	874477	+	0	0	0		20	0	48	0.0	59	0	145	0.0
CUFF_NC.9012	5	894599	895255	-	0	0	0		15	0	81	0.0	213	0	1043	0.0
CUFF_NC.9011	5	895826	896403	+	0	0	0		37	1	253	0.003952569169960474	163	2	1106	0.0018083182640144665
CUFF_NC.9019	5	898405	900150	+	0	0	0		130	1	611	0.0016366612111292963	514	6	2404	0.0024958402662229617
CUFF_NC.9014	5	909738	910179	-	0	0	0		17	0	101	0.0	122	1	659	0.0015174506828528073
CUFF_NC.9015	5	917491	917787	-	0	0	0		22	0	99	0.0	82	2	355	0.005633802816901409
CUFF_NC.9016	5	917923	918480	-	0	0	0		30	0	185	0.0	155	2	998	0.002004008016032064
CUFF_NC.9017	5	919282	921931	-	0	0	0		196	2	1098	0.0018214936247723133	717	6	3668	0.0016357688113413304
CUFF_NC.9027	5	937675	938412	-	0	0	0		47	0	269	0.0	176	4	950	0.004210526315789474
CUFF_NC.9018	5	940787	941450	-	0	0	0		23	1	161	0.006211180124223602	148	0	981	0.0
CUFF_NC.9020	5	947096	949003	-	0	0	0		120	1	620	0.0016129032258064516	439	6	2291	0.0026189436927106066
CUFF_NC.9023	5	965339	965797	+	0	0	0		10	0	77	0.0	120	1	860	0.0011627906976744186
CUFF_NC.9024	5	966229	967478	+	0	0	0		81	0	471	0.0	301	1	1572	0.0006361323155216285
CUFF_NC.9021	5	973542	974305	+	0	0	0		45	1	205	0.004878048780487805	212	0	855	0.0
CUFF_NC.9022	5	978966	979939	+	0	0	0		89	0	304	0.0	238	1	805	0.0012422360248447205
CUFF_NC.9025	5	985748	986014	+	0	0	0		2	0	6	0.0	61	0	222	0.0
CUFF_NC.9028	5	997677	998192	-	0	0	0		19	0	91	0.0	149	1	758	0.0013192612137203166
CUFF_NC.9026	5	1013696	1016534	+	0	0	0		132	1	695	0.0014388489208633094	597	4	3071	0.0013025073266037122
CUFF_NC.9033	5	1030160	1032171	+	0	0	0		107	0	622	0.0	539	9	3150	0.002857142857142857
CUFF_NC.9029	5	1035678	1037413	+	0	0	0		86	1	436	0.0022935779816513763	407	0	1733	0.0
CUFF_NC.9032	5	1038398	1039465	+	0	0	0		63	2	343	0.0058309037900874635	289	2	1442	0.0013869625520110957
CUFF_NC.9031	5	1042462	1042743	-	0	0	0		3	0	10	0.0	53	0	88	0.0
CUFF_NC.9030	5	1047259	1047619	-	0	0	0		20	0	87	0.0	118	0	522	0.0
CUFF_NC.9034	5	1051747	1052235	-	0	0	0		41	0	191	0.0	129	1	644	0.0015527950310559005
CUFF_NC.9037	5	1084563	1085692	+	0	0	0		57	1	315	0.0031746031746031746	326	5	1362	0.003671071953010279
CUFF_NC.9036	5	1089259	1090182	-	0	0	0		49	0	261	0.0	208	2	1181	0.001693480101608806
CUFF_NC.9048	5	1097657	1098058	-	0	0	0		18	0	61	0.0	76	2	292	0.00684931506849315
CUFF_NC.9035	5	1108891	1109362	-	0	0	0		11	0	64	0.0	116	1	628	0.0015923566878980893
CUFF_NC.9042	5	1123596	1124036	+	0	0	0		37	0	206	0.0	126	0	664	0.0
CUFF_NC.9038	5	1144132	1145135	+	0	0	0		41	0	225	0.0	256	4	1413	0.0028308563340410475
CUFF_NC.9039	5	1145496	1145828	-	0	0	0		29	0	123	0.0	85	1	230	0.004347826086956522
CUFF_NC.9045	5	1158023	1158596	+	0	0	0		40	2	309	0.006472491909385114	153	1	1056	0.000946969696969697
CUFF_NC.9040	5	1160538	1161433	-	0	0	0		52	0	178	0.0	222	1	840	0.0011904761904761906
CUFF_NC.9041	5	1162483	1163799	-	0	0	0		99	0	553	0.0	353	4	1978	0.0020222446916076846
CUFF_NC.9047	5	1171468	1172133	-	0	0	0		63	1	304	0.003289473684210526	187	4	829	0.0048250904704463205
CUFF_NC.9043	5	1180844	1181333	-	0	0	0		13	104	194	0.5360824742268041	98	187	1030	0.18155339805825244
CUFF_NC.9046	5	1182066	1182618	+	0	0	0		21	29	99	0.29292929292929293	146	13	809	0.016069221260815822
CUFF_NC.9052	5	1201526	1202656	-	0	0	0		105	4	520	0.007692307692307693	366	3	1263	0.0023752969121140144
CUFF_NC.9051	5	1205980	1207234	+	0	0	0		69	0	340	0.0	295	0	1234	0.0
CUFF_NC.9049	5	1219812	1220506	-	0	0	0		27	1	153	0.006535947712418301	175	2	985	0.0020304568527918783
CUFF_NC.9050	5	1221014	1221359	-	0	0	0		5	1	30	0.03333333333333333	93	78	457	0.17067833698030635
CUFF_NC.9062	5	1225366	1225713	-	0	0	0		17	2	95	0.021052631578947368	94	1	502	0.00199203187250996
CUFF_NC.9055	5	1238734	1240451	-	0	0	0		93	0	454	0.0	514	1	2334	0.0004284490145672665
CUFF_NC.9053	5	1240882	1241344	+	0	0	0		22	1	171	0.005847953216374269	106	2	727	0.002751031636863824
CUFF_NC.9054	5	1242484	1243336	-	0	0	0		57	0	323	0.0	240	5	1379	0.0036258158085569255
CUFF_NC.9057	5	1254783	1255226	-	0	0	0		26	0	119	0.0	129	0	481	0.0
CUFF_NC.9058	5	1259802	1261143	-	0	0	0		103	1	535	0.001869158878504673	427	3	1699	0.0017657445556209534
CUFF_NC.9056	5	1270617	1271435	+	0	0	0		19	0	108	0.0	225	3	1223	0.0024529844644317253
CUFF_NC.9067	5	1271545	1273250	+	0	0	0		104	0	522	0.0	410	2	2059	0.0009713453132588635
CUFF_NC.9068	5	1277023	1278102	+	0	0	0		61	0	303	0.0	264	2	1295	0.0015444015444015444
CUFF_NC.9059	5	1279457	1280438	-	0	0	0		54	1	313	0.003194888178913738	216	2	1152	0.001736111111111111
CUFF_NC.9063	5	1290152	1291307	+	0	0	0		87	1	418	0.0023923444976076554	269	1	1302	0.0007680491551459293
CUFF_NC.9060	5	1292086	1293836	+	0	0	0		86	0	386	0.0	496	3	2101	0.0014278914802475012
CUFF_NC.9061	5	1304504	1305563	+	0	0	0		87	1	474	0.002109704641350211	305	4	1666	0.0024009603841536613
CUFF_NC.9075	5	1310502	1311464	-	0	0	0		109	2	626	0.003194888178913738	283	0	1529	0.0
CUFF_NC.9065	5	1330478	1331740	-	0	0	0		84	0	423	0.0	280	1	1391	0.0007189072609633358
CUFF_NC.9064	5	1333395	1333737	-	0	0	0		23	0	202	0.0	97	0	788	0.0
CUFF_NC.9066	5	1341612	1343953	-	0	0	0		96	2	651	0.0030721966205837174	615	11	4332	0.0025392428439519853
CUFF_NC.9074	5	1354274	1356747	+	0	0	0		165	1	907	0.0011025358324145535	676	11	3905	0.0028169014084507044
CUFF_NC.9072	5	1373672	1374232	+	0	0	0		41	0	233	0.0	136	2	562	0.0035587188612099642
CUFF_NC.9069	5	1377919	1378373	+	0	0	0		14	1	84	0.011904761904761904	111	1	832	0.001201923076923077
CUFF_NC.9070	5	1378973	1380510	-	0	0	0		129	1	514	0.0019455252918287938	313	2	1307	0.001530221882172915
CUFF_NC.9071	5	1381580	1382344	-	0	0	0		39	1	183	0.00546448087431694	221	0	807	0.0
CUFF_NC.9076	5	1392982	1393860	-	0	0	0		60	0	288	0.0	249	1	1072	0.0009328358208955224
CUFF_NC.9073	5	1399325	1400530	-	0	0	0		71	0	226	0.0	257	0	729	0.0
CUFF_NC.9099	5	1438090	1438455	-	0	0	0		39	0	250	0.0	88	2	508	0.003937007874015748
CUFF_NC.9098	5	1440955	1441462	+	0	0	0		29	1	138	0.007246376811594203	157	1	612	0.0016339869281045752
CUFF_NC.9081	5	1444627	1445144	-	0	0	0		13	0	60	0.0	104	1	397	0.0025188916876574307
CUFF_NC.9082	5	1447820	1449588	-	0	0	0		141	1	666	0.0015015015015015015	514	2	2320	0.0008620689655172414
CUFF_NC.9077	5	1450081	1450542	+	0	0	0		25	1	174	0.005747126436781609	119	1	936	0.0010683760683760685
CUFF_NC.9078	5	1450181	1450683	-	0	0	0		27	0	202	0.0	130	3	1111	0.0027002700270027003
CUFF_NC.9079	5	1455809	1456901	+	0	0	0		84	1	446	0.002242152466367713	329	2	1706	0.0011723329425556857
CUFF_NC.9084	5	1471549	1472243	+	0	0	0		62	0	361	0.0	184	3	1077	0.002785515320334262
CUFF_NC.9085	5	1475144	1475593	+	0	0	0		29	0	159	0.0	137	0	749	0.0
CUFF_NC.9080	5	1488415	1489126	+	0	0	0		2	0	2	0.0	10	0	10	0.0
CUFF_NC.9087	5	1499166	1500919	+	0	0	0		78	0	381	0.0	496	6	2691	0.002229654403567447
CUFF_NC.9083	5	1501511	1501863	+	0	0	0		8	5	43	0.11627906976744186	89	3	495	0.006060606060606061
CUFF_NC.9086	5	1505888	1506539	+	0	0	0		62	0	291	0.0	193	0	853	0.0
CUFF_NC.9088	5	1509750	1510350	+	0	0	0		24	0	149	0.0	151	2	989	0.0020222446916076846
CUFF_NC.9090	5	1513561	1513910	-	0	0	0		20	0	142	0.0	86	0	628	0.0
CUFF_NC.9091	5	1514280	1514885	-	0	0	0		55	0	247	0.0	195	1	843	0.0011862396204033216
CUFF_NC.9089	5	1515479	1516111	+	0	0	0		19	2	107	0.018691588785046728	146	4	939	0.004259850905218318
CUFF_NC.9092	5	1522167	1522513	-	0	0	0		33	0	172	0.0	102	0	515	0.0
CUFF_NC.9093	5	1548579	1549629	-	0	0	0		84	2	449	0.004454342984409799	318	3	1255	0.002390438247011952
CUFF_NC.9097	5	1554116	1554792	+	0	0	0		53	1	386	0.0025906735751295338	191	3	1349	0.002223869532987398
CUFF_NC.9094	5	1557105	1558554	+	0	0	0		91	2	417	0.004796163069544364	349	4	1580	0.002531645569620253
CUFF_NC.9095	5	1562045	1563114	-	0	0	0		37	0	198	0.0	266	1	1494	0.0006693440428380187
CUFF_NC.9096	5	1570115	1570710	+	0	0	0		43	1	269	0.0037174721189591076	153	1	936	0.0010683760683760685
CUFF_NC.9100	5	1585412	1586377	-	0	0	0		62	0	385	0.0	293	4	1828	0.002188183807439825
CUFF_NC.9101	5	1595802	1596407	-	0	0	0		41	0	129	0.0	140	1	487	0.002053388090349076
CUFF_NC.9103	5	1606377	1607821	+	0	0	0		59	2	296	0.006756756756756757	404	2	2295	0.0008714596949891067
CUFF_NC.9102	5	1608932	1610387	-	0	0	0		79	1	439	0.002277904328018223	379	10	2308	0.004332755632582322
CUFF_NC.9104	5	1617636	1620145	-	0	0	0		141	95	880	0.10795454545454546	705	252	4340	0.05806451612903226
CUFF_NC.9106	5	1635508	1636126	-	0	0	0		41	1	254	0.003937007874015748	165	4	941	0.004250797024442083
CUFF_NC.9125	5	1667054	1667906	+	0	0	0		37	0	121	0.0	135	0	450	0.0
CUFF_NC.9126	5	1668041	1668572	+	0	0	0		24	0	120	0.0	86	1	501	0.001996007984031936
CUFF_NC.9105	5	1671855	1673078	-	0	0	0		34	0	132	0.0	347	2	1653	0.0012099213551119178
CUFF_NC.9107	5	1677053	1677585	+	0	0	0		21	1	89	0.011235955056179775	164	1	738	0.0013550135501355014
CUFF_NC.9118	5	1696526	1696802	+	0	0	0		23	0	101	0.0	81	0	344	0.0
CUFF_NC.9119	5	1705518	1706023	+	0	0	0		18	0	71	0.0	152	0	549	0.0
CUFF_NC.9120	5	1706309	1712337	+	0	0	0		173	3	1088	0.0027573529411764708	1447	18	9556	0.0018836333193804938
CUFF_NC.9112	5	1727599	1727997	-	0	0	0		28	0	119	0.0	93	1	392	0.002551020408163265
CUFF_NC.9110	5	1729779	1730163	+	0	0	0		39	1	244	0.004098360655737705	107	2	682	0.002932551319648094
CUFF_NC.9111	5	1730554	1731037	+	0	0	0		40	0	257	0.0	100	0	540	0.0
CUFF_NC.9108	5	1740974	1741487	+	0	0	0		33	1	199	0.005025125628140704	162	0	866	0.0
CUFF_NC.9113	5	1743915	1744553	+	0	0	0		45	0	268	0.0	185	1	928	0.0010775862068965517
CUFF_NC.9109	5	1746598	1748163	-	0	0	0		121	0	661	0.0	376	2	1738	0.0011507479861910242
CUFF_NC.9116	5	1753616	1754328	+	0	0	0		39	0	207	0.0	187	2	985	0.0020304568527918783
CUFF_NC.9117	5	1759394	1760769	+	0	0	0		76	0	334	0.0	401	1	1930	0.0005181347150259067
CUFF_NC.9114	5	1765356	1766235	-	0	0	0		40	0	225	0.0	226	1	1232	0.0008116883116883117
CUFF_NC.9115	5	1766537	1767176	-	0	0	0		47	0	263	0.0	178	5	989	0.005055611729019211
CUFF_NC.9121	5	1769739	1770137	-	0	0	0		24	0	151	0.0	118	1	654	0.0015290519877675841
CUFF_NC.9122	5	1770654	1775922	-	0	0	0		206	3	959	0.0031282586027111575	979	9	4488	0.002005347593582888
CUFF_NC.9123	5	1772549	1774841	-	0	0	0		112	1	463	0.0021598272138228943	420	5	1715	0.0029154518950437317
CUFF_NC.9124	5	1787899	1788439	-	0	0	0		31	0	208	0.0	156	0	944	0.0
CUFF_NC.9130	5	1797150	1797567	-	0	0	0		40	0	209	0.0	99	0	551	0.0
CUFF_NC.9128	5	1809914	1810192	-	0	0	0		23	0	114	0.0	78	1	337	0.002967359050445104
CUFF_NC.9127	5	1816740	1818096	+	0	0	0		84	55	453	0.12141280353200883	363	50	1906	0.026232948583420776
CUFF_NC.9129	5	1860357	1860875	+	0	0	0		36	0	227	0.0	149	3	803	0.0037359900373599006
CUFF_NC.9138	5	1903447	1904015	+	0	0	0		39	0	138	0.0	149	1	558	0.0017921146953405018
CUFF_NC.9131	5	1912634	1914351	-	0	0	0		91	0	572	0.0	421	7	2515	0.002783300198807157
CUFF_NC.9132	5	1934842	1935783	+	0	0	0		41	0	183	0.0	235	5	1081	0.004625346901017576
CUFF_NC.9137	5	1942502	1942840	-	0	0	0		31	0	123	0.0	106	1	436	0.0022935779816513763
CUFF_NC.9133	5	1952696	1954295	-	0	0	0		130	3	582	0.005154639175257732	359	1	1480	0.0006756756756756757
CUFF_NC.9134	5	1968097	1968842	+	0	0	0		33	0	205	0.0	225	2	1176	0.0017006802721088435
CUFF_NC.9136	5	1974677	1975719	+	0	0	0		47	0	331	0.0	302	5	1903	0.002627430373095113
CUFF_NC.9135	5	1975980	1976425	+	0	0	0		37	0	242	0.0	119	4	810	0.0049382716049382715
CUFF_NC.9139	5	1977798	1978898	+	0	0	0		52	2	300	0.006666666666666667	283	1	1618	0.0006180469715698393
CUFF_NC.9140	5	1979737	1981358	+	0	0	0		49	3	272	0.011029411764705883	391	7	2215	0.003160270880361174
CUFF_NC.9141	5	2000374	2001010	+	0	0	0		42	1	260	0.0038461538461538464	186	3	1071	0.0028011204481792717
CUFF_NC.9142	5	2005979	2007353	+	0	0	0		53	1	396	0.0025252525252525255	308	3	2176	0.0013786764705882354
CUFF_NC.9152	5	2010292	2011273	+	0	0	0		73	0	284	0.0	292	2	1127	0.001774622892635315
CUFF_NC.9143	5	2043492	2043938	-	0	0	0		16	0	67	0.0	130	0	627	0.0
CUFF_NC.9151	5	2054897	2055417	+	0	0	0		21	0	101	0.0	133	2	562	0.0035587188612099642
CUFF_NC.9144	5	2056826	2057487	-	0	0	0		39	0	151	0.0	188	2	672	0.002976190476190476
CUFF_NC.9146	5	2068220	2070479	+	0	0	0		118	2	602	0.0033222591362126247	580	4	3310	0.0012084592145015106
CUFF_NC.9149	5	2088727	2089327	+	0	0	0		29	1	133	0.007518796992481203	166	4	693	0.005772005772005772
CUFF_NC.9147	5	2094305	2094795	+	0	0	0		16	0	67	0.0	160	1	763	0.001310615989515072
CUFF_NC.9148	5	2096739	2097256	+	0	0	0		17	0	116	0.0	94	1	451	0.0022172949002217295
CUFF_NC.9145	5	2097739	2099096	+	0	0	0		54	0	286	0.0	311	4	1234	0.0032414910858995136
CUFF_NC.9150	5	2105214	2105653	-	0	0	0		16	0	97	0.0	125	0	806	0.0
CUFF_NC.9153	5	2120364	2121236	-	0	0	0		25	1	128	0.0078125	265	4	1393	0.002871500358937545
CUFF_NC.9154	5	2132117	2135037	-	0	0	0		192	1	1221	0.000819000819000819	832	12	5329	0.002251829611559392
CUFF_NC.9159	5	2169101	2170590	-	0	0	0		87	0	463	0.0	378	2	1840	0.0010869565217391304
CUFF_NC.9157	5	2171581	2176494	+	0	0	0		164	1	923	0.0010834236186348862	1296	8	7096	0.0011273957158962795
CUFF_NC.9155	5	2179754	2180277	+	0	0	0		27	0	199	0.0	133	4	1035	0.003864734299516908
CUFF_NC.9156	5	2183529	2185769	+	0	0	0		178	2	895	0.0022346368715083797	613	6	2766	0.0021691973969631237
CUFF_NC.9158	5	2215578	2218171	-	0	0	0		188	1	960	0.0010416666666666667	722	5	3561	0.0014040999719180005
CUFF_NC.9166	5	2226405	2227563	+	0	0	0		37	0	170	0.0	263	1	1326	0.0007541478129713424
CUFF_NC.9161	5	2266300	2266747	+	0	0	0		26	0	159	0.0	120	1	843	0.0011862396204033216
CUFF_NC.9162	5	2272848	2274174	-	0	0	0		81	1	504	0.001984126984126984	375	3	2084	0.0014395393474088292
CUFF_NC.9169	5	2282336	2283581	-	0	0	0		90	0	481	0.0	371	2	1900	0.0010526315789473684
CUFF_NC.9163	5	2286449	2287009	-	0	0	0		66	0	369	0.0	163	0	851	0.0
CUFF_NC.9164	5	2287320	2288128	-	0	0	0		70	0	333	0.0	249	4	1020	0.00392156862745098
CUFF_NC.9167	5	2292993	2293958	-	0	0	0		55	2	333	0.006006006006006006	228	0	1558	0.0
CUFF_NC.9168	5	2296934	2297423	-	0	0	0		42	2	245	0.00816326530612245	157	1	815	0.001226993865030675
CUFF_NC.9165	5	2313118	2313563	-	0	0	0		19	1	91	0.01098901098901099	111	1	630	0.0015873015873015873
CUFF_NC.9175	5	2317802	2318743	-	0	0	0		61	1	252	0.003968253968253968	338	3	1421	0.00211118930330753
CUFF_NC.9174	5	2321423	2321881	+	0	0	0		47	1	234	0.004273504273504274	109	2	547	0.003656307129798903
CUFF_NC.9173	5	2343891	2345426	-	0	0	0		125	4	708	0.005649717514124294	420	7	2300	0.003043478260869565
CUFF_NC.9172	5	2349550	2353171	-	0	0	0		189	3	1123	0.0026714158504007124	899	11	5625	0.0019555555555555554
CUFF_NC.9170	5	2354492	2355233	+	0	0	0		38	0	157	0.0	151	1	772	0.0012953367875647669
CUFF_NC.9171	5	2355198	2355701	-	0	0	0		28	0	199	0.0	94	2	746	0.002680965147453083
CUFF_NC.9177	5	2364820	2365500	+	0	0	0		45	0	281	0.0	186	2	1156	0.0017301038062283738
CUFF_NC.9176	5	2365689	2366191	+	0	0	0		16	0	110	0.0	140	3	995	0.003015075376884422
CUFF_NC.9182	5	2380028	2380734	+	0	0	0		80	0	282	0.0	194	2	998	0.002004008016032064
CUFF_NC.9179	5	2403640	2404061	+	0	0	0		22	0	134	0.0	113	1	673	0.0014858841010401188
CUFF_NC.9178	5	2404176	2405730	+	0	0	0		106	2	532	0.0037593984962406013	383	1	2415	0.00041407867494824016
CUFF_NC.9180	5	2447702	2448325	-	0	0	0		43	0	219	0.0	167	3	903	0.0033222591362126247
CUFF_NC.9181	5	2457837	2458246	+	0	0	0		39	1	218	0.0045871559633027525	99	0	464	0.0
CUFF_NC.9192	5	2468242	2468638	-	0	0	0		26	0	98	0.0	141	0	552	0.0
CUFF_NC.9193	5	2478457	2480003	-	0	0	0		75	0	340	0.0	534	5	2349	0.0021285653469561515
CUFF_NC.9184	5	2488525	2489488	+	0	0	0		32	0	205	0.0	297	3	1516	0.001978891820580475
CUFF_NC.9185	5	2499954	2500538	+	0	0	0		37	1	253	0.003952569169960474	191	0	1016	0.0
CUFF_NC.9183	5	2517973	2518529	+	0	0	0		44	0	297	0.0	152	3	984	0.003048780487804878
CUFF_NC.9188	5	2520850	2521290	-	0	0	0		28	2	138	0.014492753623188406	141	0	643	0.0
CUFF_NC.9186	5	2560328	2560904	-	0	0	0		32	0	138	0.0	178	1	682	0.001466275659824047
CUFF_NC.9187	5	2561363	2562072	-	0	0	0		42	0	342	0.0	141	8	1084	0.007380073800738007
CUFF_NC.9190	5	2577197	2577659	+	0	0	0		11	0	49	0.0	151	1	530	0.0018867924528301887
CUFF_NC.9189	5	2582143	2582567	-	0	0	0		24	0	116	0.0	117	0	693	0.0
CUFF_NC.9196	5	2594329	2596816	+	0	0	0		179	4	914	0.00437636761487965	672	3	3486	0.0008605851979345956
CUFF_NC.9197	5	2599947	2600433	+	0	0	0		25	0	104	0.0	108	2	706	0.0028328611898017
CUFF_NC.9198	5	2606728	2609100	+	0	0	0		150	2	732	0.00273224043715847	666	4	3309	0.0012088244182532487
CUFF_NC.9191	5	2612154	2612860	-	0	0	0		27	1	186	0.005376344086021506	146	4	912	0.0043859649122807015
CUFF_NC.9194	5	2628649	2630653	+	0	0	0		148	2	897	0.002229654403567447	524	6	3127	0.0019187719859290054
CUFF_NC.9195	5	2660859	2661180	-	0	0	0		16	0	57	0.0	85	0	302	0.0
CUFF_NC.9200	5	2680375	2681866	-	0	0	0		118	0	524	0.0	399	6	1756	0.003416856492027335
CUFF_NC.9199	5	2709925	2710364	+	0	0	0		27	0	167	0.0	102	1	604	0.0016556291390728477
CUFF_NC.9215	5	2720841	2721285	-	0	0	0		30	0	213	0.0	118	1	946	0.0010570824524312897
CUFF_NC.9208	5	2737743	2738115	-	0	0	0		28	0	180	0.0	106	2	668	0.0029940119760479044
CUFF_NC.9201	5	2757363	2757997	+	0	0	0		42	3	236	0.012711864406779662	198	3	1034	0.0029013539651837525
CUFF_NC.9202	5	2760578	2761306	+	0	0	0		53	1	266	0.0037593984962406013	258	0	1165	0.0
CUFF_NC.9204	5	2776922	2777233	-	0	0	0		33	1	226	0.004424778761061947	88	4	606	0.006600660066006601
CUFF_NC.9205	5	2785307	2786446	-	0	0	0		77	2	525	0.0038095238095238095	310	4	1913	0.0020909566126502874
CUFF_NC.9203	5	2799651	2800550	+	0	0	0		62	1	395	0.002531645569620253	270	3	1500	0.002
CUFF_NC.9206	5	2844828	2845577	+	0	0	0		47	2	248	0.008064516129032258	171	1	833	0.0012004801920768306
CUFF_NC.9209	5	2849247	2849566	+	0	0	0		14	0	57	0.0	98	0	464	0.0
CUFF_NC.9207	5	2865062	2865398	+	0	0	0		30	0	103	0.0	88	0	302	0.0
CUFF_NC.9211	5	2872695	2873058	-	0	0	0		30	0	139	0.0	104	0	474	0.0
CUFF_NC.9210	5	2889408	2889810	+	0	0	0		32	0	134	0.0	110	0	512	0.0
CUFF_NC.9229	5	2892339	2893278	+	0	0	0		75	0	377	0.0	281	6	1220	0.004918032786885246
CUFF_NC.9230	5	2893428	2893936	+	0	0	0		39	0	215	0.0	169	1	791	0.0012642225031605564
CUFF_NC.9212	5	2940442	2941493	-	0	0	0		51	0	271	0.0	235	0	1094	0.0
CUFF_NC.9216	5	2943886	2945464	+	0	0	0		112	1	593	0.0016863406408094434	481	6	2715	0.0022099447513812156
CUFF_NC.9214	5	2949218	2950027	+	0	0	0		58	1	315	0.0031746031746031746	177	2	859	0.002328288707799767
CUFF_NC.9213	5	2951013	2951678	+	0	0	0		53	2	282	0.0070921985815602835	191	1	1132	0.0008833922261484099
CUFF_NC.9218	5	2952412	2954406	+	0	0	0		94	0	606	0.0	479	6	2935	0.0020442930153321977
CUFF_NC.9219	5	2954044	2955932	+	0	0	0		132	1	739	0.0013531799729364006	514	3	2669	0.0011240164855751218
CUFF_NC.9217	5	2958538	2958955	+	0	0	0		36	0	163	0.0	106	1	447	0.0022371364653243847
CUFF_NC.9221	5	2959826	2963447	+	0	0	0		265	3	1280	0.00234375	968	16	5288	0.0030257186081694403
CUFF_NC.9224	5	2979568	2980333	-	0	0	0		0	0	0		27	0	136	0.0
CUFF_NC.9220	5	2983544	2985595	+	0	0	0		211	3	1283	0.002338269680436477	520	2	3030	0.0006600660066006601
CUFF_NC.9223	5	2994233	2994785	+	0	0	0		42	0	249	0.0	168	1	990	0.00101010101010101
CUFF_NC.9231	5	3003694	3005570	+	0	0	0		149	1	726	0.0013774104683195593	469	6	2194	0.0027347310847766638
CUFF_NC.9222	5	3006814	3007322	-	0	0	0		16	44	104	0.4230769230769231	69	47	361	0.13019390581717452
CUFF_NC.9226	5	3014928	3015743	+	0	0	0		54	0	351	0.0	190	3	1212	0.0024752475247524753
CUFF_NC.9225	5	3026125	3027188	+	0	0	0		53	0	320	0.0	280	2	1423	0.0014054813773717498
CUFF_NC.9227	5	3031935	3033482	-	0	0	0		94	0	507	0.0	368	3	1399	0.002144388849177984
CUFF_NC.9228	5	3043638	3044394	+	0	0	0		56	1	341	0.002932551319648094	169	4	886	0.004514672686230248
CUFF_NC.9232	5	3046968	3047636	-	0	0	0		23	1	151	0.006622516556291391	181	0	842	0.0
CUFF_NC.9233	5	3060779	3062082	-	0	0	0		101	0	594	0.0	359	5	1971	0.0025367833587011668
CUFF_NC.9234	5	3063365	3063774	+	0	0	0		31	0	244	0.0	116	2	804	0.0024875621890547263
CUFF_NC.9235	5	3064777	3065247	+	0	0	0		33	0	185	0.0	126	0	605	0.0
CUFF_NC.9236	5	3069561	3070920	-	0	0	0		105	1	552	0.0018115942028985507	350	3	1762	0.00170261066969353
CUFF_NC.9242	5	3089962	3090282	+	0	0	0		25	0	215	0.0	91	4	736	0.005434782608695652
CUFF_NC.9237	5	3099087	3099853	+	0	0	0		46	0	313	0.0	216	0	1116	0.0
CUFF_NC.9238	5	3112175	3113241	-	0	0	0		76	1	299	0.0033444816053511705	279	1	1147	0.0008718395815170009
CUFF_NC.9240	5	3127950	3128611	-	0	0	0		40	1	264	0.003787878787878788	156	0	756	0.0
CUFF_NC.9239	5	3132011	3132844	+	0	0	0		13	0	43	0.0	106	0	320	0.0
CUFF_NC.9245	5	3134491	3137156	-	0	0	0		220	2	1261	0.0015860428231562252	775	9	4244	0.002120640904806786
CUFF_NC.9244	5	3139787	3140476	+	0	0	0		37	0	270	0.0	154	2	987	0.002026342451874367
CUFF_NC.9241	5	3166860	3167672	+	0	0	0		72	1	337	0.002967359050445104	210	2	956	0.0020920502092050207
CUFF_NC.9246	5	3173370	3179769	+	0	0	0		272	2	1426	0.001402524544179523	1557	12	8083	0.0014845973029815663
CUFF_NC.9243	5	3182035	3184111	+	0	0	0		126	2	655	0.0030534351145038168	507	6	2742	0.002188183807439825
CUFF_NC.9248	5	3198912	3199609	-	0	0	0		47	0	219	0.0	169	0	770	0.0
CUFF_NC.9247	5	3212764	3213476	+	0	0	0		53	0	305	0.0	181	3	907	0.0033076074972436605
CUFF_NC.9251	5	3247701	3252774	+	0	0	0		196	62	1126	0.055062166962699825	621	24	3289	0.007297050775311645
CUFF_NC.9249	5	3253657	3254975	-	0	0	0		69	0	370	0.0	396	6	2115	0.0028368794326241137
CUFF_NC.9250	5	3264005	3267440	-	0	0	0		232	0	1087	0.0	898	7	3846	0.0018200728029121164
CUFF_NC.9252	5	3270348	3271113	+	0	0	0		61	0	269	0.0	183	1	727	0.001375515818431912
CUFF_NC.9254	5	3271692	3272548	-	0	0	0		27	0	135	0.0	219	3	1332	0.0022522522522522522
CUFF_NC.9253	5	3286879	3287295	+	0	0	0		19	0	126	0.0	92	2	643	0.003110419906687403
CUFF_NC.9258	5	3315272	3316405	-	0	0	0		48	1	243	0.00411522633744856	243	3	1155	0.0025974025974025974
CUFF_NC.9259	5	3330575	3331047	-	0	0	0		17	1	115	0.008695652173913044	156	0	1030	0.0
CUFF_NC.9257	5	3336331	3338110	+	0	0	0		159	2	1009	0.0019821605550049554	466	8	2861	0.0027962250961202375
CUFF_NC.9256	5	3341100	3342065	-	0	0	0		33	0	162	0.0	276	8	1379	0.005801305293691081
CUFF_NC.9260	5	3367709	3368646	+	0	0	0		51	1	256	0.00390625	207	2	1040	0.0019230769230769232
CUFF_NC.9265	5	3397411	3397987	-	0	0	0		37	0	237	0.0	165	4	1107	0.0036133694670280035
CUFF_NC.9262	5	3398831	3400100	-	0	0	0		99	2	443	0.004514672686230248	317	3	1722	0.0017421602787456446
CUFF_NC.9261	5	3403361	3404915	+	0	0	0		131	0	685	0.0	338	3	1756	0.0017084282460136675
CUFF_NC.9274	5	3421167	3421970	+	0	0	0		49	0	302	0.0	238	3	1486	0.002018842530282638
CUFF_NC.9263	5	3430012	3430458	+	0	0	0		36	0	227	0.0	121	1	733	0.001364256480218281
CUFF_NC.9264	5	3430737	3431510	+	0	0	0		50	0	357	0.0	215	1	1319	0.000758150113722517
CUFF_NC.9266	5	3459305	3460289	+	0	0	0		63	1	320	0.003125	291	3	1192	0.0025167785234899327
CUFF_NC.9267	5	3467826	3472089	-	0	0	0		223	0	1339	0.0	1240	10	7479	0.0013370771493515176
CUFF_NC.9268	5	3478811	3480504	+	0	0	0		87	1	445	0.0022471910112359553	396	3	1856	0.0016163793103448276
CUFF_NC.9271	5	3510127	3511288	-	0	0	0		76	0	301	0.0	283	2	1234	0.0016207455429497568
CUFF_NC.9269	5	3525363	3526011	-	0	0	0		38	0	195	0.0	147	3	721	0.004160887656033287
CUFF_NC.9275	5	3554859	3555393	-	0	0	0		41	0	165	0.0	166	0	699	0.0
CUFF_NC.9276	5	3556495	3556819	-	0	0	0		17	0	128	0.0	92	2	698	0.0028653295128939827
CUFF_NC.9272	5	3579584	3580069	-	0	0	0		15	1	87	0.011494252873563218	127	2	703	0.002844950213371266
CUFF_NC.9273	5	3581062	3581900	-	0	0	0		41	1	264	0.003787878787878788	242	4	1422	0.0028129395218002813
CUFF_NC.9280	5	3591499	3592033	+	0	0	0		42	0	311	0.0	161	1	1105	0.0009049773755656109
CUFF_NC.9281	5	3594622	3595214	+	0	0	0		36	1	218	0.0045871559633027525	178	1	1088	0.0009191176470588235
CUFF_NC.9277	5	3596253	3596651	+	0	0	0		22	0	152	0.0	121	1	794	0.0012594458438287153
CUFF_NC.9278	5	3615810	3616271	-	0	0	0		16	0	86	0.0	138	1	739	0.0013531799729364006
CUFF_NC.9283	5	3621518	3622198	-	0	0	0		76	0	325	0.0	161	1	696	0.0014367816091954023
CUFF_NC.9279	5	3642075	3643062	+	0	0	0		42	0	186	0.0	279	3	1342	0.0022354694485842027
CUFF_NC.9282	5	3671118	3671538	+	0	0	0		32	0	235	0.0	99	1	560	0.0017857142857142857
CUFF_NC.9284	5	3708039	3709432	+	0	0	0		80	1	334	0.0029940119760479044	337	1	1277	0.0007830853563038371
CUFF_NC.9285	5	3719896	3721233	-	0	0	0		113	0	591	0.0	422	3	2065	0.0014527845036319612
CUFF_NC.9286	5	3734069	3735161	+	0	0	0		72	1	461	0.0021691973969631237	271	6	1692	0.0035460992907801418
CUFF_NC.9287	5	3762953	3765756	+	0	0	0		209	4	1320	0.0030303030303030303	770	8	4618	0.0017323516673884798
CUFF_NC.9288	5	3784230	3784693	-	0	0	0		32	0	166	0.0	124	1	608	0.001644736842105263
CUFF_NC.9292	5	3800334	3802729	-	0	0	0		148	2	875	0.002285714285714286	640	8	3729	0.002145347278090641
CUFF_NC.9289	5	3814190	3814712	+	0	0	0		34	0	147	0.0	110	0	338	0.0
CUFF_NC.9291	5	3814909	3815598	-	0	0	0		26	2	198	0.010101010101010102	171	6	1377	0.004357298474945534
CUFF_NC.9290	5	3815253	3815735	+	0	0	0		22	2	168	0.011904761904761904	115	2	789	0.0025348542458808617
CUFF_NC.9293	5	3830141	3830992	+	0	0	0		25	0	199	0.0	245	2	1779	0.0011242270938729624
CUFF_NC.9294	5	3831410	3833134	-	0	0	0		123	1	668	0.0014970059880239522	391	5	2025	0.0024691358024691358
CUFF_NC.9297	5	3854479	3857382	-	0	0	0		114	4	656	0.006097560975609756	808	7	4619	0.0015154795410261962
CUFF_NC.9295	5	3872536	3873477	+	0	0	0		29	0	103	0.0	239	1	974	0.001026694045174538
CUFF_NC.9296	5	3874695	3875373	+	0	0	0		55	0	299	0.0	223	1	937	0.0010672358591248667
CUFF_NC.9298	5	3890167	3891331	-	0	0	0		70	1	418	0.0023923444976076554	307	1	1700	0.000588235294117647
CUFF_NC.9299	5	3898107	3898698	+	0	0	0		40	0	222	0.0	166	1	961	0.001040582726326743
CUFF_NC.9305	5	3924189	3924814	+	0	0	0		45	1	349	0.0028653295128939827	184	2	1287	0.001554001554001554
CUFF_NC.9302	5	3931387	3932281	-	0	0	0		57	1	248	0.004032258064516129	207	2	877	0.002280501710376283
CUFF_NC.9300	5	3940676	3941180	+	0	0	0		32	0	167	0.0	113	2	579	0.0034542314335060447
CUFF_NC.9304	5	3952002	3952314	-	0	0	0		17	0	135	0.0	89	2	719	0.0027816411682892906
CUFF_NC.9303	5	3961173	3962683	+	0	0	0		138	2	652	0.003067484662576687	448	7	1969	0.0035551041137633316
CUFF_NC.9301	5	3970034	3971528	+	0	0	0		79	2	393	0.005089058524173028	427	3	2282	0.0013146362839614374
CUFF_NC.9307	5	3971817	3973690	+	0	0	0		130	0	619	0.0	473	4	2409	0.0016604400166044002
CUFF_NC.9306	5	3991882	3992752	+	0	0	0		39	1	250	0.004	241	7	1400	0.005
CUFF_NC.9315	5	4001441	4003081	+	0	0	0		90	1	514	0.0019455252918287938	457	6	2763	0.002171552660152009
CUFF_NC.9316	5	4002035	4002825	+	0	0	0		41	0	246	0.0	210	5	1354	0.003692762186115214
CUFF_NC.9317	5	4011507	4012016	+	0	0	0		32	0	176	0.0	141	0	1042	0.0
CUFF_NC.9310	5	4013806	4014632	-	0	0	0		57	0	318	0.0	228	2	957	0.0020898641588296763
CUFF_NC.9308	5	4032959	4034515	+	0	0	0		105	0	661	0.0	430	0	2336	0.0
CUFF_NC.9309	5	4046334	4047527	+	0	0	0		106	0	550	0.0	330	3	1608	0.0018656716417910447
CUFF_NC.9311	5	4083178	4083719	+	0	0	0		54	1	326	0.003067484662576687	156	1	948	0.0010548523206751054
CUFF_NC.9318	5	4087756	4088859	-	0	0	0		85	0	399	0.0	259	1	1292	0.0007739938080495357
CUFF_NC.9312	5	4092990	4098381	-	0	0	0		324	6	1999	0.0030015007503751876	1396	38	8714	0.004360798714711958
CUFF_NC.9313	5	4095828	4101681	-	0	0	0		351	3	2112	0.0014204545454545455	1493	39	9297	0.004194901581155212
CUFF_NC.9314	5	4103067	4104141	-	0	0	0		80	1	466	0.002145922746781116	327	3	1738	0.0017261219792865361
CUFF_NC.9321	5	4129288	4129765	+	0	0	0		19	0	118	0.0	144	2	842	0.0023752969121140144
CUFF_NC.9319	5	4153622	4154727	+	0	0	0		55	0	263	0.0	269	2	1207	0.0016570008285004142
CUFF_NC.9320	5	4172849	4175282	+	0	0	0		175	0	857	0.0	598	9	2807	0.003206270039187745
CUFF_NC.9324	5	4195675	4197922	-	0	0	0		97	1	492	0.0020325203252032522	569	4	2810	0.0014234875444839859
CUFF_NC.9322	5	4214081	4216854	-	0	0	0		157	2	861	0.0023228803716608595	727	6	3631	0.0016524373450839988
CUFF_NC.9327	5	4222644	4223114	-	0	0	0		31	0	149	0.0	139	0	703	0.0
CUFF_NC.9325	5	4228420	4228939	+	0	0	0		23	1	158	0.006329113924050633	128	0	875	0.0
CUFF_NC.9332	5	4254579	4255387	+	0	0	0		43	0	214	0.0	228	1	1046	0.0009560229445506692
CUFF_NC.9326	5	4263693	4265298	-	0	0	0		119	1	656	0.001524390243902439	454	4	2541	0.0015741833923652105
CUFF_NC.9335	5	4281143	4288664	-	0	0	0		414	8	2187	0.003657978966620942	1953	19	10284	0.0018475301439128745
CUFF_NC.9336	5	4285529	4292235	-	0	0	0		379	5	1869	0.002675227394328518	1743	11	8285	0.001327700663850332
CUFF_NC.9330	5	4305190	4309251	+	0	0	0		221	4	1096	0.0036496350364963502	1074	10	5640	0.0017730496453900709
CUFF_NC.9331	5	4307238	4310284	+	0	0	0		168	5	744	0.006720430107526882	768	7	3647	0.0019193857965451055
CUFF_NC.9333	5	4327287	4327650	+	0	0	0		26	2	92	0.021739130434782608	140	2	439	0.004555808656036446
CUFF_NC.9329	5	4335962	4337412	-	0	0	0		137	1	670	0.0014925373134328358	443	3	2070	0.0014492753623188406
CUFF_NC.9339	5	4353256	4354070	-	0	0	0		66	0	303	0.0	283	0	1225	0.0
CUFF_NC.9337	5	4362345	4362701	+	0	0	0		18	0	94	0.0	107	1	590	0.001694915254237288
CUFF_NC.9334	5	4369588	4370370	-	0	0	0		65	1	317	0.0031545741324921135	219	4	1123	0.003561887800534283
CUFF_NC.9340	5	4378307	4378661	+	0	0	0		32	0	147	0.0	112	0	503	0.0
CUFF_NC.9338	5	4388844	4389375	+	0	0	0		39	0	214	0.0	189	1	961	0.001040582726326743
CUFF_NC.9343	5	4423839	4424737	+	0	0	0		61	0	354	0.0	255	1	1483	0.0006743088334457181
CUFF_NC.9344	5	4426528	4427261	+	0	0	0		19	0	85	0.0	168	0	910	0.0
CUFF_NC.9341	5	4437247	4437668	+	0	0	0		11	0	80	0.0	110	2	857	0.002333722287047841
CUFF_NC.9347	5	4437893	4438551	-	0	0	0		35	0	229	0.0	170	0	1107	0.0
CUFF_NC.9348	5	4441847	4442658	-	0	0	0		58	1	318	0.0031446540880503146	220	2	997	0.0020060180541624875
CUFF_NC.9349	5	4443803	4444777	-	0	0	0		53	0	305	0.0	275	5	1739	0.002875215641173088
CUFF_NC.9342	5	4445310	4447117	-	0	0	0		129	0	885	0.0	560	4	2885	0.0013864818024263432
CUFF_NC.9345	5	4455734	4456379	-	0	0	0		47	0	301	0.0	178	0	1176	0.0
CUFF_NC.9346	5	4477272	4478469	+	0	0	0		54	1	299	0.0033444816053511705	340	1	1787	0.0005595970900951316
CUFF_NC.9350	5	4479461	4481164	+	0	0	0		105	0	632	0.0	435	1	2332	0.0004288164665523156
CUFF_NC.9354	5	4496270	4497747	+	0	0	0		161	3	815	0.0036809815950920245	449	6	2193	0.0027359781121751026
CUFF_NC.9355	5	4513869	4514356	-	0	0	0		16	0	77	0.0	149	1	658	0.001519756838905775
CUFF_NC.9356	5	4517023	4517731	-	0	0	0		16	0	87	0.0	165	2	723	0.0027662517289073307
CUFF_NC.9357	5	4517955	4519035	-	0	0	0		51	1	248	0.004032258064516129	364	6	1832	0.0032751091703056767
CUFF_NC.9351	5	4542300	4542855	-	0	0	0		25	0	145	0.0	153	4	809	0.004944375772558714
CUFF_NC.9352	5	4553971	4554605	+	0	0	0		29	0	128	0.0	163	1	687	0.001455604075691412
CUFF_NC.9353	5	4564028	4564468	+	0	0	0		27	0	95	0.0	142	0	488	0.0
CUFF_NC.9360	5	4570055	4570430	+	0	0	0		39	0	229	0.0	124	0	745	0.0
CUFF_NC.9359	5	4572247	4573369	+	0	0	0		74	0	415	0.0	279	2	1596	0.0012531328320802004
CUFF_NC.9358	5	4589368	4589796	-	0	0	0		10	0	67	0.0	89	0	685	0.0
CUFF_NC.9361	5	4591464	4592314	-	0	0	0		57	0	359	0.0	157	2	845	0.002366863905325444
CUFF_NC.9362	5	4601314	4603152	-	0	0	0		125	2	772	0.0025906735751295338	537	5	3178	0.0015733165512901196
CUFF_NC.9363	5	4608170	4608758	-	0	0	0		39	1	211	0.004739336492890996	153	1	804	0.0012437810945273632
CUFF_NC.9364	5	4610453	4611524	-	0	0	0		62	0	327	0.0	287	0	1492	0.0
CUFF_NC.9365	5	4611652	4612054	-	0	0	0		21	0	155	0.0	126	3	1020	0.0029411764705882353
CUFF_NC.9368	5	4632853	4633862	+	0	0	0		64	1	238	0.004201680672268907	215	5	738	0.006775067750677507
CUFF_NC.9366	5	4634703	4635203	-	0	0	0		15	0	109	0.0	106	2	660	0.0030303030303030303
CUFF_NC.9367	5	4636044	4636802	+	0	0	0		54	0	132	0.0	172	1	603	0.001658374792703151
CUFF_NC.9369	5	4639179	4639920	+	0	0	0		53	0	224	0.0	160	1	684	0.0014619883040935672
CUFF_NC.9371	5	4648184	4649222	+	0	0	0		59	1	343	0.0029154518950437317	282	0	1533	0.0
CUFF_NC.9372	5	4650805	4651428	+	0	0	0		23	0	122	0.0	160	2	876	0.00228310502283105
CUFF_NC.9374	5	4661526	4662582	+	0	0	0		68	2	397	0.005037783375314861	294	1	1167	0.000856898029134533
CUFF_NC.9370	5	4669234	4670155	-	0	0	0		74	0	190	0.0	201	0	433	0.0
CUFF_NC.9378	5	4697817	4698266	+	0	0	0		50	1	269	0.0037174721189591076	121	2	696	0.0028735632183908046
CUFF_NC.9384	5	4713595	4714945	-	0	0	0		111	3	539	0.0055658627087198514	394	3	1816	0.0016519823788546256
CUFF_NC.9376	5	4719368	4720314	+	0	0	0		53	3	345	0.008695652173913044	279	3	1568	0.001913265306122449
CUFF_NC.9373	5	4722950	4723806	-	0	0	0		25	1	185	0.005405405405405406	210	1	1242	0.0008051529790660225
CUFF_NC.9375	5	4740971	4741389	+	0	0	0		23	0	102	0.0	108	1	523	0.0019120458891013384
CUFF_NC.9380	5	4753535	4753940	+	0	0	0		21	1	161	0.006211180124223602	91	1	653	0.0015313935681470138
CUFF_NC.9381	5	4756030	4757101	-	0	0	0		71	0	324	0.0	234	2	1189	0.001682085786375105
CUFF_NC.9382	5	4757768	4758307	-	0	0	0		16	0	86	0.0	144	2	815	0.00245398773006135
CUFF_NC.9379	5	4776811	4777347	-	0	0	0		24	0	125	0.0	126	0	630	0.0
CUFF_NC.9389	5	4815925	4817704	-	0	0	0		141	1	751	0.0013315579227696406	472	14	2553	0.005483744614179397
CUFF_NC.9390	5	4826717	4827872	-	0	0	0		68	1	335	0.0029850746268656717	318	1	1509	0.0006626905235255136
CUFF_NC.9385	5	4841066	4842194	+	0	0	0		58	2	314	0.006369426751592357	267	3	1562	0.0019206145966709346
CUFF_NC.9386	5	4848437	4848964	-	0	0	0		28	0	144	0.0	129	0	608	0.0
CUFF_NC.9388	5	4867488	4867906	+	0	0	0		26	1	147	0.006802721088435374	103	1	661	0.0015128593040847202
CUFF_NC.9391	5	4870447	4871078	+	0	0	0		32	0	199	0.0	149	2	855	0.0023391812865497076
CUFF_NC.9392	5	4871707	4872658	+	0	0	0		55	2	390	0.005128205128205128	264	2	1824	0.0010964912280701754
CUFF_NC.9402	5	4885927	4886743	-	0	0	0		48	1	319	0.003134796238244514	209	0	1167	0.0
CUFF_NC.9394	5	4892947	4894308	+	0	0	0		52	0	269	0.0	377	4	1871	0.002137894174238375
CUFF_NC.9393	5	4894902	4895491	-	0	0	0		15	0	92	0.0	143	2	1097	0.0018231540565177757
CUFF_NC.9395	5	4899762	4900421	-	0	0	0		44	0	259	0.0	172	2	906	0.002207505518763797
CUFF_NC.9396	5	4908564	4909336	-	0	0	0		17	0	129	0.0	181	1	1139	0.000877963125548727
CUFF_NC.9397	5	4937664	4938946	+	0	0	0		66	0	282	0.0	307	5	1256	0.003980891719745223
CUFF_NC.9400	5	4947410	4947953	-	0	0	0		13	0	58	0.0	137	2	696	0.0028735632183908046
CUFF_NC.9401	5	4964819	4965941	-	0	0	0		80	1	578	0.0017301038062283738	322	7	2134	0.0032802249297094657
CUFF_NC.9399	5	4969881	4973673	+	0	0	0		106	2	793	0.0025220680958385876	799	11	5454	0.002016868353502017
CUFF_NC.9403	5	4987485	4988995	+	0	0	0		109	0	425	0.0	408	5	1533	0.0032615786040443573
CUFF_NC.9408	5	5002198	5002930	+	0	0	0		57	0	364	0.0	197	1	1208	0.0008278145695364238
CUFF_NC.9409	5	5005293	5006467	+	0	0	0		100	1	451	0.0022172949002217295	285	8	1374	0.005822416302765648
CUFF_NC.9406	5	5018832	5019787	+	0	0	0		73	0	414	0.0	268	5	1396	0.0035816618911174787
CUFF_NC.9407	5	5023806	5024732	+	0	0	0		48	1	244	0.004098360655737705	221	2	1194	0.0016750418760469012
CUFF_NC.9405	5	5036406	5036731	-	0	0	0		21	0	91	0.0	78	1	304	0.003289473684210526
CUFF_NC.9404	5	5064264	5064877	-	0	0	0		38	1	202	0.0049504950495049506	159	0	931	0.0
CUFF_NC.9411	5	5084581	5086743	-	0	0	0		154	1	1066	0.0009380863039399625	637	6	4292	0.0013979496738117428
CUFF_NC.9416	5	5110696	5111115	+	0	0	0		26	0	145	0.0	84	3	575	0.0052173913043478265
CUFF_NC.9413	5	5114582	5115384	+	0	0	0		37	2	177	0.011299435028248588	141	5	619	0.008077544426494346
CUFF_NC.9412	5	5145317	5146734	+	0	0	0		76	0	342	0.0	354	4	1722	0.0023228803716608595
CUFF_NC.9415	5	5159864	5160272	-	0	0	0		32	0	121	0.0	107	0	455	0.0
CUFF_NC.9414	5	5168355	5169288	-	0	0	0		33	1	182	0.005494505494505495	283	2	1530	0.00130718954248366
CUFF_NC.9434	5	5180909	5181482	+	0	0	0		40	0	120	0.0	115	1	582	0.001718213058419244
CUFF_NC.9418	5	5207423	5207778	-	0	0	0		29	0	95	0.0	111	0	370	0.0
CUFF_NC.9419	5	5209924	5212629	-	0	0	0		132	1	703	0.001422475106685633	555	3	2800	0.0010714285714285715
CUFF_NC.9417	5	5213581	5214457	-	0	0	0		51	0	328	0.0	274	1	1533	0.0006523157208088715
CUFF_NC.9421	5	5224981	5226071	-	0	0	0		79	0	530	0.0	273	5	1711	0.0029222676797194622
CUFF_NC.9420	5	5227884	5229033	-	0	0	0		59	0	251	0.0	302	0	1267	0.0
CUFF_NC.9423	5	5244246	5245425	+	0	0	0		81	0	393	0.0	361	5	1928	0.0025933609958506223
CUFF_NC.9422	5	5252545	5253626	+	0	0	0		62	0	264	0.0	316	1	1407	0.0007107320540156361
CUFF_NC.9424	5	5258520	5258955	+	0	0	0		31	0	173	0.0	135	2	655	0.0030534351145038168
CUFF_NC.9425	5	5260742	5262589	+	0	0	0		124	2	713	0.002805049088359046	450	1	2244	0.000445632798573975
CUFF_NC.9426	5	5277797	5278452	-	0	0	0		19	1	128	0.0078125	225	2	1126	0.0017761989342806395
CUFF_NC.9427	5	5289673	5290400	+	0	0	0		49	1	192	0.005208333333333333	129	2	506	0.003952569169960474
CUFF_NC.9430	5	5298764	5299171	+	0	0	0		46	1	169	0.005917159763313609	117	0	407	0.0
CUFF_NC.9428	5	5303072	5303669	-	0	0	0		19	0	50	0.0	118	0	374	0.0
CUFF_NC.9429	5	5304493	5305945	-	0	0	0		84	0	380	0.0	343	1	1420	0.0007042253521126761
CUFF_NC.9431	5	5311839	5312351	-	0	0	0		57	2	286	0.006993006993006993	138	0	629	0.0
CUFF_NC.9439	5	5327585	5327950	+	0	0	0		14	0	60	0.0	99	1	594	0.0016835016835016834
CUFF_NC.9433	5	5342945	5343284	+	0	0	0		38	0	220	0.0	96	1	551	0.0018148820326678765
CUFF_NC.9432	5	5347351	5347935	-	0	0	0		42	0	278	0.0	144	2	839	0.0023837902264600714
CUFF_NC.9436	5	5359577	5360850	+	0	0	0		81	0	520	0.0	324	3	1836	0.0016339869281045752
CUFF_NC.9437	5	5367927	5368932	-	0	0	0		71	0	408	0.0	247	3	1461	0.002053388090349076
CUFF_NC.9438	5	5370146	5370596	-	0	0	0		32	0	143	0.0	136	1	620	0.0016129032258064516
CUFF_NC.9435	5	5379386	5380034	-	0	0	0		42	0	231	0.0	176	2	1067	0.0018744142455482662
CUFF_NC.9440	5	5382465	5382741	+	0	0	0		14	0	73	0.0	81	0	403	0.0
CUFF_NC.9441	5	5386541	5387731	+	0	0	0		79	1	450	0.0022222222222222222	286	3	1595	0.0018808777429467085
CUFF_NC.9445	5	5410713	5411631	+	0	0	0		40	0	211	0.0	252	1	1084	0.0009225092250922509
CUFF_NC.9442	5	5426116	5427689	+	0	0	0		82	0	455	0.0	428	4	2338	0.001710863986313088
CUFF_NC.9443	5	5432011	5433902	-	0	0	0		167	3	793	0.0037831021437578815	466	3	1989	0.0015082956259426848
CUFF_NC.9444	5	5439378	5440318	-	0	0	0		33	2	166	0.012048192771084338	251	1	1091	0.0009165902841429881
CUFF_NC.9446	5	5459764	5460520	-	0	0	0		32	1	281	0.0035587188612099642	191	6	1558	0.0038510911424903724
CUFF_NC.9447	5	5460135	5460494	+	0	0	0		22	1	206	0.0048543689320388345	96	2	889	0.0022497187851518562
CUFF_NC.9448	5	5464085	5464491	+	0	0	0		2	0	2	0.0	12	0	19	0.0
CUFF_NC.9450	5	5470601	5471279	+	0	0	0		53	1	309	0.003236245954692557	208	0	1192	0.0
CUFF_NC.9451	5	5473336	5473907	+	0	0	0		32	1	238	0.004201680672268907	130	2	816	0.0024509803921568627
CUFF_NC.9463	5	5490114	5490442	-	0	0	0		18	0	134	0.0	93	1	692	0.001445086705202312
CUFF_NC.9449	5	5495497	5496458	-	0	0	0		81	1	483	0.002070393374741201	260	2	1224	0.0016339869281045752
CUFF_NC.9452	5	5520653	5520936	+	0	0	0		17	0	93	0.0	82	1	489	0.002044989775051125
CUFF_NC.9453	5	5549636	5551423	-	0	0	0		141	2	914	0.002188183807439825	486	10	2852	0.0035063113604488078
CUFF_NC.9455	5	5569851	5570659	-	0	0	0		59	0	321	0.0	243	1	1261	0.0007930214115781126
CUFF_NC.9454	5	5572515	5573038	-	0	0	0		22	0	152	0.0	174	2	996	0.002008032128514056
CUFF_NC.9465	5	5576175	5585363	+	0	0	0		322	9	1867	0.0048205677557579	1766	17	9804	0.001733986128110975
CUFF_NC.9466	5	5577724	5580815	+	0	0	0		56	4	267	0.0149812734082397	220	8	1022	0.007827788649706457
CUFF_NC.9467	5	5583511	5587033	+	0	0	0		204	3	1178	0.0025466893039049238	952	7	5400	0.0012962962962962963
CUFF_NC.9461	5	5603835	5608761	+	0	0	0		244	2	1134	0.001763668430335097	1260	16	5809	0.002754346703391289
CUFF_NC.9462	5	5604260	5606740	+	0	0	0		134	1	609	0.0016420361247947454	668	9	3100	0.002903225806451613
CUFF_NC.9456	5	5621302	5621812	+	0	0	0		32	0	174	0.0	160	2	711	0.0028129395218002813
CUFF_NC.9460	5	5629974	5635316	-	0	0	0		16	32	62	0.5161290322580645	175	85	655	0.1297709923664122
CUFF_NC.9458	5	5638916	5640625	+	0	0	0		129	1	723	0.0013831258644536654	442	2	2239	0.0008932559178204555
CUFF_NC.9468	5	5643089	5643494	+	0	0	0		8	0	11	0.0	59	1	126	0.007936507936507936
CUFF_NC.9457	5	5651370	5651851	-	0	0	0		13	0	96	0.0	136	0	1016	0.0
CUFF_NC.9459	5	5656151	5656676	-	0	0	0		32	0	184	0.0	126	1	787	0.0012706480304955528
CUFF_NC.9469	5	5658821	5659383	-	0	0	0		34	1	136	0.007352941176470588	158	1	635	0.0015748031496062992
CUFF_NC.9474	5	5673498	5673865	+	0	0	0		27	1	165	0.006060606060606061	65	1	347	0.002881844380403458
CUFF_NC.9472	5	5689476	5689950	+	0	0	0		16	0	59	0.0	74	0	315	0.0
CUFF_NC.9471	5	5690930	5691328	+	0	0	0		40	0	244	0.0	119	1	671	0.0014903129657228018
CUFF_NC.9470	5	5704016	5704586	+	0	0	0		36	0	153	0.0	119	0	478	0.0
CUFF_NC.9473	5	5718395	5719508	-	0	0	0		58	0	283	0.0	267	2	1646	0.001215066828675577
CUFF_NC.9479	5	5724892	5726945	+	0	0	0		150	0	761	0.0	562	4	2836	0.0014104372355430183
CUFF_NC.9483	5	5750935	5751384	-	0	0	0		52	2	277	0.007220216606498195	110	3	517	0.005802707930367505
CUFF_NC.9484	5	5752992	5753634	-	0	0	0		41	1	212	0.0047169811320754715	178	1	1008	0.000992063492063492
CUFF_NC.9480	5	5757839	5758191	+	0	0	0		29	0	142	0.0	81	0	323	0.0
CUFF_NC.9476	5	5760871	5761631	+	0	0	0		20	71	136	0.5220588235294118	199	30	1232	0.024350649350649352
CUFF_NC.9475	5	5763432	5763902	+	0	0	0		23	1	147	0.006802721088435374	122	1	928	0.0010775862068965517
CUFF_NC.9477	5	5764229	5766246	+	0	0	0		145	2	676	0.0029585798816568047	462	6	2097	0.002861230329041488
CUFF_NC.9478	5	5785177	5785646	+	0	0	0		13	25	66	0.3787878787878788	78	69	407	0.16953316953316952
CUFF_NC.9481	5	5790394	5791156	-	0	0	0		28	0	118	0.0	192	3	1088	0.0027573529411764708
CUFF_NC.9482	5	5799748	5801542	+	0	0	0		104	28	540	0.05185185185185185	405	75	1822	0.041163556531284305
CUFF_NC.9485	5	5827459	5828482	+	0	0	0		65	1	372	0.002688172043010753	306	4	1721	0.002324230098779779
CUFF_NC.9486	5	5829185	5829800	+	0	0	0		35	0	133	0.0	140	1	455	0.002197802197802198
CUFF_NC.9487	5	5861358	5862257	+	0	0	0		56	0	326	0.0	270	2	1224	0.0016339869281045752
CUFF_NC.9488	5	5872201	5872706	+	0	0	0		44	1	195	0.005128205128205128	119	1	460	0.002173913043478261
CUFF_NC.9491	5	5902778	5904447	+	0	0	0		106	1	583	0.0017152658662092624	469	4	2527	0.0015829046299960427
CUFF_NC.9490	5	5907571	5908271	-	0	0	0		29	0	110	0.0	117	2	446	0.004484304932735426
CUFF_NC.9489	5	5915050	5915996	+	0	0	0		0	0	0		6	0	6	0.0
CUFF_NC.9495	5	5928059	5929047	-	0	0	0		64	0	314	0.0	246	1	1188	0.0008417508417508417
CUFF_NC.9496	5	5931324	5932493	-	0	0	0		86	1	470	0.002127659574468085	319	4	1451	0.0027567195037904893
CUFF_NC.9493	5	5952874	5955700	-	0	0	0		200	0	951	0.0	724	6	3644	0.001646542261251372
CUFF_NC.9492	5	5962886	5966715	+	0	0	0		184	2	1111	0.0018001800180018	1072	17	6662	0.0025517862503752625
CUFF_NC.9497	5	5966884	5967987	-	0	0	0		57	1	358	0.002793296089385475	308	5	2029	0.0024642681123706258
CUFF_NC.9498	5	5968506	5968972	-	0	0	0		18	0	86	0.0	137	1	654	0.0015290519877675841
CUFF_NC.9499	5	5975672	5976628	-	0	0	0		44	0	274	0.0	262	5	1730	0.002890173410404624
CUFF_NC.9502	5	5980564	5983209	-	0	0	0		180	2	1083	0.0018467220683287165	752	6	4406	0.0013617793917385383
CUFF_NC.9500	5	5983616	5984431	-	0	0	0		38	0	220	0.0	223	2	1354	0.0014771048744460858
CUFF_NC.9503	5	6007177	6007517	-	0	0	0		27	0	134	0.0	102	0	486	0.0
CUFF_NC.9506	5	6024239	6024671	+	0	0	0		36	0	131	0.0	131	0	479	0.0
CUFF_NC.9504	5	6035618	6037641	+	0	0	0		168	3	1028	0.0029182879377431907	573	8	3627	0.0022056796250344637
CUFF_NC.9507	5	6061564	6062552	-	0	0	0		29	1	116	0.008620689655172414	267	6	1169	0.0051325919589392645
CUFF_NC.9505	5	6071839	6072266	+	0	0	0		35	0	180	0.0	84	0	445	0.0
CUFF_NC.9508	5	6097656	6098204	+	0	0	0		29	0	158	0.0	146	1	682	0.001466275659824047
CUFF_NC.9509	5	6136334	6136906	+	0	0	0		30	0	150	0.0	162	1	956	0.0010460251046025104
CUFF_NC.9510	5	6146040	6146523	-	0	0	0		29	1	170	0.0058823529411764705	132	1	780	0.001282051282051282
CUFF_NC.9512	5	6160391	6160873	-	0	0	0		34	0	167	0.0	89	1	399	0.002506265664160401
CUFF_NC.9511	5	6170165	6170568	-	0	0	0		19	0	102	0.0	103	0	462	0.0
CUFF_NC.9513	5	6173767	6174712	+	0	0	0		45	0	304	0.0	313	1	1151	0.0008688097306689834
CUFF_NC.9515	5	6220839	6222829	+	0	0	0		103	0	614	0.0	569	5	3122	0.0016015374759769379
CUFF_NC.9514	5	6233721	6234207	+	0	0	0		28	0	110	0.0	105	0	265	0.0
CUFF_NC.9517	5	6270833	6271313	+	0	0	0		30	0	102	0.0	133	0	463	0.0
CUFF_NC.9518	5	6273841	6274335	-	0	0	0		44	0	242	0.0	144	0	841	0.0
CUFF_NC.9519	5	6290623	6291209	-	0	0	0		38	0	223	0.0	155	0	749	0.0
CUFF_NC.9516	5	6296495	6298227	-	0	0	0		27	8	135	0.05925925925925926	385	16	2417	0.006619776582540339
CUFF_NC.9524	5	6329571	6330074	+	0	0	0		47	0	276	0.0	128	2	699	0.002861230329041488
CUFF_NC.9523	5	6334043	6336758	+	0	0	0		209	0	1119	0.0	739	6	3799	0.0015793629902605948
CUFF_NC.9521	5	6356078	6357108	+	0	0	0		50	1	323	0.0030959752321981426	278	4	1223	0.003270645952575634
CUFF_NC.9520	5	6362357	6363560	+	0	0	0		98	1	409	0.0024449877750611247	311	0	1236	0.0
CUFF_NC.9522	5	6369001	6369641	-	0	0	0		29	0	118	0.0	123	1	672	0.001488095238095238
CUFF_NC.9526	5	6372471	6374729	-	0	0	0		167	1	782	0.0012787723785166241	576	6	2835	0.0021164021164021165
CUFF_NC.9527	5	6378366	6379001	-	0	0	0		53	0	251	0.0	172	2	768	0.0026041666666666665
CUFF_NC.9525	5	6392028	6392693	-	0	0	0		28	0	146	0.0	174	1	835	0.0011976047904191617
CUFF_NC.9529	5	6408102	6409486	+	0	0	0		69	0	274	0.0	408	4	1554	0.002574002574002574
CUFF_NC.9528	5	6441966	6442560	+	0	0	0		22	0	151	0.0	157	4	1125	0.0035555555555555557
CUFF_NC.9530	5	6444485	6444901	+	0	0	0		27	0	118	0.0	107	0	514	0.0
CUFF_NC.9533	5	6446543	6447339	-	0	0	0		77	0	348	0.0	188	0	862	0.0
CUFF_NC.9531	5	6451438	6451852	+	0	0	0		23	52	155	0.33548387096774196	101	16	567	0.02821869488536155
CUFF_NC.9532	5	6452146	6452583	-	0	0	0		13	0	74	0.0	93	1	526	0.0019011406844106464
CUFF_NC.9534	5	6458972	6459500	-	0	0	0		36	1	200	0.005	142	1	666	0.0015015015015015015
CUFF_NC.9536	5	6467853	6472945	-	0	0	0		243	14	1299	0.01077752117013087	1265	67	6794	0.009861642625846335
CUFF_NC.9535	5	6515090	6516730	+	0	0	0		87	0	470	0.0	438	5	2258	0.0022143489813994687
CUFF_NC.9537	5	6518817	6521185	-	0	0	0		198	1	1110	0.0009009009009009009	617	4	3319	0.0012051822838204278
CUFF_NC.9538	5	6529789	6530772	+	0	0	0		64	0	253	0.0	232	1	1224	0.0008169934640522876
CUFF_NC.9539	5	6542614	6543672	-	0	0	0		103	0	607	0.0	333	1	1778	0.0005624296962879641
CUFF_NC.9540	5	6548636	6548992	+	0	0	0		20	0	113	0.0	100	0	504	0.0
CUFF_NC.9542	5	6562781	6563455	-	0	0	0		48	0	264	0.0	145	2	867	0.002306805074971165
CUFF_NC.9543	5	6571401	6571857	-	0	0	0		22	0	190	0.0	111	4	888	0.0045045045045045045
CUFF_NC.9544	5	6572271	6572919	-	0	0	0		30	0	219	0.0	180	3	1263	0.0023752969121140144
CUFF_NC.9541	5	6589113	6589706	+	0	0	0		28	0	114	0.0	145	2	706	0.0028328611898017
CUFF_NC.9545	5	6622341	6622884	+	0	0	0		20	1	140	0.007142857142857143	81	1	517	0.0019342359767891683
CUFF_NC.9546	5	6633382	6634017	+	0	0	0		2	5	7	0.7142857142857143	26	4	135	0.02962962962962963
CUFF_NC.9547	5	6633882	6635470	-	0	0	0		2	5	7	0.7142857142857143	36	4	159	0.025157232704402517
CUFF_NC.9553	5	6645835	6646479	+	0	0	0		50	0	251	0.0	168	1	734	0.0013623978201634877
CUFF_NC.9550	5	6663516	6664445	-	0	0	0		7	1	9	0.1111111111111111	56	4	81	0.04938271604938271
CUFF_NC.9551	5	6670477	6671026	-	0	0	0		12	0	62	0.0	100	0	364	0.0
CUFF_NC.9552	5	6690838	6693979	-	0	0	0		141	3	741	0.004048582995951417	798	8	4544	0.0017605633802816902
CUFF_NC.9582	5	6713699	6715112	+	0	0	0		94	5	485	0.010309278350515464	398	9	1980	0.004545454545454545
CUFF_NC.9554	5	6718153	6719121	-	0	0	0		41	0	237	0.0	263	1	1378	0.000725689404934688
CUFF_NC.9555	5	6724395	6725324	+	0	0	0		54	1	361	0.002770083102493075	244	4	1650	0.0024242424242424242
CUFF_NC.9556	5	6747399	6748063	-	0	0	0		49	0	261	0.0	172	3	1009	0.002973240832507433
CUFF_NC.9557	5	6752017	6757104	-	0	0	0		256	4	1550	0.0025806451612903226	1286	9	8088	0.001112759643916914
CUFF_NC.9558	5	6752980	6757916	-	0	0	0		241	4	1521	0.0026298487836949377	1221	11	7693	0.0014298713115819576
CUFF_NC.9559	5	6761336	6764426	-	0	0	0		223	2	1296	0.0015432098765432098	846	9	4837	0.0018606574322927434
CUFF_NC.9560	5	6774198	6775795	-	0	0	0		92	4	483	0.008281573498964804	399	0	1938	0.0
CUFF_NC.9561	5	6790009	6791251	-	0	0	0		51	1	301	0.0033222591362126247	314	4	2108	0.0018975332068311196
CUFF_NC.9562	5	6792662	6793465	+	0	0	0		27	1	95	0.010526315789473684	170	2	650	0.003076923076923077
CUFF_NC.9566	5	6797197	6797774	-	0	0	0		24	0	160	0.0	169	2	926	0.0021598272138228943
CUFF_NC.9563	5	6803835	6804404	+	0	0	0		27	0	180	0.0	161	2	988	0.0020242914979757085
CUFF_NC.9569	5	6807221	6807716	+	0	0	0		15	0	65	0.0	129	2	503	0.003976143141153081
CUFF_NC.9568	5	6811532	6812214	-	0	0	0		52	1	340	0.0029411764705882353	187	1	1125	0.0008888888888888889
CUFF_NC.9564	5	6814014	6814884	-	0	0	0		59	0	389	0.0	242	3	1306	0.002297090352220521
CUFF_NC.9565	5	6826515	6826796	-	0	0	0		14	0	71	0.0	75	2	425	0.004705882352941176
CUFF_NC.9567	5	6832061	6832461	-	0	0	0		14	0	84	0.0	102	0	673	0.0
CUFF_NC.9571	5	6833585	6834038	-	0	0	0		16	1	95	0.010526315789473684	120	1	435	0.0022988505747126436
CUFF_NC.9570	5	6871667	6875939	-	0	0	0		158	3	764	0.003926701570680628	872	5	4443	0.0011253657438667567
CUFF_NC.9577	5	6876684	6878314	-	0	0	0		93	0	403	0.0	300	2	1298	0.0015408320493066256
CUFF_NC.9576	5	6883235	6884733	+	0	0	0		72	1	430	0.002325581395348837	467	7	2437	0.002872384078785392
CUFF_NC.9573	5	6886764	6887737	+	0	0	0		64	1	290	0.0034482758620689655	222	2	949	0.002107481559536354
CUFF_NC.9574	5	6888126	6888672	+	0	0	0		34	0	189	0.0	155	2	887	0.002254791431792559
CUFF_NC.9572	5	6895436	6896214	-	0	0	0		49	1	295	0.003389830508474576	222	4	1312	0.003048780487804878
CUFF_NC.9575	5	6916336	6916744	+	0	0	0		3	0	20	0.0	22	0	117	0.0
CUFF_NC.9579	5	6943234	6943752	+	0	0	0		38	1	239	0.0041841004184100415	137	1	710	0.0014084507042253522
CUFF_NC.9580	5	6945969	6946705	+	0	0	0		46	0	257	0.0	196	2	1244	0.001607717041800643
CUFF_NC.9578	5	6947653	6948858	-	0	0	0		85	0	434	0.0	257	1	1367	0.000731528895391368
CUFF_NC.9584	5	6963631	6964281	-	0	0	0		42	0	191	0.0	167	3	653	0.004594180704441042
CUFF_NC.9583	5	6966675	6967474	+	0	0	0		47	3	334	0.008982035928143712	229	3	1238	0.0024232633279483036
CUFF_NC.9581	5	6971518	6972622	-	0	0	0		79	0	416	0.0	347	5	1756	0.0028473804100227792
CUFF_NC.9585	5	6973145	6974603	+	0	0	0		117	2	613	0.0032626427406199023	420	4	2266	0.00176522506619594
CUFF_NC.9587	5	6981475	6983184	+	0	0	0		75	129	375	0.344	260	82	1309	0.06264323911382735
CUFF_NC.9586	5	6985607	6985866	+	0	0	0		25	0	121	0.0	65	0	217	0.0
CUFF_NC.9590	5	6990324	6990956	-	0	0	0		30	1	153	0.006535947712418301	206	2	997	0.0020060180541624875
CUFF_NC.9596	5	7005951	7006666	+	0	0	0		20	0	91	0.0	161	1	619	0.0016155088852988692
CUFF_NC.9589	5	7012359	7013158	-	0	0	0		47	0	296	0.0	224	2	1427	0.001401541695865452
CUFF_NC.9598	5	7021800	7022292	+	0	0	0		16	0	42	0.0	66	1	150	0.006666666666666667
CUFF_NC.9588	5	7025738	7026783	+	0	0	0		61	0	239	0.0	246	3	937	0.0032017075773745998
CUFF_NC.9591	5	7029331	7029770	-	0	0	0		2	0	2	0.0	13	0	13	0.0
CUFF_NC.9594	5	7040053	7040644	+	0	0	0		52	1	256	0.00390625	143	2	563	0.003552397868561279
CUFF_NC.9593	5	7042235	7042777	-	0	0	0		18	45	121	0.371900826446281	62	18	378	0.047619047619047616
CUFF_NC.9599	5	7050817	7051548	+	0	0	0		62	0	268	0.0	237	3	1032	0.0029069767441860465
CUFF_NC.9600	5	7054711	7055518	+	0	0	0		36	0	272	0.0	173	3	1246	0.002407704654895666
CUFF_NC.9597	5	7068121	7068622	+	0	0	0		40	1	200	0.005	126	0	586	0.0
CUFF_NC.9595	5	7080343	7081426	+	0	0	0		79	0	331	0.0	258	2	1133	0.00176522506619594
CUFF_NC.9601	5	7082246	7083162	+	0	0	0		54	0	304	0.0	264	2	1536	0.0013020833333333333
CUFF_NC.9602	5	7084012	7084935	+	0	0	0		56	1	230	0.004347826086956522	238	1	871	0.001148105625717566
CUFF_NC.9604	5	7110338	7110665	+	0	0	0		18	1	90	0.011111111111111112	102	1	423	0.002364066193853428
CUFF_NC.9616	5	7116516	7117232	-	0	0	0		23	0	159	0.0	190	4	1219	0.003281378178835111
CUFF_NC.9607	5	7147697	7148875	-	0	0	0		73	1	358	0.002793296089385475	330	5	1453	0.0034411562284927736
CUFF_NC.9608	5	7149424	7150053	+	0	0	0		45	0	295	0.0	168	2	1159	0.001725625539257981
CUFF_NC.9603	5	7155229	7155738	-	0	0	0		19	1	122	0.00819672131147541	144	1	949	0.001053740779768177
CUFF_NC.9605	5	7163496	7164001	+	0	0	0		25	0	128	0.0	116	1	622	0.001607717041800643
CUFF_NC.9606	5	7166560	7166895	-	0	0	0		13	0	56	0.0	91	0	362	0.0
CUFF_NC.9609	5	7168238	7170883	-	0	0	0		149	1	892	0.0011210762331838565	653	13	3237	0.004016064257028112
CUFF_NC.9611	5	7176245	7177616	-	0	0	0		88	3	455	0.006593406593406593	314	1	1288	0.0007763975155279503
CUFF_NC.9610	5	7185713	7186700	-	0	0	0		77	0	389	0.0	201	2	915	0.002185792349726776
CUFF_NC.9613	5	7200531	7200973	+	0	0	0		23	1	115	0.008695652173913044	136	1	583	0.0017152658662092624
CUFF_NC.9621	5	7204853	7205592	-	0	0	0		4	0	22	0.0	136	4	735	0.005442176870748299
CUFF_NC.9614	5	7226617	7228463	-	0	0	0		137	0	549	0.0	432	3	1718	0.0017462165308498253
CUFF_NC.9615	5	7229506	7230082	-	0	0	0		19	0	111	0.0	139	2	746	0.002680965147453083
CUFF_NC.9612	5	7239707	7240481	-	0	0	0		44	0	293	0.0	212	3	1463	0.002050580997949419
CUFF_NC.9623	5	7244534	7245922	-	0	0	0		101	1	703	0.001422475106685633	346	4	2361	0.0016941973739940702
CUFF_NC.9622	5	7249320	7250625	+	0	0	0		91	0	378	0.0	327	2	1398	0.001430615164520744
CUFF_NC.9620	5	7254730	7256189	+	0	0	0		54	2	252	0.007936507936507936	382	3	1792	0.0016741071428571428
CUFF_NC.9617	5	7258852	7260128	+	0	0	0		81	1	331	0.0030211480362537764	309	5	1544	0.003238341968911917
CUFF_NC.9619	5	7264575	7266076	+	0	0	0		62	0	300	0.0	417	4	1653	0.0024198427102238356
CUFF_NC.9618	5	7270100	7271222	-	0	0	0		49	0	315	0.0	260	0	1558	0.0
CUFF_NC.9625	5	7277250	7278969	-	0	0	0		86	0	470	0.0	522	7	2967	0.0023592854735422987
CUFF_NC.9624	5	7280369	7281730	+	0	0	0		127	3	621	0.004830917874396135	346	2	1868	0.0010706638115631692
CUFF_NC.9627	5	7295953	7296662	+	0	0	0		28	0	115	0.0	158	4	735	0.005442176870748299
CUFF_NC.9626	5	7345326	7345780	-	0	0	0		33	0	156	0.0	111	3	519	0.005780346820809248
CUFF_NC.9629	5	7350366	7351189	-	0	0	0		43	0	240	0.0	189	2	1093	0.0018298261665141812
CUFF_NC.9630	5	7356430	7356870	-	0	0	0		39	0	220	0.0	102	0	390	0.0
CUFF_NC.9628	5	7357935	7358473	+	0	0	0		8	0	64	0.0	137	1	1046	0.0009560229445506692
CUFF_NC.9634	5	7364546	7365330	-	0	0	0		22	0	134	0.0	235	2	1413	0.0014154281670205238
CUFF_NC.9631	5	7365638	7366838	+	0	0	0		80	0	313	0.0	283	0	1069	0.0
CUFF_NC.9632	5	7372618	7373088	+	0	0	0		15	0	95	0.0	128	1	987	0.0010131712259371835
CUFF_NC.9637	5	7378953	7380651	-	0	0	0		82	1	391	0.0025575447570332483	506	2	2405	0.0008316008316008316
CUFF_NC.9633	5	7383738	7385779	+	0	0	0		131	1	798	0.0012531328320802004	537	1	2706	0.0003695491500369549
CUFF_NC.9636	5	7397743	7398174	+	0	0	0		36	1	213	0.004694835680751174	119	3	642	0.004672897196261682
CUFF_NC.9642	5	7409433	7409919	+	0	0	0		27	0	197	0.0	123	0	843	0.0
CUFF_NC.9635	5	7412976	7413538	+	0	0	0		16	48	83	0.5783132530120482	150	69	821	0.08404384896467722
CUFF_NC.9638	5	7414942	7416093	-	0	0	0		39	139	242	0.5743801652892562	299	372	1865	0.1994638069705094
CUFF_NC.9639	5	7418036	7419468	+	0	0	0		61	0	328	0.0	398	9	1965	0.004580152671755725
CUFF_NC.9640	5	7419853	7420648	-	0	0	0		29	0	169	0.0	186	1	1272	0.0007861635220125787
CUFF_NC.9641	5	7420362	7421568	+	0	0	0		43	0	238	0.0	267	2	1596	0.0012531328320802004
CUFF_NC.9644	5	7422649	7424151	+	0	0	0		112	5	686	0.007288629737609329	405	4	2304	0.001736111111111111
CUFF_NC.9645	5	7425244	7425687	+	0	0	0		10	0	55	0.0	105	0	501	0.0
CUFF_NC.9643	5	7435546	7435935	+	0	0	0		21	0	91	0.0	129	5	638	0.007836990595611285
CUFF_NC.9649	5	7436998	7437652	+	0	0	0		38	2	236	0.00847457627118644	200	2	1125	0.0017777777777777779
CUFF_NC.9650	5	7445133	7445615	+	0	0	0		25	0	200	0.0	105	1	584	0.0017123287671232876
CUFF_NC.9646	5	7462200	7462628	+	0	0	0		22	33	118	0.2796610169491525	131	7	629	0.011128775834658187
CUFF_NC.9648	5	7486244	7486920	+	0	0	0		35	0	213	0.0	162	0	1044	0.0
CUFF_NC.9651	5	7492206	7493276	+	0	0	0		40	1	219	0.0045662100456621	305	4	1554	0.002574002574002574
CUFF_NC.9653	5	7495531	7496306	+	0	0	0		49	1	311	0.003215434083601286	194	0	1221	0.0
CUFF_NC.9654	5	7502880	7503303	-	0	0	0		19	1	95	0.010526315789473684	106	0	598	0.0
CUFF_NC.9652	5	7506428	7507179	+	0	0	0		39	1	252	0.003968253968253968	205	4	1170	0.003418803418803419
CUFF_NC.9658	5	7519655	7520119	+	0	0	0		32	0	255	0.0	115	5	873	0.0057273768613974796
CUFF_NC.9655	5	7523975	7526148	-	0	0	0		147	1	799	0.0012515644555694619	505	7	2928	0.0023907103825136613
CUFF_NC.9657	5	7531987	7533694	-	0	0	0		105	6	593	0.01011804384485666	507	6	2465	0.002434077079107505
CUFF_NC.9663	5	7546915	7547347	+	0	0	0		34	0	166	0.0	127	2	658	0.00303951367781155
CUFF_NC.9664	5	7548457	7549365	+	0	0	0		58	2	313	0.006389776357827476	231	3	1367	0.0021945866861741038
CUFF_NC.9656	5	7559525	7560434	+	0	0	0		43	0	270	0.0	262	4	1397	0.002863278453829635
CUFF_NC.9665	5	7587778	7588424	+	0	0	0		43	0	231	0.0	156	1	907	0.0011025358324145535
CUFF_NC.9660	5	7601236	7602500	+	0	0	0		83	0	542	0.0	350	4	2168	0.0018450184501845018
CUFF_NC.9670	5	7611700	7612141	-	0	0	0		28	0	163	0.0	121	1	709	0.0014104372355430183
CUFF_NC.9659	5	7616994	7617517	+	0	0	0		38	0	236	0.0	153	4	1002	0.003992015968063872
CUFF_NC.9667	5	7636033	7636584	+	0	0	0		46	0	253	0.0	127	1	803	0.0012453300124533001
CUFF_NC.9661	5	7647220	7647923	+	0	0	0		42	2	269	0.007434944237918215	190	1	1112	0.0008992805755395684
CUFF_NC.9666	5	7652054	7652677	+	0	0	0		57	0	275	0.0	144	0	619	0.0
CUFF_NC.9662	5	7653548	7654661	+	0	0	0		61	0	315	0.0	323	4	1595	0.0025078369905956114
CUFF_NC.9668	5	7676701	7678843	-	0	0	0		115	1	552	0.0018115942028985507	576	6	3052	0.001965923984272608
CUFF_NC.9669	5	7683723	7685140	+	0	0	0		37	0	195	0.0	204	3	858	0.0034965034965034965
CUFF_NC.9673	5	7703091	7703412	-	0	0	0		30	1	118	0.00847457627118644	86	0	259	0.0
CUFF_NC.9674	5	7704196	7705517	-	0	0	0		40	2	227	0.00881057268722467	317	2	1917	0.0010432968179447052
CUFF_NC.9671	5	7716603	7717181	+	0	0	0		31	0	155	0.0	164	3	930	0.0032258064516129032
CUFF_NC.9672	5	7716737	7717292	-	0	0	0		21	1	109	0.009174311926605505	153	4	970	0.004123711340206186
CUFF_NC.9675	5	7726592	7727706	-	0	0	0		50	0	191	0.0	253	4	950	0.004210526315789474
CUFF_NC.9685	5	7732824	7734087	+	0	0	0		82	0	408	0.0	367	6	1817	0.003302146395156852
CUFF_NC.9678	5	7736621	7738655	+	0	0	0		125	1	563	0.0017761989342806395	542	7	2667	0.0026246719160104987
CUFF_NC.9687	5	7741665	7742874	-	0	0	0		55	1	257	0.0038910505836575876	288	0	1157	0.0
CUFF_NC.9677	5	7753332	7754408	-	0	0	0		53	0	284	0.0	292	2	1238	0.0016155088852988692
CUFF_NC.9676	5	7755499	7756399	+	0	0	0		32	5	117	0.042735042735042736	146	9	611	0.014729950900163666
CUFF_NC.9682	5	7773991	7774356	-	0	0	0		35	1	179	0.00558659217877095	93	1	458	0.002183406113537118
CUFF_NC.9683	5	7775079	7775410	-	0	0	0		25	0	127	0.0	96	1	538	0.0018587360594795538
CUFF_NC.9680	5	7782539	7783128	-	0	0	0		63	0	393	0.0	182	1	1123	0.0008904719501335708
CUFF_NC.9698	5	7795985	7796592	+	0	0	0		26	0	192	0.0	135	1	819	0.001221001221001221
CUFF_NC.9681	5	7798334	7799567	+	0	0	0		65	1	253	0.003952569169960474	247	1	889	0.0011248593925759281
CUFF_NC.9679	5	7799877	7800550	-	0	0	0		44	0	231	0.0	181	3	1019	0.002944062806673209
CUFF_NC.9684	5	7807695	7809001	-	0	0	0		105	1	677	0.0014771048744460858	375	5	2214	0.002258355916892502
CUFF_NC.9686	5	7813448	7813913	-	0	0	0		26	0	100	0.0	93	0	430	0.0
CUFF_NC.9689	5	7838670	7841040	-	0	0	0		138	0	654	0.0	590	5	2490	0.002008032128514056
CUFF_NC.9693	5	7880597	7882349	-	0	0	0		164	2	861	0.0023228803716608595	527	4	2421	0.0016522098306484924
CUFF_NC.9695	5	7886803	7889858	+	0	0	0		107	1	510	0.00196078431372549	543	6	2421	0.0024783147459727386
CUFF_NC.9696	5	7887239	7889593	+	0	0	0		81	1	443	0.002257336343115124	392	5	1920	0.0026041666666666665
CUFF_NC.9697	5	7888445	7889149	+	0	0	0		35	0	216	0.0	171	4	807	0.004956629491945477
CUFF_NC.9690	5	7891002	7891655	-	0	0	0		17	1	94	0.010638297872340425	177	2	1214	0.0016474464579901153
CUFF_NC.9691	5	7912620	7913255	-	0	0	0		28	0	156	0.0	167	1	994	0.001006036217303823
CUFF_NC.9715	5	7918775	7919199	-	0	0	0		27	0	188	0.0	126	2	953	0.002098635886673662
CUFF_NC.9715-2	5	7921780	7922400	-	0	0	0		43	0	119	0.0	141	3	403	0.007444168734491315
CUFF_NC.9692	5	7933267	7934520	+	0	0	0		97	2	451	0.004434589800443459	250	3	1247	0.0024057738572574178
CUFF_NC.9703	5	7957037	7957758	+	0	0	0		47	0	282	0.0	191	0	777	0.0
CUFF_NC.9704	5	7960623	7962534	+	0	0	0		175	1	929	0.001076426264800861	558	4	3010	0.00132890365448505
CUFF_NC.9701	5	7985805	7986788	+	0	0	0		65	0	267	0.0	211	3	629	0.0047694753577106515
CUFF_NC.9699	5	7991109	7991641	-	0	0	0		10	19	42	0.4523809523809524	85	8	338	0.023668639053254437
CUFF_NC.9705	5	8001832	8002129	-	0	0	0		16	0	75	0.0	78	0	408	0.0
CUFF_NC.9700	5	8003500	8004185	-	0	0	0		24	0	139	0.0	155	0	1050	0.0
CUFF_NC.9702	5	8011088	8011663	+	0	0	0		52	1	299	0.0033444816053511705	130	0	697	0.0
CUFF_NC.9706	5	8014345	8017804	+	0	0	0		172	4	1063	0.0037629350893697085	967	11	5803	0.001895571256246769
CUFF_NC.9707	5	8037869	8038400	-	0	0	0		21	0	76	0.0	134	0	467	0.0
CUFF_NC.9708	5	8040203	8040564	-	0	0	0		22	0	142	0.0	104	5	610	0.00819672131147541
CUFF_NC.9709	5	8042854	8044612	-	0	0	0		133	0	593	0.0	466	5	2141	0.002335357309668379
CUFF_NC.9710	5	8059472	8060246	-	0	0	0		81	1	434	0.002304147465437788	212	2	1195	0.0016736401673640166
CUFF_NC.9711	5	8062517	8063176	-	0	0	0		44	1	245	0.004081632653061225	162	2	785	0.0025477707006369425
CUFF_NC.9712	5	8073362	8074316	+	0	0	0		51	1	233	0.004291845493562232	219	0	994	0.0
CUFF_NC.9713	5	8076345	8077847	+	0	0	0		75	0	377	0.0	398	7	2291	0.0030554343081623746
CUFF_NC.9714	5	8084888	8087476	-	0	0	0		10	1	47	0.02127659574468085	73	0	327	0.0
CUFF_NC.9716	5	8122000	8123120	+	0	0	0		25	0	180	0.0	211	2	1033	0.001936108422071636
CUFF_NC.9720	5	8129840	8130377	+	0	0	0		27	1	144	0.006944444444444444	119	0	568	0.0
CUFF_NC.9717	5	8149147	8151696	-	0	0	0		164	1	966	0.0010351966873706005	610	5	3475	0.0014388489208633094
CUFF_NC.9718	5	8153095	8154941	+	0	0	0		82	2	424	0.0047169811320754715	516	2	2760	0.0007246376811594203
CUFF_NC.9719	5	8161769	8162464	-	0	0	0		41	0	250	0.0	162	2	989	0.0020222446916076846
CUFF_NC.9725	5	8173866	8174280	+	0	0	0		21	0	62	0.0	107	0	365	0.0
CUFF_NC.9726	5	8175196	8181045	+	0	0	0		137	35	733	0.047748976807639835	973	84	5467	0.015364916773367477
CUFF_NC.9727	5	8180828	8186628	+	0	0	0		241	75	1356	0.05530973451327434	1453	264	8896	0.029676258992805755
CUFF_NC.9728	5	8185788	8186468	+	0	0	0		28	0	132	0.0	170	2	810	0.0024691358024691358
CUFF_NC.9723	5	8187822	8188207	-	0	0	0		14	0	69	0.0	61	1	313	0.003194888178913738
CUFF_NC.9724	5	8188685	8189076	-	0	0	0		38	0	245	0.0	85	0	470	0.0
CUFF_NC.9721	5	8191605	8192276	-	0	0	0		35	2	216	0.009259259259259259	155	0	913	0.0
CUFF_NC.9722	5	8195869	8201002	-	0	0	0		209	54	1020	0.052941176470588235	1122	18	5415	0.0033240997229916896
CUFF_NC.9766	5	8205054	8206750	-	0	0	0		57	0	385	0.0	431	46	3345	0.013751868460388639
CUFF_NC.9767	5	8210592	8211072	+	0	0	0		29	0	166	0.0	125	0	779	0.0
CUFF_NC.9735	5	8229503	8230189	-	0	0	0		38	0	153	0.0	161	2	701	0.0028530670470756064
CUFF_NC.9732	5	8231836	8232698	+	0	0	0		68	1	474	0.002109704641350211	262	3	1705	0.0017595307917888563
CUFF_NC.9733	5	8233447	8234970	+	0	0	0		56	1	388	0.002577319587628866	242	1	1558	0.0006418485237483953
CUFF_NC.9734	5	8237763	8238152	+	0	0	0		12	1	69	0.014492753623188406	99	0	433	0.0
CUFF_NC.9730	5	8242643	8243544	+	0	0	0		27	0	154	0.0	222	4	1448	0.0027624309392265192
CUFF_NC.9729	5	8264586	8265175	+	0	0	0		35	0	215	0.0	165	1	832	0.001201923076923077
CUFF_NC.9731	5	8282436	8284122	+	0	0	0		103	3	490	0.006122448979591836	426	2	1843	0.0010851871947911015
CUFF_NC.9736	5	8295854	8296278	+	0	0	0		22	0	107	0.0	138	0	738	0.0
CUFF_NC.9737	5	8330393	8330958	+	0	0	0		63	0	340	0.0	173	0	943	0.0
CUFF_NC.9738	5	8342295	8343266	+	0	0	0		62	1	283	0.0035335689045936395	247	0	984	0.0
CUFF_NC.9739	5	8367712	8369106	+	0	0	0		71	13	387	0.03359173126614987	328	103	1482	0.06950067476383266
CUFF_NC.9740	5	8373069	8373955	-	0	0	0		14	0	87	0.0	190	3	1294	0.00231839258114374
CUFF_NC.9744	5	8378596	8382393	-	0	0	0		135	1	665	0.0015037593984962407	805	11	4373	0.002515435627715527
CUFF_NC.9741	5	8400994	8401530	+	0	0	0		23	20	87	0.22988505747126436	147	12	638	0.018808777429467086
CUFF_NC.9745	5	8402910	8403292	-	0	0	0		11	0	69	0.0	125	2	913	0.002190580503833516
CUFF_NC.9742	5	8405607	8406404	+	0	0	0		36	0	197	0.0	183	0	1171	0.0
CUFF_NC.9746	5	8410284	8411638	+	0	0	0		64	0	299	0.0	340	1	1753	0.0005704506560182544
CUFF_NC.9743	5	8416173	8417704	+	0	0	0		109	1	536	0.0018656716417910447	399	4	1974	0.002026342451874367
CUFF_NC.9747	5	8440427	8441408	+	0	0	0		35	0	109	0.0	241	1	1196	0.0008361204013377926
CUFF_NC.9748	5	8443258	8444247	+	0	0	0		41	0	195	0.0	240	2	1310	0.0015267175572519084
CUFF_NC.9754	5	8447706	8448346	-	0	0	0		22	0	86	0.0	146	0	614	0.0
CUFF_NC.9749	5	8452823	8453368	+	0	0	0		17	27	111	0.24324324324324326	155	5	1040	0.004807692307692308
CUFF_NC.9803	5	8458922	8459923	+	0	0	0		117	2	491	0.004073319755600814	244	0	1207	0.0
CUFF_NC.9750	5	8510918	8511581	+	0	0	0		26	24	136	0.17647058823529413	186	101	1045	0.09665071770334928
CUFF_NC.9751	5	8512192	8513182	-	0	0	0		47	0	258	0.0	259	4	1586	0.0025220680958385876
CUFF_NC.9753	5	8516860	8517773	+	0	0	0		79	1	470	0.002127659574468085	287	3	1533	0.0019569471624266144
CUFF_NC.9755	5	8541516	8542328	-	0	0	0		33	0	171	0.0	214	0	1102	0.0
CUFF_NC.9758	5	8547298	8548073	+	0	0	0		18	1	67	0.014925373134328358	128	1	381	0.0026246719160104987
CUFF_NC.9756	5	8553363	8554187	-	0	0	0		28	0	174	0.0	197	2	907	0.002205071664829107
CUFF_NC.9757	5	8558195	8559679	+	0	0	0		65	2	294	0.006802721088435374	346	3	1557	0.0019267822736030828
CUFF_NC.9762	5	8595062	8600703	+	0	0	0		155	6	841	0.007134363852556481	1385	25	7987	0.003130086390384375
CUFF_NC.9763	5	8597376	8603581	+	0	0	0		161	39	888	0.04391891891891892	1463	129	8409	0.015340706386014985
CUFF_NC.9769	5	8610275	8611560	-	0	0	0		64	1	318	0.0031446540880503146	308	2	1591	0.001257071024512885
CUFF_NC.9771	5	8614603	8617806	-	0	0	0		113	7	667	0.010494752623688156	646	18	3578	0.005030743432084964
CUFF_NC.9769-2	5	8615737	8619507	-	0	0	0		161	0	809	0.0	807	17	4227	0.0040217648450437665
CUFF_NC.9770	5	8623864	8624270	-	0	0	0		12	0	34	0.0	97	0	362	0.0
CUFF_NC.9765	5	8628487	8629382	+	0	0	0		7	0	20	0.0	37	0	84	0.0
CUFF_NC.9780	5	8639663	8640127	+	0	0	0		27	0	219	0.0	120	3	879	0.0034129692832764505
CUFF_NC.9768	5	8648541	8649435	+	0	0	0		78	0	435	0.0	281	4	1214	0.0032948929159802307
CUFF_NC.9772	5	8651445	8652215	-	0	0	0		21	0	151	0.0	232	2	1421	0.0014074595355383533
CUFF_NC.9774	5	8651628	8652098	+	0	0	0		17	0	128	0.0	151	2	1048	0.0019083969465648854
CUFF_NC.9773	5	8652680	8653082	+	0	0	0		24	2	175	0.011428571428571429	120	2	745	0.0026845637583892616
CUFF_NC.9775	5	8657837	8659367	+	0	0	0		87	3	430	0.0069767441860465115	389	0	1893	0.0
CUFF_NC.9782	5	8666821	8667260	+	0	0	0		26	0	79	0.0	144	2	610	0.003278688524590164
CUFF_NC.9776	5	8703750	8704187	+	0	0	0		23	0	186	0.0	91	2	618	0.003236245954692557
CUFF_NC.9777	5	8707287	8707718	+	0	0	0		18	0	82	0.0	129	1	602	0.0016611295681063123
CUFF_NC.9778	5	8723965	8724826	-	0	0	0		29	0	160	0.0	169	0	828	0.0
CUFF_NC.9787	5	8735963	8736914	-	0	0	0		73	0	183	0.0	210	0	578	0.0
CUFF_NC.9788	5	8737036	8738356	-	0	0	0		45	1	151	0.006622516556291391	281	1	855	0.0011695906432748538
CUFF_NC.9786	5	8744469	8747000	+	0	0	0		42	43	187	0.22994652406417113	244	92	1220	0.07540983606557378
CUFF_NC.9793	5	8760190	8760505	+	0	0	0		35	3	243	0.012345679012345678	82	1	544	0.001838235294117647
CUFF_NC.9779	5	8766960	8767505	-	0	0	0		4	4	12	0.3333333333333333	45	25	186	0.13440860215053763
CUFF_NC.9781	5	8773737	8775057	-	0	0	0		93	1	384	0.0026041666666666665	322	0	1512	0.0
CUFF_NC.9784	5	8790374	8791480	+	0	0	0		28	0	190	0.0	279	4	1905	0.002099737532808399
CUFF_NC.9783	5	8791550	8792186	-	0	0	0		29	1	156	0.00641025641025641	200	1	828	0.0012077294685990338
CUFF_NC.9785	5	8795608	8797188	+	0	0	0		105	0	629	0.0	452	4	2192	0.0018248175182481751
CUFF_NC.9789	5	8802105	8808998	+	0	0	0		234	119	1321	0.09008327024981075	1496	162	8601	0.018835019183815836
CUFF_NC.9790	5	8807714	8808129	+	0	0	0		3	0	15	0.0	89	0	399	0.0
CUFF_NC.9791	5	8821213	8821640	-	0	0	0		38	0	166	0.0	107	0	438	0.0
CUFF_NC.9792	5	8842501	8843515	+	0	0	0		22	4	155	0.025806451612903226	257	10	1742	0.0057405281285878304
CUFF_NC.9795	5	8844058	8844521	+	0	0	0		32	1	204	0.004901960784313725	107	2	609	0.003284072249589491
CUFF_NC.9796	5	8844097	8846397	-	0	0	0		92	9	554	0.016245487364620937	517	6	2710	0.002214022140221402
CUFF_NC.9794	5	8848354	8849070	-	0	0	0		32	0	122	0.0	187	0	811	0.0
CUFF_NC.9801	5	8864666	8865332	-	0	0	0		41	0	266	0.0	197	6	1290	0.004651162790697674
CUFF_NC.9800	5	8868266	8868796	+	0	0	0		37	1	209	0.004784688995215311	162	0	880	0.0
CUFF_NC.9811	5	8890468	8891922	+	0	0	0		78	1	562	0.0017793594306049821	363	9	2551	0.0035280282242257936
CUFF_NC.9812	5	8896562	8898512	-	0	0	0		35	3	94	0.031914893617021274	135	1	377	0.002652519893899204
CUFF_NC.9813	5	8902616	8903096	-	0	0	0		42	1	258	0.003875968992248062	130	0	828	0.0
CUFF_NC.9798	5	8908732	8910064	+	0	0	0		76	1	452	0.0022123893805309734	391	7	1500	0.004666666666666667
CUFF_NC.9797	5	8930980	8931602	-	0	0	0		14	37	71	0.5211267605633803	56	24	286	0.08391608391608392
CUFF_NC.9799	5	8937356	8938143	+	0	0	0		58	1	206	0.0048543689320388345	193	0	682	0.0
CUFF_NC.9802	5	8977369	8978415	+	0	0	0		72	2	353	0.0056657223796034	307	5	1604	0.003117206982543641
CUFF_NC.9805	5	8986984	8987798	+	0	0	0		51	0	202	0.0	240	1	1036	0.0009652509652509653
CUFF_NC.9806	5	9004988	9005785	+	0	0	0		48	0	298	0.0	167	3	1034	0.0029013539651837525
CUFF_NC.9808	5	9048698	9049215	-	0	0	0		23	63	129	0.4883720930232558	113	89	593	0.15008431703204048
CUFF_NC.9815	5	9073843	9074276	-	0	0	0		25	2	188	0.010638297872340425	129	2	960	0.0020833333333333333
CUFF_NC.9814	5	9077237	9077709	+	0	0	0		23	1	146	0.00684931506849315	123	1	539	0.0018552875695732839
CUFF_NC.9809	5	9089637	9090386	-	0	0	0		22	3	142	0.02112676056338028	165	7	1253	0.00558659217877095
CUFF_NC.9810	5	9090749	9092210	-	0	0	0		35	93	203	0.458128078817734	359	199	2098	0.09485224022878933
CUFF_NC.9817	5	9111081	9111911	+	0	0	0		50	1	256	0.00390625	214	5	1055	0.004739336492890996
CUFF_NC.9816	5	9114899	9115332	+	0	0	0		2	0	2	0.0	15	1	15	0.06666666666666667
CUFF_NC.9818	5	9140353	9141074	+	0	0	0		15	19	115	0.16521739130434782	141	24	973	0.024665981500513873
CUFF_NC.9820	5	9165937	9166595	+	0	0	0		14	0	57	0.0	28	0	99	0.0
CUFF_NC.9822	5	9200958	9202187	-	0	0	0		51	0	248	0.0	286	2	1465	0.0013651877133105802
CUFF_NC.9821	5	9203484	9204004	-	0	0	0		32	39	108	0.3611111111111111	135	18	497	0.03621730382293763
CUFF_NC.9823	5	9234485	9236336	-	0	0	0		120	0	607	0.0	442	3	2200	0.0013636363636363637
CUFF_NC.9824	5	9241632	9242042	+	0	0	0		27	0	76	0.0	145	1	430	0.002325581395348837
CUFF_NC.9825	5	9242450	9242855	+	0	0	0		21	0	99	0.0	130	1	825	0.0012121212121212121
CUFF_NC.9826	5	9245801	9246591	+	0	0	0		28	0	87	0.0	191	0	770	0.0
CUFF_NC.9827	5	9246750	9247593	+	0	0	0		32	0	151	0.0	200	3	971	0.003089598352214212
CUFF_NC.9832	5	9261874	9262667	-	0	0	0		31	0	175	0.0	261	4	1309	0.0030557677616501145
CUFF_NC.9831	5	9280370	9281233	-	0	0	0		16	31	112	0.2767857142857143	224	163	1552	0.10502577319587629
CUFF_NC.9830	5	9281814	9282369	-	0	0	0		29	40	124	0.3225806451612903	137	14	572	0.024475524475524476
CUFF_NC.9829	5	9295437	9295927	-	0	0	0		33	0	199	0.0	123	2	692	0.002890173410404624
CUFF_NC.9833	5	9304188	9304614	-	0	0	0		14	0	61	0.0	108	1	394	0.0025380710659898475
CUFF_NC.9834	5	9323269	9324054	+	0	0	0		22	61	141	0.4326241134751773	197	120	1069	0.11225444340505145
CUFF_NC.9837	5	9343327	9347111	-	0	0	0		160	334	945	0.35343915343915344	909	292	5357	0.054508120216539106
CUFF_NC.9838	5	9346480	9346922	+	0	0	0		31	43	225	0.19111111111111112	106	11	628	0.01751592356687898
CUFF_NC.9835	5	9380562	9381572	-	0	0	0		28	30	111	0.2702702702702703	214	12	819	0.014652014652014652
CUFF_NC.9836	5	9380858	9381272	+	0	0	0		18	14	49	0.2857142857142857	83	1	193	0.0051813471502590676
CUFF_NC.9842	5	9399106	9399554	+	0	0	0		18	0	86	0.0	125	3	571	0.005253940455341506
CUFF_NC.9843	5	9403834	9405117	+	0	0	0		90	2	433	0.004618937644341801	378	4	1838	0.002176278563656148
CUFF_NC.9839	5	9422872	9423542	-	0	0	0		42	0	159	0.0	166	1	593	0.0016863406408094434
CUFF_NC.9840	5	9441973	9444780	+	0	0	0		80	77	387	0.19896640826873385	474	35	2765	0.012658227848101266
CUFF_NC.9841	5	9442102	9442770	+	0	0	0		40	17	109	0.1559633027522936	133	11	374	0.029411764705882353
CUFF_NC.9854	5	9449415	9449794	-	0	0	0		20	0	138	0.0	112	1	748	0.001336898395721925
CUFF_NC.9855	5	9453733	9454278	-	0	0	0		45	1	294	0.003401360544217687	143	2	928	0.0021551724137931034
CUFF_NC.9856	5	9456448	9456782	-	0	0	0		12	0	53	0.0	63	0	302	0.0
CUFF_NC.9857	5	9457630	9458550	+	0	0	0		48	1	294	0.003401360544217687	262	3	1548	0.001937984496124031
CUFF_NC.9844	5	9462790	9463380	-	0	0	0		27	75	137	0.5474452554744526	144	76	718	0.10584958217270195
CUFF_NC.9849	5	9465989	9467726	+	0	0	0		133	0	880	0.0	466	5	2818	0.0017743080198722497
CUFF_NC.9846	5	9475463	9475877	-	0	0	0		12	0	85	0.0	102	1	599	0.001669449081803005
CUFF_NC.9845	5	9484751	9486392	+	0	0	0		118	1	618	0.0016181229773462784	416	4	1766	0.0022650056625141564
CUFF_NC.9860	5	9486576	9487607	+	0	0	0		58	128	296	0.43243243243243246	229	62	1270	0.048818897637795275
CUFF_NC.9847	5	9494316	9494666	+	0	0	0		20	0	125	0.0	100	1	557	0.0017953321364452424
CUFF_NC.9850	5	9527821	9528619	-	0	0	0		41	0	151	0.0	158	1	548	0.0018248175182481751
CUFF_NC.9851	5	9544685	9545539	-	0	0	0		20	4	158	0.02531645569620253	222	13	1406	0.009246088193456615
CUFF_NC.9852	5	9544818	9545338	+	0	0	0		14	1	102	0.00980392156862745	155	3	970	0.003092783505154639
CUFF_NC.9861	5	9560246	9560687	+	0	0	0		1	0	11	0.0	71	1	367	0.0027247956403269754
CUFF_NC.9858	5	9581147	9581776	-	0	0	0		43	3	352	0.008522727272727272	180	4	1417	0.0028228652081863093
CUFF_NC.9859	5	9599909	9600891	-	0	0	0		93	0	535	0.0	284	2	1457	0.0013726835964310226
CUFF_NC.9866	5	9607815	9609006	-	0	0	0		96	1	520	0.0019230769230769232	267	1	1302	0.0007680491551459293
CUFF_NC.9867	5	9608410	9609682	-	0	0	0		106	2	585	0.003418803418803419	305	2	1559	0.0012828736369467607
CUFF_NC.9875	5	9617463	9617890	-	0	0	0		21	0	99	0.0	102	0	464	0.0
CUFF_NC.9865	5	9632740	9635192	+	0	0	0		131	2	741	0.002699055330634278	711	6	2907	0.0020639834881320948
CUFF_NC.9864	5	9636090	9637315	-	0	0	0		50	140	239	0.5857740585774058	371	181	1804	0.10033259423503325
CUFF_NC.9863	5	9654931	9655437	+	0	0	0		33	0	151	0.0	148	1	590	0.001694915254237288
CUFF_NC.9868	5	9671454	9672762	+	0	0	0		100	3	626	0.004792332268370607	326	4	2078	0.0019249278152069298
CUFF_NC.9869	5	9682321	9682737	-	0	0	0		21	1	115	0.008695652173913044	106	1	536	0.0018656716417910447
CUFF_NC.9870	5	9738282	9738730	+	0	0	0		23	3	131	0.022900763358778626	129	3	833	0.003601440576230492
CUFF_NC.9871	5	9754999	9756909	-	0	0	0		47	95	316	0.30063291139240506	481	92	2913	0.03158256093374528
CUFF_NC.9872	5	9760633	9761305	-	0	0	0		27	1	106	0.009433962264150943	146	6	690	0.008695652173913044
CUFF_NC.9885	5	9785452	9786075	-	0	0	0		31	0	183	0.0	181	2	946	0.0021141649048625794
CUFF_NC.9886	5	9786889	9789053	-	0	0	0		199	2	939	0.002129925452609159	636	6	2777	0.0021606049693914295
CUFF_NC.9873	5	9793066	9793631	+	0	0	0		27	0	119	0.0	134	0	558	0.0
CUFF_NC.9874	5	9793748	9794774	+	0	0	0		50	0	257	0.0	280	3	1471	0.0020394289598912306
CUFF_NC.9876	5	9819870	9820319	-	0	0	0		22	7	108	0.06481481481481481	106	9	529	0.017013232514177693
CUFF_NC.9877	5	9832406	9832863	-	0	0	0		28	0	120	0.0	131	0	538	0.0
CUFF_NC.9878	5	9846642	9847356	+	0	0	0		18	44	125	0.352	184	194	1318	0.1471927162367223
CUFF_NC.9880	5	9848762	9849448	-	0	0	0		21	91	184	0.4945652173913043	147	67	923	0.07258938244853738
CUFF_NC.9879	5	9855912	9856346	-	0	0	0		20	0	114	0.0	133	2	567	0.003527336860670194
CUFF_NC.9887	5	9864503	9865060	+	0	0	0		21	1	102	0.00980392156862745	150	1	727	0.001375515818431912
CUFF_NC.9881	5	9870990	9871954	-	0	0	0		35	65	145	0.4482758620689655	262	164	1225	0.13387755102040816
CUFF_NC.9883	5	9878644	9880189	+	0	0	0		111	0	419	0.0	365	2	1476	0.0013550135501355014
CUFF_NC.9884	5	9880832	9881684	+	0	0	0		44	0	243	0.0	233	1	1101	0.0009082652134423251
CUFF_NC.9882	5	9900287	9900841	-	0	0	0		12	0	73	0.0	148	2	977	0.0020470829068577278
CUFF_NC.9890	5	9901961	9904496	-	0	0	0		139	105	622	0.16881028938906753	581	120	2397	0.05006257822277847
CUFF_NC.9891	5	9902453	9903435	+	0	0	0		53	0	202	0.0	235	1	820	0.0012195121951219512
CUFF_NC.9889	5	9932456	9933623	-	0	0	0		3	6	10	0.6	13	1	46	0.021739130434782608
CUFF_NC.9888	5	9934178	9934676	-	0	0	0		25	2	176	0.011363636363636364	127	2	815	0.00245398773006135
CUFF_NC.9893	5	9940049	9941560	+	0	0	0		63	26	308	0.08441558441558442	399	40	1950	0.020512820512820513
CUFF_NC.9898	5	9949140	9954184	-	0	0	0		422	1313	2215	0.5927765237020316	1343	765	6955	0.10999281092739037
CUFF_NC.9894	5	9956777	9957951	+	0	0	0		68	105	237	0.4430379746835443	296	29	1273	0.022780832678711706
CUFF_NC.9895	5	9977739	9978308	-	0	0	0		20	0	126	0.0	167	3	980	0.003061224489795918
CUFF_NC.9896	5	9978005	9978411	+	0	0	0		10	0	83	0.0	131	2	782	0.0025575447570332483
CUFF_NC.9902	5	9980719	9981210	+	0	0	0		47	185	274	0.6751824817518248	135	117	811	0.1442663378545006
CUFF_NC.9900	5	9986759	9987995	-	0	0	0		74	0	496	0.0	353	0	2124	0.0
CUFF_NC.9901	5	9988206	9989297	-	0	0	0		62	25	347	0.07204610951008646	313	10	1706	0.005861664712778429
CUFF_NC.9969	5	10014380	10014752	-	0	0	0		27	0	142	0.0	116	2	712	0.0028089887640449437
CUFF_NC.9897	5	10024617	10025430	-	0	0	0		28	0	190	0.0	256	5	1744	0.0028669724770642203
CUFF_NC.9915	5	10027874	10032633	+	0	0	0		215	426	1305	0.3264367816091954	1183	427	7004	0.06096516276413478
CUFF_NC.9916	5	10029519	10030313	+	0	0	0		38	107	186	0.5752688172043011	215	138	966	0.14285714285714285
CUFF_NC.9903	5	10035544	10037198	+	0	0	0		39	88	241	0.3651452282157676	366	106	2137	0.049602246139447824
CUFF_NC.9904	5	10037442	10039207	+	0	0	0		122	1	587	0.0017035775127768314	449	3	2012	0.0014910536779324055
CUFF_NC.9929	5	10049678	10056333	-	0	0	0		495	1174	2084	0.5633397312859885	1971	1067	8625	0.12371014492753624
CUFF_NC.9899	5	10058629	10059066	+	0	0	0		16	39	63	0.6190476190476191	88	32	330	0.09696969696969697
CUFF_NC.9905	5	10066778	10067271	-	0	0	0		7	3	27	0.1111111111111111	103	15	474	0.03164556962025317
CUFF_NC.9911	5	10067389	10071144	+	0	0	0		143	68	746	0.09115281501340483	872	54	4267	0.012655261307710336
CUFF_NC.9912	5	10067430	10068608	-	0	0	0		45	49	159	0.3081761006289308	217	27	748	0.03609625668449198
CUFF_NC.9913	5	10068080	10069052	-	0	0	0		32	30	125	0.24	184	27	871	0.030998851894374284
CUFF_NC.9914	5	10071103	10071910	-	0	0	0		27	55	214	0.2570093457943925	187	44	1420	0.030985915492957747
CUFF_NC.9906	5	10083171	10083599	+	0	0	0		36	67	219	0.3059360730593607	130	47	739	0.06359945872801083
CUFF_NC.9907	5	10085070	10085717	+	0	0	0		21	33	131	0.25190839694656486	167	45	988	0.04554655870445344
CUFF_NC.9908	5	10087482	10088896	-	0	0	0		52	160	356	0.449438202247191	365	219	2574	0.08508158508158509
CUFF_NC.9910	5	10093333	10094509	+	0	0	0		13	0	47	0.0	117	2	505	0.0039603960396039604
CUFF_NC.9917	5	10105993	10106676	+	0	0	0		9	5	9	0.5555555555555556	31	3	31	0.0967741935483871
CUFF_NC.9920	5	10124684	10127370	-	0	0	0		24	37	98	0.37755102040816324	263	35	805	0.043478260869565216
CUFF_NC.9922	5	10130055	10130643	-	0	0	0		50	137	252	0.5436507936507936	159	88	877	0.10034207525655645
CUFF_NC.9919	5	10140145	10140838	-	0	0	0		19	23	88	0.26136363636363635	151	55	656	0.08384146341463415
CUFF_NC.9921	5	10141491	10142089	-	0	0	0		24	47	90	0.5222222222222223	119	48	380	0.12631578947368421
CUFF_NC.9923	5	10145596	10146160	-	0	0	0		25	59	112	0.5267857142857143	198	105	776	0.13530927835051546
CUFF_NC.9924	5	10147714	10148628	-	0	0	0		27	18	110	0.16363636363636364	192	82	1121	0.07314897413024085
CUFF_NC.9926	5	10160297	10160832	+	0	0	0		28	84	114	0.7368421052631579	115	141	472	0.298728813559322
CUFF_NC.9925	5	10172563	10172936	+	0	0	0		22	57	195	0.2923076923076923	89	28	789	0.035487959442332066
CUFF_NC.9927	5	10203464	10205465	-	0	0	0		5	8	13	0.6153846153846154	39	13	136	0.09558823529411764
CUFF_NC.9930	5	10212269	10213717	+	0	0	0		73	4	360	0.011111111111111112	349	26	2105	0.012351543942992874
CUFF_NC.9931	5	10217315	10217693	-	0	0	0		15	49	117	0.4188034188034188	104	32	727	0.04401650618982118
CUFF_NC.9934	5	10238617	10240873	-	0	0	0		80	97	416	0.23317307692307693	580	340	3600	0.09444444444444444
CUFF_NC.9933	5	10281758	10286160	+	0	0	0		124	59	580	0.10172413793103448	809	55	4008	0.013722554890219561
CUFF_NC.9932	5	10292594	10297606	+	0	0	0		155	3	911	0.003293084522502744	1202	19	7081	0.00268323683095608
CUFF_NC.9953	5	10317851	10319522	+	0	0	0		29	22	145	0.15172413793103448	85	17	346	0.049132947976878616
CUFF_NC.9962	5	10335895	10339636	+	0	0	0		68	74	375	0.19733333333333333	227	94	1348	0.06973293768545995
CUFF_NC.9963	5	10335916	10337405	-	0	0	0		47	44	257	0.17120622568093385	120	21	722	0.029085872576177285
CUFF_NC.9938	5	10378720	10379783	-	0	0	0		69	128	349	0.3667621776504298	231	137	1290	0.1062015503875969
CUFF_NC.9939	5	10381534	10381980	-	0	0	0		26	58	145	0.4	137	31	681	0.04552129221732746
CUFF_NC.9937	5	10395334	10395981	-	0	0	0		9	1	28	0.03571428571428571	67	3	275	0.01090909090909091
CUFF_NC.9936	5	10400904	10401309	+	0	0	0		3	1	5	0.2	17	5	24	0.20833333333333334
CUFF_NC.9940	5	10417396	10417703	+	0	0	0		10	21	51	0.4117647058823529	98	25	408	0.061274509803921566
CUFF_NC.9945	5	10418560	10418993	-	0	0	0		17	20	52	0.38461538461538464	77	11	178	0.06179775280898876
CUFF_NC.9946	5	10418747	10420661	+	0	0	0		62	109	250	0.436	475	89	1894	0.046990496304118265
CUFF_NC.9942	5	10422375	10423383	-	0	0	0		33	25	132	0.1893939393939394	218	34	752	0.04521276595744681
CUFF_NC.9941	5	10423514	10424102	-	0	0	0		21	20	111	0.18018018018018017	149	25	732	0.03415300546448088
CUFF_NC.9943	5	10424958	10426391	-	0	0	0		48	73	245	0.2979591836734694	376	75	1752	0.04280821917808219
CUFF_NC.9944	5	10428545	10429132	-	0	0	0		15	0	109	0.0	137	0	947	0.0
CUFF_NC.9949	5	10454710	10455566	+	0	0	0		38	0	190	0.0	213	1	1000	0.001
CUFF_NC.9947	5	10471889	10472487	-	0	0	0		16	31	73	0.4246575342465753	144	53	726	0.07300275482093664
CUFF_NC.9948	5	10476084	10476964	+	0	0	0		56	0	307	0.0	215	5	1366	0.0036603221083455345
CUFF_NC.9952	5	10477529	10479437	-	0	0	0		90	1	501	0.001996007984031936	445	5	1685	0.002967359050445104
CUFF_NC.9951	5	10479973	10480720	+	0	0	0		9	3	14	0.21428571428571427	29	2	50	0.04
CUFF_NC.9950	5	10489618	10490204	+	0	0	0		28	2	152	0.013157894736842105	157	2	978	0.002044989775051125
CUFF_NC.9954	5	10503386	10504750	+	0	0	0		47	34	259	0.13127413127413126	380	27	1975	0.013670886075949367
CUFF_NC.9956	5	10527871	10528514	-	0	0	0		25	69	141	0.48936170212765956	156	58	871	0.06659012629161883
CUFF_NC.9955	5	10539263	10539962	-	0	0	0		28	0	188	0.0	191	5	1231	0.004061738424045491
CUFF_NC.9960	5	10547820	10554375	+	0	0	0		498	1489	2489	0.5982322217758136	1986	1273	9816	0.12968622656886716
CUFF_NC.9958	5	10566485	10567050	-	0	0	0		31	68	186	0.3655913978494624	142	33	761	0.04336399474375821
CUFF_NC.9957	5	10567875	10568222	-	0	0	0		3	4	16	0.25	89	6	485	0.012371134020618556
CUFF_NC.9959	5	10613827	10614783	-	0	0	0		20	12	89	0.1348314606741573	116	25	563	0.04440497335701599
CUFF_NC.9964	5	10631290	10631609	+	0	0	0		6	19	49	0.3877551020408163	69	77	567	0.13580246913580246
CUFF_NC.9965	5	10631853	10633988	-	0	0	0		74	9	257	0.03501945525291829	402	10	1364	0.007331378299120235
CUFF_NC.9966	5	10653421	10654264	-	0	0	0		12	14	70	0.2	215	42	1390	0.030215827338129497
CUFF_NC.9967	5	10653772	10654186	+	0	0	0		8	12	50	0.24	111	34	689	0.04934687953555878
CUFF_NC.9968	5	10655209	10655927	-	0	0	0		14	44	107	0.411214953271028	153	47	838	0.05608591885441527
CUFF_NC.9970	5	10665945	10666495	+	0	0	0		1	0	3	0.0	20	4	54	0.07407407407407407
CUFF_NC.9971	5	10667612	10668512	+	0	0	0		32	54	84	0.6428571428571429	157	72	437	0.16475972540045766
CUFF_NC.9972	5	10668566	10669045	+	0	0	0		5	3	5	0.6	40	2	40	0.05
CUFF_NC.9973	5	10669116	10669675	+	0	0	0		3	9	13	0.6923076923076923	52	19	187	0.10160427807486631
CUFF_NC.9974	5	10683135	10683925	-	0	0	0		32	72	126	0.5714285714285714	194	110	912	0.1206140350877193
CUFF_NC.9975	5	10711885	10713547	-	0	0	0		111	259	520	0.4980769230769231	439	159	1873	0.08489054991991457
CUFF_NC.9976	5	10719551	10720538	+	0	0	0		60	3	322	0.009316770186335404	276	4	1384	0.002890173410404624
CUFF_NC.9977	5	10764150	10765378	-	0	0	0		19	13	91	0.14285714285714285	73	6	382	0.015706806282722512
CUFF_NC.9978	5	10774473	10775350	+	0	0	0		56	51	385	0.13246753246753246	184	51	1390	0.03669064748201439
CUFF_NC.9979	5	10774474	10775250	-	0	0	0		46	46	352	0.13068181818181818	172	48	1349	0.03558191252779837
CUFF_NC.9982	5	10794263	10795890	-	0	0	0		82	1	431	0.002320185614849188	415	10	2228	0.004488330341113106
CUFF_NC.9983	5	10794740	10797376	+	0	0	0		121	10	707	0.014144271570014143	636	11	3760	0.002925531914893617
CUFF_NC.9985	5	10800993	10807952	+	0	0	0		260	466	1508	0.3090185676392573	1668	447	10583	0.04223755078900123
CUFF_NC.9986	5	10803300	10804376	+	0	0	0		25	5	185	0.02702702702702703	224	3	1735	0.001729106628242075
CUFF_NC.9980	5	10828005	10828770	+	0	0	0		36	83	233	0.3562231759656652	212	46	1330	0.03458646616541353
CUFF_NC.9981	5	10831581	10832296	-	0	0	0		23	34	154	0.22077922077922077	207	39	1499	0.02601734489659773
CUFF_NC.9984	5	10834550	10836513	+	0	0	0		58	82	392	0.20918367346938777	446	72	2974	0.0242098184263618
CUFF_NC.10018	5	10841062	10846831	-	0	0	0		199	357	1142	0.3126094570928196	1389	792	8370	0.09462365591397849
CUFF_NC.10019	5	10849356	10850991	-	0	0	0		113	366	724	0.505524861878453	486	273	2814	0.09701492537313433
CUFF_NC.9988	5	10862382	10863323	+	0	0	0		63	1	322	0.003105590062111801	271	1	1278	0.000782472613458529
CUFF_NC.9987	5	10895969	10896694	+	0	0	0		32	105	268	0.3917910447761194	172	37	1281	0.02888368462138954
CUFF_NC.9989	5	10899725	10900183	+	0	0	0		20	40	130	0.3076923076923077	136	29	770	0.03766233766233766
CUFF_NC.9990	5	10914926	10915443	-	0	0	0		9	42	63	0.6666666666666666	121	40	790	0.05063291139240506
CUFF_NC.9991	5	10915639	10916215	-	0	0	0		27	155	264	0.5871212121212122	97	132	774	0.17054263565891473
CUFF_NC.9997	5	10933795	10934903	+	0	0	0		89	1	366	0.00273224043715847	293	3	1239	0.002421307506053269
CUFF_NC.9992	5	10938834	10939238	-	0	0	0		22	106	171	0.6198830409356725	112	93	903	0.10299003322259136
CUFF_NC.9993	5	10991570	10992465	-	0	0	0		12	7	54	0.12962962962962962	217	23	1197	0.01921470342522974
CUFF_NC.9995	5	11039247	11040290	+	0	0	0		47	70	309	0.22653721682847897	252	93	1514	0.06142668428005284
CUFF_NC.9996	5	11051471	11054398	-	0	0	0		97	160	503	0.31809145129224653	835	320	4435	0.07215332581736189
CUFF_NC.9998	5	11080014	11080670	-	0	0	0		60	197	327	0.6024464831804281	201	128	1046	0.12237093690248566
CUFF_NC.9999	5	11091978	11094534	-	0	0	0		117	216	593	0.3642495784148398	692	256	3493	0.07328943601488691
CUFF_NC.10000	5	11092543	11093154	-	0	0	0		31	42	121	0.34710743801652894	157	30	588	0.05102040816326531
CUFF_NC.10001	5	11128635	11129146	+	0	0	0		28	51	159	0.32075471698113206	142	55	587	0.09369676320272573
CUFF_NC.10002	5	11133669	11133998	+	0	0	0		12	11	62	0.1774193548387097	74	43	441	0.09750566893424037
CUFF_NC.10008	5	11138640	11145249	+	0	0	0		124	151	421	0.3586698337292161	631	234	2632	0.08890577507598785
CUFF_NC.10009	5	11139601	11140132	+	0	0	0		7	5	31	0.16129032258064516	44	7	150	0.04666666666666667
CUFF_NC.10003	5	11153193	11157937	+	0	0	0		185	337	973	0.34635149023638234	1400	441	6060	0.07277227722772277
CUFF_NC.10015	5	11184562	11189002	-	0	0	0		85	705	1729	0.40775014459224984	513	1413	9523	0.14837761209702824
CUFF_NC.10004	5	11192548	11193468	-	0	0	0		5	1	12	0.08333333333333333	43	3	94	0.031914893617021274
CUFF_NC.10005	5	11194068	11194406	+	0	0	0		20	28	121	0.23140495867768596	102	34	692	0.049132947976878616
CUFF_NC.10006	5	11198673	11199058	-	0	0	0		21	75	130	0.5769230769230769	118	68	708	0.096045197740113
CUFF_NC.10007	5	11200795	11202355	-	0	0	0		70	86	311	0.2765273311897106	473	151	2311	0.06533967979229771
CUFF_NC.10010	5	11202433	11202864	-	0	0	0		10	6	46	0.13043478260869565	116	43	535	0.08037383177570094
CUFF_NC.10012	5	11212578	11212944	-	0	0	0		21	44	93	0.4731182795698925	104	63	443	0.14221218961625282
CUFF_NC.10011	5	11272961	11273559	-	0	0	0		48	103	204	0.5049019607843137	174	73	834	0.08752997601918465
CUFF_NC.10016	5	11300799	11304843	-	0	0	0		177	375	840	0.44642857142857145	1088	440	5304	0.08295625942684766
CUFF_NC.10013	5	11307075	11307967	+	0	0	0		36	62	161	0.38509316770186336	240	74	1073	0.06896551724137931
CUFF_NC.10014	5	11313710	11314141	+	0	0	0		19	50	116	0.43103448275862066	123	78	727	0.10729023383768914
CUFF_NC.10020	5	11396813	11397925	-	0	0	0		69	207	384	0.5390625	239	152	1299	0.1170130869899923
CUFF_NC.10021	5	11419901	11420347	-	0	0	0		8	25	50	0.5	125	54	807	0.06691449814126393
CUFF_NC.10022	5	11438008	11438970	-	0	0	0		71	149	292	0.5102739726027398	219	81	709	0.11424541607898449
CUFF_NC.10024	5	11441681	11444645	-	0	0	0		131	346	965	0.35854922279792745	805	413	5599	0.07376317199499911
CUFF_NC.10023	5	11447047	11447493	-	0	0	0		17	46	118	0.3898305084745763	126	73	885	0.08248587570621468
CUFF_NC.10027	5	11454462	11456337	-	0	0	0		119	308	636	0.48427672955974843	519	285	2664	0.10698198198198199
CUFF_NC.10028	5	11456980	11457660	-	0	0	0		37	122	224	0.5446428571428571	219	208	1565	0.1329073482428115
CUFF_NC.10029	5	11458686	11459219	-	0	0	0		50	146	304	0.48026315789473684	164	71	771	0.09208819714656291
CUFF_NC.10025	5	11500623	11501225	-	0	0	0		25	32	125	0.256	127	21	563	0.037300177619893425
CUFF_NC.10026	5	11522285	11522664	-	0	0	0		13	43	123	0.34959349593495936	112	84	990	0.08484848484848485
CUFF_NC.10030	5	11559169	11559839	-	0	0	0		79	146	378	0.3862433862433862	193	49	728	0.0673076923076923
CUFF_NC.10031	5	11561474	11561912	-	0	0	0		34	101	188	0.5372340425531915	120	82	585	0.14017094017094017
CUFF_NC.10032	5	11562296	11562698	-	0	0	0		17	49	105	0.4666666666666667	81	57	470	0.12127659574468085
CUFF_NC.10039	5	11635301	11639177	+	0	0	0		166	463	1144	0.40472027972027974	941	544	6627	0.08208842613550626
CUFF_NC.10033	5	11655403	11655744	-	0	0	0		36	104	234	0.4444444444444444	96	78	529	0.14744801512287334
CUFF_NC.10034	5	11666888	11667197	+	0	0	0		13	11	31	0.3548387096774194	79	22	279	0.07885304659498207
CUFF_NC.10035	5	11684446	11685174	-	0	0	0		12	47	109	0.43119266055045874	192	219	1725	0.12695652173913044
CUFF_NC.10041	5	11701900	11705589	+	0	0	0		75	445	1874	0.23745997865528282	950	2041	28132	0.07255083179297597
CUFF_NC.10043	5	11703894	11704932	-	0	0	0		19	119	590	0.2016949152542373	255	561	9111	0.06157392163319065
CUFF_NC.10044	5	11708050	11708510	-	0	0	0		7	19	76	0.25	82	78	911	0.08562019758507135
CUFF_NC.10042	5	11708051	11709541	+	0	0	0		25	84	466	0.18025751072961374	297	542	7130	0.07601683029453016
CUFF_NC.10036	5	11717963	11720153	+	0	0	0		11	40	54	0.7407407407407407	25	8	154	0.05194805194805195
CUFF_NC.10037	5	11723210	11723877	+	0	0	0		14	91	311	0.29260450160771706	200	411	6055	0.06787778695293147
CUFF_NC.10038	5	11723331	11725010	-	0	0	0		38	249	999	0.24924924924924924	482	1214	18542	0.06547298026102902
CUFF_NC.10050	5	11726023	11735299	-	0	0	0		104	593	2625	0.2259047619047619	2659	5211	93588	0.05568021541223234
CUFF_NC.10052	5	11726635	11737138	+	0	0	0		116	654	2869	0.22795399093760893	2907	5490	100707	0.05451458190592511
CUFF_NC.10051	5	11730373	11732790	-	0	0	0		31	214	868	0.2465437788018433	731	1774	30118	0.05890165349624809
CUFF_NC.10040	5	11802222	11803240	+	0	0	0		54	114	260	0.43846153846153846	229	79	822	0.09610705596107055
CUFF_NC.10045	5	11831942	11833111	-	0	0	0		5	2	5	0.4	13	2	13	0.15384615384615385
CUFF_NC.10046	5	11961281	11963418	-	0	0	0		9	15	51	0.29411764705882354	146	98	1344	0.07291666666666667
CUFF_NC.10048	5	12017188	12017628	-	0	0	0		10	7	15	0.4666666666666667	57	5	108	0.046296296296296294
CUFF_NC.10047	5	12053111	12058145	-	0	0	0		15	5	31	0.16129032258064516	262	67	1307	0.051262433052792655
CUFF_NC.10062	5	12080647	12081095	-	0	0	0		40	1	226	0.004424778761061947	121	4	682	0.005865102639296188
CUFF_NC.10055	5	12161571	12162660	-	0	0	0		34	99	193	0.5129533678756477	151	103	805	0.12795031055900621
CUFF_NC.10056	5	12186641	12187077	+	0	0	0		18	34	129	0.26356589147286824	123	81	920	0.08804347826086957
CUFF_NC.10057	5	12209450	12210023	+	0	0	0		45	125	220	0.5681818181818182	171	69	816	0.08455882352941177
CUFF_NC.10058	5	12240386	12240623	-	0	0	0		8	3	12	0.25	53	8	99	0.08080808080808081
CUFF_NC.10065	5	12268445	12269442	-	0	0	0		23	38	104	0.36538461538461536	161	31	507	0.0611439842209073
CUFF_NC.10060	5	12308471	12310148	+	0	0	0		108	319	689	0.4629898403483309	432	246	2562	0.09601873536299765
CUFF_NC.10063	5	12410345	12414093	-	0	0	0		11	10	15	0.6666666666666666	79	3	95	0.031578947368421054
CUFF_NC.10064	5	12434896	12435169	-	0	0	0		12	9	21	0.42857142857142855	64	4	125	0.032
CUFF_NC.10066	5	12439685	12440493	+	0	0	0		30	0	152	0.0	209	5	1183	0.00422654268808115
CUFF_NC.10067	5	12462325	12462741	+	0	0	0		6	1	18	0.05555555555555555	77	18	548	0.032846715328467155
CUFF_NC.10071	5	12511112	12512584	-	0	0	0		45	103	288	0.3576388888888889	382	145	2166	0.06694367497691597
CUFF_NC.10068	5	12544884	12546657	-	0	0	0		93	217	557	0.3895870736086176	372	108	2414	0.04473902236951118
CUFF_NC.10069	5	12570172	12570906	-	0	0	0		30	114	215	0.5302325581395348	219	222	1796	0.12360801781737193
CUFF_NC.10075	5	12588769	12589336	-	0	0	0		35	1	174	0.005747126436781609	112	1	509	0.0019646365422396855
CUFF_NC.10074	5	12592300	12593575	+	0	0	0		64	181	434	0.41705069124423966	330	143	2148	0.06657355679702048
CUFF_NC.10073	5	12599494	12599818	-	0	0	0		23	0	68	0.0	69	0	230	0.0
CUFF_NC.10078	5	12619264	12620273	-	0	0	0		39	68	153	0.4444444444444444	163	83	759	0.10935441370223979
CUFF_NC.10076	5	12630894	12631310	+	0	0	0		7	4	31	0.12903225806451613	118	47	573	0.08202443280977312
CUFF_NC.10077	5	12676823	12677585	+	0	0	0		31	105	305	0.3442622950819672	210	174	2162	0.08048103607770583
CUFF_NC.10080	5	12715357	12715776	-	0	0	0		10	11	28	0.39285714285714285	28	4	67	0.05970149253731343
CUFF_NC.10081	5	12730358	12731206	+	0	0	0		0	0	0		10	0	10	0.0
CUFF_NC.10083	5	12894984	12896157	+	0	0	0		60	80	309	0.2588996763754045	283	56	1115	0.05022421524663677
CUFF_NC.10084	5	12913472	12914429	-	0	0	0		41	83	241	0.34439834024896265	252	107	1630	0.0656441717791411
CUFF_NC.10085	5	12913643	12915359	+	0	0	0		65	96	344	0.27906976744186046	458	173	2519	0.06867804684398571
CUFF_NC.10087	5	12986923	12988241	+	0	0	0		36	62	161	0.38509316770186336	173	85	735	0.11564625850340136
CUFF_NC.10086	5	13035681	13036269	-	0	0	0		1	0	4	0.0	67	9	133	0.06766917293233082
CUFF_NC.10092	5	13059799	13060618	+	0	0	0		42	102	265	0.3849056603773585	208	48	1294	0.03709428129829984
CUFF_NC.10091	5	13060910	13062335	-	0	0	0		66	111	385	0.2883116883116883	394	100	1904	0.052521008403361345
CUFF_NC.10090	5	13064952	13065705	+	0	0	0		67	221	419	0.5274463007159904	246	146	1681	0.08685306365258774
CUFF_NC.10088	5	13074790	13075212	+	0	0	0		15	27	80	0.3375	115	59	602	0.09800664451827243
CUFF_NC.10089	5	13081730	13082912	+	0	0	0		22	53	156	0.33974358974358976	306	62	1739	0.03565267395054629
CUFF_NC.10093	5	13105150	13105958	-	0	0	0		57	0	364	0.0	244	2	1321	0.001514004542013626
CUFF_NC.10095	5	13177462	13180445	+	0	0	0		43	97	292	0.3321917808219178	276	118	1754	0.06727480045610035
CUFF_NC.10094	5	13213186	13213684	-	0	0	0		28	71	149	0.47651006711409394	77	51	447	0.11409395973154363
CUFF_NC.10099	5	13238454	13238903	+	0	0	0		22	0	108	0.0	120	1	744	0.0013440860215053765
CUFF_NC.10097	5	13250667	13251183	+	0	0	0		17	85	163	0.5214723926380368	135	139	1131	0.1229000884173298
CUFF_NC.10098	5	13268342	13269306	+	0	0	0		0	0	0		14	0	14	0.0
CUFF_NC.10102	5	13330983	13331737	+	0	0	0		0	0	0		12	0	12	0.0
CUFF_NC.10103	5	13342513	13342837	+	0	0	0		10	0	29	0.0	91	4	437	0.009153318077803204
CUFF_NC.10105	5	13350027	13352119	-	0	0	0		105	243	616	0.3944805194805195	577	185	3341	0.05537264292128105
CUFF_NC.10106	5	13352314	13353161	-	0	0	0		46	69	256	0.26953125	240	45	1332	0.033783783783783786
CUFF_NC.10104	5	13358384	13359067	-	0	0	0		33	1	131	0.007633587786259542	182	5	899	0.0055617352614015575
CUFF_NC.10107	5	13363991	13364508	+	0	0	0		19	0	56	0.0	98	1	373	0.002680965147453083
CUFF_NC.10108	5	13371331	13372418	+	0	0	0		17	15	46	0.32608695652173914	123	32	343	0.09329446064139942
CUFF_NC.10115	5	13420972	13421731	-	0	0	0		50	0	367	0.0	203	2	1518	0.0013175230566534915
CUFF_NC.10112	5	13424390	13424883	-	0	0	0		29	0	166	0.0	121	0	611	0.0
CUFF_NC.10111	5	13434136	13435417	-	0	0	0		29	26	166	0.1566265060240964	392	39	1822	0.021405049396267837
CUFF_NC.10109	5	13439484	13440594	+	0	0	0		29	144	541	0.266173752310536	216	130	3232	0.040222772277227724
CUFF_NC.10110	5	13439842	13440452	-	0	0	0		25	141	524	0.26908396946564883	136	105	2669	0.03934057699512926
CUFF_NC.10113	5	13463028	13463403	+	0	0	0		37	0	191	0.0	94	1	486	0.00205761316872428
CUFF_NC.10114	5	13463729	13464014	+	0	0	0		23	0	157	0.0	74	2	536	0.0037313432835820895
CUFF_NC.10117	5	13593597	13594654	+	0	0	0		119	273	551	0.4954627949183303	278	90	1240	0.07258064516129033
CUFF_NC.10116	5	13603339	13603864	+	0	0	0		9	28	53	0.5283018867924528	112	24	608	0.039473684210526314
CUFF_NC.10119	5	13651934	13652780	-	0	0	0		54	83	171	0.4853801169590643	221	134	990	0.13535353535353536
CUFF_NC.10123	5	13665649	13671472	-	0	0	0		281	9	1533	0.005870841487279843	1538	32	8589	0.0037256956572359994
CUFF_NC.10120	5	13675730	13676295	-	0	0	0		33	0	173	0.0	137	1	763	0.001310615989515072
CUFF_NC.10122	5	13682425	13684910	-	0	0	0		84	158	449	0.3518930957683742	600	157	3464	0.045323325635103925
CUFF_NC.10146	5	13693243	13694885	-	0	0	0		70	172	431	0.3990719257540603	471	135	2708	0.04985228951255539
CUFF_NC.10124	5	13815893	13817431	-	0	0	0		51	133	262	0.5076335877862596	429	201	2073	0.09696092619392185
CUFF_NC.10125	5	13816000	13817563	+	0	0	0		55	146	286	0.5104895104895105	424	164	2080	0.07884615384615384
CUFF_NC.10128	5	13858402	13858995	+	0	0	0		30	1	184	0.005434782608695652	139	1	691	0.001447178002894356
CUFF_NC.10129	5	13860945	13861242	+	0	0	0		12	27	73	0.3698630136986301	76	26	510	0.050980392156862744
CUFF_NC.10126	5	13870188	13870833	-	0	0	0		28	18	155	0.11612903225806452	174	5	1028	0.0048638132295719845
CUFF_NC.10127	5	13872711	13873459	+	0	0	0		59	1	348	0.0028735632183908046	212	2	1166	0.0017152658662092624
CUFF_NC.10130	5	13879269	13880205	+	0	0	0		46	71	336	0.2113095238095238	226	38	1438	0.02642559109874826
CUFF_NC.10132	5	13881642	13882783	-	0	0	0		68	0	414	0.0	341	7	2072	0.0033783783783783786
CUFF_NC.10131	5	13889783	13890106	-	0	0	0		15	48	77	0.6233766233766234	103	57	533	0.10694183864915573
CUFF_NC.10133	5	13897764	13898425	-	0	0	0		24	0	84	0.0	176	2	702	0.002849002849002849
CUFF_NC.10134	5	13931161	13931598	+	0	0	0		23	122	158	0.7721518987341772	130	151	927	0.162891046386192
CUFF_NC.10136	5	13934203	13935202	-	0	0	0		50	1	311	0.003215434083601286	290	6	1796	0.0033407572383073497
CUFF_NC.10140	5	13962279	13963822	-	0	0	0		19	38	86	0.4418604651162791	93	38	333	0.11411411411411411
CUFF_NC.10143	5	13987500	13988712	-	0	0	0		31	1	110	0.00909090909090909	135	0	401	0.0
CUFF_NC.10144	5	13987760	13988224	+	0	0	0		4	0	4	0.0	23	0	35	0.0
CUFF_NC.10141	5	14012369	14013166	-	0	0	0		29	97	213	0.45539906103286387	188	74	1178	0.06281833616298811
CUFF_NC.10142	5	14012543	14013346	+	0	0	0		33	83	210	0.3952380952380952	179	55	1068	0.05149812734082397
CUFF_NC.10147	5	14034711	14040985	+	0	0	0		248	368	1192	0.3087248322147651	1194	311	6077	0.05117656738522297
CUFF_NC.10148	5	14048395	14050122	-	0	0	0		85	1	438	0.00228310502283105	485	2	2411	0.0008295313148071339
CUFF_NC.10149	5	14050351	14063110	-	0	0	0		70	101	364	0.2774725274725275	696	44	3010	0.014617940199335547
CUFF_NC.10155	5	14066518	14067948	+	0	0	0		89	1	557	0.0017953321364452424	369	10	2487	0.004020908725371934
CUFF_NC.10156	5	14068976	14069545	+	0	0	0		33	0	221	0.0	173	4	1267	0.0031570639305445935
CUFF_NC.10150	5	14088536	14090129	+	0	0	0		5	0	17	0.0	33	1	137	0.0072992700729927005
CUFF_NC.10151	5	14182083	14182638	-	0	0	0		23	45	73	0.6164383561643836	156	94	608	0.15460526315789475
CUFF_NC.10154	5	14198117	14199380	+	0	0	0		86	0	418	0.0	320	2	1670	0.0011976047904191617
CUFF_NC.10153	5	14201893	14202823	-	0	0	0		38	2	286	0.006993006993006993	227	6	1761	0.0034071550255536627
CUFF_NC.10152	5	14203273	14204028	+	0	0	0		28	81	188	0.4308510638297872	195	140	1305	0.10727969348659004
CUFF_NC.10160	5	14223391	14223940	+	0	0	0		15	1	107	0.009345794392523364	161	2	1229	0.0016273393002441008
CUFF_NC.10157	5	14225086	14225562	+	0	0	0		27	0	153	0.0	143	4	891	0.004489337822671156
CUFF_NC.10158	5	14238350	14238806	+	0	0	0		0	0	0		10	0	10	0.0
CUFF_NC.10159	5	14245631	14246121	+	0	0	0		15	0	90	0.0	137	2	659	0.0030349013657056147
CUFF_NC.10171	5	14252746	14253288	+	0	0	0		26	0	120	0.0	112	4	644	0.006211180124223602
CUFF_NC.10172	5	14255351	14256309	+	0	0	0		42	0	211	0.0	244	10	1346	0.007429420505200594
CUFF_NC.10163	5	14274899	14276036	-	0	0	0		89	3	615	0.004878048780487805	293	6	1990	0.003015075376884422
CUFF_NC.10161	5	14278497	14278906	+	0	0	0		28	1	181	0.0055248618784530384	119	2	896	0.002232142857142857
CUFF_NC.10162	5	14287913	14288529	+	0	0	0		22	0	144	0.0	139	2	744	0.002688172043010753
CUFF_NC.10164	5	14289569	14290485	-	0	0	0		16	17	102	0.16666666666666666	148	8	846	0.009456264775413711
CUFF_NC.10166	5	14311319	14312224	-	0	0	0		44	84	259	0.32432432432432434	228	48	1367	0.03511338697878566
CUFF_NC.10165	5	14324816	14327311	+	0	0	0		26	189	478	0.39539748953974896	80	28	941	0.02975557917109458
CUFF_NC.10169	5	14381581	14382128	-	0	0	0		19	23	52	0.4423076923076923	56	16	125	0.128
CUFF_NC.10170	5	14382943	14383605	-	0	0	0		32	57	107	0.5327102803738317	94	41	276	0.14855072463768115
CUFF_NC.10177	5	14543170	14543604	+	0	0	0		7	0	37	0.0	53	1	256	0.00390625
CUFF_NC.10178	5	14587568	14588215	+	0	0	0		12	57	96	0.59375	99	57	669	0.08520179372197309
CUFF_NC.10179	5	14588277	14589759	-	0	0	0		6	17	26	0.6538461538461539	98	30	250	0.12
CUFF_NC.10180	5	14609317	14609667	-	0	0	0		17	2	86	0.023255813953488372	102	5	576	0.008680555555555556
CUFF_NC.10182	5	14621891	14622801	+	0	0	0		78	2	427	0.00468384074941452	209	2	1045	0.0019138755980861245
CUFF_NC.10181	5	14638946	14639623	-	0	0	0		17	0	105	0.0	178	3	1126	0.0026642984014209592
CUFF_NC.10183	5	14654500	14654930	-	0	0	0		21	44	123	0.35772357723577236	100	14	630	0.022222222222222223
CUFF_NC.10187	5	14659330	14675725	-	0	0	0		714	2404	4701	0.5113805573282281	3747	1658	24182	0.06856339426019353
CUFF_NC.10184	5	14676336	14677171	-	0	0	0		0	0	0		46	0	62	0.0
CUFF_NC.10188	5	14686198	14686555	-	0	0	0		21	0	132	0.0	92	1	495	0.00202020202020202
CUFF_NC.10185	5	14687170	14687744	+	0	0	0		13	32	97	0.32989690721649484	126	15	702	0.021367521367521368
CUFF_NC.10186	5	14699126	14699766	+	0	0	0		13	21	93	0.22580645161290322	138	19	916	0.02074235807860262
CUFF_NC.10189	5	14710682	14711427	+	0	0	0		30	2	140	0.014285714285714285	146	2	688	0.0029069767441860465
CUFF_NC.10190	5	14715227	14715635	+	0	0	0		11	25	81	0.30864197530864196	103	84	767	0.10951760104302477
CUFF_NC.10199	5	14724148	14724758	+	0	0	0		36	0	224	0.0	187	1	902	0.0011086474501108647
CUFF_NC.10191	5	14745412	14745960	+	0	0	0		38	90	220	0.4090909090909091	145	63	806	0.07816377171215881
CUFF_NC.10192	5	14749261	14749848	+	0	0	0		13	25	51	0.49019607843137253	70	35	396	0.08838383838383838
CUFF_NC.10193	5	14749328	14749847	-	0	0	0		11	20	35	0.5714285714285714	47	5	213	0.023474178403755867
CUFF_NC.10194	5	14756815	14757411	+	0	0	0		49	272	337	0.8071216617210683	175	127	1196	0.10618729096989966
CUFF_NC.10200	5	14763914	14764273	-	0	0	0		16	0	112	0.0	108	2	865	0.0023121387283236996
CUFF_NC.10195	5	14800129	14801441	-	0	0	0		14	16	61	0.26229508196721313	77	2	225	0.008888888888888889
CUFF_NC.10196	5	14811615	14812044	+	0	0	0		17	0	98	0.0	115	0	750	0.0
CUFF_NC.10203	5	14812746	14813520	+	0	0	0		79	1	512	0.001953125	226	3	1130	0.002654867256637168
CUFF_NC.10197	5	14822000	14822662	-	0	0	0		7	2	17	0.11764705882352941	103	3	263	0.011406844106463879
CUFF_NC.10198	5	14822022	14822620	+	0	0	0		6	2	16	0.125	102	3	261	0.011494252873563218
CUFF_NC.10201	5	14843260	14843830	-	0	0	0		30	1	162	0.006172839506172839	155	1	852	0.0011737089201877935
CUFF_NC.10202	5	14857838	14858200	-	0	0	0		18	0	157	0.0	105	1	862	0.001160092807424594
CUFF_NC.10204	5	14887361	14888983	-	0	0	0		70	1	394	0.0025380710659898475	372	1	1554	0.0006435006435006435
CUFF_NC.10205	5	14889728	14890792	+	0	0	0		56	2	331	0.006042296072507553	271	1	1518	0.0006587615283267457
CUFF_NC.10206	5	14894490	14895481	+	0	0	0		35	0	122	0.0	175	0	539	0.0
CUFF_NC.10208	5	14912720	14914291	-	0	0	0		69	1	400	0.0025	405	2	1935	0.0010335917312661498
CUFF_NC.10207	5	14919141	14920022	+	0	0	0		23	0	113	0.0	246	3	1230	0.0024390243902439024
CUFF_NC.10209	5	14957222	14958076	+	0	0	0		37	2	312	0.00641025641025641	265	1	1939	0.0005157297576070139
CUFF_NC.10210	5	14959758	14960533	-	0	0	0		62	0	277	0.0	256	2	966	0.002070393374741201
CUFF_NC.10211	5	14968714	14969437	-	0	0	0		38	0	234	0.0	194	1	1008	0.000992063492063492
CUFF_NC.10212	5	14991858	14992535	-	0	0	0		22	1	65	0.015384615384615385	117	0	392	0.0
CUFF_NC.10216	5	14998924	14999667	+	0	0	0		31	0	170	0.0	155	1	629	0.001589825119236884
CUFF_NC.10213	5	15010260	15011090	+	0	0	0		45	0	163	0.0	202	0	751	0.0
CUFF_NC.10253	5	15029993	15031252	+	0	0	0		35	83	217	0.3824884792626728	135	45	882	0.05102040816326531
CUFF_NC.10214	5	15031649	15032332	+	0	0	0		17	28	162	0.1728395061728395	134	94	1163	0.08082545141874463
CUFF_NC.10215	5	15032622	15033280	+	0	0	0		24	0	149	0.0	149	1	896	0.0011160714285714285
CUFF_NC.10218	5	15044363	15044903	-	0	0	0		17	0	106	0.0	143	1	797	0.0012547051442910915
CUFF_NC.10219	5	15056568	15058308	+	0	0	0		149	2	716	0.002793296089385475	505	1	2341	0.00042716787697565144
CUFF_NC.10217	5	15061134	15061610	-	0	0	0		10	13	29	0.4482758620689655	124	152	897	0.16945373467112598
CUFF_NC.10220	5	15089678	15096886	+	0	0	0		194	0	927	0.0	1132	11	5276	0.002084912812736922
CUFF_NC.10221	5	15093956	15096494	+	0	0	0		78	0	347	0.0	514	5	2414	0.002071251035625518
CUFF_NC.10222	5	15095454	15095964	+	0	0	0		10	0	32	0.0	90	2	465	0.004301075268817204
CUFF_NC.10224	5	15112855	15113525	+	0	0	0		5	0	5	0.0	9	0	9	0.0
CUFF_NC.10227	5	15120139	15120780	+	0	0	0		13	33	80	0.4125	121	40	855	0.04678362573099415
CUFF_NC.10228	5	15120188	15120656	-	0	0	0		12	33	78	0.4230769230769231	93	34	703	0.04836415362731152
CUFF_NC.10229	5	15135906	15136326	-	0	0	0		18	0	77	0.0	112	1	515	0.001941747572815534
CUFF_NC.10230	5	15141065	15141470	+	0	0	0		22	31	81	0.38271604938271603	98	34	453	0.07505518763796909
CUFF_NC.10231	5	15155066	15156088	+	0	0	0		40	81	210	0.38571428571428573	268	47	1377	0.03413217138707335
CUFF_NC.10232	5	15159144	15160177	-	0	0	0		49	0	309	0.0	326	4	1878	0.002129925452609159
CUFF_NC.10233	5	15176102	15180948	-	0	0	0		298	5	1675	0.0029850746268656717	1308	12	6651	0.0018042399639152007
CUFF_NC.10234	5	15179509	15180366	-	0	0	0		67	2	437	0.004576659038901602	261	4	1589	0.0025173064820641915
CUFF_NC.10237	5	15187860	15190030	-	0	0	0		106	2	530	0.0037735849056603774	437	6	1915	0.003133159268929504
CUFF_NC.10239	5	15199905	15200957	+	0	0	0		44	2	281	0.0071174377224199285	265	4	1301	0.0030745580322828594
CUFF_NC.10241	5	15201917	15202477	-	0	0	0		25	19	155	0.12258064516129032	160	10	961	0.01040582726326743
CUFF_NC.10235	5	15210620	15212422	-	0	0	0		33	3	134	0.022388059701492536	251	3	1256	0.0023885350318471337
CUFF_NC.10236	5	15213509	15215047	-	0	0	0		100	0	445	0.0	400	1	1705	0.0005865102639296188
CUFF_NC.10245	5	15233785	15237242	-	0	0	0		28	67	87	0.7701149425287356	59	18	190	0.09473684210526316
CUFF_NC.10247	5	15245747	15246433	+	0	0	0		13	4	87	0.04597701149425287	147	2	1078	0.0018552875695732839
CUFF_NC.10242	5	15247780	15252575	-	0	0	0		115	5	803	0.0062266500622665	1135	18	7552	0.0023834745762711866
CUFF_NC.10243	5	15249621	15250202	+	0	0	0		16	0	88	0.0	130	0	744	0.0
CUFF_NC.10244	5	15253088	15254286	+	0	0	0		28	17	215	0.07906976744186046	321	36	2174	0.01655933762649494
CUFF_NC.10271	5	15260663	15265619	-	0	0	0		317	3	1842	0.0016286644951140066	1340	14	7499	0.001866915588745166
CUFF_NC.10248	5	15268402	15269400	-	0	0	0		29	1	174	0.005747126436781609	229	6	1456	0.004120879120879121
CUFF_NC.10246	5	15273984	15274598	-	0	0	0		25	0	173	0.0	169	2	1070	0.001869158878504673
CUFF_NC.10259	5	15277224	15284819	+	0	0	0		396	149	2344	0.06356655290102389	1986	80	11881	0.0067334399461324804
CUFF_NC.10260	5	15278587	15282409	+	0	0	0		209	36	1206	0.029850746268656716	999	26	5962	0.004360952700436095
CUFF_NC.10261	5	15278966	15282605	+	0	0	0		204	76	1162	0.06540447504302926	943	47	5500	0.008545454545454545
CUFF_NC.10254	5	15288918	15289491	-	0	0	0		28	0	166	0.0	133	1	726	0.0013774104683195593
CUFF_NC.10250	5	15305763	15306945	-	0	0	0		70	1	337	0.002967359050445104	258	3	1179	0.002544529262086514
CUFF_NC.10249	5	15310560	15311272	+	0	0	0		52	0	284	0.0	179	2	894	0.0022371364653243847
CUFF_NC.10255	5	15315632	15316959	+	0	0	0		36	0	200	0.0	223	1	1009	0.0009910802775024777
CUFF_NC.10257	5	15320426	15321106	-	0	0	0		32	0	202	0.0	193	5	1210	0.004132231404958678
CUFF_NC.10258	5	15323916	15324335	-	0	0	0		17	0	82	0.0	123	1	605	0.001652892561983471
CUFF_NC.10262	5	15325793	15326581	-	0	0	0		37	0	174	0.0	203	1	828	0.0012077294685990338
CUFF_NC.10263	5	15330507	15331537	-	0	0	0		47	0	193	0.0	268	0	1127	0.0
CUFF_NC.10256	5	15342861	15343817	+	0	0	0		37	1	237	0.004219409282700422	225	2	1451	0.0013783597518952446
CUFF_NC.10264	5	15362716	15367329	-	0	0	0		208	3	1299	0.0023094688221709007	1263	11	7272	0.0015126512651265126
CUFF_NC.10265	5	15365249	15368919	-	0	0	0		104	1	661	0.0015128593040847202	659	7	3846	0.0018200728029121164
CUFF_NC.10268	5	15405672	15407553	-	0	0	0		188	4	1131	0.0035366931918656055	512	9	3007	0.0029930162953109413
CUFF_NC.10266	5	15411891	15416531	+	0	0	0		250	4	1559	0.0025657472738935213	1253	9	7284	0.0012355848434925864
CUFF_NC.10267	5	15414108	15415554	+	0	0	0		86	2	585	0.003418803418803419	399	3	2441	0.0012290045063498567
CUFF_NC.10269	5	15430185	15430884	+	0	0	0		29	1	175	0.005714285714285714	190	2	1327	0.0015071590052750565
CUFF_NC.10270	5	15439656	15440705	-	0	0	0		76	0	285	0.0	330	1	962	0.0010395010395010396
CUFF_NC.10273	5	15452724	15453777	+	0	0	0		48	0	247	0.0	242	3	1297	0.002313030069390902
CUFF_NC.10274	5	15468402	15469227	+	0	0	0		56	0	299	0.0	232	4	1195	0.0033472803347280333
CUFF_NC.10272	5	15477911	15478214	-	0	0	0		11	0	120	0.0	95	5	813	0.006150061500615006
CUFF_NC.10275	5	15482408	15482791	+	0	0	0		16	0	123	0.0	84	1	554	0.0018050541516245488
CUFF_NC.10277	5	15501142	15501966	-	0	0	0		37	1	148	0.006756756756756757	215	3	983	0.003051881993896236
CUFF_NC.10276	5	15506644	15507896	-	0	0	0		49	770	1288	0.5978260869565217	313	727	7720	0.09417098445595855
CUFF_NC.10292	5	15521973	15523163	-	0	0	0		23	3	105	0.02857142857142857	197	9	755	0.011920529801324504
CUFF_NC.10279	5	15585301	15589613	-	0	0	0		134	108	757	0.142668428005284	761	42	4209	0.009978617248752673
CUFF_NC.10278	5	15602370	15603549	+	0	0	0		51	0	303	0.0	348	5	1955	0.0025575447570332483
CUFF_NC.10283	5	15608485	15612503	-	0	0	0		239	0	1236	0.0	922	12	4386	0.0027359781121751026
CUFF_NC.10284	5	15611102	15614446	-	0	0	0		200	2	1097	0.0018231540565177757	728	14	3699	0.003784806704514734
CUFF_NC.10285	5	15611211	15614549	-	0	0	0		194	2	1078	0.0018552875695732839	730	14	3763	0.0037204358224820623
CUFF_NC.10286	5	15616677	15617948	-	0	0	0		104	0	569	0.0	257	0	1328	0.0
CUFF_NC.10287	5	15618505	15622288	-	0	0	0		32	1	215	0.004651162790697674	212	1	1157	0.000864304235090752
CUFF_NC.10280	5	15631406	15632401	-	0	0	0		44	1	270	0.003703703703703704	218	6	1242	0.004830917874396135
CUFF_NC.10281	5	15631497	15632481	+	0	0	0		44	1	275	0.0036363636363636364	211	6	1282	0.0046801872074883
CUFF_NC.10282	5	15634265	15636138	-	0	0	0		98	1	512	0.001953125	509	5	2419	0.002066969822240595
CUFF_NC.10289	5	15641465	15645089	-	0	0	0		147	2	645	0.0031007751937984496	748	3	3125	0.00096
CUFF_NC.10290	5	15671489	15676400	+	0	0	0		13	20	50	0.4	47	5	208	0.02403846153846154
CUFF_NC.10291	5	15685092	15689976	+	0	0	0		18	10	21	0.47619047619047616	71	8	125	0.064
CUFF_NC.10294	5	15709257	15709803	-	0	0	0		26	1	172	0.005813953488372093	147	1	1043	0.0009587727708533077
CUFF_NC.10293	5	15718255	15719423	+	0	0	0		2	3	3	1.0	9	10	19	0.5263157894736842
CUFF_NC.10296	5	15730729	15736153	+	0	0	0		88	18	468	0.038461538461538464	768	59	4278	0.013791491351098644
CUFF_NC.10297	5	15740477	15740864	+	0	0	0		10	0	70	0.0	94	1	607	0.0016474464579901153
CUFF_NC.10299	5	15744048	15744686	-	0	0	0		51	0	302	0.0	186	0	994	0.0
CUFF_NC.10298	5	15757476	15757969	-	0	0	0		24	0	139	0.0	144	2	770	0.0025974025974025974
CUFF_NC.10304	5	15760066	15760984	+	0	0	0		48	0	286	0.0	258	1	1350	0.0007407407407407407
CUFF_NC.10300	5	15763817	15764630	+	0	0	0		17	1	119	0.008403361344537815	82	3	564	0.005319148936170213
CUFF_NC.10303	5	15769706	15771377	+	0	0	0		46	6	215	0.027906976744186046	173	5	647	0.0077279752704791345
CUFF_NC.10302	5	15772652	15774386	-	0	0	0		81	0	403	0.0	464	5	2463	0.0020300446609825416
CUFF_NC.10305	5	15807637	15808071	-	0	0	0		11	0	75	0.0	106	1	743	0.0013458950201884253
CUFF_NC.10311	5	15821429	15821891	-	0	0	0		25	0	134	0.0	100	2	460	0.004347826086956522
CUFF_NC.10308	5	15827226	15827885	+	0	0	0		37	1	175	0.005714285714285714	186	3	877	0.0034207525655644243
CUFF_NC.10306	5	15828800	15829394	+	0	0	0		24	24	125	0.192	182	111	995	0.11155778894472362
CUFF_NC.10316	5	15843863	15845087	-	0	0	0		116	1	601	0.0016638935108153079	356	2	1329	0.0015048908954100827
CUFF_NC.10309	5	15850355	15850899	-	0	0	0		21	0	143	0.0	142	2	784	0.002551020408163265
CUFF_NC.10312	5	15859001	15859868	+	0	0	0		37	0	265	0.0	243	7	1389	0.005039596832253419
CUFF_NC.10314	5	15875105	15875907	-	0	0	0		59	0	189	0.0	192	0	659	0.0
CUFF_NC.10318	5	15880844	15881549	-	0	0	0		36	1	221	0.004524886877828055	189	5	1181	0.004233700254022015
CUFF_NC.10317	5	15883184	15883879	-	0	0	0		38	2	271	0.007380073800738007	202	3	1360	0.0022058823529411764
CUFF_NC.10315	5	15888064	15888734	-	0	0	0		30	9	145	0.06206896551724138	150	6	623	0.009630818619582664
CUFF_NC.10322	5	15905832	15911135	-	0	0	0		228	3	1677	0.0017889087656529517	1403	71	9611	0.0073873686400998855
CUFF_NC.10323	5	15928905	15930178	-	0	0	0		63	0	302	0.0	228	4	1074	0.0037243947858473
CUFF_NC.10324	5	15933328	15933876	+	0	0	0		17	0	36	0.0	77	0	145	0.0
CUFF_NC.10321	5	15950757	15951262	-	0	0	0		18	0	71	0.0	138	0	530	0.0
CUFF_NC.10319	5	15952154	15953070	+	0	0	0		20	17	123	0.13821138211382114	207	4	1164	0.003436426116838488
CUFF_NC.10320	5	15952260	15953075	-	0	0	0		18	17	120	0.14166666666666666	184	4	1129	0.00354295837023915
CUFF_NC.10325	5	15983339	15983782	-	0	0	0		19	0	142	0.0	101	0	702	0.0
CUFF_NC.10326	5	16029780	16033011	+	0	0	0		99	71	599	0.11853088480801335	771	115	4140	0.027777777777777776
CUFF_NC.10328	5	16034401	16034967	-	0	0	0		26	0	148	0.0	151	0	831	0.0
CUFF_NC.10327	5	16057090	16059044	-	0	0	0		115	2	618	0.003236245954692557	500	3	2438	0.0012305168170631665
CUFF_NC.10331	5	16069296	16069960	+	0	0	0		39	0	233	0.0	177	2	1012	0.001976284584980237
CUFF_NC.10332	5	16075801	16076327	+	0	0	0		24	0	155	0.0	146	1	889	0.0011248593925759281
CUFF_NC.10330	5	16086294	16087219	-	0	0	0		67	1	403	0.0024813895781637717	259	4	1494	0.002677376171352075
CUFF_NC.10329	5	16091166	16091522	-	0	0	0		19	1	104	0.009615384615384616	84	2	473	0.004228329809725159
CUFF_NC.10334	5	16093563	16093890	+	0	0	0		22	0	183	0.0	81	0	545	0.0
CUFF_NC.10336	5	16100668	16101671	-	0	0	0		41	0	223	0.0	245	9	1521	0.005917159763313609
CUFF_NC.10333	5	16120522	16120890	+	0	0	0		18	10	26	0.38461538461538464	43	8	65	0.12307692307692308
CUFF_NC.10339	5	16131604	16135212	+	0	0	0		219	2	1194	0.0016750418760469012	945	4	4243	0.0009427292010370022
CUFF_NC.10340	5	16141380	16141925	-	0	0	0		22	0	111	0.0	111	0	514	0.0
CUFF_NC.10335	5	16149490	16149907	+	0	0	0		18	9	151	0.059602649006622516	97	65	741	0.08771929824561403
CUFF_NC.10338	5	16157747	16158413	+	0	0	0		26	20	83	0.24096385542168675	127	29	526	0.055133079847908745
CUFF_NC.10346	5	16185494	16185790	+	0	0	0		18	0	98	0.0	70	1	333	0.003003003003003003
CUFF_NC.10342	5	16217180	16217554	-	0	0	0		42	0	197	0.0	112	1	599	0.001669449081803005
CUFF_NC.10341	5	16225364	16225818	-	0	0	0		20	0	148	0.0	124	3	862	0.0034802784222737818
CUFF_NC.10343	5	16240736	16241544	-	0	0	0		36	0	205	0.0	147	2	1040	0.0019230769230769232
CUFF_NC.10344	5	16242868	16243348	-	0	0	0		25	0	196	0.0	121	2	851	0.0023501762632197414
CUFF_NC.10345	5	16278104	16279552	-	0	0	0		81	2	416	0.004807692307692308	410	3	2170	0.0013824884792626728
CUFF_NC.10347	5	16287479	16290260	-	0	0	0		141	4	885	0.004519774011299435	757	8	4353	0.001837813002526993
CUFF_NC.10350	5	16290391	16291644	-	0	0	0		57	0	361	0.0	334	4	1748	0.002288329519450801
CUFF_NC.10351	5	16300304	16300754	-	0	0	0		1	0	3	0.0	53	1	249	0.004016064257028112
CUFF_NC.10348	5	16330072	16331333	+	0	0	0		86	1	442	0.0022624434389140274	364	3	1618	0.001854140914709518
CUFF_NC.10349	5	16334642	16336306	+	0	0	0		84	0	469	0.0	389	3	2095	0.001431980906921241
CUFF_NC.10352	5	16341769	16342353	-	0	0	0		51	0	308	0.0	139	0	776	0.0
CUFF_NC.10367	5	16395508	16401201	-	0	0	0		34	0	128	0.0	139	0	516	0.0
CUFF_NC.10368	5	16396186	16401716	-	0	0	0		50	0	265	0.0	293	1	1561	0.0006406149903907751
CUFF_NC.10369	5	16396884	16402293	-	0	0	0		75	0	448	0.0	469	6	2797	0.0021451555237754737
CUFF_NC.10370	5	16397255	16402707	-	0	0	0		96	1	589	0.001697792869269949	593	6	3728	0.001609442060085837
CUFF_NC.10353	5	16406675	16407256	+	0	0	0		35	0	181	0.0	124	0	607	0.0
CUFF_NC.10354	5	16438006	16440185	-	0	0	0		130	1	819	0.001221001221001221	621	9	3730	0.002412868632707775
CUFF_NC.10355	5	16455366	16455789	+	0	0	0		22	0	137	0.0	111	0	632	0.0
CUFF_NC.10359	5	16494620	16498916	+	0	0	0		211	2	1408	0.0014204545454545455	1189	12	7484	0.0016034206306787815
CUFF_NC.10360	5	16495407	16499607	+	0	0	0		216	3	1455	0.002061855670103093	1168	15	7818	0.001918649270913277
CUFF_NC.10361	5	16500673	16501162	+	0	0	0		39	1	261	0.0038314176245210726	112	2	704	0.002840909090909091
CUFF_NC.10363	5	16518314	16518750	+	0	0	0		26	0	171	0.0	121	1	701	0.0014265335235378032
CUFF_NC.10356	5	16536279	16536946	+	0	0	0		35	0	183	0.0	205	1	941	0.0010626992561105207
CUFF_NC.10358	5	16548373	16550014	-	0	0	0		99	0	560	0.0	381	5	1992	0.0025100401606425703
CUFF_NC.10357	5	16549631	16550750	+	0	0	0		62	26	454	0.05726872246696035	276	18	1599	0.01125703564727955
CUFF_NC.10362	5	16569556	16570296	+	0	0	0		58	2	334	0.005988023952095809	180	0	913	0.0
CUFF_NC.10364	5	16586189	16586791	+	0	0	0		36	0	169	0.0	153	2	756	0.0026455026455026454
CUFF_NC.10365	5	16605490	16606269	+	0	0	0		42	13	217	0.059907834101382486	227	43	1349	0.03187546330615271
CUFF_NC.10371	5	16617695	16618481	+	0	0	0		60	0	359	0.0	225	0	1258	0.0
CUFF_NC.10373	5	16656800	16658087	-	0	0	0		76	173	388	0.44587628865979384	350	90	1573	0.05721551176096631
CUFF_NC.10372	5	16660036	16660443	-	0	0	0		16	1	97	0.010309278350515464	96	0	688	0.0
CUFF_NC.10375	5	16665619	16667499	+	0	0	0		124	2	618	0.003236245954692557	511	4	2179	0.0018357044515832951
CUFF_NC.10374	5	16667709	16669002	-	0	0	0		95	0	500	0.0	358	3	1809	0.001658374792703151
CUFF_NC.10409	5	16674285	16675212	+	0	0	0		48	0	266	0.0	233	1	1158	0.0008635578583765112
CUFF_NC.10385	5	16689279	16695139	-	0	0	0		114	2	532	0.0037593984962406013	568	5	2793	0.0017901897601145722
CUFF_NC.10386	5	16689586	16695839	-	0	0	0		152	3	793	0.0037831021437578815	759	9	4060	0.0022167487684729066
CUFF_NC.10387	5	16690549	16696128	-	0	0	0		157	3	798	0.0037593984962406013	786	9	4102	0.0021940516821062897
CUFF_NC.10388	5	16690915	16697050	-	0	0	0		161	3	802	0.003740648379052369	794	9	4108	0.0021908471275559884
CUFF_NC.10389	5	16692750	16693592	-	0	0	0		17	1	59	0.01694915254237288	50	0	170	0.0
CUFF_NC.10378	5	16708951	16709475	-	0	0	0		24	0	105	0.0	124	0	551	0.0
CUFF_NC.10377	5	16710980	16711932	-	0	0	0		25	0	144	0.0	237	2	1518	0.0013175230566534915
CUFF_NC.10379	5	16727192	16728151	-	0	0	0		63	0	436	0.0	255	4	1835	0.0021798365122615805
CUFF_NC.10380	5	16730600	16732649	-	0	0	0		141	2	913	0.002190580503833516	554	2	2712	0.0007374631268436578
CUFF_NC.10384	5	16733596	16734242	-	0	0	0		31	0	159	0.0	142	0	687	0.0
CUFF_NC.10382	5	16738649	16739611	-	0	0	0		42	0	205	0.0	238	1	1203	0.0008312551953449709
CUFF_NC.10381	5	16752236	16752870	-	0	0	0		50	190	273	0.6959706959706959	194	98	1023	0.09579667644183773
CUFF_NC.10390	5	16754210	16754945	+	0	0	0		18	1	78	0.01282051282051282	157	1	589	0.001697792869269949
CUFF_NC.10396	5	16765224	16765737	+	0	0	0		20	0	123	0.0	140	0	847	0.0
CUFF_NC.10391	5	16767779	16768203	+	0	0	0		11	0	46	0.0	82	1	367	0.0027247956403269754
CUFF_NC.10393	5	16768905	16769580	-	0	0	0		27	0	131	0.0	192	3	949	0.003161222339304531
CUFF_NC.10394	5	16770070	16770573	-	0	0	0		25	0	121	0.0	164	3	787	0.0038119440914866584
CUFF_NC.10395	5	16779552	16781194	-	0	0	0		103	1	376	0.0026595744680851063	397	2	1433	0.0013956734124214933
CUFF_NC.10397	5	16789823	16790115	-	0	0	0		8	0	18	0.0	35	0	89	0.0
CUFF_NC.10402	5	16802769	16803398	-	0	0	0		41	0	261	0.0	188	6	1073	0.005591798695246971
CUFF_NC.10403	5	16803947	16804885	-	0	0	0		93	3	479	0.006263048016701462	271	1	1469	0.0006807351940095302
CUFF_NC.10398	5	16805489	16806472	-	0	0	0		32	4	169	0.023668639053254437	201	3	1086	0.0027624309392265192
CUFF_NC.10399	5	16812348	16812979	+	0	0	0		33	0	204	0.0	176	1	1097	0.0009115770282588879
CUFF_NC.10400	5	16815298	16816806	-	0	0	0		103	0	610	0.0	397	8	2094	0.0038204393505253103
CUFF_NC.10401	5	16819360	16820096	+	0	0	0		38	0	166	0.0	170	4	720	0.005555555555555556
CUFF_NC.10405	5	16820511	16821944	+	0	0	0		121	1	528	0.001893939393939394	361	7	1625	0.0043076923076923075
CUFF_NC.10406	5	16826594	16829021	-	0	0	0		155	4	885	0.004519774011299435	601	5	3408	0.0014671361502347417
CUFF_NC.10407	5	16829789	16832582	+	0	0	0		174	1	862	0.001160092807424594	837	4	4076	0.0009813542688910696
CUFF_NC.10404	5	16860326	16861266	-	0	0	0		55	1	291	0.003436426116838488	255	3	1391	0.002156721782890007
CUFF_NC.10408	5	16862959	16863426	+	0	0	0		16	0	95	0.0	135	2	842	0.0023752969121140144
CUFF_NC.10411	5	16865901	16866347	-	0	0	0		25	0	187	0.0	122	3	767	0.003911342894393742
CUFF_NC.10413	5	16887523	16888082	-	0	0	0		41	1	183	0.00546448087431694	116	1	579	0.0017271157167530224
CUFF_NC.10412	5	16893846	16894663	-	0	0	0		52	2	253	0.007905138339920948	186	2	925	0.002162162162162162
CUFF_NC.10410	5	16898640	16900104	-	0	0	0		58	1	286	0.0034965034965034965	379	2	1887	0.0010598834128245894
CUFF_NC.10414	5	16913500	16914039	+	0	0	0		15	0	75	0.0	89	0	402	0.0
CUFF_NC.10416	5	16926868	16927380	-	0	0	0		15	1	83	0.012048192771084338	87	0	290	0.0
CUFF_NC.10415	5	16929986	16930505	+	0	0	0		20	1	147	0.006802721088435374	134	3	880	0.003409090909090909
CUFF_NC.10417	5	16931885	16932729	-	0	0	0		47	2	311	0.006430868167202572	201	0	1132	0.0
CUFF_NC.10418	5	16937181	16937956	+	0	0	0		48	2	278	0.007194244604316547	192	4	899	0.004449388209121246
CUFF_NC.10422	5	16951640	16953050	-	0	0	0		104	0	522	0.0	382	3	1994	0.0015045135406218655
CUFF_NC.10419	5	16970627	16971089	+	0	0	0		26	90	124	0.7258064516129032	108	154	687	0.22416302765647744
CUFF_NC.10420	5	16973340	16974985	+	0	0	0		77	0	367	0.0	427	2	1925	0.001038961038961039
CUFF_NC.10425	5	16989037	16992257	+	0	0	0		257	3	1629	0.001841620626151013	904	10	5654	0.0017686593562079944
CUFF_NC.10421	5	17031153	17031557	+	0	0	0		27	1	119	0.008403361344537815	128	0	631	0.0
CUFF_NC.10423	5	17036522	17036936	+	0	0	0		26	0	138	0.0	126	1	643	0.0015552099533437014
CUFF_NC.10424	5	17045341	17046990	+	0	0	0		43	17	294	0.05782312925170068	349	10	2184	0.004578754578754579
CUFF_NC.10426	5	17076110	17076719	-	0	0	0		37	0	47	0.0	110	0	229	0.0
CUFF_NC.10427	5	17084251	17084798	+	0	0	0		26	0	127	0.0	119	2	647	0.0030911901081916537
CUFF_NC.10428	5	17084807	17085247	-	0	0	0		13	0	121	0.0	102	2	775	0.0025806451612903226
CUFF_NC.10430	5	17093596	17094254	+	0	0	0		54	221	376	0.5877659574468085	176	153	1188	0.12878787878787878
CUFF_NC.10429	5	17097765	17099575	+	0	0	0		118	0	611	0.0	425	3	1973	0.0015205271160669033
CUFF_NC.10436	5	17107916	17108578	-	0	0	0		39	2	297	0.006734006734006734	158	0	1067	0.0
CUFF_NC.10431	5	17114350	17115422	-	0	0	0		48	1	210	0.004761904761904762	316	3	1298	0.0023112480739599386
CUFF_NC.10432	5	17141635	17142075	+	0	0	0		15	0	123	0.0	127	2	857	0.002333722287047841
CUFF_NC.10433	5	17142572	17144660	+	0	0	0		80	1	484	0.002066115702479339	564	5	2830	0.0017667844522968198
CUFF_NC.10437	5	17154580	17155687	-	0	0	0		62	0	286	0.0	301	2	1211	0.0016515276630883566
CUFF_NC.10439	5	17166565	17167242	-	0	0	0		28	0	180	0.0	156	2	995	0.0020100502512562816
CUFF_NC.10434	5	17176855	17177952	-	0	0	0		65	1	419	0.002386634844868735	307	2	1692	0.001182033096926714
CUFF_NC.10435	5	17182046	17182825	+	0	0	0		25	1	97	0.010309278350515464	115	2	432	0.004629629629629629
CUFF_NC.10438	5	17184101	17185161	+	0	0	0		54	2	217	0.009216589861751152	291	2	1132	0.0017667844522968198
CUFF_NC.10440	5	17188766	17189380	+	0	0	0		26	0	151	0.0	201	3	944	0.0031779661016949155
CUFF_NC.10441	5	17231899	17234198	+	0	0	0		31	75	164	0.4573170731707317	384	115	1963	0.05858380030565461
CUFF_NC.10446	5	17234925	17235792	-	0	0	0		48	1	193	0.0051813471502590676	192	4	868	0.004608294930875576
CUFF_NC.10442	5	17251289	17252056	+	0	0	0		9	8	23	0.34782608695652173	31	8	123	0.06504065040650407
CUFF_NC.10445	5	17256355	17258177	+	0	0	0		128	0	623	0.0	408	2	1582	0.0012642225031605564
CUFF_NC.10447	5	17269986	17270497	+	0	0	0		32	0	85	0.0	126	0	282	0.0
CUFF_NC.10448	5	17271127	17272149	+	0	0	0		52	4	334	0.011976047904191617	249	3	1518	0.001976284584980237
CUFF_NC.10444	5	17279069	17280143	-	0	0	0		6	2	6	0.3333333333333333	27	2	27	0.07407407407407407
CUFF_NC.10443	5	17286562	17287137	-	0	0	0		14	0	62	0.0	151	0	636	0.0
CUFF_NC.10449	5	17289143	17290034	+	0	0	0		48	1	229	0.004366812227074236	187	2	869	0.0023014959723820483
CUFF_NC.10450	5	17313654	17314278	-	0	0	0		22	1	151	0.006622516556291391	207	2	1432	0.0013966480446927375
CUFF_NC.10453	5	17315542	17317285	+	0	0	0		138	3	905	0.0033149171270718232	431	1	2546	0.00039277297721916735
CUFF_NC.10451	5	17323662	17324807	+	0	0	0		14	0	32	0.0	84	1	186	0.005376344086021506
CUFF_NC.10452	5	17326368	17326864	+	0	0	0		6	0	15	0.0	95	0	248	0.0
CUFF_NC.10454	5	17327393	17327916	+	0	0	0		4	0	14	0.0	48	1	162	0.006172839506172839
CUFF_NC.10455	5	17338667	17339830	+	0	0	0		33	1	207	0.004830917874396135	284	5	1711	0.0029222676797194622
CUFF_NC.10461	5	17348325	17348603	-	0	0	0		10	0	28	0.0	55	0	157	0.0
CUFF_NC.10456	5	17357651	17358373	+	0	0	0		45	0	238	0.0	170	1	862	0.001160092807424594
CUFF_NC.10460	5	17361589	17362074	+	0	0	0		33	0	190	0.0	137	1	729	0.0013717421124828531
CUFF_NC.10458	5	17372037	17373122	+	0	0	0		32	0	154	0.0	311	5	1579	0.0031665611146295125
CUFF_NC.10457	5	17374804	17375218	+	0	0	0		7	0	20	0.0	53	0	215	0.0
CUFF_NC.10463	5	17376801	17377458	+	0	0	0		21	1	120	0.008333333333333333	169	1	828	0.0012077294685990338
CUFF_NC.10464	5	17378696	17379203	+	0	0	0		10	0	41	0.0	93	2	374	0.0053475935828877
CUFF_NC.10465	5	17379518	17380412	+	0	0	0		51	1	163	0.006134969325153374	161	0	501	0.0
CUFF_NC.10466	5	17382009	17382928	+	0	0	0		85	0	421	0.0	261	4	1106	0.003616636528028933
CUFF_NC.10462	5	17393562	17395261	+	0	0	0		130	1	540	0.001851851851851852	432	3	1735	0.001729106628242075
CUFF_NC.10472	5	17456072	17458784	+	0	0	0		136	1	711	0.0014064697609001407	685	10	3511	0.0028481913984619764
CUFF_NC.10478	5	17473143	17474872	-	0	0	0		55	35	224	0.15625	348	45	1466	0.030695770804911322
CUFF_NC.10469	5	17503124	17503714	-	0	0	0		56	0	332	0.0	161	0	881	0.0
CUFF_NC.10470	5	17503891	17504602	-	0	0	0		53	0	298	0.0	196	3	973	0.003083247687564234
CUFF_NC.10467	5	17509222	17510467	+	0	0	0		52	0	269	0.0	268	3	1436	0.0020891364902506965
CUFF_NC.10471	5	17524312	17525248	+	0	0	0		21	0	97	0.0	159	1	789	0.0012674271229404308
CUFF_NC.10474	5	17530414	17530712	-	0	0	0		4	0	21	0.0	87	1	442	0.0022624434389140274
CUFF_NC.10473	5	17546196	17546635	-	0	0	0		22	0	124	0.0	136	2	724	0.0027624309392265192
CUFF_NC.10492	5	17560292	17566438	-	0	0	0		53	0	197	0.0	259	2	912	0.0021929824561403508
CUFF_NC.10493	5	17560485	17566731	-	0	0	0		39	0	119	0.0	200	1	637	0.0015698587127158557
CUFF_NC.10494	5	17560815	17566828	-	0	0	0		26	0	52	0.0	107	0	173	0.0
CUFF_NC.10495	5	17561015	17566978	-	0	0	0		26	0	52	0.0	107	0	173	0.0
CUFF_NC.10496	5	17561331	17568546	-	0	0	0		35	0	95	0.0	138	0	262	0.0
CUFF_NC.10476	5	17585417	17586755	-	0	0	0		57	0	262	0.0	377	2	1450	0.001379310344827586
CUFF_NC.10475	5	17592719	17593511	+	0	0	0		33	1	158	0.006329113924050633	252	0	1031	0.0
CUFF_NC.10477	5	17618825	17619246	-	0	0	0		23	0	147	0.0	113	0	711	0.0
CUFF_NC.10480	5	17639944	17640649	+	0	0	0		46	1	252	0.003968253968253968	217	1	1065	0.0009389671361502347
CUFF_NC.10481	5	17643232	17643910	+	0	0	0		48	0	172	0.0	119	1	451	0.0022172949002217295
CUFF_NC.10479	5	17647473	17648095	-	0	0	0		18	0	79	0.0	132	2	480	0.004166666666666667
CUFF_NC.10482	5	17649968	17650318	+	0	0	0		19	0	86	0.0	84	1	379	0.002638522427440633
CUFF_NC.10484	5	17667525	17668288	+	0	0	0		45	1	133	0.007518796992481203	99	0	295	0.0
CUFF_NC.10483	5	17682234	17683366	-	0	0	0		71	1	390	0.002564102564102564	310	2	1725	0.0011594202898550724
CUFF_NC.10485	5	17686709	17688546	+	0	0	0		123	0	649	0.0	483	6	2610	0.0022988505747126436
CUFF_NC.10489	5	17713768	17717707	-	0	0	0		230	3	1169	0.0025662959794696323	1048	11	5089	0.0021615248575358615
CUFF_NC.10488	5	17720097	17720825	+	0	0	0		53	0	261	0.0	201	1	997	0.0010030090270812437
CUFF_NC.10486	5	17731094	17731824	-	0	0	0		46	1	164	0.006097560975609756	163	0	547	0.0
CUFF_NC.10487	5	17738433	17740001	+	0	0	0		112	3	593	0.00505902192242833	383	3	1800	0.0016666666666666668
CUFF_NC.10490	5	17740342	17741773	+	0	0	0		82	514	764	0.6727748691099477	335	441	3018	0.14612326043737575
CUFF_NC.10500	5	17743610	17743996	+	0	0	0		32	1	230	0.004347826086956522	106	2	675	0.002962962962962963
CUFF_NC.10491	5	17760860	17762036	-	0	0	0		83	1	421	0.0023752969121140144	315	1	1293	0.0007733952049497294
CUFF_NC.10497	5	17780147	17781224	-	0	0	0		69	0	385	0.0	262	4	1270	0.0031496062992125984
CUFF_NC.10502	5	17788199	17790107	-	0	0	0		131	3	622	0.00482315112540193	532	3	2360	0.001271186440677966
CUFF_NC.10501	5	17799655	17800725	-	0	0	0		59	0	234	0.0	299	6	1464	0.004098360655737705
CUFF_NC.10499	5	17806304	17807515	-	0	0	0		70	0	308	0.0	243	3	1020	0.0029411764705882353
CUFF_NC.10498	5	17812250	17812719	-	0	0	0		12	33	83	0.39759036144578314	72	31	471	0.06581740976645435
CUFF_NC.10508	5	17825213	17825742	+	0	0	0		21	0	133	0.0	147	0	804	0.0
CUFF_NC.10503	5	17831574	17832137	-	0	0	0		12	0	32	0.0	53	0	174	0.0
CUFF_NC.10507	5	17840472	17840921	+	0	0	0		38	0	232	0.0	115	2	687	0.002911208151382824
CUFF_NC.10505	5	17847246	17850636	+	0	0	0		139	84	800	0.105	819	113	4342	0.02602487333026255
CUFF_NC.10506	5	17857160	17858960	-	0	0	0		133	2	953	0.002098635886673662	492	4	3165	0.001263823064770932
CUFF_NC.10504	5	17864372	17865371	-	0	0	0		39	0	214	0.0	222	1	1113	0.0008984725965858042
CUFF_NC.10509	5	17878757	17882549	+	0	0	0		142	5	722	0.006925207756232687	734	12	3734	0.0032137118371719335
CUFF_NC.10510	5	17879192	17883048	+	0	0	0		158	5	853	0.005861664712778429	788	13	4187	0.0031048483401003107
CUFF_NC.10512	5	17899063	17900754	+	0	0	0		6	5	31	0.16129032258064516	37	2	116	0.017241379310344827
CUFF_NC.10513	5	17907078	17909298	+	0	0	0		72	1	276	0.0036231884057971015	338	1	1323	0.0007558578987150416
CUFF_NC.10511	5	17912994	17913555	-	0	0	0		19	0	108	0.0	177	2	917	0.0021810250817884407
CUFF_NC.10514	5	17927825	17928101	-	0	0	0		38	1	172	0.005813953488372093	86	1	404	0.0024752475247524753
CUFF_NC.10525	5	17947374	17948442	-	0	0	0		64	0	332	0.0	223	3	1056	0.002840909090909091
CUFF_NC.10516	5	17948730	17949762	-	0	0	0		35	0	199	0.0	225	2	1446	0.0013831258644536654
CUFF_NC.10515	5	17950368	17950795	+	0	0	0		9	0	79	0.0	129	2	901	0.0022197558268590455
CUFF_NC.10518	5	17962396	17962942	-	0	0	0		24	1	145	0.006896551724137931	148	2	773	0.00258732212160414
CUFF_NC.10517	5	17963285	17963990	+	0	0	0		49	0	234	0.0	180	0	931	0.0
CUFF_NC.10519	5	17968937	17969400	-	0	0	0		17	1	91	0.01098901098901099	114	3	769	0.0039011703511053317
CUFF_NC.10520	5	17969851	17971099	-	0	0	0		51	18	303	0.0594059405940594	314	55	1712	0.03212616822429906
CUFF_NC.10521	5	17985791	17986452	-	0	0	0		12	12	72	0.16666666666666666	136	10	548	0.01824817518248175
CUFF_NC.10524	5	17992895	17993381	-	0	0	0		17	1	118	0.00847457627118644	112	5	854	0.00585480093676815
CUFF_NC.10523	5	18001067	18001518	+	0	0	0		10	0	79	0.0	126	2	988	0.0020242914979757085
CUFF_NC.10522	5	18012198	18012483	-	0	0	0		12	29	43	0.6744186046511628	65	8	233	0.034334763948497854
CUFF_NC.10527	5	18015844	18016582	-	0	0	0		66	1	297	0.003367003367003367	204	0	946	0.0
CUFF_NC.10526	5	18019877	18021550	+	0	0	0		109	1	598	0.0016722408026755853	386	3	1951	0.0015376729882111738
CUFF_NC.10528	5	18036299	18036925	+	0	0	0		53	0	276	0.0	155	0	688	0.0
CUFF_NC.10529	5	18046414	18046984	+	0	0	0		26	1	92	0.010869565217391304	117	2	325	0.006153846153846154
CUFF_NC.10535	5	18093199	18094020	+	0	0	0		37	0	169	0.0	203	0	746	0.0
CUFF_NC.10532	5	18131756	18134594	+	0	0	0		103	65	599	0.10851419031719532	618	145	3391	0.042760247714538485
CUFF_NC.10531	5	18133841	18134285	-	0	0	0		29	0	140	0.0	123	1	581	0.0017211703958691911
CUFF_NC.10530	5	18135352	18136473	-	0	0	0		68	1	359	0.002785515320334262	300	2	1641	0.001218769043266301
CUFF_NC.10534	5	18141487	18146981	+	0	0	0		67	1	295	0.003389830508474576	215	0	774	0.0
CUFF_NC.10533	5	18149657	18154516	-	0	0	0		236	5	1430	0.0034965034965034965	1103	10	6499	0.0015386982612709647
CUFF_NC.10553	5	18177016	18177823	+	0	0	0		48	0	258	0.0	245	4	1324	0.0030211480362537764
CUFF_NC.10554	5	18185604	18186258	-	0	0	0		25	1	149	0.006711409395973154	185	1	1119	0.0008936550491510277
CUFF_NC.10539	5	18192319	18193412	+	0	0	0		0	0	0		8	0	8	0.0
CUFF_NC.10540	5	18218945	18219821	-	0	0	0		74	1	366	0.00273224043715847	152	0	629	0.0
CUFF_NC.10548	5	18246293	18246893	-	0	0	0		25	0	161	0.0	160	2	1019	0.001962708537782139
CUFF_NC.10546	5	18264739	18265131	-	0	0	0		24	1	135	0.007407407407407408	94	2	622	0.003215434083601286
CUFF_NC.10542	5	18277616	18278694	+	0	0	0		65	3	341	0.008797653958944282	343	4	1638	0.002442002442002442
CUFF_NC.10547	5	18332435	18332827	-	0	0	0		22	0	87	0.0	105	0	394	0.0
CUFF_NC.10544	5	18333442	18334246	+	0	0	0		31	1	168	0.005952380952380952	240	4	1208	0.0033112582781456954
CUFF_NC.10551	5	18386986	18388072	-	0	0	0		67	1	425	0.002352941176470588	223	1	1481	0.0006752194463200541
CUFF_NC.10552	5	18390121	18391610	-	0	0	0		42	1	232	0.004310344827586207	391	7	2579	0.002714230321830167
CUFF_NC.10549	5	18399365	18400366	-	0	0	0		94	0	447	0.0	281	2	1385	0.001444043321299639
CUFF_NC.10550	5	18410857	18411401	-	0	0	0		45	0	163	0.0	139	1	481	0.002079002079002079
CUFF_NC.10580	5	18412091	18413691	+	0	0	0		70	0	311	0.0	269	2	1154	0.0017331022530329288
CUFF_NC.10582	5	18414895	18415955	-	0	0	0		0	0	0		19	0	19	0.0
CUFF_NC.10581	5	18433732	18434493	+	0	0	0		0	0	0		38	1	85	0.011764705882352941
CUFF_NC.10556	5	18468855	18469505	-	0	0	0		64	0	439	0.0	184	4	1196	0.0033444816053511705
CUFF_NC.10555	5	18481338	18481710	+	0	0	0		21	1	119	0.008403361344537815	99	0	523	0.0
CUFF_NC.10558	5	18495270	18495666	+	0	0	0		14	0	43	0.0	72	1	241	0.004149377593360996
CUFF_NC.10557	5	18514929	18515729	+	0	0	0		53	0	151	0.0	210	1	660	0.0015151515151515152
CUFF_NC.10559	5	18537171	18538335	-	0	0	0		61	1	303	0.0033003300330033004	254	4	1237	0.0032336297493936943
CUFF_NC.10561	5	18540527	18541251	-	0	0	0		16	0	98	0.0	182	3	1112	0.002697841726618705
CUFF_NC.10562	5	18541690	18542071	-	0	0	0		21	0	143	0.0	103	2	686	0.0029154518950437317
CUFF_NC.10560	5	18563298	18564930	-	0	0	0		62	4	370	0.010810810810810811	468	37	2155	0.01716937354988399
CUFF_NC.10563	5	18575710	18576504	+	0	0	0		39	0	200	0.0	199	1	778	0.0012853470437017994
CUFF_NC.10564	5	18577549	18579261	+	0	0	0		122	0	592	0.0	360	3	1537	0.001951854261548471
CUFF_NC.10565	5	18586995	18588989	+	0	0	0		76	0	441	0.0	508	5	2820	0.0017730496453900709
CUFF_NC.10566	5	18590009	18591301	+	0	0	0		62	1	337	0.002967359050445104	297	3	1594	0.0018820577164366374
CUFF_NC.10567	5	18617862	18618554	-	0	0	0		57	0	321	0.0	172	0	980	0.0
CUFF_NC.10568	5	18624490	18627830	-	0	0	0		55	120	265	0.4528301886792453	483	237	2522	0.09397303727200634
CUFF_NC.10569	5	18626386	18627042	-	0	0	0		15	53	77	0.6883116883116883	88	32	398	0.08040201005025126
CUFF_NC.10570	5	18669319	18669750	-	0	0	0		0	0	0		5	0	10	0.0
CUFF_NC.10574	5	18687144	18688493	-	0	0	0		86	3	451	0.0066518847006651885	374	4	1802	0.0022197558268590455
CUFF_NC.10571	5	18689700	18690681	+	0	0	0		64	1	385	0.0025974025974025974	210	2	1079	0.0018535681186283596
CUFF_NC.10572	5	18701360	18702021	-	0	0	0		24	0	75	0.0	107	3	404	0.007425742574257425
CUFF_NC.10573	5	18705122	18705992	+	0	0	0		30	0	177	0.0	262	5	1553	0.003219575016097875
CUFF_NC.10576	5	18707598	18708229	+	0	0	0		34	0	165	0.0	151	3	667	0.004497751124437781
CUFF_NC.10577	5	18708422	18709969	+	0	0	0		71	2	399	0.005012531328320802	399	9	2133	0.004219409282700422
CUFF_NC.10579	5	18738491	18739126	-	0	0	0		24	2	158	0.012658227848101266	147	4	922	0.004338394793926247
CUFF_NC.10578	5	18745802	18747362	+	0	0	0		68	0	364	0.0	418	2	2142	0.0009337068160597573
CUFF_NC.10587	5	18759825	18766083	+	0	0	0		287	67	1805	0.0371191135734072	1642	43	10945	0.003928734582000913
CUFF_NC.10588	5	18761662	18767748	+	0	0	0		260	54	1525	0.03540983606557377	1609	35	9619	0.0036386318744152197
CUFF_NC.10584	5	18810988	18811951	+	0	0	0		53	0	293	0.0	227	1	1055	0.0009478672985781991
CUFF_NC.10596	5	18834275	18835499	-	0	0	0		61	1	390	0.002564102564102564	360	3	1955	0.001534526854219949
CUFF_NC.10606	5	18840446	18840772	-	0	0	0		24	0	126	0.0	91	0	444	0.0
CUFF_NC.10607	5	18841572	18842422	-	0	0	0		62	0	440	0.0	244	6	1616	0.0037128712871287127
CUFF_NC.10586	5	18863092	18864430	-	0	0	0		13	0	28	0.0	63	0	160	0.0
CUFF_NC.10590	5	18870478	18871778	-	0	0	0		10	0	20	0.0	28	0	70	0.0
CUFF_NC.10591	5	18871824	18872333	-	0	0	0		37	0	281	0.0	136	1	935	0.0010695187165775401
CUFF_NC.10593	5	18884312	18884659	+	0	0	0		16	0	53	0.0	55	0	185	0.0
CUFF_NC.10592	5	18891002	18891437	+	0	0	0		14	0	113	0.0	107	3	798	0.0037593984962406013
CUFF_NC.10594	5	18897622	18899252	+	0	0	0		103	4	636	0.006289308176100629	519	3	2695	0.0011131725417439704
CUFF_NC.10595	5	18907749	18908646	+	0	0	0		55	0	297	0.0	213	2	1027	0.0019474196689386564
CUFF_NC.10597	5	18930197	18931365	-	0	0	0		58	0	365	0.0	295	2	1669	0.0011983223487118035
CUFF_NC.10601	5	18946324	18946879	-	0	0	0		31	0	150	0.0	158	3	823	0.0036452004860267314
CUFF_NC.10599	5	18971445	18972004	+	0	0	0		34	0	240	0.0	139	1	968	0.0010330578512396695
CUFF_NC.10602	5	18974951	18976306	-	0	0	0		67	1	366	0.00273224043715847	379	5	1951	0.0025627883136852894
CUFF_NC.10598	5	18977447	18977879	-	0	0	0		21	0	114	0.0	130	0	627	0.0
CUFF_NC.10600	5	18979231	18980021	-	0	0	0		65	4	272	0.014705882352941176	203	6	791	0.007585335018963337
CUFF_NC.10603	5	18983768	18984988	+	0	0	0		62	1	367	0.0027247956403269754	264	4	1360	0.0029411764705882353
CUFF_NC.10604	5	18993053	18996955	-	0	0	0		146	6	1046	0.0057361376673040155	911	7	5985	0.0011695906432748538
CUFF_NC.10605	5	19002438	19004272	-	0	0	0		123	1	587	0.0017035775127768314	444	6	1871	0.003206841261357563
CUFF_NC.10609	5	19011108	19011888	-	0	0	0		64	0	359	0.0	204	2	1261	0.0015860428231562252
CUFF_NC.10615	5	19034059	19035425	-	0	0	0		105	1	491	0.002036659877800407	370	1	1735	0.0005763688760806917
CUFF_NC.10619	5	19048247	19048586	-	0	0	0		22	2	170	0.011764705882352941	100	2	782	0.0025575447570332483
CUFF_NC.10620	5	19049902	19051108	-	0	0	0		98	1	543	0.001841620626151013	292	3	1433	0.00209351011863224
CUFF_NC.10616	5	19051499	19052391	+	0	0	0		64	0	389	0.0	237	0	1241	0.0
CUFF_NC.10618	5	19052674	19053368	+	0	0	0		36	0	174	0.0	166	2	749	0.0026702269692923898
CUFF_NC.10610	5	19058033	19061465	+	0	0	0		111	23	733	0.03137789904502047	749	15	4998	0.003001200480192077
CUFF_NC.10611	5	19059618	19062711	+	0	0	0		99	21	650	0.03230769230769231	657	12	4435	0.002705749718151071
CUFF_NC.10612	5	19061186	19064320	+	0	0	0		92	44	594	0.07407407407407407	675	12	4572	0.0026246719160104987
CUFF_NC.10614	5	19077093	19077732	-	0	0	0		49	0	252	0.0	215	5	1110	0.0045045045045045045
CUFF_NC.10633	5	19088279	19089829	-	0	0	0		104	1	615	0.0016260162601626016	438	11	2512	0.004378980891719745
CUFF_NC.10613	5	19100421	19101064	-	0	0	0		14	0	85	0.0	168	1	971	0.0010298661174047373
CUFF_NC.10617	5	19106118	19107828	-	0	0	0		98	1	436	0.0022935779816513763	371	5	1590	0.0031446540880503146
CUFF_NC.10621	5	19115326	19115674	-	0	0	0		5	0	24	0.0	93	1	361	0.002770083102493075
CUFF_NC.10622	5	19120123	19120674	+	0	0	0		30	0	140	0.0	107	2	489	0.00408997955010225
CUFF_NC.10624	5	19124784	19125187	+	0	0	0		18	0	83	0.0	110	1	465	0.002150537634408602
CUFF_NC.10625	5	19127810	19128657	-	0	0	0		58	0	288	0.0	248	1	997	0.0010030090270812437
CUFF_NC.10626	5	19128765	19129369	-	0	0	0		18	0	49	0.0	140	1	623	0.0016051364365971107
CUFF_NC.10623	5	19139883	19140350	-	0	0	0		12	23	69	0.3333333333333333	101	4	605	0.006611570247933884
CUFF_NC.10628	5	19163416	19164230	+	0	0	0		40	0	255	0.0	186	5	1109	0.004508566275924256
CUFF_NC.10627	5	19172296	19172929	+	0	0	0		41	1	172	0.005813953488372093	160	2	671	0.0029806259314456036
CUFF_NC.10629	5	19189326	19190026	-	0	0	0		43	0	200	0.0	224	3	1128	0.0026595744680851063
CUFF_NC.10634	5	19202494	19205451	-	0	0	0		189	2	1286	0.0015552099533437014	800	15	5398	0.0027788069655427937
CUFF_NC.10631	5	19208328	19208659	-	0	0	0		25	0	126	0.0	89	0	424	0.0
CUFF_NC.10632	5	19211104	19211519	-	0	0	0		8	0	64	0.0	115	2	884	0.0022624434389140274
CUFF_NC.10630	5	19216384	19217937	+	0	0	0		91	1	537	0.00186219739292365	420	1	2630	0.00038022813688212925
CUFF_NC.10635	5	19231659	19232672	-	0	0	0		80	1	423	0.002364066193853428	267	2	1427	0.001401541695865452
CUFF_NC.10636	5	19235594	19236752	+	0	0	0		77	3	324	0.009259259259259259	259	4	1128	0.0035460992907801418
CUFF_NC.10637	5	19236820	19237886	+	0	0	0		72	0	413	0.0	308	4	1687	0.0023710729104919974
CUFF_NC.10638	5	19240666	19241230	+	0	0	0		30	0	128	0.0	149	1	770	0.0012987012987012987
CUFF_NC.10639	5	19289666	19290721	+	0	0	0		42	1	258	0.003875968992248062	236	3	1374	0.002183406113537118
CUFF_NC.10640	5	19294855	19297758	+	0	0	0		258	1	1484	0.0006738544474393531	846	11	4619	0.0023814678501840225
CUFF_NC.10641	5	19298448	19298881	+	0	0	0		40	0	185	0.0	116	3	560	0.005357142857142857
CUFF_NC.10642	5	19301559	19302270	+	0	0	0		47	1	221	0.004524886877828055	231	1	1159	0.0008628127696289905
CUFF_NC.10643	5	19302662	19304470	+	0	0	0		169	3	1002	0.0029940119760479044	541	7	3135	0.0022328548644338117
CUFF_NC.10644	5	19304999	19305494	+	0	0	0		7	0	57	0.0	135	3	1126	0.0026642984014209592
CUFF_NC.10647	5	19308280	19308936	+	0	0	0		48	1	246	0.0040650406504065045	199	1	1059	0.0009442870632672333
CUFF_NC.10645	5	19310383	19311707	+	0	0	0		105	0	572	0.0	393	8	2064	0.003875968992248062
CUFF_NC.10646	5	19316780	19317476	+	0	0	0		61	0	373	0.0	182	1	804	0.0012437810945273632
CUFF_NC.10655	5	19334532	19335226	+	0	0	0		54	1	308	0.003246753246753247	208	4	1263	0.003167062549485352
CUFF_NC.10656	5	19336703	19337115	+	0	0	0		20	0	141	0.0	125	2	995	0.0020100502512562816
CUFF_NC.10649	5	19338506	19339141	-	0	0	0		29	0	111	0.0	180	2	720	0.002777777777777778
CUFF_NC.10653	5	19350798	19353065	-	0	0	0		196	0	980	0.0	645	9	3041	0.00295955277869122
CUFF_NC.10654	5	19355418	19355789	-	0	0	0		41	2	255	0.00784313725490196	108	5	632	0.007911392405063292
CUFF_NC.10652	5	19364886	19365330	+	0	0	0		25	0	155	0.0	115	0	637	0.0
CUFF_NC.10648	5	19373932	19374574	+	0	0	0		28	0	126	0.0	157	0	1013	0.0
CUFF_NC.10650	5	19386424	19387542	+	0	0	0		112	1	638	0.001567398119122257	325	0	1684	0.0
CUFF_NC.10659	5	19401111	19402610	-	0	0	0		45	0	300	0.0	365	3	2318	0.0012942191544434857
CUFF_NC.10651	5	19403437	19404024	+	0	0	0		19	0	83	0.0	192	3	799	0.0037546933667083854
CUFF_NC.10657	5	19410399	19410896	+	0	0	0		49	1	329	0.00303951367781155	127	1	815	0.001226993865030675
CUFF_NC.10658	5	19411596	19412011	+	0	0	0		24	1	143	0.006993006993006993	102	1	421	0.0023752969121140144
CUFF_NC.10660	5	19462026	19462512	+	0	0	0		22	0	181	0.0	130	0	1072	0.0
CUFF_NC.10661	5	19491723	19492557	+	0	0	0		42	0	201	0.0	222	2	1328	0.0015060240963855422
CUFF_NC.10662	5	19516215	19516811	-	0	0	0		33	0	231	0.0	160	1	1048	0.0009541984732824427
CUFF_NC.10663	5	19516950	19518406	-	0	0	0		108	0	630	0.0	422	10	2549	0.003923107100823852
CUFF_NC.10666	5	19527977	19528645	+	0	0	0		60	0	232	0.0	176	1	514	0.0019455252918287938
CUFF_NC.10665	5	19532550	19533485	+	0	0	0		62	0	204	0.0	224	1	1093	0.0009149130832570906
CUFF_NC.10664	5	19540294	19540821	-	0	0	0		11	45	157	0.28662420382165604	106	60	1087	0.05519779208831647
CUFF_NC.10667	5	19541018	19542084	+	0	0	0		68	0	321	0.0	287	1	1038	0.0009633911368015414
CUFF_NC.10668	5	19557439	19558208	+	0	0	0		29	44	188	0.23404255319148937	192	25	1139	0.021949078138718173
CUFF_NC.10670	5	19564741	19565210	+	0	0	0		23	1	102	0.00980392156862745	148	0	531	0.0
CUFF_NC.10669	5	19566142	19566681	+	0	0	0		17	0	127	0.0	137	0	875	0.0
CUFF_NC.10671	5	19568873	19569796	-	0	0	0		48	0	194	0.0	254	1	1183	0.0008453085376162299
CUFF_NC.10673	5	19587813	19588296	-	0	0	0		34	3	158	0.0189873417721519	121	2	519	0.0038535645472061657
CUFF_NC.10672	5	19589748	19590368	-	0	0	0		28	0	148	0.0	182	0	817	0.0
CUFF_NC.10676	5	19618395	19622643	-	0	0	0		207	4	1313	0.0030464584920030465	1178	15	7795	0.001924310455420141
CUFF_NC.10677	5	19622951	19624232	-	0	0	0		59	1	361	0.002770083102493075	328	1	1819	0.0005497526113249038
CUFF_NC.10678	5	19629681	19630031	+	0	0	0		14	0	72	0.0	97	0	495	0.0
CUFF_NC.10679	5	19632022	19632805	+	0	0	0		57	0	400	0.0	244	1	1481	0.0006752194463200541
CUFF_NC.10674	5	19647806	19648149	+	0	0	0		14	0	71	0.0	99	2	625	0.0032
CUFF_NC.10675	5	19653109	19653397	-	0	0	0		17	1	101	0.009900990099009901	85	0	397	0.0
CUFF_NC.10681	5	19676897	19677727	-	0	0	0		46	0	344	0.0	222	2	1650	0.0012121212121212121
CUFF_NC.10680	5	19683776	19685322	-	0	0	0		92	0	410	0.0	330	1	1422	0.0007032348804500703
CUFF_NC.10683	5	19695947	19696482	+	0	0	0		30	0	194	0.0	153	3	975	0.003076923076923077
CUFF_NC.10682	5	19699218	19699819	-	0	0	0		40	0	233	0.0	162	1	908	0.0011013215859030838
CUFF_NC.10699	5	19714128	19714732	-	0	0	0		51	5	290	0.017241379310344827	167	0	773	0.0
CUFF_NC.10700	5	19716170	19716981	-	0	0	0		45	1	260	0.0038461538461538464	146	1	644	0.0015527950310559005
CUFF_NC.10698	5	19721644	19722003	+	0	0	0		19	1	113	0.008849557522123894	102	2	634	0.0031545741324921135
CUFF_NC.10685	5	19723529	19724775	+	0	0	0		66	0	443	0.0	358	8	2406	0.0033250207813798837
CUFF_NC.10686	5	19734530	19735164	+	0	0	0		35	0	193	0.0	115	2	594	0.003367003367003367
CUFF_NC.10687	5	19737519	19738434	-	0	0	0		66	3	377	0.007957559681697613	210	2	1122	0.0017825311942959
CUFF_NC.10684	5	19739374	19739907	+	0	0	0		19	0	99	0.0	153	2	716	0.002793296089385475
CUFF_NC.10688	5	19756423	19757096	-	0	0	0		24	0	130	0.0	179	1	839	0.0011918951132300357
CUFF_NC.10689	5	19804330	19804920	+	0	0	0		33	0	199	0.0	186	1	781	0.0012804097311139564
CUFF_NC.10690	5	19833942	19834485	+	0	0	0		19	0	99	0.0	159	1	823	0.001215066828675577
CUFF_NC.10692	5	19835378	19835823	-	0	0	0		25	0	94	0.0	159	0	379	0.0
CUFF_NC.10693	5	19836768	19837492	+	0	0	0		84	0	416	0.0	224	4	1208	0.0033112582781456954
CUFF_NC.10691	5	19843023	19843869	-	0	0	0		35	2	259	0.007722007722007722	223	4	1514	0.002642007926023778
CUFF_NC.10696	5	19853074	19853425	-	0	0	0		28	1	199	0.005025125628140704	96	0	609	0.0
CUFF_NC.10697	5	19855108	19856187	-	0	0	0		83	0	515	0.0	309	4	1883	0.002124269782262347
CUFF_NC.10694	5	19860821	19861468	-	0	0	0		38	0	183	0.0	187	1	870	0.0011494252873563218
CUFF_NC.10695	5	19864608	19865557	-	0	0	0		36	1	215	0.004651162790697674	305	4	1688	0.002369668246445498
CUFF_NC.10706	5	19871188	19871535	-	0	0	0		31	0	174	0.0	85	1	347	0.002881844380403458
CUFF_NC.10707	5	19872453	19873945	-	0	0	0		121	1	929	0.001076426264800861	391	6	2841	0.0021119324181626186
CUFF_NC.10701	5	19908676	19909511	+	0	0	0		36	0	234	0.0	203	1	997	0.0010030090270812437
CUFF_NC.10702	5	19915733	19917787	-	0	0	0		110	2	454	0.004405286343612335	613	5	2686	0.0018615040953090098
CUFF_NC.10704	5	19919232	19919815	+	0	0	0		31	2	213	0.009389671361502348	174	3	1234	0.0024311183144246355
CUFF_NC.10703	5	19923047	19923628	+	0	0	0		26	0	205	0.0	166	2	1263	0.001583531274742676
CUFF_NC.10709	5	19934390	19934990	-	0	0	0		62	0	422	0.0	198	3	1145	0.0026200873362445414
CUFF_NC.10710	5	19937266	19937919	-	0	0	0		53	0	332	0.0	187	4	1121	0.003568242640499554
CUFF_NC.10705	5	19938723	19939792	+	0	0	0		45	0	250	0.0	286	2	1730	0.0011560693641618498
CUFF_NC.10711	5	19943265	19945861	+	0	0	0		193	3	1273	0.002356637863315004	727	3	4736	0.000633445945945946
CUFF_NC.10712	5	19947255	19947761	+	0	0	0		25	0	130	0.0	122	1	653	0.0015313935681470138
CUFF_NC.10708	5	19949804	19950687	-	0	0	0		68	1	444	0.0022522522522522522	257	0	1397	0.0
CUFF_NC.10713	5	19969359	19969885	-	0	0	0		14	0	105	0.0	141	3	1013	0.0029615004935834156
CUFF_NC.10714	5	19976812	19977626	+	0	0	0		52	0	261	0.0	186	2	762	0.0026246719160104987
CUFF_NC.10715	5	19999011	20000054	+	0	0	0		29	0	151	0.0	319	0	1244	0.0
CUFF_NC.10716	5	20012092	20013947	+	0	0	0		112	1	516	0.001937984496124031	538	5	2521	0.0019833399444664813
CUFF_NC.10719	5	20033559	20034296	-	0	0	0		39	2	251	0.00796812749003984	218	15	1459	0.01028101439342015
CUFF_NC.10717	5	20051973	20052678	-	0	0	0		41	0	282	0.0	165	2	1054	0.0018975332068311196
CUFF_NC.10718	5	20061616	20062537	+	0	0	0		39	113	151	0.7483443708609272	247	248	900	0.27555555555555555
CUFF_NC.10721	5	20070495	20071402	-	0	0	0		56	1	282	0.0035460992907801418	172	0	895	0.0
CUFF_NC.10720	5	20072868	20073380	-	0	0	0		22	0	125	0.0	111	0	608	0.0
CUFF_NC.10728	5	20103107	20103814	-	0	0	0		40	1	187	0.0053475935828877	174	4	874	0.004576659038901602
CUFF_NC.10733	5	20106647	20112130	+	0	0	0		400	5	2215	0.002257336343115124	1356	9	7171	0.001255055082973086
CUFF_NC.10734	5	20110137	20110607	+	0	0	0		39	0	167	0.0	113	2	596	0.003355704697986577
CUFF_NC.10723	5	20128888	20129539	-	0	0	0		9	8	14	0.5714285714285714	28	3	43	0.06976744186046512
CUFF_NC.10725	5	20131908	20132444	+	0	0	0		36	0	230	0.0	160	1	921	0.0010857763300760044
CUFF_NC.10724	5	20134199	20134786	+	0	0	0		13	0	90	0.0	166	2	1013	0.0019743336623889436
CUFF_NC.10726	5	20135164	20135662	+	0	0	0		14	0	100	0.0	120	2	851	0.0023501762632197414
CUFF_NC.10727	5	20150703	20151007	-	0	0	0		5	1	32	0.03125	74	3	644	0.004658385093167702
CUFF_NC.10735	5	20154750	20156530	-	0	0	0		101	1	526	0.0019011406844106464	445	9	2329	0.0038643194504079004
CUFF_NC.10730	5	20161198	20162078	+	0	0	0		41	0	254	0.0	227	3	1468	0.0020435967302452314
CUFF_NC.10732	5	20168460	20169869	+	0	0	0		109	1	637	0.0015698587127158557	374	3	2029	0.0014785608674223755
CUFF_NC.10729	5	20170368	20170774	-	0	0	0		12	0	70	0.0	102	1	568	0.0017605633802816902
CUFF_NC.10739	5	20188612	20188983	-	0	0	0		30	1	227	0.004405286343612335	110	2	791	0.0025284450063211127
CUFF_NC.10736	5	20191798	20193638	-	0	0	0		93	0	371	0.0	510	1	2081	0.0004805382027871216
CUFF_NC.10748	5	20196928	20197239	-	0	0	0		17	0	74	0.0	89	1	363	0.0027548209366391185
CUFF_NC.10742	5	20202225	20207061	+	0	0	0		196	2	1029	0.001943634596695821	1271	17	6986	0.002433438305181792
CUFF_NC.10743	5	20202884	20207483	+	0	0	0		203	2	1036	0.0019305019305019305	1192	17	6487	0.002620625867118853
CUFF_NC.10744	5	20203303	20208153	+	0	0	0		199	3	966	0.003105590062111801	1256	19	6637	0.002862739189392798
CUFF_NC.10737	5	20214322	20214952	-	0	0	0		40	0	220	0.0	159	4	970	0.004123711340206186
CUFF_NC.10738	5	20214598	20215104	+	0	0	0		43	0	237	0.0	132	4	797	0.005018820577164366
CUFF_NC.10741	5	20220485	20221225	-	0	0	0		40	0	196	0.0	211	1	969	0.0010319917440660474
CUFF_NC.10740	5	20228775	20229117	-	0	0	0		21	0	163	0.0	80	1	553	0.0018083182640144665
CUFF_NC.10757	5	20264508	20270612	+	0	0	0		51	0	245	0.0	408	3	1837	0.001633097441480675
CUFF_NC.10750	5	20289507	20291438	+	0	0	0		115	2	557	0.003590664272890485	497	9	2245	0.004008908685968819
CUFF_NC.10751	5	20291829	20292457	+	0	0	0		24	0	111	0.0	143	1	645	0.0015503875968992248
CUFF_NC.10746	5	20303389	20303886	-	0	0	0		31	0	189	0.0	143	0	607	0.0
CUFF_NC.10747	5	20305421	20306277	-	0	0	0		77	2	406	0.0049261083743842365	271	2	1390	0.0014388489208633094
CUFF_NC.10745	5	20307223	20307930	+	0	0	0		36	0	247	0.0	184	1	1277	0.0007830853563038371
CUFF_NC.10749	5	20309022	20310615	+	0	0	0		122	1	698	0.0014326647564469914	463	6	2682	0.0022371364653243847
CUFF_NC.10752	5	20313676	20314454	+	0	0	0		32	129	254	0.5078740157480315	194	61	1341	0.04548844146159582
CUFF_NC.10755	5	20330134	20330495	-	0	0	0		26	0	174	0.0	102	1	712	0.0014044943820224719
CUFF_NC.10756	5	20333073	20333726	-	0	0	0		16	0	107	0.0	193	1	1067	0.0009372071227741331
CUFF_NC.10753	5	20334065	20335015	+	0	0	0		69	0	370	0.0	297	4	1567	0.0025526483726866626
CUFF_NC.10754	5	20344468	20345084	+	0	0	0		31	0	166	0.0	162	1	1027	0.0009737098344693282
CUFF_NC.10762	5	20354497	20360765	-	0	0	0		250	156	1331	0.11720510894064613	1424	171	8015	0.02133499688084841
CUFF_NC.10763	5	20356295	20356736	-	0	0	0		10	15	91	0.16483516483516483	100	16	814	0.019656019656019656
CUFF_NC.10760	5	20362913	20364557	-	0	0	0		67	1	426	0.002347417840375587	434	12	2621	0.004578405188859214
CUFF_NC.10758	5	20366059	20367128	-	0	0	0		59	1	213	0.004694835680751174	289	4	1196	0.0033444816053511705
CUFF_NC.10761	5	20369521	20371005	-	0	0	0		55	0	299	0.0	398	5	2162	0.002312673450508788
CUFF_NC.10765	5	20373411	20373913	-	0	0	0		14	0	105	0.0	129	0	760	0.0
CUFF_NC.10759	5	20384457	20385261	+	0	0	0		45	0	336	0.0	227	3	1697	0.0017678255745433118
CUFF_NC.10764	5	20386454	20387098	+	0	0	0		14	0	101	0.0	164	3	973	0.003083247687564234
CUFF_NC.10767	5	20405715	20406371	+	0	0	0		36	1	255	0.00392156862745098	179	0	1071	0.0
CUFF_NC.10768	5	20433100	20435237	-	0	0	0		95	1	719	0.0013908205841446453	559	7	4064	0.0017224409448818897
CUFF_NC.10766	5	20436911	20437527	-	0	0	0		26	0	95	0.0	191	2	790	0.002531645569620253
CUFF_NC.10772	5	20477565	20478011	-	0	0	0		32	1	201	0.004975124378109453	124	0	782	0.0
CUFF_NC.10780	5	20488261	20488861	+	0	0	0		37	0	257	0.0	147	1	969	0.0010319917440660474
CUFF_NC.10771	5	20493672	20494079	+	0	0	0		27	0	175	0.0	113	0	644	0.0
CUFF_NC.10770	5	20500886	20501871	+	0	0	0		68	0	299	0.0	236	3	1039	0.0028873917228103944
CUFF_NC.10769	5	20505248	20506838	+	0	0	0		89	1	421	0.0023752969121140144	419	1	1795	0.0005571030640668524
CUFF_NC.10775	5	20516278	20518159	+	0	0	0		133	2	783	0.002554278416347382	555	3	2624	0.0011432926829268292
CUFF_NC.10773	5	20518892	20519350	+	0	0	0		24	0	144	0.0	95	0	437	0.0
CUFF_NC.10774	5	20526764	20527470	+	0	0	0		20	127	156	0.8141025641025641	171	274	1076	0.25464684014869887
CUFF_NC.10776	5	20542105	20542800	-	0	0	0		31	0	121	0.0	191	0	850	0.0
CUFF_NC.10779	5	20543451	20544859	+	0	0	0		108	0	551	0.0	329	2	1436	0.001392757660167131
CUFF_NC.10777	5	20554847	20555842	+	0	0	0		77	0	310	0.0	264	4	1180	0.003389830508474576
CUFF_NC.10778	5	20557798	20558347	+	0	0	0		51	1	227	0.004405286343612335	157	1	678	0.0014749262536873156
CUFF_NC.10781	5	20560561	20561263	+	0	0	0		52	0	237	0.0	202	0	930	0.0
CUFF_NC.10782	5	20563492	20565069	+	0	0	0		13	1	80	0.0125	158	1	880	0.0011363636363636363
CUFF_NC.10785	5	20635880	20636576	+	0	0	0		35	2	136	0.014705882352941176	176	3	893	0.0033594624860022394
CUFF_NC.10786	5	20637379	20637861	+	0	0	0		23	0	152	0.0	145	2	793	0.0025220680958385876
CUFF_NC.10788	5	20642924	20643677	+	0	0	0		18	0	140	0.0	194	1	1470	0.0006802721088435374
CUFF_NC.10790	5	20660058	20661103	-	0	0	0		29	67	140	0.4785714285714286	185	165	845	0.1952662721893491
CUFF_NC.10791	5	20660077	20660976	+	0	0	0		25	63	111	0.5675675675675675	146	128	607	0.21087314662273476
CUFF_NC.10789	5	20670094	20670611	+	0	0	0		10	5	72	0.06944444444444445	118	14	956	0.014644351464435146
CUFF_NC.10792	5	20683309	20684072	-	0	0	0		26	1	142	0.007042253521126761	226	1	876	0.001141552511415525
CUFF_NC.10798	5	20696426	20697310	+	0	0	0		49	0	216	0.0	222	1	1082	0.0009242144177449168
CUFF_NC.10793	5	20705122	20706253	+	0	0	0		68	1	364	0.0027472527472527475	317	1	1407	0.0007107320540156361
CUFF_NC.10795	5	20711762	20712531	+	0	0	0		40	1	247	0.004048582995951417	219	1	1107	0.0009033423667570009
CUFF_NC.10796	5	20715735	20716898	+	0	0	0		97	3	547	0.005484460694698354	337	5	1648	0.003033980582524272
CUFF_NC.10797	5	20725176	20726077	-	0	0	0		82	0	461	0.0	295	5	1325	0.0037735849056603774
CUFF_NC.10794	5	20727480	20727919	-	0	0	0		20	1	116	0.008620689655172414	128	1	821	0.001218026796589525
CUFF_NC.10801	5	20752939	20753787	-	0	0	0		38	1	195	0.005128205128205128	228	1	1110	0.0009009009009009009
CUFF_NC.10799	5	20757639	20758599	+	0	0	0		27	0	158	0.0	269	3	1595	0.0018808777429467085
CUFF_NC.10800	5	20765138	20765602	-	0	0	0		33	0	231	0.0	123	0	929	0.0
CUFF_NC.10802	5	20828760	20829146	-	0	0	0		26	1	135	0.007407407407407408	106	1	592	0.0016891891891891893
CUFF_NC.10803	5	20878754	20880286	+	0	0	0		117	1	640	0.0015625	403	4	2126	0.0018814675446848542
CUFF_NC.10804	5	20898144	20898490	-	0	0	0		16	0	105	0.0	98	0	557	0.0
CUFF_NC.10806	5	20900027	20900816	-	0	0	0		37	0	234	0.0	197	3	1246	0.002407704654895666
CUFF_NC.10808	5	20905330	20905753	+	0	0	0		19	0	132	0.0	92	1	499	0.002004008016032064
CUFF_NC.10809	5	20914715	20919277	+	0	0	0		230	3	1338	0.002242152466367713	1133	21	7111	0.002953171143299114
CUFF_NC.10810	5	20917917	20918748	+	0	0	0		72	1	390	0.002564102564102564	220	7	1298	0.00539291217257319
CUFF_NC.10811	5	20936349	20937231	-	0	0	0		59	8	292	0.0273972602739726	243	8	1268	0.006309148264984227
CUFF_NC.10805	5	20939640	20941039	+	0	0	0		101	3	525	0.005714285714285714	329	7	1659	0.004219409282700422
CUFF_NC.10807	5	20945748	20946256	-	0	0	0		28	0	200	0.0	159	2	1079	0.0018535681186283596
CUFF_NC.10812	5	20958468	20959004	+	0	0	0		43	2	196	0.01020408163265306	148	2	606	0.0033003300330033004
CUFF_NC.10814	5	20993444	20995290	-	0	0	0		120	1	604	0.0016556291390728477	485	10	2363	0.004231908590774439
CUFF_NC.10815	5	21009422	21010049	-	0	0	0		33	0	153	0.0	164	2	838	0.002386634844868735
CUFF_NC.10816	5	21014398	21015118	-	0	0	0		4	3	10	0.3	54	2	288	0.006944444444444444
CUFF_NC.10818	5	21017629	21018089	-	0	0	0		26	0	142	0.0	137	0	540	0.0
CUFF_NC.10817	5	21020684	21021495	-	0	0	0		80	2	445	0.0044943820224719105	246	0	1291	0.0
CUFF_NC.10820	5	21031659	21032708	-	0	0	0		60	2	341	0.005865102639296188	208	2	823	0.002430133657351154
CUFF_NC.10819	5	21043051	21044454	+	0	0	0		48	0	209	0.0	363	3	1323	0.0022675736961451248
CUFF_NC.10821	5	21056194	21056977	+	0	0	0		33	0	118	0.0	239	0	944	0.0
CUFF_NC.10822	5	21080418	21080821	-	0	0	0		33	0	153	0.0	122	2	653	0.0030627871362940277
CUFF_NC.10823	5	21124120	21125135	+	0	0	0		74	2	437	0.004576659038901602	246	2	1201	0.0016652789342214821
CUFF_NC.10824	5	21128561	21128928	-	0	0	0		35	0	180	0.0	95	0	459	0.0
CUFF_NC.10828	5	21132615	21133191	-	0	0	0		52	0	241	0.0	195	1	745	0.0013422818791946308
CUFF_NC.10827	5	21138704	21144949	-	0	0	0		229	17	1328	0.012801204819277108	1543	82	9039	0.009071799977873659
CUFF_NC.10825	5	21152181	21153041	+	0	0	0		44	1	243	0.00411522633744856	227	2	1098	0.0018214936247723133
CUFF_NC.10826	5	21153695	21154193	+	0	0	0		33	1	147	0.006802721088435374	108	0	415	0.0
CUFF_NC.10832	5	21164846	21165852	-	0	0	0		42	63	212	0.2971698113207547	268	61	1283	0.0475448168355417
CUFF_NC.10830	5	21179732	21180470	+	0	0	0		34	1	210	0.004761904761904762	165	0	876	0.0
CUFF_NC.10835	5	21208818	21209672	+	0	0	0		88	0	490	0.0	199	0	1045	0.0
CUFF_NC.10836	5	21211443	21212080	+	0	0	0		33	1	199	0.005025125628140704	181	1	927	0.0010787486515641855
CUFF_NC.10831	5	21212892	21213571	-	0	0	0		40	0	232	0.0	199	4	1118	0.0035778175313059034
CUFF_NC.10834	5	21242151	21243387	-	0	0	0		110	4	576	0.006944444444444444	312	2	1220	0.001639344262295082
CUFF_NC.10833	5	21246096	21246627	+	0	0	0		26	0	152	0.0	165	1	906	0.0011037527593818985
CUFF_NC.10839	5	21259596	21261340	+	0	0	0		97	0	644	0.0	480	6	3556	0.001687289088863892
CUFF_NC.10842	5	21273816	21274405	-	0	0	0		28	0	116	0.0	161	2	754	0.002652519893899204
CUFF_NC.10840	5	21294571	21294853	-	0	0	0		16	0	83	0.0	106	0	340	0.0
CUFF_NC.10837	5	21301445	21302092	-	0	0	0		24	0	120	0.0	161	2	648	0.0030864197530864196
CUFF_NC.10838	5	21302197	21302648	-	0	0	0		33	1	172	0.005813953488372093	113	1	581	0.0017211703958691911
CUFF_NC.10841	5	21307201	21308147	-	0	0	0		95	0	403	0.0	207	1	879	0.0011376564277588168
CUFF_NC.10844	5	21318950	21321001	-	0	0	0		186	3	1162	0.0025817555938037868	603	7	3570	0.00196078431372549
CUFF_NC.10843	5	21343316	21343664	+	0	0	0		31	0	116	0.0	103	1	324	0.0030864197530864196
CUFF_NC.10846	5	21361344	21362159	+	0	0	0		50	0	276	0.0	226	4	1102	0.003629764065335753
CUFF_NC.10845	5	21382386	21383155	-	0	0	0		33	1	162	0.006172839506172839	158	0	915	0.0
CUFF_NC.10857	5	21384127	21386573	-	0	0	0		94	0	489	0.0	509	5	2785	0.0017953321364452424
CUFF_NC.10858	5	21384914	21385372	-	0	0	0		8	0	42	0.0	100	1	503	0.0019880715705765406
CUFF_NC.10847	5	21410630	21412308	-	0	0	0		59	0	349	0.0	339	3	1804	0.0016629711751662971
CUFF_NC.10849	5	21415836	21416324	+	0	0	0		34	1	143	0.006993006993006993	139	0	507	0.0
CUFF_NC.10848	5	21419674	21421684	+	0	0	0		97	0	586	0.0	517	8	2778	0.0028797696184305254
CUFF_NC.10850	5	21438002	21439261	+	0	0	0		52	0	362	0.0	327	3	2005	0.0014962593516209476
CUFF_NC.10851	5	21440545	21441585	-	0	0	0		34	0	257	0.0	230	7	1745	0.0040114613180515755
CUFF_NC.10852	5	21449743	21450162	-	0	0	0		11	0	40	0.0	111	1	513	0.001949317738791423
CUFF_NC.10854	5	21452654	21453944	+	0	0	0		50	0	308	0.0	322	1	1695	0.0005899705014749262
CUFF_NC.10853	5	21454528	21454935	+	0	0	0		7	0	31	0.0	104	0	534	0.0
CUFF_NC.10862	5	21457773	21459126	+	0	0	0		116	0	687	0.0	378	3	2352	0.0012755102040816326
CUFF_NC.10856	5	21466510	21468108	-	0	0	0		31	0	133	0.0	270	2	1205	0.0016597510373443983
CUFF_NC.10855	5	21470416	21473034	-	0	0	0		150	3	803	0.0037359900373599006	767	8	4234	0.001889466225791214
CUFF_NC.10860	5	21478697	21481994	-	0	0	0		152	4	949	0.004214963119072708	901	10	5757	0.0017370158068438423
CUFF_NC.10861	5	21480767	21481261	-	0	0	0		36	0	215	0.0	123	1	917	0.0010905125408942203
CUFF_NC.10859	5	21482153	21482584	+	0	0	0		28	0	185	0.0	107	2	628	0.0031847133757961785
CUFF_NC.10892	5	21497629	21498017	+	0	0	0		13	2	59	0.03389830508474576	78	1	395	0.002531645569620253
CUFF_NC.10891	5	21501675	21502283	-	0	0	0		40	0	206	0.0	175	0	756	0.0
CUFF_NC.10869	5	21509746	21511989	+	0	0	0		76	0	312	0.0	362	4	1613	0.0024798512089274642
CUFF_NC.10863	5	21513788	21514475	+	0	0	0		16	0	96	0.0	125	0	772	0.0
CUFF_NC.10864	5	21533264	21533697	-	0	0	0		3	0	22	0.0	123	2	983	0.002034587995930824
CUFF_NC.10874	5	21539468	21540156	+	0	0	0		36	0	119	0.0	197	2	752	0.0026595744680851063
CUFF_NC.10868	5	21551819	21552239	-	0	0	0		66	0	388	0.0	108	2	629	0.003179650238473768
CUFF_NC.10866	5	21558486	21558983	-	0	0	0		16	0	84	0.0	121	0	579	0.0
CUFF_NC.10867	5	21558699	21559226	+	0	0	0		12	0	50	0.0	82	0	285	0.0
CUFF_NC.10870	5	21567376	21567940	+	0	0	0		27	0	124	0.0	180	0	701	0.0
CUFF_NC.10871	5	21572278	21574351	+	0	0	0		52	0	346	0.0	497	6	3171	0.001892147587511826
CUFF_NC.10872	5	21603298	21604049	-	0	0	0		39	0	144	0.0	157	0	512	0.0
CUFF_NC.10873	5	21608315	21609276	-	0	0	0		45	0	153	0.0	182	1	704	0.0014204545454545455
CUFF_NC.10875	5	21637405	21638331	+	0	0	0		60	0	391	0.0	270	1	1665	0.0006006006006006006
CUFF_NC.10882	5	21650416	21651109	+	0	0	0		50	0	260	0.0	172	4	932	0.004291845493562232
CUFF_NC.10878	5	21674131	21675047	-	0	0	0		52	1	300	0.0033333333333333335	257	1	1446	0.0006915629322268327
CUFF_NC.10879	5	21684989	21686061	+	0	0	0		88	0	430	0.0	360	4	1662	0.0024067388688327317
CUFF_NC.10876	5	21715721	21716668	-	0	0	0		86	0	458	0.0	293	3	1656	0.0018115942028985507
CUFF_NC.10877	5	21716823	21717647	-	0	0	0		41	0	251	0.0	247	0	1369	0.0
CUFF_NC.10880	5	21727518	21728616	+	0	0	0		68	0	356	0.0	334	6	1596	0.0037593984962406013
CUFF_NC.10881	5	21751986	21752450	-	0	0	0		18	0	111	0.0	116	1	703	0.001422475106685633
CUFF_NC.10883	5	21772119	21772577	-	0	0	0		15	0	83	0.0	147	4	740	0.005405405405405406
CUFF_NC.10884	5	21817249	21817875	-	0	0	0		57	0	323	0.0	159	1	746	0.0013404825737265416
CUFF_NC.10887	5	21872805	21873322	+	0	0	0		11	0	53	0.0	143	3	594	0.005050505050505051
CUFF_NC.10889	5	21882356	21883536	+	0	0	0		87	1	521	0.0019193857965451055	303	2	1685	0.0011869436201780415
CUFF_NC.10886	5	21887530	21887854	+	0	0	0		8	0	26	0.0	70	0	197	0.0
CUFF_NC.10890	5	21895157	21896014	+	0	0	0		33	0	186	0.0	265	2	1089	0.0018365472910927456
CUFF_NC.10893	5	21927886	21928450	-	0	0	0		44	2	268	0.007462686567164179	131	0	690	0.0
CUFF_NC.10895	5	21932629	21938346	+	0	0	0		311	28	1725	0.016231884057971015	1464	34	7597	0.004475450835856259
CUFF_NC.10916	5	21953606	21955071	+	0	0	0		91	2	586	0.0034129692832764505	399	4	2280	0.0017543859649122807
CUFF_NC.10898	5	21984380	21984796	-	0	0	0		28	0	170	0.0	95	1	632	0.0015822784810126582
CUFF_NC.10899	5	21995779	21996639	+	0	0	0		47	0	234	0.0	270	1	945	0.0010582010582010583
CUFF_NC.10900	5	22012725	22013107	+	0	0	0		4	0	22	0.0	85	1	390	0.002564102564102564
CUFF_NC.10902	5	22023237	22024132	+	0	0	0		41	1	234	0.004273504273504274	238	4	1278	0.003129890453834116
CUFF_NC.10903	5	22029392	22030017	+	0	0	0		28	0	122	0.0	191	0	959	0.0
CUFF_NC.10938	5	22039740	22040479	+	0	0	0		74	1	287	0.003484320557491289	203	3	839	0.003575685339690107
CUFF_NC.10904	5	22054501	22054862	+	0	0	0		29	0	148	0.0	75	0	392	0.0
CUFF_NC.10901	5	22057230	22057988	+	0	0	0		55	1	318	0.0031446540880503146	224	4	1292	0.0030959752321981426
CUFF_NC.10905	5	22091561	22091966	-	0	0	0		28	0	109	0.0	109	1	401	0.0024937655860349127
CUFF_NC.10907	5	22114502	22115575	+	0	0	0		51	0	177	0.0	262	1	774	0.0012919896640826874
CUFF_NC.10906	5	22121268	22121870	-	0	0	0		21	0	111	0.0	169	1	810	0.0012345679012345679
CUFF_NC.10908	5	22152607	22153224	-	0	0	0		29	0	128	0.0	140	0	497	0.0
CUFF_NC.10909	5	22158423	22164182	-	0	0	0		201	4	945	0.004232804232804233	1236	15	6062	0.0024744308808973938
CUFF_NC.10914	5	22167145	22170650	+	0	0	0		208	4	1121	0.003568242640499554	938	13	4733	0.002746672300866258
CUFF_NC.10911	5	22185713	22186143	+	0	0	0		21	0	100	0.0	102	0	573	0.0
CUFF_NC.10910	5	22197676	22198236	+	0	0	0		54	1	296	0.0033783783783783786	141	0	742	0.0
CUFF_NC.10913	5	22219820	22220833	+	0	0	0		55	1	335	0.0029850746268656717	301	2	1721	0.0011621150493898896
CUFF_NC.10921	5	22233219	22233513	-	0	0	0		18	45	106	0.42452830188679247	85	73	405	0.18024691358024691
CUFF_NC.10922	5	22237009	22237607	+	0	0	0		16	0	134	0.0	136	1	1038	0.0009633911368015414
CUFF_NC.10915	5	22246656	22247555	-	0	0	0		70	0	382	0.0	275	2	1436	0.001392757660167131
CUFF_NC.10917	5	22260410	22262143	-	0	0	0		64	9	399	0.022556390977443608	399	21	2584	0.008126934984520124
CUFF_NC.10923	5	22272017	22276232	-	0	0	0		284	65	1521	0.042735042735042736	1100	86	6066	0.014177382129904385
CUFF_NC.10919	5	22280675	22281351	+	0	0	0		44	1	272	0.003676470588235294	211	3	1212	0.0024752475247524753
CUFF_NC.10918	5	22283635	22283973	-	0	0	0		21	0	139	0.0	90	1	569	0.0017574692442882249
CUFF_NC.10920	5	22298666	22299298	+	0	0	0		39	0	256	0.0	132	2	783	0.002554278416347382
CUFF_NC.10925	5	22310402	22310909	+	0	0	0		30	0	178	0.0	152	0	873	0.0
CUFF_NC.10924	5	22317294	22317716	-	0	0	0		17	0	115	0.0	113	1	755	0.0013245033112582781
CUFF_NC.10926	5	22320034	22323196	-	0	0	0		144	26	920	0.02826086956521739	788	146	5254	0.027788351732013702
CUFF_NC.10928	5	22330985	22332189	+	0	0	0		68	0	246	0.0	230	2	791	0.0025284450063211127
CUFF_NC.10930	5	22341130	22342267	-	0	0	0		39	2	140	0.014285714285714285	270	5	1401	0.0035688793718772305
CUFF_NC.10927	5	22357436	22358161	+	0	0	0		56	2	315	0.006349206349206349	168	1	905	0.0011049723756906078
CUFF_NC.10929	5	22366644	22367234	-	0	0	0		20	0	98	0.0	123	0	803	0.0
CUFF_NC.10931	5	22389427	22390164	-	0	0	0		74	1	340	0.0029411764705882353	148	1	625	0.0016
CUFF_NC.10932	5	22412740	22413208	+	0	0	0		12	1	56	0.017857142857142856	101	1	612	0.0016339869281045752
CUFF_NC.10936	5	22425381	22426243	+	0	0	0		61	1	423	0.002364066193853428	229	6	1651	0.0036341611144760752
CUFF_NC.10937	5	22427843	22428545	+	0	0	0		50	0	289	0.0	207	2	1059	0.0018885741265344666
CUFF_NC.10933	5	22436357	22441076	+	0	0	0		227	1	1363	0.0007336757153338225	1189	12	6705	0.0017897091722595079
CUFF_NC.10934	5	22437836	22438261	+	0	0	0		27	0	139	0.0	137	0	613	0.0
CUFF_NC.10935	5	22438360	22444914	+	0	0	0		295	3	1669	0.0017974835230677051	1557	17	8784	0.001935336976320583
CUFF_NC.10941	5	22448053	22449602	+	0	0	0		117	1	643	0.0015552099533437014	488	4	2685	0.0014897579143389199
CUFF_NC.10940	5	22455104	22455867	+	0	0	0		37	0	244	0.0	178	1	990	0.00101010101010101
CUFF_NC.10951	5	22469457	22470108	+	0	0	0		39	0	221	0.0	179	0	985	0.0
CUFF_NC.10939	5	22482377	22483076	-	0	0	0		52	0	242	0.0	197	1	664	0.0015060240963855422
CUFF_NC.10944	5	22486453	22488255	+	0	0	0		88	0	509	0.0	478	6	2672	0.002245508982035928
CUFF_NC.10945	5	22488956	22489297	+	0	0	0		22	1	143	0.006993006993006993	105	0	535	0.0
CUFF_NC.10942	5	22508488	22509423	+	0	0	0		29	0	204	0.0	242	1	1735	0.0005763688760806917
CUFF_NC.10943	5	22510748	22512049	+	0	0	0		29	72	171	0.42105263157894735	209	154	1199	0.12844036697247707
CUFF_NC.10949	5	22513767	22514592	+	0	0	0		43	88	215	0.40930232558139534	220	87	1212	0.07178217821782178
CUFF_NC.10948	5	22522164	22522657	+	0	0	0		24	1	106	0.009433962264150943	153	0	664	0.0
CUFF_NC.10947	5	22526934	22529632	-	0	0	0		118	6	704	0.008522727272727272	721	21	4083	0.005143277002204262
CUFF_NC.10946	5	22530230	22530483	-	0	0	0		7	0	43	0.0	76	2	422	0.004739336492890996
CUFF_NC.10950	5	22539322	22540449	-	0	0	0		58	0	378	0.0	266	5	950	0.005263157894736842
CUFF_NC.10952	5	22554970	22555806	+	0	0	0		59	0	314	0.0	232	3	1064	0.002819548872180451
CUFF_NC.10953	5	22563326	22564027	+	0	0	0		33	2	212	0.009433962264150943	223	2	1115	0.0017937219730941704
CUFF_NC.10955	5	22576430	22578655	-	0	0	0		90	0	539	0.0	675	7	3997	0.0017513134851138354
CUFF_NC.10956	5	22580715	22581564	+	0	0	0		9	8	9	0.8888888888888888	18	7	77	0.09090909090909091
CUFF_NC.10966	5	22587801	22588516	-	0	0	0		45	1	317	0.0031545741324921135	207	0	1215	0.0
CUFF_NC.10967	5	22591204	22592165	-	0	0	0		112	0	753	0.0	270	1	1655	0.0006042296072507553
CUFF_NC.10954	5	22606214	22606639	-	0	0	0		15	0	122	0.0	107	1	816	0.0012254901960784314
CUFF_NC.10960	5	22611659	22612059	-	0	0	0		47	1	253	0.003952569169960474	98	0	457	0.0
CUFF_NC.10957	5	22614558	22615095	+	0	0	0		3	0	3	0.0	4	0	4	0.0
CUFF_NC.10995	5	22622092	22624971	+	0	0	0		40	0	192	0.0	265	3	1089	0.0027548209366391185
CUFF_NC.10996	5	22627713	22633385	+	0	0	0		104	1	727	0.001375515818431912	493	4	3588	0.0011148272017837235
CUFF_NC.10959	5	22634361	22635609	+	0	0	0		47	1	244	0.004098360655737705	297	3	1330	0.002255639097744361
CUFF_NC.10969	5	22640110	22640756	+	0	0	0		55	1	289	0.0034602076124567475	197	0	1007	0.0
CUFF_NC.10962	5	22645592	22646661	+	0	0	0		44	0	278	0.0	311	5	1739	0.002875215641173088
CUFF_NC.10963	5	22648778	22649557	+	0	0	0		60	0	331	0.0	220	0	1132	0.0
CUFF_NC.10961	5	22665325	22666039	-	0	0	0		25	1	127	0.007874015748031496	153	1	965	0.0010362694300518134
CUFF_NC.10964	5	22666304	22667795	-	0	0	0		47	1	289	0.0034602076124567475	336	5	1819	0.002748763056624519
CUFF_NC.10965	5	22669197	22669733	-	0	0	0		7	0	20	0.0	138	2	516	0.003875968992248062
CUFF_NC.10979	5	22681267	22687131	-	0	0	0		365	6	2058	0.0029154518950437317	1569	23	8060	0.0028535980148883377
CUFF_NC.10978	5	22681748	22687798	-	0	0	0		380	6	2148	0.002793296089385475	1641	23	8641	0.002661728966554797
CUFF_NC.10970	5	22694737	22697874	-	0	0	0		235	6	1219	0.004922067268252666	811	8	3873	0.0020655822359927703
CUFF_NC.10971	5	22704298	22704666	-	0	0	0		19	0	118	0.0	112	2	680	0.0029411764705882353
CUFF_NC.10972	5	22719886	22720517	-	0	0	0		51	0	289	0.0	193	5	1100	0.004545454545454545
CUFF_NC.10973	5	22725240	22725742	-	0	0	0		34	0	139	0.0	119	1	443	0.002257336343115124
CUFF_NC.10984	5	22735637	22736365	-	0	0	0		31	0	198	0.0	148	1	907	0.0011025358324145535
CUFF_NC.10975	5	22753832	22757933	-	0	0	0		276	5	1557	0.0032113037893384713	1266	16	6755	0.0023686158401184307
CUFF_NC.10974	5	22758719	22759545	+	0	0	0		44	0	224	0.0	223	3	1260	0.002380952380952381
CUFF_NC.10976	5	22768867	22770391	+	0	0	0		112	0	562	0.0	435	1	2106	0.0004748338081671415
CUFF_NC.10980	5	22775371	22776071	+	0	0	0		45	0	225	0.0	206	1	924	0.0010822510822510823
CUFF_NC.10981	5	22776454	22777231	+	0	0	0		44	0	230	0.0	201	3	1035	0.002898550724637681
CUFF_NC.10977	5	22802367	22803742	-	0	0	0		82	0	417	0.0	394	1	1898	0.0005268703898840885
CUFF_NC.10982	5	22818233	22818909	-	0	0	0		40	0	203	0.0	195	1	840	0.0011904761904761906
CUFF_NC.10983	5	22822178	22822850	+	0	0	0		28	0	106	0.0	172	1	698	0.0014326647564469914
CUFF_NC.10985	5	22858361	22858785	+	0	0	0		13	0	105	0.0	120	2	877	0.002280501710376283
CUFF_NC.10986	5	22887532	22889324	-	0	0	0		51	0	316	0.0	404	7	2481	0.0028214429665457475
CUFF_NC.10987	5	22890830	22891573	-	0	0	0		36	0	219	0.0	218	4	1302	0.0030721966205837174
CUFF_NC.10990	5	22952908	22953834	+	0	0	0		78	3	523	0.0057361376673040155	243	4	1668	0.002398081534772182
CUFF_NC.10993	5	22956296	22957232	-	0	0	0		52	2	311	0.006430868167202572	241	5	1629	0.003069367710251688
CUFF_NC.10988	5	22961412	22962744	+	0	0	0		105	1	558	0.0017921146953405018	333	3	1928	0.0015560165975103733
CUFF_NC.10989	5	22963347	22963787	+	0	0	0		30	1	173	0.005780346820809248	120	1	731	0.0013679890560875513
CUFF_NC.10991	5	22964449	22964914	+	0	0	0		37	0	255	0.0	130	4	918	0.004357298474945534
CUFF_NC.10992	5	22965269	22965695	+	0	0	0		31	1	221	0.004524886877828055	118	1	809	0.0012360939431396785
CUFF_NC.11011	5	22985632	22986800	+	0	0	0		65	0	367	0.0	294	0	1421	0.0
CUFF_NC.10994	5	22992865	22993341	-	0	0	0		16	1	77	0.012987012987012988	114	0	637	0.0
CUFF_NC.11000	5	23006207	23006623	-	0	0	0		23	1	186	0.005376344086021506	108	3	926	0.0032397408207343412
CUFF_NC.11001	5	23006858	23008039	-	0	0	0		91	1	660	0.0015151515151515152	340	8	2325	0.0034408602150537634
CUFF_NC.10999	5	23023264	23023609	-	0	0	0		25	0	134	0.0	101	0	482	0.0
CUFF_NC.11002	5	23062067	23062575	+	0	0	0		33	0	117	0.0	131	0	511	0.0
CUFF_NC.11003	5	23063733	23064449	+	0	0	0		31	0	154	0.0	197	0	1057	0.0
CUFF_NC.11005	5	23074010	23074727	-	0	0	0		41	1	254	0.003937007874015748	164	3	1283	0.002338269680436477
CUFF_NC.11006	5	23076355	23076644	-	0	0	0		20	1	131	0.007633587786259542	90	4	651	0.006144393241167435
CUFF_NC.11009	5	23089001	23089596	-	0	0	0		20	0	139	0.0	150	2	849	0.002355712603062426
CUFF_NC.11004	5	23095873	23098267	-	0	0	0		179	0	769	0.0	547	3	2473	0.001213101496158512
CUFF_NC.11007	5	23135206	23136362	+	0	0	0		80	296	430	0.6883720930232559	217	116	898	0.1291759465478842
CUFF_NC.11019	5	23150225	23151367	-	0	0	0		71	1	385	0.0025974025974025974	314	2	1667	0.0011997600479904018
CUFF_NC.11020	5	23152040	23153377	-	0	0	0		73	2	436	0.0045871559633027525	349	2	1968	0.0010162601626016261
CUFF_NC.11018	5	23159471	23159975	+	0	0	0		41	1	237	0.004219409282700422	142	4	749	0.0053404539385847796
CUFF_NC.11014	5	23168133	23169483	-	0	0	0		83	1	540	0.001851851851851852	337	1	1874	0.0005336179295624333
CUFF_NC.11008	5	23176652	23177068	-	0	0	0		16	1	99	0.010101010101010102	111	1	711	0.0014064697609001407
CUFF_NC.11010	5	23188940	23189534	-	0	0	0		33	0	193	0.0	174	2	942	0.0021231422505307855
CUFF_NC.11012	5	23192842	23194401	-	0	0	0		48	1	319	0.003134796238244514	346	3	2233	0.0013434841021047917
CUFF_NC.11013	5	23197026	23199302	+	0	0	0		118	1	756	0.0013227513227513227	655	8	3687	0.0021697857336588013
CUFF_NC.11023	5	23216917	23217200	-	0	0	0		20	0	114	0.0	84	2	672	0.002976190476190476
CUFF_NC.11024	5	23220311	23220791	-	0	0	0		44	1	274	0.0036496350364963502	126	0	787	0.0
CUFF_NC.11016	5	23228553	23229162	-	0	0	0		24	0	129	0.0	152	0	803	0.0
CUFF_NC.11017	5	23255641	23256474	+	0	0	0		39	0	160	0.0	234	2	803	0.0024906600249066002
CUFF_NC.11015	5	23262874	23263538	+	0	0	0		26	0	122	0.0	175	1	850	0.001176470588235294
CUFF_NC.11021	5	23276033	23276698	-	0	0	0		57	0	347	0.0	207	2	1100	0.0018181818181818182
CUFF_NC.11022	5	23295734	23296168	-	0	0	0		12	0	52	0.0	159	4	583	0.00686106346483705
CUFF_NC.11026	5	23307132	23309431	+	0	0	0		91	0	464	0.0	568	2	2805	0.00071301247771836
CUFF_NC.11029	5	23310046	23310727	-	0	0	0		19	1	104	0.009615384615384616	125	3	605	0.0049586776859504135
CUFF_NC.11025	5	23313984	23314417	+	0	0	0		17	0	87	0.0	113	2	501	0.003992015968063872
CUFF_NC.11031	5	23318621	23319510	+	0	0	0		60	1	322	0.003105590062111801	253	0	1323	0.0
CUFF_NC.11028	5	23325181	23325899	-	0	0	0		57	0	345	0.0	213	0	1170	0.0
CUFF_NC.11030	5	23342912	23343262	+	0	0	0		10	0	70	0.0	107	2	594	0.003367003367003367
CUFF_NC.11027	5	23350371	23350980	+	0	0	0		18	0	141	0.0	92	0	503	0.0
CUFF_NC.11035	5	23355282	23356710	-	0	0	0		84	2	305	0.006557377049180328	243	3	852	0.0035211267605633804
CUFF_NC.11033	5	23357079	23358153	-	0	0	0		41	3	244	0.012295081967213115	253	1	1537	0.0006506180871828237
CUFF_NC.11032	5	23359259	23359672	-	0	0	0		20	0	57	0.0	134	1	458	0.002183406113537118
CUFF_NC.11037	5	23361512	23362014	+	0	0	0		32	2	175	0.011428571428571429	142	2	735	0.0027210884353741495
CUFF_NC.11038	5	23366017	23367063	+	0	0	0		57	0	247	0.0	227	5	857	0.005834305717619603
CUFF_NC.11034	5	23367817	23368394	-	0	0	0		19	0	119	0.0	133	1	622	0.001607717041800643
CUFF_NC.11044	5	23376169	23376634	-	0	0	0		39	1	184	0.005434782608695652	128	0	678	0.0
CUFF_NC.11040	5	23384862	23385975	-	0	0	0		90	2	346	0.005780346820809248	271	0	911	0.0
CUFF_NC.11041	5	23387287	23388278	-	0	0	0		84	3	400	0.0075	251	3	973	0.003083247687564234
CUFF_NC.11036	5	23394004	23394500	+	0	0	0		15	1	103	0.009708737864077669	124	4	754	0.005305039787798408
CUFF_NC.11042	5	23405390	23406250	+	0	0	0		33	0	181	0.0	181	3	1091	0.002749770852428964
CUFF_NC.11039	5	23406978	23407688	+	0	0	0		19	0	120	0.0	177	1	1112	0.0008992805755395684
CUFF_NC.11045	5	23412361	23413919	+	0	0	0		94	1	493	0.002028397565922921	440	1	2347	0.00042607584149978694
CUFF_NC.11043	5	23430406	23431334	+	0	0	0		47	0	196	0.0	173	0	619	0.0
CUFF_NC.11047	5	23432903	23433955	+	0	0	0		73	0	356	0.0	221	0	926	0.0
CUFF_NC.11048	5	23435779	23436808	+	0	0	0		69	1	393	0.002544529262086514	312	6	1763	0.003403289846851957
CUFF_NC.11049	5	23449668	23450959	+	0	0	0		90	0	450	0.0	329	1	1609	0.0006215040397762585
CUFF_NC.11046	5	23451110	23451745	+	0	0	0		39	0	242	0.0	184	4	1158	0.0034542314335060447
CUFF_NC.11053	5	23488935	23489755	-	0	0	0		69	1	367	0.0027247956403269754	239	3	973	0.003083247687564234
CUFF_NC.11054	5	23489958	23490315	-	0	0	0		30	0	120	0.0	111	3	546	0.005494505494505495
CUFF_NC.11051	5	23503310	23504185	+	0	0	0		78	1	464	0.0021551724137931034	248	1	1477	0.0006770480704129993
CUFF_NC.11050	5	23505499	23506130	+	0	0	0		60	0	277	0.0	191	0	808	0.0
CUFF_NC.11052	5	23515162	23515835	-	0	0	0		48	1	180	0.005555555555555556	184	3	612	0.004901960784313725
CUFF_NC.11063	5	23522992	23523495	+	0	0	0		29	0	176	0.0	164	1	907	0.0011025358324145535
CUFF_NC.11064	5	23527100	23527420	-	0	0	0		26	0	143	0.0	58	0	373	0.0
CUFF_NC.11055	5	23539016	23539852	-	0	0	0		46	1	382	0.002617801047120419	235	2	1752	0.001141552511415525
CUFF_NC.11070	5	23551633	23552237	-	0	0	0		32	0	198	0.0	167	2	931	0.0021482277121374865
CUFF_NC.11071	5	23552835	23553392	-	0	0	0		62	0	291	0.0	186	3	736	0.004076086956521739
CUFF_NC.11065	5	23571428	23572401	-	0	0	0		50	1	287	0.003484320557491289	267	8	1379	0.005801305293691081
CUFF_NC.11066	5	23582517	23585153	-	0	0	0		150	1	883	0.0011325028312570782	766	12	4343	0.002763067004374856
CUFF_NC.11057	5	23595889	23596826	-	0	0	0		59	0	304	0.0	245	2	1036	0.0019305019305019305
CUFF_NC.11056	5	23597974	23598674	+	0	0	0		35	0	183	0.0	226	0	1316	0.0
CUFF_NC.11058	5	23618124	23618626	-	0	0	0		16	0	82	0.0	146	1	1055	0.0009478672985781991
CUFF_NC.11059	5	23622210	23622587	+	0	0	0		39	1	176	0.005681818181818182	99	1	500	0.002
CUFF_NC.11060	5	23636410	23637029	-	0	0	0		28	2	205	0.00975609756097561	155	3	968	0.0030991735537190084
CUFF_NC.11062	5	23639689	23640314	+	0	0	0		42	0	210	0.0	215	2	857	0.002333722287047841
CUFF_NC.11061	5	23642953	23644214	-	0	0	0		92	0	421	0.0	379	6	1731	0.0034662045060658577
CUFF_NC.11077	5	23648250	23648683	+	0	0	0		33	0	100	0.0	96	0	345	0.0
CUFF_NC.11067	5	23656029	23657052	-	0	0	0		67	0	404	0.0	312	2	1805	0.00110803324099723
CUFF_NC.11068	5	23660043	23661418	-	0	0	0		86	3	421	0.007125890736342043	334	8	1534	0.005215123859191656
CUFF_NC.11069	5	23677503	23677923	+	0	0	0		24	1	131	0.007633587786259542	130	1	741	0.001349527665317139
CUFF_NC.11072	5	23686140	23687950	+	0	0	0		117	0	766	0.0	506	12	3237	0.0037071362372567192
CUFF_NC.11074	5	23700144	23700480	+	0	0	0		18	0	122	0.0	86	3	544	0.0055147058823529415
CUFF_NC.11073	5	23703462	23703965	-	0	0	0		31	0	202	0.0	141	1	897	0.0011148272017837235
CUFF_NC.11078	5	23715383	23716727	+	0	0	0		78	2	478	0.0041841004184100415	321	2	1845	0.001084010840108401
CUFF_NC.11075	5	23722345	23723118	+	0	0	0		69	1	365	0.0027397260273972603	176	1	760	0.0013157894736842105
CUFF_NC.11076	5	23730529	23733098	+	0	0	0		177	3	1195	0.002510460251046025	701	3	4173	0.0007189072609633358
CUFF_NC.11080	5	23760072	23762456	-	0	0	0		200	1	1102	0.0009074410163339383	641	4	3425	0.0011678832116788322
CUFF_NC.11081	5	23790698	23791365	+	0	0	0		26	1	148	0.006756756756756757	197	0	1057	0.0
CUFF_NC.11082	5	23794391	23796264	+	0	0	0		126	1	662	0.0015105740181268882	525	4	2522	0.0015860428231562252
CUFF_NC.11090	5	23807035	23807663	-	0	0	0		52	1	205	0.004878048780487805	142	1	326	0.003067484662576687
CUFF_NC.11083	5	23833442	23834821	+	0	0	0		56	0	221	0.0	371	3	1666	0.001800720288115246
CUFF_NC.11084	5	23841612	23842833	+	0	0	0		84	1	430	0.002325581395348837	277	2	1250	0.0016
CUFF_NC.11085	5	23848612	23849085	+	0	0	0		18	1	95	0.010526315789473684	118	0	658	0.0
CUFF_NC.11086	5	23863767	23865433	+	0	0	0		106	0	655	0.0	403	3	2600	0.001153846153846154
CUFF_NC.11088	5	23893793	23894252	+	0	0	0		12	0	80	0.0	94	0	717	0.0
CUFF_NC.11087	5	23903214	23903570	+	0	0	0		15	0	113	0.0	108	1	797	0.0012547051442910915
CUFF_NC.11091	5	23928934	23931731	-	0	0	0		121	2	697	0.0028694404591104736	726	6	4128	0.0014534883720930232
CUFF_NC.11089	5	23938139	23938547	+	0	0	0		24	1	172	0.005813953488372093	74	1	511	0.0019569471624266144
CUFF_NC.11092	5	23941143	23942076	-	0	0	0		44	1	234	0.004273504273504274	275	0	1360	0.0
CUFF_NC.11095	5	23952003	23952778	-	0	0	0		68	1	315	0.0031746031746031746	163	5	788	0.006345177664974619
CUFF_NC.11097	5	23960456	23960866	+	0	0	0		23	0	82	0.0	96	0	346	0.0
CUFF_NC.11093	5	23964862	23965503	-	0	0	0		14	0	105	0.0	149	2	902	0.0022172949002217295
CUFF_NC.11098	5	23966112	23967239	-	0	0	0		50	0	273	0.0	237	4	1496	0.00267379679144385
CUFF_NC.11096	5	23976223	23976585	-	0	0	0		19	0	79	0.0	103	2	420	0.004761904761904762
CUFF_NC.11094	5	23989903	23990582	-	0	0	0		25	1	172	0.005813953488372093	184	5	1143	0.004374453193350831
CUFF_NC.11099	5	23994129	23997653	+	0	0	0		171	0	972	0.0	801	6	4537	0.0013224597751818382
CUFF_NC.11114	5	24036968	24043243	-	0	0	0		95	1	729	0.0013717421124828531	332	4	2597	0.0015402387370042356
CUFF_NC.11115	5	24038532	24044627	-	0	0	0		103	1	778	0.0012853470437017994	388	6	3091	0.0019411193788417987
CUFF_NC.11116	5	24038918	24045067	-	0	0	0		103	1	778	0.0012853470437017994	386	6	3089	0.0019423761735189381
CUFF_NC.11117	5	24039141	24045496	-	0	0	0		98	1	767	0.001303780964797914	355	6	3013	0.0019913707268503153
CUFF_NC.11100	5	24051587	24051994	-	0	0	0		19	0	66	0.0	63	0	231	0.0
CUFF_NC.11106	5	24062302	24063366	-	0	0	0		50	0	285	0.0	297	4	1515	0.0026402640264026403
CUFF_NC.11102	5	24063949	24066215	+	0	0	0		178	0	827	0.0	499	3	2047	0.0014655593551538837
CUFF_NC.11104	5	24082424	24085932	+	0	0	0		156	4	889	0.0044994375703037125	916	9	5072	0.001774447949526814
CUFF_NC.11105	5	24084606	24084961	+	0	0	0		23	1	138	0.007246376811594203	87	1	636	0.0015723270440251573
CUFF_NC.11101	5	24088579	24089516	-	0	0	0		31	1	198	0.005050505050505051	194	2	1088	0.001838235294117647
CUFF_NC.11103	5	24090997	24092248	-	0	0	0		111	1	671	0.0014903129657228018	302	5	1801	0.00277623542476402
CUFF_NC.11107	5	24132046	24132751	-	0	0	0		23	0	110	0.0	124	1	515	0.001941747572815534
CUFF_NC.11108	5	24146235	24146712	+	0	0	0		27	0	162	0.0	143	4	774	0.00516795865633075
CUFF_NC.11112	5	24171875	24172996	+	0	0	0		45	1	274	0.0036496350364963502	262	2	1105	0.0018099547511312218
CUFF_NC.11109	5	24188680	24189859	+	0	0	0		73	0	416	0.0	332	1	1571	0.0006365372374283895
CUFF_NC.11110	5	24201982	24202847	-	0	0	0		8	0	26	0.0	48	0	178	0.0
CUFF_NC.11111	5	24214462	24215011	+	0	0	0		28	1	206	0.0048543689320388345	175	1	998	0.001002004008016032
CUFF_NC.11113	5	24220927	24221438	-	0	0	0		44	0	232	0.0	143	1	776	0.001288659793814433
CUFF_NC.11127	5	24260041	24262626	-	0	0	0		217	2	1450	0.001379310344827586	745	8	4777	0.0016746912288046892
CUFF_NC.11120	5	24282571	24283483	-	0	0	0		51	0	318	0.0	241	3	1512	0.001984126984126984
CUFF_NC.11122	5	24289220	24290807	-	0	0	0		111	0	469	0.0	534	7	2066	0.003388189738625363
CUFF_NC.11123	5	24289916	24290181	-	0	0	0		21	0	103	0.0	100	0	430	0.0
CUFF_NC.11121	5	24291158	24292184	+	0	0	0		58	1	290	0.0034482758620689655	286	3	1585	0.0018927444794952682
CUFF_NC.11118	5	24292934	24293646	-	0	0	0		29	1	209	0.004784688995215311	204	0	1393	0.0
CUFF_NC.11133	5	24300074	24300787	-	0	0	0		69	1	288	0.003472222222222222	185	3	784	0.003826530612244898
CUFF_NC.11135	5	24302142	24303168	-	0	0	0		52	1	309	0.003236245954692557	282	14	1528	0.009162303664921465
CUFF_NC.11125	5	24317121	24318590	+	0	0	0		80	0	309	0.0	385	1	1762	0.0005675368898978433
CUFF_NC.11126	5	24321505	24322956	-	0	0	0		57	0	362	0.0	424	1	2506	0.0003990422984836393
CUFF_NC.11124	5	24323348	24324169	-	0	0	0		66	1	314	0.0031847133757961785	234	4	1250	0.0032
CUFF_NC.11128	5	24334535	24334941	+	0	0	0		33	1	184	0.005434782608695652	119	1	657	0.0015220700152207
CUFF_NC.11129	5	24335044	24335835	+	0	0	0		39	0	228	0.0	259	2	1493	0.0013395847287340924
CUFF_NC.11130	5	24338254	24338847	+	0	0	0		35	0	178	0.0	137	1	643	0.0015552099533437014
CUFF_NC.11132	5	24348798	24350023	-	0	0	0		63	0	270	0.0	399	3	1556	0.0019280205655526992
CUFF_NC.11134	5	24360148	24363426	-	0	0	0		245	6	1386	0.004329004329004329	886	6	4854	0.0012360939431396785
CUFF_NC.11131	5	24373536	24374018	+	0	0	0		38	1	145	0.006896551724137931	123	1	512	0.001953125
CUFF_NC.11138	5	24375873	24376433	+	0	0	0		42	0	196	0.0	157	2	705	0.0028368794326241137
CUFF_NC.11136	5	24381045	24381582	+	0	0	0		36	0	170	0.0	152	0	696	0.0
CUFF_NC.11139	5	24385980	24386949	-	0	0	0		56	1	209	0.004784688995215311	197	1	944	0.001059322033898305
CUFF_NC.11140	5	24411118	24411757	+	0	0	0		73	0	376	0.0	156	1	827	0.0012091898428053204
CUFF_NC.11141	5	24414441	24415095	+	0	0	0		19	1	96	0.010416666666666666	181	1	989	0.0010111223458038423
CUFF_NC.11137	5	24415836	24416271	+	0	0	0		11	0	81	0.0	110	2	764	0.002617801047120419
CUFF_NC.11142	5	24418576	24419049	+	0	0	0		27	1	155	0.0064516129032258064	104	1	528	0.001893939393939394
CUFF_NC.11143	5	24438095	24438700	-	0	0	0		27	0	135	0.0	139	0	690	0.0
CUFF_NC.11144	5	24440680	24441877	-	0	0	0		116	0	583	0.0	336	1	1466	0.0006821282401091405
CUFF_NC.11146	5	24469889	24470787	-	0	0	0		39	1	269	0.0037174721189591076	264	3	1245	0.0024096385542168677
CUFF_NC.11145	5	24472425	24472874	-	0	0	0		20	0	118	0.0	133	1	694	0.001440922190201729
CUFF_NC.11147	5	24480883	24481706	-	0	0	0		66	0	258	0.0	186	2	751	0.002663115845539281
CUFF_NC.11150	5	24487079	24487801	+	0	0	0		48	0	248	0.0	210	2	1161	0.0017226528854435831
CUFF_NC.11148	5	24501056	24501617	+	0	0	0		55	0	301	0.0	143	3	773	0.0038809831824062097
CUFF_NC.11151	5	24515354	24517565	+	0	0	0		179	0	924	0.0	592	2	2920	0.0006849315068493151
CUFF_NC.11149	5	24528302	24529321	+	0	0	0		57	1	314	0.0031847133757961785	301	2	1354	0.0014771048744460858
CUFF_NC.11153	5	24549657	24550239	+	0	0	0		44	1	270	0.003703703703703704	160	1	907	0.0011025358324145535
CUFF_NC.11155	5	24571304	24571864	+	0	0	0		35	0	201	0.0	186	2	957	0.0020898641588296763
CUFF_NC.11158	5	24604460	24605378	+	0	0	0		59	0	318	0.0	276	2	1473	0.0013577732518669382
CUFF_NC.11154	5	24608631	24610095	-	0	0	0		101	1	455	0.002197802197802198	437	7	1934	0.0036194415718717684
CUFF_NC.11170	5	24619002	24619876	-	0	0	0		65	1	380	0.002631578947368421	266	2	1349	0.0014825796886582653
CUFF_NC.11156	5	24637049	24637748	-	0	0	0		53	1	289	0.0034602076124567475	202	3	905	0.0033149171270718232
CUFF_NC.11160	5	24651046	24651826	+	0	0	0		65	0	340	0.0	225	2	1186	0.0016863406408094434
CUFF_NC.11161	5	24652124	24653339	+	0	0	0		90	1	621	0.001610305958132045	332	1	2072	0.00048262548262548264
CUFF_NC.11157	5	24661676	24663279	+	0	0	0		62	1	383	0.0026109660574412533	355	5	1981	0.002523977788995457
CUFF_NC.11168	5	24677503	24678257	-	0	0	0		58	1	360	0.002777777777777778	224	2	1301	0.0015372790161414297
CUFF_NC.11159	5	24686705	24687273	+	0	0	0		22	0	66	0.0	166	0	843	0.0
CUFF_NC.11162	5	24707298	24707816	-	0	0	0		19	0	122	0.0	139	0	877	0.0
CUFF_NC.11163	5	24708345	24708759	-	0	0	0		28	1	187	0.0053475935828877	111	2	637	0.0031397174254317113
CUFF_NC.11164	5	24724487	24728290	+	0	0	0		228	8	1253	0.006384676775738229	987	15	4704	0.0031887755102040817
CUFF_NC.11167	5	24736587	24737611	+	0	0	0		51	0	240	0.0	264	1	1250	0.0008
CUFF_NC.11171	5	24742838	24743218	-	0	0	0		28	1	152	0.006578947368421052	82	1	494	0.0020242914979757085
CUFF_NC.11172	5	24746114	24746658	-	0	0	0		30	0	186	0.0	161	0	1010	0.0
CUFF_NC.11169	5	24755419	24756188	-	0	0	0		55	2	279	0.007168458781362007	195	2	934	0.0021413276231263384
CUFF_NC.11165	5	24758391	24759137	-	0	0	0		40	0	286	0.0	191	3	1223	0.0024529844644317253
CUFF_NC.11166	5	24766529	24767808	+	0	0	0		63	2	279	0.007168458781362007	353	1	1562	0.0006402048655569782
CUFF_NC.11173	5	24768316	24768677	+	0	0	0		9	0	62	0.0	80	2	552	0.0036231884057971015
CUFF_NC.11174	5	24770128	24771128	-	0	0	0		68	2	268	0.007462686567164179	278	1	1193	0.0008382229673093043
CUFF_NC.11178	5	24789360	24790206	+	0	0	0		49	2	279	0.007168458781362007	224	3	1299	0.0023094688221709007
CUFF_NC.11179	5	24795498	24795967	-	0	0	0		30	1	219	0.0045662100456621	128	1	894	0.0011185682326621924
CUFF_NC.11175	5	24799270	24799590	+	0	0	0		15	0	109	0.0	83	0	493	0.0
CUFF_NC.11181	5	24801515	24802608	-	0	0	0		59	1	379	0.002638522427440633	313	4	1843	0.002170374389582203
CUFF_NC.11182	5	24802025	24803143	-	0	0	0		64	1	459	0.002178649237472767	322	4	1954	0.0020470829068577278
CUFF_NC.11180	5	24803500	24804358	+	0	0	0		60	1	359	0.002785515320334262	220	0	1348	0.0
CUFF_NC.11183	5	24817363	24817792	-	0	0	0		7	0	31	0.0	58	0	181	0.0
CUFF_NC.11176	5	24828144	24829025	+	0	0	0		67	0	276	0.0	316	1	1136	0.0008802816901408451
CUFF_NC.11185	5	24830059	24831699	+	0	0	0		100	0	670	0.0	446	5	2816	0.0017755681818181818
CUFF_NC.11184	5	24846482	24846950	-	0	0	0		37	0	172	0.0	120	0	610	0.0
CUFF_NC.11191	5	24875594	24876021	-	0	0	0		23	1	169	0.005917159763313609	111	0	672	0.0
CUFF_NC.11192	5	24878700	24879275	+	0	0	0		33	1	177	0.005649717514124294	161	0	900	0.0
CUFF_NC.11193	5	24883405	24884851	+	0	0	0		67	0	358	0.0	340	3	1629	0.001841620626151013
CUFF_NC.11187	5	24892429	24892985	-	0	0	0		50	1	395	0.002531645569620253	134	1	961	0.001040582726326743
CUFF_NC.11189	5	24900117	24900600	+	0	0	0		38	1	221	0.004524886877828055	126	0	718	0.0
CUFF_NC.11186	5	24908683	24909194	+	0	0	0		35	152	257	0.5914396887159533	114	226	803	0.28144458281444584
CUFF_NC.11188	5	24915353	24917383	-	0	0	0		110	2	660	0.0030303030303030303	486	3	2682	0.0011185682326621924
CUFF_NC.11190	5	24934053	24934607	+	0	0	0		33	0	176	0.0	157	1	825	0.0012121212121212121
CUFF_NC.11194	5	24934771	24935863	+	0	0	0		87	2	571	0.0035026269702276708	308	2	1716	0.0011655011655011655
CUFF_NC.11195	5	24936831	24937256	+	0	0	0		26	2	145	0.013793103448275862	116	1	566	0.0017667844522968198
CUFF_NC.11198	5	24952509	24953303	+	0	0	0		49	0	347	0.0	206	3	1004	0.00298804780876494
CUFF_NC.11197	5	24954329	24955497	+	0	0	0		58	0	395	0.0	314	3	1799	0.0016675931072818232
CUFF_NC.11196	5	24962797	24963270	+	0	0	0		28	0	147	0.0	111	0	649	0.0
CUFF_NC.11202	5	24973202	24975847	+	0	0	0		157	2	777	0.002574002574002574	713	1	3449	0.00028993911278631486
CUFF_NC.11199	5	24978813	24980180	+	0	0	0		99	0	508	0.0	340	5	1809	0.002763957987838585
CUFF_NC.11200	5	24986410	24987106	+	0	0	0		48	0	199	0.0	179	4	786	0.005089058524173028
CUFF_NC.11201	5	24988354	24990355	+	0	0	0		126	1	628	0.0015923566878980893	444	3	1996	0.001503006012024048
CUFF_NC.11205	5	25000713	25001089	-	0	0	0		22	2	181	0.011049723756906077	108	3	866	0.003464203233256351
CUFF_NC.11203	5	25008981	25010003	-	0	0	0		92	0	548	0.0	281	2	1581	0.001265022137887413
CUFF_NC.11204	5	25013575	25014106	-	0	0	0		30	1	127	0.007874015748031496	146	0	551	0.0
CUFF_NC.11206	5	25017500	25018118	-	0	0	0		22	0	129	0.0	167	3	844	0.0035545023696682463
CUFF_NC.11208	5	25033620	25034209	-	0	0	0		59	0	266	0.0	162	0	688	0.0
CUFF_NC.11207	5	25034865	25035574	+	0	0	0		23	0	156	0.0	165	2	1007	0.0019860973187686196
CUFF_NC.11210	5	25037194	25038207	-	0	0	0		54	0	295	0.0	290	3	1550	0.001935483870967742
CUFF_NC.11209	5	25040563	25041415	-	0	0	0		28	1	181	0.0055248618784530384	254	12	1508	0.007957559681697613
CUFF_NC.11213	5	25053161	25054919	+	0	0	0		60	2	434	0.004608294930875576	448	9	2302	0.003909643788010426
CUFF_NC.11211	5	25066605	25067399	-	0	0	0		44	0	270	0.0	206	2	1213	0.0016488046166529267
CUFF_NC.11214	5	25069099	25071073	+	0	0	0		90	0	517	0.0	522	4	2921	0.0013693940431359123
CUFF_NC.11212	5	25071465	25073129	+	0	0	0		94	0	566	0.0	438	5	2870	0.0017421602787456446
CUFF_NC.11216	5	25076063	25077278	-	0	0	0		96	0	536	0.0	314	4	1729	0.002313475997686524
CUFF_NC.11215	5	25079170	25080379	+	0	0	0		53	3	326	0.009202453987730062	362	7	1960	0.0035714285714285713
CUFF_NC.11217	5	25092696	25093606	-	0	0	0		41	0	267	0.0	251	4	1520	0.002631578947368421
CUFF_NC.11218	5	25094719	25095155	-	0	0	0		29	0	143	0.0	127	2	638	0.003134796238244514
CUFF_NC.11222	5	25100305	25100842	+	0	0	0		32	0	238	0.0	151	1	1078	0.0009276437847866419
CUFF_NC.11219	5	25109711	25111744	-	0	0	0		156	0	650	0.0	543	5	2049	0.002440214738897023
CUFF_NC.11220	5	25119708	25121351	-	0	0	0		132	2	662	0.0030211480362537764	439	4	2071	0.001931434089811685
CUFF_NC.11229	5	25133811	25134971	+	0	0	0		69	1	354	0.002824858757062147	274	2	1293	0.0015467904098994587
CUFF_NC.11221	5	25149377	25150434	+	0	0	0		86	1	404	0.0024752475247524753	285	0	1322	0.0
CUFF_NC.11226	5	25161416	25161919	-	0	0	0		45	0	234	0.0	145	3	737	0.004070556309362279
CUFF_NC.11224	5	25181393	25186603	-	0	0	0		406	4	1574	0.0025412960609911056	1368	13	5671	0.0022923646623170518
CUFF_NC.11223	5	25190026	25190346	-	0	0	0		31	0	144	0.0	83	0	402	0.0
CUFF_NC.11225	5	25191729	25192961	-	0	0	0		56	0	302	0.0	279	5	1633	0.003061849357011635
CUFF_NC.11230	5	25208597	25209879	+	0	0	0		77	1	311	0.003215434083601286	363	1	1449	0.0006901311249137336
CUFF_NC.11227	5	25210318	25211486	-	0	0	0		86	0	432	0.0	263	0	1146	0.0
CUFF_NC.11231	5	25216811	25217355	+	0	0	0		30	0	159	0.0	137	2	694	0.002881844380403458
CUFF_NC.11228	5	25226542	25227501	+	0	0	0		48	3	280	0.010714285714285714	253	7	1260	0.005555555555555556
CUFF_NC.11233	5	25231052	25231580	+	0	0	0		32	0	133	0.0	133	3	593	0.00505902192242833
CUFF_NC.11232	5	25233839	25234688	-	0	0	0		61	0	273	0.0	176	1	862	0.001160092807424594
CUFF_NC.11236	5	25239100	25240235	-	0	0	0		57	0	309	0.0	225	1	1171	0.0008539709649871904
CUFF_NC.11234	5	25246808	25247284	-	0	0	0		20	0	92	0.0	140	2	659	0.0030349013657056147
CUFF_NC.11237	5	25266210	25267601	-	0	0	0		54	1	340	0.0029411764705882353	299	3	1771	0.0016939582156973462
CUFF_NC.11235	5	25291051	25291525	-	0	0	0		6	0	13	0.0	40	0	97	0.0
CUFF_NC.11240	5	25308616	25309409	+	0	0	0		55	1	229	0.004366812227074236	230	1	1119	0.0008936550491510277
CUFF_NC.11238	5	25311278	25311783	+	0	0	0		21	0	122	0.0	115	1	636	0.0015723270440251573
CUFF_NC.11241	5	25313325	25315828	+	0	0	0		117	0	659	0.0	594	5	3084	0.001621271076523995
CUFF_NC.11242	5	25314565	25315441	+	0	0	0		44	0	217	0.0	224	3	974	0.003080082135523614
CUFF_NC.11243	5	25322817	25324126	-	0	0	0		79	1	381	0.0026246719160104987	306	3	1396	0.002148997134670487
CUFF_NC.11239	5	25327358	25327807	+	0	0	0		7	0	40	0.0	111	1	695	0.0014388489208633094
CUFF_NC.11246	5	25333838	25334693	+	0	0	0		57	2	271	0.007380073800738007	194	3	909	0.0033003300330033004
CUFF_NC.11247	5	25335048	25335615	+	0	0	0		38	1	199	0.005025125628140704	122	4	601	0.0066555740432612314
CUFF_NC.11244	5	25342070	25342699	+	0	0	0		34	0	165	0.0	169	3	808	0.0037128712871287127
CUFF_NC.11248	5	25346728	25348689	-	0	0	0		179	8	1109	0.007213706041478809	542	6	3056	0.001963350785340314
CUFF_NC.11261	5	25375936	25376601	+	0	0	0		41	0	285	0.0	191	1	1185	0.0008438818565400844
CUFF_NC.11245	5	25380174	25381334	+	0	0	0		86	0	394	0.0	327	2	1304	0.0015337423312883436
CUFF_NC.11256	5	25385074	25386782	+	0	0	0		149	2	765	0.00261437908496732	536	2	2396	0.0008347245409015025
CUFF_NC.11252	5	25388936	25390161	+	0	0	0		112	0	433	0.0	307	3	1166	0.002572898799313894
CUFF_NC.11253	5	25392279	25392715	+	0	0	0		25	0	169	0.0	98	1	440	0.0022727272727272726
CUFF_NC.11251	5	25405129	25405983	-	0	0	0		59	1	326	0.003067484662576687	200	0	926	0.0
CUFF_NC.11249	5	25409273	25410698	+	0	0	0		92	1	439	0.002277904328018223	397	6	1713	0.0035026269702276708
CUFF_NC.11250	5	25423193	25423839	-	0	0	0		40	1	286	0.0034965034965034965	162	1	969	0.0010319917440660474
CUFF_NC.11258	5	25426161	25429318	+	0	0	0		211	1	1147	0.0008718395815170009	794	13	4651	0.0027950978284239946
CUFF_NC.11254	5	25433385	25435812	-	0	0	0		125	4	646	0.006191950464396285	589	5	3065	0.0016313213703099511
CUFF_NC.11255	5	25441075	25441609	+	0	0	0		45	2	289	0.006920415224913495	140	1	869	0.0011507479861910242
CUFF_NC.11259	5	25466217	25466864	+	0	0	0		44	7	195	0.035897435897435895	184	0	791	0.0
CUFF_NC.11260	5	25471496	25472296	+	0	0	0		25	1	90	0.011111111111111112	139	1	402	0.0024875621890547263
CUFF_NC.11263	5	25501646	25501925	-	0	0	0		9	0	36	0.0	74	0	279	0.0
CUFF_NC.11262	5	25513773	25514790	+	0	0	0		64	3	363	0.008264462809917356	288	4	1609	0.002486016159105034
CUFF_NC.11265	5	25515560	25517752	+	0	0	0		159	2	898	0.0022271714922048997	587	4	3094	0.001292824822236587
CUFF_NC.11272	5	25523182	25524016	-	0	0	0		30	0	230	0.0	180	0	1324	0.0
CUFF_NC.11273	5	25524538	25525739	-	0	0	0		93	3	502	0.00597609561752988	319	6	1797	0.00333889816360601
CUFF_NC.11271	5	25526973	25528484	+	0	0	0		119	1	589	0.001697792869269949	359	4	1810	0.0022099447513812156
CUFF_NC.11269	5	25530082	25530809	-	0	0	0		28	0	137	0.0	183	4	1018	0.003929273084479371
CUFF_NC.11270	5	25535298	25536317	-	0	0	0		46	2	303	0.006600660066006601	284	2	1755	0.0011396011396011395
CUFF_NC.11268	5	25540143	25541355	-	0	0	0		64	0	257	0.0	322	3	1293	0.002320185614849188
CUFF_NC.11266	5	25547757	25549082	-	0	0	0		96	0	532	0.0	383	2	2125	0.0009411764705882353
CUFF_NC.11264	5	25560142	25560813	-	0	0	0		27	1	161	0.006211180124223602	185	3	1188	0.0025252525252525255
CUFF_NC.11267	5	25561986	25562528	+	0	0	0		39	0	243	0.0	167	3	1081	0.0027752081406105457
CUFF_NC.11274	5	25588084	25588531	-	0	0	0		20	0	88	0.0	108	2	442	0.004524886877828055
CUFF_NC.11281	5	25619491	25619996	+	0	0	0		32	1	239	0.0041841004184100415	137	2	994	0.002012072434607646
CUFF_NC.11276	5	25624999	25626044	-	0	0	0		83	1	402	0.0024875621890547263	310	3	1316	0.0022796352583586625
CUFF_NC.11275	5	25629855	25631197	+	0	0	0		107	2	620	0.0032258064516129032	381	4	2290	0.0017467248908296944
CUFF_NC.11277	5	25654452	25655110	+	0	0	0		45	0	211	0.0	175	2	908	0.0022026431718061676
CUFF_NC.11282	5	25671570	25672379	-	0	0	0		41	0	252	0.0	230	4	1442	0.0027739251040221915
CUFF_NC.11280	5	25677922	25678359	-	0	0	0		24	0	138	0.0	124	1	667	0.0014992503748125937
CUFF_NC.11278	5	25692481	25693386	-	0	0	0		71	2	364	0.005494505494505495	202	1	1008	0.000992063492063492
CUFF_NC.11279	5	25693653	25694744	-	0	0	0		50	1	262	0.003816793893129771	271	2	1608	0.0012437810945273632
CUFF_NC.11283	5	25704032	25704481	-	0	0	0		42	0	263	0.0	100	0	612	0.0
CUFF_NC.11285	5	25730615	25731487	+	0	0	0		62	2	430	0.004651162790697674	259	2	1681	0.001189767995240928
CUFF_NC.11284	5	25736275	25737642	+	0	0	0		83	0	428	0.0	386	4	1733	0.002308136180034622
CUFF_NC.11294	5	25741837	25743311	-	0	0	0		96	1	616	0.0016233766233766235	412	4	2573	0.001554605518849592
CUFF_NC.11296	5	25743427	25744109	-	0	0	0		60	2	337	0.005934718100890208	167	1	836	0.0011961722488038277
CUFF_NC.11295	5	25754501	25755194	+	0	0	0		47	0	264	0.0	168	2	906	0.002207505518763797
CUFF_NC.11302	5	25765610	25766058	-	0	0	0		17	0	55	0.0	81	1	280	0.0035714285714285713
CUFF_NC.11303	5	25768958	25769545	-	0	0	0		42	0	282	0.0	156	5	990	0.005050505050505051
CUFF_NC.11304	5	25770098	25771447	-	0	0	0		48	15	295	0.05084745762711865	281	47	1758	0.026734926052332197
CUFF_NC.11286	5	25785696	25786106	-	0	0	0		21	0	125	0.0	132	3	839	0.003575685339690107
CUFF_NC.11297	5	25786691	25787480	-	0	0	0		32	0	143	0.0	175	1	771	0.0012970168612191958
CUFF_NC.11287	5	25794375	25794789	-	0	0	0		15	0	72	0.0	104	1	527	0.0018975332068311196
CUFF_NC.11289	5	25797408	25797911	-	0	0	0		15	0	88	0.0	133	3	719	0.004172461752433936
CUFF_NC.11288	5	25801754	25802511	+	0	0	0		59	0	363	0.0	229	4	1197	0.003341687552213868
CUFF_NC.11290	5	25810092	25813734	+	0	0	0		251	1	1384	0.000722543352601156	886	6	4177	0.0014364376346660283
CUFF_NC.11292	5	25817426	25818888	+	0	0	0		104	1	675	0.0014814814814814814	390	5	2341	0.0021358393848782574
CUFF_NC.11291	5	25831599	25832639	-	0	0	0		50	1	274	0.0036496350364963502	253	3	1442	0.0020804438280166435
CUFF_NC.11293	5	25842447	25843247	+	0	0	0		71	0	356	0.0	135	3	595	0.005042016806722689
CUFF_NC.11298	5	25850617	25851115	-	0	0	0		15	0	77	0.0	126	1	480	0.0020833333333333333
CUFF_NC.11306	5	25856510	25858070	+	0	0	0		11	12	24	0.5	80	24	311	0.07717041800643087
CUFF_NC.11305	5	25858809	25859841	-	0	0	0		27	1	145	0.006896551724137931	114	1	461	0.0021691973969631237
CUFF_NC.11300	5	25871134	25871774	-	0	0	0		39	2	238	0.008403361344537815	170	0	1038	0.0
CUFF_NC.11301	5	25883707	25886657	-	0	0	0		154	2	706	0.0028328611898017	832	4	3879	0.0010311936065996391
CUFF_NC.11299	5	25890357	25890867	-	0	0	0		35	0	201	0.0	117	1	722	0.0013850415512465374
CUFF_NC.11307	5	25900765	25901196	+	0	0	0		28	0	163	0.0	119	4	738	0.005420054200542005
CUFF_NC.11311	5	25918864	25919802	+	0	0	0		70	1	392	0.002551020408163265	278	2	1328	0.0015060240963855422
CUFF_NC.11308	5	25929596	25931440	+	0	0	0		146	2	671	0.0029806259314456036	539	7	2476	0.002827140549273021
CUFF_NC.11310	5	25931957	25933113	-	0	0	0		53	1	297	0.003367003367003367	215	2	932	0.002145922746781116
CUFF_NC.11309	5	25936981	25938127	-	0	0	0		48	1	255	0.00392156862745098	271	1	1285	0.0007782101167315176
CUFF_NC.11313	5	25953836	25954943	-	0	0	0		66	1	438	0.00228310502283105	323	2	1906	0.001049317943336831
CUFF_NC.11312	5	25964023	25964433	+	0	0	0		29	0	195	0.0	109	2	769	0.002600780234070221
CUFF_NC.11345	5	25982038	25987789	-	0	0	0		238	7	2472	0.0028317152103559872	1254	14	11528	0.0012144344205412907
CUFF_NC.11346	5	25984966	25991481	-	0	0	0		267	10	4971	0.0020116676725005027	1378	47	25345	0.0018544091536792267
CUFF_NC.11317	5	25994353	25996222	-	0	0	0		108	4	644	0.006211180124223602	511	10	2884	0.0034674063800277394
CUFF_NC.11316	5	26001744	26002610	-	0	0	0		44	1	205	0.004878048780487805	205	1	1081	0.0009250693802035153
CUFF_NC.11315	5	26007007	26007590	+	0	0	0		30	0	202	0.0	169	3	995	0.003015075376884422
CUFF_NC.11314	5	26007690	26008220	+	0	0	0		43	1	172	0.005813953488372093	129	2	512	0.00390625
CUFF_NC.11318	5	26017330	26018315	-	0	0	0		70	0	300	0.0	257	2	1364	0.001466275659824047
CUFF_NC.11319	5	26030171	26030759	-	0	0	0		40	0	187	0.0	144	5	616	0.008116883116883116
CUFF_NC.11321	5	26032700	26033998	+	0	0	0		89	1	408	0.0024509803921568627	333	5	1422	0.0035161744022503515
CUFF_NC.11320	5	26034357	26035209	+	0	0	0		46	0	243	0.0	235	3	1342	0.0022354694485842027
CUFF_NC.11324	5	26049021	26049664	+	0	0	0		42	1	182	0.005494505494505495	186	2	835	0.0023952095808383233
CUFF_NC.11325	5	26052149	26054139	+	0	0	0		58	2	366	0.00546448087431694	291	4	1800	0.0022222222222222222
CUFF_NC.11322	5	26071647	26072034	-	0	0	0		5	13	21	0.6190476190476191	59	9	269	0.03345724907063197
CUFF_NC.11323	5	26072597	26073132	-	0	0	0		7	3	13	0.23076923076923078	42	5	93	0.053763440860215055
CUFF_NC.11329	5	26073689	26074721	+	0	0	0		42	0	249	0.0	175	1	943	0.0010604453870625664
CUFF_NC.11327	5	26083190	26083814	-	0	0	0		55	0	383	0.0	134	2	844	0.002369668246445498
CUFF_NC.11328	5	26087480	26088253	+	0	0	0		63	1	360	0.002777777777777778	172	5	1040	0.004807692307692308
CUFF_NC.11326	5	26095339	26095944	+	0	0	0		29	0	155	0.0	164	2	868	0.002304147465437788
CUFF_NC.11334	5	26102084	26102973	+	0	0	0		46	0	228	0.0	197	3	816	0.003676470588235294
CUFF_NC.11330	5	26107566	26108885	+	0	0	0		39	0	153	0.0	337	4	1664	0.002403846153846154
CUFF_NC.11332	5	26115386	26118466	-	0	0	0		58	8	350	0.022857142857142857	658	21	3850	0.005454545454545455
CUFF_NC.11331	5	26120074	26120605	+	0	0	0		45	1	173	0.005780346820809248	140	1	731	0.0013679890560875513
CUFF_NC.11333	5	26128867	26129450	+	0	0	0		28	0	89	0.0	117	1	403	0.0024813895781637717
CUFF_NC.11339	5	26131458	26131981	-	0	0	0		36	0	201	0.0	135	2	824	0.0024271844660194173
CUFF_NC.11336	5	26136062	26137043	-	0	0	0		60	0	141	0.0	294	0	723	0.0
CUFF_NC.11335	5	26138389	26138814	-	0	0	0		14	0	70	0.0	133	2	562	0.0035587188612099642
CUFF_NC.11337	5	26145606	26147777	-	0	0	0		89	3	549	0.00546448087431694	436	7	2445	0.0028629856850715747
CUFF_NC.11338	5	26146517	26146969	+	0	0	0		16	1	112	0.008928571428571428	111	2	557	0.003590664272890485
CUFF_NC.11340	5	26151156	26151825	-	0	0	0		29	1	245	0.004081632653061225	147	3	1087	0.0027598896044158236
CUFF_NC.11343	5	26188663	26189579	-	0	0	0		64	0	345	0.0	258	3	1461	0.002053388090349076
CUFF_NC.11342	5	26193195	26193661	+	0	0	0		19	0	143	0.0	107	1	767	0.001303780964797914
CUFF_NC.11347	5	26226750	26227163	+	0	0	0		21	0	77	0.0	134	1	496	0.0020161290322580645
CUFF_NC.11341	5	26233105	26233518	+	0	0	0		1	0	1	0.0	16	3	75	0.04
CUFF_NC.11344	5	26237036	26237810	-	0	0	0		39	0	202	0.0	209	3	905	0.0033149171270718232
CUFF_NC.11348	5	26245296	26246564	+	0	0	0		65	1	320	0.003125	292	3	1322	0.0022692889561270802
CUFF_NC.11350	5	26254424	26255005	-	0	0	0		54	0	279	0.0	172	0	822	0.0
CUFF_NC.11376	5	26273312	26273763	+	0	0	0		16	0	107	0.0	144	1	1013	0.0009871668311944718
CUFF_NC.11351	5	26281737	26283446	-	0	0	0		152	0	834	0.0	404	4	2058	0.001943634596695821
CUFF_NC.11353	5	26284669	26285195	-	0	0	0		41	0	226	0.0	112	0	510	0.0
CUFF_NC.11349	5	26288999	26289916	+	0	0	0		32	5	210	0.023809523809523808	222	33	1492	0.022117962466487937
CUFF_NC.11355	5	26291847	26294750	-	0	0	0		224	0	1205	0.0	672	3	3323	0.0009027986758952753
CUFF_NC.11354	5	26296285	26298016	-	0	0	0		109	2	503	0.003976143141153081	495	2	2078	0.0009624639076034649
CUFF_NC.11352	5	26299588	26300207	-	0	0	0		26	0	152	0.0	185	5	1158	0.004317789291882556
CUFF_NC.11357	5	26336869	26337779	+	0	0	0		50	0	316	0.0	244	5	1479	0.0033806626098715348
CUFF_NC.11358	5	26342224	26343636	+	0	0	0		71	0	477	0.0	331	5	1826	0.002738225629791895
CUFF_NC.11356	5	26346301	26347403	-	0	0	0		86	0	426	0.0	271	5	1268	0.003943217665615142
CUFF_NC.11359	5	26356890	26357845	-	0	0	0		43	0	203	0.0	236	0	1001	0.0
CUFF_NC.11364	5	26369511	26369800	-	0	0	0		12	0	74	0.0	54	1	309	0.003236245954692557
CUFF_NC.11362	5	26376443	26376835	+	0	0	0		18	0	120	0.0	99	1	569	0.0017574692442882249
CUFF_NC.11363	5	26377051	26377676	+	0	0	0		51	0	382	0.0	183	0	1184	0.0
CUFF_NC.11366	5	26379475	26380024	+	0	0	0		41	1	221	0.004524886877828055	147	2	716	0.002793296089385475
CUFF_NC.11369	5	26382224	26383169	-	0	0	0		73	3	443	0.006772009029345372	272	6	1768	0.003393665158371041
CUFF_NC.11370	5	26383399	26385101	-	0	0	0		171	3	946	0.003171247357293869	523	5	2801	0.001785076758300607
CUFF_NC.11360	5	26399358	26400832	-	0	0	0		97	0	427	0.0	468	3	2112	0.0014204545454545455
CUFF_NC.11361	5	26403139	26403725	+	0	0	0		44	0	278	0.0	161	3	1110	0.002702702702702703
CUFF_NC.11422	5	26409711	26410143	+	0	0	0		22	0	135	0.0	68	0	404	0.0
CUFF_NC.11424	5	26413624	26415144	+	0	0	0		78	11	409	0.02689486552567237	421	5	2205	0.0022675736961451248
CUFF_NC.11423	5	26420610	26422775	-	0	0	0		143	1	738	0.0013550135501355014	639	6	3183	0.001885014137606032
CUFF_NC.11426	5	26428040	26428512	-	0	0	0		42	0	281	0.0	133	1	955	0.0010471204188481676
CUFF_NC.11365	5	26444883	26446314	-	0	0	0		105	1	520	0.0019230769230769232	385	4	1931	0.0020714655618850335
CUFF_NC.11375	5	26448181	26449342	-	0	0	0		70	0	398	0.0	290	4	1747	0.0022896393817973667
CUFF_NC.11367	5	26456387	26457649	+	0	0	0		92	3	573	0.005235602094240838	347	4	1949	0.002052334530528476
CUFF_NC.11368	5	26458306	26458664	+	0	0	0		26	1	166	0.006024096385542169	96	0	562	0.0
CUFF_NC.11371	5	26460719	26462070	-	0	0	0		60	1	377	0.002652519893899204	370	6	2344	0.002559726962457338
CUFF_NC.11372	5	26465105	26465741	-	0	0	0		55	2	228	0.008771929824561403	176	8	862	0.009280742459396751
CUFF_NC.11373	5	26465136	26465988	+	0	0	0		61	2	296	0.006756756756756757	219	7	1297	0.005397070161912105
CUFF_NC.11377	5	26467048	26467335	-	0	0	0		19	1	131	0.007633587786259542	97	0	631	0.0
CUFF_NC.11374	5	26479836	26481489	+	0	0	0		91	0	550	0.0	450	7	2781	0.0025170801869830997
CUFF_NC.11386	5	26490787	26491694	+	0	0	0		16	0	78	0.0	93	0	298	0.0
CUFF_NC.11380	5	26496509	26497087	+	0	0	0		67	2	208	0.009615384615384616	153	1	419	0.002386634844868735
CUFF_NC.11378	5	26498958	26499453	-	0	0	0		18	0	110	0.0	91	1	581	0.0017211703958691911
CUFF_NC.11379	5	26499320	26500086	+	0	0	0		16	0	90	0.0	177	1	943	0.0010604453870625664
CUFF_NC.11382	5	26514608	26515895	+	0	0	0		110	711	1174	0.6056218057921635	325	347	3409	0.10178938105016133
CUFF_NC.11381	5	26525936	26526447	+	0	0	0		21	1	150	0.006666666666666667	152	2	1130	0.0017699115044247787
CUFF_NC.11383	5	26530277	26531320	+	0	0	0		66	2	356	0.0056179775280898875	204	1	996	0.001004016064257028
CUFF_NC.11388	5	26547230	26547951	+	0	0	0		34	0	126	0.0	210	0	839	0.0
CUFF_NC.11384	5	26561846	26562367	-	0	0	0		17	0	104	0.0	141	2	862	0.002320185614849188
CUFF_NC.11385	5	26562010	26562769	+	0	0	0		31	1	181	0.0055248618784530384	197	3	1241	0.0024174053182917004
CUFF_NC.11389	5	26573774	26574881	-	0	0	0		53	1	258	0.003875968992248062	295	1	1351	0.0007401924500370096
CUFF_NC.11387	5	26583382	26583811	+	0	0	0		24	0	150	0.0	109	1	630	0.0015873015873015873
CUFF_NC.11400	5	26589972	26594013	-	0	0	0		253	2	1280	0.0015625	1139	12	5873	0.002043248765537204
CUFF_NC.11401	5	26595901	26598030	-	0	0	0		165	2	997	0.0020060180541624875	600	7	3540	0.0019774011299435027
CUFF_NC.11391	5	26623157	26623650	+	0	0	0		11	0	44	0.0	100	0	442	0.0
CUFF_NC.11392	5	26625047	26626272	-	0	0	0		98	1	427	0.00234192037470726	327	1	1529	0.0006540222367560497
CUFF_NC.11394	5	26639917	26640248	+	0	0	0		16	0	103	0.0	108	0	516	0.0
CUFF_NC.11396	5	26643672	26644754	+	0	0	0		63	0	332	0.0	249	4	1326	0.0030165912518853697
CUFF_NC.11393	5	26647081	26648677	-	0	0	0		117	0	616	0.0	343	1	1595	0.0006269592476489029
CUFF_NC.11395	5	26660320	26662512	-	0	0	0		185	0	774	0.0	550	4	2115	0.0018912529550827422
CUFF_NC.11397	5	26664825	26666112	-	0	0	0		81	1	385	0.0025974025974025974	214	1	985	0.0010152284263959391
CUFF_NC.11399	5	26692829	26693553	+	0	0	0		46	0	218	0.0	231	4	900	0.0044444444444444444
CUFF_NC.11398	5	26706523	26707511	-	0	0	0		75	1	272	0.003676470588235294	258	2	899	0.002224694104560623
CUFF_NC.11402	5	26714832	26718925	+	0	0	0		247	2	1321	0.001514004542013626	1138	10	6064	0.0016490765171503958
CUFF_NC.11403	5	26767555	26768824	-	0	0	0		69	1	356	0.0028089887640449437	318	1	1270	0.0007874015748031496
CUFF_NC.11404	5	26772604	26773754	-	0	0	0		90	1	507	0.0019723865877712033	257	2	1442	0.0013869625520110957
CUFF_NC.11411	5	26781405	26781808	-	0	0	0		30	0	169	0.0	98	1	554	0.0018050541516245488
CUFF_NC.11409	5	26794765	26795302	+	0	0	0		14	0	70	0.0	153	1	845	0.001183431952662722
CUFF_NC.11410	5	26796113	26799270	+	0	0	0		211	1	1181	0.000846740050804403	830	9	4635	0.001941747572815534
CUFF_NC.11405	5	26805285	26805697	-	0	0	0		9	0	48	0.0	74	0	298	0.0
CUFF_NC.11406	5	26808949	26810351	+	0	0	0		71	0	252	0.0	299	2	1271	0.0015735641227380016
CUFF_NC.11407	5	26813825	26814594	+	0	0	0		47	1	280	0.0035714285714285713	228	3	1169	0.0025662959794696323
CUFF_NC.11408	5	26814971	26816725	+	0	0	0		140	1	618	0.0016181229773462784	421	4	1827	0.0021893814997263274
CUFF_NC.11412	5	26820458	26821175	+	0	0	0		50	4	247	0.016194331983805668	208	1	956	0.0010460251046025104
CUFF_NC.11415	5	26824985	26825980	+	0	0	0		61	1	427	0.00234192037470726	272	3	1738	0.0017261219792865361
CUFF_NC.11417	5	26828667	26835013	+	0	0	0		256	87	1514	0.05746367239101717	1499	117	9228	0.012678803641092327
CUFF_NC.11416	5	26843389	26845303	+	0	0	0		145	0	682	0.0	419	6	1845	0.0032520325203252032
CUFF_NC.11413	5	26848340	26850043	+	0	0	0		132	1	635	0.0015748031496062992	456	1	2072	0.00048262548262548264
CUFF_NC.11414	5	26868386	26869669	+	0	0	0		80	2	420	0.004761904761904762	278	3	1284	0.002336448598130841
CUFF_NC.11418	5	26872034	26874813	+	0	0	0		237	1	1041	0.0009606147934678194	658	3	2828	0.0010608203677510608
CUFF_NC.11419	5	26877592	26878442	+	0	0	0		68	0	290	0.0	175	3	658	0.004559270516717325
CUFF_NC.11429	5	26885294	26887179	-	0	0	0		118	3	600	0.005	541	4	2641	0.0015145778114350624
CUFF_NC.11425	5	26887775	26888543	+	0	0	0		41	0	197	0.0	183	3	843	0.0035587188612099642
CUFF_NC.11427	5	26903761	26905627	+	0	0	0		124	2	586	0.0034129692832764505	434	5	1799	0.0027793218454697055
CUFF_NC.11420	5	26909609	26910571	-	0	0	0		41	0	175	0.0	224	0	843	0.0
CUFF_NC.11421	5	26910892	26912157	-	0	0	0		76	0	340	0.0	314	5	1336	0.0037425149700598802
CUFF_NC.11428	5	26912833	26913956	+	0	0	0		67	0	305	0.0	300	3	1294	0.00231839258114374
CUFF_NC.11430	5	26918976	26920220	+	0	0	0		84	1	394	0.0025380710659898475	322	2	1433	0.0013956734124214933
CUFF_NC.11431	5	26921909	26923540	+	0	0	0		99	2	571	0.0035026269702276708	463	3	2235	0.0013422818791946308
CUFF_NC.11434	5	26930845	26932983	+	0	0	0		131	0	706	0.0	564	8	3010	0.0026578073089701
CUFF_NC.11440	5	26944260	26945682	+	0	0	0		106	2	482	0.004149377593360996	416	2	2072	0.0009652509652509653
CUFF_NC.11432	5	26946951	26947391	+	0	0	0		23	0	142	0.0	129	0	740	0.0
CUFF_NC.11442	5	26950225	26950677	-	0	0	0		43	0	315	0.0	98	1	673	0.0014858841010401188
CUFF_NC.11443	5	26955072	26955439	-	0	0	0		22	1	119	0.008403361344537815	107	0	593	0.0
CUFF_NC.11441	5	26959924	26960347	+	0	0	0		39	1	298	0.003355704697986577	111	0	800	0.0
CUFF_NC.11435	5	26961428	26961730	+	0	0	0		27	0	172	0.0	74	0	514	0.0
CUFF_NC.11433	5	26967633	26968207	+	0	0	0		44	0	243	0.0	163	0	729	0.0
CUFF_NC.11439	5	26969749	26970839	+	0	0	0		46	1	263	0.0038022813688212928	283	2	1481	0.0013504388926401081
CUFF_NC.11438	5	26972716	26974482	+	0	0	0		51	0	342	0.0	493	4	3183	0.0012566760917373547
