gene_id	chr	start	end	strand	n_CG	mc_CG	total_CG	frac_CG	n_CHG	mc_CHG	total_CHG	frac_CHG	n_CHH	mc_CHH	total_CHH	frac_CHH
CUFF_NC.1	1	5814	6640	-	0	0	0		28	0	133	0.0	255	5	1274	0.003924646781789639
CUFF_NC.4	1	33820	36039	+	0	0	0		184	3	897	0.0033444816053511705	622	10	2761	0.003621876131836291
CUFF_NC.2	1	45074	46980	+	0	0	0		111	0	469	0.0	524	12	2302	0.005212858384013901
CUFF_NC.3	1	51977	52743	-	0	0	0		60	1	248	0.004032258064516129	184	1	740	0.0013513513513513514
CUFF_NC.9	1	63146	64476	+	0	0	0		62	2	328	0.006097560975609756	326	5	1707	0.0029291154071470417
CUFF_NC.10	1	67285	67782	+	0	0	0		29	0	103	0.0	115	1	390	0.002564102564102564
CUFF_NC.5	1	69606	71157	+	0	0	0		36	0	128	0.0	326	2	1347	0.0014847809948032665
CUFF_NC.8	1	73084	73716	-	0	0	0		61	1	244	0.004098360655737705	195	1	737	0.0013568521031207597
CUFF_NC.12	1	75366	76624	-	0	0	0		88	2	315	0.006349206349206349	207	3	679	0.004418262150220913
CUFF_NC.13	1	77837	78333	+	0	0	0		17	0	97	0.0	128	3	761	0.003942181340341655
CUFF_NC.6	1	86737	87289	+	0	0	0		33	0	109	0.0	93	1	297	0.003367003367003367
CUFF_NC.18	1	89402	91722	-	0	0	0		117	4	621	0.00644122383252818	514	9	2550	0.0035294117647058825
CUFF_NC.19	1	95040	96380	-	0	0	0		77	1	267	0.003745318352059925	291	2	1025	0.001951219512195122
CUFF_NC.11	1	100800	101866	-	0	0	0		53	1	198	0.005050505050505051	304	1	1005	0.0009950248756218905
CUFF_NC.7	1	104712	105333	+	0	0	0		67	0	238	0.0	157	1	539	0.0018552875695732839
CUFF_NC.15	1	116797	118774	-	0	0	0		153	1	589	0.001697792869269949	450	0	1523	0.0
CUFF_NC.14	1	119083	119969	-	0	0	0		22	0	130	0.0	231	5	1152	0.004340277777777778
CUFF_NC.20	1	121456	123494	+	0	0	0		188	0	863	0.0	565	6	2392	0.002508361204013378
CUFF_NC.21	1	133006	133474	+	0	0	0		27	0	134	0.0	147	2	628	0.0031847133757961785
CUFF_NC.16	1	141174	141695	+	0	0	0		11	0	86	0.0	146	1	953	0.001049317943336831
CUFF_NC.17	1	154589	156159	+	0	0	0		86	0	344	0.0	404	6	1598	0.0037546933667083854
CUFF_NC.22	1	163277	166353	+	0	0	0		201	4	941	0.004250797024442083	896	9	4070	0.0022113022113022115
CUFF_NC.25	1	180261	180962	+	0	0	0		25	0	110	0.0	174	0	719	0.0
CUFF_NC.26	1	182345	182786	+	0	0	0		12	0	52	0.0	104	1	458	0.002183406113537118
CUFF_NC.28	1	192588	193200	+	0	0	0		35	0	130	0.0	175	0	831	0.0
CUFF_NC.23	1	196107	196598	-	0	0	0		39	1	182	0.005494505494505495	105	0	413	0.0
CUFF_NC.24	1	197887	198512	-	0	0	0		31	0	163	0.0	179	4	944	0.00423728813559322
CUFF_NC.27	1	210058	210613	-	0	0	0		36	0	152	0.0	139	3	629	0.0047694753577106515
CUFF_NC.29	1	219083	221145	-	0	0	0		170	2	662	0.0030211480362537764	522	4	2101	0.0019038553069966682
CUFF_NC.30	1	226848	227453	+	0	0	0		39	1	152	0.006578947368421052	161	2	596	0.003355704697986577
CUFF_NC.34	1	233075	237654	+	0	0	0		312	3	1510	0.001986754966887417	1265	22	5910	0.003722504230118443
CUFF_NC.31	1	238416	239453	+	0	0	0		55	180	312	0.5769230769230769	307	66	1685	0.03916913946587537
CUFF_NC.32	1	254830	257455	+	0	0	0		93	33	402	0.08208955223880597	532	29	2472	0.011731391585760517
CUFF_NC.58	1	283807	284180	-	0	0	0		23	0	93	0.0	117	1	441	0.0022675736961451248
CUFF_NC.33	1	294207	295108	-	0	0	0		51	1	223	0.004484304932735426	263	2	1088	0.001838235294117647
CUFF_NC.36	1	301346	301758	+	0	0	0		20	0	112	0.0	106	3	551	0.0054446460980036296
CUFF_NC.35	1	308731	309427	+	0	0	0		41	0	138	0.0	185	2	627	0.003189792663476874
CUFF_NC.44	1	319180	319521	-	0	0	0		25	1	95	0.010526315789473684	105	3	343	0.008746355685131196
CUFF_NC.37	1	341814	342849	+	0	0	0		45	0	236	0.0	257	3	1325	0.0022641509433962265
CUFF_NC.43	1	347638	348472	-	0	0	0		41	2	192	0.010416666666666666	224	2	1101	0.0018165304268846503
CUFF_NC.42	1	355746	356392	+	0	0	0		39	0	168	0.0	189	2	734	0.0027247956403269754
CUFF_NC.39	1	358665	360498	+	0	0	0		133	1	463	0.0021598272138228943	512	6	1910	0.0031413612565445027
CUFF_NC.38	1	365198	366851	-	0	0	0		121	2	486	0.00411522633744856	427	1	1415	0.0007067137809187279
CUFF_NC.41	1	370226	371382	+	0	0	0		58	0	266	0.0	268	3	1097	0.0027347310847766638
CUFF_NC.40	1	371997	372411	+	0	0	0		18	0	30	0.0	96	0	186	0.0
CUFF_NC.57	1	392706	395717	-	0	0	0		269	2	955	0.0020942408376963353	836	13	3059	0.004249754821837201
CUFF_NC.54	1	409235	410549	-	0	0	0		114	0	465	0.0	400	4	1562	0.002560819462227913
CUFF_NC.53	1	413681	414878	+	0	0	0		97	2	397	0.005037783375314861	299	2	1121	0.001784121320249777
CUFF_NC.46	1	417273	417814	-	0	0	0		36	1	143	0.006993006993006993	182	1	694	0.001440922190201729
CUFF_NC.49	1	421746	425334	-	0	0	0		112	12	497	0.02414486921529175	739	37	3433	0.01077774541217594
CUFF_NC.48	1	424665	425164	+	0	0	0		37	0	194	0.0	121	2	608	0.003289473684210526
CUFF_NC.45	1	425557	426435	+	0	0	0		35	1	187	0.0053475935828877	172	6	1056	0.005681818181818182
CUFF_NC.47	1	435444	435889	+	0	0	0		41	1	233	0.004291845493562232	118	3	698	0.004297994269340974
CUFF_NC.50	1	442462	442900	+	0	0	0		22	1	125	0.008	117	1	654	0.0015290519877675841
CUFF_NC.52	1	446824	448464	+	0	0	0		77	1	386	0.0025906735751295338	302	2	1493	0.0013395847287340924
CUFF_NC.51	1	463998	464582	+	0	0	0		42	0	199	0.0	152	1	688	0.0014534883720930232
CUFF_NC.55	1	482013	483177	-	0	0	0		60	0	267	0.0	325	1	1500	0.0006666666666666666
CUFF_NC.59	1	512866	513261	+	0	0	0		16	21	83	0.25301204819277107	93	36	465	0.07741935483870968
CUFF_NC.60	1	514888	515295	+	0	0	0		24	0	127	0.0	111	3	517	0.005802707930367505
CUFF_NC.70	1	523944	530099	-	0	0	0		413	3	1990	0.001507537688442211	1534	33	7784	0.0042394655704008225
CUFF_NC.71	1	525592	531975	-	0	0	0		454	3	2205	0.0013605442176870747	1578	29	7993	0.0036281746528212186
CUFF_NC.72	1	528007	534109	-	0	0	0		427	3	1910	0.0015706806282722514	1514	21	7160	0.0029329608938547485
CUFF_NC.62	1	538375	544045	-	0	0	0		269	40	1325	0.03018867924528302	1382	111	6304	0.01760786802030457
CUFF_NC.64	1	547818	551699	-	0	0	0		113	6	649	0.009244992295839754	732	42	4096	0.01025390625
CUFF_NC.65	1	550120	550546	-	0	0	0		2	0	4	0.0	18	1	32	0.03125
CUFF_NC.68	1	556826	558761	-	0	0	0		107	2	317	0.006309148264984227	520	5	1671	0.002992220227408737
CUFF_NC.61	1	559734	560251	+	0	0	0		17	0	94	0.0	138	0	775	0.0
CUFF_NC.66	1	564136	564745	-	0	0	0		39	0	176	0.0	161	3	828	0.0036231884057971015
CUFF_NC.67	1	565230	565784	-	0	0	0		37	0	183	0.0	140	3	619	0.004846526655896607
CUFF_NC.63	1	568739	570386	-	0	0	0		121	0	416	0.0	368	1	1273	0.0007855459544383347
CUFF_NC.73	1	588007	589390	-	0	0	0		68	0	300	0.0	251	0	1085	0.0
CUFF_NC.76	1	591664	593419	-	0	0	0		102	2	473	0.004228329809725159	453	4	1956	0.002044989775051125
CUFF_NC.74	1	594729	596073	+	0	0	0		114	0	433	0.0	399	3	1433	0.00209351011863224
CUFF_NC.75	1	597522	598135	+	0	0	0		43	0	173	0.0	180	0	555	0.0
CUFF_NC.77	1	599765	600204	+	0	0	0		33	1	172	0.005813953488372093	116	5	658	0.007598784194528876
CUFF_NC.78	1	610701	611509	+	0	0	0		44	0	191	0.0	209	2	931	0.0021482277121374865
CUFF_NC.79	1	617987	619403	-	0	0	0		106	0	542	0.0	311	2	1398	0.001430615164520744
CUFF_NC.80	1	622046	622369	-	0	0	0		16	0	66	0.0	76	1	394	0.0025380710659898475
CUFF_NC.83	1	632744	633122	-	0	0	0		18	0	42	0.0	86	0	275	0.0
CUFF_NC.90	1	640236	640825	-	0	0	0		2	0	18	0.0	18	1	74	0.013513513513513514
CUFF_NC.89	1	641448	642563	+	0	0	0		40	1	208	0.004807692307692308	251	1	1233	0.0008110300081103001
CUFF_NC.81	1	653973	654416	+	0	0	0		34	0	141	0.0	126	0	461	0.0
CUFF_NC.84	1	658696	661410	+	0	0	0		116	5	633	0.007898894154818325	718	13	3974	0.0032712632108706594
CUFF_NC.85	1	659555	662333	+	0	0	0		109	0	606	0.0	732	12	3961	0.003029537995455693
CUFF_NC.82	1	663236	663656	+	0	0	0		24	0	131	0.0	109	3	527	0.0056925996204933585
CUFF_NC.86	1	665248	666402	+	0	0	0		41	0	160	0.0	335	3	1422	0.002109704641350211
CUFF_NC.87	1	675516	676334	-	0	0	0		43	1	163	0.006134969325153374	226	3	887	0.0033821871476888386
CUFF_NC.88	1	693076	693540	-	0	0	0		21	1	89	0.011235955056179775	124	0	581	0.0
CUFF_NC.91	1	705921	706616	+	0	0	0		38	0	152	0.0	194	2	725	0.002758620689655172
CUFF_NC.93	1	731716	732702	+	0	0	0		67	3	289	0.010380622837370242	267	4	1331	0.003005259203606311
CUFF_NC.94	1	742835	743218	-	0	0	0		16	0	66	0.0	116	2	490	0.004081632653061225
CUFF_NC.92	1	769606	770629	-	0	0	0		48	0	202	0.0	290	4	1147	0.0034873583260680036
CUFF_NC.96	1	792040	792527	+	0	0	0		9	0	29	0.0	69	5	155	0.03225806451612903
CUFF_NC.97	1	792753	793059	+	0	0	0		14	1	92	0.010869565217391304	63	1	330	0.0030303030303030303
CUFF_NC.95	1	813492	814238	-	0	0	0		39	0	210	0.0	199	2	1124	0.0017793594306049821
CUFF_NC.99	1	820959	821299	-	0	0	0		20	2	125	0.016	110	1	758	0.0013192612137203166
CUFF_NC.98	1	822863	823948	+	0	0	0		88	1	411	0.0024330900243309003	266	3	1100	0.0027272727272727275
CUFF_NC.102	1	827723	828094	-	0	0	0		24	3	79	0.0379746835443038	117	1	379	0.002638522427440633
CUFF_NC.103	1	842641	845302	+	0	0	0		158	4	722	0.00554016620498615	736	10	3456	0.0028935185185185184
CUFF_NC.104	1	843756	844262	+	0	0	0		32	1	126	0.007936507936507936	150	1	575	0.0017391304347826088
CUFF_NC.101	1	852139	854239	-	0	0	0		159	2	671	0.0029806259314456036	446	3	1454	0.0020632737276478678
CUFF_NC.100	1	866098	866818	+	0	0	0		39	0	184	0.0	229	5	867	0.0057670126874279125
CUFF_NC.105	1	871636	872739	-	0	0	0		80	2	324	0.006172839506172839	306	2	1233	0.0016220600162206002
CUFF_NC.109	1	882129	882853	+	0	0	0		40	0	168	0.0	214	1	718	0.001392757660167131
CUFF_NC.118	1	905255	905896	+	0	0	0		32	0	194	0.0	169	6	934	0.006423982869379015
CUFF_NC.108	1	923855	924181	-	0	0	0		6	0	32	0.0	95	1	495	0.00202020202020202
CUFF_NC.107	1	930609	932087	+	0	0	0		61	1	254	0.003937007874015748	328	2	1211	0.0016515276630883566
CUFF_NC.110	1	941685	942629	+	0	0	0		70	1	456	0.0021929824561403508	265	4	1633	0.002449479485609308
CUFF_NC.117	1	948980	949396	+	0	0	0		31	0	158	0.0	114	1	567	0.001763668430335097
CUFF_NC.111	1	957115	958329	+	0	0	0		72	1	283	0.0035335689045936395	306	0	1429	0.0
CUFF_NC.112	1	959892	960676	+	0	0	0		28	0	129	0.0	237	2	1052	0.0019011406844106464
CUFF_NC.113	1	967645	968734	+	0	0	0		76	0	320	0.0	273	5	1078	0.00463821892393321
CUFF_NC.116	1	976096	978048	+	0	0	0		58	0	309	0.0	442	13	2325	0.005591397849462366
CUFF_NC.115	1	979746	980312	+	0	0	0		52	1	214	0.004672897196261682	152	3	609	0.0049261083743842365
CUFF_NC.114	1	982543	983713	+	0	0	0		70	1	328	0.003048780487804878	323	8	1593	0.005021971123666039
CUFF_NC.127	1	1028278	1029016	+	0	0	0		72	2	251	0.00796812749003984	164	3	639	0.004694835680751174
CUFF_NC.120	1	1047139	1048124	+	0	0	0		77	1	383	0.0026109660574412533	281	6	1400	0.004285714285714286
CUFF_NC.121	1	1057787	1059407	-	0	0	0		133	2	638	0.003134796238244514	436	7	1907	0.0036706869428421605
CUFF_NC.122	1	1100093	1100559	-	0	0	0		33	0	142	0.0	146	2	578	0.0034602076124567475
CUFF_NC.126	1	1115138	1115771	-	0	0	0		38	0	190	0.0	167	3	868	0.0034562211981566822
CUFF_NC.125	1	1120224	1122526	+	0	0	0		88	0	359	0.0	536	4	2239	0.001786511835640911
CUFF_NC.141	1	1145855	1148889	+	0	0	0		102	1	388	0.002577319587628866	646	7	2881	0.0024297119055883376
CUFF_NC.123	1	1167552	1168870	+	0	0	0		98	1	445	0.0022471910112359553	300	5	1300	0.0038461538461538464
CUFF_NC.124	1	1176545	1177625	+	0	0	0		50	0	183	0.0	197	1	710	0.0014084507042253522
CUFF_NC.128	1	1185672	1187044	+	0	0	0		89	0	310	0.0	333	6	1209	0.004962779156327543
CUFF_NC.130	1	1194178	1196948	+	0	0	0		44	3	259	0.011583011583011582	438	29	2109	0.013750592697961118
CUFF_NC.131	1	1195443	1196953	-	0	0	0		26	0	156	0.0	313	4	1441	0.002775850104094379
CUFF_NC.129	1	1198032	1198475	-	0	0	0		21	0	118	0.0	116	1	596	0.0016778523489932886
CUFF_NC.134	1	1212386	1213136	+	0	0	0		47	1	231	0.004329004329004329	201	2	826	0.002421307506053269
CUFF_NC.135	1	1214728	1215425	+	0	0	0		36	1	239	0.0041841004184100415	170	2	858	0.002331002331002331
CUFF_NC.132	1	1231501	1232254	-	0	0	0		52	2	258	0.007751937984496124	228	7	1127	0.006211180124223602
CUFF_NC.133	1	1236419	1239190	-	0	0	0		159	5	821	0.0060901339829476245	718	10	3339	0.002994908655286014
CUFF_NC.136	1	1242530	1243500	-	0	0	0		45	0	188	0.0	250	3	980	0.003061224489795918
CUFF_NC.138	1	1246683	1249246	+	0	0	0		145	0	660	0.0	666	8	2956	0.0027063599458728013
CUFF_NC.139	1	1252201	1253127	+	0	0	0		72	2	329	0.0060790273556231	235	2	1050	0.0019047619047619048
CUFF_NC.140	1	1253977	1254637	+	0	0	0		69	0	350	0.0	165	5	753	0.006640106241699867
CUFF_NC.137	1	1279334	1279806	-	0	0	0		31	0	124	0.0	135	1	571	0.0017513134851138354
CUFF_NC.143	1	1288800	1291233	+	0	0	0		110	8	616	0.012987012987012988	558	20	2898	0.006901311249137336
CUFF_NC.142	1	1300905	1301321	+	0	0	0		32	0	122	0.0	110	0	418	0.0
CUFF_NC.144	1	1338408	1339261	+	0	0	0		13	0	43	0.0	187	2	717	0.002789400278940028
CUFF_NC.145	1	1341365	1342417	+	0	0	0		75	1	382	0.002617801047120419	304	3	1211	0.002477291494632535
CUFF_NC.146	1	1345141	1345873	-	0	0	0		55	2	256	0.0078125	186	5	947	0.005279831045406547
CUFF_NC.147	1	1346969	1347375	-	0	0	0		31	1	154	0.006493506493506494	104	1	501	0.001996007984031936
CUFF_NC.148	1	1356182	1357078	+	0	0	0		63	1	238	0.004201680672268907	282	1	926	0.0010799136069114472
CUFF_NC.149	1	1369036	1370535	+	0	0	0		111	3	507	0.005917159763313609	399	11	1854	0.005933117583603021
CUFF_NC.152	1	1418604	1420049	+	0	0	0		108	0	566	0.0	376	10	1999	0.0050025012506253125
CUFF_NC.150	1	1429441	1429889	-	0	0	0		27	0	129	0.0	129	0	600	0.0
CUFF_NC.151	1	1435272	1437739	+	0	0	0		168	1	672	0.001488095238095238	604	5	2483	0.002013693113169553
CUFF_NC.161	1	1441785	1442836	+	0	0	0		39	89	183	0.48633879781420764	284	111	1261	0.0880253766851705
CUFF_NC.153	1	1457821	1459000	+	0	0	0		80	0	332	0.0	286	2	1245	0.001606425702811245
CUFF_NC.154	1	1461160	1461849	-	0	0	0		24	1	137	0.0072992700729927005	209	2	1103	0.001813236627379873
CUFF_NC.155	1	1469492	1470729	-	0	0	0		79	4	333	0.012012012012012012	246	4	1045	0.003827751196172249
CUFF_NC.156	1	1479969	1481012	-	0	0	0		38	1	237	0.004219409282700422	257	2	1480	0.0013513513513513514
CUFF_NC.157	1	1485325	1486477	+	0	0	0		85	0	330	0.0	329	2	1198	0.001669449081803005
CUFF_NC.158	1	1510391	1510835	-	0	0	0		27	0	107	0.0	122	2	458	0.004366812227074236
CUFF_NC.159	1	1530147	1531273	-	0	0	0		72	1	343	0.0029154518950437317	300	1	1444	0.0006925207756232687
CUFF_NC.162	1	1533608	1534599	+	0	0	0		66	1	337	0.002967359050445104	250	3	1219	0.002461033634126333
CUFF_NC.164	1	1546971	1547919	+	0	0	0		63	0	245	0.0	224	1	839	0.0011918951132300357
CUFF_NC.166	1	1555716	1556551	-	0	0	0		60	0	364	0.0	236	3	1224	0.0024509803921568627
CUFF_NC.165	1	1582776	1583305	+	0	0	0		35	0	165	0.0	155	4	687	0.005822416302765648
CUFF_NC.167	1	1587124	1587614	+	0	0	0		35	1	190	0.005263157894736842	133	4	704	0.005681818181818182
CUFF_NC.168	1	1591941	1592454	-	0	0	0		33	1	185	0.005405405405405406	133	3	677	0.004431314623338257
CUFF_NC.171	1	1601319	1603582	+	0	0	0		162	2	782	0.0025575447570332483	705	12	3245	0.0036979969183359015
CUFF_NC.169	1	1618277	1622497	+	0	0	0		311	7	1576	0.004441624365482234	1266	25	5966	0.004190412336573919
CUFF_NC.170	1	1623149	1623817	+	0	0	0		46	1	239	0.0041841004184100415	145	3	727	0.0041265474552957355
CUFF_NC.172	1	1645299	1647435	+	0	0	0		114	2	569	0.0035149384885764497	587	9	2706	0.0033259423503325942
CUFF_NC.174	1	1661249	1662636	+	0	0	0		74	1	375	0.0026666666666666666	339	8	1753	0.004563605248146035
CUFF_NC.173	1	1665598	1666367	+	0	0	0		59	2	320	0.00625	202	2	872	0.0022935779816513763
CUFF_NC.177	1	1671173	1671541	-	0	0	0		24	1	80	0.0125	77	0	197	0.0
CUFF_NC.178	1	1690765	1691195	+	0	0	0		42	1	153	0.006535947712418301	90	0	289	0.0
CUFF_NC.175	1	1702399	1704871	+	0	0	0		133	1	591	0.001692047377326565	674	9	2758	0.0032632342277012327
CUFF_NC.179	1	1720823	1721305	-	0	0	0		35	0	194	0.0	127	2	651	0.0030721966205837174
CUFF_NC.189	1	1731774	1732553	-	0	0	0		56	0	223	0.0	201	2	767	0.002607561929595828
CUFF_NC.181	1	1744368	1745845	-	0	0	0		78	1	366	0.00273224043715847	358	9	1805	0.004986149584487534
CUFF_NC.186	1	1761298	1761673	-	0	0	0		27	0	146	0.0	106	2	467	0.004282655246252677
CUFF_NC.180	1	1766623	1767230	+	0	0	0		36	3	164	0.018292682926829267	176	2	748	0.00267379679144385
CUFF_NC.187	1	1785821	1786121	-	0	0	0		26	1	125	0.008	83	0	372	0.0
CUFF_NC.183	1	1786859	1787405	-	0	0	0		39	0	166	0.0	126	0	431	0.0
CUFF_NC.184	1	1788762	1789625	-	0	0	0		43	1	169	0.005917159763313609	279	4	1108	0.0036101083032490976
CUFF_NC.182	1	1791544	1792202	-	0	0	0		43	1	156	0.00641025641025641	198	2	607	0.0032948929159802307
CUFF_NC.185	1	1818066	1819279	-	0	0	0		35	0	161	0.0	312	8	1404	0.005698005698005698
CUFF_NC.188	1	1820253	1821936	+	0	0	0		110	0	440	0.0	445	4	1718	0.002328288707799767
CUFF_NC.190	1	1843574	1844131	-	0	0	0		24	1	118	0.00847457627118644	161	4	616	0.006493506493506494
CUFF_NC.191	1	1882920	1883972	-	0	0	0		38	0	132	0.0	221	4	836	0.004784688995215311
CUFF_NC.192	1	1888455	1888877	+	0	0	0		15	1	79	0.012658227848101266	107	3	605	0.0049586776859504135
CUFF_NC.195	1	1898708	1899095	-	0	0	0		35	3	175	0.017142857142857144	100	1	501	0.001996007984031936
CUFF_NC.193	1	1900516	1901252	-	0	0	0		57	0	217	0.0	230	2	813	0.0024600246002460025
CUFF_NC.194	1	1903006	1903569	-	0	0	0		51	1	248	0.004032258064516129	161	3	792	0.003787878787878788
CUFF_NC.207	1	1910429	1910835	-	0	0	0		16	0	74	0.0	118	0	485	0.0
CUFF_NC.198	1	1925740	1930347	-	0	0	0		253	3	1178	0.0025466893039049238	1048	9	4658	0.0019321597252039502
CUFF_NC.196	1	1935403	1939567	+	0	0	0		130	3	633	0.004739336492890996	961	8	4541	0.0017617264919621229
CUFF_NC.200	1	1955391	1957334	-	0	0	0		139	3	633	0.004739336492890996	549	2	2358	0.0008481764206955047
CUFF_NC.201	1	1958951	1959761	-	0	0	0		35	0	145	0.0	212	3	653	0.004594180704441042
CUFF_NC.199	1	1961800	1962444	+	0	0	0		49	2	231	0.008658008658008658	216	2	1104	0.0018115942028985507
CUFF_NC.206	1	1988921	1989352	-	0	0	0		27	1	151	0.006622516556291391	122	2	716	0.002793296089385475
CUFF_NC.205	1	1994215	1994851	+	0	0	0		37	0	161	0.0	208	1	817	0.0012239902080783353
CUFF_NC.197	1	1996411	1998648	-	0	0	0		66	0	352	0.0	513	11	2720	0.004044117647058824
CUFF_NC.203	1	2011017	2011849	-	0	0	0		63	1	280	0.0035714285714285713	232	5	1088	0.004595588235294118
CUFF_NC.202	1	2012236	2013657	+	0	0	0		136	4	595	0.0067226890756302525	356	3	1504	0.0019946808510638296
CUFF_NC.208	1	2015518	2016283	+	0	0	0		53	0	256	0.0	207	4	913	0.004381161007667032
CUFF_NC.230	1	2032344	2036251	-	0	0	0		231	2	1125	0.0017777777777777779	1061	20	5152	0.0038819875776397515
CUFF_NC.231	1	2033077	2036841	-	0	0	0		231	3	1130	0.002654867256637168	1024	16	4733	0.003380519754912318
CUFF_NC.232	1	2043274	2044218	-	0	0	0		78	3	414	0.007246376811594203	251	4	1358	0.0029455081001472753
CUFF_NC.229	1	2049520	2050204	+	0	0	0		47	1	210	0.004761904761904762	197	2	917	0.0021810250817884407
CUFF_NC.204	1	2052982	2053577	+	0	0	0		48	0	260	0.0	180	2	981	0.0020387359836901123
CUFF_NC.235	1	2060604	2062741	+	0	0	0		150	5	685	0.0072992700729927005	585	8	2754	0.002904865649963689
CUFF_NC.234	1	2068903	2073622	-	0	0	0		292	5	1150	0.004347826086956522	1161	13	4503	0.0028869642460581835
CUFF_NC.209	1	2105293	2105719	-	0	0	0		18	0	45	0.0	75	1	190	0.005263157894736842
CUFF_NC.210	1	2106162	2106619	-	0	0	0		30	0	139	0.0	126	1	492	0.0020325203252032522
CUFF_NC.219	1	2115329	2115881	+	0	0	0		41	2	246	0.008130081300813009	143	1	847	0.0011806375442739079
CUFF_NC.218	1	2123274	2123868	-	0	0	0		24	0	131	0.0	152	3	845	0.0035502958579881655
CUFF_NC.211	1	2124815	2125944	+	0	0	0		51	1	268	0.0037313432835820895	318	1	1378	0.000725689404934688
CUFF_NC.213	1	2130692	2131622	+	0	0	0		86	1	348	0.0028735632183908046	254	2	1014	0.0019723865877712033
CUFF_NC.214	1	2135810	2136167	-	0	0	0		15	0	102	0.0	98	0	728	0.0
CUFF_NC.215	1	2136680	2137796	-	0	0	0		75	0	371	0.0	296	3	1476	0.0020325203252032522
CUFF_NC.212	1	2143346	2143894	+	0	0	0		30	0	104	0.0	163	1	581	0.0017211703958691911
CUFF_NC.216	1	2151599	2152519	+	0	0	0		63	0	214	0.0	190	2	656	0.003048780487804878
CUFF_NC.220	1	2156155	2158843	+	0	0	0		176	82	733	0.11186903137789904	692	32	2897	0.011045909561615464
CUFF_NC.221	1	2156504	2157028	-	0	0	0		37	0	139	0.0	157	0	630	0.0
CUFF_NC.217	1	2164282	2165449	+	0	0	0		51	1	273	0.003663003663003663	331	0	1563	0.0
CUFF_NC.222	1	2172866	2173783	-	0	0	0		34	0	202	0.0	212	1	1463	0.000683526999316473
CUFF_NC.223	1	2174568	2174899	+	0	0	0		28	1	100	0.01	84	0	341	0.0
CUFF_NC.228	1	2187565	2188734	-	0	0	0		65	0	240	0.0	302	4	1192	0.003355704697986577
CUFF_NC.224	1	2194483	2196067	+	0	0	0		116	1	416	0.002403846153846154	404	3	1609	0.0018645121193287756
CUFF_NC.225	1	2204242	2204920	-	0	0	0		38	1	165	0.006060606060606061	141	3	544	0.0055147058823529415
CUFF_NC.226	1	2211228	2211857	+	0	0	0		45	0	175	0.0	168	3	589	0.0050933786078098476
CUFF_NC.227	1	2220134	2221639	+	0	0	0		77	1	373	0.002680965147453083	334	4	1552	0.002577319587628866
CUFF_NC.237	1	2223595	2225413	-	0	0	0		136	0	672	0.0	512	12	2612	0.004594180704441042
CUFF_NC.233	1	2247631	2248863	+	0	0	0		99	0	351	0.0	318	1	1005	0.0009950248756218905
CUFF_NC.241	1	2257942	2258448	+	0	0	0		50	0	147	0.0	116	2	338	0.005917159763313609
CUFF_NC.236	1	2280877	2283124	+	0	0	0		141	0	569	0.0	508	5	2155	0.002320185614849188
CUFF_NC.238	1	2286384	2287253	+	0	0	0		54	0	303	0.0	226	3	1010	0.0029702970297029703
CUFF_NC.239	1	2287305	2287806	+	0	0	0		35	0	154	0.0	142	0	609	0.0
CUFF_NC.240	1	2294888	2295488	+	0	0	0		27	3	109	0.027522935779816515	165	3	670	0.004477611940298508
CUFF_NC.242	1	2319001	2319629	+	0	0	0		47	1	168	0.005952380952380952	186	5	681	0.007342143906020558
CUFF_NC.249	1	2328898	2329328	-	0	0	0		26	1	167	0.005988023952095809	102	2	638	0.003134796238244514
CUFF_NC.245	1	2335050	2338991	+	0	0	0		179	2	959	0.0020855057351407717	996	9	4704	0.001913265306122449
CUFF_NC.246	1	2335603	2336485	+	0	0	0		40	1	199	0.005025125628140704	233	2	1043	0.0019175455417066154
CUFF_NC.244	1	2348909	2350666	-	0	0	0		138	3	660	0.004545454545454545	407	4	1625	0.0024615384615384616
CUFF_NC.243	1	2357117	2357452	-	0	0	0		12	0	72	0.0	85	0	423	0.0
CUFF_NC.247	1	2359353	2360516	+	0	0	0		53	1	237	0.004219409282700422	291	6	1329	0.004514672686230248
CUFF_NC.248	1	2365975	2366702	+	0	0	0		16	0	80	0.0	226	7	986	0.007099391480730223
CUFF_NC.250	1	2369092	2369621	-	0	0	0		36	0	135	0.0	153	1	597	0.0016750418760469012
CUFF_NC.261	1	2393779	2394757	+	0	0	0		30	1	177	0.005649717514124294	213	3	1510	0.001986754966887417
CUFF_NC.252	1	2407407	2408200	+	0	0	0		24	0	137	0.0	216	4	1151	0.0034752389226759338
CUFF_NC.255	1	2409868	2412104	+	0	0	0		97	1	305	0.003278688524590164	348	4	1218	0.003284072249589491
CUFF_NC.253	1	2412921	2413620	-	0	0	0		47	0	169	0.0	158	0	661	0.0
CUFF_NC.254	1	2413894	2416627	-	0	0	0		180	118	835	0.14131736526946106	734	44	3147	0.013981569748967271
CUFF_NC.251	1	2421221	2421931	+	0	0	0		37	0	102	0.0	191	1	527	0.0018975332068311196
CUFF_NC.259	1	2435080	2435513	+	0	0	0		23	1	91	0.01098901098901099	121	1	513	0.001949317738791423
CUFF_NC.256	1	2439737	2440254	-	0	0	0		30	0	132	0.0	128	2	563	0.003552397868561279
CUFF_NC.257	1	2439956	2440434	+	0	0	0		23	0	122	0.0	133	3	693	0.004329004329004329
CUFF_NC.258	1	2463088	2464814	+	0	0	0		35	0	91	0.0	146	1	441	0.0022675736961451248
CUFF_NC.260	1	2472046	2472786	+	0	0	0		43	0	160	0.0	185	4	796	0.005025125628140704
CUFF_NC.265	1	2476998	2477687	-	0	0	0		29	0	143	0.0	171	3	846	0.0035460992907801418
CUFF_NC.266	1	2482022	2483090	-	0	0	0		69	4	344	0.011627906976744186	305	0	1239	0.0
CUFF_NC.262	1	2489580	2490125	+	0	0	0		26	0	159	0.0	151	5	788	0.006345177664974619
CUFF_NC.276	1	2501817	2502428	+	0	0	0		75	1	251	0.00398406374501992	155	0	480	0.0
CUFF_NC.277	1	2510642	2511142	+	0	0	0		28	0	133	0.0	124	0	601	0.0
CUFF_NC.263	1	2512708	2513132	+	0	0	0		25	0	138	0.0	117	1	551	0.0018148820326678765
CUFF_NC.264	1	2514308	2515590	+	0	0	0		82	1	423	0.002364066193853428	393	10	1823	0.005485463521667581
CUFF_NC.267	1	2538082	2538531	+	0	0	0		24	2	110	0.01818181818181818	144	0	636	0.0
CUFF_NC.275	1	2542272	2542583	+	0	0	0		14	0	68	0.0	89	2	386	0.0051813471502590676
CUFF_NC.268	1	2549339	2549689	+	0	0	0		20	0	83	0.0	99	1	429	0.002331002331002331
CUFF_NC.269	1	2553053	2557566	+	0	0	0		196	22	1065	0.020657276995305163	1281	29	6755	0.004293116210214656
CUFF_NC.270	1	2555658	2556098	+	0	0	0		3	2	22	0.09090909090909091	112	3	734	0.004087193460490463
CUFF_NC.271	1	2561828	2566478	+	0	0	0		199	3	992	0.0030241935483870967	1169	26	5816	0.004470426409903714
CUFF_NC.272	1	2572471	2573336	-	0	0	0		65	0	269	0.0	234	1	845	0.001183431952662722
CUFF_NC.273	1	2584578	2585084	+	0	0	0		28	2	129	0.015503875968992248	160	3	736	0.004076086956521739
CUFF_NC.274	1	2586120	2586918	+	0	0	0		38	1	150	0.006666666666666667	202	4	802	0.004987531172069825
CUFF_NC.278	1	2619211	2619677	-	0	0	0		28	0	200	0.0	137	1	929	0.001076426264800861
CUFF_NC.279	1	2627359	2627854	+	0	0	0		8	0	59	0.0	156	0	841	0.0
CUFF_NC.284	1	2647767	2648126	-	0	0	0		31	1	158	0.006329113924050633	100	1	582	0.001718213058419244
CUFF_NC.285	1	2656483	2657007	-	0	0	0		28	1	83	0.012048192771084338	135	0	389	0.0
CUFF_NC.280	1	2672142	2673909	-	0	0	0		130	0	603	0.0	463	2	2090	0.0009569377990430622
CUFF_NC.282	1	2689302	2690132	-	0	0	0		49	1	231	0.004329004329004329	199	5	1061	0.00471253534401508
CUFF_NC.281	1	2695317	2695777	+	0	0	0		8	0	45	0.0	108	3	639	0.004694835680751174
CUFF_NC.286	1	2700314	2700639	-	0	0	0		28	0	121	0.0	94	1	291	0.003436426116838488
CUFF_NC.287	1	2701741	2703123	-	0	0	0		106	2	577	0.0034662045060658577	364	9	1956	0.004601226993865031
CUFF_NC.289	1	2705877	2706794	-	0	0	0		64	0	265	0.0	276	0	1042	0.0
CUFF_NC.283	1	2718615	2721924	-	0	0	0		220	3	1015	0.002955665024630542	928	11	4156	0.0026467757459095282
CUFF_NC.291	1	2734520	2735221	+	0	0	0		61	4	330	0.012121212121212121	207	3	1107	0.0027100271002710027
CUFF_NC.288	1	2757060	2757533	+	0	0	0		33	0	151	0.0	145	0	637	0.0
CUFF_NC.290	1	2819185	2820099	+	0	0	0		47	0	201	0.0	277	2	1393	0.0014357501794687725
CUFF_NC.312	1	2836608	2837128	+	0	0	0		30	0	114	0.0	158	3	617	0.004862236628849271
CUFF_NC.292	1	2842372	2842690	-	0	0	0		10	0	49	0.0	94	1	412	0.0024271844660194173
CUFF_NC.302	1	2858900	2859720	-	0	0	0		59	0	201	0.0	200	2	690	0.002898550724637681
CUFF_NC.303	1	2859897	2860818	-	0	0	0		77	1	312	0.003205128205128205	261	4	996	0.004016064257028112
CUFF_NC.293	1	2864582	2865011	-	0	0	0		25	1	111	0.009009009009009009	114	3	500	0.006
CUFF_NC.295	1	2869552	2869804	-	0	0	0		16	0	53	0.0	56	2	179	0.0111731843575419
CUFF_NC.294	1	2877396	2878270	-	0	0	0		21	0	80	0.0	233	3	1047	0.0028653295128939827
CUFF_NC.297	1	2885742	2886246	-	0	0	0		47	0	186	0.0	122	0	465	0.0
CUFF_NC.296	1	2888620	2889501	-	0	0	0		49	0	201	0.0	255	8	1041	0.007684918347742555
CUFF_NC.298	1	2899917	2900379	+	0	0	0		27	0	116	0.0	136	2	589	0.003395585738539898
CUFF_NC.300	1	2935597	2936310	-	0	0	0		37	1	162	0.006172839506172839	209	2	1018	0.0019646365422396855
CUFF_NC.309	1	2944901	2945345	+	0	0	0		36	1	163	0.006134969325153374	116	2	505	0.0039603960396039604
CUFF_NC.310	1	2945592	2945963	+	0	0	0		22	0	96	0.0	89	1	421	0.0023752969121140144
CUFF_NC.311	1	2948540	2948967	-	0	0	0		26	1	99	0.010101010101010102	116	0	473	0.0
CUFF_NC.299	1	2949745	2951229	+	0	0	0		87	1	481	0.002079002079002079	338	7	1630	0.004294478527607362
CUFF_NC.304	1	2953012	2954228	+	0	0	0		74	1	405	0.0024691358024691358	361	3	1761	0.0017035775127768314
CUFF_NC.301	1	2963976	2964694	-	0	0	0		41	1	168	0.005952380952380952	157	1	766	0.0013054830287206266
CUFF_NC.305	1	2966231	2966661	+	0	0	0		28	0	149	0.0	117	0	440	0.0
CUFF_NC.313	1	2973131	2974272	+	0	0	0		72	2	389	0.005141388174807198	308	7	1787	0.00391717963066592
CUFF_NC.314	1	2976790	2977811	+	0	0	0		51	1	264	0.003787878787878788	275	7	1434	0.0048814504881450485
CUFF_NC.315	1	2980847	2982500	+	0	0	0		103	2	432	0.004629629629629629	460	4	2170	0.0018433179723502304
CUFF_NC.307	1	2985458	2985894	-	0	0	0		30	0	138	0.0	135	0	572	0.0
CUFF_NC.306	1	2987675	2988104	+	0	0	0		28	0	135	0.0	121	1	545	0.001834862385321101
CUFF_NC.308	1	2989088	2990265	-	0	0	0		78	0	281	0.0	233	5	977	0.00511770726714432
CUFF_NC.318	1	2999532	3000416	+	0	0	0		85	1	474	0.002109704641350211	228	2	1268	0.0015772870662460567
CUFF_NC.317	1	3001943	3002263	+	0	0	0		31	0	185	0.0	78	0	386	0.0
CUFF_NC.316	1	3006860	3008095	-	0	0	0		79	0	391	0.0	317	5	1510	0.0033112582781456954
CUFF_NC.323	1	3037864	3040564	+	0	0	0		187	5	914	0.005470459518599562	740	14	3576	0.0039149888143176735
CUFF_NC.321	1	3065416	3065881	-	0	0	0		16	0	90	0.0	132	2	729	0.0027434842249657062
CUFF_NC.319	1	3072586	3073064	-	0	0	0		9	0	57	0.0	69	1	389	0.002570694087403599
CUFF_NC.322	1	3101119	3101751	+	0	0	0		25	1	161	0.006211180124223602	173	5	1087	0.004599816007359705
CUFF_NC.320	1	3111093	3111495	-	0	0	0		32	1	160	0.00625	101	1	403	0.0024813895781637717
CUFF_NC.324	1	3125094	3126735	-	0	0	0		88	1	350	0.002857142857142857	417	4	1891	0.0021152829190904283
CUFF_NC.325	1	3137756	3138936	+	0	0	0		79	0	311	0.0	287	5	1110	0.0045045045045045045
CUFF_NC.327	1	3141040	3141414	-	0	0	0		29	0	112	0.0	93	1	432	0.0023148148148148147
CUFF_NC.326	1	3157146	3158882	-	0	0	0		117	1	416	0.002403846153846154	449	7	1499	0.004669779853235491
CUFF_NC.329	1	3195847	3196496	+	0	0	0		34	0	132	0.0	117	2	437	0.004576659038901602
CUFF_NC.330	1	3199374	3200243	+	0	0	0		44	1	197	0.005076142131979695	151	1	644	0.0015527950310559005
CUFF_NC.339	1	3224073	3225530	+	0	0	0		111	2	534	0.003745318352059925	361	4	1718	0.002328288707799767
CUFF_NC.328	1	3232509	3232882	+	0	0	0		17	0	80	0.0	108	0	449	0.0
CUFF_NC.331	1	3240679	3241905	+	0	0	0		69	2	279	0.007168458781362007	321	2	1334	0.0014992503748125937
CUFF_NC.332	1	3243911	3244784	-	0	0	0		37	0	131	0.0	260	3	1134	0.0026455026455026454
CUFF_NC.337	1	3252142	3253640	-	0	0	0		134	2	555	0.0036036036036036037	357	4	1436	0.002785515320334262
CUFF_NC.338	1	3254175	3254955	-	0	0	0		47	0	215	0.0	225	4	1029	0.003887269193391642
CUFF_NC.342	1	3258207	3258488	+	0	0	0		18	0	77	0.0	83	1	368	0.002717391304347826
CUFF_NC.333	1	3263809	3265172	+	0	0	0		6	0	28	0.0	40	3	205	0.014634146341463415
CUFF_NC.334	1	3267632	3268096	-	0	0	0		21	0	100	0.0	128	1	556	0.0017985611510791368
CUFF_NC.335	1	3269878	3270900	+	0	0	0		77	0	254	0.0	282	3	1037	0.0028929604628736743
CUFF_NC.336	1	3271469	3272144	+	0	0	0		41	1	189	0.005291005291005291	166	0	583	0.0
CUFF_NC.344	1	3280097	3283718	-	0	0	0		289	8	1272	0.006289308176100629	989	15	4415	0.0033975084937712344
CUFF_NC.340	1	3286539	3287167	-	0	0	0		46	1	241	0.004149377593360996	165	3	841	0.0035671819262782403
CUFF_NC.346	1	3302719	3303760	-	0	0	0		46	0	213	0.0	302	5	1530	0.0032679738562091504
CUFF_NC.341	1	3322706	3323765	+	0	0	0		43	0	123	0.0	254	1	850	0.001176470588235294
CUFF_NC.350	1	3329850	3333269	-	0	0	0		298	569	1040	0.5471153846153847	1004	456	3507	0.1300256629597947
CUFF_NC.348	1	3334833	3337584	+	0	0	0		255	2	904	0.0022123893805309734	864	11	3003	0.003663003663003663
CUFF_NC.349	1	3338476	3339887	+	0	0	0		132	1	647	0.0015455950540958269	373	2	1758	0.0011376564277588168
CUFF_NC.345	1	3349413	3350980	-	0	0	0		87	2	359	0.005571030640668524	461	8	1860	0.004301075268817204
CUFF_NC.343	1	3352143	3352749	-	0	0	0		46	2	189	0.010582010582010581	145	3	543	0.0055248618784530384
CUFF_NC.347	1	3360056	3361254	+	0	0	0		26	1	137	0.0072992700729927005	165	4	773	0.00517464424320828
CUFF_NC.354	1	3395697	3398344	+	0	0	0		148	3	695	0.004316546762589928	707	7	3281	0.0021334958854007926
CUFF_NC.353	1	3401153	3401997	-	0	0	0		49	0	246	0.0	209	3	986	0.0030425963488843813
CUFF_NC.351	1	3406043	3406540	-	0	0	0		17	0	62	0.0	111	2	449	0.004454342984409799
CUFF_NC.352	1	3406208	3406622	+	0	0	0		14	0	53	0.0	105	1	446	0.002242152466367713
CUFF_NC.359	1	3407127	3407934	+	0	0	0		68	0	320	0.0	205	2	904	0.0022123893805309734
CUFF_NC.360	1	3410759	3411414	+	0	0	0		57	0	221	0.0	239	3	876	0.003424657534246575
CUFF_NC.361	1	3424401	3425678	+	0	0	0		94	1	584	0.0017123287671232876	318	8	1774	0.004509582863585118
CUFF_NC.356	1	3430237	3430699	+	0	0	0		42	2	193	0.010362694300518135	100	1	379	0.002638522427440633
CUFF_NC.358	1	3439404	3440483	+	0	0	0		70	0	327	0.0	272	0	1273	0.0
CUFF_NC.355	1	3441512	3441936	+	0	0	0		4	0	21	0.0	124	9	609	0.014778325123152709
CUFF_NC.357	1	3442393	3443980	+	0	0	0		105	1	493	0.002028397565922921	278	2	1337	0.0014958863126402393
CUFF_NC.362	1	3495489	3496082	-	0	0	0		28	1	151	0.006622516556291391	149	2	738	0.0027100271002710027
CUFF_NC.368	1	3511496	3511985	+	0	0	0		37	1	121	0.008264462809917356	154	0	304	0.0
CUFF_NC.363	1	3512736	3513253	+	0	0	0		23	0	126	0.0	127	0	721	0.0
CUFF_NC.364	1	3515442	3516055	+	0	0	0		44	1	197	0.005076142131979695	149	1	654	0.0015290519877675841
CUFF_NC.365	1	3516722	3518011	+	0	0	0		74	1	454	0.0022026431718061676	336	7	2075	0.0033734939759036144
CUFF_NC.366	1	3526357	3527229	+	0	0	0		14	0	81	0.0	186	5	1030	0.0048543689320388345
CUFF_NC.369	1	3532232	3533052	-	0	0	0		53	0	228	0.0	203	3	912	0.003289473684210526
CUFF_NC.367	1	3544912	3545614	-	0	0	0		29	0	141	0.0	164	2	661	0.0030257186081694403
CUFF_NC.370	1	3563718	3564442	-	0	0	0		35	0	164	0.0	208	1	839	0.0011918951132300357
CUFF_NC.372	1	3566683	3567865	-	0	0	0		67	2	324	0.006172839506172839	286	2	1346	0.0014858841010401188
CUFF_NC.373	1	3568337	3568956	+	0	0	0		46	1	169	0.005917159763313609	173	3	645	0.004651162790697674
CUFF_NC.374	1	3570223	3571146	+	0	0	0		32	0	80	0.0	202	0	616	0.0
CUFF_NC.371	1	3591727	3595270	+	0	0	0		204	4	985	0.0040609137055837565	868	6	4077	0.0014716703458425313
CUFF_NC.376	1	3635472	3636314	+	0	0	0		66	2	330	0.006060606060606061	269	4	1209	0.0033085194375516956
CUFF_NC.381	1	3647967	3649271	+	0	0	0		88	5	485	0.010309278350515464	370	8	1918	0.004171011470281543
CUFF_NC.375	1	3670361	3671218	+	0	0	0		64	0	289	0.0	218	1	878	0.0011389521640091116
CUFF_NC.378	1	3692561	3693563	+	0	0	0		42	0	235	0.0	268	8	1508	0.005305039787798408
CUFF_NC.377	1	3711817	3712288	-	0	0	0		27	0	154	0.0	121	2	598	0.0033444816053511705
CUFF_NC.380	1	3715150	3715636	-	0	0	0		23	1	127	0.007874015748031496	126	2	610	0.003278688524590164
CUFF_NC.379	1	3718826	3719450	-	0	0	0		61	1	175	0.005714285714285714	153	3	413	0.007263922518159807
CUFF_NC.382	1	3729435	3730321	-	0	0	0		13	0	27	0.0	61	0	159	0.0
CUFF_NC.384	1	3749509	3750035	+	0	0	0		16	0	62	0.0	149	1	576	0.001736111111111111
CUFF_NC.385	1	3751213	3752064	+	0	0	0		24	0	134	0.0	211	4	1277	0.0031323414252153485
CUFF_NC.386	1	3756109	3757298	+	0	0	0		74	0	344	0.0	295	4	1357	0.0029476787030213707
CUFF_NC.383	1	3760279	3761493	+	0	0	0		89	0	342	0.0	256	3	945	0.0031746031746031746
CUFF_NC.388	1	3771835	3772399	-	0	0	0		18	1	104	0.009615384615384616	121	4	591	0.00676818950930626
CUFF_NC.393	1	3795102	3799015	-	0	0	0		298	2	1383	0.0014461315979754157	1099	16	5251	0.00304703865930299
CUFF_NC.394	1	3796506	3800114	-	0	0	0		280	4	1339	0.002987303958177745	1011	12	5004	0.002398081534772182
CUFF_NC.409	1	3813937	3815241	+	0	0	0		88	2	472	0.00423728813559322	349	7	1843	0.0037981551817688553
CUFF_NC.410	1	3821994	3823319	+	0	0	0		94	1	406	0.0024630541871921183	336	2	1409	0.0014194464158978
CUFF_NC.389	1	3828698	3829746	+	0	0	0		86	1	460	0.002173913043478261	283	3	1288	0.002329192546583851
CUFF_NC.390	1	3849218	3850633	-	0	0	0		104	2	543	0.003683241252302026	367	5	1600	0.003125
CUFF_NC.391	1	3865527	3866435	+	0	0	0		98	2	445	0.0044943820224719105	268	3	1131	0.002652519893899204
CUFF_NC.392	1	3871882	3872510	+	0	0	0		23	1	124	0.008064516129032258	184	0	794	0.0
CUFF_NC.395	1	3881974	3882624	-	0	0	0		45	1	190	0.005263157894736842	170	2	659	0.0030349013657056147
CUFF_NC.397	1	3889548	3890701	-	0	0	0		94	6	477	0.012578616352201259	301	9	1528	0.0058900523560209425
CUFF_NC.396	1	3891526	3891972	-	0	0	0		19	13	91	0.14285714285714285	108	49	525	0.09333333333333334
CUFF_NC.402	1	3892369	3897014	-	0	0	0		251	344	1187	0.2898062342038753	1196	387	5308	0.07290881688018086
CUFF_NC.398	1	3902666	3903406	-	0	0	0		52	2	219	0.0091324200913242	188	1	703	0.001422475106685633
CUFF_NC.399	1	3930074	3931067	+	0	0	0		60	1	336	0.002976190476190476	279	4	1620	0.0024691358024691358
CUFF_NC.400	1	3945169	3946898	-	0	0	0		84	0	390	0.0	395	3	1864	0.001609442060085837
CUFF_NC.405	1	3963316	3963737	+	0	0	0		21	0	123	0.0	118	1	599	0.001669449081803005
CUFF_NC.403	1	3965645	3966492	+	0	0	0		59	0	223	0.0	183	1	812	0.0012315270935960591
CUFF_NC.408	1	3967553	3968904	-	0	0	0		101	0	435	0.0	371	5	1474	0.0033921302578018998
CUFF_NC.406	1	3972206	3973307	+	0	0	0		89	1	385	0.0025974025974025974	280	5	1312	0.0038109756097560975
CUFF_NC.404	1	3973884	3974369	-	0	0	0		16	0	97	0.0	141	0	819	0.0
CUFF_NC.411	1	3977661	3978954	+	0	0	0		87	1	531	0.0018832391713747645	355	3	2190	0.0013698630136986301
CUFF_NC.407	1	3999209	4000603	-	0	0	0		53	0	240	0.0	402	0	1921	0.0
CUFF_NC.412	1	4002704	4003329	-	0	0	0		48	1	213	0.004694835680751174	197	3	906	0.0033112582781456954
CUFF_NC.414	1	4062460	4063630	+	0	0	0		57	1	292	0.003424657534246575	285	1	1399	0.0007147962830593281
CUFF_NC.417	1	4076017	4077102	-	0	0	0		68	0	291	0.0	207	1	970	0.0010309278350515464
CUFF_NC.415	1	4095034	4096028	-	0	0	0		39	0	190	0.0	248	2	1169	0.001710863986313088
CUFF_NC.418	1	4106011	4106817	-	0	0	0		52	0	226	0.0	177	3	844	0.0035545023696682463
CUFF_NC.419	1	4114800	4115926	+	0	0	0		78	1	394	0.0025380710659898475	314	5	1450	0.0034482758620689655
CUFF_NC.425	1	4122801	4123340	-	0	0	0		48	0	199	0.0	153	3	649	0.004622496147919877
CUFF_NC.420	1	4139327	4139880	-	0	0	0		19	0	61	0.0	144	2	509	0.003929273084479371
CUFF_NC.423	1	4144945	4145715	-	0	0	0		51	0	314	0.0	231	5	1193	0.004191114836546521
CUFF_NC.424	1	4146082	4147628	-	0	0	0		82	2	397	0.005037783375314861	478	9	2239	0.00401965163019205
CUFF_NC.429	1	4153463	4154903	-	0	0	0		72	2	453	0.004415011037527594	320	9	1953	0.004608294930875576
CUFF_NC.421	1	4162509	4163817	+	0	0	0		69	10	347	0.02881844380403458	356	5	1730	0.002890173410404624
CUFF_NC.422	1	4164089	4164771	+	0	0	0		24	0	132	0.0	189	4	1136	0.0035211267605633804
CUFF_NC.426	1	4194485	4196658	-	0	0	0		140	3	612	0.004901960784313725	503	7	1953	0.0035842293906810036
CUFF_NC.436	1	4207971	4209115	+	0	0	0		72	1	312	0.003205128205128205	301	3	1395	0.002150537634408602
CUFF_NC.427	1	4214686	4217443	+	0	0	0		173	1	693	0.001443001443001443	773	7	2756	0.0025399129172714078
CUFF_NC.428	1	4240857	4241309	-	0	0	0		23	0	118	0.0	133	2	597	0.0033500837520938024
CUFF_NC.431	1	4263396	4264194	+	0	0	0		61	0	304	0.0	181	1	797	0.0012547051442910915
CUFF_NC.432	1	4267175	4268104	+	0	0	0		77	0	290	0.0	245	2	928	0.0021551724137931034
CUFF_NC.433	1	4268484	4268998	+	0	0	0		37	0	179	0.0	123	2	590	0.003389830508474576
CUFF_NC.434	1	4274453	4275741	-	0	0	0		93	1	409	0.0024449877750611247	301	2	1384	0.001445086705202312
CUFF_NC.435	1	4288452	4289136	+	0	0	0		36	1	222	0.0045045045045045045	138	4	816	0.004901960784313725
CUFF_NC.437	1	4307117	4307481	-	0	0	0		25	1	132	0.007575757575757576	90	0	450	0.0
CUFF_NC.438	1	4316633	4318656	-	0	0	0		101	0	476	0.0	496	7	2298	0.0030461270670147957
CUFF_NC.440	1	4321547	4322235	+	0	0	0		71	0	277	0.0	207	2	896	0.002232142857142857
CUFF_NC.441	1	4327788	4328101	+	0	0	0		19	0	80	0.0	86	1	316	0.0031645569620253164
CUFF_NC.447	1	4336059	4337285	-	0	0	0		75	2	431	0.004640371229698376	321	0	1768	0.0
CUFF_NC.439	1	4339021	4340173	+	0	0	0		30	0	123	0.0	238	3	1063	0.0028222013170272815
CUFF_NC.442	1	4344142	4344856	-	0	0	0		38	0	216	0.0	187	4	988	0.004048582995951417
CUFF_NC.449	1	4357628	4358192	+	0	0	0		27	0	77	0.0	143	3	490	0.006122448979591836
CUFF_NC.445	1	4368921	4369617	+	0	0	0		58	0	240	0.0	190	2	762	0.0026246719160104987
CUFF_NC.446	1	4369730	4371633	+	0	0	0		108	2	527	0.003795066413662239	568	6	2556	0.002347417840375587
CUFF_NC.444	1	4379839	4380686	+	0	0	0		84	0	398	0.0	236	0	901	0.0
CUFF_NC.443	1	4384713	4385340	-	0	0	0		53	1	299	0.0033444816053511705	150	0	656	0.0
CUFF_NC.448	1	4396358	4397332	+	0	0	0		77	1	365	0.0027397260273972603	238	5	1126	0.004440497335701598
CUFF_NC.451	1	4441172	4441692	+	0	0	0		48	1	243	0.00411522633744856	155	6	798	0.007518796992481203
CUFF_NC.452	1	4442376	4443303	+	0	0	0		67	0	238	0.0	205	4	715	0.005594405594405594
CUFF_NC.453	1	4449508	4450332	-	0	0	0		56	1	319	0.003134796238244514	217	3	1184	0.002533783783783784
CUFF_NC.454	1	4450518	4451529	-	0	0	0		93	1	394	0.0025380710659898475	334	3	1461	0.002053388090349076
CUFF_NC.457	1	4467128	4468949	-	0	0	0		127	2	669	0.0029895366218236174	510	15	2346	0.00639386189258312
CUFF_NC.455	1	4469279	4469706	+	0	0	0		40	1	191	0.005235602094240838	100	3	471	0.006369426751592357
CUFF_NC.458	1	4488695	4489366	+	0	0	0		50	0	240	0.0	190	4	743	0.005383580080753701
CUFF_NC.456	1	4499612	4501513	-	0	0	0		144	0	644	0.0	577	7	2419	0.0028937577511368336
CUFF_NC.464	1	4516691	4518722	-	0	0	0		116	2	620	0.0032258064516129032	525	9	2354	0.0038232795242141037
CUFF_NC.465	1	4517743	4518662	-	0	0	0		57	2	237	0.008438818565400843	249	6	863	0.006952491309385863
CUFF_NC.461	1	4520557	4521058	-	0	0	0		28	1	118	0.00847457627118644	144	1	610	0.001639344262295082
CUFF_NC.459	1	4523909	4524954	-	0	0	0		36	0	189	0.0	266	3	1607	0.001866832607342875
CUFF_NC.462	1	4525531	4526052	+	0	0	0		13	0	70	0.0	150	2	704	0.002840909090909091
CUFF_NC.460	1	4526959	4527364	-	0	0	0		20	1	127	0.007874015748031496	77	1	534	0.0018726591760299626
CUFF_NC.463	1	4528624	4530258	+	0	0	0		105	2	465	0.004301075268817204	411	5	1646	0.003037667071688943
CUFF_NC.466	1	4542735	4543397	-	0	0	0		47	0	223	0.0	151	1	637	0.0015698587127158557
CUFF_NC.469	1	4547440	4548718	-	0	0	0		89	0	405	0.0	317	3	1386	0.0021645021645021645
CUFF_NC.467	1	4557194	4557948	-	0	0	0		34	1	156	0.00641025641025641	158	2	638	0.003134796238244514
CUFF_NC.480	1	4575405	4576585	+	0	0	0		64	0	291	0.0	337	2	1309	0.0015278838808250573
CUFF_NC.470	1	4576856	4578549	+	0	0	0		92	0	432	0.0	336	1	1486	0.0006729475100942127
CUFF_NC.468	1	4584263	4584755	+	0	0	0		9	0	43	0.0	64	0	246	0.0
CUFF_NC.471	1	4604619	4605906	-	0	0	0		35	1	132	0.007575757575757576	347	0	1327	0.0
CUFF_NC.476	1	4612161	4612929	+	0	0	0		42	1	232	0.004310344827586207	178	2	885	0.0022598870056497176
CUFF_NC.477	1	4614381	4615182	+	0	0	0		43	0	179	0.0	197	4	710	0.005633802816901409
CUFF_NC.473	1	4615642	4616063	-	0	0	0		19	0	121	0.0	102	6	529	0.011342155009451797
CUFF_NC.474	1	4616849	4617611	-	0	0	0		44	3	238	0.012605042016806723	221	2	1146	0.0017452006980802793
CUFF_NC.475	1	4617934	4618601	-	0	0	0		27	0	118	0.0	152	0	562	0.0
CUFF_NC.472	1	4620239	4621099	+	0	0	0		49	0	243	0.0	255	2	972	0.00205761316872428
CUFF_NC.478	1	4635465	4637084	+	0	0	0		104	2	562	0.0035587188612099642	488	6	2392	0.002508361204013378
CUFF_NC.482	1	4660623	4663532	-	0	0	0		110	1	647	0.0015455950540958269	650	8	3628	0.002205071664829107
CUFF_NC.483	1	4661342	4662194	-	0	0	0		36	0	178	0.0	197	5	1049	0.004766444232602479
CUFF_NC.479	1	4665686	4666111	+	0	0	0		21	0	129	0.0	115	1	643	0.0015552099533437014
CUFF_NC.481	1	4678671	4679301	+	0	0	0		42	0	198	0.0	163	1	704	0.0014204545454545455
CUFF_NC.484	1	4688092	4688959	-	0	0	0		60	1	286	0.0034965034965034965	224	4	901	0.004439511653718091
CUFF_NC.488	1	4739155	4739412	+	0	0	0		11	29	50	0.58	65	11	247	0.044534412955465584
CUFF_NC.487	1	4740200	4740572	+	0	0	0		25	1	106	0.009433962264150943	111	1	384	0.0026041666666666665
CUFF_NC.489	1	4761023	4761700	-	0	0	0		62	1	214	0.004672897196261682	172	1	548	0.0018248175182481751
CUFF_NC.492	1	4793718	4794217	-	0	0	0		30	0	112	0.0	148	2	631	0.003169572107765452
CUFF_NC.493	1	4795557	4796460	-	0	0	0		53	0	218	0.0	244	2	930	0.002150537634408602
CUFF_NC.490	1	4799484	4799863	-	0	0	0		15	0	68	0.0	114	1	579	0.0017271157167530224
CUFF_NC.491	1	4809987	4811166	-	0	0	0		45	1	191	0.005235602094240838	191	1	697	0.0014347202295552368
CUFF_NC.495	1	4827956	4828964	-	0	0	0		68	2	358	0.00558659217877095	280	3	1454	0.0020632737276478678
CUFF_NC.494	1	4830593	4832117	-	0	0	0		87	159	349	0.45558739255014324	444	91	1840	0.049456521739130434
CUFF_NC.497	1	4842477	4843020	-	0	0	0		34	2	155	0.012903225806451613	138	1	581	0.0017211703958691911
CUFF_NC.500	1	4850433	4853225	-	0	0	0		157	2	805	0.002484472049689441	777	19	3975	0.004779874213836478
CUFF_NC.501	1	4851195	4853794	-	0	0	0		137	1	675	0.0014814814814814814	718	19	3717	0.005111649179445789
CUFF_NC.499	1	4854521	4855101	+	0	0	0		27	1	123	0.008130081300813009	170	1	694	0.001440922190201729
CUFF_NC.498	1	4877439	4879858	-	0	0	0		154	0	875	0.0	682	4	3667	0.00109080992637033
CUFF_NC.503	1	4891420	4892138	+	0	0	0		34	2	178	0.011235955056179775	150	4	859	0.004656577415599534
CUFF_NC.504	1	4898996	4899860	-	0	0	0		49	0	155	0.0	210	4	751	0.005326231691078562
CUFF_NC.502	1	4902918	4903476	+	0	0	0		15	0	93	0.0	144	0	934	0.0
CUFF_NC.505	1	4939028	4940166	+	0	0	0		41	0	172	0.0	353	2	1397	0.0014316392269148174
CUFF_NC.508	1	4951162	4951982	+	0	0	0		39	0	208	0.0	274	1	1143	0.0008748906386701663
CUFF_NC.509	1	4955855	4956259	-	0	0	0		16	0	83	0.0	124	2	665	0.0030075187969924814
CUFF_NC.506	1	4958448	4959499	+	0	0	0		64	1	275	0.0036363636363636364	269	0	1064	0.0
CUFF_NC.507	1	4966809	4967493	-	0	0	0		22	47	98	0.47959183673469385	169	38	754	0.050397877984084884
CUFF_NC.510	1	4971105	4972097	+	0	0	0		62	2	337	0.005934718100890208	263	7	1248	0.005608974358974359
CUFF_NC.511	1	4991426	4992853	-	0	0	0		92	47	393	0.11959287531806616	378	12	1580	0.007594936708860759
CUFF_NC.538	1	5023890	5028602	-	0	0	0		378	6	1694	0.0035419126328217238	1264	14	5389	0.002597884579699388
CUFF_NC.539	1	5024657	5030606	-	0	0	0		481	8	1940	0.004123711340206186	1640	13	6251	0.002079667253239482
CUFF_NC.540	1	5025146	5029836	-	0	0	0		368	6	1553	0.0038634900193174502	1257	10	5050	0.0019801980198019802
CUFF_NC.541	1	5025380	5030121	-	0	0	0		373	6	1561	0.003843689942344651	1288	10	5105	0.0019588638589618022
CUFF_NC.542	1	5030921	5031687	-	0	0	0		30	0	111	0.0	203	1	806	0.0012406947890818859
CUFF_NC.513	1	5037790	5040393	-	0	0	0		186	5	821	0.0060901339829476245	738	4	3062	0.0013063357282821686
CUFF_NC.514	1	5043099	5045583	-	0	0	0		105	5	473	0.010570824524312896	503	15	2230	0.006726457399103139
CUFF_NC.515	1	5046323	5046869	+	0	0	0		36	0	168	0.0	113	2	563	0.003552397868561279
CUFF_NC.512	1	5047692	5048689	-	0	0	0		46	0	193	0.0	254	4	1061	0.003770028275212064
CUFF_NC.516	1	5076369	5076989	+	0	0	0		50	1	229	0.004366812227074236	164	2	628	0.0031847133757961785
CUFF_NC.517	1	5084502	5085241	+	0	0	0		28	2	110	0.01818181818181818	190	2	685	0.00291970802919708
CUFF_NC.518	1	5098505	5099125	-	0	0	0		31	67	111	0.6036036036036037	186	61	644	0.09472049689440994
CUFF_NC.519	1	5099231	5100614	-	0	0	0		35	64	116	0.5517241379310345	218	59	666	0.08858858858858859
CUFF_NC.521	1	5104882	5106047	+	0	0	0		65	3	345	0.008695652173913044	315	3	1674	0.0017921146953405018
CUFF_NC.520	1	5114876	5115551	+	0	0	0		25	0	121	0.0	187	3	718	0.004178272980501393
CUFF_NC.526	1	5128774	5133204	+	0	0	0		139	0	704	0.0	1014	10	5474	0.001826817683595177
CUFF_NC.527	1	5129368	5133812	+	0	0	0		126	0	644	0.0	1011	12	5333	0.002250140633789612
CUFF_NC.522	1	5134646	5135343	+	0	0	0		21	0	53	0.0	149	1	566	0.0017667844522968198
CUFF_NC.523	1	5136860	5137964	-	0	0	0		50	0	154	0.0	247	3	652	0.004601226993865031
CUFF_NC.524	1	5146517	5147031	-	0	0	0		23	0	87	0.0	129	3	771	0.0038910505836575876
CUFF_NC.525	1	5148981	5151333	-	0	0	0		173	0	675	0.0	576	7	2441	0.0028676771814829987
CUFF_NC.530	1	5161741	5162446	+	0	0	0		42	0	219	0.0	212	1	949	0.001053740779768177
CUFF_NC.529	1	5175828	5176501	+	0	0	0		38	0	143	0.0	108	4	394	0.01015228426395939
CUFF_NC.531	1	5193303	5194375	+	0	0	0		53	0	225	0.0	273	0	1232	0.0
CUFF_NC.535	1	5198996	5199357	-	0	0	0		19	0	47	0.0	100	0	232	0.0
CUFF_NC.544	1	5213099	5213783	-	0	0	0		56	0	236	0.0	194	6	833	0.007202881152460984
CUFF_NC.545	1	5213936	5214395	-	0	0	0		28	0	152	0.0	92	1	497	0.002012072434607646
CUFF_NC.546	1	5220410	5224143	-	0	0	0		275	5	1183	0.00422654268808115	1052	7	4234	0.0016532829475673122
CUFF_NC.532	1	5226927	5228063	-	0	0	0		60	1	294	0.003401360544217687	308	7	1100	0.006363636363636364
CUFF_NC.534	1	5228328	5229063	+	0	0	0		41	1	178	0.0056179775280898875	237	0	740	0.0
CUFF_NC.551	1	5242529	5243219	+	0	0	0		62	1	242	0.004132231404958678	164	1	489	0.002044989775051125
CUFF_NC.533	1	5249713	5250355	-	0	0	0		43	2	151	0.013245033112582781	172	1	589	0.001697792869269949
CUFF_NC.550	1	5264564	5264971	+	0	0	0		19	0	94	0.0	115	2	441	0.0045351473922902496
CUFF_NC.536	1	5265875	5266988	+	0	0	0		99	0	495	0.0	283	1	1290	0.0007751937984496124
CUFF_NC.537	1	5267549	5268532	+	0	0	0		67	1	319	0.003134796238244514	284	3	1256	0.0023885350318471337
CUFF_NC.543	1	5280409	5280759	+	0	0	0		21	1	77	0.012987012987012988	92	0	334	0.0
CUFF_NC.547	1	5290588	5291406	-	0	0	0		40	1	214	0.004672897196261682	196	3	1050	0.002857142857142857
CUFF_NC.548	1	5294379	5295682	-	0	0	0		73	0	262	0.0	362	3	1483	0.0020229265003371545
CUFF_NC.549	1	5296386	5296935	+	0	0	0		46	1	190	0.005263157894736842	144	0	563	0.0
CUFF_NC.553	1	5302368	5303212	+	0	0	0		66	1	278	0.0035971223021582736	222	2	980	0.0020408163265306124
CUFF_NC.552	1	5345386	5346452	+	0	0	0		46	1	212	0.0047169811320754715	328	4	1759	0.0022740193291642978
CUFF_NC.555	1	5351822	5354496	+	0	0	0		115	120	645	0.18604651162790697	666	126	4021	0.031335488684406866
CUFF_NC.554	1	5355726	5356865	-	0	0	0		9	7	28	0.25	85	4	331	0.012084592145015106
CUFF_NC.556	1	5389928	5391119	-	0	0	0		105	2	374	0.0053475935828877	298	3	1018	0.0029469548133595285
CUFF_NC.557	1	5442672	5443973	+	0	0	0		102	0	376	0.0	340	4	1367	0.002926115581565472
CUFF_NC.566	1	5446999	5447781	+	0	0	0		78	1	304	0.003289473684210526	233	1	926	0.0010799136069114472
CUFF_NC.567	1	5448820	5450161	-	0	0	0		114	0	335	0.0	361	1	801	0.0012484394506866417
CUFF_NC.559	1	5465353	5466139	-	0	0	0		45	0	223	0.0	222	1	969	0.0010319917440660474
CUFF_NC.560	1	5468502	5469065	-	0	0	0		37	1	215	0.004651162790697674	142	1	764	0.0013089005235602095
CUFF_NC.558	1	5469426	5470836	-	0	0	0		97	1	465	0.002150537634408602	330	4	1485	0.0026936026936026937
CUFF_NC.564	1	5508377	5509079	-	0	0	0		31	0	196	0.0	164	1	865	0.0011560693641618498
CUFF_NC.561	1	5516134	5517688	-	0	0	0		120	1	492	0.0020325203252032522	431	8	1926	0.004153686396677051
CUFF_NC.565	1	5520892	5521978	-	0	0	0		50	0	296	0.0	292	5	1630	0.003067484662576687
CUFF_NC.562	1	5528244	5528758	-	0	0	0		53	0	266	0.0	136	3	561	0.0053475935828877
CUFF_NC.563	1	5538130	5538546	-	0	0	0		27	0	126	0.0	119	0	566	0.0
CUFF_NC.568	1	5576484	5577468	-	0	0	0		65	0	340	0.0	275	5	1519	0.0032916392363396972
CUFF_NC.570	1	5585091	5585985	+	0	0	0		50	1	318	0.0031446540880503146	243	2	1465	0.0013651877133105802
CUFF_NC.569	1	5593349	5594119	+	0	0	0		37	0	161	0.0	206	2	1078	0.0018552875695732839
CUFF_NC.573	1	5605312	5609065	-	0	0	0		155	1	786	0.001272264631043257	961	14	4527	0.0030925557764523966
CUFF_NC.574	1	5605473	5609826	-	0	0	0		191	1	956	0.0010460251046025104	1115	17	5158	0.0032958511050794883
CUFF_NC.575	1	5606732	5611443	-	0	0	0		183	1	918	0.0010893246187363835	1115	19	5138	0.0036979369404437526
CUFF_NC.571	1	5616057	5617616	-	0	0	0		98	0	403	0.0	394	4	1701	0.0023515579071134627
CUFF_NC.576	1	5629182	5631131	+	0	0	0		103	3	505	0.005940594059405941	566	7	2853	0.0024535576586049773
CUFF_NC.572	1	5644600	5646101	+	0	0	0		64	0	207	0.0	305	5	1057	0.004730368968779565
CUFF_NC.577	1	5651498	5651930	+	0	0	0		28	0	181	0.0	100	4	646	0.006191950464396285
CUFF_NC.579	1	5692118	5693863	-	0	0	0		169	467	756	0.6177248677248677	504	295	2165	0.13625866050808313
CUFF_NC.589	1	5708554	5709424	-	0	0	0		62	1	331	0.0030211480362537764	259	3	1281	0.00234192037470726
CUFF_NC.590	1	5713449	5713853	-	0	0	0		32	1	181	0.0055248618784530384	93	0	423	0.0
CUFF_NC.580	1	5730914	5731512	+	0	0	0		42	0	182	0.0	132	3	517	0.005802707930367505
CUFF_NC.587	1	5737907	5739008	-	0	0	0		77	1	292	0.003424657534246575	285	5	1089	0.004591368227731864
CUFF_NC.583	1	5755671	5756250	-	0	0	0		18	0	75	0.0	163	2	696	0.0028735632183908046
CUFF_NC.581	1	5765028	5765584	+	0	0	0		47	1	198	0.005050505050505051	135	4	593	0.006745362563237774
CUFF_NC.582	1	5767368	5767808	-	0	0	0		24	1	85	0.011764705882352941	126	1	581	0.0017211703958691911
CUFF_NC.584	1	5810663	5816687	-	0	0	0		236	7	1365	0.005128205128205128	1537	33	8731	0.003779635780552056
CUFF_NC.585	1	5820840	5821823	-	0	0	0		57	3	244	0.012295081967213115	292	6	1195	0.00502092050209205
CUFF_NC.586	1	5823000	5824474	-	0	0	0		105	0	542	0.0	360	6	1811	0.0033130866924351186
CUFF_NC.593	1	5859504	5864119	+	0	0	0		184	21	705	0.029787234042553193	1036	11	4136	0.0026595744680851063
CUFF_NC.594	1	5860173	5861170	+	0	0	0		67	6	232	0.02586206896551724	252	1	878	0.0011389521640091116
CUFF_NC.595	1	5861583	5862237	+	0	0	0		21	1	69	0.014492753623188406	180	0	741	0.0
CUFF_NC.588	1	5869649	5870645	-	0	0	0		43	1	202	0.0049504950495049506	216	5	977	0.00511770726714432
CUFF_NC.591	1	5872566	5873062	-	0	0	0		31	0	100	0.0	144	1	481	0.002079002079002079
CUFF_NC.592	1	5875139	5876521	-	0	0	0		73	0	354	0.0	338	2	1320	0.0015151515151515152
CUFF_NC.596	1	5885363	5886884	-	0	0	0		106	1	502	0.00199203187250996	491	5	2009	0.0024888003982080635
CUFF_NC.597	1	5890606	5895946	-	0	0	0		410	6	2065	0.0029055690072639223	1454	22	6539	0.0033644288117449152
CUFF_NC.598	1	5928298	5928756	+	0	0	0		11	2	76	0.02631578947368421	83	2	277	0.007220216606498195
CUFF_NC.599	1	5933665	5934270	-	0	0	0		55	0	218	0.0	122	1	589	0.001697792869269949
CUFF_NC.603	1	5956811	5957296	+	0	0	0		25	0	93	0.0	127	1	475	0.002105263157894737
CUFF_NC.600	1	5980129	5981704	-	0	0	0		109	3	530	0.005660377358490566	380	8	1825	0.004383561643835616
CUFF_NC.601	1	5982121	5982877	-	0	0	0		51	0	264	0.0	159	3	656	0.004573170731707317
CUFF_NC.602	1	5987255	5987750	+	0	0	0		40	0	148	0.0	133	1	359	0.002785515320334262
CUFF_NC.606	1	5997924	5999260	-	0	0	0		84	0	374	0.0	338	5	1578	0.0031685678073510772
CUFF_NC.604	1	6029735	6030534	+	0	0	0		90	1	416	0.002403846153846154	227	3	1035	0.002898550724637681
CUFF_NC.607	1	6048803	6049354	-	0	0	0		23	2	125	0.016	151	5	951	0.005257623554153523
CUFF_NC.605	1	6061883	6063228	-	0	0	0		80	1	397	0.0025188916876574307	332	4	1361	0.0029390154298310064
CUFF_NC.609	1	6097843	6098273	+	0	0	0		18	0	72	0.0	108	1	479	0.0020876826722338203
CUFF_NC.608	1	6104253	6105167	-	0	0	0		70	2	379	0.005277044854881266	264	1	1202	0.0008319467554076539
CUFF_NC.610	1	6140563	6141577	+	0	0	0		0	0	0		9	0	11	0.0
CUFF_NC.614	1	6144437	6144880	-	0	0	0		37	0	197	0.0	127	4	661	0.006051437216338881
CUFF_NC.612	1	6160283	6161509	-	0	0	0		92	2	420	0.004761904761904762	314	5	1231	0.004061738424045491
CUFF_NC.613	1	6177105	6178338	-	0	0	0		49	1	237	0.004219409282700422	329	2	1600	0.00125
CUFF_NC.617	1	6184735	6185825	-	0	0	0		56	0	162	0.0	289	1	979	0.0010214504596527069
CUFF_NC.618	1	6197413	6198109	-	0	0	0		28	59	119	0.4957983193277311	105	68	452	0.1504424778761062
CUFF_NC.619	1	6197613	6198213	+	0	0	0		33	63	149	0.4228187919463087	123	71	568	0.125
CUFF_NC.629	1	6204225	6204871	-	0	0	0		37	0	168	0.0	143	1	540	0.001851851851851852
CUFF_NC.627	1	6210888	6212826	+	0	0	0		109	95	482	0.1970954356846473	433	36	2097	0.017167381974248927
CUFF_NC.623	1	6244623	6245252	+	0	0	0		56	2	232	0.008620689655172414	173	1	628	0.0015923566878980893
CUFF_NC.624	1	6245586	6246156	+	0	0	0		46	1	212	0.0047169811320754715	149	2	731	0.0027359781121751026
CUFF_NC.625	1	6247847	6248320	+	0	0	0		28	1	143	0.006993006993006993	109	9	572	0.015734265734265736
CUFF_NC.634	1	6254240	6254622	-	0	0	0		36	0	143	0.0	87	2	351	0.005698005698005698
CUFF_NC.633	1	6258116	6258795	+	0	0	0		50	4	284	0.014084507042253521	187	6	1020	0.0058823529411764705
CUFF_NC.622	1	6262491	6263371	-	0	0	0		3	0	5	0.0	19	0	45	0.0
CUFF_NC.626	1	6268094	6268794	+	0	0	0		68	1	285	0.0035087719298245615	164	1	727	0.001375515818431912
CUFF_NC.637	1	6279181	6279522	+	0	0	0		21	0	87	0.0	77	1	289	0.0034602076124567475
CUFF_NC.638	1	6280906	6282963	+	0	0	0		146	1	640	0.0015625	510	6	1893	0.003169572107765452
CUFF_NC.639	1	6283364	6283817	+	0	0	0		30	1	142	0.007042253521126761	109	2	504	0.003968253968253968
CUFF_NC.630	1	6297320	6297957	-	0	0	0		38	0	203	0.0	174	5	825	0.006060606060606061
CUFF_NC.632	1	6302003	6302404	+	0	0	0		18	0	76	0.0	79	1	261	0.0038314176245210726
CUFF_NC.631	1	6303568	6303967	+	0	0	0		36	0	192	0.0	104	0	359	0.0
CUFF_NC.636	1	6325526	6326848	-	0	0	0		97	0	453	0.0	302	4	1389	0.0028797696184305254
CUFF_NC.635	1	6331526	6331934	-	0	0	0		20	1	123	0.008130081300813009	102	3	484	0.006198347107438017
CUFF_NC.642	1	6337963	6338441	+	0	0	0		34	1	181	0.0055248618784530384	147	1	795	0.0012578616352201257
CUFF_NC.646	1	6353565	6353928	-	0	0	0		28	2	124	0.016129032258064516	123	0	526	0.0
CUFF_NC.645	1	6359787	6360194	+	0	0	0		18	0	73	0.0	103	1	404	0.0024752475247524753
CUFF_NC.640	1	6361632	6362593	-	0	0	0		71	2	265	0.007547169811320755	265	1	817	0.0012239902080783353
CUFF_NC.641	1	6366214	6366648	-	0	0	0		21	0	114	0.0	133	2	738	0.0027100271002710027
CUFF_NC.647	1	6381707	6383280	+	0	0	0		110	3	454	0.006607929515418502	444	4	1760	0.0022727272727272726
CUFF_NC.644	1	6400622	6400958	-	0	0	0		20	0	79	0.0	80	0	284	0.0
CUFF_NC.643	1	6402951	6403657	+	0	0	0		12	30	122	0.2459016393442623	131	44	1185	0.03713080168776371
CUFF_NC.661	1	6409606	6410168	-	0	0	0		23	1	101	0.009900990099009901	157	1	808	0.0012376237623762376
CUFF_NC.657	1	6425066	6426603	-	0	0	0		68	15	389	0.038560411311053984	375	59	2056	0.028696498054474707
CUFF_NC.649	1	6427039	6427641	+	0	0	0		27	1	144	0.006944444444444444	173	11	866	0.012702078521939953
CUFF_NC.650	1	6428035	6428601	+	0	0	0		31	0	172	0.0	165	6	864	0.006944444444444444
CUFF_NC.659	1	6432826	6433447	+	0	0	0		40	3	174	0.017241379310344827	169	2	704	0.002840909090909091
CUFF_NC.658	1	6435370	6435775	-	0	0	0		37	0	116	0.0	109	1	357	0.0028011204481792717
CUFF_NC.652	1	6442384	6443008	-	0	0	0		52	1	334	0.0029940119760479044	163	2	885	0.0022598870056497176
CUFF_NC.648	1	6456198	6457276	+	0	0	0		30	1	143	0.006993006993006993	205	2	800	0.0025
CUFF_NC.651	1	6457905	6460385	+	0	0	0		103	3	492	0.006097560975609756	592	5	2616	0.00191131498470948
CUFF_NC.654	1	6466502	6467006	-	0	0	0		27	0	169	0.0	127	2	661	0.0030257186081694403
CUFF_NC.656	1	6471333	6471850	+	0	0	0		27	0	192	0.0	135	3	823	0.0036452004860267314
CUFF_NC.655	1	6472035	6472490	-	0	0	0		17	0	113	0.0	114	2	731	0.0027359781121751026
CUFF_NC.662	1	6475104	6475507	-	0	0	0		42	0	204	0.0	105	1	529	0.001890359168241966
CUFF_NC.663	1	6476936	6477288	+	0	0	0		24	0	135	0.0	73	2	368	0.005434782608695652
CUFF_NC.660	1	6485640	6486715	+	0	0	0		57	0	203	0.0	274	2	1019	0.001962708537782139
CUFF_NC.664	1	6499383	6500301	-	0	0	0		47	2	273	0.007326007326007326	236	1	1315	0.0007604562737642585
CUFF_NC.668	1	6501223	6502180	+	0	0	0		79	0	288	0.0	294	3	1126	0.0026642984014209592
CUFF_NC.665	1	6508044	6508558	+	0	0	0		15	0	106	0.0	120	1	824	0.0012135922330097086
CUFF_NC.667	1	6525323	6525994	+	0	0	0		44	2	182	0.01098901098901099	172	1	721	0.0013869625520110957
CUFF_NC.666	1	6542685	6543530	-	0	0	0		8	12	18	0.6666666666666666	31	17	77	0.22077922077922077
CUFF_NC.669	1	6550581	6551845	-	0	0	0		95	3	529	0.005671077504725898	324	3	1739	0.0017251293847038527
CUFF_NC.670	1	6590076	6590868	-	0	0	0		48	139	246	0.5650406504065041	227	133	1126	0.11811722912966252
CUFF_NC.671	1	6622295	6623244	-	0	0	0		56	0	238	0.0	281	2	1078	0.0018552875695732839
CUFF_NC.672	1	6623723	6624869	-	0	0	0		68	3	305	0.009836065573770493	301	5	1285	0.0038910505836575876
CUFF_NC.673	1	6625259	6626086	+	0	0	0		54	0	206	0.0	219	3	915	0.003278688524590164
CUFF_NC.674	1	6631758	6632548	+	0	0	0		61	1	323	0.0030959752321981426	210	2	1061	0.001885014137606032
CUFF_NC.682	1	6668647	6669058	-	0	0	0		15	0	73	0.0	118	2	481	0.004158004158004158
CUFF_NC.681	1	6671042	6672918	+	0	0	0		106	0	474	0.0	428	12	1959	0.006125574272588055
CUFF_NC.678	1	6689419	6689856	-	0	0	0		31	1	130	0.007692307692307693	160	1	483	0.002070393374741201
CUFF_NC.677	1	6692011	6692416	+	0	0	0		19	0	61	0.0	95	0	321	0.0
CUFF_NC.676	1	6697838	6698582	-	0	0	0		54	0	189	0.0	150	2	651	0.0030721966205837174
CUFF_NC.675	1	6704241	6704877	-	0	0	0		2	3	6	0.5	63	94	482	0.1950207468879668
CUFF_NC.693	1	6709771	6711353	-	0	0	0		61	1	309	0.003236245954692557	357	3	1704	0.0017605633802816902
CUFF_NC.690	1	6712848	6713716	+	0	0	0		69	2	363	0.005509641873278237	264	3	1358	0.0022091310751104565
CUFF_NC.688	1	6724547	6725926	+	0	0	0		80	1	451	0.0022172949002217295	407	7	2091	0.003347680535628886
CUFF_NC.689	1	6726731	6727457	+	0	0	0		49	0	217	0.0	222	0	913	0.0
CUFF_NC.680	1	6728858	6729702	-	0	0	0		68	1	265	0.0037735849056603774	229	0	886	0.0
CUFF_NC.685	1	6738536	6741989	-	0	0	0		184	2	806	0.0024813895781637717	748	9	3127	0.002878157978893508
CUFF_NC.686	1	6739208	6742527	-	0	0	0		164	1	720	0.001388888888888889	782	9	3178	0.0028319697923222154
CUFF_NC.683	1	6744499	6745100	-	0	0	0		46	1	176	0.005681818181818182	159	1	649	0.0015408320493066256
CUFF_NC.684	1	6755257	6755765	+	0	0	0		23	0	111	0.0	121	3	588	0.00510204081632653
CUFF_NC.695	1	6787612	6788185	+	0	0	0		38	0	180	0.0	92	1	411	0.0024330900243309003
CUFF_NC.691	1	6788831	6789780	+	0	0	0		23	1	90	0.011111111111111112	246	3	1033	0.002904162633107454
CUFF_NC.692	1	6790759	6791610	+	0	0	0		42	0	130	0.0	162	2	511	0.003913894324853229
CUFF_NC.694	1	6803672	6805064	+	0	0	0		94	1	362	0.0027624309392265192	358	6	1596	0.0037593984962406013
CUFF_NC.700	1	6808276	6808543	+	0	0	0		27	1	127	0.007874015748031496	64	1	279	0.0035842293906810036
CUFF_NC.696	1	6824470	6825388	-	0	0	0		74	0	325	0.0	170	0	649	0.0
CUFF_NC.697	1	6838611	6839520	+	0	0	0		49	0	201	0.0	246	3	1053	0.002849002849002849
CUFF_NC.698	1	6851671	6852825	-	0	0	0		42	1	230	0.004347826086956522	327	7	1777	0.0039392234102419805
CUFF_NC.699	1	6858255	6859042	+	0	0	0		50	0	244	0.0	217	2	936	0.002136752136752137
CUFF_NC.705	1	6890225	6891097	-	0	0	0		78	0	300	0.0	251	5	1034	0.004835589941972921
CUFF_NC.702	1	6895520	6896943	+	0	0	0		129	5	633	0.007898894154818325	418	6	1998	0.003003003003003003
CUFF_NC.701	1	6900451	6901162	+	0	0	0		55	1	267	0.003745318352059925	194	1	987	0.0010131712259371835
CUFF_NC.703	1	6927845	6928538	-	0	0	0		26	0	158	0.0	187	2	903	0.0022148394241417496
CUFF_NC.704	1	6941663	6942315	+	0	0	0		30	1	124	0.008064516129032258	182	2	897	0.002229654403567447
CUFF_NC.706	1	6968402	6968805	-	0	0	0		26	1	96	0.010416666666666666	107	4	428	0.009345794392523364
CUFF_NC.708	1	6992655	6993399	+	0	0	0		59	1	250	0.004	223	6	968	0.006198347107438017
CUFF_NC.707	1	6995770	6996246	-	0	0	0		5	0	27	0.0	113	1	459	0.002178649237472767
CUFF_NC.711	1	7019723	7020378	-	0	0	0		38	1	219	0.0045662100456621	186	2	1023	0.0019550342130987292
CUFF_NC.710	1	7038879	7043373	+	0	0	0		223	3	946	0.003171247357293869	1130	14	4732	0.0029585798816568047
CUFF_NC.709	1	7048958	7049612	-	0	0	0		31	1	178	0.0056179775280898875	175	3	782	0.0038363171355498722
CUFF_NC.713	1	7076397	7076752	+	0	0	0		2	0	8	0.0	41	1	111	0.009009009009009009
CUFF_NC.714	1	7083343	7083813	+	0	0	0		41	0	206	0.0	115	2	634	0.0031545741324921135
CUFF_NC.719	1	7084527	7090282	+	0	0	0		256	4	1343	0.0029784065524944155	1446	22	7366	0.002986695628563671
CUFF_NC.715	1	7093112	7093593	-	0	0	0		31	0	231	0.0	126	0	830	0.0
CUFF_NC.716	1	7095589	7096808	+	0	0	0		80	0	378	0.0	294	7	1205	0.005809128630705394
CUFF_NC.720	1	7102174	7102851	+	0	0	0		55	1	176	0.005681818181818182	169	1	586	0.0017064846416382253
CUFF_NC.717	1	7104819	7105919	+	0	0	0		71	2	269	0.007434944237918215	279	0	860	0.0
CUFF_NC.718	1	7106127	7108108	+	0	0	0		132	6	585	0.010256410256410256	515	3	2182	0.001374885426214482
CUFF_NC.722	1	7143585	7148060	-	0	0	0		296	5	1406	0.0035561877667140826	1167	14	5231	0.0026763525138596826
CUFF_NC.721	1	7150358	7151354	+	0	0	0		25	0	179	0.0	233	7	1454	0.004814305364511692
CUFF_NC.723	1	7164303	7166129	+	0	0	0		149	2	582	0.003436426116838488	441	6	1685	0.0035608308605341245
CUFF_NC.724	1	7167238	7168166	+	0	0	0		47	0	194	0.0	220	1	1459	0.0006854009595613434
CUFF_NC.726	1	7218775	7220627	-	0	0	0		133	1	575	0.0017391304347826088	527	8	2395	0.003340292275574113
CUFF_NC.727	1	7221032	7222455	+	0	0	0		98	0	419	0.0	403	5	1609	0.003107520198881293
CUFF_NC.728	1	7230957	7231850	+	0	0	0		20	0	111	0.0	241	8	1131	0.007073386383731211
CUFF_NC.729	1	7238949	7239378	-	0	0	0		55	0	234	0.0	109	1	458	0.002183406113537118
CUFF_NC.731	1	7253321	7253711	-	0	0	0		31	2	143	0.013986013986013986	120	0	564	0.0
CUFF_NC.730	1	7255178	7255700	+	0	0	0		19	11	31	0.3548387096774194	65	8	126	0.06349206349206349
CUFF_NC.738	1	7262309	7262780	+	0	0	0		28	2	147	0.013605442176870748	139	4	848	0.0047169811320754715
CUFF_NC.739	1	7265119	7265750	+	0	0	0		21	0	92	0.0	116	0	465	0.0
CUFF_NC.734	1	7285214	7287146	-	0	0	0		95	2	440	0.004545454545454545	419	3	1470	0.0020408163265306124
CUFF_NC.735	1	7288924	7289697	-	0	0	0		43	2	226	0.008849557522123894	225	6	1245	0.004819277108433735
CUFF_NC.736	1	7293945	7294320	+	0	0	0		25	1	114	0.008771929824561403	84	2	350	0.005714285714285714
CUFF_NC.737	1	7302577	7303189	+	0	0	0		50	0	192	0.0	207	1	753	0.0013280212483399733
CUFF_NC.732	1	7330460	7331062	+	0	0	0		44	0	137	0.0	178	3	414	0.007246376811594203
CUFF_NC.733	1	7337744	7338756	-	0	0	0		54	1	305	0.003278688524590164	247	4	1477	0.002708192281651997
CUFF_NC.740	1	7341873	7342425	+	0	0	0		23	2	138	0.014492753623188406	142	1	851	0.0011750881316098707
CUFF_NC.741	1	7366514	7368134	-	0	0	0		73	0	309	0.0	417	3	1734	0.0017301038062283738
CUFF_NC.742	1	7385460	7386423	-	0	0	0		66	1	307	0.003257328990228013	265	3	1065	0.0028169014084507044
CUFF_NC.746	1	7386964	7400621	+	0	0	0		446	43	2140	0.020093457943925235	2795	87	12265	0.007093355075417856
CUFF_NC.747	1	7388175	7391509	+	0	0	0		110	3	470	0.006382978723404255	774	11	3248	0.0033866995073891628
CUFF_NC.743	1	7404113	7405553	-	0	0	0		54	0	166	0.0	367	4	1353	0.0029563932002956393
CUFF_NC.754	1	7408912	7411838	+	0	0	0		197	1	988	0.0010121457489878543	809	16	3765	0.004249667994687915
CUFF_NC.756	1	7443160	7444514	+	0	0	0		44	0	231	0.0	311	5	1527	0.0032743942370661427
CUFF_NC.755	1	7444565	7445644	-	0	0	0		86	1	385	0.0025974025974025974	306	1	1350	0.0007407407407407407
CUFF_NC.748	1	7468052	7468461	+	0	0	0		21	0	109	0.0	113	1	644	0.0015527950310559005
CUFF_NC.744	1	7471788	7472379	-	0	0	0		24	1	137	0.0072992700729927005	148	5	823	0.006075334143377886
CUFF_NC.745	1	7475212	7475692	-	0	0	0		25	64	263	0.24334600760456274	125	31	1178	0.02631578947368421
CUFF_NC.750	1	7476091	7476524	-	0	0	0		60	0	274	0.0	112	2	477	0.0041928721174004195
CUFF_NC.749	1	7489781	7490837	+	0	0	0		59	1	294	0.003401360544217687	287	4	1273	0.003142183817753339
CUFF_NC.751	1	7518221	7519090	+	0	0	0		53	1	248	0.004032258064516129	204	4	1038	0.0038535645472061657
CUFF_NC.752	1	7529488	7534911	+	0	0	0		238	2	1279	0.001563721657544957	1287	13	6725	0.001933085501858736
CUFF_NC.753	1	7531486	7532821	+	0	0	0		65	0	385	0.0	377	2	2018	0.0009910802775024777
CUFF_NC.757	1	7543913	7544958	+	0	0	0		0	0	0		4	0	4	0.0
CUFF_NC.758	1	7543923	7544962	-	0	0	0		0	0	0		4	0	4	0.0
CUFF_NC.759	1	7545226	7549400	+	0	0	0		220	3	1061	0.002827521206409048	1106	15	5139	0.002918855808523059
CUFF_NC.765	1	7555306	7555954	-	0	0	0		38	2	174	0.011494252873563218	180	2	710	0.0028169014084507044
CUFF_NC.760	1	7567550	7568035	+	0	0	0		24	0	96	0.0	118	5	620	0.008064516129032258
CUFF_NC.763	1	7589291	7590698	-	0	0	0		122	1	565	0.0017699115044247787	386	1	1579	0.0006333122229259025
CUFF_NC.762	1	7603301	7604234	+	0	0	0		53	0	211	0.0	240	1	796	0.001256281407035176
CUFF_NC.761	1	7610146	7612553	-	0	0	0		178	3	766	0.0039164490861618795	595	8	2536	0.0031545741324921135
CUFF_NC.764	1	7612864	7613594	-	0	0	0		49	0	185	0.0	183	0	624	0.0
CUFF_NC.766	1	7648265	7648731	-	0	0	0		37	0	213	0.0	138	0	657	0.0
CUFF_NC.768	1	7656384	7657055	+	0	0	0		54	1	221	0.004524886877828055	179	4	766	0.005221932114882507
CUFF_NC.767	1	7661308	7662622	+	0	0	0		48	0	246	0.0	322	3	1545	0.001941747572815534
CUFF_NC.769	1	7696651	7697347	-	0	0	0		25	0	97	0.0	224	5	858	0.005827505827505828
CUFF_NC.773	1	7704755	7711368	+	0	0	0		214	71	1159	0.061259706643658325	1520	51	8608	0.005924721189591078
CUFF_NC.774	1	7710309	7712324	+	0	0	0		46	100	270	0.37037037037037035	476	59	2946	0.02002715546503734
CUFF_NC.775	1	7714543	7715859	+	0	0	0		51	4	265	0.01509433962264151	302	32	1468	0.021798365122615803
CUFF_NC.777	1	7718011	7719391	-	0	0	0		4	4	15	0.26666666666666666	137	32	432	0.07407407407407407
CUFF_NC.776	1	7719716	7722549	-	0	0	0		15	14	51	0.27450980392156865	256	70	862	0.08120649651972157
CUFF_NC.770	1	7727826	7728582	+	0	0	0		46	0	219	0.0	223	4	892	0.004484304932735426
CUFF_NC.771	1	7729191	7729839	+	0	0	0		20	0	91	0.0	176	5	789	0.0063371356147021544
CUFF_NC.772	1	7744071	7745102	-	0	0	0		55	126	226	0.5575221238938053	284	115	1185	0.0970464135021097
CUFF_NC.779	1	7759168	7760944	+	0	0	0		88	1	352	0.002840909090909091	412	4	1473	0.0027155465037338763
CUFF_NC.778	1	7765520	7766719	+	0	0	0		57	111	279	0.3978494623655914	306	58	1539	0.037686809616634176
CUFF_NC.784	1	7788257	7789334	-	0	0	0		36	1	205	0.004878048780487805	237	3	1385	0.0021660649819494585
CUFF_NC.785	1	7790275	7790558	-	0	0	0		18	0	93	0.0	61	0	256	0.0
CUFF_NC.781	1	7801463	7802203	+	0	0	0		26	0	71	0.0	193	1	587	0.0017035775127768314
CUFF_NC.782	1	7803295	7803884	+	0	0	0		11	0	59	0.0	115	0	714	0.0
CUFF_NC.780	1	7816159	7816768	+	0	0	0		8	0	54	0.0	153	16	835	0.019161676646706587
CUFF_NC.786	1	7829662	7830292	+	0	0	0		29	1	202	0.0049504950495049506	143	1	995	0.0010050251256281408
CUFF_NC.783	1	7835820	7837187	-	0	0	0		86	1	385	0.0025974025974025974	284	4	1411	0.002834868887313962
CUFF_NC.787	1	7846557	7847645	-	0	0	0		65	0	265	0.0	260	3	898	0.0033407572383073497
CUFF_NC.788	1	7849863	7851098	-	0	0	0		62	0	289	0.0	285	5	978	0.005112474437627812
CUFF_NC.789	1	7882678	7883213	+	0	0	0		38	2	186	0.010752688172043012	156	0	618	0.0
CUFF_NC.797	1	7884755	7887735	-	0	0	0		109	4	516	0.007751937984496124	683	13	3583	0.003628244487859336
CUFF_NC.798	1	7888127	7888907	-	0	0	0		30	0	139	0.0	249	2	1115	0.0017937219730941704
CUFF_NC.804	1	7893959	7906888	+	0	0	0		555	5	2650	0.0018867924528301887	3183	50	14651	0.0034127363319909902
CUFF_NC.791	1	7908473	7909965	+	0	0	0		58	1	260	0.0038461538461538464	402	8	1719	0.004653868528214078
CUFF_NC.792	1	7908567	7909708	-	0	0	0		43	1	200	0.005	295	6	1261	0.004758128469468675
CUFF_NC.790	1	7917165	7918557	+	0	0	0		35	0	158	0.0	253	5	1281	0.0039032006245121
CUFF_NC.799	1	7925994	7926945	-	0	0	0		93	2	408	0.004901960784313725	258	2	1125	0.0017777777777777779
CUFF_NC.793	1	7931628	7932056	-	0	0	0		25	0	103	0.0	106	2	481	0.004158004158004158
CUFF_NC.795	1	7932639	7933576	+	0	0	0		44	1	234	0.004273504273504274	219	2	1235	0.0016194331983805667
CUFF_NC.794	1	7934220	7934708	+	0	0	0		36	0	122	0.0	135	2	504	0.003968253968253968
CUFF_NC.796	1	7956993	7958378	+	0	0	0		139	4	535	0.007476635514018692	377	4	1489	0.002686366689053056
CUFF_NC.802	1	7964205	7964617	-	0	0	0		27	0	64	0.0	42	0	125	0.0
CUFF_NC.801	1	7978149	7979763	+	0	0	0		65	2	360	0.005555555555555556	363	5	1805	0.002770083102493075
CUFF_NC.800	1	7988193	7989454	+	0	0	0		61	1	235	0.00425531914893617	231	0	889	0.0
CUFF_NC.805	1	8015322	8016439	+	0	0	0		46	0	185	0.0	229	2	964	0.002074688796680498
CUFF_NC.806	1	8029480	8029952	+	0	0	0		25	0	119	0.0	133	2	698	0.0028653295128939827
CUFF_NC.803	1	8031763	8032054	+	0	0	0		19	0	47	0.0	83	1	205	0.004878048780487805
CUFF_NC.807	1	8046829	8048896	-	0	0	0		145	4	687	0.005822416302765648	588	7	2543	0.0027526543452615023
CUFF_NC.816	1	8052884	8053909	-	0	0	0		45	62	209	0.2966507177033493	252	24	1225	0.019591836734693877
CUFF_NC.808	1	8056533	8057180	-	0	0	0		32	0	149	0.0	192	1	868	0.001152073732718894
CUFF_NC.809	1	8057490	8058549	-	0	0	0		72	3	330	0.00909090909090909	292	12	1287	0.009324009324009324
CUFF_NC.810	1	8061835	8062539	-	0	0	0		37	0	152	0.0	147	1	594	0.0016835016835016834
CUFF_NC.811	1	8065127	8065892	-	0	0	0		77	1	329	0.00303951367781155	227	4	926	0.004319654427645789
CUFF_NC.823	1	8089286	8089821	-	0	0	0		56	2	226	0.008849557522123894	129	1	489	0.002044989775051125
CUFF_NC.812	1	8095397	8097669	-	0	0	0		177	0	656	0.0	628	7	2505	0.0027944111776447107
CUFF_NC.822	1	8103989	8104658	+	0	0	0		49	0	194	0.0	161	0	530	0.0
CUFF_NC.814	1	8117992	8118469	-	0	0	0		23	0	133	0.0	134	1	457	0.002188183807439825
CUFF_NC.815	1	8121203	8122072	-	0	0	0		42	0	203	0.0	253	3	1084	0.0027675276752767526
CUFF_NC.813	1	8135347	8136017	+	0	0	0		61	1	272	0.003676470588235294	164	2	734	0.0027247956403269754
CUFF_NC.817	1	8143746	8144877	-	0	0	0		90	1	432	0.0023148148148148147	324	3	1442	0.0020804438280166435
CUFF_NC.826	1	8146801	8147722	-	0	0	0		32	0	107	0.0	238	4	1111	0.0036003600360036
CUFF_NC.820	1	8164708	8165716	-	0	0	0		57	1	215	0.004651162790697674	216	5	660	0.007575757575757576
CUFF_NC.819	1	8168442	8169267	-	0	0	0		33	1	194	0.005154639175257732	188	2	860	0.002325581395348837
CUFF_NC.821	1	8171071	8172194	+	0	0	0		60	0	354	0.0	318	7	1742	0.004018369690011481
CUFF_NC.824	1	8186759	8187171	+	0	0	0		31	1	120	0.008333333333333333	75	0	311	0.0
CUFF_NC.825	1	8188029	8189280	+	0	0	0		66	0	331	0.0	313	4	1492	0.002680965147453083
CUFF_NC.827	1	8206941	8207640	-	0	0	0		28	1	172	0.005813953488372093	160	4	805	0.004968944099378882
CUFF_NC.828	1	8230049	8230910	-	0	0	0		46	0	232	0.0	212	5	958	0.005219206680584551
CUFF_NC.829	1	8234108	8235031	+	0	0	0		55	0	227	0.0	218	3	873	0.003436426116838488
CUFF_NC.833	1	8245564	8245843	-	0	0	0		22	0	85	0.0	86	1	310	0.0032258064516129032
CUFF_NC.834	1	8249507	8252261	-	0	0	0		229	7	1099	0.006369426751592357	667	16	3214	0.004978220286247666
CUFF_NC.830	1	8252703	8257106	+	0	0	0		134	2	657	0.0030441400304414	960	5	4616	0.0010831889081455806
CUFF_NC.831	1	8293462	8294488	+	0	0	0		47	1	234	0.004273504273504274	243	4	1101	0.0036330608537693005
CUFF_NC.836	1	8295105	8295410	+	0	0	0		20	0	89	0.0	73	0	331	0.0
CUFF_NC.835	1	8309344	8310917	+	0	0	0		85	0	339	0.0	367	3	1339	0.0022404779686333084
CUFF_NC.840	1	8311921	8313268	+	0	0	0		70	0	369	0.0	383	5	1855	0.0026954177897574125
CUFF_NC.832	1	8319579	8320470	-	0	0	0		52	59	149	0.3959731543624161	247	41	817	0.05018359853121175
CUFF_NC.841	1	8341828	8344700	+	0	0	0		132	1	770	0.0012987012987012987	717	13	4205	0.0030915576694411414
CUFF_NC.837	1	8345561	8346569	-	0	0	0		50	0	224	0.0	294	1	1222	0.0008183306055646482
CUFF_NC.839	1	8355012	8355787	+	0	0	0		39	1	192	0.005208333333333333	210	5	1151	0.004344048653344918
CUFF_NC.838	1	8358318	8358752	+	0	0	0		21	0	133	0.0	122	3	707	0.004243281471004243
CUFF_NC.844	1	8359486	8360238	+	0	0	0		26	0	96	0.0	217	1	779	0.0012836970474967907
CUFF_NC.842	1	8362823	8363795	+	0	0	0		52	2	327	0.0061162079510703364	235	6	1454	0.0041265474552957355
CUFF_NC.847	1	8366651	8367681	+	0	0	0		55	1	228	0.0043859649122807015	244	1	984	0.0010162601626016261
CUFF_NC.843	1	8373231	8373731	+	0	0	0		28	1	110	0.00909090909090909	130	5	552	0.009057971014492754
CUFF_NC.845	1	8378914	8380913	+	0	0	0		159	1	827	0.0012091898428053204	540	9	2821	0.0031903580290677065
CUFF_NC.849	1	8396827	8397245	-	0	0	0		9	0	37	0.0	119	2	490	0.004081632653061225
CUFF_NC.848	1	8405318	8407273	+	0	0	0		111	3	513	0.005847953216374269	536	7	2417	0.0028961522548613984
CUFF_NC.850	1	8419216	8420142	-	0	0	0		46	77	218	0.3532110091743119	228	41	960	0.042708333333333334
CUFF_NC.852	1	8441108	8441568	-	0	0	0		17	0	69	0.0	42	0	169	0.0
CUFF_NC.851	1	8453650	8454525	-	0	0	0		11	19	35	0.5428571428571428	37	19	139	0.1366906474820144
CUFF_NC.858	1	8506995	8507470	-	0	0	0		36	2	147	0.013605442176870748	129	2	614	0.003257328990228013
CUFF_NC.853	1	8515505	8515971	+	0	0	0		20	7	113	0.061946902654867256	143	20	810	0.024691358024691357
CUFF_NC.855	1	8525469	8526270	+	0	0	0		33	0	145	0.0	258	4	951	0.004206098843322818
CUFF_NC.857	1	8529290	8529692	+	0	0	0		28	0	148	0.0	102	5	371	0.013477088948787063
CUFF_NC.854	1	8534505	8535552	+	0	0	0		68	0	352	0.0	262	3	1271	0.0023603461841070024
CUFF_NC.856	1	8536179	8537963	+	0	0	0		104	0	404	0.0	450	5	1586	0.0031525851197982345
CUFF_NC.860	1	8540979	8541830	-	0	0	0		25	0	92	0.0	176	1	817	0.0012239902080783353
CUFF_NC.859	1	8542521	8543291	-	0	0	0		37	0	233	0.0	185	6	1283	0.004676539360872954
CUFF_NC.861	1	8549366	8550489	-	0	0	0		75	0	313	0.0	326	0	1130	0.0
CUFF_NC.865	1	8554853	8555573	+	0	0	0		36	0	188	0.0	185	3	731	0.004103967168262654
CUFF_NC.862	1	8557220	8558209	+	0	0	0		61	0	376	0.0	282	6	1585	0.0037854889589905363
CUFF_NC.868	1	8562518	8563982	+	0	0	0		74	0	334	0.0	407	9	1886	0.004772004241781549
CUFF_NC.864	1	8580947	8581463	+	0	0	0		41	1	228	0.0043859649122807015	164	3	925	0.003243243243243243
CUFF_NC.866	1	8587554	8588070	-	0	0	0		22	1	104	0.009615384615384616	171	1	791	0.0012642225031605564
CUFF_NC.863	1	8607958	8608797	+	0	0	0		37	0	169	0.0	251	2	1081	0.0018501387604070306
CUFF_NC.867	1	8613168	8614053	+	0	0	0		54	0	168	0.0	269	2	823	0.002430133657351154
CUFF_NC.877	1	8634152	8634868	-	0	0	0		63	0	218	0.0	221	2	804	0.0024875621890547263
CUFF_NC.869	1	8673724	8675402	-	0	0	0		43	0	164	0.0	223	2	745	0.0026845637583892616
CUFF_NC.870	1	8676749	8677580	+	0	0	0		11	0	22	0.0	62	0	142	0.0
CUFF_NC.871	1	8688622	8689029	-	0	0	0		40	1	150	0.006666666666666667	125	1	480	0.0020833333333333333
CUFF_NC.872	1	8692728	8694499	-	0	0	0		116	0	527	0.0	397	4	1680	0.002380952380952381
CUFF_NC.875	1	8703024	8703830	-	0	0	0		67	1	382	0.002617801047120419	235	3	1023	0.002932551319648094
CUFF_NC.876	1	8709455	8710496	-	0	0	0		55	1	275	0.0036363636363636364	283	3	1285	0.0023346303501945525
CUFF_NC.873	1	8712680	8713338	+	0	0	0		28	0	191	0.0	199	3	1125	0.0026666666666666666
CUFF_NC.874	1	8723617	8724563	+	0	0	0		40	1	167	0.005988023952095809	221	2	816	0.0024509803921568627
CUFF_NC.881	1	8754992	8755450	-	0	0	0		31	0	140	0.0	117	2	489	0.00408997955010225
CUFF_NC.878	1	8843773	8844366	+	0	0	0		33	2	140	0.014285714285714285	135	1	539	0.0018552875695732839
CUFF_NC.879	1	8845195	8845482	-	0	0	0		21	0	35	0.0	75	0	147	0.0
CUFF_NC.882	1	8850992	8851475	-	0	0	0		21	0	124	0.0	127	3	764	0.003926701570680628
CUFF_NC.880	1	8852044	8853114	-	0	0	0		25	0	97	0.0	276	3	1457	0.002059025394646534
CUFF_NC.883	1	8884267	8884790	+	0	0	0		18	0	142	0.0	123	1	965	0.0010362694300518134
CUFF_NC.885	1	8898099	8899106	+	0	0	0		76	0	241	0.0	198	0	597	0.0
CUFF_NC.893	1	8907383	8909275	+	0	0	0		131	3	649	0.004622496147919877	527	9	2531	0.0035559067562228367
CUFF_NC.884	1	8910412	8910921	-	0	0	0		17	1	92	0.010869565217391304	142	1	810	0.0012345679012345679
CUFF_NC.887	1	8933949	8935246	+	0	0	0		88	1	386	0.0025906735751295338	344	4	1221	0.003276003276003276
CUFF_NC.886	1	8938612	8940400	+	0	0	0		94	2	389	0.005141388174807198	546	7	2362	0.0029635901778154107
CUFF_NC.889	1	8959177	8961255	+	0	0	0		152	0	617	0.0	517	3	1942	0.001544799176107106
CUFF_NC.892	1	8967061	8967634	+	0	0	0		30	1	120	0.008333333333333333	157	1	694	0.001440922190201729
CUFF_NC.894	1	8969429	8971846	+	0	0	0		252	2	1070	0.001869158878504673	706	14	3206	0.004366812227074236
CUFF_NC.891	1	8977465	8978433	-	0	0	0		29	0	120	0.0	206	1	1114	0.0008976660682226212
CUFF_NC.890	1	8981760	8983430	+	0	0	0		105	1	463	0.0021598272138228943	388	4	1578	0.0025348542458808617
CUFF_NC.895	1	9001033	9002065	-	0	0	0		43	39	204	0.19117647058823528	255	21	1120	0.01875
CUFF_NC.897	1	9023036	9023867	+	0	0	0		37	1	93	0.010752688172043012	217	1	581	0.0017211703958691911
CUFF_NC.900	1	9027924	9028540	+	0	0	0		26	0	121	0.0	159	2	750	0.0026666666666666666
CUFF_NC.901	1	9030673	9032848	+	0	0	0		123	2	566	0.0035335689045936395	517	4	2218	0.0018034265103697023
CUFF_NC.899	1	9039412	9040769	+	0	0	0		120	0	587	0.0	348	6	1584	0.003787878787878788
CUFF_NC.930	1	9072845	9074133	+	0	0	0		104	2	436	0.0045871559633027525	378	3	1491	0.002012072434607646
CUFF_NC.898	1	9089781	9090567	+	0	0	0		69	0	285	0.0	225	2	670	0.0029850746268656717
CUFF_NC.902	1	9118961	9119528	+	0	0	0		54	0	256	0.0	129	4	644	0.006211180124223602
CUFF_NC.903	1	9128139	9131767	+	0	0	0		185	24	873	0.027491408934707903	872	17	3664	0.004639737991266376
CUFF_NC.910	1	9145028	9145844	+	0	0	0		69	0	275	0.0	233	5	915	0.00546448087431694
CUFF_NC.904	1	9147210	9147539	-	0	0	0		20	2	113	0.017699115044247787	79	2	454	0.004405286343612335
CUFF_NC.907	1	9168617	9169310	+	0	0	0		44	4	279	0.014336917562724014	196	0	1267	0.0
CUFF_NC.905	1	9172088	9174576	-	0	0	0		114	43	491	0.08757637474541752	600	55	3060	0.017973856209150325
CUFF_NC.908	1	9178076	9178931	-	0	0	0		30	0	152	0.0	211	4	999	0.004004004004004004
CUFF_NC.909	1	9183282	9183601	-	0	0	0		33	0	149	0.0	101	0	455	0.0
CUFF_NC.906	1	9191381	9192183	-	0	0	0		33	0	89	0.0	212	3	647	0.00463678516228748
CUFF_NC.912	1	9211479	9211995	-	0	0	0		29	0	126	0.0	124	2	550	0.0036363636363636364
CUFF_NC.911	1	9232664	9234927	+	0	0	0		71	91	380	0.2394736842105263	641	129	3539	0.03645097485165301
CUFF_NC.922	1	9241443	9241999	-	0	0	0		54	2	245	0.00816326530612245	153	2	707	0.002828854314002829
CUFF_NC.914	1	9256970	9260971	-	0	0	0		186	3	927	0.003236245954692557	972	11	4795	0.0022940563086548487
CUFF_NC.913	1	9273873	9274266	+	0	0	0		33	0	192	0.0	120	0	612	0.0
CUFF_NC.916	1	9285052	9286850	+	0	0	0		75	0	347	0.0	451	10	1944	0.0051440329218107
CUFF_NC.925	1	9296443	9297506	-	0	0	0		70	0	346	0.0	320	6	1608	0.0037313432835820895
CUFF_NC.924	1	9302514	9303150	+	0	0	0		42	1	181	0.0055248618784530384	202	3	894	0.003355704697986577
CUFF_NC.915	1	9304943	9305748	+	0	0	0		7	10	19	0.5263157894736842	32	6	79	0.0759493670886076
CUFF_NC.929	1	9322281	9327227	-	0	0	0		206	3	1090	0.0027522935779816515	1238	19	6651	0.002856713276199068
CUFF_NC.919	1	9329402	9330206	-	0	0	0		38	2	152	0.013157894736842105	192	2	668	0.0029940119760479044
CUFF_NC.917	1	9330942	9331700	+	0	0	0		10	47	92	0.5108695652173914	96	144	785	0.18343949044585986
CUFF_NC.918	1	9333165	9333594	-	0	0	0		15	1	90	0.011111111111111112	110	2	596	0.003355704697986577
CUFF_NC.920	1	9336182	9337835	+	0	0	0		110	0	455	0.0	457	6	1959	0.0030627871362940277
CUFF_NC.923	1	9343176	9343883	-	0	0	0		38	0	164	0.0	215	2	836	0.0023923444976076554
CUFF_NC.921	1	9351158	9352590	-	0	0	0		65	1	331	0.0030211480362537764	391	7	1766	0.003963759909399773
CUFF_NC.926	1	9376989	9377567	+	0	0	0		30	1	150	0.006666666666666667	128	1	575	0.0017391304347826088
CUFF_NC.928	1	9391746	9392861	-	0	0	0		70	0	299	0.0	257	6	1266	0.004739336492890996
CUFF_NC.934	1	9400290	9400726	-	0	0	0		18	0	79	0.0	89	0	533	0.0
CUFF_NC.931	1	9410445	9411241	+	0	0	0		59	0	277	0.0	170	3	780	0.0038461538461538464
CUFF_NC.932	1	9425420	9426083	-	0	0	0		49	0	193	0.0	195	2	745	0.0026845637583892616
CUFF_NC.933	1	9426203	9428667	-	0	0	0		124	1	621	0.001610305958132045	634	5	3300	0.0015151515151515152
CUFF_NC.937	1	9436334	9439090	-	0	0	0		148	1	792	0.0012626262626262627	481	8	2591	0.0030876109610189118
CUFF_NC.938	1	9446925	9448232	+	0	0	0		87	0	361	0.0	349	4	1388	0.002881844380403458
CUFF_NC.935	1	9455577	9455948	+	0	0	0		30	0	173	0.0	90	0	507	0.0
CUFF_NC.936	1	9456261	9458214	+	0	0	0		126	0	475	0.0	425	1	1393	0.0007178750897343862
CUFF_NC.942	1	9475405	9480964	-	0	0	0		331	660	1460	0.4520547945205479	1514	660	6314	0.10452961672473868
CUFF_NC.943	1	9475868	9480635	-	0	0	0		285	658	1248	0.5272435897435898	1303	658	5286	0.12447975785092698
CUFF_NC.939	1	9481121	9481620	-	0	0	0		19	0	119	0.0	119	0	423	0.0
CUFF_NC.940	1	9482105	9482625	-	0	0	0		23	0	78	0.0	83	0	275	0.0
CUFF_NC.941	1	9483133	9483408	-	0	0	0		12	0	49	0.0	90	0	319	0.0
CUFF_NC.946	1	9486992	9487633	-	0	0	0		20	0	106	0.0	150	0	545	0.0
CUFF_NC.944	1	9495236	9497345	-	0	0	0		113	1	577	0.0017331022530329288	622	16	3003	0.005328005328005328
CUFF_NC.945	1	9498185	9498785	+	0	0	0		32	1	191	0.005235602094240838	178	1	986	0.0010141987829614604
CUFF_NC.948	1	9500712	9501311	-	0	0	0		21	0	144	0.0	146	1	1028	0.0009727626459143969
CUFF_NC.949	1	9503537	9504015	-	0	0	0		27	1	144	0.006944444444444444	138	1	672	0.001488095238095238
CUFF_NC.950	1	9507819	9508657	+	0	0	0		28	0	131	0.0	194	2	1008	0.001984126984126984
CUFF_NC.947	1	9510928	9511223	+	0	0	0		4	0	16	0.0	36	0	71	0.0
CUFF_NC.952	1	9540405	9541009	+	0	0	0		35	1	181	0.0055248618784530384	188	3	986	0.0030425963488843813
CUFF_NC.960	1	9554477	9555286	+	0	0	0		19	0	70	0.0	104	1	388	0.002577319587628866
CUFF_NC.956	1	9566969	9568007	+	0	0	0		7	0	32	0.0	41	0	121	0.0
CUFF_NC.951	1	9588817	9589541	-	0	0	0		46	1	261	0.0038314176245210726	181	1	968	0.0010330578512396695
CUFF_NC.953	1	9590103	9590960	+	0	0	0		12	0	39	0.0	84	0	265	0.0
CUFF_NC.954	1	9609428	9610398	-	0	0	0		54	2	195	0.010256410256410256	276	3	979	0.0030643513789581204
CUFF_NC.955	1	9615368	9616286	-	0	0	0		65	0	310	0.0	216	1	973	0.0010277492291880781
CUFF_NC.957	1	9621539	9622001	-	0	0	0		21	1	129	0.007751937984496124	138	1	770	0.0012987012987012987
CUFF_NC.958	1	9622146	9622948	-	0	0	0		35	0	162	0.0	261	3	990	0.0030303030303030303
CUFF_NC.959	1	9627667	9628591	+	0	0	0		70	0	263	0.0	207	3	824	0.0036407766990291263
CUFF_NC.961	1	9705239	9705541	+	0	0	0		13	0	39	0.0	63	0	173	0.0
CUFF_NC.995	1	9726606	9730424	-	0	0	0		279	6	1402	0.0042796005706134095	1042	19	5237	0.0036280313156387247
CUFF_NC.996	1	9731393	9732987	+	0	0	0		119	1	476	0.0021008403361344537	394	1	1646	0.0006075334143377885
CUFF_NC.962	1	9766728	9767464	-	0	0	0		58	2	213	0.009389671361502348	188	3	750	0.004
CUFF_NC.963	1	9789450	9790179	-	0	0	0		31	0	188	0.0	200	2	1051	0.0019029495718363464
CUFF_NC.969	1	9795584	9796104	-	0	0	0		31	1	191	0.005235602094240838	135	1	704	0.0014204545454545455
CUFF_NC.974	1	9806351	9806691	+	0	0	0		23	0	114	0.0	96	1	472	0.00211864406779661
CUFF_NC.964	1	9827343	9827967	-	0	0	0		32	0	110	0.0	193	1	720	0.001388888888888889
CUFF_NC.965	1	9831317	9833121	+	0	0	0		88	1	421	0.0023752969121140144	507	8	2472	0.003236245954692557
CUFF_NC.966	1	9833978	9834300	+	0	0	0		16	0	47	0.0	54	0	113	0.0
CUFF_NC.967	1	9845597	9846293	+	0	0	0		13	0	70	0.0	141	2	792	0.0025252525252525255
CUFF_NC.968	1	9846847	9848063	+	0	0	0		70	0	317	0.0	333	6	1199	0.0050041701417848205
CUFF_NC.980	1	9860327	9861612	+	0	0	0		98	2	512	0.00390625	357	3	1740	0.0017241379310344827
CUFF_NC.970	1	9863673	9864922	+	0	0	0		62	0	298	0.0	338	4	1623	0.0024645717806531116
CUFF_NC.975	1	9868722	9869124	+	0	0	0		24	2	153	0.013071895424836602	97	0	590	0.0
CUFF_NC.977	1	9876361	9877051	+	0	0	0		49	1	224	0.004464285714285714	210	2	1013	0.0019743336623889436
CUFF_NC.972	1	9883042	9883593	-	0	0	0		13	0	61	0.0	163	2	735	0.0027210884353741495
CUFF_NC.971	1	9884468	9884880	+	0	0	0		23	0	123	0.0	118	0	633	0.0
CUFF_NC.973	1	9886523	9887467	+	0	0	0		73	0	261	0.0	249	1	957	0.0010449320794148381
CUFF_NC.976	1	9889139	9890936	+	0	0	0		119	0	482	0.0	458	5	1582	0.0031605562579013905
CUFF_NC.978	1	9909443	9911425	+	0	0	0		61	25	317	0.07886435331230283	477	19	2682	0.0070842654735272185
CUFF_NC.979	1	9912191	9913864	+	0	0	0		78	0	379	0.0	529	11	2358	0.004664970313825276
CUFF_NC.982	1	9935316	9936416	+	0	0	0		34	0	253	0.0	260	5	1762	0.0028376844494892167
CUFF_NC.981	1	9937833	9938719	-	0	0	0		17	0	114	0.0	243	4	1492	0.002680965147453083
CUFF_NC.983	1	9962337	9963316	+	0	0	0		31	3	183	0.01639344262295082	225	7	1420	0.004929577464788733
CUFF_NC.985	1	9965659	9966013	-	0	0	0		33	0	124	0.0	106	1	411	0.0024330900243309003
CUFF_NC.984	1	9972534	9973771	+	0	0	0		51	0	235	0.0	347	2	1437	0.0013917884481558804
CUFF_NC.994	1	9986725	9987556	-	0	0	0		61	0	277	0.0	254	2	744	0.002688172043010753
CUFF_NC.986	1	9991105	9991804	-	0	0	0		16	0	72	0.0	134	1	684	0.0014619883040935672
CUFF_NC.987	1	9996597	9999476	-	0	0	0		215	2	901	0.0022197558268590455	665	11	2623	0.0041936713686618375
CUFF_NC.988	1	10010375	10010661	-	0	0	0		16	0	66	0.0	77	2	324	0.006172839506172839
CUFF_NC.989	1	10013527	10014249	+	0	0	0		33	0	127	0.0	181	0	598	0.0
CUFF_NC.990	1	10017986	10018497	-	0	0	0		29	0	159	0.0	123	3	606	0.0049504950495049506
CUFF_NC.1013	1	10038054	10040756	+	0	0	0		212	2	1128	0.0017730496453900709	713	11	3429	0.0032079323417906094
CUFF_NC.1015	1	10043829	10044276	+	0	0	0		18	0	60	0.0	59	0	187	0.0
CUFF_NC.1016	1	10044469	10047709	+	0	0	0		180	1	864	0.0011574074074074073	819	13	3669	0.0035431997819569366
CUFF_NC.1017	1	10044660	10045408	+	0	0	0		62	0	293	0.0	200	1	939	0.0010649627263045794
CUFF_NC.1014	1	10045566	10048801	+	0	0	0		162	4	816	0.004901960784313725	818	11	3913	0.002811142346026067
CUFF_NC.992	1	10068878	10073465	+	0	0	0		239	2	1220	0.001639344262295082	1160	15	5439	0.0027578599007170436
CUFF_NC.993	1	10069687	10072205	+	0	0	0		113	1	602	0.0016611295681063123	595	7	2888	0.0024238227146814403
CUFF_NC.991	1	10081997	10082880	+	0	0	0		57	0	223	0.0	258	2	1082	0.0018484288354898336
CUFF_NC.1082	1	10086607	10088032	+	0	0	0		92	0	374	0.0	401	5	1585	0.0031545741324921135
CUFF_NC.1083	1	10095812	10102928	-	0	0	0		395	14	2144	0.0065298507462686565	1871	34	10047	0.00338409475465313
CUFF_NC.997	1	10127486	10128491	-	0	0	0		63	0	324	0.0	226	5	1105	0.004524886877828055
CUFF_NC.1003	1	10128952	10129412	+	0	0	0		40	0	179	0.0	138	1	606	0.0016501650165016502
CUFF_NC.998	1	10138054	10139226	+	0	0	0		45	1	154	0.006493506493506494	284	4	1086	0.003683241252302026
CUFF_NC.1000	1	10149806	10151342	-	0	0	0		72	0	200	0.0	251	3	652	0.004601226993865031
CUFF_NC.1001	1	10171397	10173069	-	0	0	0		70	1	269	0.0037174721189591076	410	7	1719	0.004072134962187318
CUFF_NC.1007	1	10177561	10178645	-	0	0	0		74	0	399	0.0	299	7	1719	0.004072134962187318
CUFF_NC.1004	1	10191300	10192126	+	0	0	0		74	2	339	0.0058997050147492625	219	2	1033	0.001936108422071636
CUFF_NC.1002	1	10198696	10199179	-	0	0	0		28	0	144	0.0	129	1	651	0.0015360983102918587
CUFF_NC.1005	1	10202590	10203371	+	0	0	0		54	2	201	0.009950248756218905	168	1	632	0.0015822784810126582
CUFF_NC.1010	1	10212008	10212845	+	0	0	0		49	0	200	0.0	225	0	812	0.0
CUFF_NC.1008	1	10214755	10215518	-	0	0	0		62	2	231	0.008658008658008658	233	0	812	0.0
CUFF_NC.1009	1	10215849	10216271	-	0	0	0		26	0	148	0.0	112	0	521	0.0
CUFF_NC.1011	1	10248551	10249168	+	0	0	0		47	1	178	0.0056179775280898875	129	1	458	0.002183406113537118
CUFF_NC.1012	1	10277106	10277574	-	0	0	0		18	0	87	0.0	145	0	675	0.0
CUFF_NC.1018	1	10293143	10293722	+	0	0	0		50	1	280	0.0035714285714285713	176	2	1058	0.001890359168241966
CUFF_NC.1021	1	10298600	10299003	+	0	0	0		29	1	178	0.0056179775280898875	122	4	710	0.005633802816901409
CUFF_NC.1022	1	10299267	10299840	+	0	0	0		52	0	290	0.0	162	1	877	0.0011402508551881414
CUFF_NC.1020	1	10305940	10306557	+	0	0	0		37	1	200	0.005	186	1	990	0.00101010101010101
CUFF_NC.1019	1	10307159	10308135	+	0	0	0		47	1	222	0.0045045045045045045	268	5	1343	0.0037230081906180195
CUFF_NC.1024	1	10312253	10313398	+	0	0	0		90	2	466	0.004291845493562232	342	6	1700	0.0035294117647058825
CUFF_NC.1023	1	10319763	10321824	-	0	0	0		122	2	716	0.002793296089385475	556	4	3095	0.0012924071082390954
CUFF_NC.1025	1	10348350	10348877	-	0	0	0		5	19	21	0.9047619047619048	15	13	70	0.18571428571428572
CUFF_NC.1028	1	10351809	10353617	-	0	0	0		113	3	581	0.0051635111876075735	491	6	2738	0.002191380569758948
CUFF_NC.1026	1	10372103	10372463	-	0	0	0		35	0	165	0.0	78	0	409	0.0
CUFF_NC.1027	1	10379257	10379588	+	0	0	0		34	1	155	0.0064516129032258064	95	3	483	0.006211180124223602
CUFF_NC.1052	1	10407133	10409401	+	0	0	0		157	0	714	0.0	542	6	2391	0.002509410288582183
CUFF_NC.1029	1	10429585	10431249	-	0	0	0		92	0	371	0.0	357	9	1258	0.007154213036565978
CUFF_NC.1034	1	10440253	10445153	-	0	0	0		196	1	905	0.0011049723756906078	1013	16	4577	0.0034957395674022284
CUFF_NC.1030	1	10456853	10457459	+	0	0	0		32	0	113	0.0	164	1	525	0.0019047619047619048
CUFF_NC.1031	1	10493527	10494343	-	0	0	0		51	1	189	0.005291005291005291	224	1	741	0.001349527665317139
CUFF_NC.1032	1	10496695	10497240	-	0	0	0		27	62	135	0.45925925925925926	148	26	687	0.03784570596797671
CUFF_NC.1035	1	10501722	10502960	-	0	0	0		66	1	375	0.0026666666666666666	328	3	1843	0.0016277807921866521
CUFF_NC.1036	1	10537597	10538775	-	0	0	0		83	0	353	0.0	339	7	1558	0.004492939666238768
CUFF_NC.1037	1	10559793	10560619	+	0	0	0		58	0	252	0.0	211	2	720	0.002777777777777778
CUFF_NC.1040	1	10587608	10589092	-	0	0	0		91	1	452	0.0022123893805309734	371	3	1749	0.0017152658662092624
CUFF_NC.1039	1	10598302	10599408	-	0	0	0		46	25	254	0.0984251968503937	249	21	1504	0.013962765957446808
CUFF_NC.1038	1	10602556	10603384	-	0	0	0		37	23	97	0.23711340206185566	132	30	405	0.07407407407407407
CUFF_NC.1041	1	10603625	10604214	-	0	0	0		30	72	114	0.631578947368421	158	47	542	0.08671586715867159
CUFF_NC.1042	1	10650811	10651692	-	0	0	0		38	1	128	0.0078125	219	4	902	0.004434589800443459
CUFF_NC.1047	1	10658145	10658751	-	0	0	0		32	0	217	0.0	167	5	1069	0.004677268475210477
CUFF_NC.1044	1	10663331	10664776	+	0	0	0		111	1	471	0.0021231422505307855	312	4	1284	0.003115264797507788
CUFF_NC.1043	1	10667623	10668129	-	0	0	0		28	1	175	0.005714285714285714	159	1	1015	0.0009852216748768472
CUFF_NC.1045	1	10677665	10678123	+	0	0	0		9	34	41	0.8292682926829268	106	78	546	0.14285714285714285
CUFF_NC.1048	1	10687502	10687783	+	0	0	0		45	0	163	0.0	54	0	218	0.0
CUFF_NC.1049	1	10723448	10724155	-	0	0	0		27	23	109	0.21100917431192662	100	24	421	0.057007125890736345
CUFF_NC.1054	1	10725533	10727869	-	0	0	0		79	1	461	0.0021691973969631237	504	3	2779	0.0010795250089960418
CUFF_NC.1050	1	10761571	10762297	-	0	0	0		58	2	271	0.007380073800738007	198	2	817	0.0024479804161566705
CUFF_NC.1053	1	10775077	10775503	+	0	0	0		51	0	209	0.0	86	0	345	0.0
CUFF_NC.1051	1	10775859	10776319	-	0	0	0		17	26	108	0.24074074074074073	122	41	733	0.05593451568894952
CUFF_NC.1055	1	10815492	10816478	-	0	0	0		51	1	240	0.004166666666666667	301	3	1259	0.0023828435266084196
CUFF_NC.1056	1	10816846	10818000	+	0	0	0		93	0	388	0.0	318	2	1446	0.0013831258644536654
CUFF_NC.1063	1	10838346	10838682	+	0	0	0		18	0	100	0.0	99	0	489	0.0
CUFF_NC.1064	1	10840038	10840968	+	0	0	0		28	0	83	0.0	65	0	253	0.0
CUFF_NC.1057	1	10846692	10847811	-	0	0	0		74	1	356	0.0028089887640449437	339	3	1304	0.0023006134969325155
CUFF_NC.1059	1	10888290	10889375	-	0	0	0		87	1	422	0.002369668246445498	325	5	1140	0.0043859649122807015
CUFF_NC.1058	1	10895571	10895986	-	0	0	0		34	0	163	0.0	112	2	461	0.004338394793926247
CUFF_NC.1060	1	10898036	10899652	-	0	0	0		121	1	587	0.0017035775127768314	413	3	1717	0.0017472335468841002
CUFF_NC.1066	1	10902956	10904061	-	0	0	0		72	1	315	0.0031746031746031746	230	3	977	0.0030706243602865915
CUFF_NC.1067	1	10904953	10905697	+	0	0	0		61	2	251	0.00796812749003984	197	0	699	0.0
CUFF_NC.1061	1	10919811	10920249	-	0	0	0		24	0	116	0.0	155	0	584	0.0
CUFF_NC.1068	1	10948088	10948955	+	0	0	0		44	1	259	0.003861003861003861	235	6	1274	0.004709576138147566
CUFF_NC.1065	1	10966773	10968344	-	0	0	0		58	0	231	0.0	393	3	1715	0.001749271137026239
CUFF_NC.1069	1	10970210	10971615	+	0	0	0		47	0	270	0.0	319	7	1527	0.0045841519318926
CUFF_NC.1070	1	10970852	10971538	-	0	0	0		26	0	117	0.0	178	5	776	0.006443298969072165
CUFF_NC.1072	1	10980452	10980893	-	0	0	0		22	0	81	0.0	101	1	336	0.002976190476190476
CUFF_NC.1073	1	10988524	10989629	+	0	0	0		75	0	360	0.0	249	8	1208	0.006622516556291391
CUFF_NC.1071	1	10993613	10994087	+	0	0	0		22	0	60	0.0	136	1	467	0.0021413276231263384
CUFF_NC.1076	1	11005174	11010291	+	0	0	0		132	166	704	0.23579545454545456	852	142	4688	0.030290102389078498
CUFF_NC.1074	1	11024058	11024489	+	0	0	0		23	0	116	0.0	119	1	678	0.0014749262536873156
CUFF_NC.1075	1	11032345	11033367	+	0	0	0		14	33	138	0.2391304347826087	110	61	588	0.10374149659863946
CUFF_NC.1077	1	11086749	11089767	-	0	0	0		96	2	526	0.0038022813688212928	489	7	2225	0.003146067415730337
CUFF_NC.1078	1	11114977	11115492	+	0	0	0		23	0	91	0.0	163	3	633	0.004739336492890996
CUFF_NC.1079	1	11148026	11152835	+	0	0	0		34	48	81	0.5925925925925926	167	59	471	0.12526539278131635
CUFF_NC.1085	1	11158078	11158447	-	0	0	0		22	0	127	0.0	100	4	616	0.006493506493506494
CUFF_NC.1084	1	11158941	11159917	+	0	0	0		85	0	438	0.0	259	8	1392	0.005747126436781609
CUFF_NC.1080	1	11166425	11167174	+	0	0	0		28	2	169	0.011834319526627219	149	1	744	0.0013440860215053765
CUFF_NC.1086	1	11170996	11172026	+	0	0	0		58	74	289	0.2560553633217993	260	51	1192	0.04278523489932886
CUFF_NC.1088	1	11199374	11200284	+	0	0	0		67	0	277	0.0	259	2	1074	0.00186219739292365
CUFF_NC.1090	1	11214941	11218194	+	0	0	0		175	2	835	0.0023952095808383233	826	9	3821	0.0023554043444124575
CUFF_NC.1087	1	11221412	11222881	+	0	0	0		112	0	392	0.0	340	6	1036	0.005791505791505791
CUFF_NC.1094	1	11255324	11255747	+	0	0	0		12	1	66	0.015151515151515152	133	1	770	0.0012987012987012987
CUFF_NC.1089	1	11258336	11258880	+	0	0	0		28	0	165	0.0	131	6	762	0.007874015748031496
CUFF_NC.1092	1	11289889	11291852	+	0	0	0		100	1	501	0.001996007984031936	512	6	2743	0.002187386073641998
CUFF_NC.1091	1	11299616	11300105	-	0	0	0		23	2	78	0.02564102564102564	128	3	561	0.0053475935828877
CUFF_NC.1093	1	11338683	11339250	-	0	0	0		23	1	116	0.008620689655172414	153	2	784	0.002551020408163265
CUFF_NC.1095	1	11343821	11344875	-	0	0	0		43	1	235	0.00425531914893617	276	5	1397	0.0035790980672870437
CUFF_NC.1096	1	11345405	11353588	-	0	0	0		326	45	1747	0.02575844304522038	1907	159	10247	0.015516736605835855
CUFF_NC.1097	1	11349627	11350818	-	0	0	0		39	1	196	0.00510204081632653	304	6	1417	0.004234297812279464
CUFF_NC.1098	1	11355129	11355467	-	0	0	0		18	2	76	0.02631578947368421	88	1	362	0.0027624309392265192
CUFF_NC.1099	1	11361344	11362671	-	0	0	0		120	2	597	0.0033500837520938024	329	8	1619	0.004941321803582459
CUFF_NC.1100	1	11362955	11363993	-	0	0	0		77	3	316	0.00949367088607595	321	3	1269	0.002364066193853428
CUFF_NC.1103	1	11398215	11398754	-	0	0	0		29	0	143	0.0	140	0	796	0.0
CUFF_NC.1102	1	11403178	11404300	+	0	0	0		52	1	215	0.004651162790697674	217	2	713	0.002805049088359046
CUFF_NC.1101	1	11412690	11414548	+	0	0	0		104	1	513	0.001949317738791423	507	4	2440	0.001639344262295082
CUFF_NC.1105	1	11414916	11416315	+	0	0	0		102	4	549	0.007285974499089253	346	4	1770	0.0022598870056497176
CUFF_NC.1106	1	11417081	11420047	+	0	0	0		208	7	975	0.0071794871794871795	847	19	4314	0.00440426518312471
CUFF_NC.1130	1	11456073	11456801	+	0	0	0		16	0	102	0.0	169	2	1054	0.0018975332068311196
CUFF_NC.1107	1	11464693	11465557	-	0	0	0		40	0	250	0.0	198	3	1128	0.0026595744680851063
CUFF_NC.1108	1	11465898	11466752	-	0	0	0		85	1	332	0.0030120481927710845	222	1	760	0.0013157894736842105
CUFF_NC.1109	1	11467491	11469120	-	0	0	0		101	7	569	0.012302284710017574	427	5	2132	0.0023452157598499064
CUFF_NC.1110	1	11471731	11474811	+	0	0	0		101	1	494	0.0020242914979757085	734	15	4581	0.0032743942370661427
CUFF_NC.1111	1	11471860	11472650	-	0	0	0		39	0	133	0.0	211	3	1157	0.0025929127052722557
CUFF_NC.1112	1	11474796	11479016	-	0	0	0		206	2	1004	0.00199203187250996	1193	12	5694	0.002107481559536354
CUFF_NC.1118	1	11479880	11480405	-	0	0	0		35	0	200	0.0	133	3	555	0.005405405405405406
CUFF_NC.1113	1	11486366	11487192	-	0	0	0		30	20	173	0.11560693641618497	179	12	1104	0.010869565217391304
CUFF_NC.1114	1	11495569	11496186	+	0	0	0		37	0	225	0.0	144	3	909	0.0033003300330033004
CUFF_NC.1116	1	11503902	11505849	-	0	0	0		146	195	427	0.4566744730679157	453	144	1341	0.10738255033557047
CUFF_NC.1117	1	11506343	11506997	-	0	0	0		30	52	114	0.45614035087719296	104	58	407	0.14250614250614252
CUFF_NC.1115	1	11507764	11508441	+	0	0	0		40	73	145	0.503448275862069	136	79	531	0.1487758945386064
CUFF_NC.1119	1	11512149	11512620	+	0	0	0		46	71	138	0.5144927536231884	133	53	414	0.1280193236714976
CUFF_NC.1121	1	11521224	11521822	+	0	0	0		28	51	163	0.3128834355828221	127	37	714	0.05182072829131653
CUFF_NC.1122	1	11523520	11524297	+	0	0	0		21	28	107	0.2616822429906542	202	40	972	0.0411522633744856
CUFF_NC.1125	1	11536099	11536364	+	0	0	0		4	0	26	0.0	82	0	304	0.0
CUFF_NC.1123	1	11543657	11544122	+	0	0	0		24	1	151	0.006622516556291391	124	1	678	0.0014749262536873156
CUFF_NC.1132	1	11560928	11561530	+	0	0	0		29	0	160	0.0	183	4	682	0.005865102639296188
CUFF_NC.1131	1	11567412	11567953	-	0	0	0		50	0	233	0.0	151	1	724	0.0013812154696132596
CUFF_NC.1133	1	11575235	11576412	-	0	0	0		48	1	250	0.004	284	6	1554	0.003861003861003861
CUFF_NC.1134	1	11577003	11585336	-	0	0	0		447	40	2299	0.017398869073510223	2076	63	11203	0.005623493707042756
CUFF_NC.1135	1	11581667	11581992	+	0	0	0		21	0	111	0.0	83	2	457	0.00437636761487965
CUFF_NC.1124	1	11589164	11589810	+	0	0	0		57	1	322	0.003105590062111801	124	0	599	0.0
CUFF_NC.1126	1	11595447	11597027	+	0	0	0		61	1	258	0.003875968992248062	379	5	1549	0.0032278889606197547
CUFF_NC.1128	1	11608869	11609227	-	0	0	0		26	0	74	0.0	91	1	297	0.003367003367003367
CUFF_NC.1129	1	11609597	11610605	-	0	0	0		49	46	153	0.3006535947712418	72	11	259	0.04247104247104247
CUFF_NC.1142	1	11612136	11612843	-	0	0	0		46	1	260	0.0038461538461538464	151	3	836	0.0035885167464114833
CUFF_NC.1143	1	11613349	11614297	-	0	0	0		72	1	293	0.0034129692832764505	272	2	985	0.0020304568527918783
CUFF_NC.1136	1	11650733	11651235	+	0	0	0		16	0	121	0.0	119	2	889	0.0022497187851518562
CUFF_NC.1137	1	11655014	11656042	-	0	0	0		43	1	196	0.00510204081632653	325	6	1354	0.004431314623338257
CUFF_NC.1144	1	11658368	11659532	+	0	0	0		81	2	392	0.00510204081632653	326	10	1772	0.0056433408577878106
CUFF_NC.1138	1	11675778	11676219	-	0	0	0		25	0	142	0.0	121	3	671	0.004470938897168405
CUFF_NC.1145	1	11676878	11677364	-	0	0	0		26	0	104	0.0	119	2	525	0.0038095238095238095
CUFF_NC.1139	1	11680837	11681379	-	0	0	0		11	0	84	0.0	156	2	1093	0.0018298261665141812
CUFF_NC.1146	1	11688047	11689022	-	0	0	0		59	2	225	0.008888888888888889	230	5	732	0.006830601092896175
CUFF_NC.1140	1	11698171	11698501	+	0	0	0		25	0	150	0.0	103	2	561	0.0035650623885918
CUFF_NC.1141	1	11698404	11698857	-	0	0	0		16	0	70	0.0	139	2	608	0.003289473684210526
CUFF_NC.1147	1	11705144	11706619	+	0	0	0		47	39	217	0.17972350230414746	409	55	1901	0.028932140978432403
CUFF_NC.1150	1	11715262	11716128	+	0	0	0		72	1	302	0.0033112582781456954	258	6	1112	0.00539568345323741
CUFF_NC.1151	1	11716433	11716810	+	0	0	0		23	0	89	0.0	122	0	532	0.0
CUFF_NC.1152	1	11719634	11720131	+	0	0	0		11	0	57	0.0	125	1	651	0.0015360983102918587
CUFF_NC.1149	1	11739810	11740455	+	0	0	0		45	2	235	0.00851063829787234	196	5	973	0.0051387461459403904
CUFF_NC.1154	1	11751134	11751973	+	0	0	0		64	1	259	0.003861003861003861	193	0	717	0.0
CUFF_NC.1155	1	11756884	11758018	-	0	0	0		66	1	411	0.0024330900243309003	285	3	1686	0.0017793594306049821
CUFF_NC.1156	1	11758342	11759031	+	0	0	0		20	1	93	0.010752688172043012	213	1	1152	0.0008680555555555555
CUFF_NC.1148	1	11763287	11764033	-	0	0	0		17	1	99	0.010101010101010102	220	8	1398	0.005722460658082976
CUFF_NC.1153	1	11768181	11768885	-	0	0	0		41	1	197	0.005076142131979695	172	2	903	0.0022148394241417496
CUFF_NC.1157	1	11810206	11810776	+	0	0	0		15	0	45	0.0	133	0	446	0.0
CUFF_NC.1160	1	11835988	11836646	-	0	0	0		0	0	0		16	3	30	0.1
CUFF_NC.1161	1	11837007	11837431	+	0	0	0		24	89	159	0.559748427672956	111	66	660	0.1
CUFF_NC.1159	1	11837635	11838063	+	0	0	0		8	0	27	0.0	118	2	567	0.003527336860670194
CUFF_NC.1168	1	11846743	11847647	+	0	0	0		69	4	249	0.01606425702811245	253	2	799	0.0025031289111389237
CUFF_NC.1164	1	11871629	11872121	+	0	0	0		11	1	37	0.02702702702702703	156	6	465	0.012903225806451613
CUFF_NC.1162	1	11886610	11887071	+	0	0	0		17	0	88	0.0	138	8	783	0.010217113665389528
CUFF_NC.1167	1	11907550	11909110	+	0	0	0		98	0	422	0.0	373	2	1506	0.0013280212483399733
CUFF_NC.1166	1	11925372	11926630	-	0	0	0		76	6	309	0.019417475728155338	352	1	1288	0.0007763975155279503
CUFF_NC.1165	1	11927721	11928216	-	0	0	0		23	0	130	0.0	138	0	743	0.0
CUFF_NC.1169	1	11928724	11929257	-	0	0	0		22	0	106	0.0	118	4	500	0.008
CUFF_NC.1171	1	11932061	11932772	+	0	0	0		47	0	279	0.0	210	7	1386	0.005050505050505051
CUFF_NC.1174	1	11940281	11948189	-	0	0	0		572	3	2778	0.0010799136069114472	2244	33	11197	0.0029472180048227205
CUFF_NC.1170	1	11961391	11962057	-	0	0	0		29	31	138	0.2246376811594203	167	36	840	0.04285714285714286
CUFF_NC.1173	1	12004731	12005536	-	0	0	0		34	0	135	0.0	191	3	763	0.003931847968545216
CUFF_NC.1172	1	12012015	12012548	-	0	0	0		20	0	114	0.0	144	1	685	0.00145985401459854
CUFF_NC.1179	1	12026208	12027735	-	0	0	0		45	0	228	0.0	431	9	2176	0.004136029411764706
CUFF_NC.1178	1	12043520	12044084	-	0	0	0		35	1	151	0.006622516556291391	141	1	644	0.0015527950310559005
CUFF_NC.1180	1	12048597	12049469	-	0	0	0		57	1	293	0.0034129692832764505	241	1	1212	0.0008250825082508251
CUFF_NC.1181	1	12051434	12054759	+	0	0	0		131	2	500	0.004	906	8	3157	0.0025340513145391194
CUFF_NC.1183	1	12057785	12059651	+	0	0	0		103	0	477	0.0	492	9	2185	0.004118993135011442
CUFF_NC.1182	1	12060358	12061025	+	0	0	0		9	0	73	0.0	147	4	928	0.004310344827586207
CUFF_NC.1184	1	12083898	12084262	-	0	0	0		25	43	121	0.35537190082644626	89	59	391	0.15089514066496162
CUFF_NC.1185	1	12085236	12085808	-	0	0	0		39	0	224	0.0	146	2	701	0.0028530670470756064
CUFF_NC.1188	1	12095809	12096511	-	0	0	0		34	0	183	0.0	151	1	699	0.001430615164520744
CUFF_NC.1201	1	12118989	12126671	+	0	0	0		435	4	1915	0.0020887728459530026	2046	33	8922	0.003698722259583053
CUFF_NC.1186	1	12137088	12137684	+	0	0	0		10	18	53	0.33962264150943394	102	41	513	0.07992202729044834
CUFF_NC.1189	1	12149821	12151702	+	0	0	0		93	1	466	0.002145922746781116	517	5	2495	0.002004008016032064
CUFF_NC.1187	1	12157287	12159164	+	0	0	0		112	0	489	0.0	564	7	1921	0.003643935450286309
CUFF_NC.1190	1	12166216	12166949	+	0	0	0		36	12	152	0.07894736842105263	189	32	732	0.04371584699453552
CUFF_NC.1191	1	12177782	12178179	-	0	0	0		32	0	140	0.0	116	3	464	0.00646551724137931
CUFF_NC.1192	1	12180465	12182221	-	0	0	0		108	1	451	0.0022172949002217295	473	5	1939	0.0025786487880350697
CUFF_NC.1193	1	12186456	12187528	+	0	0	0		15	16	92	0.17391304347826086	217	5	879	0.005688282138794084
CUFF_NC.1211	1	12188717	12189683	-	0	0	0		64	1	257	0.0038910505836575876	276	3	992	0.0030241935483870967
CUFF_NC.1214	1	12195883	12196308	+	0	0	0		20	0	102	0.0	75	2	414	0.004830917874396135
CUFF_NC.1199	1	12207376	12207848	-	0	0	0		62	0	298	0.0	167	3	742	0.004043126684636119
CUFF_NC.1198	1	12213536	12214330	+	0	0	0		35	0	195	0.0	201	0	958	0.0
CUFF_NC.1194	1	12237546	12238940	-	0	0	0		79	0	349	0.0	333	4	1490	0.0026845637583892616
CUFF_NC.1195	1	12252377	12254091	+	0	0	0		83	156	424	0.36792452830188677	445	124	2354	0.052676295666949875
CUFF_NC.1197	1	12271087	12271715	-	0	0	0		27	2	207	0.00966183574879227	158	2	1039	0.0019249278152069298
CUFF_NC.1200	1	12294861	12295314	-	0	0	0		28	21	111	0.1891891891891892	96	4	352	0.011363636363636364
CUFF_NC.1202	1	12322467	12323366	+	0	0	0		36	1	166	0.006024096385542169	213	2	1051	0.0019029495718363464
CUFF_NC.1203	1	12323807	12324218	-	0	0	0		34	0	114	0.0	105	1	424	0.0023584905660377358
CUFF_NC.1204	1	12326525	12326824	-	0	0	0		19	0	90	0.0	84	0	407	0.0
CUFF_NC.1205	1	12344390	12348147	-	0	0	0		67	1	318	0.0031446540880503146	403	9	1959	0.004594180704441042
CUFF_NC.1206	1	12360417	12361342	+	0	0	0		49	2	279	0.007168458781362007	230	3	1170	0.002564102564102564
CUFF_NC.1212	1	12379704	12385817	-	0	0	0		129	2	623	0.0032102728731942215	663	11	2737	0.00401899890390939
CUFF_NC.1213	1	12384132	12384870	+	0	0	0		31	1	138	0.007246376811594203	174	5	679	0.007363770250368188
CUFF_NC.1207	1	12393348	12393799	-	0	0	0		22	0	62	0.0	125	4	458	0.008733624454148471
CUFF_NC.1229	1	12398668	12399011	+	0	0	0		19	0	72	0.0	78	2	255	0.00784313725490196
CUFF_NC.1230	1	12410010	12412531	+	0	0	0		0	0	0		15	0	15	0.0
CUFF_NC.1209	1	12455611	12456094	-	0	0	0		22	0	110	0.0	128	2	631	0.003169572107765452
CUFF_NC.1210	1	12456289	12456954	-	0	0	0		45	0	225	0.0	175	0	720	0.0
CUFF_NC.1215	1	12458552	12458884	-	0	0	0		5	0	9	0.0	40	0	97	0.0
CUFF_NC.1216	1	12461961	12462726	-	0	0	0		72	0	344	0.0	215	4	971	0.004119464469618949
CUFF_NC.1217	1	12517443	12518506	+	0	0	0		23	101	264	0.38257575757575757	159	81	1445	0.056055363321799306
CUFF_NC.1219	1	12539005	12539736	-	0	0	0		83	3	442	0.006787330316742082	193	4	1059	0.003777148253068933
CUFF_NC.1220	1	12540941	12541859	-	0	0	0		46	1	217	0.004608294930875576	247	2	1335	0.00149812734082397
CUFF_NC.1218	1	12542057	12542627	+	0	0	0		28	8	129	0.06201550387596899	147	7	471	0.014861995753715499
CUFF_NC.1221	1	12545200	12546037	-	0	0	0		86	2	360	0.005555555555555556	277	4	1197	0.003341687552213868
CUFF_NC.1222	1	12555112	12555540	-	0	0	0		16	25	72	0.3472222222222222	117	21	447	0.04697986577181208
CUFF_NC.1223	1	12560459	12561935	-	0	0	0		33	1	176	0.005681818181818182	292	3	1461	0.002053388090349076
CUFF_NC.1224	1	12582121	12582721	+	0	0	0		18	0	89	0.0	151	2	698	0.0028653295128939827
CUFF_NC.1226	1	12587993	12588439	+	0	0	0		30	1	158	0.006329113924050633	134	1	625	0.0016
CUFF_NC.1225	1	12591924	12593695	+	0	0	0		43	67	171	0.391812865497076	314	101	1263	0.07996832937450514
CUFF_NC.1244	1	12597392	12598582	-	0	0	0		63	0	235	0.0	256	2	1066	0.001876172607879925
CUFF_NC.1245	1	12602724	12603586	+	0	0	0		37	72	222	0.32432432432432434	234	33	1307	0.0252486610558531
CUFF_NC.1246	1	12602784	12603524	-	0	0	0		32	64	185	0.34594594594594597	205	32	1082	0.029574861367837338
CUFF_NC.1227	1	12622012	12622417	-	0	0	0		24	57	200	0.285	95	24	747	0.0321285140562249
CUFF_NC.1228	1	12649912	12651294	+	0	0	0		77	3	334	0.008982035928143712	386	3	1575	0.0019047619047619048
CUFF_NC.1231	1	12673477	12674108	+	0	0	0		1	0	3	0.0	8	0	23	0.0
CUFF_NC.1233	1	12730451	12731093	+	0	0	0		24	63	142	0.44366197183098594	147	44	639	0.06885758998435054
CUFF_NC.1234	1	12731698	12733089	-	0	0	0		10	16	45	0.35555555555555557	74	18	202	0.0891089108910891
CUFF_NC.1235	1	12733206	12734422	-	0	0	0		5	2	5	0.4	84	8	84	0.09523809523809523
CUFF_NC.1238	1	12736601	12737000	+	0	0	0		29	0	136	0.0	87	2	404	0.0049504950495049506
CUFF_NC.1239	1	12737653	12738056	+	0	0	0		23	1	116	0.008620689655172414	93	1	460	0.002173913043478261
CUFF_NC.1236	1	12739938	12741735	+	0	0	0		66	170	333	0.5105105105105106	552	170	2855	0.0595446584938704
CUFF_NC.1242	1	12747099	12748016	-	0	0	0		24	0	102	0.0	155	4	722	0.00554016620498615
CUFF_NC.1240	1	12753651	12760398	-	0	0	0		7	8	29	0.27586206896551724	98	15	267	0.056179775280898875
CUFF_NC.1241	1	12755650	12757854	-	0	0	0		1	0	1	0.0	26	4	58	0.06896551724137931
CUFF_NC.1243	1	12767254	12771056	+	0	0	0		26	96	248	0.3870967741935484	117	51	637	0.08006279434850863
CUFF_NC.1247	1	12832024	12832788	-	0	0	0		6	6	17	0.35294117647058826	42	13	137	0.0948905109489051
CUFF_NC.1249	1	12843304	12844284	-	0	0	0		19	1	100	0.01	270	3	1555	0.0019292604501607716
CUFF_NC.1248	1	12896786	12897944	+	0	0	0		34	0	151	0.0	208	0	779	0.0
CUFF_NC.1250	1	12899513	12900196	-	0	0	0		24	45	162	0.2777777777777778	166	41	963	0.04257528556593977
CUFF_NC.1251	1	12899707	12900458	+	0	0	0		25	50	152	0.32894736842105265	196	55	1167	0.04712939160239932
CUFF_NC.1254	1	12906403	12907550	-	0	0	0		7	7	19	0.3684210526315789	60	33	181	0.18232044198895028
CUFF_NC.1252	1	12907856	12908421	-	0	0	0		23	0	70	0.0	122	1	418	0.0023923444976076554
CUFF_NC.1253	1	12907869	12908342	+	0	0	0		21	0	65	0.0	107	1	356	0.0028089887640449437
CUFF_NC.1255	1	12917120	12917607	-	0	0	0		47	2	140	0.014285714285714285	114	0	310	0.0
CUFF_NC.1262	1	12919671	12925036	-	0	0	0		161	1	765	0.00130718954248366	1294	16	6451	0.0024802356223841263
CUFF_NC.1263	1	12919994	12924623	+	0	0	0		142	0	699	0.0	1083	15	5626	0.0026661926768574476
CUFF_NC.1256	1	12935828	12936753	+	0	0	0		57	0	254	0.0	220	2	951	0.002103049421661409
CUFF_NC.1259	1	12936867	12939447	+	0	0	0		63	0	287	0.0	611	10	2897	0.0034518467380048328
CUFF_NC.1260	1	12942944	12943603	-	0	0	0		0	0	0		6	1	12	0.08333333333333333
CUFF_NC.1257	1	12954066	12957070	+	0	0	0		87	0	486	0.0	663	14	3474	0.004029936672423719
CUFF_NC.1272	1	12957196	12958538	-	0	0	0		45	58	207	0.28019323671497587	353	56	1736	0.03225806451612903
CUFF_NC.1273	1	12957898	12959059	+	0	0	0		47	60	250	0.24	313	60	1717	0.034944670937682006
CUFF_NC.1270	1	12976036	12977342	-	0	0	0		1	0	1	0.0	30	0	58	0.0
CUFF_NC.1264	1	12983809	12984830	+	0	0	0		76	1	465	0.002150537634408602	270	2	1640	0.0012195121951219512
CUFF_NC.1265	1	12989857	12990928	-	0	0	0		77	0	323	0.0	278	2	1247	0.0016038492381716118
CUFF_NC.1266	1	12992578	12993366	-	0	0	0		30	4	123	0.032520325203252036	147	9	557	0.01615798922800718
CUFF_NC.1268	1	12993865	12995047	-	0	0	0		56	84	248	0.3387096774193548	254	49	1353	0.03621581670362158
CUFF_NC.1269	1	12995686	12996713	-	0	0	0		33	34	184	0.18478260869565216	282	110	1471	0.07477906186267845
CUFF_NC.1276	1	12997338	13000554	-	0	0	0		3	4	12	0.3333333333333333	123	57	394	0.1446700507614213
CUFF_NC.1275	1	13017869	13018372	-	0	0	0		12	7	70	0.1	138	32	814	0.03931203931203931
CUFF_NC.1274	1	13025153	13029692	-	0	0	0		164	29	805	0.03602484472049689	1063	39	5462	0.007140241669718052
CUFF_NC.1271	1	13030535	13031408	+	0	0	0		46	0	273	0.0	223	3	1102	0.0027223230490018148
CUFF_NC.1277	1	13033640	13034333	+	0	0	0		14	11	72	0.1527777777777778	116	17	421	0.040380047505938245
CUFF_NC.1281	1	13039447	13040702	-	0	0	0		81	9	345	0.02608695652173913	287	24	1167	0.02056555269922879
CUFF_NC.1279	1	13045344	13045981	-	0	0	0		17	17	84	0.20238095238095238	147	8	727	0.011004126547455296
CUFF_NC.1280	1	13065313	13066793	-	0	0	0		78	151	348	0.4339080459770115	413	100	2030	0.04926108374384237
CUFF_NC.1290	1	13071164	13072156	-	0	0	0		41	1	197	0.005076142131979695	235	3	928	0.003232758620689655
CUFF_NC.1291	1	13073300	13073962	-	0	0	0		31	0	152	0.0	191	4	1031	0.0038797284190106693
CUFF_NC.1285	1	13101139	13101579	-	0	0	0		11	9	46	0.1956521739130435	137	37	565	0.06548672566371681
CUFF_NC.1286	1	13102098	13102392	-	0	0	0		30	71	140	0.5071428571428571	90	26	353	0.07365439093484419
CUFF_NC.1282	1	13105900	13106434	+	0	0	0		14	13	62	0.20967741935483872	125	6	459	0.013071895424836602
CUFF_NC.1283	1	13107259	13107906	-	0	0	0		16	21	82	0.25609756097560976	158	40	810	0.04938271604938271
CUFF_NC.1284	1	13112332	13112735	-	0	0	0		21	0	99	0.0	119	1	547	0.0018281535648994515
CUFF_NC.1287	1	13115892	13117717	+	0	0	0		94	0	247	0.0	400	1	1035	0.000966183574879227
CUFF_NC.1292	1	13123341	13124359	+	0	0	0		67	0	278	0.0	301	9	1177	0.0076465590484282074
CUFF_NC.1293	1	13134565	13135292	-	0	0	0		2	1	3	0.3333333333333333	14	1	27	0.037037037037037035
CUFF_NC.1294	1	13151517	13153303	+	0	0	0		51	70	209	0.3349282296650718	311	126	1421	0.08866995073891626
CUFF_NC.1295	1	13171777	13172957	-	0	0	0		15	0	79	0.0	228	5	1420	0.0035211267605633804
CUFF_NC.1296	1	13178581	13179476	+	0	0	0		31	55	179	0.30726256983240224	152	36	872	0.04128440366972477
CUFF_NC.1300	1	13197495	13197819	-	0	0	0		18	1	106	0.009433962264150943	94	2	528	0.003787878787878788
CUFF_NC.1322	1	13218333	13219533	+	0	0	0		37	39	223	0.17488789237668162	321	8	1900	0.004210526315789474
CUFF_NC.1298	1	13231427	13231836	+	0	0	0		12	20	41	0.4878048780487805	75	22	272	0.08088235294117647
CUFF_NC.1299	1	13232147	13232620	+	0	0	0		19	41	128	0.3203125	100	53	655	0.08091603053435115
CUFF_NC.1303	1	13238652	13240185	-	0	0	0		45	112	287	0.3902439024390244	431	134	2353	0.05694857628559286
CUFF_NC.1302	1	13250434	13250911	-	0	0	0		13	0	56	0.0	137	2	597	0.0033500837520938024
CUFF_NC.1305	1	13281030	13282079	-	0	0	0		47	0	181	0.0	266	1	1067	0.0009372071227741331
CUFF_NC.1306	1	13282147	13283306	-	0	0	0		50	98	232	0.4224137931034483	304	76	1618	0.04697156983930779
CUFF_NC.1304	1	13288422	13288979	-	0	0	0		25	35	87	0.40229885057471265	114	24	361	0.0664819944598338
CUFF_NC.1308	1	13321241	13321849	+	0	0	0		32	0	129	0.0	136	1	440	0.0022727272727272726
CUFF_NC.1309	1	13321963	13322413	+	0	0	0		11	0	49	0.0	140	0	412	0.0
CUFF_NC.1307	1	13377627	13379022	-	0	0	0		95	246	526	0.467680608365019	347	164	1894	0.08658922914466737
CUFF_NC.1313	1	13398137	13402602	-	0	0	0		228	385	817	0.47123623011015914	1134	526	4239	0.12408586930879925
CUFF_NC.1316	1	13398361	13400173	-	0	0	0		141	215	499	0.4308617234468938	495	216	1915	0.11279373368146214
CUFF_NC.1314	1	13400598	13401576	-	0	0	0		37	58	117	0.49572649572649574	222	70	639	0.10954616588419405
CUFF_NC.1315	1	13403236	13403683	-	0	0	0		9	0	52	0.0	122	1	481	0.002079002079002079
CUFF_NC.1310	1	13404952	13405923	+	0	0	0		40	70	207	0.33816425120772947	266	95	1274	0.07456828885400314
CUFF_NC.1311	1	13417934	13418549	+	0	0	0		20	24	101	0.2376237623762376	143	23	657	0.0350076103500761
CUFF_NC.1312	1	13418803	13419252	+	0	0	0		22	41	93	0.44086021505376344	150	44	509	0.08644400785854617
CUFF_NC.1317	1	13454708	13455741	+	0	0	0		87	6	384	0.015625	273	15	1030	0.014563106796116505
CUFF_NC.1318	1	13473136	13475976	-	0	0	0		93	121	486	0.24897119341563786	649	125	3312	0.03774154589371981
CUFF_NC.1319	1	13493433	13493857	+	0	0	0		14	29	86	0.3372093023255814	115	65	631	0.10301109350237718
CUFF_NC.1320	1	13517957	13518379	+	0	0	0		28	40	88	0.45454545454545453	87	22	230	0.09565217391304348
CUFF_NC.1332	1	13539235	13543668	-	0	0	0		370	10	1584	0.006313131313131313	1276	21	5103	0.00411522633744856
CUFF_NC.1326	1	13561103	13561964	-	0	0	0		82	199	390	0.5102564102564102	246	107	1060	0.1009433962264151
CUFF_NC.1327	1	13564108	13565443	-	0	0	0		93	156	363	0.4297520661157025	316	107	1279	0.0836591086786552
CUFF_NC.1324	1	13573421	13575291	+	0	0	0		97	151	405	0.3728395061728395	403	163	1612	0.1011166253101737
CUFF_NC.1325	1	13581175	13581802	+	0	0	0		23	40	133	0.3007518796992481	143	39	737	0.052917232021709636
CUFF_NC.1323	1	13592208	13593446	+	0	0	0		34	34	134	0.2537313432835821	211	67	715	0.0937062937062937
CUFF_NC.1328	1	13602954	13603822	-	0	0	0		0	0	0		8	0	16	0.0
CUFF_NC.1329	1	13603284	13603809	+	0	0	0		0	0	0		8	0	16	0.0
CUFF_NC.1330	1	13610034	13610558	-	0	0	0		25	34	93	0.3655913978494624	128	14	411	0.0340632603406326
CUFF_NC.1331	1	13610035	13610971	+	0	0	0		38	53	148	0.3581081081081081	253	37	854	0.04332552693208431
CUFF_NC.1334	1	13611048	13611453	+	0	0	0		16	15	52	0.28846153846153844	90	18	210	0.08571428571428572
CUFF_NC.1335	1	13612260	13612767	+	0	0	0		35	68	161	0.422360248447205	142	57	665	0.08571428571428572
CUFF_NC.1339	1	13633683	13634362	-	0	0	0		1	1	1	1.0	40	9	117	0.07692307692307693
CUFF_NC.1341	1	13633782	13639321	+	0	0	0		14	20	38	0.5263157894736842	151	15	387	0.03875968992248062
CUFF_NC.1340	1	13636846	13637574	-	0	0	0		0	0	0		3	0	3	0.0
CUFF_NC.1336	1	13642531	13642878	-	0	0	0		26	0	167	0.0	94	0	479	0.0
CUFF_NC.1337	1	13670179	13670745	-	0	0	0		47	0	192	0.0	180	4	618	0.006472491909385114
CUFF_NC.1338	1	13697871	13698623	+	0	0	0		45	1	160	0.00625	189	0	832	0.0
CUFF_NC.1342	1	13716032	13716543	+	0	0	0		20	26	111	0.23423423423423423	112	45	614	0.0732899022801303
CUFF_NC.1343	1	13722083	13722658	+	0	0	0		22	32	91	0.3516483516483517	160	52	619	0.0840064620355412
CUFF_NC.1346	1	13743909	13744828	-	0	0	0		36	34	198	0.1717171717171717	226	28	1368	0.02046783625730994
CUFF_NC.1345	1	13746129	13746685	-	0	0	0		23	15	158	0.0949367088607595	120	17	714	0.023809523809523808
CUFF_NC.1347	1	13747523	13748104	-	0	0	0		14	25	86	0.29069767441860467	132	46	857	0.05367561260210035
CUFF_NC.1348	1	13767101	13767743	+	0	0	0		20	0	118	0.0	149	0	857	0.0
CUFF_NC.1349	1	13777703	13780173	+	0	0	0		190	318	632	0.5031645569620253	649	231	2140	0.10794392523364486
CUFF_NC.1350	1	13802591	13803697	+	0	0	0		46	102	281	0.36298932384341637	263	115	1428	0.08053221288515407
CUFF_NC.1353	1	13804854	13805293	-	0	0	0		15	39	97	0.4020618556701031	125	71	820	0.08658536585365853
CUFF_NC.1354	1	13805325	13807594	-	0	0	0		111	370	765	0.48366013071895425	589	232	3558	0.06520517144463181
CUFF_NC.1351	1	13816299	13816832	+	0	0	0		12	19	65	0.2923076923076923	141	35	756	0.046296296296296294
CUFF_NC.1357	1	13823887	13824556	-	0	0	0		14	0	54	0.0	148	17	746	0.022788203753351208
CUFF_NC.1352	1	13829355	13831338	-	0	0	0		148	207	411	0.5036496350364964	474	139	1097	0.1267092069279854
CUFF_NC.1356	1	13838321	13839168	-	0	0	0		33	2	181	0.011049723756906077	197	3	1080	0.002777777777777778
CUFF_NC.1360	1	13840660	13842804	+	0	0	0		137	193	496	0.38911290322580644	570	221	2079	0.1063011063011063
CUFF_NC.1355	1	13848382	13849493	+	0	0	0		31	27	185	0.14594594594594595	293	47	1582	0.02970922882427307
CUFF_NC.1363	1	13849878	13852245	-	0	0	0		77	242	437	0.5537757437070938	577	357	2851	0.1252192213258506
CUFF_NC.1362	1	13857752	13859119	+	0	0	0		42	83	239	0.3472803347280335	383	99	2170	0.0456221198156682
CUFF_NC.1359	1	13864716	13865502	+	0	0	0		28	35	148	0.23648648648648649	212	52	1065	0.048826291079812206
CUFF_NC.1358	1	13867787	13868421	-	0	0	0		27	58	171	0.3391812865497076	189	67	960	0.06979166666666667
CUFF_NC.1372	1	13985149	13990367	-	0	0	0		152	118	789	0.14955640050697086	1040	139	5801	0.023961385967936562
CUFF_NC.1373	1	13986027	13988496	-	0	0	0		68	36	316	0.11392405063291139	405	27	1981	0.013629480060575468
CUFF_NC.1364	1	14034773	14035654	+	0	0	0		32	91	220	0.41363636363636364	190	71	1249	0.05684547638110488
CUFF_NC.1365	1	14076360	14077093	-	0	0	0		19	25	67	0.373134328358209	175	33	655	0.050381679389312976
CUFF_NC.1366	1	14076556	14076997	+	0	0	0		18	22	63	0.3492063492063492	107	18	390	0.046153846153846156
CUFF_NC.1368	1	14136057	14137294	-	0	0	0		49	111	225	0.49333333333333335	370	159	1786	0.08902575587905935
CUFF_NC.1367	1	14137892	14138425	-	0	0	0		16	13	72	0.18055555555555555	177	54	801	0.06741573033707865
CUFF_NC.1371	1	14179198	14183992	+	0	0	0		267	472	938	0.5031982942430704	1128	452	3996	0.11311311311311312
CUFF_NC.1369	1	14185422	14186016	-	0	0	0		24	75	121	0.6198347107438017	135	69	625	0.1104
CUFF_NC.1370	1	14193789	14195109	+	0	0	0		110	184	399	0.46115288220551376	370	186	1390	0.13381294964028778
CUFF_NC.1374	1	14205477	14205927	+	0	0	0		31	50	126	0.3968253968253968	114	57	421	0.13539192399049882
CUFF_NC.1375	1	14206170	14206574	+	0	0	0		21	49	77	0.6363636363636364	87	37	247	0.14979757085020243
CUFF_NC.1377	1	14281893	14287664	+	0	0	0		363	318	1636	0.19437652811735942	1448	334	6882	0.04853240337111305
CUFF_NC.1376	1	14330459	14330768	-	0	0	0		18	20	109	0.1834862385321101	68	25	362	0.06906077348066299
CUFF_NC.1379	1	14450493	14451167	-	0	0	0		44	131	203	0.645320197044335	133	120	671	0.17883755588673622
CUFF_NC.1378	1	14464924	14465338	+	0	0	0		17	32	76	0.42105263157894735	111	43	447	0.09619686800894854
CUFF_NC.1380	1	14824328	14824792	-	0	0	0		6	19	58	0.3275862068965517	99	73	937	0.07790821771611527
CUFF_NC.1381	1	14895013	14895554	+	0	0	0		21	45	99	0.45454545454545453	97	48	494	0.09716599190283401
CUFF_NC.1384	1	15048930	15050234	+	0	0	0		2	3	4	0.75	17	12	53	0.22641509433962265
CUFF_NC.1385	1	15061109	15064954	+	0	0	0		178	307	639	0.48043818466353677	826	278	2920	0.09520547945205479
CUFF_NC.1386	1	15082774	15083944	-	0	0	0		24	211	822	0.25669099756691	364	1034	16101	0.06421961368859078
CUFF_NC.1387	1	15215113	15215874	-	0	0	0		21	32	80	0.4	118	57	507	0.11242603550295859
CUFF_NC.1391	1	15446408	15447063	+	0	0	0		28	51	81	0.6296296296296297	151	37	513	0.07212475633528265
CUFF_NC.1390	1	15450573	15450955	+	0	0	0		27	37	66	0.5606060606060606	63	34	230	0.14782608695652175
CUFF_NC.1392	1	15453844	15454213	+	0	0	0		11	7	21	0.3333333333333333	69	5	104	0.04807692307692308
CUFF_NC.1394	1	15582103	15585147	+	0	0	0		81	71	444	0.15990990990990991	922	247	4605	0.053637350705754615
CUFF_NC.1393	1	15637544	15638012	-	0	0	0		13	30	67	0.44776119402985076	142	72	635	0.11338582677165354
CUFF_NC.1396	1	15650037	15650502	-	0	0	0		26	35	106	0.330188679245283	122	14	447	0.03131991051454139
CUFF_NC.1397	1	15650228	15650826	+	0	0	0		33	12	152	0.07894736842105263	160	0	689	0.0
CUFF_NC.1398	1	15713438	15713953	+	0	0	0		21	27	47	0.574468085106383	45	14	97	0.14432989690721648
CUFF_NC.1405	1	15724635	15727771	-	0	0	0		39	4	145	0.027586206896551724	324	2	1132	0.0017667844522968198
CUFF_NC.1400	1	15729395	15730095	-	0	0	0		0	0	0		5	0	5	0.0
CUFF_NC.1401	1	15760711	15761500	-	0	0	0		2	0	4	0.0	13	11	25	0.44
CUFF_NC.1403	1	15763348	15764467	+	0	0	0		11	7	20	0.35	47	1	83	0.012048192771084338
CUFF_NC.1402	1	15764770	15765935	-	0	0	0		4	3	4	0.75	13	0	13	0.0
CUFF_NC.1406	1	15814558	15815016	+	0	0	0		0	0	0		13	1	13	0.07692307692307693
CUFF_NC.1407	1	15815125	15817227	+	0	0	0		23	26	56	0.4642857142857143	93	29	295	0.09830508474576272
CUFF_NC.1408	1	15870223	15870687	-	0	0	0		23	24	47	0.5106382978723404	58	7	119	0.058823529411764705
CUFF_NC.1409	1	15883447	15884050	+	0	0	0		7	1	49	0.02040816326530612	59	1	283	0.0035335689045936395
CUFF_NC.1412	1	15894034	15894449	-	0	0	0		18	0	61	0.0	112	1	337	0.002967359050445104
CUFF_NC.1410	1	15907409	15907978	+	0	0	0		22	34	116	0.29310344827586204	132	16	727	0.02200825309491059
CUFF_NC.1413	1	15952600	15953183	+	0	0	0		48	82	176	0.4659090909090909	151	63	654	0.0963302752293578
CUFF_NC.1411	1	15953322	15953820	+	0	0	0		35	57	131	0.4351145038167939	125	84	433	0.19399538106235567
CUFF_NC.1418	1	16009279	16009892	+	0	0	0		7	7	30	0.23333333333333334	50	6	206	0.02912621359223301
CUFF_NC.1422	1	16053617	16054408	-	0	0	0		16	3	90	0.03333333333333333	95	6	328	0.018292682926829267
CUFF_NC.1428	1	16070133	16073477	-	0	0	0		175	704	1565	0.44984025559105434	894	545	7978	0.06831286036600652
CUFF_NC.1429	1	16073600	16074320	-	0	0	0		25	45	128	0.3515625	136	30	886	0.033860045146726865
CUFF_NC.1423	1	16111097	16111465	-	0	0	0		1	1	2	0.5	15	0	16	0.0
CUFF_NC.1425	1	16114894	16116341	+	0	0	0		1	0	1	0.0	9	0	9	0.0
CUFF_NC.1430	1	16153453	16154778	-	0	0	0		21	0	103	0.0	129	0	542	0.0
CUFF_NC.1433	1	16165405	16167029	+	0	0	0		65	61	317	0.19242902208201892	461	59	1936	0.030475206611570247
CUFF_NC.1431	1	16193947	16194666	-	0	0	0		14	17	74	0.22972972972972974	180	54	767	0.07040417209908735
CUFF_NC.1432	1	16195214	16195764	-	0	0	0		21	7	87	0.08045977011494253	142	14	623	0.02247191011235955
CUFF_NC.1437	1	16237921	16240331	-	0	0	0		0	0	0		6	0	6	0.0
CUFF_NC.1444	1	16267278	16267770	-	0	0	0		35	1	141	0.0070921985815602835	161	7	698	0.01002865329512894
CUFF_NC.1451	1	16310081	16311070	+	0	0	0		50	0	190	0.0	228	0	793	0.0
CUFF_NC.1449	1	16315868	16316599	-	0	0	0		21	0	57	0.0	127	2	309	0.006472491909385114
CUFF_NC.1447	1	16317778	16318181	-	0	0	0		18	83	148	0.5608108108108109	102	82	725	0.11310344827586206
CUFF_NC.1450	1	16321119	16321659	-	0	0	0		37	33	98	0.336734693877551	131	18	299	0.06020066889632107
CUFF_NC.1448	1	16331005	16331779	-	0	0	0		53	105	199	0.5276381909547738	215	62	751	0.08255659121171771
CUFF_NC.1453	1	16338794	16339181	-	0	0	0		20	42	132	0.3181818181818182	112	63	717	0.08786610878661087
CUFF_NC.1452	1	16340041	16340714	-	0	0	0		36	47	174	0.27011494252873564	145	23	540	0.04259259259259259
CUFF_NC.1457	1	16365061	16366461	-	0	0	0		44	87	227	0.3832599118942731	351	80	1713	0.046701692936368944
CUFF_NC.1455	1	16393186	16393641	+	0	0	0		1	0	1	0.0	5	1	5	0.2
CUFF_NC.1456	1	16422445	16422819	+	0	0	0		10	0	77	0.0	87	2	642	0.003115264797507788
CUFF_NC.1463	1	16437919	16439340	+	0	0	0		35	15	144	0.10416666666666667	343	36	1906	0.01888772298006296
CUFF_NC.1459	1	16455236	16455901	-	0	0	0		19	51	130	0.3923076923076923	168	66	809	0.0815822002472188
CUFF_NC.1461	1	16455389	16457588	+	0	0	0		64	145	394	0.3680203045685279	572	206	3189	0.06459705236751333
CUFF_NC.1460	1	16456664	16457368	-	0	0	0		20	50	115	0.43478260869565216	173	76	885	0.08587570621468926
CUFF_NC.1462	1	16457735	16458849	+	0	0	0		10	12	31	0.3870967741935484	79	22	335	0.06567164179104477
CUFF_NC.1458	1	16459197	16460136	-	0	0	0		18	31	66	0.4696969696969697	111	31	345	0.08985507246376812
CUFF_NC.1464	1	16466232	16467013	-	0	0	0		14	8	56	0.14285714285714285	125	11	497	0.022132796780684104
CUFF_NC.1468	1	16467317	16468536	-	0	0	0		26	0	80	0.0	199	7	639	0.010954616588419406
CUFF_NC.1465	1	16474042	16474732	+	0	0	0		11	5	31	0.16129032258064516	121	12	495	0.024242424242424242
CUFF_NC.1467	1	16487727	16488377	+	0	0	0		43	1	184	0.005434782608695652	170	7	705	0.009929078014184398
CUFF_NC.1466	1	16503139	16504007	-	0	0	0		41	81	195	0.4153846153846154	263	90	1070	0.08411214953271028
CUFF_NC.1469	1	16510040	16510605	+	0	0	0		7	16	34	0.47058823529411764	93	70	503	0.13916500994035785
CUFF_NC.1471	1	16510660	16511618	+	0	0	0		2	8	21	0.38095238095238093	76	57	666	0.08558558558558559
CUFF_NC.1470	1	16513273	16513693	+	0	0	0		32	46	123	0.37398373983739835	82	41	308	0.1331168831168831
CUFF_NC.1472	1	16515036	16515689	+	0	0	0		15	13	40	0.325	90	26	255	0.10196078431372549
CUFF_NC.1473	1	16517966	16518877	+	0	0	0		41	224	469	0.47761194029850745	181	248	1833	0.1352973267866885
CUFF_NC.1476	1	16523464	16523914	+	0	0	0		17	49	113	0.4336283185840708	127	98	748	0.13101604278074866
CUFF_NC.1475	1	16526711	16527510	+	0	0	0		35	119	245	0.4857142857142857	193	177	1202	0.14725457570715475
CUFF_NC.1477	1	16528242	16528899	+	0	0	0		2	7	11	0.6363636363636364	25	15	80	0.1875
CUFF_NC.1479	1	16537510	16538153	+	0	0	0		25	0	138	0.0	148	4	641	0.0062402496099844
CUFF_NC.1480	1	16537846	16543375	-	0	0	0		119	134	448	0.29910714285714285	574	93	2237	0.041573535985695124
CUFF_NC.1478	1	16556470	16557209	+	0	0	0		0	0	0		7	0	7	0.0
CUFF_NC.1482	1	16575658	16576288	-	0	0	0		34	1	172	0.005813953488372093	191	6	829	0.007237635705669481
CUFF_NC.1485	1	16578353	16579572	-	0	0	0		69	1	217	0.004608294930875576	236	3	719	0.004172461752433936
CUFF_NC.1481	1	16580919	16581426	-	0	0	0		33	44	163	0.26993865030674846	124	40	647	0.061823802163833076
CUFF_NC.1483	1	16600280	16600797	+	0	0	0		10	23	59	0.3898305084745763	121	47	835	0.0562874251497006
CUFF_NC.1484	1	16603967	16604538	-	0	0	0		31	39	108	0.3611111111111111	151	27	525	0.05142857142857143
CUFF_NC.1486	1	16606632	16607291	-	0	0	0		15	19	75	0.25333333333333335	159	31	613	0.05057096247960848
CUFF_NC.1487	1	16626411	16626733	+	0	0	0		11	26	36	0.7222222222222222	41	16	157	0.10191082802547771
CUFF_NC.1488	1	16632077	16632566	+	0	0	0		16	17	35	0.4857142857142857	64	19	158	0.12025316455696203
CUFF_NC.1504	1	16641248	16643701	+	0	0	0		91	95	471	0.20169851380042464	629	186	3094	0.060116354234001294
CUFF_NC.1505	1	16643803	16645402	+	0	0	0		121	252	493	0.5111561866125761	485	204	1994	0.10230692076228685
CUFF_NC.1492	1	16688604	16689005	+	0	0	0		27	0	115	0.0	106	2	458	0.004366812227074236
CUFF_NC.1494	1	16703490	16703944	+	0	0	0		14	0	71	0.0	121	1	602	0.0016611295681063123
CUFF_NC.1490	1	16710959	16713615	-	0	0	0		42	33	200	0.165	606	71	2970	0.023905723905723906
CUFF_NC.1491	1	16712325	16712814	-	0	0	0		3	1	3	0.3333333333333333	106	8	492	0.016260162601626018
CUFF_NC.1493	1	16713835	16714500	+	0	0	0		15	0	81	0.0	160	3	947	0.0031678986272439284
CUFF_NC.1496	1	16729141	16730317	+	0	0	0		65	123	230	0.5347826086956522	286	111	1079	0.10287303058387395
CUFF_NC.1503	1	16764639	16765152	+	0	0	0		28	0	135	0.0	160	0	580	0.0
CUFF_NC.1497	1	16779215	16779661	-	0	0	0		1	0	7	0.0	105	5	730	0.00684931506849315
CUFF_NC.1511	1	16780240	16786828	-	0	0	0		460	30	2385	0.012578616352201259	1777	30	8851	0.0033894475200542313
CUFF_NC.1498	1	16790551	16790999	+	0	0	0		11	28	53	0.5283018867924528	77	35	386	0.09067357512953368
CUFF_NC.1500	1	16811263	16812935	+	0	0	0		57	3	341	0.008797653958944282	441	9	2310	0.003896103896103896
CUFF_NC.1502	1	16813752	16814813	+	0	0	0		44	0	139	0.0	358	2	1031	0.0019398642095053346
CUFF_NC.1501	1	16820860	16821888	+	0	0	0		51	1	215	0.004651162790697674	293	5	1218	0.004105090311986864
CUFF_NC.1506	1	16829817	16830251	-	0	0	0		22	0	100	0.0	104	0	563	0.0
CUFF_NC.1512	1	16837642	16838563	+	0	0	0		52	0	247	0.0	230	0	978	0.0
CUFF_NC.1509	1	16843446	16848177	-	0	0	0		170	228	811	0.281134401972873	886	190	4388	0.043299908842297175
CUFF_NC.1513	1	16852348	16852766	+	0	0	0		21	0	81	0.0	127	1	397	0.0025188916876574307
CUFF_NC.1514	1	16853317	16858025	+	0	0	0		303	464	1116	0.4157706093189964	1371	471	5047	0.09332276599960372
CUFF_NC.1507	1	16861110	16863480	-	0	0	0		52	46	277	0.16606498194945848	475	41	2419	0.01694915254237288
CUFF_NC.1508	1	16866191	16867024	+	0	0	0		34	2	148	0.013513513513513514	200	3	947	0.0031678986272439284
CUFF_NC.1517	1	16867710	16871952	-	0	0	0		83	29	332	0.08734939759036145	682	131	2827	0.04633887513264945
CUFF_NC.1518	1	16887133	16888861	-	0	0	0		77	124	314	0.39490445859872614	470	118	1868	0.06316916488222699
CUFF_NC.1510	1	16891013	16891840	-	0	0	0		33	19	135	0.14074074074074075	227	21	1186	0.01770657672849916
CUFF_NC.1524	1	16908649	16909475	+	0	0	0		30	1	119	0.008403361344537815	208	1	865	0.0011560693641618498
CUFF_NC.1516	1	16923389	16924736	-	0	0	0		54	2	240	0.008333333333333333	376	3	1582	0.0018963337547408343
CUFF_NC.1515	1	16924944	16925705	+	0	0	0		36	23	242	0.09504132231404959	212	21	1272	0.01650943396226415
CUFF_NC.1521	1	16982250	16982766	-	0	0	0		26	0	105	0.0	124	2	392	0.00510204081632653
CUFF_NC.1520	1	17011328	17011777	-	0	0	0		37	1	216	0.004629629629629629	114	3	646	0.0046439628482972135
CUFF_NC.1519	1	17012567	17013245	+	0	0	0		6	0	6	0.0	6	0	6	0.0
CUFF_NC.1522	1	17074059	17079408	+	0	0	0		281	202	1489	0.1356615177971793	1396	170	7154	0.023762929829466033
CUFF_NC.1523	1	17111749	17112634	+	0	0	0		26	36	121	0.2975206611570248	224	21	1177	0.01784197111299915
CUFF_NC.1527	1	17117977	17118573	-	0	0	0		25	1	146	0.00684931506849315	139	3	633	0.004739336492890996
CUFF_NC.1526	1	17126756	17127484	-	0	0	0		38	0	135	0.0	202	2	777	0.002574002574002574
CUFF_NC.1525	1	17136188	17145187	-	0	0	0		54	24	211	0.11374407582938388	549	24	2593	0.009255688391824142
CUFF_NC.1528	1	17179552	17180287	-	0	0	0		41	2	202	0.009900990099009901	198	1	983	0.001017293997965412
CUFF_NC.1529	1	17196352	17196581	-	0	0	0		7	11	47	0.23404255319148937	74	11	457	0.024070021881838075
CUFF_NC.1530	1	17203926	17206319	-	0	0	0		10	9	30	0.3	75	8	235	0.03404255319148936
CUFF_NC.1531	1	17230544	17231123	+	0	0	0		21	44	101	0.43564356435643564	165	34	1033	0.03291384317521781
CUFF_NC.1532	1	17233522	17234757	+	0	0	0		41	0	219	0.0	349	6	1521	0.0039447731755424065
CUFF_NC.1538	1	17234836	17235352	-	0	0	0		16	0	97	0.0	164	2	685	0.00291970802919708
CUFF_NC.1535	1	17236837	17237734	+	0	0	0		42	0	204	0.0	263	5	1278	0.003912363067292645
CUFF_NC.1537	1	17249314	17249923	+	0	0	0		44	0	185	0.0	156	0	626	0.0
CUFF_NC.1533	1	17252884	17253979	+	0	0	0		72	1	294	0.003401360544217687	247	1	1331	0.0007513148009015778
CUFF_NC.1534	1	17253261	17253686	-	0	0	0		31	0	113	0.0	94	1	449	0.0022271714922048997
CUFF_NC.1536	1	17265872	17266624	+	0	0	0		49	2	154	0.012987012987012988	205	4	658	0.0060790273556231
CUFF_NC.1539	1	17268284	17268848	-	0	0	0		6	0	42	0.0	125	2	740	0.002702702702702703
CUFF_NC.1542	1	17278415	17279364	+	0	0	0		15	28	68	0.4117647058823529	247	107	980	0.10918367346938776
CUFF_NC.1541	1	17279894	17280620	-	0	0	0		22	70	109	0.6422018348623854	159	44	796	0.05527638190954774
CUFF_NC.1540	1	17281888	17282384	-	0	0	0		20	52	117	0.4444444444444444	133	88	780	0.11282051282051282
CUFF_NC.1545	1	17284117	17284594	+	0	0	0		26	2	135	0.014814814814814815	141	2	743	0.0026917900403768506
CUFF_NC.1544	1	17295587	17296007	-	0	0	0		38	0	219	0.0	104	0	537	0.0
CUFF_NC.1543	1	17298142	17298808	+	0	0	0		54	2	206	0.009708737864077669	179	0	747	0.0
CUFF_NC.1546	1	17312590	17315050	+	0	0	0		21	20	59	0.3389830508474576	139	20	274	0.072992700729927
CUFF_NC.1548	1	17324143	17324836	-	0	0	0		58	155	264	0.5871212121212122	178	52	823	0.06318347509113001
CUFF_NC.1547	1	17325649	17326176	+	0	0	0		31	97	188	0.5159574468085106	145	55	853	0.06447831184056271
CUFF_NC.1549	1	17327965	17328655	-	0	0	0		65	0	200	0.0	186	2	604	0.0033112582781456954
CUFF_NC.1550	1	17338964	17339388	-	0	0	0		27	0	148	0.0	96	2	529	0.003780718336483932
CUFF_NC.1551	1	17390133	17390827	-	0	0	0		40	0	141	0.0	187	2	635	0.0031496062992125984
CUFF_NC.1552	1	17391459	17392097	-	0	0	0		18	0	95	0.0	117	1	620	0.0016129032258064516
CUFF_NC.1553	1	17392515	17393078	+	0	0	0		15	0	96	0.0	139	4	940	0.00425531914893617
CUFF_NC.1554	1	17413305	17413791	+	0	0	0		21	1	145	0.006896551724137931	141	2	726	0.0027548209366391185
CUFF_NC.1558	1	17428624	17429851	+	0	0	0		42	0	273	0.0	360	9	2091	0.00430416068866571
CUFF_NC.1556	1	17430991	17431910	+	0	0	0		40	72	133	0.5413533834586466	178	24	603	0.03980099502487562
CUFF_NC.1557	1	17441074	17442334	+	0	0	0		56	65	286	0.22727272727272727	335	55	1823	0.030170049369171694
CUFF_NC.1560	1	17464151	17465322	-	0	0	0		56	0	247	0.0	308	3	1500	0.002
CUFF_NC.1565	1	17475765	17476573	-	0	0	0		33	0	148	0.0	221	5	925	0.005405405405405406
CUFF_NC.1559	1	17489927	17490480	+	0	0	0		22	50	126	0.3968253968253968	73	27	385	0.07012987012987013
CUFF_NC.1561	1	17504626	17506044	-	0	0	0		86	0	275	0.0	375	6	1214	0.004942339373970346
CUFF_NC.1564	1	17525544	17526093	-	0	0	0		43	1	150	0.006666666666666667	170	0	409	0.0
CUFF_NC.1563	1	17528667	17529198	+	0	0	0		11	10	21	0.47619047619047616	38	10	70	0.14285714285714285
CUFF_NC.1566	1	17529314	17529950	-	0	0	0		19	39	88	0.4431818181818182	201	78	844	0.0924170616113744
CUFF_NC.1569	1	17531504	17532196	-	0	0	0		27	40	96	0.4166666666666667	164	59	453	0.13024282560706402
CUFF_NC.1579	1	17538965	17539591	+	0	0	0		31	0	123	0.0	176	3	690	0.004347826086956522
CUFF_NC.1572	1	17569397	17570468	+	0	0	0		58	1	329	0.00303951367781155	284	6	1451	0.004135079255685734
CUFF_NC.1571	1	17572953	17573285	-	0	0	0		12	0	54	0.0	85	4	405	0.009876543209876543
CUFF_NC.1567	1	17573629	17574171	-	0	0	0		21	40	99	0.40404040404040403	134	38	715	0.05314685314685315
CUFF_NC.1573	1	17577615	17578185	-	0	0	0		37	2	151	0.013245033112582781	111	1	441	0.0022675736961451248
CUFF_NC.1574	1	17577723	17578125	+	0	0	0		35	2	137	0.014598540145985401	85	1	275	0.0036363636363636364
CUFF_NC.1575	1	17591939	17592743	+	0	0	0		23	31	56	0.5535714285714286	128	14	325	0.043076923076923075
CUFF_NC.1576	1	17596707	17597371	-	0	0	0		8	6	28	0.21428571428571427	40	5	164	0.03048780487804878
CUFF_NC.1577	1	17608162	17609582	+	0	0	0		6	3	6	0.5	28	4	28	0.14285714285714285
CUFF_NC.1580	1	17618441	17623717	+	0	0	0		162	1	724	0.0013812154696132596	930	12	4769	0.0025162507863283707
CUFF_NC.1581	1	17621260	17622155	+	0	0	0		36	0	75	0.0	44	0	98	0.0
CUFF_NC.1578	1	17625027	17625832	+	0	0	0		50	216	410	0.526829268292683	163	107	1177	0.09090909090909091
CUFF_NC.1582	1	17626400	17626829	+	0	0	0		37	69	138	0.5	105	22	408	0.05392156862745098
CUFF_NC.1584	1	17627568	17628463	+	0	0	0		55	0	203	0.0	247	2	1006	0.0019880715705765406
CUFF_NC.1583	1	17642417	17642883	+	0	0	0		38	1	207	0.004830917874396135	141	1	801	0.0012484394506866417
CUFF_NC.1589	1	17683224	17683791	+	0	0	0		20	0	117	0.0	153	4	899	0.004449388209121246
CUFF_NC.1585	1	17687077	17687846	-	0	0	0		36	0	224	0.0	173	2	929	0.002152852529601722
CUFF_NC.1586	1	17687993	17688771	-	0	0	0		38	2	226	0.008849557522123894	220	3	1157	0.0025929127052722557
CUFF_NC.1587	1	17689013	17692362	+	0	0	0		115	218	655	0.332824427480916	788	238	4471	0.053231939163498096
CUFF_NC.1588	1	17689138	17690459	-	0	0	0		61	182	296	0.6148648648648649	267	152	1404	0.10826210826210826
CUFF_NC.1590	1	17695288	17696075	+	0	0	0		27	22	87	0.25287356321839083	172	50	714	0.0700280112044818
CUFF_NC.1592	1	17705992	17706568	+	0	0	0		14	1	37	0.02702702702702703	75	1	261	0.0038314176245210726
CUFF_NC.1593	1	17719694	17721314	+	0	0	0		119	2	521	0.003838771593090211	463	9	2000	0.0045
CUFF_NC.1594	1	17725243	17726864	-	0	0	0		115	1	728	0.0013736263736263737	433	8	2447	0.0032693093583980384
CUFF_NC.1610	1	17736454	17737909	+	0	0	0		123	2	696	0.0028735632183908046	391	3	2199	0.001364256480218281
CUFF_NC.1595	1	17762642	17763143	-	0	0	0		7	0	28	0.0	79	2	347	0.005763688760806916
CUFF_NC.1596	1	17763495	17764225	+	0	0	0		13	1	69	0.014492753623188406	141	3	781	0.0038412291933418692
CUFF_NC.1597	1	17780508	17780864	-	0	0	0		16	2	61	0.03278688524590164	94	1	279	0.0035842293906810036
CUFF_NC.1598	1	17797195	17798343	+	0	0	0		63	1	283	0.0035335689045936395	277	3	1262	0.002377179080824089
CUFF_NC.1609	1	17812638	17813901	+	0	0	0		7	10	12	0.8333333333333334	24	14	34	0.4117647058823529
CUFF_NC.1599	1	17818801	17819273	-	0	0	0		10	0	62	0.0	45	0	249	0.0
CUFF_NC.1605	1	17827433	17827990	+	0	0	0		18	0	50	0.0	113	0	279	0.0
CUFF_NC.1606	1	17829779	17830591	+	0	0	0		52	0	141	0.0	160	1	509	0.0019646365422396855
CUFF_NC.1607	1	17837354	17838176	-	0	0	0		31	0	167	0.0	122	3	650	0.004615384615384616
CUFF_NC.1602	1	17840147	17840565	+	0	0	0		12	0	72	0.0	102	3	558	0.005376344086021506
CUFF_NC.1603	1	17845372	17846257	-	0	0	0		28	4	125	0.032	181	2	982	0.002036659877800407
CUFF_NC.1604	1	17845967	17846980	+	0	0	0		51	25	217	0.1152073732718894	234	11	1099	0.010009099181073703
CUFF_NC.1608	1	17863619	17864418	-	0	0	0		17	0	76	0.0	224	2	941	0.0021253985122210413
CUFF_NC.1630	1	17878672	17879173	+	0	0	0		26	1	111	0.009009009009009009	148	1	671	0.0014903129657228018
CUFF_NC.1611	1	17890974	17891884	+	0	0	0		85	0	330	0.0	306	6	1178	0.0050933786078098476
CUFF_NC.1612	1	17918431	17919461	-	0	0	0		84	1	405	0.0024691358024691358	234	8	963	0.008307372793354102
CUFF_NC.1613	1	17920094	17921033	-	0	0	0		58	0	212	0.0	255	1	735	0.0013605442176870747
CUFF_NC.1614	1	17929774	17930306	-	0	0	0		17	0	57	0.0	133	2	454	0.004405286343612335
CUFF_NC.1615	1	17931199	17931755	-	0	0	0		29	0	132	0.0	108	4	455	0.008791208791208791
CUFF_NC.1629	1	17956599	17957056	+	0	0	0		19	0	132	0.0	136	1	815	0.001226993865030675
CUFF_NC.1616	1	17961098	17962028	+	0	0	0		49	2	233	0.008583690987124463	227	5	998	0.00501002004008016
CUFF_NC.1628	1	17966376	17968547	-	0	0	0		141	1	751	0.0013315579227696406	597	11	3070	0.0035830618892508143
CUFF_NC.1627	1	17972448	17973134	+	0	0	0		63	1	206	0.0048543689320388345	141	1	494	0.0020242914979757085
CUFF_NC.1618	1	17973839	17974595	+	0	0	0		49	0	212	0.0	212	1	857	0.0011668611435239206
CUFF_NC.1619	1	17974941	17976721	+	0	0	0		125	4	588	0.006802721088435374	482	0	1879	0.0
CUFF_NC.1620	1	17995943	17999760	+	0	0	0		128	31	667	0.046476761619190406	1010	46	4751	0.0096821721742791
CUFF_NC.1621	1	18000833	18001748	+	0	0	0		40	1	245	0.004081632653061225	211	2	1279	0.001563721657544957
CUFF_NC.1617	1	18002622	18003058	+	0	0	0		33	77	136	0.5661764705882353	115	28	335	0.08358208955223881
CUFF_NC.1622	1	18003812	18005787	+	0	0	0		128	320	549	0.5828779599271403	389	126	1330	0.09473684210526316
CUFF_NC.1624	1	18007424	18010263	+	0	0	0		95	5	489	0.010224948875255624	654	20	3664	0.0054585152838427945
CUFF_NC.1625	1	18026191	18026703	-	0	0	0		10	0	59	0.0	83	0	474	0.0
CUFF_NC.1626	1	18030691	18031417	-	0	0	0		42	2	222	0.009009009009009009	139	1	714	0.0014005602240896359
CUFF_NC.1631	1	18070921	18071367	+	0	0	0		35	0	131	0.0	123	2	438	0.0045662100456621
CUFF_NC.1632	1	18083006	18084012	+	0	0	0		60	0	213	0.0	235	3	810	0.003703703703703704
CUFF_NC.1636	1	18115789	18117931	+	0	0	0		134	4	624	0.00641025641025641	518	9	2565	0.0035087719298245615
CUFF_NC.1633	1	18128656	18129271	+	0	0	0		20	0	104	0.0	132	0	652	0.0
CUFF_NC.1644	1	18138233	18138922	-	0	0	0		34	0	191	0.0	158	2	867	0.002306805074971165
CUFF_NC.1637	1	18155053	18158895	-	0	0	0		67	233	686	0.3396501457725947	404	401	4297	0.0933209215731906
CUFF_NC.1638	1	18158975	18163472	-	0	0	0		161	444	975	0.4553846153846154	639	362	3958	0.09146033350176858
CUFF_NC.1634	1	18163818	18164269	-	0	0	0		7	6	42	0.14285714285714285	110	69	769	0.08972691807542263
CUFF_NC.1635	1	18164015	18164727	+	0	0	0		14	48	83	0.5783132530120482	159	188	946	0.19873150105708245
CUFF_NC.1639	1	18174733	18176191	+	0	0	0		73	1	434	0.002304147465437788	362	4	1874	0.0021344717182497333
CUFF_NC.1641	1	18177771	18178288	+	0	0	0		27	0	92	0.0	141	0	489	0.0
CUFF_NC.1640	1	18213820	18214613	-	0	0	0		29	68	147	0.46258503401360546	181	45	846	0.05319148936170213
CUFF_NC.1642	1	18219402	18219981	-	0	0	0		39	2	194	0.010309278350515464	172	2	844	0.002369668246445498
CUFF_NC.1643	1	18249672	18250850	-	0	0	0		86	3	342	0.008771929824561403	243	4	959	0.004171011470281543
CUFF_NC.1652	1	18268808	18269454	+	0	0	0		34	0	159	0.0	152	3	702	0.004273504273504274
CUFF_NC.1645	1	18271332	18272159	-	0	0	0		39	65	186	0.34946236559139787	194	36	906	0.039735099337748346
CUFF_NC.1646	1	18272589	18273238	-	0	0	0		18	20	63	0.31746031746031744	145	51	649	0.07858243451463791
CUFF_NC.1650	1	18284861	18285427	+	0	0	0		32	0	182	0.0	161	5	835	0.005988023952095809
CUFF_NC.1647	1	18296249	18296931	+	0	0	0		29	1	194	0.005154639175257732	154	6	1018	0.005893909626719057
CUFF_NC.1649	1	18305226	18307390	-	0	0	0		133	2	615	0.0032520325203252032	514	6	2378	0.002523128679562658
CUFF_NC.1648	1	18311081	18311508	-	0	0	0		33	0	123	0.0	122	3	482	0.006224066390041493
CUFF_NC.1653	1	18321577	18322459	+	0	0	0		27	0	145	0.0	201	2	1214	0.0016474464579901153
CUFF_NC.1657	1	18331522	18332262	-	0	0	0		49	0	310	0.0	188	4	1184	0.0033783783783783786
CUFF_NC.1651	1	18343419	18344257	-	0	0	0		53	2	289	0.006920415224913495	231	6	1153	0.005203816131830009
CUFF_NC.1659	1	18355404	18355799	-	0	0	0		26	0	152	0.0	105	1	542	0.0018450184501845018
CUFF_NC.1655	1	18362434	18363372	+	0	0	0		53	0	230	0.0	246	2	1082	0.0018484288354898336
CUFF_NC.1654	1	18366271	18366890	+	0	0	0		53	1	229	0.004366812227074236	155	3	543	0.0055248618784530384
CUFF_NC.1688	1	18376116	18380033	+	0	0	0		248	2	1096	0.0018248175182481751	834	8	3193	0.002505480739116818
CUFF_NC.1660	1	18380236	18380944	+	0	0	0		19	12	47	0.2553191489361702	90	10	223	0.04484304932735426
CUFF_NC.1656	1	18386698	18387488	-	0	0	0		11	68	102	0.6666666666666666	62	52	435	0.11954022988505747
CUFF_NC.1658	1	18394106	18395009	-	0	0	0		34	0	193	0.0	210	3	1184	0.002533783783783784
CUFF_NC.1668	1	18400825	18401818	-	0	0	0		111	1	505	0.0019801980198019802	269	1	1197	0.000835421888053467
CUFF_NC.1662	1	18411079	18413181	+	0	0	0		101	1	547	0.0018281535648994515	537	13	2863	0.0045406915822563745
CUFF_NC.1661	1	18427997	18430627	+	0	0	0		143	0	569	0.0	593	9	2748	0.0032751091703056767
CUFF_NC.1667	1	18445943	18446720	+	0	0	0		45	0	223	0.0	207	5	1161	0.004306632213608958
CUFF_NC.1664	1	18447423	18449076	-	0	0	0		56	1	300	0.0033333333333333335	436	8	2167	0.0036917397323488694
CUFF_NC.1665	1	18447614	18448968	+	0	0	0		51	1	289	0.0034602076124567475	371	6	2003	0.0029955067398901645
CUFF_NC.1663	1	18450525	18450965	+	0	0	0		16	0	78	0.0	108	0	643	0.0
CUFF_NC.1666	1	18462746	18463425	-	0	0	0		46	0	171	0.0	169	0	533	0.0
CUFF_NC.1672	1	18489276	18489586	+	0	0	0		11	0	32	0.0	68	0	159	0.0
CUFF_NC.1675	1	18510531	18512563	-	0	0	0		158	3	756	0.003968253968253968	503	2	2398	0.0008340283569641367
CUFF_NC.1669	1	18542772	18543913	-	0	0	0		93	2	369	0.005420054200542005	301	7	1263	0.0055423594615993665
CUFF_NC.1670	1	18548232	18549042	-	0	0	0		49	25	267	0.09363295880149813	173	59	882	0.06689342403628118
CUFF_NC.1671	1	18549195	18550129	-	0	0	0		37	19	212	0.08962264150943396	233	98	1291	0.07591014717273431
CUFF_NC.1673	1	18584973	18585371	-	0	0	0		22	0	158	0.0	121	2	809	0.002472187886279357
CUFF_NC.1674	1	18601872	18602765	-	0	0	0		24	0	81	0.0	154	2	611	0.0032733224222585926
CUFF_NC.1680	1	18624898	18626504	+	0	0	0		110	4	501	0.007984031936127744	374	4	1403	0.002851033499643621
CUFF_NC.1681	1	18627541	18633022	+	0	0	0		263	4	1034	0.0038684719535783366	1034	12	4060	0.002955665024630542
CUFF_NC.1682	1	18630762	18631237	+	0	0	0		50	0	178	0.0	156	2	532	0.0037593984962406013
CUFF_NC.1677	1	18640822	18642377	-	0	0	0		60	130	279	0.4659498207885305	481	124	2308	0.053726169844020795
CUFF_NC.1678	1	18641979	18642556	+	0	0	0		27	52	117	0.4444444444444444	160	45	633	0.07109004739336493
CUFF_NC.1683	1	18692238	18693258	-	0	0	0		6	1	6	0.16666666666666666	22	0	22	0.0
CUFF_NC.1684	1	18692549	18693378	+	0	0	0		12	1	63	0.015873015873015872	40	0	182	0.0
CUFF_NC.1685	1	18696997	18697619	-	0	0	0		32	1	166	0.006024096385542169	173	3	749	0.004005340453938585
CUFF_NC.1686	1	18744005	18744659	-	0	0	0		29	0	181	0.0	173	3	935	0.0032085561497326204
CUFF_NC.1687	1	18744959	18745412	+	0	0	0		6	14	29	0.4827586206896552	79	113	1115	0.10134529147982063
CUFF_NC.1693	1	18750304	18751264	-	0	0	0		92	2	520	0.0038461538461538464	270	6	1463	0.004101161995898838
CUFF_NC.1692	1	18752911	18753944	+	0	0	0		54	1	263	0.0038022813688212928	218	0	1015	0.0
CUFF_NC.1689	1	18757377	18758443	+	0	0	0		74	1	336	0.002976190476190476	243	1	918	0.0010893246187363835
CUFF_NC.1691	1	18772997	18774464	-	0	0	0		102	2	452	0.004424778761061947	421	2	1728	0.0011574074074074073
CUFF_NC.1690	1	18783459	18783791	-	0	0	0		17	2	88	0.022727272727272728	100	1	554	0.0018050541516245488
CUFF_NC.1694	1	18789227	18789721	+	0	0	0		19	0	91	0.0	130	2	688	0.0029069767441860465
CUFF_NC.1695	1	18804108	18805157	+	0	0	0		24	43	137	0.31386861313868614	192	49	896	0.0546875
CUFF_NC.1696	1	18809917	18810447	+	0	0	0		24	4	165	0.024242424242424242	144	3	872	0.0034403669724770644
CUFF_NC.1697	1	18835936	18836474	+	0	0	0		34	1	156	0.00641025641025641	161	0	664	0.0
CUFF_NC.1698	1	18855098	18856079	-	0	0	0		53	0	289	0.0	265	4	1302	0.0030721966205837174
CUFF_NC.1699	1	18857724	18858569	+	0	0	0		30	0	101	0.0	184	2	766	0.0026109660574412533
CUFF_NC.1702	1	18863463	18865785	+	0	0	0		184	2	832	0.002403846153846154	649	16	2787	0.0057409400789379264
CUFF_NC.1703	1	18871425	18872584	-	0	0	0		86	3	375	0.008	305	2	1256	0.0015923566878980893
CUFF_NC.1700	1	18874327	18874751	+	0	0	0		21	7	134	0.05223880597014925	98	8	660	0.012121212121212121
CUFF_NC.1707	1	18884156	18884799	-	0	0	0		46	1	236	0.00423728813559322	169	6	896	0.006696428571428571
CUFF_NC.1701	1	18892250	18892911	-	0	0	0		34	67	236	0.2838983050847458	156	18	924	0.01948051948051948
CUFF_NC.1704	1	18911529	18913599	-	0	0	0		64	1	360	0.002777777777777778	512	7	2762	0.0025343953656770456
CUFF_NC.1706	1	18934250	18934919	-	0	0	0		31	0	165	0.0	202	2	994	0.002012072434607646
CUFF_NC.1705	1	18947611	18949235	+	0	0	0		43	0	219	0.0	414	5	2014	0.0024826216484607746
CUFF_NC.1710	1	18953438	18955070	+	0	0	0		119	3	575	0.0052173913043478265	339	4	1347	0.002969561989606533
CUFF_NC.1708	1	18969815	18970769	+	0	0	0		105	325	600	0.5416666666666666	246	147	1413	0.1040339702760085
CUFF_NC.1709	1	18987747	18988708	-	0	0	0		78	1	343	0.0029154518950437317	277	4	1043	0.003835091083413231
CUFF_NC.1711	1	18988883	18989307	-	0	0	0		22	0	74	0.0	135	0	462	0.0
CUFF_NC.1712	1	19000632	19002226	+	0	0	0		47	0	280	0.0	316	4	1707	0.0023432923257176333
CUFF_NC.1716	1	19021134	19022016	+	0	0	0		54	0	183	0.0	217	2	684	0.0029239766081871343
CUFF_NC.1713	1	19022417	19023522	-	0	0	0		26	4	109	0.03669724770642202	177	3	785	0.003821656050955414
CUFF_NC.1714	1	19029236	19029544	+	0	0	0		6	0	52	0.0	85	0	599	0.0
CUFF_NC.1722	1	19030815	19031434	-	0	0	0		18	0	144	0.0	141	1	899	0.0011123470522803114
CUFF_NC.1715	1	19041432	19041859	-	0	0	0		22	0	125	0.0	128	1	631	0.001584786053882726
CUFF_NC.1717	1	19070880	19072078	-	0	0	0		56	1	246	0.0040650406504065045	360	4	1544	0.0025906735751295338
CUFF_NC.1718	1	19076626	19078899	+	0	0	0		147	1	626	0.001597444089456869	576	7	2413	0.002900953170327393
CUFF_NC.1719	1	19077795	19078386	+	0	0	0		38	0	174	0.0	175	0	867	0.0
CUFF_NC.1720	1	19081146	19081583	+	0	0	0		18	0	84	0.0	129	2	651	0.0030721966205837174
CUFF_NC.1721	1	19093462	19094400	+	0	0	0		49	0	208	0.0	238	2	1000	0.002
CUFF_NC.1723	1	19097725	19098461	+	0	0	0		23	0	123	0.0	197	3	1123	0.0026714158504007124
CUFF_NC.1725	1	19115554	19116275	-	0	0	0		54	0	332	0.0	192	2	1143	0.0017497812773403325
CUFF_NC.1724	1	19117701	19118654	+	0	0	0		68	0	281	0.0	302	3	1346	0.002228826151560178
CUFF_NC.1730	1	19122881	19124738	+	0	0	0		110	0	447	0.0	570	6	2183	0.002748511223087494
CUFF_NC.1726	1	19141008	19141393	-	0	0	0		24	0	97	0.0	84	2	361	0.00554016620498615
CUFF_NC.1727	1	19146938	19147575	-	0	0	0		14	11	46	0.2391304347826087	65	16	218	0.07339449541284404
CUFF_NC.1729	1	19149763	19152228	+	0	0	0		146	6	715	0.008391608391608392	702	12	3361	0.0035703659625111574
CUFF_NC.1732	1	19157832	19158098	-	0	0	0		26	1	80	0.0125	73	2	210	0.009523809523809525
CUFF_NC.1731	1	19160820	19161633	+	0	0	0		52	1	178	0.0056179775280898875	185	2	565	0.0035398230088495575
CUFF_NC.1728	1	19174094	19174895	-	0	0	0		73	0	390	0.0	193	0	734	0.0
CUFF_NC.1734	1	19200431	19205793	-	0	0	0		288	6	1381	0.004344677769732078	1471	19	7556	0.0025145579671784013
CUFF_NC.1733	1	19210367	19211004	+	0	0	0		32	0	208	0.0	168	4	1060	0.0037735849056603774
CUFF_NC.1737	1	19218410	19220488	+	0	0	0		54	37	198	0.18686868686868688	339	22	1566	0.0140485312899106
CUFF_NC.1736	1	19234139	19234691	-	0	0	0		3	0	3	0.0	91	2	434	0.004608294930875576
CUFF_NC.1738	1	19247218	19248084	+	0	0	0		20	10	79	0.12658227848101267	181	8	933	0.00857449088960343
CUFF_NC.1735	1	19251912	19252476	+	0	0	0		9	0	16	0.0	39	0	70	0.0
CUFF_NC.1739	1	19261055	19266811	+	0	0	0		57	1	246	0.0040650406504065045	191	3	795	0.0037735849056603774
CUFF_NC.1741	1	19294045	19294559	-	0	0	0		21	0	88	0.0	149	2	520	0.0038461538461538464
CUFF_NC.1740	1	19294953	19295387	+	0	0	0		16	0	80	0.0	115	0	577	0.0
CUFF_NC.1743	1	19298428	19298857	+	0	0	0		33	1	132	0.007575757575757576	114	2	425	0.004705882352941176
CUFF_NC.1744	1	19305364	19305941	-	0	0	0		18	0	85	0.0	176	2	749	0.0026702269692923898
CUFF_NC.1745	1	19313494	19314161	+	0	0	0		32	0	126	0.0	178	1	673	0.0014858841010401188
CUFF_NC.1746	1	19315392	19316721	-	0	0	0		28	20	122	0.16393442622950818	269	16	1198	0.01335559265442404
CUFF_NC.1742	1	19319658	19320098	+	0	0	0		23	0	106	0.0	108	0	474	0.0
CUFF_NC.1753	1	19346111	19351717	+	0	0	0		222	3	902	0.0033259423503325942	1467	21	5954	0.003527040644944575
CUFF_NC.1747	1	19355515	19355979	+	0	0	0		28	0	170	0.0	135	0	752	0.0
CUFF_NC.1752	1	19371587	19371945	-	0	0	0		27	0	118	0.0	95	2	423	0.004728132387706856
CUFF_NC.1750	1	19381274	19382450	+	0	0	0		0	0	0		3	0	3	0.0
CUFF_NC.1754	1	19390634	19391084	+	0	0	0		1	0	1	0.0	47	0	246	0.0
CUFF_NC.1755	1	19438137	19438822	-	0	0	0		28	0	136	0.0	213	6	1115	0.0053811659192825115
CUFF_NC.1757	1	19447199	19448002	-	0	0	0		1	0	1	0.0	17	0	17	0.0
CUFF_NC.1762	1	19452886	19453665	+	0	0	0		40	2	238	0.008403361344537815	205	5	1135	0.004405286343612335
CUFF_NC.1756	1	19458650	19460146	+	0	0	0		31	2	119	0.01680672268907563	337	2	1412	0.00141643059490085
CUFF_NC.1764	1	19460455	19461265	-	0	0	0		36	0	98	0.0	115	0	315	0.0
CUFF_NC.1765	1	19470163	19470835	+	0	0	0		36	2	153	0.013071895424836602	122	2	392	0.00510204081632653
CUFF_NC.1760	1	19484616	19484924	-	0	0	0		25	0	70	0.0	79	0	120	0.0
CUFF_NC.1761	1	19486310	19487106	-	0	0	0		45	1	195	0.005128205128205128	235	1	881	0.0011350737797956867
CUFF_NC.1759	1	19492243	19493382	+	0	0	0		22	0	78	0.0	198	2	826	0.002421307506053269
CUFF_NC.1758	1	19494243	19494843	+	0	0	0		30	1	168	0.005952380952380952	183	3	953	0.0031479538300104933
CUFF_NC.1769	1	19503999	19505371	-	0	0	0		92	1	426	0.002347417840375587	397	4	1879	0.0021287919105907396
CUFF_NC.1766	1	19524645	19525507	-	0	0	0		66	1	363	0.0027548209366391185	235	4	1197	0.003341687552213868
CUFF_NC.1767	1	19574736	19575949	+	0	0	0		58	1	302	0.0033112582781456954	325	7	1605	0.004361370716510903
CUFF_NC.1768	1	19579959	19580748	+	0	0	0		51	0	211	0.0	155	1	707	0.0014144271570014145
CUFF_NC.1770	1	19603011	19604328	-	0	0	0		44	0	201	0.0	200	3	888	0.0033783783783783786
CUFF_NC.1771	1	19628617	19629050	-	0	0	0		27	0	167	0.0	117	0	708	0.0
CUFF_NC.1776	1	19631777	19632108	+	0	0	0		23	0	104	0.0	83	0	389	0.0
CUFF_NC.1772	1	19651987	19652678	-	0	0	0		37	1	148	0.006756756756756757	187	4	683	0.005856515373352855
CUFF_NC.1773	1	19663972	19664548	-	0	0	0		20	0	63	0.0	126	1	242	0.004132231404958678
CUFF_NC.1774	1	19666922	19668369	-	0	0	0		78	0	297	0.0	376	5	1406	0.0035561877667140826
CUFF_NC.1775	1	19671627	19671912	+	0	0	0		16	0	126	0.0	59	0	372	0.0
CUFF_NC.1777	1	19685399	19686356	-	0	0	0		62	2	229	0.008733624454148471	226	3	678	0.004424778761061947
CUFF_NC.1778	1	19687970	19688414	-	0	0	0		15	0	89	0.0	105	1	571	0.0017513134851138354
CUFF_NC.1781	1	19720996	19722293	-	0	0	0		43	87	307	0.28338762214983715	259	123	1873	0.06567004805125468
CUFF_NC.1782	1	19723282	19723601	-	0	0	0		16	0	99	0.0	79	3	549	0.00546448087431694
CUFF_NC.1783	1	19724754	19731178	-	0	0	0		182	1973	3926	0.5025471217524198	1229	2946	27982	0.10528196697877207
CUFF_NC.1779	1	19734190	19734700	-	0	0	0		16	76	182	0.4175824175824176	116	163	1737	0.09383995394358088
CUFF_NC.1780	1	19734718	19736270	-	0	0	0		33	216	363	0.5950413223140496	171	470	2790	0.16845878136200718
CUFF_NC.1790	1	19750923	19756835	+	0	0	0		283	7	1481	0.004726536124240378	1363	17	6959	0.00244287972409829
CUFF_NC.1791	1	19751370	19757393	+	0	0	0		303	8	1593	0.005021971123666039	1409	17	7261	0.002341275306431621
CUFF_NC.1785	1	19761651	19762530	+	0	0	0		38	0	239	0.0	259	3	1390	0.002158273381294964
CUFF_NC.1787	1	19764459	19765742	+	0	0	0		68	1	335	0.0029850746268656717	338	4	1774	0.002254791431792559
CUFF_NC.1788	1	19766141	19766465	+	0	0	0		22	0	110	0.0	104	1	514	0.0019455252918287938
CUFF_NC.1789	1	19800891	19802505	-	0	0	0		125	0	569	0.0	436	7	1917	0.0036515388628064684
CUFF_NC.1786	1	19811959	19812989	-	0	0	0		66	2	328	0.006097560975609756	261	3	1157	0.0025929127052722557
CUFF_NC.1793	1	19821006	19822513	+	0	0	0		81	1	256	0.00390625	352	2	1518	0.0013175230566534915
CUFF_NC.1792	1	19831989	19832576	-	0	0	0		38	1	191	0.005235602094240838	158	2	533	0.00375234521575985
CUFF_NC.1799	1	19838249	19839173	-	0	0	0		87	2	391	0.005115089514066497	280	0	1241	0.0
CUFF_NC.1798	1	19843042	19843514	+	0	0	0		28	0	120	0.0	118	2	509	0.003929273084479371
CUFF_NC.1794	1	19848652	19849244	+	0	0	0		17	0	109	0.0	141	0	758	0.0
CUFF_NC.1796	1	19850200	19852127	+	0	0	0		157	2	634	0.0031545741324921135	492	4	1864	0.002145922746781116
CUFF_NC.1800	1	19884079	19886386	+	0	0	0		185	5	721	0.006934812760055479	583	8	2305	0.0034707158351409977
CUFF_NC.1801	1	19902314	19903642	-	0	0	0		72	1	417	0.002398081534772182	332	2	1848	0.0010822510822510823
CUFF_NC.1804	1	19913119	19914613	+	0	0	0		114	2	593	0.003372681281618887	390	4	1940	0.002061855670103093
CUFF_NC.1802	1	19926727	19927825	+	0	0	0		64	1	354	0.002824858757062147	316	8	1637	0.004886988393402566
CUFF_NC.1809	1	19945658	19946190	-	0	0	0		13	0	50	0.0	119	0	441	0.0
CUFF_NC.1803	1	19958614	19959246	-	0	0	0		57	0	239	0.0	162	1	572	0.0017482517482517483
CUFF_NC.1819	1	19965203	19966636	-	0	0	0		107	1	457	0.002188183807439825	410	7	1765	0.00396600566572238
CUFF_NC.1805	1	19996141	19996575	-	0	0	0		21	0	125	0.0	112	0	617	0.0
CUFF_NC.1806	1	20000334	20000792	-	0	0	0		23	1	136	0.007352941176470588	106	1	543	0.001841620626151013
CUFF_NC.1807	1	20006553	20007007	-	0	0	0		15	1	96	0.010416666666666666	119	0	594	0.0
CUFF_NC.1808	1	20016606	20017024	+	0	0	0		10	5	23	0.21739130434782608	47	4	90	0.044444444444444446
CUFF_NC.1811	1	20024972	20025354	+	0	0	0		43	0	113	0.0	96	1	215	0.004651162790697674
CUFF_NC.1812	1	20027441	20028389	+	0	0	0		102	0	300	0.0	261	3	736	0.004076086956521739
CUFF_NC.1813	1	20038012	20039044	-	0	0	0		63	0	281	0.0	291	4	1268	0.0031545741324921135
CUFF_NC.1810	1	20048355	20050029	-	0	0	0		101	1	401	0.0024937655860349127	360	3	1408	0.002130681818181818
CUFF_NC.1814	1	20073112	20073727	+	0	0	0		59	0	190	0.0	135	1	387	0.002583979328165375
CUFF_NC.1820	1	20083551	20084435	-	0	0	0		76	2	399	0.005012531328320802	239	5	1198	0.004173622704507512
CUFF_NC.1816	1	20098967	20100726	-	0	0	0		128	1	540	0.001851851851851852	435	6	1686	0.0035587188612099642
CUFF_NC.1817	1	20106350	20107447	+	0	0	0		33	0	136	0.0	135	1	470	0.002127659574468085
CUFF_NC.1818	1	20108003	20109415	+	0	0	0		74	0	419	0.0	393	2	2106	0.000949667616334283
CUFF_NC.1825	1	20134743	20135295	-	0	0	0		5	0	12	0.0	22	0	39	0.0
CUFF_NC.1829	1	20156106	20160801	+	0	0	0		221	4	1073	0.003727865796831314	1047	11	5449	0.002018719031014865
CUFF_NC.1830	1	20158440	20162122	+	0	0	0		167	3	834	0.0035971223021582736	871	10	4420	0.0022624434389140274
CUFF_NC.1826	1	20167570	20168254	-	0	0	0		37	0	148	0.0	147	1	484	0.002066115702479339
CUFF_NC.1827	1	20168437	20169887	-	0	0	0		97	2	487	0.004106776180698152	378	13	2015	0.0064516129032258064
CUFF_NC.1831	1	20183921	20184902	+	0	0	0		108	1	409	0.0024449877750611247	282	2	1066	0.001876172607879925
CUFF_NC.1828	1	20189565	20191788	-	0	0	0		167	1	817	0.0012239902080783353	581	4	2627	0.0015226494099733537
CUFF_NC.1836	1	20199339	20199868	-	0	0	0		32	0	188	0.0	141	1	803	0.0012453300124533001
CUFF_NC.1837	1	20201921	20202370	-	0	0	0		32	0	153	0.0	114	2	576	0.003472222222222222
CUFF_NC.1832	1	20214072	20214479	+	0	0	0		45	1	208	0.004807692307692308	116	3	530	0.005660377358490566
CUFF_NC.1833	1	20214750	20215189	+	0	0	0		18	0	80	0.0	124	2	582	0.003436426116838488
CUFF_NC.1834	1	20217720	20218659	+	0	0	0		59	1	254	0.003937007874015748	263	3	1114	0.0026929982046678637
CUFF_NC.1835	1	20220805	20221552	+	0	0	0		25	0	114	0.0	184	2	815	0.00245398773006135
CUFF_NC.1839	1	20229884	20230703	-	0	0	0		67	1	306	0.0032679738562091504	263	6	1066	0.005628517823639775
CUFF_NC.1838	1	20242792	20243773	-	0	0	0		49	0	153	0.0	249	0	717	0.0
CUFF_NC.1842	1	20257834	20259264	-	0	0	0		83	2	506	0.003952569169960474	394	5	2369	0.002110595187842972
CUFF_NC.1843	1	20261395	20262107	-	0	0	0		53	0	251	0.0	224	2	1050	0.0019047619047619048
CUFF_NC.1840	1	20273313	20274759	-	0	0	0		120	1	542	0.0018450184501845018	418	2	1923	0.0010400416016640667
CUFF_NC.1854	1	20290438	20290856	-	0	0	0		25	0	105	0.0	120	2	481	0.004158004158004158
CUFF_NC.1844	1	20300207	20300895	+	0	0	0		39	1	222	0.0045045045045045045	203	2	906	0.002207505518763797
CUFF_NC.1847	1	20307645	20308737	-	0	0	0		48	2	246	0.008130081300813009	270	3	1363	0.0022010271460014674
CUFF_NC.1845	1	20314704	20315338	+	0	0	0		45	104	155	0.6709677419354839	132	77	477	0.16142557651991615
CUFF_NC.1841	1	20321399	20321957	+	0	0	0		30	0	161	0.0	156	3	834	0.0035971223021582736
CUFF_NC.1846	1	20348194	20348792	-	0	0	0		21	0	135	0.0	182	2	1041	0.0019212295869356388
CUFF_NC.1850	1	20358649	20359814	+	0	0	0		96	3	544	0.0055147058823529415	346	4	1889	0.0021175224986765486
CUFF_NC.1848	1	20365572	20366072	-	0	0	0		36	0	163	0.0	122	2	608	0.003289473684210526
CUFF_NC.1849	1	20386839	20387663	-	0	0	0		26	0	126	0.0	254	7	1422	0.004922644163150493
CUFF_NC.1856	1	20407131	20407672	+	0	0	0		27	0	97	0.0	135	1	505	0.0019801980198019802
CUFF_NC.1853	1	20430370	20431904	-	0	0	0		52	1	263	0.0038022813688212928	425	10	1742	0.0057405281285878304
CUFF_NC.1851	1	20432320	20432742	-	0	0	0		18	0	130	0.0	107	4	669	0.005979073243647235
CUFF_NC.1852	1	20433860	20434342	-	0	0	0		23	57	108	0.5277777777777778	125	19	549	0.03460837887067395
CUFF_NC.1858	1	20441266	20442087	+	0	0	0		26	0	131	0.0	242	4	1366	0.0029282576866764276
CUFF_NC.1859	1	20442200	20442657	+	0	0	0		26	3	156	0.019230769230769232	131	3	716	0.004189944134078212
CUFF_NC.1860	1	20443702	20444512	+	0	0	0		27	20	193	0.10362694300518134	208	2	1315	0.001520912547528517
CUFF_NC.1861	1	20447155	20448174	-	0	0	0		33	1	175	0.005714285714285714	280	1	1507	0.0006635700066357001
CUFF_NC.1862	1	20453308	20454294	+	0	0	0		40	1	222	0.0045045045045045045	257	5	1414	0.003536067892503536
CUFF_NC.1855	1	20455613	20456958	-	0	0	0		70	1	426	0.002347417840375587	335	3	2048	0.00146484375
CUFF_NC.1866	1	20470863	20471464	-	0	0	0		50	0	202	0.0	142	3	552	0.005434782608695652
CUFF_NC.1867	1	20472767	20473391	-	0	0	0		54	0	260	0.0	172	7	813	0.008610086100861008
CUFF_NC.1863	1	20475788	20476974	+	0	0	0		41	58	127	0.4566929133858268	145	23	367	0.06267029972752043
CUFF_NC.1865	1	20507526	20508326	+	0	0	0		40	0	214	0.0	210	1	1231	0.0008123476848090983
CUFF_NC.1864	1	20511659	20512629	-	0	0	0		44	1	257	0.0038910505836575876	304	3	1548	0.001937984496124031
CUFF_NC.1868	1	20524653	20525528	+	0	0	0		25	14	153	0.0915032679738562	215	29	1253	0.02314445331205108
CUFF_NC.1870	1	20551366	20552449	-	0	0	0		65	0	262	0.0	309	4	1383	0.0028922631959508315
CUFF_NC.1871	1	20560501	20561154	+	0	0	0		41	1	159	0.006289308176100629	216	4	750	0.005333333333333333
CUFF_NC.1872	1	20561595	20562114	+	0	0	0		25	0	167	0.0	157	1	964	0.001037344398340249
CUFF_NC.1873	1	20562301	20562750	+	0	0	0		28	1	142	0.007042253521126761	105	1	538	0.0018587360594795538
CUFF_NC.1875	1	20571281	20572142	-	0	0	0		68	2	265	0.007547169811320755	272	2	1110	0.0018018018018018018
CUFF_NC.1874	1	20602784	20603260	-	0	0	0		8	0	46	0.0	167	1	779	0.0012836970474967907
CUFF_NC.1877	1	20623102	20624759	+	0	0	0		98	1	461	0.0021691973969631237	434	6	2132	0.0028142589118198874
CUFF_NC.1884	1	20652607	20653146	-	0	0	0		20	1	124	0.008064516129032258	171	3	998	0.003006012024048096
CUFF_NC.1883	1	20654601	20655013	+	0	0	0		33	1	194	0.005154639175257732	120	1	656	0.001524390243902439
CUFF_NC.1879	1	20666262	20667907	+	0	0	0		113	2	576	0.003472222222222222	501	3	2541	0.0011806375442739079
CUFF_NC.1880	1	20706572	20707167	+	0	0	0		33	0	128	0.0	153	0	676	0.0
CUFF_NC.1881	1	20707476	20708968	-	0	0	0		76	1	412	0.0024271844660194173	444	5	1832	0.0027292576419213972
CUFF_NC.1888	1	20724251	20724644	-	0	0	0		20	0	86	0.0	117	1	515	0.001941747572815534
CUFF_NC.1882	1	20728328	20728745	-	0	0	0		25	0	165	0.0	99	2	654	0.0030581039755351682
CUFF_NC.1885	1	20729480	20730498	+	0	0	0		112	2	437	0.004576659038901602	274	3	1077	0.002785515320334262
CUFF_NC.1887	1	20752279	20754084	-	0	0	0		126	1	638	0.001567398119122257	445	6	2374	0.002527379949452401
CUFF_NC.1886	1	20753254	20754168	+	0	0	0		63	0	294	0.0	225	5	1046	0.004780114722753346
CUFF_NC.1889	1	20763949	20765731	-	0	0	0		96	0	363	0.0	441	3	1678	0.0017878426698450535
CUFF_NC.1891	1	20795036	20795500	-	0	0	0		22	46	92	0.5	132	26	494	0.05263157894736842
CUFF_NC.1895	1	20808528	20809430	+	0	0	0		69	2	414	0.004830917874396135	226	3	1295	0.0023166023166023165
CUFF_NC.1893	1	20831089	20831399	+	0	0	0		7	0	26	0.0	26	0	111	0.0
CUFF_NC.1892	1	20858876	20859521	+	0	0	0		59	0	266	0.0	149	1	608	0.001644736842105263
CUFF_NC.1896	1	20875813	20876134	-	0	0	0		32	2	160	0.0125	88	1	398	0.002512562814070352
CUFF_NC.1898	1	20880350	20880686	+	0	0	0		23	0	152	0.0	91	1	546	0.0018315018315018315
CUFF_NC.1899	1	20885321	20886123	+	0	0	0		81	0	379	0.0	199	2	777	0.002574002574002574
CUFF_NC.1894	1	20893848	20894266	+	0	0	0		29	1	129	0.007751937984496124	124	3	644	0.004658385093167702
CUFF_NC.1900	1	20905899	20907294	-	0	0	0		62	0	256	0.0	398	2	1792	0.0011160714285714285
CUFF_NC.1901	1	20909243	20909917	-	0	0	0		34	0	154	0.0	200	3	945	0.0031746031746031746
CUFF_NC.1897	1	20915745	20916476	+	0	0	0		30	0	118	0.0	161	1	528	0.001893939393939394
CUFF_NC.1903	1	20929224	20930015	+	0	0	0		36	1	131	0.007633587786259542	189	3	742	0.004043126684636119
CUFF_NC.1904	1	20941592	20942155	+	0	0	0		47	0	226	0.0	115	4	589	0.006791171477079796
CUFF_NC.1902	1	20952102	20953102	-	0	0	0		63	1	214	0.004672897196261682	242	2	739	0.0027063599458728013
CUFF_NC.1905	1	20994018	20994322	+	0	0	0		25	2	141	0.014184397163120567	82	1	467	0.0021413276231263384
CUFF_NC.1907	1	20994948	20995494	+	0	0	0		39	1	196	0.00510204081632653	180	0	825	0.0
CUFF_NC.1914	1	21008262	21009469	+	0	0	0		85	0	445	0.0	353	3	1891	0.0015864621893178213
CUFF_NC.1906	1	21035862	21037040	-	0	0	0		88	2	422	0.004739336492890996	259	4	1298	0.0030816640986132513
CUFF_NC.1908	1	21048646	21049322	+	0	0	0		33	0	167	0.0	172	4	840	0.004761904761904762
CUFF_NC.1909	1	21054247	21054673	+	0	0	0		12	25	67	0.373134328358209	123	17	578	0.029411764705882353
CUFF_NC.1911	1	21056305	21063080	+	0	0	0		213	1	1265	0.0007905138339920949	1501	24	8562	0.002803083391730904
CUFF_NC.1910	1	21071136	21071765	+	0	0	0		23	27	57	0.47368421052631576	74	7	193	0.03626943005181347
CUFF_NC.1913	1	21079449	21080501	+	0	0	0		46	0	169	0.0	188	1	829	0.0012062726176115801
CUFF_NC.1912	1	21097346	21097796	-	0	0	0		37	0	157	0.0	110	1	511	0.0019569471624266144
CUFF_NC.1915	1	21098802	21099141	+	0	0	0		9	1	48	0.020833333333333332	107	5	443	0.011286681715575621
CUFF_NC.1917	1	21124745	21125837	+	0	0	0		14	0	25	0.0	47	0	81	0.0
CUFF_NC.1916	1	21136866	21138108	-	0	0	0		56	0	304	0.0	365	3	1619	0.0018529956763434219
CUFF_NC.1931	1	21174839	21176738	+	0	0	0		5	0	5	0.0	20	0	20	0.0
CUFF_NC.1918	1	21187503	21188368	+	0	0	0		46	1	252	0.003968253968253968	222	1	1072	0.0009328358208955224
CUFF_NC.1919	1	21194185	21194680	-	0	0	0		37	0	135	0.0	131	3	511	0.005870841487279843
CUFF_NC.1920	1	21205319	21207941	-	0	0	0		96	1	454	0.0022026431718061676	589	8	2916	0.0027434842249657062
CUFF_NC.1923	1	21213624	21215407	-	0	0	0		132	1	634	0.0015772870662460567	497	4	2375	0.0016842105263157896
CUFF_NC.1922	1	21214942	21215395	+	0	0	0		47	0	204	0.0	114	0	493	0.0
CUFF_NC.1921	1	21233963	21235471	+	0	0	0		61	2	373	0.005361930294906166	376	5	2294	0.002179598953792502
CUFF_NC.1924	1	21250408	21251350	+	0	0	0		65	0	272	0.0	285	6	1178	0.0050933786078098476
CUFF_NC.1925	1	21311794	21312267	+	0	0	0		12	2	76	0.02631578947368421	115	8	686	0.011661807580174927
CUFF_NC.1926	1	21316768	21317930	-	0	0	0		88	0	458	0.0	327	3	1670	0.0017964071856287425
CUFF_NC.1927	1	21337592	21339103	+	0	0	0		57	1	287	0.003484320557491289	414	6	1961	0.0030596634370219276
CUFF_NC.1928	1	21348244	21349013	+	0	0	0		7	5	18	0.2777777777777778	28	6	79	0.0759493670886076
CUFF_NC.1930	1	21376425	21376913	-	0	0	0		22	0	110	0.0	141	3	661	0.0045385779122541605
CUFF_NC.1932	1	21380970	21381703	+	0	0	0		34	0	178	0.0	191	2	1006	0.0019880715705765406
CUFF_NC.1933	1	21384017	21385309	+	0	0	0		59	0	278	0.0	358	3	1481	0.002025658338960162
CUFF_NC.1937	1	21394980	21395412	-	0	0	0		22	0	116	0.0	119	1	551	0.0018148820326678765
CUFF_NC.1938	1	21395553	21398250	-	0	0	0		169	3	723	0.004149377593360996	728	9	3192	0.002819548872180451
CUFF_NC.1951	1	21420017	21427360	-	0	0	0		0	0	0		23	0	23	0.0
CUFF_NC.1939	1	21438261	21440507	+	0	0	0		118	0	590	0.0	595	9	2797	0.0032177332856632105
CUFF_NC.1944	1	21456661	21457975	+	0	0	0		82	64	283	0.22614840989399293	305	44	1269	0.03467297084318361
CUFF_NC.1940	1	21469281	21470059	-	0	0	0		44	0	242	0.0	192	2	1103	0.001813236627379873
CUFF_NC.1942	1	21502913	21503710	-	0	0	0		55	2	269	0.007434944237918215	204	3	856	0.0035046728971962616
CUFF_NC.1941	1	21512472	21514243	+	0	0	0		131	1	502	0.00199203187250996	411	2	1487	0.0013449899125756557
CUFF_NC.1947	1	21520420	21522461	-	0	0	0		114	4	539	0.0074211502782931356	530	6	2358	0.002544529262086514
CUFF_NC.1961	1	21540442	21541110	-	0	0	0		20	1	99	0.010101010101010102	156	6	929	0.006458557588805167
CUFF_NC.1962	1	21548279	21549103	+	0	0	0		76	2	371	0.005390835579514825	237	4	1224	0.0032679738562091504
CUFF_NC.1954	1	21579971	21580804	+	0	0	0		33	0	116	0.0	145	1	502	0.00199203187250996
CUFF_NC.1953	1	21582654	21584048	+	0	0	0		33	12	105	0.11428571428571428	244	10	1000	0.01
CUFF_NC.1957	1	21601917	21603026	-	0	0	0		41	64	169	0.378698224852071	191	36	677	0.053175775480059084
CUFF_NC.1958	1	21602144	21603083	+	0	0	0		31	62	137	0.45255474452554745	180	37	653	0.05666156202143951
CUFF_NC.1955	1	21609455	21609798	+	0	0	0		14	34	71	0.4788732394366197	72	18	355	0.05070422535211268
CUFF_NC.1956	1	21610903	21611386	-	0	0	0		29	0	115	0.0	132	3	623	0.004815409309791332
CUFF_NC.1959	1	21614291	21617433	-	0	0	0		90	61	586	0.10409556313993173	693	231	4533	0.050959629384513566
CUFF_NC.1960	1	21616453	21616960	+	0	0	0		12	1	59	0.01694915254237288	130	1	449	0.0022271714922048997
CUFF_NC.1963	1	21623802	21624454	+	0	0	0		35	0	170	0.0	200	2	927	0.002157497303128371
CUFF_NC.1964	1	21640991	21641471	-	0	0	0		29	1	205	0.004878048780487805	130	1	765	0.00130718954248366
CUFF_NC.1966	1	21653112	21655329	-	0	0	0		125	2	499	0.004008016032064128	638	8	2487	0.003216726980297547
CUFF_NC.1965	1	21668154	21668738	+	0	0	0		23	1	156	0.00641025641025641	151	4	974	0.004106776180698152
CUFF_NC.1968	1	21674063	21677039	-	0	0	0		47	1	211	0.004739336492890996	233	2	943	0.0021208907741251328
CUFF_NC.1967	1	21689066	21689808	-	0	0	0		39	0	211	0.0	133	1	603	0.001658374792703151
CUFF_NC.1969	1	21693034	21698579	+	0	0	0		35	25	121	0.2066115702479339	266	23	792	0.02904040404040404
CUFF_NC.1970	1	21705259	21705721	-	0	0	0		21	0	134	0.0	123	4	819	0.004884004884004884
CUFF_NC.1971	1	21705595	21706149	+	0	0	0		31	0	146	0.0	143	4	704	0.005681818181818182
CUFF_NC.1973	1	21707163	21708106	-	0	0	0		58	0	301	0.0	238	2	1196	0.0016722408026755853
CUFF_NC.1974	1	21710979	21713139	+	0	0	0		104	9	460	0.01956521739130435	511	4	1985	0.0020151133501259445
CUFF_NC.1975	1	21741110	21741590	-	0	0	0		12	49	68	0.7205882352941176	125	61	695	0.08776978417266187
CUFF_NC.1976	1	21741882	21743138	+	0	0	0		26	1	177	0.005649717514124294	337	5	2028	0.002465483234714004
CUFF_NC.1977	1	21742942	21745703	-	0	0	0		80	42	436	0.0963302752293578	657	154	3394	0.04537418974661167
CUFF_NC.2038	1	21760156	21761022	-	0	0	0		35	49	186	0.26344086021505375	263	5	1060	0.0047169811320754715
CUFF_NC.1997	1	21863840	21864268	-	0	0	0		28	1	131	0.007633587786259542	119	1	526	0.0019011406844106464
CUFF_NC.1998	1	21864407	21865195	-	0	0	0		39	1	180	0.005555555555555556	220	3	962	0.0031185031185031187
CUFF_NC.1987	1	21887628	21888662	-	0	0	0		59	2	289	0.006920415224913495	243	3	1080	0.002777777777777778
CUFF_NC.1988	1	21891273	21891888	+	0	0	0		21	1	104	0.009615384615384616	168	1	647	0.0015455950540958269
CUFF_NC.1991	1	21893108	21893651	-	0	0	0		31	0	108	0.0	103	1	316	0.0031645569620253164
CUFF_NC.1995	1	21904075	21904675	-	0	0	0		30	1	145	0.006896551724137931	190	6	859	0.006984866123399301
CUFF_NC.1992	1	21906013	21906548	+	0	0	0		26	1	102	0.00980392156862745	113	1	465	0.002150537634408602
CUFF_NC.1989	1	21906992	21907470	+	0	0	0		15	0	66	0.0	119	3	524	0.0057251908396946565
CUFF_NC.1996	1	21910225	21911639	+	0	0	0		90	1	380	0.002631578947368421	334	5	1300	0.0038461538461538464
CUFF_NC.1990	1	21919569	21920024	-	0	0	0		19	0	78	0.0	91	4	335	0.011940298507462687
CUFF_NC.1993	1	21925506	21926067	-	0	0	0		44	0	150	0.0	189	0	595	0.0
CUFF_NC.1994	1	21928366	21929332	-	0	0	0		68	1	340	0.0029411764705882353	272	3	1309	0.002291825821237586
CUFF_NC.2000	1	21929784	21931219	-	0	0	0		41	0	220	0.0	315	4	1596	0.002506265664160401
CUFF_NC.1999	1	21935942	21936836	-	0	0	0		15	0	55	0.0	123	2	384	0.005208333333333333
CUFF_NC.2001	1	21950601	21951262	-	0	0	0		37	0	162	0.0	154	0	707	0.0
CUFF_NC.2003	1	21971681	21972181	-	0	0	0		35	0	234	0.0	126	1	803	0.0012453300124533001
CUFF_NC.2005	1	21996748	21998086	+	0	0	0		34	1	194	0.005154639175257732	199	4	1098	0.0036429872495446266
CUFF_NC.2004	1	22024874	22025476	+	0	0	0		26	26	145	0.1793103448275862	140	5	826	0.006053268765133172
CUFF_NC.2006	1	22038784	22039821	-	0	0	0		81	1	272	0.003676470588235294	278	1	958	0.0010438413361169101
CUFF_NC.2012	1	22055684	22056542	+	0	0	0		81	2	345	0.005797101449275362	234	3	997	0.003009027081243731
CUFF_NC.2007	1	22059445	22061500	+	0	0	0		35	45	205	0.21951219512195122	153	39	770	0.05064935064935065
CUFF_NC.2010	1	22068960	22072376	+	0	0	0		100	1	476	0.0021008403361344537	713	8	3421	0.00233849751534639
CUFF_NC.2008	1	22076532	22077068	-	0	0	0		23	0	77	0.0	135	2	483	0.004140786749482402
CUFF_NC.2011	1	22089798	22090473	+	0	0	0		23	2	127	0.015748031496062992	161	17	908	0.018722466960352423
CUFF_NC.2009	1	22095328	22095778	+	0	0	0		21	0	127	0.0	104	0	607	0.0
CUFF_NC.2013	1	22107699	22108661	-	0	0	0		17	1	59	0.01694915254237288	149	1	584	0.0017123287671232876
CUFF_NC.2023	1	22197934	22200401	-	0	0	0		151	1	589	0.001697792869269949	584	4	2128	0.0018796992481203006
CUFF_NC.2019	1	22212536	22213017	+	0	0	0		47	1	194	0.005154639175257732	125	0	530	0.0
CUFF_NC.2015	1	22215162	22216329	+	0	0	0		47	0	239	0.0	246	1	1297	0.0007710100231303007
CUFF_NC.2026	1	22218738	22221900	+	0	0	0		133	1	623	0.0016051364365971107	709	12	3329	0.003604686091919495
CUFF_NC.2027	1	22220198	22223824	+	0	0	0		189	4	987	0.004052684903748734	959	15	4801	0.003124349093938763
CUFF_NC.2017	1	22239789	22240088	+	0	0	0		10	0	65	0.0	90	3	562	0.005338078291814947
CUFF_NC.2018	1	22247832	22249653	+	0	0	0		138	0	603	0.0	398	4	1578	0.0025348542458808617
CUFF_NC.2020	1	22262377	22263047	-	0	0	0		40	0	148	0.0	160	3	594	0.005050505050505051
CUFF_NC.2037	1	22299434	22301441	-	0	0	0		144	6	710	0.008450704225352112	533	13	2333	0.005572224603514788
CUFF_NC.2021	1	22315638	22316191	+	0	0	0		31	0	159	0.0	160	1	745	0.0013422818791946308
CUFF_NC.2022	1	22316395	22316747	+	0	0	0		27	0	96	0.0	122	2	455	0.004395604395604396
CUFF_NC.2030	1	22327898	22329197	+	0	0	0		88	1	403	0.0024813895781637717	363	2	1590	0.0012578616352201257
CUFF_NC.2031	1	22332778	22333212	-	0	0	0		19	0	82	0.0	129	5	463	0.01079913606911447
CUFF_NC.2039	1	22343848	22344212	-	0	0	0		21	0	102	0.0	91	1	493	0.002028397565922921
CUFF_NC.2024	1	22362128	22363098	+	0	0	0		49	0	199	0.0	254	4	1071	0.003734827264239029
CUFF_NC.2025	1	22363331	22364010	+	0	0	0		40	0	162	0.0	185	2	593	0.003372681281618887
CUFF_NC.2028	1	22366798	22368181	+	0	0	0		121	3	663	0.004524886877828055	395	8	2007	0.003986048829098156
CUFF_NC.2029	1	22381606	22382422	+	0	0	0		56	0	293	0.0	203	3	839	0.003575685339690107
CUFF_NC.2033	1	22384652	22385006	+	0	0	0		27	0	113	0.0	97	2	433	0.004618937644341801
CUFF_NC.2034	1	22386728	22387420	+	0	0	0		21	0	67	0.0	121	2	308	0.006493506493506494
CUFF_NC.2032	1	22388626	22390182	+	0	0	0		95	0	380	0.0	410	6	1695	0.0035398230088495575
CUFF_NC.2035	1	22409272	22410485	-	0	0	0		36	2	225	0.008888888888888889	281	4	1457	0.002745367192862045
CUFF_NC.2036	1	22440479	22440903	+	0	0	0		22	0	125	0.0	122	2	562	0.0035587188612099642
CUFF_NC.2042	1	22474626	22475409	+	0	0	0		52	0	246	0.0	225	3	1240	0.0024193548387096775
CUFF_NC.2041	1	22483655	22484065	-	0	0	0		27	1	163	0.006134969325153374	133	1	778	0.0012853470437017994
CUFF_NC.2040	1	22486544	22488054	-	0	0	0		92	0	533	0.0	426	8	2311	0.0034617048896581565
CUFF_NC.2048	1	22493998	22495614	+	0	0	0		109	1	333	0.003003003003003003	414	3	1313	0.002284843869002285
CUFF_NC.2044	1	22499414	22502263	+	0	0	0		34	0	68	0.0	147	1	262	0.003816793893129771
CUFF_NC.2043	1	22504598	22505132	+	0	0	0		35	0	217	0.0	138	1	775	0.0012903225806451613
CUFF_NC.2049	1	22509073	22510485	+	0	0	0		101	1	472	0.00211864406779661	404	4	1893	0.0021130480718436345
CUFF_NC.2047	1	22517655	22518262	-	0	0	0		31	0	112	0.0	136	2	484	0.004132231404958678
CUFF_NC.2045	1	22521897	22522706	+	0	0	0		36	1	194	0.005154639175257732	181	0	805	0.0
CUFF_NC.2046	1	22522298	22522882	-	0	0	0		31	1	170	0.0058823529411764705	157	1	798	0.0012531328320802004
CUFF_NC.2056	1	22542512	22543315	-	0	0	0		47	0	274	0.0	206	1	1187	0.0008424599831508003
CUFF_NC.2051	1	22549456	22550570	-	0	0	0		78	0	254	0.0	217	1	662	0.0015105740181268882
CUFF_NC.2054	1	22553187	22554037	-	0	0	0		32	0	139	0.0	130	0	520	0.0
CUFF_NC.2050	1	22555099	22555519	+	0	0	0		13	0	66	0.0	112	6	732	0.00819672131147541
CUFF_NC.2062	1	22557791	22559981	-	0	0	0		87	1	419	0.002386634844868735	439	4	2229	0.001794526693584567
CUFF_NC.2065	1	22569026	22570086	-	0	0	0		119	2	568	0.0035211267605633804	285	1	1347	0.0007423904974016332
CUFF_NC.2066	1	22571055	22571917	-	0	0	0		62	0	359	0.0	209	8	1132	0.007067137809187279
CUFF_NC.2055	1	22572629	22573384	-	0	0	0		32	0	154	0.0	186	2	636	0.0031446540880503146
CUFF_NC.2057	1	22577749	22578282	+	0	0	0		4	0	5	0.0	46	0	58	0.0
CUFF_NC.2063	1	22584091	22585294	-	0	0	0		80	2	404	0.0049504950495049506	281	1	1461	0.0006844626967830253
CUFF_NC.2058	1	22589243	22589709	+	0	0	0		37	0	221	0.0	136	1	598	0.0016722408026755853
CUFF_NC.2059	1	22593833	22595361	+	0	0	0		101	0	329	0.0	335	0	1074	0.0
CUFF_NC.2064	1	22607817	22616024	+	0	0	0		184	6	1065	0.005633802816901409	1027	17	5007	0.003395246654683443
CUFF_NC.2061	1	22627672	22628119	-	0	0	0		6	0	9	0.0	53	0	130	0.0
CUFF_NC.2060	1	22634348	22635432	-	0	0	0		67	10	409	0.02444987775061125	322	8	1679	0.004764740917212627
CUFF_NC.2124	1	22642924	22643505	+	0	0	0		24	0	90	0.0	182	4	732	0.00546448087431694
CUFF_NC.2125	1	22643858	22645358	+	0	0	0		86	0	464	0.0	450	12	2350	0.005106382978723404
CUFF_NC.2126	1	22650304	22650648	+	0	0	0		26	0	115	0.0	102	2	436	0.0045871559633027525
CUFF_NC.2079	1	22679745	22681677	+	0	0	0		124	1	713	0.001402524544179523	545	20	3171	0.00630715862503942
CUFF_NC.2080	1	22683185	22687403	+	0	0	0		293	7	1579	0.004433185560481318	1176	17	5931	0.0028662957342775247
CUFF_NC.2081	1	22685143	22690027	+	0	0	0		348	6	1931	0.0031071983428275505	1375	18	7260	0.0024793388429752068
CUFF_NC.2068	1	22729551	22731274	-	0	0	0		89	0	353	0.0	392	6	1445	0.004152249134948097
CUFF_NC.2067	1	22737447	22737881	-	0	0	0		25	0	101	0.0	127	2	489	0.00408997955010225
CUFF_NC.2072	1	22753776	22754502	+	0	0	0		17	1	62	0.016129032258064516	191	6	922	0.006507592190889371
CUFF_NC.2073	1	22755088	22755696	+	0	0	0		18	1	120	0.008333333333333333	179	3	1109	0.002705139765554554
CUFF_NC.2069	1	22767429	22768530	-	0	0	0		34	0	171	0.0	261	4	1251	0.0031974420463629096
CUFF_NC.2070	1	22782485	22783641	+	0	0	0		77	1	292	0.003424657534246575	330	3	1328	0.002259036144578313
CUFF_NC.2071	1	22784632	22786901	+	0	0	0		170	2	753	0.0026560424966799467	617	6	2425	0.002474226804123711
CUFF_NC.2075	1	22793261	22794352	+	0	0	0		37	0	172	0.0	262	1	1033	0.000968054211035818
CUFF_NC.2078	1	22800064	22801373	+	0	0	0		40	1	244	0.004098360655737705	282	2	1401	0.0014275517487508922
CUFF_NC.2076	1	22807559	22807966	+	0	0	0		25	0	156	0.0	107	1	590	0.001694915254237288
CUFF_NC.2077	1	22822719	22823287	+	0	0	0		11	0	68	0.0	144	4	937	0.004268943436499467
CUFF_NC.2095	1	22861101	22861481	-	0	0	0		29	1	106	0.009433962264150943	94	1	364	0.0027472527472527475
CUFF_NC.2084	1	22865122	22865956	+	0	0	0		41	0	278	0.0	222	6	1236	0.0048543689320388345
CUFF_NC.2083	1	22869849	22870383	+	0	0	0		39	2	147	0.013605442176870748	141	2	597	0.0033500837520938024
CUFF_NC.2082	1	22888523	22888929	-	0	0	0		18	20	64	0.3125	84	21	491	0.04276985743380855
CUFF_NC.2091	1	22905220	22909251	-	0	0	0		239	5	1217	0.004108463434675432	1158	18	5944	0.003028263795423957
CUFF_NC.2092	1	22908526	22912605	-	0	0	0		200	3	968	0.0030991735537190084	877	15	4321	0.0034714186530895625
CUFF_NC.2085	1	22913838	22914759	-	0	0	0		22	0	90	0.0	96	0	318	0.0
CUFF_NC.2087	1	22922169	22922821	-	0	0	0		29	0	95	0.0	131	1	389	0.002570694087403599
CUFF_NC.2088	1	22931627	22932684	+	0	0	0		0	0	0		9	1	15	0.06666666666666667
CUFF_NC.2089	1	22938243	22939041	+	0	0	0		75	0	310	0.0	143	3	523	0.0057361376673040155
CUFF_NC.2090	1	22972096	22972864	-	0	0	0		38	46	178	0.25842696629213485	207	49	952	0.051470588235294115
CUFF_NC.2094	1	22982759	22983446	+	0	0	0		61	1	291	0.003436426116838488	182	1	850	0.001176470588235294
CUFF_NC.2093	1	22989023	22989739	+	0	0	0		16	0	80	0.0	167	2	753	0.0026560424966799467
CUFF_NC.2100	1	22995842	22996220	+	0	0	0		25	1	111	0.009009009009009009	101	2	367	0.005449591280653951
CUFF_NC.2098	1	23009953	23010561	+	0	0	0		35	2	181	0.011049723756906077	176	4	885	0.004519774011299435
CUFF_NC.2097	1	23016713	23018217	+	0	0	0		116	4	516	0.007751937984496124	390	5	1704	0.0029342723004694834
CUFF_NC.2096	1	23020593	23022846	+	0	0	0		70	17	402	0.04228855721393035	430	12	2548	0.004709576138147566
CUFF_NC.2104	1	23031299	23036181	+	0	0	0		169	167	791	0.2111251580278129	1232	155	6089	0.025455739858761702
CUFF_NC.2106	1	23031319	23032125	-	0	0	0		17	30	91	0.32967032967032966	241	38	1378	0.027576197387518143
CUFF_NC.2105	1	23033544	23034215	+	0	0	0		17	63	100	0.63	154	44	833	0.05282112845138055
CUFF_NC.2102	1	23046695	23047394	-	0	0	0		54	1	226	0.004424778761061947	148	4	599	0.00667779632721202
CUFF_NC.2103	1	23050453	23050902	-	0	0	0		22	1	95	0.010526315789473684	146	0	718	0.0
CUFF_NC.2099	1	23051168	23051595	+	0	0	0		24	1	171	0.005847953216374269	122	4	732	0.00546448087431694
CUFF_NC.2101	1	23072386	23073309	-	0	0	0		36	0	147	0.0	217	1	651	0.0015360983102918587
CUFF_NC.2107	1	23086455	23087091	+	0	0	0		32	0	179	0.0	179	1	966	0.0010351966873706005
CUFF_NC.2108	1	23096680	23097246	-	0	0	0		19	46	130	0.35384615384615387	134	21	645	0.03255813953488372
CUFF_NC.2109	1	23096889	23097373	+	0	0	0		19	42	127	0.33070866141732286	101	18	420	0.04285714285714286
CUFF_NC.2110	1	23100314	23101293	+	0	0	0		52	0	180	0.0	224	1	768	0.0013020833333333333
CUFF_NC.2113	1	23106221	23106581	+	0	0	0		21	0	127	0.0	97	4	570	0.007017543859649123
CUFF_NC.2111	1	23129028	23129635	-	0	0	0		51	0	204	0.0	164	3	684	0.0043859649122807015
CUFF_NC.2112	1	23144746	23145194	-	0	0	0		29	0	139	0.0	94	1	281	0.0035587188612099642
CUFF_NC.2114	1	23145997	23147134	+	0	0	0		73	2	351	0.005698005698005698	315	6	1403	0.0042765502494654314
CUFF_NC.2121	1	23151669	23152498	-	0	0	0		50	2	170	0.011764705882352941	183	0	484	0.0
CUFF_NC.2122	1	23154504	23155473	-	0	0	0		33	60	145	0.41379310344827586	218	38	1014	0.03747534516765286
CUFF_NC.2123	1	23157470	23158102	+	0	0	0		0	0	0		18	0	31	0.0
CUFF_NC.2118	1	23159705	23160874	-	0	0	0		60	2	252	0.007936507936507936	267	6	1216	0.004934210526315789
CUFF_NC.2119	1	23161159	23161480	-	0	0	0		9	0	34	0.0	71	2	269	0.007434944237918215
CUFF_NC.2120	1	23162218	23162820	-	0	0	0		16	0	65	0.0	89	1	319	0.003134796238244514
CUFF_NC.2115	1	23169226	23169996	-	0	0	0		52	0	198	0.0	195	3	780	0.0038461538461538464
CUFF_NC.2133	1	23184997	23185456	-	0	0	0		8	0	16	0.0	39	0	94	0.0
CUFF_NC.2127	1	23199643	23200686	-	0	0	0		49	0	244	0.0	245	5	1437	0.003479471120389701
CUFF_NC.2128	1	23202328	23202752	-	0	0	0		34	1	105	0.009523809523809525	106	1	249	0.004016064257028112
CUFF_NC.2129	1	23208542	23209042	+	0	0	0		28	0	119	0.0	146	2	584	0.003424657534246575
CUFF_NC.2130	1	23213437	23217267	+	0	0	0		88	39	452	0.08628318584070796	674	100	3257	0.030703101013202335
CUFF_NC.2132	1	23234977	23236413	+	0	0	0		85	0	299	0.0	346	3	1111	0.0027002700270027003
CUFF_NC.2131	1	23237567	23238581	+	0	0	0		24	0	109	0.0	180	1	685	0.00145985401459854
CUFF_NC.2138	1	23252294	23252667	-	0	0	0		26	1	122	0.00819672131147541	102	0	403	0.0
CUFF_NC.2135	1	23257741	23258508	+	0	0	0		62	1	328	0.003048780487804878	183	1	912	0.0010964912280701754
CUFF_NC.2136	1	23261139	23262055	+	0	0	0		62	0	204	0.0	195	3	798	0.0037593984962406013
CUFF_NC.2137	1	23280422	23281650	-	0	0	0		7	0	10	0.0	30	0	43	0.0
CUFF_NC.2139	1	23284558	23284999	+	0	0	0		23	0	96	0.0	130	0	488	0.0
CUFF_NC.2141	1	23294989	23295640	-	0	0	0		55	1	162	0.006172839506172839	178	1	474	0.002109704641350211
CUFF_NC.2140	1	23296361	23297095	-	0	0	0		11	6	15	0.4	26	6	39	0.15384615384615385
CUFF_NC.2149	1	23306113	23306513	-	0	0	0		25	0	159	0.0	94	5	631	0.00792393026941363
CUFF_NC.2143	1	23323531	23326042	-	0	0	0		271	3	1061	0.002827521206409048	643	4	2426	0.0016488046166529267
CUFF_NC.2142	1	23332085	23332967	-	0	0	0		66	0	253	0.0	209	4	779	0.005134788189987163
CUFF_NC.2147	1	23352330	23352801	+	0	0	0		5	0	29	0.0	115	4	618	0.006472491909385114
CUFF_NC.2145	1	23383124	23383830	-	0	0	0		18	0	89	0.0	146	3	884	0.003393665158371041
CUFF_NC.2150	1	23390634	23391036	+	0	0	0		29	0	151	0.0	95	0	563	0.0
CUFF_NC.2152	1	23404827	23405366	-	0	0	0		38	0	175	0.0	134	2	544	0.003676470588235294
CUFF_NC.2151	1	23410523	23410963	+	0	0	0		30	0	125	0.0	95	1	358	0.002793296089385475
CUFF_NC.2146	1	23411740	23412463	+	0	0	0		12	0	39	0.0	184	2	804	0.0024875621890547263
CUFF_NC.2148	1	23414190	23415517	-	0	0	0		23	0	56	0.0	154	4	488	0.00819672131147541
CUFF_NC.2153	1	23434985	23435938	-	0	0	0		9	13	21	0.6190476190476191	63	43	243	0.17695473251028807
CUFF_NC.2155	1	23459159	23459732	-	0	0	0		25	3	96	0.03125	122	3	420	0.007142857142857143
CUFF_NC.2156	1	23470829	23471314	+	0	0	0		29	1	175	0.005714285714285714	127	0	694	0.0
CUFF_NC.2159	1	23495422	23500368	+	0	0	0		23	0	43	0.0	94	0	216	0.0
CUFF_NC.2160	1	23495774	23500645	+	0	0	0		32	0	76	0.0	174	1	454	0.0022026431718061676
CUFF_NC.2161	1	23496123	23501823	+	0	0	0		41	0	100	0.0	253	1	591	0.001692047377326565
CUFF_NC.2162	1	23497201	23502308	+	0	0	0		50	0	142	0.0	327	1	880	0.0011363636363636363
CUFF_NC.2165	1	23515203	23517160	-	0	0	0		84	0	426	0.0	423	3	2134	0.0014058106841611997
CUFF_NC.2157	1	23530989	23531374	-	0	0	0		20	0	104	0.0	105	2	590	0.003389830508474576
CUFF_NC.2169	1	23538595	23541907	+	0	0	0		211	1	989	0.0010111223458038423	884	11	4186	0.0026278069756330625
CUFF_NC.2158	1	23556732	23558940	-	0	0	0		130	5	660	0.007575757575757576	568	7	2859	0.002448408534452606
CUFF_NC.2171	1	23567362	23569086	-	0	0	0		158	9	679	0.013254786450662739	515	12	2268	0.005291005291005291
CUFF_NC.2166	1	23575195	23576500	-	0	0	0		87	2	346	0.005780346820809248	297	6	1291	0.004647560030983733
CUFF_NC.2167	1	23576815	23579219	-	0	0	0		107	1	487	0.002053388090349076	621	7	2948	0.0023744911804613297
CUFF_NC.2178	1	23589170	23589769	+	0	0	0		44	1	245	0.004081632653061225	175	5	952	0.005252100840336135
CUFF_NC.2168	1	23605161	23605805	+	0	0	0		27	0	118	0.0	190	3	707	0.004243281471004243
CUFF_NC.2172	1	23608779	23609480	+	0	0	0		40	0	223	0.0	204	5	1127	0.0044365572315882874
CUFF_NC.2173	1	23614515	23615430	-	0	0	0		66	2	324	0.006172839506172839	250	1	1031	0.0009699321047526673
CUFF_NC.2174	1	23617227	23617604	-	0	0	0		20	0	130	0.0	108	1	586	0.0017064846416382253
CUFF_NC.2170	1	23632269	23632788	+	0	0	0		30	2	201	0.009950248756218905	134	3	809	0.003708281829419036
CUFF_NC.2175	1	23636070	23637302	+	0	0	0		100	1	445	0.0022471910112359553	315	3	1171	0.0025619128949615714
CUFF_NC.2176	1	23643822	23645107	-	0	0	0		93	2	432	0.004629629629629629	380	3	1780	0.0016853932584269663
CUFF_NC.2182	1	23653798	23654829	-	0	0	0		78	0	368	0.0	300	5	1311	0.0038138825324180014
CUFF_NC.2183	1	23655341	23656120	-	0	0	0		47	0	244	0.0	214	2	1114	0.0017953321364452424
CUFF_NC.2179	1	23668859	23669263	+	0	0	0		5	0	12	0.0	51	0	128	0.0
CUFF_NC.2188	1	23669893	23670406	+	0	0	0		19	1	130	0.007692307692307693	150	3	956	0.0031380753138075313
CUFF_NC.2180	1	23683332	23683843	+	0	0	0		43	0	193	0.0	118	0	551	0.0
CUFF_NC.2181	1	23689804	23690760	+	0	0	0		56	2	242	0.008264462809917356	209	2	944	0.00211864406779661
CUFF_NC.2191	1	23704756	23710007	+	0	0	0		159	1	742	0.0013477088948787063	876	18	3877	0.004642765024503482
CUFF_NC.2192	1	23707722	23714082	+	0	0	0		267	3	1320	0.0022727272727272726	1377	30	6734	0.004455004455004455
CUFF_NC.2193	1	23708669	23714834	+	0	0	0		238	3	1153	0.0026019080659150044	1305	24	6275	0.0038247011952191236
CUFF_NC.2194	1	23711691	23712030	+	0	0	0		12	0	78	0.0	96	1	545	0.001834862385321101
CUFF_NC.2195	1	23712385	23712665	+	0	0	0		23	1	93	0.010752688172043012	72	1	344	0.0029069767441860465
CUFF_NC.2196	1	23713487	23713959	+	0	0	0		24	0	98	0.0	92	2	432	0.004629629629629629
CUFF_NC.2185	1	23718359	23719168	-	0	0	0		70	1	200	0.005	164	4	419	0.00954653937947494
CUFF_NC.2184	1	23727661	23729325	-	0	0	0		116	0	424	0.0	337	2	999	0.002002002002002002
CUFF_NC.2186	1	23732643	23733088	-	0	0	0		37	0	147	0.0	83	1	377	0.002652519893899204
CUFF_NC.2189	1	23741490	23742202	-	0	0	0		54	2	318	0.006289308176100629	192	1	1165	0.0008583690987124463
CUFF_NC.2187	1	23752835	23754535	+	0	0	0		99	2	439	0.004555808656036446	414	7	1871	0.0037413148049171567
CUFF_NC.2204	1	23765163	23765844	-	0	0	0		47	0	232	0.0	186	2	777	0.002574002574002574
CUFF_NC.2199	1	23777463	23777878	-	0	0	0		9	0	36	0.0	46	1	194	0.005154639175257732
CUFF_NC.2200	1	23778091	23779420	-	0	0	0		39	0	146	0.0	202	0	669	0.0
CUFF_NC.2201	1	23782066	23783568	-	0	0	0		109	4	648	0.006172839506172839	414	9	2354	0.0038232795242141037
CUFF_NC.2202	1	23792156	23793629	-	0	0	0		95	0	482	0.0	420	5	2149	0.002326663564448581
CUFF_NC.2203	1	23801034	23801767	+	0	0	0		40	1	167	0.005988023952095809	159	1	787	0.0012706480304955528
CUFF_NC.2205	1	23807373	23807781	-	0	0	0		30	0	108	0.0	97	1	400	0.0025
CUFF_NC.2206	1	23826646	23827604	+	0	0	0		41	1	179	0.00558659217877095	250	4	1111	0.0036003600360036
CUFF_NC.2207	1	23828590	23829892	+	0	0	0		60	0	281	0.0	380	3	1622	0.0018495684340320592
CUFF_NC.2208	1	23836324	23836789	-	0	0	0		13	0	67	0.0	135	3	721	0.004160887656033287
CUFF_NC.2212	1	23838595	23842265	-	0	0	0		292	2	1209	0.0016542597187758478	962	9	3925	0.0022929936305732482
CUFF_NC.2209	1	23845874	23848978	-	0	0	0		33	0	77	0.0	97	2	239	0.008368200836820083
CUFF_NC.2215	1	23863672	23864797	-	0	0	0		65	1	325	0.003076923076923077	315	6	1479	0.004056795131845842
CUFF_NC.2211	1	23868445	23870698	-	0	0	0		100	5	502	0.0099601593625498	522	7	1947	0.0035952747817154596
CUFF_NC.2210	1	23872415	23874201	-	0	0	0		85	0	416	0.0	412	2	1677	0.0011926058437686344
CUFF_NC.2213	1	23884232	23884668	+	0	0	0		8	4	39	0.10256410256410256	108	19	521	0.036468330134357005
CUFF_NC.2214	1	23884867	23885340	-	0	0	0		14	12	91	0.13186813186813187	141	14	883	0.015855039637599093
CUFF_NC.2217	1	23888890	23889665	-	0	0	0		42	1	157	0.006369426751592357	268	3	942	0.0031847133757961785
CUFF_NC.2218	1	23890972	23892035	+	0	0	0		93	0	362	0.0	246	10	911	0.010976948408342482
CUFF_NC.2216	1	23893197	23893836	-	0	0	0		16	0	83	0.0	140	0	569	0.0
CUFF_NC.2220	1	23923692	23924314	-	0	0	0		16	0	76	0.0	182	1	743	0.0013458950201884253
CUFF_NC.2221	1	23925838	23926772	+	0	0	0		11	13	23	0.5652173913043478	58	12	108	0.1111111111111111
CUFF_NC.2222	1	23944378	23945564	+	0	0	0		86	0	333	0.0	335	3	1316	0.0022796352583586625
CUFF_NC.2223	1	23951459	23952648	-	0	0	0		65	0	319	0.0	319	6	1538	0.0039011703511053317
CUFF_NC.2227	1	23953200	23954499	-	0	0	0		75	2	277	0.007220216606498195	363	6	1153	0.005203816131830009
CUFF_NC.2228	1	23959728	23961262	-	0	0	0		124	1	536	0.0018656716417910447	397	8	1786	0.004479283314669653
CUFF_NC.2229	1	23962229	23962650	-	0	0	0		26	0	143	0.0	117	1	583	0.0017152658662092624
CUFF_NC.2226	1	23963514	23964414	-	0	0	0		15	2	90	0.022222222222222223	226	3	1164	0.002577319587628866
CUFF_NC.2224	1	23964924	23966236	-	0	0	0		82	250	447	0.5592841163310962	357	109	2029	0.05372104484967965
CUFF_NC.2225	1	23965162	23966424	+	0	0	0		82	250	449	0.5567928730512249	334	102	1895	0.05382585751978892
CUFF_NC.2237	1	23983576	23984602	-	0	0	0		87	1	376	0.0026595744680851063	286	1	1159	0.0008628127696289905
CUFF_NC.2230	1	24005575	24006393	+	0	0	0		51	1	218	0.0045871559633027525	231	2	984	0.0020325203252032522
CUFF_NC.2231	1	24005750	24006307	-	0	0	0		42	1	194	0.005154639175257732	167	1	730	0.0013698630136986301
CUFF_NC.2232	1	24006890	24009371	-	0	0	0		139	0	664	0.0	754	12	3482	0.0034462952326249283
CUFF_NC.2233	1	24017774	24019207	-	0	0	0		97	2	495	0.00404040404040404	438	3	1999	0.0015007503751875938
CUFF_NC.2236	1	24020515	24021500	-	0	0	0		78	1	325	0.003076923076923077	293	5	1245	0.004016064257028112
CUFF_NC.2234	1	24035959	24036571	-	0	0	0		46	0	155	0.0	148	2	591	0.00338409475465313
CUFF_NC.2235	1	24037493	24039086	-	0	0	0		101	1	500	0.002	407	8	1757	0.004553215708594195
CUFF_NC.2240	1	24054708	24055495	+	0	0	0		49	0	274	0.0	201	6	1098	0.00546448087431694
CUFF_NC.2241	1	24057461	24058473	-	0	0	0		73	1	338	0.0029585798816568047	295	6	1163	0.005159071367153913
CUFF_NC.2238	1	24061006	24062772	+	0	0	0		127	1	557	0.0017953321364452424	462	9	1887	0.0047694753577106515
CUFF_NC.2239	1	24084817	24085610	-	0	0	0		9	0	28	0.0	231	2	936	0.002136752136752137
CUFF_NC.2243	1	24087720	24088175	-	0	0	0		24	1	114	0.008771929824561403	161	3	773	0.0038809831824062097
CUFF_NC.2244	1	24109758	24110543	-	0	0	0		61	0	310	0.0	209	4	1225	0.0032653061224489797
CUFF_NC.2245	1	24120924	24124055	-	0	0	0		153	3	599	0.005008347245409015	790	10	3024	0.0033068783068783067
CUFF_NC.2246	1	24122171	24125292	-	0	0	0		142	1	543	0.001841620626151013	673	12	2580	0.004651162790697674
CUFF_NC.2247	1	24124310	24129155	-	0	0	0		146	0	503	0.0	840	4	3434	0.0011648223645894002
CUFF_NC.2250	1	24135162	24136287	+	0	0	0		46	0	228	0.0	179	4	847	0.004722550177095631
CUFF_NC.2248	1	24146993	24147551	-	0	0	0		27	0	152	0.0	155	2	845	0.002366863905325444
CUFF_NC.2249	1	24153112	24154151	-	0	0	0		82	3	361	0.008310249307479225	282	1	1139	0.000877963125548727
CUFF_NC.2252	1	24189472	24190012	-	0	0	0		13	0	74	0.0	133	3	753	0.00398406374501992
CUFF_NC.2251	1	24190145	24190747	-	0	0	0		20	0	116	0.0	148	5	902	0.005543237250554324
CUFF_NC.2255	1	24203833	24204376	+	0	0	0		13	0	69	0.0	156	3	867	0.0034602076124567475
CUFF_NC.2254	1	24215705	24217329	+	0	0	0		21	0	39	0.0	71	0	126	0.0
CUFF_NC.2256	1	24222121	24223187	+	0	0	0		61	1	327	0.0030581039755351682	299	2	1568	0.0012755102040816326
CUFF_NC.2253	1	24225263	24225800	-	0	0	0		23	0	95	0.0	144	1	678	0.0014749262536873156
CUFF_NC.2257	1	24228087	24228637	-	0	0	0		58	1	305	0.003278688524590164	151	2	651	0.0030721966205837174
CUFF_NC.2266	1	24235104	24235546	-	0	0	0		18	1	103	0.009708737864077669	101	3	528	0.005681818181818182
CUFF_NC.2258	1	24236243	24236929	-	0	0	0		20	0	78	0.0	129	2	457	0.00437636761487965
CUFF_NC.2264	1	24245447	24245893	-	0	0	0		36	0	130	0.0	121	2	659	0.0030349013657056147
CUFF_NC.2265	1	24247263	24248458	-	0	0	0		36	2	113	0.017699115044247787	148	1	419	0.002386634844868735
CUFF_NC.2261	1	24251372	24252357	-	0	0	0		38	0	209	0.0	278	1	1404	0.0007122507122507123
CUFF_NC.2260	1	24253304	24259341	-	0	0	0		218	6	1174	0.005110732538330494	1502	28	8198	0.0034154671871188093
CUFF_NC.2259	1	24262092	24262985	+	0	0	0		58	2	317	0.006309148264984227	243	2	1142	0.0017513134851138354
CUFF_NC.2267	1	24298734	24299642	+	0	0	0		6	0	18	0.0	11	0	28	0.0
CUFF_NC.2263	1	24300291	24300729	-	0	0	0		5	0	17	0.0	70	0	274	0.0
CUFF_NC.2272	1	24306485	24307496	+	0	0	0		65	1	260	0.0038461538461538464	238	1	867	0.0011534025374855825
CUFF_NC.2273	1	24308646	24309356	+	0	0	0		63	2	275	0.007272727272727273	207	2	852	0.002347417840375587
CUFF_NC.2268	1	24315478	24317633	-	0	0	0		48	3	200	0.015	306	8	1268	0.006309148264984227
CUFF_NC.2269	1	24317931	24319030	-	0	0	0		62	0	282	0.0	329	5	1286	0.0038880248833592537
CUFF_NC.2270	1	24346209	24347236	-	0	0	0		56	1	260	0.0038461538461538464	275	3	1214	0.002471169686985173
CUFF_NC.2275	1	24349477	24350738	-	0	0	0		49	0	260	0.0	242	6	1354	0.004431314623338257
CUFF_NC.2271	1	24354749	24357995	-	0	0	0		35	1	124	0.008064516129032258	196	1	826	0.0012106537530266344
CUFF_NC.2278	1	24383271	24383891	+	0	0	0		43	0	143	0.0	164	3	404	0.007425742574257425
CUFF_NC.2277	1	24385623	24386600	-	0	0	0		35	0	114	0.0	145	1	471	0.0021231422505307855
CUFF_NC.2279	1	24399104	24400822	-	0	0	0		95	4	398	0.010050251256281407	476	6	2208	0.002717391304347826
CUFF_NC.2281	1	24440406	24441052	+	0	0	0		37	0	117	0.0	152	0	516	0.0
CUFF_NC.2282	1	24442376	24443162	-	0	0	0		47	2	231	0.008658008658008658	181	5	831	0.006016847172081829
CUFF_NC.2293	1	24468758	24474480	-	0	0	0		276	5	1291	0.0038729666924864447	1180	15	5402	0.0027767493520918177
CUFF_NC.2292	1	24497874	24498323	-	0	0	0		30	0	147	0.0	138	3	673	0.004457652303120356
CUFF_NC.2291	1	24502086	24502692	+	0	0	0		46	0	208	0.0	166	2	694	0.002881844380403458
CUFF_NC.2283	1	24503240	24504177	-	0	0	0		58	0	249	0.0	267	2	1073	0.001863932898415657
CUFF_NC.2286	1	24506758	24510735	+	0	0	0		154	131	713	0.18373071528751753	1003	91	4777	0.019049612727653337
CUFF_NC.2287	1	24509471	24514263	+	0	0	0		239	164	1096	0.14963503649635038	1310	112	6147	0.018220270050431104
CUFF_NC.2288	1	24516246	24516864	+	0	0	0		41	4	236	0.01694915254237288	168	2	933	0.0021436227224008574
CUFF_NC.2284	1	24519652	24521231	+	0	0	0		70	0	351	0.0	408	6	1985	0.003022670025188917
CUFF_NC.2300	1	24551860	24552589	-	0	0	0		30	0	138	0.0	157	4	691	0.005788712011577424
CUFF_NC.2299	1	24560566	24562561	+	0	0	0		21	1	74	0.013513513513513514	58	0	156	0.0
CUFF_NC.2289	1	24576622	24577113	-	0	0	0		22	0	158	0.0	113	4	674	0.005934718100890208
CUFF_NC.2290	1	24587816	24588875	-	0	0	0		49	4	254	0.015748031496062992	239	2	1035	0.001932367149758454
CUFF_NC.2295	1	24601962	24602804	-	0	0	0		30	0	116	0.0	157	2	570	0.0035087719298245615
CUFF_NC.2296	1	24603805	24604234	-	0	0	0		23	1	120	0.008333333333333333	127	1	572	0.0017482517482517483
CUFF_NC.2294	1	24609312	24609800	+	0	0	0		17	0	112	0.0	150	3	900	0.0033333333333333335
CUFF_NC.2297	1	24619942	24621003	+	0	0	0		84	0	359	0.0	264	0	990	0.0
CUFF_NC.2301	1	24632571	24633798	-	0	0	0		82	0	345	0.0	361	3	1420	0.002112676056338028
CUFF_NC.2298	1	24636919	24638535	-	0	0	0		69	0	402	0.0	381	5	1962	0.0025484199796126403
CUFF_NC.2302	1	24688859	24689385	+	0	0	0		18	0	130	0.0	130	0	895	0.0
CUFF_NC.2303	1	24689234	24689706	-	0	0	0		29	0	125	0.0	115	0	526	0.0
CUFF_NC.2309	1	24692796	24693233	-	0	0	0		17	0	114	0.0	123	1	581	0.0017211703958691911
CUFF_NC.2310	1	24695775	24696520	+	0	0	0		64	2	271	0.007380073800738007	217	2	907	0.002205071664829107
CUFF_NC.2307	1	24720800	24724443	+	0	0	0		145	195	665	0.2932330827067669	948	261	4652	0.0561049011177988
CUFF_NC.2306	1	24737276	24739672	-	0	0	0		98	1	469	0.0021321961620469083	632	9	2445	0.0036809815950920245
CUFF_NC.2304	1	24745594	24746063	+	0	0	0		12	0	53	0.0	118	3	573	0.005235602094240838
CUFF_NC.2305	1	24748174	24749957	-	0	0	0		115	0	612	0.0	412	6	2041	0.002939735423811857
CUFF_NC.2308	1	24753469	24758408	-	0	0	0		165	0	953	0.0	1163	18	6570	0.0027397260273972603
CUFF_NC.2312	1	24769495	24774501	+	0	0	0		109	4	477	0.008385744234800839	881	18	3761	0.004785961180537091
CUFF_NC.2311	1	24787543	24788023	-	0	0	0		21	0	107	0.0	145	2	651	0.0030721966205837174
CUFF_NC.2316	1	24824329	24825219	-	0	0	0		19	0	65	0.0	200	0	828	0.0
CUFF_NC.2317	1	24825376	24826587	-	0	0	0		77	1	347	0.002881844380403458	333	2	1341	0.0014914243102162564
CUFF_NC.2318	1	24839552	24841201	-	0	0	0		87	0	340	0.0	352	3	1402	0.0021398002853067048
CUFF_NC.2319	1	24839657	24840280	-	0	0	0		45	0	177	0.0	179	1	635	0.0015748031496062992
CUFF_NC.2313	1	24842927	24843416	+	0	0	0		4	0	20	0.0	74	0	575	0.0
CUFF_NC.2314	1	24843302	24843833	-	0	0	0		18	0	99	0.0	105	2	833	0.0024009603841536613
CUFF_NC.2315	1	24852939	24855783	+	0	0	0		111	0	513	0.0	703	7	3518	0.001989766913018761
CUFF_NC.2360	1	24882477	24884817	-	0	0	0		69	0	359	0.0	475	10	2510	0.00398406374501992
CUFF_NC.2361	1	24884941	24885629	-	0	0	0		37	0	162	0.0	139	1	558	0.0017921146953405018
CUFF_NC.2321	1	24917518	24918473	-	0	0	0		9	2	31	0.06451612903225806	42	1	209	0.004784688995215311
CUFF_NC.2322	1	24918063	24919372	+	0	0	0		34	2	156	0.01282051282051282	187	2	855	0.0023391812865497076
CUFF_NC.2320	1	24921434	24921855	+	0	0	0		13	1	82	0.012195121951219513	100	2	560	0.0035714285714285713
CUFF_NC.2323	1	24927410	24927973	+	0	0	0		18	0	60	0.0	81	0	274	0.0
CUFF_NC.2325	1	24934150	24936455	+	0	0	0		105	5	548	0.009124087591240875	615	5	2557	0.0019554165037152915
CUFF_NC.2331	1	24948392	24949628	-	0	0	0		54	8	298	0.026845637583892617	328	11	1650	0.006666666666666667
CUFF_NC.2332	1	24952603	24955706	-	0	0	0		198	4	956	0.0041841004184100415	818	5	3955	0.0012642225031605564
CUFF_NC.2329	1	24962871	24963999	+	0	0	0		88	2	445	0.0044943820224719105	299	5	1552	0.0032216494845360823
CUFF_NC.2330	1	24967169	24967834	+	0	0	0		28	0	176	0.0	179	1	849	0.001177856301531213
CUFF_NC.2328	1	24972398	24973014	-	0	0	0		30	0	166	0.0	171	4	880	0.004545454545454545
CUFF_NC.2327	1	24973782	24975062	+	0	0	0		58	1	317	0.0031545741324921135	378	7	1933	0.0036213140196585617
CUFF_NC.2349	1	24992557	24999166	+	0	0	0		335	6	1817	0.003302146395156852	1585	16	8572	0.0018665422305179655
CUFF_NC.2350	1	24993590	24999789	+	0	0	0		268	6	1468	0.004087193460490463	1340	10	7381	0.0013548299688389107
CUFF_NC.2351	1	24995317	24996037	+	0	0	0		38	2	239	0.008368200836820083	196	1	1225	0.0008163265306122449
CUFF_NC.2352	1	24997426	25004927	+	0	0	0		190	3	728	0.004120879120879121	861	8	3603	0.0022203719122953097
CUFF_NC.2335	1	25028695	25029935	+	0	0	0		69	2	382	0.005235602094240838	281	4	1072	0.0037313432835820895
CUFF_NC.2333	1	25032593	25033048	-	0	0	0		22	0	130	0.0	137	0	791	0.0
CUFF_NC.2334	1	25033182	25033697	-	0	0	0		9	0	41	0.0	118	1	512	0.001953125
CUFF_NC.2344	1	25071367	25072463	+	0	0	0		73	2	265	0.007547169811320755	285	2	988	0.0020242914979757085
CUFF_NC.2345	1	25082275	25082706	+	0	0	0		39	0	172	0.0	113	2	532	0.0037593984962406013
CUFF_NC.2336	1	25095872	25096881	+	0	0	0		51	115	226	0.5088495575221239	227	59	991	0.05953582240161453
CUFF_NC.2364	1	25101026	25101778	+	0	0	0		65	0	340	0.0	215	0	1012	0.0
CUFF_NC.2338	1	25121047	25121834	-	0	0	0		5	1	8	0.125	31	0	52	0.0
CUFF_NC.2340	1	25137181	25137766	+	0	0	0		16	0	41	0.0	128	0	318	0.0
CUFF_NC.2341	1	25152972	25154169	+	0	0	0		85	1	466	0.002145922746781116	338	4	1532	0.0026109660574412533
CUFF_NC.2342	1	25173670	25174393	+	0	0	0		22	1	125	0.008	201	1	1123	0.0008904719501335708
CUFF_NC.2343	1	25213852	25215290	-	0	0	0		72	2	343	0.0058309037900874635	401	3	1667	0.001799640071985603
CUFF_NC.2346	1	25221059	25221778	+	0	0	0		15	0	82	0.0	172	2	879	0.0022753128555176336
CUFF_NC.2347	1	25230396	25230774	-	0	0	0		27	0	94	0.0	80	1	276	0.0036231884057971015
CUFF_NC.2348	1	25231900	25232664	-	0	0	0		22	1	109	0.009174311926605505	228	3	1027	0.0029211295034079843
CUFF_NC.2353	1	25236995	25238046	+	0	0	0		62	0	235	0.0	249	2	915	0.002185792349726776
CUFF_NC.2354	1	25238394	25239330	+	0	0	0		64	1	309	0.003236245954692557	225	3	1114	0.0026929982046678637
CUFF_NC.2358	1	25255055	25256045	-	0	0	0		61	0	330	0.0	244	4	1338	0.0029895366218236174
CUFF_NC.2355	1	25275110	25275535	+	0	0	0		21	0	106	0.0	106	2	508	0.003937007874015748
CUFF_NC.2362	1	25277312	25278336	-	0	0	0		78	1	337	0.002967359050445104	321	4	1211	0.0033030553261767133
CUFF_NC.2356	1	25297481	25298439	+	0	0	0		42	0	178	0.0	247	3	972	0.0030864197530864196
CUFF_NC.2357	1	25298605	25300322	+	0	0	0		114	1	552	0.0018115942028985507	394	2	1494	0.0013386880856760374
CUFF_NC.2359	1	25304498	25305128	+	0	0	0		46	1	218	0.0045871559633027525	153	1	820	0.0012195121951219512
CUFF_NC.2363	1	25333133	25334975	+	0	0	0		84	3	321	0.009345794392523364	542	1	1970	0.0005076142131979696
CUFF_NC.2368	1	25341104	25341851	-	0	0	0		45	1	253	0.003952569169960474	195	2	1036	0.0019305019305019305
CUFF_NC.2369	1	25344599	25345557	+	0	0	0		79	1	349	0.0028653295128939827	254	1	1078	0.0009276437847866419
CUFF_NC.2365	1	25350581	25351067	-	0	0	0		17	0	99	0.0	133	4	707	0.005657708628005658
CUFF_NC.2366	1	25350704	25351407	+	0	0	0		17	0	95	0.0	216	4	988	0.004048582995951417
CUFF_NC.2378	1	25365886	25366467	+	0	0	0		40	2	171	0.011695906432748537	183	2	851	0.0023501762632197414
CUFF_NC.2372	1	25376462	25379259	+	0	0	0		166	1	903	0.0011074197120708748	808	10	4147	0.0024113817217265494
CUFF_NC.2370	1	25398694	25399114	-	0	0	0		35	1	194	0.005154639175257732	104	2	595	0.0033613445378151263
CUFF_NC.2371	1	25398791	25399341	+	0	0	0		41	1	232	0.004310344827586207	127	2	685	0.00291970802919708
CUFF_NC.2380	1	25417377	25423639	+	0	0	0		405	6	1924	0.0031185031185031187	1743	24	8480	0.002830188679245283
CUFF_NC.2381	1	25421246	25421952	+	0	0	0		53	0	220	0.0	198	2	783	0.002554278416347382
CUFF_NC.2374	1	25424483	25425214	-	0	0	0		26	0	129	0.0	204	2	1053	0.001899335232668566
CUFF_NC.2373	1	25426517	25427215	-	0	0	0		35	0	135	0.0	216	2	825	0.0024242424242424242
CUFF_NC.2375	1	25444767	25445491	+	0	0	0		45	2	146	0.0136986301369863	162	0	694	0.0
CUFF_NC.2377	1	25446217	25448166	+	0	0	0		69	2	333	0.006006006006006006	472	4	2044	0.0019569471624266144
CUFF_NC.2376	1	25448438	25449065	+	0	0	0		16	0	84	0.0	139	2	718	0.002785515320334262
CUFF_NC.2384	1	25466680	25467272	-	0	0	0		16	0	72	0.0	149	0	787	0.0
CUFF_NC.2387	1	25481661	25482276	+	0	0	0		54	2	272	0.007352941176470588	166	1	789	0.0012674271229404308
CUFF_NC.2379	1	25484872	25485860	+	0	0	0		57	1	297	0.003367003367003367	270	1	1280	0.00078125
CUFF_NC.2382	1	25488485	25489215	-	0	0	0		24	0	90	0.0	162	2	582	0.003436426116838488
CUFF_NC.2383	1	25532992	25534145	-	0	0	0		60	0	229	0.0	309	10	1260	0.007936507936507936
CUFF_NC.2385	1	25539214	25540037	+	0	0	0		72	1	271	0.0036900369003690036	243	3	878	0.003416856492027335
CUFF_NC.2386	1	25557276	25558491	-	0	0	0		62	0	273	0.0	322	4	1531	0.002612671456564337
CUFF_NC.2388	1	25578095	25578752	-	0	0	0		36	1	221	0.004524886877828055	166	0	1006	0.0
CUFF_NC.2390	1	25579374	25580193	+	0	0	0		45	0	257	0.0	214	1	1074	0.000931098696461825
CUFF_NC.2389	1	25588370	25588872	+	0	0	0		22	55	127	0.4330708661417323	152	37	848	0.04363207547169811
CUFF_NC.2391	1	25610760	25612119	-	0	0	0		87	1	456	0.0021929824561403508	370	1	1809	0.000552791597567717
CUFF_NC.2392	1	25639911	25640982	+	0	0	0		36	101	172	0.5872093023255814	204	139	1094	0.12705667276051189
CUFF_NC.2393	1	25647432	25649328	+	0	0	0		117	0	499	0.0	498	5	1844	0.0027114967462039045
CUFF_NC.2394	1	25660015	25662309	+	0	0	0		79	91	410	0.22195121951219512	471	52	2566	0.020265003897116135
CUFF_NC.2395	1	25668887	25670515	+	0	0	0		82	2	340	0.0058823529411764705	352	4	1264	0.0031645569620253164
CUFF_NC.2396	1	25677745	25678383	+	0	0	0		33	1	129	0.007751937984496124	196	1	694	0.001440922190201729
CUFF_NC.2397	1	25694737	25695352	-	0	0	0		23	0	133	0.0	170	3	675	0.0044444444444444444
CUFF_NC.2398	1	25703312	25704610	+	0	0	0		39	0	270	0.0	319	6	2046	0.002932551319648094
CUFF_NC.2404	1	25707244	25708089	-	0	0	0		53	0	225	0.0	234	2	1079	0.0018535681186283596
CUFF_NC.2401	1	25712630	25713303	+	0	0	0		34	0	123	0.0	172	0	549	0.0
CUFF_NC.2402	1	25713697	25715105	+	0	0	0		74	1	298	0.003355704697986577	414	5	1562	0.003201024327784891
CUFF_NC.2399	1	25722564	25723220	-	0	0	0		14	20	43	0.46511627906976744	72	33	224	0.14732142857142858
CUFF_NC.2403	1	25734228	25735143	+	0	0	0		49	0	226	0.0	279	2	1458	0.0013717421124828531
CUFF_NC.2400	1	25739263	25740201	-	0	0	0		16	0	70	0.0	43	2	193	0.010362694300518135
CUFF_NC.2405	1	25746976	25747654	-	0	0	0		29	0	144	0.0	175	1	925	0.001081081081081081
CUFF_NC.2406	1	25748827	25749641	-	0	0	0		33	0	143	0.0	200	6	848	0.007075471698113208
CUFF_NC.2407	1	25750669	25751882	-	0	0	0		2	0	2	0.0	21	0	21	0.0
CUFF_NC.2408	1	25758729	25759130	+	0	0	0		11	1	69	0.014492753623188406	115	2	794	0.0025188916876574307
CUFF_NC.2410	1	25759792	25760376	-	0	0	0		35	0	168	0.0	151	6	698	0.008595988538681949
CUFF_NC.2409	1	25763451	25764539	-	0	0	0		37	1	172	0.005813953488372093	302	5	1345	0.0037174721189591076
CUFF_NC.2412	1	25770315	25770747	+	0	0	0		23	0	116	0.0	124	0	698	0.0
CUFF_NC.2413	1	25777139	25777566	-	0	0	0		32	1	166	0.006024096385542169	122	0	559	0.0
CUFF_NC.2411	1	25783410	25783935	-	0	0	0		31	0	128	0.0	136	1	570	0.0017543859649122807
CUFF_NC.2416	1	25787275	25789881	-	0	0	0		122	1	648	0.0015432098765432098	612	11	3089	0.00356102298478472
CUFF_NC.2417	1	25804566	25806360	-	0	0	0		116	2	643	0.003110419906687403	468	9	2218	0.0040577096483318306
CUFF_NC.2418	1	25807627	25808003	-	0	0	0		49	2	243	0.00823045267489712	103	3	478	0.006276150627615063
CUFF_NC.2419	1	25808431	25808899	-	0	0	0		49	0	171	0.0	106	2	432	0.004629629629629629
CUFF_NC.2415	1	25810738	25811091	+	0	0	0		19	1	97	0.010309278350515464	101	2	415	0.004819277108433735
CUFF_NC.2420	1	25822786	25823767	+	0	0	0		55	0	238	0.0	300	7	1200	0.005833333333333334
CUFF_NC.2414	1	25828794	25829801	-	0	0	0		38	0	177	0.0	272	5	1071	0.004668534080298786
CUFF_NC.2426	1	25838152	25839364	+	0	0	0		56	0	288	0.0	352	6	1432	0.004189944134078212
CUFF_NC.2422	1	25840890	25841780	+	0	0	0		36	0	156	0.0	195	1	812	0.0012315270935960591
CUFF_NC.2421	1	25845130	25845819	+	0	0	0		35	0	155	0.0	161	2	646	0.0030959752321981426
CUFF_NC.2423	1	25847147	25848386	+	0	0	0		57	95	249	0.3815261044176707	392	77	1658	0.046441495778045835
CUFF_NC.2424	1	25849219	25849905	+	0	0	0		17	1	96	0.010416666666666666	172	3	655	0.004580152671755725
CUFF_NC.2428	1	25869716	25870167	+	0	0	0		11	1	72	0.013888888888888888	134	2	593	0.003372681281618887
CUFF_NC.2425	1	25880089	25881600	-	0	0	0		87	1	337	0.002967359050445104	378	4	1744	0.0022935779816513763
CUFF_NC.2427	1	25907518	25907955	+	0	0	0		22	0	108	0.0	117	0	582	0.0
CUFF_NC.2430	1	25909057	25909467	+	0	0	0		34	0	188	0.0	116	1	534	0.0018726591760299626
CUFF_NC.2431	1	25933483	25933978	-	0	0	0		34	0	209	0.0	146	3	727	0.0041265474552957355
CUFF_NC.2434	1	25946675	25947270	+	0	0	0		32	1	177	0.005649717514124294	167	2	924	0.0021645021645021645
CUFF_NC.2435	1	25948839	25949268	+	0	0	0		36	0	183	0.0	85	2	370	0.005405405405405406
CUFF_NC.2429	1	25954907	25955368	+	0	0	0		20	0	61	0.0	127	3	636	0.0047169811320754715
CUFF_NC.2433	1	25961692	25962433	-	0	0	0		26	1	87	0.011494252873563218	147	1	389	0.002570694087403599
CUFF_NC.2432	1	25963283	25963717	+	0	0	0		7	0	32	0.0	102	0	439	0.0
CUFF_NC.2438	1	25965295	25966079	-	0	0	0		71	1	241	0.004149377593360996	217	1	754	0.001326259946949602
CUFF_NC.2437	1	25969227	25969865	+	0	0	0		40	0	218	0.0	181	4	730	0.005479452054794521
CUFF_NC.2436	1	25997133	25997897	-	0	0	0		20	0	126	0.0	196	3	1266	0.002369668246445498
CUFF_NC.2439	1	25999833	26001524	-	0	0	0		66	0	250	0.0	501	4	2024	0.001976284584980237
CUFF_NC.2440	1	26005093	26006121	-	0	0	0		50	0	253	0.0	296	4	1494	0.002677376171352075
CUFF_NC.2451	1	26019711	26019970	+	0	0	0		15	0	61	0.0	61	0	195	0.0
CUFF_NC.2452	1	26025328	26025720	+	0	0	0		18	0	69	0.0	92	6	337	0.017804154302670624
CUFF_NC.2442	1	26036569	26037690	+	0	0	0		66	0	319	0.0	269	3	1277	0.0023492560689115116
CUFF_NC.2443	1	26045936	26046280	+	0	0	0		26	0	82	0.0	100	1	318	0.0031446540880503146
CUFF_NC.2441	1	26052903	26053318	+	0	0	0		8	0	29	0.0	80	0	200	0.0
CUFF_NC.2447	1	26072448	26074514	+	0	0	0		163	3	706	0.00424929178470255	641	12	2875	0.0041739130434782605
CUFF_NC.2446	1	26080069	26080965	-	0	0	0		48	0	257	0.0	242	1	1266	0.0007898894154818325
CUFF_NC.2445	1	26083144	26083613	+	0	0	0		27	0	157	0.0	122	1	647	0.0015455950540958269
CUFF_NC.2444	1	26092920	26094098	-	0	0	0		34	2	156	0.01282051282051282	256	2	1187	0.0016849199663016006
CUFF_NC.2448	1	26101529	26103193	+	0	0	0		116	2	553	0.003616636528028933	464	6	2110	0.002843601895734597
CUFF_NC.2449	1	26104426	26105389	+	0	0	0		29	0	116	0.0	277	1	1100	0.0009090909090909091
CUFF_NC.2450	1	26118925	26119588	+	0	0	0		13	0	22	0.0	41	0	73	0.0
CUFF_NC.2458	1	26124764	26129737	-	0	0	0		267	5	1210	0.004132231404958678	1114	9	5094	0.0017667844522968198
CUFF_NC.2454	1	26141786	26143516	-	0	0	0		89	3	339	0.008849557522123894	450	11	1781	0.006176305446378439
CUFF_NC.2455	1	26161404	26163741	+	0	0	0		135	2	642	0.003115264797507788	616	8	2847	0.0028099754127151387
CUFF_NC.2453	1	26172901	26173720	-	0	0	0		53	1	247	0.004048582995951417	218	2	931	0.0021482277121374865
CUFF_NC.2457	1	26175515	26179389	-	0	0	0		206	3	997	0.003009027081243731	1046	13	5263	0.002470074102223067
CUFF_NC.2456	1	26182289	26183422	-	0	0	0		81	0	362	0.0	279	1	1161	0.0008613264427217916
CUFF_NC.2460	1	26194484	26194851	+	0	0	0		28	1	130	0.007692307692307693	94	0	497	0.0
CUFF_NC.2459	1	26196704	26197208	-	0	0	0		1	0	2	0.0	34	0	58	0.0
CUFF_NC.2461	1	26208331	26210616	-	0	0	0		57	2	354	0.005649717514124294	540	13	3592	0.003619153674832962
CUFF_NC.2462	1	26216014	26217732	-	0	0	0		111	1	469	0.0021321961620469083	478	7	1967	0.0035587188612099642
CUFF_NC.2470	1	26223090	26226644	-	0	0	0		277	7	1866	0.0037513397642015005	983	14	6039	0.0023182646133465806
CUFF_NC.2472	1	26235320	26236344	-	0	0	0		10	0	48	0.0	107	0	472	0.0
CUFF_NC.2465	1	26239934	26240793	+	0	0	0		24	0	117	0.0	240	3	1005	0.0029850746268656717
CUFF_NC.2464	1	26243412	26243903	+	0	0	0		13	2	66	0.030303030303030304	95	0	439	0.0
CUFF_NC.2467	1	26259016	26259674	-	0	0	0		30	0	167	0.0	208	6	932	0.006437768240343348
CUFF_NC.2468	1	26260052	26260613	-	0	0	0		62	0	345	0.0	122	1	657	0.0015220700152207
CUFF_NC.2469	1	26281299	26281851	-	0	0	0		11	0	35	0.0	79	2	312	0.00641025641025641
CUFF_NC.2473	1	26293950	26294356	+	0	0	0		52	0	242	0.0	111	2	408	0.004901960784313725
CUFF_NC.2471	1	26323388	26324975	+	0	0	0		84	1	397	0.0025188916876574307	366	7	1831	0.0038230475150191155
CUFF_NC.2475	1	26327570	26328122	+	0	0	0		34	1	160	0.00625	122	1	608	0.001644736842105263
CUFF_NC.2476	1	26329674	26332213	-	0	0	0		157	1	693	0.001443001443001443	639	3	2562	0.00117096018735363
CUFF_NC.2474	1	26345437	26345851	-	0	0	0		21	0	167	0.0	109	1	842	0.0011876484560570072
CUFF_NC.2478	1	26350172	26351076	+	0	0	0		44	1	197	0.005076142131979695	174	2	767	0.002607561929595828
CUFF_NC.2477	1	26363606	26364891	+	0	0	0		79	1	367	0.0027247956403269754	310	2	1504	0.0013297872340425532
CUFF_NC.2486	1	26400926	26402221	-	0	0	0		93	1	419	0.002386634844868735	326	4	1420	0.0028169014084507044
CUFF_NC.2480	1	26413575	26414631	+	0	0	0		70	1	283	0.0035335689045936395	294	2	1054	0.0018975332068311196
CUFF_NC.2481	1	26421170	26421579	-	0	0	0		26	0	128	0.0	134	2	602	0.0033222591362126247
CUFF_NC.2485	1	26427494	26428329	-	0	0	0		66	1	234	0.004273504273504274	278	1	989	0.0010111223458038423
CUFF_NC.2484	1	26432680	26433373	+	0	0	0		45	0	251	0.0	191	2	891	0.002244668911335578
CUFF_NC.2482	1	26439838	26440457	-	0	0	0		33	0	167	0.0	159	4	778	0.005141388174807198
CUFF_NC.2483	1	26441578	26442490	-	0	0	0		35	0	189	0.0	293	7	1364	0.005131964809384164
CUFF_NC.2487	1	26450071	26451105	-	0	0	0		53	1	235	0.00425531914893617	269	2	1277	0.0015661707126076742
CUFF_NC.2488	1	26454073	26455336	-	0	0	0		80	0	360	0.0	357	4	1693	0.002362669816893089
CUFF_NC.2489	1	26488702	26489920	+	0	0	0		78	3	352	0.008522727272727272	325	4	1521	0.0026298487836949377
CUFF_NC.2490	1	26492968	26494772	+	0	0	0		164	3	672	0.004464285714285714	544	5	1898	0.0026343519494204425
CUFF_NC.2491	1	26499944	26500637	+	0	0	0		73	0	351	0.0	191	2	834	0.002398081534772182
CUFF_NC.2492	1	26512849	26515253	+	0	0	0		166	2	696	0.0028735632183908046	515	4	2119	0.0018876828692779614
CUFF_NC.2502	1	26541145	26541578	+	0	0	0		11	0	52	0.0	123	1	487	0.002053388090349076
CUFF_NC.2493	1	26551698	26552175	-	0	0	0		6	23	33	0.696969696969697	79	92	541	0.17005545286506468
CUFF_NC.2497	1	26561670	26563455	-	0	0	0		134	1	527	0.0018975332068311196	464	4	1939	0.0020629190304280558
CUFF_NC.2498	1	26572050	26572567	-	0	0	0		20	0	117	0.0	167	4	1038	0.0038535645472061657
CUFF_NC.2499	1	26583395	26584784	+	0	0	0		70	2	315	0.006349206349206349	359	1	1614	0.0006195786864931846
CUFF_NC.2500	1	26585077	26585539	+	0	0	0		42	0	265	0.0	128	0	763	0.0
CUFF_NC.2494	1	26594940	26595349	+	0	0	0		13	0	98	0.0	76	0	538	0.0
CUFF_NC.2495	1	26604946	26605351	-	0	0	0		32	1	129	0.007751937984496124	103	1	411	0.0024330900243309003
CUFF_NC.2496	1	26606360	26606981	-	0	0	0		28	0	132	0.0	190	1	860	0.0011627906976744186
CUFF_NC.2501	1	26616266	26616996	+	0	0	0		31	0	151	0.0	177	2	842	0.0023752969121140144
CUFF_NC.2538	1	26626571	26626990	-	0	0	0		49	0	150	0.0	132	0	348	0.0
CUFF_NC.2539	1	26629271	26629963	-	0	0	0		62	2	343	0.0058309037900874635	189	2	902	0.0022172949002217295
CUFF_NC.2503	1	26636073	26636929	-	0	0	0		37	0	140	0.0	199	4	795	0.005031446540880503
CUFF_NC.2504	1	26666448	26666960	-	0	0	0		30	0	119	0.0	130	1	406	0.0024630541871921183
CUFF_NC.2505	1	26680734	26681636	+	0	0	0		42	0	196	0.0	246	5	952	0.005252100840336135
CUFF_NC.2507	1	26689806	26690217	+	0	0	0		26	0	117	0.0	114	0	531	0.0
CUFF_NC.2521	1	26704466	26705244	-	0	0	0		51	1	274	0.0036496350364963502	186	4	937	0.004268943436499467
CUFF_NC.2520	1	26715306	26718522	+	0	0	0		142	64	670	0.0955223880597015	852	31	3838	0.008077123501823866
CUFF_NC.2506	1	26725693	26726665	+	0	0	0		43	11	221	0.049773755656108594	246	4	1226	0.0032626427406199023
CUFF_NC.2508	1	26727525	26728583	-	0	0	0		46	0	176	0.0	271	3	964	0.0031120331950207467
CUFF_NC.2509	1	26733383	26733830	-	0	0	0		25	0	143	0.0	109	0	514	0.0
CUFF_NC.2510	1	26742834	26744967	-	0	0	0		133	0	460	0.0	510	4	1678	0.0023837902264600714
CUFF_NC.2511	1	26779756	26780403	+	0	0	0		1	1	1	1.0	34	0	51	0.0
CUFF_NC.2512	1	26780513	26781122	+	0	0	0		4	3	9	0.3333333333333333	13	0	34	0.0
CUFF_NC.2513	1	26797788	26799019	+	0	0	0		84	1	261	0.0038314176245210726	305	5	913	0.00547645125958379
CUFF_NC.2514	1	26799839	26800519	+	0	0	0		12	0	59	0.0	184	2	685	0.00291970802919708
CUFF_NC.2516	1	26809902	26811756	+	0	0	0		153	3	727	0.0041265474552957355	459	7	2073	0.003376748673420164
CUFF_NC.2518	1	26812188	26815651	-	0	0	0		195	4	840	0.004761904761904762	969	5	4496	0.001112099644128114
CUFF_NC.2517	1	26828881	26829310	+	0	0	0		28	0	106	0.0	135	1	526	0.0019011406844106464
CUFF_NC.2519	1	26854593	26855111	-	0	0	0		14	0	61	0.0	72	3	265	0.011320754716981131
CUFF_NC.2523	1	26888513	26889518	+	0	0	0		74	0	351	0.0	263	5	1218	0.004105090311986864
CUFF_NC.2522	1	26899730	26902324	+	0	0	0		156	2	589	0.003395585738539898	616	6	2309	0.00259852750108272
CUFF_NC.2524	1	26938300	26939196	-	0	0	0		39	0	169	0.0	228	2	926	0.0021598272138228943
CUFF_NC.2527	1	26939499	26942952	-	0	0	0		279	7	1156	0.006055363321799308	945	13	4007	0.0032443224357374596
CUFF_NC.2525	1	26944939	26947553	-	0	0	0		115	8	548	0.014598540145985401	662	8	3180	0.0025157232704402514
CUFF_NC.2526	1	26964228	26964679	-	0	0	0		17	0	70	0.0	92	2	382	0.005235602094240838
CUFF_NC.2528	1	26970279	26970640	-	0	0	0		4	0	25	0.0	104	3	702	0.004273504273504274
CUFF_NC.2531	1	26983785	26984794	-	0	0	0		55	0	232	0.0	287	2	1099	0.0018198362147406734
CUFF_NC.2529	1	26995577	26996631	+	0	0	0		61	1	335	0.0029850746268656717	292	8	1514	0.005284015852047556
CUFF_NC.2537	1	27020575	27021890	-	0	0	0		79	0	368	0.0	359	4	1488	0.002688172043010753
CUFF_NC.2530	1	27024715	27025407	+	0	0	0		50	1	205	0.004878048780487805	207	2	861	0.0023228803716608595
CUFF_NC.2532	1	27034393	27035196	+	0	0	0		63	0	268	0.0	237	3	781	0.0038412291933418692
CUFF_NC.2534	1	27054194	27059182	-	0	0	0		244	6	1195	0.00502092050209205	1196	24	6160	0.003896103896103896
CUFF_NC.2535	1	27055849	27060779	-	0	0	0		195	4	1003	0.003988035892323031	1158	18	6191	0.0029074462930059764
CUFF_NC.2536	1	27063690	27064430	-	0	0	0		40	0	213	0.0	189	0	992	0.0
CUFF_NC.2533	1	27064835	27065946	-	0	0	0		47	0	188	0.0	281	0	1170	0.0
CUFF_NC.2544	1	27079240	27079552	-	0	0	0		19	0	93	0.0	87	0	450	0.0
CUFF_NC.2542	1	27087040	27087959	+	0	0	0		66	2	314	0.006369426751592357	220	3	1134	0.0026455026455026454
CUFF_NC.2543	1	27088059	27088485	+	0	0	0		25	1	93	0.010752688172043012	88	1	331	0.0030211480362537764
CUFF_NC.2540	1	27092891	27093930	-	0	0	0		59	1	322	0.003105590062111801	230	0	1056	0.0
CUFF_NC.2545	1	27097522	27098082	-	0	0	0		25	0	146	0.0	134	1	687	0.001455604075691412
CUFF_NC.2541	1	27104994	27105794	-	0	0	0		33	1	108	0.009259259259259259	202	1	734	0.0013623978201634877
CUFF_NC.2546	1	27120100	27120731	+	0	0	0		20	0	112	0.0	133	2	870	0.0022988505747126436
CUFF_NC.2547	1	27132400	27135188	-	0	0	0		208	5	949	0.005268703898840885	770	9	3588	0.002508361204013378
CUFF_NC.2548	1	27134083	27134578	-	0	0	0		41	1	175	0.005714285714285714	127	1	700	0.0014285714285714286
CUFF_NC.2550	1	27154697	27155632	+	0	0	0		73	0	363	0.0	269	4	1351	0.0029607698001480384
CUFF_NC.2549	1	27160329	27160793	+	0	0	0		15	0	88	0.0	105	1	617	0.0016207455429497568
CUFF_NC.2563	1	27169855	27171342	+	0	0	0		108	0	478	0.0	385	6	1595	0.003761755485893417
CUFF_NC.2555	1	27179870	27181625	-	0	0	0		80	1	337	0.002967359050445104	466	9	2187	0.00411522633744856
CUFF_NC.2552	1	27184324	27185688	+	0	0	0		86	0	404	0.0	362	2	1501	0.0013324450366422385
CUFF_NC.2553	1	27188462	27189181	-	0	0	0		58	0	212	0.0	185	2	731	0.0027359781121751026
CUFF_NC.2551	1	27190065	27190713	-	0	0	0		36	1	133	0.007518796992481203	155	1	600	0.0016666666666666668
CUFF_NC.2560	1	27199704	27200275	+	0	0	0		34	0	161	0.0	163	0	640	0.0
CUFF_NC.2561	1	27209773	27213140	+	0	0	0		244	2	1387	0.0014419610670511895	874	19	4370	0.004347826086956522
CUFF_NC.2554	1	27227412	27227860	-	0	0	0		23	1	101	0.009900990099009901	113	3	545	0.005504587155963303
CUFF_NC.2559	1	27228202	27229436	+	0	0	0		90	1	495	0.00202020202020202	348	4	1802	0.0022197558268590455
CUFF_NC.2567	1	27244997	27245550	-	0	0	0		27	0	125	0.0	144	3	693	0.004329004329004329
CUFF_NC.2556	1	27259255	27259576	+	0	0	0		7	0	44	0.0	88	2	525	0.0038095238095238095
CUFF_NC.2557	1	27259678	27260559	+	0	0	0		33	1	133	0.007518796992481203	215	2	1028	0.0019455252918287938
CUFF_NC.2564	1	27272877	27273548	+	0	0	0		42	1	183	0.00546448087431694	174	1	612	0.0016339869281045752
CUFF_NC.2565	1	27275038	27275764	+	0	0	0		47	0	290	0.0	182	4	1110	0.0036036036036036037
CUFF_NC.2558	1	27276713	27277282	+	0	0	0		26	0	96	0.0	128	1	542	0.0018450184501845018
CUFF_NC.2562	1	27285195	27285778	-	0	0	0		39	0	136	0.0	142	1	454	0.0022026431718061676
CUFF_NC.2568	1	27297970	27298459	+	0	0	0		43	0	206	0.0	119	0	522	0.0
CUFF_NC.2566	1	27311641	27312599	-	0	0	0		62	0	244	0.0	220	3	737	0.004070556309362279
CUFF_NC.2569	1	27344084	27344718	-	0	0	0		35	1	204	0.004901960784313725	141	2	758	0.002638522427440633
CUFF_NC.2580	1	27352427	27353640	-	0	0	0		71	1	260	0.0038461538461538464	315	4	1076	0.0037174721189591076
CUFF_NC.2572	1	27388011	27388470	+	0	0	0		25	0	126	0.0	127	0	662	0.0
CUFF_NC.2570	1	27390956	27391714	-	0	0	0		63	3	298	0.010067114093959731	221	3	905	0.0033149171270718232
CUFF_NC.2571	1	27392450	27393160	-	0	0	0		45	2	207	0.00966183574879227	175	0	744	0.0
CUFF_NC.2573	1	27394539	27396618	-	0	0	0		129	1	454	0.0022026431718061676	411	3	1259	0.0023828435266084196
CUFF_NC.2577	1	27409459	27413628	+	0	0	0		331	3	1587	0.001890359168241966	1207	16	5633	0.002840404757677969
CUFF_NC.2578	1	27416113	27419122	+	0	0	0		229	2	1070	0.001869158878504673	860	13	4212	0.0030864197530864196
CUFF_NC.2576	1	27421903	27423106	-	0	0	0		75	0	396	0.0	322	2	1609	0.001243008079552517
CUFF_NC.2588	1	27450474	27451060	-	0	0	0		37	0	153	0.0	168	2	691	0.002894356005788712
CUFF_NC.2575	1	27469589	27470160	+	0	0	0		44	0	224	0.0	161	1	859	0.0011641443538998836
CUFF_NC.2574	1	27478256	27478671	+	0	0	0		15	0	111	0.0	100	0	634	0.0
CUFF_NC.2581	1	27482273	27482765	-	0	0	0		51	1	269	0.0037174721189591076	141	2	798	0.002506265664160401
CUFF_NC.2579	1	27504676	27506431	+	0	0	0		126	1	600	0.0016666666666666668	495	7	2386	0.002933780385582565
CUFF_NC.2585	1	27530259	27531182	+	0	0	0		28	1	110	0.00909090909090909	171	5	634	0.007886435331230283
CUFF_NC.2582	1	27533596	27534533	+	0	0	0		42	3	267	0.011235955056179775	251	7	1444	0.004847645429362881
CUFF_NC.2583	1	27536453	27537218	-	0	0	0		10	0	37	0.0	170	1	700	0.0014285714285714286
CUFF_NC.2586	1	27538137	27539483	-	0	0	0		57	0	238	0.0	380	5	1556	0.003213367609254499
CUFF_NC.2584	1	27547247	27548323	+	0	0	0		60	0	266	0.0	241	6	1043	0.005752636625119847
CUFF_NC.2594	1	27559974	27564049	+	0	0	0		193	3	901	0.003329633740288568	970	16	4225	0.00378698224852071
CUFF_NC.2587	1	27568885	27569320	+	0	0	0		28	0	145	0.0	135	0	724	0.0
CUFF_NC.2591	1	27573842	27574280	-	0	0	0		36	0	214	0.0	114	3	698	0.004297994269340974
CUFF_NC.2595	1	27584530	27586855	+	0	0	0		164	2	859	0.002328288707799767	638	7	3278	0.0021354484441732766
CUFF_NC.2601	1	27618644	27619666	-	0	0	0		40	0	233	0.0	257	6	1504	0.003989361702127659
CUFF_NC.2602	1	27627056	27627457	-	0	0	0		31	1	149	0.006711409395973154	108	1	466	0.002145922746781116
CUFF_NC.2592	1	27633664	27636707	+	0	0	0		162	153	829	0.18455971049457176	758	192	3716	0.05166846071044134
CUFF_NC.2589	1	27638558	27645298	+	0	0	0		230	5	1030	0.0048543689320388345	1356	15	6179	0.002427577277876679
CUFF_NC.2590	1	27642380	27643051	+	0	0	0		24	1	74	0.013513513513513514	172	0	559	0.0
CUFF_NC.2599	1	27650142	27650549	+	0	0	0		29	0	83	0.0	88	0	231	0.0
CUFF_NC.2597	1	27653399	27653776	-	0	0	0		32	2	137	0.014598540145985401	119	0	468	0.0
CUFF_NC.2598	1	27654821	27655453	-	0	0	0		45	1	221	0.004524886877828055	149	5	766	0.006527415143603133
CUFF_NC.2593	1	27656279	27656750	+	0	0	0		12	1	75	0.013333333333333334	102	3	594	0.005050505050505051
CUFF_NC.2596	1	27669070	27669688	-	0	0	0		11	0	53	0.0	117	0	676	0.0
CUFF_NC.2600	1	27683548	27683986	+	0	0	0		19	0	70	0.0	103	2	429	0.004662004662004662
CUFF_NC.2603	1	27684561	27685431	-	0	0	0		47	59	269	0.21933085501858737	185	9	1016	0.008858267716535433
CUFF_NC.2609	1	27686521	27687239	-	0	0	0		33	0	151	0.0	162	2	750	0.0026666666666666666
CUFF_NC.2604	1	27711850	27712337	-	0	0	0		32	0	176	0.0	125	2	659	0.0030349013657056147
CUFF_NC.2605	1	27712515	27713215	-	0	0	0		27	0	112	0.0	132	1	562	0.0017793594306049821
CUFF_NC.2606	1	27720249	27720698	-	0	0	0		25	0	68	0.0	129	2	381	0.005249343832020997
CUFF_NC.2608	1	27730651	27731788	+	0	0	0		99	2	458	0.004366812227074236	336	6	1572	0.003816793893129771
CUFF_NC.2607	1	27734120	27736127	-	0	0	0		125	0	526	0.0	527	6	2019	0.0029717682020802376
CUFF_NC.2611	1	27740401	27741556	+	0	0	0		36	0	136	0.0	221	2	910	0.002197802197802198
CUFF_NC.2610	1	27754575	27755248	+	0	0	0		31	0	192	0.0	184	4	936	0.004273504273504274
CUFF_NC.2613	1	27804021	27804722	+	0	0	0		28	0	101	0.0	179	1	605	0.001652892561983471
CUFF_NC.2618	1	27805079	27805845	+	0	0	0		60	2	259	0.007722007722007722	208	1	832	0.001201923076923077
CUFF_NC.2612	1	27822546	27823567	+	0	0	0		77	11	473	0.023255813953488372	275	5	1654	0.003022974607013301
CUFF_NC.2614	1	27831188	27834654	+	0	0	0		160	4	774	0.00516795865633075	801	13	4109	0.003163786809442687
CUFF_NC.2615	1	27831641	27832162	+	0	0	0		10	0	65	0.0	121	2	768	0.0026041666666666665
CUFF_NC.2619	1	27851608	27853467	+	0	0	0		93	0	436	0.0	492	9	2137	0.004211511464670099
CUFF_NC.2617	1	27861648	27862759	-	0	0	0		83	0	431	0.0	311	3	1618	0.001854140914709518
CUFF_NC.2616	1	27864557	27865621	+	0	0	0		49	2	241	0.008298755186721992	324	3	1409	0.0021291696238466998
CUFF_NC.2620	1	27873422	27875936	-	0	0	0		138	2	790	0.002531645569620253	695	5	3915	0.001277139208173691
CUFF_NC.2621	1	27883520	27883940	-	0	0	0		28	0	217	0.0	98	0	737	0.0
CUFF_NC.2643	1	27887067	27887706	-	0	0	0		42	0	245	0.0	157	1	855	0.0011695906432748538
CUFF_NC.2642	1	27891644	27892489	+	0	0	0		56	1	229	0.004366812227074236	265	6	1134	0.005291005291005291
CUFF_NC.2628	1	27907465	27908385	+	0	0	0		69	1	346	0.002890173410404624	242	5	1149	0.004351610095735422
CUFF_NC.2626	1	27911790	27912790	-	0	0	0		73	1	371	0.0026954177897574125	295	3	1428	0.0021008403361344537
CUFF_NC.2627	1	27916344	27916797	-	0	0	0		37	0	104	0.0	141	3	356	0.008426966292134831
CUFF_NC.2624	1	27925133	27925825	+	0	0	0		62	0	187	0.0	195	1	530	0.0018867924528301887
CUFF_NC.2649	1	27930818	27934220	-	0	0	0		114	39	521	0.07485604606525911	819	53	3967	0.013360221830098312
CUFF_NC.2650	1	27940803	27941449	-	0	0	0		28	0	151	0.0	187	1	873	0.001145475372279496
CUFF_NC.2651	1	27943298	27944081	+	0	0	0		41	0	252	0.0	216	0	1369	0.0
CUFF_NC.2622	1	27951825	27952500	-	0	0	0		13	0	69	0.0	158	0	707	0.0
CUFF_NC.2625	1	27964804	27965229	-	0	0	0		29	0	191	0.0	122	2	710	0.0028169014084507044
CUFF_NC.2629	1	27987144	27987556	-	0	0	0		32	0	199	0.0	120	1	703	0.001422475106685633
CUFF_NC.2632	1	28005157	28005779	-	0	0	0		35	5	224	0.022321428571428572	135	3	814	0.0036855036855036856
CUFF_NC.2633	1	28006210	28007576	-	0	0	0		93	1	345	0.002898550724637681	398	2	1429	0.0013995801259622112
CUFF_NC.2635	1	28011135	28012168	+	0	0	0		52	1	285	0.0035087719298245615	254	2	1355	0.0014760147601476014
CUFF_NC.2631	1	28013117	28015835	-	0	0	0		175	3	870	0.0034482758620689655	772	9	3977	0.002263012320844858
CUFF_NC.2634	1	28026311	28026676	+	0	0	0		27	1	148	0.006756756756756757	98	0	479	0.0
CUFF_NC.2630	1	28028053	28028803	-	0	0	0		45	0	221	0.0	201	1	935	0.0010695187165775401
CUFF_NC.2636	1	28030004	28030461	+	0	0	0		2	0	19	0.0	33	1	199	0.005025125628140704
CUFF_NC.2639	1	28031821	28032517	-	0	0	0		48	2	211	0.009478672985781991	207	7	913	0.007667031763417305
CUFF_NC.2638	1	28054209	28054753	+	0	0	0		23	0	123	0.0	112	2	543	0.003683241252302026
CUFF_NC.2637	1	28056359	28056889	-	0	0	0		21	0	124	0.0	146	1	886	0.001128668171557562
CUFF_NC.2640	1	28060272	28060603	-	0	0	0		17	1	107	0.009345794392523364	88	3	562	0.005338078291814947
CUFF_NC.2641	1	28061727	28062335	+	0	0	0		45	2	223	0.008968609865470852	200	3	922	0.0032537960954446853
CUFF_NC.2646	1	28092405	28092981	+	0	0	0		41	1	272	0.003676470588235294	166	5	1051	0.004757373929590866
CUFF_NC.2648	1	28104654	28105155	+	0	0	0		34	0	145	0.0	135	3	598	0.005016722408026756
CUFF_NC.2644	1	28118642	28119644	+	0	0	0		74	0	352	0.0	282	3	1146	0.002617801047120419
CUFF_NC.2645	1	28120927	28121703	+	0	0	0		45	0	191	0.0	234	5	834	0.005995203836930456
CUFF_NC.2647	1	28129576	28130101	+	0	0	0		25	1	141	0.0070921985815602835	146	0	692	0.0
CUFF_NC.2653	1	28151467	28151888	+	0	0	0		14	1	63	0.015873015873015872	96	0	339	0.0
CUFF_NC.2652	1	28157561	28159306	+	0	0	0		110	4	509	0.007858546168958742	437	7	2132	0.003283302063789869
CUFF_NC.2656	1	28170681	28171301	-	0	0	0		31	0	151	0.0	145	1	702	0.0014245014245014246
CUFF_NC.2657	1	28174085	28175346	-	0	0	0		107	2	405	0.0049382716049382715	288	1	1150	0.0008695652173913044
CUFF_NC.2654	1	28176173	28176628	-	0	0	0		20	0	106	0.0	119	1	556	0.0017985611510791368
CUFF_NC.2655	1	28186851	28187140	-	0	0	0		14	0	64	0.0	106	1	465	0.002150537634408602
CUFF_NC.2660	1	28194083	28197464	+	0	0	0		213	1	1158	0.0008635578583765112	879	15	4667	0.0032140561388472252
CUFF_NC.2661	1	28200216	28200492	+	0	0	0		23	0	120	0.0	85	1	395	0.002531645569620253
CUFF_NC.2662	1	28201332	28201944	+	0	0	0		46	1	190	0.005263157894736842	181	1	826	0.0012106537530266344
CUFF_NC.2665	1	28219404	28220231	-	0	0	0		46	0	197	0.0	204	3	714	0.004201680672268907
CUFF_NC.2659	1	28222839	28223656	+	0	0	0		58	2	286	0.006993006993006993	197	1	746	0.0013404825737265416
CUFF_NC.2664	1	28234029	28235713	-	0	0	0		107	2	453	0.004415011037527594	426	5	1734	0.0028835063437139563
CUFF_NC.2663	1	28241372	28242717	-	0	0	0		50	1	235	0.00425531914893617	342	2	1552	0.001288659793814433
CUFF_NC.2672	1	28252897	28257236	-	0	0	0		229	4	1334	0.0029985007496251873	1135	20	6400	0.003125
CUFF_NC.2668	1	28263981	28264863	-	0	0	0		66	1	306	0.0032679738562091504	258	2	864	0.0023148148148148147
CUFF_NC.2667	1	28292024	28292795	-	0	0	0		64	1	224	0.004464285714285714	164	2	584	0.003424657534246575
CUFF_NC.2669	1	28297914	28298284	-	0	0	0		17	0	73	0.0	93	1	464	0.0021551724137931034
CUFF_NC.2670	1	28313330	28314083	-	0	0	0		55	1	223	0.004484304932735426	204	3	902	0.0033259423503325942
CUFF_NC.2671	1	28331890	28333215	+	0	0	0		49	111	263	0.4220532319391635	265	55	1317	0.04176157934700076
CUFF_NC.2674	1	28335352	28336772	-	0	0	0		62	1	260	0.0038461538461538464	400	3	1852	0.0016198704103671706
CUFF_NC.2676	1	28347071	28347582	+	0	0	0		42	1	219	0.0045662100456621	142	2	605	0.003305785123966942
CUFF_NC.2673	1	28354187	28354692	+	0	0	0		19	0	61	0.0	97	0	381	0.0
CUFF_NC.2677	1	28362806	28367559	-	0	0	0		180	5	1023	0.004887585532746823	1136	23	5948	0.00386684599865501
CUFF_NC.2675	1	28377464	28378052	-	0	0	0		25	0	93	0.0	169	0	634	0.0
CUFF_NC.2678	1	28395695	28396124	+	0	0	0		33	1	135	0.007407407407407408	110	1	498	0.002008032128514056
CUFF_NC.2679	1	28404359	28405122	+	0	0	0		53	1	234	0.004273504273504274	207	3	889	0.003374578177727784
CUFF_NC.2680	1	28406179	28407107	+	0	0	0		76	0	423	0.0	191	6	789	0.0076045627376425855
CUFF_NC.2683	1	28413995	28414873	-	0	0	0		65	2	256	0.0078125	264	5	1050	0.004761904761904762
CUFF_NC.2681	1	28428605	28429393	-	0	0	0		53	1	233	0.004291845493562232	218	4	1008	0.003968253968253968
CUFF_NC.2682	1	28430220	28431001	-	0	0	0		76	2	324	0.006172839506172839	175	3	648	0.004629629629629629
CUFF_NC.2685	1	28463543	28466991	+	0	0	0		230	3	1171	0.0025619128949615714	902	11	4258	0.0025833724753405356
CUFF_NC.2686	1	28469423	28471232	-	0	0	0		56	93	300	0.31	428	132	2346	0.056265984654731455
CUFF_NC.2687	1	28469711	28470389	+	0	0	0		29	8	141	0.05673758865248227	201	60	858	0.06993006993006994
CUFF_NC.2684	1	28486455	28487293	-	0	0	0		32	1	150	0.006666666666666667	208	1	818	0.0012224938875305623
CUFF_NC.2692	1	28492510	28494327	-	0	0	0		77	1	380	0.002631578947368421	414	8	2108	0.003795066413662239
CUFF_NC.2690	1	28501448	28508641	-	0	0	0		304	57	1796	0.03173719376391982	1708	47	9641	0.004875012965460015
CUFF_NC.2691	1	28503778	28504403	-	0	0	0		30	0	164	0.0	164	2	887	0.002254791431792559
CUFF_NC.2689	1	28517786	28519873	-	0	0	0		167	1	612	0.0016339869281045752	522	6	2204	0.0027223230490018148
CUFF_NC.2688	1	28520849	28521952	-	0	0	0		42	2	223	0.008968609865470852	214	5	1141	0.0043821209465381246
CUFF_NC.2694	1	28524766	28525315	+	0	0	0		55	0	278	0.0	151	5	793	0.006305170239596469
CUFF_NC.2693	1	28537630	28538575	-	0	0	0		49	1	254	0.003937007874015748	258	3	1138	0.0026362038664323375
CUFF_NC.2695	1	28541508	28542586	-	0	0	0		91	0	477	0.0	282	2	1401	0.0014275517487508922
CUFF_NC.2698	1	28546152	28547651	-	0	0	0		76	1	337	0.002967359050445104	384	5	1922	0.0026014568158168575
CUFF_NC.2696	1	28550390	28551935	+	0	0	0		93	0	402	0.0	391	6	1561	0.003843689942344651
CUFF_NC.2701	1	28575374	28575797	+	0	0	0		26	0	93	0.0	122	0	471	0.0
CUFF_NC.2699	1	28586868	28587767	+	0	0	0		65	6	318	0.018867924528301886	216	1	894	0.0011185682326621924
CUFF_NC.2700	1	28590057	28591497	-	0	0	0		91	0	451	0.0	366	8	1758	0.004550625711035267
CUFF_NC.2702	1	28602959	28603685	+	0	0	0		46	1	140	0.007142857142857143	177	1	468	0.002136752136752137
CUFF_NC.2703	1	28608337	28609252	+	0	0	0		34	1	120	0.008333333333333333	243	2	1022	0.0019569471624266144
CUFF_NC.2705	1	28625913	28627212	-	0	0	0		68	1	323	0.0030959752321981426	390	8	1749	0.004574042309891366
CUFF_NC.2704	1	28630390	28630806	+	0	0	0		20	1	110	0.00909090909090909	104	3	564	0.005319148936170213
CUFF_NC.2706	1	28639179	28639701	-	0	0	0		28	0	144	0.0	126	0	608	0.0
CUFF_NC.2707	1	28643911	28646858	+	0	0	0		157	1	769	0.0013003901170351106	680	3	3481	0.0008618213157138753
CUFF_NC.2709	1	28650521	28651840	+	0	0	0		84	3	346	0.008670520231213872	325	5	1447	0.0034554250172771253
CUFF_NC.2710	1	28655101	28655623	-	0	0	0		25	0	190	0.0	128	5	938	0.005330490405117271
CUFF_NC.2708	1	28668740	28669629	-	0	0	0		59	0	220	0.0	209	2	669	0.0029895366218236174
CUFF_NC.2713	1	28695855	28696938	-	0	0	0		74	1	250	0.004	254	0	779	0.0
CUFF_NC.2711	1	28702773	28703486	-	0	0	0		13	27	77	0.35064935064935066	135	103	694	0.1484149855907781
CUFF_NC.2712	1	28705052	28706542	-	0	0	0		128	3	404	0.007425742574257425	439	3	1398	0.002145922746781116
CUFF_NC.2717	1	28708440	28709024	+	0	0	0		41	0	228	0.0	150	2	838	0.002386634844868735
CUFF_NC.2718	1	28716085	28719305	-	0	0	0		177	2	904	0.0022123893805309734	887	11	4630	0.0023758099352051837
CUFF_NC.2721	1	28728044	28728810	-	0	0	0		57	0	205	0.0	174	1	525	0.0019047619047619048
CUFF_NC.2714	1	28740622	28741847	-	0	0	0		82	0	347	0.0	317	4	1427	0.002803083391730904
CUFF_NC.2716	1	28746693	28747567	-	0	0	0		70	0	301	0.0	175	0	603	0.0
CUFF_NC.2715	1	28749893	28750312	+	0	0	0		4	3	12	0.25	56	23	197	0.116751269035533
CUFF_NC.2719	1	28750843	28751819	-	0	0	0		43	0	198	0.0	210	3	840	0.0035714285714285713
CUFF_NC.2722	1	28769030	28773050	+	0	0	0		209	1	1139	0.000877963125548727	1073	16	5424	0.0029498525073746312
CUFF_NC.2720	1	28775780	28776144	-	0	0	0		14	0	69	0.0	109	4	669	0.005979073243647235
CUFF_NC.2724	1	28787824	28791547	+	0	0	0		144	2	625	0.0032	785	29	3425	0.008467153284671533
CUFF_NC.2725	1	28792053	28792631	+	0	0	0		27	0	161	0.0	159	5	861	0.005807200929152149
CUFF_NC.2728	1	28800045	28800675	+	0	0	0		28	0	134	0.0	152	5	697	0.007173601147776184
CUFF_NC.2723	1	28807568	28810640	-	0	0	0		229	4	1092	0.003663003663003663	823	10	3900	0.002564102564102564
CUFF_NC.2732	1	28820072	28821219	-	0	0	0		63	0	285	0.0	277	3	917	0.003271537622682661
CUFF_NC.2729	1	28828642	28830053	-	0	0	0		77	3	351	0.008547008547008548	368	6	1775	0.0033802816901408453
CUFF_NC.2735	1	28830979	28832512	+	0	0	0		96	1	477	0.0020964360587002098	449	2	2348	0.0008517887563884157
CUFF_NC.2736	1	28834394	28835163	+	0	0	0		59	1	285	0.0035087719298245615	182	2	817	0.0024479804161566705
CUFF_NC.2737	1	28835371	28836224	+	0	0	0		57	2	247	0.008097165991902834	230	0	780	0.0
CUFF_NC.2738	1	28842268	28845631	-	0	0	0		112	3	646	0.0046439628482972135	707	11	4293	0.002562310738411367
CUFF_NC.2733	1	28857310	28858648	-	0	0	0		75	0	491	0.0	372	5	1932	0.002587991718426501
CUFF_NC.2730	1	28870375	28871103	-	0	0	0		12	12	63	0.19047619047619047	89	49	392	0.125
CUFF_NC.2731	1	28870547	28871160	+	0	0	0		7	16	35	0.45714285714285713	48	29	230	0.12608695652173912
CUFF_NC.2734	1	28873119	28874999	+	0	0	0		78	0	284	0.0	518	5	2088	0.0023946360153256703
CUFF_NC.2740	1	28890589	28890853	-	0	0	0		12	1	32	0.03125	57	0	214	0.0
CUFF_NC.2741	1	28892038	28893472	-	0	0	0		91	2	399	0.005012531328320802	386	6	1579	0.0037998733375554147
CUFF_NC.2743	1	28903791	28904224	+	0	0	0		31	0	146	0.0	122	3	530	0.005660377358490566
CUFF_NC.2744	1	28908234	28909050	-	0	0	0		65	0	324	0.0	263	5	1263	0.00395882818685669
CUFF_NC.2742	1	28919095	28919653	+	0	0	0		28	0	133	0.0	114	0	506	0.0
CUFF_NC.2749	1	28932122	28932483	-	0	0	0		15	0	41	0.0	58	2	182	0.01098901098901099
CUFF_NC.2750	1	28933791	28937840	-	0	0	0		214	17	990	0.01717171717171717	968	34	4501	0.007553876916240835
CUFF_NC.2747	1	28944944	28946848	+	0	0	0		132	2	754	0.002652519893899204	500	7	2589	0.0027037466203167246
CUFF_NC.2748	1	28947704	28948670	+	0	0	0		64	1	247	0.004048582995951417	282	2	1023	0.0019550342130987292
CUFF_NC.2752	1	28955680	28960073	-	0	0	0		192	1	948	0.0010548523206751054	1076	16	5512	0.002902757619738752
CUFF_NC.2745	1	28961174	28961666	+	0	0	0		31	0	135	0.0	145	1	478	0.0020920502092050207
CUFF_NC.2746	1	28972692	28973698	-	0	0	0		61	1	288	0.003472222222222222	267	4	1341	0.002982848620432513
CUFF_NC.2751	1	29009522	29011067	+	0	0	0		131	0	643	0.0	422	5	1941	0.002575991756826378
CUFF_NC.2753	1	29035238	29035904	-	0	0	0		30	1	108	0.009259259259259259	117	2	504	0.003968253968253968
CUFF_NC.2757	1	29063503	29063981	+	0	0	0		23	0	84	0.0	133	1	549	0.0018214936247723133
CUFF_NC.2754	1	29080925	29081484	+	0	0	0		24	1	142	0.007042253521126761	143	1	673	0.0014858841010401188
CUFF_NC.2755	1	29085598	29086885	-	0	0	0		68	0	220	0.0	299	2	1150	0.0017391304347826088
CUFF_NC.2756	1	29095291	29095653	-	0	0	0		21	0	121	0.0	105	1	565	0.0017699115044247787
CUFF_NC.2758	1	29144768	29145823	+	0	0	0		69	0	424	0.0	305	6	1597	0.003757044458359424
CUFF_NC.2760	1	29182716	29183650	+	0	0	0		49	1	262	0.003816793893129771	242	0	1326	0.0
CUFF_NC.2759	1	29183759	29184161	+	0	0	0		9	0	45	0.0	117	1	714	0.0014005602240896359
CUFF_NC.2764	1	29188976	29190244	+	0	0	0		93	0	345	0.0	359	3	1422	0.002109704641350211
CUFF_NC.2765	1	29190656	29191745	+	0	0	0		51	1	317	0.0031545741324921135	279	5	1613	0.0030998140111593306
CUFF_NC.2761	1	29197737	29198390	+	0	0	0		17	0	74	0.0	144	2	589	0.003395585738539898
CUFF_NC.2762	1	29201269	29202109	+	0	0	0		29	0	149	0.0	235	6	1225	0.004897959183673469
CUFF_NC.2766	1	29205112	29205570	-	0	0	0		34	1	144	0.006944444444444444	112	1	427	0.00234192037470726
CUFF_NC.2767	1	29206017	29210213	-	0	0	0		165	9	937	0.0096051227321238	818	23	4478	0.00513622152746762
CUFF_NC.2763	1	29212962	29215259	-	0	0	0		119	0	612	0.0	581	5	2938	0.0017018379850238256
CUFF_NC.2770	1	29236084	29236831	+	0	0	0		44	0	178	0.0	225	1	837	0.0011947431302270011
CUFF_NC.2771	1	29238421	29239629	+	0	0	0		85	2	286	0.006993006993006993	286	3	746	0.004021447721179625
CUFF_NC.2768	1	29242555	29242923	+	0	0	0		11	1	76	0.013157894736842105	83	4	594	0.006734006734006734
CUFF_NC.2769	1	29250707	29251861	+	0	0	0		88	1	391	0.0025575447570332483	262	4	1257	0.0031821797931583136
CUFF_NC.2803	1	29253545	29254421	-	0	0	0		44	0	208	0.0	272	0	1118	0.0
CUFF_NC.2804	1	29259172	29259939	-	0	0	0		68	3	356	0.008426966292134831	207	6	1023	0.005865102639296188
CUFF_NC.2802	1	29260981	29261555	+	0	0	0		39	1	230	0.004347826086956522	177	1	895	0.0011173184357541898
CUFF_NC.2773	1	29269426	29270435	-	0	0	0		70	0	306	0.0	315	4	1215	0.0032921810699588477
CUFF_NC.2772	1	29277208	29278626	+	0	0	0		69	2	367	0.005449591280653951	346	2	1406	0.001422475106685633
CUFF_NC.2774	1	29286528	29287519	+	0	0	0		44	1	215	0.004651162790697674	266	4	1326	0.0030165912518853697
CUFF_NC.2775	1	29290089	29290745	-	0	0	0		29	0	135	0.0	166	1	760	0.0013157894736842105
CUFF_NC.2787	1	29294577	29295187	-	0	0	0		54	0	287	0.0	173	1	902	0.0011086474501108647
CUFF_NC.2776	1	29304659	29305207	+	0	0	0		30	0	293	0.0	152	2	1474	0.0013568521031207597
CUFF_NC.2778	1	29320720	29321328	+	0	0	0		30	0	156	0.0	134	2	710	0.0028169014084507044
CUFF_NC.2779	1	29322410	29323358	+	0	0	0		51	0	185	0.0	261	8	1145	0.0069868995633187774
CUFF_NC.2781	1	29327283	29333215	-	0	0	0		286	4	1584	0.0025252525252525255	1530	31	8082	0.0038356842365751052
CUFF_NC.2777	1	29335781	29336250	-	0	0	0		50	0	156	0.0	131	1	434	0.002304147465437788
CUFF_NC.2780	1	29340851	29341480	+	0	0	0		13	0	97	0.0	150	1	951	0.0010515247108307045
CUFF_NC.2782	1	29342240	29343044	-	0	0	0		4	0	7	0.0	31	0	45	0.0
CUFF_NC.2784	1	29344274	29345115	-	0	0	0		33	0	90	0.0	134	0	417	0.0
CUFF_NC.2783	1	29364560	29365936	-	0	0	0		107	1	512	0.001953125	281	4	1135	0.003524229074889868
CUFF_NC.2786	1	29387607	29389018	-	0	0	0		106	0	426	0.0	298	1	987	0.0010131712259371835
CUFF_NC.2785	1	29391745	29393064	-	0	0	0		88	2	358	0.00558659217877095	325	7	1158	0.006044905008635579
CUFF_NC.2788	1	29408073	29409164	-	0	0	0		66	3	360	0.008333333333333333	321	2	1860	0.001075268817204301
CUFF_NC.2789	1	29414437	29415255	-	0	0	0		45	0	256	0.0	231	4	1184	0.0033783783783783786
CUFF_NC.2792	1	29415576	29415897	-	0	0	0		18	1	83	0.012048192771084338	86	1	337	0.002967359050445104
CUFF_NC.2793	1	29416104	29417292	-	0	0	0		97	1	541	0.0018484288354898336	313	9	1625	0.005538461538461538
CUFF_NC.2794	1	29419487	29420000	-	0	0	0		10	0	56	0.0	147	1	770	0.0012987012987012987
CUFF_NC.2791	1	29423491	29424642	+	0	0	0		45	1	177	0.005649717514124294	218	3	1012	0.0029644268774703555
CUFF_NC.2795	1	29427801	29428566	+	0	0	0		54	0	260	0.0	193	4	931	0.004296455424274973
CUFF_NC.2796	1	29427944	29428869	-	0	0	0		51	0	247	0.0	218	6	1191	0.005037783375314861
CUFF_NC.2797	1	29428187	29428439	-	0	0	0		22	0	107	0.0	64	1	284	0.0035211267605633804
CUFF_NC.2798	1	29435760	29436285	+	0	0	0		29	0	133	0.0	113	1	485	0.002061855670103093
CUFF_NC.2817	1	29458789	29459145	+	0	0	0		23	1	103	0.009708737864077669	90	1	373	0.002680965147453083
CUFF_NC.2790	1	29460160	29461512	-	0	0	0		30	0	118	0.0	335	8	1586	0.005044136191677175
CUFF_NC.2800	1	29480359	29481494	-	0	0	0		0	0	0		8	0	8	0.0
CUFF_NC.2801	1	29480889	29481478	+	0	0	0		0	0	0		8	0	8	0.0
CUFF_NC.2808	1	29484342	29487010	+	0	0	0		143	4	732	0.00546448087431694	688	13	2985	0.004355108877721943
CUFF_NC.2805	1	29491895	29492297	+	0	0	0		35	0	107	0.0	81	0	174	0.0
CUFF_NC.2807	1	29502431	29503136	-	0	0	0		32	0	102	0.0	107	0	333	0.0
CUFF_NC.2809	1	29506980	29507295	-	0	0	0		28	1	151	0.006622516556291391	100	2	546	0.003663003663003663
CUFF_NC.2806	1	29509626	29510723	-	0	0	0		104	2	431	0.004640371229698376	326	2	1168	0.0017123287671232876
CUFF_NC.2810	1	29516478	29518127	+	0	0	0		79	1	272	0.003676470588235294	273	3	880	0.003409090909090909
CUFF_NC.2811	1	29521532	29521938	-	0	0	0		11	0	65	0.0	108	1	679	0.0014727540500736377
CUFF_NC.2815	1	29529625	29530493	-	0	0	0		41	0	172	0.0	248	6	928	0.00646551724137931
CUFF_NC.2812	1	29537964	29538314	+	0	0	0		7	0	54	0.0	89	4	645	0.006201550387596899
CUFF_NC.2818	1	29541354	29541766	+	0	0	0		30	0	162	0.0	120	2	618	0.003236245954692557
CUFF_NC.2813	1	29565667	29566094	-	0	0	0		56	0	260	0.0	100	1	469	0.0021321961620469083
CUFF_NC.2814	1	29573209	29573612	+	0	0	0		11	0	41	0.0	107	1	540	0.001851851851851852
CUFF_NC.2816	1	29579339	29580836	+	0	0	0		91	1	477	0.0020964360587002098	415	3	2036	0.0014734774066797642
CUFF_NC.2819	1	29587048	29590756	-	0	0	0		156	39	878	0.04441913439635535	822	32	4481	0.007141263110912743
CUFF_NC.2823	1	29597722	29598861	-	0	0	0		84	1	394	0.0025380710659898475	284	12	1391	0.008626887131560028
CUFF_NC.2821	1	29607807	29608356	+	0	0	0		34	0	115	0.0	155	5	690	0.007246376811594203
CUFF_NC.2820	1	29611329	29612627	+	0	0	0		50	53	171	0.30994152046783624	258	116	940	0.12340425531914893
CUFF_NC.2840	1	29624632	29625543	+	0	0	0		31	0	110	0.0	186	2	713	0.002805049088359046
CUFF_NC.2841	1	29625758	29626847	+	0	0	0		82	0	464	0.0	299	3	1493	0.0020093770931011385
CUFF_NC.2825	1	29634417	29647470	+	0	0	0		672	14	3124	0.004481434058898848	3176	39	14893	0.002618679916739408
CUFF_NC.2824	1	29679936	29680265	+	0	0	0		15	1	53	0.018867924528301886	104	1	313	0.003194888178913738
CUFF_NC.2822	1	29684292	29684836	+	0	0	0		24	0	115	0.0	136	1	617	0.0016207455429497568
CUFF_NC.2835	1	29694088	29694839	+	0	0	0		26	0	136	0.0	182	4	850	0.004705882352941176
CUFF_NC.2827	1	29696416	29696925	-	0	0	0		24	0	98	0.0	137	2	573	0.0034904013961605585
CUFF_NC.2836	1	29703715	29704202	-	0	0	0		10	0	40	0.0	129	4	635	0.006299212598425197
CUFF_NC.2853	1	29714425	29715029	+	0	0	0		43	1	156	0.00641025641025641	158	3	480	0.00625
CUFF_NC.2829	1	29744920	29745384	+	0	0	0		20	0	94	0.0	128	1	585	0.0017094017094017094
CUFF_NC.2828	1	29745890	29746855	+	0	0	0		39	1	253	0.003952569169960474	251	2	1383	0.0014461315979754157
CUFF_NC.2833	1	29758880	29760698	-	0	0	0		72	1	266	0.0037593984962406013	412	3	1385	0.0021660649819494585
CUFF_NC.2831	1	29763120	29767093	+	0	0	0		139	4	810	0.0049382716049382715	1027	15	5532	0.0027114967462039045
CUFF_NC.2832	1	29767319	29768282	+	0	0	0		57	0	323	0.0	286	4	1284	0.003115264797507788
CUFF_NC.2830	1	29770110	29770513	+	0	0	0		5	15	16	0.9375	86	11	383	0.028720626631853787
CUFF_NC.2834	1	29779636	29780944	+	0	0	0		69	1	217	0.004608294930875576	280	1	959	0.0010427528675703858
CUFF_NC.2837	1	29786960	29787572	-	0	0	0		47	0	326	0.0	173	2	1072	0.0018656716417910447
CUFF_NC.2848	1	29792945	29793724	-	0	0	0		61	3	231	0.012987012987012988	163	0	640	0.0
CUFF_NC.2838	1	29810434	29811035	+	0	0	0		41	0	150	0.0	152	3	626	0.004792332268370607
CUFF_NC.2839	1	29811597	29812258	+	0	0	0		41	21	211	0.0995260663507109	200	9	948	0.00949367088607595
CUFF_NC.2851	1	29817480	29818069	-	0	0	0		39	0	171	0.0	174	0	761	0.0
CUFF_NC.2842	1	29841593	29842320	+	0	0	0		24	3	117	0.02564102564102564	182	4	834	0.004796163069544364
CUFF_NC.2846	1	29868323	29869777	+	0	0	0		92	2	433	0.004618937644341801	404	5	1778	0.00281214848143982
CUFF_NC.2843	1	29872235	29872954	-	0	0	0		42	1	147	0.006802721088435374	173	2	709	0.0028208744710860366
CUFF_NC.2844	1	29873556	29874008	-	0	0	0		39	0	134	0.0	100	1	379	0.002638522427440633
CUFF_NC.2845	1	29877433	29878016	+	0	0	0		28	3	156	0.019230769230769232	178	5	1101	0.004541326067211626
CUFF_NC.2847	1	29882712	29883510	+	0	0	0		41	1	227	0.004405286343612335	231	3	1054	0.0028462998102466793
CUFF_NC.2854	1	29902034	29903292	-	0	0	0		97	0	348	0.0	347	8	1375	0.005818181818181818
CUFF_NC.2849	1	29910436	29911168	-	0	0	0		21	0	83	0.0	107	3	338	0.008875739644970414
CUFF_NC.2850	1	29915548	29918554	+	0	0	0		197	3	895	0.0033519553072625698	868	9	4044	0.002225519287833828
CUFF_NC.2855	1	29931133	29931654	-	0	0	0		39	1	156	0.00641025641025641	131	0	479	0.0
CUFF_NC.2852	1	29939985	29940449	+	0	0	0		7	0	15	0.0	109	1	318	0.0031446540880503146
CUFF_NC.2856	1	29956780	29957477	+	0	0	0		44	0	196	0.0	171	1	810	0.0012345679012345679
CUFF_NC.2857	1	29957584	29960756	+	0	0	0		262	3	1293	0.002320185614849188	882	10	4088	0.002446183953033268
CUFF_NC.2859	1	29972187	29972729	+	0	0	0		30	2	156	0.01282051282051282	153	2	720	0.002777777777777778
CUFF_NC.2863	1	29993124	29994019	+	0	0	0		48	0	204	0.0	161	1	663	0.0015082956259426848
CUFF_NC.2860	1	30000809	30001147	+	0	0	0		19	0	76	0.0	118	3	476	0.0063025210084033615
CUFF_NC.2861	1	30003230	30003974	+	0	0	0		51	0	170	0.0	193	4	642	0.006230529595015576
CUFF_NC.2862	1	30004422	30004971	+	0	0	0		49	2	251	0.00796812749003984	172	1	749	0.0013351134846461949
CUFF_NC.2858	1	30011852	30012481	-	0	0	0		33	0	142	0.0	174	6	896	0.006696428571428571
CUFF_NC.2869	1	30023295	30023660	+	0	0	0		26	1	152	0.006578947368421052	108	0	595	0.0
CUFF_NC.2870	1	30032144	30032554	+	0	0	0		43	2	177	0.011299435028248588	112	4	486	0.00823045267489712
CUFF_NC.2864	1	30042047	30042831	+	0	0	0		61	0	247	0.0	216	2	876	0.00228310502283105
CUFF_NC.2868	1	30044760	30045813	-	0	0	0		78	0	283	0.0	334	5	1271	0.003933910306845004
CUFF_NC.2867	1	30056026	30056432	-	0	0	0		39	0	224	0.0	111	2	575	0.0034782608695652175
CUFF_NC.2875	1	30072562	30074598	-	0	0	0		133	0	563	0.0	523	5	2177	0.0022967386311437757
CUFF_NC.2865	1	30082601	30083810	-	0	0	0		71	1	292	0.003424657534246575	392	3	1547	0.0019392372333548805
CUFF_NC.2866	1	30098153	30099804	-	0	0	0		138	2	508	0.003937007874015748	536	8	1863	0.0042941492216854536
CUFF_NC.2873	1	30105243	30108083	+	0	0	0		215	3	1112	0.002697841726618705	794	10	4241	0.002357934449422306
CUFF_NC.2874	1	30115934	30116512	+	0	0	0		44	2	186	0.010752688172043012	163	0	726	0.0
CUFF_NC.2871	1	30129024	30129587	+	0	0	0		58	1	171	0.005847953216374269	139	2	389	0.005141388174807198
CUFF_NC.2872	1	30141900	30142695	+	0	0	0		66	0	279	0.0	209	2	888	0.0022522522522522522
CUFF_NC.2876	1	30145385	30145878	-	0	0	0		36	2	252	0.007936507936507936	118	2	857	0.002333722287047841
CUFF_NC.2877	1	30150884	30151289	-	0	0	0		28	0	132	0.0	100	1	432	0.0023148148148148147
CUFF_NC.2881	1	30154831	30155262	+	0	0	0		29	0	87	0.0	132	0	453	0.0
CUFF_NC.2878	1	30156516	30157968	+	0	0	0		113	2	413	0.004842615012106538	315	4	1271	0.003147128245476003
CUFF_NC.2882	1	30174886	30175244	-	0	0	0		26	1	161	0.006211180124223602	104	5	577	0.008665511265164644
CUFF_NC.2883	1	30188210	30189631	-	0	0	0		105	1	478	0.0020920502092050207	400	4	1530	0.00261437908496732
CUFF_NC.2884	1	30201797	30202500	+	0	0	0		37	2	111	0.018018018018018018	182	0	627	0.0
CUFF_NC.2887	1	30210172	30210856	+	0	0	0		37	1	165	0.006060606060606061	209	5	883	0.0056625141562853904
CUFF_NC.2889	1	30214625	30216661	-	0	0	0		147	0	733	0.0	603	9	2853	0.0031545741324921135
CUFF_NC.2890	1	30217309	30217720	-	0	0	0		10	0	33	0.0	67	3	241	0.012448132780082987
CUFF_NC.2891	1	30226860	30227370	-	0	0	0		42	1	236	0.00423728813559322	147	5	794	0.006297229219143577
CUFF_NC.2888	1	30228004	30228447	+	0	0	0		40	0	215	0.0	122	1	637	0.0015698587127158557
CUFF_NC.2886	1	30241577	30242387	-	0	0	0		69	2	271	0.007380073800738007	218	2	694	0.002881844380403458
CUFF_NC.2885	1	30244077	30244985	+	0	0	0		50	0	181	0.0	232	6	803	0.007471980074719801
CUFF_NC.2892	1	30276594	30277157	-	0	0	0		34	0	172	0.0	150	1	723	0.0013831258644536654
CUFF_NC.2894	1	30283947	30284707	+	0	0	0		29	0	126	0.0	158	1	747	0.0013386880856760374
CUFF_NC.2895	1	30285184	30286076	+	0	0	0		41	1	190	0.005263157894736842	266	4	972	0.00411522633744856
CUFF_NC.2893	1	30293482	30294150	-	0	0	0		42	0	83	0.0	134	1	271	0.0036900369003690036
CUFF_NC.2896	1	30303082	30304384	+	0	0	0		69	0	195	0.0	328	4	930	0.004301075268817204
CUFF_NC.2898	1	30305448	30306440	-	0	0	0		86	1	377	0.002652519893899204	264	2	985	0.0020304568527918783
CUFF_NC.2897	1	30308967	30309503	+	0	0	0		24	0	121	0.0	178	3	866	0.003464203233256351
CUFF_NC.2901	1	30313235	30314399	-	0	0	0		75	3	375	0.008	307	8	1689	0.004736530491415038
CUFF_NC.2900	1	30329181	30329840	+	0	0	0		35	0	142	0.0	164	4	685	0.00583941605839416
CUFF_NC.2904	1	30348840	30349238	-	0	0	0		32	0	132	0.0	91	1	378	0.0026455026455026454
CUFF_NC.2905	1	30354280	30355207	-	0	0	0		28	0	87	0.0	176	0	552	0.0
CUFF_NC.2908	1	30360884	30361419	-	0	0	0		46	0	199	0.0	145	2	622	0.003215434083601286
CUFF_NC.2906	1	30365980	30366700	-	0	0	0		34	2	194	0.010309278350515464	205	2	1245	0.001606425702811245
CUFF_NC.2907	1	30366905	30367432	-	0	0	0		41	1	180	0.005555555555555556	156	4	694	0.005763688760806916
CUFF_NC.2902	1	30392157	30392567	-	0	0	0		30	0	158	0.0	103	0	420	0.0
CUFF_NC.2903	1	30393170	30394054	-	0	0	0		57	1	233	0.004291845493562232	255	2	816	0.0024509803921568627
CUFF_NC.2909	1	30405592	30406292	+	0	0	0		64	0	267	0.0	187	0	781	0.0
CUFF_NC.2910	1	30406858	30407237	+	0	0	0		36	1	245	0.004081632653061225	93	3	438	0.00684931506849315
CUFF_NC.2911	1	30408270	30409620	+	0	0	0		70	2	351	0.005698005698005698	315	1	1049	0.0009532888465204957
CUFF_NC.2917	1	30410059	30412006	-	0	0	0		110	0	368	0.0	448	4	1479	0.002704530087897228
CUFF_NC.2933	2	1076	2009	-	0	0	0		46	16	1638	0.009768009768009768	141	23	3234	0.007111935683364255
CUFF_NC.2934	2	2111	3715	-	0	0	0		49	150	1965	0.07633587786259542	234	358	9552	0.03747906197654941
CUFF_NC.2913	2	31867	33128	-	0	0	0		4	5	6	0.8333333333333334	21	2	38	0.05263157894736842
CUFF_NC.2914	2	34567	35376	-	0	0	0		3	3	9	0.3333333333333333	11	5	33	0.15151515151515152
CUFF_NC.2912	2	40809	41439	-	0	0	0		6	3	12	0.25	15	0	27	0.0
CUFF_NC.2922	2	42154	43674	+	0	0	0		5	1	9	0.1111111111111111	15	1	30	0.03333333333333333
CUFF_NC.2923	2	49886	53611	+	0	0	0		22	12	141	0.0851063829787234	67	17	432	0.03935185185185185
CUFF_NC.2924	2	50414	57103	+	0	0	0		118	74	519	0.14258188824662812	374	47	1562	0.030089628681177975
CUFF_NC.2915	2	82203	83149	-	0	0	0		66	0	282	0.0	251	2	829	0.0024125452352231603
CUFF_NC.2930	2	89744	90299	+	0	0	0		57	2	236	0.00847457627118644	148	1	644	0.0015527950310559005
CUFF_NC.2931	2	100455	101535	-	0	0	0		66	1	274	0.0036496350364963502	307	2	1283	0.001558846453624318
CUFF_NC.2916	2	107816	108258	+	0	0	0		18	0	68	0.0	112	0	306	0.0
CUFF_NC.2918	2	110276	111263	-	0	0	0		21	94	161	0.5838509316770186	223	45	1205	0.03734439834024896
CUFF_NC.2919	2	114842	116259	-	0	0	0		121	1	391	0.0025575447570332483	309	2	944	0.00211864406779661
CUFF_NC.2920	2	118558	118977	-	0	0	0		32	0	128	0.0	123	2	450	0.0044444444444444444
CUFF_NC.2921	2	151168	151953	+	0	0	0		40	0	138	0.0	184	1	774	0.0012919896640826874
CUFF_NC.2926	2	154693	155189	+	0	0	0		48	0	235	0.0	133	1	631	0.001584786053882726
CUFF_NC.2927	2	157755	158189	+	0	0	0		42	0	113	0.0	94	0	252	0.0
CUFF_NC.2928	2	158504	159080	+	0	0	0		51	0	161	0.0	147	0	441	0.0
CUFF_NC.2929	2	172283	172913	-	0	0	0		43	1	231	0.004329004329004329	209	0	1041	0.0
CUFF_NC.2932	2	181297	183849	+	0	0	0		152	4	611	0.006546644844517185	629	7	2581	0.0027121270825261525
CUFF_NC.2925	2	183939	184734	+	0	0	0		64	1	367	0.0027247956403269754	184	2	967	0.002068252326783868
CUFF_NC.2937	2	202912	203565	+	0	0	0		16	0	63	0.0	89	0	307	0.0
CUFF_NC.2936	2	228639	229889	+	0	0	0		66	3	394	0.007614213197969543	271	4	1498	0.0026702269692923898
CUFF_NC.2935	2	235899	240451	-	0	0	0		164	50	785	0.06369426751592357	1196	70	5514	0.012694958287994197
CUFF_NC.2941	2	255392	260732	+	0	0	0		214	1	877	0.0011402508551881414	914	12	4185	0.002867383512544803
CUFF_NC.2938	2	261705	263189	-	0	0	0		44	0	269	0.0	299	7	1987	0.0035228988424760945
CUFF_NC.2939	2	265241	265933	+	0	0	0		46	0	164	0.0	211	3	627	0.004784688995215311
CUFF_NC.2944	2	267253	267772	-	0	0	0		23	7	97	0.07216494845360824	148	2	636	0.0031446540880503146
CUFF_NC.2943	2	272492	273369	-	0	0	0		39	111	190	0.5842105263157895	208	58	722	0.08033240997229917
CUFF_NC.2940	2	273920	275095	+	0	0	0		60	1	265	0.0037735849056603774	263	2	1021	0.0019588638589618022
CUFF_NC.2942	2	285430	285832	+	0	0	0		21	0	113	0.0	116	2	492	0.0040650406504065045
CUFF_NC.2945	2	291784	292642	+	0	0	0		66	0	188	0.0	184	0	558	0.0
CUFF_NC.2946	2	322591	323818	-	0	0	0		85	2	418	0.004784688995215311	318	9	1489	0.006044325050369375
CUFF_NC.2950	2	336106	336717	+	0	0	0		26	1	71	0.014084507042253521	124	0	487	0.0
CUFF_NC.2947	2	383335	383944	+	0	0	0		47	0	228	0.0	129	1	613	0.0016313213703099511
CUFF_NC.2948	2	386437	387284	-	0	0	0		46	0	184	0.0	231	1	944	0.001059322033898305
CUFF_NC.2949	2	406635	407193	-	0	0	0		20	0	106	0.0	149	2	852	0.002347417840375587
CUFF_NC.2953	2	416633	417127	-	0	0	0		11	0	36	0.0	44	0	169	0.0
CUFF_NC.2952	2	433982	434856	-	0	0	0		43	0	171	0.0	221	1	1028	0.0009727626459143969
CUFF_NC.2954	2	439104	439549	-	0	0	0		24	1	148	0.006756756756756757	99	1	654	0.0015290519877675841
CUFF_NC.2955	2	448112	448565	-	0	0	0		15	26	80	0.325	123	22	638	0.034482758620689655
CUFF_NC.2957	2	469532	474844	+	0	0	0		224	18	1138	0.015817223198594025	1153	43	6275	0.0068525896414342626
CUFF_NC.2958	2	470343	475434	+	0	0	0		217	17	1139	0.014925373134328358	1103	40	6049	0.006612663250123987
CUFF_NC.2956	2	484074	484602	+	0	0	0		14	0	45	0.0	78	1	261	0.0038314176245210726
CUFF_NC.2959	2	505356	509245	-	0	0	0		201	3	770	0.003896103896103896	992	10	4046	0.002471576866040534
CUFF_NC.2964	2	520196	520875	+	0	0	0		29	1	175	0.005714285714285714	174	6	1045	0.005741626794258373
CUFF_NC.2965	2	521313	521929	+	0	0	0		15	0	74	0.0	156	3	732	0.004098360655737705
CUFF_NC.2960	2	526046	526619	-	0	0	0		28	0	127	0.0	114	3	469	0.006396588486140725
CUFF_NC.2961	2	544002	544459	-	0	0	0		7	8	51	0.1568627450980392	60	4	356	0.011235955056179775
CUFF_NC.2962	2	553173	554831	+	0	0	0		114	6	558	0.010752688172043012	486	6	1846	0.0032502708559046588
CUFF_NC.2963	2	564957	566114	+	0	0	0		45	1	302	0.0033112582781456954	262	5	1495	0.0033444816053511705
CUFF_NC.2967	2	586513	586989	+	0	0	0		39	1	255	0.00392156862745098	134	2	803	0.0024906600249066002
CUFF_NC.2966	2	590284	591063	+	0	0	0		46	0	208	0.0	227	4	961	0.004162330905306972
CUFF_NC.2968	2	603491	604171	-	0	0	0		25	1	91	0.01098901098901099	128	5	395	0.012658227848101266
CUFF_NC.2977	2	631741	632551	+	0	0	0		62	1	234	0.004273504273504274	186	3	760	0.003947368421052632
CUFF_NC.2969	2	639027	639445	-	0	0	0		29	54	101	0.5346534653465347	88	8	324	0.024691358024691357
CUFF_NC.2971	2	653890	654803	-	0	0	0		65	1	354	0.002824858757062147	255	0	1265	0.0
CUFF_NC.2972	2	662625	663459	-	0	0	0		70	0	384	0.0	226	5	1222	0.004091653027823241
CUFF_NC.2970	2	675269	675718	-	0	0	0		21	0	80	0.0	94	1	304	0.003289473684210526
CUFF_NC.2974	2	676731	677354	+	0	0	0		21	50	103	0.4854368932038835	98	4	386	0.010362694300518135
CUFF_NC.2973	2	687298	687781	-	0	0	0		15	0	96	0.0	117	1	614	0.0016286644951140066
CUFF_NC.2975	2	708838	709401	-	0	0	0		3	0	6	0.0	11	5	22	0.22727272727272727
CUFF_NC.2976	2	711583	712307	-	0	0	0		20	1	81	0.012345679012345678	209	1	831	0.0012033694344163659
CUFF_NC.2978	2	730879	731250	+	0	0	0		17	0	73	0.0	104	3	481	0.006237006237006237
CUFF_NC.2979	2	735577	736544	-	0	0	0		67	1	489	0.002044989775051125	287	5	2100	0.002380952380952381
CUFF_NC.2980	2	756338	758349	-	0	0	0		90	4	405	0.009876543209876543	615	5	2628	0.001902587519025875
CUFF_NC.2981	2	760119	760832	+	0	0	0		31	1	142	0.007042253521126761	143	2	656	0.003048780487804878
CUFF_NC.2982	2	783339	783880	+	0	0	0		46	2	204	0.00980392156862745	151	2	651	0.0030721966205837174
CUFF_NC.2983	2	788683	788976	-	0	0	0		11	0	72	0.0	87	0	509	0.0
CUFF_NC.2984	2	803655	807991	+	0	0	0		235	2	1108	0.0018050541516245488	1141	8	5384	0.0014858841010401188
CUFF_NC.2985	2	818835	819273	-	0	0	0		18	17	85	0.2	109	19	544	0.034926470588235295
CUFF_NC.2986	2	821687	823083	-	0	0	0		86	116	272	0.4264705882352941	400	127	1385	0.09169675090252707
CUFF_NC.2988	2	831955	832547	+	0	0	0		36	2	182	0.01098901098901099	133	1	637	0.0015698587127158557
CUFF_NC.2987	2	843862	844497	+	0	0	0		23	1	95	0.010526315789473684	188	3	829	0.0036188178528347406
CUFF_NC.2990	2	860008	860710	-	0	0	0		40	2	184	0.010869565217391304	207	1	969	0.0010319917440660474
CUFF_NC.2991	2	862338	863851	+	0	0	0		116	1	507	0.0019723865877712033	321	6	1387	0.004325883201153569
CUFF_NC.2989	2	870740	871212	+	0	0	0		12	25	67	0.373134328358209	109	79	702	0.11253561253561253
CUFF_NC.2997	2	884053	886532	+	0	0	0		36	4	204	0.0196078431372549	179	3	995	0.003015075376884422
CUFF_NC.2994	2	895598	896455	+	0	0	0		9	2	9	0.2222222222222222	21	1	21	0.047619047619047616
CUFF_NC.2995	2	904599	905033	+	0	0	0		6	31	46	0.6739130434782609	121	138	780	0.17692307692307693
CUFF_NC.2996	2	925233	925804	-	0	0	0		8	8	44	0.18181818181818182	81	7	418	0.01674641148325359
CUFF_NC.2998	2	934808	935467	-	0	0	0		9	0	16	0.0	35	1	84	0.011904761904761904
CUFF_NC.2999	2	956546	957331	-	0	0	0		64	1	269	0.0037174721189591076	198	2	698	0.0028653295128939827
CUFF_NC.3000	2	966784	967653	+	0	0	0		55	0	270	0.0	252	2	1228	0.0016286644951140066
CUFF_NC.3001	2	968183	969732	+	0	0	0		94	1	442	0.0022624434389140274	428	3	2025	0.0014814814814814814
CUFF_NC.3002	2	971677	972522	+	0	0	0		49	1	190	0.005263157894736842	183	0	775	0.0
CUFF_NC.3004	2	974141	974656	+	0	0	0		40	0	199	0.0	131	3	641	0.0046801872074883
CUFF_NC.3005	2	976807	977414	+	0	0	0		39	0	227	0.0	150	3	797	0.0037641154328732747
CUFF_NC.3003	2	982960	983590	+	0	0	0		17	42	103	0.4077669902912621	155	42	992	0.04233870967741935
CUFF_NC.3007	2	1013080	1014132	-	0	0	0		37	1	167	0.005988023952095809	260	2	1014	0.0019723865877712033
CUFF_NC.3006	2	1016406	1017105	+	0	0	0		58	0	261	0.0	167	2	792	0.0025252525252525255
CUFF_NC.3010	2	1044030	1045042	+	0	0	0		56	1	276	0.0036231884057971015	283	2	1215	0.0016460905349794238
CUFF_NC.3009	2	1064069	1065065	-	0	0	0		61	1	254	0.003937007874015748	296	2	1178	0.001697792869269949
CUFF_NC.3012	2	1068013	1070939	-	0	0	0		178	5	822	0.006082725060827251	772	14	3414	0.004100761570005858
CUFF_NC.3008	2	1076232	1076639	+	0	0	0		0	0	0		102	59	761	0.07752956636005257
CUFF_NC.3011	2	1076786	1078204	-	0	0	0		71	2	394	0.005076142131979695	398	3	1979	0.0015159171298635675
CUFF_NC.3013	2	1129264	1129608	-	0	0	0		14	0	59	0.0	116	0	439	0.0
CUFF_NC.3015	2	1135028	1135545	-	0	0	0		30	75	190	0.39473684210526316	141	45	845	0.05325443786982249
CUFF_NC.3014	2	1135811	1136472	-	0	0	0		30	1	187	0.0053475935828877	158	4	906	0.004415011037527594
CUFF_NC.3019	2	1147864	1152099	+	0	0	0		149	1	645	0.0015503875968992248	1260	14	5633	0.002485354162968223
CUFF_NC.3018	2	1156903	1157240	-	0	0	0		19	0	124	0.0	79	1	494	0.0020242914979757085
CUFF_NC.3020	2	1162911	1164298	-	0	0	0		118	2	651	0.0030721966205837174	387	3	1963	0.0015282730514518594
CUFF_NC.3017	2	1165358	1165816	+	0	0	0		45	0	207	0.0	139	4	672	0.005952380952380952
CUFF_NC.3021	2	1199000	1199416	+	0	0	0		11	15	30	0.5	44	3	93	0.03225806451612903
CUFF_NC.3022	2	1199476	1200889	+	0	0	0		21	26	84	0.30952380952380953	144	30	694	0.043227665706051875
CUFF_NC.3023	2	1201184	1202003	+	0	0	0		20	46	80	0.575	141	43	585	0.0735042735042735
CUFF_NC.3027	2	1235387	1235666	+	0	0	0		2	0	2	0.0	3	0	3	0.0
CUFF_NC.3025	2	1236586	1237918	+	0	0	0		1	0	1	0.0	15	0	22	0.0
CUFF_NC.3026	2	1238157	1238565	+	0	0	0		15	1	85	0.011764705882352941	68	6	452	0.01327433628318584
CUFF_NC.3028	2	1245272	1246851	+	0	0	0		60	48	346	0.13872832369942195	370	35	2049	0.01708150317227916
CUFF_NC.3033	2	1249422	1249974	+	0	0	0		25	0	121	0.0	145	3	490	0.006122448979591836
CUFF_NC.3034	2	1251422	1252104	-	0	0	0		2	0	11	0.0	6	0	11	0.0
CUFF_NC.3035	2	1252340	1254687	-	0	0	0		60	76	328	0.23170731707317074	397	54	1924	0.028066528066528068
CUFF_NC.3029	2	1264210	1264788	-	0	0	0		4	0	4	0.0	24	1	24	0.041666666666666664
CUFF_NC.3030	2	1264259	1264716	+	0	0	0		4	0	4	0.0	24	1	24	0.041666666666666664
CUFF_NC.3031	2	1268094	1268918	+	0	0	0		8	8	27	0.2962962962962963	90	23	334	0.0688622754491018
CUFF_NC.3032	2	1269833	1271594	+	0	0	0		30	31	107	0.2897196261682243	119	32	412	0.07766990291262135
CUFF_NC.3036	2	1289668	1290364	-	0	0	0		35	0	182	0.0	185	4	998	0.004008016032064128
CUFF_NC.3037	2	1304388	1306156	+	0	0	0		58	92	340	0.27058823529411763	425	82	2538	0.03230890464933018
CUFF_NC.3038	2	1320095	1320717	-	0	0	0		17	1	126	0.007936507936507936	168	4	996	0.004016064257028112
CUFF_NC.3039	2	1320154	1320717	+	0	0	0		17	1	126	0.007936507936507936	154	4	883	0.004530011325028313
CUFF_NC.3045	2	1335933	1338934	+	0	0	0		158	2	723	0.0027662517289073307	788	12	3497	0.0034315127251930227
CUFF_NC.3040	2	1339781	1340661	+	0	0	0		5	0	11	0.0	112	0	253	0.0
CUFF_NC.3041	2	1346611	1347126	-	0	0	0		7	0	63	0.0	111	3	782	0.0038363171355498722
CUFF_NC.3046	2	1352730	1358066	+	0	0	0		59	0	300	0.0	354	3	1836	0.0016339869281045752
CUFF_NC.3047	2	1358574	1364322	+	0	0	0		221	8	1045	0.007655502392344498	1253	26	6116	0.004251144538914323
CUFF_NC.3044	2	1391904	1392936	+	0	0	0		54	508	940	0.5404255319148936	309	578	5634	0.10259140930067448
CUFF_NC.3043	2	1420768	1421475	+	0	0	0		36	71	198	0.35858585858585856	195	75	1158	0.06476683937823834
CUFF_NC.3049	2	1429810	1430290	+	0	0	0		49	0	182	0.0	134	2	574	0.003484320557491289
CUFF_NC.3050	2	1465652	1469014	+	0	0	0		66	70	406	0.1724137931034483	738	373	4229	0.08820052021754551
CUFF_NC.3141	2	1485473	1491553	+	0	0	0		392	798	1837	0.43440391943385953	1803	624	8400	0.07428571428571429
CUFF_NC.3051	2	1498174	1498886	+	0	0	0		20	22	106	0.20754716981132076	187	14	989	0.014155712841253791
CUFF_NC.3052	2	1505064	1505492	+	0	0	0		19	25	113	0.22123893805309736	107	52	426	0.12206572769953052
CUFF_NC.3053	2	1505708	1506366	-	0	0	0		8	16	37	0.43243243243243246	77	37	317	0.1167192429022082
CUFF_NC.3060	2	1544269	1544692	-	0	0	0		25	1	111	0.009009009009009009	140	1	612	0.0016339869281045752
CUFF_NC.3056	2	1548081	1548979	+	0	0	0		43	70	240	0.2916666666666667	199	73	1149	0.06353350739773717
CUFF_NC.3054	2	1554279	1554781	+	0	0	0		16	0	85	0.0	143	2	714	0.0028011204481792717
CUFF_NC.3055	2	1563999	1565001	-	0	0	0		16	9	82	0.10975609756097561	295	13	1379	0.009427121102248005
CUFF_NC.3057	2	1579121	1580122	+	0	0	0		35	64	192	0.3333333333333333	242	37	1260	0.029365079365079365
CUFF_NC.3063	2	1597207	1597676	-	0	0	0		18	45	116	0.3879310344827586	77	36	658	0.0547112462006079
CUFF_NC.3061	2	1604445	1605151	-	0	0	0		17	0	90	0.0	146	4	726	0.005509641873278237
CUFF_NC.3062	2	1608237	1609411	+	0	0	0		7	4	7	0.5714285714285714	37	1	56	0.017857142857142856
CUFF_NC.3064	2	1611947	1612381	+	0	0	0		37	0	176	0.0	119	1	544	0.001838235294117647
CUFF_NC.3067	2	1627710	1628196	-	0	0	0		36	0	210	0.0	133	2	731	0.0027359781121751026
CUFF_NC.3066	2	1645902	1646335	-	0	0	0		17	1	117	0.008547008547008548	107	5	678	0.007374631268436578
CUFF_NC.3065	2	1652306	1652707	+	0	0	0		25	125	312	0.40064102564102566	87	98	815	0.12024539877300613
CUFF_NC.3068	2	1682897	1683309	-	0	0	0		16	0	54	0.0	126	1	631	0.001584786053882726
CUFF_NC.3071	2	1699975	1700635	+	0	0	0		42	0	264	0.0	180	4	953	0.004197271773347324
CUFF_NC.3070	2	1710639	1711397	+	0	0	0		51	68	173	0.3930635838150289	170	15	743	0.020188425302826378
CUFF_NC.3073	2	1713895	1714845	-	0	0	0		48	6	200	0.03	238	2	949	0.002107481559536354
CUFF_NC.3074	2	1721761	1722414	+	0	0	0		27	1	178	0.0056179775280898875	186	0	1160	0.0
CUFF_NC.3075	2	1757083	1757742	-	0	0	0		3	5	7	0.7142857142857143	25	7	79	0.08860759493670886
CUFF_NC.3076	2	1767439	1768492	+	0	0	0		32	23	211	0.10900473933649289	265	31	1822	0.017014270032930844
CUFF_NC.3080	2	1777681	1779222	-	0	0	0		24	40	115	0.34782608695652173	335	80	1715	0.04664723032069971
CUFF_NC.3083	2	1780853	1781640	-	0	0	0		27	2	133	0.015037593984962405	215	13	1018	0.012770137524557957
CUFF_NC.3084	2	1786763	1788769	-	0	0	0		72	171	404	0.42326732673267325	468	205	2128	0.09633458646616541
CUFF_NC.3085	2	1788284	1788795	+	0	0	0		26	62	151	0.4105960264900662	59	25	317	0.07886435331230283
CUFF_NC.3077	2	1796757	1797512	-	0	0	0		7	4	14	0.2857142857142857	32	1	50	0.02
CUFF_NC.3078	2	1799441	1800051	+	0	0	0		37	1	139	0.007194244604316547	93	0	395	0.0
CUFF_NC.3079	2	1804741	1811986	+	0	0	0		10	4	10	0.4	44	3	44	0.06818181818181818
CUFF_NC.3081	2	1813877	1823595	+	0	0	0		6	3	15	0.2	67	10	194	0.05154639175257732
CUFF_NC.3086	2	1832570	1833031	+	0	0	0		32	58	140	0.4142857142857143	125	20	492	0.04065040650406504
CUFF_NC.3089	2	1837168	1837770	-	0	0	0		29	84	148	0.5675675675675675	204	114	844	0.13507109004739337
CUFF_NC.3087	2	1840172	1840925	-	0	0	0		47	70	321	0.21806853582554517	198	38	1434	0.026499302649930265
CUFF_NC.3088	2	1868371	1868863	+	0	0	0		14	0	55	0.0	103	0	380	0.0
CUFF_NC.3091	2	1888435	1890071	-	0	0	0		35	87	163	0.5337423312883436	400	138	1713	0.08056042031523643
CUFF_NC.3093	2	1920111	1920515	-	0	0	0		24	0	148	0.0	103	3	532	0.005639097744360902
CUFF_NC.3094	2	1926750	1927319	-	0	0	0		41	76	166	0.4578313253012048	132	28	528	0.05303030303030303
CUFF_NC.3095	2	1927014	1927479	+	0	0	0		25	51	98	0.5204081632653061	132	28	511	0.0547945205479452
CUFF_NC.3097	2	1957359	1957995	+	0	0	0		34	36	127	0.28346456692913385	203	52	808	0.06435643564356436
CUFF_NC.3098	2	1960776	1962063	+	0	0	0		87	153	375	0.408	337	77	1486	0.051816958277254375
CUFF_NC.3100	2	1971954	1972888	-	0	0	0		44	74	229	0.3231441048034934	289	131	1389	0.09431245500359971
CUFF_NC.3099	2	1980685	1981128	-	0	0	0		0	0	0		14	0	21	0.0
CUFF_NC.3108	2	2023249	2024009	+	0	0	0		38	0	263	0.0	169	8	1109	0.007213706041478809
CUFF_NC.3102	2	2030888	2031936	-	0	0	0		53	108	308	0.35064935064935066	261	62	1392	0.04454022988505747
CUFF_NC.3104	2	2055301	2055982	-	0	0	0		21	0	100	0.0	197	3	863	0.0034762456546929316
CUFF_NC.3103	2	2064209	2065212	+	0	0	0		24	56	114	0.49122807017543857	222	62	1041	0.059558117195004805
CUFF_NC.3106	2	2069209	2069631	-	0	0	0		26	0	134	0.0	124	1	644	0.0015527950310559005
CUFF_NC.3105	2	2072364	2073026	-	0	0	0		11	15	39	0.38461538461538464	71	10	254	0.03937007874015748
CUFF_NC.3107	2	2084042	2084510	+	0	0	0		31	1	194	0.005154639175257732	121	1	835	0.0011976047904191617
CUFF_NC.3109	2	2130600	2131154	+	0	0	0		14	13	83	0.1566265060240964	120	33	873	0.037800687285223365
CUFF_NC.3110	2	2149967	2150550	-	0	0	0		9	15	24	0.625	23	10	113	0.08849557522123894
CUFF_NC.3113	2	2184006	2184331	+	0	0	0		22	0	152	0.0	71	1	456	0.0021929824561403508
CUFF_NC.3114	2	2185715	2191349	+	0	0	0		230	568	1150	0.49391304347826087	1529	650	7814	0.08318402866649603
CUFF_NC.3115	2	2187474	2188357	+	0	0	0		23	77	148	0.5202702702702703	272	117	1708	0.06850117096018736
CUFF_NC.3116	2	2193617	2194521	+	0	0	0		70	142	334	0.4251497005988024	230	86	1125	0.07644444444444444
CUFF_NC.3119	2	2199297	2200453	-	0	0	0		71	0	301	0.0	265	2	1232	0.0016233766233766235
CUFF_NC.3118	2	2208429	2209786	-	0	0	0		57	131	295	0.4440677966101695	397	151	1876	0.08049040511727079
CUFF_NC.3121	2	2214889	2218008	+	0	0	0		170	57	822	0.06934306569343066	720	135	2847	0.04741833508956796
CUFF_NC.3122	2	2231836	2232384	-	0	0	0		12	18	27	0.6666666666666666	53	41	124	0.33064516129032256
CUFF_NC.3120	2	2241956	2242379	-	0	0	0		8	0	40	0.0	100	3	621	0.004830917874396135
CUFF_NC.3129	2	2262448	2263051	-	0	0	0		27	24	109	0.22018348623853212	173	35	742	0.04716981132075472
CUFF_NC.3130	2	2262481	2263114	+	0	0	0		27	24	109	0.22018348623853212	178	34	773	0.04398447606727038
CUFF_NC.3128	2	2263123	2264555	-	0	0	0		71	114	306	0.37254901960784315	420	81	1858	0.043595263724434875
CUFF_NC.3123	2	2269482	2270253	+	0	0	0		38	3	186	0.016129032258064516	235	3	1113	0.0026954177897574125
CUFF_NC.3124	2	2270696	2271329	+	0	0	0		53	1	243	0.00411522633744856	171	1	661	0.0015128593040847202
CUFF_NC.3125	2	2272791	2277679	-	0	0	0		195	252	609	0.41379310344827586	885	240	3351	0.07162041181736795
CUFF_NC.3126	2	2280122	2282209	-	0	0	0		106	257	493	0.5212981744421906	589	245	2715	0.09023941068139964
CUFF_NC.3127	2	2287468	2288444	+	0	0	0		60	1	261	0.0038314176245210726	254	5	1057	0.004730368968779565
CUFF_NC.3140	2	2294983	2295828	-	0	0	0		48	126	235	0.5361702127659574	223	62	1017	0.06096361848574238
CUFF_NC.3135	2	2322880	2323584	-	0	0	0		43	0	143	0.0	173	1	598	0.0016722408026755853
CUFF_NC.3136	2	2325611	2326737	-	0	0	0		80	164	367	0.44686648501362397	292	27	1295	0.02084942084942085
CUFF_NC.3137	2	2325733	2326893	+	0	0	0		81	168	378	0.4444444444444444	326	33	1509	0.02186878727634195
CUFF_NC.3134	2	2330587	2331479	+	0	0	0		41	68	191	0.35602094240837695	188	47	991	0.04742684157416751
CUFF_NC.3138	2	2346512	2347063	-	0	0	0		11	0	30	0.0	114	0	518	0.0
CUFF_NC.3146	2	2353552	2355259	+	0	0	0		106	4	421	0.009501187648456057	417	5	1764	0.002834467120181406
CUFF_NC.3142	2	2359325	2360307	+	0	0	0		51	0	220	0.0	296	2	1200	0.0016666666666666668
CUFF_NC.3143	2	2361678	2362550	+	0	0	0		45	1	224	0.004464285714285714	192	1	812	0.0012315270935960591
CUFF_NC.3139	2	2362841	2363422	+	0	0	0		25	76	113	0.672566371681416	174	88	709	0.12411847672778561
CUFF_NC.3144	2	2393957	2394366	-	0	0	0		5	7	17	0.4117647058823529	112	34	332	0.10240963855421686
CUFF_NC.3145	2	2394470	2394877	-	0	0	0		3	2	15	0.13333333333333333	122	46	404	0.11386138613861387
CUFF_NC.3147	2	2423024	2424068	-	0	0	0		45	109	243	0.448559670781893	296	126	1443	0.08731808731808732
CUFF_NC.3148	2	2426185	2427256	-	0	0	0		51	0	220	0.0	339	4	1360	0.0029411764705882353
CUFF_NC.3149	2	2448146	2453184	-	0	0	0		230	415	694	0.5979827089337176	970	483	3049	0.1584125942932109
CUFF_NC.3151	2	2459017	2459763	-	0	0	0		22	1	143	0.006993006993006993	197	8	1218	0.006568144499178982
CUFF_NC.3150	2	2468428	2469038	-	0	0	0		21	43	97	0.44329896907216493	144	37	694	0.053314121037463975
CUFF_NC.3152	2	2488942	2489477	-	0	0	0		30	63	112	0.5625	94	68	382	0.17801047120418848
CUFF_NC.3153	2	2506741	2507271	+	0	0	0		36	44	120	0.36666666666666664	174	67	598	0.11204013377926421
CUFF_NC.3154	2	2507952	2508576	+	0	0	0		50	92	192	0.4791666666666667	171	78	721	0.10818307905686546
CUFF_NC.3155	2	2525926	2526778	+	0	0	0		47	54	180	0.3	186	60	871	0.06888633754305395
CUFF_NC.3156	2	2527910	2528704	-	0	0	0		49	84	257	0.32684824902723736	224	54	1256	0.042993630573248405
CUFF_NC.3157	2	2529074	2529676	+	0	0	0		36	72	152	0.47368421052631576	160	74	710	0.10422535211267606
CUFF_NC.3158	2	2548315	2548861	+	0	0	0		31	71	147	0.48299319727891155	90	53	479	0.11064718162839249
CUFF_NC.3161	2	2564332	2566470	+	0	0	0		25	33	111	0.2972972972972973	100	25	390	0.0641025641025641
CUFF_NC.3162	2	2573314	2574602	+	0	0	0		66	64	222	0.2882882882882883	362	114	1363	0.08363903154805576
CUFF_NC.3166	2	2589606	2589969	+	0	0	0		12	0	34	0.0	94	0	293	0.0
CUFF_NC.3167	2	2617553	2619173	+	0	0	0		38	52	120	0.43333333333333335	164	87	521	0.16698656429942418
CUFF_NC.3168	2	2678064	2678530	+	0	0	0		13	22	48	0.4583333333333333	77	45	245	0.1836734693877551
CUFF_NC.3171	2	2679059	2680575	+	0	0	0		88	165	365	0.4520547945205479	336	125	1452	0.08608815426997245
CUFF_NC.3170	2	2696787	2697613	+	0	0	0		9	12	35	0.34285714285714286	94	5	199	0.02512562814070352
CUFF_NC.3172	2	2753376	2754065	-	0	0	0		58	87	205	0.424390243902439	230	77	771	0.09987029831387809
CUFF_NC.3174	2	2822788	2824492	+	0	0	0		38	47	170	0.27647058823529413	382	74	1916	0.038622129436325675
CUFF_NC.3173	2	2833562	2834071	-	0	0	0		33	65	153	0.42483660130718953	161	68	729	0.09327846364883402
CUFF_NC.3175	2	2834150	2835060	-	0	0	0		56	129	268	0.48134328358208955	286	157	1396	0.11246418338108882
CUFF_NC.3176	2	2835413	2836765	-	0	0	0		88	216	432	0.5	435	260	2225	0.11685393258426967
CUFF_NC.3179	2	2856469	2858800	-	0	0	0		9	7	14	0.5	63	29	166	0.1746987951807229
CUFF_NC.3180	2	2858392	2864586	+	0	0	0		380	9	1662	0.005415162454873646	1229	14	5400	0.0025925925925925925
CUFF_NC.3181	2	2860184	2860600	+	0	0	0		34	2	206	0.009708737864077669	132	2	793	0.0025220680958385876
CUFF_NC.3177	2	2893802	2894704	-	0	0	0		42	76	182	0.4175824175824176	211	64	944	0.06779661016949153
CUFF_NC.3178	2	2905190	2906037	-	0	0	0		7	14	38	0.3684210526315789	18	5	80	0.0625
CUFF_NC.3183	2	2907681	2908599	+	0	0	0		32	1	152	0.006578947368421052	222	8	1146	0.006980802792321117
CUFF_NC.3184	2	2909817	2910504	+	0	0	0		39	1	168	0.005952380952380952	176	1	753	0.0013280212483399733
CUFF_NC.3182	2	2918109	2919064	-	0	0	0		25	42	142	0.29577464788732394	308	97	1563	0.062060140754958415
CUFF_NC.3186	2	2919911	2922249	-	0	0	0		93	144	588	0.24489795918367346	597	124	4372	0.028362305580969808
CUFF_NC.3187	2	2920788	2922302	+	0	0	0		51	130	387	0.3359173126614987	389	116	3243	0.035769349367869255
CUFF_NC.3185	2	2945852	2946547	+	0	0	0		22	53	121	0.4380165289256198	181	47	784	0.05994897959183673
CUFF_NC.3188	2	2962869	2964111	-	0	0	0		13	16	22	0.7272727272727273	68	4	159	0.025157232704402517
CUFF_NC.3190	2	2970677	2971125	-	0	0	0		28	41	91	0.45054945054945056	113	40	498	0.08032128514056225
CUFF_NC.3189	2	2998521	2998923	+	0	0	0		16	27	73	0.3698630136986301	104	24	506	0.04743083003952569
CUFF_NC.3192	2	3033290	3033717	+	0	0	0		20	16	71	0.22535211267605634	97	16	401	0.0399002493765586
CUFF_NC.3193	2	3058298	3058871	-	0	0	0		10	15	27	0.5555555555555556	39	10	106	0.09433962264150944
CUFF_NC.3198	2	3084063	3089468	+	0	0	0		129	177	830	0.21325301204819277	1330	670	8911	0.07518796992481203
CUFF_NC.3200	2	3085200	3086374	+	0	0	0		13	5	60	0.08333333333333333	205	81	960	0.084375
CUFF_NC.3199	2	3086452	3089120	+	0	0	0		88	154	688	0.2238372093023256	856	515	7032	0.07323663253697384
CUFF_NC.3195	2	3132906	3133337	+	0	0	0		14	32	107	0.29906542056074764	114	32	748	0.0427807486631016
CUFF_NC.3197	2	3143835	3145488	-	0	0	0		40	94	194	0.4845360824742268	236	125	1047	0.11938872970391595
CUFF_NC.3202	2	3161011	3166281	+	0	0	0		11	2	11	0.18181818181818182	27	0	27	0.0
CUFF_NC.3203	2	3163403	3164373	+	0	0	0		11	2	11	0.18181818181818182	27	0	27	0.0
CUFF_NC.3205	2	3198670	3200235	+	0	0	0		3	0	3	0.0	18	0	18	0.0
CUFF_NC.3206	2	3206497	3211508	+	0	0	0		35	57	106	0.5377358490566038	140	31	400	0.0775
CUFF_NC.3207	2	3218371	3218899	+	0	0	0		1	0	1	0.0	18	0	18	0.0
CUFF_NC.3210	2	3233817	3236376	+	0	0	0		23	31	117	0.26495726495726496	101	26	439	0.05922551252847381
CUFF_NC.3209	2	3236642	3237323	+	0	0	0		7	5	31	0.16129032258064516	49	21	189	0.1111111111111111
CUFF_NC.3219	2	3255905	3261813	-	0	0	0		43	3	850	0.0035294117647058825	194	4	3793	0.0010545742156604272
CUFF_NC.3221	2	3259276	3260270	+	0	0	0		11	1	176	0.005681818181818182	63	1	1191	0.0008396305625524769
CUFF_NC.3223	2	3265608	3266022	+	0	0	0		10	1	94	0.010638297872340425	12	0	85	0.0
CUFF_NC.3224	2	3266287	3268525	-	0	0	0		12	0	239	0.0	59	3	1113	0.0026954177897574125
CUFF_NC.3225	2	3267631	3268703	+	0	0	0		12	0	239	0.0	59	3	1113	0.0026954177897574125
CUFF_NC.3228	2	3270249	3272795	-	0	0	0		29	6	641	0.0093603744149766	106	10	2288	0.004370629370629371
CUFF_NC.3230	2	3275189	3281126	-	0	0	0		93	90	2106	0.042735042735042736	382	102	7523	0.013558420842748903
CUFF_NC.3227	2	3291532	3292072	-	0	0	0		13	17	273	0.06227106227106227	57	19	1427	0.013314646110721794
CUFF_NC.3231	2	3294435	3294978	+	0	0	0		19	8	443	0.01805869074492099	54	8	1089	0.0073461891643709825
CUFF_NC.3232	2	3305105	3307841	-	0	0	0		34	2	580	0.0034482758620689655	202	7	3461	0.0020225368390638545
CUFF_NC.3244	2	3312926	3313509	+	0	0	0		31	0	680	0.0	101	9	2571	0.003500583430571762
CUFF_NC.3233	2	3319570	3321038	+	0	0	0		20	31	359	0.08635097493036212	59	26	1034	0.025145067698259187
CUFF_NC.3234	2	3321752	3322330	-	0	0	0		21	7	292	0.023972602739726026	52	9	868	0.010368663594470046
CUFF_NC.3235	2	3323313	3326938	+	0	0	0		24	2	653	0.0030627871362940277	167	8	3704	0.0021598272138228943
CUFF_NC.3238	2	3325188	3328638	-	0	0	0		17	1	288	0.003472222222222222	83	1	1326	0.0007541478129713424
CUFF_NC.3236	2	3327069	3328563	+	0	0	0		11	1	257	0.0038910505836575876	58	1	1171	0.0008539709649871904
CUFF_NC.3237	2	3328745	3329849	-	0	0	0		13	13	308	0.04220779220779221	54	9	1215	0.007407407407407408
CUFF_NC.3239	2	3329158	3329599	+	0	0	0		11	11	260	0.04230769230769231	18	6	407	0.014742014742014743
CUFF_NC.3240	2	3342039	3343506	-	0	0	0		33	34	712	0.047752808988764044	110	29	2230	0.013004484304932735
CUFF_NC.3242	2	3345954	3347022	-	0	0	0		13	10	222	0.04504504504504504	54	7	702	0.009971509971509971
CUFF_NC.3241	2	3349076	3349491	+	0	0	0		9	8	148	0.05405405405405406	30	7	526	0.013307984790874524
CUFF_NC.3252	2	3358211	3360582	-	0	0	0		36	37	974	0.037987679671457907	179	40	3814	0.01048767697954903
CUFF_NC.3250	2	3368553	3378370	-	0	0	0		9	0	9	0.0	44	0	44	0.0
CUFF_NC.3255	2	3412532	3416135	-	0	0	0		18	18	323	0.05572755417956656	107	48	1864	0.02575107296137339
CUFF_NC.3257	2	3424717	3429915	-	0	0	0		5	0	5	0.0	26	0	26	0.0
CUFF_NC.3251	2	3437526	3439385	-	0	0	0		27	24	744	0.03225806451612903	128	46	3547	0.012968705948689032
CUFF_NC.3260	2	3440019	3440777	+	0	0	0		5	0	92	0.0	68	1	930	0.001075268817204301
CUFF_NC.3264	2	3451626	3452053	-	0	0	0		7	1	137	0.0072992700729927005	61	2	1130	0.0017699115044247787
CUFF_NC.3259	2	3460646	3461598	-	0	0	0		16	20	285	0.07017543859649122	49	9	1014	0.008875739644970414
CUFF_NC.3262	2	3462151	3466458	+	0	0	0		41	37	809	0.04573547589616811	132	30	2111	0.014211274277593557
CUFF_NC.3265	2	3463210	3464943	-	0	0	0		41	37	809	0.04573547589616811	131	30	2110	0.014218009478672985
CUFF_NC.3272	2	3472038	3474910	+	0	0	0		13	2	350	0.005714285714285714	30	4	742	0.005390835579514825
CUFF_NC.3268	2	3490813	3491231	-	0	0	0		23	19	725	0.02620689655172414	119	25	2789	0.008963786303334529
CUFF_NC.3266	2	3492852	3493969	-	0	0	0		53	54	1238	0.04361873990306947	153	47	3058	0.015369522563767168
CUFF_NC.3283	2	3523321	3524382	+	0	0	0		82	3	412	0.007281553398058253	278	7	1310	0.0053435114503816794
CUFF_NC.3275	2	3534360	3535436	+	0	0	0		28	0	135	0.0	249	4	1107	0.0036133694670280035
CUFF_NC.3274	2	3550461	3550876	+	0	0	0		23	137	398	0.3442211055276382	91	156	1126	0.13854351687388988
CUFF_NC.3276	2	3582537	3583272	-	0	0	0		14	9	32	0.28125	63	3	155	0.01935483870967742
CUFF_NC.3277	2	3605679	3606354	-	0	0	0		9	35	267	0.13108614232209737	167	425	5687	0.07473184455776331
CUFF_NC.3278	2	3606482	3607849	-	0	0	0		11	40	242	0.1652892561983471	269	358	5397	0.0663331480452103
CUFF_NC.3279	2	3606980	3607382	+	0	0	0		3	21	123	0.17073170731707318	88	90	1740	0.05172413793103448
CUFF_NC.3294	2	3614922	3626487	-	0	0	0		138	795	2997	0.2652652652652653	2949	5281	84164	0.06274654246471176
CUFF_NC.3280	2	3626604	3627541	-	0	0	0		6	39	81	0.48148148148148145	114	151	2577	0.05859526581296081
CUFF_NC.3281	2	3626670	3627640	+	0	0	0		6	40	89	0.449438202247191	122	170	2808	0.06054131054131054
CUFF_NC.3290	2	3665666	3672766	-	0	0	0		388	688	2145	0.32074592074592073	1934	768	11049	0.06950855281020907
CUFF_NC.3284	2	3679533	3679968	+	0	0	0		33	45	99	0.45454545454545453	102	23	280	0.08214285714285714
CUFF_NC.3285	2	3713311	3718403	+	0	0	0		97	153	521	0.29366602687140114	1207	619	7673	0.0806724879447413
CUFF_NC.3289	2	3729398	3730017	+	0	0	0		49	91	210	0.43333333333333335	160	117	918	0.12745098039215685
CUFF_NC.3286	2	3752538	3753025	+	0	0	0		7	13	29	0.4482758620689655	77	42	241	0.17427385892116182
CUFF_NC.3287	2	3758192	3758965	+	0	0	0		52	43	118	0.3644067796610169	159	33	414	0.07971014492753623
CUFF_NC.3288	2	3759166	3759938	+	0	0	0		66	90	195	0.46153846153846156	180	67	545	0.12293577981651377
CUFF_NC.3292	2	3781390	3781947	-	0	0	0		46	0	217	0.0	122	7	539	0.012987012987012988
CUFF_NC.3291	2	3784886	3785363	+	0	0	0		27	38	142	0.2676056338028169	121	51	726	0.07024793388429752
CUFF_NC.3293	2	3793971	3795218	-	0	0	0		55	99	274	0.3613138686131387	361	144	1845	0.07804878048780488
CUFF_NC.3295	2	3852787	3854743	+	0	0	0		3	1	3	0.3333333333333333	19	0	19	0.0
CUFF_NC.3296	2	3853108	3853555	-	0	0	0		0	0	0		5	0	5	0.0
CUFF_NC.3298	2	3856228	3856971	+	0	0	0		4	8	33	0.24242424242424243	47	27	227	0.11894273127753303
CUFF_NC.3299	2	3874009	3874449	+	0	0	0		10	6	18	0.3333333333333333	49	10	109	0.09174311926605505
CUFF_NC.3301	2	3914007	3915665	-	0	0	0		83	245	538	0.45539033457249073	443	239	2807	0.08514428215176345
CUFF_NC.3300	2	3921525	3922112	-	0	0	0		55	117	230	0.508695652173913	157	94	688	0.13662790697674418
CUFF_NC.3306	2	3922208	3925756	-	0	0	0		267	469	1067	0.4395501405810684	1031	396	4235	0.09350649350649351
CUFF_NC.3304	2	3926082	3927850	+	0	0	0		30	40	164	0.24390243902439024	440	114	2716	0.04197349042709867
CUFF_NC.3305	2	3927671	3928781	-	0	0	0		48	110	245	0.4489795918367347	350	117	1556	0.07519280205655526
CUFF_NC.3302	2	3934955	3935360	+	0	0	0		13	7	64	0.109375	57	5	313	0.01597444089456869
CUFF_NC.3303	2	3936763	3937233	+	0	0	0		35	50	172	0.29069767441860467	107	19	443	0.04288939051918736
CUFF_NC.3307	2	4012503	4013404	-	0	0	0		24	35	109	0.3211009174311927	212	72	1012	0.07114624505928854
CUFF_NC.3308	2	4012803	4013314	+	0	0	0		14	16	58	0.27586206896551724	120	37	565	0.06548672566371681
CUFF_NC.3309	2	4018874	4019567	-	0	0	0		22	0	90	0.0	186	1	713	0.001402524544179523
CUFF_NC.3310	2	4078061	4078557	+	0	0	0		12	16	80	0.2	140	79	789	0.10012674271229405
CUFF_NC.3312	2	4140276	4141149	-	0	0	0		29	31	110	0.2818181818181818	187	61	836	0.0729665071770335
CUFF_NC.3311	2	4141320	4141927	-	0	0	0		7	0	58	0.0	145	3	915	0.003278688524590164
CUFF_NC.3313	2	4145716	4146399	+	0	0	0		41	66	146	0.4520547945205479	216	47	801	0.05867665418227216
CUFF_NC.3322	2	4221835	4222654	-	0	0	0		6	0	11	0.0	11	0	20	0.0
CUFF_NC.3324	2	4238006	4238823	-	0	0	0		10	11	30	0.36666666666666664	56	24	160	0.15
CUFF_NC.3315	2	4248510	4251132	+	0	0	0		102	172	500	0.344	730	224	3567	0.06279786935800392
CUFF_NC.3319	2	4301681	4303252	+	0	0	0		27	34	109	0.3119266055045872	319	60	1139	0.05267778753292362
CUFF_NC.3317	2	4305117	4305875	+	0	0	0		19	8	38	0.21052631578947367	69	5	119	0.04201680672268908
CUFF_NC.3316	2	4308452	4308953	+	0	0	0		3	0	13	0.0	112	8	536	0.014925373134328358
CUFF_NC.3320	2	4315281	4316575	+	0	0	0		92	1	396	0.0025252525252525255	316	5	1335	0.003745318352059925
CUFF_NC.3318	2	4318440	4318846	+	0	0	0		13	28	71	0.39436619718309857	112	39	628	0.06210191082802548
CUFF_NC.3325	2	4324538	4325089	-	0	0	0		48	58	185	0.31351351351351353	157	33	562	0.05871886120996441
CUFF_NC.3326	2	4329353	4329892	+	0	0	0		24	42	133	0.3157894736842105	141	37	702	0.05270655270655271
CUFF_NC.3327	2	4333829	4334668	+	0	0	0		29	35	183	0.1912568306010929	162	83	1138	0.07293497363796134
CUFF_NC.3328	2	4337839	4338385	+	0	0	0		7	14	44	0.3181818181818182	99	20	556	0.03597122302158273
CUFF_NC.3330	2	4361365	4362025	-	0	0	0		27	41	138	0.2971014492753623	160	41	856	0.04789719626168224
CUFF_NC.3331	2	4398924	4399955	+	0	0	0		15	15	36	0.4166666666666667	79	21	205	0.1024390243902439
CUFF_NC.3332	2	4524013	4524982	+	0	0	0		39	4	189	0.021164021164021163	221	5	1198	0.004173622704507512
CUFF_NC.3333	2	4564124	4565036	+	0	0	0		18	22	62	0.3548387096774194	32	2	114	0.017543859649122806
CUFF_NC.3335	2	4624613	4625439	-	0	0	0		27	42	128	0.328125	251	70	1051	0.06660323501427212
CUFF_NC.3334	2	4625643	4626108	-	0	0	0		8	16	43	0.37209302325581395	142	41	756	0.05423280423280423
CUFF_NC.3337	2	4634329	4635675	+	0	0	0		8	2	25	0.08	88	7	196	0.03571428571428571
CUFF_NC.3338	2	4643691	4644116	+	0	0	0		14	9	38	0.23684210526315788	59	7	115	0.06086956521739131
CUFF_NC.3339	2	4644302	4644722	+	0	0	0		21	43	93	0.46236559139784944	122	58	658	0.08814589665653495
CUFF_NC.3342	2	4646278	4647142	+	0	0	0		30	54	165	0.32727272727272727	220	63	1173	0.05370843989769821
CUFF_NC.3341	2	4648250	4650430	-	0	0	0		33	36	179	0.2011173184357542	483	93	2308	0.0402946273830156
CUFF_NC.3340	2	4654664	4655195	-	0	0	0		23	23	89	0.25842696629213485	138	20	484	0.04132231404958678
CUFF_NC.3346	2	4660206	4660826	-	0	0	0		43	56	178	0.3146067415730337	189	76	759	0.10013175230566534
CUFF_NC.3345	2	4728463	4729358	+	0	0	0		49	87	227	0.3832599118942731	269	107	1158	0.0924006908462867
CUFF_NC.3347	2	4743215	4743920	-	0	0	0		29	1	135	0.007407407407407408	145	1	595	0.0016806722689075631
CUFF_NC.3343	2	4762458	4762864	-	0	0	0		14	6	96	0.0625	104	2	804	0.0024875621890547263
CUFF_NC.3344	2	4764352	4765463	-	0	0	0		21	12	96	0.125	288	14	1466	0.009549795361527967
CUFF_NC.3348	2	4771721	4772194	+	0	0	0		24	3	128	0.0234375	122	3	647	0.00463678516228748
CUFF_NC.3357	2	4792217	4792947	+	0	0	0		35	66	157	0.42038216560509556	207	51	827	0.06166868198307134
CUFF_NC.3349	2	4797754	4798657	+	0	0	0		73	155	333	0.46546546546546547	192	42	918	0.0457516339869281
CUFF_NC.3354	2	4802783	4803636	-	0	0	0		38	0	147	0.0	258	0	795	0.0
CUFF_NC.3358	2	4830004	4831073	-	0	0	0		52	135	329	0.41033434650455924	264	95	1431	0.06638714185883997
CUFF_NC.3353	2	4839997	4845026	-	0	0	0		38	19	69	0.2753623188405797	215	37	385	0.09610389610389611
CUFF_NC.3352	2	4847753	4848487	-	0	0	0		7	9	19	0.47368421052631576	79	20	226	0.08849557522123894
CUFF_NC.3360	2	4910282	4910805	+	0	0	0		14	8	39	0.20512820512820512	56	33	201	0.16417910447761194
CUFF_NC.3363	2	4923893	4925167	+	0	0	0		38	0	156	0.0	252	3	1173	0.0025575447570332483
CUFF_NC.3362	2	4936068	4936654	-	0	0	0		25	71	134	0.5298507462686567	60	29	278	0.10431654676258993
CUFF_NC.3365	2	4937966	4938863	+	0	0	0		38	2	196	0.01020408163265306	238	6	1204	0.0049833887043189366
CUFF_NC.3364	2	4942594	4943880	-	0	0	0		10	10	55	0.18181818181818182	213	11	1233	0.008921330089213302
CUFF_NC.3367	2	4962463	4964315	-	0	0	0		90	193	459	0.420479302832244	457	154	2377	0.06478754732856541
CUFF_NC.3366	2	4964571	4964976	-	0	0	0		21	41	138	0.2971014492753623	90	56	620	0.09032258064516129
CUFF_NC.3368	2	4969512	4973387	+	0	0	0		83	111	392	0.28316326530612246	547	139	2586	0.05375096674400619
CUFF_NC.3369	2	5000133	5003301	-	0	0	0		221	614	1318	0.4658573596358118	767	434	4591	0.09453278152907864
CUFF_NC.3370	2	5002586	5003463	+	0	0	0		26	0	129	0.0	213	14	1000	0.014
CUFF_NC.3378	2	5007681	5010111	+	0	0	0		130	121	619	0.19547657512116318	532	42	2583	0.016260162601626018
CUFF_NC.3375	2	5013005	5013424	+	0	0	0		8	29	40	0.725	110	52	717	0.07252440725244072
CUFF_NC.3373	2	5021697	5022829	-	0	0	0		33	52	136	0.38235294117647056	290	141	1360	0.1036764705882353
CUFF_NC.3374	2	5021783	5022415	+	0	0	0		24	38	102	0.37254901960784315	150	67	707	0.09476661951909476
CUFF_NC.3371	2	5029173	5030718	+	0	0	0		42	56	116	0.4827586206896552	248	90	691	0.13024602026049203
CUFF_NC.3372	2	5029383	5030325	-	0	0	0		33	40	77	0.5194805194805194	119	22	244	0.09016393442622951
CUFF_NC.3389	2	5049587	5051738	+	0	0	0		97	0	416	0.0	532	4	2155	0.0018561484918793504
CUFF_NC.3377	2	5056319	5056906	-	0	0	0		13	37	69	0.5362318840579711	107	65	659	0.09863429438543247
CUFF_NC.3380	2	5066772	5067716	+	0	0	0		51	97	271	0.35793357933579334	231	80	1213	0.06595218466611706
CUFF_NC.3379	2	5084093	5085617	+	0	0	0		46	37	176	0.21022727272727273	382	96	1714	0.056009334889148193
CUFF_NC.3381	2	5098301	5098889	-	0	0	0		23	50	160	0.3125	144	62	705	0.08794326241134752
CUFF_NC.3382	2	5149739	5150284	-	0	0	0		22	7	57	0.12280701754385964	103	16	278	0.05755395683453238
CUFF_NC.3386	2	5214481	5215191	-	0	0	0		18	0	40	0.0	122	0	253	0.0
CUFF_NC.3387	2	5214641	5216738	+	0	0	0		59	119	207	0.5748792270531401	449	155	1439	0.10771369006254343
CUFF_NC.3388	2	5216777	5217992	-	0	0	0		35	65	185	0.35135135135135137	308	100	1380	0.07246376811594203
CUFF_NC.3385	2	5224866	5230307	+	0	0	0		10	19	25	0.76	37	2	60	0.03333333333333333
CUFF_NC.3384	2	5282597	5286913	+	0	0	0		221	421	864	0.48726851851851855	1078	545	4137	0.1317379743775683
CUFF_NC.3383	2	5330428	5331334	+	0	0	0		38	21	89	0.23595505617977527	145	31	370	0.08378378378378379
CUFF_NC.3390	2	5384755	5385467	-	0	0	0		29	43	132	0.32575757575757575	149	50	696	0.07183908045977011
CUFF_NC.3401	2	5390198	5391145	-	0	0	0		33	1	130	0.007692307692307693	274	2	1009	0.0019821605550049554
CUFF_NC.3392	2	5392653	5393466	+	0	0	0		36	44	172	0.2558139534883721	193	14	871	0.016073478760045924
CUFF_NC.3391	2	5404156	5404599	+	0	0	0		18	9	72	0.125	118	10	376	0.026595744680851064
CUFF_NC.3397	2	5411059	5412211	+	0	0	0		42	38	143	0.26573426573426573	325	68	1545	0.04401294498381877
CUFF_NC.3398	2	5412909	5413233	+	0	0	0		11	26	57	0.45614035087719296	102	32	480	0.06666666666666667
CUFF_NC.3399	2	5413344	5413833	+	0	0	0		22	53	130	0.4076923076923077	150	69	966	0.07142857142857142
CUFF_NC.3393	2	5446723	5447154	-	0	0	0		6	12	23	0.5217391304347826	91	29	392	0.07397959183673469
CUFF_NC.3395	2	5457962	5459099	-	0	0	0		39	23	197	0.116751269035533	309	53	1417	0.0374029640084686
CUFF_NC.3394	2	5460472	5461054	-	0	0	0		11	17	61	0.2786885245901639	173	46	777	0.059202059202059204
CUFF_NC.3396	2	5461155	5461636	-	0	0	0		22	11	93	0.11827956989247312	125	28	569	0.0492091388400703
CUFF_NC.3403	2	5491602	5495710	-	0	0	0		117	150	372	0.4032258064516129	608	220	2031	0.10832102412604629
CUFF_NC.3402	2	5508298	5508830	+	0	0	0		29	1	152	0.006578947368421052	159	3	732	0.004098360655737705
CUFF_NC.3404	2	5517653	5520530	+	0	0	0		2	0	2	0.0	8	0	8	0.0
CUFF_NC.3405	2	5536451	5537884	+	0	0	0		59	113	290	0.3896551724137931	408	182	1837	0.09907457811649428
CUFF_NC.3409	2	5538155	5538974	+	0	0	0		9	0	50	0.0	133	1	809	0.0012360939431396785
CUFF_NC.3407	2	5559020	5559595	-	0	0	0		28	48	111	0.43243243243243246	161	83	694	0.11959654178674352
CUFF_NC.3406	2	5560205	5560782	-	0	0	0		45	122	213	0.5727699530516432	147	122	717	0.1701534170153417
CUFF_NC.3411	2	5605219	5605675	+	0	0	0		11	21	42	0.5	45	11	104	0.10576923076923077
CUFF_NC.3408	2	5609508	5610353	+	0	0	0		38	56	111	0.5045045045045045	177	61	530	0.11509433962264151
CUFF_NC.3410	2	5612946	5615480	-	0	0	0		106	209	416	0.5024038461538461	729	351	2693	0.13033791310805792
CUFF_NC.3414	2	5655809	5656469	+	0	0	0		39	0	155	0.0	164	1	574	0.0017421602787456446
CUFF_NC.3413	2	5664903	5665282	-	0	0	0		18	0	75	0.0	99	4	434	0.009216589861751152
CUFF_NC.3416	2	5686289	5686748	+	0	0	0		9	0	26	0.0	80	3	324	0.009259259259259259
CUFF_NC.3425	2	5704921	5706187	-	0	0	0		118	2	417	0.004796163069544364	355	3	1232	0.002435064935064935
CUFF_NC.3417	2	5718261	5719161	+	0	0	0		35	35	156	0.22435897435897437	251	42	1051	0.039961941008563276
CUFF_NC.3420	2	5734137	5734764	+	0	0	0		27	81	183	0.4426229508196721	139	50	987	0.05065856129685917
CUFF_NC.3421	2	5736300	5737284	-	0	0	0		26	52	114	0.45614035087719296	163	61	678	0.08997050147492626
CUFF_NC.3418	2	5738277	5738986	+	0	0	0		12	19	48	0.3958333333333333	124	16	610	0.02622950819672131
CUFF_NC.3422	2	5751725	5752127	+	0	0	0		11	26	38	0.6842105263157895	68	17	204	0.08333333333333333
CUFF_NC.3426	2	5777588	5778083	+	0	0	0		20	25	77	0.3246753246753247	98	18	438	0.0410958904109589
CUFF_NC.3429	2	5791281	5792265	+	0	0	0		53	4	301	0.013289036544850499	232	24	1321	0.018168054504163512
CUFF_NC.3428	2	5792751	5794068	+	0	0	0		75	228	380	0.6	405	192	1951	0.09841107124551512
CUFF_NC.3427	2	5794856	5795699	+	0	0	0		70	126	240	0.525	213	50	643	0.07776049766718507
CUFF_NC.3431	2	5796234	5796590	+	0	0	0		26	57	110	0.5181818181818182	113	47	616	0.0762987012987013
CUFF_NC.3430	2	5800458	5800873	+	0	0	0		10	13	34	0.38235294117647056	51	8	121	0.06611570247933884
CUFF_NC.3432	2	5804981	5805405	-	0	0	0		31	0	156	0.0	72	3	366	0.00819672131147541
CUFF_NC.3433	2	5823251	5823798	+	0	0	0		7	6	18	0.3333333333333333	72	10	196	0.05102040816326531
CUFF_NC.3435	2	5846255	5846817	+	0	0	0		13	31	54	0.5740740740740741	77	58	354	0.1638418079096045
CUFF_NC.3443	2	5860091	5860556	-	0	0	0		17	0	57	0.0	94	0	421	0.0
CUFF_NC.3438	2	5867743	5869007	+	0	0	0		37	63	206	0.3058252427184466	267	56	1246	0.0449438202247191
CUFF_NC.3436	2	5869615	5870927	+	0	0	0		0	0	0		7	0	7	0.0
CUFF_NC.3437	2	5871964	5872699	+	0	0	0		13	1	53	0.018867924528301886	116	3	544	0.0055147058823529415
CUFF_NC.3439	2	5874509	5875210	+	0	0	0		6	0	30	0.0	73	0	336	0.0
CUFF_NC.3441	2	5875307	5876854	+	0	0	0		48	0	159	0.0	230	3	723	0.004149377593360996
CUFF_NC.3440	2	5876939	5877489	+	0	0	0		4	6	11	0.5454545454545454	18	10	37	0.2702702702702703
CUFF_NC.3442	2	5877923	5879059	+	0	0	0		11	8	30	0.26666666666666666	58	15	163	0.09202453987730061
CUFF_NC.3444	2	5881688	5882972	+	0	0	0		26	33	87	0.3793103448275862	133	36	477	0.07547169811320754
CUFF_NC.3445	2	5883401	5884814	+	0	0	0		26	23	66	0.3484848484848485	167	43	391	0.10997442455242967
CUFF_NC.3446	2	5884963	5886220	+	0	0	0		41	85	148	0.5743243243243243	181	87	696	0.125
CUFF_NC.3447	2	5920476	5921157	+	0	0	0		19	0	132	0.0	150	3	1019	0.002944062806673209
CUFF_NC.3449	2	5932644	5933225	+	0	0	0		20	0	49	0.0	83	0	256	0.0
CUFF_NC.3448	2	5947959	5948570	+	0	0	0		29	92	220	0.41818181818181815	160	42	1085	0.03870967741935484
CUFF_NC.3450	2	6025774	6026216	+	0	0	0		33	0	121	0.0	131	1	443	0.002257336343115124
CUFF_NC.3452	2	6049895	6050426	+	0	0	0		15	0	100	0.0	130	1	968	0.0010330578512396695
CUFF_NC.3451	2	6082361	6083494	+	0	0	0		54	57	290	0.19655172413793104	289	83	1456	0.057005494505494504
CUFF_NC.3454	2	6098761	6103721	-	0	0	0		153	158	861	0.1835075493612079	992	234	6011	0.03892863084345367
CUFF_NC.3453	2	6109270	6109715	+	0	0	0		36	95	207	0.45893719806763283	106	52	610	0.08524590163934426
CUFF_NC.3457	2	6131892	6139481	-	0	0	0		413	183	1824	0.10032894736842106	1927	131	8545	0.015330602691632533
CUFF_NC.3456	2	6139675	6140100	+	0	0	0		19	23	85	0.27058823529411763	98	31	478	0.06485355648535565
CUFF_NC.3455	2	6140874	6141449	-	0	0	0		28	51	180	0.2833333333333333	138	52	993	0.05236656596173213
CUFF_NC.3458	2	6144098	6144659	-	0	0	0		39	42	165	0.2545454545454545	160	17	650	0.026153846153846153
CUFF_NC.3465	2	6149780	6150415	-	0	0	0		31	89	173	0.5144508670520231	179	91	1035	0.08792270531400966
CUFF_NC.3466	2	6153312	6154273	-	0	0	0		64	272	353	0.7705382436260623	241	207	1389	0.1490280777537797
CUFF_NC.3464	2	6155242	6162885	-	0	0	0		473	1304	2413	0.5404061334438458	1880	877	9469	0.09261801668602809
CUFF_NC.3460	2	6176014	6176929	-	0	0	0		63	81	288	0.28125	212	75	967	0.07755946225439504
CUFF_NC.3463	2	6178316	6179392	+	0	0	0		46	103	251	0.4103585657370518	270	137	1658	0.08262967430639324
CUFF_NC.3459	2	6186471	6187059	-	0	0	0		20	45	84	0.5357142857142857	185	55	777	0.07078507078507079
CUFF_NC.3469	2	6187595	6188029	-	0	0	0		20	0	88	0.0	116	0	598	0.0
CUFF_NC.3461	2	6209639	6210482	+	0	0	0		27	0	152	0.0	220	5	1184	0.004222972972972973
CUFF_NC.3462	2	6210416	6211524	-	0	0	0		22	1	153	0.006535947712418301	254	6	1572	0.003816793893129771
CUFF_NC.3467	2	6213874	6215082	-	0	0	0		61	0	309	0.0	320	6	1616	0.0037128712871287127
CUFF_NC.3468	2	6216234	6216665	+	0	0	0		9	0	84	0.0	95	7	790	0.008860759493670886
CUFF_NC.3472	2	6303104	6303743	+	0	0	0		46	0	134	0.0	153	3	405	0.007407407407407408
CUFF_NC.3473	2	6309365	6309969	-	0	0	0		45	1	155	0.0064516129032258064	160	3	482	0.006224066390041493
CUFF_NC.3471	2	6316836	6317659	+	0	0	0		45	12	203	0.059113300492610835	193	12	864	0.013888888888888888
CUFF_NC.3474	2	6354340	6354734	+	0	0	0		12	0	67	0.0	114	1	537	0.00186219739292365
CUFF_NC.3475	2	6356338	6356892	-	0	0	0		26	0	138	0.0	94	1	408	0.0024509803921568627
CUFF_NC.3476	2	6392114	6392953	-	0	0	0		55	0	240	0.0	203	1	851	0.0011750881316098707
CUFF_NC.3477	2	6392166	6393042	+	0	0	0		57	0	242	0.0	208	1	826	0.0012106537530266344
CUFF_NC.3480	2	6399324	6400480	-	0	0	0		84	0	401	0.0	332	6	1393	0.004307250538406317
CUFF_NC.3479	2	6418091	6419171	-	0	0	0		45	3	169	0.01775147928994083	286	4	1042	0.003838771593090211
CUFF_NC.3478	2	6421557	6421979	-	0	0	0		6	0	11	0.0	34	0	61	0.0
CUFF_NC.3481	2	6422034	6423302	+	0	0	0		3	0	6	0.0	14	0	28	0.0
CUFF_NC.3484	2	6439953	6440633	-	0	0	0		26	0	135	0.0	184	2	819	0.002442002442002442
CUFF_NC.3485	2	6440018	6440771	+	0	0	0		28	0	149	0.0	200	1	912	0.0010964912280701754
CUFF_NC.3482	2	6466930	6467813	-	0	0	0		27	8	111	0.07207207207207207	181	14	757	0.018494055482166448
CUFF_NC.3483	2	6471623	6472886	-	0	0	0		35	63	163	0.38650306748466257	325	46	1606	0.028642590286425903
CUFF_NC.3486	2	6482761	6483458	-	0	0	0		4	0	9	0.0	46	0	115	0.0
CUFF_NC.3487	2	6483071	6483543	+	0	0	0		5	0	10	0.0	55	0	124	0.0
CUFF_NC.3489	2	6489832	6490590	-	0	0	0		6	0	15	0.0	66	1	137	0.0072992700729927005
CUFF_NC.3490	2	6489878	6490766	+	0	0	0		9	0	22	0.0	87	2	183	0.01092896174863388
CUFF_NC.3491	2	6491653	6493272	+	0	0	0		85	7	444	0.015765765765765764	484	8	2025	0.003950617283950617
CUFF_NC.3488	2	6501760	6502575	-	0	0	0		26	2	154	0.012987012987012988	224	3	1223	0.0024529844644317253
CUFF_NC.3497	2	6511581	6512459	-	0	0	0		39	57	229	0.24890829694323144	274	52	1516	0.03430079155672823
CUFF_NC.3492	2	6513766	6514471	+	0	0	0		28	37	129	0.2868217054263566	181	37	910	0.04065934065934066
CUFF_NC.3512	2	6519267	6519728	-	0	0	0		14	2	71	0.028169014084507043	47	1	273	0.003663003663003663
CUFF_NC.3511	2	6532756	6533195	+	0	0	0		12	41	78	0.5256410256410257	100	55	509	0.10805500982318271
CUFF_NC.3495	2	6536559	6536870	-	0	0	0		14	3	46	0.06521739130434782	78	0	246	0.0
CUFF_NC.3493	2	6537363	6538704	+	0	0	0		22	28	121	0.23140495867768596	387	24	2241	0.0107095046854083
CUFF_NC.3494	2	6542137	6543776	-	0	0	0		95	7	460	0.015217391304347827	458	8	2012	0.003976143141153081
CUFF_NC.3500	2	6546236	6546877	-	0	0	0		21	35	110	0.3181818181818182	143	95	777	0.12226512226512226
CUFF_NC.3501	2	6546382	6546965	+	0	0	0		17	32	86	0.37209302325581395	125	55	670	0.08208955223880597
CUFF_NC.3499	2	6547243	6548087	+	0	0	0		34	46	138	0.3333333333333333	202	59	619	0.09531502423263329
CUFF_NC.3498	2	6549299	6549735	-	0	0	0		41	26	72	0.3611111111111111	91	25	151	0.16556291390728478
CUFF_NC.3504	2	6565059	6565869	-	0	0	0		55	85	263	0.3231939163498099	224	67	952	0.0703781512605042
CUFF_NC.3503	2	6571942	6572441	+	0	0	0		10	15	38	0.39473684210526316	52	53	217	0.24423963133640553
CUFF_NC.3505	2	6608529	6609624	-	0	0	0		48	0	192	0.0	266	2	1179	0.0016963528413910093
CUFF_NC.3506	2	6611204	6612348	+	0	0	0		68	2	325	0.006153846153846154	286	2	1197	0.001670843776106934
CUFF_NC.3507	2	6611416	6612209	-	0	0	0		44	0	200	0.0	225	2	924	0.0021645021645021645
CUFF_NC.3518	2	6619152	6621798	+	0	0	0		141	349	689	0.5065312046444121	766	301	3542	0.08498023715415019
CUFF_NC.3508	2	6647897	6648567	+	0	0	0		48	50	186	0.26881720430107525	168	19	695	0.027338129496402876
CUFF_NC.3510	2	6649235	6651552	-	0	0	0		149	2	660	0.0030303030303030303	642	10	2662	0.003756574004507889
CUFF_NC.3517	2	6671837	6672947	+	0	0	0		52	1	218	0.0045871559633027525	323	3	1377	0.002178649237472767
CUFF_NC.3513	2	6674760	6675248	-	0	0	0		33	1	148	0.006756756756756757	149	1	588	0.0017006802721088435
CUFF_NC.3514	2	6674824	6676016	+	0	0	0		61	2	329	0.0060790273556231	352	11	2010	0.005472636815920398
CUFF_NC.3516	2	6677158	6677645	-	0	0	0		31	44	165	0.26666666666666666	167	44	810	0.05432098765432099
CUFF_NC.3515	2	6678047	6678451	+	0	0	0		12	6	69	0.08695652173913043	95	7	439	0.015945330296127564
CUFF_NC.3519	2	6692956	6693673	-	0	0	0		35	0	206	0.0	229	3	1297	0.002313030069390902
CUFF_NC.3520	2	6707962	6708589	-	0	0	0		21	0	99	0.0	157	4	739	0.005412719891745603
CUFF_NC.3521	2	6708242	6709427	+	0	0	0		41	12	234	0.05128205128205128	339	20	2008	0.0099601593625498
CUFF_NC.3522	2	6710134	6710554	+	0	0	0		21	14	74	0.1891891891891892	127	8	486	0.01646090534979424
CUFF_NC.3528	2	6736367	6739042	-	0	0	0		82	179	349	0.5128939828080229	652	295	2871	0.1027516544757924
CUFF_NC.3529	2	6736446	6737110	+	0	0	0		18	36	88	0.4090909090909091	154	73	861	0.08478513356562137
CUFF_NC.3530	2	6738395	6740868	+	0	0	0		33	79	160	0.49375	527	249	2189	0.1137505710370032
CUFF_NC.3523	2	6743660	6745018	+	0	0	0		54	0	264	0.0	333	3	1416	0.00211864406779661
CUFF_NC.3533	2	6759293	6762690	-	0	0	0		167	6	769	0.007802340702210663	975	40	4231	0.009454029780193808
CUFF_NC.3525	2	6785800	6786976	-	0	0	0		68	1	283	0.0035335689045936395	304	3	1130	0.002654867256637168
CUFF_NC.3526	2	6785988	6787077	+	0	0	0		63	1	262	0.003816793893129771	282	3	1062	0.002824858757062147
CUFF_NC.3536	2	6794853	6795372	+	0	0	0		2	0	12	0.0	41	0	198	0.0
CUFF_NC.3531	2	6811104	6811515	-	0	0	0		29	1	103	0.009708737864077669	117	1	398	0.002512562814070352
CUFF_NC.3532	2	6812012	6812636	-	0	0	0		46	0	190	0.0	189	0	687	0.0
CUFF_NC.3527	2	6813039	6813752	-	0	0	0		32	0	133	0.0	175	5	871	0.0057405281285878304
CUFF_NC.3534	2	6817097	6818545	+	0	0	0		55	0	284	0.0	368	3	1765	0.0016997167138810198
CUFF_NC.3535	2	6820953	6822599	-	0	0	0		22	0	105	0.0	208	2	990	0.00202020202020202
CUFF_NC.3537	2	6827391	6827784	-	0	0	0		11	0	59	0.0	113	4	591	0.00676818950930626
CUFF_NC.3538	2	6833004	6833662	+	0	0	0		59	0	219	0.0	180	3	471	0.006369426751592357
CUFF_NC.3540	2	6835905	6836716	+	0	0	0		34	1	183	0.00546448087431694	193	3	1087	0.0027598896044158236
CUFF_NC.3541	2	6837183	6843143	-	0	0	0		409	1101	2210	0.4981900452488688	1724	1255	8740	0.14359267734553777
CUFF_NC.3539	2	6862614	6864095	-	0	0	0		26	29	62	0.46774193548387094	128	31	343	0.09037900874635568
CUFF_NC.3549	2	6875530	6876681	-	0	0	0		28	2	157	0.012738853503184714	265	9	1596	0.005639097744360902
CUFF_NC.3551	2	6879693	6880370	+	0	0	0		45	0	202	0.0	216	5	806	0.00620347394540943
CUFF_NC.3545	2	6889569	6890219	+	0	0	0		26	1	123	0.008130081300813009	209	2	906	0.002207505518763797
CUFF_NC.3546	2	6890398	6891461	+	0	0	0		51	1	228	0.0043859649122807015	267	5	1126	0.004440497335701598
CUFF_NC.3542	2	6892213	6892885	-	0	0	0		30	107	141	0.7588652482269503	122	114	465	0.24516129032258063
CUFF_NC.3543	2	6893184	6893633	-	0	0	0		17	1	94	0.010638297872340425	95	3	613	0.004893964110929853
CUFF_NC.3565	2	6920601	6921584	+	0	0	0		37	2	209	0.009569377990430622	219	5	1081	0.004625346901017576
CUFF_NC.3552	2	6941375	6942039	-	0	0	0		27	26	72	0.3611111111111111	141	32	481	0.06652806652806653
CUFF_NC.3548	2	6949892	6951237	-	0	0	0		66	2	288	0.006944444444444444	348	2	1467	0.0013633265167007499
CUFF_NC.3554	2	6959290	6959672	+	0	0	0		26	0	90	0.0	93	2	308	0.006493506493506494
CUFF_NC.3553	2	6961005	6961563	-	0	0	0		20	0	110	0.0	126	2	808	0.0024752475247524753
CUFF_NC.3555	2	6961812	6962989	-	0	0	0		49	73	256	0.28515625	283	33	1150	0.028695652173913042
CUFF_NC.3556	2	6962500	6964620	+	0	0	0		83	99	371	0.2668463611859838	560	112	2314	0.04840103716508211
CUFF_NC.3558	2	6983799	6985661	+	0	0	0		126	7	619	0.011308562197092083	538	10	2696	0.00370919881305638
CUFF_NC.3567	2	7005400	7006014	-	0	0	0		7	2	12	0.16666666666666666	40	10	79	0.12658227848101267
CUFF_NC.3559	2	7009459	7009959	-	0	0	0		15	25	46	0.5434782608695652	84	19	217	0.08755760368663594
CUFF_NC.3560	2	7025530	7026144	-	0	0	0		40	0	214	0.0	163	3	777	0.003861003861003861
CUFF_NC.3561	2	7026394	7027227	+	0	0	0		40	1	196	0.00510204081632653	235	5	1157	0.00432152117545376
CUFF_NC.3566	2	7039471	7040628	+	0	0	0		64	3	216	0.013888888888888888	329	3	1034	0.0029013539651837525
CUFF_NC.3564	2	7059047	7059380	+	0	0	0		22	0	113	0.0	93	0	351	0.0
CUFF_NC.3563	2	7062159	7062641	+	0	0	0		24	0	114	0.0	110	1	498	0.002008032128514056
CUFF_NC.3568	2	7072995	7073556	-	0	0	0		29	2	88	0.022727272727272728	161	1	616	0.0016233766233766235
CUFF_NC.3570	2	7081948	7082409	+	0	0	0		26	0	167	0.0	141	3	858	0.0034965034965034965
CUFF_NC.3579	2	7108535	7109045	+	0	0	0		41	0	112	0.0	117	0	438	0.0
CUFF_NC.3569	2	7112993	7115592	-	0	0	0		206	467	782	0.5971867007672634	749	392	2889	0.13568708895811699
CUFF_NC.3577	2	7137187	7139137	+	0	0	0		205	4	797	0.005018820577164366	579	4	2302	0.0017376194613379669
CUFF_NC.3578	2	7143371	7145001	+	0	0	0		124	2	567	0.003527336860670194	357	4	1141	0.0035056967572304996
CUFF_NC.3571	2	7147781	7150389	+	0	0	0		12	2	22	0.09090909090909091	84	16	160	0.1
CUFF_NC.3572	2	7150907	7152879	+	0	0	0		180	3	619	0.004846526655896607	551	3	1864	0.001609442060085837
CUFF_NC.3576	2	7164893	7165326	+	0	0	0		18	0	92	0.0	120	1	564	0.0017730496453900709
CUFF_NC.3573	2	7167568	7168078	+	0	0	0		21	28	79	0.35443037974683544	126	9	580	0.015517241379310345
CUFF_NC.3574	2	7173351	7174020	-	0	0	0		55	110	269	0.40892193308550184	164	52	665	0.07819548872180451
CUFF_NC.3575	2	7175481	7176542	-	0	0	0		36	70	111	0.6306306306306306	142	29	489	0.05930470347648262
CUFF_NC.3583	2	7186454	7187458	+	0	0	0		38	3	139	0.02158273381294964	282	3	1154	0.0025996533795493936
CUFF_NC.3580	2	7190111	7190640	-	0	0	0		0	0	0		14	0	14	0.0
CUFF_NC.3584	2	7190931	7191515	-	0	0	0		3	0	3	0.0	19	2	32	0.0625
CUFF_NC.3581	2	7193543	7194427	-	0	0	0		0	0	0		22	0	22	0.0
CUFF_NC.3588	2	7199260	7199688	-	0	0	0		23	0	141	0.0	125	2	763	0.002621231979030144
CUFF_NC.3589	2	7200361	7201599	-	0	0	0		67	0	335	0.0	332	2	1637	0.0012217470983506415
CUFF_NC.3598	2	7209522	7210061	-	0	0	0		55	1	208	0.004807692307692308	165	1	590	0.001694915254237288
CUFF_NC.3597	2	7213872	7215230	+	0	0	0		83	1	393	0.002544529262086514	358	7	1470	0.004761904761904762
CUFF_NC.3592	2	7219987	7226918	+	0	0	0		358	434	1689	0.25695677915926585	1622	474	7213	0.06571468182448358
CUFF_NC.3593	2	7228615	7230178	+	0	0	0		56	78	285	0.2736842105263158	314	75	1674	0.044802867383512544
CUFF_NC.3591	2	7229445	7229919	-	0	0	0		19	0	116	0.0	122	0	690	0.0
CUFF_NC.3585	2	7239298	7239916	+	0	0	0		24	0	120	0.0	98	0	438	0.0
CUFF_NC.3586	2	7242019	7242870	-	0	0	0		16	40	65	0.6153846153846154	195	107	1134	0.09435626102292768
CUFF_NC.3587	2	7255599	7256859	+	0	0	0		59	1	347	0.002881844380403458	368	4	1992	0.002008032128514056
CUFF_NC.3590	2	7263180	7263492	+	0	0	0		14	0	69	0.0	97	2	514	0.0038910505836575876
CUFF_NC.3599	2	7273630	7274402	-	0	0	0		40	0	185	0.0	222	6	991	0.006054490413723511
CUFF_NC.3596	2	7285992	7286459	-	0	0	0		38	2	155	0.012903225806451613	109	1	441	0.0022675736961451248
CUFF_NC.3603	2	7310241	7310520	+	0	0	0		11	0	38	0.0	84	0	340	0.0
CUFF_NC.3604	2	7311091	7311525	+	0	0	0		25	0	111	0.0	117	0	523	0.0
CUFF_NC.3602	2	7312592	7313808	+	0	0	0		46	0	225	0.0	383	4	1715	0.0023323615160349854
CUFF_NC.3607	2	7316760	7320769	-	0	0	0		158	5	626	0.007987220447284345	875	23	3467	0.006633977502163254
CUFF_NC.3608	2	7323882	7324609	+	0	0	0		50	1	262	0.003816793893129771	204	1	924	0.0010822510822510823
CUFF_NC.3601	2	7330258	7330906	-	0	0	0		21	2	102	0.0196078431372549	169	3	892	0.0033632286995515697
CUFF_NC.3610	2	7332109	7333067	-	0	0	0		64	0	268	0.0	254	5	1018	0.004911591355599214
CUFF_NC.3613	2	7344995	7347071	+	0	0	0		150	5	776	0.006443298969072165	596	3	2742	0.0010940919037199124
CUFF_NC.3605	2	7362834	7363631	-	0	0	0		14	0	77	0.0	203	25	1253	0.019952114924181964
CUFF_NC.3606	2	7362975	7363463	+	0	0	0		11	0	48	0.0	135	5	724	0.006906077348066298
CUFF_NC.3611	2	7369653	7371145	-	0	0	0		33	1	80	0.0125	203	18	562	0.03202846975088968
CUFF_NC.3609	2	7378246	7379239	-	0	0	0		42	0	269	0.0	228	2	1440	0.001388888888888889
CUFF_NC.3619	2	7382855	7383633	-	0	0	0		40	0	211	0.0	187	1	1001	0.000999000999000999
CUFF_NC.3614	2	7393966	7394314	+	0	0	0		22	0	107	0.0	98	1	552	0.0018115942028985507
CUFF_NC.3615	2	7395312	7395968	+	0	0	0		49	2	189	0.010582010582010581	162	1	693	0.001443001443001443
CUFF_NC.3618	2	7399613	7405070	-	0	0	0		361	9	1820	0.004945054945054945	1479	14	6977	0.002006593091586642
CUFF_NC.3612	2	7406986	7408107	-	0	0	0		50	1	200	0.005	334	4	1344	0.002976190476190476
CUFF_NC.3616	2	7432537	7433088	+	0	0	0		26	0	122	0.0	130	1	634	0.0015772870662460567
CUFF_NC.3617	2	7437004	7437490	+	0	0	0		23	1	122	0.00819672131147541	130	1	702	0.0014245014245014246
CUFF_NC.3620	2	7448248	7451650	+	0	0	0		252	87	1462	0.05950752393980848	927	22	4893	0.004496219088493766
CUFF_NC.3621	2	7451864	7454195	+	0	0	0		120	1	562	0.0017793594306049821	434	8	1980	0.00404040404040404
CUFF_NC.3632	2	7470456	7470976	+	0	0	0		18	1	101	0.009900990099009901	163	1	910	0.001098901098901099
CUFF_NC.3625	2	7478502	7480616	+	0	0	0		151	1	722	0.0013850415512465374	608	9	2847	0.003161222339304531
CUFF_NC.3626	2	7479510	7484627	+	0	0	0		375	9	1847	0.004872766648619383	1450	17	6956	0.002443933294997125
CUFF_NC.3622	2	7494638	7496364	+	0	0	0		98	1	310	0.0032258064516129032	430	5	1200	0.004166666666666667
CUFF_NC.3623	2	7507380	7507872	-	0	0	0		48	1	236	0.00423728813559322	139	5	633	0.007898894154818325
CUFF_NC.3624	2	7508563	7509723	-	0	0	0		105	2	472	0.00423728813559322	319	2	1428	0.0014005602240896359
CUFF_NC.3628	2	7522338	7523215	+	0	0	0		28	0	86	0.0	244	1	832	0.001201923076923077
CUFF_NC.3627	2	7524366	7525374	-	0	0	0		24	56	118	0.4745762711864407	261	84	1329	0.06320541760722348
CUFF_NC.3631	2	7543722	7544441	+	0	0	0		45	2	264	0.007575757575757576	197	4	956	0.0041841004184100415
CUFF_NC.3629	2	7545754	7546333	+	0	0	0		46	1	236	0.00423728813559322	127	0	553	0.0
CUFF_NC.3630	2	7549460	7550717	-	0	0	0		55	0	264	0.0	292	2	1288	0.0015527950310559005
CUFF_NC.3651	2	7564903	7565494	-	0	0	0		47	2	269	0.007434944237918215	164	3	1003	0.0029910269192422734
CUFF_NC.3650	2	7574663	7575049	+	0	0	0		15	1	51	0.0196078431372549	109	2	539	0.0037105751391465678
CUFF_NC.3633	2	7576660	7577343	+	0	0	0		45	0	148	0.0	186	3	646	0.0046439628482972135
CUFF_NC.3634	2	7590338	7591124	+	0	0	0		50	1	255	0.00392156862745098	206	4	986	0.004056795131845842
CUFF_NC.3635	2	7593773	7594195	+	0	0	0		21	0	102	0.0	100	2	565	0.0035398230088495575
CUFF_NC.3636	2	7598163	7603199	+	0	0	0		58	2	289	0.006920415224913495	244	1	1147	0.0008718395815170009
CUFF_NC.3637	2	7603227	7603646	-	0	0	0		15	0	70	0.0	113	2	605	0.003305785123966942
CUFF_NC.3643	2	7606645	7607638	-	0	0	0		45	0	230	0.0	272	0	1394	0.0
CUFF_NC.3638	2	7625188	7626913	-	0	0	0		103	2	500	0.004	513	6	2348	0.002555366269165247
CUFF_NC.3639	2	7627529	7628091	-	0	0	0		50	0	220	0.0	146	4	569	0.007029876977152899
CUFF_NC.3640	2	7632344	7634164	+	0	0	0		55	74	282	0.2624113475177305	416	99	2131	0.04645706241201314
CUFF_NC.3649	2	7647828	7650073	-	0	0	0		162	4	796	0.005025125628140704	639	9	3163	0.00284539993676889
CUFF_NC.3642	2	7657574	7658805	+	0	0	0		3	3	3	1.0	11	0	11	0.0
CUFF_NC.3641	2	7662582	7663190	-	0	0	0		11	5	20	0.25	102	17	327	0.05198776758409786
CUFF_NC.3645	2	7670867	7673079	-	0	0	0		171	5	740	0.006756756756756757	625	4	2662	0.0015026296018031556
CUFF_NC.3644	2	7676465	7677048	+	0	0	0		21	21	63	0.3333333333333333	116	7	366	0.01912568306010929
CUFF_NC.3647	2	7689127	7689666	+	0	0	0		24	0	112	0.0	125	0	522	0.0
CUFF_NC.3646	2	7692130	7693386	-	0	0	0		67	2	221	0.00904977375565611	297	5	1185	0.004219409282700422
CUFF_NC.3648	2	7697806	7698841	-	0	0	0		45	0	214	0.0	299	4	1496	0.00267379679144385
CUFF_NC.3652	2	7722751	7724210	-	0	0	0		68	0	235	0.0	387	3	1406	0.0021337126600284497
CUFF_NC.3659	2	7739682	7740147	-	0	0	0		5	0	9	0.0	51	0	109	0.0
CUFF_NC.3654	2	7756778	7757443	+	0	0	0		36	0	159	0.0	191	1	665	0.0015037593984962407
CUFF_NC.3653	2	7758913	7759658	-	0	0	0		51	0	191	0.0	166	2	595	0.0033613445378151263
CUFF_NC.3656	2	7766825	7768142	+	0	0	0		87	2	410	0.004878048780487805	260	1	1243	0.0008045052292839903
CUFF_NC.3657	2	7803192	7803981	-	0	0	0		31	1	172	0.005813953488372093	208	2	989	0.0020222446916076846
CUFF_NC.3662	2	7825953	7826374	-	0	0	0		48	0	198	0.0	116	0	444	0.0
CUFF_NC.3660	2	7827473	7828554	-	0	0	0		81	0	373	0.0	334	2	1349	0.0014825796886582653
CUFF_NC.3658	2	7833783	7834345	-	0	0	0		22	1	106	0.009433962264150943	156	4	839	0.004767580452920143
CUFF_NC.3661	2	7838926	7839645	-	0	0	0		45	0	223	0.0	207	3	883	0.0033975084937712344
CUFF_NC.3663	2	7898295	7899487	+	0	0	0		82	1	417	0.002398081534772182	265	5	1147	0.004359197907585004
CUFF_NC.3666	2	7908951	7909945	+	0	0	0		22	1	116	0.008620689655172414	205	4	858	0.004662004662004662
CUFF_NC.3665	2	7917586	7919573	+	0	0	0		100	0	443	0.0	442	5	1616	0.003094059405940594
CUFF_NC.3664	2	7924461	7925879	+	0	0	0		25	0	108	0.0	195	5	645	0.007751937984496124
CUFF_NC.3668	2	7952977	7954448	+	0	0	0		109	2	519	0.0038535645472061657	374	7	1754	0.003990877993158495
CUFF_NC.3667	2	7956780	7957596	-	0	0	0		42	1	213	0.004694835680751174	204	5	1071	0.004668534080298786
CUFF_NC.3670	2	7968040	7968912	-	0	0	0		74	1	363	0.0027548209366391185	233	5	1135	0.004405286343612335
CUFF_NC.3669	2	7993641	7994547	-	0	0	0		35	1	116	0.008620689655172414	182	1	654	0.0015290519877675841
CUFF_NC.3673	2	7995728	7997187	-	0	0	0		87	0	490	0.0	333	1	1730	0.0005780346820809249
CUFF_NC.3672	2	8003517	8004008	+	0	0	0		33	0	115	0.0	132	1	493	0.002028397565922921
CUFF_NC.3671	2	8013948	8015592	+	0	0	0		66	0	322	0.0	407	10	1984	0.005040322580645161
CUFF_NC.3674	2	8040257	8040750	-	0	0	0		20	50	122	0.4098360655737705	168	44	720	0.06111111111111111
CUFF_NC.3676	2	8042379	8044483	+	0	0	0		68	1	381	0.0026246719160104987	587	2	2360	0.000847457627118644
CUFF_NC.3675	2	8057228	8057626	+	0	0	0		8	0	40	0.0	105	0	618	0.0
CUFF_NC.3678	2	8059055	8065001	-	0	0	0		239	45	1115	0.04035874439461883	1537	281	7454	0.037697880332707275
CUFF_NC.3677	2	8078228	8079460	-	0	0	0		78	1	317	0.0031545741324921135	279	2	1153	0.0017346053772766695
CUFF_NC.3680	2	8087334	8088078	+	0	0	0		36	0	225	0.0	234	5	1147	0.004359197907585004
CUFF_NC.3683	2	8090173	8091457	+	0	0	0		32	0	135	0.0	117	1	448	0.002232142857142857
CUFF_NC.3684	2	8093069	8094743	-	0	0	0		52	0	209	0.0	390	2	1558	0.0012836970474967907
CUFF_NC.3679	2	8096081	8096495	-	0	0	0		14	0	109	0.0	102	4	756	0.005291005291005291
CUFF_NC.3682	2	8098792	8099534	-	0	0	0		34	2	116	0.017241379310344827	167	5	791	0.006321112515802781
CUFF_NC.3681	2	8099620	8101000	+	0	0	0		59	107	344	0.311046511627907	348	105	1747	0.06010303377218088
CUFF_NC.3686	2	8110034	8110874	-	0	0	0		57	2	271	0.007380073800738007	223	1	958	0.0010438413361169101
CUFF_NC.3687	2	8112290	8113226	+	0	0	0		92	1	431	0.002320185614849188	258	2	1163	0.0017196904557179708
CUFF_NC.3688	2	8113303	8114576	+	0	0	0		81	2	376	0.005319148936170213	346	3	1715	0.001749271137026239
CUFF_NC.3698	2	8127774	8128415	-	0	0	0		58	2	195	0.010256410256410256	190	5	710	0.007042253521126761
CUFF_NC.3685	2	8136854	8137626	+	0	0	0		41	1	146	0.00684931506849315	210	2	711	0.0028129395218002813
CUFF_NC.3689	2	8139972	8140627	-	0	0	0		48	1	248	0.004032258064516129	143	1	712	0.0014044943820224719
CUFF_NC.3694	2	8183630	8184841	-	0	0	0		53	0	309	0.0	367	5	1645	0.00303951367781155
CUFF_NC.3692	2	8194941	8196540	+	0	0	0		118	1	442	0.0022624434389140274	458	5	1808	0.0027654867256637168
CUFF_NC.3693	2	8197029	8197680	+	0	0	0		58	0	223	0.0	145	0	497	0.0
CUFF_NC.3690	2	8199546	8199916	-	0	0	0		17	40	82	0.4878048780487805	115	37	600	0.06166666666666667
CUFF_NC.3691	2	8202045	8202994	-	0	0	0		49	5	285	0.017543859649122806	209	11	1106	0.009945750452079566
CUFF_NC.3696	2	8239851	8240166	+	0	0	0		9	0	66	0.0	81	1	578	0.0017301038062283738
CUFF_NC.3695	2	8247743	8250191	-	0	0	0		111	0	606	0.0	572	16	3245	0.004930662557781202
CUFF_NC.3699	2	8253264	8257162	-	0	0	0		146	11	777	0.014157014157014158	787	22	4496	0.004893238434163701
CUFF_NC.3700	2	8254845	8259198	-	0	0	0		163	26	904	0.028761061946902654	977	38	5849	0.006496837066165157
CUFF_NC.3697	2	8269792	8270233	+	0	0	0		32	104	167	0.6227544910179641	122	47	582	0.08075601374570447
CUFF_NC.3702	2	8276864	8279333	-	0	0	0		46	0	247	0.0	500	8	2788	0.0028694404591104736
CUFF_NC.3703	2	8284575	8286361	-	0	0	0		142	0	712	0.0	526	3	2144	0.0013992537313432835
CUFF_NC.3701	2	8331669	8332345	-	0	0	0		31	1	173	0.005780346820809248	152	6	895	0.0067039106145251395
CUFF_NC.3704	2	8343299	8349123	+	0	0	0		14	0	29	0.0	42	0	75	0.0
CUFF_NC.3705	2	8343426	8349235	+	0	0	0		24	0	113	0.0	71	0	310	0.0
CUFF_NC.3706	2	8349637	8350588	+	0	0	0		81	2	465	0.004301075268817204	264	3	1582	0.0018963337547408343
CUFF_NC.3707	2	8369737	8370679	+	0	0	0		44	0	230	0.0	173	1	792	0.0012626262626262627
CUFF_NC.3708	2	8375030	8375890	+	0	0	0		51	2	204	0.00980392156862745	217	4	1007	0.003972194637537239
CUFF_NC.3710	2	8433755	8434288	+	0	0	0		51	2	267	0.00749063670411985	144	1	709	0.0014104372355430183
CUFF_NC.3713	2	8443394	8443936	-	0	0	0		46	1	257	0.0038910505836575876	141	3	756	0.003968253968253968
CUFF_NC.3712	2	8446549	8449567	+	0	0	0		109	97	457	0.212253829321663	582	27	2480	0.010887096774193548
CUFF_NC.3714	2	8448890	8449465	-	0	0	0		38	84	187	0.44919786096256686	153	18	733	0.02455661664392906
CUFF_NC.3709	2	8470243	8471815	+	0	0	0		88	2	400	0.005	292	3	1269	0.002364066193853428
CUFF_NC.3711	2	8484587	8485407	-	0	0	0		72	0	294	0.0	243	5	974	0.00513347022587269
CUFF_NC.3715	2	8495171	8495859	+	0	0	0		39	0	156	0.0	203	3	925	0.003243243243243243
CUFF_NC.3716	2	8505266	8505689	+	0	0	0		19	0	73	0.0	119	2	471	0.004246284501061571
CUFF_NC.3717	2	8520976	8521409	+	0	0	0		23	0	88	0.0	134	3	505	0.005940594059405941
CUFF_NC.3719	2	8522603	8524429	+	0	0	0		140	1	718	0.001392757660167131	463	12	2255	0.005321507760532151
CUFF_NC.3718	2	8526453	8527908	-	0	0	0		63	0	308	0.0	345	6	1659	0.003616636528028933
CUFF_NC.3720	2	8534110	8534519	+	0	0	0		16	1	85	0.011764705882352941	87	1	561	0.0017825311942959
CUFF_NC.3721	2	8535787	8538729	+	0	0	0		58	50	324	0.15432098765432098	692	69	4116	0.016763848396501458
CUFF_NC.3722	2	8551008	8551336	-	0	0	0		29	0	126	0.0	74	0	327	0.0
CUFF_NC.3723	2	8576255	8577180	-	0	0	0		57	2	253	0.007905138339920948	271	1	853	0.0011723329425556857
CUFF_NC.3724	2	8586850	8589756	-	0	0	0		171	2	970	0.002061855670103093	789	10	4078	0.0024521824423737125
CUFF_NC.3730	2	8611906	8612655	+	0	0	0		61	3	301	0.009966777408637873	194	0	1036	0.0
CUFF_NC.3725	2	8621953	8622892	-	0	0	0		22	160	337	0.47477744807121663	240	376	4104	0.09161793372319688
CUFF_NC.3727	2	8643092	8643920	-	0	0	0		39	42	212	0.19811320754716982	172	11	825	0.013333333333333334
CUFF_NC.3728	2	8648066	8648560	-	0	0	0		32	0	132	0.0	140	2	628	0.0031847133757961785
CUFF_NC.3729	2	8660749	8661200	-	0	0	0		19	0	84	0.0	112	3	496	0.006048387096774193
CUFF_NC.3732	2	8687433	8690724	+	0	0	0		148	9	839	0.010727056019070322	741	20	4241	0.004715868898844612
CUFF_NC.3733	2	8687681	8690933	+	0	0	0		144	9	800	0.01125	709	19	3912	0.0048568507157464216
CUFF_NC.3734	2	8689162	8692421	+	0	0	0		141	1	797	0.0012547051442910915	750	8	4074	0.0019636720667648502
CUFF_NC.3738	2	8705620	8706687	+	0	0	0		88	2	321	0.006230529595015576	244	3	1064	0.002819548872180451
CUFF_NC.3737	2	8713825	8714568	+	0	0	0		59	2	347	0.005763688760806916	224	1	1256	0.0007961783439490446
CUFF_NC.3748	2	8733600	8733996	+	0	0	0		19	1	121	0.008264462809917356	103	1	559	0.0017889087656529517
CUFF_NC.3749	2	8734332	8734769	+	0	0	0		35	0	210	0.0	135	4	743	0.005383580080753701
CUFF_NC.3735	2	8756251	8758313	+	0	0	0		170	0	778	0.0	596	6	2661	0.002254791431792559
CUFF_NC.3736	2	8759660	8760241	+	0	0	0		33	0	157	0.0	146	2	719	0.0027816411682892906
CUFF_NC.3741	2	8766516	8766903	-	0	0	0		16	0	90	0.0	105	0	526	0.0
CUFF_NC.3740	2	8774143	8775202	+	0	0	0		85	2	332	0.006024096385542169	285	3	1145	0.0026200873362445414
CUFF_NC.3739	2	8789011	8790023	-	0	0	0		52	0	185	0.0	249	6	879	0.006825938566552901
CUFF_NC.3743	2	8801402	8801806	-	0	0	0		27	0	124	0.0	116	1	479	0.0020876826722338203
CUFF_NC.3742	2	8803501	8804059	-	0	0	0		63	0	324	0.0	155	2	720	0.002777777777777778
CUFF_NC.3746	2	8839019	8839844	+	0	0	0		63	0	284	0.0	217	1	1053	0.000949667616334283
CUFF_NC.3744	2	8851331	8853391	-	0	0	0		63	1	249	0.004016064257028112	385	3	1721	0.0017431725740848344
CUFF_NC.3745	2	8869501	8869987	+	0	0	0		14	0	89	0.0	127	1	679	0.0014727540500736377
CUFF_NC.3747	2	8873139	8873476	-	0	0	0		10	0	32	0.0	70	0	190	0.0
CUFF_NC.3750	2	8880998	8881897	+	0	0	0		21	13	99	0.13131313131313133	218	17	1329	0.012791572610985704
CUFF_NC.3751	2	8897749	8898567	+	0	0	0		50	1	316	0.0031645569620253164	231	3	1377	0.002178649237472767
CUFF_NC.3757	2	8907026	8908250	+	0	0	0		26	22	162	0.13580246913580246	145	33	708	0.046610169491525424
CUFF_NC.3753	2	8913247	8913772	+	0	0	0		38	0	173	0.0	123	0	505	0.0
CUFF_NC.3754	2	8923321	8924141	-	0	0	0		61	1	309	0.003236245954692557	250	3	1092	0.0027472527472527475
CUFF_NC.3752	2	8930278	8930822	-	0	0	0		13	1	90	0.011111111111111112	149	3	1060	0.002830188679245283
CUFF_NC.3756	2	8932654	8933498	+	0	0	0		27	1	134	0.007462686567164179	248	3	1077	0.002785515320334262
CUFF_NC.3755	2	8965624	8967237	+	0	0	0		91	1	291	0.003436426116838488	492	9	1758	0.005119453924914676
CUFF_NC.3760	2	8969653	8971980	+	0	0	0		131	1	546	0.0018315018315018315	625	7	2518	0.0027799841143764893
CUFF_NC.3759	2	8982202	8982847	+	0	0	0		36	0	87	0.0	200	2	524	0.003816793893129771
CUFF_NC.3758	2	9000662	9001835	+	0	0	0		80	1	413	0.002421307506053269	311	9	1440	0.00625
CUFF_NC.3761	2	9007341	9008639	-	0	0	0		130	0	522	0.0	420	7	1633	0.004286589099816289
CUFF_NC.3762	2	9016855	9021937	-	0	0	0		258	8	1241	0.0064464141821112	1382	36	6433	0.005596144877972952
CUFF_NC.3763	2	9026390	9027205	-	0	0	0		61	12	297	0.04040404040404041	237	9	1452	0.006198347107438017
CUFF_NC.3768	2	9036814	9037810	+	0	0	0		80	0	211	0.0	290	2	945	0.0021164021164021165
CUFF_NC.3769	2	9043071	9043527	-	0	0	0		26	1	119	0.008403361344537815	101	1	433	0.0023094688221709007
CUFF_NC.3764	2	9048779	9049283	+	0	0	0		48	1	223	0.004484304932735426	136	3	657	0.0045662100456621
CUFF_NC.3767	2	9055492	9056520	+	0	0	0		55	2	211	0.009478672985781991	262	7	1035	0.00676328502415459
CUFF_NC.3771	2	9074793	9075637	+	0	0	0		45	0	192	0.0	192	2	763	0.002621231979030144
CUFF_NC.3778	2	9076288	9077671	+	0	0	0		49	1	139	0.007194244604316547	344	3	1357	0.002210759027266028
CUFF_NC.3772	2	9089134	9089706	-	0	0	0		23	0	88	0.0	176	4	706	0.0056657223796034
CUFF_NC.3773	2	9094953	9095593	+	0	0	0		47	0	197	0.0	199	0	671	0.0
CUFF_NC.3775	2	9103464	9106434	+	0	0	0		218	2	1028	0.0019455252918287938	772	11	3324	0.003309265944645006
CUFF_NC.3776	2	9115195	9115861	+	0	0	0		79	2	380	0.005263157894736842	203	4	905	0.004419889502762431
CUFF_NC.3777	2	9119588	9120136	+	0	0	0		36	0	177	0.0	157	1	678	0.0014749262536873156
CUFF_NC.3774	2	9121782	9125864	-	0	0	0		8	0	60	0.0	50	0	305	0.0
CUFF_NC.3782	2	9129971	9130220	+	0	0	0		20	0	53	0.0	54	1	226	0.004424778761061947
CUFF_NC.3779	2	9137608	9138083	+	0	0	0		31	4	212	0.018867924528301886	146	3	866	0.003464203233256351
CUFF_NC.3780	2	9154896	9157484	-	0	0	0		192	2	823	0.002430133657351154	718	12	2988	0.004016064257028112
CUFF_NC.3781	2	9161176	9161949	-	0	0	0		7	3	21	0.14285714285714285	47	0	177	0.0
CUFF_NC.3786	2	9167189	9167522	-	0	0	0		27	0	106	0.0	93	3	337	0.008902077151335312
CUFF_NC.3787	2	9173634	9174671	+	0	0	0		92	2	583	0.003430531732418525	272	5	1526	0.00327653997378768
CUFF_NC.3784	2	9179708	9181497	+	0	0	0		140	5	617	0.008103727714748784	528	6	2244	0.00267379679144385
CUFF_NC.3783	2	9186952	9187875	-	0	0	0		21	0	106	0.0	181	3	842	0.0035629453681710215
CUFF_NC.3793	2	9201560	9202284	-	0	0	0		52	0	281	0.0	198	2	994	0.002012072434607646
CUFF_NC.3791	2	9202938	9203239	+	0	0	0		23	0	80	0.0	95	1	338	0.0029585798816568047
CUFF_NC.3792	2	9204263	9205066	+	0	0	0		66	0	269	0.0	230	1	924	0.0010822510822510823
CUFF_NC.3788	2	9205633	9206408	+	0	0	0		28	0	101	0.0	201	2	842	0.0023752969121140144
CUFF_NC.3790	2	9208484	9208969	+	0	0	0		42	0	187	0.0	146	1	540	0.001851851851851852
CUFF_NC.3798	2	9218148	9220294	-	0	0	0		159	2	724	0.0027624309392265192	556	8	2526	0.003167062549485352
CUFF_NC.3789	2	9235020	9236053	+	0	0	0		36	0	265	0.0	261	4	1726	0.002317497103128621
CUFF_NC.3794	2	9248651	9249170	-	0	0	0		33	0	143	0.0	130	1	559	0.0017889087656529517
CUFF_NC.3799	2	9256702	9261203	-	0	0	0		202	3	1129	0.002657218777679362	1204	16	6943	0.002304479331700994
CUFF_NC.3796	2	9286395	9287709	-	0	0	0		103	0	438	0.0	362	1	1542	0.0006485084306095979
CUFF_NC.3795	2	9290511	9291511	-	0	0	0		51	1	176	0.005681818181818182	216	2	852	0.002347417840375587
CUFF_NC.3797	2	9309294	9310133	+	0	0	0		43	1	174	0.005747126436781609	145	0	640	0.0
CUFF_NC.3800	2	9341117	9343093	-	0	0	0		106	13	549	0.023679417122040074	590	5	2902	0.0017229496898690559
CUFF_NC.3822	2	9357592	9358024	+	0	0	0		26	0	129	0.0	90	0	395	0.0
CUFF_NC.3801	2	9359300	9360537	+	0	0	0		59	1	223	0.004484304932735426	233	7	855	0.008187134502923977
CUFF_NC.3802	2	9378550	9379286	-	0	0	0		13	0	31	0.0	66	0	141	0.0
CUFF_NC.3803	2	9378590	9379144	+	0	0	0		10	0	26	0.0	47	0	107	0.0
CUFF_NC.3813	2	9389475	9390526	+	0	0	0		91	1	289	0.0034602076124567475	288	0	952	0.0
CUFF_NC.3804	2	9404588	9405139	-	0	0	0		22	0	112	0.0	139	1	957	0.0010449320794148381
CUFF_NC.3805	2	9404672	9405290	+	0	0	0		26	0	137	0.0	157	1	1112	0.0008992805755395684
CUFF_NC.3810	2	9418028	9418801	+	0	0	0		71	3	404	0.007425742574257425	175	3	995	0.003015075376884422
CUFF_NC.3807	2	9432220	9432641	-	0	0	0		11	1	51	0.0196078431372549	119	3	844	0.0035545023696682463
CUFF_NC.3808	2	9443313	9444620	+	0	0	0		85	1	427	0.00234192037470726	324	4	1377	0.002904865649963689
CUFF_NC.3812	2	9466972	9467629	-	0	0	0		40	1	212	0.0047169811320754715	153	1	748	0.001336898395721925
CUFF_NC.3811	2	9469132	9469515	+	0	0	0		13	0	105	0.0	91	2	753	0.0026560424966799467
CUFF_NC.3826	2	9471138	9471777	-	0	0	0		31	0	124	0.0	146	0	598	0.0
CUFF_NC.3815	2	9481066	9482146	+	0	0	0		32	34	117	0.2905982905982906	179	21	713	0.029453015427769985
CUFF_NC.3814	2	9484618	9485067	+	0	0	0		7	10	26	0.38461538461538464	114	40	389	0.10282776349614396
CUFF_NC.3817	2	9490096	9491256	-	0	0	0		51	0	244	0.0	305	2	1494	0.0013386880856760374
CUFF_NC.3816	2	9493032	9493495	+	0	0	0		12	0	52	0.0	131	4	700	0.005714285714285714
CUFF_NC.3818	2	9509843	9511088	-	0	0	0		72	0	317	0.0	364	4	1485	0.0026936026936026937
CUFF_NC.3821	2	9515156	9516292	-	0	0	0		73	1	388	0.002577319587628866	292	6	1369	0.004382761139517896
CUFF_NC.3819	2	9526207	9526972	+	0	0	0		71	2	368	0.005434782608695652	200	1	817	0.0012239902080783353
CUFF_NC.3823	2	9528860	9529370	-	0	0	0		29	70	129	0.5426356589147286	150	56	653	0.08575803981623277
CUFF_NC.3824	2	9529444	9529854	-	0	0	0		19	67	80	0.8375	136	104	628	0.16560509554140126
CUFF_NC.3825	2	9538203	9538795	+	0	0	0		46	1	116	0.008620689655172414	142	1	466	0.002145922746781116
CUFF_NC.3829	2	9545564	9546120	-	0	0	0		43	1	225	0.0044444444444444444	132	2	613	0.0032626427406199023
CUFF_NC.3828	2	9563938	9564813	+	0	0	0		55	1	255	0.00392156862745098	207	0	819	0.0
CUFF_NC.3827	2	9570902	9571483	+	0	0	0		23	0	95	0.0	134	3	618	0.0048543689320388345
CUFF_NC.3831	2	9571845	9572479	-	0	0	0		34	3	232	0.01293103448275862	146	3	820	0.003658536585365854
CUFF_NC.3834	2	9580220	9580783	-	0	0	0		25	0	131	0.0	125	1	597	0.0016750418760469012
CUFF_NC.3832	2	9591788	9592555	-	0	0	0		7	3	14	0.21428571428571427	71	4	211	0.018957345971563982
CUFF_NC.3835	2	9645182	9647075	-	0	0	0		147	0	564	0.0	435	5	1539	0.003248862897985705
CUFF_NC.3836	2	9649961	9651038	+	0	0	0		94	2	503	0.003976143141153081	286	5	1413	0.003538570417551309
CUFF_NC.3858	2	9652511	9653208	-	0	0	0		20	41	89	0.4606741573033708	155	32	584	0.0547945205479452
CUFF_NC.3859	2	9659074	9659605	-	0	0	0		65	0	199	0.0	125	1	421	0.0023752969121140144
CUFF_NC.3851	2	9695711	9696860	-	0	0	0		71	0	286	0.0	281	3	1094	0.002742230347349177
CUFF_NC.3838	2	9704890	9705336	+	0	0	0		31	0	130	0.0	117	2	443	0.004514672686230248
CUFF_NC.3837	2	9710385	9712094	-	0	0	0		59	1	344	0.0029069767441860465	479	2	2385	0.0008385744234800838
CUFF_NC.3840	2	9713340	9716676	-	0	0	0		111	3	574	0.005226480836236934	803	13	3895	0.003337612323491656
CUFF_NC.3842	2	9713917	9714656	+	0	0	0		29	1	127	0.007874015748031496	221	1	943	0.0010604453870625664
CUFF_NC.3843	2	9717527	9719159	+	0	0	0		84	2	412	0.0048543689320388345	444	21	2158	0.009731232622798888
CUFF_NC.3839	2	9721101	9722028	+	0	0	0		45	0	154	0.0	178	2	711	0.0028129395218002813
CUFF_NC.3848	2	9725721	9726424	+	0	0	0		35	0	174	0.0	154	1	729	0.0013717421124828531
CUFF_NC.3847	2	9728641	9729549	-	0	0	0		61	0	262	0.0	206	2	814	0.002457002457002457
CUFF_NC.3844	2	9732472	9733328	+	0	0	0		75	1	362	0.0027624309392265192	139	1	704	0.0014204545454545455
CUFF_NC.3846	2	9739516	9739998	-	0	0	0		19	0	145	0.0	128	2	920	0.002173913043478261
CUFF_NC.3845	2	9742403	9743484	+	0	0	0		47	0	240	0.0	348	5	1536	0.0032552083333333335
CUFF_NC.3850	2	9745394	9746406	+	0	0	0		67	1	253	0.003952569169960474	236	1	955	0.0010471204188481676
CUFF_NC.3849	2	9748731	9749481	-	0	0	0		37	0	126	0.0	188	0	706	0.0
CUFF_NC.3856	2	9752490	9753559	-	0	0	0		82	0	392	0.0	238	3	1065	0.0028169014084507044
CUFF_NC.3852	2	9773440	9774100	-	0	0	0		31	0	148	0.0	166	5	941	0.005313496280552604
CUFF_NC.3853	2	9773612	9774264	+	0	0	0		32	0	155	0.0	150	2	726	0.0027548209366391185
CUFF_NC.3860	2	9774802	9779705	-	0	0	0		173	4	1002	0.003992015968063872	1208	20	7148	0.0027979854504756574
CUFF_NC.3854	2	9785203	9785867	+	0	0	0		22	0	74	0.0	146	3	548	0.005474452554744526
CUFF_NC.3855	2	9795237	9796476	-	0	0	0		54	0	321	0.0	316	11	1874	0.005869797225186766
CUFF_NC.3857	2	9820597	9821415	-	0	0	0		26	0	127	0.0	169	0	1042	0.0
CUFF_NC.3861	2	9842047	9842513	-	0	0	0		20	0	115	0.0	86	0	446	0.0
CUFF_NC.3868	2	9843989	9845374	-	0	0	0		60	0	146	0.0	172	1	410	0.0024390243902439024
CUFF_NC.3869	2	9845498	9847999	+	0	0	0		211	5	936	0.005341880341880342	607	10	2622	0.0038138825324180014
CUFF_NC.3862	2	9852819	9853427	-	0	0	0		23	2	136	0.014705882352941176	142	37	772	0.04792746113989637
CUFF_NC.3863	2	9855192	9855897	-	0	0	0		12	21	53	0.39622641509433965	245	96	1031	0.09311348205625607
CUFF_NC.3864	2	9855387	9855804	+	0	0	0		6	7	17	0.4117647058823529	144	58	498	0.11646586345381527
CUFF_NC.3867	2	9864361	9865166	+	0	0	0		54	0	196	0.0	232	2	807	0.0024783147459727386
CUFF_NC.3866	2	9875998	9876430	-	0	0	0		25	0	114	0.0	129	3	628	0.004777070063694267
CUFF_NC.3865	2	9886228	9886836	-	0	0	0		33	0	136	0.0	178	2	782	0.0025575447570332483
CUFF_NC.3873	2	9904742	9906131	+	0	0	0		91	0	357	0.0	320	2	1093	0.0018298261665141812
CUFF_NC.3876	2	9914352	9916189	-	0	0	0		141	1	597	0.0016750418760469012	461	7	1698	0.004122497055359246
CUFF_NC.3877	2	9917844	9918359	-	0	0	0		24	0	129	0.0	136	2	594	0.003367003367003367
CUFF_NC.3870	2	9921555	9921997	-	0	0	0		13	0	77	0.0	96	1	473	0.0021141649048625794
CUFF_NC.3871	2	9922599	9923702	-	0	0	0		55	187	291	0.6426116838487973	289	99	1360	0.07279411764705883
CUFF_NC.3872	2	9922939	9923509	+	0	0	0		32	77	135	0.5703703703703704	169	48	652	0.0736196319018405
CUFF_NC.3875	2	9924697	9926131	-	0	0	0		103	0	442	0.0	322	3	1605	0.001869158878504673
CUFF_NC.3874	2	9937768	9938935	-	0	0	0		22	1	74	0.013513513513513514	101	0	428	0.0
CUFF_NC.3879	2	9945637	9945959	-	0	0	0		27	2	129	0.015503875968992248	100	0	445	0.0
CUFF_NC.3900	2	9959131	9960084	-	0	0	0		72	1	326	0.003067484662576687	255	5	1208	0.0041390728476821195
CUFF_NC.3885	2	9972058	9972405	-	0	0	0		19	0	72	0.0	78	2	325	0.006153846153846154
CUFF_NC.3880	2	9977573	9978150	+	0	0	0		34	0	203	0.0	138	3	742	0.004043126684636119
CUFF_NC.3878	2	9985809	9986678	-	0	0	0		38	1	165	0.006060606060606061	221	2	1006	0.0019880715705765406
CUFF_NC.3884	2	9991398	9992139	+	0	0	0		27	0	124	0.0	153	2	782	0.0025575447570332483
CUFF_NC.3896	2	9995844	9996643	-	0	0	0		57	0	247	0.0	214	3	842	0.0035629453681710215
CUFF_NC.3897	2	10008466	10008945	+	0	0	0		15	60	100	0.6	94	81	754	0.10742705570291777
CUFF_NC.3881	2	10011404	10012754	+	0	0	0		54	2	242	0.008264462809917356	352	5	1506	0.0033200531208499337
CUFF_NC.3882	2	10013037	10013466	+	0	0	0		27	0	126	0.0	124	1	723	0.0013831258644536654
CUFF_NC.3883	2	10014752	10015173	+	0	0	0		38	0	177	0.0	125	2	501	0.003992015968063872
CUFF_NC.3892	2	10039761	10047713	+	0	0	0		289	44	1469	0.029952348536419333	1839	39	9536	0.004089765100671141
CUFF_NC.3893	2	10043283	10046836	+	0	0	0		147	3	760	0.003947368421052632	903	17	5082	0.0033451397087760726
CUFF_NC.3894	2	10044171	10045099	+	0	0	0		43	1	255	0.00392156862745098	239	2	1360	0.0014705882352941176
CUFF_NC.3895	2	10048655	10049614	+	0	0	0		48	2	241	0.008298755186721992	225	2	1172	0.0017064846416382253
CUFF_NC.3887	2	10060466	10061074	+	0	0	0		37	0	138	0.0	200	1	654	0.0015290519877675841
CUFF_NC.3888	2	10066950	10067326	-	0	0	0		28	1	99	0.010101010101010102	102	1	342	0.0029239766081871343
CUFF_NC.3886	2	10071984	10072841	-	0	0	0		50	0	212	0.0	239	3	914	0.0032822757111597373
CUFF_NC.3899	2	10076539	10077166	+	0	0	0		34	0	194	0.0	171	3	960	0.003125
CUFF_NC.3891	2	10088056	10088554	+	0	0	0		1	1	1	1.0	21	4	26	0.15384615384615385
CUFF_NC.3890	2	10095329	10095763	+	0	0	0		12	0	57	0.0	131	1	562	0.0017793594306049821
CUFF_NC.3901	2	10107863	10108531	+	0	0	0		32	0	128	0.0	160	1	754	0.001326259946949602
CUFF_NC.3903	2	10120306	10122590	+	0	0	0		123	1	588	0.0017006802721088435	621	4	2743	0.0014582573824279985
CUFF_NC.3902	2	10125584	10126811	+	0	0	0		65	0	351	0.0	364	8	1965	0.004071246819338422
CUFF_NC.3898	2	10131630	10133086	+	0	0	0		60	2	284	0.007042253521126761	398	7	1844	0.003796095444685466
CUFF_NC.3904	2	10133615	10134397	+	0	0	0		24	2	165	0.012121212121212121	196	10	1373	0.007283321194464676
CUFF_NC.3905	2	10144858	10145322	+	0	0	0		21	6	115	0.05217391304347826	82	5	350	0.014285714285714285
CUFF_NC.3906	2	10145512	10149698	-	0	0	0		148	15	1010	0.01485148514851485	1012	15	6294	0.0023832221163012394
CUFF_NC.3907	2	10175813	10176474	-	0	0	0		55	2	252	0.007936507936507936	171	5	710	0.007042253521126761
CUFF_NC.3908	2	10187110	10187863	+	0	0	0		55	3	208	0.014423076923076924	235	1	922	0.0010845986984815619
CUFF_NC.3909	2	10188085	10190389	+	0	0	0		133	2	789	0.0025348542458808617	620	13	3159	0.00411522633744856
CUFF_NC.3910	2	10206708	10207323	+	0	0	0		47	2	204	0.00980392156862745	169	2	661	0.0030257186081694403
CUFF_NC.3912	2	10262750	10263129	+	0	0	0		31	1	138	0.007246376811594203	95	1	454	0.0022026431718061676
CUFF_NC.3914	2	10266772	10269058	+	0	0	0		118	3	551	0.0054446460980036296	555	7	2665	0.002626641651031895
CUFF_NC.3911	2	10298019	10298441	-	0	0	0		20	1	126	0.007936507936507936	115	1	651	0.0015360983102918587
CUFF_NC.3913	2	10313599	10314953	+	0	0	0		110	0	562	0.0	364	9	1673	0.005379557680812911
CUFF_NC.3915	2	10319455	10320249	+	0	0	0		40	1	134	0.007462686567164179	211	2	810	0.0024691358024691358
CUFF_NC.3916	2	10321821	10322240	+	0	0	0		15	0	76	0.0	123	0	503	0.0
CUFF_NC.3917	2	10350396	10350998	+	0	0	0		20	19	92	0.20652173913043478	160	7	657	0.0106544901065449
CUFF_NC.3919	2	10392233	10392668	-	0	0	0		21	1	114	0.008771929824561403	121	1	670	0.0014925373134328358
CUFF_NC.3946	2	10406011	10413426	-	0	0	0		201	394	1137	0.3465259454705365	1824	508	9864	0.05150040551500405
CUFF_NC.3947	2	10412708	10413260	+	0	0	0		10	22	37	0.5945945945945946	85	25	457	0.05470459518599562
CUFF_NC.3920	2	10413776	10414377	+	0	0	0		11	1	65	0.015384615384615385	158	6	817	0.0073439412484700125
CUFF_NC.3924	2	10415159	10415589	-	0	0	0		15	0	64	0.0	85	2	388	0.005154639175257732
CUFF_NC.3923	2	10424301	10425301	-	0	0	0		64	3	357	0.008403361344537815	260	3	1401	0.0021413276231263384
CUFF_NC.3921	2	10434397	10436083	-	0	0	0		14	0	52	0.0	104	1	346	0.002890173410404624
CUFF_NC.3922	2	10444850	10446538	+	0	0	0		106	2	344	0.005813953488372093	425	4	1574	0.0025412960609911056
CUFF_NC.3929	2	10450241	10450666	-	0	0	0		22	0	60	0.0	149	3	496	0.006048387096774193
CUFF_NC.3930	2	10450830	10451262	-	0	0	0		28	0	147	0.0	117	3	530	0.005660377358490566
CUFF_NC.3928	2	10452184	10453113	+	0	0	0		50	2	216	0.009259259259259259	244	4	1123	0.003561887800534283
CUFF_NC.3925	2	10454720	10455497	-	0	0	0		21	0	107	0.0	229	9	1217	0.007395234182415777
CUFF_NC.3931	2	10457183	10457801	-	0	0	0		25	0	85	0.0	170	3	840	0.0035714285714285713
CUFF_NC.3927	2	10463386	10464122	+	0	0	0		43	1	161	0.006211180124223602	195	0	740	0.0
CUFF_NC.3926	2	10464602	10465010	-	0	0	0		21	0	111	0.0	97	0	417	0.0
CUFF_NC.3935	2	10484589	10485512	+	0	0	0		64	0	322	0.0	261	4	1284	0.003115264797507788
CUFF_NC.3945	2	10500581	10501115	+	0	0	0		22	6	121	0.049586776859504134	152	4	809	0.004944375772558714
CUFF_NC.3933	2	10503332	10504381	-	0	0	0		36	0	165	0.0	230	3	1118	0.0026833631484794273
CUFF_NC.3932	2	10504717	10505223	-	0	0	0		14	0	42	0.0	83	0	233	0.0
CUFF_NC.3934	2	10528050	10529079	+	0	0	0		28	0	115	0.0	219	2	1044	0.0019157088122605363
CUFF_NC.3937	2	10533380	10534157	-	0	0	0		5	2	12	0.16666666666666666	89	15	296	0.05067567567567568
CUFF_NC.3938	2	10533473	10534296	+	0	0	0		7	3	14	0.21428571428571427	104	17	311	0.05466237942122187
CUFF_NC.3940	2	10559269	10560122	-	0	0	0		49	1	177	0.005649717514124294	203	3	666	0.0045045045045045045
CUFF_NC.3942	2	10566599	10568057	-	0	0	0		90	1	248	0.004032258064516129	296	2	845	0.002366863905325444
CUFF_NC.3941	2	10569265	10570511	+	0	0	0		48	48	297	0.16161616161616163	269	12	1449	0.008281573498964804
CUFF_NC.3943	2	10572315	10572773	+	0	0	0		38	0	153	0.0	122	0	386	0.0
CUFF_NC.3944	2	10586624	10587553	+	0	0	0		48	1	290	0.0034482758620689655	261	3	1525	0.0019672131147540984
CUFF_NC.3948	2	10591594	10591972	-	0	0	0		23	1	93	0.010752688172043012	116	0	421	0.0
CUFF_NC.3949	2	10610566	10611772	-	0	0	0		67	79	299	0.26421404682274247	317	46	1470	0.031292517006802724
CUFF_NC.3950	2	10626852	10627331	-	0	0	0		39	0	197	0.0	112	1	578	0.0017301038062283738
CUFF_NC.3951	2	10627902	10628322	-	0	0	0		25	1	104	0.009615384615384616	135	0	466	0.0
CUFF_NC.3956	2	10653594	10655152	+	0	0	0		73	1	323	0.0030959752321981426	423	5	2055	0.0024330900243309003
CUFF_NC.3953	2	10671802	10672745	+	0	0	0		60	0	255	0.0	223	1	1072	0.0009328358208955224
CUFF_NC.3955	2	10697754	10699200	+	0	0	0		124	1	627	0.001594896331738437	395	7	1967	0.0035587188612099642
CUFF_NC.3958	2	10736486	10737863	+	0	0	0		71	0	303	0.0	358	5	1402	0.003566333808844508
CUFF_NC.3959	2	10753565	10754829	-	0	0	0		63	1	332	0.0030120481927710845	219	4	1252	0.003194888178913738
CUFF_NC.3960	2	10757309	10758000	+	0	0	0		49	0	212	0.0	170	3	811	0.0036991368680641184
CUFF_NC.3963	2	10761744	10762200	-	0	0	0		56	0	255	0.0	128	2	621	0.00322061191626409
CUFF_NC.3964	2	10771515	10772375	+	0	0	0		72	1	469	0.0021321961620469083	201	3	1279	0.0023455824863174357
CUFF_NC.3974	2	10799527	10800885	-	0	0	0		116	4	653	0.006125574272588055	350	4	1897	0.0021085925144965737
CUFF_NC.3961	2	10804504	10808936	-	0	0	0		142	5	710	0.007042253521126761	902	14	4525	0.0030939226519337017
CUFF_NC.3966	2	10822046	10822443	-	0	0	0		17	1	90	0.011111111111111112	74	0	287	0.0
CUFF_NC.3967	2	10822892	10824422	-	0	0	0		97	3	395	0.007594936708860759	383	0	1522	0.0
CUFF_NC.3968	2	10828843	10829605	-	0	0	0		29	1	168	0.005952380952380952	240	2	1228	0.0016286644951140066
CUFF_NC.3969	2	10830641	10831134	+	0	0	0		27	0	120	0.0	144	1	733	0.001364256480218281
CUFF_NC.3970	2	10831167	10836559	+	0	0	0		209	7	963	0.007268951194184839	1302	28	5837	0.004796984752441323
CUFF_NC.3965	2	10837512	10837913	+	0	0	0		16	0	68	0.0	111	0	579	0.0
CUFF_NC.3975	2	10844901	10845578	-	0	0	0		51	0	227	0.0	195	1	831	0.0012033694344163659
CUFF_NC.3973	2	10854492	10855200	+	0	0	0		43	1	162	0.006172839506172839	163	3	621	0.004830917874396135
CUFF_NC.3971	2	10857777	10858365	+	0	0	0		7	0	18	0.0	114	0	487	0.0
CUFF_NC.3972	2	10858482	10859740	+	0	0	0		56	0	237	0.0	219	4	1033	0.003872216844143272
CUFF_NC.3980	2	10870106	10870787	+	0	0	0		37	0	202	0.0	162	1	847	0.0011806375442739079
CUFF_NC.3981	2	10870943	10871482	+	0	0	0		39	0	197	0.0	146	2	658	0.00303951367781155
CUFF_NC.3986	2	10890270	10890607	-	0	0	0		12	0	72	0.0	96	2	652	0.003067484662576687
CUFF_NC.3977	2	10897978	10898527	-	0	0	0		31	0	151	0.0	149	0	630	0.0
CUFF_NC.3978	2	10906391	10907282	-	0	0	0		54	0	214	0.0	196	1	668	0.0014970059880239522
CUFF_NC.3976	2	10909474	10909828	-	0	0	0		14	0	54	0.0	104	2	437	0.004576659038901602
CUFF_NC.3979	2	10928818	10929443	+	0	0	0		43	2	156	0.01282051282051282	126	0	316	0.0
CUFF_NC.3989	2	10951128	10952035	+	0	0	0		25	1	115	0.008695652173913044	165	1	758	0.0013192612137203166
CUFF_NC.3991	2	10955767	10956390	+	0	0	0		25	0	113	0.0	124	2	510	0.00392156862745098
CUFF_NC.3984	2	10982562	10982975	-	0	0	0		27	0	161	0.0	109	2	645	0.0031007751937984496
CUFF_NC.3982	2	10989434	10989890	+	0	0	0		31	0	138	0.0	150	3	681	0.004405286343612335
CUFF_NC.3983	2	10992873	10993895	-	0	0	0		35	0	166	0.0	277	4	1339	0.002987303958177745
CUFF_NC.3985	2	11009059	11010020	+	0	0	0		62	1	242	0.004132231404958678	191	1	657	0.0015220700152207
CUFF_NC.3990	2	11034117	11034546	-	0	0	0		27	0	107	0.0	125	3	520	0.0057692307692307696
CUFF_NC.3987	2	11041522	11043544	-	0	0	0		104	4	380	0.010526315789473684	364	4	1164	0.003436426116838488
CUFF_NC.3998	2	11065768	11066321	+	0	0	0		30	0	175	0.0	112	2	506	0.003952569169960474
CUFF_NC.3992	2	11071997	11072377	+	0	0	0		73	1	269	0.0037174721189591076	122	1	481	0.002079002079002079
CUFF_NC.3988	2	11075895	11076441	+	0	0	0		15	3	43	0.06976744186046512	94	1	297	0.003367003367003367
CUFF_NC.3993	2	11086175	11087086	+	0	0	0		44	2	230	0.008695652173913044	244	2	1381	0.001448225923244026
CUFF_NC.4001	2	11092666	11093428	+	0	0	0		49	0	299	0.0	165	5	935	0.0053475935828877
CUFF_NC.3994	2	11094706	11095195	+	0	0	0		43	0	202	0.0	115	0	518	0.0
CUFF_NC.3996	2	11111400	11111707	+	0	0	0		15	4	94	0.0425531914893617	100	2	525	0.0038095238095238095
CUFF_NC.3997	2	11112548	11113520	+	0	0	0		74	0	297	0.0	255	5	949	0.005268703898840885
CUFF_NC.3995	2	11120452	11122087	-	0	0	0		73	2	416	0.004807692307692308	388	1	1922	0.0005202913631633715
CUFF_NC.3999	2	11140063	11140401	-	0	0	0		3	0	9	0.0	102	0	469	0.0
CUFF_NC.4000	2	11147831	11149311	+	0	0	0		98	1	504	0.001984126984126984	442	5	2193	0.002279981760145919
CUFF_NC.4005	2	11155445	11156386	-	0	0	0		73	0	334	0.0	265	3	1128	0.0026595744680851063
CUFF_NC.4003	2	11166013	11166582	-	0	0	0		37	1	213	0.004694835680751174	158	4	947	0.004223864836325237
CUFF_NC.4002	2	11168203	11168818	+	0	0	0		28	6	133	0.045112781954887216	162	3	742	0.004043126684636119
CUFF_NC.4009	2	11220094	11220543	+	0	0	0		31	1	178	0.0056179775280898875	85	1	463	0.0021598272138228943
CUFF_NC.4008	2	11220707	11221535	+	0	0	0		48	3	256	0.01171875	194	3	914	0.0032822757111597373
CUFF_NC.4007	2	11234432	11235212	+	0	0	0		35	0	222	0.0	214	2	1179	0.0016963528413910093
CUFF_NC.4006	2	11237095	11237710	+	0	0	0		11	1	82	0.012195121951219513	159	0	1122	0.0
CUFF_NC.4010	2	11239314	11239887	+	0	0	0		25	0	118	0.0	155	5	748	0.0066844919786096255
CUFF_NC.4011	2	11240173	11241213	+	0	0	0		34	0	167	0.0	294	9	1682	0.00535077288941736
CUFF_NC.4016	2	11243294	11243865	+	0	0	0		44	1	225	0.0044444444444444444	160	4	831	0.0048134777376654635
CUFF_NC.4017	2	11245384	11246316	+	0	0	0		51	1	310	0.0032258064516129032	219	2	1363	0.001467351430667645
CUFF_NC.4019	2	11259247	11259965	+	0	0	0		38	0	126	0.0	146	1	424	0.0023584905660377358
CUFF_NC.4013	2	11263926	11265538	-	0	0	0		83	2	405	0.0049382716049382715	449	8	1851	0.004321988114532685
CUFF_NC.4012	2	11267918	11268383	-	0	0	0		22	1	115	0.008695652173913044	138	2	811	0.002466091245376079
CUFF_NC.4014	2	11270340	11270790	-	0	0	0		46	1	251	0.00398406374501992	121	1	688	0.0014534883720930232
CUFF_NC.4018	2	11273798	11274360	-	0	0	0		35	3	139	0.02158273381294964	131	2	533	0.00375234521575985
CUFF_NC.4015	2	11282903	11284322	+	0	0	0		46	1	230	0.004347826086956522	394	6	1921	0.0031233732431025507
CUFF_NC.4020	2	11287936	11288364	+	0	0	0		36	1	188	0.005319148936170213	113	0	625	0.0
CUFF_NC.4023	2	11301220	11302122	-	0	0	0		62	4	325	0.012307692307692308	207	1	947	0.0010559662090813093
CUFF_NC.4021	2	11327935	11328767	-	0	0	0		6	0	6	0.0	18	0	18	0.0
CUFF_NC.4024	2	11329848	11330523	-	0	0	0		25	0	90	0.0	119	4	410	0.00975609756097561
CUFF_NC.4022	2	11338536	11339084	-	0	0	0		17	1	135	0.007407407407407408	142	1	908	0.0011013215859030838
CUFF_NC.4032	2	11348043	11348415	+	0	0	0		21	0	131	0.0	118	2	549	0.0036429872495446266
CUFF_NC.4033	2	11350516	11351293	+	0	0	0		23	0	94	0.0	181	1	871	0.001148105625717566
CUFF_NC.4025	2	11353981	11354490	+	0	0	0		26	0	133	0.0	132	2	693	0.002886002886002886
CUFF_NC.4026	2	11357530	11358464	-	0	0	0		22	1	117	0.008547008547008548	242	4	1360	0.0029411764705882353
CUFF_NC.4029	2	11369972	11372167	-	0	0	0		59	4	349	0.011461318051575931	535	7	3256	0.00214987714987715
CUFF_NC.4030	2	11388346	11389945	-	0	0	0		106	1	459	0.002178649237472767	414	8	1754	0.004561003420752566
CUFF_NC.4031	2	11390305	11391795	-	0	0	0		86	1	412	0.0024271844660194173	394	5	2123	0.0023551577955723034
CUFF_NC.4034	2	11393024	11396220	+	0	0	0		100	4	447	0.008948545861297539	769	11	3962	0.0027763755678950025
CUFF_NC.4035	2	11393465	11397194	+	0	0	0		157	6	727	0.008253094910591471	931	12	4533	0.0026472534745201853
CUFF_NC.4027	2	11397483	11399111	+	0	0	0		41	87	263	0.33079847908745247	295	120	1875	0.064
CUFF_NC.4028	2	11400226	11400826	-	0	0	0		17	30	99	0.30303030303030304	131	35	770	0.045454545454545456
CUFF_NC.4037	2	11434028	11434657	+	0	0	0		51	2	225	0.008888888888888889	146	2	664	0.0030120481927710845
CUFF_NC.4042	2	11443298	11444085	-	0	0	0		31	0	143	0.0	175	3	815	0.0036809815950920245
CUFF_NC.4036	2	11450651	11451256	+	0	0	0		14	4	41	0.0975609756097561	175	2	447	0.0044742729306487695
CUFF_NC.4038	2	11451473	11452694	+	0	0	0		41	1	254	0.003937007874015748	320	5	1746	0.0028636884306987398
CUFF_NC.4046	2	11469502	11469899	+	0	0	0		32	2	152	0.013157894736842105	128	0	575	0.0
CUFF_NC.4039	2	11496453	11497736	+	0	0	0		48	0	214	0.0	354	3	1563	0.0019193857965451055
CUFF_NC.4040	2	11519514	11520076	+	0	0	0		39	1	138	0.007246376811594203	139	2	509	0.003929273084479371
CUFF_NC.4043	2	11526258	11527900	+	0	0	0		86	0	342	0.0	444	8	1698	0.004711425206124852
CUFF_NC.4044	2	11546165	11547068	-	0	0	0		48	3	198	0.015151515151515152	278	2	1136	0.0017605633802816902
CUFF_NC.4045	2	11595027	11595861	-	0	0	0		70	1	295	0.003389830508474576	196	4	922	0.004338394793926247
CUFF_NC.4047	2	11669749	11670466	-	0	0	0		35	0	131	0.0	216	2	772	0.0025906735751295338
CUFF_NC.4048	2	11678692	11679137	+	0	0	0		11	0	44	0.0	144	1	479	0.0020876826722338203
CUFF_NC.4052	2	11683875	11685679	+	0	0	0		78	1	370	0.002702702702702703	402	6	1782	0.003367003367003367
CUFF_NC.4051	2	11688186	11689384	+	0	0	0		36	0	205	0.0	325	3	1709	0.0017554125219426564
CUFF_NC.4050	2	11689461	11690567	+	0	0	0		31	0	209	0.0	304	9	1846	0.004875406283856988
CUFF_NC.4049	2	11691485	11691908	+	0	0	0		15	3	57	0.05263157894736842	97	3	380	0.007894736842105263
CUFF_NC.4053	2	11726165	11727081	+	0	0	0		39	0	184	0.0	264	5	1224	0.004084967320261438
CUFF_NC.4058	2	11752700	11754133	+	0	0	0		63	2	331	0.006042296072507553	399	2	1860	0.001075268817204301
CUFF_NC.4054	2	11758195	11758973	+	0	0	0		57	0	297	0.0	224	2	1148	0.0017421602787456446
CUFF_NC.4055	2	11766958	11767433	+	0	0	0		13	0	70	0.0	108	0	586	0.0
CUFF_NC.4056	2	11771556	11771989	+	0	0	0		12	0	47	0.0	115	2	518	0.003861003861003861
CUFF_NC.4059	2	11776699	11777299	+	0	0	0		52	0	215	0.0	137	1	492	0.0020325203252032522
CUFF_NC.4057	2	11792127	11792452	+	0	0	0		9	0	57	0.0	91	2	466	0.004291845493562232
CUFF_NC.4060	2	11803184	11804149	+	0	0	0		34	0	171	0.0	270	2	1358	0.0014727540500736377
CUFF_NC.4061	2	11812658	11813166	-	0	0	0		37	32	138	0.2318840579710145	118	2	474	0.004219409282700422
CUFF_NC.4063	2	11832846	11834249	+	0	0	0		60	4	367	0.010899182561307902	366	5	2034	0.0024582104228121925
CUFF_NC.4062	2	11835620	11836137	-	0	0	0		15	4	83	0.04819277108433735	122	3	664	0.004518072289156626
CUFF_NC.4066	2	11851946	11852909	-	0	0	0		72	2	283	0.007067137809187279	224	2	846	0.002364066193853428
CUFF_NC.4064	2	11857175	11857959	-	0	0	0		55	0	240	0.0	189	4	843	0.004744958481613286
CUFF_NC.4065	2	11860152	11861416	-	0	0	0		82	0	366	0.0	281	8	1280	0.00625
CUFF_NC.4068	2	11892137	11893574	-	0	0	0		49	1	255	0.00392156862745098	401	6	1999	0.0030015007503751876
CUFF_NC.4069	2	11902428	11903036	+	0	0	0		46	0	221	0.0	195	1	814	0.0012285012285012285
CUFF_NC.4067	2	11911152	11911670	+	0	0	0		26	0	91	0.0	124	0	349	0.0
CUFF_NC.4072	2	11918759	11919719	+	0	0	0		59	3	264	0.011363636363636364	312	2	1187	0.0016849199663016006
CUFF_NC.4071	2	11922582	11922985	+	0	0	0		24	2	128	0.015625	112	0	553	0.0
CUFF_NC.4073	2	11953700	11954814	+	0	0	0		51	1	278	0.0035971223021582736	299	4	1620	0.0024691358024691358
CUFF_NC.4077	2	11955970	11956481	-	0	0	0		33	0	198	0.0	133	5	772	0.006476683937823834
CUFF_NC.4075	2	11960715	11962045	+	0	0	0		57	0	308	0.0	343	4	1509	0.0026507620941020544
CUFF_NC.4076	2	11962251	11963423	+	0	0	0		45	0	183	0.0	283	4	1091	0.0036663611365719525
CUFF_NC.4079	2	11975850	11976592	-	0	0	0		37	0	141	0.0	201	1	866	0.0011547344110854503
CUFF_NC.4078	2	11979097	11979798	+	0	0	0		26	0	118	0.0	203	4	973	0.0041109969167523125
CUFF_NC.4074	2	11986561	11987284	-	0	0	0		42	0	132	0.0	217	0	695	0.0
CUFF_NC.4081	2	12010798	12012232	+	0	0	0		57	0	214	0.0	419	0	1721	0.0
CUFF_NC.4082	2	12024131	12025174	-	0	0	0		86	1	346	0.002890173410404624	281	1	979	0.0010214504596527069
CUFF_NC.4080	2	12027174	12027455	+	0	0	0		9	0	65	0.0	95	1	701	0.0014265335235378032
CUFF_NC.4083	2	12040877	12041593	-	0	0	0		86	0	314	0.0	175	0	438	0.0
CUFF_NC.4099	2	12058562	12058847	-	0	0	0		38	1	161	0.006211180124223602	83	0	319	0.0
CUFF_NC.4085	2	12087296	12087869	-	0	0	0		37	0	222	0.0	159	2	883	0.0022650056625141564
CUFF_NC.4084	2	12115613	12116333	-	0	0	0		58	0	240	0.0	192	0	747	0.0
CUFF_NC.4089	2	12134167	12134893	+	0	0	0		90	2	318	0.006289308176100629	206	3	697	0.00430416068866571
CUFF_NC.4088	2	12140520	12140970	+	0	0	0		19	0	82	0.0	122	3	563	0.0053285968028419185
CUFF_NC.4087	2	12148444	12149337	+	0	0	0		52	0	238	0.0	220	0	952	0.0
CUFF_NC.4086	2	12152261	12152927	-	0	0	0		24	0	107	0.0	187	3	713	0.004207573632538569
CUFF_NC.4090	2	12157722	12158614	-	0	0	0		45	0	146	0.0	238	0	738	0.0
CUFF_NC.4094	2	12162292	12163667	+	0	0	0		121	0	612	0.0	384	4	1763	0.0022688598979013048
CUFF_NC.4096	2	12172807	12174048	+	0	0	0		61	1	235	0.00425531914893617	298	2	1152	0.001736111111111111
CUFF_NC.4091	2	12174685	12175088	-	0	0	0		17	0	104	0.0	102	1	564	0.0017730496453900709
CUFF_NC.4093	2	12187775	12188310	+	0	0	0		31	0	89	0.0	157	2	555	0.0036036036036036037
CUFF_NC.4092	2	12199351	12200099	+	0	0	0		35	1	128	0.0078125	213	5	946	0.005285412262156448
CUFF_NC.4095	2	12214459	12214846	-	0	0	0		34	0	132	0.0	102	2	389	0.005141388174807198
CUFF_NC.4097	2	12248813	12249506	-	0	0	0		14	1	84	0.011904761904761904	189	6	1141	0.0052585451358457495
CUFF_NC.4098	2	12254957	12255859	-	0	0	0		42	1	235	0.00425531914893617	266	2	1310	0.0015267175572519084
CUFF_NC.4102	2	12272251	12272810	-	0	0	0		29	1	123	0.008130081300813009	149	3	577	0.005199306759098787
CUFF_NC.4100	2	12273146	12273675	+	0	0	0		14	0	77	0.0	95	0	355	0.0
CUFF_NC.4101	2	12273499	12273923	-	0	0	0		13	0	84	0.0	92	0	348	0.0
CUFF_NC.4105	2	12275562	12277328	+	0	0	0		63	0	362	0.0	511	5	2409	0.0020755500207555004
CUFF_NC.4103	2	12285205	12285595	+	0	0	0		15	34	79	0.43037974683544306	97	18	427	0.04215456674473068
CUFF_NC.4104	2	12285904	12286593	+	0	0	0		34	27	202	0.13366336633663367	177	20	874	0.02288329519450801
CUFF_NC.4106	2	12295206	12296088	-	0	0	0		52	2	222	0.009009009009009009	209	1	829	0.0012062726176115801
CUFF_NC.4107	2	12326981	12327474	-	0	0	0		44	3	225	0.013333333333333334	131	4	636	0.006289308176100629
CUFF_NC.4108	2	12329354	12330106	+	0	0	0		34	0	194	0.0	200	2	975	0.0020512820512820513
CUFF_NC.4114	2	12333988	12336780	+	0	0	0		122	3	749	0.004005340453938585	722	14	4124	0.0033947623666343357
CUFF_NC.4109	2	12349093	12350328	-	0	0	0		57	1	331	0.0030211480362537764	299	7	1609	0.00435052827843381
CUFF_NC.4111	2	12358278	12359222	+	0	0	0		60	1	289	0.0034602076124567475	239	0	1013	0.0
CUFF_NC.4110	2	12394385	12394918	+	0	0	0		23	2	108	0.018518518518518517	153	0	662	0.0
CUFF_NC.4113	2	12407160	12408054	+	0	0	0		75	0	286	0.0	193	1	697	0.0014347202295552368
CUFF_NC.4115	2	12415778	12417024	+	0	0	0		88	0	402	0.0	344	1	1202	0.0008319467554076539
CUFF_NC.4112	2	12417791	12418334	-	0	0	0		25	1	152	0.006578947368421052	122	3	636	0.0047169811320754715
CUFF_NC.4118	2	12496116	12496625	+	0	0	0		19	0	87	0.0	128	2	514	0.0038910505836575876
CUFF_NC.4119	2	12498129	12498685	+	0	0	0		23	0	109	0.0	165	0	833	0.0
CUFF_NC.4117	2	12516290	12516881	+	0	0	0		23	1	147	0.006802721088435374	163	2	1010	0.0019801980198019802
CUFF_NC.4120	2	12525468	12526500	+	0	0	0		40	5	202	0.024752475247524754	319	10	1596	0.006265664160401002
CUFF_NC.4121	2	12536857	12542456	+	0	0	0		168	17	862	0.019721577726218097	883	21	4403	0.0047694753577106515
CUFF_NC.4122	2	12540915	12541693	+	0	0	0		11	14	33	0.42424242424242425	65	8	173	0.046242774566473986
CUFF_NC.4126	2	12542780	12543522	-	0	0	0		45	0	221	0.0	219	2	969	0.0020639834881320948
CUFF_NC.4127	2	12546680	12552126	+	0	0	0		365	6	1751	0.0034266133637921186	1640	23	7600	0.0030263157894736843
CUFF_NC.4128	2	12546950	12552438	+	0	0	0		369	7	1787	0.00391717963066592	1656	22	7678	0.0028653295128939827
CUFF_NC.4125	2	12559983	12561306	-	0	0	0		134	4	395	0.010126582278481013	384	3	1097	0.0027347310847766638
CUFF_NC.4143	2	12585740	12592653	-	0	0	0		317	6	1690	0.0035502958579881655	1945	35	10475	0.003341288782816229
CUFF_NC.4144	2	12587337	12599096	-	0	0	0		513	12	2878	0.004169562195969423	3171	56	17491	0.00320164656108856
CUFF_NC.4124	2	12601503	12603503	-	0	0	0		89	12	526	0.022813688212927757	526	23	2891	0.007955724662746454
CUFF_NC.4129	2	12612435	12613085	+	0	0	0		38	0	145	0.0	151	2	655	0.0030534351145038168
CUFF_NC.4130	2	12614866	12615450	+	0	0	0		42	0	204	0.0	142	0	736	0.0
CUFF_NC.4123	2	12618260	12618896	+	0	0	0		35	1	200	0.005	163	1	699	0.001430615164520744
CUFF_NC.4131	2	12624599	12626342	+	0	0	0		63	1	320	0.003125	454	7	2101	0.0033317467872441696
CUFF_NC.4132	2	12631391	12631821	+	0	0	0		18	0	84	0.0	108	1	475	0.002105263157894737
CUFF_NC.4136	2	12670689	12671398	-	0	0	0		37	1	190	0.005263157894736842	170	3	909	0.0033003300330033004
CUFF_NC.4134	2	12678903	12680629	-	0	0	0		76	0	309	0.0	422	8	1407	0.005685856432125089
CUFF_NC.4137	2	12682205	12682670	+	0	0	0		17	0	45	0.0	111	2	353	0.0056657223796034
CUFF_NC.4135	2	12685958	12686733	+	0	0	0		26	0	104	0.0	154	3	731	0.004103967168262654
CUFF_NC.4139	2	12709791	12710667	-	0	0	0		49	0	221	0.0	252	2	1117	0.0017905102954341987
CUFF_NC.4138	2	12716237	12716847	+	0	0	0		37	0	167	0.0	157	0	594	0.0
CUFF_NC.4140	2	12728340	12730847	+	0	0	0		108	3	527	0.0056925996204933585	552	7	2442	0.0028665028665028664
CUFF_NC.4141	2	12739002	12740206	+	0	0	0		13	16	62	0.25806451612903225	21	3	79	0.0379746835443038
CUFF_NC.4171	2	12749057	12749414	-	0	0	0		24	1	104	0.009615384615384616	95	2	425	0.004705882352941176
CUFF_NC.4146	2	12749975	12750650	-	0	0	0		45	0	177	0.0	175	3	802	0.003740648379052369
CUFF_NC.4151	2	12765349	12767058	-	0	0	0		108	0	411	0.0	416	1	1607	0.0006222775357809583
CUFF_NC.4145	2	12777212	12777552	-	0	0	0		17	0	80	0.0	93	1	459	0.002178649237472767
CUFF_NC.4149	2	12805673	12806261	-	0	0	0		41	0	191	0.0	146	1	712	0.0014044943820224719
CUFF_NC.4152	2	12811751	12812943	+	0	0	0		27	78	115	0.6782608695652174	216	115	905	0.1270718232044199
CUFF_NC.4147	2	12814284	12815092	-	0	0	0		52	0	216	0.0	190	0	688	0.0
CUFF_NC.4148	2	12821524	12823088	-	0	0	0		93	1	428	0.002336448598130841	381	3	1678	0.0017878426698450535
CUFF_NC.4150	2	12826016	12826527	-	0	0	0		43	1	177	0.005649717514124294	175	2	657	0.0030441400304414
CUFF_NC.4166	2	12849771	12850192	-	0	0	0		30	0	147	0.0	118	0	478	0.0
CUFF_NC.4163	2	12852581	12854109	+	0	0	0		123	1	453	0.002207505518763797	440	5	1596	0.003132832080200501
CUFF_NC.4164	2	12854820	12856077	+	0	0	0		92	2	512	0.00390625	358	6	1832	0.0032751091703056767
CUFF_NC.4153	2	12867147	12868344	+	0	0	0		15	0	64	0.0	276	0	1264	0.0
CUFF_NC.4160	2	12872117	12876311	-	0	0	0		181	3	853	0.0035169988276670576	856	9	3570	0.0025210084033613447
CUFF_NC.4161	2	12873012	12873790	-	0	0	0		41	0	182	0.0	173	1	611	0.0016366612111292963
CUFF_NC.4155	2	12889276	12890017	+	0	0	0		50	0	212	0.0	186	2	887	0.002254791431792559
CUFF_NC.4154	2	12897068	12897804	-	0	0	0		38	1	158	0.006329113924050633	174	1	607	0.0016474464579901153
CUFF_NC.4156	2	12899791	12901395	+	0	0	0		96	0	371	0.0	384	7	1617	0.004329004329004329
CUFF_NC.4159	2	12905481	12906370	+	0	0	0		48	2	218	0.009174311926605505	231	3	1012	0.0029644268774703555
CUFF_NC.4158	2	12908561	12909182	+	0	0	0		35	0	148	0.0	153	2	691	0.002894356005788712
CUFF_NC.4162	2	12909631	12912385	+	0	0	0		174	1	804	0.0012437810945273632	639	2	2739	0.0007301935012778386
CUFF_NC.4157	2	12920781	12921281	-	0	0	0		33	0	194	0.0	126	1	559	0.0017889087656529517
CUFF_NC.4172	2	12937011	12939746	+	0	0	0		137	3	666	0.0045045045045045045	582	10	2667	0.0037495313085864268
CUFF_NC.4170	2	12940390	12941634	+	0	0	0		75	0	333	0.0	325	4	1478	0.0027063599458728013
CUFF_NC.4167	2	12956863	12957530	-	0	0	0		37	2	211	0.009478672985781991	195	5	1139	0.004389815627743635
CUFF_NC.4169	2	12959406	12960196	-	0	0	0		46	0	216	0.0	210	2	1054	0.0018975332068311196
CUFF_NC.4168	2	12967191	12968000	-	0	0	0		41	0	168	0.0	196	1	788	0.0012690355329949238
CUFF_NC.4179	2	12992888	12993393	+	0	0	0		35	1	183	0.00546448087431694	106	1	577	0.0017331022530329288
CUFF_NC.4173	2	12998199	13000082	+	0	0	0		142	0	698	0.0	536	4	2314	0.001728608470181504
CUFF_NC.4174	2	13000738	13002436	+	0	0	0		96	1	419	0.002386634844868735	488	7	2090	0.0033492822966507177
CUFF_NC.4176	2	13014426	13016379	-	0	0	0		100	2	414	0.004830917874396135	438	3	1854	0.0016181229773462784
CUFF_NC.4180	2	13021024	13021630	+	0	0	0		42	0	253	0.0	182	4	1038	0.0038535645472061657
CUFF_NC.4183	2	13038792	13039441	-	0	0	0		39	2	189	0.010582010582010581	176	1	900	0.0011111111111111111
CUFF_NC.4175	2	13041976	13042396	+	0	0	0		12	8	37	0.21621621621621623	56	1	148	0.006756756756756757
CUFF_NC.4178	2	13045651	13046312	-	0	0	0		60	1	255	0.00392156862745098	191	4	746	0.005361930294906166
CUFF_NC.4177	2	13093549	13094020	-	0	0	0		28	55	150	0.36666666666666664	137	41	796	0.05150753768844221
CUFF_NC.4181	2	13105666	13106851	+	0	0	0		26	1	147	0.006802721088435374	342	5	1957	0.0025549310168625446
CUFF_NC.4187	2	13139557	13142492	-	0	0	0		132	2	684	0.0029239766081871343	800	11	3820	0.0028795811518324606
CUFF_NC.4186	2	13142904	13143653	+	0	0	0		61	0	271	0.0	209	0	937	0.0
CUFF_NC.4184	2	13147539	13148013	-	0	0	0		12	0	68	0.0	144	1	696	0.0014367816091954023
CUFF_NC.4198	2	13160356	13160786	+	0	0	0		21	60	102	0.5882352941176471	79	25	444	0.05630630630630631
CUFF_NC.4182	2	13162152	13163751	-	0	0	0		84	1	441	0.0022675736961451248	416	11	2519	0.004366812227074236
CUFF_NC.4185	2	13172140	13172820	-	0	0	0		8	13	24	0.5416666666666666	65	15	270	0.05555555555555555
CUFF_NC.4188	2	13186543	13187253	-	0	0	0		26	0	103	0.0	182	3	840	0.0035714285714285713
CUFF_NC.4194	2	13193938	13194593	-	0	0	0		20	1	108	0.009259259259259259	181	0	583	0.0
CUFF_NC.4189	2	13219532	13220333	-	0	0	0		28	0	171	0.0	196	6	1067	0.005623242736644799
CUFF_NC.4190	2	13220982	13222238	+	0	0	0		55	1	203	0.0049261083743842365	394	2	1449	0.0013802622498274672
CUFF_NC.4191	2	13232922	13233527	+	0	0	0		4	0	10	0.0	4	0	5	0.0
CUFF_NC.4193	2	13260987	13262258	+	0	0	0		35	0	171	0.0	338	7	1654	0.004232164449818622
CUFF_NC.4196	2	13263834	13264297	+	0	0	0		41	1	253	0.003952569169960474	121	3	809	0.003708281829419036
CUFF_NC.4195	2	13273568	13274466	-	0	0	0		80	218	317	0.6876971608832808	258	106	1059	0.10009442870632672
CUFF_NC.4192	2	13277794	13278676	-	0	0	0		53	0	192	0.0	232	2	772	0.0025906735751295338
CUFF_NC.4202	2	13294508	13294875	-	0	0	0		18	1	82	0.012195121951219513	91	1	400	0.0025
CUFF_NC.4203	2	13297414	13298012	-	0	0	0		25	1	85	0.011764705882352941	155	0	651	0.0
CUFF_NC.4197	2	13306531	13307614	+	0	0	0		37	0	172	0.0	290	4	1300	0.003076923076923077
CUFF_NC.4199	2	13319728	13320232	+	0	0	0		47	0	225	0.0	145	4	601	0.0066555740432612314
CUFF_NC.4200	2	13320418	13321591	+	0	0	0		107	0	469	0.0	318	4	1385	0.002888086642599278
CUFF_NC.4201	2	13330374	13330724	-	0	0	0		49	1	243	0.00411522633744856	91	1	354	0.002824858757062147
CUFF_NC.4210	2	13343812	13344331	-	0	0	0		44	0	212	0.0	140	0	714	0.0
CUFF_NC.4204	2	13351089	13351982	-	0	0	0		50	3	234	0.01282051282051282	238	6	1114	0.005385996409335727
CUFF_NC.4207	2	13373170	13373800	+	0	0	0		25	0	87	0.0	170	4	557	0.00718132854578097
CUFF_NC.4209	2	13385739	13386398	+	0	0	0		41	0	157	0.0	118	0	390	0.0
CUFF_NC.4206	2	13388644	13389872	+	0	0	0		78	2	381	0.005249343832020997	362	4	1777	0.0022509848058525606
CUFF_NC.4205	2	13392056	13392847	+	0	0	0		58	1	278	0.0035971223021582736	207	1	808	0.0012376237623762376
CUFF_NC.4208	2	13395166	13395808	-	0	0	0		28	0	121	0.0	155	0	685	0.0
CUFF_NC.4213	2	13400617	13402330	+	0	0	0		106	1	472	0.00211864406779661	485	8	2059	0.003885381253035454
CUFF_NC.4212	2	13414374	13416408	-	0	0	0		101	2	467	0.004282655246252677	611	9	2804	0.003209700427960057
CUFF_NC.4215	2	13431414	13434804	+	0	0	0		102	20	632	0.03164556962025317	660	154	3755	0.041011984021304924
CUFF_NC.4216	2	13440845	13441967	+	0	0	0		76	0	394	0.0	276	9	1642	0.0054811205846528625
CUFF_NC.4214	2	13472540	13473609	+	0	0	0		61	1	254	0.003937007874015748	294	3	1247	0.0024057738572574178
CUFF_NC.4217	2	13545484	13546186	-	0	0	0		51	0	250	0.0	208	0	964	0.0
CUFF_NC.4222	2	13547686	13548221	+	0	0	0		27	0	130	0.0	159	1	919	0.001088139281828074
CUFF_NC.4223	2	13549830	13550897	+	0	0	0		73	1	368	0.002717391304347826	307	9	1463	0.006151742993848257
CUFF_NC.4218	2	13580416	13580974	-	0	0	0		24	1	102	0.00980392156862745	162	3	734	0.004087193460490463
CUFF_NC.4219	2	13612805	13613866	+	0	0	0		57	1	289	0.0034602076124567475	252	2	1178	0.001697792869269949
CUFF_NC.4225	2	13624759	13625552	-	0	0	0		33	0	205	0.0	239	3	1461	0.002053388090349076
CUFF_NC.4226	2	13627633	13628024	-	0	0	0		24	0	88	0.0	109	2	412	0.0048543689320388345
CUFF_NC.4220	2	13631304	13631788	+	0	0	0		28	0	137	0.0	149	1	654	0.0015290519877675841
CUFF_NC.4229	2	13635244	13635622	-	0	0	0		38	1	182	0.005494505494505495	100	1	471	0.0021231422505307855
CUFF_NC.4221	2	13641377	13642069	+	0	0	0		47	0	232	0.0	153	0	808	0.0
CUFF_NC.4224	2	13646783	13647224	-	0	0	0		28	0	159	0.0	128	5	721	0.006934812760055479
CUFF_NC.4227	2	13647690	13648742	-	0	0	0		61	2	203	0.009852216748768473	266	1	889	0.0011248593925759281
CUFF_NC.4228	2	13654913	13656251	+	0	0	0		63	2	280	0.007142857142857143	310	9	1278	0.007042253521126761
CUFF_NC.4230	2	13660796	13661246	-	0	0	0		31	22	140	0.15714285714285714	75	43	443	0.09706546275395034
CUFF_NC.4234	2	13685966	13688001	+	0	0	0		219	4	987	0.004052684903748734	539	3	2231	0.001344688480502017
CUFF_NC.4232	2	13704132	13705029	-	0	0	0		43	1	197	0.005076142131979695	210	1	839	0.0011918951132300357
CUFF_NC.4231	2	13707641	13708220	+	0	0	0		33	0	217	0.0	136	5	858	0.005827505827505828
CUFF_NC.4233	2	13710350	13711303	-	0	0	0		20	1	108	0.009259259259259259	269	8	1501	0.005329780146568954
CUFF_NC.4236	2	13721950	13722245	-	0	0	0		17	0	70	0.0	75	0	357	0.0
CUFF_NC.4243	2	13730367	13732312	-	0	0	0		83	1	344	0.0029069767441860465	380	6	1487	0.004034969737726967
CUFF_NC.4235	2	13737051	13737453	+	0	0	0		8	0	44	0.0	105	1	395	0.002531645569620253
CUFF_NC.4237	2	13752383	13753714	+	0	0	0		92	0	443	0.0	375	7	1800	0.0038888888888888888
CUFF_NC.4238	2	13776050	13777167	-	0	0	0		67	1	463	0.0021598272138228943	333	3	2035	0.0014742014742014742
CUFF_NC.4239	2	13780575	13781017	-	0	0	0		29	0	124	0.0	117	1	536	0.0018656716417910447
CUFF_NC.4240	2	13782226	13782608	+	0	0	0		17	0	70	0.0	125	3	552	0.005434782608695652
CUFF_NC.4241	2	13783979	13784579	+	0	0	0		23	0	91	0.0	153	4	754	0.005305039787798408
CUFF_NC.4244	2	13791955	13792284	-	0	0	0		11	0	55	0.0	83	1	470	0.002127659574468085
CUFF_NC.4242	2	13798682	13800123	+	0	0	0		86	0	428	0.0	388	3	1521	0.0019723865877712033
CUFF_NC.4245	2	13807872	13808197	-	0	0	0		5	16	28	0.5714285714285714	79	62	390	0.15897435897435896
CUFF_NC.4247	2	13809110	13815967	-	0	0	0		262	138	1437	0.09603340292275574	1681	75	9237	0.008119519324455992
CUFF_NC.4246	2	13819779	13820512	-	0	0	0		18	1	109	0.009174311926605505	182	3	1037	0.0028929604628736743
CUFF_NC.4251	2	13823870	13824291	+	0	0	0		13	0	31	0.0	92	1	200	0.005
CUFF_NC.4249	2	13825000	13825257	-	0	0	0		21	2	75	0.02666666666666667	99	0	334	0.0
CUFF_NC.4250	2	13826586	13827376	-	0	0	0		43	0	231	0.0	205	3	936	0.003205128205128205
CUFF_NC.4252	2	13827675	13828385	-	0	0	0		43	0	198	0.0	169	0	780	0.0
CUFF_NC.4254	2	13845667	13845969	-	0	0	0		9	0	41	0.0	79	2	202	0.009900990099009901
CUFF_NC.4253	2	13860980	13862676	+	0	0	0		108	4	563	0.007104795737122558	495	6	2448	0.0024509803921568627
CUFF_NC.4256	2	13863994	13864871	+	0	0	0		44	1	158	0.006329113924050633	284	1	846	0.001182033096926714
CUFF_NC.4255	2	13887831	13888254	-	0	0	0		24	0	101	0.0	116	0	471	0.0
CUFF_NC.4257	2	13889570	13890670	-	0	0	0		69	1	285	0.0035087719298245615	309	2	1129	0.001771479185119575
CUFF_NC.4261	2	13891560	13892406	-	0	0	0		56	2	302	0.006622516556291391	210	5	1014	0.004930966469428008
CUFF_NC.4259	2	13909422	13910910	+	0	0	0		1	0	1	0.0	4	0	4	0.0
CUFF_NC.4258	2	13911226	13911701	-	0	0	0		17	6	129	0.046511627906976744	124	4	870	0.004597701149425287
CUFF_NC.4263	2	13916319	13917607	-	0	0	0		101	0	415	0.0	292	4	1189	0.00336417157275021
CUFF_NC.4264	2	13920052	13920401	+	0	0	0		24	0	89	0.0	100	3	317	0.00946372239747634
CUFF_NC.4260	2	13927678	13929227	+	0	0	0		106	4	438	0.0091324200913242	411	2	1534	0.001303780964797914
CUFF_NC.4265	2	13935226	13936936	+	0	0	0		174	2	825	0.0024242424242424242	468	8	2206	0.003626473254759746
CUFF_NC.4262	2	13942739	13943486	-	0	0	0		24	1	154	0.006493506493506494	198	4	1327	0.003014318010550113
CUFF_NC.4266	2	13944584	13949408	+	0	0	0		192	7	1031	0.006789524733268671	1165	29	6205	0.004673650282030621
CUFF_NC.4267	2	13945646	13949918	+	0	0	0		166	7	906	0.00772626931567329	1031	25	5523	0.004526525439072967
CUFF_NC.4271	2	13954460	13954778	-	0	0	0		28	0	111	0.0	84	1	312	0.003205128205128205
CUFF_NC.4268	2	13960058	13960823	-	0	0	0		58	2	199	0.010050251256281407	213	1	630	0.0015873015873015873
CUFF_NC.4269	2	13966463	13966990	+	0	0	0		34	1	183	0.00546448087431694	109	1	533	0.001876172607879925
CUFF_NC.4274	2	13982623	13983000	-	0	0	0		33	2	185	0.010810810810810811	98	2	548	0.0036496350364963502
CUFF_NC.4277	2	13995532	13996001	+	0	0	0		22	0	134	0.0	124	1	620	0.0016129032258064516
CUFF_NC.4270	2	13999069	14000097	+	0	0	0		58	0	302	0.0	256	3	1457	0.002059025394646534
CUFF_NC.4272	2	14008001	14013366	-	0	0	0		309	50	1605	0.03115264797507788	1272	39	6401	0.006092798000312451
CUFF_NC.4273	2	14012734	14013327	-	0	0	0		41	1	244	0.004098360655737705	172	4	879	0.004550625711035267
CUFF_NC.4278	2	14042702	14045648	+	0	0	0		173	1	776	0.001288659793814433	723	2	3023	0.0006615944426066821
CUFF_NC.4275	2	14046491	14047011	+	0	0	0		31	0	149	0.0	121	4	581	0.0068846815834767644
CUFF_NC.4276	2	14067906	14068669	-	0	0	0		25	0	155	0.0	211	3	1327	0.002260738507912585
CUFF_NC.4279	2	14081168	14081710	+	0	0	0		38	0	171	0.0	132	1	486	0.00205761316872428
CUFF_NC.4289	2	14098209	14099279	-	0	0	0		65	1	292	0.003424657534246575	279	2	1096	0.0018248175182481751
CUFF_NC.4280	2	14103497	14103906	-	0	0	0		21	1	141	0.0070921985815602835	115	4	651	0.006144393241167435
CUFF_NC.4281	2	14119522	14122275	+	0	0	0		164	3	696	0.004310344827586207	714	10	2805	0.0035650623885918
CUFF_NC.4283	2	14142322	14142885	-	0	0	0		36	0	179	0.0	173	2	866	0.0023094688221709007
CUFF_NC.4282	2	14147501	14149874	+	0	0	0		78	1	401	0.0024937655860349127	592	6	3380	0.0017751479289940828
CUFF_NC.4284	2	14153229	14153961	+	0	0	0		33	0	134	0.0	228	0	793	0.0
CUFF_NC.4296	2	14161784	14162602	-	0	0	0		47	0	235	0.0	219	2	1003	0.0019940179461615153
CUFF_NC.4286	2	14181052	14182355	-	0	0	0		60	1	391	0.0025575447570332483	330	6	1819	0.003298515667949423
CUFF_NC.4285	2	14191469	14191872	-	0	0	0		18	1	71	0.014084507042253521	105	0	407	0.0
CUFF_NC.4287	2	14204639	14205065	+	0	0	0		23	1	85	0.011764705882352941	128	2	461	0.004338394793926247
CUFF_NC.4288	2	14219822	14222403	+	0	0	0		166	1	696	0.0014367816091954023	678	5	2882	0.0017349063150589867
CUFF_NC.4297	2	14237235	14237539	+	0	0	0		27	1	136	0.007352941176470588	100	1	475	0.002105263157894737
CUFF_NC.4298	2	14238136	14238449	+	0	0	0		12	0	66	0.0	102	0	463	0.0
CUFF_NC.4290	2	14264247	14265010	-	0	0	0		43	1	171	0.005847953216374269	190	3	727	0.0041265474552957355
CUFF_NC.4291	2	14266194	14266659	+	0	0	0		35	0	155	0.0	141	0	627	0.0
CUFF_NC.4293	2	14286858	14288227	-	0	0	0		45	0	235	0.0	327	3	1772	0.001693002257336343
CUFF_NC.4294	2	14287048	14287597	+	0	0	0		29	0	173	0.0	145	0	798	0.0
CUFF_NC.4292	2	14291106	14291526	+	0	0	0		29	0	80	0.0	103	4	267	0.0149812734082397
CUFF_NC.4295	2	14301055	14302130	+	0	0	0		46	0	276	0.0	293	2	1346	0.0014858841010401188
CUFF_NC.4299	2	14309876	14310338	+	0	0	0		30	0	117	0.0	125	2	460	0.004347826086956522
CUFF_NC.4302	2	14315093	14315825	-	0	0	0		39	2	189	0.010582010582010581	205	3	948	0.0031645569620253164
CUFF_NC.4303	2	14317683	14318201	-	0	0	0		49	1	158	0.006329113924050633	128	0	535	0.0
CUFF_NC.4300	2	14324516	14325300	+	0	0	0		50	0	139	0.0	207	1	549	0.0018214936247723133
CUFF_NC.4301	2	14328288	14328645	+	0	0	0		33	2	136	0.014705882352941176	95	2	393	0.005089058524173028
CUFF_NC.4304	2	14336524	14337036	-	0	0	0		25	0	145	0.0	117	2	647	0.0030911901081916537
CUFF_NC.4305	2	14338537	14338950	+	0	0	0		15	0	87	0.0	95	1	572	0.0017482517482517483
CUFF_NC.4306	2	14366171	14366704	+	0	0	0		12	0	70	0.0	152	1	888	0.0011261261261261261
CUFF_NC.4309	2	14377771	14378483	+	0	0	0		40	0	171	0.0	155	1	591	0.001692047377326565
CUFF_NC.4308	2	14385554	14386499	-	0	0	0		37	0	120	0.0	292	1	912	0.0010964912280701754
CUFF_NC.4307	2	14389457	14390448	+	0	0	0		36	0	149	0.0	280	3	1470	0.0020408163265306124
CUFF_NC.4310	2	14414208	14414836	+	0	0	0		50	0	222	0.0	168	4	892	0.004484304932735426
CUFF_NC.4311	2	14438161	14439429	-	0	0	0		96	3	422	0.0071090047393364926	362	2	1615	0.001238390092879257
CUFF_NC.4316	2	14474318	14475057	+	0	0	0		55	0	272	0.0	226	4	1061	0.003770028275212064
CUFF_NC.4312	2	14484927	14485910	-	0	0	0		72	0	391	0.0	299	3	1465	0.0020477815699658703
CUFF_NC.4313	2	14491319	14491932	-	0	0	0		26	0	155	0.0	131	4	662	0.006042296072507553
CUFF_NC.4314	2	14506648	14507648	-	0	0	0		53	0	234	0.0	223	3	913	0.0032858707557502738
CUFF_NC.4315	2	14535795	14541308	+	0	0	0		324	2	1334	0.0014992503748125937	1394	17	5718	0.002973067506121021
CUFF_NC.4318	2	14544084	14545447	+	0	0	0		96	3	465	0.0064516129032258064	363	7	1842	0.003800217155266015
CUFF_NC.4319	2	14546941	14547300	+	0	0	0		12	1	58	0.017241379310344827	110	1	558	0.0017921146953405018
CUFF_NC.4317	2	14554757	14555640	-	0	0	0		7	9	23	0.391304347826087	132	21	381	0.05511811023622047
CUFF_NC.4320	2	14556965	14557625	-	0	0	0		36	0	176	0.0	199	4	922	0.004338394793926247
CUFF_NC.4321	2	14565535	14566080	+	0	0	0		18	0	98	0.0	126	3	776	0.003865979381443299
CUFF_NC.4323	2	14567846	14568809	+	0	0	0		38	0	149	0.0	221	3	1057	0.002838221381267739
CUFF_NC.4327	2	14576396	14578702	-	0	0	0		113	0	613	0.0	648	14	3164	0.004424778761061947
CUFF_NC.4326	2	14583280	14584883	+	0	0	0		94	0	482	0.0	460	8	2301	0.003476749239461104
CUFF_NC.4322	2	14586926	14587454	+	0	0	0		19	0	105	0.0	135	2	789	0.0025348542458808617
CUFF_NC.4324	2	14590936	14592038	+	0	0	0		82	0	434	0.0	258	3	1076	0.0027881040892193307
CUFF_NC.4330	2	14620839	14621164	+	0	0	0		36	0	181	0.0	83	2	423	0.004728132387706856
CUFF_NC.4325	2	14650051	14650967	+	0	0	0		68	1	361	0.002770083102493075	252	2	1323	0.0015117157974300832
CUFF_NC.4331	2	14674874	14675469	+	0	0	0		36	2	110	0.01818181818181818	109	0	262	0.0
CUFF_NC.4328	2	14685152	14687142	-	0	0	0		116	0	567	0.0	496	10	2133	0.0046882325363338025
CUFF_NC.4332	2	14705302	14705708	+	0	0	0		40	1	153	0.006535947712418301	114	1	417	0.002398081534772182
CUFF_NC.4329	2	14710786	14711264	-	0	0	0		38	0	137	0.0	123	2	430	0.004651162790697674
CUFF_NC.4333	2	14728886	14730925	+	0	0	0		161	0	658	0.0	515	6	2087	0.0028749401054144704
CUFF_NC.4336	2	14747063	14749601	-	0	0	0		174	2	892	0.002242152466367713	721	6	3293	0.0018220467658669906
CUFF_NC.4335	2	14751869	14753122	+	0	0	0		105	4	441	0.009070294784580499	294	2	1064	0.0018796992481203006
CUFF_NC.4338	2	14771325	14772548	-	0	0	0		119	3	556	0.00539568345323741	352	4	1559	0.0025657472738935213
CUFF_NC.4334	2	14780061	14780468	+	0	0	0		20	0	101	0.0	94	2	609	0.003284072249589491
CUFF_NC.4337	2	14794687	14795818	+	0	0	0		73	2	278	0.007194244604316547	297	1	1090	0.0009174311926605505
CUFF_NC.4339	2	14815918	14816804	-	0	0	0		68	3	425	0.007058823529411765	253	4	1427	0.002803083391730904
CUFF_NC.4342	2	14827230	14827863	-	0	0	0		33	0	137	0.0	170	1	734	0.0013623978201634877
CUFF_NC.4340	2	14833813	14834454	-	0	0	0		50	0	164	0.0	162	3	390	0.007692307692307693
CUFF_NC.4343	2	14838112	14838715	-	0	0	0		16	1	106	0.009433962264150943	159	1	851	0.0011750881316098707
CUFF_NC.4341	2	14839629	14840126	-	0	0	0		22	0	110	0.0	125	0	696	0.0
CUFF_NC.4346	2	14871259	14871968	-	0	0	0		61	2	226	0.008849557522123894	214	1	844	0.001184834123222749
CUFF_NC.4344	2	14882262	14882874	+	0	0	0		46	3	183	0.01639344262295082	195	0	650	0.0
CUFF_NC.4345	2	14900858	14901328	+	0	0	0		33	1	134	0.007462686567164179	135	0	584	0.0
CUFF_NC.4347	2	14906670	14907840	-	0	0	0		32	1	144	0.006944444444444444	323	5	1546	0.003234152652005175
CUFF_NC.4348	2	14906742	14907716	+	0	0	0		28	1	124	0.008064516129032258	274	5	1286	0.0038880248833592537
CUFF_NC.4349	2	14908820	14909246	+	0	0	0		34	2	201	0.009950248756218905	73	0	430	0.0
CUFF_NC.4356	2	14914126	14915617	-	0	0	0		124	2	594	0.003367003367003367	401	6	1921	0.0031233732431025507
CUFF_NC.4350	2	14927490	14928337	-	0	0	0		40	0	236	0.0	196	1	685	0.00145985401459854
CUFF_NC.4352	2	14929974	14930372	-	0	0	0		32	3	126	0.023809523809523808	114	1	487	0.002053388090349076
CUFF_NC.4353	2	14945186	14945568	+	0	0	0		24	0	104	0.0	86	0	381	0.0
CUFF_NC.4354	2	14950862	14951513	+	0	0	0		15	0	64	0.0	169	1	720	0.001388888888888889
CUFF_NC.4355	2	14956636	14957217	+	0	0	0		24	0	138	0.0	126	2	830	0.0024096385542168677
CUFF_NC.4357	2	15005183	15005614	-	0	0	0		41	1	144	0.006944444444444444	100	0	294	0.0
CUFF_NC.4358	2	15009256	15009718	-	0	0	0		20	0	117	0.0	110	2	659	0.0030349013657056147
CUFF_NC.4359	2	15013296	15014414	+	0	0	0		59	1	268	0.0037313432835820895	236	5	1187	0.004212299915754001
CUFF_NC.4364	2	15023486	15026843	+	0	0	0		251	2	831	0.0024067388688327317	821	10	2761	0.003621876131836291
CUFF_NC.4361	2	15031727	15032550	-	0	0	0		49	0	221	0.0	219	2	990	0.00202020202020202
CUFF_NC.4360	2	15034339	15034724	+	0	0	0		14	0	62	0.0	114	3	593	0.00505902192242833
CUFF_NC.4363	2	15044417	15045234	-	0	0	0		48	0	212	0.0	242	3	1019	0.002944062806673209
CUFF_NC.4367	2	15049191	15052027	-	0	0	0		126	2	637	0.0031397174254317113	751	16	3849	0.004156923876331515
CUFF_NC.4368	2	15049569	15053012	-	0	0	0		149	2	798	0.002506265664160401	912	21	4749	0.004421983575489577
CUFF_NC.4369	2	15054693	15055342	-	0	0	0		54	1	208	0.004807692307692308	205	5	795	0.006289308176100629
CUFF_NC.4370	2	15056359	15057183	-	0	0	0		24	0	175	0.0	193	2	965	0.002072538860103627
CUFF_NC.4362	2	15059336	15061100	-	0	0	0		120	1	562	0.0017793594306049821	443	3	1857	0.0016155088852988692
CUFF_NC.4371	2	15063036	15063697	+	0	0	0		43	2	196	0.01020408163265306	207	2	952	0.0021008403361344537
CUFF_NC.4372	2	15065087	15065874	+	0	0	0		33	0	194	0.0	222	4	1154	0.0034662045060658577
CUFF_NC.4366	2	15069998	15070572	+	0	0	0		37	0	144	0.0	174	3	657	0.0045662100456621
CUFF_NC.4373	2	15072872	15074086	+	0	0	0		47	1	209	0.004784688995215311	339	8	1386	0.005772005772005772
CUFF_NC.4374	2	15116986	15118372	-	0	0	0		54	0	302	0.0	349	5	1418	0.003526093088857546
CUFF_NC.4376	2	15142676	15143153	+	0	0	0		23	0	96	0.0	136	1	594	0.0016835016835016834
CUFF_NC.4378	2	15150640	15151561	+	0	0	0		40	1	151	0.006622516556291391	234	1	919	0.001088139281828074
CUFF_NC.4377	2	15165454	15165918	-	0	0	0		31	0	92	0.0	137	0	434	0.0
CUFF_NC.4375	2	15173782	15174195	+	0	0	0		9	23	63	0.36507936507936506	117	6	568	0.01056338028169014
CUFF_NC.4381	2	15203833	15204731	+	0	0	0		47	0	189	0.0	261	4	985	0.0040609137055837565
CUFF_NC.4382	2	15208716	15210960	+	0	0	0		130	2	686	0.0029154518950437317	658	11	3234	0.003401360544217687
CUFF_NC.4379	2	15217982	15219415	-	0	0	0		44	0	285	0.0	364	11	2159	0.005094951366373321
CUFF_NC.4380	2	15229061	15230097	-	0	0	0		71	1	336	0.002976190476190476	186	3	886	0.003386004514672686
CUFF_NC.4386	2	15234406	15235267	-	0	0	0		59	1	256	0.00390625	237	1	1025	0.000975609756097561
CUFF_NC.4388	2	15236536	15237607	-	0	0	0		29	0	113	0.0	353	3	1305	0.0022988505747126436
CUFF_NC.4383	2	15254115	15254626	-	0	0	0		13	0	94	0.0	112	2	776	0.002577319587628866
CUFF_NC.4389	2	15261345	15263820	-	0	0	0		158	6	783	0.007662835249042145	689	9	3539	0.002543091268719977
CUFF_NC.4385	2	15278806	15280421	-	0	0	0		90	0	432	0.0	448	5	1690	0.0029585798816568047
CUFF_NC.4387	2	15286258	15287183	-	0	0	0		79	2	290	0.006896551724137931	235	2	839	0.0023837902264600714
CUFF_NC.4384	2	15296815	15297520	+	0	0	0		67	0	235	0.0	222	8	825	0.009696969696969697
CUFF_NC.4391	2	15313132	15313797	+	0	0	0		49	1	253	0.003952569169960474	196	2	984	0.0020325203252032522
CUFF_NC.4390	2	15325656	15326068	-	0	0	0		8	0	53	0.0	102	2	546	0.003663003663003663
CUFF_NC.4394	2	15335442	15337861	-	0	0	0		143	1	556	0.0017985611510791368	517	6	1823	0.0032912781130005485
CUFF_NC.4392	2	15338241	15338825	+	0	0	0		17	0	92	0.0	139	0	613	0.0
CUFF_NC.4393	2	15346172	15346481	-	0	0	0		17	0	40	0.0	66	1	189	0.005291005291005291
CUFF_NC.4395	2	15355514	15355956	-	0	0	0		14	0	67	0.0	126	1	729	0.0013717421124828531
CUFF_NC.4396	2	15387446	15388369	-	0	0	0		62	0	252	0.0	265	4	1246	0.0032102728731942215
CUFF_NC.4397	2	15401326	15403593	-	0	0	0		71	17	363	0.046831955922865015	553	68	2650	0.025660377358490565
CUFF_NC.4403	2	15406538	15407287	+	0	0	0		49	0	266	0.0	195	1	1073	0.0009319664492078285
CUFF_NC.4398	2	15411177	15414496	+	0	0	0		160	4	811	0.004932182490752158	961	11	4586	0.002398604448320977
CUFF_NC.4421	2	15415232	15425330	+	0	0	0		436	10	2177	0.004593477262287551	2674	35	13310	0.002629601803155522
CUFF_NC.4422	2	15416105	15416627	+	0	0	0		36	3	267	0.011235955056179775	145	3	1102	0.0027223230490018148
CUFF_NC.4399	2	15440596	15441323	-	0	0	0		50	0	235	0.0	207	6	1075	0.005581395348837209
CUFF_NC.4400	2	15478500	15479065	-	0	0	0		24	0	98	0.0	130	0	546	0.0
CUFF_NC.4401	2	15478587	15479018	+	0	0	0		21	0	78	0.0	103	0	460	0.0
CUFF_NC.4402	2	15479915	15480385	+	0	0	0		41	1	124	0.008064516129032258	147	2	463	0.004319654427645789
CUFF_NC.4404	2	15488130	15488547	+	0	0	0		12	0	66	0.0	96	2	497	0.004024144869215292
CUFF_NC.4405	2	15510420	15511363	+	0	0	0		56	0	280	0.0	255	8	1297	0.006168080185042405
CUFF_NC.4406	2	15514888	15516868	-	0	0	0		145	4	668	0.005988023952095809	447	5	1896	0.0026371308016877636
CUFF_NC.4407	2	15528226	15528581	-	0	0	0		14	0	77	0.0	77	0	392	0.0
CUFF_NC.4409	2	15528796	15530641	-	0	0	0		98	1	402	0.0024875621890547263	526	6	2287	0.0026235242675994755
CUFF_NC.4410	2	15548269	15548758	-	0	0	0		29	0	129	0.0	121	0	572	0.0
CUFF_NC.4411	2	15550255	15550586	-	0	0	0		10	0	33	0.0	105	1	368	0.002717391304347826
CUFF_NC.4412	2	15551757	15553478	-	0	0	0		87	1	429	0.002331002331002331	451	2	2396	0.0008347245409015025
CUFF_NC.4408	2	15555651	15556068	+	0	0	0		24	0	96	0.0	120	1	429	0.002331002331002331
CUFF_NC.4415	2	15581515	15583050	+	0	0	0		150	4	619	0.006462035541195477	389	3	1426	0.0021037868162692847
CUFF_NC.4413	2	15588491	15589323	+	0	0	0		26	2	131	0.015267175572519083	242	5	1268	0.003943217665615142
CUFF_NC.4414	2	15590751	15592320	-	0	0	0		101	0	384	0.0	389	4	1778	0.0022497187851518562
CUFF_NC.4416	2	15636944	15639948	+	0	0	0		188	2	819	0.002442002442002442	852	13	3613	0.0035981179075560477
CUFF_NC.4418	2	15662764	15663712	+	0	0	0		50	0	220	0.0	264	1	1249	0.0008006405124099279
CUFF_NC.4417	2	15666404	15666989	+	0	0	0		40	1	143	0.006993006993006993	156	3	517	0.005802707930367505
CUFF_NC.4420	2	15668974	15669999	-	0	0	0		87	0	372	0.0	250	4	1155	0.003463203463203463
CUFF_NC.4419	2	15673555	15676148	+	0	0	0		164	7	725	0.009655172413793104	754	5	3187	0.0015688735487919673
CUFF_NC.4423	2	15682545	15683095	-	0	0	0		29	1	120	0.008333333333333333	158	7	664	0.010542168674698794
CUFF_NC.4424	2	15697852	15698881	+	0	0	0		74	0	275	0.0	287	4	1077	0.003714020427112349
CUFF_NC.4425	2	15703663	15704268	-	0	0	0		46	1	258	0.003875968992248062	175	0	1013	0.0
CUFF_NC.4426	2	15736547	15737355	-	0	0	0		50	1	208	0.004807692307692308	178	1	728	0.0013736263736263737
CUFF_NC.4439	2	15749003	15749600	+	0	0	0		33	0	170	0.0	176	0	822	0.0
CUFF_NC.4429	2	15750797	15751487	-	0	0	0		30	0	112	0.0	115	4	464	0.008620689655172414
CUFF_NC.4430	2	15753615	15754122	+	0	0	0		29	0	154	0.0	138	5	691	0.00723589001447178
CUFF_NC.4427	2	15755356	15756036	+	0	0	0		56	1	288	0.003472222222222222	191	2	933	0.0021436227224008574
CUFF_NC.4428	2	15756615	15758279	+	0	0	0		124	0	456	0.0	390	4	1470	0.0027210884353741495
CUFF_NC.4431	2	15761502	15763582	+	0	0	0		126	3	501	0.005988023952095809	615	7	2334	0.0029991431019708655
CUFF_NC.4432	2	15764409	15765551	-	0	0	0		62	2	237	0.008438818565400843	211	1	734	0.0013623978201634877
CUFF_NC.4433	2	15775825	15776230	-	0	0	0		7	0	51	0.0	79	0	407	0.0
CUFF_NC.4434	2	15776834	15777677	+	0	0	0		31	1	175	0.005714285714285714	206	4	811	0.004932182490752158
CUFF_NC.4440	2	15781753	15783242	+	0	0	0		125	0	508	0.0	419	6	1619	0.0037059913526868438
CUFF_NC.4435	2	15789138	15789641	+	0	0	0		41	0	152	0.0	128	2	515	0.003883495145631068
CUFF_NC.4438	2	15792688	15793586	-	0	0	0		65	0	348	0.0	228	3	1093	0.0027447392497712718
CUFF_NC.4436	2	15799044	15799852	+	0	0	0		30	0	146	0.0	217	4	945	0.004232804232804233
CUFF_NC.4437	2	15800225	15800946	+	0	0	0		30	0	190	0.0	173	1	1090	0.0009174311926605505
CUFF_NC.4441	2	15837426	15837833	+	0	0	0		39	0	134	0.0	122	1	487	0.002053388090349076
CUFF_NC.4466	2	15855318	15855630	-	0	0	0		25	0	77	0.0	87	3	389	0.007712082262210797
CUFF_NC.4443	2	15873787	15874757	-	0	0	0		74	0	396	0.0	260	4	1289	0.0031031807602792862
CUFF_NC.4445	2	15881418	15883038	+	0	0	0		89	76	438	0.1735159817351598	404	19	1848	0.010281385281385282
CUFF_NC.4446	2	15883212	15883853	+	0	0	0		28	0	150	0.0	165	3	782	0.0038363171355498722
CUFF_NC.4444	2	15887559	15888104	+	0	0	0		40	0	205	0.0	160	6	827	0.007255139056831923
CUFF_NC.4447	2	15896860	15897782	+	0	0	0		59	2	173	0.011560693641618497	234	2	574	0.003484320557491289
CUFF_NC.4452	2	15921729	15922477	+	0	0	0		34	1	141	0.0070921985815602835	126	2	612	0.0032679738562091504
CUFF_NC.4453	2	15925112	15926235	+	0	0	0		61	1	279	0.0035842293906810036	270	2	1233	0.0016220600162206002
CUFF_NC.4448	2	15928404	15928937	-	0	0	0		43	0	147	0.0	109	4	306	0.013071895424836602
CUFF_NC.4450	2	15945012	15946940	-	0	0	0		103	0	398	0.0	458	8	2013	0.003974167908594138
CUFF_NC.4451	2	15952636	15953642	+	0	0	0		81	0	374	0.0	252	3	963	0.003115264797507788
CUFF_NC.4449	2	15967430	15968192	+	0	0	0		28	0	189	0.0	182	1	1139	0.000877963125548727
CUFF_NC.4455	2	15972959	15973649	-	0	0	0		52	1	296	0.0033783783783783786	187	5	915	0.00546448087431694
CUFF_NC.4456	2	15988357	15988693	+	0	0	0		20	0	102	0.0	92	1	364	0.0027472527472527475
CUFF_NC.4459	2	15992771	15993266	+	0	0	0		40	0	202	0.0	120	1	591	0.001692047377326565
CUFF_NC.4454	2	15993763	15994553	-	0	0	0		24	0	73	0.0	159	0	625	0.0
CUFF_NC.4458	2	15998129	15998970	-	0	0	0		59	1	314	0.0031847133757961785	218	5	1152	0.004340277777777778
CUFF_NC.4457	2	15999822	16000263	-	0	0	0		21	0	130	0.0	106	1	532	0.0018796992481203006
CUFF_NC.4463	2	16003598	16008251	-	0	0	0		88	167	300	0.5566666666666666	398	161	1473	0.10930074677528853
CUFF_NC.4462	2	16014125	16014921	+	0	0	0		36	0	121	0.0	207	3	714	0.004201680672268907
CUFF_NC.4461	2	16041666	16042091	+	0	0	0		27	0	117	0.0	128	0	586	0.0
CUFF_NC.4460	2	16049899	16051072	-	0	0	0		67	1	296	0.0033783783783783786	259	2	1057	0.001892147587511826
CUFF_NC.4464	2	16052330	16052941	+	0	0	0		19	7	120	0.058333333333333334	158	5	1067	0.004686035613870665
CUFF_NC.4470	2	16064416	16065171	-	0	0	0		58	2	284	0.007042253521126761	163	4	720	0.005555555555555556
CUFF_NC.4471	2	16069690	16070645	+	0	0	0		77	0	321	0.0	226	1	874	0.0011441647597254005
CUFF_NC.4468	2	16077810	16081524	-	0	0	0		145	2	715	0.002797202797202797	932	19	4870	0.0039014373716632442
CUFF_NC.4469	2	16083702	16084918	-	0	0	0		97	0	458	0.0	286	6	1230	0.004878048780487805
CUFF_NC.4467	2	16088607	16088898	+	0	0	0		28	0	105	0.0	108	2	450	0.0044444444444444444
CUFF_NC.4477	2	16104571	16105018	-	0	0	0		37	0	198	0.0	132	0	663	0.0
CUFF_NC.4474	2	16109495	16110623	-	0	0	0		86	1	381	0.0026246719160104987	309	3	1274	0.002354788069073783
CUFF_NC.4472	2	16113919	16115619	+	0	0	0		112	3	571	0.005253940455341506	390	6	1846	0.0032502708559046588
CUFF_NC.4473	2	16118491	16119065	+	0	0	0		58	1	198	0.005050505050505051	161	1	469	0.0021321961620469083
CUFF_NC.4475	2	16128297	16134224	-	0	0	0		273	4	1523	0.0026263952724885093	1515	37	8186	0.004519912044954801
CUFF_NC.4476	2	16132666	16133102	-	0	0	0		23	1	96	0.010416666666666666	133	1	529	0.001890359168241966
CUFF_NC.4478	2	16157606	16158809	+	0	0	0		33	0	161	0.0	323	1	1676	0.0005966587112171838
CUFF_NC.4484	2	16165191	16165860	+	0	0	0		39	1	146	0.00684931506849315	175	2	656	0.003048780487804878
CUFF_NC.4481	2	16198064	16198959	+	0	0	0		35	1	225	0.0044444444444444444	235	1	1538	0.0006501950585175553
CUFF_NC.4482	2	16223961	16226787	-	0	0	0		140	2	727	0.002751031636863824	780	16	3853	0.004152608357124318
CUFF_NC.4483	2	16233912	16235649	+	0	0	0		104	1	455	0.002197802197802198	447	6	1874	0.0032017075773745998
CUFF_NC.4486	2	16238320	16238911	-	0	0	0		31	1	149	0.006711409395973154	121	1	494	0.0020242914979757085
CUFF_NC.4490	2	16264513	16265129	-	0	0	0		54	0	272	0.0	173	1	880	0.0011363636363636363
CUFF_NC.4485	2	16279656	16280349	-	0	0	0		5	9	31	0.2903225806451613	17	0	73	0.0
CUFF_NC.4489	2	16283108	16283933	-	0	0	0		26	0	170	0.0	175	7	1207	0.00579950289975145
CUFF_NC.4488	2	16285595	16286171	+	0	0	0		24	0	157	0.0	142	2	864	0.0023148148148148147
CUFF_NC.4487	2	16295340	16296290	-	0	0	0		68	2	233	0.008583690987124463	234	1	783	0.001277139208173691
CUFF_NC.4513	2	16312665	16313270	+	0	0	0		31	1	171	0.005847953216374269	172	2	860	0.002325581395348837
CUFF_NC.4512	2	16322094	16322498	-	0	0	0		26	2	146	0.0136986301369863	115	2	531	0.003766478342749529
CUFF_NC.4495	2	16339186	16340091	-	0	0	0		15	1	73	0.0136986301369863	255	6	1066	0.005628517823639775
CUFF_NC.4491	2	16344949	16345403	+	0	0	0		43	1	213	0.004694835680751174	118	0	577	0.0
CUFF_NC.4496	2	16366422	16368334	+	0	0	0		82	1	318	0.0031446540880503146	538	5	1907	0.0026219192448872575
CUFF_NC.4494	2	16372443	16372994	+	0	0	0		11	0	78	0.0	147	6	930	0.0064516129032258064
CUFF_NC.4493	2	16373121	16373525	-	0	0	0		0	0	0		28	0	28	0.0
CUFF_NC.4497	2	16375412	16376582	+	0	0	0		105	2	525	0.0038095238095238095	298	5	1217	0.004108463434675432
CUFF_NC.4505	2	16392109	16393272	+	0	0	0		79	1	400	0.0025	320	7	1234	0.005672609400324149
CUFF_NC.4498	2	16413179	16413952	+	0	0	0		40	2	239	0.008368200836820083	161	3	871	0.003444316877152698
CUFF_NC.4499	2	16414612	16420578	+	0	0	0		209	9	1056	0.008522727272727272	1408	18	7038	0.0025575447570332483
CUFF_NC.4500	2	16415340	16421598	+	0	0	0		226	9	1098	0.00819672131147541	1443	20	6912	0.0028935185185185184
CUFF_NC.4501	2	16454435	16454785	-	0	0	0		15	0	74	0.0	99	1	521	0.0019193857965451055
CUFF_NC.4502	2	16463448	16464373	-	0	0	0		109	1	346	0.002890173410404624	291	3	853	0.0035169988276670576
CUFF_NC.4503	2	16468106	16468406	+	0	0	0		21	1	116	0.008620689655172414	92	1	512	0.001953125
CUFF_NC.4504	2	16498247	16498938	+	0	0	0		30	1	155	0.0064516129032258064	164	1	944	0.001059322033898305
CUFF_NC.4506	2	16520911	16521591	+	0	0	0		55	0	257	0.0	176	1	737	0.0013568521031207597
CUFF_NC.4511	2	16537287	16538304	-	0	0	0		46	26	281	0.09252669039145907	243	192	1509	0.1272365805168986
CUFF_NC.4507	2	16539382	16540488	-	0	0	0		41	6	205	0.02926829268292683	291	32	1368	0.023391812865497075
CUFF_NC.4509	2	16544104	16544971	+	0	0	0		44	0	165	0.0	219	3	934	0.0032119914346895075
CUFF_NC.4510	2	16556716	16557308	-	0	0	0		25	0	159	0.0	133	0	690	0.0
CUFF_NC.4508	2	16561927	16563426	+	0	0	0		115	1	430	0.002325581395348837	354	3	1344	0.002232142857142857
CUFF_NC.4517	2	16567274	16569080	+	0	0	0		143	1	502	0.00199203187250996	431	5	1551	0.003223726627981947
CUFF_NC.4518	2	16579789	16580710	+	0	0	0		77	0	381	0.0	247	1	1320	0.0007575757575757576
CUFF_NC.4519	2	16581532	16582485	+	0	0	0		70	1	332	0.0030120481927710845	278	4	1199	0.003336113427856547
CUFF_NC.4514	2	16590040	16590886	-	0	0	0		52	0	261	0.0	261	0	1107	0.0
CUFF_NC.4516	2	16609855	16610733	+	0	0	0		55	0	280	0.0	228	5	1220	0.004098360655737705
CUFF_NC.4515	2	16625850	16626500	-	0	0	0		4	2	4	0.5	32	4	36	0.1111111111111111
CUFF_NC.4522	2	16643557	16645757	-	0	0	0		139	1	505	0.0019801980198019802	578	5	2054	0.0024342745861733205
CUFF_NC.4521	2	16647771	16648725	+	0	0	0		75	0	358	0.0	258	5	1220	0.004098360655737705
CUFF_NC.4520	2	16649962	16650369	-	0	0	0		22	0	115	0.0	103	1	546	0.0018315018315018315
CUFF_NC.4527	2	16653288	16653769	+	0	0	0		15	0	54	0.0	143	0	492	0.0
CUFF_NC.4526	2	16655644	16656116	-	0	0	0		9	0	29	0.0	45	0	143	0.0
CUFF_NC.4523	2	16658719	16659213	-	0	0	0		34	1	172	0.005813953488372093	105	4	587	0.0068143100511073255
CUFF_NC.4524	2	16659884	16660310	-	0	0	0		48	0	220	0.0	101	0	511	0.0
CUFF_NC.4529	2	16677015	16677599	+	0	0	0		47	2	210	0.009523809523809525	166	1	644	0.0015527950310559005
CUFF_NC.4525	2	16697398	16697804	-	0	0	0		23	2	111	0.018018018018018018	88	7	399	0.017543859649122806
CUFF_NC.4528	2	16721238	16722125	-	0	0	0		111	2	377	0.005305039787798408	217	2	728	0.0027472527472527475
CUFF_NC.4530	2	16735981	16736775	+	0	0	0		32	1	124	0.008064516129032258	220	3	1127	0.0026619343389529724
CUFF_NC.4533	2	16742887	16743849	-	0	0	0		57	0	312	0.0	222	1	1168	0.0008561643835616438
CUFF_NC.4534	2	16746435	16748298	-	0	0	0		71	0	439	0.0	435	4	2593	0.0015426147319706903
CUFF_NC.4531	2	16750550	16751315	-	0	0	0		29	0	151	0.0	219	4	1020	0.00392156862745098
CUFF_NC.4532	2	16764402	16764688	+	0	0	0		10	0	64	0.0	73	1	502	0.00199203187250996
CUFF_NC.4539	2	16775342	16775855	-	0	0	0		23	0	124	0.0	158	2	685	0.00291970802919708
CUFF_NC.4535	2	16790939	16791339	-	0	0	0		31	0	133	0.0	99	4	408	0.00980392156862745
CUFF_NC.4536	2	16797775	16798676	-	0	0	0		19	3	105	0.02857142857142857	220	84	1300	0.06461538461538462
CUFF_NC.4538	2	16803310	16804652	+	0	0	0		102	0	360	0.0	291	6	1052	0.005703422053231939
CUFF_NC.4537	2	16810758	16812385	-	0	0	0		80	2	380	0.005263157894736842	432	4	1867	0.0021424745581146223
CUFF_NC.4540	2	16814120	16815056	-	0	0	0		39	0	150	0.0	141	4	599	0.00667779632721202
CUFF_NC.4541	2	16844928	16846127	+	0	0	0		77	1	310	0.0032258064516129032	312	10	1453	0.006882312456985547
CUFF_NC.4542	2	16864536	16865539	+	0	0	0		58	1	194	0.005154639175257732	223	2	801	0.0024968789013732834
CUFF_NC.4543	2	16868202	16868911	-	0	0	0		20	0	103	0.0	205	5	1023	0.004887585532746823
CUFF_NC.4546	2	16876123	16877110	-	0	0	0		7	11	24	0.4583333333333333	40	31	218	0.14220183486238533
CUFF_NC.4547	2	16880158	16880487	+	0	0	0		17	0	127	0.0	88	1	598	0.0016722408026755853
CUFF_NC.4548	2	16897210	16897705	-	0	0	0		24	0	123	0.0	106	1	517	0.0019342359767891683
CUFF_NC.4549	2	16900545	16901225	-	0	0	0		23	1	120	0.008333333333333333	216	1	906	0.0011037527593818985
CUFF_NC.4545	2	16902321	16904042	+	0	0	0		79	2	305	0.006557377049180328	476	8	1962	0.004077471967380225
CUFF_NC.4544	2	16906956	16907929	+	0	0	0		31	0	125	0.0	243	2	938	0.0021321961620469083
CUFF_NC.4555	2	16925150	16925958	-	0	0	0		61	1	244	0.004098360655737705	228	4	913	0.004381161007667032
CUFF_NC.4561	2	16930876	16931489	-	0	0	0		23	0	129	0.0	169	1	983	0.001017293997965412
CUFF_NC.4562	2	16933843	16934567	-	0	0	0		66	1	239	0.0041841004184100415	172	2	620	0.0032258064516129032
CUFF_NC.4550	2	16939098	16939787	+	0	0	0		36	0	132	0.0	198	1	795	0.0012578616352201257
CUFF_NC.4551	2	16949856	16950820	+	0	0	0		37	2	182	0.01098901098901099	260	7	1307	0.005355776587605203
CUFF_NC.4552	2	16956149	16957374	+	0	0	0		68	0	222	0.0	306	2	1265	0.0015810276679841897
CUFF_NC.4553	2	16963368	16964084	+	0	0	0		60	1	327	0.0030581039755351682	197	0	844	0.0
CUFF_NC.4554	2	16968569	16968902	-	0	0	0		23	0	80	0.0	101	0	354	0.0
CUFF_NC.4556	2	16970542	16971960	-	0	0	0		64	1	380	0.002631578947368421	378	5	1950	0.002564102564102564
CUFF_NC.4559	2	16974013	16974302	-	0	0	0		27	0	99	0.0	77	0	255	0.0
CUFF_NC.4560	2	16979153	16980603	-	0	0	0		45	2	273	0.007326007326007326	407	6	2252	0.0026642984014209592
CUFF_NC.4558	2	16981891	16982552	+	0	0	0		30	0	163	0.0	212	7	1089	0.006427915518824609
CUFF_NC.4557	2	16996735	16997695	-	0	0	0		66	2	339	0.0058997050147492625	225	3	1180	0.002542372881355932
CUFF_NC.4565	2	17040061	17041968	+	0	0	0		41	0	225	0.0	435	3	2543	0.0011797090051120724
CUFF_NC.4573	2	17050352	17050768	-	0	0	0		32	0	154	0.0	108	0	462	0.0
CUFF_NC.4572	2	17053855	17054153	+	0	0	0		29	0	147	0.0	69	2	396	0.005050505050505051
CUFF_NC.4564	2	17059543	17060836	+	0	0	0		62	1	298	0.003355704697986577	280	3	1463	0.002050580997949419
CUFF_NC.4566	2	17077899	17078333	+	0	0	0		34	0	181	0.0	116	1	592	0.0016891891891891893
CUFF_NC.4567	2	17092568	17095748	-	0	0	0		48	3	185	0.016216216216216217	239	4	831	0.0048134777376654635
CUFF_NC.4568	2	17094394	17095105	-	0	0	0		7	0	16	0.0	28	1	65	0.015384615384615385
CUFF_NC.4570	2	17102164	17102640	-	0	0	0		34	0	196	0.0	127	3	742	0.004043126684636119
CUFF_NC.4569	2	17105082	17105489	+	0	0	0		32	0	189	0.0	118	0	700	0.0
CUFF_NC.4571	2	17113701	17115099	+	0	0	0		96	1	426	0.002347417840375587	322	6	1464	0.004098360655737705
CUFF_NC.4577	2	17120141	17120931	-	0	0	0		64	0	325	0.0	232	8	1170	0.006837606837606838
CUFF_NC.4598	2	17127021	17127816	-	0	0	0		67	1	267	0.003745318352059925	208	3	845	0.0035502958579881655
CUFF_NC.4574	2	17133563	17135152	-	0	0	0		123	4	588	0.006802721088435374	432	5	2080	0.002403846153846154
CUFF_NC.4575	2	17144180	17144683	-	0	0	0		37	2	164	0.012195121951219513	138	2	577	0.0034662045060658577
CUFF_NC.4576	2	17164790	17166229	-	0	0	0		62	2	303	0.006600660066006601	340	3	1551	0.0019342359767891683
CUFF_NC.4578	2	17172422	17173182	-	0	0	0		32	0	160	0.0	184	2	1070	0.001869158878504673
CUFF_NC.4580	2	17188139	17188496	-	0	0	0		25	0	120	0.0	106	0	533	0.0
CUFF_NC.4582	2	17212518	17213300	+	0	0	0		36	0	136	0.0	198	1	846	0.001182033096926714
CUFF_NC.4581	2	17215415	17215976	+	0	0	0		21	0	77	0.0	140	2	671	0.0029806259314456036
CUFF_NC.4579	2	17219413	17219791	+	0	0	0		17	0	66	0.0	109	1	456	0.0021929824561403508
CUFF_NC.4584	2	17223146	17223897	-	0	0	0		53	68	250	0.272	218	18	929	0.0193756727664155
CUFF_NC.4583	2	17251902	17253009	-	0	0	0		68	1	298	0.003355704697986577	267	3	1062	0.002824858757062147
CUFF_NC.4585	2	17260634	17261448	-	0	0	0		23	0	77	0.0	172	3	713	0.004207573632538569
CUFF_NC.4586	2	17262042	17262845	+	0	0	0		60	0	215	0.0	224	2	735	0.0027210884353741495
CUFF_NC.4587	2	17267503	17267980	+	0	0	0		29	0	121	0.0	126	1	491	0.002036659877800407
CUFF_NC.4588	2	17282053	17282697	+	0	0	0		30	0	161	0.0	161	4	864	0.004629629629629629
CUFF_NC.4590	2	17288830	17289345	-	0	0	0		9	0	47	0.0	63	0	384	0.0
CUFF_NC.4594	2	17329367	17329998	+	0	0	0		61	0	267	0.0	184	5	814	0.006142506142506142
CUFF_NC.4592	2	17336842	17337504	+	0	0	0		28	0	69	0.0	113	1	323	0.0030959752321981426
CUFF_NC.4593	2	17359641	17359954	+	0	0	0		8	0	19	0.0	70	0	344	0.0
CUFF_NC.4596	2	17362656	17363718	-	0	0	0		53	69	145	0.47586206896551725	194	37	553	0.06690777576853527
CUFF_NC.4595	2	17366963	17368988	-	0	0	0		98	1	412	0.0024271844660194173	529	5	2396	0.002086811352253756
CUFF_NC.4597	2	17409280	17410219	-	0	0	0		44	1	222	0.0045045045045045045	261	3	1436	0.0020891364902506965
CUFF_NC.4600	2	17410911	17411903	+	0	0	0		89	1	529	0.001890359168241966	282	2	1538	0.0013003901170351106
CUFF_NC.4599	2	17417943	17418750	+	0	0	0		43	170	219	0.776255707762557	183	113	855	0.13216374269005848
CUFF_NC.4601	2	17428103	17428509	-	0	0	0		41	2	186	0.010752688172043012	115	1	526	0.0019011406844106464
CUFF_NC.4603	2	17437742	17438313	+	0	0	0		20	1	113	0.008849557522123894	150	1	734	0.0013623978201634877
CUFF_NC.4602	2	17439527	17440238	+	0	0	0		49	0	226	0.0	159	2	744	0.002688172043010753
CUFF_NC.4610	2	17446876	17448334	-	0	0	0		99	1	531	0.0018832391713747645	456	9	2331	0.003861003861003861
CUFF_NC.4609	2	17450370	17451225	+	0	0	0		77	0	412	0.0	218	1	1145	0.0008733624454148472
CUFF_NC.4604	2	17457968	17458742	+	0	0	0		52	0	172	0.0	208	1	711	0.0014064697609001407
CUFF_NC.4608	2	17477995	17481057	+	0	0	0		223	3	1150	0.0026086956521739132	857	14	4217	0.003319895660422101
CUFF_NC.4607	2	17492732	17493744	-	0	0	0		90	2	317	0.006309148264984227	272	1	986	0.0010141987829614604
CUFF_NC.4606	2	17494267	17496075	-	0	0	0		86	2	452	0.004424778761061947	434	13	2635	0.004933586337760911
CUFF_NC.4611	2	17522207	17522701	+	0	0	0		36	0	152	0.0	102	8	520	0.015384615384615385
CUFF_NC.4612	2	17527491	17528251	-	0	0	0		55	1	226	0.004424778761061947	228	3	901	0.003329633740288568
CUFF_NC.4613	2	17532092	17532587	+	0	0	0		24	0	94	0.0	165	3	669	0.004484304932735426
CUFF_NC.4617	2	17532917	17534009	+	0	0	0		85	0	340	0.0	307	1	1291	0.000774593338497289
CUFF_NC.4614	2	17539216	17539972	+	0	0	0		66	2	351	0.005698005698005698	226	2	1102	0.0018148820326678765
CUFF_NC.4616	2	17543136	17545379	-	0	0	0		95	3	432	0.006944444444444444	577	3	2373	0.0012642225031605564
CUFF_NC.4618	2	17548294	17548701	-	0	0	0		34	1	170	0.0058823529411764705	122	3	509	0.005893909626719057
CUFF_NC.4615	2	17555314	17556386	+	0	0	0		37	1	138	0.007246376811594203	197	2	720	0.002777777777777778
CUFF_NC.4621	2	17582705	17583125	-	0	0	0		22	0	95	0.0	119	1	469	0.0021321961620469083
CUFF_NC.4619	2	17587250	17587950	-	0	0	0		64	0	228	0.0	203	2	695	0.0028776978417266188
CUFF_NC.4620	2	17591247	17591880	-	0	0	0		52	1	246	0.0040650406504065045	159	2	690	0.002898550724637681
CUFF_NC.4622	2	17591961	17592581	-	0	0	0		50	0	225	0.0	169	3	763	0.003931847968545216
CUFF_NC.4623	2	17595170	17595949	+	0	0	0		58	3	276	0.010869565217391304	215	1	920	0.0010869565217391304
CUFF_NC.4627	2	17609419	17610001	-	0	0	0		40	0	166	0.0	182	2	809	0.002472187886279357
CUFF_NC.4626	2	17612725	17613406	+	0	0	0		58	1	217	0.004608294930875576	160	0	681	0.0
CUFF_NC.4624	2	17618158	17619673	+	0	0	0		123	2	501	0.003992015968063872	376	4	1437	0.0027835768963117608
CUFF_NC.4625	2	17620832	17622573	-	0	0	0		118	2	545	0.003669724770642202	448	5	2011	0.002486325211337643
CUFF_NC.4629	2	17632803	17633554	+	0	0	0		58	1	250	0.004	217	4	818	0.004889975550122249
CUFF_NC.4628	2	17638896	17640086	-	0	0	0		60	2	279	0.007168458781362007	290	6	1306	0.004594180704441042
CUFF_NC.4630	2	17649029	17649468	+	0	0	0		14	1	31	0.03225806451612903	115	1	474	0.002109704641350211
CUFF_NC.4631	2	17649995	17651114	+	0	0	0		67	1	414	0.0024154589371980675	310	4	1751	0.002284408909194746
CUFF_NC.4632	2	17682143	17682866	-	0	0	0		49	2	327	0.0061162079510703364	192	3	1192	0.0025167785234899327
CUFF_NC.4633	2	17685765	17686509	+	0	0	0		39	0	199	0.0	214	3	1122	0.00267379679144385
CUFF_NC.4634	2	17687461	17688178	+	0	0	0		27	0	165	0.0	174	3	1027	0.0029211295034079843
CUFF_NC.4635	2	17719441	17720320	+	0	0	0		34	0	170	0.0	224	2	1007	0.0019860973187686196
CUFF_NC.4639	2	17728526	17729052	-	0	0	0		36	0	113	0.0	99	1	294	0.003401360544217687
CUFF_NC.4636	2	17734442	17735109	+	0	0	0		52	0	248	0.0	199	6	943	0.006362672322375398
CUFF_NC.4638	2	17755992	17758230	-	0	0	0		167	2	728	0.0027472527472527475	650	7	2448	0.0028594771241830064
CUFF_NC.4637	2	17784081	17784840	-	0	0	0		46	3	250	0.012	215	2	1175	0.001702127659574468
CUFF_NC.4644	2	17788953	17789418	+	0	0	0		39	2	230	0.008695652173913044	118	2	479	0.0041753653444676405
CUFF_NC.4646	2	17791685	17792576	-	0	0	0		51	0	233	0.0	255	1	1035	0.000966183574879227
CUFF_NC.4640	2	17796190	17797663	+	0	0	0		64	0	296	0.0	361	5	1715	0.0029154518950437317
CUFF_NC.4645	2	17802269	17802683	-	0	0	0		32	2	144	0.013888888888888888	113	1	534	0.0018726591760299626
CUFF_NC.4641	2	17807998	17810209	+	0	0	0		120	1	611	0.0016366612111292963	607	5	2674	0.0018698578908002991
CUFF_NC.4647	2	17820268	17820883	-	0	0	0		26	2	93	0.021505376344086023	160	3	618	0.0048543689320388345
CUFF_NC.4648	2	17822257	17825680	-	0	0	0		173	2	930	0.002150537634408602	873	11	4605	0.0023887079261672097
CUFF_NC.4643	2	17826241	17827515	+	0	0	0		71	3	369	0.008130081300813009	455	5	1885	0.002652519893899204
CUFF_NC.4642	2	17832473	17832844	-	0	0	0		17	0	82	0.0	115	1	577	0.0017331022530329288
CUFF_NC.4649	2	17836670	17837940	+	0	0	0		55	1	247	0.004048582995951417	300	4	1358	0.0029455081001472753
CUFF_NC.4650	2	17840314	17841343	+	0	0	0		106	0	529	0.0	260	4	1126	0.003552397868561279
CUFF_NC.4653	2	17854033	17855534	-	0	0	0		96	2	451	0.004434589800443459	399	7	1816	0.003854625550660793
CUFF_NC.4670	2	17857625	17858587	-	0	0	0		64	0	336	0.0	256	5	1271	0.003933910306845004
CUFF_NC.4651	2	17887134	17887785	-	0	0	0		41	0	191	0.0	205	3	925	0.003243243243243243
CUFF_NC.4652	2	17888111	17888667	-	0	0	0		58	0	277	0.0	124	1	548	0.0018248175182481751
CUFF_NC.4654	2	17895382	17895725	-	0	0	0		13	1	73	0.0136986301369863	99	1	435	0.0022988505747126436
CUFF_NC.4655	2	17898918	17899266	+	0	0	0		19	0	75	0.0	60	2	384	0.005208333333333333
CUFF_NC.4658	2	17908971	17909913	-	0	0	0		39	0	112	0.0	207	2	611	0.0032733224222585926
CUFF_NC.4659	2	17914574	17915038	+	0	0	0		34	0	133	0.0	93	1	434	0.002304147465437788
CUFF_NC.4660	2	17915357	17916037	-	0	0	0		36	2	146	0.0136986301369863	174	3	609	0.0049261083743842365
CUFF_NC.4656	2	17924755	17925561	+	0	0	0		19	2	131	0.015267175572519083	229	6	1432	0.004189944134078212
CUFF_NC.4657	2	17927540	17929002	-	0	0	0		93	2	563	0.003552397868561279	351	10	2044	0.004892367906066536
CUFF_NC.4661	2	17930341	17932815	+	0	0	0		72	0	337	0.0	415	7	1785	0.00392156862745098
CUFF_NC.4665	2	17961600	17966092	-	0	0	0		264	1	1397	0.0007158196134574087	1239	14	6126	0.002285341168788769
CUFF_NC.4662	2	17991305	17992001	+	0	0	0		39	0	158	0.0	190	0	706	0.0
CUFF_NC.4663	2	18015873	18016472	+	0	0	0		47	135	253	0.5335968379446641	164	36	796	0.04522613065326633
CUFF_NC.4669	2	18025968	18026380	+	0	0	0		21	0	78	0.0	111	3	462	0.006493506493506494
CUFF_NC.4666	2	18041335	18041972	-	0	0	0		42	0	216	0.0	150	1	799	0.0012515644555694619
CUFF_NC.4668	2	18050715	18051911	+	0	0	0		51	0	190	0.0	273	5	1072	0.0046641791044776115
CUFF_NC.4667	2	18053340	18054300	-	0	0	0		74	1	274	0.0036496350364963502	273	2	1182	0.001692047377326565
CUFF_NC.4676	2	18065216	18065655	-	0	0	0		33	0	115	0.0	130	2	504	0.003968253968253968
CUFF_NC.4674	2	18069853	18073759	-	0	0	0		169	1	734	0.0013623978201634877	920	8	4189	0.0019097636667462401
CUFF_NC.4673	2	18088254	18088838	+	0	0	0		42	0	217	0.0	141	2	721	0.0027739251040221915
CUFF_NC.4671	2	18092073	18092863	+	0	0	0		31	3	213	0.014084507042253521	200	12	1037	0.011571841851494697
CUFF_NC.4672	2	18092811	18093220	-	0	0	0		16	15	81	0.18518518518518517	91	15	399	0.03759398496240601
CUFF_NC.4687	2	18106577	18107215	-	0	0	0		25	19	74	0.25675675675675674	115	8	409	0.019559902200488997
CUFF_NC.4675	2	18116557	18118640	-	0	0	0		157	6	732	0.00819672131147541	615	7	2917	0.0023997257456290708
CUFF_NC.4682	2	18132003	18132449	+	0	0	0		41	1	221	0.004524886877828055	108	1	450	0.0022222222222222222
CUFF_NC.4677	2	18136888	18137183	+	0	0	0		15	0	84	0.0	66	0	343	0.0
CUFF_NC.4679	2	18140250	18140647	-	0	0	0		21	1	117	0.008547008547008548	112	1	607	0.0016474464579901153
CUFF_NC.4678	2	18145467	18148793	-	0	0	0		200	2	774	0.002583979328165375	920	5	3440	0.0014534883720930232
CUFF_NC.4684	2	18152262	18152684	-	0	0	0		23	0	75	0.0	144	2	483	0.004140786749482402
CUFF_NC.4680	2	18162766	18163284	+	0	0	0		24	0	110	0.0	119	0	547	0.0
CUFF_NC.4681	2	18165459	18166106	+	0	0	0		13	9	38	0.23684210526315788	62	20	156	0.1282051282051282
CUFF_NC.4688	2	18186378	18191193	+	0	0	0		187	7	1144	0.006118881118881119	1165	17	6793	0.002502576181363168
CUFF_NC.4689	2	18192545	18193471	-	0	0	0		37	1	231	0.004329004329004329	213	4	1192	0.003355704697986577
CUFF_NC.4690	2	18199642	18200178	+	0	0	0		31	1	109	0.009174311926605505	93	1	346	0.002890173410404624
CUFF_NC.4683	2	18204152	18204946	+	0	0	0		54	5	285	0.017543859649122806	241	1	1167	0.000856898029134533
CUFF_NC.4685	2	18216629	18217359	-	0	0	0		19	0	70	0.0	186	4	676	0.005917159763313609
CUFF_NC.4686	2	18217734	18219267	+	0	0	0		73	0	341	0.0	456	3	2076	0.001445086705202312
CUFF_NC.4692	2	18226921	18227894	-	0	0	0		64	2	314	0.006369426751592357	250	3	1149	0.0026109660574412533
CUFF_NC.4691	2	18251948	18252356	+	0	0	0		16	0	69	0.0	98	0	395	0.0
CUFF_NC.4693	2	18255514	18256718	+	0	0	0		92	3	400	0.0075	357	5	1646	0.003037667071688943
CUFF_NC.4694	2	18256829	18258434	+	0	0	0		78	0	437	0.0	426	8	2255	0.003547671840354767
CUFF_NC.4698	2	18277268	18278022	-	0	0	0		44	0	204	0.0	191	5	772	0.006476683937823834
CUFF_NC.4695	2	18283623	18285567	-	0	0	0		92	1	415	0.0024096385542168677	506	8	2393	0.003343083994985374
CUFF_NC.4696	2	18286538	18287012	-	0	0	0		24	0	69	0.0	113	1	322	0.003105590062111801
CUFF_NC.4697	2	18287585	18288370	-	0	0	0		53	1	268	0.0037313432835820895	204	3	816	0.003676470588235294
CUFF_NC.4700	2	18305275	18308499	+	0	0	0		172	313	620	0.5048387096774194	648	137	2278	0.0601404741000878
CUFF_NC.4705	2	18320905	18321322	+	0	0	0		42	0	156	0.0	118	3	568	0.00528169014084507
CUFF_NC.4699	2	18323459	18324572	+	0	0	0		49	0	211	0.0	291	2	1252	0.001597444089456869
CUFF_NC.4704	2	18328335	18330314	-	0	0	0		110	1	480	0.0020833333333333333	551	6	2167	0.0027688047992616522
CUFF_NC.4702	2	18333291	18334834	-	0	0	0		78	2	267	0.00749063670411985	266	0	753	0.0
CUFF_NC.4703	2	18337261	18338147	+	0	0	0		65	2	335	0.005970149253731343	256	6	1396	0.004297994269340974
CUFF_NC.4701	2	18340834	18341255	-	0	0	0		12	0	53	0.0	91	0	370	0.0
CUFF_NC.4706	2	18350289	18351703	+	0	0	0		66	0	324	0.0	334	5	1419	0.0035236081747709656
CUFF_NC.4707	2	18350451	18351477	-	0	0	0		59	0	290	0.0	272	5	1178	0.004244482173174873
CUFF_NC.4709	2	18367107	18367649	-	0	0	0		29	0	158	0.0	131	5	658	0.007598784194528876
CUFF_NC.4708	2	18375983	18376421	-	0	0	0		31	2	179	0.0111731843575419	129	3	718	0.004178272980501393
CUFF_NC.4711	2	18386332	18389607	+	0	0	0		172	35	738	0.04742547425474255	876	39	4022	0.009696668324216808
CUFF_NC.4712	2	18386403	18392605	+	0	0	0		331	78	1422	0.05485232067510549	1688	61	7599	0.008027372022634557
CUFF_NC.4710	2	18408540	18409752	-	0	0	0		95	1	389	0.002570694087403599	248	3	1109	0.002705139765554554
CUFF_NC.4713	2	18416099	18416729	+	0	0	0		37	0	169	0.0	171	2	786	0.002544529262086514
CUFF_NC.4714	2	18427917	18428385	+	0	0	0		24	2	103	0.019417475728155338	129	1	535	0.001869158878504673
CUFF_NC.4715	2	18431036	18431827	-	0	0	0		44	0	181	0.0	189	2	829	0.0024125452352231603
CUFF_NC.4722	2	18435128	18435483	-	0	0	0		37	1	96	0.010416666666666666	129	1	304	0.003289473684210526
CUFF_NC.4716	2	18441273	18441771	-	0	0	0		22	0	123	0.0	154	4	799	0.0050062578222778474
CUFF_NC.4718	2	18442107	18443384	+	0	0	0		68	0	432	0.0	300	3	1605	0.001869158878504673
CUFF_NC.4717	2	18446395	18446907	+	0	0	0		13	0	68	0.0	126	2	694	0.002881844380403458
CUFF_NC.4719	2	18448139	18449075	+	0	0	0		16	0	95	0.0	255	7	1484	0.0047169811320754715
CUFF_NC.4724	2	18451413	18451654	-	0	0	0		13	0	68	0.0	68	1	267	0.003745318352059925
CUFF_NC.4721	2	18462017	18462792	+	0	0	0		46	0	174	0.0	235	3	919	0.003264417845484222
CUFF_NC.4723	2	18465954	18469582	-	0	0	0		208	8	1085	0.007373271889400922	954	19	5143	0.0036943418238382267
CUFF_NC.4720	2	18478375	18480365	-	0	0	0		124	3	579	0.0051813471502590676	500	4	2272	0.0017605633802816902
CUFF_NC.4727	2	18490309	18490854	-	0	0	0		38	0	162	0.0	172	0	703	0.0
CUFF_NC.4728	2	18491138	18491753	-	0	0	0		52	0	204	0.0	191	3	705	0.00425531914893617
CUFF_NC.4726	2	18495255	18496180	-	0	0	0		78	1	280	0.0035714285714285713	215	0	798	0.0
CUFF_NC.4725	2	18496739	18497215	-	0	0	0		10	0	63	0.0	149	6	694	0.008645533141210375
CUFF_NC.4729	2	18497653	18499139	-	0	0	0		80	193	481	0.40124740124740127	387	152	2238	0.0679177837354781
CUFF_NC.4730	2	18537243	18538210	-	0	0	0		64	2	229	0.008733624454148471	276	3	1023	0.002932551319648094
CUFF_NC.4733	2	18552355	18553108	+	0	0	0		39	0	197	0.0	203	1	1045	0.0009569377990430622
CUFF_NC.4736	2	18570155	18572173	-	0	0	0		98	0	444	0.0	568	11	2794	0.003937007874015748
CUFF_NC.4731	2	18577465	18578818	-	0	0	0		76	1	350	0.002857142857142857	340	2	1404	0.0014245014245014246
CUFF_NC.4732	2	18582648	18583087	-	0	0	0		18	1	80	0.0125	112	1	492	0.0020325203252032522
CUFF_NC.4735	2	18602502	18603126	-	0	0	0		26	2	138	0.014492753623188406	148	3	763	0.003931847968545216
CUFF_NC.4737	2	18603751	18604706	-	0	0	0		67	0	336	0.0	252	3	1181	0.002540220152413209
CUFF_NC.4738	2	18607245	18607772	-	0	0	0		30	0	110	0.0	127	1	470	0.002127659574468085
CUFF_NC.4739	2	18609200	18609430	-	0	0	0		8	0	46	0.0	68	2	344	0.005813953488372093
CUFF_NC.4740	2	18617942	18620327	+	0	0	0		206	2	933	0.0021436227224008574	554	4	2209	0.0018107741059302852
CUFF_NC.4741	2	18645448	18646334	+	0	0	0		43	0	157	0.0	243	1	809	0.0012360939431396785
CUFF_NC.4765	2	18664567	18666041	+	0	0	0		93	4	388	0.010309278350515464	334	8	1473	0.005431093007467753
CUFF_NC.4764	2	18668795	18669412	-	0	0	0		42	1	261	0.0038314176245210726	167	7	964	0.007261410788381743
CUFF_NC.4744	2	18674637	18675634	-	0	0	0		90	5	394	0.012690355329949238	266	5	1110	0.0045045045045045045
CUFF_NC.4749	2	18684306	18684895	+	0	0	0		43	0	224	0.0	173	2	946	0.0021141649048625794
CUFF_NC.4743	2	18694894	18695366	+	0	0	0		24	1	94	0.010638297872340425	150	2	575	0.0034782608695652175
CUFF_NC.4748	2	18701189	18702174	+	0	0	0		47	2	200	0.01	219	1	1027	0.0009737098344693282
CUFF_NC.4742	2	18702734	18703269	+	0	0	0		4	5	15	0.3333333333333333	25	3	103	0.02912621359223301
CUFF_NC.4745	2	18711225	18711755	+	0	0	0		30	1	129	0.007751937984496124	148	1	748	0.001336898395721925
CUFF_NC.4746	2	18712384	18713195	+	0	0	0		61	1	244	0.004098360655737705	247	3	865	0.003468208092485549
CUFF_NC.4747	2	18718303	18718909	-	0	0	0		27	0	74	0.0	167	3	458	0.006550218340611353
CUFF_NC.4751	2	18732340	18732971	-	0	0	0		38	0	163	0.0	190	1	735	0.0013605442176870747
CUFF_NC.4750	2	18733433	18734055	+	0	0	0		22	0	88	0.0	172	5	682	0.007331378299120235
CUFF_NC.4752	2	18737156	18737889	+	0	0	0		77	0	346	0.0	214	1	938	0.0010660980810234541
CUFF_NC.4755	2	18755639	18756266	+	0	0	0		29	0	111	0.0	149	2	536	0.0037313432835820895
CUFF_NC.4766	2	18772160	18772713	+	0	0	0		48	1	351	0.002849002849002849	135	1	910	0.001098901098901099
CUFF_NC.4758	2	18775998	18784354	+	0	0	0		500	7	2331	0.003003003003003003	2110	15	9592	0.0015638031693077565
CUFF_NC.4754	2	18789463	18790862	-	0	0	0		85	2	382	0.005235602094240838	380	4	1547	0.002585649644473174
CUFF_NC.4753	2	18791291	18792391	-	0	0	0		75	0	260	0.0	269	4	1065	0.003755868544600939
CUFF_NC.4756	2	18795530	18797341	-	0	0	0		83	1	294	0.003401360544217687	476	6	1916	0.003131524008350731
CUFF_NC.4757	2	18797705	18799241	-	0	0	0		39	0	201	0.0	287	3	1588	0.001889168765743073
CUFF_NC.4759	2	18803753	18804607	-	0	0	0		26	0	121	0.0	203	3	1153	0.0026019080659150044
CUFF_NC.4760	2	18820264	18821944	+	0	0	0		121	0	447	0.0	411	2	1649	0.001212856276531231
CUFF_NC.4761	2	18831859	18832605	-	0	0	0		50	1	271	0.0036900369003690036	195	1	980	0.0010204081632653062
CUFF_NC.4762	2	18840715	18841368	-	0	0	0		40	3	239	0.012552301255230125	163	3	922	0.0032537960954446853
CUFF_NC.4763	2	18852988	18855187	-	0	0	0		97	32	555	0.05765765765765766	480	45	2708	0.016617429837518464
CUFF_NC.4768	2	18865750	18867084	-	0	0	0		75	0	360	0.0	340	5	1563	0.003198976327575176
CUFF_NC.4770	2	18869959	18870417	-	0	0	0		28	0	101	0.0	147	0	445	0.0
CUFF_NC.4769	2	18873307	18874700	+	0	0	0		80	0	396	0.0	372	6	1699	0.003531489111241907
CUFF_NC.4767	2	18877193	18877671	-	0	0	0		20	1	119	0.008403361344537815	135	3	685	0.004379562043795621
CUFF_NC.4771	2	18882156	18883008	+	0	0	0		40	0	151	0.0	231	2	975	0.0020512820512820513
CUFF_NC.4794	2	18912495	18914943	+	0	0	0		152	4	597	0.006700167504187605	657	4	2571	0.0015558148580318942
CUFF_NC.4790	2	18929022	18930084	-	0	0	0		95	0	413	0.0	319	0	1121	0.0
CUFF_NC.4791	2	18933339	18934164	+	0	0	0		20	0	79	0.0	226	1	1147	0.0008718395815170009
CUFF_NC.4774	2	18936918	18938645	+	0	0	0		101	2	495	0.00404040404040404	464	2	2470	0.0008097165991902834
CUFF_NC.4777	2	18939199	18940079	-	0	0	0		50	0	264	0.0	222	5	1147	0.004359197907585004
CUFF_NC.4778	2	18944518	18944969	+	0	0	0		41	0	166	0.0	94	0	389	0.0
CUFF_NC.4775	2	18950676	18951627	-	0	0	0		50	1	208	0.004807692307692308	263	1	1056	0.000946969696969697
CUFF_NC.4776	2	18953132	18954037	-	0	0	0		69	2	246	0.008130081300813009	189	1	825	0.0012121212121212121
CUFF_NC.4772	2	18957531	18958233	-	0	0	0		26	28	141	0.19858156028368795	167	73	836	0.08732057416267942
CUFF_NC.4773	2	18959004	18959609	-	0	0	0		28	0	82	0.0	157	1	495	0.00202020202020202
CUFF_NC.4779	2	18961125	18962262	-	0	0	0		70	1	309	0.003236245954692557	237	5	1015	0.0049261083743842365
CUFF_NC.4781	2	18962768	18964385	-	0	0	0		67	0	300	0.0	393	6	1655	0.0036253776435045317
CUFF_NC.4786	2	18966112	18966429	-	0	0	0		10	0	48	0.0	103	1	518	0.0019305019305019305
CUFF_NC.4782	2	18995092	18995496	-	0	0	0		14	0	83	0.0	87	1	445	0.0022471910112359553
CUFF_NC.4783	2	18996890	18998120	-	0	0	0		82	2	363	0.005509641873278237	378	3	1753	0.0017113519680547634
CUFF_NC.4784	2	19009865	19010603	+	0	0	0		23	0	126	0.0	170	0	854	0.0
CUFF_NC.4785	2	19013126	19013996	+	0	0	0		23	0	144	0.0	240	6	1306	0.004594180704441042
CUFF_NC.4792	2	19018726	19019087	+	0	0	0		26	0	89	0.0	91	0	290	0.0
CUFF_NC.4787	2	19028424	19028904	-	0	0	0		20	0	91	0.0	146	2	741	0.002699055330634278
CUFF_NC.4788	2	19035774	19036402	-	0	0	0		51	0	243	0.0	171	3	799	0.0037546933667083854
CUFF_NC.4793	2	19040151	19042129	-	0	0	0		205	1	945	0.0010582010582010583	560	11	2590	0.0042471042471042475
CUFF_NC.4789	2	19043666	19044191	+	0	0	0		52	1	290	0.0034482758620689655	125	0	735	0.0
CUFF_NC.4825	2	19060667	19064729	-	0	0	0		205	5	846	0.00591016548463357	986	14	4005	0.003495630461922597
CUFF_NC.4826	2	19060960	19064881	-	0	0	0		200	5	846	0.00591016548463357	958	16	4055	0.003945745992601726
CUFF_NC.4827	2	19061734	19065832	-	0	0	0		190	7	811	0.008631319358816275	956	15	4050	0.003703703703703704
CUFF_NC.4828	2	19062272	19067015	-	0	0	0		199	8	849	0.009422850412249705	997	16	4244	0.003770028275212064
CUFF_NC.4829	2	19063561	19068331	-	0	0	0		233	10	1122	0.008912655971479501	1155	21	5460	0.0038461538461538464
CUFF_NC.4795	2	19071613	19072032	-	0	0	0		17	14	43	0.32558139534883723	65	12	118	0.1016949152542373
CUFF_NC.4797	2	19081401	19081921	+	0	0	0		23	0	91	0.0	112	0	447	0.0
CUFF_NC.4796	2	19083035	19083803	+	0	0	0		47	3	221	0.013574660633484163	187	2	919	0.002176278563656148
CUFF_NC.4798	2	19084093	19084443	+	0	0	0		20	1	114	0.008771929824561403	83	1	475	0.002105263157894737
CUFF_NC.4799	2	19085023	19085729	+	0	0	0		46	1	198	0.005050505050505051	199	2	761	0.002628120893561104
CUFF_NC.4802	2	19085944	19086325	-	0	0	0		14	0	62	0.0	103	0	565	0.0
CUFF_NC.4803	2	19086274	19086518	+	0	0	0		16	0	97	0.0	64	1	351	0.002849002849002849
CUFF_NC.4800	2	19089498	19090851	+	0	0	0		67	1	305	0.003278688524590164	349	11	1752	0.006278538812785388
CUFF_NC.4801	2	19091185	19093374	+	0	0	0		148	4	690	0.005797101449275362	643	7	2975	0.002352941176470588
CUFF_NC.4805	2	19097590	19099110	-	0	0	0		122	1	631	0.001584786053882726	465	6	2333	0.002571795970852979
CUFF_NC.4804	2	19100515	19101276	+	0	0	0		7	0	21	0.0	205	3	612	0.004901960784313725
CUFF_NC.4807	2	19109704	19110367	-	0	0	0		31	1	123	0.008130081300813009	228	0	869	0.0
CUFF_NC.4806	2	19111426	19112026	+	0	0	0		31	0	99	0.0	77	1	180	0.005555555555555556
CUFF_NC.4810	2	19118344	19118659	+	0	0	0		35	4	196	0.02040816326530612	85	1	453	0.002207505518763797
CUFF_NC.4808	2	19133556	19135084	-	0	0	0		64	2	287	0.006968641114982578	431	4	1743	0.002294893861158921
CUFF_NC.4811	2	19137434	19138359	+	0	0	0		63	1	366	0.00273224043715847	262	3	1486	0.002018842530282638
CUFF_NC.4812	2	19138946	19140570	+	0	0	0		115	0	532	0.0	376	7	1619	0.004323656578134651
CUFF_NC.4809	2	19145414	19146864	-	0	0	0		98	1	354	0.002824858757062147	378	3	1421	0.00211118930330753
CUFF_NC.4815	2	19153417	19154330	+	0	0	0		55	0	261	0.0	217	4	831	0.0048134777376654635
CUFF_NC.4813	2	19161685	19164236	-	0	0	0		70	2	311	0.006430868167202572	519	18	2611	0.0068939103791650705
CUFF_NC.4814	2	19163661	19164276	+	0	0	0		30	1	110	0.00909090909090909	151	3	598	0.005016722408026756
CUFF_NC.4816	2	19164387	19165430	+	0	0	0		28	0	90	0.0	97	0	357	0.0
CUFF_NC.4817	2	19165574	19166927	+	0	0	0		98	1	503	0.0019880715705765406	369	6	1610	0.0037267080745341614
CUFF_NC.4818	2	19177994	19178436	+	0	0	0		18	0	113	0.0	98	2	663	0.0030165912518853697
CUFF_NC.4823	2	19185887	19186715	+	0	0	0		56	1	263	0.0038022813688212928	211	0	1028	0.0
CUFF_NC.4822	2	19191181	19192690	-	0	0	0		72	1	333	0.003003003003003003	348	5	1579	0.0031665611146295125
CUFF_NC.4832	2	19204122	19205036	-	0	0	0		61	0	273	0.0	183	1	867	0.0011534025374855825
CUFF_NC.4821	2	19214536	19215316	+	0	0	0		57	0	215	0.0	230	5	855	0.005847953216374269
CUFF_NC.4820	2	19219894	19220692	-	0	0	0		50	141	233	0.6051502145922747	186	69	947	0.07286166842661035
CUFF_NC.4824	2	19234262	19235102	-	0	0	0		20	0	70	0.0	54	2	168	0.011904761904761904
CUFF_NC.4830	2	19240091	19242499	-	0	0	0		107	2	416	0.004807692307692308	673	7	2871	0.0024381748519679554
CUFF_NC.4831	2	19251303	19253517	-	0	0	0		141	2	747	0.002677376171352075	550	8	2713	0.002948765204570586
CUFF_NC.4852	2	19277296	19281952	+	0	0	0		338	5	1683	0.0029708853238265003	1291	14	5976	0.0023427041499330657
CUFF_NC.4836	2	19309955	19313804	+	0	0	0		272	2	1291	0.001549186676994578	1051	13	5061	0.002568662319699664
CUFF_NC.4833	2	19317152	19319363	-	0	0	0		154	0	725	0.0	630	8	2888	0.002770083102493075
CUFF_NC.4842	2	19321351	19322209	+	0	0	0		69	1	366	0.00273224043715847	226	5	1153	0.004336513443191674
CUFF_NC.4835	2	19331726	19336193	+	0	0	0		213	5	1012	0.004940711462450593	1170	19	5597	0.003394675719135251
CUFF_NC.4834	2	19341454	19342574	+	0	0	0		105	0	462	0.0	334	5	1480	0.0033783783783783786
CUFF_NC.4837	2	19352338	19353432	+	0	0	0		89	3	370	0.008108108108108109	260	4	1058	0.003780718336483932
CUFF_NC.4838	2	19371711	19372099	+	0	0	0		13	0	54	0.0	86	0	350	0.0
CUFF_NC.4839	2	19373913	19374374	+	0	0	0		22	3	98	0.030612244897959183	102	1	429	0.002331002331002331
CUFF_NC.4843	2	19376294	19376727	-	0	0	0		12	0	69	0.0	118	3	632	0.004746835443037975
CUFF_NC.4844	2	19382377	19383283	-	0	0	0		33	0	207	0.0	221	4	1040	0.0038461538461538464
CUFF_NC.4858	2	19389134	19390121	-	0	0	0		61	1	312	0.003205128205128205	251	4	1211	0.0033030553261767133
CUFF_NC.4840	2	19409216	19409795	-	0	0	0		15	0	101	0.0	148	4	825	0.0048484848484848485
CUFF_NC.4845	2	19411672	19412270	+	0	0	0		23	2	118	0.01694915254237288	168	2	1004	0.00199203187250996
CUFF_NC.4846	2	19414393	19415380	-	0	0	0		26	5	167	0.029940119760479042	209	63	1384	0.04552023121387283
CUFF_NC.4848	2	19422869	19423197	+	0	0	0		21	1	73	0.0136986301369863	107	2	394	0.005076142131979695
CUFF_NC.4855	2	19424312	19424868	-	0	0	0		50	0	277	0.0	135	1	750	0.0013333333333333333
CUFF_NC.4854	2	19429775	19430191	+	0	0	0		37	0	143	0.0	127	0	479	0.0
CUFF_NC.4849	2	19432419	19433035	-	0	0	0		40	0	162	0.0	147	2	580	0.0034482758620689655
CUFF_NC.4851	2	19439309	19440244	+	0	0	0		60	1	290	0.0034482758620689655	263	5	1260	0.003968253968253968
CUFF_NC.4853	2	19443848	19444429	+	0	0	0		46	0	192	0.0	160	1	645	0.0015503875968992248
CUFF_NC.4850	2	19446854	19447295	-	0	0	0		35	3	134	0.022388059701492536	114	1	412	0.0024271844660194173
CUFF_NC.4869	2	19455930	19456338	-	0	0	0		41	2	215	0.009302325581395349	125	1	596	0.0016778523489932886
CUFF_NC.4857	2	19457525	19457959	-	0	0	0		28	0	83	0.0	121	0	364	0.0
CUFF_NC.4856	2	19459939	19460355	+	0	0	0		24	0	95	0.0	133	1	444	0.0022522522522522522
CUFF_NC.4861	2	19472415	19474234	-	0	0	0		100	1	298	0.003355704697986577	420	1	1263	0.000791765637371338
CUFF_NC.4860	2	19478356	19479294	-	0	0	0		58	1	243	0.00411522633744856	263	7	1123	0.006233303650934996
CUFF_NC.4862	2	19485712	19486521	-	0	0	0		30	1	139	0.007194244604316547	171	5	781	0.006402048655569782
CUFF_NC.4859	2	19491159	19491620	+	0	0	0		17	0	70	0.0	123	0	536	0.0
CUFF_NC.4864	2	19496125	19497978	-	0	0	0		142	2	697	0.0028694404591104736	519	10	2633	0.0037979491074819596
CUFF_NC.4865	2	19498379	19498759	-	0	0	0		28	0	115	0.0	70	0	277	0.0
CUFF_NC.4863	2	19509683	19510393	-	0	0	0		44	1	193	0.0051813471502590676	166	3	861	0.003484320557491289
CUFF_NC.4871	2	19535922	19536790	-	0	0	0		55	0	231	0.0	241	3	1075	0.0027906976744186047
CUFF_NC.4867	2	19545698	19546922	+	0	0	0		90	0	420	0.0	351	3	1405	0.002135231316725979
CUFF_NC.4868	2	19547033	19547383	+	0	0	0		24	1	142	0.007042253521126761	94	3	574	0.005226480836236934
CUFF_NC.4866	2	19556287	19558653	-	0	0	0		132	1	685	0.00145985401459854	607	13	3079	0.004222150048717116
CUFF_NC.4878	2	19589446	19589847	-	0	0	0		38	0	149	0.0	110	0	383	0.0
CUFF_NC.4876	2	19591345	19591776	+	0	0	0		33	0	125	0.0	101	1	342	0.0029239766081871343
CUFF_NC.4877	2	19593728	19595078	+	0	0	0		104	0	328	0.0	254	2	756	0.0026455026455026454
CUFF_NC.4882	2	19608046	19609547	-	0	0	0		132	2	499	0.004008016032064128	387	3	1585	0.0018927444794952682
CUFF_NC.4870	2	19623792	19624086	-	0	0	0		8	0	50	0.0	46	1	274	0.0036496350364963502
CUFF_NC.4872	2	19624205	19624686	-	0	0	0		38	0	100	0.0	120	0	355	0.0
CUFF_NC.4880	2	19629452	19629975	-	0	0	0		41	0	124	0.0	142	0	386	0.0
CUFF_NC.4879	2	19637399	19641128	+	0	0	0		269	0	1035	0.0	1110	11	4214	0.0026103464641670624
CUFF_NC.4874	2	19641237	19643785	-	0	0	0		221	1	811	0.0012330456226880395	753	7	2785	0.0025134649910233393
CUFF_NC.4875	2	19649091	19650450	+	0	0	0		92	1	289	0.0034602076124567475	370	4	1340	0.0029850746268656717
CUFF_NC.4881	2	19672202	19672533	-	0	0	0		16	0	66	0.0	110	1	509	0.0019646365422396855
CUFF_NC.4873	2	19687901	19688330	+	0	0	0		23	1	124	0.008064516129032258	102	3	588	0.00510204081632653
CUFF_NC.4883	3	15027	16368	-	0	0	0		83	1	393	0.002544529262086514	369	1	1687	0.0005927682276229994
CUFF_NC.4895	3	41219	42026	+	0	0	0		69	0	209	0.0	146	1	516	0.001937984496124031
CUFF_NC.4884	3	46619	48406	+	0	0	0		115	0	502	0.0	481	7	2094	0.0033428844317096467
CUFF_NC.4892	3	55008	55737	+	0	0	0		58	3	351	0.008547008547008548	183	6	872	0.006880733944954129
CUFF_NC.4888	3	69760	71415	+	0	0	0		116	4	543	0.007366482504604052	444	7	2135	0.003278688524590164
CUFF_NC.4890	3	73745	74085	-	0	0	0		18	0	72	0.0	114	1	482	0.002074688796680498
CUFF_NC.4885	3	76902	77309	+	0	0	0		18	0	89	0.0	122	1	628	0.0015923566878980893
CUFF_NC.4886	3	78439	79030	+	0	0	0		21	1	139	0.007194244604316547	171	5	1109	0.004508566275924256
CUFF_NC.4887	3	80530	80965	+	0	0	0		22	1	134	0.007462686567164179	109	1	666	0.0015015015015015015
CUFF_NC.4891	3	88236	89576	+	0	0	0		108	0	482	0.0	356	3	1787	0.0016787912702853946
CUFF_NC.4889	3	102925	104692	+	0	0	0		75	1	333	0.003003003003003003	431	1	1951	0.0005125576627370579
CUFF_NC.4893	3	111992	112370	-	0	0	0		29	0	137	0.0	96	0	406	0.0
CUFF_NC.4894	3	129809	130721	-	0	0	0		5	2	13	0.15384615384615385	33	6	82	0.07317073170731707
CUFF_NC.4896	3	165496	166719	+	0	0	0		82	0	315	0.0	312	6	1539	0.003898635477582846
CUFF_NC.4898	3	191088	192187	+	0	0	0		63	0	234	0.0	301	6	1200	0.005
CUFF_NC.4899	3	192788	193610	+	0	0	0		33	1	150	0.006666666666666667	204	1	776	0.001288659793814433
CUFF_NC.4900	3	197669	197965	+	0	0	0		17	0	65	0.0	90	2	220	0.00909090909090909
CUFF_NC.4901	3	199522	200028	+	0	0	0		48	1	330	0.0030303030303030303	149	1	953	0.001049317943336831
CUFF_NC.4897	3	202088	202921	+	0	0	0		64	0	301	0.0	180	1	909	0.0011001100110011
CUFF_NC.4902	3	212803	215331	+	0	0	0		200	3	876	0.003424657534246575	733	4	2885	0.0013864818024263432
CUFF_NC.4903	3	233920	235043	-	0	0	0		79	4	358	0.0111731843575419	325	4	1456	0.0027472527472527475
CUFF_NC.4904	3	240800	241283	-	0	0	0		27	0	113	0.0	114	0	422	0.0
CUFF_NC.4908	3	241566	242212	-	0	0	0		13	0	17	0.0	76	0	98	0.0
CUFF_NC.4909	3	244240	244552	-	0	0	0		25	0	138	0.0	91	2	460	0.004347826086956522
CUFF_NC.4905	3	252279	255317	-	0	0	0		213	2	954	0.0020964360587002098	866	10	3803	0.0026295030239284773
CUFF_NC.4910	3	258889	259350	-	0	0	0		53	0	132	0.0	136	2	371	0.005390835579514825
CUFF_NC.4907	3	268114	268584	-	0	0	0		39	2	181	0.011049723756906077	152	2	687	0.002911208151382824
CUFF_NC.4906	3	270327	272744	-	0	0	0		252	3	1045	0.0028708133971291866	629	8	2440	0.003278688524590164
CUFF_NC.4912	3	288765	290268	-	0	0	0		115	1	491	0.002036659877800407	391	5	1656	0.0030193236714975845
CUFF_NC.4913	3	292589	293021	-	0	0	0		21	1	119	0.008403361344537815	102	2	477	0.0041928721174004195
CUFF_NC.4914	3	302474	303676	-	0	0	0		35	0	137	0.0	280	5	1069	0.004677268475210477
CUFF_NC.4911	3	306331	306924	-	0	0	0		44	1	193	0.0051813471502590676	186	5	780	0.00641025641025641
CUFF_NC.4915	3	312306	314173	+	0	0	0		146	1	597	0.0016750418760469012	491	6	1982	0.0030272452068617556
CUFF_NC.4918	3	314461	314900	+	0	0	0		18	0	93	0.0	93	1	482	0.002074688796680498
CUFF_NC.4919	3	317585	318236	-	0	0	0		22	0	64	0.0	160	2	511	0.003913894324853229
CUFF_NC.4920	3	330174	330503	-	0	0	0		23	1	149	0.006711409395973154	83	1	511	0.0019569471624266144
CUFF_NC.4929	3	346748	347877	-	0	0	0		93	2	429	0.004662004662004662	301	3	1346	0.002228826151560178
CUFF_NC.4926	3	350650	351069	-	0	0	0		25	0	95	0.0	91	2	391	0.005115089514066497
CUFF_NC.4916	3	371615	372816	+	0	0	0		86	4	449	0.008908685968819599	276	4	1434	0.002789400278940028
CUFF_NC.4917	3	373221	373934	+	0	0	0		37	0	121	0.0	134	2	451	0.004434589800443459
CUFF_NC.4922	3	380900	381667	-	0	0	0		69	0	312	0.0	226	2	850	0.002352941176470588
CUFF_NC.4921	3	385361	387550	+	0	0	0		92	3	378	0.007936507936507936	520	4	2291	0.001745962461807071
CUFF_NC.4923	3	394950	395462	-	0	0	0		49	0	227	0.0	142	2	674	0.002967359050445104
CUFF_NC.4924	3	429664	430099	-	0	0	0		27	0	110	0.0	127	3	613	0.004893964110929853
CUFF_NC.4925	3	429880	430395	+	0	0	0		22	0	89	0.0	125	2	565	0.0035398230088495575
CUFF_NC.4933	3	431039	433855	+	0	0	0		200	4	991	0.004036326942482341	780	12	3704	0.0032397408207343412
CUFF_NC.4934	3	448060	448680	+	0	0	0		43	0	190	0.0	156	0	689	0.0
CUFF_NC.4927	3	452437	452920	-	0	0	0		30	0	149	0.0	134	1	562	0.0017793594306049821
CUFF_NC.4932	3	461006	461700	-	0	0	0		38	1	184	0.005434782608695652	181	3	945	0.0031746031746031746
CUFF_NC.4928	3	477201	477998	-	0	0	0		89	1	392	0.002551020408163265	209	4	800	0.005
CUFF_NC.4930	3	479871	480589	-	0	0	0		60	0	243	0.0	215	2	868	0.002304147465437788
CUFF_NC.4931	3	480712	481257	-	0	0	0		36	1	174	0.005747126436781609	155	2	714	0.0028011204481792717
CUFF_NC.4941	3	483478	484069	-	0	0	0		38	0	155	0.0	144	0	549	0.0
CUFF_NC.4935	3	504113	504471	+	0	0	0		23	0	108	0.0	101	0	427	0.0
CUFF_NC.4940	3	508190	508762	-	0	0	0		26	0	142	0.0	159	1	990	0.00101010101010101
CUFF_NC.4936	3	510072	511478	-	0	0	0		121	6	458	0.013100436681222707	406	2	1571	0.001273074474856779
CUFF_NC.4939	3	535937	536419	+	0	0	0		38	1	166	0.006024096385542169	118	1	503	0.0019880715705765406
CUFF_NC.4937	3	536634	538142	+	0	0	0		114	2	463	0.004319654427645789	404	4	1796	0.0022271714922048997
CUFF_NC.4938	3	546370	549437	-	0	0	0		172	5	872	0.005733944954128441	812	16	4295	0.0037252619324796275
CUFF_NC.4942	3	556061	561851	-	0	0	0		246	3	1009	0.002973240832507433	1320	28	5957	0.004700352526439483
CUFF_NC.4943	3	575431	575853	+	0	0	0		28	0	168	0.0	125	1	735	0.0013605442176870747
CUFF_NC.4944	3	583611	584226	-	0	0	0		53	1	263	0.0038022813688212928	174	3	752	0.003989361702127659
CUFF_NC.4946	3	596076	596731	+	0	0	0		25	1	77	0.012987012987012988	144	0	497	0.0
CUFF_NC.4947	3	599334	600826	+	0	0	0		102	2	439	0.004555808656036446	422	2	1659	0.0012055455093429777
CUFF_NC.4945	3	608537	609554	+	0	0	0		47	2	236	0.00847457627118644	275	4	1249	0.0032025620496397116
CUFF_NC.4949	3	623271	623814	+	0	0	0		32	0	115	0.0	123	1	551	0.0018148820326678765
CUFF_NC.4955	3	625582	626249	+	0	0	0		54	0	299	0.0	180	6	982	0.006109979633401222
CUFF_NC.4952	3	632337	633930	-	0	0	0		104	1	478	0.0020920502092050207	431	6	1911	0.0031397174254317113
CUFF_NC.4950	3	634499	636107	-	0	0	0		139	1	541	0.0018484288354898336	419	3	1493	0.0020093770931011385
CUFF_NC.4958	3	646061	647504	-	0	0	0		97	0	392	0.0	344	7	1442	0.0048543689320388345
CUFF_NC.4951	3	649762	650933	-	0	0	0		61	0	215	0.0	272	0	905	0.0
CUFF_NC.4954	3	657023	658474	-	0	0	0		80	3	476	0.0063025210084033615	421	6	1789	0.003353828954723309
CUFF_NC.4953	3	667211	667729	+	0	0	0		20	0	136	0.0	137	5	918	0.0054466230936819175
CUFF_NC.4956	3	669902	670420	+	0	0	0		26	0	99	0.0	157	0	597	0.0
CUFF_NC.4957	3	670723	671760	+	0	0	0		69	0	398	0.0	245	3	1425	0.002105263157894737
CUFF_NC.4960	3	674255	676054	-	0	0	0		160	1	715	0.0013986013986013986	528	5	2230	0.002242152466367713
CUFF_NC.4959	3	677241	677918	-	0	0	0		53	1	220	0.004545454545454545	155	1	704	0.0014204545454545455
CUFF_NC.4967	3	718434	720610	-	0	0	0		75	2	367	0.005449591280653951	527	7	2727	0.002566923359002567
CUFF_NC.4966	3	720244	720977	+	0	0	0		22	1	113	0.008849557522123894	186	2	827	0.0024183796856106408
CUFF_NC.4962	3	727646	729478	+	0	0	0		119	4	713	0.005610098176718092	448	12	2679	0.004479283314669653
CUFF_NC.4961	3	731969	732890	-	0	0	0		71	2	318	0.006289308176100629	209	1	1107	0.0009033423667570009
CUFF_NC.4964	3	743278	744303	+	0	0	0		61	2	240	0.008333333333333333	268	4	1281	0.00312256049960968
CUFF_NC.4965	3	755345	756407	+	0	0	0		56	0	214	0.0	271	6	1029	0.0058309037900874635
CUFF_NC.4963	3	763806	764314	+	0	0	0		25	0	129	0.0	132	3	635	0.004724409448818898
CUFF_NC.4974	3	792328	794006	-	0	0	0		84	0	373	0.0	413	8	2091	0.003825920612147298
CUFF_NC.4969	3	815557	816328	-	0	0	0		54	0	234	0.0	170	1	728	0.0013736263736263737
CUFF_NC.4968	3	819529	821558	+	0	0	0		163	2	718	0.002785515320334262	519	4	2238	0.0017873100983020554
CUFF_NC.4970	3	822901	826619	+	0	0	0		208	4	804	0.004975124378109453	883	5	3044	0.0016425755584756898
CUFF_NC.4971	3	828356	830187	+	0	0	0		120	1	560	0.0017857142857142857	415	5	1742	0.0028702640642939152
CUFF_NC.4972	3	843164	847461	+	0	0	0		175	2	885	0.0022598870056497176	1020	13	5309	0.002448672066302505
CUFF_NC.4973	3	850321	851741	+	0	0	0		85	1	354	0.002824858757062147	323	4	1279	0.003127443315089914
CUFF_NC.4975	3	863521	864687	+	0	0	0		27	1	156	0.00641025641025641	266	2	1525	0.0013114754098360656
CUFF_NC.4977	3	867663	868552	+	0	0	0		65	0	347	0.0	225	5	1361	0.0036737692872887582
CUFF_NC.4976	3	872072	873559	+	0	0	0		47	1	285	0.0035087719298245615	296	8	1104	0.007246376811594203
CUFF_NC.4978	3	911538	913253	+	0	0	0		87	3	451	0.0066518847006651885	422	7	2210	0.003167420814479638
CUFF_NC.4979	3	943536	944003	-	0	0	0		43	0	125	0.0	117	1	372	0.002688172043010753
CUFF_NC.4980	3	946315	946758	+	0	0	0		36	1	179	0.00558659217877095	126	2	612	0.0032679738562091504
CUFF_NC.4981	3	976770	977353	+	0	0	0		33	0	99	0.0	124	0	364	0.0
CUFF_NC.4982	3	995288	996804	-	0	0	0		72	0	344	0.0	387	8	1866	0.004287245444801715
CUFF_NC.4989	3	997674	998675	-	0	0	0		52	0	198	0.0	265	4	1213	0.0032976092333058533
CUFF_NC.4990	3	1002162	1002757	+	0	0	0		36	1	154	0.006493506493506494	131	4	615	0.0065040650406504065
CUFF_NC.4986	3	1033519	1034830	-	0	0	0		70	1	310	0.0032258064516129032	271	2	1287	0.001554001554001554
CUFF_NC.4987	3	1038775	1039787	+	0	0	0		43	2	210	0.009523809523809525	226	3	1062	0.002824858757062147
CUFF_NC.4984	3	1045448	1046401	+	0	0	0		33	0	120	0.0	237	5	1100	0.004545454545454545
CUFF_NC.4988	3	1049471	1051592	-	0	0	0		129	0	585	0.0	565	14	2461	0.005688744412840309
CUFF_NC.4985	3	1054653	1055072	+	0	0	0		24	0	108	0.0	121	2	554	0.0036101083032490976
CUFF_NC.4991	3	1073559	1074168	+	0	0	0		44	0	168	0.0	159	2	636	0.0031446540880503146
CUFF_NC.4994	3	1101265	1101884	+	0	0	0		26	0	125	0.0	141	3	776	0.003865979381443299
CUFF_NC.4993	3	1106568	1107198	+	0	0	0		48	0	265	0.0	182	3	806	0.0037220843672456576
CUFF_NC.4992	3	1113369	1113818	+	0	0	0		40	0	160	0.0	98	2	379	0.005277044854881266
CUFF_NC.4997	3	1156267	1157916	+	0	0	0		92	0	336	0.0	423	5	1464	0.0034153005464480873
CUFF_NC.4995	3	1170221	1170992	+	0	0	0		19	108	142	0.7605633802816901	157	209	1118	0.18694096601073346
CUFF_NC.4996	3	1170238	1170936	-	0	0	0		19	108	142	0.7605633802816901	155	207	1111	0.1863186318631863
CUFF_NC.4998	3	1191738	1192687	+	0	0	0		42	0	162	0.0	256	2	969	0.0020639834881320948
CUFF_NC.4999	3	1210391	1210828	-	0	0	0		30	61	133	0.45864661654135336	102	22	429	0.05128205128205128
CUFF_NC.5000	3	1235400	1236109	+	0	0	0		58	0	248	0.0	197	0	801	0.0
CUFF_NC.5001	3	1239681	1240145	+	0	0	0		47	0	157	0.0	114	0	379	0.0
CUFF_NC.5003	3	1251048	1251507	+	0	0	0		45	0	144	0.0	118	0	442	0.0
CUFF_NC.5004	3	1253759	1254323	+	0	0	0		72	0	289	0.0	157	4	580	0.006896551724137931
CUFF_NC.5002	3	1263425	1263909	-	0	0	0		38	1	186	0.005376344086021506	144	1	683	0.0014641288433382138
CUFF_NC.5007	3	1277898	1280972	-	0	0	0		251	5	1171	0.004269854824935952	796	10	3747	0.0026688017080330933
CUFF_NC.5006	3	1285685	1286711	+	0	0	0		81	1	359	0.002785515320334262	259	0	1148	0.0
CUFF_NC.5008	3	1292305	1292787	+	0	0	0		21	0	138	0.0	129	0	909	0.0
CUFF_NC.5010	3	1304919	1305695	+	0	0	0		39	1	202	0.0049504950495049506	225	1	1092	0.0009157509157509158
CUFF_NC.5009	3	1314421	1315311	+	0	0	0		76	1	361	0.002770083102493075	237	5	1060	0.0047169811320754715
CUFF_NC.5012	3	1336785	1337776	-	0	0	0		41	0	193	0.0	240	5	1143	0.004374453193350831
CUFF_NC.5011	3	1338208	1338713	-	0	0	0		23	1	178	0.0056179775280898875	145	2	901	0.0022197558268590455
CUFF_NC.5013	3	1352745	1353801	-	0	0	0		20	1	118	0.00847457627118644	217	3	1038	0.002890173410404624
CUFF_NC.5015	3	1355948	1358100	-	0	0	0		162	1	776	0.001288659793814433	570	4	2691	0.0014864362690449647
CUFF_NC.5014	3	1365300	1365727	-	0	0	0		24	0	124	0.0	99	3	499	0.006012024048096192
CUFF_NC.5017	3	1374109	1375177	-	0	0	0		73	3	258	0.011627906976744186	290	4	983	0.004069175991861648
CUFF_NC.5018	3	1376030	1376764	-	0	0	0		48	0	202	0.0	187	2	749	0.0026702269692923898
CUFF_NC.5016	3	1378721	1379309	+	0	0	0		52	0	259	0.0	188	0	937	0.0
CUFF_NC.5020	3	1396458	1397104	+	0	0	0		27	1	162	0.006172839506172839	172	2	957	0.0020898641588296763
CUFF_NC.5025	3	1412992	1413576	+	0	0	0		30	1	193	0.0051813471502590676	107	1	552	0.0018115942028985507
CUFF_NC.5019	3	1433809	1435385	+	0	0	0		85	1	366	0.00273224043715847	412	3	1227	0.0024449877750611247
CUFF_NC.5021	3	1438614	1439156	+	0	0	0		15	0	101	0.0	59	1	265	0.0037735849056603774
CUFF_NC.5023	3	1440090	1441116	-	0	0	0		27	0	99	0.0	104	0	276	0.0
CUFF_NC.5033	3	1461275	1461712	+	0	0	0		19	0	119	0.0	97	2	592	0.0033783783783783786
CUFF_NC.5029	3	1467716	1468126	-	0	0	0		36	1	180	0.005555555555555556	122	2	608	0.003289473684210526
CUFF_NC.5028	3	1470218	1470732	+	0	0	0		21	0	97	0.0	123	2	540	0.003703703703703704
CUFF_NC.5024	3	1476933	1478667	-	0	0	0		143	1	522	0.0019157088122605363	419	5	1673	0.002988643156007173
CUFF_NC.5030	3	1481356	1481916	-	0	0	0		45	0	219	0.0	155	3	709	0.004231311706629055
CUFF_NC.5027	3	1482944	1483745	-	0	0	0		26	0	149	0.0	188	3	1032	0.0029069767441860465
CUFF_NC.5026	3	1484939	1485407	+	0	0	0		18	0	128	0.0	105	1	640	0.0015625
CUFF_NC.5031	3	1500756	1501905	+	0	0	0		98	2	496	0.004032258064516129	307	5	1422	0.0035161744022503515
CUFF_NC.5032	3	1522130	1522963	+	0	0	0		74	1	429	0.002331002331002331	191	1	947	0.0010559662090813093
CUFF_NC.5034	3	1533139	1534082	+	0	0	0		42	0	193	0.0	237	4	1026	0.003898635477582846
CUFF_NC.5036	3	1574707	1575159	+	0	0	0		21	0	120	0.0	136	1	659	0.0015174506828528073
CUFF_NC.5035	3	1576683	1577261	-	0	0	0		21	0	100	0.0	147	0	735	0.0
CUFF_NC.5038	3	1579568	1580344	+	0	0	0		53	1	198	0.005050505050505051	221	4	836	0.004784688995215311
CUFF_NC.5039	3	1581836	1582807	+	0	0	0		63	2	276	0.007246376811594203	248	3	1128	0.0026595744680851063
CUFF_NC.5037	3	1591025	1592011	-	0	0	0		62	0	246	0.0	210	6	981	0.0061162079510703364
CUFF_NC.5041	3	1611763	1612376	-	0	0	0		65	2	265	0.007547169811320755	176	1	631	0.001584786053882726
CUFF_NC.5040	3	1613202	1613503	-	0	0	0		21	0	127	0.0	81	1	370	0.002702702702702703
CUFF_NC.5043	3	1623444	1624069	+	0	0	0		42	1	221	0.004524886877828055	185	5	930	0.005376344086021506
CUFF_NC.5042	3	1625862	1626498	+	0	0	0		74	1	204	0.004901960784313725	196	1	572	0.0017482517482517483
CUFF_NC.5044	3	1630053	1630524	+	0	0	0		34	0	183	0.0	104	1	613	0.0016313213703099511
CUFF_NC.5045	3	1635052	1635507	-	0	0	0		39	0	149	0.0	84	0	314	0.0
CUFF_NC.5046	3	1641660	1642429	+	0	0	0		46	1	231	0.004329004329004329	183	1	845	0.001183431952662722
CUFF_NC.5050	3	1658537	1658922	+	0	0	0		32	0	180	0.0	106	2	483	0.004140786749482402
CUFF_NC.5051	3	1661683	1662635	+	0	0	0		83	0	411	0.0	287	7	1312	0.005335365853658537
CUFF_NC.5048	3	1691106	1691547	+	0	0	0		23	0	106	0.0	103	1	596	0.0016778523489932886
CUFF_NC.5047	3	1727150	1728275	-	0	0	0		71	1	256	0.00390625	283	5	1201	0.004163197335553705
CUFF_NC.5049	3	1732418	1735778	+	0	0	0		258	8	1274	0.006279434850863423	891	11	4309	0.0025527964724994198
CUFF_NC.5058	3	1753153	1755150	-	0	0	0		87	3	443	0.006772009029345372	477	4	2290	0.0017467248908296944
CUFF_NC.5052	3	1755678	1756927	+	0	0	0		41	0	247	0.0	295	6	1637	0.0036652412950519244
CUFF_NC.5053	3	1768561	1769649	+	0	0	0		68	1	337	0.002967359050445104	311	3	1658	0.0018094089264173703
CUFF_NC.5054	3	1775947	1776968	+	0	0	0		51	1	221	0.004524886877828055	253	1	1171	0.0008539709649871904
CUFF_NC.5056	3	1799675	1800154	+	0	0	0		9	0	11	0.0	49	1	61	0.01639344262295082
CUFF_NC.5057	3	1802353	1803007	+	0	0	0		30	0	114	0.0	182	1	613	0.0016313213703099511
CUFF_NC.5055	3	1813401	1814274	-	0	0	0		37	3	144	0.020833333333333332	258	2	951	0.002103049421661409
CUFF_NC.5062	3	1829119	1830389	+	0	0	0		87	1	419	0.002386634844868735	282	1	1416	0.0007062146892655367
CUFF_NC.5059	3	1838537	1838941	-	0	0	0		12	0	81	0.0	96	2	599	0.00333889816360601
CUFF_NC.5061	3	1842287	1843197	+	0	0	0		42	0	192	0.0	258	2	1463	0.001367053998632946
CUFF_NC.5060	3	1855852	1856202	-	0	0	0		6	0	27	0.0	98	0	408	0.0
CUFF_NC.5064	3	1860028	1860760	+	0	0	0		47	0	123	0.0	193	2	563	0.003552397868561279
CUFF_NC.5068	3	1871841	1872525	-	0	0	0		26	0	114	0.0	194	2	781	0.002560819462227913
CUFF_NC.5066	3	1875198	1875917	+	0	0	0		55	1	184	0.005434782608695652	204	2	739	0.0027063599458728013
CUFF_NC.5067	3	1876519	1876944	+	0	0	0		25	0	133	0.0	112	2	665	0.0030075187969924814
CUFF_NC.5076	3	1887080	1888686	-	0	0	0		109	1	541	0.0018484288354898336	409	7	2068	0.0033849129593810446
CUFF_NC.5077	3	1896832	1897657	-	0	0	0		53	1	267	0.003745318352059925	229	2	946	0.0021141649048625794
CUFF_NC.5075	3	1899082	1901954	+	0	0	0		243	2	1273	0.0015710919088766694	843	18	4110	0.004379562043795621
CUFF_NC.5065	3	1909690	1910790	-	0	0	0		49	11	276	0.03985507246376811	279	7	1448	0.004834254143646409
CUFF_NC.5069	3	1923934	1924498	+	0	0	0		17	19	61	0.3114754098360656	130	100	574	0.17421602787456447
CUFF_NC.5070	3	1928887	1929354	-	0	0	0		33	1	167	0.005988023952095809	107	1	362	0.0027624309392265192
CUFF_NC.5073	3	1929822	1930247	+	0	0	0		13	0	92	0.0	105	2	750	0.0026666666666666666
CUFF_NC.5074	3	1930810	1931218	+	0	0	0		40	0	214	0.0	112	1	549	0.0018214936247723133
CUFF_NC.5071	3	1951978	1952632	-	0	0	0		8	0	27	0.0	154	2	541	0.0036968576709796672
CUFF_NC.5072	3	1953283	1953673	-	0	0	0		16	0	83	0.0	93	0	415	0.0
CUFF_NC.5078	3	1956644	1957287	+	0	0	0		39	0	136	0.0	167	2	510	0.00392156862745098
CUFF_NC.5085	3	1975950	1978423	+	0	0	0		177	2	777	0.002574002574002574	657	7	2747	0.0025482344375682563
CUFF_NC.5083	3	1980533	1982160	-	0	0	0		79	0	353	0.0	238	1	767	0.001303780964797914
CUFF_NC.5084	3	1983642	1985178	-	0	0	0		80	0	338	0.0	401	2	1370	0.00145985401459854
CUFF_NC.5086	3	1987013	1987916	+	0	0	0		72	0	348	0.0	277	5	1354	0.003692762186115214
CUFF_NC.5081	3	2013826	2015640	-	0	0	0		142	1	788	0.0012690355329949238	502	12	2693	0.004455997029335313
CUFF_NC.5079	3	2016197	2016966	-	0	0	0		51	1	204	0.004901960784313725	184	1	835	0.0011976047904191617
CUFF_NC.5082	3	2047271	2048695	+	0	0	0		119	1	529	0.001890359168241966	360	4	1620	0.0024691358024691358
CUFF_NC.5092	3	2052775	2053695	+	0	0	0		38	1	197	0.005076142131979695	271	2	1269	0.0015760441292356187
CUFF_NC.5088	3	2068970	2071236	+	0	0	0		141	2	540	0.003703703703703704	560	6	2277	0.002635046113306983
CUFF_NC.5087	3	2095834	2096256	+	0	0	0		38	1	196	0.00510204081632653	124	1	687	0.001455604075691412
CUFF_NC.5090	3	2102311	2102739	-	0	0	0		4	0	9	0.0	80	0	212	0.0
CUFF_NC.5091	3	2105637	2106369	+	0	0	0		77	2	370	0.005405405405405406	201	2	844	0.002369668246445498
CUFF_NC.5089	3	2129620	2130353	+	0	0	0		48	0	180	0.0	164	1	683	0.0014641288433382138
CUFF_NC.5094	3	2132762	2133049	-	0	0	0		15	0	42	0.0	87	0	163	0.0
CUFF_NC.5098	3	2135368	2135895	+	0	0	0		28	0	130	0.0	152	3	737	0.004070556309362279
CUFF_NC.5095	3	2145268	2145845	+	0	0	0		39	1	163	0.006134969325153374	168	1	629	0.001589825119236884
CUFF_NC.5102	3	2152420	2153688	+	0	0	0		90	0	401	0.0	308	5	1277	0.003915426781519186
CUFF_NC.5097	3	2156573	2157788	-	0	0	0		53	0	229	0.0	297	3	1218	0.0024630541871921183
CUFF_NC.5103	3	2175254	2175859	+	0	0	0		34	2	167	0.011976047904191617	187	4	931	0.004296455424274973
CUFF_NC.5096	3	2176657	2177439	-	0	0	0		40	0	155	0.0	165	1	600	0.0016666666666666668
CUFF_NC.5100	3	2202072	2202836	-	0	0	0		56	1	263	0.0038022813688212928	235	1	917	0.0010905125408942203
CUFF_NC.5101	3	2202994	2203337	-	0	0	0		35	2	173	0.011560693641618497	99	1	452	0.0022123893805309734
CUFF_NC.5099	3	2205227	2205768	-	0	0	0		12	0	44	0.0	98	0	515	0.0
CUFF_NC.5106	3	2217658	2218101	+	0	0	0		16	0	90	0.0	101	0	503	0.0
CUFF_NC.5108	3	2222685	2224811	+	0	0	0		108	1	561	0.0017825311942959	552	6	2743	0.002187386073641998
CUFF_NC.5105	3	2229512	2230139	+	0	0	0		25	1	97	0.010309278350515464	69	1	282	0.0035460992907801418
CUFF_NC.5112	3	2241390	2241888	-	0	0	0		32	0	144	0.0	154	1	693	0.001443001443001443
CUFF_NC.5113	3	2250291	2250639	+	0	0	0		20	0	70	0.0	84	0	335	0.0
CUFF_NC.5104	3	2250941	2251750	-	0	0	0		29	65	114	0.5701754385964912	169	43	670	0.06417910447761194
CUFF_NC.5107	3	2256101	2256599	+	0	0	0		38	1	199	0.005025125628140704	128	1	667	0.0014992503748125937
CUFF_NC.5109	3	2258886	2259587	+	0	0	0		23	126	161	0.782608695652174	159	194	1000	0.194
CUFF_NC.5110	3	2294881	2295679	+	0	0	0		37	0	155	0.0	227	5	732	0.006830601092896175
CUFF_NC.5114	3	2296035	2297789	-	0	0	0		92	3	552	0.005434782608695652	458	10	2552	0.003918495297805642
CUFF_NC.5111	3	2298238	2299411	-	0	0	0		64	1	248	0.004032258064516129	319	7	1175	0.005957446808510639
CUFF_NC.5116	3	2332137	2334315	+	0	0	0		152	0	598	0.0	506	4	1863	0.0021470746108427268
CUFF_NC.5117	3	2335830	2336881	+	0	0	0		81	1	404	0.0024752475247524753	296	5	1454	0.0034387895460797797
CUFF_NC.5119	3	2342426	2343489	+	0	0	0		88	1	400	0.0025	251	0	1275	0.0
CUFF_NC.5115	3	2344944	2346163	-	0	0	0		35	0	155	0.0	322	3	1465	0.0020477815699658703
CUFF_NC.5118	3	2347245	2348734	-	0	0	0		105	0	379	0.0	342	4	1317	0.0030372057706909645
CUFF_NC.5120	3	2355507	2356785	-	0	0	0		101	3	499	0.006012024048096192	357	4	1695	0.002359882005899705
CUFF_NC.5124	3	2373016	2373464	+	0	0	0		41	0	166	0.0	118	4	531	0.007532956685499058
CUFF_NC.5122	3	2386834	2387668	+	0	0	0		46	0	238	0.0	229	6	1053	0.005698005698005698
CUFF_NC.5121	3	2393932	2394690	+	0	0	0		58	0	210	0.0	219	1	722	0.0013850415512465374
CUFF_NC.5125	3	2412170	2412676	+	0	0	0		32	1	165	0.006060606060606061	183	3	694	0.004322766570605188
CUFF_NC.5123	3	2419262	2420534	+	0	0	0		89	1	387	0.002583979328165375	293	6	1480	0.004054054054054054
CUFF_NC.5126	3	2426098	2426638	-	0	0	0		37	0	182	0.0	156	3	537	0.00558659217877095
CUFF_NC.5127	3	2427941	2428279	-	0	0	0		37	0	187	0.0	93	1	485	0.002061855670103093
CUFF_NC.5128	3	2464262	2465119	+	0	0	0		45	1	210	0.004761904761904762	237	4	1178	0.003395585738539898
CUFF_NC.5139	3	2477074	2477714	-	0	0	0		37	0	210	0.0	193	4	1022	0.003913894324853229
CUFF_NC.5132	3	2485734	2487020	-	0	0	0		89	5	433	0.011547344110854504	400	3	1706	0.0017584994138335288
CUFF_NC.5130	3	2487367	2488522	-	0	0	0		69	1	319	0.003134796238244514	337	2	1411	0.001417434443656981
CUFF_NC.5135	3	2493782	2494557	-	0	0	0		78	0	314	0.0	248	0	901	0.0
CUFF_NC.5136	3	2495003	2495643	-	0	0	0		32	1	126	0.007936507936507936	163	0	661	0.0
CUFF_NC.5133	3	2496485	2502858	+	0	0	0		366	5	1768	0.002828054298642534	1726	32	9231	0.0034665800021666123
CUFF_NC.5134	3	2497515	2500786	+	0	0	0		179	3	937	0.0032017075773745998	887	15	4964	0.0030217566478646252
CUFF_NC.5129	3	2504689	2505109	-	0	0	0		14	0	90	0.0	87	2	544	0.003676470588235294
CUFF_NC.5137	3	2511055	2512046	-	0	0	0		44	0	213	0.0	286	4	1231	0.003249390739236393
CUFF_NC.5138	3	2535676	2536375	-	0	0	0		45	0	229	0.0	214	3	908	0.003303964757709251
CUFF_NC.5140	3	2563807	2564896	-	0	0	0		73	0	354	0.0	304	5	1442	0.0034674063800277394
CUFF_NC.5141	3	2579581	2580166	+	0	0	0		37	0	227	0.0	142	5	756	0.006613756613756613
CUFF_NC.5142	3	2596338	2597476	-	0	0	0		73	0	332	0.0	304	3	1297	0.002313030069390902
CUFF_NC.5143	3	2605513	2606475	+	0	0	0		83	0	335	0.0	286	5	1197	0.004177109440267335
CUFF_NC.5144	3	2607746	2608184	+	0	0	0		23	0	94	0.0	88	0	312	0.0
CUFF_NC.5145	3	2612145	2613772	-	0	0	0		114	0	513	0.0	453	5	1706	0.0029308323563892145
CUFF_NC.5149	3	2617662	2618248	-	0	0	0		36	1	169	0.005917159763313609	151	2	598	0.0033444816053511705
CUFF_NC.5150	3	2620953	2623768	-	0	0	0		150	1	622	0.001607717041800643	799	7	3464	0.0020207852193995382
CUFF_NC.5146	3	2633541	2634193	-	0	0	0		22	0	95	0.0	171	1	704	0.0014204545454545455
CUFF_NC.5147	3	2635704	2636247	-	0	0	0		48	0	209	0.0	176	6	847	0.0070838252656434475
CUFF_NC.5153	3	2648549	2652065	+	0	0	0		241	3	1120	0.0026785714285714286	904	3	3501	0.000856898029134533
CUFF_NC.5154	3	2650175	2653586	+	0	0	0		241	2	1125	0.0017777777777777779	864	8	3457	0.0023141452126120912
CUFF_NC.5152	3	2696184	2696818	+	0	0	0		36	0	160	0.0	156	1	741	0.001349527665317139
CUFF_NC.5151	3	2701319	2702686	+	0	0	0		87	1	361	0.002770083102493075	313	2	1263	0.001583531274742676
CUFF_NC.5163	3	2710389	2712139	+	0	0	0		91	2	414	0.004830917874396135	426	15	2025	0.007407407407407408
CUFF_NC.5164	3	2717035	2717303	-	0	0	0		29	0	131	0.0	61	0	274	0.0
CUFF_NC.5155	3	2739527	2739796	-	0	0	0		27	0	133	0.0	81	1	396	0.0025252525252525255
CUFF_NC.5159	3	2741747	2742654	-	0	0	0		58	1	321	0.003115264797507788	260	2	1278	0.001564945226917058
CUFF_NC.5160	3	2748435	2748914	-	0	0	0		18	0	127	0.0	117	3	697	0.00430416068866571
CUFF_NC.5156	3	2751458	2752161	-	0	0	0		45	1	172	0.005813953488372093	213	1	833	0.0012004801920768306
CUFF_NC.5158	3	2768756	2771174	+	0	0	0		210	0	714	0.0	620	8	2039	0.00392349190779794
CUFF_NC.5157	3	2773774	2774507	+	0	0	0		20	0	138	0.0	128	4	636	0.006289308176100629
CUFF_NC.5165	3	2783845	2784489	+	0	0	0		44	0	248	0.0	184	2	872	0.0022935779816513763
CUFF_NC.5162	3	2803495	2803830	-	0	0	0		18	0	85	0.0	82	1	386	0.0025906735751295338
CUFF_NC.5166	3	2848418	2849375	+	0	0	0		37	1	207	0.004830917874396135	290	5	1415	0.0035335689045936395
CUFF_NC.5171	3	2858776	2859242	-	0	0	0		41	0	245	0.0	131	1	782	0.0012787723785166241
CUFF_NC.5169	3	2877854	2878480	-	0	0	0		29	0	160	0.0	171	2	811	0.002466091245376079
CUFF_NC.5167	3	2891151	2891855	+	0	0	0		18	0	81	0.0	159	1	641	0.0015600624024961
CUFF_NC.5168	3	2892412	2893824	+	0	0	0		89	0	268	0.0	264	2	836	0.0023923444976076554
CUFF_NC.5174	3	2894995	2895802	+	0	0	0		42	0	196	0.0	155	1	689	0.001451378809869376
CUFF_NC.5175	3	2900573	2901027	+	0	0	0		31	1	147	0.006802721088435374	132	2	641	0.0031201248049922
CUFF_NC.5170	3	2903362	2904814	+	0	0	0		90	2	307	0.006514657980456026	444	5	1590	0.0031446540880503146
CUFF_NC.5172	3	2907441	2908526	-	0	0	0		79	0	368	0.0	309	8	1336	0.005988023952095809
CUFF_NC.5173	3	2908804	2909410	-	0	0	0		62	1	232	0.004310344827586207	170	0	647	0.0
CUFF_NC.5179	3	2966467	2967598	-	0	0	0		93	0	395	0.0	321	2	1131	0.0017683465959328027
CUFF_NC.5180	3	2968078	2968487	-	0	0	0		37	2	183	0.01092896174863388	121	3	585	0.005128205128205128
CUFF_NC.5176	3	2970760	2971665	+	0	0	0		12	2	37	0.05405405405405406	79	0	187	0.0
CUFF_NC.5177	3	3001780	3003245	+	0	0	0		118	3	573	0.005235602094240838	340	9	1639	0.005491153142159854
CUFF_NC.5178	3	3004103	3006299	+	0	0	0		152	3	701	0.0042796005706134095	621	11	3002	0.0036642238507661557
CUFF_NC.5196	3	3044309	3045028	+	0	0	0		36	0	227	0.0	177	2	1021	0.0019588638589618022
CUFF_NC.5181	3	3055510	3056094	-	0	0	0		22	0	134	0.0	181	3	689	0.0043541364296081275
CUFF_NC.5184	3	3061998	3064314	-	0	0	0		127	0	646	0.0	627	11	3111	0.0035358405657344907
CUFF_NC.5183	3	3069155	3069893	-	0	0	0		42	0	234	0.0	194	3	801	0.003745318352059925
CUFF_NC.5189	3	3081316	3087748	+	0	0	0		388	4	2107	0.0018984337921214998	1742	19	9504	0.001999158249158249
CUFF_NC.5190	3	3091066	3091966	+	0	0	0		49	0	229	0.0	234	2	1074	0.00186219739292365
CUFF_NC.5191	3	3094081	3094925	+	0	0	0		51	0	169	0.0	182	2	603	0.003316749585406302
CUFF_NC.5185	3	3096493	3098419	+	0	0	0		115	0	591	0.0	507	5	2132	0.0023452157598499064
CUFF_NC.5187	3	3120763	3122499	+	0	0	0		57	7	177	0.03954802259887006	323	15	904	0.016592920353982302
CUFF_NC.5188	3	3120779	3122452	-	0	0	0		57	7	177	0.03954802259887006	310	13	887	0.014656144306651634
CUFF_NC.5193	3	3122553	3123338	+	0	0	0		34	0	91	0.0	73	0	262	0.0
CUFF_NC.5195	3	3126021	3126603	-	0	0	0		25	0	131	0.0	172	3	909	0.0033003300330033004
CUFF_NC.5192	3	3133824	3134598	-	0	0	0		22	0	145	0.0	197	2	1043	0.0019175455417066154
CUFF_NC.5198	3	3135706	3136130	-	0	0	0		27	0	161	0.0	127	3	691	0.004341534008683068
CUFF_NC.5197	3	3138860	3139322	+	0	0	0		27	0	95	0.0	111	1	470	0.002127659574468085
CUFF_NC.5199	3	3139501	3140044	+	0	0	0		51	2	237	0.008438818565400843	150	1	709	0.0014104372355430183
CUFF_NC.5202	3	3146802	3147224	+	0	0	0		29	0	167	0.0	116	3	643	0.004665629860031105
CUFF_NC.5213	3	3235360	3236066	+	0	0	0		59	0	315	0.0	199	0	1015	0.0
CUFF_NC.5205	3	3245796	3246274	-	0	0	0		38	0	209	0.0	118	3	636	0.0047169811320754715
CUFF_NC.5201	3	3250660	3252356	-	0	0	0		73	1	400	0.0025	479	9	2635	0.003415559772296015
CUFF_NC.5200	3	3254975	3255958	-	0	0	0		48	0	218	0.0	209	2	947	0.0021119324181626186
CUFF_NC.5215	3	3264222	3268226	-	0	0	0		288	3	1239	0.002421307506053269	1064	17	4986	0.00340954673084637
CUFF_NC.5216	3	3265226	3269062	-	0	0	0		262	4	1193	0.003352891869237217	1024	14	4862	0.002879473467708762
CUFF_NC.5217	3	3265925	3270865	-	0	0	0		343	6	1565	0.0038338658146964857	1324	16	6079	0.0026320118440532982
CUFF_NC.5218	3	3274249	3275729	+	0	0	0		71	0	295	0.0	399	5	1636	0.003056234718826406
CUFF_NC.5204	3	3277386	3277806	+	0	0	0		23	0	147	0.0	123	1	733	0.001364256480218281
CUFF_NC.5203	3	3278060	3279223	-	0	0	0		62	3	386	0.007772020725388601	275	7	1714	0.004084014002333722
CUFF_NC.5206	3	3287643	3288760	-	0	0	0		86	2	376	0.005319148936170213	310	2	1181	0.001693480101608806
CUFF_NC.5210	3	3299750	3303772	-	0	0	0		282	6	1334	0.004497751124437781	937	13	4251	0.0030581039755351682
CUFF_NC.5207	3	3310873	3311462	+	0	0	0		43	0	196	0.0	134	2	506	0.003952569169960474
CUFF_NC.5208	3	3313926	3314846	-	0	0	0		82	0	315	0.0	186	3	706	0.00424929178470255
CUFF_NC.5209	3	3316450	3317295	-	0	0	0		41	0	237	0.0	216	6	1059	0.0056657223796034
CUFF_NC.5212	3	3338829	3339332	-	0	0	0		27	0	83	0.0	133	1	364	0.0027472527472527475
CUFF_NC.5211	3	3356527	3357801	+	0	0	0		79	1	322	0.003105590062111801	326	4	1316	0.00303951367781155
CUFF_NC.5219	3	3358622	3359822	+	0	0	0		90	0	405	0.0	353	8	1536	0.005208333333333333
CUFF_NC.5214	3	3367728	3368402	-	0	0	0		33	0	169	0.0	200	5	856	0.005841121495327103
CUFF_NC.5220	3	3369321	3369689	-	0	0	0		14	0	89	0.0	87	0	482	0.0
CUFF_NC.5221	3	3369840	3371257	-	0	0	0		126	2	586	0.0034129692832764505	358	6	1880	0.0031914893617021275
CUFF_NC.5223	3	3379526	3379974	-	0	0	0		39	0	190	0.0	117	0	444	0.0
CUFF_NC.5224	3	3380267	3380895	-	0	0	0		33	0	128	0.0	181	1	699	0.001430615164520744
CUFF_NC.5225	3	3382642	3383083	+	0	0	0		32	1	203	0.0049261083743842365	124	1	829	0.0012062726176115801
CUFF_NC.5226	3	3383954	3384788	+	0	0	0		34	0	153	0.0	173	2	767	0.002607561929595828
CUFF_NC.5222	3	3409260	3409798	-	0	0	0		7	0	48	0.0	121	0	601	0.0
CUFF_NC.5227	3	3412891	3414059	+	0	0	0		47	1	248	0.004032258064516129	322	5	1542	0.00324254215304799
CUFF_NC.5231	3	3416855	3417746	+	0	0	0		51	2	295	0.006779661016949152	199	1	1112	0.0008992805755395684
CUFF_NC.5228	3	3424815	3427088	+	0	0	0		168	2	737	0.0027137042062415195	519	8	2186	0.0036596523330283625
CUFF_NC.5230	3	3442305	3443317	-	0	0	0		89	0	328	0.0	230	3	940	0.0031914893617021275
CUFF_NC.5229	3	3445319	3446567	+	0	0	0		37	0	185	0.0	294	4	1494	0.002677376171352075
CUFF_NC.5237	3	3452372	3453924	+	0	0	0		51	1	188	0.005319148936170213	304	1	924	0.0010822510822510823
CUFF_NC.5232	3	3458239	3459386	+	0	0	0		68	0	259	0.0	252	4	1059	0.003777148253068933
CUFF_NC.5235	3	3465068	3465493	-	0	0	0		19	0	86	0.0	103	0	471	0.0
CUFF_NC.5236	3	3470373	3471854	-	0	0	0		79	0	449	0.0	413	6	2131	0.0028155795401220087
CUFF_NC.5238	3	3474853	3476057	-	0	0	0		63	2	295	0.006779661016949152	392	9	1990	0.004522613065326633
CUFF_NC.5233	3	3478413	3479263	-	0	0	0		14	21	88	0.23863636363636365	74	31	450	0.06888888888888889
CUFF_NC.5234	3	3479644	3480661	-	0	0	0		59	1	252	0.003968253968253968	257	2	987	0.002026342451874367
CUFF_NC.5239	3	3496181	3497185	+	0	0	0		53	2	225	0.008888888888888889	246	0	1024	0.0
CUFF_NC.5243	3	3497887	3498147	+	0	0	0		16	54	89	0.6067415730337079	42	14	155	0.09032258064516129
CUFF_NC.5244	3	3498504	3499271	+	0	0	0		40	2	226	0.008849557522123894	181	5	1020	0.004901960784313725
CUFF_NC.5240	3	3503726	3504674	-	0	0	0		34	1	140	0.007142857142857143	205	1	785	0.0012738853503184713
CUFF_NC.5250	3	3508466	3510061	+	0	0	0		95	1	470	0.002127659574468085	451	7	2286	0.0030621172353455816
CUFF_NC.5241	3	3527242	3527950	-	0	0	0		38	1	174	0.005747126436781609	170	0	807	0.0
CUFF_NC.5245	3	3536497	3539965	+	0	0	0		139	1	640	0.0015625	653	15	3097	0.004843396835647401
CUFF_NC.5242	3	3548185	3548786	+	0	0	0		38	0	159	0.0	147	2	624	0.003205128205128205
CUFF_NC.5247	3	3566763	3567385	-	0	0	0		36	0	125	0.0	172	0	490	0.0
CUFF_NC.5249	3	3578444	3580514	-	0	0	0		134	1	613	0.0016313213703099511	597	3	2518	0.0011914217633042098
CUFF_NC.5248	3	3582946	3583398	+	0	0	0		10	0	47	0.0	109	0	624	0.0
CUFF_NC.5251	3	3588320	3588824	-	0	0	0		18	0	87	0.0	115	1	529	0.001890359168241966
CUFF_NC.5252	3	3588588	3589685	+	0	0	0		39	1	180	0.005555555555555556	242	1	1208	0.0008278145695364238
CUFF_NC.5253	3	3591354	3592816	-	0	0	0		108	0	427	0.0	318	7	1312	0.005335365853658537
CUFF_NC.5256	3	3605438	3607400	+	0	0	0		156	4	798	0.005012531328320802	563	10	2659	0.00376081233546446
CUFF_NC.5255	3	3627082	3627689	+	0	0	0		20	0	58	0.0	175	1	624	0.0016025641025641025
CUFF_NC.5254	3	3627913	3628364	+	0	0	0		22	0	100	0.0	103	2	659	0.0030349013657056147
CUFF_NC.5260	3	3636881	3639233	-	0	0	0		155	4	643	0.006220839813374806	696	6	3062	0.001959503592423253
CUFF_NC.5259	3	3650552	3651690	+	0	0	0		44	0	176	0.0	287	6	1110	0.005405405405405406
CUFF_NC.5257	3	3655581	3658166	+	0	0	0		81	0	419	0.0	575	7	3085	0.00226904376012966
CUFF_NC.5261	3	3673748	3675181	-	0	0	0		110	1	445	0.0022471910112359553	363	5	1395	0.0035842293906810036
CUFF_NC.5262	3	3678819	3679900	+	0	0	0		41	0	173	0.0	260	1	865	0.0011560693641618498
CUFF_NC.5265	3	3682518	3682817	+	0	0	0		32	0	139	0.0	82	0	380	0.0
CUFF_NC.5263	3	3695053	3696482	-	0	0	0		92	3	402	0.007462686567164179	340	4	1250	0.0032
CUFF_NC.5264	3	3698603	3700340	-	0	0	0		148	3	594	0.005050505050505051	411	4	1530	0.00261437908496732
CUFF_NC.5267	3	3713587	3714080	+	0	0	0		21	0	129	0.0	133	1	670	0.0014925373134328358
CUFF_NC.5268	3	3714235	3714928	+	0	0	0		35	0	191	0.0	180	3	986	0.0030425963488843813
CUFF_NC.5270	3	3723243	3723868	+	0	0	0		18	0	88	0.0	206	3	971	0.003089598352214212
CUFF_NC.5269	3	3739810	3740477	+	0	0	0		52	3	216	0.013888888888888888	217	3	871	0.003444316877152698
CUFF_NC.5266	3	3744815	3745559	-	0	0	0		23	0	124	0.0	220	3	874	0.003432494279176201
CUFF_NC.5276	3	3755826	3757824	-	0	0	0		158	4	790	0.005063291139240506	595	7	2619	0.002672775868652157
CUFF_NC.5271	3	3776340	3776752	-	0	0	0		36	0	119	0.0	107	0	376	0.0
CUFF_NC.5273	3	3783180	3783922	+	0	0	0		51	1	243	0.00411522633744856	196	4	770	0.005194805194805195
CUFF_NC.5283	3	3792976	3793518	-	0	0	0		39	0	206	0.0	161	5	895	0.00558659217877095
CUFF_NC.5272	3	3814112	3814852	-	0	0	0		30	0	104	0.0	215	3	1029	0.0029154518950437317
CUFF_NC.5275	3	3839192	3840198	-	0	0	0		67	2	337	0.005934718100890208	236	2	962	0.002079002079002079
CUFF_NC.5282	3	3852411	3853100	+	0	0	0		34	0	141	0.0	161	2	790	0.002531645569620253
CUFF_NC.5277	3	3857705	3858176	-	0	0	0		25	0	148	0.0	132	4	821	0.0048721071863581
CUFF_NC.5278	3	3867039	3867587	-	0	0	0		19	1	111	0.009009009009009009	163	2	770	0.0025974025974025974
CUFF_NC.5286	3	3867801	3869334	+	0	0	0		87	1	477	0.0020964360587002098	405	6	2043	0.002936857562408223
CUFF_NC.5287	3	3870884	3871936	+	0	0	0		61	0	353	0.0	252	3	1522	0.0019710906701708277
CUFF_NC.5279	3	3872415	3875166	+	0	0	0		139	10	754	0.013262599469496022	608	44	3026	0.014540647719762063
CUFF_NC.5280	3	3873007	3876298	+	0	0	0		155	11	762	0.014435695538057743	710	44	3511	0.012532042153232698
CUFF_NC.5281	3	3876639	3878933	+	0	0	0		132	0	560	0.0	704	4	2918	0.0013708019191226869
CUFF_NC.5284	3	3887221	3888099	+	0	0	0		81	0	431	0.0	251	4	1241	0.0032232070910556
CUFF_NC.5285	3	3890407	3891514	+	0	0	0		30	0	184	0.0	300	5	1602	0.003121098626716604
CUFF_NC.5288	3	3930296	3930975	+	0	0	0		55	0	271	0.0	186	0	861	0.0
CUFF_NC.5290	3	3931423	3932438	-	0	0	0		73	2	284	0.007042253521126761	291	2	1161	0.0017226528854435831
CUFF_NC.5293	3	3938156	3940829	+	0	0	0		202	6	883	0.006795016987542469	714	6	3132	0.0019157088122605363
CUFF_NC.5294	3	3945335	3946032	+	0	0	0		41	0	118	0.0	156	2	436	0.0045871559633027525
CUFF_NC.5295	3	3946129	3948477	+	0	0	0		142	1	561	0.0017825311942959	558	9	2294	0.003923278116826504
CUFF_NC.5289	3	3949651	3950486	+	0	0	0		65	0	282	0.0	195	2	764	0.002617801047120419
CUFF_NC.5291	3	3954565	3955601	+	0	0	0		79	2	367	0.005449591280653951	251	3	1083	0.002770083102493075
CUFF_NC.5292	3	3963123	3964222	+	0	0	0		56	1	206	0.0048543689320388345	244	0	823	0.0
CUFF_NC.5307	3	3967124	3967621	-	0	0	0		33	0	73	0.0	117	0	216	0.0
CUFF_NC.5297	3	3991588	3992274	+	0	0	0		54	1	225	0.0044444444444444444	192	5	706	0.007082152974504249
CUFF_NC.5298	3	4004780	4006146	-	0	0	0		79	0	361	0.0	341	4	1505	0.0026578073089701
CUFF_NC.5299	3	4006565	4007970	+	0	0	0		115	1	489	0.002044989775051125	324	1	1283	0.000779423226812159
CUFF_NC.5296	3	4011936	4013686	-	0	0	0		81	0	320	0.0	404	7	1827	0.0038314176245210726
CUFF_NC.5302	3	4018250	4018664	+	0	0	0		29	1	131	0.007633587786259542	109	4	403	0.009925558312655087
CUFF_NC.5305	3	4029723	4030533	+	0	0	0		54	3	277	0.010830324909747292	214	4	959	0.004171011470281543
CUFF_NC.5306	3	4033017	4033705	+	0	0	0		35	2	147	0.013605442176870748	160	1	678	0.0014749262536873156
CUFF_NC.5301	3	4036935	4039120	-	0	0	0		125	1	464	0.0021551724137931034	590	4	2201	0.001817355747387551
CUFF_NC.5300	3	4040463	4041101	+	0	0	0		25	0	111	0.0	172	1	619	0.0016155088852988692
CUFF_NC.5303	3	4095356	4096130	-	0	0	0		47	1	229	0.004366812227074236	221	1	1114	0.0008976660682226212
CUFF_NC.5310	3	4112401	4116025	-	0	0	0		309	6	1376	0.00436046511627907	1055	10	4519	0.002212878955521133
CUFF_NC.5304	3	4122014	4123209	+	0	0	0		54	1	258	0.003875968992248062	285	4	1368	0.0029239766081871343
CUFF_NC.5308	3	4136910	4137674	-	0	0	0		34	0	118	0.0	167	4	541	0.0073937153419593345
CUFF_NC.5309	3	4143604	4144208	-	0	0	0		28	1	125	0.008	154	2	662	0.0030211480362537764
CUFF_NC.5335	3	4148641	4149631	-	0	0	0		93	7	525	0.013333333333333334	266	4	1446	0.0027662517289073307
CUFF_NC.5313	3	4168463	4171452	+	0	0	0		218	3	1118	0.0026833631484794273	847	14	4197	0.0033357159876101976
CUFF_NC.5314	3	4174635	4175532	+	0	0	0		45	1	188	0.005319148936170213	226	6	878	0.00683371298405467
CUFF_NC.5312	3	4182327	4183951	-	0	0	0		125	0	539	0.0	464	2	1895	0.0010554089709762533
CUFF_NC.5311	3	4196675	4197022	+	0	0	0		14	1	72	0.013888888888888888	107	2	591	0.00338409475465313
CUFF_NC.5315	3	4206026	4212851	+	0	0	0		527	6	2573	0.002331908278274388	1950	28	9141	0.0030631221966962037
CUFF_NC.5317	3	4229913	4231306	+	0	0	0		95	2	496	0.004032258064516129	389	7	1943	0.003602676273803397
CUFF_NC.5318	3	4235228	4235754	+	0	0	0		36	0	174	0.0	140	2	628	0.0031847133757961785
CUFF_NC.5316	3	4242311	4242605	-	0	0	0		25	0	124	0.0	68	0	341	0.0
CUFF_NC.5319	3	4256079	4256803	-	0	0	0		39	0	134	0.0	249	2	832	0.002403846153846154
CUFF_NC.5323	3	4262659	4263203	+	0	0	0		23	5	82	0.06097560975609756	116	35	431	0.08120649651972157
CUFF_NC.5320	3	4265092	4265564	+	0	0	0		44	1	186	0.005376344086021506	121	3	500	0.006
CUFF_NC.5321	3	4268658	4269064	+	0	0	0		28	1	124	0.008064516129032258	120	0	447	0.0
CUFF_NC.5322	3	4310576	4311599	+	0	0	0		70	1	274	0.0036496350364963502	231	1	865	0.0011560693641618498
CUFF_NC.5327	3	4333950	4335301	-	0	0	0		109	1	548	0.0018248175182481751	381	5	1872	0.002670940170940171
CUFF_NC.5326	3	4337574	4337912	+	0	0	0		23	0	90	0.0	89	0	350	0.0
CUFF_NC.5325	3	4339114	4339792	+	0	0	0		53	1	226	0.004424778761061947	208	5	809	0.006180469715698393
CUFF_NC.5324	3	4341346	4342238	-	0	0	0		38	138	195	0.7076923076923077	236	56	1165	0.048068669527897
CUFF_NC.5328	3	4358357	4358865	+	0	0	0		35	1	197	0.005076142131979695	124	1	721	0.0013869625520110957
CUFF_NC.5329	3	4362459	4363215	+	0	0	0		68	3	424	0.007075471698113208	202	3	1225	0.0024489795918367346
CUFF_NC.5330	3	4371325	4371973	-	0	0	0		21	0	127	0.0	138	1	865	0.0011560693641618498
CUFF_NC.5337	3	4381638	4381959	-	0	0	0		21	1	105	0.009523809523809525	94	1	468	0.002136752136752137
CUFF_NC.5332	3	4384717	4386655	+	0	0	0		158	2	786	0.002544529262086514	524	7	2269	0.003085059497576025
CUFF_NC.5333	3	4387476	4388293	+	0	0	0		51	1	188	0.005319148936170213	210	3	851	0.0035252643948296123
CUFF_NC.5334	3	4408956	4409364	-	0	0	0		21	0	111	0.0	128	1	723	0.0013831258644536654
CUFF_NC.5336	3	4424263	4424843	+	0	0	0		44	0	161	0.0	157	2	710	0.0028169014084507044
CUFF_NC.5338	3	4441012	4441440	+	0	0	0		21	0	104	0.0	77	1	357	0.0028011204481792717
CUFF_NC.5339	3	4448633	4449109	+	0	0	0		14	1	90	0.011111111111111112	127	2	701	0.0028530670470756064
CUFF_NC.5342	3	4451671	4451962	+	0	0	0		25	0	74	0.0	90	0	338	0.0
CUFF_NC.5343	3	4464668	4465807	-	0	0	0		45	1	190	0.005263157894736842	316	5	1515	0.0033003300330033004
CUFF_NC.5341	3	4467004	4467575	-	0	0	0		24	16	79	0.20253164556962025	185	19	641	0.029641185647425898
CUFF_NC.5345	3	4488014	4488543	-	0	0	0		36	0	161	0.0	178	1	715	0.0013986013986013986
CUFF_NC.5348	3	4492747	4496076	+	0	0	0		149	21	679	0.030927835051546393	673	56	3064	0.018276762402088774
CUFF_NC.5344	3	4505027	4506067	-	0	0	0		68	2	336	0.005952380952380952	265	6	1242	0.004830917874396135
CUFF_NC.5346	3	4522130	4523073	+	0	0	0		64	4	231	0.017316017316017316	284	3	1095	0.0027397260273972603
CUFF_NC.5347	3	4530964	4532223	-	0	0	0		56	3	359	0.008356545961002786	301	9	1766	0.005096262740656852
CUFF_NC.5352	3	4546129	4547404	-	0	0	0		59	1	277	0.0036101083032490976	376	3	1583	0.0018951358180669614
CUFF_NC.5349	3	4558906	4559492	+	0	0	0		26	0	137	0.0	165	3	832	0.003605769230769231
CUFF_NC.5350	3	4571139	4571916	+	0	0	0		25	1	136	0.007352941176470588	191	3	1101	0.0027247956403269754
CUFF_NC.5351	3	4600692	4601103	+	0	0	0		45	1	232	0.004310344827586207	105	0	533	0.0
CUFF_NC.5358	3	4608329	4608705	-	0	0	0		25	0	135	0.0	113	2	566	0.0035335689045936395
CUFF_NC.5357	3	4611844	4613802	+	0	0	0		104	0	436	0.0	499	2	1761	0.001135718341851221
CUFF_NC.5354	3	4632609	4633946	+	0	0	0		89	1	378	0.0026455026455026454	343	4	1347	0.002969561989606533
CUFF_NC.5356	3	4650546	4651901	+	0	0	0		97	3	517	0.005802707930367505	371	3	1872	0.0016025641025641025
CUFF_NC.5355	3	4655525	4656039	-	0	0	0		28	0	130	0.0	131	2	761	0.002628120893561104
CUFF_NC.5359	3	4658165	4660983	+	0	0	0		244	2	829	0.0024125452352231603	688	6	2282	0.0026292725679228747
CUFF_NC.5360	3	4661815	4662723	+	0	0	0		71	1	316	0.0031645569620253164	286	0	1298	0.0
CUFF_NC.5373	3	4707047	4710155	+	0	0	0		238	1	759	0.0013175230566534915	729	10	2487	0.004020908725371934
CUFF_NC.5365	3	4711468	4712426	-	0	0	0		80	0	382	0.0	265	2	1003	0.0019940179461615153
CUFF_NC.5366	3	4716239	4716827	+	0	0	0		48	0	301	0.0	164	8	1015	0.007881773399014778
CUFF_NC.5367	3	4720442	4721164	+	0	0	0		43	0	137	0.0	114	1	346	0.002890173410404624
CUFF_NC.5361	3	4723965	4725605	-	0	0	0		13	0	95	0.0	98	0	428	0.0
CUFF_NC.5362	3	4724697	4726017	+	0	0	0		1	0	1	0.0	67	0	226	0.0
CUFF_NC.5369	3	4730862	4731706	-	0	0	0		45	0	225	0.0	212	4	983	0.004069175991861648
CUFF_NC.5363	3	4732836	4734132	-	0	0	0		85	1	442	0.0022624434389140274	346	3	1702	0.0017626321974148062
CUFF_NC.5364	3	4737655	4738319	+	0	0	0		73	1	356	0.0028089887640449437	197	2	904	0.0022123893805309734
CUFF_NC.5368	3	4751605	4752093	-	0	0	0		12	1	89	0.011235955056179775	109	4	751	0.005326231691078562
CUFF_NC.5377	3	4756380	4757739	-	0	0	0		102	1	480	0.0020833333333333333	392	3	1807	0.0016602102933038186
CUFF_NC.5378	3	4758319	4761168	-	0	0	0		197	4	899	0.004449388209121246	771	9	3310	0.002719033232628399
CUFF_NC.5376	3	4761625	4762035	+	0	0	0		24	1	113	0.008849557522123894	109	2	502	0.00398406374501992
CUFF_NC.5370	3	4772145	4773079	+	0	0	0		87	1	345	0.002898550724637681	224	1	1111	0.0009000900090009
CUFF_NC.5371	3	4773371	4775351	+	0	0	0		116	1	380	0.002631578947368421	466	3	1810	0.0016574585635359116
CUFF_NC.5372	3	4791493	4792231	-	0	0	0		44	0	168	0.0	190	2	760	0.002631578947368421
CUFF_NC.5374	3	4802989	4803829	+	0	0	0		45	1	177	0.005649717514124294	206	2	873	0.002290950744558992
CUFF_NC.5379	3	4812458	4813200	+	0	0	0		56	3	318	0.009433962264150943	251	4	1327	0.003014318010550113
CUFF_NC.5380	3	4818491	4821481	-	0	0	0		214	2	1048	0.0019083969465648854	845	8	3965	0.00201765447667087
CUFF_NC.5375	3	4831330	4834078	+	0	0	0		220	1	814	0.0012285012285012285	636	10	2261	0.004422821760283061
CUFF_NC.5383	3	4872979	4877515	+	0	0	0		204	2	832	0.002403846153846154	1166	20	4953	0.004037956793862305
CUFF_NC.5384	3	4875771	4881998	+	0	0	0		296	3	1311	0.002288329519450801	1651	21	7477	0.0028086130801123444
CUFF_NC.5385	3	4877628	4883616	+	0	0	0		279	3	1311	0.002288329519450801	1553	19	7250	0.002620689655172414
CUFF_NC.5382	3	4886972	4888347	+	0	0	0		41	0	192	0.0	276	2	1123	0.0017809439002671415
CUFF_NC.5381	3	4889347	4889930	-	0	0	0		13	0	75	0.0	172	4	832	0.004807692307692308
CUFF_NC.5396	3	4911727	4913182	-	0	0	0		80	0	292	0.0	338	2	1061	0.001885014137606032
CUFF_NC.5397	3	4913573	4932537	-	0	0	0		868	21	3998	0.005252626313156579	4144	92	20071	0.004583727766429176
CUFF_NC.5387	3	4936120	4939999	-	0	0	0		275	4	1405	0.0028469750889679717	1088	17	5556	0.0030597552195824333
CUFF_NC.5386	3	4942416	4942754	-	0	0	0		18	0	59	0.0	95	1	495	0.00202020202020202
CUFF_NC.5389	3	4950860	4951472	+	0	0	0		39	2	189	0.010582010582010581	152	0	599	0.0
CUFF_NC.5390	3	4952244	4952860	+	0	0	0		26	0	112	0.0	190	4	792	0.005050505050505051
CUFF_NC.5393	3	4988054	4988500	-	0	0	0		12	0	73	0.0	117	1	572	0.0017482517482517483
CUFF_NC.5391	3	4995367	4995998	-	0	0	0		30	0	160	0.0	161	6	827	0.007255139056831923
CUFF_NC.5392	3	4998418	4999229	+	0	0	0		61	0	316	0.0	253	5	1460	0.003424657534246575
CUFF_NC.5394	3	5004309	5005690	-	0	0	0		113	3	542	0.005535055350553505	392	11	1846	0.005958829902491874
CUFF_NC.5398	3	5009191	5010460	-	0	0	0		98	1	523	0.0019120458891013384	355	3	1884	0.0015923566878980893
CUFF_NC.5395	3	5019287	5019920	-	0	0	0		27	0	108	0.0	177	2	707	0.002828854314002829
CUFF_NC.5399	3	5051484	5052363	-	0	0	0		58	1	180	0.005555555555555556	316	2	1072	0.0018656716417910447
CUFF_NC.5401	3	5058951	5062216	-	0	0	0		60	0	290	0.0	786	9	4091	0.002199951112197507
CUFF_NC.5402	3	5062344	5063738	-	0	0	0		139	1	424	0.0023584905660377358	344	3	1058	0.002835538752362949
CUFF_NC.5400	3	5065216	5066713	+	0	0	0		113	1	430	0.002325581395348837	387	7	1650	0.004242424242424243
CUFF_NC.5403	3	5071274	5072591	+	0	0	0		109	1	470	0.002127659574468085	392	3	1638	0.0018315018315018315
CUFF_NC.5405	3	5086306	5086960	+	0	0	0		41	0	185	0.0	179	1	736	0.001358695652173913
CUFF_NC.5406	3	5087069	5087538	+	0	0	0		22	0	105	0.0	113	0	503	0.0
CUFF_NC.5407	3	5093989	5095330	+	0	0	0		108	3	487	0.006160164271047228	357	5	1111	0.004500450045004501
CUFF_NC.5408	3	5104430	5104741	-	0	0	0		23	0	105	0.0	79	0	313	0.0
CUFF_NC.5404	3	5119515	5119946	-	0	0	0		23	0	75	0.0	101	2	412	0.0048543689320388345
CUFF_NC.5409	3	5121167	5122309	-	0	0	0		92	0	332	0.0	309	2	1184	0.0016891891891891893
CUFF_NC.5417	3	5126883	5127873	+	0	0	0		62	2	315	0.006349206349206349	274	2	1271	0.0015735641227380016
CUFF_NC.5410	3	5136520	5137091	+	0	0	0		50	0	195	0.0	148	3	487	0.006160164271047228
CUFF_NC.5414	3	5139839	5140295	-	0	0	0		29	0	137	0.0	130	1	607	0.0016474464579901153
CUFF_NC.5411	3	5147607	5148543	+	0	0	0		61	0	282	0.0	246	4	1149	0.0034812880765883376
CUFF_NC.5415	3	5171028	5171952	+	0	0	0		65	3	326	0.009202453987730062	261	3	1294	0.00231839258114374
CUFF_NC.5413	3	5174695	5175644	+	0	0	0		55	0	223	0.0	268	7	1084	0.006457564575645757
CUFF_NC.5418	3	5250481	5250949	+	0	0	0		60	0	282	0.0	117	0	568	0.0
CUFF_NC.5419	3	5258469	5259041	-	0	0	0		31	1	181	0.0055248618784530384	144	3	724	0.004143646408839779
CUFF_NC.5416	3	5270806	5271844	+	0	0	0		75	0	399	0.0	290	3	1405	0.002135231316725979
CUFF_NC.5420	3	5286256	5286744	+	0	0	0		17	71	155	0.45806451612903226	108	99	944	0.1048728813559322
CUFF_NC.5430	3	5291344	5291827	+	0	0	0		36	3	129	0.023255813953488372	140	2	487	0.004106776180698152
CUFF_NC.5424	3	5335738	5336534	-	0	0	0		49	0	209	0.0	200	1	763	0.001310615989515072
CUFF_NC.5421	3	5337350	5338373	-	0	0	0		51	0	152	0.0	244	2	937	0.0021344717182497333
CUFF_NC.5431	3	5343755	5344514	-	0	0	0		82	1	306	0.0032679738562091504	209	2	685	0.00291970802919708
CUFF_NC.5422	3	5347995	5348870	+	0	0	0		45	0	155	0.0	199	2	860	0.002325581395348837
CUFF_NC.5427	3	5350835	5351902	-	0	0	0		57	0	262	0.0	227	2	1080	0.001851851851851852
CUFF_NC.5423	3	5354636	5355043	-	0	0	0		10	0	46	0.0	80	1	267	0.003745318352059925
CUFF_NC.5425	3	5359694	5360243	-	0	0	0		31	0	129	0.0	166	1	728	0.0013736263736263737
CUFF_NC.5426	3	5361305	5361720	+	0	0	0		23	0	86	0.0	113	1	419	0.002386634844868735
CUFF_NC.5433	3	5362907	5363410	-	0	0	0		24	0	138	0.0	164	3	837	0.0035842293906810036
CUFF_NC.5428	3	5380309	5380726	-	0	0	0		23	0	73	0.0	126	2	397	0.005037783375314861
CUFF_NC.5429	3	5380421	5380881	+	0	0	0		23	0	77	0.0	124	2	463	0.004319654427645789
CUFF_NC.5432	3	5421617	5422317	-	0	0	0		16	1	78	0.01282051282051282	158	3	823	0.0036452004860267314
CUFF_NC.5434	3	5444850	5446096	+	0	0	0		81	2	413	0.004842615012106538	307	3	1393	0.0021536252692031586
CUFF_NC.5435	3	5457883	5458820	-	0	0	0		88	0	432	0.0	242	5	1137	0.0043975373790677225
CUFF_NC.5436	3	5479902	5481045	-	0	0	0		42	0	198	0.0	256	3	1183	0.00253592561284869
CUFF_NC.5442	3	5512527	5513893	-	0	0	0		88	2	383	0.005221932114882507	358	6	1649	0.0036385688295936932
CUFF_NC.5437	3	5518154	5519050	-	0	0	0		78	0	345	0.0	247	3	1117	0.0026857654431512983
CUFF_NC.5439	3	5523667	5524740	+	0	0	0		64	2	343	0.0058309037900874635	302	2	1193	0.0016764459346186086
CUFF_NC.5438	3	5535334	5535931	-	0	0	0		49	1	157	0.006369426751592357	185	1	541	0.0018484288354898336
CUFF_NC.5444	3	5539648	5540394	-	0	0	0		22	0	118	0.0	180	1	1012	0.0009881422924901185
CUFF_NC.5440	3	5546706	5547146	-	0	0	0		11	0	50	0.0	102	2	446	0.004484304932735426
CUFF_NC.5441	3	5550723	5551211	+	0	0	0		9	0	56	0.0	95	2	434	0.004608294930875576
CUFF_NC.5448	3	5562585	5566756	-	0	0	0		139	1	667	0.0014992503748125937	1067	15	5033	0.0029803298231670973
CUFF_NC.5449	3	5562889	5567149	-	0	0	0		141	1	659	0.0015174506828528073	1067	16	5079	0.003150226422524119
CUFF_NC.5450	3	5563303	5568545	-	0	0	0		179	1	814	0.0012285012285012285	1244	16	5749	0.002783092711775961
CUFF_NC.5443	3	5570504	5571191	+	0	0	0		20	0	134	0.0	165	4	1004	0.00398406374501992
CUFF_NC.5445	3	5573621	5574419	-	0	0	0		9	0	38	0.0	46	1	189	0.005291005291005291
CUFF_NC.5446	3	5574835	5581983	-	0	0	0		239	6	1135	0.0052863436123348016	1543	16	7510	0.0021304926764314247
CUFF_NC.5447	3	5580421	5582988	-	0	0	0		108	4	547	0.007312614259597806	679	5	3424	0.0014602803738317756
CUFF_NC.5455	3	5620051	5620669	+	0	0	0		43	0	180	0.0	145	2	588	0.003401360544217687
CUFF_NC.5451	3	5634236	5635389	-	0	0	0		24	1	136	0.007352941176470588	297	7	1743	0.004016064257028112
CUFF_NC.5454	3	5638022	5638447	+	0	0	0		18	0	112	0.0	81	1	514	0.0019455252918287938
CUFF_NC.5453	3	5644515	5645023	-	0	0	0		40	0	176	0.0	108	1	509	0.0019646365422396855
CUFF_NC.5452	3	5647315	5648873	+	0	0	0		60	1	305	0.003278688524590164	424	4	2309	0.0017323516673884798
CUFF_NC.5456	3	5661137	5661761	+	0	0	0		39	0	227	0.0	181	3	754	0.003978779840848806
CUFF_NC.5465	3	5662443	5663730	+	0	0	0		98	1	499	0.002004008016032064	359	6	1713	0.0035026269702276708
CUFF_NC.5458	3	5670999	5671851	-	0	0	0		53	1	271	0.0036900369003690036	211	1	1158	0.0008635578583765112
CUFF_NC.5459	3	5685942	5686489	+	0	0	0		22	0	85	0.0	134	0	620	0.0
CUFF_NC.5457	3	5692670	5693894	-	0	0	0		70	1	203	0.0049261083743842365	217	3	652	0.004601226993865031
CUFF_NC.5461	3	5702865	5703971	-	0	0	0		78	0	374	0.0	273	5	1326	0.003770739064856712
CUFF_NC.5462	3	5705554	5706909	-	0	0	0		35	0	139	0.0	162	5	639	0.00782472613458529
CUFF_NC.5460	3	5709456	5709979	-	0	0	0		24	0	105	0.0	178	1	695	0.0014388489208633094
CUFF_NC.5470	3	5716310	5718936	-	0	0	0		185	3	991	0.0030272452068617556	713	6	3717	0.0016142050040355124
CUFF_NC.5463	3	5726288	5726580	+	0	0	0		26	2	144	0.013888888888888888	90	2	432	0.004629629629629629
CUFF_NC.5464	3	5755699	5756580	-	0	0	0		30	0	124	0.0	230	0	833	0.0
CUFF_NC.5471	3	5786393	5787079	+	0	0	0		38	0	164	0.0	186	2	861	0.0023228803716608595
CUFF_NC.5466	3	5790830	5791295	+	0	0	0		21	1	154	0.006493506493506494	124	1	904	0.0011061946902654867
CUFF_NC.5478	3	5803728	5806068	+	0	0	0		188	7	943	0.007423117709437964	588	10	2839	0.003522367030644593
CUFF_NC.5467	3	5813163	5813686	+	0	0	0		27	5	147	0.034013605442176874	114	4	702	0.005698005698005698
CUFF_NC.5469	3	5826543	5827410	-	0	0	0		57	1	253	0.003952569169960474	185	3	777	0.003861003861003861
CUFF_NC.5468	3	5831001	5832508	-	0	0	0		99	0	439	0.0	288	3	1180	0.002542372881355932
CUFF_NC.5473	3	5844277	5845307	+	0	0	0		68	1	262	0.003816793893129771	221	5	951	0.005257623554153523
CUFF_NC.5474	3	5848632	5849730	-	0	0	0		56	0	284	0.0	267	5	1458	0.003429355281207133
CUFF_NC.5475	3	5861062	5862257	-	0	0	0		49	17	224	0.07589285714285714	297	73	1382	0.052821997105643996
CUFF_NC.5476	3	5861372	5862802	+	0	0	0		48	24	238	0.10084033613445378	382	119	1903	0.0625328428796637
CUFF_NC.5482	3	5882145	5882660	-	0	0	0		17	0	92	0.0	135	2	699	0.002861230329041488
CUFF_NC.5477	3	5886445	5888956	+	0	0	0		71	2	327	0.0061162079510703364	455	6	1701	0.003527336860670194
CUFF_NC.5479	3	5894856	5895816	-	0	0	0		71	3	450	0.006666666666666667	210	4	1293	0.0030935808197989174
CUFF_NC.5484	3	5930714	5931234	+	0	0	0		20	0	132	0.0	133	0	714	0.0
CUFF_NC.5483	3	5931578	5932141	-	0	0	0		26	62	148	0.4189189189189189	118	12	570	0.021052631578947368
CUFF_NC.5485	3	5934051	5935014	-	0	0	0		65	1	236	0.00423728813559322	252	3	919	0.003264417845484222
CUFF_NC.5486	3	5955651	5956075	-	0	0	0		11	0	52	0.0	107	1	518	0.0019305019305019305
CUFF_NC.5488	3	5967618	5969151	-	0	0	0		122	2	697	0.0028694404591104736	431	8	2390	0.0033472803347280333
CUFF_NC.5494	3	5974762	5975570	+	0	0	0		73	1	320	0.003125	207	3	754	0.003978779840848806
CUFF_NC.5495	3	5975861	5976142	+	0	0	0		20	1	124	0.008064516129032258	67	0	365	0.0
CUFF_NC.5487	3	5976748	5977811	+	0	0	0		73	1	269	0.0037174721189591076	294	3	1058	0.002835538752362949
CUFF_NC.5491	3	6008981	6009591	-	0	0	0		36	0	220	0.0	155	1	921	0.0010857763300760044
CUFF_NC.5492	3	6009701	6010529	-	0	0	0		46	5	289	0.01730103806228374	244	3	1295	0.0023166023166023165
CUFF_NC.5489	3	6011538	6012016	-	0	0	0		17	0	62	0.0	109	3	438	0.00684931506849315
CUFF_NC.5490	3	6011654	6012057	+	0	0	0		17	0	62	0.0	80	1	259	0.003861003861003861
CUFF_NC.5493	3	6015265	6016009	-	0	0	0		20	0	93	0.0	222	1	1036	0.0009652509652509653
CUFF_NC.5501	3	6031139	6031779	-	0	0	0		58	2	190	0.010526315789473684	167	0	488	0.0
CUFF_NC.5502	3	6038488	6039143	-	0	0	0		44	0	230	0.0	168	3	945	0.0031746031746031746
CUFF_NC.5496	3	6051689	6052440	-	0	0	0		44	1	185	0.005405405405405406	238	1	810	0.0012345679012345679
CUFF_NC.5497	3	6055610	6056443	-	0	0	0		47	1	213	0.004694835680751174	235	5	1079	0.004633920296570899
CUFF_NC.5498	3	6060502	6061454	-	0	0	0		41	1	155	0.0064516129032258064	221	2	1046	0.0019120458891013384
CUFF_NC.5503	3	6074109	6075466	-	0	0	0		87	9	509	0.01768172888015717	401	4	2168	0.0018450184501845018
CUFF_NC.5504	3	6076001	6076399	-	0	0	0		42	1	196	0.00510204081632653	120	3	440	0.006818181818181818
CUFF_NC.5500	3	6092461	6092943	+	0	0	0		35	1	237	0.004219409282700422	123	5	845	0.005917159763313609
CUFF_NC.5507	3	6107956	6108671	-	0	0	0		70	3	354	0.00847457627118644	195	2	948	0.002109704641350211
CUFF_NC.5509	3	6115921	6116451	+	0	0	0		34	0	121	0.0	142	3	551	0.0054446460980036296
CUFF_NC.5505	3	6117538	6118196	+	0	0	0		27	0	120	0.0	177	1	805	0.0012422360248447205
CUFF_NC.5506	3	6117575	6117982	-	0	0	0		22	0	93	0.0	111	1	483	0.002070393374741201
CUFF_NC.5508	3	6126168	6127811	-	0	0	0		117	3	687	0.004366812227074236	428	8	2334	0.003427592116538132
CUFF_NC.5510	3	6146002	6147205	-	0	0	0		81	0	296	0.0	314	3	1213	0.00247320692497939
CUFF_NC.5511	3	6151109	6151934	-	0	0	0		55	3	313	0.009584664536741214	220	3	1195	0.002510460251046025
CUFF_NC.5512	3	6162340	6162876	+	0	0	0		43	0	173	0.0	135	0	622	0.0
CUFF_NC.5515	3	6170198	6172005	+	0	0	0		146	0	594	0.0	458	10	1710	0.005847953216374269
CUFF_NC.5514	3	6173825	6174255	-	0	0	0		16	0	82	0.0	107	1	506	0.001976284584980237
CUFF_NC.5513	3	6180644	6182699	-	0	0	0		146	2	583	0.003430531732418525	553	7	2076	0.003371868978805395
CUFF_NC.5516	3	6188301	6192782	-	0	0	0		194	3	1035	0.002898550724637681	1115	17	5535	0.003071364046973803
CUFF_NC.5517	3	6230628	6231780	-	0	0	0		69	3	223	0.013452914798206279	208	3	660	0.004545454545454545
CUFF_NC.5522	3	6232651	6233555	-	0	0	0		75	0	328	0.0	288	0	1023	0.0
CUFF_NC.5521	3	6234575	6235950	+	0	0	0		87	2	303	0.006600660066006601	404	5	1413	0.003538570417551309
CUFF_NC.5519	3	6242626	6243396	-	0	0	0		36	0	164	0.0	171	3	863	0.0034762456546929316
CUFF_NC.5524	3	6251328	6252890	-	0	0	0		129	2	510	0.00392156862745098	404	3	1655	0.0018126888217522659
CUFF_NC.5526	3	6286476	6286890	+	0	0	0		26	1	123	0.008130081300813009	105	0	475	0.0
CUFF_NC.5523	3	6291252	6292450	+	0	0	0		73	65	342	0.19005847953216373	343	24	1547	0.015513897866839044
CUFF_NC.5529	3	6298919	6300194	-	0	0	0		88	1	386	0.0025906735751295338	334	4	1614	0.0024783147459727386
CUFF_NC.5530	3	6300741	6304436	+	0	0	0		217	1	1097	0.0009115770282588879	915	7	4500	0.0015555555555555555
CUFF_NC.5531	3	6304055	6304533	-	0	0	0		20	0	85	0.0	117	0	524	0.0
CUFF_NC.5527	3	6305358	6307085	-	0	0	0		96	1	565	0.0017699115044247787	408	5	2486	0.002011263073209976
CUFF_NC.5525	3	6313701	6314612	-	0	0	0		57	0	221	0.0	253	2	783	0.002554278416347382
CUFF_NC.5528	3	6348985	6350855	+	0	0	0		133	4	529	0.007561436672967864	406	8	1509	0.005301524188204109
CUFF_NC.5532	3	6359825	6360407	-	0	0	0		13	0	71	0.0	178	5	1060	0.0047169811320754715
CUFF_NC.5544	3	6363770	6365482	-	0	0	0		137	1	601	0.0016638935108153079	478	2	2072	0.0009652509652509653
CUFF_NC.5542	3	6373641	6374871	+	0	0	0		3	0	3	0.0	10	0	10	0.0
CUFF_NC.5534	3	6379529	6380916	-	0	0	0		22	0	131	0.0	307	8	1796	0.004454342984409799
CUFF_NC.5535	3	6380123	6380530	+	0	0	0		8	0	47	0.0	106	3	615	0.004878048780487805
CUFF_NC.5533	3	6381272	6381841	+	0	0	0		16	0	74	0.0	138	1	836	0.0011961722488038277
CUFF_NC.5537	3	6383796	6384452	-	0	0	0		34	0	163	0.0	220	4	782	0.005115089514066497
CUFF_NC.5536	3	6387237	6388324	-	0	0	0		26	0	150	0.0	259	4	1538	0.002600780234070221
CUFF_NC.5538	3	6388494	6388929	-	0	0	0		25	0	103	0.0	122	0	439	0.0
CUFF_NC.5539	3	6390012	6390453	+	0	0	0		17	0	83	0.0	104	2	604	0.0033112582781456954
CUFF_NC.5540	3	6393714	6394770	-	0	0	0		44	1	200	0.005	284	5	1315	0.0038022813688212928
CUFF_NC.5541	3	6396308	6396730	+	0	0	0		27	0	95	0.0	127	0	372	0.0
CUFF_NC.5548	3	6404312	6404892	+	0	0	0		29	0	102	0.0	192	0	670	0.0
CUFF_NC.5545	3	6414814	6415492	+	0	0	0		47	1	226	0.004424778761061947	180	2	728	0.0027472527472527475
CUFF_NC.5543	3	6425845	6426215	+	0	0	0		29	0	142	0.0	102	2	475	0.004210526315789474
CUFF_NC.5547	3	6434172	6436050	+	0	0	0		99	2	478	0.0041841004184100415	408	7	1836	0.003812636165577342
CUFF_NC.5546	3	6440498	6441576	-	0	0	0		43	0	244	0.0	285	4	1358	0.0029455081001472753
CUFF_NC.5551	3	6454199	6454814	+	0	0	0		37	1	177	0.005649717514124294	183	3	684	0.0043859649122807015
CUFF_NC.5554	3	6461689	6462411	+	0	0	0		57	0	254	0.0	220	4	1006	0.003976143141153081
CUFF_NC.5549	3	6469489	6469890	-	0	0	0		25	0	137	0.0	95	0	454	0.0
CUFF_NC.5552	3	6482253	6483720	+	0	0	0		95	0	377	0.0	446	7	1640	0.00426829268292683
CUFF_NC.5553	3	6495460	6496043	+	0	0	0		21	0	78	0.0	112	0	356	0.0
CUFF_NC.5558	3	6513550	6514365	-	0	0	0		73	0	284	0.0	212	2	872	0.0022935779816513763
CUFF_NC.5561	3	6519548	6519938	-	0	0	0		20	0	102	0.0	104	0	468	0.0
CUFF_NC.5555	3	6533059	6533476	+	0	0	0		2	0	7	0.0	112	0	532	0.0
CUFF_NC.5556	3	6534374	6534972	-	0	0	0		23	0	126	0.0	138	2	708	0.002824858757062147
CUFF_NC.5557	3	6536491	6538583	-	0	0	0		156	1	665	0.0015037593984962407	513	1	2404	0.00041597337770382697
CUFF_NC.5562	3	6542436	6542749	-	0	0	0		17	0	82	0.0	89	1	378	0.0026455026455026454
CUFF_NC.5560	3	6554286	6555825	+	0	0	0		62	0	348	0.0	440	6	2607	0.0023014959723820483
CUFF_NC.5559	3	6555188	6556029	-	0	0	0		27	0	208	0.0	224	0	1629	0.0
CUFF_NC.5567	3	6586246	6586757	-	0	0	0		48	1	251	0.00398406374501992	138	0	800	0.0
CUFF_NC.5563	3	6591943	6592674	-	0	0	0		30	0	177	0.0	174	2	972	0.00205761316872428
CUFF_NC.5564	3	6601275	6601926	-	0	0	0		64	0	196	0.0	131	0	400	0.0
CUFF_NC.5566	3	6609473	6610154	+	0	0	0		45	2	200	0.01	224	5	953	0.005246589716684155
CUFF_NC.5565	3	6616592	6617679	+	0	0	0		62	0	249	0.0	256	0	989	0.0
CUFF_NC.5573	3	6662164	6663341	+	0	0	0		89	2	362	0.0055248618784530384	353	4	1497	0.0026720106880427524
CUFF_NC.5568	3	6678018	6678434	-	0	0	0		11	2	80	0.025	101	3	711	0.004219409282700422
CUFF_NC.5570	3	6678545	6679128	-	0	0	0		32	1	124	0.008064516129032258	151	0	526	0.0
CUFF_NC.5569	3	6684898	6685335	-	0	0	0		8	0	49	0.0	136	3	987	0.00303951367781155
CUFF_NC.5572	3	6691056	6691436	+	0	0	0		35	0	184	0.0	109	1	527	0.0018975332068311196
CUFF_NC.5571	3	6697121	6697740	+	0	0	0		45	1	163	0.006134969325153374	173	0	611	0.0
CUFF_NC.5574	3	6711939	6712912	-	0	0	0		48	1	255	0.00392156862745098	281	2	1211	0.0016515276630883566
CUFF_NC.5575	3	6737715	6738276	+	0	0	0		20	0	66	0.0	119	0	343	0.0
CUFF_NC.5577	3	6744552	6745022	-	0	0	0		16	0	89	0.0	126	0	575	0.0
CUFF_NC.5587	3	6759053	6759866	+	0	0	0		42	0	205	0.0	168	1	797	0.0012547051442910915
CUFF_NC.5588	3	6766810	6768249	+	0	0	0		98	3	415	0.007228915662650603	409	0	1602	0.0
CUFF_NC.5578	3	6781821	6782747	-	0	0	0		84	1	301	0.0033222591362126247	274	6	1029	0.0058309037900874635
CUFF_NC.5579	3	6797533	6798708	-	0	0	0		105	0	437	0.0	330	4	1248	0.003205128205128205
CUFF_NC.5580	3	6800250	6802093	-	0	0	0		120	3	555	0.005405405405405406	451	4	2114	0.001892147587511826
CUFF_NC.5576	3	6803166	6804235	+	0	0	0		68	0	274	0.0	258	3	1099	0.00272975432211101
CUFF_NC.5583	3	6819943	6820851	+	0	0	0		59	1	296	0.0033783783783783786	236	2	1152	0.001736111111111111
CUFF_NC.5582	3	6839934	6842111	-	0	0	0		187	3	771	0.0038910505836575876	459	6	1942	0.003089598352214212
CUFF_NC.5590	3	6855861	6856654	+	0	0	0		52	0	273	0.0	182	1	833	0.0012004801920768306
CUFF_NC.5591	3	6875053	6875451	+	0	0	0		25	0	144	0.0	116	2	638	0.003134796238244514
CUFF_NC.5592	3	6879641	6880274	+	0	0	0		47	0	196	0.0	178	3	656	0.004573170731707317
CUFF_NC.5593	3	6880436	6881694	+	0	0	0		85	2	316	0.006329113924050633	397	4	1567	0.0025526483726866626
CUFF_NC.5584	3	6883872	6884407	-	0	0	0		18	0	85	0.0	141	2	659	0.0030349013657056147
CUFF_NC.5585	3	6899825	6901334	+	0	0	0		110	2	524	0.003816793893129771	397	1	1761	0.0005678591709256105
CUFF_NC.5586	3	6913666	6914566	+	0	0	0		38	1	214	0.004672897196261682	234	1	1211	0.0008257638315441783
CUFF_NC.5589	3	6925522	6926909	-	0	0	0		61	3	214	0.014018691588785047	276	3	1059	0.0028328611898017
CUFF_NC.5594	3	6948733	6949102	-	0	0	0		26	0	154	0.0	72	2	347	0.005763688760806916
CUFF_NC.5595	3	6951484	6951901	-	0	0	0		19	0	133	0.0	116	3	734	0.004087193460490463
CUFF_NC.5596	3	6955916	6957664	-	0	0	0		127	1	616	0.0016233766233766235	448	2	1813	0.0011031439602868175
CUFF_NC.5597	3	6965929	6966580	-	0	0	0		41	0	148	0.0	185	1	675	0.0014814814814814814
CUFF_NC.5598	3	6977471	6977911	+	0	0	0		18	1	97	0.010309278350515464	119	1	713	0.001402524544179523
CUFF_NC.5599	3	6978672	6980560	+	0	0	0		141	1	525	0.0019047619047619048	458	4	1682	0.0023781212841854932
CUFF_NC.5600	3	6983818	6984436	+	0	0	0		35	2	198	0.010101010101010102	164	4	922	0.004338394793926247
CUFF_NC.5601	3	6998559	6999459	+	0	0	0		60	1	285	0.0035087719298245615	241	3	1097	0.0027347310847766638
CUFF_NC.5602	3	7004082	7004736	+	0	0	0		30	0	138	0.0	125	3	720	0.004166666666666667
CUFF_NC.5603	3	7005544	7006207	+	0	0	0		40	1	222	0.0045045045045045045	175	3	825	0.0036363636363636364
CUFF_NC.5630	3	7011945	7022799	-	0	0	0		620	14	2914	0.004804392587508579	3108	39	13043	0.0029901096373533696
CUFF_NC.5631	3	7012214	7015477	-	0	0	0		180	10	839	0.011918951132300357	941	12	3983	0.003012804418779814
CUFF_NC.5632	3	7014164	7020422	-	0	0	0		367	4	1741	0.0022975301550832855	1784	21	7612	0.002758801891749869
CUFF_NC.5633	3	7021928	7025083	-	0	0	0		188	1	990	0.00101010101010101	872	8	3988	0.0020060180541624875
CUFF_NC.5604	3	7031162	7031848	-	0	0	0		30	0	184	0.0	181	4	959	0.004171011470281543
CUFF_NC.5607	3	7046567	7047288	-	0	0	0		36	1	184	0.005434782608695652	212	2	857	0.002333722287047841
CUFF_NC.5605	3	7056015	7056537	+	0	0	0		18	0	113	0.0	142	3	884	0.003393665158371041
CUFF_NC.5612	3	7067953	7068858	-	0	0	0		64	0	301	0.0	255	5	1191	0.0041981528127623844
CUFF_NC.5609	3	7078517	7080927	+	0	0	0		145	1	776	0.001288659793814433	626	7	3611	0.001938521185267239
CUFF_NC.5610	3	7081205	7082153	+	0	0	0		53	0	212	0.0	222	3	854	0.00351288056206089
CUFF_NC.5606	3	7085089	7086937	+	0	0	0		137	4	624	0.00641025641025641	455	2	2194	0.0009115770282588879
CUFF_NC.5611	3	7090224	7091430	+	0	0	0		77	1	409	0.0024449877750611247	344	5	1675	0.0029850746268656717
CUFF_NC.5608	3	7102819	7103489	-	0	0	0		25	0	93	0.0	163	2	704	0.002840909090909091
CUFF_NC.5613	3	7152795	7153571	+	0	0	0		59	2	212	0.009433962264150943	196	2	731	0.0027359781121751026
CUFF_NC.5615	3	7166349	7168042	-	0	0	0		117	3	538	0.0055762081784386614	442	14	1953	0.007168458781362007
CUFF_NC.5616	3	7173609	7174262	-	0	0	0		49	0	232	0.0	181	2	809	0.002472187886279357
CUFF_NC.5614	3	7186903	7187404	+	0	0	0		52	1	209	0.004784688995215311	129	1	491	0.002036659877800407
CUFF_NC.5621	3	7209792	7210472	+	0	0	0		20	25	79	0.31645569620253167	149	5	716	0.006983240223463687
CUFF_NC.5622	3	7212076	7213324	+	0	0	0		82	0	356	0.0	329	4	1416	0.002824858757062147
CUFF_NC.5620	3	7227882	7228806	+	0	0	0		46	0	127	0.0	212	3	662	0.004531722054380665
CUFF_NC.5619	3	7230685	7231086	+	0	0	0		13	0	63	0.0	137	1	460	0.002173913043478261
CUFF_NC.5618	3	7232103	7232944	+	0	0	0		30	0	150	0.0	219	3	1082	0.0027726432532347504
CUFF_NC.5617	3	7234516	7235035	-	0	0	0		13	45	75	0.6	167	98	933	0.10503751339764202
CUFF_NC.5623	3	7237565	7237944	+	0	0	0		12	2	92	0.021739130434782608	99	2	688	0.0029069767441860465
CUFF_NC.5624	3	7260796	7261791	+	0	0	0		93	3	403	0.007444168734491315	285	4	1229	0.0032546786004882017
CUFF_NC.5625	3	7279293	7280046	-	0	0	0		2	2	2	1.0	4	0	4	0.0
CUFF_NC.5627	3	7280709	7282083	-	0	0	0		100	3	462	0.006493506493506494	297	2	1362	0.0014684287812041115
CUFF_NC.5626	3	7282498	7283058	+	0	0	0		18	0	108	0.0	150	4	912	0.0043859649122807015
CUFF_NC.5628	3	7284880	7286452	+	0	0	0		98	1	434	0.002304147465437788	370	4	1542	0.0025940337224383916
CUFF_NC.5629	3	7320749	7321162	-	0	0	0		32	0	105	0.0	124	1	372	0.002688172043010753
CUFF_NC.5634	3	7334160	7340198	-	0	0	0		300	4	1422	0.0028129395218002813	1532	17	6781	0.0025070048665388586
CUFF_NC.5635	3	7335059	7344563	-	0	0	0		432	3	2109	0.001422475106685633	2390	32	11022	0.002903284340410089
CUFF_NC.5636	3	7335791	7341629	-	0	0	0		276	3	1442	0.0020804438280166435	1505	22	7375	0.002983050847457627
CUFF_NC.5637	3	7339742	7343316	-	0	0	0		140	0	672	0.0	900	17	4099	0.004147353012929983
CUFF_NC.5639	3	7365589	7368799	-	0	0	0		196	5	974	0.00513347022587269	812	9	3941	0.002283684344075108
CUFF_NC.5640	3	7367035	7367658	-	0	0	0		44	0	167	0.0	174	2	755	0.0026490066225165563
CUFF_NC.5638	3	7387527	7388390	+	0	0	0		23	90	202	0.44554455445544555	68	31	433	0.07159353348729793
CUFF_NC.5641	3	7398978	7400144	-	0	0	0		90	3	386	0.007772020725388601	320	3	1295	0.0023166023166023165
CUFF_NC.5642	3	7424773	7425352	-	0	0	0		17	0	102	0.0	98	2	467	0.004282655246252677
CUFF_NC.5643	3	7433565	7434030	+	0	0	0		28	1	196	0.00510204081632653	140	4	929	0.004305705059203444
CUFF_NC.5646	3	7441031	7442315	+	0	0	0		57	1	243	0.00411522633744856	266	4	1129	0.00354295837023915
CUFF_NC.5648	3	7445798	7447107	-	0	0	0		79	0	350	0.0	362	2	1450	0.001379310344827586
CUFF_NC.5647	3	7456139	7457874	+	0	0	0		112	0	460	0.0	427	7	1565	0.0044728434504792336
CUFF_NC.5645	3	7465554	7465983	+	0	0	0		18	0	105	0.0	110	2	543	0.003683241252302026
CUFF_NC.5644	3	7471056	7472514	+	0	0	0		66	0	315	0.0	391	7	1744	0.0040137614678899085
CUFF_NC.5649	3	7521847	7522643	+	0	0	0		28	0	104	0.0	199	1	964	0.001037344398340249
CUFF_NC.5650	3	7591609	7592394	+	0	0	0		40	0	227	0.0	205	2	1006	0.0019880715705765406
CUFF_NC.5651	3	7595594	7597584	-	0	0	0		95	3	382	0.007853403141361256	540	6	2055	0.00291970802919708
CUFF_NC.5652	3	7600235	7601128	+	0	0	0		59	123	283	0.43462897526501765	173	38	827	0.045949214026602174
CUFF_NC.5653	3	7609272	7609590	+	0	0	0		18	0	151	0.0	87	2	750	0.0026666666666666666
CUFF_NC.5654	3	7617632	7618380	+	0	0	0		38	1	124	0.008064516129032258	118	3	473	0.006342494714587738
CUFF_NC.5655	3	7638493	7639783	-	0	0	0		52	0	197	0.0	323	0	1065	0.0
CUFF_NC.5658	3	7676907	7681230	+	0	0	0		206	3	908	0.003303964757709251	1139	11	4882	0.0022531749283080703
CUFF_NC.5657	3	7683246	7683545	-	0	0	0		12	0	39	0.0	59	0	196	0.0
CUFF_NC.5660	3	7709200	7710232	+	0	0	0		42	0	163	0.0	238	7	1000	0.007
CUFF_NC.5659	3	7721404	7724396	-	0	0	0		3	0	7	0.0	76	0	268	0.0
CUFF_NC.5663	3	7738451	7739369	+	0	0	0		43	35	234	0.14957264957264957	267	33	1376	0.023982558139534885
CUFF_NC.5661	3	7742878	7743642	-	0	0	0		32	0	146	0.0	223	2	969	0.0020639834881320948
CUFF_NC.5664	3	7744032	7744822	+	0	0	0		28	0	185	0.0	191	2	1292	0.0015479876160990713
CUFF_NC.5665	3	7745012	7747256	-	0	0	0		79	1	465	0.002150537634408602	588	9	3466	0.00259665320253895
CUFF_NC.5666	3	7745744	7750452	-	0	0	0		200	5	1040	0.004807692307692308	1195	18	6291	0.002861230329041488
CUFF_NC.5662	3	7754349	7754645	-	0	0	0		26	0	122	0.0	90	2	420	0.004761904761904762
CUFF_NC.5667	3	7758428	7759014	-	0	0	0		17	0	104	0.0	162	2	910	0.002197802197802198
CUFF_NC.5668	3	7767287	7767821	-	0	0	0		25	0	149	0.0	144	1	691	0.001447178002894356
CUFF_NC.5670	3	7770516	7771471	-	0	0	0		29	0	118	0.0	245	1	935	0.0010695187165775401
CUFF_NC.5669	3	7775357	7776209	+	0	0	0		45	0	211	0.0	145	1	621	0.001610305958132045
CUFF_NC.5671	3	7800038	7801536	-	0	0	0		58	131	302	0.4337748344370861	396	96	2030	0.04729064039408867
CUFF_NC.5674	3	7817862	7818967	+	0	0	0		58	2	216	0.009259259259259259	254	4	980	0.004081632653061225
CUFF_NC.5672	3	7820478	7821097	+	0	0	0		12	15	72	0.20833333333333334	146	14	848	0.01650943396226415
CUFF_NC.5673	3	7820724	7821132	-	0	0	0		15	19	84	0.2261904761904762	91	11	502	0.021912350597609563
CUFF_NC.5696	3	7839558	7840595	+	0	0	0		72	1	318	0.0031446540880503146	253	2	1117	0.0017905102954341987
CUFF_NC.5676	3	7844059	7844555	+	0	0	0		41	0	182	0.0	130	3	656	0.004573170731707317
CUFF_NC.5677	3	7846304	7846775	+	0	0	0		10	0	35	0.0	43	1	166	0.006024096385542169
CUFF_NC.5675	3	7847616	7848480	-	0	0	0		10	0	48	0.0	54	0	196	0.0
CUFF_NC.5679	3	7867598	7868416	-	0	0	0		45	1	159	0.006289308176100629	209	5	884	0.005656108597285068
CUFF_NC.5680	3	7868830	7869431	-	0	0	0		25	1	159	0.006289308176100629	159	2	738	0.0027100271002710027
CUFF_NC.5682	3	7872749	7873034	-	0	0	0		22	0	131	0.0	73	0	578	0.0
CUFF_NC.5683	3	7885882	7886421	-	0	0	0		34	0	138	0.0	139	2	539	0.0037105751391465678
CUFF_NC.5686	3	7904901	7908199	-	0	0	0		152	19	761	0.024967148488830485	810	46	3971	0.011583983883152859
CUFF_NC.5687	3	7906459	7907507	-	0	0	0		63	2	282	0.0070921985815602835	265	2	1089	0.0018365472910927456
CUFF_NC.5692	3	7913342	7913880	-	0	0	0		32	0	102	0.0	78	0	183	0.0
CUFF_NC.5693	3	7917430	7918286	-	0	0	0		109	4	344	0.011627906976744186	258	3	795	0.0037735849056603774
CUFF_NC.5694	3	7918582	7919277	-	0	0	0		71	1	325	0.003076923076923077	189	1	805	0.0012422360248447205
CUFF_NC.5689	3	7926898	7927383	-	0	0	0		16	0	87	0.0	133	2	565	0.0035398230088495575
CUFF_NC.5684	3	7931782	7932230	-	0	0	0		19	1	126	0.007936507936507936	106	0	648	0.0
CUFF_NC.5685	3	7931910	7932227	+	0	0	0		14	1	89	0.011235955056179775	84	0	472	0.0
CUFF_NC.5690	3	7933446	7934263	+	0	0	0		58	0	206	0.0	171	1	496	0.0020161290322580645
CUFF_NC.5688	3	7959011	7959594	+	0	0	0		20	1	139	0.007194244604316547	132	7	781	0.008962868117797696
CUFF_NC.5700	3	7959768	7960766	-	0	0	0		73	1	311	0.003215434083601286	245	1	760	0.0013157894736842105
CUFF_NC.5695	3	7974960	7977488	-	0	0	0		182	2	785	0.0025477707006369425	741	4	3281	0.0012191405059433099
CUFF_NC.5691	3	7992264	7992830	+	0	0	0		55	0	223	0.0	130	0	539	0.0
CUFF_NC.5698	3	8005980	8007868	+	0	0	0		121	2	692	0.002890173410404624	530	8	2899	0.0027595722662987236
CUFF_NC.5697	3	8008857	8009352	-	0	0	0		51	2	313	0.006389776357827476	133	2	740	0.002702702702702703
CUFF_NC.5699	3	8021658	8022097	+	0	0	0		28	0	117	0.0	114	3	522	0.005747126436781609
CUFF_NC.5701	3	8030462	8031037	-	0	0	0		28	0	116	0.0	173	1	729	0.0013717421124828531
CUFF_NC.5702	3	8036525	8037265	+	0	0	0		24	0	127	0.0	192	3	1163	0.0025795356835769563
CUFF_NC.5703	3	8039572	8040221	+	0	0	0		19	1	102	0.00980392156862745	143	0	677	0.0
CUFF_NC.5704	3	8084307	8085670	+	0	0	0		73	3	317	0.00946372239747634	359	5	1648	0.003033980582524272
CUFF_NC.5706	3	8118399	8118826	+	0	0	0		30	2	139	0.014388489208633094	104	1	452	0.0022123893805309734
CUFF_NC.5707	3	8140688	8141381	-	0	0	0		64	1	320	0.003125	164	2	749	0.0026702269692923898
CUFF_NC.5709	3	8150648	8154068	-	0	0	0		172	2	791	0.0025284450063211127	756	7	3528	0.001984126984126984
CUFF_NC.5710	3	8151844	8152250	-	0	0	0		20	0	105	0.0	87	1	338	0.0029585798816568047
CUFF_NC.5708	3	8172477	8174131	-	0	0	0		104	0	367	0.0	410	5	1177	0.004248088360237893
CUFF_NC.5711	3	8180941	8182041	+	0	0	0		35	0	180	0.0	343	6	1612	0.0037220843672456576
CUFF_NC.5712	3	8195868	8196280	-	0	0	0		9	0	58	0.0	108	3	603	0.004975124378109453
CUFF_NC.5713	3	8203478	8204456	-	0	0	0		36	0	187	0.0	283	3	1066	0.0028142589118198874
CUFF_NC.5719	3	8225326	8226387	-	0	0	0		44	0	214	0.0	253	5	1300	0.0038461538461538464
CUFF_NC.5720	3	8226387	8227014	-	0	0	0		25	0	116	0.0	152	2	574	0.003484320557491289
CUFF_NC.5721	3	8232839	8233917	+	0	0	0		44	16	185	0.08648648648648649	286	19	1263	0.015043547110055424
CUFF_NC.5715	3	8247819	8248474	+	0	0	0		5	19	33	0.5757575757575758	52	12	278	0.04316546762589928
CUFF_NC.5716	3	8247831	8248407	-	0	0	0		5	19	33	0.5757575757575758	40	12	193	0.06217616580310881
CUFF_NC.5714	3	8263478	8263835	-	0	0	0		17	0	96	0.0	74	1	406	0.0024630541871921183
CUFF_NC.5717	3	8268060	8268718	+	0	0	0		57	3	252	0.011904761904761904	122	1	450	0.0022222222222222222
CUFF_NC.5718	3	8280017	8280433	-	0	0	0		20	2	112	0.017857142857142856	86	2	490	0.004081632653061225
CUFF_NC.5722	3	8295548	8296432	-	0	0	0		48	1	162	0.006172839506172839	223	1	752	0.0013297872340425532
CUFF_NC.5723	3	8315490	8315891	-	0	0	0		11	0	87	0.0	96	0	690	0.0
CUFF_NC.5725	3	8335307	8335804	-	0	0	0		38	1	191	0.005235602094240838	141	2	739	0.0027063599458728013
CUFF_NC.5727	3	8343004	8343639	-	0	0	0		38	0	159	0.0	183	3	822	0.0036496350364963502
CUFF_NC.5724	3	8344525	8345236	-	0	0	0		46	1	283	0.0035335689045936395	178	3	1168	0.0025684931506849314
CUFF_NC.5726	3	8347168	8349061	-	0	0	0		115	0	538	0.0	564	11	2457	0.004477004477004477
CUFF_NC.5728	3	8366870	8367412	+	0	0	0		10	12	48	0.25	114	11	582	0.018900343642611683
CUFF_NC.5729	3	8368293	8373197	-	0	0	0		95	16	470	0.03404255319148936	1042	30	5910	0.005076142131979695
CUFF_NC.5731	3	8369493	8373022	+	0	0	0		70	14	356	0.03932584269662921	762	21	4354	0.00482315112540193
CUFF_NC.5730	3	8374294	8374910	-	0	0	0		42	64	126	0.5079365079365079	133	9	344	0.02616279069767442
CUFF_NC.5736	3	8382556	8383796	-	0	0	0		71	1	368	0.002717391304347826	293	6	1642	0.0036540803897685747
CUFF_NC.5737	3	8384501	8385904	-	0	0	0		121	5	579	0.008635578583765112	375	4	1667	0.0023995200959808036
CUFF_NC.5735	3	8386931	8387397	+	0	0	0		19	10	80	0.125	133	2	687	0.002911208151382824
CUFF_NC.5732	3	8404818	8405518	+	0	0	0		33	1	182	0.005494505494505495	143	1	731	0.0013679890560875513
CUFF_NC.5733	3	8408118	8409403	-	0	0	0		41	21	170	0.12352941176470589	190	5	819	0.006105006105006105
CUFF_NC.5734	3	8408128	8408913	+	0	0	0		17	4	72	0.05555555555555555	132	2	570	0.0035087719298245615
CUFF_NC.5739	3	8412991	8413327	-	0	0	0		14	0	68	0.0	86	1	433	0.0023094688221709007
CUFF_NC.5744	3	8421176	8421654	-	0	0	0		28	0	156	0.0	107	1	469	0.0021321961620469083
CUFF_NC.5757	3	8443188	8443810	-	0	0	0		14	0	90	0.0	119	0	541	0.0
CUFF_NC.5758	3	8443974	8444244	-	0	0	0		24	0	156	0.0	67	0	368	0.0
CUFF_NC.5759	3	8448845	8454981	+	0	0	0		218	48	1190	0.040336134453781515	1571	31	8349	0.003713019523296203
CUFF_NC.5760	3	8450335	8450992	+	0	0	0		23	0	108	0.0	182	1	847	0.0011806375442739079
CUFF_NC.5742	3	8475276	8475720	-	0	0	0		31	0	179	0.0	123	2	640	0.003125
CUFF_NC.5738	3	8476550	8477285	-	0	0	0		45	0	216	0.0	157	0	818	0.0
CUFF_NC.5741	3	8488712	8489152	-	0	0	0		14	0	55	0.0	115	2	491	0.004073319755600814
CUFF_NC.5740	3	8495376	8496074	+	0	0	0		32	0	175	0.0	128	1	705	0.0014184397163120568
CUFF_NC.5743	3	8522776	8523109	-	0	0	0		28	0	143	0.0	107	2	545	0.003669724770642202
CUFF_NC.5746	3	8529904	8531308	+	0	0	0		64	1	294	0.003401360544217687	374	5	1708	0.002927400468384075
CUFF_NC.5748	3	8542436	8543481	-	0	0	0		21	18	56	0.32142857142857145	264	81	910	0.08901098901098901
CUFF_NC.5745	3	8547385	8548140	+	0	0	0		22	46	104	0.4423076923076923	197	73	973	0.0750256937307297
CUFF_NC.5747	3	8559277	8560574	-	0	0	0		82	1	391	0.0025575447570332483	427	1	1974	0.0005065856129685917
CUFF_NC.5750	3	8573400	8573796	+	0	0	0		27	1	127	0.007874015748031496	128	0	527	0.0
CUFF_NC.5749	3	8586391	8586899	-	0	0	0		33	1	136	0.007352941176470588	130	2	518	0.003861003861003861
CUFF_NC.5752	3	8603179	8605462	-	0	0	0		141	0	540	0.0	607	13	2373	0.005478297513695744
CUFF_NC.5751	3	8611035	8612655	-	0	0	0		109	0	373	0.0	379	5	1084	0.004612546125461255
CUFF_NC.5754	3	8616906	8617767	+	0	0	0		64	1	198	0.005050505050505051	235	2	739	0.0027063599458728013
CUFF_NC.5756	3	8622302	8623187	+	0	0	0		48	1	269	0.0037174721189591076	277	1	1462	0.0006839945280437756
CUFF_NC.5755	3	8632745	8633894	+	0	0	0		88	1	381	0.0026246719160104987	322	1	1271	0.0007867820613690008
CUFF_NC.5753	3	8641074	8642576	-	0	0	0		59	0	300	0.0	376	4	1754	0.002280501710376283
CUFF_NC.5761	3	8686086	8686700	-	0	0	0		34	0	124	0.0	130	0	388	0.0
CUFF_NC.5762	3	8686801	8687663	-	0	0	0		78	2	313	0.006389776357827476	204	3	779	0.0038510911424903724
CUFF_NC.5763	3	8693358	8694451	-	0	0	0		88	0	360	0.0	328	5	1220	0.004098360655737705
CUFF_NC.5766	3	8705737	8706367	+	0	0	0		40	1	249	0.004016064257028112	201	3	1172	0.002559726962457338
CUFF_NC.5767	3	8707806	8708388	+	0	0	0		44	0	185	0.0	150	1	629	0.001589825119236884
CUFF_NC.5764	3	8725479	8725986	+	0	0	0		35	0	149	0.0	128	2	550	0.0036363636363636364
CUFF_NC.5774	3	8738127	8739203	+	0	0	0		77	0	406	0.0	290	7	1590	0.00440251572327044
CUFF_NC.5771	3	8747266	8747656	-	0	0	0		45	1	205	0.004878048780487805	104	2	494	0.004048582995951417
CUFF_NC.5765	3	8768875	8769332	-	0	0	0		23	0	165	0.0	128	2	908	0.0022026431718061676
CUFF_NC.5768	3	8770826	8771389	-	0	0	0		23	0	180	0.0	131	2	852	0.002347417840375587
CUFF_NC.5769	3	8786654	8787165	-	0	0	0		31	2	122	0.01639344262295082	185	3	618	0.0048543689320388345
CUFF_NC.5772	3	8789352	8790954	-	0	0	0		38	0	98	0.0	133	1	327	0.0030581039755351682
CUFF_NC.5770	3	8797808	8798212	-	0	0	0		19	0	123	0.0	100	2	635	0.0031496062992125984
CUFF_NC.5773	3	8863283	8864957	+	0	0	0		65	1	353	0.0028328611898017	391	7	1963	0.003565970453387672
CUFF_NC.5776	3	8878070	8878361	+	0	0	0		13	0	49	0.0	72	0	316	0.0
CUFF_NC.5782	3	8910137	8912171	-	0	0	0		101	2	540	0.003703703703703704	595	11	2799	0.003929974991068239
CUFF_NC.5775	3	8922887	8923363	+	0	0	0		25	0	77	0.0	105	4	425	0.009411764705882352
CUFF_NC.5781	3	8931652	8934361	-	0	0	0		44	0	189	0.0	291	2	1016	0.001968503937007874
CUFF_NC.5780	3	8934536	8936505	+	0	0	0		91	1	373	0.002680965147453083	417	8	1652	0.004842615012106538
CUFF_NC.5777	3	8948767	8949743	-	0	0	0		53	19	295	0.06440677966101695	277	32	1531	0.020901371652514697
CUFF_NC.5779	3	8951880	8952572	-	0	0	0		19	0	65	0.0	182	4	755	0.005298013245033113
CUFF_NC.5778	3	8956052	8956963	-	0	0	0		43	69	134	0.5149253731343284	255	34	786	0.043256997455470736
CUFF_NC.5783	3	8977221	8978121	-	0	0	0		56	119	198	0.601010101010101	266	66	1021	0.06464250734573947
CUFF_NC.5784	3	8977388	8978315	+	0	0	0		50	88	177	0.4971751412429379	250	42	846	0.04964539007092199
CUFF_NC.5788	3	9008570	9008864	+	0	0	0		5	1	18	0.05555555555555555	80	0	237	0.0
CUFF_NC.5791	3	9032613	9033656	-	0	0	0		79	1	241	0.004149377593360996	271	1	836	0.0011961722488038277
CUFF_NC.5789	3	9040068	9040626	-	0	0	0		18	0	69	0.0	110	0	320	0.0
CUFF_NC.5786	3	9042205	9042970	+	0	0	0		41	1	227	0.004405286343612335	212	3	1163	0.0025795356835769563
CUFF_NC.5787	3	9049470	9049806	-	0	0	0		22	0	54	0.0	101	1	263	0.0038022813688212928
CUFF_NC.5800	3	9067465	9067900	-	0	0	0		18	0	56	0.0	114	0	432	0.0
CUFF_NC.5801	3	9073389	9074496	-	0	0	0		61	2	241	0.008298755186721992	288	1	884	0.0011312217194570137
CUFF_NC.5793	3	9091330	9091633	+	0	0	0		20	0	110	0.0	63	1	303	0.0033003300330033004
CUFF_NC.5818	3	9099174	9102450	+	0	0	0		132	2	627	0.003189792663476874	807	5	3465	0.001443001443001443
CUFF_NC.5820	3	9122145	9123440	-	0	0	0		72	1	245	0.004081632653061225	238	1	777	0.001287001287001287
CUFF_NC.5792	3	9132096	9132573	-	0	0	0		10	0	35	0.0	113	0	262	0.0
CUFF_NC.5795	3	9152795	9153771	-	0	0	0		25	1	146	0.00684931506849315	279	1	1199	0.0008340283569641367
CUFF_NC.5802	3	9155708	9156380	-	0	0	0		40	2	190	0.010526315789473684	176	0	778	0.0
CUFF_NC.5797	3	9163471	9163881	+	0	0	0		15	0	92	0.0	104	0	455	0.0
CUFF_NC.5798	3	9164087	9165156	-	0	0	0		2	0	12	0.0	30	0	78	0.0
CUFF_NC.5799	3	9164514	9165310	+	0	0	0		0	0	0		5	0	5	0.0
CUFF_NC.5803	3	9170120	9170766	+	0	0	0		39	1	215	0.004651162790697674	185	3	939	0.003194888178913738
CUFF_NC.5804	3	9195718	9196436	-	0	0	0		48	0	283	0.0	165	1	851	0.0011750881316098707
CUFF_NC.5807	3	9221940	9225462	-	0	0	0		273	3	1486	0.002018842530282638	965	12	4832	0.0024834437086092716
CUFF_NC.5806	3	9251698	9255175	+	0	0	0		217	1	993	0.0010070493454179255	944	9	3894	0.0023112480739599386
CUFF_NC.5808	3	9269416	9270312	+	0	0	0		54	1	264	0.003787878787878788	280	4	1268	0.0031545741324921135
CUFF_NC.5811	3	9295165	9296244	-	0	0	0		32	0	131	0.0	261	2	1128	0.0017730496453900709
CUFF_NC.5809	3	9305721	9306522	-	0	0	0		16	0	114	0.0	228	2	1333	0.0015003750937734434
CUFF_NC.5810	3	9307262	9307893	-	0	0	0		45	0	311	0.0	123	2	790	0.002531645569620253
CUFF_NC.5814	3	9318535	9319690	+	0	0	0		62	1	305	0.003278688524590164	272	5	1141	0.0043821209465381246
CUFF_NC.5812	3	9320061	9320748	-	0	0	0		24	1	163	0.006134969325153374	145	2	890	0.0022471910112359553
CUFF_NC.5813	3	9320909	9323051	+	0	0	0		51	32	265	0.12075471698113208	486	102	2949	0.03458799593082401
CUFF_NC.5829	3	9354382	9355057	-	0	0	0		38	1	248	0.004032258064516129	182	2	889	0.0022497187851518562
CUFF_NC.5830	3	9355230	9356615	-	0	0	0		99	5	369	0.013550135501355014	422	22	1660	0.01325301204819277
CUFF_NC.5831	3	9356901	9357524	-	0	0	0		45	2	249	0.008032128514056224	156	3	903	0.0033222591362126247
CUFF_NC.5821	3	9358626	9360379	-	0	0	0		129	2	501	0.003992015968063872	356	3	1218	0.0024630541871921183
CUFF_NC.5817	3	9375176	9375933	+	0	0	0		18	0	97	0.0	221	2	874	0.002288329519450801
CUFF_NC.5815	3	9378643	9379163	-	0	0	0		58	87	286	0.3041958041958042	126	12	628	0.01910828025477707
CUFF_NC.5816	3	9378674	9379092	+	0	0	0		50	74	241	0.3070539419087137	103	11	527	0.020872865275142316
CUFF_NC.5826	3	9396763	9397060	-	0	0	0		18	0	75	0.0	62	0	216	0.0
CUFF_NC.5823	3	9403834	9407213	-	0	0	0		125	38	696	0.05459770114942529	780	49	3385	0.01447562776957164
CUFF_NC.5824	3	9404464	9411714	-	0	0	0		309	45	1583	0.028427037271004423	1714	63	7952	0.007922535211267605
CUFF_NC.5822	3	9414489	9415022	-	0	0	0		21	0	73	0.0	98	0	422	0.0
CUFF_NC.5825	3	9417486	9418798	-	0	0	0		32	0	166	0.0	280	3	1448	0.0020718232044198894
CUFF_NC.5841	3	9452780	9453163	+	0	0	0		33	1	142	0.007042253521126761	109	3	484	0.006198347107438017
CUFF_NC.5842	3	9455829	9457499	+	0	0	0		95	1	465	0.002150537634408602	396	4	1717	0.0023296447291788003
CUFF_NC.5827	3	9463303	9464708	+	0	0	0		93	1	418	0.0023923444976076554	305	7	1368	0.005116959064327485
CUFF_NC.5828	3	9470387	9471162	+	0	0	0		50	0	255	0.0	162	3	805	0.0037267080745341614
CUFF_NC.5832	3	9486282	9486973	+	0	0	0		25	0	94	0.0	151	1	709	0.0014104372355430183
CUFF_NC.5833	3	9506039	9506912	+	0	0	0		34	1	131	0.007633587786259542	249	2	1000	0.002
CUFF_NC.5835	3	9517725	9518825	-	0	0	0		61	0	282	0.0	321	2	1378	0.001451378809869376
CUFF_NC.5836	3	9519621	9520480	-	0	0	0		76	1	319	0.003134796238244514	231	1	894	0.0011185682326621924
CUFF_NC.5834	3	9525772	9526258	-	0	0	0		31	1	138	0.007246376811594203	142	2	697	0.0028694404591104736
CUFF_NC.5847	3	9526618	9529356	-	0	0	0		183	3	817	0.0036719706242350062	744	13	3398	0.0038257798705120657
CUFF_NC.5848	3	9527392	9530621	-	0	0	0		173	1	831	0.0012033694344163659	869	20	4250	0.004705882352941176
CUFF_NC.5837	3	9550281	9550842	-	0	0	0		4	1	15	0.06666666666666667	30	0	101	0.0
CUFF_NC.5839	3	9555055	9555747	+	0	0	0		42	1	240	0.004166666666666667	151	3	884	0.003393665158371041
CUFF_NC.5857	3	9556134	9556541	+	0	0	0		24	10	119	0.08403361344537816	116	18	563	0.03197158081705151
CUFF_NC.5840	3	9561804	9563290	+	0	0	0		39	0	162	0.0	327	4	1389	0.0028797696184305254
CUFF_NC.5852	3	9565086	9567493	+	0	0	0		147	1	699	0.001430615164520744	591	12	2814	0.0042643923240938165
CUFF_NC.5853	3	9568337	9574070	+	0	0	0		267	114	1184	0.09628378378378379	1408	56	6040	0.009271523178807948
CUFF_NC.5854	3	9570340	9580163	+	0	0	0		343	2	1391	0.0014378145219266715	1694	20	7004	0.0028555111364934323
CUFF_NC.5844	3	9590322	9591043	-	0	0	0		34	0	166	0.0	186	2	921	0.002171552660152009
CUFF_NC.5850	3	9591610	9595304	+	0	0	0		130	1	570	0.0017543859649122807	740	7	3252	0.002152521525215252
CUFF_NC.5851	3	9595518	9600151	+	0	0	0		235	5	1191	0.0041981528127623844	1212	19	6036	0.0031477799867461894
CUFF_NC.5849	3	9605757	9607108	+	0	0	0		46	0	134	0.0	173	2	403	0.004962779156327543
CUFF_NC.5845	3	9608396	9608833	+	0	0	0		10	63	94	0.6702127659574468	44	16	235	0.06808510638297872
CUFF_NC.5846	3	9608841	9610362	-	0	0	0		0	0	0		15	1	45	0.022222222222222223
CUFF_NC.5856	3	9627659	9631616	+	0	0	0		193	1	978	0.0010224948875255625	948	13	4452	0.0029200359389038636
CUFF_NC.5861	3	9632695	9633493	+	0	0	0		39	1	236	0.00423728813559322	229	5	1253	0.0039904229848363925
CUFF_NC.5862	3	9636717	9641759	+	0	0	0		273	5	1373	0.003641660597232338	1224	15	5769	0.0026001040041601664
CUFF_NC.5863	3	9637453	9642794	+	0	0	0		289	4	1496	0.00267379679144385	1290	17	6272	0.0027104591836734694
CUFF_NC.5858	3	9644770	9647486	+	0	0	0		147	7	840	0.008333333333333333	750	41	3898	0.01051821446895844
CUFF_NC.5859	3	9646581	9647328	+	0	0	0		37	5	219	0.0228310502283105	199	14	1080	0.012962962962962963
CUFF_NC.5860	3	9658170	9658595	-	0	0	0		28	0	149	0.0	105	4	608	0.006578947368421052
CUFF_NC.5864	3	9672506	9673070	-	0	0	0		49	0	133	0.0	175	1	411	0.0024330900243309003
CUFF_NC.5865	3	9674344	9675432	-	0	0	0		70	1	256	0.00390625	295	1	996	0.001004016064257028
CUFF_NC.5866	3	9720252	9720673	+	0	0	0		14	1	58	0.017241379310344827	93	1	346	0.002890173410404624
CUFF_NC.5869	3	9752148	9753762	+	0	0	0		100	4	409	0.009779951100244499	476	1	1647	0.0006071645415907711
CUFF_NC.5868	3	9755988	9758563	-	0	0	0		180	0	544	0.0	747	6	2356	0.0025466893039049238
CUFF_NC.5867	3	9758827	9759393	-	0	0	0		37	0	143	0.0	144	0	408	0.0
CUFF_NC.5872	3	9761757	9762000	+	0	0	0		7	0	35	0.0	62	3	341	0.008797653958944282
CUFF_NC.5873	3	9764822	9765575	+	0	0	0		32	0	153	0.0	168	2	763	0.002621231979030144
CUFF_NC.5870	3	9768510	9769084	+	0	0	0		19	2	92	0.021739130434782608	162	2	776	0.002577319587628866
CUFF_NC.5871	3	9769716	9771396	-	0	0	0		101	0	359	0.0	443	2	1761	0.001135718341851221
CUFF_NC.5878	3	9785292	9786449	+	0	0	0		79	230	392	0.5867346938775511	283	93	1212	0.07673267326732673
CUFF_NC.5880	3	9789626	9790290	-	0	0	0		41	5	228	0.021929824561403508	178	2	845	0.002366863905325444
CUFF_NC.5891	3	9793230	9794425	-	0	0	0		86	0	338	0.0	345	5	1335	0.003745318352059925
CUFF_NC.5877	3	9809596	9810210	-	0	0	0		30	0	85	0.0	121	2	349	0.0057306590257879654
CUFF_NC.5874	3	9813513	9813938	-	0	0	0		31	0	129	0.0	118	1	581	0.0017211703958691911
CUFF_NC.5881	3	9822662	9823175	-	0	0	0		35	0	180	0.0	141	3	602	0.0049833887043189366
CUFF_NC.5876	3	9825916	9827555	-	0	0	0		96	1	410	0.0024390243902439024	448	9	2199	0.004092769440654843
CUFF_NC.5875	3	9827761	9828550	-	0	0	0		52	1	230	0.004347826086956522	199	2	821	0.00243605359317905
CUFF_NC.5882	3	9832653	9835374	+	0	0	0		177	1	871	0.001148105625717566	735	2	3220	0.0006211180124223603
CUFF_NC.5883	3	9864472	9864874	-	0	0	0		21	0	131	0.0	97	1	598	0.0016722408026755853
CUFF_NC.5884	3	9873739	9874150	-	0	0	0		27	0	78	0.0	113	3	413	0.007263922518159807
CUFF_NC.5885	3	9874255	9875408	-	0	0	0		34	34	170	0.2	293	11	1218	0.0090311986863711
CUFF_NC.5886	3	9875503	9878516	+	0	0	0		89	60	525	0.11428571428571428	739	107	4332	0.024699907663896584
CUFF_NC.5889	3	9887934	9889557	-	0	0	0		111	4	625	0.0064	463	8	2335	0.003426124197002141
CUFF_NC.5888	3	9898746	9899612	+	0	0	0		51	0	231	0.0	283	3	1193	0.002514668901927913
CUFF_NC.5890	3	9899860	9906809	+	0	0	0		184	226	1051	0.21503330161750714	1600	296	9111	0.03248820107562287
CUFF_NC.5892	3	9915597	9917195	+	0	0	0		143	4	550	0.007272727272727273	455	6	1533	0.003913894324853229
CUFF_NC.5893	3	9918262	9918939	+	0	0	0		24	1	136	0.007352941176470588	157	4	869	0.004602991944764097
CUFF_NC.5894	3	9921382	9922066	-	0	0	0		32	3	149	0.020134228187919462	185	1	721	0.0013869625520110957
CUFF_NC.5895	3	9928826	9932368	+	0	0	0		174	3	857	0.003500583430571762	894	14	4299	0.0032565712956501513
CUFF_NC.5896	3	9932841	9933451	+	0	0	0		53	0	237	0.0	153	0	679	0.0
CUFF_NC.5897	3	9941228	9941508	+	0	0	0		33	0	139	0.0	82	1	369	0.0027100271002710027
CUFF_NC.5898	3	9979916	9982533	+	0	0	0		95	1	490	0.0020408163265306124	549	5	2479	0.002016942315449778
CUFF_NC.5899	3	10004767	10005579	+	0	0	0		11	13	39	0.3333333333333333	65	10	202	0.04950495049504951
CUFF_NC.5917	3	10031917	10032346	-	0	0	0		11	27	51	0.5294117647058824	43	1	155	0.0064516129032258064
CUFF_NC.5916	3	10035383	10035668	+	0	0	0		24	0	114	0.0	55	2	276	0.007246376811594203
CUFF_NC.5906	3	10042693	10043165	+	0	0	0		23	0	87	0.0	81	0	231	0.0
CUFF_NC.5901	3	10043487	10043964	+	0	0	0		19	0	70	0.0	111	1	493	0.002028397565922921
CUFF_NC.5904	3	10047316	10050153	+	0	0	0		65	11	385	0.02857142857142857	553	55	3189	0.01724678582627783
CUFF_NC.5905	3	10054562	10055328	-	0	0	0		45	0	182	0.0	207	0	760	0.0
CUFF_NC.5903	3	10061040	10062982	-	0	0	0		108	3	488	0.006147540983606557	451	5	1928	0.0025933609958506223
CUFF_NC.5902	3	10063960	10066055	+	0	0	0		46	1	254	0.003937007874015748	414	7	2075	0.0033734939759036144
CUFF_NC.5911	3	10071805	10072639	-	0	0	0		55	0	250	0.0	243	4	982	0.004073319755600814
CUFF_NC.5907	3	10072954	10074024	-	0	0	0		59	0	256	0.0	183	1	762	0.0013123359580052493
CUFF_NC.5912	3	10086165	10086650	+	0	0	0		22	0	130	0.0	116	3	793	0.0037831021437578815
CUFF_NC.5908	3	10088856	10089339	+	0	0	0		23	0	80	0.0	100	0	251	0.0
CUFF_NC.5928	3	10094777	10095367	-	0	0	0		33	0	155	0.0	117	1	484	0.002066115702479339
CUFF_NC.5910	3	10106306	10111479	-	0	0	0		54	97	173	0.5606936416184971	218	88	632	0.13924050632911392
CUFF_NC.5909	3	10109060	10109693	-	0	0	0		30	74	111	0.6666666666666666	87	50	334	0.1497005988023952
CUFF_NC.5915	3	10118713	10121068	+	0	0	0		170	3	642	0.004672897196261682	499	3	1931	0.0015535991714137752
CUFF_NC.5913	3	10129335	10129980	+	0	0	0		45	1	249	0.004016064257028112	184	2	910	0.002197802197802198
CUFF_NC.5914	3	10131043	10131480	+	0	0	0		23	0	143	0.0	125	4	649	0.0061633281972265025
CUFF_NC.5918	3	10145179	10146081	+	0	0	0		36	35	144	0.24305555555555555	206	25	950	0.02631578947368421
CUFF_NC.5920	3	10154202	10155166	-	0	0	0		57	1	262	0.003816793893129771	284	3	1176	0.002551020408163265
CUFF_NC.5932	3	10164286	10164794	-	0	0	0		33	1	134	0.007462686567164179	113	0	423	0.0
CUFF_NC.5933	3	10166358	10166804	-	0	0	0		29	2	82	0.024390243902439025	104	2	299	0.006688963210702341
CUFF_NC.5923	3	10178985	10190378	+	0	0	0		260	5	1054	0.004743833017077799	1963	27	8047	0.0033552876848514973
CUFF_NC.5927	3	10193635	10194300	+	0	0	0		49	0	250	0.0	192	1	922	0.0010845986984815619
CUFF_NC.5919	3	10207507	10208932	+	0	0	0		96	6	424	0.014150943396226415	386	8	1509	0.005301524188204109
CUFF_NC.5921	3	10221098	10221896	-	0	0	0		44	0	166	0.0	207	3	905	0.0033149171270718232
CUFF_NC.5922	3	10222385	10223001	+	0	0	0		39	88	158	0.5569620253164557	154	70	618	0.11326860841423948
CUFF_NC.5931	3	10223419	10226381	+	0	0	0		175	279	906	0.3079470198675497	822	156	4239	0.03680113234253362
CUFF_NC.5929	3	10234590	10235626	-	0	0	0		72	0	401	0.0	265	4	1373	0.0029133284777858705
CUFF_NC.5925	3	10235772	10236632	-	0	0	0		8	1	54	0.018518518518518517	198	5	1192	0.0041946308724832215
CUFF_NC.5926	3	10239876	10240420	-	0	0	0		42	0	235	0.0	148	3	721	0.004160887656033287
CUFF_NC.5930	3	10244121	10244923	-	0	0	0		50	0	174	0.0	211	2	827	0.0024183796856106408
CUFF_NC.5936	3	10272180	10272786	-	0	0	0		17	0	58	0.0	149	2	380	0.005263157894736842
CUFF_NC.5934	3	10299906	10300741	-	0	0	0		20	27	109	0.24770642201834864	217	33	1184	0.02787162162162162
CUFF_NC.5935	3	10300298	10300913	+	0	0	0		15	27	85	0.3176470588235294	171	37	959	0.03858185610010428
CUFF_NC.5939	3	10303812	10306631	-	0	0	0		50	0	277	0.0	600	8	3535	0.002263083451202263
CUFF_NC.5940	3	10309424	10310302	-	0	0	0		30	0	154	0.0	228	1	1284	0.000778816199376947
CUFF_NC.5941	3	10323497	10325308	-	0	0	0		91	0	358	0.0	478	4	2045	0.0019559902200488996
CUFF_NC.5937	3	10328426	10329216	-	0	0	0		26	2	131	0.015267175572519083	237	8	1171	0.006831767719897523
CUFF_NC.5943	3	10338167	10339158	-	0	0	0		52	1	261	0.0038314176245210726	201	4	973	0.0041109969167523125
CUFF_NC.5946	3	10352910	10356685	+	0	0	0		124	7	651	0.010752688172043012	829	24	4074	0.005891016200294551
CUFF_NC.5942	3	10357511	10358576	+	0	0	0		28	2	146	0.0136986301369863	299	5	1391	0.0035945363048166786
CUFF_NC.5948	3	10373263	10374572	-	0	0	0		0	0	0		15	0	15	0.0
CUFF_NC.5944	3	10381824	10382359	+	0	0	0		29	0	117	0.0	173	1	579	0.0017271157167530224
CUFF_NC.5945	3	10389541	10390737	-	0	0	0		37	2	209	0.009569377990430622	350	6	2002	0.002997002997002997
CUFF_NC.5951	3	10430209	10431212	-	0	0	0		52	1	298	0.003355704697986577	216	2	831	0.0024067388688327317
CUFF_NC.5947	3	10436394	10438392	-	0	0	0		156	3	816	0.003676470588235294	549	5	3023	0.0016539861065167053
CUFF_NC.5972	3	10448321	10452371	-	0	0	0		115	2	480	0.004166666666666667	585	7	2296	0.003048780487804878
CUFF_NC.5973	3	10458817	10460156	-	0	0	0		56	23	284	0.08098591549295775	355	70	1716	0.04079254079254079
CUFF_NC.5957	3	10465594	10465951	-	0	0	0		21	1	110	0.00909090909090909	99	2	570	0.0035087719298245615
CUFF_NC.5949	3	10474799	10475932	-	0	0	0		0	0	0		11	4	11	0.36363636363636365
CUFF_NC.5950	3	10476129	10477159	-	0	0	0		1	0	3	0.0	14	1	33	0.030303030303030304
CUFF_NC.6340	3	10477909	10486455	+	0	0	0		54	2	106	0.018867924528301886	284	5	523	0.009560229445506692
CUFF_NC.5955	3	10500299	10501076	-	0	0	0		5	0	8	0.0	23	0	47	0.0
CUFF_NC.5953	3	10514578	10515198	+	0	0	0		40	22	271	0.08118081180811808	143	17	920	0.01847826086956522
CUFF_NC.5956	3	10517941	10518973	-	0	0	0		59	2	312	0.00641025641025641	227	3	1167	0.002570694087403599
CUFF_NC.5959	3	10529445	10530498	-	0	0	0		65	0	242	0.0	240	6	858	0.006993006993006993
CUFF_NC.5958	3	10530739	10532798	+	0	0	0		83	231	477	0.48427672955974843	550	313	3289	0.09516570386135603
CUFF_NC.5967	3	10538558	10539906	-	0	0	0		75	1	336	0.002976190476190476	325	4	1468	0.0027247956403269754
CUFF_NC.5962	3	10560065	10560909	+	0	0	0		4	2	4	0.5	29	3	29	0.10344827586206896
CUFF_NC.5966	3	10590325	10590782	+	0	0	0		13	0	86	0.0	89	1	395	0.002531645569620253
CUFF_NC.5968	3	10592856	10593510	-	0	0	0		11	0	48	0.0	132	11	576	0.019097222222222224
CUFF_NC.5971	3	10593724	10595291	+	0	0	0		108	2	429	0.004662004662004662	423	8	1736	0.004608294930875576
CUFF_NC.5969	3	10599589	10600088	+	0	0	0		22	0	144	0.0	109	3	597	0.005025125628140704
CUFF_NC.5970	3	10604685	10605615	-	0	0	0		32	16	174	0.09195402298850575	237	6	1210	0.0049586776859504135
CUFF_NC.5979	3	10622019	10622385	-	0	0	0		31	8	140	0.05714285714285714	98	3	454	0.006607929515418502
CUFF_NC.5977	3	10654605	10655007	+	0	0	0		16	1	60	0.016666666666666666	120	0	426	0.0
CUFF_NC.5978	3	10662973	10663749	-	0	0	0		13	3	53	0.05660377358490566	119	28	450	0.06222222222222222
CUFF_NC.5980	3	10675146	10675865	+	0	0	0		47	0	239	0.0	220	2	1150	0.0017391304347826088
CUFF_NC.5981	3	10691151	10691641	+	0	0	0		15	29	88	0.32954545454545453	108	13	537	0.024208566108007448
CUFF_NC.6080	3	10700706	10703883	+	0	0	0		71	75	261	0.28735632183908044	846	97	2449	0.03960800326663944
CUFF_NC.5983	3	10707554	10708420	-	0	0	0		43	0	190	0.0	234	3	916	0.0032751091703056767
CUFF_NC.5984	3	10711898	10712652	-	0	0	0		18	0	79	0.0	125	1	555	0.0018018018018018018
CUFF_NC.5986	3	10715580	10717352	-	0	0	0		78	0	362	0.0	522	4	1673	0.002390914524805738
CUFF_NC.5982	3	10718346	10718966	-	0	0	0		42	58	139	0.4172661870503597	158	30	642	0.04672897196261682
CUFF_NC.5985	3	10722921	10723725	-	0	0	0		36	2	169	0.011834319526627219	241	2	1079	0.0018535681186283596
CUFF_NC.5993	3	10731142	10731550	+	0	0	0		21	0	55	0.0	90	0	243	0.0
CUFF_NC.5990	3	10735654	10736350	-	0	0	0		3	0	3	0.0	5	0	5	0.0
CUFF_NC.5987	3	10753024	10753469	+	0	0	0		28	34	79	0.43037974683544306	88	8	281	0.028469750889679714
CUFF_NC.5991	3	10753702	10755695	-	0	0	0		40	0	180	0.0	493	13	2396	0.005425709515859766
CUFF_NC.5988	3	10758574	10759216	-	0	0	0		25	34	128	0.265625	137	18	731	0.024623803009575923
CUFF_NC.5989	3	10767295	10768415	+	0	0	0		4	2	4	0.5	10	0	10	0.0
CUFF_NC.5992	3	10782636	10784023	-	0	0	0		72	1	290	0.0034482758620689655	390	6	1663	0.0036079374624173183
CUFF_NC.5996	3	10805957	10807795	+	0	0	0		211	1	532	0.0018796992481203006	466	3	1362	0.0022026431718061676
CUFF_NC.5994	3	10809026	10809476	+	0	0	0		25	1	124	0.008064516129032258	120	2	643	0.003110419906687403
CUFF_NC.5995	3	10809073	10809455	-	0	0	0		19	1	94	0.010638297872340425	106	2	562	0.0035587188612099642
CUFF_NC.5998	3	10813936	10815168	+	0	0	0		84	0	394	0.0	388	4	1658	0.0024125452352231603
CUFF_NC.5999	3	10822309	10823943	+	0	0	0		51	5	293	0.017064846416382253	315	5	1527	0.0032743942370661427
CUFF_NC.5997	3	10824246	10824981	+	0	0	0		19	0	88	0.0	185	5	1076	0.004646840148698885
CUFF_NC.6001	3	10832703	10839768	-	0	0	0		206	59	957	0.06165099268547544	1314	97	6837	0.014187509141436303
CUFF_NC.6002	3	10832758	10838425	-	0	0	0		120	59	695	0.08489208633093526	979	93	5582	0.016660695091365103
CUFF_NC.6000	3	10848955	10850047	-	0	0	0		33	1	141	0.0070921985815602835	336	3	1256	0.0023885350318471337
CUFF_NC.6008	3	10887885	10889221	+	0	0	0		7	3	14	0.21428571428571427	29	1	43	0.023255813953488372
CUFF_NC.6004	3	10889286	10889976	+	0	0	0		31	1	116	0.008620689655172414	175	2	795	0.0025157232704402514
CUFF_NC.6010	3	10897996	10898610	+	0	0	0		20	1	66	0.015151515151515152	123	2	385	0.005194805194805195
CUFF_NC.6005	3	10904845	10907058	+	0	0	0		75	167	336	0.49702380952380953	412	126	1942	0.06488156539649846
CUFF_NC.6009	3	10912045	10912951	-	0	0	0		54	0	229	0.0	259	5	1100	0.004545454545454545
CUFF_NC.6011	3	10924627	10925758	-	0	0	0		58	1	209	0.004784688995215311	264	8	1085	0.007373271889400922
CUFF_NC.6013	3	10940348	10941897	+	0	0	0		79	0	298	0.0	293	1	1060	0.0009433962264150943
CUFF_NC.6012	3	10943169	10943815	+	0	0	0		22	0	86	0.0	155	1	679	0.0014727540500736377
CUFF_NC.6014	3	10959709	10961024	+	0	0	0		49	0	255	0.0	304	4	1233	0.0032441200324412004
CUFF_NC.6016	3	10993774	10994988	+	0	0	0		60	58	211	0.27488151658767773	352	52	1332	0.03903903903903904
CUFF_NC.6017	3	10995489	10996268	+	0	0	0		29	1	164	0.006097560975609756	242	4	1375	0.002909090909090909
CUFF_NC.6022	3	11011913	11012762	+	0	0	0		48	3	284	0.01056338028169014	214	1	1194	0.0008375209380234506
CUFF_NC.6019	3	11030102	11031100	+	0	0	0		26	0	153	0.0	245	4	1426	0.002805049088359046
CUFF_NC.6021	3	11034621	11035281	-	0	0	0		33	0	217	0.0	180	0	1165	0.0
CUFF_NC.6020	3	11037887	11038822	-	0	0	0		27	0	116	0.0	216	6	905	0.0066298342541436465
CUFF_NC.6023	3	11064446	11065105	+	0	0	0		19	24	84	0.2857142857142857	110	8	485	0.016494845360824743
CUFF_NC.6032	3	11102315	11103337	+	0	0	0		39	1	155	0.0064516129032258064	276	2	1146	0.0017452006980802793
CUFF_NC.6034	3	11109946	11110693	-	0	0	0		34	69	150	0.46	193	109	809	0.13473423980222496
CUFF_NC.6035	3	11110162	11110827	+	0	0	0		26	31	98	0.3163265306122449	164	47	638	0.07366771159874608
CUFF_NC.6027	3	11112397	11112960	+	0	0	0		20	10	117	0.08547008547008547	155	28	787	0.035578144853875476
CUFF_NC.6028	3	11150492	11150907	-	0	0	0		28	0	165	0.0	123	3	758	0.00395778364116095
CUFF_NC.6031	3	11164374	11165021	+	0	0	0		30	1	144	0.006944444444444444	158	1	612	0.0016339869281045752
CUFF_NC.6029	3	11189183	11189894	-	0	0	0		46	0	237	0.0	221	4	1078	0.0037105751391465678
CUFF_NC.6030	3	11191353	11192897	-	0	0	0		103	2	410	0.004878048780487805	486	2	1947	0.001027221366204417
CUFF_NC.6041	3	11194344	11194651	+	0	0	0		13	0	52	0.0	78	0	316	0.0
CUFF_NC.6036	3	11210187	11211015	-	0	0	0		24	0	136	0.0	222	3	1244	0.002411575562700965
CUFF_NC.6039	3	11216163	11216765	+	0	0	0		46	0	137	0.0	132	0	410	0.0
CUFF_NC.6037	3	11226784	11227590	-	0	0	0		28	76	166	0.4578313253012048	210	142	1260	0.1126984126984127
CUFF_NC.6038	3	11227130	11227828	+	0	0	0		33	92	195	0.4717948717948718	163	69	928	0.07435344827586207
CUFF_NC.6040	3	11229866	11230934	-	0	0	0		29	49	196	0.25	266	79	1822	0.0433589462129528
CUFF_NC.6045	3	11238683	11239637	-	0	0	0		58	0	265	0.0	268	6	1064	0.005639097744360902
CUFF_NC.6042	3	11242004	11243921	+	0	0	0		37	61	274	0.22262773722627738	462	52	3050	0.017049180327868854
CUFF_NC.6043	3	11265694	11266123	-	0	0	0		16	38	132	0.2878787878787879	73	26	454	0.05726872246696035
CUFF_NC.6044	3	11278373	11279001	-	0	0	0		25	0	80	0.0	164	2	464	0.004310344827586207
CUFF_NC.6079	3	11293589	11294656	-	0	0	0		66	1	372	0.002688172043010753	299	5	1610	0.003105590062111801
CUFF_NC.6046	3	11298912	11299574	+	0	0	0		23	3	92	0.03260869565217391	187	3	714	0.004201680672268907
CUFF_NC.6047	3	11324902	11326018	+	0	0	0		67	666	1231	0.5410235580828595	297	596	6203	0.09608254070610994
CUFF_NC.6048	3	11358628	11359122	-	0	0	0		16	1	77	0.012987012987012988	92	1	344	0.0029069767441860465
CUFF_NC.6049	3	11368572	11371314	+	0	0	0		129	282	702	0.4017094017094017	612	225	2730	0.08241758241758242
CUFF_NC.6050	3	11382249	11384472	+	0	0	0		79	2	294	0.006802721088435374	579	8	2408	0.0033222591362126247
CUFF_NC.6051	3	11392084	11392495	+	0	0	0		1	1	1	1.0	11	3	11	0.2727272727272727
CUFF_NC.6053	3	11393866	11394305	+	0	0	0		5	0	16	0.0	83	2	183	0.01092896174863388
CUFF_NC.6054	3	11403228	11403719	-	0	0	0		37	50	147	0.3401360544217687	111	29	459	0.06318082788671024
CUFF_NC.6056	3	11403742	11404289	+	0	0	0		35	39	123	0.3170731707317073	157	41	699	0.058655221745350504
CUFF_NC.6055	3	11403832	11404292	-	0	0	0		32	32	103	0.3106796116504854	125	29	504	0.057539682539682536
CUFF_NC.6062	3	11413019	11414259	+	0	0	0		87	135	386	0.34974093264248707	277	84	1078	0.07792207792207792
CUFF_NC.6061	3	11423736	11424243	-	0	0	0		25	25	90	0.2777777777777778	81	27	270	0.1
CUFF_NC.6057	3	11424457	11425157	-	0	0	0		1	1	1	1.0	17	5	48	0.10416666666666667
CUFF_NC.6058	3	11432404	11433342	-	0	0	0		4	1	4	0.25	48	2	48	0.041666666666666664
CUFF_NC.6059	3	11433633	11434347	-	0	0	0		4	4	9	0.4444444444444444	10	0	18	0.0
CUFF_NC.6060	3	11435851	11438178	-	0	0	0		0	0	0		11	0	11	0.0
CUFF_NC.6065	3	11447326	11448946	+	0	0	0		53	78	251	0.3107569721115538	366	97	1575	0.061587301587301586
CUFF_NC.6064	3	11449670	11451829	-	0	0	0		109	147	499	0.29458917835671344	494	88	2073	0.042450554751567775
CUFF_NC.6066	3	11452448	11453559	+	0	0	0		62	67	255	0.2627450980392157	297	75	1475	0.05084745762711865
CUFF_NC.6069	3	11480457	11481114	+	0	0	0		9	5	19	0.2631578947368421	89	9	200	0.045
CUFF_NC.6068	3	11485053	11485525	+	0	0	0		15	20	71	0.28169014084507044	126	13	585	0.022222222222222223
CUFF_NC.6073	3	11486283	11487318	-	0	0	0		32	14	98	0.14285714285714285	161	31	475	0.06526315789473684
CUFF_NC.6075	3	11498865	11502297	-	0	0	0		53	57	194	0.29381443298969073	262	78	1067	0.07310215557638237
CUFF_NC.6070	3	11504657	11505264	-	0	0	0		19	23	88	0.26136363636363635	131	20	627	0.03189792663476874
CUFF_NC.6071	3	11509253	11510521	+	0	0	0		57	123	288	0.4270833333333333	268	123	1381	0.0890658942795076
CUFF_NC.6072	3	11509458	11510510	-	0	0	0		45	101	216	0.4675925925925926	223	94	1149	0.08181026979982593
CUFF_NC.6074	3	11527541	11529374	-	0	0	0		102	4	393	0.010178117048346057	519	5	1848	0.0027056277056277055
CUFF_NC.6078	3	11531493	11533234	+	0	0	0		82	2	430	0.004651162790697674	396	6	1951	0.0030753459764223477
CUFF_NC.6077	3	11542107	11542939	-	0	0	0		18	20	50	0.4	125	26	289	0.08996539792387544
CUFF_NC.6076	3	11544975	11545599	-	0	0	0		3	2	8	0.25	17	7	44	0.1590909090909091
CUFF_NC.6090	3	11573869	11574840	-	0	0	0		64	116	289	0.4013840830449827	301	119	1339	0.0888722927557879
CUFF_NC.6081	3	11586004	11586548	-	0	0	0		19	33	97	0.3402061855670103	142	59	640	0.0921875
CUFF_NC.6084	3	11630954	11631748	+	0	0	0		0	0	0		11	0	11	0.0
CUFF_NC.6083	3	11645602	11646412	+	0	0	0		4	0	11	0.0	29	1	74	0.013513513513513514
CUFF_NC.6089	3	11650770	11652359	-	0	0	0		7	0	31	0.0	153	3	479	0.006263048016701462
CUFF_NC.6087	3	11664968	11668074	-	0	0	0		88	35	401	0.08728179551122195	856	10	3567	0.0028034763106251754
CUFF_NC.6088	3	11669041	11669791	-	0	0	0		32	2	121	0.01652892561983471	113	1	530	0.0018867924528301887
CUFF_NC.6091	3	11695898	11696898	-	0	0	0		59	1	246	0.0040650406504065045	245	3	952	0.0031512605042016808
CUFF_NC.6093	3	11702290	11702866	-	0	0	0		20	47	114	0.41228070175438597	172	60	818	0.07334963325183375
CUFF_NC.6092	3	11719043	11719505	+	0	0	0		24	26	104	0.25	100	3	412	0.007281553398058253
CUFF_NC.6094	3	11762053	11762537	-	0	0	0		9	13	52	0.25	100	21	660	0.031818181818181815
CUFF_NC.6096	3	11766236	11773504	+	0	0	0		280	534	1611	0.33147113594040967	1710	376	9528	0.03946263643996641
CUFF_NC.6100	3	11810534	11811501	-	0	0	0		40	0	205	0.0	261	3	1242	0.0024154589371980675
CUFF_NC.6102	3	11812117	11812582	-	0	0	0		30	1	169	0.005917159763313609	113	1	587	0.0017035775127768314
CUFF_NC.6098	3	11814626	11815684	+	0	0	0		24	28	115	0.24347826086956523	247	20	1153	0.017346053772766695
CUFF_NC.6101	3	11833632	11834439	+	0	0	0		33	21	109	0.1926605504587156	197	23	827	0.02781136638452237
CUFF_NC.6103	3	11837380	11837725	+	0	0	0		13	1	68	0.014705882352941176	73	4	516	0.007751937984496124
CUFF_NC.6105	3	11853552	11854533	-	0	0	0		15	42	67	0.6268656716417911	175	87	800	0.10875
CUFF_NC.6106	3	11854822	11855283	-	0	0	0		32	80	183	0.4371584699453552	136	43	733	0.058663028649386086
CUFF_NC.6107	3	11876972	11877392	-	0	0	0		15	25	70	0.35714285714285715	104	34	474	0.07172995780590717
CUFF_NC.6109	3	11892732	11893176	+	0	0	0		6	2	30	0.06666666666666667	118	45	681	0.06607929515418502
CUFF_NC.6108	3	11893586	11894353	+	0	0	0		20	51	115	0.4434782608695652	210	140	1134	0.12345679012345678
CUFF_NC.6110	3	11894526	11894851	+	0	0	0		10	13	33	0.3939393939393939	67	11	216	0.05092592592592592
CUFF_NC.6112	3	11896000	11897447	-	0	0	0		48	45	154	0.2922077922077922	225	57	791	0.07206068268015171
CUFF_NC.6113	3	11923866	11924642	+	0	0	0		20	0	76	0.0	172	1	766	0.0013054830287206266
CUFF_NC.6111	3	11934594	11935621	-	0	0	0		1	0	1	0.0	6	0	6	0.0
CUFF_NC.6119	3	11978225	11978651	+	0	0	0		19	0	80	0.0	116	0	487	0.0
CUFF_NC.6115	3	11982898	11984003	-	0	0	0		33	36	180	0.2	159	26	832	0.03125
CUFF_NC.6117	3	12041342	12043954	-	0	0	0		57	132	343	0.3848396501457726	395	252	2079	0.12121212121212122
CUFF_NC.6118	3	12060310	12064459	-	0	0	0		32	71	128	0.5546875	414	145	1914	0.07575757575757576
CUFF_NC.6120	3	12159609	12160244	-	0	0	0		2	1	2	0.5	17	0	17	0.0
CUFF_NC.6121	3	12210450	12211560	+	0	0	0		2	0	2	0.0	4	0	4	0.0
CUFF_NC.6122	3	12227358	12228092	+	0	0	0		6	9	21	0.42857142857142855	53	32	209	0.15311004784688995
CUFF_NC.6123	3	12236966	12237395	-	0	0	0		20	26	112	0.23214285714285715	117	20	490	0.04081632653061224
CUFF_NC.6124	3	12242846	12243801	-	0	0	0		36	87	178	0.4887640449438202	238	77	1067	0.07216494845360824
CUFF_NC.6125	3	12274754	12275186	-	0	0	0		20	45	99	0.45454545454545453	133	60	722	0.08310249307479224
CUFF_NC.6126	3	12299131	12299828	-	0	0	0		20	31	142	0.21830985915492956	179	53	1360	0.03897058823529412
CUFF_NC.6127	3	12318019	12318572	-	0	0	0		11	9	37	0.24324324324324326	108	14	485	0.0288659793814433
CUFF_NC.6130	3	12348944	12349478	-	0	0	0		33	62	169	0.3668639053254438	139	41	638	0.06426332288401254
CUFF_NC.6129	3	12389215	12389669	-	0	0	0		9	4	9	0.4444444444444444	33	3	33	0.09090909090909091
CUFF_NC.6131	3	12443275	12445143	-	0	0	0		3	1	3	0.3333333333333333	24	2	24	0.08333333333333333
CUFF_NC.6134	3	12445866	12448504	-	0	0	0		1	0	1	0.0	38	0	38	0.0
CUFF_NC.6135	3	12447043	12447540	-	0	0	0		1	0	1	0.0	12	0	12	0.0
CUFF_NC.6136	3	12450504	12451318	+	0	0	0		45	0	165	0.0	187	2	578	0.0034602076124567475
CUFF_NC.6132	3	12457465	12458011	-	0	0	0		22	33	77	0.42857142857142855	108	29	416	0.06971153846153846
CUFF_NC.6133	3	12458399	12459361	+	0	0	0		43	48	168	0.2857142857142857	232	48	1055	0.04549763033175355
CUFF_NC.6137	3	12471501	12473189	+	0	0	0		41	48	179	0.2681564245810056	404	85	1917	0.04434011476264997
CUFF_NC.6138	3	12487081	12487921	+	0	0	0		28	30	180	0.16666666666666666	177	59	1169	0.0504704875962361
CUFF_NC.6139	3	12534317	12534582	-	0	0	0		22	41	70	0.5857142857142857	73	36	291	0.12371134020618557
CUFF_NC.6140	3	12553227	12553755	+	0	0	0		12	10	73	0.136986301369863	150	41	645	0.06356589147286822
CUFF_NC.6141	3	12559299	12560076	-	0	0	0		29	26	120	0.21666666666666667	192	27	807	0.03345724907063197
CUFF_NC.6142	3	12582540	12582801	+	0	0	0		5	5	9	0.5555555555555556	31	7	64	0.109375
CUFF_NC.6143	3	12605893	12606479	+	0	0	0		28	34	146	0.2328767123287671	152	51	766	0.06657963446475196
CUFF_NC.6145	3	12610291	12610723	+	0	0	0		21	51	98	0.5204081632653061	93	48	459	0.10457516339869281
CUFF_NC.6144	3	12611096	12611945	+	0	0	0		39	52	204	0.2549019607843137	187	37	826	0.044794188861985475
CUFF_NC.6149	3	12612382	12613287	-	0	0	0		34	38	123	0.3089430894308943	260	51	813	0.06273062730627306
CUFF_NC.6150	3	12620381	12621800	-	0	0	0		38	25	144	0.1736111111111111	244	51	889	0.05736782902137233
CUFF_NC.6146	3	12638406	12639443	-	0	0	0		19	10	107	0.09345794392523364	163	32	880	0.03636363636363636
CUFF_NC.6147	3	12643857	12645070	-	0	0	0		51	79	238	0.3319327731092437	344	101	1622	0.06226880394574599
CUFF_NC.6151	3	12704444	12704858	+	0	0	0		0	0	0		12	0	12	0.0
CUFF_NC.6152	3	12719429	12720090	+	0	0	0		7	2	8	0.25	46	8	79	0.10126582278481013
CUFF_NC.6155	3	12721412	12722620	+	0	0	0		5	7	12	0.5833333333333334	22	18	92	0.1956521739130435
CUFF_NC.6158	3	12801945	12802819	+	0	0	0		15	25	54	0.46296296296296297	57	23	170	0.13529411764705881
CUFF_NC.6162	3	12920061	12920534	+	0	0	0		8	17	35	0.4857142857142857	36	12	144	0.08333333333333333
CUFF_NC.6161	3	12926044	12926947	+	0	0	0		1	0	2	0.0	20	5	42	0.11904761904761904
CUFF_NC.6176	3	12970775	12981890	+	0	0	0		519	3471	6819	0.5090189177298724	2479	3256	32902	0.09896054951066804
CUFF_NC.6163	3	12999518	13000304	+	0	0	0		3	0	5	0.0	86	11	346	0.031791907514450865
CUFF_NC.6168	3	13002358	13014273	+	0	0	0		50	42	102	0.4117647058823529	222	11	376	0.02925531914893617
CUFF_NC.6164	3	13015659	13016540	+	0	0	0		4	2	12	0.16666666666666666	18	3	37	0.08108108108108109
CUFF_NC.6165	3	13016698	13017287	+	0	0	0		10	10	30	0.3333333333333333	81	25	250	0.1
CUFF_NC.6167	3	13017450	13018593	+	0	0	0		26	27	46	0.5869565217391305	89	17	160	0.10625
CUFF_NC.6166	3	13018813	13019848	+	0	0	0		31	43	103	0.4174757281553398	148	46	489	0.09406952965235174
CUFF_NC.6169	3	13020143	13022636	+	0	0	0		3	0	3	0.0	17	0	17	0.0
CUFF_NC.6174	3	13057557	13058542	+	0	0	0		3	0	3	0.0	9	0	9	0.0
CUFF_NC.6175	3	13088239	13088907	+	0	0	0		43	55	135	0.4074074074074074	165	62	579	0.1070811744386874
CUFF_NC.6178	3	13102090	13104022	-	0	0	0		129	1	502	0.00199203187250996	481	2	1728	0.0011574074074074073
CUFF_NC.6179	3	13105102	13107337	-	0	0	0		39	47	164	0.2865853658536585	310	116	1304	0.08895705521472393
CUFF_NC.6177	3	13107490	13108581	-	0	0	0		31	46	131	0.3511450381679389	292	135	1264	0.10680379746835443
CUFF_NC.6184	3	13139047	13142921	+	0	0	0		13	6	23	0.2608695652173913	137	11	262	0.04198473282442748
CUFF_NC.6181	3	13161605	13162296	-	0	0	0		5	5	11	0.45454545454545453	44	17	117	0.1452991452991453
CUFF_NC.6195	3	13201824	13202399	-	0	0	0		27	88	176	0.5	117	61	725	0.08413793103448276
CUFF_NC.6196	3	13203849	13205278	-	0	0	0		58	96	219	0.4383561643835616	182	57	586	0.09726962457337884
CUFF_NC.6183	3	13213143	13213573	-	0	0	0		16	29	81	0.35802469135802467	65	21	360	0.058333333333333334
CUFF_NC.6190	3	13228346	13236157	-	0	0	0		3	3	5	0.6	23	0	33	0.0
CUFF_NC.6187	3	13251398	13252064	-	0	0	0		1	1	1	1.0	12	2	40	0.05
CUFF_NC.6194	3	13282389	13288281	+	0	0	0		2	0	2	0.0	3	0	3	0.0
CUFF_NC.6192	3	13342521	13342994	+	0	0	0		3	1	3	0.3333333333333333	13	0	13	0.0
CUFF_NC.6198	3	13394584	13395309	+	0	0	0		8	1	14	0.07142857142857142	72	1	138	0.007246376811594203
CUFF_NC.6237	3	13484675	13485776	+	0	0	0		52	0	250	0.0	300	5	1421	0.003518648838845883
CUFF_NC.6238	3	13493410	13493775	+	0	0	0		25	0	147	0.0	84	1	406	0.0024630541871921183
CUFF_NC.6202	3	13494331	13494838	+	0	0	0		20	30	54	0.5555555555555556	73	18	207	0.08695652173913043
CUFF_NC.6203	3	13496001	13496499	+	0	0	0		22	52	75	0.6933333333333334	82	27	287	0.09407665505226481
CUFF_NC.6204	3	13531792	13532616	+	0	0	0		32	45	173	0.26011560693641617	156	24	871	0.027554535017221583
CUFF_NC.6205	3	13586774	13587275	-	0	0	0		13	70	281	0.2491103202846975	153	286	5001	0.05718856228754249
CUFF_NC.6206	3	13586866	13587786	+	0	0	0		17	99	457	0.21663019693654267	263	519	8207	0.06323869867186548
CUFF_NC.6212	3	13588802	13592598	+	0	0	0		44	376	1633	0.23025107164727496	1006	3542	55323	0.06402400448276485
CUFF_NC.6213	3	13589478	13592601	-	0	0	0		34	225	1162	0.193631669535284	818	2784	43455	0.06406627545736969
CUFF_NC.6207	3	13593081	13600607	-	0	0	0		62	135	361	0.3739612188365651	405	233	2341	0.09953011533532678
CUFF_NC.6208	3	13593470	13596105	-	0	0	0		28	67	178	0.37640449438202245	176	137	1450	0.09448275862068965
CUFF_NC.6209	3	13597567	13598341	-	0	0	0		11	45	115	0.391304347826087	62	44	410	0.1073170731707317
CUFF_NC.6210	3	13597959	13600267	-	0	0	0		19	18	53	0.33962264150943394	109	27	251	0.10756972111553785
CUFF_NC.6211	3	13624211	13624643	+	0	0	0		12	10	16	0.625	36	5	54	0.09259259259259259
CUFF_NC.6220	3	13674749	13680387	-	0	0	0		4	0	4	0.0	6	0	6	0.0
CUFF_NC.6214	3	13699883	13701586	+	0	0	0		9	4	16	0.25	53	17	159	0.1069182389937107
CUFF_NC.6217	3	13702500	13707619	+	0	0	0		10	9	22	0.4090909090909091	63	18	147	0.12244897959183673
CUFF_NC.6215	3	13708292	13711625	+	0	0	0		6	0	9	0.0	61	6	101	0.0594059405940594
CUFF_NC.6216	3	13713250	13715567	+	0	0	0		2	11	20	0.55	42	27	283	0.09540636042402827
CUFF_NC.6219	3	13725920	13731122	+	0	0	0		1	0	3	0.0	15	3	41	0.07317073170731707
CUFF_NC.6221	3	13745524	13751324	+	0	0	0		7	9	24	0.375	75	19	223	0.08520179372197309
CUFF_NC.6223	3	13748828	13754814	+	0	0	0		6	9	23	0.391304347826087	63	18	211	0.08530805687203792
CUFF_NC.6225	3	13754939	13758736	+	0	0	0		1	1	1	1.0	4	0	4	0.0
CUFF_NC.6226	3	13777629	13786746	+	0	0	0		12	12	32	0.375	59	10	111	0.09009009009009009
CUFF_NC.6227	3	13784990	13790540	+	0	0	0		17	15	53	0.2830188679245283	84	22	250	0.088
CUFF_NC.6229	3	13794234	13798148	+	0	0	0		6	1	14	0.07142857142857142	58	15	170	0.08823529411764706
CUFF_NC.6230	3	13810221	13816366	-	0	0	0		58	112	280	0.4	452	229	2382	0.09613769941225861
CUFF_NC.6231	3	13836278	13840806	-	0	0	0		6	4	15	0.26666666666666666	87	18	215	0.08372093023255814
CUFF_NC.6233	3	13843221	13847167	-	0	0	0		22	35	93	0.3763440860215054	138	73	577	0.1265164644714038
CUFF_NC.6234	3	13866525	13870303	-	0	0	0		15	19	81	0.2345679012345679	100	50	404	0.12376237623762376
CUFF_NC.6235	3	13866579	13869178	-	0	0	0		13	19	77	0.24675324675324675	83	49	379	0.12928759894459102
CUFF_NC.6232	3	13870411	13871166	-	0	0	0		4	0	4	0.0	28	2	28	0.07142857142857142
CUFF_NC.6240	3	13872455	13874300	-	0	0	0		8	4	8	0.5	44	10	44	0.22727272727272727
CUFF_NC.6239	3	13875114	13875629	-	0	0	0		0	0	0		13	1	13	0.07692307692307693
CUFF_NC.6241	3	13875925	13877023	-	0	0	0		1	0	1	0.0	24	0	24	0.0
CUFF_NC.6244	3	13877752	13880187	-	0	0	0		1	0	1	0.0	9	0	9	0.0
CUFF_NC.6243	3	13966706	13967035	-	0	0	0		4	4	4	1.0	2	0	2	0.0
CUFF_NC.6253	3	13988904	13990338	-	0	0	0		0	0	0		30	0	30	0.0
CUFF_NC.6254	3	13989380	13989866	+	0	0	0		0	0	0		11	0	11	0.0
CUFF_NC.6267	3	14095553	14096243	+	0	0	0		34	37	139	0.26618705035971224	118	122	634	0.19242902208201892
CUFF_NC.6268	3	14096915	14097338	+	0	0	0		19	50	89	0.5617977528089888	100	61	495	0.12323232323232323
CUFF_NC.6252	3	14175298	14184484	-	0	0	0		28	21	79	0.26582278481012656	241	91	738	0.12330623306233063
CUFF_NC.6250	3	14186316	14188019	-	0	0	0		4	1	8	0.125	36	9	61	0.14754098360655737
CUFF_NC.6251	3	14188661	14191432	+	0	0	0		13	8	29	0.27586206896551724	124	41	386	0.10621761658031088
CUFF_NC.6256	3	14210097	14214779	+	0	0	0		116	708	1979	0.35775644264780193	789	1596	13908	0.11475409836065574
CUFF_NC.6257	3	14212812	14224335	+	0	0	0		217	1173	3421	0.3428821981876644	1467	2337	21789	0.10725595483959796
CUFF_NC.6258	3	14214239	14216506	+	0	0	0		65	405	1259	0.3216838760921366	464	1020	9828	0.10378510378510379
CUFF_NC.6259	3	14215397	14218711	+	0	0	0		58	221	777	0.28442728442728443	457	649	6194	0.1047788182111721
CUFF_NC.6255	3	14254773	14255669	-	0	0	0		48	51	134	0.3805970149253731	200	48	484	0.09917355371900827
CUFF_NC.6260	3	14261295	14261764	-	0	0	0		5	2	9	0.2222222222222222	135	42	336	0.125
CUFF_NC.6261	3	14270963	14272222	+	0	0	0		67	151	354	0.4265536723163842	286	95	1597	0.059486537257357544
CUFF_NC.6274	3	14276437	14276914	+	0	0	0		8	4	8	0.5	28	2	28	0.07142857142857142
CUFF_NC.6275	3	14276979	14278185	+	0	0	0		7	4	7	0.5714285714285714	32	0	32	0.0
CUFF_NC.6262	3	14287291	14287763	-	0	0	0		19	36	111	0.32432432432432434	102	12	554	0.021660649819494584
CUFF_NC.6263	3	14288140	14289566	+	0	0	0		36	45	201	0.22388059701492538	310	56	1460	0.038356164383561646
CUFF_NC.6264	3	14301926	14303281	+	0	0	0		84	128	343	0.37317784256559766	380	135	1676	0.0805489260143198
CUFF_NC.6265	3	14305525	14306068	-	0	0	0		23	51	100	0.51	113	42	397	0.10579345088161209
CUFF_NC.6269	3	14307529	14308352	+	0	0	0		44	71	226	0.3141592920353982	197	79	993	0.07955689828801611
CUFF_NC.6271	3	14309378	14311426	-	0	0	0		92	3	454	0.006607929515418502	566	10	3088	0.003238341968911917
CUFF_NC.6270	3	14317723	14318316	-	0	0	0		18	0	58	0.0	84	0	263	0.0
CUFF_NC.6272	3	14338931	14339440	-	0	0	0		4	8	10	0.8	26	14	81	0.1728395061728395
CUFF_NC.6277	3	14420535	14420941	+	0	0	0		6	7	14	0.5	22	10	81	0.12345679012345678
CUFF_NC.6279	3	14587828	14588405	-	0	0	0		0	0	0		30	1	30	0.03333333333333333
CUFF_NC.6280	3	14607026	14609210	-	0	0	0		4	2	4	0.5	28	2	28	0.07142857142857142
CUFF_NC.6281	3	14655127	14655584	-	0	0	0		13	17	35	0.4857142857142857	80	16	209	0.07655502392344497
CUFF_NC.6291	3	14656672	14662730	-	0	0	0		403	732	1519	0.4818959842001317	1568	630	5703	0.11046817464492373
CUFF_NC.6282	3	14670197	14670951	-	0	0	0		42	2	446	0.004484304932735426	177	4	1491	0.0026827632461435278
CUFF_NC.6284	3	14685558	14689364	-	0	0	0		60	28	338	0.08284023668639054	651	19	3212	0.005915317559153176
CUFF_NC.6285	3	14687022	14687664	+	0	0	0		17	16	120	0.13333333333333333	160	7	863	0.008111239860950173
CUFF_NC.6286	3	14687252	14688102	-	0	0	0		24	6	118	0.05084745762711865	199	5	761	0.006570302233902759
CUFF_NC.6287	3	14702837	14703279	-	0	0	0		22	57	97	0.5876288659793815	130	74	608	0.12171052631578948
CUFF_NC.6283	3	14717236	14717775	-	0	0	0		17	37	64	0.578125	91	27	329	0.08206686930091185
CUFF_NC.6288	3	14737892	14738639	-	0	0	0		26	12	127	0.09448818897637795	132	10	540	0.018518518518518517
CUFF_NC.6290	3	14749323	14750477	+	0	0	0		83	0	345	0.0	262	1	1164	0.000859106529209622
CUFF_NC.6293	3	14758433	14759037	+	0	0	0		38	0	148	0.0	133	2	337	0.005934718100890208
CUFF_NC.6289	3	14766327	14766697	+	0	0	0		23	76	132	0.5757575757575758	80	29	388	0.07474226804123711
CUFF_NC.6292	3	14783151	14784253	+	0	0	0		40	0	204	0.0	274	4	1349	0.0029651593773165306
CUFF_NC.6294	3	14790048	14790621	-	0	0	0		21	28	75	0.37333333333333335	163	64	566	0.11307420494699646
CUFF_NC.6295	3	14811043	14811522	-	0	0	0		2	1	4	0.25	28	0	34	0.0
CUFF_NC.6297	3	14838642	14839904	+	0	0	0		63	109	269	0.4052044609665427	365	112	1317	0.085041761579347
CUFF_NC.6300	3	14878053	14878622	+	0	0	0		42	0	205	0.0	175	3	968	0.0030991735537190084
CUFF_NC.6298	3	14885140	14885554	+	0	0	0		11	27	70	0.38571428571428573	122	58	751	0.07723035952063914
CUFF_NC.6299	3	14885969	14886341	-	0	0	0		8	18	58	0.3103448275862069	91	28	473	0.05919661733615222
CUFF_NC.6301	3	14887503	14887940	-	0	0	0		24	34	88	0.38636363636363635	87	21	305	0.06885245901639345
CUFF_NC.6302	3	14901488	14904340	-	0	0	0		75	95	444	0.21396396396396397	680	141	3643	0.03870436453472413
CUFF_NC.6303	3	14902206	14902705	-	0	0	0		20	26	114	0.22807017543859648	149	31	730	0.04246575342465753
CUFF_NC.6304	3	14932933	14933777	+	0	0	0		44	82	206	0.39805825242718446	240	93	1103	0.0843155031731641
CUFF_NC.6305	3	14990846	14991849	+	0	0	0		27	30	152	0.19736842105263158	237	30	1348	0.02225519287833828
CUFF_NC.6307	3	14999843	15000265	+	0	0	0		13	63	120	0.525	125	64	718	0.08913649025069638
CUFF_NC.6306	3	15026948	15027742	-	0	0	0		36	77	226	0.3407079646017699	204	86	1207	0.07125103562551781
CUFF_NC.6309	3	15078911	15080691	-	0	0	0		92	193	602	0.32059800664451826	408	129	2270	0.05682819383259912
CUFF_NC.6308	3	15091673	15092521	+	0	0	0		39	1	158	0.006329113924050633	257	7	846	0.008274231678486997
CUFF_NC.6312	3	15163490	15167273	-	0	0	0		236	455	1008	0.4513888888888889	990	482	4450	0.10831460674157303
CUFF_NC.6310	3	15170970	15171795	-	0	0	0		41	35	161	0.21739130434782608	230	17	1089	0.015610651974288337
CUFF_NC.6311	3	15177930	15178606	-	0	0	0		45	2	276	0.007246376811594203	166	2	944	0.00211864406779661
CUFF_NC.6315	3	15193654	15196034	-	0	0	0		206	3	915	0.003278688524590164	652	14	2848	0.0049157303370786515
CUFF_NC.6318	3	15202785	15203202	+	0	0	0		15	0	54	0.0	60	2	208	0.009615384615384616
CUFF_NC.6313	3	15205600	15207002	-	0	0	0		36	102	200	0.51	420	118	2059	0.05730937348227295
CUFF_NC.6314	3	15224215	15225590	+	0	0	0		43	7	201	0.03482587064676617	291	17	1165	0.014592274678111588
CUFF_NC.6316	3	15246059	15247761	-	0	0	0		83	123	214	0.5747663551401869	150	47	360	0.13055555555555556
CUFF_NC.6320	3	15269770	15270591	-	0	0	0		17	60	90	0.6666666666666666	168	39	765	0.050980392156862744
CUFF_NC.6317	3	15278300	15282503	-	0	0	0		180	740	1720	0.43023255813953487	1000	565	8004	0.07058970514742628
CUFF_NC.6339	3	15298568	15299634	+	0	0	0		32	35	166	0.21084337349397592	288	66	1384	0.0476878612716763
CUFF_NC.6319	3	15306809	15307759	-	0	0	0		58	133	372	0.3575268817204301	274	126	1647	0.07650273224043716
CUFF_NC.6321	3	15313410	15315173	+	0	0	0		49	73	235	0.31063829787234043	466	224	2165	0.10346420323325635
CUFF_NC.6323	3	15332004	15332408	-	0	0	0		11	2	65	0.03076923076923077	112	4	815	0.0049079754601227
CUFF_NC.6322	3	15338215	15338655	-	0	0	0		7	2	28	0.07142857142857142	102	19	522	0.03639846743295019
CUFF_NC.6326	3	15344046	15345659	-	0	0	0		49	78	269	0.2899628252788104	397	46	2142	0.021475256769374416
CUFF_NC.6324	3	15348850	15349217	-	0	0	0		10	0	45	0.0	84	1	589	0.001697792869269949
CUFF_NC.6325	3	15349541	15350403	-	0	0	0		29	52	205	0.25365853658536586	201	65	1303	0.0498848810437452
CUFF_NC.6328	3	15354766	15355375	+	0	0	0		27	0	118	0.0	159	2	528	0.003787878787878788
CUFF_NC.6327	3	15365737	15366774	+	0	0	0		50	142	254	0.5590551181102362	249	216	1415	0.15265017667844524
CUFF_NC.6331	3	15375561	15376011	-	0	0	0		16	36	106	0.33962264150943394	115	57	743	0.07671601615074024
CUFF_NC.6332	3	15380904	15381662	-	0	0	0		67	167	314	0.5318471337579618	208	95	977	0.09723643807574207
CUFF_NC.6329	3	15382209	15382904	-	0	0	0		36	91	160	0.56875	192	111	838	0.1324582338902148
CUFF_NC.6330	3	15383213	15383602	-	0	0	0		29	86	157	0.5477707006369427	124	80	639	0.12519561815336464
CUFF_NC.6337	3	15403722	15404847	+	0	0	0		74	0	382	0.0	310	4	1562	0.002560819462227913
CUFF_NC.6333	3	15410701	15411245	+	0	0	0		20	30	106	0.2830188679245283	177	81	926	0.08747300215982722
CUFF_NC.6334	3	15411407	15413091	+	0	0	0		5	5	19	0.2631578947368421	132	42	422	0.0995260663507109
CUFF_NC.6335	3	15412521	15412999	+	0	0	0		0	0	0		7	0	7	0.0
CUFF_NC.6341	3	15438161	15439174	+	0	0	0		27	17	138	0.12318840579710146	231	20	1126	0.017761989342806393
CUFF_NC.6342	3	15438536	15438990	-	0	0	0		15	1	49	0.02040816326530612	91	5	360	0.013888888888888888
CUFF_NC.6343	3	15483713	15484182	+	0	0	0		16	0	86	0.0	127	3	704	0.004261363636363636
CUFF_NC.6350	3	15489518	15489927	-	0	0	0		29	45	124	0.3629032258064516	112	32	497	0.06438631790744467
CUFF_NC.6361	3	15493626	15500102	+	0	0	0		509	1080	2081	0.5189812590100913	1968	894	8099	0.11038399802444747
CUFF_NC.6344	3	15500727	15501496	+	0	0	0		31	60	123	0.4878048780487805	200	104	922	0.11279826464208242
CUFF_NC.6345	3	15500846	15501417	-	0	0	0		28	54	98	0.5510204081632653	166	90	702	0.1282051282051282
CUFF_NC.6347	3	15501887	15503554	-	0	0	0		91	0	383	0.0	498	5	2294	0.002179598953792502
CUFF_NC.6346	3	15508523	15509247	+	0	0	0		48	126	224	0.5625	184	62	819	0.0757020757020757
CUFF_NC.6364	3	15523320	15524098	+	0	0	0		59	3	295	0.010169491525423728	225	0	1093	0.0
CUFF_NC.6348	3	15525649	15526532	-	0	0	0		43	1	194	0.005154639175257732	240	6	1169	0.0051325919589392645
CUFF_NC.6349	3	15530376	15531071	+	0	0	0		25	0	108	0.0	191	2	813	0.0024600246002460025
CUFF_NC.6351	3	15591668	15592120	+	0	0	0		26	27	75	0.36	119	29	357	0.08123249299719888
CUFF_NC.6355	3	15599168	15600475	-	0	0	0		87	10	313	0.03194888178913738	343	2	1355	0.0014760147601476014
CUFF_NC.6353	3	15604413	15605325	+	0	0	0		29	0	114	0.0	93	0	241	0.0
CUFF_NC.6354	3	15607274	15607695	+	0	0	0		26	1	186	0.005376344086021506	147	3	781	0.0038412291933418692
CUFF_NC.6352	3	15609805	15610211	-	0	0	0		8	1	42	0.023809523809523808	88	3	384	0.0078125
CUFF_NC.6358	3	15610532	15614811	-	0	0	0		72	143	376	0.3803191489361702	889	188	4478	0.04198302813756141
CUFF_NC.6359	3	15613616	15614024	+	0	0	0		6	9	27	0.3333333333333333	108	29	615	0.04715447154471545
CUFF_NC.6360	3	15615860	15616336	+	0	0	0		21	0	122	0.0	121	2	741	0.002699055330634278
CUFF_NC.6357	3	15618613	15619930	-	0	0	0		0	0	0		36	0	44	0.0
CUFF_NC.6356	3	15620612	15621375	-	0	0	0		1	0	1	0.0	12	1	12	0.08333333333333333
CUFF_NC.6362	3	15638058	15639497	-	0	0	0		0	0	0		16	0	16	0.0
CUFF_NC.6367	3	15644044	15644900	-	0	0	0		24	0	70	0.0	86	2	202	0.009900990099009901
CUFF_NC.6366	3	15661053	15661761	-	0	0	0		37	0	208	0.0	173	2	981	0.0020387359836901123
CUFF_NC.6365	3	15671960	15674603	-	0	0	0		144	5	615	0.008130081300813009	679	12	3080	0.003896103896103896
CUFF_NC.6369	3	15687454	15688760	-	0	0	0		71	88	236	0.3728813559322034	402	104	1549	0.0671400903808909
CUFF_NC.6368	3	15705838	15706732	-	0	0	0		23	0	103	0.0	186	4	1041	0.0038424591738712775
CUFF_NC.6370	3	15725201	15725772	+	0	0	0		23	60	126	0.47619047619047616	177	63	801	0.07865168539325842
CUFF_NC.6372	3	15732848	15734101	-	0	0	0		21	37	97	0.38144329896907214	239	63	999	0.06306306306306306
CUFF_NC.6371	3	15746253	15747063	+	0	0	0		27	5	107	0.04672897196261682	189	9	745	0.012080536912751677
CUFF_NC.6375	3	15768837	15769649	+	0	0	0		5	0	12	0.0	8	0	20	0.0
CUFF_NC.6373	3	15775062	15775713	+	0	0	0		30	2	111	0.018018018018018018	147	3	459	0.006535947712418301
CUFF_NC.6374	3	15780923	15782024	+	0	0	0		25	57	77	0.7402597402597403	152	50	419	0.11933174224343675
CUFF_NC.6379	3	15791383	15792444	-	0	0	0		28	57	93	0.6129032258064516	198	91	853	0.10668229777256741
CUFF_NC.6378	3	15801364	15802865	-	0	0	0		37	1	167	0.005988023952095809	270	4	1020	0.00392156862745098
CUFF_NC.6377	3	15834293	15834954	+	0	0	0		17	0	97	0.0	133	2	613	0.0032626427406199023
CUFF_NC.6383	3	15847787	15853693	+	0	0	0		8	3	9	0.3333333333333333	50	6	50	0.12
CUFF_NC.6382	3	15872000	15873084	+	0	0	0		30	0	147	0.0	229	2	1013	0.0019743336623889436
CUFF_NC.6381	3	15875122	15877077	-	0	0	0		40	22	219	0.1004566210045662	298	31	1643	0.018867924528301886
CUFF_NC.6384	3	15924837	15925246	-	0	0	0		11	3	63	0.047619047619047616	74	3	416	0.007211538461538462
CUFF_NC.6386	3	15931956	15932704	-	0	0	0		36	26	186	0.13978494623655913	213	16	1139	0.014047410008779631
CUFF_NC.6385	3	15934241	15934676	-	0	0	0		24	39	89	0.43820224719101125	98	21	422	0.04976303317535545
CUFF_NC.6388	3	15935409	15936584	-	0	0	0		45	14	258	0.05426356589147287	279	9	1294	0.006955177743431221
CUFF_NC.6389	3	15935997	15936542	+	0	0	0		31	1	194	0.005154639175257732	149	2	901	0.0022197558268590455
CUFF_NC.6387	3	15950764	15951175	-	0	0	0		12	0	62	0.0	125	2	754	0.002652519893899204
CUFF_NC.6391	3	15955947	15956671	+	0	0	0		44	80	193	0.41450777202072536	203	43	779	0.055198973042362
CUFF_NC.6395	3	15970368	15971055	+	0	0	0		37	0	204	0.0	176	2	1016	0.001968503937007874
CUFF_NC.6390	3	15971589	15972754	+	0	0	0		58	0	289	0.0	229	1	1129	0.0008857395925597874
CUFF_NC.6396	3	15984289	15988221	-	0	0	0		157	2	850	0.002352941176470588	1005	25	5379	0.0046477040342071015
CUFF_NC.6397	3	15984641	15988765	-	0	0	0		163	2	909	0.0022002200220022	1031	25	5564	0.004493170381020848
CUFF_NC.6398	3	15986651	15987295	-	0	0	0		28	0	139	0.0	176	4	938	0.0042643923240938165
CUFF_NC.6392	3	16000984	16002111	+	0	0	0		82	0	272	0.0	296	4	976	0.004098360655737705
CUFF_NC.6399	3	16018922	16019925	+	0	0	0		97	0	287	0.0	303	0	850	0.0
CUFF_NC.6394	3	16029043	16029902	-	0	0	0		5	0	28	0.0	62	2	217	0.009216589861751152
CUFF_NC.6401	3	16031169	16031444	+	0	0	0		28	0	134	0.0	71	1	406	0.0024630541871921183
CUFF_NC.6400	3	16037987	16038579	+	0	0	0		24	57	110	0.5181818181818182	180	74	880	0.08409090909090909
CUFF_NC.6407	3	16039081	16039608	+	0	0	0		0	0	0		8	1	14	0.07142857142857142
CUFF_NC.6417	3	16044762	16045419	+	0	0	0		30	31	156	0.1987179487179487	142	19	742	0.025606469002695417
CUFF_NC.6418	3	16046562	16047454	+	0	0	0		30	1	172	0.005813953488372093	190	1	976	0.0010245901639344263
CUFF_NC.6419	3	16047695	16049821	+	0	0	0		93	0	571	0.0	526	9	3181	0.0028292989625903803
CUFF_NC.6405	3	16069785	16071283	-	0	0	0		34	64	202	0.31683168316831684	311	102	1447	0.07049067035245335
CUFF_NC.6402	3	16071670	16072151	-	0	0	0		9	24	44	0.5454545454545454	121	163	663	0.2458521870286576
CUFF_NC.6403	3	16072457	16073234	+	0	0	0		21	29	72	0.4027777777777778	112	12	387	0.031007751937984496
CUFF_NC.6404	3	16072646	16073227	-	0	0	0		20	29	71	0.4084507042253521	64	1	201	0.004975124378109453
CUFF_NC.6406	3	16073915	16074785	+	0	0	0		39	0	150	0.0	155	0	426	0.0
CUFF_NC.6409	3	16079424	16082049	+	0	0	0		117	2	563	0.003552397868561279	494	19	2464	0.007711038961038961
CUFF_NC.6408	3	16083843	16084320	+	0	0	0		14	29	92	0.31521739130434784	126	45	784	0.05739795918367347
CUFF_NC.6439	3	16090611	16093540	+	0	0	0		84	71	441	0.16099773242630386	447	31	2285	0.013566739606126914
CUFF_NC.6438	3	16097799	16098280	-	0	0	0		14	0	46	0.0	23	0	70	0.0
CUFF_NC.6410	3	16114449	16115264	+	0	0	0		21	32	118	0.2711864406779661	224	44	1092	0.040293040293040296
CUFF_NC.6412	3	16120225	16120749	-	0	0	0		39	0	124	0.0	145	0	452	0.0
CUFF_NC.6414	3	16173544	16174911	+	0	0	0		61	70	226	0.30973451327433627	256	54	991	0.054490413723511606
CUFF_NC.6447	3	16191505	16192305	+	0	0	0		70	0	273	0.0	147	0	524	0.0
CUFF_NC.6446	3	16196017	16196289	-	0	0	0		2	0	2	0.0	22	0	26	0.0
CUFF_NC.6415	3	16201732	16202420	+	0	0	0		12	16	56	0.2857142857142857	103	62	802	0.0773067331670823
CUFF_NC.6420	3	16202999	16203837	+	0	0	0		26	41	116	0.35344827586206895	158	23	973	0.023638232271325797
CUFF_NC.6421	3	16203097	16203879	-	0	0	0		26	41	116	0.35344827586206895	132	23	900	0.025555555555555557
CUFF_NC.6416	3	16206163	16207007	+	0	0	0		10	19	36	0.5277777777777778	32	3	73	0.0410958904109589
CUFF_NC.6422	3	16207449	16208069	+	0	0	0		25	48	169	0.28402366863905326	136	42	923	0.04550379198266522
CUFF_NC.6423	3	16230337	16234275	+	0	0	0		218	5	1031	0.004849660523763337	992	15	4468	0.0033572068039391225
CUFF_NC.6424	3	16256372	16257203	+	0	0	0		3	0	3	0.0	14	0	14	0.0
CUFF_NC.6427	3	16259867	16260906	-	0	0	0		43	2	238	0.008403361344537815	228	2	985	0.0020304568527918783
CUFF_NC.6428	3	16261898	16262875	-	0	0	0		30	1	117	0.008547008547008548	134	0	497	0.0
CUFF_NC.6426	3	16271424	16273079	-	0	0	0		122	0	385	0.0	416	3	1358	0.0022091310751104565
CUFF_NC.6431	3	16290324	16290976	-	0	0	0		43	1	154	0.006493506493506494	189	1	634	0.0015772870662460567
CUFF_NC.6432	3	16291245	16292248	+	0	0	0		35	0	192	0.0	192	2	958	0.0020876826722338203
CUFF_NC.6429	3	16326314	16328042	-	0	0	0		62	14	303	0.0462046204620462	393	18	1741	0.010338885697874785
CUFF_NC.6430	3	16328034	16328502	+	0	0	0		28	0	86	0.0	95	1	309	0.003236245954692557
CUFF_NC.6437	3	16344241	16351071	-	0	0	0		234	17	1401	0.012134189864382585	1574	47	8890	0.005286839145106862
CUFF_NC.6436	3	16379848	16383542	-	0	0	0		121	2	652	0.003067484662576687	942	10	4989	0.0020044097013429546
CUFF_NC.6443	3	16396937	16404072	+	0	0	0		359	6	1613	0.0037197768133911966	1897	20	8461	0.0023637867864318637
CUFF_NC.6444	3	16404483	16406160	+	0	0	0		59	25	347	0.07204610951008646	301	61	1805	0.033795013850415515
CUFF_NC.6441	3	16408622	16410867	-	0	0	0		61	46	366	0.12568306010928962	567	43	3705	0.011605937921727396
CUFF_NC.6445	3	16427427	16428202	-	0	0	0		27	1	167	0.005988023952095809	205	2	1121	0.001784121320249777
CUFF_NC.6449	3	16434378	16434878	-	0	0	0		31	2	131	0.015267175572519083	131	2	535	0.003738317757009346
CUFF_NC.6448	3	16438901	16442123	-	0	0	0		92	113	486	0.23251028806584362	790	79	4082	0.01935325820676139
CUFF_NC.6451	3	16475508	16475739	+	0	0	0		13	0	38	0.0	62	0	198	0.0
CUFF_NC.6450	3	16486358	16489521	+	0	0	0		102	0	490	0.0	715	13	3186	0.004080351537978657
CUFF_NC.6453	3	16490640	16492058	+	0	0	0		110	2	424	0.0047169811320754715	385	4	1423	0.0028109627547434997
CUFF_NC.6455	3	16523876	16524348	-	0	0	0		31	0	87	0.0	100	2	297	0.006734006734006734
CUFF_NC.6454	3	16528472	16529210	-	0	0	0		54	0	235	0.0	229	4	912	0.0043859649122807015
CUFF_NC.6452	3	16533476	16534578	+	0	0	0		26	27	167	0.16167664670658682	279	37	1659	0.02230259192284509
CUFF_NC.6456	3	16541742	16542931	+	0	0	0		94	7	410	0.01707317073170732	291	4	1159	0.003451251078515962
CUFF_NC.6457	3	16557246	16558171	+	0	0	0		46	1	198	0.005050505050505051	211	3	895	0.0033519553072625698
CUFF_NC.6458	3	16568457	16569758	-	0	0	0		65	2	314	0.006369426751592357	268	4	935	0.0042780748663101605
CUFF_NC.6467	3	16572460	16572921	+	0	0	0		20	0	91	0.0	124	1	647	0.0015455950540958269
CUFF_NC.6459	3	16584060	16584865	-	0	0	0		19	16	78	0.20512820512820512	204	39	930	0.041935483870967745
CUFF_NC.6460	3	16584464	16584929	+	0	0	0		4	9	16	0.5625	127	35	739	0.04736129905277402
CUFF_NC.6462	3	16586018	16588481	-	0	0	0		75	3	434	0.0069124423963133645	567	12	3178	0.003775959723096287
CUFF_NC.6463	3	16587324	16588120	+	0	0	0		33	1	207	0.004830917874396135	165	8	960	0.008333333333333333
CUFF_NC.6461	3	16595064	16595763	-	0	0	0		46	115	162	0.7098765432098766	218	116	795	0.1459119496855346
CUFF_NC.6464	3	16596657	16597260	+	0	0	0		29	0	105	0.0	175	0	665	0.0
CUFF_NC.6470	3	16617915	16618805	-	0	0	0		30	0	142	0.0	167	0	654	0.0
CUFF_NC.6471	3	16619513	16620083	-	0	0	0		16	1	102	0.00980392156862745	113	2	694	0.002881844380403458
CUFF_NC.6472	3	16620742	16621313	-	0	0	0		29	0	83	0.0	125	2	395	0.005063291139240506
CUFF_NC.6465	3	16633650	16634305	+	0	0	0		49	0	218	0.0	188	3	942	0.0031847133757961785
CUFF_NC.6466	3	16635949	16636609	-	0	0	0		30	43	110	0.39090909090909093	115	21	336	0.0625
CUFF_NC.6489	3	16650464	16651160	+	0	0	0		25	0	123	0.0	170	3	740	0.004054054054054054
CUFF_NC.6468	3	16661145	16661889	+	0	0	0		58	0	329	0.0	229	4	1215	0.0032921810699588477
CUFF_NC.6469	3	16675475	16676798	+	0	0	0		50	3	296	0.010135135135135136	373	9	1999	0.004502251125562781
CUFF_NC.6476	3	16703658	16705098	+	0	0	0		45	0	261	0.0	334	4	1928	0.002074688796680498
CUFF_NC.6474	3	16714932	16717412	-	0	0	0		10	9	34	0.2647058823529412	49	11	143	0.07692307692307693
CUFF_NC.6475	3	16715132	16720041	+	0	0	0		37	12	70	0.17142857142857143	113	11	250	0.044
CUFF_NC.6480	3	16735324	16736115	+	0	0	0		52	0	233	0.0	212	2	911	0.0021953896816684962
CUFF_NC.6477	3	16755214	16756290	-	0	0	0		1	0	2	0.0	10	0	19	0.0
CUFF_NC.6487	3	16760934	16764253	-	0	0	0		250	3	1049	0.002859866539561487	926	6	3676	0.001632208922742111
CUFF_NC.6479	3	16766459	16767393	-	0	0	0		37	4	126	0.031746031746031744	198	3	669	0.004484304932735426
CUFF_NC.6478	3	16769715	16770084	+	0	0	0		16	0	74	0.0	94	3	408	0.007352941176470588
CUFF_NC.6482	3	16771149	16777042	-	0	0	0		238	8	1242	0.00644122383252818	1117	15	5554	0.002700756211739287
CUFF_NC.6483	3	16771681	16777872	-	0	0	0		253	6	1327	0.00452147701582517	1195	16	5896	0.0027137042062415195
CUFF_NC.6484	3	16780840	16784721	-	0	0	0		200	3	986	0.0030425963488843813	1022	22	4990	0.004408817635270541
CUFF_NC.6485	3	16784071	16786912	-	0	0	0		197	6	855	0.007017543859649123	706	12	3154	0.003804692454026633
CUFF_NC.6481	3	16788783	16789345	+	0	0	0		15	2	76	0.02631578947368421	95	2	448	0.004464285714285714
CUFF_NC.6498	3	16794721	16795141	+	0	0	0		36	0	169	0.0	113	1	528	0.001893939393939394
CUFF_NC.6486	3	16818418	16819231	-	0	0	0		74	2	310	0.0064516129032258064	191	3	859	0.0034924330616996507
CUFF_NC.6488	3	16846933	16847533	+	0	0	0		1	1	1	1.0	7	0	19	0.0
CUFF_NC.6494	3	16864731	16866361	+	0	0	0		92	1	501	0.001996007984031936	380	3	2052	0.0014619883040935672
CUFF_NC.6503	3	16866926	16868250	-	0	0	0		89	1	390	0.002564102564102564	368	7	1655	0.004229607250755287
CUFF_NC.6492	3	16883331	16883824	-	0	0	0		19	1	88	0.011363636363636364	100	1	463	0.0021598272138228943
CUFF_NC.6490	3	16884167	16885285	+	0	0	0		38	1	204	0.004901960784313725	315	6	1378	0.0043541364296081275
CUFF_NC.6491	3	16884252	16885088	-	0	0	0		26	0	143	0.0	241	4	1056	0.003787878787878788
CUFF_NC.6493	3	16889488	16891222	+	0	0	0		101	40	616	0.06493506493506493	460	26	2552	0.01018808777429467
CUFF_NC.6495	3	16893054	16896706	-	0	0	0		121	1	659	0.0015174506828528073	838	11	4269	0.0025767158585148745
CUFF_NC.6499	3	16907752	16910200	+	0	0	0		91	2	358	0.00558659217877095	429	4	1792	0.002232142857142857
CUFF_NC.6497	3	16913465	16914218	+	0	0	0		46	0	161	0.0	164	2	558	0.0035842293906810036
CUFF_NC.6496	3	16915101	16915654	-	0	0	0		32	1	106	0.009433962264150943	140	0	421	0.0
CUFF_NC.6500	3	16922649	16926868	+	0	0	0		126	0	637	0.0	1021	12	4694	0.0025564550489987218
CUFF_NC.6501	3	16945300	16945992	-	0	0	0		44	0	177	0.0	197	1	657	0.0015220700152207
CUFF_NC.6502	3	16947961	16948690	-	0	0	0		13	0	52	0.0	54	0	233	0.0
CUFF_NC.6509	3	16953964	16954454	+	0	0	0		28	0	155	0.0	126	4	660	0.006060606060606061
CUFF_NC.6504	3	16971424	16973376	+	0	0	0		152	1	648	0.0015432098765432098	506	5	2383	0.00209819555182543
CUFF_NC.6506	3	16972689	16975011	-	0	0	0		98	71	471	0.15074309978768577	645	77	3331	0.02311618132692885
CUFF_NC.6505	3	16974341	16974993	+	0	0	0		26	66	157	0.42038216560509556	202	40	1117	0.03581020590868397
CUFF_NC.6507	3	16986645	16987356	+	0	0	0		39	2	110	0.01818181818181818	142	0	380	0.0
CUFF_NC.6512	3	17015159	17015628	-	0	0	0		46	0	196	0.0	119	2	454	0.004405286343612335
CUFF_NC.6510	3	17017415	17017929	+	0	0	0		22	0	91	0.0	135	2	441	0.0045351473922902496
CUFF_NC.6515	3	17071178	17071693	+	0	0	0		3	0	3	0.0	3	0	3	0.0
CUFF_NC.6516	3	17081400	17081963	-	0	0	0		10	0	59	0.0	128	2	651	0.0030721966205837174
CUFF_NC.6527	3	17095478	17096327	+	0	0	0		35	0	141	0.0	163	2	581	0.0034423407917383822
CUFF_NC.6522	3	17106262	17111529	-	0	0	0		55	121	380	0.31842105263157894	299	197	2306	0.08542931483087597
CUFF_NC.6523	3	17111888	17115054	-	0	0	0		12	58	103	0.5631067961165048	122	91	789	0.11533586818757921
CUFF_NC.6520	3	17126198	17126857	+	0	0	0		43	1	143	0.006993006993006993	137	0	477	0.0
CUFF_NC.6517	3	17127228	17127980	-	0	0	0		13	1	60	0.016666666666666666	149	2	756	0.0026455026455026454
CUFF_NC.6528	3	17136382	17138314	+	0	0	0		120	0	430	0.0	496	3	1662	0.0018050541516245488
CUFF_NC.6521	3	17138613	17139144	-	0	0	0		12	0	61	0.0	140	2	859	0.002328288707799767
CUFF_NC.6524	3	17164062	17164989	-	0	0	0		45	106	218	0.48623853211009177	192	44	875	0.05028571428571429
CUFF_NC.6525	3	17164259	17165071	+	0	0	0		37	95	179	0.5307262569832403	164	41	728	0.05631868131868132
CUFF_NC.6526	3	17165711	17166288	-	0	0	0		19	0	84	0.0	175	2	808	0.0024752475247524753
CUFF_NC.6535	3	17188838	17198537	+	0	0	0		584	11	2842	0.0038705137227304713	2557	38	11628	0.0032679738562091504
CUFF_NC.6537	3	17196379	17196801	+	0	0	0		34	1	140	0.007142857142857143	111	1	411	0.0024330900243309003
CUFF_NC.6536	3	17198115	17201119	+	0	0	0		149	9	846	0.010638297872340425	831	7	4410	0.0015873015873015873
CUFF_NC.6531	3	17218123	17218951	+	0	0	0		54	2	263	0.0076045627376425855	262	3	1091	0.002749770852428964
CUFF_NC.6530	3	17231721	17232765	+	0	0	0		57	1	225	0.0044444444444444444	230	1	912	0.0010964912280701754
CUFF_NC.6532	3	17235352	17236620	+	0	0	0		36	36	149	0.24161073825503357	354	68	1552	0.04381443298969072
CUFF_NC.6538	3	17254699	17255262	+	0	0	0		46	62	196	0.3163265306122449	130	31	619	0.050080775444264945
CUFF_NC.6533	3	17261881	17262643	-	0	0	0		27	16	148	0.10810810810810811	214	13	1174	0.011073253833049404
CUFF_NC.6539	3	17263659	17264379	-	0	0	0		41	2	175	0.011428571428571429	173	0	611	0.0
CUFF_NC.6534	3	17268591	17269562	-	0	0	0		40	0	153	0.0	212	6	1241	0.004834810636583401
CUFF_NC.6542	3	17273775	17274840	+	0	0	0		58	0	279	0.0	304	3	1511	0.001985440105890139
CUFF_NC.6543	3	17314073	17317276	+	0	0	0		249	3	1202	0.0024958402662229617	852	13	3872	0.0033574380165289257
CUFF_NC.6544	3	17316372	17319565	+	0	0	0		191	2	823	0.002430133657351154	734	9	2769	0.0032502708559046588
CUFF_NC.6540	3	17320546	17321108	-	0	0	0		32	0	213	0.0	158	0	851	0.0
CUFF_NC.6541	3	17331923	17332750	+	0	0	0		5	0	37	0.0	41	1	238	0.004201680672268907
CUFF_NC.6556	3	17346694	17347772	+	0	0	0		70	0	333	0.0	264	4	1234	0.0032414910858995136
CUFF_NC.6557	3	17351176	17352016	+	0	0	0		26	3	119	0.025210084033613446	206	4	749	0.0053404539385847796
CUFF_NC.6548	3	17353811	17359683	-	0	0	0		239	157	1180	0.13305084745762713	1449	117	7266	0.01610239471511148
CUFF_NC.6549	3	17360994	17362461	+	0	0	0		69	5	426	0.011737089201877934	364	7	1946	0.0035971223021582736
CUFF_NC.6545	3	17362980	17363795	+	0	0	0		6	5	9	0.5555555555555556	69	37	125	0.296
CUFF_NC.6546	3	17372928	17374345	+	0	0	0		37	1	234	0.004273504273504274	385	2	2067	0.0009675858732462506
CUFF_NC.6547	3	17375539	17375965	+	0	0	0		34	0	173	0.0	113	4	528	0.007575757575757576
CUFF_NC.6551	3	17395783	17401871	+	0	0	0		27	37	115	0.3217391304347826	254	118	1443	0.08177408177408177
CUFF_NC.6555	3	17421972	17422335	-	0	0	0		1	0	1	0.0	5	0	5	0.0
CUFF_NC.6564	3	17445881	17446213	-	0	0	0		11	0	40	0.0	46	2	170	0.011764705882352941
CUFF_NC.6565	3	17447804	17448268	-	0	0	0		0	0	0		26	1	56	0.017857142857142856
CUFF_NC.6566	3	17448899	17452891	-	0	0	0		65	2	314	0.006369426751592357	451	1	1963	0.0005094243504839531
CUFF_NC.6563	3	17468718	17469572	+	0	0	0		31	0	120	0.0	243	3	1063	0.0028222013170272815
CUFF_NC.6562	3	17473411	17475236	+	0	0	0		79	1	337	0.002967359050445104	376	5	1599	0.0031269543464665416
CUFF_NC.6558	3	17480565	17481052	-	0	0	0		17	0	65	0.0	117	0	608	0.0
CUFF_NC.6567	3	17492303	17492902	-	0	0	0		26	0	78	0.0	118	0	368	0.0
CUFF_NC.6559	3	17495399	17495931	-	0	0	0		19	0	80	0.0	114	2	502	0.00398406374501992
CUFF_NC.6560	3	17496279	17497221	+	0	0	0		12	0	64	0.0	267	2	1333	0.0015003750937734434
CUFF_NC.6561	3	17503971	17505644	+	0	0	0		106	0	354	0.0	396	2	1089	0.0018365472910927456
CUFF_NC.6568	3	17518157	17519169	+	0	0	0		85	1	482	0.002074688796680498	270	4	1335	0.00299625468164794
CUFF_NC.6573	3	17528961	17534486	-	0	0	0		190	6	937	0.0064034151547491995	1381	26	6935	0.003749098774333093
CUFF_NC.6574	3	17530118	17535208	-	0	0	0		174	6	872	0.006880733944954129	1226	23	6304	0.003648477157360406
CUFF_NC.6570	3	17539657	17540422	+	0	0	0		36	0	118	0.0	251	1	910	0.001098901098901099
CUFF_NC.6571	3	17550424	17551278	-	0	0	0		65	0	286	0.0	224	2	998	0.002004008016032064
CUFF_NC.6569	3	17558716	17560764	-	0	0	0		130	1	397	0.0025188916876574307	507	3	1641	0.0018281535648994515
CUFF_NC.6572	3	17598448	17599141	+	0	0	0		50	1	292	0.003424657534246575	160	0	819	0.0
CUFF_NC.6579	3	17610389	17616359	-	0	0	0		261	3	1414	0.0021216407355021216	1569	35	8794	0.0039799863543325
CUFF_NC.6576	3	17626944	17627408	-	0	0	0		24	0	127	0.0	132	2	644	0.003105590062111801
CUFF_NC.6575	3	17644174	17646010	-	0	0	0		131	1	563	0.0017761989342806395	435	5	1708	0.002927400468384075
CUFF_NC.6577	3	17656628	17657430	+	0	0	0		57	1	207	0.004830917874396135	243	2	1013	0.0019743336623889436
CUFF_NC.6580	3	17665614	17667035	+	0	0	0		70	152	386	0.39378238341968913	352	88	1800	0.04888888888888889
CUFF_NC.6581	3	17715508	17716173	+	0	0	0		24	1	126	0.007936507936507936	157	2	813	0.0024600246002460025
CUFF_NC.6591	3	17775774	17776565	+	0	0	0		26	66	154	0.42857142857142855	171	63	961	0.06555671175858481
CUFF_NC.6590	3	17780872	17781326	+	0	0	0		36	0	183	0.0	115	1	694	0.001440922190201729
CUFF_NC.6582	3	17838595	17839731	-	0	0	0		55	0	234	0.0	313	5	1365	0.003663003663003663
CUFF_NC.6583	3	17842271	17842827	-	0	0	0		22	31	103	0.30097087378640774	136	22	563	0.03907637655417407
CUFF_NC.6584	3	17844523	17845558	+	0	0	0		58	1	332	0.0030120481927710845	229	1	1370	0.00072992700729927
CUFF_NC.6585	3	17845481	17846004	-	0	0	0		26	1	188	0.005319148936170213	102	3	782	0.0038363171355498722
CUFF_NC.6588	3	17867068	17868491	-	0	0	0		92	0	395	0.0	322	9	1420	0.006338028169014085
CUFF_NC.6586	3	17869863	17870304	+	0	0	0		28	0	139	0.0	142	1	654	0.0015290519877675841
CUFF_NC.6587	3	17872179	17874107	+	0	0	0		104	8	572	0.013986013986013986	505	8	2642	0.003028009084027252
CUFF_NC.6592	3	17887596	17890815	-	0	0	0		138	0	605	0.0	838	8	3536	0.0022624434389140274
CUFF_NC.6589	3	17894329	17895035	-	0	0	0		45	2	220	0.00909090909090909	192	1	862	0.001160092807424594
CUFF_NC.6594	3	17897784	17898456	-	0	0	0		39	1	215	0.004651162790697674	175	3	934	0.0032119914346895075
CUFF_NC.6595	3	17933582	17934155	-	0	0	0		43	2	242	0.008264462809917356	151	7	741	0.009446693657219974
CUFF_NC.6598	3	17941069	17941966	-	0	0	0		47	0	252	0.0	234	3	1204	0.0024916943521594683
CUFF_NC.6593	3	17945233	17945897	-	0	0	0		20	4	99	0.04040404040404041	133	1	799	0.0012515644555694619
CUFF_NC.6596	3	17962200	17962926	-	0	0	0		36	0	186	0.0	196	1	804	0.0012437810945273632
CUFF_NC.6597	3	17965537	17966070	-	0	0	0		26	0	135	0.0	147	2	825	0.0024242424242424242
CUFF_NC.6599	3	17974962	17975460	+	0	0	0		41	0	144	0.0	121	0	445	0.0
CUFF_NC.6602	3	17987118	17987954	-	0	0	0		56	0	271	0.0	189	2	795	0.0025157232704402514
CUFF_NC.6600	3	18027546	18028115	+	0	0	0		8	1	39	0.02564102564102564	127	0	673	0.0
CUFF_NC.6601	3	18028751	18029189	-	0	0	0		34	1	148	0.006756756756756757	85	1	364	0.0027472527472527475
CUFF_NC.6606	3	18031793	18032413	-	0	0	0		39	0	196	0.0	179	3	646	0.0046439628482972135
CUFF_NC.6607	3	18037123	18039806	+	0	0	0		171	3	753	0.00398406374501992	666	9	2648	0.0033987915407854984
CUFF_NC.6608	3	18043748	18044351	-	0	0	0		23	1	83	0.012048192771084338	147	0	503	0.0
CUFF_NC.6604	3	18055256	18056051	+	0	0	0		2	1	2	0.5	25	2	62	0.03225806451612903
CUFF_NC.6605	3	18059271	18059833	+	0	0	0		1	0	1	0.0	19	2	83	0.024096385542168676
CUFF_NC.6609	3	18069723	18070186	-	0	0	0		7	8	13	0.6153846153846154	125	42	599	0.07011686143572621
CUFF_NC.6613	3	18087072	18088008	+	0	0	0		1	0	1	0.0	8	0	8	0.0
CUFF_NC.6612	3	18091109	18095115	-	0	0	0		239	4	1319	0.003032600454890068	1133	24	5634	0.004259850905218318
CUFF_NC.6611	3	18095780	18096454	+	0	0	0		19	1	66	0.015151515151515152	210	0	548	0.0
CUFF_NC.6610	3	18116159	18116594	+	0	0	0		40	2	227	0.00881057268722467	94	1	467	0.0021413276231263384
CUFF_NC.6625	3	18127710	18129139	-	0	0	0		92	7	507	0.013806706114398421	412	6	2013	0.0029806259314456036
CUFF_NC.6626	3	18135082	18136484	-	0	0	0		99	1	561	0.0017825311942959	370	6	2076	0.002890173410404624
CUFF_NC.6614	3	18184270	18184778	+	0	0	0		28	2	164	0.012195121951219513	137	4	977	0.0040941658137154556
CUFF_NC.6616	3	18187403	18189143	+	0	0	0		144	1	677	0.0014771048744460858	461	6	1956	0.003067484662576687
CUFF_NC.6615	3	18209375	18209908	-	0	0	0		24	1	121	0.008264462809917356	158	1	799	0.0012515644555694619
CUFF_NC.6617	3	18213425	18213837	+	0	0	0		27	0	190	0.0	115	3	638	0.004702194357366771
CUFF_NC.6618	3	18215807	18216511	+	0	0	0		59	0	268	0.0	172	2	679	0.0029455081001472753
CUFF_NC.6620	3	18220679	18221332	-	0	0	0		21	0	79	0.0	104	2	358	0.00558659217877095
CUFF_NC.6624	3	18240847	18241413	+	0	0	0		23	0	89	0.0	127	1	584	0.0017123287671232876
CUFF_NC.6621	3	18249733	18251357	-	0	0	0		101	3	400	0.0075	333	4	1262	0.003169572107765452
CUFF_NC.6622	3	18252977	18253668	-	0	0	0		68	2	336	0.005952380952380952	165	2	806	0.0024813895781637717
CUFF_NC.6619	3	18254744	18255389	-	0	0	0		39	78	167	0.46706586826347307	158	43	634	0.06782334384858044
CUFF_NC.6623	3	18267265	18268054	+	0	0	0		48	1	162	0.006172839506172839	197	5	664	0.007530120481927711
CUFF_NC.6627	3	18276715	18279865	+	0	0	0		102	5	451	0.011086474501108648	778	17	3584	0.004743303571428571
CUFF_NC.6628	3	18285677	18286583	+	0	0	0		64	3	282	0.010638297872340425	254	2	862	0.002320185614849188
CUFF_NC.6631	3	18299532	18300480	+	0	0	0		42	0	228	0.0	202	3	897	0.0033444816053511705
CUFF_NC.6630	3	18303363	18303714	+	0	0	0		33	0	161	0.0	96	0	435	0.0
CUFF_NC.6629	3	18309862	18310718	-	0	0	0		3	6	14	0.42857142857142855	32	28	144	0.19444444444444445
CUFF_NC.6632	3	18318809	18319432	+	0	0	0		22	1	151	0.006622516556291391	99	4	621	0.00644122383252818
CUFF_NC.6633	3	18321044	18321344	+	0	0	0		16	0	69	0.0	75	3	367	0.008174386920980926
CUFF_NC.6634	3	18327290	18328060	-	0	0	0		54	0	299	0.0	206	2	1041	0.0019212295869356388
CUFF_NC.6639	3	18349147	18350103	+	0	0	0		81	1	321	0.003115264797507788	289	2	1217	0.0016433853738701725
CUFF_NC.6636	3	18354423	18360725	-	0	0	0		197	79	916	0.08624454148471616	1191	51	5719	0.008917642944570729
CUFF_NC.6638	3	18355260	18355755	+	0	0	0		22	1	146	0.00684931506849315	141	2	1005	0.001990049751243781
CUFF_NC.6637	3	18359354	18360356	-	0	0	0		36	29	144	0.2013888888888889	204	14	808	0.017326732673267328
CUFF_NC.6635	3	18360916	18361706	-	0	0	0		45	0	218	0.0	225	1	909	0.0011001100110011
CUFF_NC.6640	3	18366759	18367387	-	0	0	0		32	0	132	0.0	153	1	673	0.0014858841010401188
CUFF_NC.6652	3	18370646	18371339	-	0	0	0		47	0	196	0.0	181	0	678	0.0
CUFF_NC.6642	3	18372499	18373163	+	0	0	0		20	0	68	0.0	136	2	556	0.0035971223021582736
CUFF_NC.6649	3	18377217	18377769	-	0	0	0		25	0	147	0.0	140	1	685	0.00145985401459854
CUFF_NC.6650	3	18387396	18389118	+	0	0	0		125	2	599	0.00333889816360601	433	4	1462	0.0027359781121751026
CUFF_NC.6643	3	18418496	18420899	-	0	0	0		192	3	958	0.003131524008350731	669	7	3251	0.002153183635804368
CUFF_NC.6644	3	18450683	18451597	+	0	0	0		68	1	335	0.0029850746268656717	221	0	901	0.0
CUFF_NC.6645	3	18451929	18452359	-	0	0	0		11	0	70	0.0	124	4	793	0.005044136191677175
CUFF_NC.6646	3	18452576	18453125	+	0	0	0		12	0	54	0.0	144	6	774	0.007751937984496124
CUFF_NC.6647	3	18461875	18462172	+	0	0	0		19	0	76	0.0	61	1	228	0.0043859649122807015
CUFF_NC.6648	3	18468112	18470154	+	0	0	0		109	1	609	0.0016420361247947454	485	7	2227	0.003143242029636282
CUFF_NC.6654	3	18475789	18476228	+	0	0	0		19	0	104	0.0	131	2	657	0.0030441400304414
CUFF_NC.6653	3	18480930	18481699	-	0	0	0		35	0	161	0.0	193	3	1004	0.00298804780876494
CUFF_NC.6660	3	18485580	18485964	-	0	0	0		22	0	102	0.0	90	0	363	0.0
CUFF_NC.6659	3	18494264	18494877	+	0	0	0		15	0	74	0.0	170	2	852	0.002347417840375587
CUFF_NC.6655	3	18496179	18496618	-	0	0	0		35	0	213	0.0	107	0	517	0.0
CUFF_NC.6656	3	18497837	18498479	-	0	0	0		52	1	242	0.004132231404958678	150	1	666	0.0015015015015015015
CUFF_NC.6658	3	18500903	18502184	+	0	0	0		100	1	381	0.0026246719160104987	269	2	1111	0.0018001800180018
CUFF_NC.6657	3	18515539	18516418	-	0	0	0		11	1	65	0.015384615384615385	217	8	1124	0.0071174377224199285
CUFF_NC.6661	3	18516874	18519819	-	0	0	0		70	54	292	0.18493150684931506	613	28	2849	0.009828009828009828
CUFF_NC.6662	3	18522278	18523751	-	0	0	0		81	1	350	0.002857142857142857	345	5	1241	0.0040290088638195
CUFF_NC.6663	3	18530351	18531384	+	0	0	0		52	5	323	0.015479876160990712	287	8	1698	0.004711425206124852
CUFF_NC.6666	3	18532553	18534008	+	0	0	0		112	3	504	0.005952380952380952	412	0	1623	0.0
CUFF_NC.6664	3	18558147	18559554	+	0	0	0		113	2	425	0.004705882352941176	321	1	920	0.0010869565217391304
CUFF_NC.6665	3	18573071	18574292	-	0	0	0		67	2	349	0.0057306590257879654	356	1	1559	0.0006414368184733803
CUFF_NC.6668	3	18593817	18594497	+	0	0	0		23	0	88	0.0	120	1	467	0.0021413276231263384
CUFF_NC.6667	3	18610475	18611316	+	0	0	0		32	0	79	0.0	132	0	400	0.0
CUFF_NC.6676	3	18628484	18629046	+	0	0	0		38	2	206	0.009708737864077669	140	2	659	0.0030349013657056147
CUFF_NC.6670	3	18629745	18631239	+	0	0	0		50	16	111	0.14414414414414414	89	8	223	0.03587443946188341
CUFF_NC.6669	3	18634379	18635085	-	0	0	0		53	4	170	0.023529411764705882	179	9	510	0.01764705882352941
CUFF_NC.6671	3	18635717	18637312	-	0	0	0		101	0	488	0.0	459	6	2314	0.0025929127052722557
CUFF_NC.6672	3	18637739	18639946	-	0	0	0		115	4	549	0.007285974499089253	575	9	2799	0.003215434083601286
CUFF_NC.6674	3	18653641	18654805	+	0	0	0		64	136	208	0.6538461538461539	334	184	1312	0.1402439024390244
CUFF_NC.6675	3	18665400	18666759	+	0	0	0		122	1	497	0.002012072434607646	297	2	1119	0.0017873100983020554
CUFF_NC.6677	3	18672699	18673767	-	0	0	0		56	0	185	0.0	239	1	811	0.0012330456226880395
CUFF_NC.6678	3	18680422	18681426	+	0	0	0		82	1	296	0.0033783783783783786	308	3	1080	0.002777777777777778
CUFF_NC.6679	3	18702080	18702964	-	0	0	0		52	3	212	0.014150943396226415	222	6	831	0.007220216606498195
CUFF_NC.6680	3	18706804	18707796	-	0	0	0		56	0	188	0.0	261	1	812	0.0012315270935960591
CUFF_NC.6681	3	18706844	18707806	+	0	0	0		53	0	168	0.0	252	1	764	0.0013089005235602095
CUFF_NC.6683	3	18725976	18728242	-	0	0	0		40	45	204	0.22058823529411764	524	154	3273	0.047051634586006724
CUFF_NC.6682	3	18730311	18730774	-	0	0	0		28	0	188	0.0	116	4	715	0.005594405594405594
CUFF_NC.6692	3	18733025	18739827	-	0	0	0		12	34	52	0.6538461538461539	169	62	563	0.11012433392539965
CUFF_NC.6687	3	18741725	18742137	+	0	0	0		38	0	142	0.0	95	0	316	0.0
CUFF_NC.6688	3	18743745	18744206	+	0	0	0		23	0	131	0.0	101	1	452	0.0022123893805309734
CUFF_NC.6684	3	18749883	18750256	+	0	0	0		12	0	83	0.0	111	1	592	0.0016891891891891893
CUFF_NC.6686	3	18753660	18754367	-	0	0	0		43	0	230	0.0	177	1	1098	0.0009107468123861566
CUFF_NC.6685	3	18757490	18758140	-	0	0	0		20	0	80	0.0	187	3	766	0.0039164490861618795
CUFF_NC.6690	3	18759266	18759986	-	0	0	0		34	0	171	0.0	145	3	566	0.00530035335689046
CUFF_NC.6689	3	18768730	18769374	+	0	0	0		30	0	98	0.0	204	2	587	0.0034071550255536627
CUFF_NC.6694	3	18786404	18786951	+	0	0	0		30	0	192	0.0	122	1	679	0.0014727540500736377
CUFF_NC.6693	3	18791149	18796088	-	0	0	0		347	1609	3174	0.5069313169502205	1348	1300	12443	0.10447641244072972
CUFF_NC.6691	3	18796319	18796907	+	0	0	0		11	0	51	0.0	136	4	835	0.004790419161676647
CUFF_NC.6695	3	18800363	18800943	-	0	0	0		34	1	130	0.007692307692307693	131	3	334	0.008982035928143712
CUFF_NC.6696	3	18806623	18808342	+	0	0	0		136	3	579	0.0051813471502590676	385	2	1393	0.0014357501794687725
CUFF_NC.6699	3	18830912	18831640	-	0	0	0		4	1	5	0.2	27	0	35	0.0
CUFF_NC.6698	3	18830912	18831924	+	0	0	0		4	1	5	0.2	27	0	35	0.0
CUFF_NC.6697	3	18832606	18833064	-	0	0	0		29	0	97	0.0	133	3	535	0.005607476635514018
CUFF_NC.6700	3	18835092	18837649	+	0	0	0		153	5	681	0.007342143906020558	687	5	2531	0.0019755037534571317
CUFF_NC.6701	3	18835772	18836765	+	0	0	0		45	2	197	0.01015228426395939	285	2	834	0.002398081534772182
CUFF_NC.6702	3	18855318	18857015	+	0	0	0		109	0	445	0.0	486	8	1861	0.004298764105319721
CUFF_NC.6703	3	18861874	18863421	+	0	0	0		76	0	358	0.0	392	3	1745	0.0017191977077363897
CUFF_NC.6705	3	18867837	18869208	-	0	0	0		61	0	250	0.0	376	4	1526	0.002621231979030144
CUFF_NC.6704	3	18872876	18873553	+	0	0	0		17	0	98	0.0	166	2	1010	0.0019801980198019802
CUFF_NC.6708	3	18873907	18874723	-	0	0	0		29	0	89	0.0	202	3	872	0.0034403669724770644
CUFF_NC.6714	3	18879072	18879912	+	0	0	0		41	1	276	0.0036231884057971015	215	5	1444	0.0034626038781163434
CUFF_NC.6715	3	18880474	18880771	+	0	0	0		20	1	105	0.009523809523809525	85	0	453	0.0
CUFF_NC.6706	3	18883922	18884393	-	0	0	0		28	8	180	0.044444444444444446	101	20	625	0.032
CUFF_NC.6707	3	18885906	18886364	-	0	0	0		6	8	19	0.42105263157894735	54	18	167	0.10778443113772455
CUFF_NC.6711	3	18890958	18892621	+	0	0	0		123	4	465	0.008602150537634409	463	5	1689	0.002960331557134399
CUFF_NC.6709	3	18892729	18893229	-	0	0	0		28	0	164	0.0	118	2	814	0.002457002457002457
CUFF_NC.6710	3	18892842	18893652	+	0	0	0		48	1	291	0.003436426116838488	191	3	1283	0.002338269680436477
CUFF_NC.6712	3	18897028	18898599	+	0	0	0		102	1	557	0.0017953321364452424	357	6	1853	0.0032379924446842958
CUFF_NC.6713	3	18899582	18899997	+	0	0	0		19	0	102	0.0	92	2	439	0.004555808656036446
CUFF_NC.6719	3	18916189	18917336	-	0	0	0		73	1	344	0.0029069767441860465	308	4	1552	0.002577319587628866
CUFF_NC.6716	3	18917621	18918705	-	0	0	0		40	0	244	0.0	281	3	1653	0.0018148820326678765
CUFF_NC.6717	3	18924860	18925442	-	0	0	0		20	8	104	0.07692307692307693	101	24	442	0.05429864253393665
CUFF_NC.6721	3	18929538	18932922	-	0	0	0		109	3	494	0.006072874493927126	680	14	2906	0.004817618719889883
CUFF_NC.6722	3	18946187	18947493	+	0	0	0		81	0	323	0.0	335	2	1361	0.0014695077149155032
CUFF_NC.6720	3	18949462	18950195	-	0	0	0		25	1	129	0.007751937984496124	185	2	912	0.0021929824561403508
CUFF_NC.6723	3	18973966	18974576	-	0	0	0		57	0	194	0.0	142	0	432	0.0
CUFF_NC.6727	3	18998152	18999702	-	0	0	0		105	3	445	0.006741573033707865	413	2	1720	0.0011627906976744186
CUFF_NC.6731	3	19000693	19001399	-	0	0	0		41	1	174	0.005747126436781609	161	4	710	0.005633802816901409
CUFF_NC.6732	3	19004574	19005346	-	0	0	0		67	1	291	0.003436426116838488	229	2	875	0.002285714285714286
CUFF_NC.6726	3	19007133	19008409	+	0	0	0		100	2	392	0.00510204081632653	335	5	1291	0.0038729666924864447
CUFF_NC.6724	3	19012206	19013193	+	0	0	0		46	1	195	0.005128205128205128	217	2	1043	0.0019175455417066154
CUFF_NC.6725	3	19012446	19012976	-	0	0	0		29	0	128	0.0	133	0	654	0.0
CUFF_NC.6728	3	19028633	19029319	-	0	0	0		48	1	269	0.0037174721189591076	172	2	606	0.0033003300330033004
CUFF_NC.6729	3	19038031	19038839	-	0	0	0		40	1	186	0.005376344086021506	220	2	996	0.002008032128514056
CUFF_NC.6730	3	19039929	19041091	-	0	0	0		70	0	304	0.0	315	4	1310	0.0030534351145038168
CUFF_NC.6734	3	19071427	19072046	-	0	0	0		35	0	166	0.0	189	3	925	0.003243243243243243
CUFF_NC.6736	3	19081046	19082633	+	0	0	0		80	0	365	0.0	442	4	2118	0.0018885741265344666
CUFF_NC.6740	3	19085048	19085830	-	0	0	0		24	1	130	0.007692307692307693	219	3	1156	0.0025951557093425604
CUFF_NC.6741	3	19095826	19096268	-	0	0	0		33	1	207	0.004830917874396135	120	6	641	0.0093603744149766
CUFF_NC.6737	3	19107932	19108837	-	0	0	0		55	0	264	0.0	246	3	1221	0.002457002457002457
CUFF_NC.6739	3	19132372	19133257	+	0	0	0		69	1	306	0.0032679738562091504	245	4	1116	0.0035842293906810036
CUFF_NC.6743	3	19151416	19152140	-	0	0	0		39	1	136	0.007352941176470588	206	3	830	0.0036144578313253013
CUFF_NC.6738	3	19152526	19153002	-	0	0	0		13	0	64	0.0	80	3	352	0.008522727272727272
CUFF_NC.6742	3	19168617	19169601	-	0	0	0		47	1	230	0.004347826086956522	252	3	985	0.003045685279187817
CUFF_NC.6747	3	19188624	19192040	-	0	0	0		251	0	984	0.0	1002	7	3586	0.0019520356943669827
CUFF_NC.6744	3	19192662	19195269	-	0	0	0		94	2	615	0.0032520325203252032	600	13	3527	0.003685851998865892
CUFF_NC.6745	3	19206099	19206580	-	0	0	0		23	0	120	0.0	98	2	423	0.004728132387706856
CUFF_NC.6746	3	19207118	19208495	+	0	0	0		104	3	512	0.005859375	367	3	1815	0.001652892561983471
CUFF_NC.6750	3	19248423	19248782	+	0	0	0		17	0	89	0.0	75	0	350	0.0
CUFF_NC.6748	3	19250491	19251159	+	0	0	0		43	1	209	0.004784688995215311	163	2	786	0.002544529262086514
CUFF_NC.6749	3	19267273	19267761	-	0	0	0		23	0	112	0.0	128	1	674	0.001483679525222552
CUFF_NC.6754	3	19273644	19274810	+	0	0	0		68	0	294	0.0	365	7	1402	0.004992867332382311
CUFF_NC.6751	3	19287646	19289226	-	0	0	0		90	2	451	0.004434589800443459	371	4	1541	0.0025957170668397143
CUFF_NC.6752	3	19293743	19297310	-	0	0	0		185	5	1033	0.00484027105517909	958	15	5246	0.0028593213877239803
CUFF_NC.6753	3	19294217	19298116	-	0	0	0		204	6	1106	0.0054249547920434	1043	14	5694	0.0024587284861257463
CUFF_NC.6757	3	19310557	19312396	+	0	0	0		88	1	468	0.002136752136752137	461	7	2076	0.003371868978805395
CUFF_NC.6758	3	19338411	19342737	-	0	0	0		335	4	1636	0.0024449877750611247	1195	13	5635	0.0023070097604259094
CUFF_NC.6755	3	19346230	19346645	+	0	0	0		12	0	43	0.0	129	0	322	0.0
CUFF_NC.6756	3	19347845	19348691	+	0	0	0		75	0	404	0.0	246	7	1267	0.0055248618784530384
CUFF_NC.6759	3	19403870	19404941	+	0	0	0		66	1	360	0.002777777777777778	297	6	1599	0.00375234521575985
CUFF_NC.6760	3	19417348	19418463	-	0	0	0		67	0	289	0.0	290	3	1039	0.0028873917228103944
CUFF_NC.6762	3	19431124	19432033	-	0	0	0		33	0	138	0.0	227	2	1152	0.001736111111111111
CUFF_NC.6761	3	19435158	19436248	-	0	0	0		60	1	269	0.0037174721189591076	333	4	1708	0.00234192037470726
CUFF_NC.6763	3	19450538	19451589	-	0	0	0		52	0	204	0.0	284	6	1013	0.005923000987166831
CUFF_NC.6764	3	19460895	19463779	-	0	0	0		95	1	443	0.002257336343115124	717	5	3387	0.0014762326542663124
CUFF_NC.6767	3	19465460	19467513	+	0	0	0		136	1	655	0.0015267175572519084	487	2	2055	0.0009732360097323601
CUFF_NC.6768	3	19473382	19474272	-	0	0	0		42	1	173	0.005780346820809248	258	3	1096	0.002737226277372263
CUFF_NC.6765	3	19474978	19475657	-	0	0	0		46	0	168	0.0	156	0	634	0.0
CUFF_NC.6770	3	19502403	19502850	-	0	0	0		30	0	125	0.0	133	2	593	0.003372681281618887
CUFF_NC.6766	3	19509543	19510244	+	0	0	0		7	0	7	0.0	31	0	33	0.0
CUFF_NC.6769	3	19511484	19512843	-	0	0	0		47	0	211	0.0	363	1	1802	0.0005549389567147614
CUFF_NC.6774	3	19519961	19520514	+	0	0	0		40	1	215	0.004651162790697674	147	1	674	0.001483679525222552
CUFF_NC.6773	3	19523702	19524846	-	0	0	0		76	3	369	0.008130081300813009	316	2	1597	0.0012523481527864746
CUFF_NC.6775	3	19538371	19543190	+	0	0	0		154	4	705	0.005673758865248227	1156	18	5711	0.003151812292067939
CUFF_NC.6771	3	19546238	19547262	+	0	0	0		37	3	162	0.018518518518518517	205	1	713	0.001402524544179523
CUFF_NC.6780	3	19547357	19549011	-	0	0	0		53	2	260	0.007692307692307693	326	5	1602	0.003121098626716604
CUFF_NC.6781	3	19548971	19549593	+	0	0	0		9	0	35	0.0	147	1	617	0.0016207455429497568
CUFF_NC.6772	3	19554462	19554956	+	0	0	0		22	1	66	0.015151515151515152	82	0	213	0.0
CUFF_NC.6779	3	19569349	19570584	-	0	0	0		89	1	311	0.003215434083601286	239	4	989	0.004044489383215369
CUFF_NC.6777	3	19575509	19576552	+	0	0	0		47	3	234	0.01282051282051282	275	4	1414	0.002828854314002829
CUFF_NC.6778	3	19576711	19577169	+	0	0	0		23	1	78	0.01282051282051282	107	1	421	0.0023752969121140144
CUFF_NC.6783	3	19611328	19612765	-	0	0	0		101	11	406	0.027093596059113302	420	6	1583	0.003790271636133923
CUFF_NC.6782	3	19617595	19618002	+	0	0	0		16	0	69	0.0	118	5	669	0.007473841554559043
CUFF_NC.6785	3	19642835	19643301	+	0	0	0		37	0	143	0.0	120	0	404	0.0
CUFF_NC.6784	3	19646366	19646923	-	0	0	0		28	0	117	0.0	159	2	682	0.002932551319648094
CUFF_NC.6787	3	19657239	19661137	+	0	0	0		170	4	932	0.004291845493562232	997	13	5376	0.002418154761904762
CUFF_NC.6788	3	19674541	19674894	-	0	0	0		19	0	93	0.0	102	2	510	0.00392156862745098
CUFF_NC.6790	3	19695566	19696765	-	0	0	0		69	2	299	0.006688963210702341	334	4	1345	0.002973977695167286
CUFF_NC.6791	3	19728914	19729332	-	0	0	0		20	0	119	0.0	103	2	579	0.0034542314335060447
CUFF_NC.6792	3	19753384	19754332	-	0	0	0		13	2	30	0.06666666666666667	80	8	240	0.03333333333333333
CUFF_NC.6793	3	19755898	19759697	-	0	0	0		169	4	782	0.005115089514066497	987	11	4370	0.002517162471395881
CUFF_NC.6793-2	3	19760482	19765404	-	0	0	0		240	10	1143	0.008748906386701663	1349	22	6355	0.0034618410700236035
CUFF_NC.6794	3	19768881	19770678	+	0	0	0		123	1	550	0.0018181818181818182	488	7	2060	0.0033980582524271844
CUFF_NC.6795	3	19775766	19776471	+	0	0	0		45	0	219	0.0	175	2	909	0.0022002200220022
CUFF_NC.6797	3	19780227	19780879	+	0	0	0		55	2	266	0.007518796992481203	175	6	609	0.009852216748768473
CUFF_NC.6796	3	19809745	19810478	+	0	0	0		58	2	201	0.009950248756218905	203	3	661	0.0045385779122541605
CUFF_NC.6798	3	19825148	19830062	-	0	0	0		375	4	1763	0.0022688598979013048	1334	16	5987	0.002672456990145315
CUFF_NC.6801	3	19859771	19861101	+	0	0	0		76	2	421	0.004750593824228029	337	3	1569	0.0019120458891013384
CUFF_NC.6806	3	19892910	19893216	+	0	0	0		28	2	184	0.010869565217391304	83	3	534	0.0056179775280898875
CUFF_NC.6799	3	19901570	19902303	-	0	0	0		50	1	226	0.004424778761061947	229	3	797	0.0037641154328732747
CUFF_NC.6804	3	19903459	19904390	+	0	0	0		70	2	310	0.0064516129032258064	277	5	1224	0.004084967320261438
CUFF_NC.6805	3	19909094	19910149	+	0	0	0		66	2	323	0.006191950464396285	239	2	1150	0.0017391304347826088
CUFF_NC.6800	3	19910418	19910933	+	0	0	0		23	0	146	0.0	124	2	790	0.002531645569620253
CUFF_NC.6802	3	19912495	19913519	+	0	0	0		36	0	168	0.0	189	4	779	0.005134788189987163
CUFF_NC.6808	3	19940492	19941080	-	0	0	0		35	0	197	0.0	158	5	826	0.006053268765133172
CUFF_NC.6807	3	19964098	19964604	-	0	0	0		24	0	81	0.0	135	1	500	0.002
CUFF_NC.6809	3	19975264	19977383	-	0	0	0		192	2	771	0.0025940337224383916	448	6	1712	0.0035046728971962616
CUFF_NC.6810	3	19986360	19986696	-	0	0	0		24	2	100	0.02	98	0	430	0.0
CUFF_NC.6811	3	19986857	19987239	-	0	0	0		30	0	168	0.0	112	2	582	0.003436426116838488
CUFF_NC.6812	3	19996563	19997117	-	0	0	0		36	0	137	0.0	132	2	541	0.0036968576709796672
CUFF_NC.6814	3	20008479	20009093	+	0	0	0		17	0	113	0.0	158	1	815	0.001226993865030675
CUFF_NC.6813	3	20014669	20015123	+	0	0	0		25	1	104	0.009615384615384616	117	0	504	0.0
CUFF_NC.6820	3	20037113	20038145	+	0	0	0		61	1	222	0.0045045045045045045	239	1	712	0.0014044943820224719
CUFF_NC.6819	3	20038729	20038970	-	0	0	0		13	0	36	0.0	56	1	140	0.007142857142857143
CUFF_NC.6818	3	20041465	20042156	+	0	0	0		45	0	204	0.0	198	2	863	0.002317497103128621
CUFF_NC.6815	3	20048187	20048799	+	0	0	0		28	1	134	0.007462686567164179	148	1	655	0.0015267175572519084
CUFF_NC.6817	3	20065601	20066454	-	0	0	0		67	1	338	0.0029585798816568047	200	0	833	0.0
CUFF_NC.6816	3	20070158	20072031	-	0	0	0		146	1	574	0.0017421602787456446	534	6	2017	0.002974714923153198
CUFF_NC.6821	3	20084826	20085528	+	0	0	0		36	2	188	0.010638297872340425	202	3	1082	0.0027726432532347504
CUFF_NC.6823	3	20114426	20115873	-	0	0	0		86	1	460	0.002173913043478261	362	3	1602	0.0018726591760299626
CUFF_NC.6822	3	20132196	20133750	+	0	0	0		110	3	497	0.006036217303822937	334	6	1575	0.0038095238095238095
CUFF_NC.6824	3	20137582	20139135	+	0	0	0		115	1	519	0.0019267822736030828	373	2	1618	0.0012360939431396785
CUFF_NC.6825	3	20142069	20142567	+	0	0	0		42	0	196	0.0	138	3	645	0.004651162790697674
CUFF_NC.6830	3	20176908	20177461	+	0	0	0		60	1	219	0.0045662100456621	149	0	573	0.0
CUFF_NC.6831	3	20180190	20180811	-	0	0	0		39	1	146	0.00684931506849315	147	4	573	0.006980802792321117
CUFF_NC.6832	3	20181834	20182252	-	0	0	0		20	0	112	0.0	134	1	692	0.001445086705202312
CUFF_NC.6826	3	20191564	20192633	-	0	0	0		84	3	352	0.008522727272727272	337	8	1508	0.005305039787798408
CUFF_NC.6834	3	20206170	20208620	-	0	0	0		48	32	183	0.17486338797814208	660	29	1799	0.016120066703724293
CUFF_NC.6827	3	20210817	20211701	-	0	0	0		41	2	143	0.013986013986013986	172	0	552	0.0
CUFF_NC.6828	3	20220673	20222975	+	0	0	0		171	0	689	0.0	611	9	2359	0.0038151759220008477
CUFF_NC.6829	3	20228189	20229305	+	0	0	0		77	0	355	0.0	239	2	960	0.0020833333333333333
CUFF_NC.6833	3	20248960	20249351	+	0	0	0		31	0	115	0.0	118	0	391	0.0
CUFF_NC.6835	3	20256875	20257991	+	0	0	0		62	0	215	0.0	266	1	936	0.0010683760683760685
CUFF_NC.6841	3	20262548	20263361	-	0	0	0		56	0	282	0.0	206	3	1041	0.002881844380403458
CUFF_NC.6842	3	20263469	20264082	-	0	0	0		53	1	252	0.003968253968253968	181	4	818	0.004889975550122249
CUFF_NC.6836	3	20285345	20285855	-	0	0	0		18	0	109	0.0	130	2	843	0.002372479240806643
CUFF_NC.6837	3	20300195	20300885	-	0	0	0		32	0	162	0.0	170	1	759	0.0013175230566534915
CUFF_NC.6838	3	20301974	20302840	-	0	0	0		73	2	259	0.007722007722007722	238	2	890	0.0022471910112359553
CUFF_NC.6840	3	20312186	20312903	+	0	0	0		36	0	167	0.0	199	1	1063	0.0009407337723424271
CUFF_NC.6839	3	20317585	20318180	+	0	0	0		17	0	98	0.0	153	1	968	0.0010330578512396695
CUFF_NC.6846	3	20341776	20342427	+	0	0	0		43	1	157	0.006369426751592357	125	2	400	0.005
CUFF_NC.6843	3	20354023	20354956	-	0	0	0		62	5	227	0.022026431718061675	248	13	969	0.013415892672858616
CUFF_NC.6844	3	20363381	20364126	+	0	0	0		49	0	233	0.0	200	4	818	0.004889975550122249
CUFF_NC.6845	3	20366501	20366915	+	0	0	0		18	0	36	0.0	81	0	297	0.0
CUFF_NC.6847	3	20403035	20404731	+	0	0	0		135	2	713	0.002805049088359046	465	6	2164	0.0027726432532347504
CUFF_NC.6852	3	20416793	20419537	+	0	0	0		149	0	649	0.0	688	9	2944	0.0030570652173913045
CUFF_NC.6848	3	20420494	20425622	+	0	0	0		235	3	1238	0.0024232633279483036	1327	23	7211	0.0031895714880044376
CUFF_NC.6849	3	20430523	20434410	+	0	0	0		147	1	762	0.0013123359580052493	878	23	4733	0.004859497147686457
CUFF_NC.6850	3	20430735	20431543	+	0	0	0		43	0	162	0.0	210	2	903	0.0022148394241417496
CUFF_NC.6851	3	20435625	20436240	+	0	0	0		48	0	219	0.0	145	2	588	0.003401360544217687
CUFF_NC.6853	3	20437519	20438151	+	0	0	0		8	0	55	0.0	146	2	820	0.0024390243902439024
CUFF_NC.6855	3	20471590	20472512	-	0	0	0		53	0	211	0.0	299	2	1090	0.001834862385321101
CUFF_NC.6854	3	20476615	20477183	+	0	0	0		19	0	106	0.0	142	0	687	0.0
CUFF_NC.6856	3	20482294	20488511	+	0	0	0		115	200	562	0.35587188612099646	732	165	3333	0.04950495049504951
CUFF_NC.6859	3	20497516	20498166	-	0	0	0		48	3	254	0.011811023622047244	213	4	1060	0.0037735849056603774
CUFF_NC.6860	3	20516826	20518014	-	0	0	0		112	1	395	0.002531645569620253	333	5	1195	0.0041841004184100415
CUFF_NC.6857	3	20531743	20532107	-	0	0	0		16	0	105	0.0	102	2	666	0.003003003003003003
CUFF_NC.6858	3	20547239	20548902	-	0	0	0		70	0	295	0.0	409	6	1842	0.003257328990228013
CUFF_NC.6861	3	20550201	20550719	+	0	0	0		39	0	165	0.0	165	8	705	0.011347517730496455
CUFF_NC.6863	3	20562852	20563802	-	0	0	0		69	0	364	0.0	267	4	1276	0.003134796238244514
CUFF_NC.6870	3	20564100	20564423	-	0	0	0		18	0	82	0.0	86	0	351	0.0
CUFF_NC.6867	3	20578995	20579325	-	0	0	0		14	0	75	0.0	64	1	275	0.0036363636363636364
CUFF_NC.6865	3	20584469	20585746	+	0	0	0		66	111	269	0.41263940520446096	363	66	1527	0.043222003929273084
CUFF_NC.6862	3	20588247	20588689	+	0	0	0		19	0	75	0.0	114	4	565	0.007079646017699115
CUFF_NC.6866	3	20606107	20606928	+	0	0	0		22	0	72	0.0	182	1	698	0.0014326647564469914
CUFF_NC.6864	3	20616259	20616719	-	0	0	0		37	0	127	0.0	120	1	410	0.0024390243902439024
CUFF_NC.6882	3	20638305	20638719	-	0	0	0		34	2	228	0.008771929824561403	108	2	727	0.002751031636863824
CUFF_NC.6872	3	20647803	20648208	-	0	0	0		14	1	35	0.02857142857142857	26	0	64	0.0
CUFF_NC.6871	3	20658306	20658848	+	0	0	0		22	76	205	0.37073170731707317	160	71	1382	0.05137481910274964
CUFF_NC.6874	3	20666929	20668193	-	0	0	0		95	0	437	0.0	305	3	1386	0.0021645021645021645
CUFF_NC.6873	3	20672477	20673223	-	0	0	0		36	2	146	0.0136986301369863	223	4	933	0.004287245444801715
CUFF_NC.6875	3	20685600	20686237	-	0	0	0		11	35	61	0.5737704918032787	64	4	326	0.012269938650306749
CUFF_NC.6878	3	20692120	20695370	+	0	0	0		104	54	652	0.08282208588957055	708	17	4419	0.003847024213622992
CUFF_NC.6876	3	20713795	20714819	-	0	0	0		52	0	258	0.0	253	1	1158	0.0008635578583765112
CUFF_NC.6877	3	20726664	20727087	+	0	0	0		10	106	159	0.6666666666666666	108	191	1136	0.1681338028169014
CUFF_NC.6879	3	20752782	20753210	-	0	0	0		12	0	48	0.0	104	0	339	0.0
CUFF_NC.6880	3	20752792	20753409	+	0	0	0		11	0	41	0.0	101	0	333	0.0
CUFF_NC.6881	3	20753813	20756717	+	0	0	0		199	0	763	0.0	682	4	2463	0.0016240357287860333
CUFF_NC.6886	3	20767715	20768490	+	0	0	0		36	7	201	0.03482587064676617	175	8	1106	0.007233273056057866
CUFF_NC.6884	3	20775241	20776629	-	0	0	0		26	0	132	0.0	360	3	1489	0.0020147750167897917
CUFF_NC.6885	3	20776875	20778585	-	0	0	0		141	2	581	0.0034423407917383822	505	7	2093	0.0033444816053511705
CUFF_NC.6888	3	20804203	20804710	+	0	0	0		31	0	156	0.0	147	1	691	0.001447178002894356
CUFF_NC.6889	3	20805012	20806131	+	0	0	0		55	1	245	0.004081632653061225	273	3	1154	0.0025996533795493936
CUFF_NC.6887	3	20806795	20807518	+	0	0	0		47	1	212	0.0047169811320754715	239	1	1065	0.0009389671361502347
CUFF_NC.6894	3	20827915	20829348	-	0	0	0		102	2	464	0.004310344827586207	389	6	1788	0.003355704697986577
CUFF_NC.6895	3	20829546	20830278	-	0	0	0		56	0	225	0.0	215	1	839	0.0011918951132300357
CUFF_NC.6896	3	20831626	20832098	-	0	0	0		46	1	218	0.0045871559633027525	137	2	616	0.003246753246753247
CUFF_NC.6897	3	20833606	20834609	+	0	0	0		102	2	516	0.003875968992248062	315	5	1329	0.003762227238525207
CUFF_NC.6898	3	20835853	20836701	+	0	0	0		49	0	194	0.0	260	3	933	0.003215434083601286
CUFF_NC.6890	3	20850039	20850451	-	0	0	0		34	0	212	0.0	89	2	568	0.0035211267605633804
CUFF_NC.6891	3	20870674	20871084	-	0	0	0		34	0	251	0.0	123	0	786	0.0
CUFF_NC.6892	3	20871348	20872016	-	0	0	0		40	0	163	0.0	193	1	786	0.001272264631043257
CUFF_NC.6893	3	20879098	20879737	+	0	0	0		23	1	139	0.007194244604316547	164	4	933	0.004287245444801715
CUFF_NC.6899	3	20899331	20900380	+	0	0	0		95	2	416	0.004807692307692308	311	3	1265	0.0023715415019762848
CUFF_NC.6900	3	20907247	20907753	-	0	0	0		44	1	199	0.005025125628140704	120	2	535	0.003738317757009346
CUFF_NC.6901	3	20909770	20910502	+	0	0	0		22	0	126	0.0	215	1	1168	0.0008561643835616438
CUFF_NC.6903	3	20915471	20921472	+	0	0	0		443	10	2252	0.004440497335701598	1670	26	7799	0.003333760738556225
CUFF_NC.6902	3	20925249	20925719	+	0	0	0		39	0	185	0.0	133	1	624	0.0016025641025641025
CUFF_NC.6905	3	20964685	20965590	-	0	0	0		62	1	272	0.003676470588235294	231	3	918	0.0032679738562091504
CUFF_NC.6906	3	20965898	20968304	-	0	0	0		163	5	822	0.006082725060827251	631	12	2998	0.004002668445630421
CUFF_NC.6904	3	20968812	20970876	-	0	0	0		128	3	520	0.0057692307692307696	598	4	2588	0.0015455950540958269
CUFF_NC.6911	3	20981983	20984364	-	0	0	0		187	4	947	0.004223864836325237	706	10	3708	0.002696871628910464
CUFF_NC.6910	3	20988037	20988495	+	0	0	0		21	0	104	0.0	115	0	427	0.0
CUFF_NC.6907	3	21003106	21004329	-	0	0	0		90	2	518	0.003861003861003861	327	5	1875	0.0026666666666666666
CUFF_NC.6909	3	21006909	21008493	+	0	0	0		72	20	282	0.07092198581560284	415	22	1823	0.012068019747668678
CUFF_NC.6912	3	21011675	21012284	-	0	0	0		53	3	277	0.010830324909747292	180	2	762	0.0026246719160104987
CUFF_NC.6913	3	21012477	21013050	-	0	0	0		33	1	168	0.005952380952380952	157	1	910	0.001098901098901099
CUFF_NC.6927	3	21042566	21043139	+	0	0	0		49	0	285	0.0	172	1	1011	0.0009891196834817012
CUFF_NC.6924	3	21050714	21051078	+	0	0	0		43	2	221	0.00904977375565611	119	1	539	0.0018552875695732839
CUFF_NC.6925	3	21051297	21052218	+	0	0	0		81	0	304	0.0	229	0	707	0.0
CUFF_NC.6914	3	21059934	21060922	-	0	0	0		69	0	304	0.0	251	2	1086	0.001841620626151013
CUFF_NC.6918	3	21075090	21076072	-	0	0	0		44	0	250	0.0	296	4	1542	0.0025940337224383916
CUFF_NC.6920	3	21077565	21077931	-	0	0	0		27	1	132	0.007575757575757576	114	0	543	0.0
CUFF_NC.6921	3	21081193	21082117	-	0	0	0		64	0	229	0.0	282	5	948	0.005274261603375527
CUFF_NC.6917	3	21088052	21089682	+	0	0	0		101	3	448	0.006696428571428571	423	5	1797	0.0027824151363383415
CUFF_NC.6916	3	21092286	21092842	-	0	0	0		34	2	253	0.007905138339920948	143	0	732	0.0
CUFF_NC.6915	3	21099185	21099796	+	0	0	0		23	0	151	0.0	170	3	894	0.003355704697986577
CUFF_NC.6919	3	21102434	21103279	+	0	0	0		69	2	283	0.007067137809187279	229	1	949	0.001053740779768177
CUFF_NC.6922	3	21110542	21111469	-	0	0	0		72	2	370	0.005405405405405406	237	2	1222	0.0016366612111292963
CUFF_NC.6926	3	21123846	21125304	-	0	0	0		95	0	375	0.0	372	3	1447	0.002073255010366275
CUFF_NC.6923	3	21132417	21132829	+	0	0	0		36	0	105	0.0	104	1	292	0.003424657534246575
CUFF_NC.6928	3	21134572	21135366	-	0	0	0		38	0	148	0.0	164	0	540	0.0
CUFF_NC.6929	3	21138716	21140754	-	0	0	0		123	2	443	0.004514672686230248	485	2	1705	0.0011730205278592375
CUFF_NC.6932	3	21177221	21178074	-	0	0	0		34	0	159	0.0	181	3	745	0.004026845637583893
CUFF_NC.6933	3	21180537	21181122	-	0	0	0		30	2	194	0.010309278350515464	164	2	1058	0.001890359168241966
CUFF_NC.6930	3	21186613	21187356	-	0	0	0		49	0	263	0.0	169	8	814	0.009828009828009828
CUFF_NC.6931	3	21191350	21192035	+	0	0	0		29	0	158	0.0	184	1	859	0.0011641443538998836
CUFF_NC.6939	3	21205364	21206938	-	0	0	0		133	0	581	0.0	434	4	2009	0.001991040318566451
CUFF_NC.6940	3	21216057	21216834	+	0	0	0		43	0	156	0.0	182	1	772	0.0012953367875647669
CUFF_NC.6937	3	21232860	21234120	-	0	0	0		39	1	232	0.004310344827586207	318	4	1578	0.0025348542458808617
CUFF_NC.6938	3	21235419	21235826	-	0	0	0		32	0	155	0.0	116	1	498	0.002008032128514056
CUFF_NC.6935	3	21236609	21237128	-	0	0	0		33	0	156	0.0	140	1	509	0.0019646365422396855
CUFF_NC.6936	3	21238169	21240112	-	0	0	0		113	2	488	0.004098360655737705	422	7	1731	0.004043905257076834
CUFF_NC.6942	3	21245587	21246062	+	0	0	0		29	4	170	0.023529411764705882	148	2	848	0.0023584905660377358
CUFF_NC.6943	3	21247917	21248236	+	0	0	0		20	1	81	0.012345679012345678	98	1	374	0.00267379679144385
CUFF_NC.6941	3	21255706	21257131	+	0	0	0		89	2	455	0.004395604395604396	433	2	2078	0.0009624639076034649
CUFF_NC.6945	3	21259397	21262521	-	0	0	0		137	4	745	0.005369127516778523	740	10	4125	0.0024242424242424242
CUFF_NC.6962	3	21264870	21265816	+	0	0	0		0	0	0		5	0	5	0.0
CUFF_NC.6944	3	21268493	21268901	+	0	0	0		25	0	99	0.0	81	2	371	0.005390835579514825
CUFF_NC.6949	3	21277215	21277758	+	0	0	0		17	0	60	0.0	104	1	391	0.0025575447570332483
CUFF_NC.6947	3	21280154	21281066	+	0	0	0		68	1	258	0.003875968992248062	244	1	856	0.0011682242990654205
CUFF_NC.6946	3	21281878	21282371	-	0	0	0		45	1	176	0.005681818181818182	154	1	593	0.0016863406408094434
CUFF_NC.6950	3	21288802	21291272	+	0	0	0		193	2	864	0.0023148148148148147	706	13	3308	0.003929866989117291
CUFF_NC.6948	3	21301464	21303263	+	0	0	0		91	1	349	0.0028653295128939827	395	6	1537	0.003903708523096942
CUFF_NC.6957	3	21339699	21340015	+	0	0	0		31	0	164	0.0	89	1	493	0.002028397565922921
CUFF_NC.6952	3	21361417	21362983	-	0	0	0		131	0	740	0.0	447	3	2241	0.0013386880856760374
CUFF_NC.6951	3	21372583	21373066	-	0	0	0		26	0	113	0.0	157	1	677	0.0014771048744460858
CUFF_NC.6956	3	21383179	21383920	-	0	0	0		38	2	231	0.008658008658008658	180	6	1015	0.005911330049261084
CUFF_NC.6953	3	21386216	21386955	+	0	0	0		48	0	244	0.0	217	5	949	0.005268703898840885
CUFF_NC.6954	3	21395806	21397051	-	0	0	0		67	1	285	0.0035087719298245615	373	4	1575	0.0025396825396825397
CUFF_NC.6959	3	21405431	21406057	+	0	0	0		40	1	212	0.0047169811320754715	171	3	958	0.003131524008350731
CUFF_NC.6960	3	21406219	21407239	+	0	0	0		75	0	361	0.0	247	6	1037	0.0057859209257473485
CUFF_NC.6961	3	21409077	21412017	+	0	0	0		181	0	939	0.0	752	6	3666	0.0016366612111292963
CUFF_NC.6958	3	21413525	21414290	+	0	0	0		17	1	63	0.015873015873015872	192	3	895	0.0033519553072625698
CUFF_NC.6965	3	21419400	21421260	-	0	0	0		127	0	431	0.0	449	5	1468	0.0034059945504087193
CUFF_NC.6964	3	21423170	21424963	-	0	0	0		28	1	156	0.00641025641025641	120	1	511	0.0019569471624266144
CUFF_NC.6967	3	21432068	21432715	+	0	0	0		44	0	169	0.0	196	2	606	0.0033003300330033004
CUFF_NC.6970	3	21455598	21457031	-	0	0	0		41	1	245	0.004081632653061225	367	5	2240	0.002232142857142857
CUFF_NC.6966	3	21460154	21461148	-	0	0	0		40	0	208	0.0	292	5	1514	0.0033025099075297227
CUFF_NC.6971	3	21470076	21471758	+	0	0	0		96	2	396	0.005050505050505051	316	4	1249	0.0032025620496397116
CUFF_NC.6968	3	21472982	21473274	-	0	0	0		15	0	20	0.0	47	1	88	0.011363636363636364
CUFF_NC.6972	3	21478047	21478645	+	0	0	0		29	0	84	0.0	145	2	563	0.003552397868561279
CUFF_NC.6969	3	21478701	21479265	+	0	0	0		17	0	88	0.0	143	2	716	0.002793296089385475
CUFF_NC.6975	3	21480902	21481233	-	0	0	0		8	0	22	0.0	29	1	60	0.016666666666666666
CUFF_NC.6974	3	21485645	21486416	-	0	0	0		74	4	386	0.010362694300518135	217	3	1009	0.002973240832507433
CUFF_NC.6979	3	21491682	21492526	-	0	0	0		46	0	171	0.0	160	4	660	0.006060606060606061
CUFF_NC.6973	3	21505029	21505408	+	0	0	0		30	0	163	0.0	83	1	481	0.002079002079002079
CUFF_NC.6976	3	21507147	21507584	+	0	0	0		33	0	112	0.0	106	1	398	0.002512562814070352
CUFF_NC.6978	3	21517871	21519234	-	0	0	0		87	3	440	0.006818181818181818	407	5	1675	0.0029850746268656717
CUFF_NC.6977	3	21522429	21523456	+	0	0	0		54	1	223	0.004484304932735426	283	5	1132	0.00441696113074205
CUFF_NC.6980	3	21572047	21572479	+	0	0	0		20	0	106	0.0	103	1	536	0.0018656716417910447
CUFF_NC.6984	3	21592728	21593351	+	0	0	0		20	0	95	0.0	167	1	630	0.0015873015873015873
CUFF_NC.6983	3	21596333	21596889	+	0	0	0		23	0	154	0.0	161	1	1134	0.0008818342151675485
CUFF_NC.6982	3	21611146	21612286	+	0	0	0		33	26	216	0.12037037037037036	373	152	2560	0.059375
CUFF_NC.6987	3	21630659	21633633	-	0	0	0		163	0	825	0.0	828	11	4175	0.0026347305389221557
CUFF_NC.6989	3	21641770	21643599	-	0	0	0		137	0	693	0.0	533	7	2605	0.002687140115163148
CUFF_NC.6985	3	21652550	21652851	+	0	0	0		26	0	141	0.0	74	0	367	0.0
CUFF_NC.6988	3	21660893	21661214	+	0	0	0		17	0	55	0.0	91	1	292	0.003424657534246575
CUFF_NC.6986	3	21684717	21685955	+	0	0	0		111	2	390	0.005128205128205128	276	0	773	0.0
CUFF_NC.6992	3	21696276	21698979	+	0	0	0		201	4	1041	0.0038424591738712775	759	9	3588	0.002508361204013378
CUFF_NC.6990	3	21701965	21703081	-	0	0	0		65	1	325	0.003076923076923077	271	5	898	0.005567928730512249
CUFF_NC.6991	3	21712316	21712944	-	0	0	0		42	2	199	0.010050251256281407	166	1	631	0.001584786053882726
CUFF_NC.6993	3	21718469	21719237	+	0	0	0		54	1	237	0.004219409282700422	245	5	1109	0.004508566275924256
CUFF_NC.6996	3	21741294	21741747	-	0	0	0		37	0	213	0.0	116	2	620	0.0032258064516129032
CUFF_NC.6997	3	21745457	21746545	+	0	0	0		59	0	263	0.0	219	0	1172	0.0
CUFF_NC.6998	3	21747525	21752864	-	0	0	0		327	7	1607	0.0043559427504667085	1368	21	6993	0.003003003003003003
CUFF_NC.6999	3	21748267	21749203	-	0	0	0		82	0	422	0.0	238	6	1240	0.004838709677419355
CUFF_NC.6995	3	21757529	21758477	+	0	0	0		62	0	228	0.0	215	0	584	0.0
CUFF_NC.6994	3	21759495	21760344	+	0	0	0		48	1	158	0.006329113924050633	225	2	651	0.0030721966205837174
CUFF_NC.7000	3	21763707	21764035	+	0	0	0		16	0	76	0.0	97	0	473	0.0
CUFF_NC.7001	3	21803024	21803920	+	0	0	0		77	1	302	0.0033112582781456954	210	2	821	0.00243605359317905
CUFF_NC.7002	3	21804405	21805154	+	0	0	0		48	1	198	0.005050505050505051	216	0	978	0.0
CUFF_NC.7004	3	21828364	21829882	+	0	0	0		145	2	622	0.003215434083601286	391	10	1773	0.0056401579244218835
CUFF_NC.7003	3	21832191	21833041	+	0	0	0		53	1	255	0.00392156862745098	197	4	1059	0.003777148253068933
CUFF_NC.7008	3	21836329	21838950	-	0	0	0		190	2	838	0.002386634844868735	670	11	3122	0.003523382447149263
CUFF_NC.7005	3	21860571	21861259	+	0	0	0		28	0	176	0.0	165	4	928	0.004310344827586207
CUFF_NC.7006	3	21877291	21877742	+	0	0	0		18	1	72	0.013888888888888888	124	0	493	0.0
CUFF_NC.7007	3	21879349	21880290	-	0	0	0		16	0	86	0.0	258	1	1365	0.0007326007326007326
CUFF_NC.7009	3	21883548	21884278	+	0	0	0		42	0	198	0.0	207	1	1062	0.0009416195856873823
CUFF_NC.7010	3	21888546	21889431	-	0	0	0		62	0	310	0.0	253	5	1334	0.0037481259370314842
CUFF_NC.7011	3	21916930	21917880	-	0	0	0		49	0	233	0.0	300	6	1486	0.004037685060565276
CUFF_NC.7019	3	21926235	21928444	+	0	0	0		111	1	544	0.001838235294117647	624	7	3007	0.002327901563019621
CUFF_NC.7012	3	21935557	21935900	+	0	0	0		31	0	170	0.0	87	3	517	0.005802707930367505
CUFF_NC.7013	3	21976615	21977058	-	0	0	0		11	0	54	0.0	128	1	654	0.0015290519877675841
CUFF_NC.7014	3	21994103	21995222	-	0	0	0		65	2	292	0.00684931506849315	348	3	1466	0.0020463847203274215
CUFF_NC.7015	3	22018063	22019001	-	0	0	0		60	2	350	0.005714285714285714	254	5	1477	0.003385240352064997
CUFF_NC.7016	3	22044920	22045953	-	0	0	0		48	1	235	0.00425531914893617	275	5	1331	0.003756574004507889
CUFF_NC.7018	3	22065395	22065703	+	0	0	0		22	1	122	0.00819672131147541	85	0	528	0.0
CUFF_NC.7017	3	22067876	22069152	+	0	0	0		77	0	401	0.0	341	3	1653	0.0018148820326678765
CUFF_NC.7021	3	22105642	22108180	+	0	0	0		160	3	734	0.004087193460490463	659	8	3490	0.002292263610315186
CUFF_NC.7022	3	22111943	22113309	-	0	0	0		22	1	75	0.013333333333333334	240	26	810	0.03209876543209877
CUFF_NC.7023	3	22112717	22113735	+	0	0	0		14	17	33	0.5151515151515151	151	68	446	0.15246636771300448
CUFF_NC.7025	3	22118551	22121868	-	0	0	0		20	8	73	0.1095890410958904	153	20	438	0.045662100456621
CUFF_NC.7024	3	22123376	22123857	-	0	0	0		19	1	83	0.012048192771084338	109	0	401	0.0
CUFF_NC.7026	3	22132570	22133226	+	0	0	0		51	1	269	0.0037174721189591076	195	4	894	0.0044742729306487695
CUFF_NC.7028	3	22168914	22169572	+	0	0	0		39	1	191	0.005235602094240838	199	0	850	0.0
CUFF_NC.7027	3	22171350	22172760	-	0	0	0		41	0	234	0.0	374	8	1957	0.004087889626980072
CUFF_NC.7029	3	22173624	22175385	-	0	0	0		97	96	482	0.1991701244813278	408	34	1890	0.01798941798941799
CUFF_NC.7034	3	22175928	22181565	+	0	0	0		330	2	1690	0.001183431952662722	1461	20	6986	0.0028628685943315204
CUFF_NC.7030	3	22187206	22188832	-	0	0	0		91	1	408	0.0024509803921568627	396	2	1658	0.0012062726176115801
CUFF_NC.7032	3	22197771	22199094	-	0	0	0		102	2	348	0.005747126436781609	269	2	829	0.0024125452352231603
CUFF_NC.7033	3	22200549	22201172	-	0	0	0		41	0	192	0.0	149	1	584	0.0017123287671232876
CUFF_NC.7031	3	22215325	22215960	+	0	0	0		2	2	2	1.0	94	66	376	0.17553191489361702
CUFF_NC.7039	3	22228912	22229215	+	0	0	0		12	0	55	0.0	56	0	279	0.0
CUFF_NC.7041	3	22240154	22241164	-	0	0	0		1	0	1	0.0	3	0	3	0.0
CUFF_NC.7035	3	22248950	22250450	-	0	0	0		82	1	372	0.002688172043010753	330	4	1556	0.002570694087403599
CUFF_NC.7036	3	22254634	22256266	+	0	0	0		112	1	471	0.0021231422505307855	360	6	1623	0.0036968576709796672
CUFF_NC.7037	3	22258093	22260011	-	0	0	0		104	2	516	0.003875968992248062	488	7	2302	0.0030408340573414424
CUFF_NC.7038	3	22259248	22260267	+	0	0	0		67	0	302	0.0	243	2	993	0.002014098690835851
CUFF_NC.7040	3	22267685	22268283	-	0	0	0		52	0	248	0.0	170	2	777	0.002574002574002574
CUFF_NC.7042	3	22273737	22274520	-	0	0	0		43	1	248	0.004032258064516129	134	1	640	0.0015625
CUFF_NC.7058	3	22288924	22291328	-	0	0	0		179	6	1071	0.0056022408963585435	671	10	4138	0.002416626389560174
CUFF_NC.7057	3	22293801	22295493	+	0	0	0		139	3	548	0.005474452554744526	360	4	1306	0.0030627871362940277
CUFF_NC.7044	3	22307253	22307793	+	0	0	0		42	1	254	0.003937007874015748	148	2	886	0.002257336343115124
CUFF_NC.7045	3	22329660	22330949	-	0	0	0		80	3	447	0.006711409395973154	384	4	1811	0.0022087244616234127
CUFF_NC.7047	3	22334370	22334775	-	0	0	0		32	0	79	0.0	116	1	318	0.0031446540880503146
CUFF_NC.7048	3	22347707	22348904	+	0	0	0		74	0	275	0.0	285	3	1087	0.0027598896044158236
CUFF_NC.7046	3	22349919	22350421	-	0	0	0		40	0	137	0.0	126	1	591	0.001692047377326565
CUFF_NC.7064	3	22355527	22355920	-	0	0	0		36	2	170	0.011764705882352941	115	1	511	0.0019569471624266144
CUFF_NC.7065	3	22356183	22356617	-	0	0	0		30	0	133	0.0	111	2	535	0.003738317757009346
CUFF_NC.7050	3	22361563	22362127	+	0	0	0		36	1	185	0.005405405405405406	156	3	815	0.0036809815950920245
CUFF_NC.7052	3	22364924	22366400	+	0	0	0		41	36	170	0.21176470588235294	247	25	1173	0.021312872975277068
CUFF_NC.7053	3	22364936	22365342	-	0	0	0		15	12	33	0.36363636363636365	36	16	83	0.1927710843373494
CUFF_NC.7054	3	22365432	22366487	-	0	0	0		24	24	123	0.1951219512195122	189	8	974	0.008213552361396304
CUFF_NC.7049	3	22370112	22370612	+	0	0	0		9	0	30	0.0	49	0	161	0.0
CUFF_NC.7051	3	22372359	22374174	-	0	0	0		85	2	312	0.00641025641025641	234	4	817	0.004895960832313341
CUFF_NC.7055	3	22377510	22377962	-	0	0	0		24	48	91	0.5274725274725275	119	13	422	0.030805687203791468
CUFF_NC.7056	3	22377538	22378320	+	0	0	0		43	68	154	0.44155844155844154	206	23	777	0.029601029601029602
CUFF_NC.7063	3	22391239	22392636	-	0	0	0		66	3	373	0.00804289544235925	300	3	1585	0.0018927444794952682
CUFF_NC.7060	3	22393654	22394979	-	0	0	0		71	2	334	0.005988023952095809	341	4	1469	0.002722940776038121
CUFF_NC.7066	3	22398662	22399759	-	0	0	0		97	1	493	0.002028397565922921	319	1	1456	0.0006868131868131869
CUFF_NC.7061	3	22410481	22411581	+	0	0	0		97	1	443	0.002257336343115124	281	2	1124	0.0017793594306049821
CUFF_NC.7062	3	22411704	22412669	+	0	0	0		78	1	306	0.0032679738562091504	236	2	1049	0.0019065776930409914
CUFF_NC.7067	3	22441939	22442780	-	0	0	0		57	1	220	0.004545454545454545	185	2	691	0.002894356005788712
CUFF_NC.7069	3	22477454	22477987	+	0	0	0		43	0	206	0.0	143	0	745	0.0
CUFF_NC.7068	3	22483618	22484026	-	0	0	0		26	0	90	0.0	117	0	377	0.0
CUFF_NC.7070	3	22499415	22501203	+	0	0	0		122	1	405	0.0024691358024691358	393	1	1334	0.0007496251874062968
CUFF_NC.7079	3	22501480	22502550	-	0	0	0		71	0	350	0.0	294	9	1382	0.006512301013024602
CUFF_NC.7080	3	22502766	22503238	-	0	0	0		26	0	127	0.0	140	5	757	0.0066050198150594455
CUFF_NC.7081	3	22510578	22510896	+	0	0	0		33	0	159	0.0	89	0	392	0.0
CUFF_NC.7071	3	22517957	22519859	+	0	0	0		52	63	147	0.42857142857142855	263	50	677	0.07385524372230429
CUFF_NC.7072	3	22534797	22536126	-	0	0	0		8	0	8	0.0	9	0	9	0.0
CUFF_NC.7076	3	22552436	22553129	-	0	0	0		14	0	36	0.0	60	0	140	0.0
CUFF_NC.7074	3	22561903	22564308	-	0	0	0		2	0	2	0.0	13	0	13	0.0
CUFF_NC.7082	3	22578733	22581327	-	0	0	0		0	0	0		19	0	19	0.0
CUFF_NC.7083	3	22600353	22600824	-	0	0	0		33	0	173	0.0	153	4	829	0.0048250904704463205
CUFF_NC.7084	3	22616580	22617427	-	0	0	0		30	0	149	0.0	184	4	879	0.004550625711035267
CUFF_NC.7085	3	22633353	22633810	-	0	0	0		35	0	170	0.0	114	1	524	0.0019083969465648854
CUFF_NC.7088	3	22650566	22651659	+	0	0	0		31	1	135	0.007407407407407408	246	2	1087	0.0018399264029438822
CUFF_NC.7086	3	22656887	22657346	-	0	0	0		29	0	104	0.0	130	1	486	0.00205761316872428
CUFF_NC.7089	3	22657531	22658513	+	0	0	0		61	0	233	0.0	250	4	982	0.004073319755600814
CUFF_NC.7091	3	22680996	22682479	-	0	0	0		68	0	350	0.0	431	7	2074	0.0033751205400192863
CUFF_NC.7097	3	22705105	22705383	+	0	0	0		13	2	76	0.02631578947368421	61	1	375	0.0026666666666666666
CUFF_NC.7127	3	22728619	22728946	+	0	0	0		26	1	126	0.007936507936507936	99	1	423	0.002364066193853428
CUFF_NC.7095	3	22736379	22736731	-	0	0	0		28	0	171	0.0	107	1	634	0.0015772870662460567
CUFF_NC.7096	3	22737998	22738848	-	0	0	0		59	0	348	0.0	180	5	1026	0.004873294346978557
CUFF_NC.7093	3	22741458	22742802	+	0	0	0		75	3	400	0.0075	310	3	1371	0.002188183807439825
CUFF_NC.7094	3	22747814	22748586	+	0	0	0		37	17	81	0.20987654320987653	159	7	446	0.01569506726457399
CUFF_NC.7105	3	22749740	22750081	-	0	0	0		34	0	128	0.0	77	1	246	0.0040650406504065045
CUFF_NC.7106	3	22754133	22754553	-	0	0	0		36	0	184	0.0	104	2	555	0.0036036036036036037
CUFF_NC.7098	3	22764550	22765257	+	0	0	0		3	0	8	0.0	75	0	272	0.0
CUFF_NC.7099	3	22767199	22768167	+	0	0	0		16	11	32	0.34375	86	21	159	0.1320754716981132
CUFF_NC.7104	3	22768933	22771424	+	0	0	0		20	0	82	0.0	80	1	387	0.002583979328165375
CUFF_NC.7100	3	22776172	22777483	-	0	0	0		46	0	231	0.0	335	3	1555	0.0019292604501607716
CUFF_NC.7101	3	22785980	22787362	-	0	0	0		90	1	294	0.003401360544217687	330	1	1018	0.0009823182711198428
CUFF_NC.7102	3	22791767	22792447	-	0	0	0		26	0	84	0.0	153	3	567	0.005291005291005291
CUFF_NC.7103	3	22792904	22794198	-	0	0	0		81	0	368	0.0	364	4	1619	0.0024706609017912293
CUFF_NC.7107	3	22797243	22798014	-	0	0	0		75	0	310	0.0	243	3	953	0.0031479538300104933
CUFF_NC.7108	3	22810177	22811207	+	0	0	0		40	0	170	0.0	227	5	881	0.0056753688989784334
CUFF_NC.7109	3	22816061	22816618	-	0	0	0		32	0	94	0.0	130	1	437	0.002288329519450801
CUFF_NC.7110	3	22818509	22818952	-	0	0	0		34	0	172	0.0	119	2	575	0.0034782608695652175
CUFF_NC.7111	3	22823410	22823776	-	0	0	0		23	0	116	0.0	89	0	363	0.0
CUFF_NC.7114	3	22827310	22828440	-	0	0	0		49	0	183	0.0	278	3	1306	0.002297090352220521
CUFF_NC.7119	3	22841261	22841827	+	0	0	0		37	0	201	0.0	169	3	920	0.003260869565217391
CUFF_NC.7120	3	22842101	22842471	+	0	0	0		29	0	97	0.0	100	3	436	0.006880733944954129
CUFF_NC.7112	3	22844451	22844919	+	0	0	0		39	1	215	0.004651162790697674	126	1	626	0.001597444089456869
CUFF_NC.7113	3	22861013	22861473	+	0	0	0		47	1	270	0.003703703703703704	129	1	662	0.0015105740181268882
CUFF_NC.7116	3	22880054	22881736	+	0	0	0		131	1	506	0.001976284584980237	378	7	1542	0.004539559014267186
CUFF_NC.7115	3	22886991	22887445	+	0	0	0		31	0	109	0.0	105	0	435	0.0
CUFF_NC.7117	3	22892527	22893162	-	0	0	0		29	0	174	0.0	176	1	930	0.001075268817204301
CUFF_NC.7118	3	22896122	22897263	-	0	0	0		47	8	236	0.03389830508474576	367	8	1649	0.004851425106124924
CUFF_NC.7122	3	22906047	22906868	+	0	0	0		61	1	261	0.0038314176245210726	202	1	787	0.0012706480304955528
CUFF_NC.7124	3	22915031	22915491	+	0	0	0		27	0	162	0.0	130	4	794	0.005037783375314861
CUFF_NC.7121	3	22919158	22919780	+	0	0	0		16	0	79	0.0	134	0	804	0.0
CUFF_NC.7123	3	22925531	22926449	-	0	0	0		24	0	158	0.0	259	3	1501	0.001998667554963358
CUFF_NC.7125	3	22935488	22935942	-	0	0	0		22	1	75	0.013333333333333334	125	0	474	0.0
CUFF_NC.7128	3	22939901	22941386	-	0	0	0		77	1	411	0.0024330900243309003	414	4	1722	0.0023228803716608595
CUFF_NC.7126	3	22984164	22984587	+	0	0	0		30	2	111	0.018018018018018018	111	0	350	0.0
CUFF_NC.7131	3	22997349	22997983	+	0	0	0		37	3	171	0.017543859649122806	162	8	704	0.011363636363636364
CUFF_NC.7130	3	23014375	23015682	+	0	0	0		124	3	587	0.005110732538330494	301	6	1334	0.004497751124437781
CUFF_NC.7129	3	23019627	23020547	+	0	0	0		47	0	219	0.0	228	2	1049	0.0019065776930409914
CUFF_NC.7134	3	23022893	23023408	+	0	0	0		28	3	144	0.020833333333333332	136	1	699	0.001430615164520744
CUFF_NC.7135	3	23024616	23025116	+	0	0	0		46	0	217	0.0	169	3	703	0.004267425320056899
CUFF_NC.7132	3	23030808	23031242	+	0	0	0		24	0	115	0.0	128	1	597	0.0016750418760469012
CUFF_NC.7133	3	23033534	23034214	+	0	0	0		48	1	207	0.004830917874396135	195	4	804	0.004975124378109453
CUFF_NC.7137	3	23039435	23040080	+	0	0	0		43	0	184	0.0	188	1	807	0.0012391573729863693
CUFF_NC.7138	3	23040523	23041045	+	0	0	0		34	0	149	0.0	118	1	436	0.0022935779816513763
CUFF_NC.7136	3	23066250	23067268	-	0	0	0		35	0	163	0.0	213	3	971	0.003089598352214212
CUFF_NC.7142	3	23073002	23073438	+	0	0	0		32	0	175	0.0	117	4	652	0.006134969325153374
CUFF_NC.7140	3	23100212	23105064	+	0	0	0		24	3	85	0.03529411764705882	92	4	287	0.013937282229965157
CUFF_NC.7154	3	23107367	23108672	+	0	0	0		18	0	94	0.0	109	0	484	0.0
CUFF_NC.7155	3	23117188	23118388	+	0	0	0		43	7	190	0.03684210526315789	232	26	983	0.026449643947100712
CUFF_NC.7153	3	23123412	23124271	-	0	0	0		58	1	327	0.0030581039755351682	230	4	1164	0.003436426116838488
CUFF_NC.7139	3	23128938	23130612	+	0	0	0		67	0	275	0.0	387	7	1623	0.004313000616142945
CUFF_NC.7143	3	23143062	23144214	-	0	0	0		68	1	271	0.0036900369003690036	207	6	904	0.00663716814159292
CUFF_NC.7148	3	23148191	23149531	+	0	0	0		126	4	429	0.009324009324009324	388	10	1381	0.00724112961622013
CUFF_NC.7144	3	23150977	23151514	+	0	0	0		23	0	120	0.0	163	2	805	0.002484472049689441
CUFF_NC.7145	3	23156982	23158764	+	0	0	0		68	234	584	0.4006849315068493	466	167	4701	0.03552435651988939
CUFF_NC.7147	3	23163714	23165395	+	0	0	0		135	2	591	0.00338409475465313	412	5	1653	0.0030248033877797943
CUFF_NC.7146	3	23166540	23167058	+	0	0	0		20	1	89	0.011235955056179775	139	3	671	0.004470938897168405
CUFF_NC.7149	3	23168163	23169184	-	0	0	0		44	0	175	0.0	215	1	792	0.0012626262626262627
CUFF_NC.7150	3	23172728	23174924	-	0	0	0		132	3	562	0.005338078291814947	470	4	1976	0.0020242914979757085
CUFF_NC.7156	3	23182718	23183391	-	0	0	0		40	1	152	0.006578947368421052	226	1	705	0.0014184397163120568
CUFF_NC.7151	3	23187404	23187817	+	0	0	0		4	0	11	0.0	55	0	142	0.0
CUFF_NC.7160	3	23201104	23202861	-	0	0	0		94	2	375	0.005333333333333333	449	8	1787	0.004476776720761052
CUFF_NC.7158	3	23204034	23205167	+	0	0	0		20	0	42	0.0	101	2	222	0.009009009009009009
CUFF_NC.7157	3	23209108	23209659	+	0	0	0		20	0	88	0.0	137	3	805	0.0037267080745341614
CUFF_NC.7167	3	23211853	23215269	-	0	0	0		172	1	709	0.0014104372355430183	760	10	3074	0.0032530904359141183
CUFF_NC.7168	3	23212434	23216440	-	0	0	0		206	1	869	0.0011507479861910242	980	13	4142	0.0031385803959439883
CUFF_NC.7159	3	23217439	23218080	+	0	0	0		40	1	151	0.006622516556291391	171	3	609	0.0049261083743842365
CUFF_NC.7161	3	23219394	23219910	+	0	0	0		27	2	113	0.017699115044247787	110	1	550	0.0018181818181818182
CUFF_NC.7162	3	23221965	23223218	+	0	0	0		112	1	401	0.0024937655860349127	312	2	1170	0.0017094017094017094
CUFF_NC.7165	3	23227623	23228328	-	0	0	0		49	1	171	0.005847953216374269	183	3	748	0.004010695187165776
CUFF_NC.7166	3	23232374	23233643	-	0	0	0		78	1	310	0.0032258064516129032	333	5	1347	0.003711952487008166
CUFF_NC.7164	3	23241706	23242352	+	0	0	0		24	0	100	0.0	102	0	493	0.0
CUFF_NC.7163	3	23266195	23266612	-	0	0	0		24	0	83	0.0	122	1	331	0.0030211480362537764
CUFF_NC.7172	3	23273987	23274785	+	0	0	0		74	0	248	0.0	225	3	796	0.0037688442211055275
CUFF_NC.7170	3	23289280	23292894	-	0	0	0		120	2	530	0.0037735849056603774	932	10	3915	0.002554278416347382
CUFF_NC.7171	3	23294192	23295304	-	0	0	0		93	1	357	0.0028011204481792717	260	3	1027	0.0029211295034079843
CUFF_NC.7169	3	23297875	23298284	+	0	0	0		24	1	102	0.00980392156862745	120	0	487	0.0
CUFF_NC.7173	3	23301321	23302078	+	0	0	0		43	0	185	0.0	189	3	893	0.0033594624860022394
CUFF_NC.7174	3	23318336	23319662	+	0	0	0		90	0	408	0.0	364	3	1493	0.0020093770931011385
CUFF_NC.7176	3	23327011	23327459	+	0	0	0		42	1	187	0.0053475935828877	113	0	426	0.0
CUFF_NC.7178	3	23331794	23333179	+	0	0	0		96	0	443	0.0	334	3	1523	0.001969796454366382
CUFF_NC.7183	3	23334188	23335177	-	0	0	0		63	0	186	0.0	248	2	793	0.0025220680958385876
CUFF_NC.7184	3	23338801	23340651	+	0	0	0		141	0	602	0.0	461	6	2065	0.0029055690072639223
CUFF_NC.7177	3	23342687	23343262	+	0	0	0		25	0	138	0.0	156	3	724	0.004143646408839779
CUFF_NC.7175	3	23345725	23347501	-	0	0	0		152	2	537	0.0037243947858473	442	6	1311	0.004576659038901602
CUFF_NC.7179	3	23357723	23358231	+	0	0	0		55	1	223	0.004484304932735426	158	2	703	0.002844950213371266
CUFF_NC.7180	3	23367155	23367655	+	0	0	0		29	0	148	0.0	96	1	339	0.0029498525073746312
CUFF_NC.7182	3	23370174	23370456	+	0	0	0		17	0	122	0.0	79	3	575	0.0052173913043478265
CUFF_NC.7181	3	23376246	23377302	+	0	0	0		86	0	342	0.0	290	4	1258	0.003179650238473768
CUFF_NC.7185	3	23380517	23381390	-	0	0	0		98	0	396	0.0	237	3	952	0.0031512605042016808
CUFF_NC.7188	3	23414399	23415232	-	0	0	0		65	5	281	0.017793594306049824	269	4	1120	0.0035714285714285713
CUFF_NC.7186	3	23420175	23422377	-	0	0	0		195	0	662	0.0	568	5	1857	0.0026925148088314485
CUFF_NC.7194	3	23422589	23426390	-	0	0	0		277	6	1272	0.0047169811320754715	1143	12	5030	0.002385685884691849
CUFF_NC.7187	3	23437676	23438077	+	0	0	0		24	0	151	0.0	97	2	565	0.0035398230088495575
CUFF_NC.7189	3	23448262	23448928	+	0	0	0		71	0	297	0.0	188	1	820	0.0012195121951219512
CUFF_NC.7193	3	23458907	23459798	+	0	0	0		48	1	147	0.006802721088435374	232	0	961	0.0
CUFF_NC.7190	4	1000	1943	+	0	0	0		65	71	197	0.3604060913705584	201	59	615	0.0959349593495935
CUFF_NC.7192	4	10743	11563	+	0	0	0		42	0	182	0.0	230	4	1138	0.0035149384885764497
CUFF_NC.7191	4	17544	19871	-	0	0	0		122	3	453	0.006622516556291391	672	11	2610	0.00421455938697318
CUFF_NC.7207	4	21332	21838	-	0	0	0		34	1	101	0.009900990099009901	161	1	363	0.0027548209366391185
CUFF_NC.7199	4	36870	38196	-	0	0	0		91	0	391	0.0	370	2	1531	0.0013063357282821686
CUFF_NC.7195	4	38831	39347	+	0	0	0		42	1	169	0.005917159763313609	185	3	788	0.0038071065989847717
CUFF_NC.7198	4	57139	59542	+	0	0	0		162	0	570	0.0	666	4	2297	0.0017414018284719198
CUFF_NC.7196	4	61762	62184	+	0	0	0		18	61	109	0.5596330275229358	119	15	720	0.020833333333333332
CUFF_NC.7197	4	62209	62490	-	0	0	0		8	0	32	0.0	83	4	338	0.011834319526627219
CUFF_NC.7200	4	77031	77637	+	0	0	0		24	27	61	0.4426229508196721	165	137	471	0.2908704883227176
CUFF_NC.7205	4	105395	107350	+	0	0	0		123	7	609	0.011494252873563218	462	16	2392	0.006688963210702341
CUFF_NC.7202	4	117364	118146	+	0	0	0		42	1	223	0.004484304932735426	243	4	1142	0.0035026269702276708
CUFF_NC.7201	4	129116	129907	-	0	0	0		41	1	220	0.004545454545454545	229	7	1120	0.00625
CUFF_NC.7204	4	131042	131982	-	0	0	0		42	0	175	0.0	194	3	777	0.003861003861003861
CUFF_NC.7203	4	132711	133253	+	0	0	0		24	0	107	0.0	131	1	589	0.001697792869269949
CUFF_NC.7206	4	149604	150065	-	0	0	0		54	1	212	0.0047169811320754715	119	1	573	0.0017452006980802793
CUFF_NC.7208	4	171611	172986	+	0	0	0		85	0	354	0.0	342	1	1427	0.000700770847932726
CUFF_NC.7209	4	174187	174717	+	0	0	0		27	1	104	0.009615384615384616	159	1	599	0.001669449081803005
CUFF_NC.7210	4	175903	176907	+	0	0	0		56	0	213	0.0	276	2	1130	0.0017699115044247787
CUFF_NC.7213	4	181840	182421	+	0	0	0		35	13	207	0.06280193236714976	162	8	925	0.008648648648648649
CUFF_NC.7214	4	186630	187639	+	0	0	0		94	0	419	0.0	289	2	1285	0.0015564202334630351
CUFF_NC.7217	4	193486	194149	-	0	0	0		24	0	86	0.0	161	0	571	0.0
CUFF_NC.7215	4	199443	201341	-	0	0	0		32	0	109	0.0	257	3	742	0.004043126684636119
CUFF_NC.7216	4	211426	212301	+	0	0	0		69	0	354	0.0	239	5	1072	0.0046641791044776115
CUFF_NC.7212	4	219547	219957	+	0	0	0		24	0	114	0.0	118	3	739	0.0040595399188092015
CUFF_NC.7211	4	234589	235316	+	0	0	0		47	1	167	0.005988023952095809	177	1	614	0.0016286644951140066
CUFF_NC.7218	4	252235	252586	+	0	0	0		20	0	120	0.0	95	1	578	0.0017301038062283738
CUFF_NC.7219	4	299368	300571	+	0	0	0		61	1	332	0.0030120481927710845	281	5	1387	0.003604902667627974
CUFF_NC.7220	4	311758	315101	-	0	0	0		104	19	301	0.06312292358803986	405	29	1108	0.026173285198555957
CUFF_NC.7221	4	319300	319596	+	0	0	0		17	0	61	0.0	81	1	366	0.00273224043715847
CUFF_NC.7262	4	336837	337365	+	0	0	0		39	1	189	0.005291005291005291	146	1	639	0.001564945226917058
CUFF_NC.7222	4	376443	376884	+	0	0	0		4	0	11	0.0	67	14	216	0.06481481481481481
CUFF_NC.7224	4	400343	400745	-	0	0	0		30	0	125	0.0	107	1	373	0.002680965147453083
CUFF_NC.7223	4	403101	404474	+	0	0	0		52	0	223	0.0	420	1	1760	0.0005681818181818182
CUFF_NC.7236	4	406195	407316	+	0	0	0		61	1	233	0.004291845493562232	300	3	1295	0.0023166023166023165
CUFF_NC.7235	4	414378	420730	-	0	0	0		132	3	437	0.006864988558352402	783	8	2902	0.0027567195037904893
CUFF_NC.7230	4	432496	432977	+	0	0	0		48	1	231	0.004329004329004329	130	0	359	0.0
CUFF_NC.7231	4	433103	433725	+	0	0	0		48	0	247	0.0	154	2	701	0.0028530670470756064
CUFF_NC.7226	4	434493	438321	+	0	0	0		220	3	983	0.003051881993896236	871	13	3727	0.00348806010195868
CUFF_NC.7225	4	443103	443504	-	0	0	0		14	0	39	0.0	43	0	80	0.0
CUFF_NC.7228	4	450433	453191	+	0	0	0		162	6	816	0.007352941176470588	772	8	3596	0.002224694104560623
CUFF_NC.7229	4	453973	455448	-	0	0	0		98	1	503	0.0019880715705765406	436	4	2086	0.0019175455417066154
CUFF_NC.7234	4	460378	460944	-	0	0	0		30	1	137	0.0072992700729927005	153	1	745	0.0013422818791946308
CUFF_NC.7232	4	465094	465503	-	0	0	0		7	0	10	0.0	32	0	45	0.0
CUFF_NC.7233	4	480306	481289	+	0	0	0		63	1	245	0.004081632653061225	219	3	699	0.004291845493562232
CUFF_NC.7238	4	506776	508159	+	0	0	0		135	0	572	0.0	318	6	1260	0.004761904761904762
CUFF_NC.7237	4	521883	523604	+	0	0	0		90	29	379	0.07651715039577836	381	15	1606	0.00933997509339975
CUFF_NC.7239	4	528633	529726	+	0	0	0		48	1	210	0.004761904761904762	263	1	1142	0.0008756567425569177
CUFF_NC.7248	4	533817	535112	-	0	0	0		72	2	424	0.0047169811320754715	373	4	1916	0.0020876826722338203
CUFF_NC.7247	4	538538	539630	+	0	0	0		106	2	306	0.006535947712418301	360	1	967	0.001034126163391934
CUFF_NC.7241	4	550223	551408	-	0	0	0		66	2	261	0.007662835249042145	263	1	1021	0.0009794319294809011
CUFF_NC.7240	4	560349	562289	-	0	0	0		81	0	327	0.0	417	3	1501	0.001998667554963358
CUFF_NC.7244	4	574174	574946	+	0	0	0		45	1	243	0.00411522633744856	240	2	1074	0.00186219739292365
CUFF_NC.7242	4	577961	579625	-	0	0	0		84	0	351	0.0	365	6	1612	0.0037220843672456576
CUFF_NC.7243	4	581983	582437	-	0	0	0		12	11	65	0.16923076923076924	113	28	614	0.04560260586319218
CUFF_NC.7245	4	585494	586041	-	0	0	0		14	0	37	0.0	117	1	432	0.0023148148148148147
CUFF_NC.7246	4	590561	591037	+	0	0	0		2	0	12	0.0	37	0	146	0.0
CUFF_NC.7249	4	612766	613186	-	0	0	0		23	1	129	0.007751937984496124	92	1	487	0.002053388090349076
CUFF_NC.7250	4	614428	616298	-	0	0	0		46	1	305	0.003278688524590164	437	8	2885	0.0027729636048526864
CUFF_NC.7253	4	626924	627734	-	0	0	0		46	1	200	0.005	212	1	875	0.001142857142857143
CUFF_NC.7255	4	630241	636831	-	0	0	0		513	1270	1935	0.6563307493540051	2037	1189	7813	0.15218226033533855
CUFF_NC.7252	4	639599	640804	-	0	0	0		81	0	322	0.0	332	3	1435	0.0020905923344947735
CUFF_NC.7251	4	644764	645831	+	0	0	0		31	0	225	0.0	235	6	1293	0.004640371229698376
CUFF_NC.7254	4	646404	646755	-	0	0	0		14	0	83	0.0	103	2	525	0.0038095238095238095
CUFF_NC.7256	4	660590	661726	-	0	0	0		31	0	138	0.0	144	2	615	0.0032520325203252032
CUFF_NC.7258	4	690642	692176	+	0	0	0		0	0	0		15	0	15	0.0
CUFF_NC.7261	4	696730	697126	-	0	0	0		20	1	161	0.006211180124223602	94	4	656	0.006097560975609756
CUFF_NC.7259	4	711779	712338	+	0	0	0		30	1	91	0.01098901098901099	134	0	375	0.0
CUFF_NC.7260	4	747488	747959	-	0	0	0		28	0	100	0.0	130	0	324	0.0
CUFF_NC.7264	4	753816	754967	-	0	0	0		3	0	3	0.0	27	0	33	0.0
CUFF_NC.7263	4	760659	761252	+	0	0	0		23	0	97	0.0	190	3	879	0.0034129692832764505
CUFF_NC.7265	4	761514	762662	+	0	0	0		56	246	548	0.4489051094890511	270	74	2287	0.03235679930039353
CUFF_NC.7266	4	785705	786123	+	0	0	0		25	0	82	0.0	96	0	307	0.0
CUFF_NC.7267	4	793174	794577	-	0	0	0		73	1	332	0.0030120481927710845	377	5	1470	0.003401360544217687
CUFF_NC.7270	4	808397	811053	+	0	0	0		204	1	825	0.0012121212121212121	627	5	2414	0.002071251035625518
CUFF_NC.7271	4	832367	833425	+	0	0	0		21	0	72	0.0	77	0	289	0.0
CUFF_NC.7272	4	832444	832912	+	0	0	0		11	0	26	0.0	20	0	32	0.0
CUFF_NC.7269	4	841132	841800	-	0	0	0		48	0	232	0.0	192	3	867	0.0034602076124567475
CUFF_NC.7268	4	846022	846773	+	0	0	0		26	1	119	0.008403361344537815	229	2	960	0.0020833333333333333
CUFF_NC.7275	4	858570	859345	+	0	0	0		22	0	106	0.0	204	1	977	0.0010235414534288639
CUFF_NC.7276	4	859778	860849	+	0	0	0		42	4	226	0.017699115044247787	301	5	1457	0.0034317089910775567
CUFF_NC.7273	4	883821	884281	-	0	0	0		31	4	134	0.029850746268656716	152	0	569	0.0
CUFF_NC.7274	4	904113	904692	-	0	0	0		59	0	257	0.0	149	2	631	0.003169572107765452
CUFF_NC.7278	4	923079	923674	-	0	0	0		53	1	158	0.006329113924050633	146	1	460	0.002173913043478261
CUFF_NC.7281	4	930169	932074	-	0	0	0		155	4	606	0.006600660066006601	368	3	1358	0.0022091310751104565
CUFF_NC.7287	4	945554	947290	+	0	0	0		111	0	347	0.0	437	6	1612	0.0037220843672456576
CUFF_NC.7282	4	949638	950483	+	0	0	0		49	0	212	0.0	213	0	914	0.0
CUFF_NC.7283	4	950560	952725	+	0	0	0		167	2	902	0.0022172949002217295	588	7	3187	0.0021964229683087543
CUFF_NC.7279	4	958138	958563	-	0	0	0		17	0	83	0.0	126	2	560	0.0035714285714285713
CUFF_NC.7280	4	960465	960931	-	0	0	0		18	0	80	0.0	106	3	420	0.007142857142857143
CUFF_NC.7286	4	970675	971045	+	0	0	0		13	0	50	0.0	83	0	328	0.0
CUFF_NC.7285	4	981567	982036	-	0	0	0		41	1	163	0.006134969325153374	106	0	375	0.0
CUFF_NC.7297	4	990481	990798	-	0	0	0		27	0	124	0.0	93	1	391	0.0025575447570332483
CUFF_NC.7288	4	994693	995430	-	0	0	0		44	1	201	0.004975124378109453	195	2	843	0.002372479240806643
CUFF_NC.7289	4	1025423	1026211	+	0	0	0		40	1	181	0.0055248618784530384	202	2	776	0.002577319587628866
CUFF_NC.7290	4	1032285	1033512	-	0	0	0		66	1	298	0.003355704697986577	224	4	773	0.00517464424320828
CUFF_NC.7291	4	1035629	1036310	-	0	0	0		30	0	91	0.0	113	2	330	0.006060606060606061
CUFF_NC.7292	4	1060227	1065057	+	0	0	0		171	2	730	0.0027397260273972603	1130	13	4729	0.002748995559314866
CUFF_NC.7293	4	1060755	1066441	+	0	0	0		224	4	974	0.004106776180698152	1362	13	5692	0.0022839072382290935
CUFF_NC.7294	4	1065117	1065602	+	0	0	0		28	1	83	0.012048192771084338	142	0	390	0.0
CUFF_NC.7315	4	1072556	1073616	-	0	0	0		67	0	216	0.0	292	3	978	0.003067484662576687
CUFF_NC.7295	4	1090826	1091785	-	0	0	0		22	82	104	0.7884615384615384	201	180	830	0.21686746987951808
CUFF_NC.7298	4	1107603	1109379	-	0	0	0		166	2	642	0.003115264797507788	547	4	1999	0.002001000500250125
CUFF_NC.7303	4	1125147	1125503	+	0	0	0		41	1	129	0.007751937984496124	99	2	358	0.00558659217877095
CUFF_NC.7299	4	1151590	1153318	-	0	0	0		89	0	352	0.0	461	6	1741	0.0034462952326249283
CUFF_NC.7304	4	1153898	1156231	-	0	0	0		160	5	780	0.00641025641025641	610	8	2840	0.0028169014084507044
CUFF_NC.7305	4	1157323	1158240	-	0	0	0		69	1	332	0.0030120481927710845	227	3	1004	0.00298804780876494
CUFF_NC.7300	4	1193697	1194333	+	0	0	0		51	0	215	0.0	169	2	567	0.003527336860670194
CUFF_NC.7301	4	1201586	1202298	+	0	0	0		53	0	258	0.0	212	1	879	0.0011376564277588168
CUFF_NC.7302	4	1213389	1213869	+	0	0	0		30	0	149	0.0	149	4	790	0.005063291139240506
CUFF_NC.7306	4	1219906	1221050	+	0	0	0		73	0	360	0.0	290	1	1333	0.0007501875468867217
CUFF_NC.7307	4	1221246	1222034	+	0	0	0		66	1	328	0.003048780487804878	238	5	986	0.005070993914807302
CUFF_NC.7309	4	1229193	1234981	+	0	0	0		234	328	1049	0.3126787416587226	1377	536	6743	0.07948984131692124
CUFF_NC.7308	4	1256918	1262487	-	0	0	0		207	22	1122	0.0196078431372549	1399	49	7645	0.006409417920209287
CUFF_NC.7312	4	1286409	1287601	-	0	0	0		112	2	526	0.0038022813688212928	317	4	1430	0.002797202797202797
CUFF_NC.7310	4	1318878	1319185	-	0	0	0		37	0	107	0.0	89	1	304	0.003289473684210526
CUFF_NC.7314	4	1330029	1331172	-	0	0	0		132	2	539	0.0037105751391465678	241	3	988	0.003036437246963563
CUFF_NC.7313	4	1335815	1337613	+	0	0	0		113	3	436	0.006880733944954129	516	5	1758	0.002844141069397042
CUFF_NC.7317	4	1355619	1359157	-	0	0	0		134	26	829	0.031363088057901084	790	179	4867	0.03677830285596877
CUFF_NC.7320	4	1364906	1365339	+	0	0	0		41	0	161	0.0	116	2	415	0.004819277108433735
CUFF_NC.7321	4	1366399	1367869	+	0	0	0		123	0	561	0.0	400	1	1646	0.0006075334143377885
CUFF_NC.7318	4	1373075	1375108	-	0	0	0		90	1	430	0.002325581395348837	469	10	2063	0.004847309743092583
CUFF_NC.7319	4	1375249	1375928	-	0	0	0		59	1	298	0.003355704697986577	190	6	982	0.006109979633401222
CUFF_NC.7322	4	1405103	1407286	+	0	0	0		188	2	825	0.0024242424242424242	645	4	2692	0.0014858841010401188
CUFF_NC.7335	4	1408259	1408554	-	0	0	0		20	0	50	0.0	72	0	161	0.0
CUFF_NC.7336	4	1411371	1411781	-	0	0	0		36	1	202	0.0049504950495049506	113	3	667	0.004497751124437781
CUFF_NC.7345	4	1416579	1417237	-	0	0	0		37	1	197	0.005076142131979695	195	2	1002	0.001996007984031936
CUFF_NC.7344	4	1422928	1423380	+	0	0	0		15	0	70	0.0	112	2	531	0.003766478342749529
CUFF_NC.7323	4	1436000	1436443	+	0	0	0		19	0	119	0.0	95	2	552	0.0036231884057971015
CUFF_NC.7324	4	1442644	1443461	-	0	0	0		22	6	110	0.05454545454545454	204	4	895	0.004469273743016759
CUFF_NC.7325	4	1459785	1461920	-	0	0	0		8	5	8	0.625	36	2	36	0.05555555555555555
CUFF_NC.7326	4	1470424	1472033	-	0	0	0		92	1	507	0.0019723865877712033	427	6	2410	0.0024896265560165973
CUFF_NC.7327	4	1470462	1471229	+	0	0	0		58	0	276	0.0	223	1	1085	0.0009216589861751152
CUFF_NC.7329	4	1472725	1476719	+	0	0	0		197	2	886	0.002257336343115124	815	6	3576	0.0016778523489932886
CUFF_NC.7328	4	1487686	1488499	+	0	0	0		23	9	161	0.055900621118012424	179	39	1126	0.03463587921847247
CUFF_NC.7332	4	1492158	1492965	+	0	0	0		63	1	223	0.004484304932735426	259	2	938	0.0021321961620469083
CUFF_NC.7337	4	1503046	1503395	-	0	0	0		20	1	100	0.01	106	0	525	0.0
CUFF_NC.7338	4	1505198	1505723	+	0	0	0		33	0	177	0.0	163	6	955	0.0062827225130890054
CUFF_NC.7330	4	1513069	1513799	-	0	0	0		41	0	151	0.0	202	1	673	0.0014858841010401188
CUFF_NC.7346	4	1526655	1527070	+	0	0	0		30	0	162	0.0	116	1	692	0.001445086705202312
CUFF_NC.7339	4	1563629	1564210	+	0	0	0		28	1	154	0.006493506493506494	130	0	626	0.0
CUFF_NC.7340	4	1596141	1597125	-	0	0	0		16	36	92	0.391304347826087	244	62	1676	0.03699284009546539
CUFF_NC.7341	4	1598277	1599753	-	0	0	0		37	43	157	0.27388535031847133	259	120	1607	0.07467330429371499
CUFF_NC.7343	4	1603598	1604655	+	0	0	0		56	0	338	0.0	259	4	1376	0.0029069767441860465
CUFF_NC.7347	4	1649419	1650207	-	0	0	0		24	33	112	0.29464285714285715	232	45	1030	0.043689320388349516
CUFF_NC.7348	4	1655245	1656417	+	0	0	0		50	70	333	0.21021021021021022	329	53	1895	0.027968337730870714
CUFF_NC.7352	4	1667889	1669208	-	0	0	0		7	0	7	0.0	30	3	30	0.1
CUFF_NC.7350	4	1699590	1700905	-	0	0	0		14	4	34	0.11764705882352941	141	10	331	0.030211480362537766
CUFF_NC.7349	4	1702247	1702782	-	0	0	0		10	1	42	0.023809523809523808	53	15	224	0.06696428571428571
CUFF_NC.7351	4	1703152	1703817	-	0	0	0		5	2	18	0.1111111111111111	53	9	134	0.06716417910447761
CUFF_NC.7353	4	1704147	1706568	+	0	0	0		22	10	66	0.15151515151515152	134	46	575	0.08
CUFF_NC.7355	4	1704523	1710689	+	0	0	0		21	9	39	0.23076923076923078	150	38	530	0.07169811320754717
CUFF_NC.7354	4	1705975	1708334	-	0	0	0		14	3	18	0.16666666666666666	93	4	158	0.02531645569620253
CUFF_NC.7358	4	1710869	1724238	-	0	0	0		51	23	129	0.17829457364341086	430	30	997	0.03009027081243731
CUFF_NC.7360	4	1714020	1714604	-	0	0	0		3	0	4	0.0	26	2	36	0.05555555555555555
CUFF_NC.7359	4	1718277	1724425	+	0	0	0		21	7	51	0.13725490196078433	194	12	447	0.026845637583892617
CUFF_NC.7366	4	1721606	1725717	+	0	0	0		20	7	50	0.14	178	11	427	0.02576112412177986
CUFF_NC.7373	4	1726159	1734150	+	0	0	0		50	15	148	0.10135135135135136	285	21	729	0.02880658436213992
CUFF_NC.7376	4	1726803	1731897	-	0	0	0		36	13	116	0.11206896551724138	188	16	506	0.03162055335968379
CUFF_NC.7377	4	1729414	1730108	-	0	0	0		10	1	27	0.037037037037037035	39	0	112	0.0
CUFF_NC.7374	4	1729700	1731886	+	0	0	0		25	7	52	0.1346153846153846	144	4	311	0.012861736334405145
CUFF_NC.7378	4	1731499	1741633	-	0	0	0		67	36	266	0.13533834586466165	436	42	1230	0.03414634146341464
CUFF_NC.7375	4	1735764	1741851	+	0	0	0		39	22	185	0.11891891891891893	280	34	954	0.03563941299790356
CUFF_NC.7379	4	1749563	1755744	-	0	0	0		227	315	858	0.36713286713286714	1261	300	4874	0.061551087402544113
CUFF_NC.7381	4	1756583	1760148	+	0	0	0		123	153	671	0.22801788375558868	901	154	5063	0.030416748963065378
CUFF_NC.7380	4	1757760	1758250	-	0	0	0		14	0	89	0.0	126	4	662	0.006042296072507553
CUFF_NC.7356	4	1767359	1768598	+	0	0	0		57	59	232	0.2543103448275862	318	58	1366	0.0424597364568082
CUFF_NC.7357	4	1768783	1769548	+	0	0	0		31	81	235	0.3446808510638298	204	45	1275	0.03529411764705882
CUFF_NC.7370	4	1770346	1771626	-	0	0	0		49	65	249	0.26104417670682734	286	35	1439	0.024322446143154968
CUFF_NC.7371	4	1770406	1774627	+	0	0	0		219	71	1055	0.06729857819905213	967	49	4370	0.011212814645308924
CUFF_NC.7372	4	1772242	1772744	+	0	0	0		24	0	113	0.0	139	2	624	0.003205128205128205
CUFF_NC.7365	4	1785644	1786404	-	0	0	0		33	9	177	0.05084745762711865	184	10	1011	0.009891196834817012
CUFF_NC.7363	4	1796163	1796669	-	0	0	0		18	4	20	0.2	28	2	30	0.06666666666666667
CUFF_NC.7364	4	1796907	1797718	-	0	0	0		22	48	141	0.3404255319148936	99	65	734	0.0885558583106267
CUFF_NC.7367	4	1798620	1804726	-	0	0	0		26	11	54	0.2037037037037037	110	30	252	0.11904761904761904
CUFF_NC.7383	4	1811987	1812452	-	0	0	0		32	73	159	0.4591194968553459	109	36	408	0.08823529411764706
CUFF_NC.7382	4	1831072	1831477	+	0	0	0		23	67	141	0.475177304964539	122	63	644	0.09782608695652174
CUFF_NC.7387	4	1838412	1838949	-	0	0	0		11	23	58	0.39655172413793105	55	20	190	0.10526315789473684
CUFF_NC.7386	4	1853468	1855236	-	0	0	0		40	34	199	0.1708542713567839	366	35	1888	0.018538135593220338
CUFF_NC.7390	4	1868760	1876630	-	0	0	0		352	407	1458	0.27914951989026066	1881	295	7222	0.04084741068955968
CUFF_NC.7384	4	1879087	1880419	-	0	0	0		48	76	233	0.3261802575107296	333	106	1401	0.07566024268379729
CUFF_NC.7385	4	1880709	1881299	-	0	0	0		23	51	101	0.504950495049505	164	33	773	0.042690815006468305
CUFF_NC.7388	4	1889353	1890153	-	0	0	0		51	0	203	0.0	178	1	745	0.0013422818791946308
CUFF_NC.7389	4	1906171	1907908	+	0	0	0		57	57	134	0.4253731343283582	198	37	467	0.07922912205567452
CUFF_NC.7391	4	1961125	1961951	+	0	0	0		40	30	155	0.1935483870967742	194	17	958	0.017745302713987474
CUFF_NC.7392	4	1987386	1987876	+	0	0	0		37	61	131	0.46564885496183206	149	55	510	0.10784313725490197
CUFF_NC.7396	4	2001080	2002355	-	0	0	0		79	98	238	0.4117647058823529	310	115	938	0.12260127931769722
CUFF_NC.7397	4	2002646	2003584	-	0	0	0		42	34	80	0.425	158	20	298	0.06711409395973154
CUFF_NC.7393	4	2014325	2015603	-	0	0	0		43	51	212	0.24056603773584906	340	86	1458	0.05898491083676269
CUFF_NC.7394	4	2017766	2018380	-	0	0	0		50	124	239	0.5188284518828452	192	79	842	0.09382422802850356
CUFF_NC.7399	4	2033167	2036495	-	0	0	0		208	3	997	0.003009027081243731	909	13	4226	0.003076194983435873
CUFF_NC.7398	4	2036443	2037875	+	0	0	0		23	0	108	0.0	111	0	562	0.0
CUFF_NC.7395	4	2039156	2039564	+	0	0	0		10	19	41	0.4634146341463415	98	16	364	0.04395604395604396
CUFF_NC.7405	4	2058243	2059956	+	0	0	0		112	166	451	0.36807095343680707	468	123	1801	0.06829539144919489
CUFF_NC.7400	4	2061421	2063049	-	0	0	0		54	67	196	0.34183673469387754	421	139	1490	0.09328859060402685
CUFF_NC.7401	4	2068902	2069416	-	0	0	0		3	1	4	0.25	20	3	37	0.08108108108108109
CUFF_NC.7403	4	2069556	2076433	-	0	0	0		122	195	504	0.3869047619047619	1359	385	5498	0.07002546380502
CUFF_NC.7404	4	2074184	2074463	-	0	0	0		3	2	15	0.13333333333333333	62	7	232	0.03017241379310345
CUFF_NC.7406	4	2085885	2088089	+	0	0	0		53	86	221	0.3891402714932127	245	73	1122	0.06506238859180036
CUFF_NC.7402	4	2095226	2096607	+	0	0	0		41	84	209	0.4019138755980861	370	87	1800	0.04833333333333333
CUFF_NC.7407	4	2119050	2119625	-	0	0	0		26	22	123	0.17886178861788618	135	14	600	0.023333333333333334
CUFF_NC.7408	4	2123954	2126609	-	0	0	0		225	1	1069	0.0009354536950420954	681	6	3316	0.0018094089264173703
CUFF_NC.7411	4	2133399	2134082	+	0	0	0		47	1	214	0.004672897196261682	191	2	832	0.002403846153846154
CUFF_NC.7410	4	2164749	2165309	-	0	0	0		23	1	75	0.013333333333333334	158	4	622	0.006430868167202572
CUFF_NC.7409	4	2175791	2178695	+	0	0	0		111	14	518	0.02702702702702703	743	20	3904	0.005122950819672131
CUFF_NC.7415	4	2188976	2194317	-	0	0	0		123	85	549	0.15482695810564662	1562	307	6762	0.045400769003253474
CUFF_NC.7413	4	2219537	2223096	-	0	0	0		156	43	617	0.06969205834683954	893	59	3672	0.016067538126361657
CUFF_NC.7414	4	2232629	2234751	+	0	0	0		105	209	584	0.3578767123287671	517	85	2697	0.03151649981460882
CUFF_NC.7412	4	2242011	2242867	-	0	0	0		58	1	303	0.0033003300330033004	212	6	979	0.006128702757916241
CUFF_NC.7416	4	2262958	2263637	-	0	0	0		27	31	120	0.25833333333333336	148	16	553	0.028933092224231464
CUFF_NC.7421	4	2289927	2290584	-	0	0	0		45	1	188	0.005319148936170213	167	2	568	0.0035211267605633804
CUFF_NC.7420	4	2307740	2308996	-	0	0	0		45	69	203	0.3399014778325123	346	106	1665	0.06366366366366366
CUFF_NC.7424	4	2309430	2309761	+	0	0	0		13	0	55	0.0	89	0	299	0.0
CUFF_NC.7417	4	2315391	2315900	+	0	0	0		22	0	61	0.0	93	4	280	0.014285714285714285
CUFF_NC.7418	4	2323111	2323830	-	0	0	0		26	40	83	0.4819277108433735	186	51	818	0.06234718826405868
CUFF_NC.7423	4	2325764	2326602	-	0	0	0		61	1	224	0.004464285714285714	263	2	776	0.002577319587628866
CUFF_NC.7419	4	2332040	2332947	+	0	0	0		31	1	99	0.010101010101010102	252	2	766	0.0026109660574412533
CUFF_NC.7422	4	2347828	2348981	-	0	0	0		3	0	3	0.0	18	0	18	0.0
CUFF_NC.7426	4	2357043	2357483	-	0	0	0		17	45	70	0.6428571428571429	98	49	353	0.1388101983002833
CUFF_NC.7429	4	2389292	2395086	+	0	0	0		257	27	1320	0.020454545454545454	1429	44	7226	0.006089122612787158
CUFF_NC.7430	4	2389363	2389998	-	0	0	0		33	0	243	0.0	170	1	1164	0.000859106529209622
CUFF_NC.7437	4	2405801	2406190	+	0	0	0		25	0	159	0.0	105	6	626	0.009584664536741214
CUFF_NC.7438	4	2407811	2410122	+	0	0	0		26	0	86	0.0	103	0	336	0.0
CUFF_NC.7428	4	2412638	2413429	+	0	0	0		24	67	136	0.49264705882352944	186	32	839	0.03814064362336114
CUFF_NC.7435	4	2434394	2434947	+	0	0	0		10	0	17	0.0	34	1	44	0.022727272727272728
CUFF_NC.7434	4	2440807	2441620	-	0	0	0		34	1	119	0.008403361344537815	158	0	533	0.0
CUFF_NC.7432	4	2446554	2446873	-	0	0	0		25	0	84	0.0	54	2	175	0.011428571428571429
CUFF_NC.7431	4	2447213	2448345	+	0	0	0		8	0	42	0.0	162	2	699	0.002861230329041488
CUFF_NC.7433	4	2450310	2450733	-	0	0	0		4	1	6	0.16666666666666666	65	1	135	0.007407407407407408
CUFF_NC.7436	4	2458767	2459562	-	0	0	0		33	47	175	0.26857142857142857	178	12	1111	0.010801080108010801
CUFF_NC.7439	4	2461054	2461464	-	0	0	0		41	0	196	0.0	115	1	563	0.0017761989342806395
CUFF_NC.7449	4	2504266	2505529	-	0	0	0		93	1	469	0.0021321961620469083	352	7	1794	0.0039018952062430325
CUFF_NC.7443	4	2505721	2508026	-	0	0	0		121	0	532	0.0	508	4	2193	0.001823985408116735
CUFF_NC.7441	4	2517843	2518779	+	0	0	0		69	1	390	0.002564102564102564	279	4	1444	0.002770083102493075
CUFF_NC.7440	4	2521039	2521557	-	0	0	0		24	51	140	0.36428571428571427	143	25	723	0.034578146611341634
CUFF_NC.7442	4	2533267	2534563	-	0	0	0		59	2	324	0.006172839506172839	387	3	1809	0.001658374792703151
CUFF_NC.7444	4	2545651	2546061	+	0	0	0		18	1	92	0.010869565217391304	77	2	356	0.0056179775280898875
CUFF_NC.7447	4	2575289	2576260	-	0	0	0		51	0	286	0.0	262	4	1233	0.0032441200324412004
CUFF_NC.7460	4	2582430	2585453	+	0	0	0		39	75	179	0.41899441340782123	306	87	1197	0.07268170426065163
CUFF_NC.7462	4	2584349	2585357	-	0	0	0		28	62	154	0.4025974025974026	229	56	935	0.059893048128342244
CUFF_NC.7448	4	2592062	2594445	+	0	0	0		59	0	272	0.0	193	3	869	0.0034522439585730723
CUFF_NC.7446	4	2596635	2597171	-	0	0	0		2	0	2	0.0	23	0	23	0.0
CUFF_NC.7450	4	2605921	2607136	+	0	0	0		18	93	192	0.484375	243	336	1801	0.18656302054414214
CUFF_NC.7451	4	2605924	2607123	-	0	0	0		18	93	192	0.484375	243	336	1801	0.18656302054414214
CUFF_NC.7452	4	2619092	2619791	-	0	0	0		29	0	120	0.0	205	6	842	0.007125890736342043
CUFF_NC.7463	4	2636834	2638182	+	0	0	0		69	47	268	0.17537313432835822	297	32	1245	0.02570281124497992
CUFF_NC.7453	4	2655650	2656057	-	0	0	0		22	78	108	0.7222222222222222	76	28	235	0.11914893617021277
CUFF_NC.7457	4	2660113	2660924	-	0	0	0		44	0	124	0.0	142	2	498	0.004016064257028112
CUFF_NC.7459	4	2689787	2690481	+	0	0	0		13	2	94	0.02127659574468085	126	0	756	0.0
CUFF_NC.7458	4	2691641	2692390	-	0	0	0		19	0	65	0.0	138	1	449	0.0022271714922048997
CUFF_NC.7464	4	2694718	2695439	-	0	0	0		41	1	189	0.005291005291005291	176	2	781	0.002560819462227913
CUFF_NC.7465	4	2713963	2714697	-	0	0	0		30	31	144	0.2152777777777778	175	46	738	0.06233062330623306
CUFF_NC.7466	4	2716392	2717563	-	0	0	0		52	2	266	0.007518796992481203	360	2	1650	0.0012121212121212121
CUFF_NC.7495	4	2718541	2720098	-	0	0	0		143	1	569	0.0017574692442882249	473	5	1771	0.00282326369282891
CUFF_NC.7467	4	2724493	2725064	-	0	0	0		26	27	146	0.18493150684931506	149	17	787	0.021601016518424398
CUFF_NC.7468	4	2735114	2735704	-	0	0	0		26	50	168	0.2976190476190476	92	27	421	0.06413301662707839
CUFF_NC.7469	4	2740250	2740882	+	0	0	0		31	1	181	0.0055248618784530384	176	2	925	0.002162162162162162
CUFF_NC.7470	4	2752085	2752748	-	0	0	0		42	0	232	0.0	188	2	1084	0.0018450184501845018
CUFF_NC.7471	4	2763221	2763969	+	0	0	0		38	1	168	0.005952380952380952	231	3	1086	0.0027624309392265192
CUFF_NC.7475	4	2789917	2790721	+	0	0	0		2	0	2	0.0	9	0	9	0.0
CUFF_NC.7476	4	2792646	2793440	+	0	0	0		0	0	0		3	0	3	0.0
CUFF_NC.7472	4	2808365	2808849	+	0	0	0		26	45	146	0.3082191780821918	129	29	706	0.04107648725212465
CUFF_NC.7477	4	2817287	2818182	-	0	0	0		65	1	274	0.0036496350364963502	247	1	1008	0.000992063492063492
CUFF_NC.7474	4	2828591	2830161	+	0	0	0		91	126	377	0.33421750663129973	397	139	1628	0.08538083538083538
CUFF_NC.7478	4	2846675	2847381	+	0	0	0		31	81	199	0.40703517587939697	173	50	1182	0.04230118443316413
CUFF_NC.7479	4	2903533	2904254	+	0	0	0		25	35	115	0.30434782608695654	199	64	996	0.0642570281124498
CUFF_NC.7481	4	3054598	3056358	-	0	0	0		42	241	511	0.47162426614481406	193	254	2489	0.10204901566894335
CUFF_NC.7480	4	3087393	3087828	+	0	0	0		19	65	96	0.6770833333333334	61	42	371	0.11320754716981132
CUFF_NC.7482	4	3088047	3088364	+	0	0	0		18	18	48	0.375	76	27	249	0.10843373493975904
CUFF_NC.7483	4	3100248	3101180	-	0	0	0		38	42	149	0.28187919463087246	255	57	891	0.06397306397306397
CUFF_NC.7484	4	3137958	3138407	-	0	0	0		11	9	45	0.2	113	38	471	0.08067940552016985
CUFF_NC.7485	4	3144697	3145587	-	0	0	0		29	72	191	0.3769633507853403	222	71	1399	0.05075053609721229
CUFF_NC.7488	4	3330622	3332367	+	0	0	0		67	128	376	0.3404255319148936	478	155	2612	0.05934150076569678
CUFF_NC.7486	4	3332433	3335074	-	0	0	0		127	257	629	0.40858505564387915	696	289	3515	0.08221906116642959
CUFF_NC.7487	4	3341769	3342226	-	0	0	0		31	20	75	0.26666666666666666	123	28	279	0.1003584229390681
CUFF_NC.7489	4	3356587	3357934	-	0	0	0		86	1	376	0.0026595744680851063	363	6	1503	0.003992015968063872
CUFF_NC.7490	4	3507060	3507660	+	0	0	0		44	49	147	0.3333333333333333	168	42	516	0.08139534883720931
CUFF_NC.7491	4	3517878	3518322	+	0	0	0		13	31	115	0.26956521739130435	121	63	909	0.06930693069306931
CUFF_NC.7494	4	3648242	3648899	-	0	0	0		29	30	122	0.2459016393442623	169	39	712	0.054775280898876406
CUFF_NC.7493	4	3677533	3681545	-	0	0	0		185	310	672	0.46130952380952384	585	199	2165	0.09191685912240184
CUFF_NC.7492	4	3704689	3705110	-	0	0	0		17	29	105	0.2761904761904762	127	56	665	0.08421052631578947
CUFF_NC.7499	4	3770841	3773229	-	0	0	0		42	71	294	0.24149659863945577	541	162	3545	0.045698166431593794
CUFF_NC.7496	4	3784747	3785272	-	0	0	0		25	10	94	0.10638297872340426	160	66	572	0.11538461538461539
CUFF_NC.7497	4	3804133	3804842	-	0	0	0		15	23	92	0.25	192	43	1174	0.036626916524701875
CUFF_NC.7498	4	3814037	3814917	+	0	0	0		37	54	138	0.391304347826087	258	90	1021	0.0881488736532811
CUFF_NC.7501	4	3827596	3828385	-	0	0	0		47	83	240	0.3458333333333333	211	97	994	0.09758551307847083
CUFF_NC.7500	4	3848097	3848635	+	0	0	0		42	478	884	0.5407239819004525	166	481	3461	0.13897717422710198
CUFF_NC.7502	4	3855728	3856132	-	0	0	0		13	9	47	0.19148936170212766	134	35	595	0.058823529411764705
CUFF_NC.7503	4	3858719	3859466	+	0	0	0		36	57	137	0.41605839416058393	244	51	841	0.06064209274673008
CUFF_NC.7505	4	3879344	3879973	+	0	0	0		27	72	147	0.4897959183673469	155	89	913	0.09748083242059145
CUFF_NC.7504	4	3894962	3896234	+	0	0	0		26	0	143	0.0	324	5	1922	0.0026014568158168575
CUFF_NC.7506	4	3923349	3923614	-	0	0	0		7	12	40	0.3	74	30	462	0.06493506493506493
CUFF_NC.7518	4	3939265	3940749	-	0	0	0		82	0	430	0.0	367	5	1941	0.002575991756826378
CUFF_NC.7512	4	3950517	3956021	+	0	0	0		81	1107	4219	0.2623844512917753	1653	4549	71501	0.06362148781135928
CUFF_NC.7507	4	3957188	3957995	+	0	0	0		13	13	18	0.7222222222222222	80	4	97	0.041237113402061855
CUFF_NC.7508	4	3971693	3976211	-	0	0	0		12	5	51	0.09803921568627451	304	116	1293	0.0897138437741686
CUFF_NC.7509	4	3974606	3979991	+	0	0	0		47	188	687	0.27365356622998543	1063	1236	14986	0.08247697851327906
CUFF_NC.7510	4	3974680	3975462	+	0	0	0		4	4	23	0.17391304347826086	131	71	722	0.09833795013850416
CUFF_NC.7511	4	3978804	3984738	+	0	0	0		32	118	502	0.2350597609561753	979	1298	15285	0.08491985606804056
CUFF_NC.7513	4	3998598	4000803	-	0	0	0		3	10	40	0.25	176	162	2149	0.07538389948813401
CUFF_NC.7514	4	4000227	4010948	+	0	0	0		48	196	743	0.26379542395693134	1280	1384	14970	0.09245156980627922
CUFF_NC.7516	4	4003704	4004165	+	0	0	0		3	5	13	0.38461538461538464	44	16	129	0.12403100775193798
CUFF_NC.7515	4	4005902	4006376	-	0	0	0		3	2	60	0.03333333333333333	124	77	1198	0.0642737896494157
CUFF_NC.7517	4	4009331	4010442	+	0	0	0		11	61	258	0.2364341085271318	288	500	5020	0.099601593625498
CUFF_NC.7519	4	4070715	4072409	+	0	0	0		98	2	475	0.004210526315789474	488	9	2160	0.004166666666666667
CUFF_NC.7521	4	4129143	4129618	+	0	0	0		23	31	125	0.248	124	65	723	0.08990318118948824
CUFF_NC.7523	4	4148287	4157138	+	0	0	0		239	347	915	0.37923497267759565	1215	282	4618	0.06106539627544391
CUFF_NC.7522	4	4170691	4171129	+	0	0	0		5	1	5	0.2	20	0	20	0.0
CUFF_NC.7524	4	4276806	4277725	+	0	0	0		9	19	38	0.5	37	24	165	0.14545454545454545
CUFF_NC.7529	4	4359180	4359696	+	0	0	0		2	2	9	0.2222222222222222	37	0	122	0.0
CUFF_NC.7526	4	4373371	4375269	+	0	0	0		46	170	284	0.5985915492957746	397	233	2118	0.11000944287063268
CUFF_NC.7525	4	4388181	4389348	-	0	0	0		8	5	15	0.3333333333333333	72	10	163	0.06134969325153374
CUFF_NC.7530	4	4425015	4430449	-	0	0	0		134	163	355	0.4591549295774648	467	153	1303	0.11742133537989255
CUFF_NC.7527	4	4443429	4443832	+	0	0	0		1	0	1	0.0	5	1	5	0.2
CUFF_NC.7528	4	4445375	4445930	-	0	0	0		1	0	1	0.0	13	0	13	0.0
CUFF_NC.7533	4	4595933	4596320	-	0	0	0		4	0	16	0.0	39	2	171	0.011695906432748537
CUFF_NC.7542	4	4597928	4598839	+	0	0	0		19	25	104	0.2403846153846154	212	59	1044	0.05651340996168582
CUFF_NC.7543	4	4599499	4600635	-	0	0	0		23	16	32	0.5	87	7	119	0.058823529411764705
CUFF_NC.7541	4	4602906	4604300	-	0	0	0		14	2	96	0.020833333333333332	46	1	238	0.004201680672268907
CUFF_NC.7544	4	4628972	4629999	-	0	0	0		4	4	4	1.0	18	3	18	0.16666666666666666
CUFF_NC.7537	4	4639846	4641992	-	0	0	0		51	83	233	0.3562231759656652	451	122	1876	0.0650319829424307
CUFF_NC.7538	4	4641754	4642175	+	0	0	0		14	26	53	0.49056603773584906	94	20	377	0.05305039787798409
CUFF_NC.7539	4	4643832	4644821	-	0	0	0		69	88	296	0.2972972972972973	267	57	1026	0.05555555555555555
CUFF_NC.7540	4	4646016	4649703	+	0	0	0		155	168	463	0.36285097192224625	593	133	1642	0.08099878197320341
CUFF_NC.7536	4	4657545	4658517	+	0	0	0		29	66	91	0.7252747252747253	175	55	612	0.08986928104575163
CUFF_NC.7548	4	4677708	4678338	+	0	0	0		17	18	59	0.3050847457627119	116	25	365	0.0684931506849315
CUFF_NC.7551	4	4706378	4706988	-	0	0	0		12	9	18	0.5	75	11	114	0.09649122807017543
CUFF_NC.7552	4	4781154	4781862	-	0	0	0		35	84	132	0.6363636363636364	112	49	378	0.12962962962962962
CUFF_NC.7558	4	4802456	4803240	+	0	0	0		48	1	233	0.004291845493562232	214	4	957	0.0041797283176593526
CUFF_NC.7555	4	4807918	4809466	-	0	0	0		72	53	312	0.16987179487179488	371	28	1557	0.01798330122029544
CUFF_NC.7559	4	4824245	4825135	+	0	0	0		34	0	232	0.0	207	2	956	0.0020920502092050207
CUFF_NC.7553	4	4829353	4831149	-	0	0	0		80	71	338	0.21005917159763313	395	73	1774	0.04114994363021421
CUFF_NC.7554	4	4831453	4832344	-	0	0	0		37	46	115	0.4	169	46	646	0.07120743034055728
CUFF_NC.7556	4	4834985	4837608	-	0	0	0		168	284	637	0.44583987441130296	768	350	3159	0.11079455523899968
CUFF_NC.7557	4	4837999	4838790	-	0	0	0		28	38	130	0.2923076923076923	165	76	722	0.10526315789473684
CUFF_NC.7560	4	4848565	4850028	-	0	0	0		112	245	605	0.4049586776859504	303	67	1481	0.04523970290344362
CUFF_NC.7564	4	4866452	4868343	+	0	0	0		49	2	247	0.008097165991902834	495	9	2414	0.003728251864125932
CUFF_NC.7565	4	4867807	4868186	-	0	0	0		9	0	47	0.0	93	1	364	0.0027472527472527475
CUFF_NC.7561	4	4890726	4892280	+	0	0	0		56	80	205	0.3902439024390244	386	104	1653	0.06291591046581972
CUFF_NC.7563	4	4959282	4959958	-	0	0	0		17	13	29	0.4482758620689655	43	33	133	0.24812030075187969
CUFF_NC.7566	4	4991836	4992516	+	0	0	0		56	49	370	0.13243243243243244	149	28	1077	0.025998142989786442
CUFF_NC.7567	4	4996293	4996969	-	0	0	0		43	96	443	0.21670428893905191	142	42	1394	0.03012912482065997
CUFF_NC.7568	4	4997114	4997563	-	0	0	0		28	61	349	0.17478510028653296	87	31	999	0.031031031031031032
CUFF_NC.7569	4	5000098	5000965	+	0	0	0		53	99	326	0.30368098159509205	251	112	1543	0.07258587167854828
CUFF_NC.7571	4	5054277	5054794	+	0	0	0		12	9	30	0.3	58	37	195	0.18974358974358974
CUFF_NC.7577	4	5085251	5085763	+	0	0	0		37	63	181	0.34806629834254144	141	66	612	0.10784313725490197
CUFF_NC.7572	4	5088138	5088782	-	0	0	0		22	29	114	0.2543859649122807	171	41	818	0.05012224938875306
CUFF_NC.7573	4	5091866	5092662	+	0	0	0		37	47	123	0.3821138211382114	135	42	486	0.08641975308641975
CUFF_NC.7576	4	5120990	5122038	+	0	0	0		34	89	196	0.45408163265306123	254	77	1439	0.05350938151494093
CUFF_NC.7574	4	5146659	5147351	-	0	0	0		19	14	83	0.1686746987951807	186	8	700	0.011428571428571429
CUFF_NC.7575	4	5148744	5150789	+	0	0	0		74	2	322	0.006211180124223602	558	9	2456	0.0036644951140065146
CUFF_NC.7582	4	5173052	5173607	-	0	0	0		34	0	105	0.0	138	0	555	0.0
CUFF_NC.7578	4	5194637	5195959	-	0	0	0		51	1	199	0.005025125628140704	241	2	1013	0.0019743336623889436
CUFF_NC.7583	4	5201235	5202358	-	0	0	0		3	11	20	0.55	29	3	114	0.02631578947368421
CUFF_NC.7579	4	5210554	5211052	+	0	0	0		6	14	28	0.5	181	73	927	0.07874865156418555
CUFF_NC.7580	4	5211583	5211995	+	0	0	0		19	26	54	0.48148148148148145	116	36	352	0.10227272727272728
CUFF_NC.7588	4	5230271	5231290	-	0	0	0		47	6	154	0.03896103896103896	234	8	857	0.009334889148191364
CUFF_NC.7581	4	5234394	5235266	+	0	0	0		37	45	182	0.24725274725274726	190	29	992	0.029233870967741934
CUFF_NC.7585	4	5240182	5240506	-	0	0	0		20	0	89	0.0	94	2	464	0.004310344827586207
CUFF_NC.7587	4	5251879	5252284	+	0	0	0		42	8	234	0.03418803418803419	91	8	503	0.015904572564612324
CUFF_NC.7594	4	5254176	5254720	-	0	0	0		45	0	219	0.0	145	5	691	0.00723589001447178
CUFF_NC.7584	4	5258130	5259004	-	0	0	0		43	82	187	0.4385026737967914	243	83	909	0.09130913091309131
CUFF_NC.7586	4	5277025	5277588	+	0	0	0		20	0	107	0.0	152	2	858	0.002331002331002331
CUFF_NC.7589	4	5299023	5299453	+	0	0	0		34	48	144	0.3333333333333333	111	18	446	0.04035874439461883
CUFF_NC.7590	4	5299486	5299977	-	0	0	0		16	38	90	0.4222222222222222	151	62	748	0.08288770053475936
CUFF_NC.7591	4	5301934	5303142	+	0	0	0		16	14	50	0.28	154	7	282	0.024822695035460994
CUFF_NC.7592	4	5303809	5309054	+	0	0	0		1	0	1	0.0	4	0	4	0.0
CUFF_NC.7597	4	5323763	5324194	+	0	0	0		2	1	8	0.125	52	1	83	0.012048192771084338
CUFF_NC.7595	4	5329307	5329829	-	0	0	0		0	0	0		22	21	200	0.105
CUFF_NC.7600	4	5338060	5338481	+	0	0	0		11	23	77	0.2987012987012987	113	17	696	0.02442528735632184
CUFF_NC.7601	4	5357850	5359356	-	0	0	0		31	20	176	0.11363636363636363	113	9	550	0.016363636363636365
CUFF_NC.7602	4	5372081	5372568	-	0	0	0		28	0	130	0.0	145	1	673	0.0014858841010401188
CUFF_NC.7607	4	5374388	5376494	-	0	0	0		106	106	399	0.2656641604010025	461	24	1927	0.012454592631032694
CUFF_NC.7603	4	5381550	5382364	-	0	0	0		2	0	2	0.0	6	0	6	0.0
CUFF_NC.7604	4	5382763	5383516	-	0	0	0		2	1	4	0.25	84	4	149	0.026845637583892617
CUFF_NC.7608	4	5384928	5386629	+	0	0	0		93	3	428	0.007009345794392523	422	3	1788	0.0016778523489932886
CUFF_NC.7609	4	5386680	5390111	+	0	0	0		214	7	1063	0.00658513640639699	907	13	4416	0.002943840579710145
CUFF_NC.7606	4	5406057	5406821	+	0	0	0		49	0	196	0.0	250	4	965	0.004145077720207254
CUFF_NC.7605	4	5413005	5413526	-	0	0	0		20	1	59	0.01694915254237288	137	2	589	0.003395585738539898
CUFF_NC.7610	4	5422440	5423537	+	0	0	0		35	99	171	0.5789473684210527	250	120	925	0.12972972972972974
CUFF_NC.7611	4	5560149	5561206	-	0	0	0		42	72	220	0.32727272727272727	269	173	1426	0.12131837307152875
CUFF_NC.7612	4	5573132	5574099	+	0	0	0		47	142	465	0.3053763440860215	262	193	2234	0.0863921217547001
CUFF_NC.7613	4	5608592	5608898	+	0	0	0		30	0	192	0.0	78	1	467	0.0021413276231263384
CUFF_NC.7614	4	5642980	5643405	-	0	0	0		10	10	22	0.45454545454545453	36	9	131	0.06870229007633588
CUFF_NC.7617	4	5647257	5650935	+	0	0	0		123	185	677	0.27326440177252587	929	211	4981	0.04236097169243124
CUFF_NC.7618	4	5650270	5650728	+	0	0	0		25	37	118	0.3135593220338983	117	74	580	0.12758620689655173
CUFF_NC.7615	4	5659240	5659700	+	0	0	0		34	0	76	0.0	104	1	241	0.004149377593360996
CUFF_NC.7619	4	5670207	5670623	+	0	0	0		8	25	39	0.6410256410256411	89	39	469	0.08315565031982942
CUFF_NC.7616	4	5682877	5683928	-	0	0	0		57	0	193	0.0	243	0	731	0.0
CUFF_NC.7621	4	5697842	5698698	-	0	0	0		53	0	157	0.0	161	0	546	0.0
CUFF_NC.7620	4	5700719	5701278	-	0	0	0		11	0	45	0.0	141	3	675	0.0044444444444444444
CUFF_NC.7626	4	5709162	5711106	+	0	0	0		81	32	373	0.08579088471849866	446	32	2168	0.014760147601476014
CUFF_NC.7625	4	5712342	5713348	-	0	0	0		22	0	93	0.0	281	5	1471	0.003399048266485384
CUFF_NC.7622	4	5715751	5716170	+	0	0	0		15	0	32	0.0	95	0	315	0.0
CUFF_NC.7628	4	5725551	5726552	-	0	0	0		99	3	425	0.007058823529411765	291	4	1135	0.003524229074889868
CUFF_NC.7624	4	5727819	5728252	-	0	0	0		3	1	8	0.125	28	11	72	0.1527777777777778
CUFF_NC.7627	4	5737482	5740897	-	0	0	0		112	2	579	0.0034542314335060447	688	11	3362	0.003271861986912552
CUFF_NC.7631	4	5746928	5747399	-	0	0	0		17	0	82	0.0	133	2	608	0.003289473684210526
CUFF_NC.7630	4	5754308	5757467	+	0	0	0		189	404	799	0.5056320400500626	758	396	2879	0.13754775963876345
CUFF_NC.7629	4	5761400	5762633	-	0	0	0		35	11	152	0.07236842105263158	255	6	1205	0.004979253112033195
CUFF_NC.7632	4	5777664	5779595	+	0	0	0		128	0	648	0.0	541	7	2438	0.002871205906480722
CUFF_NC.7633	4	5794735	5795495	+	0	0	0		55	2	256	0.0078125	208	3	919	0.003264417845484222
CUFF_NC.7635	4	5809068	5809951	-	0	0	0		23	6	118	0.05084745762711865	161	9	755	0.011920529801324504
CUFF_NC.7643	4	5841650	5842268	-	0	0	0		24	0	104	0.0	141	3	635	0.004724409448818898
CUFF_NC.7636	4	5842993	5843688	+	0	0	0		30	0	94	0.0	160	2	587	0.0034071550255536627
CUFF_NC.7642	4	5847370	5847970	-	0	0	0		39	1	182	0.005494505494505495	145	1	629	0.001589825119236884
CUFF_NC.7646	4	5913777	5915125	+	0	0	0		4	10	16	0.625	25	2	91	0.02197802197802198
CUFF_NC.7647	4	5917196	5918848	-	0	0	0		21	19	40	0.475	103	10	180	0.05555555555555555
CUFF_NC.7650	4	5931218	5932212	+	0	0	0		56	1	272	0.003676470588235294	233	5	1053	0.004748338081671415
CUFF_NC.7648	4	5934343	5934958	+	0	0	0		36	111	172	0.6453488372093024	155	108	696	0.15517241379310345
CUFF_NC.7652	4	5937696	5938281	+	0	0	0		47	81	175	0.46285714285714286	144	36	603	0.05970149253731343
CUFF_NC.7654	4	5939510	5943388	-	0	0	0		226	316	1063	0.29727187206020694	1019	229	4834	0.0473727761688043
CUFF_NC.7655	4	5965523	5971052	-	0	0	0		393	1094	1816	0.6024229074889867	1320	774	5763	0.13430504945340968
CUFF_NC.7657	4	5971487	5975195	-	0	0	0		216	2	907	0.002205071664829107	1081	9	4872	0.0018472906403940886
CUFF_NC.7651	4	5984814	5985242	+	0	0	0		33	107	257	0.4163424124513619	116	32	814	0.03931203931203931
CUFF_NC.7661	4	5988948	5991880	-	0	0	0		2	1	2	0.5	12	1	12	0.08333333333333333
CUFF_NC.7662	4	5992980	5993551	-	0	0	0		15	0	70	0.0	117	1	491	0.002036659877800407
CUFF_NC.7658	4	5996812	6001709	-	0	0	0		2	0	12	0.0	24	0	114	0.0
CUFF_NC.7659	4	6016508	6017137	+	0	0	0		16	0	103	0.0	173	5	1133	0.00441306266548985
CUFF_NC.7668	4	6090561	6092834	+	0	0	0		67	1	394	0.0025380710659898475	599	12	3166	0.003790271636133923
CUFF_NC.7670	4	6091865	6092670	-	0	0	0		32	1	204	0.004901960784313725	216	5	1215	0.00411522633744856
CUFF_NC.7664	4	6095970	6098929	+	0	0	0		52	3	317	0.00946372239747634	690	10	4032	0.00248015873015873
CUFF_NC.7665	4	6108542	6110295	+	0	0	0		43	2	188	0.010638297872340425	259	11	890	0.012359550561797753
CUFF_NC.7666	4	6139048	6139657	-	0	0	0		43	0	194	0.0	172	5	816	0.006127450980392157
CUFF_NC.7667	4	6171101	6171502	-	0	0	0		15	0	102	0.0	108	1	569	0.0017574692442882249
CUFF_NC.7673	4	6183936	6184638	-	0	0	0		8	29	97	0.29896907216494845	54	27	475	0.056842105263157895
CUFF_NC.7674	4	6192486	6193124	-	0	0	0		18	1	63	0.015873015873015872	44	0	173	0.0
CUFF_NC.7669	4	6197933	6198441	+	0	0	0		20	22	76	0.2894736842105263	86	27	338	0.07988165680473373
CUFF_NC.7675	4	6203957	6204590	+	0	0	0		30	2	186	0.010752688172043012	166	8	1076	0.007434944237918215
CUFF_NC.7676	4	6207823	6208948	+	0	0	0		32	0	213	0.0	223	0	1554	0.0
CUFF_NC.7679	4	6209253	6212651	+	0	0	0		142	200	621	0.322061191626409	881	220	3736	0.058886509635974305
CUFF_NC.7678	4	6217995	6218875	-	0	0	0		34	0	192	0.0	248	2	1429	0.0013995801259622112
CUFF_NC.7677	4	6219809	6220273	-	0	0	0		17	0	77	0.0	102	0	439	0.0
CUFF_NC.7682	4	6225389	6225708	-	0	0	0		18	0	90	0.0	53	2	268	0.007462686567164179
CUFF_NC.7685	4	6233959	6234998	-	0	0	0		48	0	268	0.0	277	4	1354	0.0029542097488921715
CUFF_NC.7680	4	6252567	6253018	-	0	0	0		12	30	44	0.6818181818181818	44	10	150	0.06666666666666667
CUFF_NC.7681	4	6253518	6254105	-	0	0	0		8	0	47	0.0	130	2	754	0.002652519893899204
CUFF_NC.7687	4	6259122	6260012	+	0	0	0		52	0	207	0.0	275	3	1163	0.0025795356835769563
CUFF_NC.7684	4	6265993	6266937	+	0	0	0		55	0	231	0.0	172	1	726	0.0013774104683195593
CUFF_NC.7688	4	6272973	6273405	+	0	0	0		30	0	127	0.0	103	0	469	0.0
CUFF_NC.7683	4	6275286	6275730	-	0	0	0		7	5	45	0.1111111111111111	104	10	662	0.015105740181268883
CUFF_NC.7686	4	6300686	6302642	+	0	0	0		122	2	574	0.003484320557491289	502	7	2438	0.002871205906480722
CUFF_NC.7697	4	6320762	6321547	+	0	0	0		34	0	110	0.0	219	3	688	0.00436046511627907
CUFF_NC.7689	4	6330131	6330809	-	0	0	0		14	0	78	0.0	197	1	981	0.0010193679918450561
CUFF_NC.7690	4	6331527	6332793	-	0	0	0		66	152	276	0.5507246376811594	343	129	1364	0.09457478005865103
CUFF_NC.7691	4	6337838	6339167	-	0	0	0		32	0	130	0.0	347	8	1373	0.005826656955571741
CUFF_NC.7692	4	6370501	6371042	-	0	0	0		36	0	212	0.0	178	7	837	0.008363201911589008
CUFF_NC.7693	4	6375501	6376132	+	0	0	0		50	1	244	0.004098360655737705	161	3	862	0.0034802784222737818
CUFF_NC.7694	4	6384538	6385864	-	0	0	0		53	0	222	0.0	356	4	1481	0.0027008777852802163
CUFF_NC.7696	4	6434282	6435378	+	0	0	0		48	1	222	0.0045045045045045045	289	1	1393	0.0007178750897343862
CUFF_NC.7705	4	6446328	6453349	+	0	0	0		347	10	1596	0.006265664160401002	1626	19	7494	0.0025353616226314385
CUFF_NC.7706	4	6447078	6454518	+	0	0	0		383	10	1814	0.005512679162072767	1730	18	7984	0.0022545090180360722
CUFF_NC.7698	4	6466121	6466627	-	0	0	0		8	2	32	0.0625	58	0	279	0.0
CUFF_NC.7699	4	6479869	6480304	-	0	0	0		9	0	17	0.0	72	1	183	0.00546448087431694
CUFF_NC.7702	4	6483724	6484593	-	0	0	0		47	2	238	0.008403361344537815	221	6	1020	0.0058823529411764705
CUFF_NC.7700	4	6485739	6486245	-	0	0	0		32	0	190	0.0	137	4	740	0.005405405405405406
CUFF_NC.7701	4	6494706	6495211	+	0	0	0		17	0	80	0.0	129	2	630	0.0031746031746031746
CUFF_NC.7703	4	6505670	6506269	+	0	0	0		5	10	24	0.4166666666666667	67	48	285	0.16842105263157894
CUFF_NC.7707	4	6512666	6517188	+	0	0	0		249	2	1133	0.00176522506619594	1089	15	5138	0.0029194239003503307
CUFF_NC.7704	4	6535197	6535563	+	0	0	0		16	13	23	0.5652173913043478	34	0	41	0.0
CUFF_NC.7709	4	6587546	6587948	-	0	0	0		27	0	63	0.0	116	1	313	0.003194888178913738
CUFF_NC.7710	4	6617219	6617614	+	0	0	0		12	18	63	0.2857142857142857	110	8	462	0.017316017316017316
CUFF_NC.7713	4	6692122	6693110	-	0	0	0		60	1	461	0.0021691973969631237	253	5	1807	0.002767017155506364
CUFF_NC.7711	4	6698666	6700168	+	0	0	0		24	3	128	0.0234375	261	99	1131	0.08753315649867374
CUFF_NC.7712	4	6702256	6703112	+	0	0	0		34	0	195	0.0	239	3	1258	0.0023847376788553257
CUFF_NC.7714	4	6713003	6714107	+	0	0	0		72	2	272	0.007352941176470588	239	2	861	0.0023228803716608595
CUFF_NC.7715	4	6721723	6722156	+	0	0	0		10	0	38	0.0	50	1	134	0.007462686567164179
CUFF_NC.7716	4	6750175	6750913	+	0	0	0		53	1	153	0.006535947712418301	181	1	698	0.0014326647564469914
CUFF_NC.7718	4	6764593	6765341	+	0	0	0		66	0	359	0.0	196	5	1014	0.004930966469428008
CUFF_NC.7717	4	6769049	6769840	-	0	0	0		50	2	231	0.008658008658008658	226	2	825	0.0024242424242424242
CUFF_NC.7721	4	6776978	6777719	-	0	0	0		28	1	159	0.006289308176100629	197	7	1170	0.005982905982905983
CUFF_NC.7720	4	6795115	6795939	+	0	0	0		51	0	236	0.0	182	4	812	0.0049261083743842365
CUFF_NC.7724	4	6872263	6873697	+	0	0	0		108	0	397	0.0	363	0	1106	0.0
CUFF_NC.7722	4	6877678	6878190	-	0	0	0		1	0	1	0.0	74	0	268	0.0
CUFF_NC.7723	4	6878753	6879716	-	0	0	0		25	0	133	0.0	203	1	1051	0.0009514747859181732
CUFF_NC.7725	4	6880430	6881128	-	0	0	0		14	11	89	0.12359550561797752	170	49	1060	0.04622641509433962
CUFF_NC.7730	4	6883737	6887917	-	0	0	0		197	80	959	0.08342022940563086	1005	59	5264	0.011208206686930091
CUFF_NC.7731	4	6884579	6888995	-	0	0	0		201	80	960	0.08333333333333333	1078	62	5294	0.011711371363808084
CUFF_NC.7726	4	6891283	6891750	-	0	0	0		4	1	22	0.045454545454545456	59	0	242	0.0
CUFF_NC.7729	4	6901349	6902661	-	0	0	0		75	0	388	0.0	333	2	1795	0.0011142061281337048
CUFF_NC.7728	4	6905847	6908226	-	0	0	0		122	4	674	0.005934718100890208	519	12	2687	0.00446594715295869
CUFF_NC.7727	4	6927169	6927630	+	0	0	0		24	0	173	0.0	146	5	981	0.0050968399592252805
CUFF_NC.7736	4	6954349	6955586	-	0	0	0		54	115	241	0.47717842323651455	276	36	1180	0.030508474576271188
CUFF_NC.7739	4	6965952	6966310	-	0	0	0		16	1	56	0.017857142857142856	82	1	290	0.0034482758620689655
CUFF_NC.7740	4	6969837	6973735	-	0	0	0		248	11	1097	0.010027347310847767	1014	15	4684	0.0032023911187019642
CUFF_NC.7733	4	6974441	6974842	-	0	0	0		11	0	45	0.0	107	3	661	0.0045385779122541605
CUFF_NC.7734	4	6977269	6977679	+	0	0	0		16	0	48	0.0	43	0	95	0.0
CUFF_NC.7735	4	6978244	6979120	-	0	0	0		12	0	62	0.0	79	1	361	0.002770083102493075
CUFF_NC.7743	4	6991130	6994947	+	0	0	0		132	1	608	0.001644736842105263	1044	13	4520	0.0028761061946902654
CUFF_NC.7738	4	7004564	7005832	-	0	0	0		84	1	402	0.0024875621890547263	304	4	1178	0.003395585738539898
CUFF_NC.7737	4	7013225	7013822	+	0	0	0		44	54	172	0.313953488372093	131	42	586	0.07167235494880546
CUFF_NC.7742	4	7028598	7031317	+	0	0	0		11	23	31	0.7419354838709677	53	31	173	0.1791907514450867
CUFF_NC.7745	4	7071761	7072250	-	0	0	0		22	2	113	0.017699115044247787	120	1	550	0.0018181818181818182
CUFF_NC.7744	4	7076779	7077198	-	0	0	0		22	0	109	0.0	104	0	589	0.0
CUFF_NC.7746	4	7080807	7081949	+	0	0	0		53	0	287	0.0	301	4	1893	0.0021130480718436345
CUFF_NC.7747	4	7086176	7086834	-	0	0	0		51	0	250	0.0	160	4	700	0.005714285714285714
CUFF_NC.7748	4	7087586	7088231	-	0	0	0		15	0	81	0.0	181	3	778	0.0038560411311053984
CUFF_NC.7752	4	7091705	7092312	-	0	0	0		72	0	288	0.0	150	2	609	0.003284072249589491
CUFF_NC.7749	4	7104401	7104968	-	0	0	0		34	0	186	0.0	130	3	677	0.004431314623338257
CUFF_NC.7766	4	7122941	7123276	+	0	0	0		23	0	106	0.0	94	0	415	0.0
CUFF_NC.7767	4	7129877	7130244	+	0	0	0		20	1	115	0.008695652173913044	106	1	469	0.0021321961620469083
CUFF_NC.7750	4	7135955	7136751	+	0	0	0		70	0	411	0.0	232	6	1301	0.004611837048424289
CUFF_NC.7753	4	7171647	7172324	+	0	0	0		32	0	173	0.0	193	2	1103	0.001813236627379873
CUFF_NC.7755	4	7194662	7195012	+	0	0	0		18	1	91	0.01098901098901099	69	1	312	0.003205128205128205
CUFF_NC.7783	4	7200700	7201038	+	0	0	0		17	1	131	0.007633587786259542	97	3	645	0.004651162790697674
CUFF_NC.7785	4	7208927	7209432	-	0	0	0		36	0	143	0.0	119	1	570	0.0017543859649122807
CUFF_NC.7756	4	7214749	7215364	-	0	0	0		18	0	60	0.0	47	0	118	0.0
CUFF_NC.7757	4	7239232	7240125	-	0	0	0		61	0	252	0.0	205	3	939	0.003194888178913738
CUFF_NC.7769	4	7260833	7261176	+	0	0	0		19	1	91	0.01098901098901099	78	0	294	0.0
CUFF_NC.7758	4	7262276	7263293	-	0	0	0		46	0	205	0.0	248	0	1058	0.0
CUFF_NC.7760	4	7277300	7278033	-	0	0	0		55	0	164	0.0	197	3	574	0.005226480836236934
CUFF_NC.7759	4	7278389	7278913	+	0	0	0		24	3	109	0.027522935779816515	72	0	224	0.0
CUFF_NC.7761	4	7281196	7283480	+	0	0	0		94	3	427	0.00702576112412178	522	4	2223	0.001799370220422852
CUFF_NC.7764	4	7288494	7289050	-	0	0	0		26	0	84	0.0	153	0	418	0.0
CUFF_NC.7762	4	7289574	7290023	+	0	0	0		28	0	146	0.0	132	2	624	0.003205128205128205
CUFF_NC.7763	4	7290465	7290924	+	0	0	0		30	0	103	0.0	123	0	428	0.0
CUFF_NC.7768	4	7302221	7307168	-	0	0	0		252	4	1170	0.003418803418803419	1303	21	6331	0.003317011530563892
CUFF_NC.7771	4	7307840	7309994	+	0	0	0		100	4	499	0.008016032064128256	604	18	2842	0.0063335679099225895
CUFF_NC.7772	4	7310584	7315831	+	0	0	0		179	47	973	0.048304213771839674	1076	82	5519	0.014857764087697047
CUFF_NC.7773	4	7311530	7316850	+	0	0	0		198	46	1087	0.04231830726770929	1167	82	5823	0.014082088270650868
CUFF_NC.7765	4	7317796	7318428	+	0	0	0		25	0	103	0.0	200	1	865	0.0011560693641618498
CUFF_NC.7775	4	7336312	7337385	-	0	0	0		40	0	151	0.0	284	2	1125	0.0017777777777777779
CUFF_NC.7770	4	7356783	7357965	-	0	0	0		54	128	327	0.39143730886850153	240	55	1216	0.04523026315789474
CUFF_NC.7776	4	7381450	7382835	-	0	0	0		1	0	1	0.0	9	0	9	0.0
CUFF_NC.7774	4	7385852	7386960	+	0	0	0		64	0	264	0.0	146	0	578	0.0
CUFF_NC.7778	4	7427964	7428542	+	0	0	0		19	0	82	0.0	171	2	693	0.002886002886002886
CUFF_NC.7779	4	7440123	7441161	+	0	0	0		29	2	182	0.01098901098901099	257	4	1637	0.002443494196701283
CUFF_NC.7780	4	7457653	7458180	-	0	0	0		19	0	82	0.0	115	2	419	0.00477326968973747
CUFF_NC.7784	4	7461033	7462005	+	0	0	0		53	2	276	0.007246376811594203	254	4	953	0.004197271773347324
CUFF_NC.7786	4	7468596	7469710	+	0	0	0		97	2	425	0.004705882352941176	353	5	1369	0.003652300949598247
CUFF_NC.7788	4	7474300	7474772	-	0	0	0		24	0	120	0.0	137	4	707	0.005657708628005658
CUFF_NC.7789	4	7477883	7479842	-	0	0	0		64	3	310	0.00967741935483871	497	7	2334	0.0029991431019708655
CUFF_NC.7781	4	7482863	7483857	+	0	0	0		53	0	220	0.0	303	3	1190	0.0025210084033613447
CUFF_NC.7782	4	7487323	7487832	-	0	0	0		35	0	135	0.0	116	0	392	0.0
CUFF_NC.7787	4	7491499	7492181	+	0	0	0		64	1	223	0.004484304932735426	141	3	570	0.005263157894736842
CUFF_NC.7790	4	7532094	7532941	-	0	0	0		67	3	349	0.008595988538681949	233	2	1260	0.0015873015873015873
CUFF_NC.7795	4	7560070	7563971	-	0	0	0		157	110	791	0.1390644753476612	867	93	4041	0.02301410541945063
CUFF_NC.7796	4	7561613	7562326	+	0	0	0		34	62	252	0.24603174603174602	194	30	1141	0.026292725679228746
CUFF_NC.7791	4	7573167	7573877	+	0	0	0		36	0	142	0.0	168	0	635	0.0
CUFF_NC.7793	4	7586191	7587067	+	0	0	0		29	1	162	0.006172839506172839	228	3	1003	0.0029910269192422734
CUFF_NC.7794	4	7589851	7592671	+	0	0	0		150	78	583	0.13379073756432247	527	26	1796	0.014476614699331848
CUFF_NC.7792	4	7596553	7597036	-	0	0	0		20	0	119	0.0	116	1	646	0.0015479876160990713
CUFF_NC.7797	4	7598168	7599461	+	0	0	0		64	0	306	0.0	317	3	1554	0.0019305019305019305
CUFF_NC.7800	4	7615958	7616562	-	0	0	0		13	1	67	0.014925373134328358	133	4	659	0.006069802731411229
CUFF_NC.7799	4	7625752	7626850	+	0	0	0		34	0	205	0.0	261	1	1367	0.000731528895391368
CUFF_NC.7801	4	7640489	7641141	-	0	0	0		20	0	94	0.0	136	1	546	0.0018315018315018315
CUFF_NC.7803	4	7645462	7646573	+	0	0	0		65	0	304	0.0	303	5	1559	0.003207184092366902
CUFF_NC.7802	4	7657480	7658169	+	0	0	0		50	0	209	0.0	212	3	950	0.003157894736842105
CUFF_NC.7804	4	7660411	7661673	+	0	0	0		43	0	219	0.0	317	2	1531	0.0013063357282821686
CUFF_NC.7806	4	7677780	7678386	+	0	0	0		24	0	102	0.0	170	3	829	0.0036188178528347406
CUFF_NC.7805	4	7679126	7679742	-	0	0	0		20	1	106	0.009433962264150943	119	3	673	0.004457652303120356
CUFF_NC.7810	4	7680771	7681294	-	0	0	0		26	0	113	0.0	152	2	680	0.0029411764705882353
CUFF_NC.7815	4	7687707	7692329	+	0	0	0		41	120	223	0.5381165919282511	387	422	2247	0.1878059635068981
CUFF_NC.7811	4	7697271	7700920	+	0	0	0		8	8	17	0.47058823529411764	48	5	100	0.05
CUFF_NC.7812	4	7698368	7702080	+	0	0	0		6	4	10	0.4	45	2	75	0.02666666666666667
CUFF_NC.7814	4	7699482	7703225	+	0	0	0		6	4	10	0.4	45	2	75	0.02666666666666667
CUFF_NC.7808	4	7703709	7704184	+	0	0	0		2	3	3	1.0	55	6	95	0.06315789473684211
CUFF_NC.7817	4	7724491	7725107	+	0	0	0		22	4	86	0.046511627906976744	143	30	599	0.05008347245409015
CUFF_NC.7818	4	7724559	7724991	-	0	0	0		16	2	54	0.037037037037037035	117	7	431	0.016241299303944315
CUFF_NC.7819	4	7728788	7729543	+	0	0	0		56	0	303	0.0	194	1	946	0.0010570824524312897
CUFF_NC.7823	4	7771456	7771820	+	0	0	0		33	0	148	0.0	113	0	537	0.0
CUFF_NC.7820	4	7784032	7785243	-	0	0	0		21	15	52	0.28846153846153844	376	22	928	0.023706896551724137
CUFF_NC.7821	4	7796973	7798658	+	0	0	0		92	1	435	0.0022988505747126436	476	7	2310	0.0030303030303030303
CUFF_NC.7822	4	7815390	7816018	+	0	0	0		33	1	131	0.007633587786259542	184	2	621	0.00322061191626409
CUFF_NC.7824	4	7824935	7826093	+	0	0	0		77	0	314	0.0	367	1	1369	0.0007304601899196494
CUFF_NC.7848	4	7842980	7844534	-	0	0	0		45	1	219	0.0045662100456621	234	3	1171	0.0025619128949615714
CUFF_NC.7849	4	7848261	7848999	-	0	0	0		46	0	246	0.0	220	1	1234	0.0008103727714748784
CUFF_NC.7825	4	7853556	7854407	+	0	0	0		22	0	122	0.0	218	2	1192	0.0016778523489932886
CUFF_NC.7826	4	7855605	7856047	+	0	0	0		13	0	98	0.0	121	6	870	0.006896551724137931
CUFF_NC.7829	4	7866430	7870672	-	0	0	0		203	4	930	0.004301075268817204	1170	7	5295	0.0013220018885741266
CUFF_NC.7830	4	7868082	7868551	-	0	0	0		38	0	179	0.0	119	1	583	0.0017152658662092624
CUFF_NC.7831	4	7876529	7876868	+	0	0	0		30	0	157	0.0	67	1	265	0.0037735849056603774
CUFF_NC.7827	4	7877147	7877576	-	0	0	0		6	0	23	0.0	76	1	289	0.0034602076124567475
CUFF_NC.7828	4	7908867	7909360	+	0	0	0		16	51	91	0.5604395604395604	162	56	724	0.07734806629834254
CUFF_NC.7832	4	7923311	7923981	-	0	0	0		33	15	124	0.12096774193548387	144	11	682	0.016129032258064516
CUFF_NC.7833	4	7932133	7933363	-	0	0	0		55	0	287	0.0	343	5	1527	0.0032743942370661427
CUFF_NC.7835	4	7946077	7947499	-	0	0	0		59	1	276	0.0036231884057971015	303	2	1436	0.001392757660167131
CUFF_NC.7836	4	7949057	7949460	-	0	0	0		15	0	61	0.0	112	0	333	0.0
CUFF_NC.7834	4	7951314	7952992	+	0	0	0		97	0	429	0.0	464	3	1852	0.0016198704103671706
CUFF_NC.7837	4	7990803	7992276	+	0	0	0		98	3	376	0.007978723404255319	435	5	1831	0.002730748225013654
CUFF_NC.7841	4	8004875	8008627	+	0	0	0		129	5	416	0.01201923076923077	618	10	1983	0.005042864346949067
CUFF_NC.7842	4	8005749	8009205	+	0	0	0		149	6	594	0.010101010101010102	697	14	2563	0.005462348809988295
CUFF_NC.7843	4	8006369	8010071	+	0	0	0		172	6	810	0.007407407407407408	915	17	4053	0.004194423883543055
CUFF_NC.7839	4	8011127	8012115	-	0	0	0		27	0	115	0.0	73	0	291	0.0
CUFF_NC.7838	4	8013942	8014929	+	0	0	0		56	1	264	0.003787878787878788	236	1	846	0.001182033096926714
CUFF_NC.7840	4	8084137	8086031	-	0	0	0		113	1	510	0.00196078431372549	528	7	2014	0.003475670307845084
CUFF_NC.7844	4	8094392	8095736	+	0	0	0		46	0	220	0.0	303	6	1381	0.004344677769732078
CUFF_NC.7846	4	8098546	8100236	+	0	0	0		58	0	200	0.0	310	0	1087	0.0
CUFF_NC.7847	4	8099064	8102112	+	0	0	0		138	2	617	0.0032414910858995136	672	6	2921	0.0020540910647038686
CUFF_NC.7853	4	8151154	8152088	-	0	0	0		54	119	236	0.5042372881355932	214	36	829	0.04342581423401689
CUFF_NC.7850	4	8175506	8176062	+	0	0	0		7	0	26	0.0	58	0	203	0.0
CUFF_NC.7855	4	8196675	8198421	-	0	0	0		124	1	570	0.0017543859649122807	479	5	2362	0.0021168501270110076
CUFF_NC.7854	4	8222999	8223778	-	0	0	0		47	0	234	0.0	244	5	1271	0.003933910306845004
CUFF_NC.7856	4	8223908	8224356	-	0	0	0		40	0	195	0.0	136	3	661	0.0045385779122541605
CUFF_NC.7857	4	8248313	8249273	+	0	0	0		70	1	295	0.003389830508474576	265	3	1093	0.0027447392497712718
CUFF_NC.7858	4	8274140	8275057	+	0	0	0		47	2	197	0.01015228426395939	274	3	1225	0.0024489795918367346
CUFF_NC.7862	4	8287014	8288385	+	0	0	0		60	0	194	0.0	203	2	611	0.0032733224222585926
CUFF_NC.7863	4	8287842	8288100	+	0	0	0		6	0	17	0.0	12	0	39	0.0
CUFF_NC.7864	4	8292745	8294184	-	0	0	0		63	1	317	0.0031545741324921135	339	3	1794	0.0016722408026755853
CUFF_NC.7865	4	8297050	8297389	-	0	0	0		13	0	34	0.0	98	1	320	0.003125
CUFF_NC.7859	4	8302553	8302816	+	0	0	0		6	0	6	0.0	28	0	28	0.0
CUFF_NC.7861	4	8304652	8305891	+	0	0	0		65	0	146	0.0	279	1	565	0.0017699115044247787
CUFF_NC.7860	4	8306835	8308032	+	0	0	0		63	1	267	0.003745318352059925	256	4	935	0.0042780748663101605
CUFF_NC.7866	4	8309361	8309988	-	0	0	0		19	0	39	0.0	60	0	108	0.0
CUFF_NC.7868	4	8320535	8322053	-	0	0	0		95	1	343	0.0029154518950437317	430	8	1638	0.004884004884004884
CUFF_NC.7867	4	8329182	8329648	-	0	0	0		1	0	1	0.0	16	0	16	0.0
CUFF_NC.7869	4	8332541	8333198	+	0	0	0		32	0	184	0.0	200	2	680	0.0029411764705882353
CUFF_NC.7883	4	8339740	8340953	+	0	0	0		73	2	306	0.006535947712418301	366	11	1379	0.007976794778825236
CUFF_NC.7871	4	8344272	8345255	-	0	0	0		40	0	158	0.0	246	3	743	0.004037685060565276
CUFF_NC.7870	4	8345814	8346823	-	0	0	0		37	3	215	0.013953488372093023	286	0	1458	0.0
CUFF_NC.7875	4	8346967	8349613	+	0	0	0		100	37	559	0.06618962432915922	609	22	3242	0.006785934608266502
CUFF_NC.7873	4	8360744	8361877	-	0	0	0		45	1	201	0.004975124378109453	331	3	1450	0.0020689655172413794
CUFF_NC.7874	4	8362812	8363476	-	0	0	0		37	2	177	0.011299435028248588	160	1	834	0.001199040767386091
CUFF_NC.7872	4	8372170	8372643	+	0	0	0		7	1	36	0.027777777777777776	131	2	614	0.003257328990228013
CUFF_NC.7884	4	8424950	8430919	+	0	0	0		340	2	1608	0.0012437810945273632	1593	16	7926	0.0020186727226848347
CUFF_NC.7885	4	8427014	8432768	+	0	0	0		326	4	1531	0.002612671456564337	1527	21	7339	0.0028614252622973157
CUFF_NC.7878	4	8440041	8440777	-	0	0	0		43	0	155	0.0	192	3	788	0.0038071065989847717
CUFF_NC.7876	4	8445602	8446804	+	0	0	0		41	0	189	0.0	323	3	1523	0.001969796454366382
CUFF_NC.7877	4	8459656	8460079	-	0	0	0		20	1	99	0.010101010101010102	67	2	337	0.005934718100890208
CUFF_NC.7880	4	8460379	8462060	-	0	0	0		98	7	409	0.017114914425427872	448	21	1708	0.012295081967213115
CUFF_NC.7879	4	8465716	8466247	-	0	0	0		32	60	128	0.46875	145	72	569	0.1265377855887522
CUFF_NC.7882	4	8471215	8471948	-	0	0	0		51	0	280	0.0	206	2	1042	0.0019193857965451055
CUFF_NC.7889	4	8479379	8479723	-	0	0	0		34	0	143	0.0	96	2	370	0.005405405405405406
CUFF_NC.7888	4	8483079	8483530	+	0	0	0		26	1	135	0.007407407407407408	125	0	662	0.0
CUFF_NC.7897	4	8530217	8530852	+	0	0	0		24	0	97	0.0	115	0	488	0.0
CUFF_NC.7898	4	8534969	8535832	+	0	0	0		46	0	207	0.0	270	3	952	0.0031512605042016808
CUFF_NC.7891	4	8553306	8553623	-	0	0	0		8	0	29	0.0	27	1	62	0.016129032258064516
CUFF_NC.7890	4	8562572	8563033	+	0	0	0		19	0	108	0.0	135	2	664	0.0030120481927710845
CUFF_NC.7887	4	8565767	8566269	+	0	0	0		20	0	84	0.0	131	1	485	0.002061855670103093
CUFF_NC.7886	4	8571820	8572418	-	0	0	0		44	1	192	0.005208333333333333	172	1	786	0.001272264631043257
CUFF_NC.7894	4	8634485	8635188	-	0	0	0		45	1	166	0.006024096385542169	198	3	690	0.004347826086956522
CUFF_NC.7895	4	8641447	8642159	+	0	0	0		32	0	118	0.0	175	1	625	0.0016
CUFF_NC.7899	4	8645969	8647119	-	0	0	0		41	0	141	0.0	419	3	1676	0.0017899761336515514
CUFF_NC.7903	4	8652200	8653080	-	0	0	0		73	0	381	0.0	257	3	1034	0.0029013539651837525
CUFF_NC.7906	4	8704567	8705339	+	0	0	0		46	0	197	0.0	192	2	833	0.0024009603841536613
CUFF_NC.7901	4	8705786	8706997	-	0	0	0		73	180	285	0.631578947368421	370	91	1452	0.06267217630853994
CUFF_NC.7900	4	8707759	8708439	-	0	0	0		14	0	50	0.0	115	0	526	0.0
CUFF_NC.7902	4	8733925	8734459	+	0	0	0		25	61	125	0.488	146	16	705	0.02269503546099291
CUFF_NC.7904	4	8749189	8749983	-	0	0	0		28	3	166	0.018072289156626505	214	3	1050	0.002857142857142857
CUFF_NC.7908	4	8768674	8769091	-	0	0	0		1	2	8	0.25	21	1	86	0.011627906976744186
CUFF_NC.7909	4	8772151	8773447	+	0	0	0		63	8	292	0.0273972602739726	294	16	1484	0.01078167115902965
CUFF_NC.7911	4	8783464	8783940	-	0	0	0		18	22	58	0.3793103448275862	128	39	440	0.08863636363636364
CUFF_NC.7910	4	8783464	8783965	+	0	0	0		18	22	58	0.3793103448275862	135	45	481	0.09355509355509356
CUFF_NC.7912	4	8792934	8793456	+	0	0	0		28	1	124	0.008064516129032258	153	2	647	0.0030911901081916537
CUFF_NC.7913	4	8793685	8794444	+	0	0	0		57	2	223	0.008968609865470852	213	5	746	0.006702412868632708
CUFF_NC.7915	4	8828239	8829484	-	0	0	0		87	0	375	0.0	307	3	1404	0.002136752136752137
CUFF_NC.7916	4	8829564	8831466	-	0	0	0		146	1	587	0.0017035775127768314	559	3	2059	0.0014570179698882952
CUFF_NC.7914	4	8836234	8837193	-	0	0	0		24	10	118	0.0847457627118644	180	110	1061	0.10367577756833177
CUFF_NC.7917	4	8852679	8854645	+	0	0	0		114	2	365	0.005479452054794521	514	2	2062	0.0009699321047526673
CUFF_NC.7920	4	8870205	8871255	+	0	0	0		38	2	211	0.009478672985781991	253	6	1354	0.004431314623338257
CUFF_NC.7919	4	8881840	8882344	+	0	0	0		14	29	73	0.3972602739726027	108	7	527	0.013282732447817837
CUFF_NC.7922	4	8883981	8884777	-	0	0	0		34	1	255	0.00392156862745098	231	9	1223	0.007358953393295176
CUFF_NC.7938	4	8898411	8898923	-	0	0	0		39	1	165	0.006060606060606061	142	2	654	0.0030581039755351682
CUFF_NC.7921	4	8900884	8901416	+	0	0	0		36	0	121	0.0	141	2	448	0.004464285714285714
CUFF_NC.7925	4	8908753	8909557	-	0	0	0		35	0	156	0.0	208	3	1030	0.002912621359223301
CUFF_NC.7926	4	8909978	8910866	-	0	0	0		43	0	239	0.0	214	3	1036	0.0028957528957528956
CUFF_NC.7923	4	8913787	8914738	-	0	0	0		27	0	141	0.0	226	3	1166	0.002572898799313894
CUFF_NC.7931	4	8917289	8917854	-	0	0	0		12	0	59	0.0	160	0	759	0.0
CUFF_NC.7932	4	8918085	8918810	-	0	0	0		37	2	228	0.008771929824561403	177	2	1117	0.0017905102954341987
CUFF_NC.7929	4	8922445	8923612	-	0	0	0		36	0	141	0.0	133	0	486	0.0
CUFF_NC.7930	4	8923920	8924451	-	0	0	0		8	0	12	0.0	31	0	145	0.0
CUFF_NC.7928	4	8924093	8924753	+	0	0	0		19	0	42	0.0	87	0	283	0.0
CUFF_NC.7924	4	8926039	8926384	-	0	0	0		16	0	81	0.0	89	0	347	0.0
CUFF_NC.7927	4	8929120	8934660	-	0	0	0		107	2	426	0.004694835680751174	848	8	2900	0.002758620689655172
CUFF_NC.7934	4	8945785	8947082	-	0	0	0		25	0	97	0.0	195	3	821	0.0036540803897685747
CUFF_NC.7933	4	8947894	8948560	-	0	0	0		12	8	28	0.2857142857142857	110	3	249	0.012048192771084338
CUFF_NC.7935	4	8959455	8960297	+	0	0	0		1	0	2	0.0	25	1	49	0.02040816326530612
CUFF_NC.7936	4	8965896	8966316	+	0	0	0		20	1	70	0.014285714285714285	109	1	364	0.0027472527472527475
CUFF_NC.7940	4	8975396	8976166	+	0	0	0		34	1	129	0.007751937984496124	203	2	1043	0.0019175455417066154
CUFF_NC.7941	4	8976515	8977536	+	0	0	0		31	0	85	0.0	196	0	742	0.0
CUFF_NC.7937	4	8978008	8978712	-	0	0	0		53	0	288	0.0	203	4	1047	0.0038204393505253103
CUFF_NC.7939	4	8979922	8980423	+	0	0	0		26	1	131	0.007633587786259542	114	1	465	0.002150537634408602
CUFF_NC.7942	4	8991702	8992434	+	0	0	0		32	0	134	0.0	107	1	388	0.002577319587628866
CUFF_NC.7943	4	9005657	9006638	+	0	0	0		37	73	183	0.3989071038251366	302	26	1353	0.019216555801921657
CUFF_NC.7946	4	9046413	9047399	+	0	0	0		69	0	269	0.0	211	1	704	0.0014204545454545455
CUFF_NC.7944	4	9058823	9059342	+	0	0	0		29	1	142	0.007042253521126761	118	2	553	0.003616636528028933
CUFF_NC.7945	4	9061192	9064472	+	0	0	0		109	1	508	0.001968503937007874	687	17	3185	0.005337519623233909
CUFF_NC.7947	4	9085277	9085799	+	0	0	0		44	1	224	0.004464285714285714	108	1	477	0.0020964360587002098
CUFF_NC.7956	4	9094694	9095088	-	0	0	0		24	1	141	0.0070921985815602835	104	3	551	0.0054446460980036296
CUFF_NC.7949	4	9112406	9113200	-	0	0	0		34	0	142	0.0	136	2	561	0.0035650623885918
CUFF_NC.7950	4	9116648	9118094	+	0	0	0		157	4	711	0.005625879043600563	415	2	1811	0.0011043622308117063
CUFF_NC.7948	4	9128831	9129625	-	0	0	0		43	0	220	0.0	186	3	644	0.004658385093167702
CUFF_NC.7957	4	9164743	9165237	+	0	0	0		8	0	41	0.0	134	3	716	0.004189944134078212
CUFF_NC.7952	4	9179342	9180239	+	0	0	0		77	42	142	0.29577464788732394	201	11	357	0.03081232492997199
CUFF_NC.7951	4	9183464	9184101	-	0	0	0		14	0	24	0.0	59	1	97	0.010309278350515464
CUFF_NC.7955	4	9186512	9188728	-	0	0	0		43	17	171	0.09941520467836257	228	53	902	0.058758314855875834
CUFF_NC.7953	4	9194013	9195078	-	0	0	0		35	0	238	0.0	256	1	1708	0.000585480093676815
CUFF_NC.7954	4	9200128	9201600	+	0	0	0		51	0	244	0.0	356	6	1475	0.004067796610169492
CUFF_NC.7963	4	9247766	9248399	+	0	0	0		63	3	273	0.01098901098901099	200	1	782	0.0012787723785166241
CUFF_NC.7964	4	9248800	9250165	+	0	0	0		97	3	593	0.00505902192242833	433	10	2342	0.004269854824935952
CUFF_NC.7960	4	9255016	9256153	-	0	0	0		75	0	222	0.0	282	2	929	0.002152852529601722
CUFF_NC.7958	4	9260539	9260982	-	0	0	0		52	0	201	0.0	119	1	398	0.002512562814070352
CUFF_NC.7966	4	9262757	9264002	+	0	0	0		87	0	425	0.0	333	6	1541	0.003893575600259572
CUFF_NC.7961	4	9268234	9268963	-	0	0	0		60	0	217	0.0	189	2	633	0.00315955766192733
CUFF_NC.7959	4	9272487	9272983	+	0	0	0		29	0	135	0.0	146	1	673	0.0014858841010401188
CUFF_NC.7965	4	9278749	9279470	-	0	0	0		23	1	90	0.011111111111111112	196	2	987	0.002026342451874367
CUFF_NC.7968	4	9294153	9295106	+	0	0	0		93	0	296	0.0	257	0	772	0.0
CUFF_NC.7969	4	9295674	9296196	+	0	0	0		33	0	163	0.0	145	2	670	0.0029850746268656717
CUFF_NC.7967	4	9319420	9319865	+	0	0	0		20	0	53	0.0	97	3	259	0.011583011583011582
CUFF_NC.7973	4	9334450	9335075	+	0	0	0		30	1	166	0.006024096385542169	189	1	1076	0.0009293680297397769
CUFF_NC.7971	4	9354371	9355446	+	0	0	0		80	1	374	0.00267379679144385	294	3	1161	0.002583979328165375
CUFF_NC.7972	4	9367273	9368837	+	0	0	0		99	0	379	0.0	320	3	1181	0.002540220152413209
CUFF_NC.7974	4	9375548	9376079	-	0	0	0		51	2	273	0.007326007326007326	148	2	759	0.002635046113306983
CUFF_NC.7976	4	9379488	9379986	-	0	0	0		51	0	218	0.0	128	1	625	0.0016
CUFF_NC.7978	4	9385130	9385855	-	0	0	0		38	0	160	0.0	184	1	763	0.001310615989515072
CUFF_NC.7975	4	9392163	9393772	+	0	0	0		68	0	287	0.0	446	9	1971	0.0045662100456621
CUFF_NC.7979	4	9410064	9411590	-	0	0	0		60	0	332	0.0	402	4	2035	0.0019656019656019656
CUFF_NC.7977	4	9420996	9422711	+	0	0	0		78	0	294	0.0	338	4	1248	0.003205128205128205
CUFF_NC.7980	4	9450140	9450621	-	0	0	0		37	0	111	0.0	112	0	343	0.0
CUFF_NC.7981	4	9464595	9465046	+	0	0	0		25	1	125	0.008	90	0	360	0.0
CUFF_NC.7982	4	9474185	9475295	-	0	0	0		69	0	307	0.0	307	6	1249	0.004803843074459567
CUFF_NC.8226	4	9479324	9479873	-	0	0	0		11	0	37	0.0	66	1	224	0.004464285714285714
CUFF_NC.8227	4	9489346	9490455	+	0	0	0		28	1	69	0.014492753623188406	136	1	351	0.002849002849002849
CUFF_NC.8228	4	9490984	9492282	+	0	0	0		26	0	68	0.0	188	1	591	0.001692047377326565
CUFF_NC.8229	4	9495312	9498794	+	0	0	0		60	1	230	0.004347826086956522	310	6	1393	0.004307250538406317
CUFF_NC.8230	4	9496476	9497051	+	0	0	0		11	0	51	0.0	60	0	274	0.0
CUFF_NC.8231	4	9500438	9503270	+	0	0	0		101	1	311	0.003215434083601286	424	3	1288	0.002329192546583851
CUFF_NC.8232	4	9507490	9512779	+	0	0	0		82	21	520	0.04038461538461539	351	32	1837	0.017419706042460535
CUFF_NC.8234	4	9520961	9522572	+	0	0	0		20	1	87	0.011494252873563218	99	0	401	0.0
CUFF_NC.8235	4	9526220	9528378	-	0	0	0		63	54	279	0.1935483870967742	272	30	1178	0.025466893039049237
CUFF_NC.8049	4	9536915	9538973	+	0	0	0		31	1	109	0.009174311926605505	126	1	332	0.0030120481927710845
CUFF_NC.8050	4	9541665	9552106	+	0	0	0		333	8	1987	0.004026170105686965	1640	25	9864	0.0025344687753446875
CUFF_NC.8051	4	9552615	9554122	+	0	0	0		134	3	746	0.004021447721179625	418	3	2125	0.001411764705882353
CUFF_NC.7983	4	9567045	9567838	+	0	0	0		46	0	226	0.0	237	3	1014	0.0029585798816568047
CUFF_NC.7984	4	9595520	9596171	+	0	0	0		60	1	305	0.003278688524590164	178	5	976	0.005122950819672131
CUFF_NC.7985	4	9602014	9602654	-	0	0	0		38	3	148	0.02027027027027027	180	0	657	0.0
CUFF_NC.7986	4	9605450	9605763	+	0	0	0		27	0	171	0.0	69	0	412	0.0
CUFF_NC.7987	4	9605848	9606692	+	0	0	0		65	1	331	0.0030211480362537764	260	2	1279	0.001563721657544957
CUFF_NC.7988	4	9652470	9653473	+	0	0	0		66	1	289	0.0034602076124567475	301	2	958	0.0020876826722338203
CUFF_NC.7989	4	9665046	9665992	+	0	0	0		31	0	175	0.0	232	2	1192	0.0016778523489932886
CUFF_NC.7990	4	9670821	9671882	-	0	0	0		74	1	249	0.004016064257028112	314	1	1046	0.0009560229445506692
CUFF_NC.7991	4	9679631	9680286	+	0	0	0		60	0	289	0.0	179	5	895	0.00558659217877095
CUFF_NC.7996	4	9696316	9697182	+	0	0	0		78	2	382	0.005235602094240838	247	6	1248	0.004807692307692308
CUFF_NC.7992	4	9698789	9700404	-	0	0	0		99	1	400	0.0025	443	5	1911	0.0026164311878597592
CUFF_NC.7993	4	9731061	9731541	-	0	0	0		19	0	104	0.0	105	3	585	0.005128205128205128
CUFF_NC.7994	4	9739553	9740580	-	0	0	0		45	0	205	0.0	306	3	1498	0.0020026702269692926
CUFF_NC.8000	4	9743734	9748540	+	0	0	0		195	3	958	0.003131524008350731	1060	15	5036	0.0029785544082605244
CUFF_NC.8001	4	9744249	9748839	+	0	0	0		181	4	925	0.004324324324324324	1044	17	5038	0.003374354902739182
CUFF_NC.7997	4	9749893	9750331	+	0	0	0		42	1	179	0.00558659217877095	113	1	500	0.002
CUFF_NC.7995	4	9753009	9754159	+	0	0	0		78	0	274	0.0	276	4	1012	0.003952569169960474
CUFF_NC.7998	4	9778671	9779499	+	0	0	0		52	0	217	0.0	270	2	1132	0.0017667844522968198
CUFF_NC.7999	4	9789539	9789831	+	0	0	0		3	0	5	0.0	40	0	117	0.0
CUFF_NC.8002	4	9797773	9798340	-	0	0	0		10	4	34	0.11764705882352941	71	10	225	0.044444444444444446
CUFF_NC.8003	4	9799107	9799903	-	0	0	0		29	0	123	0.0	230	3	829	0.0036188178528347406
CUFF_NC.8004	4	9799141	9799750	+	0	0	0		22	0	87	0.0	174	3	614	0.004885993485342019
CUFF_NC.8009	4	9803714	9804759	-	0	0	0		54	0	251	0.0	261	2	1052	0.0019011406844106464
CUFF_NC.8005	4	9826229	9828069	-	0	0	0		94	1	503	0.0019880715705765406	526	9	2639	0.0034103827207275484
CUFF_NC.8007	4	9843106	9844060	+	0	0	0		67	2	356	0.0056179775280898875	217	2	1189	0.001682085786375105
CUFF_NC.8006	4	9846070	9846912	-	0	0	0		57	0	305	0.0	216	6	1143	0.005249343832020997
CUFF_NC.8008	4	9850150	9850655	+	0	0	0		22	0	81	0.0	143	3	594	0.005050505050505051
CUFF_NC.8011	4	9862658	9863486	+	0	0	0		84	0	361	0.0	252	3	1027	0.0029211295034079843
CUFF_NC.8015	4	9869827	9870738	+	0	0	0		69	1	242	0.004132231404958678	245	4	824	0.0048543689320388345
CUFF_NC.8012	4	9877032	9879053	-	0	0	0		150	2	770	0.0025974025974025974	614	3	3031	0.0009897723523589574
CUFF_NC.8013	4	9926916	9927352	-	0	0	0		18	0	74	0.0	127	2	592	0.0033783783783783786
CUFF_NC.8017	4	9928390	9929580	-	0	0	0		59	1	264	0.003787878787878788	238	3	1032	0.0029069767441860465
CUFF_NC.8014	4	9933929	9934774	+	0	0	0		56	0	279	0.0	239	1	963	0.0010384215991692627
CUFF_NC.8020	4	9945875	9946282	-	0	0	0		17	1	87	0.011494252873563218	116	0	460	0.0
CUFF_NC.8021	4	9946879	9947703	-	0	0	0		48	1	239	0.0041841004184100415	246	2	1095	0.0018264840182648401
CUFF_NC.8016	4	9948895	9949898	+	0	0	0		40	0	193	0.0	280	3	1251	0.002398081534772182
CUFF_NC.8019	4	9963773	9964305	+	0	0	0		31	1	102	0.00980392156862745	120	1	353	0.0028328611898017
CUFF_NC.8018	4	9964493	9964914	+	0	0	0		11	0	83	0.0	111	4	734	0.005449591280653951
CUFF_NC.8023	4	9965757	9966541	-	0	0	0		52	0	170	0.0	195	1	512	0.001953125
CUFF_NC.8022	4	9968739	9969188	+	0	0	0		31	0	85	0.0	122	1	466	0.002145922746781116
CUFF_NC.8024	4	9987738	9988226	-	0	0	0		21	37	116	0.31896551724137934	138	21	803	0.026151930261519303
CUFF_NC.8025	4	10009564	10012099	+	0	0	0		70	9	394	0.02284263959390863	575	40	3238	0.012353304508956145
CUFF_NC.8026	4	10012829	10013441	+	0	0	0		35	0	145	0.0	169	1	779	0.0012836970474967907
CUFF_NC.8027	4	10062053	10062753	-	0	0	0		28	0	112	0.0	204	2	922	0.0021691973969631237
CUFF_NC.8029	4	10089099	10090377	+	0	0	0		61	1	218	0.0045871559633027525	328	2	1364	0.001466275659824047
CUFF_NC.8028	4	10091256	10092384	+	0	0	0		70	1	342	0.0029239766081871343	311	7	1477	0.004739336492890996
CUFF_NC.8030	4	10103932	10104536	-	0	0	0		40	0	176	0.0	169	0	837	0.0
CUFF_NC.8031	4	10142346	10144022	-	0	0	0		139	2	663	0.0030165912518853697	370	7	1583	0.004421983575489577
CUFF_NC.8033	4	10152744	10153025	-	0	0	0		19	0	144	0.0	70	1	370	0.002702702702702703
CUFF_NC.8035	4	10163197	10164611	+	0	0	0		119	0	514	0.0	323	4	1267	0.0031570639305445935
CUFF_NC.8032	4	10171574	10172181	-	0	0	0		24	39	77	0.5064935064935064	112	38	391	0.09718670076726342
CUFF_NC.8036	4	10175455	10176669	+	0	0	0		45	1	308	0.003246753246753247	311	1	1898	0.0005268703898840885
CUFF_NC.8037	4	10177987	10178951	+	0	0	0		46	26	283	0.09187279151943463	244	16	1448	0.011049723756906077
CUFF_NC.8038	4	10180046	10180534	-	0	0	0		17	0	51	0.0	98	12	290	0.041379310344827586
CUFF_NC.8040	4	10180270	10180909	+	0	0	0		15	3	55	0.05454545454545454	45	6	155	0.03870967741935484
CUFF_NC.8039	4	10181678	10182299	+	0	0	0		17	0	83	0.0	192	3	976	0.0030737704918032786
CUFF_NC.8041	4	10183636	10184687	+	0	0	0		45	1	247	0.004048582995951417	204	1	1086	0.0009208103130755065
CUFF_NC.8042	4	10209955	10210462	+	0	0	0		8	0	23	0.0	53	0	173	0.0
CUFF_NC.8043	4	10210992	10211506	+	0	0	0		11	0	70	0.0	114	1	706	0.00141643059490085
CUFF_NC.8044	4	10215776	10216546	+	0	0	0		43	0	180	0.0	217	0	754	0.0
CUFF_NC.8065	4	10236174	10238653	-	0	0	0		129	3	670	0.004477611940298508	604	14	2900	0.004827586206896552
CUFF_NC.8066	4	10237451	10237990	-	0	0	0		31	1	170	0.0058823529411764705	120	3	582	0.005154639175257732
CUFF_NC.8064	4	10245726	10246186	+	0	0	0		41	0	165	0.0	122	1	494	0.0020242914979757085
CUFF_NC.8045	4	10257001	10258026	-	0	0	0		68	2	275	0.007272727272727273	245	2	992	0.0020161290322580645
CUFF_NC.8047	4	10259655	10260056	-	0	0	0		13	7	66	0.10606060606060606	116	4	511	0.007827788649706457
CUFF_NC.8048	4	10263987	10264545	+	0	0	0		38	0	225	0.0	115	3	751	0.0039946737683089215
CUFF_NC.8052	4	10268091	10269160	+	0	0	0		40	1	216	0.004629629629629629	270	2	1334	0.0014992503748125937
CUFF_NC.8046	4	10281186	10281767	-	0	0	0		44	0	214	0.0	174	6	713	0.008415147265077139
CUFF_NC.8054	4	10282567	10283685	-	0	0	0		43	1	206	0.0048543689320388345	317	3	1319	0.002274450341167551
CUFF_NC.8053	4	10287381	10287700	+	0	0	0		7	0	16	0.0	67	0	167	0.0
CUFF_NC.8055	4	10287966	10288680	-	0	0	0		19	0	98	0.0	147	3	976	0.0030737704918032786
CUFF_NC.8057	4	10298595	10301405	-	0	0	0		139	3	781	0.0038412291933418692	708	7	3617	0.0019353055017970694
CUFF_NC.8059	4	10303606	10304260	+	0	0	0		34	0	153	0.0	177	7	830	0.008433734939759036
CUFF_NC.8056	4	10311079	10312519	-	0	0	0		51	0	241	0.0	387	6	1832	0.0032751091703056767
CUFF_NC.8058	4	10321997	10324759	+	0	0	0		171	9	981	0.009174311926605505	709	11	3711	0.0029641606036108865
CUFF_NC.8060	4	10327410	10329674	-	0	0	0		65	0	375	0.0	511	11	2770	0.003971119133574007
CUFF_NC.8062	4	10342032	10342563	-	0	0	0		28	0	148	0.0	129	0	603	0.0
CUFF_NC.8061	4	10345190	10345655	-	0	0	0		27	0	156	0.0	119	2	628	0.0031847133757961785
CUFF_NC.8063	4	10354436	10355507	-	0	0	0		52	2	216	0.009259259259259259	277	1	1034	0.0009671179883945841
CUFF_NC.8067	4	10370488	10371278	-	0	0	0		45	1	204	0.004901960784313725	165	0	623	0.0
CUFF_NC.8068	4	10374938	10375564	-	0	0	0		17	0	57	0.0	72	0	202	0.0
CUFF_NC.8069	4	10398985	10399464	-	0	0	0		22	0	98	0.0	106	2	505	0.0039603960396039604
CUFF_NC.8070	4	10410134	10410450	+	0	0	0		16	0	99	0.0	86	5	556	0.008992805755395683
CUFF_NC.8075	4	10415351	10416001	-	0	0	0		47	0	191	0.0	182	3	781	0.0038412291933418692
CUFF_NC.8088	4	10427167	10432443	+	0	0	0		147	2	560	0.0035714285714285713	1072	12	4860	0.0024691358024691358
CUFF_NC.8074	4	10440770	10441563	+	0	0	0		52	2	221	0.00904977375565611	221	3	881	0.00340522133938706
CUFF_NC.8071	4	10445163	10445946	+	0	0	0		47	1	214	0.004672897196261682	209	1	729	0.0013717421124828531
CUFF_NC.8087	4	10458917	10463296	+	0	0	0		209	1	881	0.0011350737797956867	943	19	4016	0.0047310756972111555
CUFF_NC.8072	4	10464829	10465366	+	0	0	0		9	0	70	0.0	91	0	495	0.0
CUFF_NC.8073	4	10468256	10468535	+	0	0	0		29	0	94	0.0	94	3	323	0.009287925696594427
CUFF_NC.8076	4	10469655	10470138	-	0	0	0		29	1	168	0.005952380952380952	103	2	528	0.003787878787878788
CUFF_NC.8077	4	10472127	10472543	+	0	0	0		22	1	116	0.008620689655172414	107	0	600	0.0
CUFF_NC.8078	4	10481632	10483879	-	0	0	0		157	4	606	0.006600660066006601	525	5	2033	0.002459419576979833
CUFF_NC.8079	4	10485124	10486836	+	0	0	0		127	3	589	0.0050933786078098476	487	9	2263	0.003977021652673442
CUFF_NC.8086	4	10491809	10492764	+	0	0	0		69	131	304	0.4309210526315789	220	38	932	0.0407725321888412
CUFF_NC.8084	4	10496836	10497133	-	0	0	0		24	0	170	0.0	71	1	448	0.002232142857142857
CUFF_NC.8085	4	10497373	10498120	-	0	0	0		53	0	288	0.0	216	2	1017	0.0019665683382497543
CUFF_NC.8080	4	10507760	10508180	+	0	0	0		27	1	150	0.006666666666666667	92	1	496	0.0020161290322580645
CUFF_NC.8083	4	10521533	10522030	-	0	0	0		35	3	142	0.02112676056338028	142	2	585	0.003418803418803419
CUFF_NC.8081	4	10528385	10529088	+	0	0	0		51	102	239	0.42677824267782427	192	79	762	0.1036745406824147
CUFF_NC.8082	4	10537767	10539611	+	0	0	0		18	12	37	0.32432432432432434	68	32	238	0.13445378151260504
CUFF_NC.8090	4	10598590	10599134	+	0	0	0		18	0	134	0.0	149	1	742	0.0013477088948787063
CUFF_NC.8092	4	10606319	10606870	-	0	0	0		21	0	66	0.0	68	0	182	0.0
CUFF_NC.8100	4	10621077	10621531	-	0	0	0		30	0	202	0.0	120	3	817	0.0036719706242350062
CUFF_NC.8094	4	10640694	10641192	+	0	0	0		21	1	118	0.00847457627118644	143	3	758	0.00395778364116095
CUFF_NC.8095	4	10646590	10647055	+	0	0	0		30	1	140	0.007142857142857143	118	1	520	0.0019230769230769232
CUFF_NC.8093	4	10648601	10649237	-	0	0	0		22	32	117	0.27350427350427353	158	97	871	0.1113662456946039
CUFF_NC.8101	4	10651648	10652472	-	0	0	0		47	2	240	0.008333333333333333	237	3	1132	0.00265017667844523
CUFF_NC.8102	4	10654550	10655453	-	0	0	0		55	2	266	0.007518796992481203	280	1	1299	0.0007698229407236335
CUFF_NC.8103	4	10655665	10657797	-	0	0	0		153	6	840	0.007142857142857143	586	4	2856	0.0014005602240896359
CUFF_NC.8104	4	10666019	10666942	-	0	0	0		75	2	461	0.004338394793926247	253	2	1310	0.0015267175572519084
CUFF_NC.8096	4	10682108	10683077	+	0	0	0		46	56	124	0.45161290322580644	231	26	791	0.03286978508217446
CUFF_NC.8097	4	10703313	10704724	-	0	0	0		65	3	330	0.00909090909090909	378	7	1844	0.003796095444685466
CUFF_NC.8098	4	10713577	10714980	+	0	0	0		70	1	334	0.0029940119760479044	305	5	1290	0.003875968992248062
CUFF_NC.8099	4	10739391	10740008	+	0	0	0		49	0	216	0.0	160	0	674	0.0
CUFF_NC.8110	4	10765503	10768712	+	0	0	0		120	0	540	0.0	650	4	2920	0.0013698630136986301
CUFF_NC.8112	4	10770067	10770850	-	0	0	0		12	10	37	0.2702702702702703	89	7	290	0.02413793103448276
CUFF_NC.8111	4	10771803	10772874	+	0	0	0		62	1	298	0.003355704697986577	295	2	1475	0.0013559322033898306
CUFF_NC.8109	4	10775110	10775812	-	0	0	0		26	0	115	0.0	185	2	878	0.002277904328018223
CUFF_NC.8107	4	10790335	10791406	+	0	0	0		72	1	378	0.0026455026455026454	282	3	1152	0.0026041666666666665
CUFF_NC.8105	4	10811262	10811897	-	0	0	0		27	0	115	0.0	186	2	909	0.0022002200220022
CUFF_NC.8106	4	10828099	10828813	+	0	0	0		33	0	108	0.0	171	3	661	0.0045385779122541605
CUFF_NC.8113	4	10833782	10834735	-	0	0	0		74	5	326	0.015337423312883436	273	6	1094	0.005484460694698354
CUFF_NC.8108	4	10851750	10852061	+	0	0	0		17	0	67	0.0	95	2	339	0.0058997050147492625
CUFF_NC.8114	4	10861163	10861764	-	0	0	0		27	0	95	0.0	147	0	358	0.0
CUFF_NC.8116	4	10883796	10885894	-	0	0	0		165	3	851	0.0035252643948296123	606	6	2691	0.002229654403567447
CUFF_NC.8115	4	10896521	10897959	-	0	0	0		81	1	397	0.0025188916876574307	326	7	1629	0.004297114794352364
CUFF_NC.8117	4	10914478	10914992	+	0	0	0		24	0	148	0.0	138	3	817	0.0036719706242350062
CUFF_NC.8118	4	10944750	10946147	-	0	0	0		56	2	272	0.007352941176470588	338	2	1743	0.0011474469305794606
CUFF_NC.8119	4	10960566	10960984	-	0	0	0		0	0	0		5	0	12	0.0
CUFF_NC.8126	4	10984738	10992149	-	0	0	0		367	5	1618	0.0030902348578491965	1545	16	6541	0.002446109157621159
CUFF_NC.8127	4	10986621	10987389	-	0	0	0		53	1	308	0.003246753246753247	216	4	1230	0.0032520325203252032
CUFF_NC.8128	4	10988743	10989698	-	0	0	0		30	1	123	0.008130081300813009	157	1	648	0.0015432098765432098
CUFF_NC.8124	4	10992316	10998051	-	0	0	0		483	1177	2016	0.5838293650793651	1500	819	6568	0.12469549330085263
CUFF_NC.8120	4	10999260	10999967	+	0	0	0		6	0	18	0.0	150	1	806	0.0012406947890818859
CUFF_NC.8121	4	11000925	11001958	+	0	0	0		46	0	178	0.0	266	1	1266	0.0007898894154818325
CUFF_NC.8122	4	11007383	11007945	-	0	0	0		35	0	162	0.0	141	4	674	0.005934718100890208
CUFF_NC.8123	4	11022642	11023590	+	0	0	0		86	0	263	0.0	275	2	934	0.0021413276231263384
CUFF_NC.8129	4	11035266	11035898	+	0	0	0		53	1	248	0.004032258064516129	151	1	748	0.001336898395721925
CUFF_NC.8125	4	11080476	11081618	-	0	0	0		3	1	10	0.1	22	10	35	0.2857142857142857
CUFF_NC.8130	4	11109678	11117264	+	0	0	0		326	57	1563	0.036468330134357005	912	35	3947	0.00886749429946795
CUFF_NC.8131	4	11116612	11117212	-	0	0	0		48	2	259	0.007722007722007722	134	7	640	0.0109375
CUFF_NC.8134	4	11127497	11128117	-	0	0	0		34	0	189	0.0	176	5	946	0.005285412262156448
CUFF_NC.8133	4	11133251	11134073	+	0	0	0		46	0	169	0.0	215	1	720	0.001388888888888889
CUFF_NC.8132	4	11137492	11139358	-	0	0	0		18	27	55	0.4909090909090909	101	57	280	0.20357142857142857
CUFF_NC.8137	4	11149213	11149710	+	0	0	0		15	1	84	0.011904761904761904	94	3	588	0.00510204081632653
CUFF_NC.8140	4	11157862	11159093	-	0	0	0		88	3	339	0.008849557522123894	311	3	1083	0.002770083102493075
CUFF_NC.8135	4	11170454	11171433	-	0	0	0		42	0	219	0.0	250	5	1367	0.0036576444769568397
CUFF_NC.8136	4	11171245	11171966	+	0	0	0		17	0	118	0.0	176	5	1291	0.0038729666924864447
CUFF_NC.8141	4	11173807	11174264	-	0	0	0		25	0	182	0.0	126	1	719	0.0013908205841446453
CUFF_NC.8138	4	11177205	11178008	+	0	0	0		24	2	133	0.015037593984962405	200	2	1055	0.0018957345971563982
CUFF_NC.8139	4	11178190	11178890	-	0	0	0		5	0	36	0.0	186	3	1053	0.002849002849002849
CUFF_NC.8147	4	11193701	11194283	+	0	0	0		39	0	208	0.0	171	3	902	0.0033259423503325942
CUFF_NC.8143	4	11206341	11208882	-	0	0	0		81	76	223	0.34080717488789236	406	113	1260	0.08968253968253968
CUFF_NC.8142	4	11222083	11222589	-	0	0	0		4	0	10	0.0	35	0	63	0.0
CUFF_NC.8148	4	11244674	11246561	-	0	0	0		134	2	662	0.0030211480362537764	504	4	2577	0.0015521924718665113
CUFF_NC.8145	4	11253195	11257203	+	0	0	0		138	4	715	0.005594405594405594	971	12	5313	0.002258610954263128
CUFF_NC.8146	4	11254545	11255294	+	0	0	0		43	1	179	0.00558659217877095	222	4	941	0.004250797024442083
CUFF_NC.8144	4	11270064	11270757	-	0	0	0		52	1	244	0.004098360655737705	162	4	749	0.0053404539385847796
CUFF_NC.8149	4	11297273	11297788	+	0	0	0		18	0	109	0.0	130	0	631	0.0
CUFF_NC.8151	4	11306846	11307475	-	0	0	0		56	1	202	0.0049504950495049506	122	1	455	0.002197802197802198
CUFF_NC.8152	4	11319174	11319583	+	0	0	0		34	1	242	0.004132231404958678	108	0	697	0.0
CUFF_NC.8150	4	11324895	11325746	-	0	0	0		46	0	220	0.0	268	6	1231	0.00487408610885459
CUFF_NC.8153	4	11339388	11339846	+	0	0	0		36	1	207	0.004830917874396135	134	2	731	0.0027359781121751026
CUFF_NC.8159	4	11355796	11357574	+	0	0	0		94	0	337	0.0	422	2	1343	0.0014892032762472078
CUFF_NC.8154	4	11358047	11360938	+	0	0	0		66	5	370	0.013513513513513514	562	34	3184	0.010678391959798994
CUFF_NC.8157	4	11363449	11364441	+	0	0	0		9	1	49	0.02040816326530612	55	1	299	0.0033444816053511705
CUFF_NC.8158	4	11368180	11368653	+	0	0	0		4	0	12	0.0	40	0	98	0.0
CUFF_NC.8156	4	11382156	11383376	+	0	0	0		3	0	3	0.0	28	0	28	0.0
CUFF_NC.8162	4	11386242	11393214	+	0	0	0		330	5	1737	0.0028785261945883708	1796	23	9412	0.0024436889077773054
CUFF_NC.8163	4	11391961	11392327	+	0	0	0		26	0	131	0.0	109	1	495	0.00202020202020202
CUFF_NC.8164	4	11424804	11425613	-	0	0	0		36	0	238	0.0	208	1	1313	0.0007616146230007616
CUFF_NC.8165	4	11425808	11431297	-	0	0	0		348	3	1756	0.0017084282460136675	1415	17	6932	0.0024523946912867857
CUFF_NC.8160	4	11440962	11441926	+	0	0	0		51	1	233	0.004291845493562232	224	1	874	0.0011441647597254005
CUFF_NC.8170	4	11479639	11480059	-	0	0	0		28	0	97	0.0	121	3	434	0.0069124423963133645
CUFF_NC.8168	4	11482241	11482642	-	0	0	0		28	1	135	0.007407407407407408	111	1	543	0.001841620626151013
CUFF_NC.8169	4	11487482	11487890	-	0	0	0		17	0	84	0.0	113	2	597	0.0033500837520938024
CUFF_NC.8171	4	11526911	11528280	-	0	0	0		66	1	338	0.0029585798816568047	372	7	1728	0.004050925925925926
CUFF_NC.8172	4	11545624	11546571	-	0	0	0		42	0	111	0.0	186	2	599	0.00333889816360601
CUFF_NC.8173	4	11566946	11567791	-	0	0	0		36	1	200	0.005	201	4	1016	0.003937007874015748
CUFF_NC.8174	4	11569530	11570179	-	0	0	0		32	0	141	0.0	167	2	740	0.002702702702702703
CUFF_NC.8176	4	11587798	11588227	+	0	0	0		34	0	160	0.0	96	0	421	0.0
CUFF_NC.8175	4	11589817	11590270	+	0	0	0		10	0	49	0.0	101	0	426	0.0
CUFF_NC.8177	4	11591517	11592474	+	0	0	0		54	0	293	0.0	250	7	1268	0.005520504731861199
CUFF_NC.8178	4	11602127	11602733	-	0	0	0		31	1	148	0.006756756756756757	161	2	785	0.0025477707006369425
CUFF_NC.8185	4	11611389	11612756	+	0	0	0		112	2	467	0.004282655246252677	414	7	1725	0.004057971014492754
CUFF_NC.8186	4	11613150	11614978	+	0	0	0		98	0	480	0.0	476	4	2484	0.001610305958132045
CUFF_NC.8182	4	11617034	11617513	+	0	0	0		34	0	219	0.0	132	3	722	0.004155124653739612
CUFF_NC.8190	4	11623346	11624191	+	0	0	0		44	0	213	0.0	195	2	1017	0.0019665683382497543
CUFF_NC.8179	4	11635973	11636807	+	0	0	0		32	0	148	0.0	193	3	1006	0.002982107355864811
CUFF_NC.8184	4	11640703	11641311	-	0	0	0		30	0	117	0.0	155	1	733	0.001364256480218281
CUFF_NC.8180	4	11644027	11644558	-	0	0	0		29	0	168	0.0	129	4	718	0.005571030640668524
CUFF_NC.8183	4	11647261	11648665	+	0	0	0		84	1	365	0.0027397260273972603	359	2	1581	0.001265022137887413
CUFF_NC.8181	4	11653378	11654051	-	0	0	0		43	2	191	0.010471204188481676	211	1	1014	0.0009861932938856016
CUFF_NC.8189	4	11657224	11659142	+	0	0	0		111	1	577	0.0017331022530329288	548	7	2580	0.0027131782945736434
CUFF_NC.8187	4	11659598	11660209	+	0	0	0		31	1	227	0.004405286343612335	144	3	686	0.004373177842565598
CUFF_NC.8188	4	11663174	11663778	-	0	0	0		29	0	148	0.0	161	3	853	0.0035169988276670576
CUFF_NC.8191	4	11670949	11672041	+	0	0	0		63	1	348	0.0028735632183908046	304	7	1501	0.004663557628247834
CUFF_NC.8192	4	11699820	11700427	+	0	0	0		32	0	145	0.0	180	3	852	0.0035211267605633804
CUFF_NC.8194	4	11702267	11705979	+	0	0	0		188	0	797	0.0	876	16	4028	0.003972194637537239
CUFF_NC.8195	4	11733042	11733983	-	0	0	0		68	0	440	0.0	246	4	1459	0.0027416038382453737
CUFF_NC.8199	4	11746967	11748491	+	0	0	0		104	2	562	0.0035587188612099642	417	6	2150	0.0027906976744186047
CUFF_NC.8200	4	11749413	11750322	+	0	0	0		48	1	192	0.005208333333333333	260	1	1004	0.00099601593625498
CUFF_NC.8196	4	11757369	11757923	-	0	0	0		38	0	198	0.0	156	2	768	0.0026041666666666665
CUFF_NC.8198	4	11761860	11764250	-	0	0	0		88	6	391	0.015345268542199489	513	15	2228	0.006732495511669659
CUFF_NC.8197	4	11767534	11768611	+	0	0	0		72	0	259	0.0	220	2	771	0.0025940337224383916
CUFF_NC.8203	4	11773175	11773972	-	0	0	0		33	0	169	0.0	129	3	626	0.004792332268370607
CUFF_NC.8204	4	11777213	11782169	+	0	0	0		106	3	372	0.008064516129032258	565	8	1782	0.004489337822671156
CUFF_NC.8205	4	11778855	11779893	+	0	0	0		39	2	145	0.013793103448275862	189	3	525	0.005714285714285714
CUFF_NC.8201	4	11783012	11783474	+	0	0	0		35	1	173	0.005780346820809248	104	0	417	0.0
CUFF_NC.8209	4	11803789	11806084	+	0	0	0		99	1	496	0.0020161290322580645	498	9	2212	0.00406871609403255
CUFF_NC.8214	4	11859207	11860467	+	0	0	0		88	2	403	0.004962779156327543	289	4	1395	0.002867383512544803
CUFF_NC.8215	4	11863608	11864187	+	0	0	0		37	0	182	0.0	161	4	758	0.005277044854881266
CUFF_NC.8206	4	11868750	11870194	-	0	0	0		40	1	266	0.0037593984962406013	318	5	2107	0.0023730422401518746
CUFF_NC.8216	4	11877918	11879221	+	0	0	0		72	2	279	0.007168458781362007	263	3	978	0.003067484662576687
CUFF_NC.8207	4	11880015	11881075	-	0	0	0		59	0	162	0.0	222	2	707	0.002828854314002829
CUFF_NC.8208	4	11891730	11893976	+	0	0	0		65	1	293	0.0034129692832764505	504	7	2593	0.002699575780948708
CUFF_NC.8211	4	11917045	11917593	-	0	0	0		30	1	121	0.008264462809917356	146	4	768	0.005208333333333333
CUFF_NC.8212	4	11919983	11920343	-	0	0	0		46	1	149	0.006711409395973154	101	0	276	0.0
CUFF_NC.8210	4	11929816	11936628	-	0	0	0		182	11	796	0.013819095477386936	1048	22	4382	0.005020538566864446
CUFF_NC.8213	4	11946256	11946729	-	0	0	0		15	29	54	0.5370370370370371	112	10	471	0.021231422505307854
CUFF_NC.8220	4	11958397	11959281	-	0	0	0		60	3	260	0.011538461538461539	187	1	1007	0.0009930486593843098
CUFF_NC.8221	4	11961613	11962899	-	0	0	0		105	2	403	0.004962779156327543	351	2	1314	0.0015220700152207
CUFF_NC.8217	4	11964868	11966643	+	0	0	0		73	2	384	0.005208333333333333	334	5	1708	0.002927400468384075
CUFF_NC.8218	4	11968498	11969754	+	0	0	0		67	0	330	0.0	302	3	1503	0.001996007984031936
CUFF_NC.8219	4	11971286	11971924	+	0	0	0		25	0	120	0.0	109	0	401	0.0
CUFF_NC.8222	4	11977045	11977467	-	0	0	0		7	0	58	0.0	108	0	716	0.0
CUFF_NC.8223	4	11987363	11988384	+	0	0	0		54	1	200	0.005	216	5	761	0.006570302233902759
CUFF_NC.8225	4	11990499	11991472	+	0	0	0		70	0	332	0.0	262	2	1199	0.0016680567139282735
CUFF_NC.8224	4	12005247	12006183	+	0	0	0		46	1	263	0.0038022813688212928	263	8	1409	0.0056777856635912
CUFF_NC.8238	4	12043959	12045989	+	0	0	0		131	2	630	0.0031746031746031746	572	8	2561	0.0031237797735259665
CUFF_NC.8240	4	12058402	12059078	-	0	0	0		60	1	374	0.00267379679144385	182	4	1101	0.0036330608537693005
CUFF_NC.8236	4	12106436	12110579	+	0	0	0		133	1	699	0.001430615164520744	891	7	4553	0.0015374478365912585
CUFF_NC.8237	4	12117610	12118223	+	0	0	0		27	0	114	0.0	149	2	659	0.0030349013657056147
CUFF_NC.8249	4	12120341	12120996	-	0	0	0		42	0	260	0.0	166	2	947	0.0021119324181626186
CUFF_NC.8250	4	12121341	12126131	-	0	0	0		212	1	953	0.001049317943336831	974	16	4612	0.003469210754553339
CUFF_NC.8251	4	12121805	12122290	-	0	0	0		40	0	198	0.0	132	1	535	0.001869158878504673
CUFF_NC.8252	4	12122609	12133428	-	0	0	0		425	5	2097	0.002384358607534573	1782	29	8869	0.003269816213778329
CUFF_NC.8253	4	12125651	12138967	-	0	0	0		612	14	3074	0.004554326610279766	2586	44	12827	0.0034302642862711467
CUFF_NC.8254	4	12132655	12133101	-	0	0	0		2	0	3	0.0	4	0	4	0.0
CUFF_NC.8239	4	12150644	12151389	+	0	0	0		35	2	161	0.012422360248447204	85	2	408	0.004901960784313725
CUFF_NC.8256	4	12154719	12168400	+	0	0	0		469	5	2364	0.0021150592216582064	2136	33	10390	0.0031761308950914342
CUFF_NC.8257	4	12160539	12167826	+	0	0	0		433	4	2190	0.0018264840182648401	1950	31	9602	0.0032284940637367214
CUFF_NC.8258	4	12164130	12164781	+	0	0	0		41	1	164	0.006097560975609756	155	5	608	0.008223684210526315
CUFF_NC.8241	4	12180297	12180922	+	0	0	0		38	0	160	0.0	181	1	679	0.0014727540500736377
CUFF_NC.8242	4	12181716	12183077	-	0	0	0		102	1	490	0.0020408163265306124	307	7	1634	0.004283965728274173
CUFF_NC.8243	4	12238161	12239246	-	0	0	0		63	0	230	0.0	293	3	819	0.003663003663003663
CUFF_NC.8245	4	12244887	12245241	+	0	0	0		40	1	149	0.006711409395973154	103	1	331	0.0030211480362537764
CUFF_NC.8246	4	12252883	12253819	+	0	0	0		55	1	250	0.004	272	1	1083	0.0009233610341643582
CUFF_NC.8244	4	12261644	12262165	-	0	0	0		16	23	61	0.3770491803278688	107	21	421	0.0498812351543943
CUFF_NC.8247	4	12264371	12265271	-	0	0	0		42	2	138	0.014492753623188406	131	3	455	0.006593406593406593
CUFF_NC.8248	4	12266473	12266998	-	0	0	0		60	1	332	0.0030120481927710845	110	2	559	0.0035778175313059034
CUFF_NC.8255	4	12316986	12318304	-	0	0	0		65	0	293	0.0	311	4	1261	0.0031720856463124504
CUFF_NC.8263	4	12326849	12327633	+	0	0	0		51	0	228	0.0	179	2	837	0.0023894862604540022
CUFF_NC.8264	4	12331453	12332250	+	0	0	0		42	0	218	0.0	188	4	951	0.004206098843322818
CUFF_NC.8261	4	12332716	12336685	+	0	0	0		138	32	680	0.047058823529411764	844	21	4007	0.005240828550037434
CUFF_NC.8262	4	12333228	12337470	+	0	0	0		143	32	726	0.0440771349862259	917	24	4526	0.005302695536897923
CUFF_NC.8259	4	12355303	12355729	-	0	0	0		14	0	60	0.0	101	2	449	0.004454342984409799
CUFF_NC.8265	4	12364677	12364987	-	0	0	0		19	0	54	0.0	80	1	252	0.003968253968253968
CUFF_NC.8269	4	12392825	12393250	+	0	0	0		30	0	133	0.0	126	0	590	0.0
CUFF_NC.8271	4	12410401	12410912	-	0	0	0		78	1	395	0.002531645569620253	120	1	553	0.0018083182640144665
CUFF_NC.8266	4	12414041	12415018	-	0	0	0		38	0	164	0.0	241	4	1223	0.003270645952575634
CUFF_NC.8268	4	12415823	12416845	+	0	0	0		48	0	240	0.0	252	4	1263	0.003167062549485352
CUFF_NC.8267	4	12418086	12419158	-	0	0	0		55	0	229	0.0	307	3	1327	0.002260738507912585
CUFF_NC.8280	4	12425060	12425316	-	0	0	0		32	1	149	0.006711409395973154	65	2	362	0.0055248618784530384
CUFF_NC.8281	4	12427314	12429538	-	0	0	0		158	0	781	0.0	570	8	2510	0.0031872509960159364
CUFF_NC.8270	4	12434039	12434624	-	0	0	0		29	35	176	0.19886363636363635	137	7	754	0.009283819628647215
CUFF_NC.8277	4	12441330	12442383	-	0	0	0		67	3	375	0.008	282	1	1526	0.000655307994757536
CUFF_NC.8294	4	12456505	12462664	-	0	0	0		241	3	1131	0.002652519893899204	1524	22	7273	0.003024886566753747
CUFF_NC.8295	4	12461983	12467026	-	0	0	0		202	1	959	0.0010427528675703858	1296	16	6327	0.002528844634107792
CUFF_NC.8296	4	12464900	12469626	-	0	0	0		191	2	827	0.0024183796856106408	1211	15	5334	0.00281214848143982
CUFF_NC.8275	4	12479516	12480511	-	0	0	0		53	0	255	0.0	248	4	1191	0.0033585222502099076
CUFF_NC.8272	4	12487221	12487700	+	0	0	0		13	0	46	0.0	129	1	536	0.0018656716417910447
CUFF_NC.8273	4	12501183	12501589	-	0	0	0		12	0	56	0.0	102	1	529	0.001890359168241966
CUFF_NC.8274	4	12501476	12501897	+	0	0	0		28	1	139	0.007194244604316547	111	2	461	0.004338394793926247
CUFF_NC.8276	4	12504410	12505577	-	0	0	0		66	0	320	0.0	373	5	1746	0.0028636884306987398
CUFF_NC.8279	4	12526382	12527110	-	0	0	0		50	0	238	0.0	177	1	708	0.0014124293785310734
CUFF_NC.8278	4	12532297	12532711	+	0	0	0		23	1	132	0.007575757575757576	117	3	645	0.004651162790697674
CUFF_NC.8283	4	12546374	12547474	-	0	0	0		52	0	262	0.0	254	3	1431	0.0020964360587002098
CUFF_NC.8282	4	12556191	12556912	+	0	0	0		25	1	142	0.007042253521126761	190	5	996	0.0050200803212851405
CUFF_NC.8284	4	12563219	12564362	-	0	0	0		58	0	270	0.0	299	3	1338	0.002242152466367713
CUFF_NC.8285	4	12569745	12571431	-	0	0	0		68	117	286	0.4090909090909091	319	38	1363	0.027879677182685254
CUFF_NC.8286	4	12571616	12572394	-	0	0	0		67	0	206	0.0	187	1	583	0.0017152658662092624
CUFF_NC.8289	4	12577840	12579527	+	0	0	0		148	1	708	0.0014124293785310734	446	3	1997	0.0015022533800701052
CUFF_NC.8290	4	12579615	12580309	+	0	0	0		36	2	179	0.0111731843575419	206	3	952	0.0031512605042016808
CUFF_NC.8288	4	12582760	12583102	+	0	0	0		38	0	189	0.0	88	1	401	0.0024937655860349127
CUFF_NC.8287	4	12592974	12593586	-	0	0	0		47	1	184	0.005434782608695652	193	3	656	0.004573170731707317
CUFF_NC.8291	4	12594035	12594472	-	0	0	0		18	0	103	0.0	117	3	629	0.0047694753577106515
CUFF_NC.8292	4	12597234	12597914	-	0	0	0		49	1	248	0.004032258064516129	206	3	906	0.0033112582781456954
CUFF_NC.8293	4	12607433	12610385	-	0	0	0		141	1	763	0.001310615989515072	753	12	3644	0.003293084522502744
CUFF_NC.8298	4	12625750	12629453	-	0	0	0		152	7	658	0.010638297872340425	972	13	4338	0.002996772706316275
CUFF_NC.8299	4	12666698	12667322	+	0	0	0		41	0	149	0.0	181	5	690	0.007246376811594203
CUFF_NC.8300	4	12686351	12687295	-	0	0	0		84	1	344	0.0029069767441860465	253	2	839	0.0023837902264600714
CUFF_NC.8301	4	12716612	12717279	-	0	0	0		56	1	204	0.004901960784313725	206	4	679	0.005891016200294551
CUFF_NC.8302	4	12728354	12728828	+	0	0	0		36	2	208	0.009615384615384616	147	5	883	0.0056625141562853904
CUFF_NC.8304	4	12738047	12739971	-	0	0	0		190	2	892	0.002242152466367713	578	6	2480	0.0024193548387096775
CUFF_NC.8303	4	12744781	12745399	+	0	0	0		37	0	151	0.0	174	1	673	0.0014858841010401188
CUFF_NC.8305	4	12792930	12793384	+	0	0	0		37	1	140	0.007142857142857143	111	1	397	0.0025188916876574307
CUFF_NC.8310	4	12796336	12797910	+	0	0	0		131	1	759	0.0013175230566534915	395	6	2231	0.002689376961004034
CUFF_NC.8321	4	12821383	12822510	+	0	0	0		43	0	160	0.0	295	2	1294	0.0015455950540958269
CUFF_NC.8306	4	12826496	12826980	-	0	0	0		10	0	61	0.0	133	2	869	0.0023014959723820483
CUFF_NC.8311	4	12834839	12835768	-	0	0	0		43	1	250	0.004	268	5	1503	0.00332667997338656
CUFF_NC.8307	4	12841060	12845292	-	0	0	0		125	137	689	0.1988388969521045	1030	187	5815	0.03215821152192605
CUFF_NC.8308	4	12841292	12841970	-	0	0	0		27	54	133	0.40601503759398494	177	41	899	0.04560622914349277
CUFF_NC.8309	4	12853117	12853591	+	0	0	0		43	0	291	0.0	124	2	672	0.002976190476190476
CUFF_NC.8314	4	12855918	12856620	+	0	0	0		20	1	132	0.007575757575757576	190	1	960	0.0010416666666666667
CUFF_NC.8312	4	12857638	12858385	+	0	0	0		22	0	96	0.0	179	3	851	0.0035252643948296123
CUFF_NC.8313	4	12860701	12861598	+	0	0	0		72	0	348	0.0	267	4	985	0.0040609137055837565
CUFF_NC.8319	4	12876966	12877570	-	0	0	0		60	1	211	0.004739336492890996	155	1	493	0.002028397565922921
CUFF_NC.8318	4	12883034	12883651	+	0	0	0		53	0	153	0.0	165	1	473	0.0021141649048625794
CUFF_NC.8315	4	12889478	12890333	+	0	0	0		51	1	163	0.006134969325153374	241	1	902	0.0011086474501108647
CUFF_NC.8316	4	12918299	12919602	-	0	0	0		117	3	482	0.006224066390041493	355	6	1502	0.0039946737683089215
CUFF_NC.8317	4	12921362	12922649	-	0	0	0		136	1	490	0.0020408163265306124	382	1	1338	0.0007473841554559044
CUFF_NC.8325	4	12937040	12939096	+	0	0	0		116	1	560	0.0017857142857142857	604	12	2688	0.004464285714285714
CUFF_NC.8320	4	12975863	12976587	+	0	0	0		29	0	89	0.0	120	1	410	0.0024390243902439024
CUFF_NC.8324	4	12978228	12979086	-	0	0	0		39	0	184	0.0	190	4	635	0.006299212598425197
CUFF_NC.8323	4	12991872	12992488	+	0	0	0		39	1	148	0.006756756756756757	174	0	665	0.0
CUFF_NC.8322	4	12999713	13000254	-	0	0	0		41	0	233	0.0	136	2	676	0.0029585798816568047
CUFF_NC.8330	4	13008757	13009159	+	0	0	0		34	1	117	0.008547008547008548	83	0	265	0.0
CUFF_NC.8326	4	13015478	13016578	+	0	0	0		92	0	408	0.0	293	2	1197	0.001670843776106934
CUFF_NC.8327	4	13017082	13021766	+	0	0	0		200	21	1013	0.02073050345508391	1045	15	4735	0.0031678986272439284
CUFF_NC.8328	4	13026258	13027129	-	0	0	0		70	1	261	0.0038314176245210726	290	3	1007	0.0029791459781529296
CUFF_NC.8329	4	13048494	13048938	-	0	0	0		27	2	143	0.013986013986013986	101	2	562	0.0035587188612099642
CUFF_NC.8332	4	13064714	13066943	-	0	0	0		171	1	815	0.001226993865030675	634	11	3015	0.003648424543946932
CUFF_NC.8331	4	13069033	13069836	+	0	0	0		35	1	116	0.008620689655172414	183	3	657	0.0045662100456621
CUFF_NC.8333	4	13078880	13079555	+	0	0	0		22	0	83	0.0	160	1	628	0.0015923566878980893
CUFF_NC.8334	4	13082615	13083315	+	0	0	0		41	0	219	0.0	185	0	824	0.0
CUFF_NC.8338	4	13088041	13088752	-	0	0	0		30	0	115	0.0	164	1	709	0.0014104372355430183
CUFF_NC.8339	4	13098304	13101692	+	0	0	0		194	4	922	0.004338394793926247	917	11	4238	0.0025955639452571967
CUFF_NC.8337	4	13102807	13104103	+	0	0	0		111	2	457	0.00437636761487965	360	2	1310	0.0015267175572519084
CUFF_NC.8335	4	13110828	13111755	+	0	0	0		52	1	270	0.003703703703703704	293	2	1202	0.0016638935108153079
CUFF_NC.8336	4	13111912	13112343	+	0	0	0		19	0	64	0.0	142	1	309	0.003236245954692557
CUFF_NC.8341	4	13133471	13133894	-	0	0	0		28	0	161	0.0	100	1	567	0.001763668430335097
CUFF_NC.8342	4	13134323	13134768	-	0	0	0		28	0	111	0.0	133	3	496	0.006048387096774193
CUFF_NC.8340	4	13135710	13137861	-	0	0	0		106	1	462	0.0021645021645021645	600	8	2299	0.0034797738147020443
CUFF_NC.8344	4	13162826	13163505	-	0	0	0		25	0	77	0.0	151	1	433	0.0023094688221709007
CUFF_NC.8343	4	13167895	13169178	-	0	0	0		78	0	388	0.0	363	6	1881	0.003189792663476874
CUFF_NC.8345	4	13173846	13174437	+	0	0	0		44	0	205	0.0	155	1	700	0.0014285714285714286
CUFF_NC.8347	4	13184089	13184367	-	0	0	0		29	0	101	0.0	68	0	178	0.0
CUFF_NC.8348	4	13189181	13190316	-	0	0	0		62	1	276	0.0036231884057971015	337	3	1403	0.0021382751247327157
CUFF_NC.8349	4	13192632	13193317	+	0	0	0		61	1	314	0.0031847133757961785	167	2	734	0.0027247956403269754
CUFF_NC.8346	4	13197049	13197975	-	0	0	0		62	0	274	0.0	243	1	1341	0.0007457121551081282
CUFF_NC.8351	4	13220038	13221320	+	0	0	0		76	1	272	0.003676470588235294	329	5	1416	0.0035310734463276836
CUFF_NC.8350	4	13223045	13224100	+	0	0	0		30	1	181	0.0055248618784530384	231	2	1277	0.0015661707126076742
CUFF_NC.8359	4	13248507	13249242	-	0	0	0		12	0	73	0.0	185	2	1325	0.0015094339622641509
CUFF_NC.8352	4	13282406	13283237	-	0	0	0		65	2	292	0.00684931506849315	227	1	1004	0.00099601593625498
CUFF_NC.8360	4	13294744	13298941	-	0	0	0		149	15	931	0.01611170784103115	972	26	5683	0.004575048389934893
CUFF_NC.8361	4	13295675	13296186	-	0	0	0		19	8	116	0.06896551724137931	132	11	950	0.011578947368421053
CUFF_NC.8355	4	13309390	13311737	+	0	0	0		180	7	937	0.007470651013874066	644	9	3293	0.002733070148800486
CUFF_NC.8356	4	13312641	13313046	+	0	0	0		21	0	97	0.0	94	1	404	0.0024752475247524753
CUFF_NC.8354	4	13315831	13316116	+	0	0	0		31	0	157	0.0	74	1	318	0.0031446540880503146
CUFF_NC.8353	4	13317198	13317621	+	0	0	0		21	0	63	0.0	110	0	357	0.0
CUFF_NC.8357	4	13318668	13319354	-	0	0	0		51	0	195	0.0	151	0	535	0.0
CUFF_NC.8363	4	13344815	13346559	+	0	0	0		116	3	552	0.005434782608695652	488	3	2084	0.0014395393474088292
CUFF_NC.8366	4	13357992	13358269	+	0	0	0		26	0	121	0.0	74	1	397	0.0025188916876574307
CUFF_NC.8367	4	13358370	13359695	+	0	0	0		116	3	556	0.00539568345323741	364	4	1682	0.0023781212841854932
CUFF_NC.8364	4	13361995	13362566	-	0	0	0		43	2	278	0.007194244604316547	133	1	787	0.0012706480304955528
CUFF_NC.8365	4	13363228	13364243	-	0	0	0		97	5	461	0.010845986984815618	294	3	1178	0.0025466893039049238
CUFF_NC.8362	4	13365608	13366548	-	0	0	0		68	1	339	0.0029498525073746312	283	5	1265	0.003952569169960474
CUFF_NC.8373	4	13372558	13373109	+	0	0	0		39	0	136	0.0	145	1	487	0.002053388090349076
CUFF_NC.8374	4	13375586	13376262	+	0	0	0		51	0	198	0.0	166	1	613	0.0016313213703099511
CUFF_NC.8378	4	13388024	13390322	-	0	0	0		182	1	727	0.001375515818431912	676	13	2642	0.004920514761544285
CUFF_NC.8368	4	13393483	13394163	-	0	0	0		20	1	115	0.008695652173913044	179	2	1143	0.0017497812773403325
CUFF_NC.8369	4	13395414	13398178	+	0	0	0		225	0	960	0.0	694	10	2933	0.0034094783498124785
CUFF_NC.8371	4	13407849	13408430	+	0	0	0		33	1	190	0.005263157894736842	152	3	826	0.0036319612590799033
CUFF_NC.8370	4	13411690	13412109	+	0	0	0		28	1	175	0.005714285714285714	114	0	642	0.0
CUFF_NC.8372	4	13413547	13416178	+	0	0	0		184	1	846	0.001182033096926714	798	7	3612	0.001937984496124031
CUFF_NC.8375	4	13421916	13423786	-	0	0	0		104	2	616	0.003246753246753247	527	6	2924	0.002051983584131327
CUFF_NC.8376	4	13429250	13430722	+	0	0	0		110	2	552	0.0036231884057971015	397	5	1958	0.002553626149131767
CUFF_NC.8377	4	13433844	13434926	+	0	0	0		66	0	316	0.0	331	0	1170	0.0
CUFF_NC.8380	4	13440175	13440974	+	0	0	0		43	0	151	0.0	209	2	945	0.0021164021164021165
CUFF_NC.8379	4	13453714	13454668	-	0	0	0		54	1	291	0.003436426116838488	240	3	1201	0.002497918401332223
CUFF_NC.8381	4	13483594	13484714	-	0	0	0		71	0	420	0.0	306	4	1626	0.0024600246002460025
CUFF_NC.8382	4	13487208	13489637	-	0	0	0		177	2	828	0.0024154589371980675	639	12	3296	0.0036407766990291263
CUFF_NC.8383	4	13510797	13511210	+	0	0	0		12	0	73	0.0	103	1	605	0.001652892561983471
CUFF_NC.8384	4	13511766	13513283	-	0	0	0		96	2	484	0.004132231404958678	367	3	1541	0.001946787800129786
CUFF_NC.8387	4	13527484	13528980	-	0	0	0		103	1	379	0.002638522427440633	405	4	1360	0.0029411764705882353
CUFF_NC.8386	4	13532228	13532697	+	0	0	0		28	0	134	0.0	127	2	536	0.0037313432835820895
CUFF_NC.8385	4	13533493	13534545	+	0	0	0		41	0	197	0.0	283	2	1382	0.001447178002894356
CUFF_NC.8388	4	13550344	13550751	+	0	0	0		27	0	108	0.0	101	3	402	0.007462686567164179
CUFF_NC.8400	4	13574773	13575467	+	0	0	0		26	0	244	0.0	176	4	1866	0.0021436227224008574
CUFF_NC.8401	4	13577130	13578693	+	0	0	0		87	1	665	0.0015037593984962407	341	6	2347	0.0025564550489987218
CUFF_NC.8406	4	13591635	13592743	-	0	0	0		53	1	359	0.002785515320334262	317	6	2270	0.0026431718061674008
CUFF_NC.8390	4	13612129	13614274	-	0	0	0		119	6	473	0.012684989429175475	592	6	2630	0.0022813688212927757
CUFF_NC.8389	4	13619996	13621208	+	0	0	0		59	0	351	0.0	318	2	1882	0.0010626992561105207
CUFF_NC.8392	4	13640130	13640803	-	0	0	0		49	1	190	0.005263157894736842	175	4	629	0.006359300476947536
CUFF_NC.8393	4	13640930	13641781	-	0	0	0		50	0	165	0.0	214	2	713	0.002805049088359046
CUFF_NC.8391	4	13655367	13656053	-	0	0	0		43	1	186	0.005376344086021506	200	1	783	0.001277139208173691
CUFF_NC.8394	4	13661338	13663570	+	0	0	0		149	2	669	0.0029895366218236174	606	5	2943	0.0016989466530750934
CUFF_NC.8395	4	13663633	13664606	+	0	0	0		46	2	259	0.007722007722007722	253	4	1167	0.003427592116538132
CUFF_NC.8396	4	13673808	13674318	-	0	0	0		10	0	77	0.0	116	2	774	0.002583979328165375
CUFF_NC.8397	4	13675492	13676966	-	0	0	0		77	1	274	0.0036496350364963502	331	4	1030	0.003883495145631068
CUFF_NC.8398	4	13679761	13680926	+	0	0	0		73	1	252	0.003968253968253968	340	4	1193	0.003352891869237217
CUFF_NC.8402	4	13707713	13708742	+	0	0	0		66	2	266	0.007518796992481203	232	1	880	0.0011363636363636363
CUFF_NC.8399	4	13716364	13717776	+	0	0	0		47	1	205	0.004878048780487805	354	6	1618	0.003708281829419036
CUFF_NC.8405	4	13720319	13722775	-	0	0	0		196	3	830	0.0036144578313253013	657	7	2445	0.0028629856850715747
CUFF_NC.8404	4	13724082	13724865	-	0	0	0		52	0	258	0.0	206	5	1042	0.0047984644913627635
CUFF_NC.8403	4	13733070	13734286	-	0	0	0		96	0	303	0.0	287	5	881	0.0056753688989784334
CUFF_NC.8408	4	13766553	13767942	+	0	0	0		100	2	480	0.004166666666666667	383	9	1904	0.004726890756302521
CUFF_NC.8407	4	13774222	13774903	+	0	0	0		55	1	311	0.003215434083601286	180	3	755	0.003973509933774834
CUFF_NC.8411	4	13784678	13785100	+	0	0	0		23	0	93	0.0	139	1	466	0.002145922746781116
CUFF_NC.8412	4	13785645	13786325	+	0	0	0		78	2	391	0.005115089514066497	194	6	807	0.007434944237918215
CUFF_NC.8413	4	13787932	13788452	+	0	0	0		38	0	162	0.0	133	2	497	0.004024144869215292
CUFF_NC.8409	4	13789030	13789985	+	0	0	0		97	0	379	0.0	276	6	1122	0.0053475935828877
CUFF_NC.8414	4	13807410	13807852	+	0	0	0		39	0	189	0.0	103	0	479	0.0
CUFF_NC.8410	4	13809697	13810380	-	0	0	0		35	0	138	0.0	158	0	510	0.0
CUFF_NC.8415	4	13816514	13817266	+	0	0	0		38	0	181	0.0	206	0	827	0.0
CUFF_NC.8424	4	13828318	13831373	-	0	0	0		147	2	655	0.0030534351145038168	801	6	3480	0.0017241379310344827
CUFF_NC.8416	4	13838943	13839771	-	0	0	0		18	0	88	0.0	125	3	496	0.006048387096774193
CUFF_NC.8417	4	13847466	13849788	-	0	0	0		176	0	770	0.0	658	9	2797	0.0032177332856632105
CUFF_NC.8418	4	13853336	13854116	+	0	0	0		62	0	256	0.0	206	4	704	0.005681818181818182
CUFF_NC.8420	4	13859067	13863527	+	0	0	0		175	2	1017	0.0019665683382497543	978	15	5439	0.0027578599007170436
CUFF_NC.8421	4	13864959	13866540	+	0	0	0		81	0	391	0.0	385	5	1639	0.003050640634533252
CUFF_NC.8419	4	13881050	13882829	-	0	0	0		115	0	434	0.0	377	8	1417	0.0056457304163726185
CUFF_NC.8423	4	13893717	13894435	-	0	0	0		34	0	180	0.0	173	1	836	0.0011961722488038277
CUFF_NC.8422	4	13909566	13910978	+	0	0	0		100	0	335	0.0	330	2	1213	0.0016488046166529267
CUFF_NC.8425	4	13921689	13922472	-	0	0	0		50	1	332	0.0030120481927710845	206	0	905	0.0
CUFF_NC.8426	4	13923960	13924711	+	0	0	0		67	0	269	0.0	206	2	804	0.0024875621890547263
CUFF_NC.8430	4	13940646	13941176	-	0	0	0		20	0	94	0.0	134	2	503	0.003976143141153081
CUFF_NC.8429	4	13942668	13943598	+	0	0	0		66	2	358	0.00558659217877095	247	3	1231	0.002437043054427295
CUFF_NC.8438	4	13959795	13960803	-	0	0	0		48	0	230	0.0	218	1	1009	0.0009910802775024777
CUFF_NC.8427	4	13963804	13964552	+	0	0	0		18	0	75	0.0	210	2	996	0.002008032128514056
CUFF_NC.8428	4	13966027	13967041	+	0	0	0		79	0	286	0.0	239	1	816	0.0012254901960784314
CUFF_NC.8431	4	13970624	13971037	+	0	0	0		10	0	58	0.0	106	3	621	0.004830917874396135
CUFF_NC.8437	4	13979179	13979864	+	0	0	0		20	0	128	0.0	167	3	860	0.0034883720930232558
CUFF_NC.8436	4	13979542	13981536	-	0	0	0		91	0	478	0.0	530	7	2883	0.002428026361429067
CUFF_NC.8432	4	13982989	13983427	+	0	0	0		46	0	166	0.0	99	2	339	0.0058997050147492625
CUFF_NC.8435	4	13984647	13985476	-	0	0	0		16	0	72	0.0	219	4	913	0.004381161007667032
CUFF_NC.8439	4	13997724	13999977	+	0	0	0		111	1	538	0.0018587360594795538	578	5	2582	0.0019364833462432224
CUFF_NC.8440	4	14000382	14000787	+	0	0	0		28	0	103	0.0	136	1	470	0.002127659574468085
CUFF_NC.8433	4	14004242	14006378	-	0	0	0		151	1	746	0.0013404825737265416	575	2	2779	0.0007196833393306944
CUFF_NC.8434	4	14007543	14008271	+	0	0	0		47	0	187	0.0	198	3	721	0.004160887656033287
CUFF_NC.8443	4	14015828	14016676	-	0	0	0		103	2	356	0.0056179775280898875	271	0	808	0.0
CUFF_NC.8442	4	14022228	14025340	+	0	0	0		154	2	744	0.002688172043010753	777	14	3851	0.003635419371591794
CUFF_NC.8441	4	14026748	14027335	-	0	0	0		42	3	142	0.02112676056338028	171	1	528	0.001893939393939394
CUFF_NC.8444	4	14135642	14139076	+	0	0	0		222	1	1055	0.0009478672985781991	908	13	4152	0.0031310211946050095
CUFF_NC.8445	4	14155120	14155502	-	0	0	0		29	0	167	0.0	102	0	587	0.0
CUFF_NC.8446	4	14160219	14160704	-	0	0	0		45	1	130	0.007692307692307693	144	1	415	0.0024096385542168677
CUFF_NC.8449	4	14169275	14170068	-	0	0	0		64	1	271	0.0036900369003690036	228	2	972	0.00205761316872428
CUFF_NC.8463	4	14178818	14179349	-	0	0	0		40	0	180	0.0	155	2	637	0.0031397174254317113
CUFF_NC.8464	4	14179897	14180245	-	0	0	0		45	2	261	0.007662835249042145	85	3	488	0.006147540983606557
CUFF_NC.8451	4	14210713	14211172	-	0	0	0		34	2	160	0.0125	142	3	677	0.004431314623338257
CUFF_NC.8450	4	14212353	14212655	+	0	0	0		23	0	111	0.0	89	0	405	0.0
CUFF_NC.8447	4	14215697	14216742	-	0	0	0		66	1	304	0.003289473684210526	262	2	1020	0.00196078431372549
CUFF_NC.8448	4	14219037	14220386	-	0	0	0		102	1	443	0.002257336343115124	357	4	1545	0.0025889967637540453
CUFF_NC.8457	4	14232431	14232778	-	0	0	0		26	0	171	0.0	91	0	564	0.0
CUFF_NC.8458	4	14249035	14254355	-	0	0	0		311	16	1541	0.010382868267358857	1156	33	5846	0.005644885391720835
CUFF_NC.8459	4	14250294	14250701	-	0	0	0		1	13	15	0.8666666666666667	9	7	102	0.06862745098039216
CUFF_NC.8452	4	14257228	14257740	+	0	0	0		44	0	204	0.0	116	2	550	0.0036363636363636364
CUFF_NC.8456	4	14266220	14266719	+	0	0	0		41	1	157	0.006369426751592357	112	2	406	0.0049261083743842365
CUFF_NC.8453	4	14272287	14272847	+	0	0	0		18	13	89	0.14606741573033707	118	11	580	0.01896551724137931
CUFF_NC.8454	4	14273930	14274675	-	0	0	0		18	0	93	0.0	196	2	1067	0.0018744142455482662
CUFF_NC.8455	4	14276434	14277051	-	0	0	0		36	0	117	0.0	159	1	607	0.0016474464579901153
CUFF_NC.8461	4	14317982	14319098	-	0	0	0		100	1	409	0.0024449877750611247	355	5	1307	0.0038255547054322878
CUFF_NC.8466	4	14341704	14342285	-	0	0	0		16	0	90	0.0	178	3	755	0.003973509933774834
CUFF_NC.8460	4	14368830	14370419	-	0	0	0		112	0	402	0.0	393	2	1093	0.0018298261665141812
CUFF_NC.8462	4	14379661	14380436	-	0	0	0		84	0	346	0.0	178	1	779	0.0012836970474967907
CUFF_NC.8467	4	14398788	14399714	+	0	0	0		2	0	2	0.0	19	0	19	0.0
CUFF_NC.8468	4	14423028	14423707	+	0	0	0		38	0	203	0.0	138	3	761	0.003942181340341655
CUFF_NC.8469	4	14436977	14438235	+	0	0	0		47	1	176	0.005681818181818182	318	4	1282	0.0031201248049922
CUFF_NC.8470	4	14450027	14450874	-	0	0	0		65	1	282	0.0035460992907801418	216	4	953	0.004197271773347324
CUFF_NC.8473	4	14474934	14476222	+	0	0	0		115	0	482	0.0	364	3	1630	0.0018404907975460123
CUFF_NC.8471	4	14482942	14485842	+	0	0	0		151	1	599	0.001669449081803005	756	7	3104	0.0022551546391752575
CUFF_NC.8472	4	14485943	14486874	+	0	0	0		55	0	421	0.0	242	5	1773	0.0028200789622109417
CUFF_NC.8476	4	14497673	14498086	-	0	0	0		22	0	119	0.0	107	1	553	0.0018083182640144665
CUFF_NC.8474	4	14538372	14539484	+	0	0	0		80	0	378	0.0	312	7	1396	0.00501432664756447
CUFF_NC.8479	4	14541070	14545355	+	0	0	0		276	5	1421	0.003518648838845883	1108	12	5440	0.0022058823529411764
CUFF_NC.8475	4	14546280	14547656	+	0	0	0		62	6	303	0.019801980198019802	339	12	1521	0.007889546351084813
CUFF_NC.8478	4	14554353	14555101	+	0	0	0		53	1	189	0.005291005291005291	228	2	859	0.002328288707799767
CUFF_NC.8477	4	14564776	14565250	+	0	0	0		20	0	83	0.0	101	0	459	0.0
CUFF_NC.8480	4	14569877	14570886	-	0	0	0		57	2	286	0.006993006993006993	254	3	1075	0.0027906976744186047
CUFF_NC.8481	4	14572495	14572993	-	0	0	0		41	1	194	0.005154639175257732	120	1	523	0.0019120458891013384
CUFF_NC.8482	4	14574339	14576899	-	0	0	0		151	3	679	0.004418262150220913	657	9	3018	0.002982107355864811
CUFF_NC.8486	4	14591442	14592677	+	0	0	0		102	2	378	0.005291005291005291	292	4	1037	0.003857280617164899
CUFF_NC.8483	4	14626982	14627819	+	0	0	0		30	0	182	0.0	233	4	1480	0.002702702702702703
CUFF_NC.8487	4	14652988	14653552	+	0	0	0		29	0	152	0.0	142	2	705	0.0028368794326241137
CUFF_NC.8485	4	14682159	14683729	+	0	0	0		87	0	361	0.0	410	0	1688	0.0
CUFF_NC.8484	4	14684078	14685098	-	0	0	0		35	0	190	0.0	234	3	1288	0.002329192546583851
CUFF_NC.8488	4	14688376	14689067	+	0	0	0		25	1	154	0.006493506493506494	185	6	982	0.006109979633401222
CUFF_NC.8493	4	14720348	14723231	+	0	0	0		258	1	1241	0.0008058017727639	863	17	4038	0.004210004952947003
CUFF_NC.8489	4	14790301	14791536	+	0	0	0		40	0	219	0.0	260	6	1460	0.00410958904109589
CUFF_NC.8490	4	14811251	14813222	+	0	0	0		101	1	417	0.002398081534772182	533	4	2274	0.001759014951627089
CUFF_NC.8492	4	14820579	14824789	+	0	0	0		112	2	772	0.0025906735751295338	967	25	6186	0.0040413837698027805
CUFF_NC.8491	4	14830857	14831664	+	0	0	0		54	3	305	0.009836065573770493	214	3	1149	0.0026109660574412533
CUFF_NC.8494	4	14858622	14859488	+	0	0	0		44	1	189	0.005291005291005291	214	3	846	0.0035460992907801418
CUFF_NC.8497	4	14866756	14868605	-	0	0	0		105	2	525	0.0038095238095238095	527	5	1976	0.0025303643724696357
CUFF_NC.8495	4	14871183	14871991	+	0	0	0		33	0	152	0.0	182	1	969	0.0010319917440660474
CUFF_NC.8496	4	14881968	14883499	+	0	0	0		124	2	518	0.003861003861003861	370	4	1541	0.0025957170668397143
CUFF_NC.8500	4	14897882	14898329	-	0	0	0		18	1	87	0.011494252873563218	131	3	612	0.004901960784313725
CUFF_NC.8498	4	14916962	14917777	-	0	0	0		30	3	185	0.016216216216216217	209	1	1205	0.0008298755186721991
CUFF_NC.8499	4	14920493	14920894	-	0	0	0		22	0	115	0.0	104	2	529	0.003780718336483932
CUFF_NC.8501	4	14939597	14940421	+	0	0	0		55	1	209	0.004784688995215311	238	1	762	0.0013123359580052493
CUFF_NC.8503	4	14946981	14948073	-	0	0	0		87	1	409	0.0024449877750611247	282	1	1341	0.0007457121551081282
CUFF_NC.8502	4	14956314	14956768	+	0	0	0		13	0	87	0.0	116	0	621	0.0
CUFF_NC.8508	4	14958685	14959486	+	0	0	0		63	0	237	0.0	274	2	1151	0.0017376194613379669
CUFF_NC.8506	4	14965513	14966013	+	0	0	0		37	1	217	0.004608294930875576	147	4	824	0.0048543689320388345
CUFF_NC.8509	4	14976066	14981766	+	0	0	0		145	106	733	0.1446111869031378	775	100	4246	0.023551577955723033
CUFF_NC.8510	4	14979273	14979952	+	0	0	0		7	0	7	0.0	8	0	8	0.0
CUFF_NC.8504	4	14985866	14986446	+	0	0	0		22	0	144	0.0	177	4	1186	0.003372681281618887
CUFF_NC.8512	4	14997778	14999009	+	0	0	0		56	1	265	0.0037735849056603774	301	4	1350	0.002962962962962963
CUFF_NC.8513	4	15008004	15008373	-	0	0	0		33	2	218	0.009174311926605505	116	5	631	0.00792393026941363
CUFF_NC.8507	4	15011674	15012417	-	0	0	0		38	0	206	0.0	214	3	1134	0.0026455026455026454
CUFF_NC.8520	4	15027576	15028970	-	0	0	0		67	0	269	0.0	350	4	1502	0.002663115845539281
CUFF_NC.8523	4	15044524	15048794	+	0	0	0		338	4	1448	0.0027624309392265192	1108	12	4711	0.0025472298874973467
CUFF_NC.8518	4	15055318	15056598	-	0	0	0		84	6	325	0.018461538461538463	391	3	1402	0.0021398002853067048
CUFF_NC.8516	4	15060644	15061263	+	0	0	0		18	0	113	0.0	165	1	994	0.001006036217303823
CUFF_NC.8515	4	15064060	15064584	-	0	0	0		26	2	127	0.015748031496062992	126	2	607	0.0032948929159802307
CUFF_NC.8517	4	15067754	15068948	-	0	0	0		74	0	369	0.0	299	7	1389	0.005039596832253419
CUFF_NC.8521	4	15080113	15081724	+	0	0	0		72	0	382	0.0	380	5	1837	0.0027218290691344584
CUFF_NC.8528	4	15110288	15111090	+	0	0	0		25	0	95	0.0	206	5	774	0.006459948320413436
CUFF_NC.8529	4	15110395	15110917	-	0	0	0		12	0	64	0.0	140	4	595	0.0067226890756302525
CUFF_NC.8519	4	15113241	15114118	+	0	0	0		65	0	299	0.0	258	1	1078	0.0009276437847866419
CUFF_NC.8524	4	15121156	15121683	-	0	0	0		39	0	182	0.0	146	2	581	0.0034423407917383822
CUFF_NC.8525	4	15125752	15129618	-	0	0	0		243	2	1079	0.0018535681186283596	976	12	4158	0.002886002886002886
CUFF_NC.8526	4	15127126	15128239	-	0	0	0		74	1	275	0.0036363636363636364	281	1	1009	0.0009910802775024777
CUFF_NC.8522	4	15137069	15137424	+	0	0	0		26	0	121	0.0	109	0	495	0.0
CUFF_NC.8539	4	15153729	15154478	+	0	0	0		75	1	345	0.002898550724637681	203	4	919	0.004352557127312296
CUFF_NC.8541	4	15165918	15166707	-	0	0	0		72	1	247	0.004048582995951417	236	2	881	0.0022701475595913734
CUFF_NC.8530	4	15182512	15183079	+	0	0	0		31	0	143	0.0	158	5	724	0.006906077348066298
CUFF_NC.8533	4	15202530	15203409	-	0	0	0		43	3	201	0.014925373134328358	231	5	965	0.0051813471502590676
CUFF_NC.8531	4	15209928	15210502	+	0	0	0		45	1	237	0.004219409282700422	155	0	766	0.0
CUFF_NC.8532	4	15211391	15212026	-	0	0	0		49	1	172	0.005813953488372093	157	2	540	0.003703703703703704
CUFF_NC.8535	4	15218212	15219154	-	0	0	0		15	0	26	0.0	88	0	156	0.0
CUFF_NC.8534	4	15232285	15232952	+	0	0	0		17	0	129	0.0	177	5	1155	0.004329004329004329
CUFF_NC.8537	4	15244391	15244762	-	0	0	0		44	0	210	0.0	104	0	487	0.0
CUFF_NC.8536	4	15260656	15261212	+	0	0	0		57	0	253	0.0	128	2	574	0.003484320557491289
CUFF_NC.8546	4	15264132	15271223	-	0	0	0		478	14	2131	0.00656968559361802	1920	25	8403	0.0029751279305010115
CUFF_NC.8547	4	15266415	15272234	-	0	0	0		358	5	1555	0.003215434083601286	1554	21	6811	0.003083247687564234
CUFF_NC.8538	4	15273559	15275475	+	0	0	0		123	0	528	0.0	555	7	2258	0.003100088573959256
CUFF_NC.8540	4	15309898	15310691	+	0	0	0		54	1	240	0.004166666666666667	241	0	925	0.0
CUFF_NC.8542	4	15328112	15328841	-	0	0	0		37	122	171	0.7134502923976608	201	96	804	0.11940298507462686
CUFF_NC.8543	4	15350204	15351610	-	0	0	0		99	1	425	0.002352941176470588	418	4	1965	0.002035623409669211
CUFF_NC.8544	4	15361121	15361742	-	0	0	0		34	0	100	0.0	170	2	506	0.003952569169960474
CUFF_NC.8545	4	15372015	15372936	+	0	0	0		44	0	201	0.0	232	3	1181	0.002540220152413209
CUFF_NC.8549	4	15377792	15378657	-	0	0	0		52	1	218	0.0045871559633027525	260	3	1174	0.002555366269165247
CUFF_NC.8548	4	15383217	15383526	-	0	0	0		16	0	94	0.0	81	0	466	0.0
CUFF_NC.8550	4	15390756	15392044	+	0	0	0		93	1	392	0.002551020408163265	368	2	1405	0.0014234875444839859
CUFF_NC.8551	4	15393589	15394506	+	0	0	0		33	0	84	0.0	226	1	720	0.001388888888888889
CUFF_NC.8553	4	15403571	15404370	-	0	0	0		57	1	278	0.0035971223021582736	230	5	963	0.005192107995846314
CUFF_NC.8552	4	15406656	15407035	+	0	0	0		31	0	191	0.0	102	3	591	0.005076142131979695
CUFF_NC.8555	4	15419207	15419923	+	0	0	0		58	1	268	0.0037313432835820895	207	0	893	0.0
CUFF_NC.8556	4	15428420	15429124	+	0	0	0		48	1	147	0.006802721088435374	139	2	378	0.005291005291005291
CUFF_NC.8559	4	15443209	15443485	-	0	0	0		18	0	96	0.0	90	2	480	0.004166666666666667
CUFF_NC.8557	4	15453255	15454087	-	0	0	0		48	1	252	0.003968253968253968	238	6	1198	0.005008347245409015
CUFF_NC.8558	4	15457534	15458648	-	0	0	0		58	0	291	0.0	274	1	1386	0.0007215007215007215
CUFF_NC.8565	4	15475582	15475911	+	0	0	0		20	0	74	0.0	64	0	261	0.0
CUFF_NC.8567	4	15482188	15482556	-	0	0	0		50	0	261	0.0	102	5	522	0.009578544061302681
CUFF_NC.8560	4	15485707	15486162	+	0	0	0		22	0	92	0.0	118	1	448	0.002232142857142857
CUFF_NC.8561	4	15487657	15489238	-	0	0	0		110	1	470	0.002127659574468085	362	5	1534	0.003259452411994785
CUFF_NC.8562	4	15490549	15491734	-	0	0	0		94	0	369	0.0	236	4	958	0.0041753653444676405
CUFF_NC.8563	4	15492772	15493215	-	0	0	0		26	1	106	0.009433962264150943	125	2	468	0.004273504273504274
CUFF_NC.8564	4	15493986	15494682	-	0	0	0		59	0	236	0.0	175	4	637	0.006279434850863423
CUFF_NC.8566	4	15501908	15502725	-	0	0	0		66	0	363	0.0	220	3	1208	0.0024834437086092716
CUFF_NC.8568	4	15528333	15529388	-	0	0	0		64	1	271	0.0036900369003690036	294	3	1125	0.0026666666666666666
CUFF_NC.8569	4	15542906	15543208	+	0	0	0		11	0	44	0.0	90	0	432	0.0
CUFF_NC.8578	4	15558704	15559660	+	0	0	0		46	0	186	0.0	122	2	477	0.0041928721174004195
CUFF_NC.8570	4	15585945	15587166	-	0	0	0		78	0	298	0.0	377	4	1334	0.0029985007496251873
CUFF_NC.8571	4	15589656	15591253	+	0	0	0		103	0	354	0.0	390	4	1325	0.0030188679245283017
CUFF_NC.8577	4	15610606	15612096	-	0	0	0		102	0	447	0.0	434	8	2002	0.003996003996003996
CUFF_NC.8576	4	15613156	15614592	+	0	0	0		69	3	352	0.008522727272727272	388	9	1933	0.0046559751681324365
CUFF_NC.8572	4	15631064	15631621	-	0	0	0		17	1	54	0.018518518518518517	89	2	457	0.00437636761487965
CUFF_NC.8575	4	15638402	15639273	-	0	0	0		54	0	200	0.0	238	0	830	0.0
CUFF_NC.8573	4	15667468	15668465	-	0	0	0		51	0	308	0.0	260	1	1390	0.0007194244604316547
CUFF_NC.8574	4	15667708	15668196	+	0	0	0		35	0	177	0.0	152	0	714	0.0
CUFF_NC.8579	4	15675975	15677081	-	0	0	0		68	1	255	0.00392156862745098	249	0	912	0.0
CUFF_NC.8580	4	15686450	15686998	+	0	0	0		42	0	186	0.0	156	1	715	0.0013986013986013986
CUFF_NC.8581	4	15691910	15692249	+	0	0	0		24	0	151	0.0	90	2	537	0.0037243947858473
CUFF_NC.8590	4	15739837	15740474	-	0	0	0		65	0	354	0.0	179	7	979	0.007150153217568948
CUFF_NC.8587	4	15749495	15750694	-	0	0	0		90	3	466	0.006437768240343348	289	6	1378	0.0043541364296081275
CUFF_NC.8586	4	15762519	15762957	+	0	0	0		37	0	174	0.0	104	3	483	0.006211180124223602
CUFF_NC.8582	4	15779877	15781112	-	0	0	0		75	1	265	0.0037735849056603774	182	2	548	0.0036496350364963502
CUFF_NC.8583	4	15783472	15784370	-	0	0	0		38	37	233	0.15879828326180256	222	10	1461	0.006844626967830253
CUFF_NC.8584	4	15785519	15786084	-	0	0	0		22	0	113	0.0	132	2	653	0.0030627871362940277
CUFF_NC.8591	4	15790201	15790606	-	0	0	0		15	0	60	0.0	92	1	281	0.0035587188612099642
CUFF_NC.8585	4	15815632	15818271	+	0	0	0		85	13	409	0.03178484107579462	565	52	2891	0.017986855759252855
CUFF_NC.8592	4	15828144	15828660	-	0	0	0		27	0	93	0.0	150	3	648	0.004629629629629629
CUFF_NC.8588	4	15862174	15862698	-	0	0	0		31	0	127	0.0	125	0	456	0.0
CUFF_NC.8589	4	15875315	15876612	-	0	0	0		87	2	380	0.005263157894736842	325	8	1296	0.006172839506172839
CUFF_NC.8593	4	15886586	15887078	-	0	0	0		27	0	139	0.0	135	1	747	0.0013386880856760374
CUFF_NC.8597	4	15895382	15896312	+	0	0	0		80	1	399	0.002506265664160401	236	2	925	0.002162162162162162
CUFF_NC.8594	4	15899795	15900162	-	0	0	0		29	0	144	0.0	104	2	502	0.00398406374501992
CUFF_NC.8598	4	15910889	15911890	+	0	0	0		104	0	483	0.0	271	3	1286	0.0023328149300155523
CUFF_NC.8595	4	15916708	15917388	+	0	0	0		35	2	191	0.010471204188481676	177	2	962	0.002079002079002079
CUFF_NC.8596	4	15919506	15920546	-	0	0	0		55	0	226	0.0	272	7	1508	0.004641909814323607
CUFF_NC.8599	4	15950151	15951053	-	0	0	0		59	1	290	0.0034482758620689655	228	0	1075	0.0
CUFF_NC.8600	4	15952431	15954926	+	0	0	0		184	2	888	0.0022522522522522522	678	10	3010	0.0033222591362126247
CUFF_NC.8601	4	15973114	15976511	+	0	0	0		150	1	875	0.001142857142857143	815	19	4488	0.004233511586452763
CUFF_NC.8602	4	15974173	15975109	+	0	0	0		47	0	249	0.0	200	6	998	0.006012024048096192
CUFF_NC.8604	4	15989679	15990104	+	0	0	0		22	0	125	0.0	119	3	746	0.004021447721179625
CUFF_NC.8603	4	15991844	15992269	-	0	0	0		11	1	48	0.020833333333333332	104	3	631	0.004754358161648178
CUFF_NC.8606	4	15999998	16000765	-	0	0	0		45	0	192	0.0	185	2	785	0.0025477707006369425
CUFF_NC.8607	4	16001246	16001687	-	0	0	0		21	0	83	0.0	120	1	542	0.0018450184501845018
CUFF_NC.8605	4	16026521	16027500	+	0	0	0		71	1	315	0.0031746031746031746	262	3	1196	0.002508361204013378
CUFF_NC.8615	4	16037763	16039046	+	0	0	0		48	2	274	0.0072992700729927005	312	7	1861	0.0037614185921547557
CUFF_NC.8609	4	16042231	16045713	+	0	0	0		161	3	735	0.004081632653061225	588	11	2543	0.004325599685410932
CUFF_NC.8610	4	16042503	16046106	+	0	0	0		174	3	688	0.00436046511627907	605	11	2445	0.004498977505112475
CUFF_NC.8608	4	16058040	16059530	-	0	0	0		59	126	187	0.6737967914438503	291	96	1007	0.09533267130089375
CUFF_NC.8611	4	16065884	16066829	+	0	0	0		56	0	297	0.0	208	3	1068	0.0028089887640449437
CUFF_NC.8652	4	16107935	16108722	+	0	0	0		39	0	199	0.0	209	3	952	0.0031512605042016808
CUFF_NC.8653	4	16110914	16112673	+	0	0	0		100	3	528	0.005681818181818182	477	7	2325	0.003010752688172043
CUFF_NC.8654	4	16114488	16115227	+	0	0	0		72	2	364	0.005494505494505495	200	1	994	0.001006036217303823
CUFF_NC.8612	4	16135083	16135886	-	0	0	0		15	0	41	0.0	156	0	394	0.0
CUFF_NC.8613	4	16136606	16138225	-	0	0	0		61	2	372	0.005376344086021506	452	7	2392	0.002926421404682274
CUFF_NC.8614	4	16159767	16160276	+	0	0	0		29	1	124	0.008064516129032258	143	0	606	0.0
CUFF_NC.8616	4	16174946	16175387	-	0	0	0		26	0	167	0.0	118	3	684	0.0043859649122807015
CUFF_NC.8620	4	16195800	16196652	+	0	0	0		54	1	302	0.0033112582781456954	211	2	966	0.002070393374741201
CUFF_NC.8618	4	16200214	16202733	+	0	0	0		133	3	700	0.004285714285714286	603	20	3246	0.0061614294516327784
CUFF_NC.8619	4	16202817	16203609	+	0	0	0		39	0	233	0.0	174	1	876	0.001141552511415525
CUFF_NC.8617	4	16214323	16215035	+	0	0	0		60	2	236	0.00847457627118644	162	0	689	0.0
CUFF_NC.8623	4	16224381	16232039	+	0	0	0		425	7	1969	0.0035551041137633316	2048	32	9990	0.0032032032032032033
CUFF_NC.8621	4	16234452	16236002	+	0	0	0		132	2	527	0.003795066413662239	399	6	1530	0.00392156862745098
CUFF_NC.8622	4	16250271	16251312	-	0	0	0		70	0	315	0.0	303	4	1091	0.0036663611365719525
CUFF_NC.8626	4	16268102	16268561	-	0	0	0		26	0	92	0.0	131	1	567	0.001763668430335097
CUFF_NC.8627	4	16283957	16284425	+	0	0	0		21	1	115	0.008695652173913044	136	1	851	0.0011750881316098707
CUFF_NC.8624	4	16289879	16290881	+	0	0	0		61	0	326	0.0	278	7	1464	0.0047814207650273225
CUFF_NC.8625	4	16292712	16293226	+	0	0	0		21	0	85	0.0	134	2	575	0.0034782608695652175
CUFF_NC.8634	4	16295765	16296737	-	0	0	0		70	0	277	0.0	290	2	1137	0.001759014951627089
CUFF_NC.8628	4	16311136	16311489	-	0	0	0		27	0	138	0.0	99	0	444	0.0
CUFF_NC.8631	4	16314393	16315014	-	0	0	0		27	1	122	0.00819672131147541	160	0	766	0.0
CUFF_NC.8629	4	16334214	16335480	-	0	0	0		80	0	398	0.0	369	4	1707	0.0023432923257176333
CUFF_NC.8630	4	16334551	16335590	-	0	0	0		62	0	312	0.0	301	3	1484	0.0020215633423180594
CUFF_NC.8643	4	16351770	16354154	-	0	0	0		177	2	877	0.002280501710376283	683	12	3156	0.0038022813688212928
CUFF_NC.8632	4	16356655	16357112	-	0	0	0		19	0	80	0.0	80	1	407	0.002457002457002457
CUFF_NC.8633	4	16357439	16359385	-	0	0	0		114	2	538	0.0037174721189591076	550	4	2390	0.0016736401673640166
CUFF_NC.8635	4	16368085	16368899	-	0	0	0		47	0	252	0.0	251	3	1101	0.0027247956403269754
CUFF_NC.8636	4	16375664	16376860	+	0	0	0		89	1	353	0.0028328611898017	323	2	1271	0.0015735641227380016
CUFF_NC.8637	4	16380481	16381300	+	0	0	0		54	0	196	0.0	225	3	689	0.0043541364296081275
CUFF_NC.8638	4	16401429	16403019	-	0	0	0		94	2	494	0.004048582995951417	436	9	2350	0.003829787234042553
CUFF_NC.8642	4	16435452	16438623	-	0	0	0		155	3	820	0.003658536585365854	824	10	4130	0.002421307506053269
CUFF_NC.8641	4	16447662	16448291	-	0	0	0		27	0	129	0.0	161	3	740	0.004054054054054054
CUFF_NC.8639	4	16448346	16448800	-	0	0	0		8	0	51	0.0	112	0	707	0.0
CUFF_NC.8640	4	16456566	16457280	-	0	0	0		36	0	155	0.0	170	2	761	0.002628120893561104
CUFF_NC.8655	4	16468864	16469750	-	0	0	0		28	0	165	0.0	241	2	1199	0.0016680567139282735
CUFF_NC.8656	4	16476050	16476572	-	0	0	0		28	0	133	0.0	169	0	711	0.0
CUFF_NC.8644	4	16480125	16480625	+	0	0	0		0	0	0		26	0	63	0.0
CUFF_NC.8645	4	16483082	16483887	+	0	0	0		66	1	348	0.0028735632183908046	169	3	784	0.003826530612244898
CUFF_NC.8646	4	16522347	16523032	-	0	0	0		47	4	232	0.017241379310344827	180	5	907	0.005512679162072767
CUFF_NC.8647	4	16530316	16531740	+	0	0	0		85	3	441	0.006802721088435374	406	2	2076	0.0009633911368015414
CUFF_NC.8649	4	16560379	16561126	+	0	0	0		69	2	199	0.010050251256281407	204	1	692	0.001445086705202312
CUFF_NC.8657	4	16573188	16573970	+	0	0	0		21	0	119	0.0	158	2	878	0.002277904328018223
CUFF_NC.8650	4	16574750	16575306	+	0	0	0		21	0	100	0.0	171	1	768	0.0013020833333333333
CUFF_NC.8651	4	16577306	16578304	-	0	0	0		56	2	276	0.007246376811594203	245	4	1007	0.003972194637537239
CUFF_NC.8658	4	16587708	16588740	+	0	0	0		28	1	149	0.006711409395973154	198	2	1015	0.0019704433497536944
CUFF_NC.8659	4	16588864	16589338	+	0	0	0		20	0	121	0.0	115	3	716	0.004189944134078212
CUFF_NC.8660	4	16594399	16594956	-	0	0	0		16	0	85	0.0	160	3	790	0.0037974683544303796
CUFF_NC.8661	4	16596666	16597139	-	0	0	0		21	2	83	0.024096385542168676	119	0	418	0.0
CUFF_NC.8663	4	16622720	16624979	+	0	0	0		142	1	791	0.0012642225031605564	623	9	3367	0.002673002673002673
CUFF_NC.8662	4	16635452	16638841	-	0	0	0		233	21	1020	0.020588235294117647	840	10	3889	0.0025713551041398816
CUFF_NC.8665	4	16656690	16659603	+	0	0	0		231	6	985	0.006091370558375634	674	6	2905	0.002065404475043029
CUFF_NC.8664	4	16661390	16662617	+	0	0	0		71	0	332	0.0	340	2	1415	0.0014134275618374558
CUFF_NC.8666	4	16685681	16686404	+	0	0	0		32	0	125	0.0	185	3	817	0.0036719706242350062
CUFF_NC.8668	4	16699462	16700043	-	0	0	0		51	0	251	0.0	174	4	756	0.005291005291005291
CUFF_NC.8667	4	16708609	16710056	-	0	0	0		86	0	370	0.0	437	5	1959	0.002552322613578356
CUFF_NC.8669	4	16712547	16713248	+	0	0	0		45	1	237	0.004219409282700422	207	4	905	0.004419889502762431
CUFF_NC.8670	4	16722333	16722896	+	0	0	0		47	0	177	0.0	139	1	507	0.0019723865877712033
CUFF_NC.8671	4	16727992	16728402	+	0	0	0		37	0	135	0.0	128	0	459	0.0
CUFF_NC.8672	4	16730893	16731459	+	0	0	0		20	1	99	0.010101010101010102	144	3	691	0.004341534008683068
CUFF_NC.8677	4	16776668	16778427	+	0	0	0		129	3	661	0.0045385779122541605	497	8	2507	0.0031910650179497405
CUFF_NC.8684	4	16791826	16795623	-	0	0	0		235	15	1125	0.013333333333333334	865	23	4357	0.005278861602019738
CUFF_NC.8683	4	16797280	16798196	+	0	0	0		53	0	175	0.0	322	2	1052	0.0019011406844106464
CUFF_NC.8673	4	16806085	16806757	+	0	0	0		47	0	164	0.0	193	1	709	0.0014104372355430183
CUFF_NC.8685	4	16811560	16811968	-	0	0	0		21	0	112	0.0	126	2	619	0.0032310177705977385
CUFF_NC.8676	4	16827975	16828618	+	0	0	0		11	0	70	0.0	133	1	759	0.0013175230566534915
CUFF_NC.8674	4	16830797	16831574	-	0	0	0		36	61	111	0.5495495495495496	163	40	445	0.0898876404494382
CUFF_NC.8682	4	16835032	16836407	+	0	0	0		103	1	461	0.0021691973969631237	412	3	2026	0.0014807502467917078
CUFF_NC.8678	4	16855912	16856462	-	0	0	0		58	0	186	0.0	138	2	475	0.004210526315789474
CUFF_NC.8679	4	16860722	16861338	+	0	0	0		40	1	182	0.005494505494505495	143	2	524	0.003816793893129771
CUFF_NC.8681	4	16873885	16875052	-	0	0	0		47	3	251	0.01195219123505976	342	1	1631	0.0006131207847946045
CUFF_NC.8680	4	16891283	16891976	-	0	0	0		19	0	104	0.0	181	1	801	0.0012484394506866417
CUFF_NC.8686	4	16899407	16900181	+	0	0	0		58	1	157	0.006369426751592357	215	1	590	0.001694915254237288
CUFF_NC.8687	4	16909290	16910226	-	0	0	0		57	2	228	0.008771929824561403	213	0	762	0.0
CUFF_NC.8688	4	16910726	16911088	-	0	0	0		27	0	105	0.0	63	0	239	0.0
CUFF_NC.8689	4	16924068	16924431	-	0	0	0		10	0	33	0.0	64	0	252	0.0
CUFF_NC.8700	4	16938058	16938527	-	0	0	0		33	0	177	0.0	137	1	748	0.001336898395721925
CUFF_NC.8697	4	16950036	16950389	+	0	0	0		33	1	130	0.007692307692307693	92	1	359	0.002785515320334262
CUFF_NC.8691	4	16959553	16959907	+	0	0	0		22	2	95	0.021052631578947368	88	0	401	0.0
CUFF_NC.8694	4	16963921	16964530	+	0	0	0		44	1	153	0.006535947712418301	169	0	561	0.0
CUFF_NC.8690	4	16980776	16981467	-	0	0	0		31	0	145	0.0	205	1	865	0.0011560693641618498
CUFF_NC.8693	4	16984283	16985126	-	0	0	0		58	1	435	0.0022988505747126436	218	5	1419	0.0035236081747709656
CUFF_NC.8692	4	16988532	16989113	+	0	0	0		25	0	94	0.0	136	2	584	0.003424657534246575
CUFF_NC.8699	4	17004347	17006103	-	0	0	0		103	0	375	0.0	541	4	2040	0.00196078431372549
CUFF_NC.8698	4	17007640	17008399	+	0	0	0		38	1	169	0.005917159763313609	200	0	956	0.0
CUFF_NC.8702	4	17011924	17012336	+	0	0	0		17	0	94	0.0	106	3	568	0.00528169014084507
CUFF_NC.8703	4	17014885	17015511	+	0	0	0		27	0	117	0.0	180	4	866	0.004618937644341801
CUFF_NC.8701	4	17022170	17023311	-	0	0	0		73	1	242	0.004132231404958678	340	3	1160	0.002586206896551724
CUFF_NC.8695	4	17026060	17027834	-	0	0	0		39	25	136	0.18382352941176472	228	11	758	0.014511873350923483
CUFF_NC.8696	4	17028542	17029490	-	0	0	0		83	1	358	0.002793296089385475	266	2	1154	0.0017331022530329288
CUFF_NC.8704	4	17033188	17033862	+	0	0	0		50	0	156	0.0	179	2	551	0.003629764065335753
CUFF_NC.8714	4	17036072	17036443	-	0	0	0		26	0	125	0.0	107	1	513	0.001949317738791423
CUFF_NC.8712	4	17038304	17038743	+	0	0	0		45	2	176	0.011363636363636364	116	1	429	0.002331002331002331
CUFF_NC.8713	4	17040481	17041208	+	0	0	0		60	0	211	0.0	159	2	575	0.0034782608695652175
CUFF_NC.8705	4	17043277	17044542	+	0	0	0		68	1	261	0.0038314176245210726	299	4	1112	0.0035971223021582736
CUFF_NC.8706	4	17049473	17050309	+	0	0	0		66	1	341	0.002932551319648094	203	5	964	0.005186721991701245
CUFF_NC.8725	4	17052098	17053499	+	0	0	0		89	1	350	0.002857142857142857	330	0	1294	0.0
CUFF_NC.8726	4	17059312	17059768	+	0	0	0		22	0	70	0.0	120	0	391	0.0
CUFF_NC.8727	4	17070440	17070949	+	0	0	0		34	0	193	0.0	145	2	742	0.0026954177897574125
CUFF_NC.8711	4	17081593	17083473	-	0	0	0		106	188	509	0.3693516699410609	350	84	1511	0.05559232296492389
CUFF_NC.8707	4	17085391	17086007	-	0	0	0		41	0	272	0.0	169	1	1002	0.000998003992015968
CUFF_NC.8708	4	17085642	17086088	+	0	0	0		32	2	243	0.00823045267489712	126	2	824	0.0024271844660194173
CUFF_NC.8710	4	17110811	17111523	+	0	0	0		33	0	168	0.0	190	4	922	0.004338394793926247
CUFF_NC.8709	4	17120981	17121738	+	0	0	0		74	0	284	0.0	202	0	762	0.0
CUFF_NC.8721	4	17123980	17127377	-	0	0	0		237	8	1294	0.0061823802163833074	862	14	4475	0.0031284916201117317
CUFF_NC.8722	4	17125608	17129016	-	0	0	0		240	3	1281	0.00234192037470726	866	10	4570	0.002188183807439825
CUFF_NC.8723	4	17127561	17127860	-	0	0	0		21	0	132	0.0	72	0	443	0.0
CUFF_NC.8724	4	17129479	17129909	-	0	0	0		35	0	232	0.0	114	2	674	0.002967359050445104
CUFF_NC.8716	4	17138457	17139848	+	0	0	0		69	0	312	0.0	384	5	1819	0.002748763056624519
CUFF_NC.8719	4	17152809	17153561	-	0	0	0		26	1	158	0.006329113924050633	214	5	1238	0.004038772213247173
CUFF_NC.8717	4	17153916	17160027	+	0	0	0		245	4	1184	0.0033783783783783786	1505	25	7603	0.003288175720110483
CUFF_NC.8718	4	17154851	17156202	+	0	0	0		55	0	249	0.0	320	5	1750	0.002857142857142857
CUFF_NC.8754	4	17161611	17162189	+	0	0	0		60	0	357	0.0	150	3	818	0.003667481662591687
CUFF_NC.8754-2	4	17165419	17166828	+	0	0	0		98	1	598	0.0016722408026755853	374	6	2127	0.0028208744710860366
CUFF_NC.8720	4	17190828	17192521	+	0	0	0		58	2	251	0.00796812749003984	309	4	1100	0.0036363636363636364
CUFF_NC.8728	4	17199794	17200499	-	0	0	0		43	1	233	0.004291845493562232	185	3	820	0.003658536585365854
CUFF_NC.8735	4	17219776	17221878	-	0	0	0		139	5	570	0.008771929824561403	542	5	2271	0.002201673271686482
CUFF_NC.8729	4	17225958	17226829	+	0	0	0		24	1	118	0.00847457627118644	189	2	1013	0.0019743336623889436
CUFF_NC.8732	4	17231738	17233837	+	0	0	0		130	2	649	0.0030816640986132513	550	6	1953	0.0030721966205837174
CUFF_NC.8733	4	17244102	17244409	-	0	0	0		21	1	104	0.009615384615384616	86	0	384	0.0
CUFF_NC.8730	4	17249193	17249702	-	0	0	0		14	1	59	0.01694915254237288	66	4	326	0.012269938650306749
CUFF_NC.8734	4	17257582	17258226	-	0	0	0		40	1	187	0.0053475935828877	149	1	610	0.001639344262295082
CUFF_NC.8731	4	17263689	17264858	-	0	0	0		80	3	290	0.010344827586206896	292	2	985	0.0020304568527918783
CUFF_NC.8739	4	17275982	17276475	+	0	0	0		39	0	157	0.0	143	1	580	0.0017241379310344827
CUFF_NC.8740	4	17278828	17279427	+	0	0	0		20	0	130	0.0	140	1	759	0.0013175230566534915
CUFF_NC.8742	4	17280516	17282730	-	0	0	0		116	1	537	0.00186219739292365	474	11	2181	0.0050435580009170105
CUFF_NC.8744	4	17283252	17283927	+	0	0	0		68	1	286	0.0034965034965034965	199	2	906	0.002207505518763797
CUFF_NC.8745	4	17286143	17286867	+	0	0	0		32	1	116	0.008620689655172414	153	1	525	0.0019047619047619048
CUFF_NC.8743	4	17288015	17289209	+	0	0	0		73	1	337	0.002967359050445104	322	5	1391	0.0035945363048166786
CUFF_NC.8737	4	17305104	17305634	-	0	0	0		2	0	2	0.0	37	1	114	0.008771929824561403
CUFF_NC.8738	4	17305754	17307387	-	0	0	0		116	2	511	0.003913894324853229	330	2	1383	0.0014461315979754157
CUFF_NC.8741	4	17332548	17333493	+	0	0	0		75	0	295	0.0	260	4	998	0.004008016032064128
CUFF_NC.8746	4	17343252	17344902	-	0	0	0		98	0	431	0.0	435	5	1959	0.002552322613578356
CUFF_NC.8752	4	17349180	17350307	-	0	0	0		79	1	305	0.003278688524590164	276	3	1123	0.0026714158504007124
CUFF_NC.8753	4	17351120	17352278	-	0	0	0		75	2	262	0.007633587786259542	304	1	1095	0.0009132420091324201
CUFF_NC.8749	4	17358558	17359133	+	0	0	0		34	0	191	0.0	162	1	932	0.001072961373390558
CUFF_NC.8751	4	17369248	17369991	-	0	0	0		48	0	118	0.0	188	3	475	0.00631578947368421
CUFF_NC.8748	4	17375751	17376199	+	0	0	0		24	0	107	0.0	125	1	502	0.00199203187250996
CUFF_NC.8750	4	17379621	17382314	+	0	0	0		153	2	667	0.0029985007496251873	736	10	3182	0.0031426775612822125
CUFF_NC.8747	4	17388865	17389673	-	0	0	0		43	0	108	0.0	195	1	584	0.0017123287671232876
CUFF_NC.8755	4	17392276	17393397	+	0	0	0		68	1	366	0.00273224043715847	292	4	1501	0.002664890073284477
CUFF_NC.8756	4	17393469	17398061	+	0	0	0		111	13	657	0.0197869101978691	1050	20	6173	0.0032399157621901833
CUFF_NC.8757	4	17395392	17395926	+	0	0	0		14	0	92	0.0	126	3	706	0.00424929178470255
CUFF_NC.8758	4	17423406	17423847	+	0	0	0		27	1	150	0.006666666666666667	110	1	653	0.0015313935681470138
CUFF_NC.8761	4	17426941	17427536	-	0	0	0		15	0	55	0.0	175	2	625	0.0032
CUFF_NC.8770	4	17434029	17434575	+	0	0	0		54	2	204	0.00980392156862745	132	1	446	0.002242152466367713
CUFF_NC.8759	4	17440189	17440916	-	0	0	0		40	1	160	0.00625	160	3	745	0.004026845637583893
CUFF_NC.8760	4	17441097	17441763	-	0	0	0		55	1	215	0.004651162790697674	146	0	453	0.0
CUFF_NC.8768	4	17443070	17443854	-	0	0	0		34	0	127	0.0	241	2	896	0.002232142857142857
CUFF_NC.8769	4	17447369	17448456	-	0	0	0		50	0	194	0.0	270	3	1297	0.002313030069390902
CUFF_NC.8766	4	17473084	17473438	-	0	0	0		21	0	94	0.0	87	2	415	0.004819277108433735
CUFF_NC.8767	4	17476268	17476779	-	0	0	0		34	0	197	0.0	155	2	841	0.0023781212841854932
CUFF_NC.8763	4	17478155	17478638	-	0	0	0		39	1	137	0.0072992700729927005	118	0	418	0.0
CUFF_NC.8762	4	17479552	17480258	+	0	0	0		55	3	295	0.010169491525423728	198	1	873	0.001145475372279496
CUFF_NC.8765	4	17484320	17484758	+	0	0	0		45	1	196	0.00510204081632653	126	1	539	0.0018552875695732839
CUFF_NC.8764	4	17495137	17495935	+	0	0	0		42	2	116	0.017241379310344827	178	2	483	0.004140786749482402
CUFF_NC.8772	4	17505628	17506486	-	0	0	0		42	1	179	0.00558659217877095	232	1	1050	0.0009523809523809524
CUFF_NC.8773	4	17516129	17518483	-	0	0	0		107	1	585	0.0017094017094017094	657	8	3477	0.0023008340523439745
CUFF_NC.8771	4	17528657	17530356	+	0	0	0		124	0	470	0.0	415	8	1485	0.0053872053872053875
CUFF_NC.8780	4	17557161	17564869	+	0	0	0		337	7	1556	0.004498714652956298	1808	23	8335	0.0027594481103779245
CUFF_NC.8781	4	17561056	17561895	+	0	0	0		40	1	167	0.005988023952095809	234	4	973	0.0041109969167523125
CUFF_NC.8774	4	17596972	17598929	-	0	0	0		113	3	441	0.006802721088435374	474	4	1807	0.002213613724405091
CUFF_NC.8775	4	17605934	17607002	+	0	0	0		101	1	293	0.0034129692832764505	247	1	712	0.0014044943820224719
CUFF_NC.8777	4	17608498	17609492	+	0	0	0		78	2	381	0.005249343832020997	264	2	1484	0.0013477088948787063
CUFF_NC.8776	4	17616849	17618488	+	0	0	0		96	1	400	0.0025	371	2	1525	0.0013114754098360656
CUFF_NC.8779	4	17634650	17635579	-	0	0	0		44	1	197	0.005076142131979695	221	1	959	0.0010427528675703858
CUFF_NC.8778	4	17639453	17641012	+	0	0	0		74	2	366	0.00546448087431694	389	9	2078	0.004331087584215592
CUFF_NC.8815	4	17643062	17650067	-	0	0	0		397	5	1859	0.0026896180742334587	1879	21	8608	0.0024395910780669145
CUFF_NC.8816	4	17649582	17650185	+	0	0	0		25	0	111	0.0	130	4	596	0.006711409395973154
CUFF_NC.8783	4	17666076	17666717	+	0	0	0		25	0	119	0.0	155	1	597	0.0016750418760469012
CUFF_NC.8782	4	17673403	17674785	+	0	0	0		23	2	113	0.017699115044247787	190	1	977	0.0010235414534288639
CUFF_NC.8785	4	17682929	17688570	+	0	0	0		326	1	1419	0.0007047216349541931	1512	15	6712	0.002234803337306317
CUFF_NC.8784	4	17691919	17693519	-	0	0	0		99	1	392	0.002551020408163265	439	4	1560	0.002564102564102564
CUFF_NC.8787	4	17698935	17699581	+	0	0	0		27	0	124	0.0	148	3	693	0.004329004329004329
CUFF_NC.8788	4	17703334	17707049	-	0	0	0		22	1	44	0.022727272727272728	182	1	336	0.002976190476190476
CUFF_NC.8786	4	17707888	17709627	-	0	0	0		101	1	429	0.002331002331002331	320	6	1420	0.004225352112676056
CUFF_NC.8789	4	17710360	17710947	+	0	0	0		24	0	121	0.0	177	2	873	0.002290950744558992
CUFF_NC.8792	4	17711648	17712156	-	0	0	0		3	0	3	0.0	7	0	7	0.0
CUFF_NC.8790	4	17723611	17724997	-	0	0	0		87	1	391	0.0025575447570332483	334	1	1430	0.0006993006993006993
CUFF_NC.8791	4	17739786	17740205	-	0	0	0		13	1	71	0.014084507042253521	127	4	478	0.008368200836820083
CUFF_NC.8794	4	17768053	17769580	-	0	0	0		62	1	250	0.004	324	2	1349	0.0014825796886582653
CUFF_NC.8793	4	17783543	17784259	-	0	0	0		22	1	88	0.011363636363636364	172	4	852	0.004694835680751174
CUFF_NC.8798	4	17785693	17787207	-	0	0	0		84	0	463	0.0	313	6	1250	0.0048
CUFF_NC.8799	4	17788651	17789266	+	0	0	0		19	0	64	0.0	114	1	366	0.00273224043715847
CUFF_NC.8797	4	17802841	17804109	+	0	0	0		96	0	428	0.0	318	6	1338	0.004484304932735426
CUFF_NC.8795	4	17819636	17820906	-	0	0	0		34	0	116	0.0	225	1	972	0.00102880658436214
CUFF_NC.8796	4	17819983	17820725	+	0	0	0		22	0	70	0.0	169	0	752	0.0
CUFF_NC.8800	4	17821088	17821603	+	0	0	0		23	0	107	0.0	127	1	718	0.001392757660167131
CUFF_NC.8801	4	17825075	17827255	+	0	0	0		185	4	870	0.004597701149425287	636	13	2952	0.004403794037940379
CUFF_NC.8802	4	17828481	17828836	+	0	0	0		19	0	118	0.0	99	3	552	0.005434782608695652
CUFF_NC.8803	4	17878238	17879255	-	0	0	0		76	3	408	0.007352941176470588	308	5	1398	0.00357653791130186
CUFF_NC.8817	4	17895603	17896070	+	0	0	0		32	1	133	0.007518796992481203	117	1	424	0.0023584905660377358
CUFF_NC.8805	4	17905315	17905889	-	0	0	0		46	0	266	0.0	170	3	941	0.003188097768331562
CUFF_NC.8804	4	17913330	17913648	+	0	0	0		23	2	107	0.018691588785046728	83	1	394	0.0025380710659898475
CUFF_NC.8806	4	17934771	17935342	+	0	0	0		47	3	198	0.015151515151515152	129	1	475	0.002105263157894737
CUFF_NC.8833	4	17943014	17943372	-	0	0	0		28	0	141	0.0	102	1	474	0.002109704641350211
CUFF_NC.8811	4	17963597	17965216	+	0	0	0		124	1	651	0.0015360983102918587	423	6	2124	0.002824858757062147
CUFF_NC.8812	4	17970360	17971375	+	0	0	0		55	0	240	0.0	311	3	1180	0.002542372881355932
CUFF_NC.8807	4	17971599	17972254	+	0	0	0		39	0	123	0.0	188	3	736	0.004076086956521739
CUFF_NC.8808	4	17983652	17984506	-	0	0	0		47	2	214	0.009345794392523364	262	2	1241	0.0016116035455278
CUFF_NC.8810	4	17990984	17996037	-	0	0	0		451	5	2029	0.0024642681123706258	1456	15	6308	0.0023779327837666455
CUFF_NC.8819	4	18006620	18007001	-	0	0	0		31	0	190	0.0	119	6	766	0.007832898172323759
CUFF_NC.8818	4	18013001	18013330	+	0	0	0		20	0	101	0.0	98	3	483	0.006211180124223602
CUFF_NC.8809	4	18016036	18016338	+	0	0	0		20	0	78	0.0	71	0	256	0.0
CUFF_NC.8813	4	18025586	18028764	-	0	0	0		260	1	1013	0.0009871668311944718	810	7	2954	0.002369668246445498
CUFF_NC.8826	4	18030179	18030802	-	0	0	0		54	0	224	0.0	160	1	663	0.0015082956259426848
CUFF_NC.8827	4	18036880	18037215	-	0	0	0		24	0	114	0.0	104	1	482	0.002074688796680498
CUFF_NC.8825	4	18042875	18043343	+	0	0	0		34	0	167	0.0	133	3	643	0.004665629860031105
CUFF_NC.8814	4	18053369	18055526	-	0	0	0		74	0	368	0.0	565	9	2505	0.003592814371257485
CUFF_NC.8822	4	18063434	18065776	-	0	0	0		125	2	425	0.004705882352941176	449	6	1749	0.003430531732418525
CUFF_NC.8823	4	18066230	18066765	+	0	0	0		48	0	131	0.0	131	0	390	0.0
CUFF_NC.8821	4	18071948	18073476	+	0	0	0		104	2	302	0.006622516556291391	356	5	1284	0.003894080996884735
CUFF_NC.8820	4	18074295	18075886	+	0	0	0		124	2	483	0.004140786749482402	425	3	1673	0.0017931858936043037
CUFF_NC.8834	4	18083450	18084603	+	0	0	0		85	1	320	0.003125	301	3	1033	0.002904162633107454
CUFF_NC.8824	4	18115404	18115832	+	0	0	0		22	0	73	0.0	122	0	435	0.0
CUFF_NC.8828	4	18127346	18128252	-	0	0	0		32	2	221	0.00904977375565611	228	2	1227	0.0016299918500407497
CUFF_NC.8830	4	18145383	18146313	+	0	0	0		77	0	282	0.0	280	4	1099	0.003639672429481347
CUFF_NC.8832	4	18151750	18152597	-	0	0	0		47	1	257	0.0038910505836575876	203	8	1067	0.007497656982193065
CUFF_NC.8829	4	18153307	18154088	-	0	0	0		53	0	222	0.0	223	2	714	0.0028011204481792717
CUFF_NC.8839	4	18155068	18155907	+	0	0	0		78	2	306	0.006535947712418301	234	3	980	0.003061224489795918
CUFF_NC.8835	4	18176393	18176877	+	0	0	0		27	0	120	0.0	128	3	513	0.005847953216374269
CUFF_NC.8836	4	18178293	18179320	+	0	0	0		46	1	193	0.0051813471502590676	192	2	718	0.002785515320334262
CUFF_NC.8838	4	18185468	18186327	-	0	0	0		64	1	220	0.004545454545454545	211	0	767	0.0
CUFF_NC.8840	4	18193010	18194077	-	0	0	0		62	0	264	0.0	274	4	1066	0.00375234521575985
CUFF_NC.8841	4	18198201	18202735	-	0	0	0		177	6	933	0.006430868167202572	845	46	4203	0.010944563407090173
CUFF_NC.8837	4	18203299	18203859	-	0	0	0		15	0	34	0.0	53	0	158	0.0
CUFF_NC.8842	4	18225437	18226438	+	0	0	0		68	2	364	0.005494505494505495	260	0	1326	0.0
CUFF_NC.8845	4	18233565	18234446	+	0	0	0		58	1	308	0.003246753246753247	230	4	1180	0.003389830508474576
CUFF_NC.8843	4	18238811	18239485	-	0	0	0		46	0	224	0.0	168	1	775	0.0012903225806451613
CUFF_NC.8848	4	18244282	18244797	+	0	0	0		50	0	170	0.0	153	0	611	0.0
CUFF_NC.8849	4	18248254	18249509	+	0	0	0		26	0	158	0.0	211	2	1105	0.0018099547511312218
CUFF_NC.8850	4	18248982	18249485	-	0	0	0		19	0	134	0.0	161	2	892	0.002242152466367713
CUFF_NC.8844	4	18251933	18253202	+	0	0	0		78	1	380	0.002631578947368421	281	2	1156	0.0017301038062283738
CUFF_NC.8846	4	18258349	18258613	-	0	0	0		12	0	65	0.0	80	1	339	0.0029498525073746312
CUFF_NC.8847	4	18271125	18271549	+	0	0	0		23	0	158	0.0	101	4	767	0.005215123859191656
CUFF_NC.8857	4	18276534	18279779	-	0	0	0		261	3	1283	0.002338269680436477	904	8	4264	0.001876172607879925
CUFF_NC.8851	4	18304760	18305958	-	0	0	0		67	1	279	0.0035842293906810036	268	2	1206	0.001658374792703151
CUFF_NC.8861	4	18306221	18306838	-	0	0	0		46	0	218	0.0	160	0	822	0.0
CUFF_NC.8852	4	18318333	18318801	-	0	0	0		18	0	126	0.0	108	1	826	0.0012106537530266344
CUFF_NC.8854	4	18318504	18318943	+	0	0	0		21	0	149	0.0	94	1	657	0.0015220700152207
CUFF_NC.8859	4	18328018	18328703	-	0	0	0		39	0	160	0.0	179	4	713	0.005610098176718092
CUFF_NC.8855	4	18330738	18331223	+	0	0	0		18	0	133	0.0	104	0	714	0.0
CUFF_NC.8856	4	18334381	18335115	+	0	0	0		19	0	88	0.0	207	4	918	0.004357298474945534
CUFF_NC.8873	4	18353616	18354988	-	0	0	0		141	0	681	0.0	383	3	1837	0.001633097441480675
CUFF_NC.8858	4	18362534	18364189	-	0	0	0		91	2	453	0.004415011037527594	472	12	2443	0.004911993450675399
CUFF_NC.8860	4	18368967	18369808	+	0	0	0		55	1	300	0.0033333333333333335	263	3	1254	0.0023923444976076554
CUFF_NC.8868	4	18381445	18382153	+	0	0	0		46	0	173	0.0	206	1	986	0.0010141987829614604
CUFF_NC.8867	4	18383032	18383972	+	0	0	0		71	1	302	0.0033112582781456954	259	4	1106	0.003616636528028933
CUFF_NC.8864	4	18387967	18389004	+	0	0	0		56	2	236	0.00847457627118644	283	1	1086	0.0009208103130755065
CUFF_NC.8865	4	18389524	18390869	+	0	0	0		78	1	389	0.002570694087403599	395	5	1742	0.0028702640642939152
CUFF_NC.8866	4	18390831	18391207	-	0	0	0		18	0	85	0.0	93	1	458	0.002183406113537118
CUFF_NC.8862	4	18391650	18392557	+	0	0	0		41	1	175	0.005714285714285714	172	1	752	0.0013297872340425532
CUFF_NC.8863	4	18391844	18392336	-	0	0	0		14	0	42	0.0	87	0	309	0.0
CUFF_NC.8871	4	18392918	18393684	+	0	0	0		17	0	37	0.0	103	0	269	0.0
CUFF_NC.8872	4	18396820	18397238	-	0	0	0		44	1	233	0.004291845493562232	113	2	617	0.0032414910858995136
CUFF_NC.8870	4	18401749	18405010	-	0	0	0		186	3	836	0.0035885167464114833	807	12	4004	0.002997002997002997
CUFF_NC.8877	4	18414531	18415012	+	0	0	0		42	1	154	0.006493506493506494	123	1	431	0.002320185614849188
CUFF_NC.8876	4	18421198	18421660	-	0	0	0		31	0	138	0.0	143	1	575	0.0017391304347826088
CUFF_NC.8869	4	18423876	18425849	-	0	0	0		47	0	170	0.0	339	2	1233	0.0016220600162206002
CUFF_NC.8878	4	18427819	18428366	+	0	0	0		34	0	115	0.0	145	3	510	0.0058823529411764705
CUFF_NC.8875	4	18432652	18433610	-	0	0	0		71	0	287	0.0	210	3	748	0.004010695187165776
CUFF_NC.8874	4	18439004	18439539	-	0	0	0		34	1	163	0.006134969325153374	131	3	634	0.00473186119873817
CUFF_NC.8880	4	18457932	18459400	+	0	0	0		102	2	571	0.0035026269702276708	368	5	1939	0.0025786487880350697
CUFF_NC.8879	4	18473025	18473445	-	0	0	0		9	0	67	0.0	101	1	793	0.0012610340479192938
CUFF_NC.8881	4	18475140	18476372	+	0	0	0		58	1	292	0.003424657534246575	342	3	1625	0.0018461538461538461
CUFF_NC.8883	4	18479628	18481153	-	0	0	0		114	1	483	0.002070393374741201	371	4	1562	0.002560819462227913
CUFF_NC.8885	4	18502021	18502471	-	0	0	0		25	2	130	0.015384615384615385	131	1	633	0.001579778830963665
CUFF_NC.8886	4	18504505	18505281	-	0	0	0		38	0	120	0.0	193	2	549	0.0036429872495446266
CUFF_NC.8887	4	18510167	18510621	+	0	0	0		16	0	36	0.0	141	0	471	0.0
CUFF_NC.8884	4	18515602	18517152	-	0	0	0		99	1	454	0.0022026431718061676	358	3	1654	0.0018137847642079807
CUFF_NC.8890	4	18530336	18531444	-	0	0	0		62	0	176	0.0	255	2	799	0.0025031289111389237
CUFF_NC.8888	4	18547755	18548276	+	0	0	0		28	0	152	0.0	148	2	819	0.002442002442002442
CUFF_NC.8889	4	18553349	18554637	+	0	0	0		65	2	329	0.0060790273556231	390	6	1489	0.004029550033579583
CUFF_NC.8894	4	18555660	18557729	+	0	0	0		135	0	746	0.0	541	8	2821	0.002835873803615739
CUFF_NC.8899	4	18563228	18563737	+	0	0	0		34	1	150	0.006666666666666667	139	1	616	0.0016233766233766235
CUFF_NC.8896	4	18571432	18573850	+	0	0	0		123	0	560	0.0	588	7	2354	0.002973661852166525
CUFF_NC.8891	4	18574483	18575900	-	0	0	0		62	1	211	0.004739336492890996	331	3	1149	0.0026109660574412533
CUFF_NC.8892	4	18576239	18577564	-	0	0	0		91	2	335	0.005970149253731343	287	4	960	0.004166666666666667
CUFF_NC.8897	4	18579193	18580702	-	0	0	0		81	1	350	0.002857142857142857	385	5	1659	0.0030138637733574444
CUFF_NC.8895	4	18583186	18584034	-	0	0	0		44	69	109	0.6330275229357798	142	47	395	0.1189873417721519
CUFF_NC.8900	5	5891	6996	+	0	0	0		105	5	509	0.009823182711198428	323	6	1670	0.003592814371257485
CUFF_NC.8898	5	8616	9055	+	0	0	0		23	0	125	0.0	114	0	506	0.0
CUFF_NC.8904	5	13881	19185	+	0	0	0		220	5	998	0.00501002004008016	1199	16	5345	0.002993451824134705
CUFF_NC.8902	5	26926	27933	+	0	0	0		32	2	185	0.010810810810810811	260	5	1481	0.00337609723160027
CUFF_NC.8903	5	28493	30106	+	0	0	0		35	44	149	0.2953020134228188	230	45	815	0.05521472392638037
CUFF_NC.8901	5	33173	34189	-	0	0	0		56	1	267	0.003745318352059925	299	3	1368	0.0021929824561403508
CUFF_NC.8907	5	54656	55730	-	0	0	0		108	1	493	0.002028397565922921	295	5	1471	0.003399048266485384
CUFF_NC.8912	5	57968	60156	-	0	0	0		173	1	613	0.0016313213703099511	498	8	1669	0.004793289394847214
CUFF_NC.8913	5	63626	64180	+	0	0	0		25	0	112	0.0	124	2	613	0.0032626427406199023
CUFF_NC.8906	5	65352	71142	+	0	0	0		7	5	7	0.7142857142857143	79	13	87	0.14942528735632185
CUFF_NC.8910	5	72979	74584	-	0	0	0		82	0	341	0.0	280	4	1163	0.0034393809114359416
CUFF_NC.8908	5	77834	78424	-	0	0	0		41	1	186	0.005376344086021506	127	0	569	0.0
CUFF_NC.8909	5	84465	86258	-	0	0	0		141	2	556	0.0035971223021582736	322	2	1228	0.0016286644951140066
CUFF_NC.8911	5	86774	87264	+	0	0	0		34	0	189	0.0	114	2	540	0.003703703703703704
CUFF_NC.8914	5	97627	98441	-	0	0	0		48	1	235	0.00425531914893617	231	6	1016	0.005905511811023622
CUFF_NC.8915	5	141734	142293	-	0	0	0		19	0	39	0.0	44	0	102	0.0
CUFF_NC.8916	5	144134	144881	+	0	0	0		41	0	153	0.0	168	2	670	0.0029850746268656717
CUFF_NC.8917	5	148543	149590	+	0	0	0		54	3	230	0.013043478260869565	281	4	1135	0.003524229074889868
CUFF_NC.8925	5	162664	163336	+	0	0	0		81	0	282	0.0	139	1	593	0.0016863406408094434
CUFF_NC.8918	5	175216	176096	+	0	0	0		81	1	355	0.0028169014084507044	204	2	818	0.0024449877750611247
CUFF_NC.8920	5	178282	178612	+	0	0	0		22	0	94	0.0	80	1	273	0.003663003663003663
CUFF_NC.8919	5	179223	179826	-	0	0	0		24	45	145	0.3103448275862069	147	25	938	0.026652452025586353
CUFF_NC.8922	5	182032	183317	+	0	0	0		53	0	245	0.0	360	5	1788	0.002796420581655481
CUFF_NC.8921	5	186654	186956	-	0	0	0		19	0	83	0.0	73	1	252	0.003968253968253968
CUFF_NC.8923	5	192050	192625	-	0	0	0		48	1	231	0.004329004329004329	144	4	653	0.006125574272588055
CUFF_NC.8924	5	192845	193489	-	0	0	0		29	1	111	0.009009009009009009	162	6	706	0.0084985835694051
CUFF_NC.8932	5	198784	199494	-	0	0	0		56	0	237	0.0	182	1	741	0.001349527665317139
CUFF_NC.8933	5	206503	209677	-	0	0	0		250	3	1002	0.0029940119760479044	815	9	3409	0.0026400704018773834
CUFF_NC.8934	5	207850	208468	-	0	0	0		43	0	163	0.0	173	2	574	0.003484320557491289
CUFF_NC.8926	5	241270	242461	+	0	0	0		91	0	465	0.0	311	4	1367	0.002926115581565472
CUFF_NC.8928	5	244959	245271	+	0	0	0		28	0	142	0.0	83	2	446	0.004484304932735426
CUFF_NC.8927	5	257184	260490	-	0	0	0		191	2	723	0.0027662517289073307	882	11	3552	0.003096846846846847
CUFF_NC.8929	5	261581	262083	+	0	0	0		46	0	290	0.0	125	1	723	0.0013831258644536654
CUFF_NC.8930	5	263681	265749	+	0	0	0		143	3	585	0.005128205128205128	563	6	2144	0.002798507462686567
CUFF_NC.8931	5	272299	272754	+	0	0	0		18	0	102	0.0	106	3	527	0.0056925996204933585
CUFF_NC.8936	5	276062	276477	+	0	0	0		39	1	194	0.005154639175257732	110	2	597	0.0033500837520938024
CUFF_NC.8935	5	280604	281509	-	0	0	0		56	0	235	0.0	267	1	1178	0.0008488964346349745
CUFF_NC.8969	5	289812	291246	-	0	0	0		88	0	395	0.0	359	4	1621	0.0024676125848241827
CUFF_NC.8967	5	294646	295041	+	0	0	0		42	0	244	0.0	122	2	620	0.0032258064516129032
CUFF_NC.8968	5	297111	297898	+	0	0	0		60	1	278	0.0035971223021582736	237	3	998	0.003006012024048096
CUFF_NC.8938	5	304807	305851	+	0	0	0		74	1	315	0.0031746031746031746	241	1	908	0.0011013215859030838
CUFF_NC.8940	5	306610	307278	-	0	0	0		18	0	86	0.0	105	1	446	0.002242152466367713
CUFF_NC.8941	5	313275	315270	+	0	0	0		154	1	560	0.0017857142857142857	412	2	1329	0.0015048908954100827
CUFF_NC.8939	5	324665	325130	-	0	0	0		51	0	118	0.0	126	2	402	0.004975124378109453
CUFF_NC.8942	5	338758	339521	-	0	0	0		67	0	178	0.0	174	4	577	0.006932409012131715
CUFF_NC.8943	5	339656	340080	-	0	0	0		20	0	102	0.0	118	1	462	0.0021645021645021645
CUFF_NC.8944	5	357848	358716	+	0	0	0		55	0	264	0.0	274	5	1406	0.0035561877667140826
CUFF_NC.8949	5	375231	376088	-	0	0	0		70	2	329	0.0060790273556231	263	3	1226	0.0024469820554649264
CUFF_NC.8948	5	385235	385747	-	0	0	0		37	0	196	0.0	145	1	809	0.0012360939431396785
CUFF_NC.8946	5	386659	387211	+	0	0	0		39	1	115	0.008695652173913044	143	0	555	0.0
CUFF_NC.8947	5	387432	388239	+	0	0	0		16	0	105	0.0	171	4	853	0.004689331770222743
CUFF_NC.8945	5	395617	396600	-	0	0	0		56	1	257	0.0038910505836575876	188	6	711	0.008438818565400843
CUFF_NC.8954	5	425630	426082	+	0	0	0		24	1	100	0.01	137	0	547	0.0
CUFF_NC.8950	5	435064	436857	-	0	0	0		135	1	532	0.0018796992481203006	434	7	1659	0.004219409282700422
CUFF_NC.8952	5	449272	450132	-	0	0	0		46	1	243	0.00411522633744856	187	1	905	0.0011049723756906078
CUFF_NC.8953	5	463016	463855	-	0	0	0		31	0	101	0.0	198	1	595	0.0016806722689075631
CUFF_NC.8970	5	473840	475095	-	0	0	0		82	1	348	0.0028735632183908046	357	5	1399	0.0035739814152966403
CUFF_NC.8971	5	475546	482288	-	0	0	0		512	6	2695	0.0022263450834879408	1835	26	9229	0.0028172066312709934
CUFF_NC.8972	5	478571	479571	-	0	0	0		80	1	443	0.002257336343115124	257	4	1385	0.002888086642599278
CUFF_NC.8973	5	480471	481072	-	0	0	0		38	0	177	0.0	156	2	680	0.0029411764705882353
CUFF_NC.8955	5	496842	497361	+	0	0	0		23	0	47	0.0	109	0	386	0.0
CUFF_NC.8956	5	498264	499194	+	0	0	0		37	0	203	0.0	232	2	1126	0.0017761989342806395
CUFF_NC.8957	5	498594	498939	-	0	0	0		15	0	70	0.0	103	1	403	0.0024813895781637717
CUFF_NC.8958	5	500442	500750	+	0	0	0		12	1	19	0.05263157894736842	78	0	144	0.0
CUFF_NC.8959	5	501226	501920	+	0	0	0		24	0	98	0.0	193	1	843	0.0011862396204033216
CUFF_NC.8960	5	508546	509889	+	0	0	0		58	3	324	0.009259259259259259	335	7	1599	0.004377736085053158
CUFF_NC.8961	5	513415	514040	-	0	0	0		54	0	196	0.0	126	1	424	0.0023584905660377358
CUFF_NC.8962	5	523245	523897	-	0	0	0		38	3	153	0.0196078431372549	118	3	376	0.007978723404255319
CUFF_NC.8963	5	524956	525466	+	0	0	0		17	0	75	0.0	96	2	522	0.0038314176245210726
CUFF_NC.8964	5	529411	529792	-	0	0	0		30	1	119	0.008403361344537815	108	1	497	0.002012072434607646
CUFF_NC.8965	5	530826	531515	-	0	0	0		29	1	114	0.008771929824561403	186	0	597	0.0
CUFF_NC.8966	5	545346	545910	+	0	0	0		15	0	98	0.0	150	1	966	0.0010351966873706005
CUFF_NC.8975	5	564215	564706	+	0	0	0		28	0	148	0.0	145	0	604	0.0
CUFF_NC.8974	5	575310	576486	-	0	0	0		79	2	373	0.005361930294906166	291	6	1372	0.004373177842565598
CUFF_NC.8977	5	591593	592418	-	0	0	0		56	0	240	0.0	182	1	813	0.0012300123001230013
CUFF_NC.8980	5	602787	604218	+	0	0	0		105	1	464	0.0021551724137931034	262	3	1254	0.0023923444976076554
CUFF_NC.8981	5	606566	607414	-	0	0	0		51	2	289	0.006920415224913495	226	1	1163	0.0008598452278589854
CUFF_NC.8976	5	609199	609817	+	0	0	0		13	8	79	0.10126582278481013	143	7	788	0.008883248730964468
CUFF_NC.8978	5	620451	621049	-	0	0	0		36	0	167	0.0	161	2	720	0.002777777777777778
CUFF_NC.8985	5	638477	639140	+	0	0	0		50	0	217	0.0	197	5	805	0.006211180124223602
CUFF_NC.8986	5	639818	640450	+	0	0	0		35	1	184	0.005434782608695652	168	2	738	0.0027100271002710027
CUFF_NC.8982	5	657803	658940	-	0	0	0		102	2	485	0.004123711340206186	337	5	1451	0.0034458993797381117
CUFF_NC.8979	5	659951	660603	-	0	0	0		30	0	114	0.0	159	1	689	0.001451378809869376
CUFF_NC.8983	5	672831	673368	+	0	0	0		32	0	100	0.0	145	2	525	0.0038095238095238095
CUFF_NC.8984	5	677277	678056	-	0	0	0		57	0	299	0.0	218	2	1080	0.001851851851851852
CUFF_NC.9001	5	680389	681758	-	0	0	0		85	2	369	0.005420054200542005	312	3	1336	0.002245508982035928
CUFF_NC.8987	5	705934	706343	-	0	0	0		23	1	152	0.006578947368421052	117	0	645	0.0
CUFF_NC.8988	5	710271	711037	+	0	0	0		73	2	247	0.008097165991902834	235	3	793	0.0037831021437578815
CUFF_NC.8993	5	721816	722119	-	0	0	0		30	1	121	0.008264462809917356	73	1	249	0.004016064257028112
CUFF_NC.8994	5	722755	726375	-	0	0	0		165	246	771	0.31906614785992216	793	125	3789	0.03299023489047242
CUFF_NC.8991	5	726804	727660	-	0	0	0		58	0	316	0.0	239	7	1378	0.0050798258345428155
CUFF_NC.8989	5	730145	731161	-	0	0	0		74	1	346	0.002890173410404624	208	1	853	0.0011723329425556857
CUFF_NC.8990	5	735798	736799	-	0	0	0		54	1	300	0.0033333333333333335	277	3	1561	0.0019218449711723255
CUFF_NC.8996	5	737761	740381	+	0	0	0		210	1	957	0.0010449320794148381	594	6	2410	0.0024896265560165973
CUFF_NC.8992	5	744563	745156	-	0	0	0		21	42	111	0.3783783783783784	87	47	307	0.15309446254071662
CUFF_NC.8995	5	747660	748708	-	0	0	0		48	0	204	0.0	325	8	1174	0.0068143100511073255
CUFF_NC.8999	5	760676	761869	+	0	0	0		71	1	320	0.003125	279	2	1011	0.0019782393669634025
CUFF_NC.8998	5	767664	768392	+	0	0	0		31	1	180	0.005555555555555556	207	5	1112	0.0044964028776978415
CUFF_NC.8997	5	769364	770331	-	0	0	0		49	0	222	0.0	212	3	917	0.003271537622682661
CUFF_NC.9002	5	771757	772916	+	0	0	0		93	1	456	0.0021929824561403508	349	5	1811	0.0027609055770292656
CUFF_NC.9000	5	785062	785575	-	0	0	0		16	0	86	0.0	108	2	695	0.0028776978417266188
CUFF_NC.9004	5	791963	792579	-	0	0	0		49	1	225	0.0044444444444444444	190	1	750	0.0013333333333333333
CUFF_NC.9003	5	798309	798596	-	0	0	0		28	0	169	0.0	86	0	514	0.0
CUFF_NC.9008	5	811569	812171	+	0	0	0		49	0	178	0.0	190	0	627	0.0
CUFF_NC.9007	5	826606	827016	+	0	0	0		32	1	180	0.005555555555555556	95	2	494	0.004048582995951417
CUFF_NC.9006	5	838908	839638	+	0	0	0		30	1	155	0.0064516129032258064	188	5	952	0.005252100840336135
CUFF_NC.9010	5	859177	859673	+	0	0	0		43	1	219	0.0045662100456621	145	2	684	0.0029239766081871343
CUFF_NC.9009	5	874176	874477	+	0	0	0		25	0	74	0.0	64	0	191	0.0
CUFF_NC.9012	5	894599	895255	-	0	0	0		14	0	84	0.0	216	2	983	0.002034587995930824
CUFF_NC.9011	5	895826	896403	+	0	0	0		37	0	186	0.0	161	1	831	0.0012033694344163659
CUFF_NC.9019	5	898405	900150	+	0	0	0		135	0	547	0.0	478	3	1965	0.0015267175572519084
CUFF_NC.9014	5	909738	910179	-	0	0	0		17	0	105	0.0	122	0	636	0.0
CUFF_NC.9015	5	917491	917787	-	0	0	0		22	0	115	0.0	82	0	388	0.0
CUFF_NC.9016	5	917923	918480	-	0	0	0		30	0	151	0.0	155	0	698	0.0
CUFF_NC.9017	5	919282	921931	-	0	0	0		197	6	1066	0.005628517823639775	700	10	3407	0.0029351335485764602
CUFF_NC.9027	5	937675	938412	-	0	0	0		46	0	211	0.0	175	3	900	0.0033333333333333335
CUFF_NC.9018	5	940787	941450	-	0	0	0		22	0	149	0.0	153	3	1052	0.0028517110266159697
CUFF_NC.9020	5	947096	949003	-	0	0	0		113	1	507	0.0019723865877712033	417	8	1907	0.004195070791819612
CUFF_NC.9023	5	965339	965797	+	0	0	0		12	0	73	0.0	119	4	785	0.005095541401273885
CUFF_NC.9024	5	966229	967478	+	0	0	0		83	1	475	0.002105263157894737	301	4	1513	0.0026437541308658294
CUFF_NC.9021	5	973542	974305	+	0	0	0		46	0	218	0.0	215	2	835	0.0023952095808383233
CUFF_NC.9022	5	978966	979939	+	0	0	0		76	1	206	0.0048543689320388345	224	3	667	0.004497751124437781
CUFF_NC.9025	5	985748	986014	+	0	0	0		2	0	6	0.0	60	0	238	0.0
CUFF_NC.9028	5	997677	998192	-	0	0	0		5	0	11	0.0	30	0	93	0.0
CUFF_NC.9026	5	1013696	1016534	+	0	0	0		130	1	563	0.0017761989342806395	556	12	2325	0.005161290322580645
CUFF_NC.9033	5	1030160	1032171	+	0	0	0		106	3	548	0.005474452554744526	535	6	2690	0.0022304832713754648
CUFF_NC.9029	5	1035678	1037413	+	0	0	0		90	1	430	0.002325581395348837	437	3	1675	0.001791044776119403
CUFF_NC.9032	5	1038398	1039465	+	0	0	0		63	2	359	0.005571030640668524	291	5	1560	0.003205128205128205
CUFF_NC.9031	5	1042462	1042743	-	0	0	0		3	0	5	0.0	56	0	71	0.0
CUFF_NC.9030	5	1047259	1047619	-	0	0	0		20	1	101	0.009900990099009901	118	1	508	0.001968503937007874
CUFF_NC.9034	5	1051747	1052235	-	0	0	0		40	0	193	0.0	126	3	616	0.00487012987012987
CUFF_NC.9037	5	1084563	1085692	+	0	0	0		62	2	286	0.006993006993006993	351	8	1403	0.005702066999287242
CUFF_NC.9036	5	1089259	1090182	-	0	0	0		48	1	226	0.004424778761061947	210	3	994	0.0030181086519114686
CUFF_NC.9048	5	1097657	1098058	-	0	0	0		24	0	83	0.0	97	2	332	0.006024096385542169
CUFF_NC.9035	5	1108891	1109362	-	0	0	0		10	0	59	0.0	116	2	619	0.0032310177705977385
CUFF_NC.9042	5	1123596	1124036	+	0	0	0		37	0	199	0.0	124	5	712	0.007022471910112359
CUFF_NC.9038	5	1144132	1145135	+	0	0	0		41	0	210	0.0	237	0	1139	0.0
CUFF_NC.9039	5	1145496	1145828	-	0	0	0		27	0	155	0.0	40	0	128	0.0
CUFF_NC.9045	5	1158023	1158596	+	0	0	0		40	1	250	0.004	153	2	863	0.002317497103128621
CUFF_NC.9040	5	1160538	1161433	-	0	0	0		50	1	186	0.005376344086021506	232	0	927	0.0
CUFF_NC.9041	5	1162483	1163799	-	0	0	0		99	1	383	0.0026109660574412533	346	3	1350	0.0022222222222222222
CUFF_NC.9047	5	1171468	1172133	-	0	0	0		63	1	238	0.004201680672268907	176	4	742	0.005390835579514825
CUFF_NC.9043	5	1180844	1181333	-	0	0	0		13	44	119	0.3697478991596639	98	32	862	0.037122969837587005
CUFF_NC.9046	5	1182066	1182618	+	0	0	0		20	30	93	0.3225806451612903	147	21	814	0.025798525798525797
CUFF_NC.9052	5	1201526	1202656	-	0	0	0		112	2	427	0.00468384074941452	389	2	1000	0.002
CUFF_NC.9051	5	1205980	1207234	+	0	0	0		77	0	304	0.0	317	2	1161	0.0017226528854435831
CUFF_NC.9049	5	1219812	1220506	-	0	0	0		26	0	116	0.0	179	2	775	0.0025806451612903226
CUFF_NC.9050	5	1221014	1221359	-	0	0	0		6	0	32	0.0	117	2	484	0.004132231404958678
CUFF_NC.9062	5	1225366	1225713	-	0	0	0		17	0	87	0.0	94	0	457	0.0
CUFF_NC.9055	5	1238734	1240451	-	0	0	0		89	0	305	0.0	492	3	1720	0.0017441860465116279
CUFF_NC.9053	5	1240882	1241344	+	0	0	0		22	1	133	0.007518796992481203	106	0	746	0.0
CUFF_NC.9054	5	1242484	1243336	-	0	0	0		60	2	260	0.007692307692307693	238	2	856	0.002336448598130841
CUFF_NC.9057	5	1254783	1255226	-	0	0	0		24	0	84	0.0	123	1	414	0.0024154589371980675
CUFF_NC.9058	5	1259802	1261143	-	0	0	0		101	2	419	0.00477326968973747	415	5	1543	0.0032404406999351912
CUFF_NC.9056	5	1270617	1271435	+	0	0	0		18	0	70	0.0	222	3	1119	0.002680965147453083
CUFF_NC.9067	5	1271545	1273250	+	0	0	0		106	1	409	0.0024449877750611247	409	6	1670	0.003592814371257485
CUFF_NC.9068	5	1277023	1278102	+	0	0	0		61	0	295	0.0	268	4	1226	0.0032626427406199023
CUFF_NC.9059	5	1279457	1280438	-	0	0	0		56	0	255	0.0	219	3	941	0.003188097768331562
CUFF_NC.9063	5	1290152	1291307	+	0	0	0		84	0	421	0.0	262	4	1220	0.003278688524590164
CUFF_NC.9060	5	1292086	1293836	+	0	0	0		90	1	367	0.0027247956403269754	496	4	1969	0.002031488065007618
CUFF_NC.9061	5	1304504	1305563	+	0	0	0		87	2	396	0.005050505050505051	305	4	1409	0.0028388928317956
CUFF_NC.9075	5	1310502	1311464	-	0	0	0		109	0	493	0.0	283	1	1230	0.0008130081300813008
CUFF_NC.9065	5	1330478	1331740	-	0	0	0		88	3	382	0.007853403141361256	282	3	1186	0.002529510961214165
CUFF_NC.9064	5	1333395	1333737	-	0	0	0		23	0	144	0.0	97	0	594	0.0
CUFF_NC.9066	5	1341612	1343953	-	0	0	0		93	2	480	0.004166666666666667	611	27	3301	0.008179339594062406
CUFF_NC.9074	5	1354274	1356747	+	0	0	0		156	4	689	0.005805515239477504	643	4	2780	0.0014388489208633094
CUFF_NC.9072	5	1373672	1374232	+	0	0	0		38	0	134	0.0	136	3	632	0.004746835443037975
CUFF_NC.9069	5	1377919	1378373	+	0	0	0		14	0	95	0.0	111	2	942	0.0021231422505307855
CUFF_NC.9070	5	1378973	1380510	-	0	0	0		144	1	477	0.0020964360587002098	346	3	1208	0.0024834437086092716
CUFF_NC.9071	5	1381580	1382344	-	0	0	0		39	0	155	0.0	212	4	732	0.00546448087431694
CUFF_NC.9076	5	1392982	1393860	-	0	0	0		59	2	272	0.007352941176470588	247	4	1120	0.0035714285714285713
CUFF_NC.9073	5	1399325	1400530	-	0	0	0		67	1	208	0.004807692307692308	234	1	728	0.0013736263736263737
CUFF_NC.9099	5	1438090	1438455	-	0	0	0		39	0	194	0.0	88	0	396	0.0
CUFF_NC.9098	5	1440955	1441462	+	0	0	0		29	1	151	0.006622516556291391	158	2	651	0.0030721966205837174
CUFF_NC.9081	5	1444627	1445144	-	0	0	0		12	0	47	0.0	108	0	337	0.0
CUFF_NC.9082	5	1447820	1449588	-	0	0	0		142	4	785	0.005095541401273885	509	9	2766	0.0032537960954446853
CUFF_NC.9077	5	1450081	1450542	+	0	0	0		25	0	110	0.0	119	3	531	0.005649717514124294
CUFF_NC.9078	5	1450181	1450683	-	0	0	0		27	0	135	0.0	130	4	685	0.00583941605839416
CUFF_NC.9079	5	1455809	1456901	+	0	0	0		84	0	388	0.0	330	4	1455	0.0027491408934707906
CUFF_NC.9084	5	1471549	1472243	+	0	0	0		62	2	315	0.006349206349206349	184	2	1028	0.0019455252918287938
CUFF_NC.9085	5	1475144	1475593	+	0	0	0		29	0	139	0.0	137	2	637	0.0031397174254317113
CUFF_NC.9087	5	1499166	1500919	+	0	0	0		75	1	357	0.0028011204481792717	490	8	2404	0.0033277870216306157
CUFF_NC.9083	5	1501511	1501863	+	0	0	0		5	0	26	0.0	71	2	330	0.006060606060606061
CUFF_NC.9086	5	1505888	1506539	+	0	0	0		62	0	314	0.0	194	2	895	0.0022346368715083797
CUFF_NC.9088	5	1509750	1510350	+	0	0	0		25	1	120	0.008333333333333333	148	0	640	0.0
CUFF_NC.9090	5	1513561	1513910	-	0	0	0		20	1	98	0.01020408163265306	86	0	481	0.0
CUFF_NC.9091	5	1514280	1514885	-	0	0	0		55	0	213	0.0	195	1	739	0.0013531799729364006
CUFF_NC.9092	5	1522167	1522513	-	0	0	0		33	1	151	0.006622516556291391	101	2	473	0.004228329809725159
CUFF_NC.9093	5	1548579	1549629	-	0	0	0		76	0	399	0.0	270	5	1145	0.004366812227074236
CUFF_NC.9097	5	1554116	1554792	+	0	0	0		53	2	275	0.007272727272727273	191	5	1037	0.0048216007714561235
CUFF_NC.9094	5	1557105	1558554	+	0	0	0		92	2	337	0.005934718100890208	338	7	1233	0.0056772100567721
CUFF_NC.9095	5	1562045	1563114	-	0	0	0		39	0	249	0.0	278	9	1775	0.0050704225352112674
CUFF_NC.9096	5	1570115	1570710	+	0	0	0		42	0	218	0.0	153	1	778	0.0012853470437017994
CUFF_NC.9100	5	1585412	1586377	-	0	0	0		62	0	287	0.0	288	2	1255	0.0015936254980079682
CUFF_NC.9101	5	1595802	1596407	-	0	0	0		41	0	180	0.0	142	2	635	0.0031496062992125984
CUFF_NC.9103	5	1606377	1607821	+	0	0	0		61	2	332	0.006024096385542169	400	12	2218	0.005410279531109108
CUFF_NC.9102	5	1608932	1610387	-	0	0	0		78	2	320	0.00625	366	4	1602	0.0024968789013732834
CUFF_NC.9104	5	1617636	1620145	-	0	0	0		139	2	820	0.0024390243902439024	695	19	3823	0.004969918911849333
CUFF_NC.9106	5	1635508	1636126	-	0	0	0		41	1	183	0.00546448087431694	160	3	623	0.004815409309791332
CUFF_NC.9125	5	1667054	1667906	+	0	0	0		35	0	96	0.0	136	2	356	0.0056179775280898875
CUFF_NC.9126	5	1668041	1668572	+	0	0	0		23	0	114	0.0	94	0	531	0.0
CUFF_NC.9105	5	1671855	1673078	-	0	0	0		31	0	113	0.0	297	2	1097	0.0018231540565177757
CUFF_NC.9107	5	1677053	1677585	+	0	0	0		21	0	82	0.0	152	0	586	0.0
CUFF_NC.9118	5	1696526	1696802	+	0	0	0		23	0	113	0.0	82	2	377	0.005305039787798408
CUFF_NC.9119	5	1705518	1706023	+	0	0	0		18	1	57	0.017543859649122806	146	1	478	0.0020920502092050207
CUFF_NC.9120	5	1706309	1712337	+	0	0	0		171	3	963	0.003115264797507788	1442	25	8564	0.002919196637085474
CUFF_NC.9112	5	1727599	1727997	-	0	0	0		27	0	96	0.0	83	1	305	0.003278688524590164
CUFF_NC.9110	5	1729779	1730163	+	0	0	0		36	0	183	0.0	103	0	495	0.0
CUFF_NC.9111	5	1730554	1731037	+	0	0	0		41	1	217	0.004608294930875576	107	0	537	0.0
CUFF_NC.9108	5	1740974	1741487	+	0	0	0		30	0	159	0.0	147	3	675	0.0044444444444444444
CUFF_NC.9113	5	1743915	1744553	+	0	0	0		44	0	172	0.0	181	4	653	0.006125574272588055
CUFF_NC.9109	5	1746598	1748163	-	0	0	0		121	3	485	0.006185567010309278	381	2	1279	0.001563721657544957
CUFF_NC.9116	5	1753616	1754328	+	0	0	0		39	2	197	0.01015228426395939	187	4	1040	0.0038461538461538464
CUFF_NC.9117	5	1759394	1760769	+	0	0	0		77	0	328	0.0	395	1	1748	0.0005720823798627002
CUFF_NC.9114	5	1765356	1766235	-	0	0	0		37	1	191	0.005235602094240838	230	3	1140	0.002631578947368421
CUFF_NC.9115	5	1766537	1767176	-	0	0	0		46	0	220	0.0	174	2	797	0.002509410288582183
CUFF_NC.9121	5	1769739	1770137	-	0	0	0		19	0	73	0.0	110	0	403	0.0
CUFF_NC.9122	5	1770654	1775922	-	0	0	0		243	6	1115	0.0053811659192825115	1230	16	5923	0.0027013337835556307
CUFF_NC.9123	5	1772549	1774841	-	0	0	0		145	2	615	0.0032520325203252032	607	10	2596	0.003852080123266564
CUFF_NC.9124	5	1787899	1788439	-	0	0	0		38	0	205	0.0	155	4	886	0.004514672686230248
CUFF_NC.9130	5	1797150	1797567	-	0	0	0		40	0	175	0.0	99	1	474	0.002109704641350211
CUFF_NC.9128	5	1809914	1810192	-	0	0	0		23	0	89	0.0	78	3	288	0.010416666666666666
CUFF_NC.9127	5	1816740	1818096	+	0	0	0		84	131	280	0.46785714285714286	339	63	1341	0.04697986577181208
CUFF_NC.9129	5	1860357	1860875	+	0	0	0		35	0	167	0.0	143	0	586	0.0
CUFF_NC.9138	5	1903447	1904015	+	0	0	0		39	0	161	0.0	157	1	645	0.0015503875968992248
CUFF_NC.9131	5	1912634	1914351	-	0	0	0		89	0	352	0.0	419	5	1697	0.0029463759575721863
CUFF_NC.9132	5	1934842	1935783	+	0	0	0		44	0	177	0.0	240	1	953	0.001049317943336831
CUFF_NC.9137	5	1942502	1942840	-	0	0	0		30	0	143	0.0	103	0	463	0.0
CUFF_NC.9133	5	1952696	1954295	-	0	0	0		147	0	551	0.0	427	5	1597	0.0031308703819661866
CUFF_NC.9134	5	1968097	1968842	+	0	0	0		33	1	176	0.005681818181818182	230	3	1153	0.0026019080659150044
CUFF_NC.9136	5	1974677	1975719	+	0	0	0		50	0	291	0.0	305	11	1612	0.006823821339950372
CUFF_NC.9135	5	1975980	1976425	+	0	0	0		37	0	224	0.0	119	3	731	0.004103967168262654
CUFF_NC.9139	5	1977798	1978898	+	0	0	0		51	0	233	0.0	276	3	1241	0.0024174053182917004
CUFF_NC.9140	5	1979737	1981358	+	0	0	0		49	14	269	0.05204460966542751	379	12	2140	0.005607476635514018
CUFF_NC.9141	5	2000374	2001010	+	0	0	0		39	1	229	0.004366812227074236	172	4	810	0.0049382716049382715
CUFF_NC.9142	5	2005979	2007353	+	0	0	0		52	1	272	0.003676470588235294	307	6	1742	0.003444316877152698
CUFF_NC.9152	5	2010292	2011273	+	0	0	0		73	0	276	0.0	301	2	1245	0.001606425702811245
CUFF_NC.9143	5	2043492	2043938	-	0	0	0		15	0	57	0.0	130	4	497	0.008048289738430584
CUFF_NC.9151	5	2054897	2055417	+	0	0	0		20	0	82	0.0	79	2	360	0.005555555555555556
CUFF_NC.9144	5	2056826	2057487	-	0	0	0		40	1	166	0.006024096385542169	194	1	800	0.00125
CUFF_NC.9146	5	2068220	2070479	+	0	0	0		115	2	620	0.0032258064516129032	562	11	3182	0.0034569453174104338
CUFF_NC.9149	5	2088727	2089327	+	0	0	0		28	0	127	0.0	174	2	840	0.002380952380952381
CUFF_NC.9147	5	2094305	2094795	+	0	0	0		16	2	40	0.05	160	0	442	0.0
CUFF_NC.9148	5	2096739	2097256	+	0	0	0		26	0	145	0.0	116	1	449	0.0022271714922048997
CUFF_NC.9145	5	2097739	2099096	+	0	0	0		55	0	224	0.0	394	3	1604	0.0018703241895261845
CUFF_NC.9150	5	2105214	2105653	-	0	0	0		14	1	71	0.014084507042253521	122	1	562	0.0017793594306049821
CUFF_NC.9153	5	2120364	2121236	-	0	0	0		22	0	87	0.0	249	3	871	0.003444316877152698
CUFF_NC.9154	5	2132117	2135037	-	0	0	0		182	4	996	0.004016064257028112	773	9	4010	0.0022443890274314216
CUFF_NC.9159	5	2169101	2170590	-	0	0	0		86	1	428	0.002336448598130841	367	5	1748	0.002860411899313501
CUFF_NC.9157	5	2171581	2176494	+	0	0	0		165	1	746	0.0013404825737265416	1246	16	5814	0.0027519779841761265
CUFF_NC.9155	5	2179754	2180277	+	0	0	0		19	0	65	0.0	113	2	445	0.0044943820224719105
CUFF_NC.9156	5	2183529	2185769	+	0	0	0		174	3	820	0.003658536585365854	602	11	2698	0.00407709414381023
CUFF_NC.9158	5	2215578	2218171	-	0	0	0		192	1	781	0.0012804097311139564	735	5	2958	0.0016903313049357674
CUFF_NC.9166	5	2226405	2227563	+	0	0	0		49	0	173	0.0	263	4	1121	0.003568242640499554
CUFF_NC.9161	5	2266300	2266747	+	0	0	0		26	0	86	0.0	118	1	458	0.002183406113537118
CUFF_NC.9162	5	2272848	2274174	-	0	0	0		80	2	384	0.005208333333333333	363	6	1781	0.003368893879842785
CUFF_NC.9169	5	2282336	2283581	-	0	0	0		93	2	366	0.00546448087431694	358	4	1639	0.0024405125076266015
CUFF_NC.9163	5	2286449	2287009	-	0	0	0		66	2	368	0.005434782608695652	163	4	932	0.004291845493562232
CUFF_NC.9164	5	2287320	2288128	-	0	0	0		69	0	251	0.0	251	2	822	0.0024330900243309003
CUFF_NC.9167	5	2292993	2293958	-	0	0	0		46	0	155	0.0	190	1	625	0.0016
CUFF_NC.9168	5	2296934	2297423	-	0	0	0		38	0	160	0.0	148	4	518	0.007722007722007722
CUFF_NC.9165	5	2313118	2313563	-	0	0	0		19	0	59	0.0	94	0	334	0.0
CUFF_NC.9175	5	2317802	2318743	-	0	0	0		56	1	243	0.00411522633744856	326	2	1275	0.001568627450980392
CUFF_NC.9174	5	2321423	2321881	+	0	0	0		49	0	308	0.0	113	2	657	0.0030441400304414
CUFF_NC.9173	5	2343891	2345426	-	0	0	0		128	3	674	0.004451038575667656	434	5	2230	0.002242152466367713
CUFF_NC.9172	5	2349550	2353171	-	0	0	0		188	1	873	0.001145475372279496	891	16	4311	0.003711435861749014
CUFF_NC.9170	5	2354492	2355233	+	0	0	0		38	1	184	0.005434782608695652	155	1	786	0.001272264631043257
CUFF_NC.9171	5	2355198	2355701	-	0	0	0		28	1	154	0.006493506493506494	102	2	656	0.003048780487804878
CUFF_NC.9177	5	2364820	2365500	+	0	0	0		45	2	272	0.007352941176470588	187	7	1104	0.006340579710144928
CUFF_NC.9176	5	2365689	2366191	+	0	0	0		14	0	81	0.0	141	0	787	0.0
CUFF_NC.9182	5	2380028	2380734	+	0	0	0		70	1	225	0.0044444444444444444	156	0	541	0.0
CUFF_NC.9179	5	2403640	2404061	+	0	0	0		23	1	145	0.006896551724137931	114	2	675	0.002962962962962963
CUFF_NC.9178	5	2404176	2405730	+	0	0	0		101	0	374	0.0	371	5	1686	0.0029655990510083037
CUFF_NC.9180	5	2447702	2448325	-	0	0	0		43	0	200	0.0	167	1	850	0.001176470588235294
CUFF_NC.9181	5	2457837	2458246	+	0	0	0		38	0	162	0.0	97	0	394	0.0
CUFF_NC.9192	5	2468242	2468638	-	0	0	0		26	0	89	0.0	130	1	461	0.0021691973969631237
CUFF_NC.9193	5	2478457	2480003	-	0	0	0		75	2	354	0.005649717514124294	491	6	1887	0.003179650238473768
CUFF_NC.9184	5	2488525	2489488	+	0	0	0		29	0	121	0.0	266	2	1076	0.0018587360594795538
CUFF_NC.9185	5	2499954	2500538	+	0	0	0		39	0	191	0.0	190	3	939	0.003194888178913738
CUFF_NC.9183	5	2517973	2518529	+	0	0	0		44	0	212	0.0	152	1	720	0.001388888888888889
CUFF_NC.9188	5	2520850	2521290	-	0	0	0		28	0	140	0.0	141	1	772	0.0012953367875647669
CUFF_NC.9186	5	2560328	2560904	-	0	0	0		32	2	148	0.013513513513513514	178	2	689	0.002902757619738752
CUFF_NC.9187	5	2561363	2562072	-	0	0	0		42	1	240	0.004166666666666667	141	0	824	0.0
CUFF_NC.9190	5	2577197	2577659	+	0	0	0		11	0	68	0.0	156	2	771	0.0025940337224383916
CUFF_NC.9189	5	2582143	2582567	-	0	0	0		28	0	157	0.0	117	0	710	0.0
CUFF_NC.9196	5	2594329	2596816	+	0	0	0		168	3	678	0.004424778761061947	656	6	2967	0.0020222446916076846
CUFF_NC.9197	5	2599947	2600433	+	0	0	0		28	0	110	0.0	113	3	620	0.004838709677419355
CUFF_NC.9198	5	2606728	2609100	+	0	0	0		145	2	620	0.0032258064516129032	665	10	2935	0.0034071550255536627
CUFF_NC.9191	5	2612154	2612860	-	0	0	0		25	0	165	0.0	158	3	863	0.0034762456546929316
CUFF_NC.9194	5	2628649	2630653	+	0	0	0		148	1	777	0.001287001287001287	527	15	2652	0.005656108597285068
CUFF_NC.9195	5	2660859	2661180	-	0	0	0		16	0	44	0.0	85	0	235	0.0
CUFF_NC.9200	5	2680375	2681866	-	0	0	0		113	3	436	0.006880733944954129	399	6	1344	0.004464285714285714
CUFF_NC.9199	5	2709925	2710364	+	0	0	0		22	0	90	0.0	80	1	308	0.003246753246753247
CUFF_NC.9215	5	2720841	2721285	-	0	0	0		30	0	162	0.0	118	2	673	0.0029717682020802376
CUFF_NC.9208	5	2737743	2738115	-	0	0	0		28	0	141	0.0	105	4	494	0.008097165991902834
CUFF_NC.9201	5	2757363	2757997	+	0	0	0		42	2	185	0.010810810810810811	198	3	900	0.0033333333333333335
CUFF_NC.9202	5	2760578	2761306	+	0	0	0		53	0	230	0.0	256	6	967	0.0062047569803516025
CUFF_NC.9204	5	2776922	2777233	-	0	0	0		31	1	175	0.005714285714285714	83	1	453	0.002207505518763797
CUFF_NC.9205	5	2785307	2786446	-	0	0	0		68	1	398	0.002512562814070352	301	1	1421	0.0007037297677691766
CUFF_NC.9203	5	2799651	2800550	+	0	0	0		64	2	334	0.005988023952095809	269	8	1321	0.006056018168054504
CUFF_NC.9206	5	2844828	2845577	+	0	0	0		46	2	204	0.00980392156862745	177	5	698	0.0071633237822349575
CUFF_NC.9209	5	2849247	2849566	+	0	0	0		14	0	75	0.0	98	2	496	0.004032258064516129
CUFF_NC.9207	5	2865062	2865398	+	0	0	0		21	0	69	0.0	76	0	243	0.0
CUFF_NC.9211	5	2872695	2873058	-	0	0	0		30	0	160	0.0	105	1	496	0.0020161290322580645
CUFF_NC.9210	5	2889408	2889810	+	0	0	0		28	0	74	0.0	107	0	311	0.0
CUFF_NC.9229	5	2892339	2893278	+	0	0	0		70	2	473	0.004228329809725159	265	1	1585	0.0006309148264984228
CUFF_NC.9230	5	2893428	2893936	+	0	0	0		39	1	180	0.005555555555555556	169	1	827	0.0012091898428053204
CUFF_NC.9212	5	2940442	2941493	-	0	0	0		51	6	238	0.025210084033613446	235	4	938	0.0042643923240938165
CUFF_NC.9216	5	2943886	2945464	+	0	0	0		110	2	480	0.004166666666666667	469	3	1939	0.0015471892728210418
CUFF_NC.9214	5	2949218	2950027	+	0	0	0		61	0	244	0.0	192	2	703	0.002844950213371266
CUFF_NC.9213	5	2951013	2951678	+	0	0	0		53	1	279	0.0035842293906810036	192	0	921	0.0
CUFF_NC.9218	5	2952412	2954406	+	0	0	0		96	0	458	0.0	483	4	2196	0.0018214936247723133
CUFF_NC.9219	5	2954044	2955932	+	0	0	0		133	2	629	0.003179650238473768	523	7	2619	0.002672775868652157
CUFF_NC.9217	5	2958538	2958955	+	0	0	0		31	1	116	0.008620689655172414	102	1	292	0.003424657534246575
CUFF_NC.9221	5	2959826	2963447	+	0	0	0		269	3	1210	0.0024793388429752068	978	10	4604	0.002172024326672459
CUFF_NC.9224	5	2979568	2980333	-	0	0	0		1	0	1	0.0	30	1	63	0.015873015873015872
CUFF_NC.9220	5	2983544	2985595	+	0	0	0		210	3	1030	0.002912621359223301	530	5	2597	0.0019252984212552945
CUFF_NC.9223	5	2994233	2994785	+	0	0	0		42	0	204	0.0	168	1	784	0.0012755102040816326
CUFF_NC.9231	5	3003694	3005570	+	0	0	0		126	1	458	0.002183406113537118	424	6	1593	0.003766478342749529
CUFF_NC.9222	5	3006814	3007322	-	0	0	0		5	7	17	0.4117647058823529	31	16	157	0.10191082802547771
CUFF_NC.9226	5	3014928	3015743	+	0	0	0		53	0	283	0.0	185	0	898	0.0
CUFF_NC.9225	5	3026125	3027188	+	0	0	0		48	0	185	0.0	256	0	804	0.0
CUFF_NC.9227	5	3031935	3033482	-	0	0	0		95	2	383	0.005221932114882507	352	2	1078	0.0018552875695732839
CUFF_NC.9228	5	3043638	3044394	+	0	0	0		56	0	231	0.0	170	4	839	0.004767580452920143
CUFF_NC.9232	5	3046968	3047636	-	0	0	0		25	1	148	0.006756756756756757	198	3	862	0.0034802784222737818
CUFF_NC.9233	5	3060779	3062082	-	0	0	0		104	0	533	0.0	375	5	1747	0.0028620492272467086
CUFF_NC.9234	5	3063365	3063774	+	0	0	0		31	0	160	0.0	116	1	599	0.001669449081803005
CUFF_NC.9235	5	3064777	3065247	+	0	0	0		33	1	149	0.006711409395973154	126	3	639	0.004694835680751174
CUFF_NC.9236	5	3069561	3070920	-	0	0	0		104	4	476	0.008403361344537815	351	5	1559	0.003207184092366902
CUFF_NC.9242	5	3089962	3090282	+	0	0	0		25	0	115	0.0	91	0	458	0.0
CUFF_NC.9237	5	3099087	3099853	+	0	0	0		50	3	242	0.012396694214876033	227	2	983	0.002034587995930824
CUFF_NC.9238	5	3112175	3113241	-	0	0	0		83	1	325	0.003076923076923077	292	3	1040	0.0028846153846153848
CUFF_NC.9240	5	3127950	3128611	-	0	0	0		40	0	216	0.0	172	2	624	0.003205128205128205
CUFF_NC.9239	5	3132011	3132844	+	0	0	0		13	0	27	0.0	82	0	156	0.0
CUFF_NC.9245	5	3134491	3137156	-	0	0	0		217	3	984	0.003048780487804878	758	9	3523	0.002554640931024695
CUFF_NC.9244	5	3139787	3140476	+	0	0	0		38	1	197	0.005076142131979695	155	3	788	0.0038071065989847717
CUFF_NC.9241	5	3166860	3167672	+	0	0	0		74	0	375	0.0	213	2	1276	0.001567398119122257
CUFF_NC.9246	5	3173370	3179769	+	0	0	0		259	8	1380	0.005797101449275362	1552	19	7653	0.002482686528158892
CUFF_NC.9243	5	3182035	3184111	+	0	0	0		130	3	654	0.0045871559633027525	519	9	2537	0.0035474970437524636
CUFF_NC.9248	5	3198912	3199609	-	0	0	0		52	0	180	0.0	176	0	621	0.0
CUFF_NC.9247	5	3212764	3213476	+	0	0	0		56	2	257	0.007782101167315175	197	0	893	0.0
CUFF_NC.9251	5	3247701	3252774	+	0	0	0		177	3	829	0.0036188178528347406	534	5	2296	0.0021777003484320556
CUFF_NC.9249	5	3253657	3254975	-	0	0	0		70	2	352	0.005681818181818182	394	3	1906	0.0015739769150052466
CUFF_NC.9250	5	3264005	3267440	-	0	0	0		237	2	936	0.002136752136752137	907	14	3517	0.00398066533977822
CUFF_NC.9252	5	3270348	3271113	+	0	0	0		59	0	199	0.0	171	0	615	0.0
CUFF_NC.9254	5	3271692	3272548	-	0	0	0		28	0	122	0.0	220	7	1281	0.00546448087431694
CUFF_NC.9253	5	3286879	3287295	+	0	0	0		20	0	101	0.0	97	2	538	0.0037174721189591076
CUFF_NC.9258	5	3315272	3316405	-	0	0	0		51	0	263	0.0	252	2	1262	0.001584786053882726
CUFF_NC.9259	5	3330575	3331047	-	0	0	0		17	0	104	0.0	156	4	896	0.004464285714285714
CUFF_NC.9257	5	3336331	3338110	+	0	0	0		158	3	661	0.0045385779122541605	463	10	1948	0.00513347022587269
CUFF_NC.9256	5	3341100	3342065	-	0	0	0		33	0	144	0.0	259	3	1104	0.002717391304347826
CUFF_NC.9260	5	3367709	3368646	+	0	0	0		51	0	197	0.0	207	1	731	0.0013679890560875513
CUFF_NC.9265	5	3397411	3397987	-	0	0	0		37	1	200	0.005	165	4	853	0.004689331770222743
CUFF_NC.9262	5	3398831	3400100	-	0	0	0		97	1	261	0.0038314176245210726	312	3	945	0.0031746031746031746
CUFF_NC.9261	5	3403361	3404915	+	0	0	0		131	0	534	0.0	338	2	1375	0.0014545454545454545
CUFF_NC.9274	5	3421167	3421970	+	0	0	0		49	0	265	0.0	238	4	1420	0.0028169014084507044
CUFF_NC.9263	5	3430012	3430458	+	0	0	0		36	0	202	0.0	124	5	637	0.007849293563579277
CUFF_NC.9264	5	3430737	3431510	+	0	0	0		49	1	215	0.004651162790697674	211	2	830	0.0024096385542168677
CUFF_NC.9266	5	3459305	3460289	+	0	0	0		62	0	317	0.0	290	1	1204	0.0008305647840531562
CUFF_NC.9267	5	3467826	3472089	-	0	0	0		220	6	1079	0.005560704355885079	1220	16	5949	0.002689527651706169
CUFF_NC.9268	5	3478811	3480504	+	0	0	0		100	1	418	0.0023923444976076554	425	5	1666	0.003001200480192077
CUFF_NC.9271	5	3510127	3511288	-	0	0	0		75	0	299	0.0	280	5	1135	0.004405286343612335
CUFF_NC.9269	5	3525363	3526011	-	0	0	0		36	0	112	0.0	135	0	499	0.0
CUFF_NC.9275	5	3554859	3555393	-	0	0	0		34	0	132	0.0	146	1	572	0.0017482517482517483
CUFF_NC.9276	5	3556495	3556819	-	0	0	0		14	0	63	0.0	87	1	349	0.0028653295128939827
CUFF_NC.9272	5	3579584	3580069	-	0	0	0		12	0	56	0.0	106	0	447	0.0
CUFF_NC.9273	5	3581062	3581900	-	0	0	0		40	0	212	0.0	244	2	1121	0.001784121320249777
CUFF_NC.9280	5	3591499	3592033	+	0	0	0		40	1	201	0.004975124378109453	158	1	776	0.001288659793814433
CUFF_NC.9281	5	3594622	3595214	+	0	0	0		34	0	143	0.0	173	1	760	0.0013157894736842105
CUFF_NC.9277	5	3596253	3596651	+	0	0	0		22	1	100	0.01	121	2	462	0.004329004329004329
CUFF_NC.9278	5	3615810	3616271	-	0	0	0		16	0	66	0.0	138	1	518	0.0019305019305019305
CUFF_NC.9283	5	3621518	3622198	-	0	0	0		68	1	225	0.0044444444444444444	130	1	437	0.002288329519450801
CUFF_NC.9279	5	3642075	3643062	+	0	0	0		40	0	175	0.0	277	2	1276	0.001567398119122257
CUFF_NC.9282	5	3671118	3671538	+	0	0	0		32	1	154	0.006493506493506494	99	0	473	0.0
CUFF_NC.9284	5	3708039	3709432	+	0	0	0		78	0	252	0.0	314	3	991	0.0030272452068617556
CUFF_NC.9285	5	3719896	3721233	-	0	0	0		108	4	436	0.009174311926605505	411	1	1651	0.0006056935190793458
CUFF_NC.9286	5	3734069	3735161	+	0	0	0		76	2	393	0.005089058524173028	284	3	1523	0.001969796454366382
CUFF_NC.9287	5	3762953	3765756	+	0	0	0		203	4	998	0.004008016032064128	745	6	3737	0.0016055659620016055
CUFF_NC.9288	5	3784230	3784693	-	0	0	0		29	0	96	0.0	114	2	539	0.0037105751391465678
CUFF_NC.9292	5	3800334	3802729	-	0	0	0		145	0	760	0.0	635	8	3128	0.0025575447570332483
CUFF_NC.9289	5	3814190	3814712	+	0	0	0		33	0	157	0.0	111	0	346	0.0
CUFF_NC.9291	5	3814909	3815598	-	0	0	0		26	0	153	0.0	168	3	862	0.0034802784222737818
CUFF_NC.9290	5	3815253	3815735	+	0	0	0		22	0	134	0.0	113	3	791	0.0037926675094816687
CUFF_NC.9293	5	3830141	3830992	+	0	0	0		25	0	136	0.0	245	1	1206	0.0008291873963515755
CUFF_NC.9294	5	3831410	3833134	-	0	0	0		134	0	534	0.0	415	5	1810	0.0027624309392265192
CUFF_NC.9297	5	3854479	3857382	-	0	0	0		116	1	609	0.0016420361247947454	839	11	4365	0.0025200458190148913
CUFF_NC.9295	5	3872536	3873477	+	0	0	0		29	0	94	0.0	281	3	1004	0.00298804780876494
CUFF_NC.9296	5	3874695	3875373	+	0	0	0		53	2	299	0.006688963210702341	210	2	942	0.0021231422505307855
CUFF_NC.9298	5	3890167	3891331	-	0	0	0		69	0	343	0.0	288	1	1132	0.0008833922261484099
CUFF_NC.9299	5	3898107	3898698	+	0	0	0		40	1	222	0.0045045045045045045	166	2	795	0.0025157232704402514
CUFF_NC.9305	5	3924189	3924814	+	0	0	0		45	0	261	0.0	184	1	1091	0.0009165902841429881
CUFF_NC.9302	5	3931387	3932281	-	0	0	0		55	0	199	0.0	228	1	971	0.0010298661174047373
CUFF_NC.9300	5	3940676	3941180	+	0	0	0		29	2	126	0.015873015873015872	121	3	511	0.005870841487279843
CUFF_NC.9304	5	3952002	3952314	-	0	0	0		17	0	92	0.0	89	3	452	0.00663716814159292
CUFF_NC.9303	5	3961173	3962683	+	0	0	0		138	1	528	0.001893939393939394	445	4	1593	0.0025109855618330196
CUFF_NC.9301	5	3970034	3971528	+	0	0	0		79	0	370	0.0	425	8	1952	0.004098360655737705
CUFF_NC.9307	5	3971817	3973690	+	0	0	0		137	6	716	0.008379888268156424	487	9	2467	0.0036481556546412645
CUFF_NC.9306	5	3991882	3992752	+	0	0	0		39	1	188	0.005319148936170213	240	4	1196	0.0033444816053511705
CUFF_NC.9315	5	4001441	4003081	+	0	0	0		82	0	335	0.0	437	5	1953	0.002560163850486431
CUFF_NC.9316	5	4002035	4002825	+	0	0	0		41	0	159	0.0	210	2	891	0.002244668911335578
CUFF_NC.9317	5	4011507	4012016	+	0	0	0		32	0	131	0.0	141	2	661	0.0030257186081694403
CUFF_NC.9310	5	4013806	4014632	-	0	0	0		56	1	259	0.003861003861003861	203	4	720	0.005555555555555556
CUFF_NC.9308	5	4032959	4034515	+	0	0	0		103	2	492	0.0040650406504065045	432	4	1763	0.0022688598979013048
CUFF_NC.9309	5	4046334	4047527	+	0	0	0		104	1	446	0.002242152466367713	325	3	1342	0.0022354694485842027
CUFF_NC.9311	5	4083178	4083719	+	0	0	0		53	1	254	0.003937007874015748	152	1	739	0.0013531799729364006
CUFF_NC.9318	5	4087756	4088859	-	0	0	0		82	1	371	0.0026954177897574125	261	3	1284	0.002336448598130841
CUFF_NC.9312	5	4092990	4098381	-	0	0	0		323	5	1658	0.0030156815440289505	1393	45	6981	0.006446067898581865
CUFF_NC.9313	5	4095828	4101681	-	0	0	0		349	6	1652	0.0036319612590799033	1489	44	7089	0.006206799266469177
CUFF_NC.9314	5	4103067	4104141	-	0	0	0		79	2	366	0.00546448087431694	323	1	1376	0.0007267441860465116
CUFF_NC.9321	5	4129288	4129765	+	0	0	0		19	0	94	0.0	151	1	634	0.0015772870662460567
CUFF_NC.9319	5	4153622	4154727	+	0	0	0		60	0	203	0.0	294	1	1058	0.000945179584120983
CUFF_NC.9320	5	4172849	4175282	+	0	0	0		170	0	671	0.0	587	1	2334	0.0004284490145672665
CUFF_NC.9324	5	4195675	4197922	-	0	0	0		95	2	428	0.004672897196261682	571	9	2554	0.003523884103367267
CUFF_NC.9322	5	4214081	4216854	-	0	0	0		157	3	668	0.004491017964071856	717	5	2888	0.0017313019390581717
CUFF_NC.9327	5	4222644	4223114	-	0	0	0		31	1	147	0.006802721088435374	140	0	607	0.0
CUFF_NC.9325	5	4228420	4228939	+	0	0	0		23	0	127	0.0	128	1	717	0.001394700139470014
CUFF_NC.9332	5	4254579	4255387	+	0	0	0		41	1	191	0.005235602094240838	224	0	872	0.0
CUFF_NC.9326	5	4263693	4265298	-	0	0	0		116	1	565	0.0017699115044247787	443	7	2316	0.0030224525043177895
CUFF_NC.9335	5	4281143	4288664	-	0	0	0		420	8	2015	0.003970223325062035	1931	29	8996	0.003223654957759004
CUFF_NC.9336	5	4285529	4292235	-	0	0	0		371	3	1530	0.00196078431372549	1667	20	6699	0.002985520226899537
CUFF_NC.9330	5	4305190	4309251	+	0	0	0		196	3	858	0.0034965034965034965	970	19	4359	0.0043587978894241795
CUFF_NC.9331	5	4307238	4310284	+	0	0	0		151	2	608	0.003289473684210526	694	14	2757	0.005077983315197679
CUFF_NC.9333	5	4327287	4327650	+	0	0	0		24	0	68	0.0	140	1	373	0.002680965147453083
CUFF_NC.9329	5	4335962	4337412	-	0	0	0		138	2	649	0.0030816640986132513	439	2	2143	0.0009332711152589828
CUFF_NC.9339	5	4353256	4354070	-	0	0	0		66	0	245	0.0	295	0	893	0.0
CUFF_NC.9337	5	4362345	4362701	+	0	0	0		18	0	91	0.0	107	2	552	0.0036231884057971015
CUFF_NC.9334	5	4369588	4370370	-	0	0	0		65	1	340	0.0029411764705882353	218	7	1069	0.006548175865294668
CUFF_NC.9340	5	4378307	4378661	+	0	0	0		32	0	149	0.0	112	0	526	0.0
CUFF_NC.9338	5	4388844	4389375	+	0	0	0		35	0	136	0.0	181	1	638	0.001567398119122257
CUFF_NC.9343	5	4423839	4424737	+	0	0	0		61	1	282	0.0035460992907801418	254	1	1160	0.0008620689655172414
CUFF_NC.9344	5	4426528	4427261	+	0	0	0		23	1	105	0.009523809523809525	186	7	1011	0.006923837784371909
CUFF_NC.9341	5	4437247	4437668	+	0	0	0		11	0	66	0.0	110	1	631	0.001584786053882726
CUFF_NC.9347	5	4437893	4438551	-	0	0	0		35	0	150	0.0	171	0	750	0.0
CUFF_NC.9348	5	4441847	4442658	-	0	0	0		58	0	204	0.0	216	1	591	0.001692047377326565
CUFF_NC.9349	5	4443803	4444777	-	0	0	0		52	0	207	0.0	274	5	1363	0.003668378576669112
CUFF_NC.9342	5	4445310	4447117	-	0	0	0		125	1	662	0.0015105740181268882	544	6	2378	0.002523128679562658
CUFF_NC.9345	5	4455734	4456379	-	0	0	0		47	1	182	0.005494505494505495	178	2	648	0.0030864197530864196
CUFF_NC.9346	5	4477272	4478469	+	0	0	0		47	1	166	0.006024096385542169	283	3	994	0.0030181086519114686
CUFF_NC.9350	5	4479461	4481164	+	0	0	0		88	1	328	0.003048780487804878	377	5	1266	0.0039494470774091624
CUFF_NC.9354	5	4496270	4497747	+	0	0	0		161	1	684	0.0014619883040935672	448	4	1821	0.002196595277320154
CUFF_NC.9355	5	4513869	4514356	-	0	0	0		16	1	82	0.012195121951219513	150	0	665	0.0
CUFF_NC.9356	5	4517023	4517731	-	0	0	0		22	2	136	0.014705882352941176	188	2	950	0.002105263157894737
CUFF_NC.9357	5	4517955	4519035	-	0	0	0		52	0	196	0.0	348	4	1300	0.003076923076923077
CUFF_NC.9351	5	4542300	4542855	-	0	0	0		23	0	98	0.0	143	3	618	0.0048543689320388345
CUFF_NC.9352	5	4553971	4554605	+	0	0	0		29	0	165	0.0	162	2	850	0.002352941176470588
CUFF_NC.9353	5	4564028	4564468	+	0	0	0		27	0	135	0.0	142	4	727	0.005502063273727648
CUFF_NC.9360	5	4570055	4570430	+	0	0	0		40	0	194	0.0	133	1	548	0.0018248175182481751
CUFF_NC.9359	5	4572247	4573369	+	0	0	0		66	0	265	0.0	237	1	927	0.0010787486515641855
CUFF_NC.9358	5	4589368	4589796	-	0	0	0		10	0	62	0.0	89	1	791	0.0012642225031605564
CUFF_NC.9361	5	4591464	4592314	-	0	0	0		57	0	323	0.0	162	4	873	0.004581901489117984
CUFF_NC.9362	5	4601314	4603152	-	0	0	0		124	0	560	0.0	517	5	2384	0.0020973154362416107
CUFF_NC.9363	5	4608170	4608758	-	0	0	0		44	0	190	0.0	164	1	667	0.0014992503748125937
CUFF_NC.9364	5	4610453	4611524	-	0	0	0		46	2	241	0.008298755186721992	248	4	998	0.004008016032064128
CUFF_NC.9365	5	4611652	4612054	-	0	0	0		21	0	77	0.0	110	0	431	0.0
CUFF_NC.9368	5	4632853	4633862	+	0	0	0		76	0	239	0.0	279	1	928	0.0010775862068965517
CUFF_NC.9366	5	4634703	4635203	-	0	0	0		12	0	44	0.0	72	1	254	0.003937007874015748
CUFF_NC.9367	5	4636044	4636802	+	0	0	0		57	0	209	0.0	191	3	830	0.0036144578313253013
CUFF_NC.9369	5	4639179	4639920	+	0	0	0		56	1	298	0.003355704697986577	185	3	806	0.0037220843672456576
CUFF_NC.9371	5	4648184	4649222	+	0	0	0		59	0	316	0.0	292	8	1485	0.0053872053872053875
CUFF_NC.9372	5	4650805	4651428	+	0	0	0		21	0	124	0.0	160	0	763	0.0
CUFF_NC.9374	5	4661526	4662582	+	0	0	0		70	1	401	0.0024937655860349127	321	2	1373	0.0014566642388929353
CUFF_NC.9370	5	4669234	4670155	-	0	0	0		83	0	378	0.0	234	4	1013	0.003948667324777887
CUFF_NC.9378	5	4697817	4698266	+	0	0	0		49	1	175	0.005714285714285714	119	0	461	0.0
CUFF_NC.9384	5	4713595	4714945	-	0	0	0		111	1	561	0.0017825311942959	392	6	1822	0.003293084522502744
CUFF_NC.9376	5	4719368	4720314	+	0	0	0		53	1	236	0.00423728813559322	284	5	1222	0.004091653027823241
CUFF_NC.9373	5	4722950	4723806	-	0	0	0		25	1	152	0.006578947368421052	212	3	1164	0.002577319587628866
CUFF_NC.9375	5	4740971	4741389	+	0	0	0		24	0	139	0.0	108	1	625	0.0016
CUFF_NC.9380	5	4753535	4753940	+	0	0	0		21	1	104	0.009615384615384616	97	4	465	0.008602150537634409
CUFF_NC.9381	5	4756030	4757101	-	0	0	0		74	1	318	0.0031446540880503146	244	0	1092	0.0
CUFF_NC.9382	5	4757768	4758307	-	0	0	0		17	0	82	0.0	130	0	523	0.0
CUFF_NC.9379	5	4776811	4777347	-	0	0	0		25	0	99	0.0	133	2	547	0.003656307129798903
CUFF_NC.9389	5	4815925	4817704	-	0	0	0		137	2	597	0.0033500837520938024	447	7	1920	0.0036458333333333334
CUFF_NC.9390	5	4826717	4827872	-	0	0	0		64	1	236	0.00423728813559322	313	2	1091	0.0018331805682859762
CUFF_NC.9385	5	4841066	4842194	+	0	0	0		49	0	190	0.0	245	2	909	0.0022002200220022
CUFF_NC.9386	5	4848437	4848964	-	0	0	0		34	0	128	0.0	144	0	585	0.0
CUFF_NC.9388	5	4867488	4867906	+	0	0	0		26	0	173	0.0	103	0	691	0.0
CUFF_NC.9391	5	4870447	4871078	+	0	0	0		31	1	229	0.004366812227074236	139	7	797	0.00878293601003764
CUFF_NC.9392	5	4871707	4872658	+	0	0	0		52	0	273	0.0	260	4	1389	0.0028797696184305254
CUFF_NC.9402	5	4885927	4886743	-	0	0	0		45	1	162	0.006172839506172839	202	1	697	0.0014347202295552368
CUFF_NC.9394	5	4892947	4894308	+	0	0	0		52	1	296	0.0033783783783783786	361	7	1971	0.0035514967021816335
CUFF_NC.9393	5	4894902	4895491	-	0	0	0		15	0	104	0.0	142	3	941	0.003188097768331562
CUFF_NC.9395	5	4899762	4900421	-	0	0	0		41	0	196	0.0	166	1	717	0.001394700139470014
CUFF_NC.9396	5	4908564	4909336	-	0	0	0		18	1	105	0.009523809523809525	180	3	769	0.0039011703511053317
CUFF_NC.9397	5	4937664	4938946	+	0	0	0		76	1	265	0.0037735849056603774	336	1	1190	0.0008403361344537816
CUFF_NC.9400	5	4947410	4947953	-	0	0	0		12	0	81	0.0	120	2	794	0.0025188916876574307
CUFF_NC.9401	5	4964819	4965941	-	0	0	0		79	4	367	0.010899182561307902	301	3	1363	0.0022010271460014674
CUFF_NC.9399	5	4969881	4973673	+	0	0	0		119	24	594	0.04040404040404041	907	58	5154	0.011253395421032208
CUFF_NC.9403	5	4987485	4988995	+	0	0	0		108	1	338	0.0029585798816568047	382	4	1316	0.00303951367781155
CUFF_NC.9408	5	5002198	5002930	+	0	0	0		58	3	281	0.010676156583629894	194	1	862	0.001160092807424594
CUFF_NC.9409	5	5005293	5006467	+	0	0	0		103	1	382	0.002617801047120419	298	4	1160	0.0034482758620689655
CUFF_NC.9406	5	5018832	5019787	+	0	0	0		73	0	447	0.0	268	4	1530	0.00261437908496732
CUFF_NC.9407	5	5023806	5024732	+	0	0	0		56	1	231	0.004329004329004329	251	5	1327	0.0037678975131876413
CUFF_NC.9405	5	5036406	5036731	-	0	0	0		20	0	109	0.0	80	0	378	0.0
CUFF_NC.9404	5	5064264	5064877	-	0	0	0		38	0	213	0.0	159	2	900	0.0022222222222222222
CUFF_NC.9411	5	5084581	5086743	-	0	0	0		153	2	822	0.0024330900243309003	634	9	3342	0.0026929982046678637
CUFF_NC.9416	5	5110696	5111115	+	0	0	0		23	2	66	0.030303030303030304	82	0	237	0.0
CUFF_NC.9413	5	5114582	5115384	+	0	0	0		37	5	194	0.02577319587628866	139	5	655	0.007633587786259542
CUFF_NC.9412	5	5145317	5146734	+	0	0	0		78	39	351	0.1111111111111111	353	12	1552	0.007731958762886598
CUFF_NC.9415	5	5159864	5160272	-	0	0	0		35	0	117	0.0	111	1	400	0.0025
CUFF_NC.9414	5	5168355	5169288	-	0	0	0		31	0	152	0.0	272	3	1245	0.0024096385542168677
CUFF_NC.9434	5	5180909	5181482	+	0	0	0		41	0	88	0.0	119	1	388	0.002577319587628866
CUFF_NC.9418	5	5207423	5207778	-	0	0	0		31	0	124	0.0	110	0	410	0.0
CUFF_NC.9419	5	5209924	5212629	-	0	0	0		128	0	568	0.0	538	5	2147	0.002328830926874709
CUFF_NC.9417	5	5213581	5214457	-	0	0	0		50	1	257	0.0038910505836575876	267	2	1218	0.0016420361247947454
CUFF_NC.9421	5	5224981	5226071	-	0	0	0		76	2	353	0.0056657223796034	269	3	1313	0.002284843869002285
CUFF_NC.9420	5	5227884	5229033	-	0	0	0		60	1	240	0.004166666666666667	315	0	1202	0.0
CUFF_NC.9423	5	5244246	5245425	+	0	0	0		79	2	350	0.005714285714285714	354	3	1498	0.0020026702269692926
CUFF_NC.9422	5	5252545	5253626	+	0	0	0		56	1	201	0.004975124378109453	300	3	975	0.003076923076923077
CUFF_NC.9424	5	5258520	5258955	+	0	0	0		31	0	142	0.0	135	4	565	0.007079646017699115
CUFF_NC.9425	5	5260742	5262589	+	0	0	0		123	2	656	0.003048780487804878	426	5	2025	0.0024691358024691358
CUFF_NC.9426	5	5277797	5278452	-	0	0	0		18	0	82	0.0	213	1	813	0.0012300123001230013
CUFF_NC.9427	5	5289673	5290400	+	0	0	0		48	1	139	0.007194244604316547	124	1	415	0.0024096385542168677
CUFF_NC.9430	5	5298764	5299171	+	0	0	0		45	1	174	0.005747126436781609	118	1	389	0.002570694087403599
CUFF_NC.9428	5	5303072	5303669	-	0	0	0		17	0	46	0.0	97	1	255	0.00392156862745098
CUFF_NC.9429	5	5304493	5305945	-	0	0	0		74	1	300	0.0033333333333333335	304	4	1306	0.0030627871362940277
CUFF_NC.9431	5	5311839	5312351	-	0	0	0		45	13	237	0.05485232067510549	116	1	548	0.0018248175182481751
CUFF_NC.9439	5	5327585	5327950	+	0	0	0		15	0	60	0.0	109	2	455	0.004395604395604396
CUFF_NC.9433	5	5342945	5343284	+	0	0	0		38	1	188	0.005319148936170213	96	2	419	0.00477326968973747
CUFF_NC.9432	5	5347351	5347935	-	0	0	0		42	1	227	0.004405286343612335	144	3	862	0.0034802784222737818
CUFF_NC.9436	5	5359577	5360850	+	0	0	0		82	2	452	0.004424778761061947	326	3	1598	0.0018773466833541927
CUFF_NC.9437	5	5367927	5368932	-	0	0	0		71	0	391	0.0	258	1	1252	0.0007987220447284345
CUFF_NC.9438	5	5370146	5370596	-	0	0	0		29	0	147	0.0	129	2	635	0.0031496062992125984
CUFF_NC.9435	5	5379386	5380034	-	0	0	0		41	0	171	0.0	169	2	702	0.002849002849002849
CUFF_NC.9440	5	5382465	5382741	+	0	0	0		14	0	59	0.0	80	3	267	0.011235955056179775
CUFF_NC.9441	5	5386541	5387731	+	0	0	0		83	2	453	0.004415011037527594	308	1	1518	0.0006587615283267457
CUFF_NC.9445	5	5410713	5411631	+	0	0	0		40	0	198	0.0	251	2	1155	0.0017316017316017316
CUFF_NC.9442	5	5426116	5427689	+	0	0	0		81	1	447	0.0022371364653243847	429	3	2393	0.0012536564981195152
CUFF_NC.9443	5	5432011	5433902	-	0	0	0		175	2	791	0.0025284450063211127	484	6	1938	0.0030959752321981426
CUFF_NC.9444	5	5439378	5440318	-	0	0	0		33	0	193	0.0	255	3	1198	0.0025041736227045075
CUFF_NC.9446	5	5459764	5460520	-	0	0	0		32	0	215	0.0	188	5	1099	0.004549590536851683
CUFF_NC.9447	5	5460135	5460494	+	0	0	0		22	0	162	0.0	96	0	655	0.0
CUFF_NC.9448	5	5464085	5464491	+	0	0	0		2	0	2	0.0	14	0	14	0.0
CUFF_NC.9450	5	5470601	5471279	+	0	0	0		53	11	277	0.039711191335740074	203	6	1062	0.005649717514124294
CUFF_NC.9451	5	5473336	5473907	+	0	0	0		31	1	195	0.005128205128205128	127	0	706	0.0
CUFF_NC.9463	5	5490114	5490442	-	0	0	0		18	0	82	0.0	93	3	378	0.007936507936507936
CUFF_NC.9449	5	5495497	5496458	-	0	0	0		80	2	341	0.005865102639296188	261	3	853	0.0035169988276670576
CUFF_NC.9452	5	5520653	5520936	+	0	0	0		15	3	74	0.04054054054054054	64	2	311	0.006430868167202572
CUFF_NC.9453	5	5549636	5551423	-	0	0	0		141	2	688	0.0029069767441860465	486	4	2339	0.0017101325352714834
CUFF_NC.9455	5	5569851	5570659	-	0	0	0		57	0	244	0.0	241	0	1134	0.0
CUFF_NC.9454	5	5572515	5573038	-	0	0	0		18	1	75	0.013333333333333334	160	2	513	0.003898635477582846
CUFF_NC.9465	5	5576175	5585363	+	0	0	0		448	9	2144	0.004197761194029851	2505	31	11459	0.002705297146347849
CUFF_NC.9466	5	5577724	5580815	+	0	0	0		152	1	716	0.0013966480446927375	830	9	3559	0.002528800224782242
CUFF_NC.9467	5	5583511	5587033	+	0	0	0		195	4	992	0.004032258064516129	920	9	4418	0.002037120869171571
CUFF_NC.9461	5	5603835	5608761	+	0	0	0		234	3	921	0.003257328990228013	1239	14	4560	0.0030701754385964912
CUFF_NC.9462	5	5604260	5606740	+	0	0	0		136	3	500	0.006	679	9	2456	0.0036644951140065146
CUFF_NC.9456	5	5621302	5621812	+	0	0	0		30	1	143	0.006993006993006993	147	2	610	0.003278688524590164
CUFF_NC.9460	5	5629974	5635316	-	0	0	0		7	12	29	0.41379310344827586	107	22	326	0.06748466257668712
CUFF_NC.9458	5	5638916	5640625	+	0	0	0		126	1	577	0.0017331022530329288	427	4	1954	0.0020470829068577278
CUFF_NC.9468	5	5643089	5643494	+	0	0	0		12	0	29	0.0	85	0	244	0.0
CUFF_NC.9457	5	5651370	5651851	-	0	0	0		13	0	77	0.0	136	4	796	0.005025125628140704
CUFF_NC.9459	5	5656151	5656676	-	0	0	0		31	0	144	0.0	111	2	462	0.004329004329004329
CUFF_NC.9469	5	5658821	5659383	-	0	0	0		31	1	108	0.009259259259259259	159	1	581	0.0017211703958691911
CUFF_NC.9474	5	5673498	5673865	+	0	0	0		29	0	189	0.0	66	1	343	0.0029154518950437317
CUFF_NC.9472	5	5689476	5689950	+	0	0	0		18	0	53	0.0	93	1	279	0.0035842293906810036
CUFF_NC.9471	5	5690930	5691328	+	0	0	0		40	0	200	0.0	117	1	529	0.001890359168241966
CUFF_NC.9470	5	5704016	5704586	+	0	0	0		38	1	173	0.005780346820809248	146	2	620	0.0032258064516129032
CUFF_NC.9473	5	5718395	5719508	-	0	0	0		56	2	237	0.008438818565400843	254	1	930	0.001075268817204301
CUFF_NC.9479	5	5724892	5726945	+	0	0	0		154	4	706	0.0056657223796034	580	5	2473	0.0020218358269308533
CUFF_NC.9483	5	5750935	5751384	-	0	0	0		52	1	293	0.0034129692832764505	109	1	578	0.0017301038062283738
CUFF_NC.9484	5	5752992	5753634	-	0	0	0		43	0	208	0.0	173	2	946	0.0021141649048625794
CUFF_NC.9480	5	5757839	5758191	+	0	0	0		29	0	127	0.0	93	0	283	0.0
CUFF_NC.9476	5	5760871	5761631	+	0	0	0		17	20	105	0.19047619047619047	190	8	885	0.00903954802259887
CUFF_NC.9475	5	5763432	5763902	+	0	0	0		23	0	143	0.0	123	1	716	0.0013966480446927375
CUFF_NC.9477	5	5764229	5766246	+	0	0	0		146	0	523	0.0	493	3	1755	0.0017094017094017094
CUFF_NC.9478	5	5785177	5785646	+	0	0	0		10	8	48	0.16666666666666666	49	27	238	0.1134453781512605
CUFF_NC.9481	5	5790394	5791156	-	0	0	0		29	3	108	0.027777777777777776	207	2	824	0.0024271844660194173
CUFF_NC.9482	5	5799748	5801542	+	0	0	0		103	18	515	0.03495145631067961	417	50	1836	0.027233115468409588
CUFF_NC.9485	5	5827459	5828482	+	0	0	0		65	0	299	0.0	307	3	1334	0.0022488755622188904
CUFF_NC.9486	5	5829185	5829800	+	0	0	0		36	0	127	0.0	161	1	542	0.0018450184501845018
CUFF_NC.9487	5	5861358	5862257	+	0	0	0		54	0	244	0.0	271	3	1097	0.0027347310847766638
CUFF_NC.9488	5	5872201	5872706	+	0	0	0		52	0	167	0.0	139	0	395	0.0
CUFF_NC.9491	5	5902778	5904447	+	0	0	0		105	0	522	0.0	446	9	2188	0.004113345521023766
CUFF_NC.9490	5	5907571	5908271	-	0	0	0		27	0	85	0.0	99	1	384	0.0026041666666666665
CUFF_NC.9495	5	5928059	5929047	-	0	0	0		62	1	238	0.004201680672268907	245	1	784	0.0012755102040816326
CUFF_NC.9496	5	5931324	5932493	-	0	0	0		87	3	423	0.0070921985815602835	319	5	1256	0.003980891719745223
CUFF_NC.9493	5	5952874	5955700	-	0	0	0		198	4	812	0.0049261083743842365	717	5	3156	0.0015842839036755386
CUFF_NC.9492	5	5962886	5966715	+	0	0	0		180	5	962	0.005197505197505198	1066	25	5564	0.004493170381020848
CUFF_NC.9497	5	5966884	5967987	-	0	0	0		57	1	315	0.0031746031746031746	308	4	1703	0.002348796241926013
CUFF_NC.9498	5	5968506	5968972	-	0	0	0		19	0	61	0.0	143	2	483	0.004140786749482402
CUFF_NC.9499	5	5975672	5976628	-	0	0	0		44	0	182	0.0	259	3	1095	0.0027397260273972603
CUFF_NC.9502	5	5980564	5983209	-	0	0	0		181	0	898	0.0	771	9	3590	0.0025069637883008357
CUFF_NC.9500	5	5983616	5984431	-	0	0	0		38	1	218	0.0045871559633027525	220	4	1194	0.0033500837520938024
CUFF_NC.9503	5	6007177	6007517	-	0	0	0		26	1	127	0.007874015748031496	98	0	364	0.0
CUFF_NC.9506	5	6024239	6024671	+	0	0	0		36	3	163	0.018404907975460124	131	1	520	0.0019230769230769232
CUFF_NC.9504	5	6035618	6037641	+	0	0	0		169	4	822	0.004866180048661801	563	10	2957	0.0033818058843422386
CUFF_NC.9507	5	6061564	6062552	-	0	0	0		27	0	100	0.0	233	0	829	0.0
CUFF_NC.9505	5	6071839	6072266	+	0	0	0		33	0	117	0.0	78	0	295	0.0
CUFF_NC.9508	5	6097656	6098204	+	0	0	0		29	0	102	0.0	149	4	501	0.007984031936127744
CUFF_NC.9509	5	6136334	6136906	+	0	0	0		29	1	124	0.008064516129032258	160	0	581	0.0
CUFF_NC.9510	5	6146040	6146523	-	0	0	0		29	1	136	0.007352941176470588	132	1	563	0.0017761989342806395
CUFF_NC.9512	5	6160391	6160873	-	0	0	0		37	0	130	0.0	107	0	369	0.0
CUFF_NC.9511	5	6170165	6170568	-	0	0	0		18	0	64	0.0	92	1	303	0.0033003300330033004
CUFF_NC.9513	5	6173767	6174712	+	0	0	0		45	1	223	0.004484304932735426	300	1	1054	0.0009487666034155598
CUFF_NC.9515	5	6220839	6222829	+	0	0	0		101	0	496	0.0	569	6	2602	0.0023059185242121443
CUFF_NC.9514	5	6233721	6234207	+	0	0	0		21	1	100	0.01	100	2	257	0.007782101167315175
CUFF_NC.9517	5	6270833	6271313	+	0	0	0		30	1	114	0.008771929824561403	123	4	499	0.008016032064128256
CUFF_NC.9518	5	6273841	6274335	-	0	0	0		44	1	261	0.0038314176245210726	144	0	741	0.0
CUFF_NC.9519	5	6290623	6291209	-	0	0	0		38	0	220	0.0	156	3	789	0.0038022813688212928
CUFF_NC.9516	5	6296495	6298227	-	0	0	0		32	1	200	0.005	345	5	2047	0.002442598925256473
CUFF_NC.9524	5	6329571	6330074	+	0	0	0		40	1	181	0.0055248618784530384	122	1	531	0.0018832391713747645
CUFF_NC.9523	5	6334043	6336758	+	0	0	0		201	5	948	0.005274261603375527	716	8	3224	0.0024813895781637717
CUFF_NC.9521	5	6356078	6357108	+	0	0	0		48	1	240	0.004166666666666667	246	1	1071	0.0009337068160597573
CUFF_NC.9520	5	6362357	6363560	+	0	0	0		95	1	417	0.002398081534772182	309	4	1273	0.003142183817753339
CUFF_NC.9522	5	6369001	6369641	-	0	0	0		37	0	116	0.0	135	0	608	0.0
CUFF_NC.9526	5	6372471	6374729	-	0	0	0		166	3	687	0.004366812227074236	561	7	2301	0.003042155584528466
CUFF_NC.9527	5	6378366	6379001	-	0	0	0		53	0	165	0.0	177	2	582	0.003436426116838488
CUFF_NC.9525	5	6392028	6392693	-	0	0	0		28	0	128	0.0	174	3	727	0.0041265474552957355
CUFF_NC.9529	5	6408102	6409486	+	0	0	0		70	2	239	0.008368200836820083	410	4	1384	0.002890173410404624
CUFF_NC.9528	5	6441966	6442560	+	0	0	0		22	0	91	0.0	159	4	730	0.005479452054794521
CUFF_NC.9530	5	6444485	6444901	+	0	0	0		31	1	144	0.006944444444444444	113	3	531	0.005649717514124294
CUFF_NC.9533	5	6446543	6447339	-	0	0	0		77	1	379	0.002638522427440633	177	1	828	0.0012077294685990338
CUFF_NC.9531	5	6451438	6451852	+	0	0	0		25	70	156	0.44871794871794873	101	26	497	0.052313883299798795
CUFF_NC.9532	5	6452146	6452583	-	0	0	0		18	0	79	0.0	109	2	572	0.0034965034965034965
CUFF_NC.9534	5	6458972	6459500	-	0	0	0		36	0	189	0.0	137	0	555	0.0
CUFF_NC.9536	5	6467853	6472945	-	0	0	0		251	18	1266	0.014218009478672985	1266	32	6532	0.004898958971218616
CUFF_NC.9535	5	6515090	6516730	+	0	0	0		78	0	406	0.0	385	3	1610	0.0018633540372670807
CUFF_NC.9537	5	6518817	6521185	-	0	0	0		198	3	937	0.0032017075773745998	604	5	2629	0.001901863826550019
CUFF_NC.9538	5	6529789	6530772	+	0	0	0		60	2	224	0.008928571428571428	232	0	1023	0.0
CUFF_NC.9539	5	6542614	6543672	-	0	0	0		102	2	486	0.00411522633744856	332	5	1418	0.003526093088857546
CUFF_NC.9540	5	6548636	6548992	+	0	0	0		20	0	84	0.0	103	1	405	0.0024691358024691358
CUFF_NC.9542	5	6562781	6563455	-	0	0	0		48	0	187	0.0	157	2	674	0.002967359050445104
CUFF_NC.9543	5	6571401	6571857	-	0	0	0		22	0	114	0.0	111	1	556	0.0017985611510791368
CUFF_NC.9544	5	6572271	6572919	-	0	0	0		32	0	149	0.0	181	6	850	0.007058823529411765
CUFF_NC.9541	5	6589113	6589706	+	0	0	0		29	0	97	0.0	144	1	488	0.0020491803278688526
CUFF_NC.9545	5	6622341	6622884	+	0	0	0		19	0	101	0.0	91	0	363	0.0
CUFF_NC.9553	5	6645835	6646479	+	0	0	0		50	0	212	0.0	168	3	629	0.0047694753577106515
CUFF_NC.9550	5	6663516	6664445	-	0	0	0		1	0	1	0.0	22	0	31	0.0
CUFF_NC.9551	5	6670477	6671026	-	0	0	0		13	0	42	0.0	128	0	324	0.0
CUFF_NC.9552	5	6690838	6693979	-	0	0	0		150	2	664	0.0030120481927710845	841	13	3919	0.003317172748150038
CUFF_NC.9582	5	6713699	6715112	+	0	0	0		95	3	492	0.006097560975609756	394	3	1975	0.0015189873417721519
CUFF_NC.9554	5	6718153	6719121	-	0	0	0		40	0	201	0.0	253	2	1249	0.0016012810248198558
CUFF_NC.9555	5	6724395	6725324	+	0	0	0		54	0	242	0.0	244	5	1205	0.004149377593360996
CUFF_NC.9556	5	6747399	6748063	-	0	0	0		49	0	256	0.0	172	1	819	0.001221001221001221
CUFF_NC.9557	5	6752017	6757104	-	0	0	0		255	1	1288	0.0007763975155279503	1263	17	6548	0.002596212583995113
CUFF_NC.9558	5	6752980	6757916	-	0	0	0		234	2	1224	0.0016339869281045752	1185	15	6229	0.0024080911863862578
CUFF_NC.9559	5	6761336	6764426	-	0	0	0		215	0	976	0.0	826	13	3781	0.003438243850833113
CUFF_NC.9560	5	6774198	6775795	-	0	0	0		94	0	429	0.0	368	4	1530	0.00261437908496732
CUFF_NC.9561	5	6790009	6791251	-	0	0	0		47	0	212	0.0	317	3	1544	0.0019430051813471502
CUFF_NC.9562	5	6792662	6793465	+	0	0	0		16	1	90	0.011111111111111112	142	2	761	0.002628120893561104
CUFF_NC.9566	5	6797197	6797774	-	0	0	0		20	0	61	0.0	130	1	332	0.0030120481927710845
CUFF_NC.9563	5	6803835	6804404	+	0	0	0		27	0	145	0.0	160	2	828	0.0024154589371980675
CUFF_NC.9569	5	6807221	6807716	+	0	0	0		16	0	44	0.0	137	3	377	0.007957559681697613
CUFF_NC.9568	5	6811532	6812214	-	0	0	0		52	1	262	0.003816793893129771	187	5	986	0.005070993914807302
CUFF_NC.9564	5	6814014	6814884	-	0	0	0		57	0	263	0.0	225	0	886	0.0
CUFF_NC.9565	5	6826515	6826796	-	0	0	0		14	0	75	0.0	75	0	402	0.0
CUFF_NC.9567	5	6832061	6832461	-	0	0	0		10	1	40	0.025	90	2	381	0.005249343832020997
CUFF_NC.9571	5	6833585	6834038	-	0	0	0		15	0	59	0.0	116	0	347	0.0
CUFF_NC.9570	5	6871667	6875939	-	0	0	0		172	2	715	0.002797202797202797	897	12	3680	0.003260869565217391
CUFF_NC.9577	5	6876684	6878314	-	0	0	0		83	0	276	0.0	286	2	940	0.002127659574468085
CUFF_NC.9576	5	6883235	6884733	+	0	0	0		65	1	360	0.002777777777777778	421	4	1939	0.0020629190304280558
CUFF_NC.9573	5	6886764	6887737	+	0	0	0		59	0	215	0.0	199	2	704	0.002840909090909091
CUFF_NC.9574	5	6888126	6888672	+	0	0	0		34	0	172	0.0	166	0	762	0.0
CUFF_NC.9572	5	6895436	6896214	-	0	0	0		44	1	259	0.003861003861003861	197	4	975	0.0041025641025641026
CUFF_NC.9575	5	6916336	6916744	+	0	0	0		4	0	6	0.0	38	0	55	0.0
CUFF_NC.9579	5	6943234	6943752	+	0	0	0		38	1	176	0.005681818181818182	137	3	673	0.004457652303120356
CUFF_NC.9580	5	6945969	6946705	+	0	0	0		47	0	199	0.0	195	3	936	0.003205128205128205
CUFF_NC.9578	5	6947653	6948858	-	0	0	0		89	1	387	0.002583979328165375	248	4	1148	0.003484320557491289
CUFF_NC.9584	5	6963631	6964281	-	0	0	0		44	0	197	0.0	166	1	677	0.0014771048744460858
CUFF_NC.9583	5	6966675	6967474	+	0	0	0		48	2	251	0.00796812749003984	243	1	1293	0.0007733952049497294
CUFF_NC.9581	5	6971518	6972622	-	0	0	0		80	0	340	0.0	345	5	1336	0.0037425149700598802
CUFF_NC.9585	5	6973145	6974603	+	0	0	0		116	2	551	0.003629764065335753	418	4	1972	0.002028397565922921
CUFF_NC.9587	5	6981475	6983184	+	0	0	0		68	109	297	0.367003367003367	238	42	1054	0.03984819734345351
CUFF_NC.9586	5	6985607	6985866	+	0	0	0		26	0	88	0.0	65	1	189	0.005291005291005291
CUFF_NC.9590	5	6990324	6990956	-	0	0	0		28	0	119	0.0	192	1	761	0.001314060446780552
CUFF_NC.9596	5	7005951	7006666	+	0	0	0		17	0	49	0.0	142	2	418	0.004784688995215311
CUFF_NC.9589	5	7012359	7013158	-	0	0	0		47	1	203	0.0049261083743842365	223	3	988	0.003036437246963563
CUFF_NC.9598	5	7021800	7022292	+	0	0	0		17	0	23	0.0	57	0	67	0.0
CUFF_NC.9588	5	7025738	7026783	+	0	0	0		57	0	235	0.0	249	2	914	0.002188183807439825
CUFF_NC.9591	5	7029331	7029770	-	0	0	0		44	81	138	0.5869565217391305	128	60	476	0.12605042016806722
CUFF_NC.9592	5	7036414	7036862	+	0	0	0		20	41	89	0.4606741573033708	105	38	304	0.125
CUFF_NC.9594	5	7040053	7040644	+	0	0	0		50	0	170	0.0	137	1	420	0.002380952380952381
CUFF_NC.9599	5	7050817	7051548	+	0	0	0		64	0	275	0.0	237	4	1016	0.003937007874015748
CUFF_NC.9600	5	7054711	7055518	+	0	0	0		38	2	263	0.0076045627376425855	172	8	1223	0.006541291905151268
CUFF_NC.9597	5	7068121	7068622	+	0	0	0		40	1	210	0.004761904761904762	126	1	656	0.001524390243902439
CUFF_NC.9595	5	7080343	7081426	+	0	0	0		78	2	249	0.008032128514056224	253	2	678	0.0029498525073746312
CUFF_NC.9601	5	7082246	7083162	+	0	0	0		56	1	288	0.003472222222222222	265	1	1336	0.0007485029940119761
CUFF_NC.9602	5	7084012	7084935	+	0	0	0		52	1	191	0.005235602094240838	219	1	825	0.0012121212121212121
CUFF_NC.9604	5	7110338	7110665	+	0	0	0		18	0	86	0.0	92	0	270	0.0
CUFF_NC.9616	5	7116516	7117232	-	0	0	0		23	0	111	0.0	185	3	989	0.003033367037411527
CUFF_NC.9607	5	7147697	7148875	-	0	0	0		74	2	261	0.007662835249042145	330	1	1010	0.0009900990099009901
CUFF_NC.9608	5	7149424	7150053	+	0	0	0		45	1	198	0.005050505050505051	168	4	780	0.005128205128205128
CUFF_NC.9603	5	7155229	7155738	-	0	0	0		19	0	94	0.0	144	1	644	0.0015527950310559005
CUFF_NC.9605	5	7163496	7164001	+	0	0	0		24	0	73	0.0	111	0	518	0.0
CUFF_NC.9606	5	7166560	7166895	-	0	0	0		14	0	37	0.0	83	1	238	0.004201680672268907
CUFF_NC.9609	5	7168238	7170883	-	0	0	0		149	1	670	0.0014925373134328358	606	12	2681	0.004475941812756434
CUFF_NC.9611	5	7176245	7177616	-	0	0	0		83	1	378	0.0026455026455026454	286	4	1134	0.003527336860670194
CUFF_NC.9610	5	7185713	7186700	-	0	0	0		77	1	369	0.0027100271002710027	205	2	793	0.0025220680958385876
CUFF_NC.9613	5	7200531	7200973	+	0	0	0		23	1	123	0.008130081300813009	136	3	764	0.003926701570680628
CUFF_NC.9621	5	7204853	7205592	-	0	0	0		4	0	13	0.0	128	1	422	0.002369668246445498
CUFF_NC.9614	5	7226617	7228463	-	0	0	0		128	1	472	0.00211864406779661	417	7	1626	0.004305043050430504
CUFF_NC.9615	5	7229506	7230082	-	0	0	0		18	1	109	0.009174311926605505	148	1	762	0.0013123359580052493
CUFF_NC.9612	5	7239707	7240481	-	0	0	0		44	2	260	0.007692307692307693	213	2	1176	0.0017006802721088435
CUFF_NC.9623	5	7244534	7245922	-	0	0	0		102	1	638	0.001567398119122257	363	6	2164	0.0027726432532347504
CUFF_NC.9622	5	7249320	7250625	+	0	0	0		85	0	317	0.0	310	5	998	0.00501002004008016
CUFF_NC.9620	5	7254730	7256189	+	0	0	0		56	0	225	0.0	388	3	1577	0.0019023462270133164
CUFF_NC.9617	5	7258852	7260128	+	0	0	0		76	2	295	0.006779661016949152	298	5	1460	0.003424657534246575
CUFF_NC.9619	5	7264575	7266076	+	0	0	0		66	2	259	0.007722007722007722	403	8	1386	0.005772005772005772
CUFF_NC.9618	5	7270100	7271222	-	0	0	0		50	0	287	0.0	269	7	1589	0.004405286343612335
CUFF_NC.9625	5	7277250	7278969	-	0	0	0		85	0	346	0.0	523	4	2204	0.0018148820326678765
CUFF_NC.9624	5	7280369	7281730	+	0	0	0		124	1	499	0.002004008016032064	335	3	1474	0.0020352781546811396
CUFF_NC.9627	5	7295953	7296662	+	0	0	0		29	1	142	0.007042253521126761	160	3	794	0.003778337531486146
CUFF_NC.9626	5	7345326	7345780	-	0	0	0		35	0	150	0.0	111	1	505	0.0019801980198019802
CUFF_NC.9629	5	7350366	7351189	-	0	0	0		45	1	233	0.004291845493562232	208	7	997	0.007021063189568706
CUFF_NC.9630	5	7356430	7356870	-	0	0	0		37	2	133	0.015037593984962405	99	0	285	0.0
CUFF_NC.9628	5	7357935	7358473	+	0	0	0		8	0	46	0.0	138	4	931	0.004296455424274973
CUFF_NC.9634	5	7364546	7365330	-	0	0	0		22	0	134	0.0	235	3	1179	0.002544529262086514
CUFF_NC.9631	5	7365638	7366838	+	0	0	0		76	3	299	0.010033444816053512	267	3	1072	0.002798507462686567
CUFF_NC.9632	5	7372618	7373088	+	0	0	0		15	0	110	0.0	128	4	821	0.0048721071863581
CUFF_NC.9637	5	7378953	7380651	-	0	0	0		80	0	342	0.0	487	7	2013	0.003477396920019871
CUFF_NC.9633	5	7383738	7385779	+	0	0	0		131	3	664	0.004518072289156626	515	6	2229	0.0026917900403768506
CUFF_NC.9636	5	7397743	7398174	+	0	0	0		36	0	169	0.0	118	0	546	0.0
CUFF_NC.9642	5	7409433	7409919	+	0	0	0		26	1	84	0.011904761904761904	122	0	409	0.0
CUFF_NC.9635	5	7412976	7413538	+	0	0	0		13	44	54	0.8148148148148148	120	76	451	0.16851441241685144
CUFF_NC.9638	5	7414942	7416093	-	0	0	0		43	134	212	0.6320754716981132	286	248	1596	0.15538847117794485
CUFF_NC.9639	5	7418036	7419468	+	0	0	0		58	1	285	0.0035087719298245615	391	3	1714	0.001750291715285881
CUFF_NC.9640	5	7419853	7420648	-	0	0	0		24	0	113	0.0	160	4	823	0.004860267314702308
CUFF_NC.9641	5	7420362	7421568	+	0	0	0		42	0	180	0.0	259	6	1235	0.004858299595141701
CUFF_NC.9644	5	7422649	7424151	+	0	0	0		113	1	616	0.0016233766233766235	404	9	2164	0.004158964879852125
CUFF_NC.9645	5	7425244	7425687	+	0	0	0		10	1	51	0.0196078431372549	109	1	425	0.002352941176470588
CUFF_NC.9643	5	7435546	7435935	+	0	0	0		18	0	99	0.0	113	4	605	0.006611570247933884
CUFF_NC.9649	5	7436998	7437652	+	0	0	0		38	0	141	0.0	193	1	657	0.0015220700152207
CUFF_NC.9650	5	7445133	7445615	+	0	0	0		21	0	82	0.0	83	0	255	0.0
CUFF_NC.9646	5	7462200	7462628	+	0	0	0		22	44	131	0.33587786259541985	130	22	675	0.03259259259259259
CUFF_NC.9647	5	7478735	7479437	-	0	0	0		24	0	108	0.0	152	3	644	0.004658385093167702
CUFF_NC.9648	5	7486244	7486920	+	0	0	0		35	2	181	0.011049723756906077	164	5	761	0.006570302233902759
CUFF_NC.9651	5	7492206	7493276	+	0	0	0		38	0	169	0.0	294	2	1241	0.0016116035455278
CUFF_NC.9653	5	7495531	7496306	+	0	0	0		46	1	250	0.004	198	5	1067	0.004686035613870665
CUFF_NC.9654	5	7502880	7503303	-	0	0	0		17	0	95	0.0	106	0	506	0.0
CUFF_NC.9658	5	7519655	7520119	+	0	0	0		32	0	173	0.0	115	1	464	0.0021551724137931034
CUFF_NC.9655	5	7523975	7526148	-	0	0	0		142	1	560	0.0017857142857142857	498	5	1995	0.002506265664160401
CUFF_NC.9657	5	7531987	7533694	-	0	0	0		106	2	457	0.00437636761487965	507	4	1991	0.0020090406830738324
CUFF_NC.9663	5	7546915	7547347	+	0	0	0		29	1	135	0.007407407407407408	115	3	490	0.006122448979591836
CUFF_NC.9664	5	7548457	7549365	+	0	0	0		60	2	273	0.007326007326007326	232	0	1053	0.0
CUFF_NC.9656	5	7559525	7560434	+	0	0	0		41	0	135	0.0	257	1	782	0.0012787723785166241
CUFF_NC.9665	5	7587778	7588424	+	0	0	0		43	1	210	0.004761904761904762	156	2	744	0.002688172043010753
CUFF_NC.9660	5	7601236	7602500	+	0	0	0		82	2	463	0.004319654427645789	350	4	2043	0.0019579050416054823
CUFF_NC.9670	5	7611700	7612141	-	0	0	0		28	0	158	0.0	121	4	672	0.005952380952380952
CUFF_NC.9659	5	7616994	7617517	+	0	0	0		38	1	219	0.0045662100456621	153	5	902	0.005543237250554324
CUFF_NC.9667	5	7636033	7636584	+	0	0	0		44	0	188	0.0	113	0	434	0.0
CUFF_NC.9661	5	7647220	7647923	+	0	0	0		42	0	196	0.0	190	4	925	0.004324324324324324
CUFF_NC.9666	5	7652054	7652677	+	0	0	0		58	0	222	0.0	133	0	440	0.0
CUFF_NC.9662	5	7653548	7654661	+	0	0	0		63	1	266	0.0037593984962406013	324	6	1279	0.004691164972634871
CUFF_NC.9668	5	7676701	7678843	-	0	0	0		107	0	482	0.0	566	7	2566	0.0027279812938425566
CUFF_NC.9669	5	7683723	7685140	+	0	0	0		22	0	70	0.0	131	1	459	0.002178649237472767
CUFF_NC.9673	5	7703091	7703412	-	0	0	0		28	1	209	0.004784688995215311	96	0	514	0.0
CUFF_NC.9674	5	7704196	7705517	-	0	0	0		40	0	200	0.0	329	5	1935	0.002583979328165375
CUFF_NC.9671	5	7716603	7717181	+	0	0	0		30	0	102	0.0	157	3	729	0.00411522633744856
CUFF_NC.9672	5	7716737	7717292	-	0	0	0		20	0	86	0.0	151	3	818	0.003667481662591687
CUFF_NC.9675	5	7726592	7727706	-	0	0	0		47	2	293	0.006825938566552901	244	3	1058	0.002835538752362949
CUFF_NC.9685	5	7732824	7734087	+	0	0	0		93	2	549	0.0036429872495446266	378	8	2095	0.0038186157517899762
CUFF_NC.9678	5	7736621	7738655	+	0	0	0		121	2	560	0.0035714285714285713	536	5	2329	0.0021468441391155
CUFF_NC.9687	5	7741665	7742874	-	0	0	0		55	1	224	0.004464285714285714	299	3	902	0.0033259423503325942
CUFF_NC.9677	5	7753332	7754408	-	0	0	0		53	1	196	0.00510204081632653	277	2	926	0.0021598272138228943
CUFF_NC.9676	5	7755499	7756399	+	0	0	0		41	12	245	0.04897959183673469	195	7	1110	0.006306306306306306
CUFF_NC.9682	5	7773991	7774356	-	0	0	0		35	1	132	0.007575757575757576	93	2	395	0.005063291139240506
CUFF_NC.9683	5	7775079	7775410	-	0	0	0		26	0	101	0.0	96	1	393	0.002544529262086514
CUFF_NC.9680	5	7782539	7783128	-	0	0	0		63	1	236	0.00423728813559322	182	2	685	0.00291970802919708
CUFF_NC.9698	5	7795985	7796592	+	0	0	0		23	1	123	0.008130081300813009	125	2	561	0.0035650623885918
CUFF_NC.9681	5	7798334	7799567	+	0	0	0		72	1	314	0.0031847133757961785	284	1	1140	0.0008771929824561404
CUFF_NC.9679	5	7799877	7800550	-	0	0	0		47	0	137	0.0	182	2	597	0.0033500837520938024
CUFF_NC.9684	5	7807695	7809001	-	0	0	0		101	2	491	0.004073319755600814	369	5	1711	0.0029222676797194622
CUFF_NC.9686	5	7813448	7813913	-	0	0	0		33	0	113	0.0	116	0	331	0.0
CUFF_NC.9689	5	7838670	7841040	-	0	0	0		141	2	730	0.0027397260273972603	633	9	2990	0.0030100334448160534
CUFF_NC.9693	5	7880597	7882349	-	0	0	0		169	6	791	0.007585335018963337	538	7	2512	0.002786624203821656
CUFF_NC.9695	5	7886803	7889858	+	0	0	0		102	0	500	0.0	475	3	2024	0.0014822134387351778
CUFF_NC.9696	5	7887239	7889593	+	0	0	0		78	0	413	0.0	348	3	1536	0.001953125
CUFF_NC.9697	5	7888445	7889149	+	0	0	0		35	0	246	0.0	165	1	915	0.001092896174863388
CUFF_NC.9690	5	7891002	7891655	-	0	0	0		16	0	72	0.0	177	1	841	0.0011890606420927466
CUFF_NC.9691	5	7912620	7913255	-	0	0	0		29	1	143	0.006993006993006993	165	3	745	0.004026845637583893
CUFF_NC.9715	5	7918775	7919199	-	0	0	0		26	2	132	0.015151515151515152	119	5	629	0.00794912559618442
CUFF_NC.9715-2	5	7921780	7922400	-	0	0	0		33	1	118	0.00847457627118644	117	2	367	0.005449591280653951
CUFF_NC.9692	5	7933267	7934520	+	0	0	0		89	0	342	0.0	240	4	991	0.004036326942482341
CUFF_NC.9703	5	7957037	7957758	+	0	0	0		48	0	133	0.0	177	1	510	0.00196078431372549
CUFF_NC.9704	5	7960623	7962534	+	0	0	0		172	4	693	0.005772005772005772	542	8	2173	0.0036815462494247586
CUFF_NC.9701	5	7985805	7986788	+	0	0	0		57	0	171	0.0	164	1	361	0.002770083102493075
CUFF_NC.9699	5	7991109	7991641	-	0	0	0		13	18	51	0.35294117647058826	97	8	345	0.02318840579710145
CUFF_NC.9705	5	8001832	8002129	-	0	0	0		16	0	66	0.0	78	0	376	0.0
CUFF_NC.9700	5	8003500	8004185	-	0	0	0		23	0	139	0.0	159	3	875	0.0034285714285714284
CUFF_NC.9702	5	8011088	8011663	+	0	0	0		52	0	209	0.0	134	4	475	0.008421052631578947
CUFF_NC.9706	5	8014345	8017804	+	0	0	0		176	5	947	0.005279831045406547	942	22	4643	0.0047383157441309495
CUFF_NC.9707	5	8037869	8038400	-	0	0	0		25	0	147	0.0	159	0	674	0.0
CUFF_NC.9708	5	8040203	8040564	-	0	0	0		20	0	81	0.0	102	2	471	0.004246284501061571
CUFF_NC.9709	5	8042854	8044612	-	0	0	0		137	2	608	0.003289473684210526	481	11	2123	0.0051813471502590676
CUFF_NC.9710	5	8059472	8060246	-	0	0	0		81	3	331	0.00906344410876133	210	0	830	0.0
CUFF_NC.9711	5	8062517	8063176	-	0	0	0		46	0	201	0.0	174	1	553	0.0018083182640144665
CUFF_NC.9712	5	8073362	8074316	+	0	0	0		45	0	212	0.0	185	2	873	0.002290950744558992
CUFF_NC.9713	5	8076345	8077847	+	0	0	0		76	0	227	0.0	414	5	1579	0.0031665611146295125
CUFF_NC.9714	5	8084888	8087476	-	0	0	0		24	6	58	0.10344827586206896	120	6	469	0.01279317697228145
CUFF_NC.9716	5	8122000	8123120	+	0	0	0		20	1	115	0.008695652173913044	207	4	937	0.004268943436499467
CUFF_NC.9720	5	8129840	8130377	+	0	0	0		31	0	165	0.0	135	2	678	0.0029498525073746312
CUFF_NC.9717	5	8149147	8151696	-	0	0	0		161	3	777	0.003861003861003861	588	4	3032	0.0013192612137203166
CUFF_NC.9718	5	8153095	8154941	+	0	0	0		79	2	399	0.005012531328320802	516	12	2775	0.004324324324324324
CUFF_NC.9719	5	8161769	8162464	-	0	0	0		39	1	157	0.006369426751592357	166	1	713	0.001402524544179523
CUFF_NC.9725	5	8173866	8174280	+	0	0	0		17	0	63	0.0	102	4	446	0.008968609865470852
CUFF_NC.9726	5	8175196	8181045	+	0	0	0		155	21	708	0.029661016949152543	1058	55	5274	0.010428517254455821
CUFF_NC.9727	5	8180828	8186628	+	0	0	0		233	83	1145	0.07248908296943231	1435	199	7608	0.026156677181913775
CUFF_NC.9728	5	8185788	8186468	+	0	0	0		24	0	110	0.0	175	1	765	0.00130718954248366
CUFF_NC.9723	5	8187822	8188207	-	0	0	0		18	0	115	0.0	80	1	528	0.001893939393939394
CUFF_NC.9724	5	8188685	8189076	-	0	0	0		36	1	197	0.005076142131979695	81	5	434	0.01152073732718894
CUFF_NC.9721	5	8191605	8192276	-	0	0	0		35	0	186	0.0	153	2	762	0.0026246719160104987
CUFF_NC.9722	5	8195869	8201002	-	0	0	0		192	89	889	0.10011248593925759	985	57	4482	0.012717536813922356
CUFF_NC.9766	5	8205054	8206750	-	0	0	0		47	0	224	0.0	340	3	1345	0.0022304832713754648
CUFF_NC.9767	5	8210592	8211072	+	0	0	0		9	0	25	0.0	72	1	223	0.004484304932735426
CUFF_NC.9735	5	8229503	8230189	-	0	0	0		38	2	133	0.015037593984962405	194	5	688	0.007267441860465116
CUFF_NC.9732	5	8231836	8232698	+	0	0	0		66	1	288	0.003472222222222222	259	5	1065	0.004694835680751174
CUFF_NC.9733	5	8233447	8234970	+	0	0	0		54	0	210	0.0	220	2	804	0.0024875621890547263
CUFF_NC.9734	5	8237763	8238152	+	0	0	0		11	0	72	0.0	87	0	467	0.0
CUFF_NC.9730	5	8242643	8243544	+	0	0	0		26	0	166	0.0	223	10	1199	0.008340283569641367
CUFF_NC.9729	5	8264586	8265175	+	0	0	0		36	0	145	0.0	160	1	695	0.0014388489208633094
CUFF_NC.9731	5	8282436	8284122	+	0	0	0		94	0	387	0.0	393	4	1549	0.0025823111684958036
CUFF_NC.9736	5	8295854	8296278	+	0	0	0		22	1	106	0.009433962264150943	138	1	640	0.0015625
CUFF_NC.9737	5	8330393	8330958	+	0	0	0		60	0	268	0.0	168	2	844	0.002369668246445498
CUFF_NC.9738	5	8342295	8343266	+	0	0	0		58	0	233	0.0	228	1	836	0.0011961722488038277
CUFF_NC.9739	5	8367712	8369106	+	0	0	0		68	6	302	0.019867549668874173	292	48	1228	0.03908794788273615
CUFF_NC.9740	5	8373069	8373955	-	0	0	0		14	2	118	0.01694915254237288	209	2	1228	0.0016286644951140066
CUFF_NC.9744	5	8378596	8382393	-	0	0	0		140	3	735	0.004081632653061225	825	13	4271	0.0030437836572231327
CUFF_NC.9741	5	8400994	8401530	+	0	0	0		20	14	85	0.16470588235294117	140	10	692	0.014450867052023121
CUFF_NC.9745	5	8402910	8403292	-	0	0	0		11	0	57	0.0	125	4	557	0.00718132854578097
CUFF_NC.9742	5	8405607	8406404	+	0	0	0		33	0	172	0.0	170	5	944	0.005296610169491525
CUFF_NC.9746	5	8410284	8411638	+	0	0	0		62	0	214	0.0	364	1	1618	0.0006180469715698393
CUFF_NC.9743	5	8416173	8417704	+	0	0	0		113	0	592	0.0	398	8	2165	0.003695150115473441
CUFF_NC.9747	5	8440427	8441408	+	0	0	0		35	1	118	0.00847457627118644	228	2	1058	0.001890359168241966
CUFF_NC.9748	5	8443258	8444247	+	0	0	0		43	0	179	0.0	231	3	1118	0.0026833631484794273
CUFF_NC.9754	5	8447706	8448346	-	0	0	0		20	0	97	0.0	107	0	385	0.0
CUFF_NC.9749	5	8452823	8453368	+	0	0	0		17	22	84	0.2619047619047619	155	16	770	0.02077922077922078
CUFF_NC.9803	5	8458922	8459923	+	0	0	0		114	2	582	0.003436426116838488	255	5	1398	0.00357653791130186
CUFF_NC.9750	5	8510918	8511581	+	0	0	0		24	18	110	0.16363636363636364	188	44	861	0.05110336817653891
CUFF_NC.9751	5	8512192	8513182	-	0	0	0		47	17	246	0.06910569105691057	251	9	1311	0.006864988558352402
CUFF_NC.9753	5	8516860	8517773	+	0	0	0		79	0	360	0.0	287	0	1171	0.0
CUFF_NC.9755	5	8541516	8542328	-	0	0	0		34	1	150	0.006666666666666667	218	0	927	0.0
CUFF_NC.9758	5	8547298	8548073	+	0	0	0		14	0	53	0.0	98	1	334	0.0029940119760479044
CUFF_NC.9756	5	8553363	8554187	-	0	0	0		33	1	131	0.007633587786259542	169	4	642	0.006230529595015576
CUFF_NC.9757	5	8558195	8559679	+	0	0	0		55	3	283	0.01060070671378092	307	3	1415	0.0021201413427561835
CUFF_NC.9760	5	8577168	8577748	-	0	0	0		1	0	1	0.0	8	0	8	0.0
CUFF_NC.9762	5	8595062	8600703	+	0	0	0		153	0	729	0.0	1368	16	6707	0.0023855673177277472
CUFF_NC.9763	5	8597376	8603581	+	0	0	0		159	25	816	0.030637254901960783	1448	93	7358	0.012639304158738788
CUFF_NC.9769	5	8610275	8611560	-	0	0	0		67	1	239	0.0041841004184100415	310	2	1208	0.0016556291390728477
CUFF_NC.9771	5	8614603	8617806	-	0	0	0		107	49	519	0.09441233140655106	618	22	2957	0.0074399729455529254
CUFF_NC.9769-2	5	8615737	8619507	-	0	0	0		141	35	677	0.051698670605613	714	13	3323	0.003912127595546194
CUFF_NC.9770	5	8623864	8624270	-	0	0	0		10	0	27	0.0	84	1	334	0.0029940119760479044
CUFF_NC.9765	5	8628487	8629382	+	0	0	0		1	0	1	0.0	10	1	10	0.1
CUFF_NC.9780	5	8639663	8640127	+	0	0	0		27	0	159	0.0	120	2	668	0.0029940119760479044
CUFF_NC.9768	5	8648541	8649435	+	0	0	0		79	1	327	0.0030581039755351682	269	3	976	0.0030737704918032786
CUFF_NC.9772	5	8651445	8652215	-	0	0	0		21	32	127	0.25196850393700787	226	12	1266	0.009478672985781991
CUFF_NC.9774	5	8651628	8652098	+	0	0	0		17	31	105	0.29523809523809524	151	11	969	0.011351909184726523
CUFF_NC.9773	5	8652680	8653082	+	0	0	0		22	1	115	0.008695652173913044	115	3	539	0.0055658627087198514
CUFF_NC.9775	5	8657837	8659367	+	0	0	0		84	1	322	0.003105590062111801	399	7	1495	0.0046822742474916385
CUFF_NC.9782	5	8666821	8667260	+	0	0	0		26	1	96	0.010416666666666666	139	0	535	0.0
CUFF_NC.9776	5	8703750	8704187	+	0	0	0		17	1	84	0.011904761904761904	37	1	184	0.005434782608695652
CUFF_NC.9777	5	8707287	8707718	+	0	0	0		18	0	91	0.0	138	2	608	0.003289473684210526
CUFF_NC.9778	5	8723965	8724826	-	0	0	0		38	0	176	0.0	246	2	1025	0.001951219512195122
CUFF_NC.9787	5	8735963	8736914	-	0	0	0		78	0	303	0.0	208	1	709	0.0014104372355430183
CUFF_NC.9788	5	8737036	8738356	-	0	0	0		58	2	327	0.0061162079510703364	406	7	2132	0.003283302063789869
CUFF_NC.9786	5	8744469	8747000	+	0	0	0		52	44	213	0.20657276995305165	302	88	1608	0.05472636815920398
CUFF_NC.9793	5	8760190	8760505	+	0	0	0		35	1	259	0.003861003861003861	80	0	556	0.0
CUFF_NC.9779	5	8766960	8767505	-	0	0	0		4	3	17	0.17647058823529413	35	12	125	0.096
CUFF_NC.9781	5	8773737	8775057	-	0	0	0		93	0	450	0.0	318	2	1396	0.0014326647564469914
CUFF_NC.9784	5	8790374	8791480	+	0	0	0		28	0	166	0.0	282	1	1569	0.0006373486297004461
CUFF_NC.9783	5	8791550	8792186	-	0	0	0		29	1	105	0.009523809523809525	197	2	706	0.0028328611898017
CUFF_NC.9785	5	8795608	8797188	+	0	0	0		111	0	416	0.0	476	5	1882	0.002656748140276302
CUFF_NC.9789	5	8802105	8808998	+	0	0	0		229	98	1090	0.08990825688073395	1501	92	7641	0.012040308860096846
CUFF_NC.9790	5	8807714	8808129	+	0	0	0		3	1	19	0.05263157894736842	84	0	404	0.0
CUFF_NC.9791	5	8821213	8821640	-	0	0	0		38	1	163	0.006134969325153374	107	2	501	0.003992015968063872
CUFF_NC.9792	5	8842501	8843515	+	0	0	0		22	0	121	0.0	258	6	1564	0.0038363171355498722
CUFF_NC.9795	5	8844058	8844521	+	0	0	0		32	2	162	0.012345679012345678	112	2	543	0.003683241252302026
CUFF_NC.9796	5	8844097	8846397	-	0	0	0		89	2	476	0.004201680672268907	489	7	2356	0.0029711375212224107
CUFF_NC.9794	5	8848354	8849070	-	0	0	0		34	3	149	0.020134228187919462	193	2	901	0.0022197558268590455
CUFF_NC.9801	5	8864666	8865332	-	0	0	0		43	0	194	0.0	192	5	782	0.00639386189258312
CUFF_NC.9800	5	8868266	8868796	+	0	0	0		37	1	172	0.005813953488372093	162	3	751	0.0039946737683089215
CUFF_NC.9811	5	8890468	8891922	+	0	0	0		78	2	466	0.004291845493562232	363	5	2257	0.002215330084182543
CUFF_NC.9812	5	8896562	8898512	-	0	0	0		93	116	353	0.3286118980169972	367	97	1457	0.06657515442690459
CUFF_NC.9813	5	8902616	8903096	-	0	0	0		40	1	247	0.004048582995951417	126	4	791	0.0050568900126422255
CUFF_NC.9798	5	8908732	8910064	+	0	0	0		71	0	342	0.0	395	5	1403	0.003563791874554526
CUFF_NC.9797	5	8930980	8931602	-	0	0	0		3	0	3	0.0	17	0	17	0.0
CUFF_NC.9799	5	8937356	8938143	+	0	0	0		57	0	161	0.0	196	1	625	0.0016
CUFF_NC.9802	5	8977369	8978415	+	0	0	0		72	1	292	0.003424657534246575	308	2	1271	0.0015735641227380016
CUFF_NC.9805	5	8986984	8987798	+	0	0	0		52	0	200	0.0	222	0	760	0.0
CUFF_NC.9806	5	9004988	9005785	+	0	0	0		48	0	217	0.0	188	1	838	0.0011933174224343676
CUFF_NC.9808	5	9048698	9049215	-	0	0	0		22	120	165	0.7272727272727273	122	160	913	0.17524644030668127
CUFF_NC.9815	5	9073843	9074276	-	0	0	0		24	0	123	0.0	125	0	602	0.0
CUFF_NC.9814	5	9077237	9077709	+	0	0	0		19	0	101	0.0	112	0	519	0.0
CUFF_NC.9809	5	9089637	9090386	-	0	0	0		19	6	107	0.056074766355140186	167	15	1077	0.013927576601671309
CUFF_NC.9810	5	9090749	9092210	-	0	0	0		35	80	184	0.43478260869565216	355	141	1833	0.07692307692307693
CUFF_NC.9817	5	9111081	9111911	+	0	0	0		51	1	205	0.004878048780487805	226	0	864	0.0
CUFF_NC.9816	5	9114899	9115332	+	0	0	0		16	1	109	0.009174311926605505	100	11	548	0.020072992700729927
CUFF_NC.9818	5	9140353	9141074	+	0	0	0		17	0	68	0.0	153	2	624	0.003205128205128205
CUFF_NC.9820	5	9165937	9166595	+	0	0	0		38	0	277	0.0	166	5	991	0.005045408678102927
CUFF_NC.9822	5	9200958	9202187	-	0	0	0		49	0	194	0.0	285	1	1152	0.0008680555555555555
CUFF_NC.9821	5	9203484	9204004	-	0	0	0		30	27	93	0.2903225806451613	137	13	577	0.022530329289428077
CUFF_NC.9823	5	9234485	9236336	-	0	0	0		115	3	444	0.006756756756756757	480	4	1875	0.0021333333333333334
CUFF_NC.9824	5	9241632	9242042	+	0	0	0		25	0	91	0.0	124	0	370	0.0
CUFF_NC.9825	5	9242450	9242855	+	0	0	0		18	0	52	0.0	129	3	593	0.00505902192242833
CUFF_NC.9826	5	9245801	9246591	+	0	0	0		37	1	136	0.007352941176470588	208	4	902	0.004434589800443459
CUFF_NC.9827	5	9246750	9247593	+	0	0	0		26	0	123	0.0	190	0	1041	0.0
CUFF_NC.9832	5	9261874	9262667	-	0	0	0		28	0	124	0.0	217	6	917	0.006543075245365322
CUFF_NC.9831	5	9280370	9281233	-	0	0	0		14	21	77	0.2727272727272727	226	107	1276	0.08385579937304075
CUFF_NC.9830	5	9281814	9282369	-	0	0	0		31	22	140	0.15714285714285714	138	10	554	0.018050541516245487
CUFF_NC.9829	5	9295437	9295927	-	0	0	0		34	1	174	0.005747126436781609	127	5	560	0.008928571428571428
CUFF_NC.9833	5	9304188	9304614	-	0	0	0		13	1	67	0.014925373134328358	87	1	407	0.002457002457002457
CUFF_NC.9834	5	9323269	9324054	+	0	0	0		22	54	124	0.43548387096774194	199	75	1085	0.06912442396313365
CUFF_NC.9837	5	9343327	9347111	-	0	0	0		157	227	812	0.27955665024630544	873	179	4861	0.03682369882740177
CUFF_NC.9838	5	9346480	9346922	+	0	0	0		33	14	148	0.0945945945945946	106	9	472	0.019067796610169493
CUFF_NC.9835	5	9380562	9381572	-	0	0	0		40	30	111	0.2702702702702703	213	10	564	0.01773049645390071
CUFF_NC.9836	5	9380858	9381272	+	0	0	0		31	16	58	0.27586206896551724	87	2	139	0.014388489208633094
CUFF_NC.9842	5	9399106	9399554	+	0	0	0		18	1	82	0.012195121951219513	125	0	567	0.0
CUFF_NC.9843	5	9403834	9405117	+	0	0	0		87	2	389	0.005141388174807198	372	4	1689	0.002368265245707519
CUFF_NC.9839	5	9422872	9423542	-	0	0	0		34	1	172	0.005813953488372093	154	2	730	0.0027397260273972603
CUFF_NC.9840	5	9441973	9444780	+	0	0	0		89	112	335	0.33432835820895523	450	50	2089	0.023934897079942556
CUFF_NC.9841	5	9442102	9442770	+	0	0	0		56	44	168	0.2619047619047619	134	19	425	0.04470588235294118
CUFF_NC.9854	5	9449415	9449794	-	0	0	0		19	0	97	0.0	110	1	538	0.0018587360594795538
CUFF_NC.9855	5	9453733	9454278	-	0	0	0		41	0	168	0.0	134	0	573	0.0
CUFF_NC.9856	5	9456448	9456782	-	0	0	0		16	0	91	0.0	97	1	437	0.002288329519450801
CUFF_NC.9857	5	9457630	9458550	+	0	0	0		53	2	359	0.005571030640668524	289	6	1663	0.0036079374624173183
CUFF_NC.9844	5	9462790	9463380	-	0	0	0		24	34	80	0.425	133	68	544	0.125
CUFF_NC.9849	5	9465989	9467726	+	0	0	0		133	2	642	0.003115264797507788	470	8	2201	0.003634711494775102
CUFF_NC.9846	5	9475463	9475877	-	0	0	0		12	0	38	0.0	93	0	358	0.0
CUFF_NC.9845	5	9484751	9486392	+	0	0	0		117	0	410	0.0	409	3	1459	0.00205620287868403
CUFF_NC.9860	5	9486576	9487607	+	0	0	0		56	6	305	0.019672131147540985	209	1	1037	0.0009643201542912247
CUFF_NC.9847	5	9494316	9494666	+	0	0	0		20	0	107	0.0	101	5	485	0.010309278350515464
CUFF_NC.9850	5	9527821	9528619	-	0	0	0		26	1	110	0.00909090909090909	104	0	381	0.0
CUFF_NC.9851	5	9544685	9545539	-	0	0	0		21	45	112	0.4017857142857143	207	38	895	0.042458100558659215
CUFF_NC.9852	5	9544818	9545338	+	0	0	0		15	19	66	0.2878787878787879	140	32	549	0.058287795992714025
CUFF_NC.9861	5	9560246	9560687	+	0	0	0		2	0	10	0.0	80	0	245	0.0
CUFF_NC.9858	5	9581147	9581776	-	0	0	0		42	0	187	0.0	176	2	795	0.0025157232704402514
CUFF_NC.9859	5	9599909	9600891	-	0	0	0		85	0	464	0.0	254	5	1162	0.004302925989672977
CUFF_NC.9866	5	9607815	9609006	-	0	0	0		109	3	644	0.004658385093167702	308	3	1786	0.0016797312430011197
CUFF_NC.9867	5	9608410	9609682	-	0	0	0		117	2	672	0.002976190476190476	336	6	1846	0.0032502708559046588
CUFF_NC.9875	5	9617463	9617890	-	0	0	0		19	0	83	0.0	91	2	347	0.005763688760806916
CUFF_NC.9865	5	9632740	9635192	+	0	0	0		135	2	596	0.003355704697986577	710	9	2449	0.0036749693752552064
CUFF_NC.9864	5	9636090	9637315	-	0	0	0		50	73	163	0.44785276073619634	358	89	1275	0.06980392156862746
CUFF_NC.9863	5	9654931	9655437	+	0	0	0		33	1	155	0.0064516129032258064	147	2	660	0.0030303030303030303
CUFF_NC.9868	5	9671454	9672762	+	0	0	0		97	0	650	0.0	326	4	2161	0.0018509949097639982
CUFF_NC.9869	5	9682321	9682737	-	0	0	0		21	0	132	0.0	106	1	681	0.0014684287812041115
CUFF_NC.9870	5	9738282	9738730	+	0	0	0		18	0	89	0.0	112	3	505	0.005940594059405941
CUFF_NC.9871	5	9754999	9756909	-	0	0	0		49	73	280	0.26071428571428573	485	124	2936	0.04223433242506812
CUFF_NC.9872	5	9760633	9761305	-	0	0	0		36	51	189	0.2698412698412698	166	31	806	0.038461538461538464
CUFF_NC.9885	5	9785452	9786075	-	0	0	0		32	0	155	0.0	187	3	679	0.004418262150220913
CUFF_NC.9886	5	9786889	9789053	-	0	0	0		196	2	827	0.0024183796856106408	629	9	2458	0.003661513425549227
CUFF_NC.9873	5	9793066	9793631	+	0	0	0		27	0	119	0.0	137	1	642	0.001557632398753894
CUFF_NC.9874	5	9793748	9794774	+	0	0	0		44	1	245	0.004081632653061225	270	3	1263	0.0023752969121140144
CUFF_NC.9876	5	9819870	9820319	-	0	0	0		24	9	133	0.06766917293233082	102	4	499	0.008016032064128256
CUFF_NC.9877	5	9832406	9832863	-	0	0	0		24	1	94	0.010638297872340425	103	1	433	0.0023094688221709007
CUFF_NC.9878	5	9846642	9847356	+	0	0	0		18	21	132	0.1590909090909091	184	42	1143	0.03674540682414698
CUFF_NC.9880	5	9848762	9849448	-	0	0	0		16	27	77	0.35064935064935066	109	8	385	0.02077922077922078
CUFF_NC.9879	5	9855912	9856346	-	0	0	0		18	0	84	0.0	124	2	475	0.004210526315789474
CUFF_NC.9887	5	9864503	9865060	+	0	0	0		20	0	92	0.0	149	1	702	0.0014245014245014246
CUFF_NC.9881	5	9870990	9871954	-	0	0	0		36	72	173	0.4161849710982659	259	125	1236	0.1011326860841424
CUFF_NC.9883	5	9878644	9880189	+	0	0	0		109	3	397	0.007556675062972292	365	3	1298	0.0023112480739599386
CUFF_NC.9884	5	9880832	9881684	+	0	0	0		44	0	157	0.0	226	2	750	0.0026666666666666666
CUFF_NC.9882	5	9900287	9900841	-	0	0	0		14	3	87	0.034482758620689655	155	3	961	0.003121748178980229
CUFF_NC.9890	5	9901961	9904496	-	0	0	0		133	47	458	0.10262008733624454	528	62	1609	0.03853325046612803
CUFF_NC.9891	5	9902453	9903435	+	0	0	0		52	0	157	0.0	203	7	626	0.011182108626198083
CUFF_NC.9889	5	9932456	9933623	-	0	0	0		37	0	187	0.0	296	4	1262	0.003169572107765452
CUFF_NC.9888	5	9934178	9934676	-	0	0	0		28	0	120	0.0	133	1	524	0.0019083969465648854
CUFF_NC.9893	5	9940049	9941560	+	0	0	0		61	13	281	0.046263345195729534	345	30	1577	0.019023462270133164
CUFF_NC.9898	5	9949140	9954184	-	0	0	0		415	1084	2001	0.5417291354322838	1345	749	6422	0.11663033322952351
CUFF_NC.9894	5	9956777	9957951	+	0	0	0		68	127	235	0.5404255319148936	285	41	1238	0.033117932148626815
CUFF_NC.9895	5	9977739	9978308	-	0	0	0		18	1	94	0.010638297872340425	153	2	762	0.0026246719160104987
CUFF_NC.9896	5	9978005	9978411	+	0	0	0		9	1	54	0.018518518518518517	122	1	614	0.0016286644951140066
CUFF_NC.9902	5	9980719	9981210	+	0	0	0		43	124	205	0.6048780487804878	136	96	559	0.17173524150268335
CUFF_NC.9900	5	9986759	9987995	-	0	0	0		73	2	395	0.005063291139240506	330	11	1775	0.006197183098591549
CUFF_NC.9901	5	9988206	9989297	-	0	0	0		62	146	298	0.4899328859060403	314	89	1580	0.056329113924050635
CUFF_NC.9969	5	10014380	10014752	-	0	0	0		27	0	138	0.0	117	1	613	0.0016313213703099511
CUFF_NC.9897	5	10024617	10025430	-	0	0	0		24	0	107	0.0	254	3	986	0.0030425963488843813
CUFF_NC.9915	5	10027874	10032633	+	0	0	0		185	260	869	0.2991944764096663	1017	298	4673	0.06377059704686497
CUFF_NC.9916	5	10029519	10030313	+	0	0	0		42	127	242	0.5247933884297521	226	155	1124	0.13790035587188612
CUFF_NC.9903	5	10035544	10037198	+	0	0	0		6	10	17	0.5882352941176471	45	9	89	0.10112359550561797
CUFF_NC.9904	5	10037442	10039207	+	0	0	0		114	2	519	0.0038535645472061657	396	4	1677	0.002385211687537269
CUFF_NC.9929	5	10049678	10056333	-	0	0	0		476	1012	1983	0.5103378719112456	1914	961	8068	0.11911254338125929
CUFF_NC.9899	5	10058629	10059066	+	0	0	0		16	31	79	0.3924050632911392	105	48	529	0.09073724007561437
CUFF_NC.9905	5	10066778	10067271	-	0	0	0		7	8	43	0.18604651162790697	105	24	827	0.02902055622732769
CUFF_NC.9911	5	10067389	10071144	+	0	0	0		143	64	670	0.0955223880597015	834	54	4139	0.013046629620681325
CUFF_NC.9912	5	10067430	10068608	-	0	0	0		41	49	147	0.3333333333333333	187	33	631	0.05229793977812995
CUFF_NC.9913	5	10068080	10069052	-	0	0	0		31	34	155	0.21935483870967742	182	25	894	0.02796420581655481
CUFF_NC.9914	5	10071103	10071910	-	0	0	0		27	33	130	0.25384615384615383	187	33	1060	0.031132075471698113
CUFF_NC.9906	5	10083171	10083599	+	0	0	0		33	46	120	0.38333333333333336	121	23	406	0.05665024630541872
CUFF_NC.9907	5	10085070	10085717	+	0	0	0		21	24	100	0.24	166	50	943	0.053022269353128315
CUFF_NC.9908	5	10087482	10088896	-	0	0	0		49	80	260	0.3076923076923077	354	97	1823	0.053208996160175534
CUFF_NC.9910	5	10093333	10094509	+	0	0	0		12	0	39	0.0	121	0	550	0.0
CUFF_NC.9918	5	10101382	10102289	-	0	0	0		4	2	4	0.5	16	3	16	0.1875
CUFF_NC.9917	5	10105993	10106676	+	0	0	0		9	11	14	0.7857142857142857	19	10	31	0.3225806451612903
CUFF_NC.9920	5	10124684	10127370	-	0	0	0		9	8	16	0.5	58	9	82	0.10975609756097561
CUFF_NC.9922	5	10130055	10130643	-	0	0	0		45	121	215	0.5627906976744186	153	102	744	0.13709677419354838
CUFF_NC.9919	5	10140145	10140838	-	0	0	0		20	17	65	0.26153846153846155	155	48	546	0.08791208791208792
CUFF_NC.9921	5	10141491	10142089	-	0	0	0		20	31	60	0.5166666666666667	94	34	248	0.13709677419354838
CUFF_NC.9923	5	10145596	10146160	-	0	0	0		26	60	117	0.5128205128205128	199	131	1030	0.12718446601941746
CUFF_NC.9924	5	10147714	10148628	-	0	0	0		23	15	80	0.1875	174	54	619	0.08723747980613894
CUFF_NC.9926	5	10160297	10160832	+	0	0	0		19	42	59	0.711864406779661	53	45	211	0.2132701421800948
CUFF_NC.9925	5	10172563	10172936	+	0	0	0		21	40	134	0.29850746268656714	70	5	334	0.014970059880239521
CUFF_NC.9927	5	10203464	10205465	-	0	0	0		17	16	55	0.2909090909090909	74	24	333	0.07207207207207207
CUFF_NC.9928	5	10204753	10205332	+	0	0	0		2	0	5	0.0	15	2	33	0.06060606060606061
CUFF_NC.9930	5	10212269	10213717	+	0	0	0		76	9	369	0.024390243902439025	326	23	1768	0.013009049773755657
CUFF_NC.9931	5	10217315	10217693	-	0	0	0		17	50	124	0.4032258064516129	106	37	738	0.05013550135501355
CUFF_NC.9934	5	10238617	10240873	-	0	0	0		82	111	537	0.20670391061452514	550	143	3146	0.045454545454545456
CUFF_NC.9933	5	10281758	10286160	+	0	0	0		131	49	605	0.08099173553719008	871	78	3892	0.020041109969167522
CUFF_NC.9932	5	10292594	10297606	+	0	0	0		150	1	723	0.0013831258644536654	1241	18	5587	0.0032217648111687847
CUFF_NC.9953	5	10317851	10319522	+	0	0	0		12	0	38	0.0	36	0	104	0.0
CUFF_NC.9962	5	10335895	10339636	+	0	0	0		81	35	443	0.07900677200902935	241	43	1159	0.03710094909404659
CUFF_NC.9963	5	10335916	10337405	-	0	0	0		61	3	257	0.011673151750972763	141	2	520	0.0038461538461538464
CUFF_NC.9935	5	10368551	10369460	+	0	0	0		13	0	55	0.0	48	1	156	0.00641025641025641
CUFF_NC.9938	5	10378720	10379783	-	0	0	0		54	80	223	0.35874439461883406	195	96	785	0.12229299363057325
CUFF_NC.9939	5	10381534	10381980	-	0	0	0		21	13	70	0.18571428571428572	83	6	342	0.017543859649122806
CUFF_NC.9937	5	10395334	10395981	-	0	0	0		23	0	112	0.0	195	7	920	0.007608695652173913
CUFF_NC.9936	5	10400904	10401309	+	0	0	0		2	15	24	0.625	8	6	81	0.07407407407407407
CUFF_NC.9940	5	10417396	10417703	+	0	0	0		12	25	47	0.5319148936170213	95	15	312	0.04807692307692308
CUFF_NC.9945	5	10418560	10418993	-	0	0	0		11	9	17	0.5294117647058824	56	17	115	0.14782608695652175
CUFF_NC.9946	5	10418747	10420661	+	0	0	0		55	92	250	0.368	453	103	2285	0.045076586433260395
CUFF_NC.9942	5	10422375	10423383	-	0	0	0		42	17	203	0.08374384236453201	260	20	933	0.021436227224008574
CUFF_NC.9941	5	10423514	10424102	-	0	0	0		16	0	71	0.0	136	3	596	0.0050335570469798654
CUFF_NC.9943	5	10424958	10426391	-	0	0	0		43	0	264	0.0	379	7	2239	0.0031263957123715946
CUFF_NC.9944	5	10428545	10429132	-	0	0	0		15	5	113	0.04424778761061947	139	21	1027	0.02044790652385589
CUFF_NC.9949	5	10454710	10455566	+	0	0	0		51	1	165	0.006060606060606061	260	5	835	0.005988023952095809
CUFF_NC.9947	5	10471889	10472487	-	0	0	0		19	26	82	0.3170731707317073	151	40	669	0.059790732436472344
CUFF_NC.9948	5	10476084	10476964	+	0	0	0		48	80	189	0.42328042328042326	216	69	977	0.07062436028659161
CUFF_NC.9952	5	10477529	10479437	-	0	0	0		82	2	360	0.005555555555555556	401	11	1277	0.008613938919342208
CUFF_NC.9950	5	10489618	10490204	+	0	0	0		23	3	91	0.03296703296703297	123	0	542	0.0
CUFF_NC.9954	5	10503386	10504750	+	0	0	0		49	25	221	0.11312217194570136	389	30	1731	0.01733102253032929
CUFF_NC.9956	5	10527871	10528514	-	0	0	0		21	72	125	0.576	147	34	803	0.04234122042341221
CUFF_NC.9955	5	10539263	10539962	-	0	0	0		25	40	167	0.23952095808383234	191	11	1198	0.009181969949916527
CUFF_NC.9960	5	10547820	10554375	+	0	0	0		488	1196	2143	0.5580961269248716	1974	1068	8963	0.1191565324110231
CUFF_NC.9958	5	10566485	10567050	-	0	0	0		30	59	169	0.34911242603550297	138	37	657	0.0563165905631659
CUFF_NC.9957	5	10567875	10568222	-	0	0	0		3	4	20	0.2	92	11	542	0.02029520295202952
CUFF_NC.9959	5	10613827	10614783	-	0	0	0		34	33	149	0.2214765100671141	235	104	1305	0.07969348659003832
CUFF_NC.9964	5	10631290	10631609	+	0	0	0		6	0	25	0.0	68	0	341	0.0
CUFF_NC.9965	5	10631853	10633988	-	0	0	0		80	7	215	0.03255813953488372	364	18	1010	0.01782178217821782
CUFF_NC.9966	5	10653421	10654264	-	0	0	0		13	12	81	0.14814814814814814	187	25	1019	0.02453385672227674
CUFF_NC.9967	5	10653772	10654186	+	0	0	0		9	12	65	0.18461538461538463	85	19	569	0.033391915641476276
CUFF_NC.9968	5	10655209	10655927	-	0	0	0		19	30	125	0.24	170	34	1048	0.03244274809160305
CUFF_NC.9970	5	10665945	10666495	+	0	0	0		15	15	67	0.22388059701492538	141	33	653	0.05053598774885146
CUFF_NC.9971	5	10667612	10668512	+	0	0	0		56	95	230	0.41304347826086957	276	101	1094	0.0923217550274223
CUFF_NC.9972	5	10668566	10669045	+	0	0	0		14	16	64	0.25	129	31	475	0.06526315789473684
CUFF_NC.9973	5	10669116	10669675	+	0	0	0		26	52	125	0.416	192	60	820	0.07317073170731707
CUFF_NC.9974	5	10683135	10683925	-	0	0	0		37	1	152	0.006578947368421052	196	13	938	0.013859275053304905
CUFF_NC.9975	5	10711885	10713547	-	0	0	0		110	233	474	0.49156118143459915	442	129	1781	0.07243121841661988
CUFF_NC.9976	5	10719551	10720538	+	0	0	0		59	22	301	0.07308970099667775	269	36	1398	0.02575107296137339
CUFF_NC.9977	5	10764150	10765378	-	0	0	0		7	6	49	0.12244897959183673	21	7	160	0.04375
CUFF_NC.9978	5	10774473	10775350	+	0	0	0		47	50	233	0.2145922746781116	170	44	1085	0.04055299539170507
CUFF_NC.9979	5	10774474	10775250	-	0	0	0		37	49	195	0.2512820512820513	157	44	1036	0.04247104247104247
CUFF_NC.9982	5	10794263	10795890	-	0	0	0		77	132	325	0.40615384615384614	405	173	1961	0.08822029576746558
CUFF_NC.9983	5	10794740	10797376	+	0	0	0		113	90	512	0.17578125	620	191	3075	0.06211382113821138
CUFF_NC.9985	5	10800993	10807952	+	0	0	0		247	473	1174	0.4028960817717206	1590	339	7905	0.0428842504743833
CUFF_NC.9986	5	10803300	10804376	+	0	0	0		20	2	96	0.020833333333333332	187	12	891	0.013468013468013467
CUFF_NC.9980	5	10828005	10828770	+	0	0	0		33	58	165	0.3515151515151515	206	28	1031	0.027158098933074686
CUFF_NC.9981	5	10831581	10832296	-	0	0	0		21	16	113	0.1415929203539823	197	23	1036	0.0222007722007722
CUFF_NC.9984	5	10834550	10836513	+	0	0	0		63	66	331	0.19939577039274925	455	57	2351	0.024245002126754574
CUFF_NC.10018	5	10841062	10846831	-	0	0	0		207	389	1130	0.34424778761061947	1427	658	7416	0.08872707659115427
CUFF_NC.10019	5	10849356	10850991	-	0	0	0		106	244	544	0.4485294117647059	459	190	2089	0.09095260890378172
CUFF_NC.9988	5	10862382	10863323	+	0	0	0		57	1	241	0.004149377593360996	259	3	1101	0.0027247956403269754
CUFF_NC.9987	5	10895969	10896694	+	0	0	0		32	69	198	0.3484848484848485	169	44	1052	0.04182509505703422
CUFF_NC.9989	5	10899725	10900183	+	0	0	0		20	31	106	0.29245283018867924	135	16	649	0.02465331278890601
CUFF_NC.9990	5	10914926	10915443	-	0	0	0		8	28	48	0.5833333333333334	128	45	613	0.0734094616639478
CUFF_NC.9991	5	10915639	10916215	-	0	0	0		28	80	179	0.44692737430167595	106	65	486	0.1337448559670782
CUFF_NC.9997	5	10933795	10934903	+	0	0	0		71	110	292	0.3767123287671233	247	76	1094	0.06946983546617916
CUFF_NC.9992	5	10938834	10939238	-	0	0	0		20	46	91	0.5054945054945055	112	53	527	0.10056925996204934
CUFF_NC.9993	5	10991570	10992465	-	0	0	0		11	8	41	0.1951219512195122	188	15	793	0.018915510718789406
CUFF_NC.9995	5	11039247	11040290	+	0	0	0		47	66	242	0.2727272727272727	250	52	1133	0.04589585172109444
CUFF_NC.9996	5	11051471	11054398	-	0	0	0		102	147	436	0.33715596330275227	871	240	3461	0.06934412019647501
CUFF_NC.9998	5	11080014	11080670	-	0	0	0		58	142	253	0.5612648221343873	201	98	887	0.1104847801578354
CUFF_NC.9999	5	11091978	11094534	-	0	0	0		110	131	378	0.34656084656084657	585	144	2143	0.06719552029864675
CUFF_NC.10000	5	11092543	11093154	-	0	0	0		29	29	72	0.4027777777777778	143	29	402	0.07213930348258707
CUFF_NC.10001	5	11128635	11129146	+	0	0	0		22	15	50	0.3	115	26	342	0.07602339181286549
CUFF_NC.10002	5	11133669	11133998	+	0	0	0		13	16	69	0.2318840579710145	80	33	361	0.09141274238227147
CUFF_NC.10008	5	11138640	11145249	+	0	0	0		122	114	353	0.32294617563739375	606	148	1712	0.08644859813084112
CUFF_NC.10009	5	11139601	11140132	+	0	0	0		7	12	38	0.3157894736842105	40	8	183	0.04371584699453552
CUFF_NC.10003	5	11153193	11157937	+	0	0	0		185	304	830	0.36626506024096384	1399	433	5737	0.07547498692696532
CUFF_NC.10015	5	11184562	11189002	-	0	0	0		96	768	1897	0.4048497627833421	566	1635	10743	0.15219212510471936
CUFF_NC.10004	5	11192548	11193468	-	0	0	0		7	2	29	0.06896551724137931	48	6	196	0.030612244897959183
CUFF_NC.10005	5	11194068	11194406	+	0	0	0		18	15	69	0.21739130434782608	101	25	432	0.05787037037037037
CUFF_NC.10006	5	11198673	11199058	-	0	0	0		21	32	70	0.45714285714285713	118	42	400	0.105
CUFF_NC.10007	5	11200795	11202355	-	0	0	0		70	86	315	0.273015873015873	484	208	2108	0.09867172675521822
CUFF_NC.10010	5	11202433	11202864	-	0	0	0		11	10	48	0.20833333333333334	129	35	588	0.05952380952380952
CUFF_NC.10012	5	11212578	11212944	-	0	0	0		10	8	30	0.26666666666666666	70	6	154	0.03896103896103896
CUFF_NC.10016	5	11300799	11304843	-	0	0	0		20	9	31	0.2903225806451613	118	11	140	0.07857142857142857
CUFF_NC.10020	5	11396813	11397925	-	0	0	0		44	28	73	0.3835616438356164	121	27	272	0.09926470588235294
CUFF_NC.10021	5	11419901	11420347	-	0	0	0		8	20	50	0.4	127	52	816	0.06372549019607843
CUFF_NC.10022	5	11438008	11438970	-	0	0	0		65	143	273	0.5238095238095238	207	108	926	0.11663066954643629
CUFF_NC.10024	5	11441681	11444645	-	0	0	0		124	251	693	0.3621933621933622	792	313	4302	0.07275685727568573
CUFF_NC.10023	5	11447047	11447493	-	0	0	0		19	28	79	0.35443037974683544	125	50	578	0.08650519031141868
CUFF_NC.10027	5	11454462	11456337	-	0	0	0		125	241	534	0.45131086142322097	517	219	2231	0.09816225907664725
CUFF_NC.10028	5	11456980	11457660	-	0	0	0		36	71	183	0.3879781420765027	219	102	1132	0.09010600706713781
CUFF_NC.10029	5	11458686	11459219	-	0	0	0		0	0	0		17	0	30	0.0
CUFF_NC.10025	5	11500623	11501225	-	0	0	0		27	50	176	0.2840909090909091	154	33	701	0.047075606276747506
CUFF_NC.10026	5	11522285	11522664	-	0	0	0		12	30	76	0.39473684210526316	112	56	651	0.08602150537634409
CUFF_NC.10030	5	11559169	11559839	-	0	0	0		74	71	200	0.355	187	29	469	0.06183368869936034
CUFF_NC.10031	5	11561474	11561912	-	0	0	0		33	47	143	0.32867132867132864	127	59	530	0.11132075471698114
CUFF_NC.10032	5	11562296	11562698	-	0	0	0		2	1	2	0.5	6	0	6	0.0
CUFF_NC.10039	5	11635301	11639177	+	0	0	0		164	332	911	0.36443468715697036	930	381	5177	0.07359474599188719
CUFF_NC.10033	5	11655403	11655744	-	0	0	0		4	2	4	0.5	5	1	5	0.2
CUFF_NC.10034	5	11666888	11667197	+	0	0	0		3	6	11	0.5454545454545454	61	18	184	0.09782608695652174
CUFF_NC.10041	5	11701900	11705589	+	0	0	0		76	505	2315	0.21814254859611232	970	2574	32196	0.07994781960491987
CUFF_NC.10043	5	11703894	11704932	-	0	0	0		19	83	555	0.14954954954954955	250	628	8751	0.0717632270597646
CUFF_NC.10044	5	11708050	11708510	-	0	0	0		8	26	111	0.23423423423423423	86	69	1225	0.0563265306122449
CUFF_NC.10042	5	11708051	11709541	+	0	0	0		26	93	424	0.21933962264150944	288	453	6460	0.07012383900928792
CUFF_NC.10036	5	11717963	11720153	+	0	0	0		5	4	5	0.8	14	2	14	0.14285714285714285
CUFF_NC.10037	5	11723210	11723877	+	0	0	0		14	64	238	0.2689075630252101	200	374	4599	0.08132202652750598
CUFF_NC.10038	5	11723331	11725010	-	0	0	0		38	216	905	0.23867403314917127	472	1194	15644	0.07632319099974431
CUFF_NC.10050	5	11726023	11735299	-	0	0	0		111	684	2945	0.23225806451612904	2743	6108	97108	0.0628990402438522
CUFF_NC.10052	5	11726635	11737138	+	0	0	0		131	753	3281	0.22950320024382811	3099	6525	102610	0.06359029334372868
CUFF_NC.10051	5	11730373	11732790	-	0	0	0		33	226	996	0.22690763052208834	760	2056	32870	0.06254943717675693
CUFF_NC.10040	5	11802222	11803240	+	0	0	0		54	88	216	0.4074074074074074	286	133	782	0.170076726342711
CUFF_NC.10046	5	11961281	11963418	-	0	0	0		74	172	679	0.2533136966126657	401	427	5701	0.07489914050166638
CUFF_NC.10048	5	12017188	12017628	-	0	0	0		9	39	59	0.6610169491525424	29	29	205	0.14146341463414633
CUFF_NC.10047	5	12053111	12058145	-	0	0	0		32	54	162	0.3333333333333333	541	287	2364	0.12140439932318105
CUFF_NC.10062	5	12080647	12081095	-	0	0	0		40	0	249	0.0	121	1	773	0.00129366106080207
CUFF_NC.10054	5	12115216	12117668	-	0	0	0		0	0	0		10	0	10	0.0
CUFF_NC.10053	5	12117728	12118919	-	0	0	0		4	10	20	0.5	14	8	81	0.09876543209876543
CUFF_NC.10055	5	12161571	12162660	-	0	0	0		73	155	332	0.46686746987951805	316	158	1574	0.10038119440914867
CUFF_NC.10056	5	12186641	12187077	+	0	0	0		17	24	83	0.2891566265060241	123	48	520	0.09230769230769231
CUFF_NC.10057	5	12209450	12210023	+	0	0	0		44	91	219	0.4155251141552511	175	85	888	0.09572072072072071
CUFF_NC.10058	5	12240386	12240623	-	0	0	0		6	10	28	0.35714285714285715	37	16	179	0.0893854748603352
CUFF_NC.10065	5	12268445	12269442	-	0	0	0		17	22	77	0.2857142857142857	120	44	446	0.09865470852017937
CUFF_NC.10060	5	12308471	12310148	+	0	0	0		4	1	4	0.25	12	0	12	0.0
CUFF_NC.10063	5	12410345	12414093	-	0	0	0		7	1	7	0.14285714285714285	27	3	27	0.1111111111111111
CUFF_NC.10064	5	12434896	12435169	-	0	0	0		13	11	24	0.4583333333333333	66	6	124	0.04838709677419355
CUFF_NC.10066	5	12439685	12440493	+	0	0	0		30	2	118	0.01694915254237288	190	4	718	0.005571030640668524
CUFF_NC.10067	5	12462325	12462741	+	0	0	0		8	0	24	0.0	106	0	479	0.0
CUFF_NC.10071	5	12511112	12512584	-	0	0	0		40	54	198	0.2727272727272727	371	139	2165	0.06420323325635104
CUFF_NC.10068	5	12544884	12546657	-	0	0	0		104	257	666	0.3858858858858859	393	144	2380	0.06050420168067227
CUFF_NC.10069	5	12570172	12570906	-	0	0	0		30	59	137	0.4306569343065693	211	97	1076	0.09014869888475836
CUFF_NC.10075	5	12588769	12589336	-	0	0	0		34	0	189	0.0	114	2	421	0.004750593824228029
CUFF_NC.10074	5	12592300	12593575	+	0	0	0		67	117	309	0.3786407766990291	331	88	1444	0.060941828254847646
CUFF_NC.10073	5	12599494	12599818	-	0	0	0		23	0	67	0.0	78	1	252	0.003968253968253968
CUFF_NC.10078	5	12619264	12620273	-	0	0	0		61	42	204	0.20588235294117646	252	34	923	0.03683640303358613
CUFF_NC.10076	5	12630894	12631310	+	0	0	0		7	10	33	0.30303030303030304	140	86	861	0.09988385598141696
CUFF_NC.10077	5	12676823	12677585	+	0	0	0		28	73	213	0.3427230046948357	203	71	1165	0.06094420600858369
CUFF_NC.10080	5	12715357	12715776	-	0	0	0		15	11	41	0.2682926829268293	84	22	229	0.09606986899563319
CUFF_NC.10083	5	12894984	12896157	+	0	0	0		54	95	275	0.34545454545454546	259	66	1059	0.06232294617563739
CUFF_NC.10084	5	12913472	12914429	-	0	0	0		41	61	204	0.29901960784313725	254	60	1545	0.038834951456310676
CUFF_NC.10085	5	12913643	12915359	+	0	0	0		67	83	319	0.2601880877742947	461	109	2500	0.0436
CUFF_NC.10087	5	12986923	12988241	+	0	0	0		4	2	4	0.5	27	3	27	0.1111111111111111
CUFF_NC.10086	5	13035681	13036269	-	0	0	0		1	1	1	1.0	4	1	4	0.25
CUFF_NC.10092	5	13059799	13060618	+	0	0	0		37	47	178	0.2640449438202247	207	44	964	0.04564315352697095
CUFF_NC.10091	5	13060910	13062335	-	0	0	0		64	42	258	0.16279069767441862	383	52	1519	0.03423304805793285
CUFF_NC.10088	5	13074790	13075212	+	0	0	0		13	19	59	0.3220338983050847	95	20	492	0.04065040650406504
CUFF_NC.10089	5	13081730	13082912	+	0	0	0		25	44	129	0.34108527131782945	286	55	1329	0.04138449962377728
CUFF_NC.10093	5	13105150	13105958	-	0	0	0		57	0	235	0.0	244	3	889	0.003374578177727784
CUFF_NC.10095	5	13177462	13180445	+	0	0	0		62	278	668	0.4161676646706587	410	295	4172	0.07070949185043145
CUFF_NC.10094	5	13213186	13213684	-	0	0	0		21	54	179	0.3016759776536313	72	29	530	0.05471698113207547
CUFF_NC.10099	5	13238454	13238903	+	0	0	0		22	0	102	0.0	121	3	663	0.004524886877828055
CUFF_NC.10097	5	13250667	13251183	+	0	0	0		19	49	98	0.5	143	93	736	0.12635869565217392
CUFF_NC.10098	5	13268342	13269306	+	0	0	0		4	5	9	0.5555555555555556	25	5	37	0.13513513513513514
CUFF_NC.10100	5	13300501	13301231	-	0	0	0		25	60	104	0.5769230769230769	221	187	1085	0.17235023041474654
CUFF_NC.10102	5	13330983	13331737	+	0	0	0		46	71	215	0.3302325581395349	186	135	881	0.1532349602724177
CUFF_NC.10103	5	13342513	13342837	+	0	0	0		10	0	22	0.0	93	2	321	0.006230529595015576
CUFF_NC.10105	5	13350027	13352119	-	0	0	0		100	143	516	0.2771317829457364	576	156	2709	0.05758582502768549
CUFF_NC.10106	5	13352314	13353161	-	0	0	0		44	29	172	0.1686046511627907	233	25	1018	0.02455795677799607
CUFF_NC.10104	5	13358384	13359067	-	0	0	0		34	1	170	0.0058823529411764705	178	2	867	0.002306805074971165
CUFF_NC.10107	5	13363991	13364508	+	0	0	0		22	0	72	0.0	134	1	471	0.0021231422505307855
CUFF_NC.10108	5	13371331	13372418	+	0	0	0		45	68	178	0.38202247191011235	259	93	958	0.09707724425887265
CUFF_NC.10115	5	13420972	13421731	-	0	0	0		52	2	304	0.006578947368421052	198	1	1128	0.0008865248226950354
CUFF_NC.10112	5	13424390	13424883	-	0	0	0		21	0	78	0.0	102	1	409	0.0024449877750611247
CUFF_NC.10111	5	13434136	13435417	-	0	0	0		33	5	168	0.02976190476190476	422	10	1631	0.0061312078479460455
CUFF_NC.10109	5	13439484	13440594	+	0	0	0		35	159	826	0.19249394673123488	258	158	5421	0.02914591403800037
CUFF_NC.10110	5	13439842	13440452	-	0	0	0		25	135	623	0.21669341894060995	142	107	3125	0.03424
CUFF_NC.10113	5	13463028	13463403	+	0	0	0		38	0	187	0.0	98	2	468	0.004273504273504274
CUFF_NC.10114	5	13463729	13464014	+	0	0	0		23	0	120	0.0	74	2	410	0.004878048780487805
CUFF_NC.10117	5	13593597	13594654	+	0	0	0		117	248	512	0.484375	286	90	1132	0.07950530035335689
CUFF_NC.10116	5	13603339	13603864	+	0	0	0		9	2	40	0.05	130	5	788	0.006345177664974619
CUFF_NC.10119	5	13651934	13652780	-	0	0	0		58	114	222	0.5135135135135135	229	71	856	0.08294392523364486
CUFF_NC.10123	5	13665649	13671472	-	0	0	0		289	9	1457	0.0061770761839396015	1559	24	7770	0.003088803088803089
CUFF_NC.10120	5	13675730	13676295	-	0	0	0		26	1	116	0.008620689655172414	118	0	468	0.0
CUFF_NC.10122	5	13682425	13684910	-	0	0	0		74	146	386	0.37823834196891193	531	107	2816	0.03799715909090909
CUFF_NC.10146	5	13693243	13694885	-	0	0	0		69	88	326	0.26993865030674846	445	94	2216	0.042418772563176894
CUFF_NC.10124	5	13815893	13817431	-	0	0	0		48	89	197	0.4517766497461929	326	83	1105	0.0751131221719457
CUFF_NC.10125	5	13816000	13817563	+	0	0	0		52	91	211	0.4312796208530806	336	76	1188	0.06397306397306397
CUFF_NC.10128	5	13858402	13858995	+	0	0	0		27	1	136	0.007352941176470588	113	0	506	0.0
CUFF_NC.10129	5	13860945	13861242	+	0	0	0		12	33	70	0.4714285714285714	73	42	361	0.11634349030470914
CUFF_NC.10126	5	13870188	13870833	-	0	0	0		30	36	140	0.2571428571428571	186	23	949	0.02423603793466807
CUFF_NC.10127	5	13872711	13873459	+	0	0	0		60	0	247	0.0	213	2	815	0.00245398773006135
CUFF_NC.10130	5	13879269	13880205	+	0	0	0		40	32	193	0.16580310880829016	215	12	1006	0.011928429423459244
CUFF_NC.10132	5	13881642	13882783	-	0	0	0		61	4	283	0.014134275618374558	304	4	1221	0.003276003276003276
CUFF_NC.10133	5	13897764	13898425	-	0	0	0		15	0	31	0.0	138	2	435	0.004597701149425287
CUFF_NC.10134	5	13931161	13931598	+	0	0	0		22	65	101	0.6435643564356436	126	69	574	0.12020905923344948
CUFF_NC.10136	5	13934203	13935202	-	0	0	0		50	15	238	0.06302521008403361	280	30	1486	0.020188425302826378
CUFF_NC.10140	5	13962279	13963822	-	0	0	0		13	12	42	0.2857142857142857	66	13	159	0.08176100628930817
CUFF_NC.10137	5	13970759	13971163	+	0	0	0		14	0	44	0.0	56	0	239	0.0
CUFF_NC.10138	5	13976190	13976648	+	0	0	0		9	36	84	0.42857142857142855	120	33	865	0.03815028901734104
CUFF_NC.10143	5	13987500	13988712	-	0	0	0		62	0	355	0.0	304	3	1680	0.0017857142857142857
CUFF_NC.10144	5	13987760	13988224	+	0	0	0		26	0	190	0.0	116	2	875	0.002285714285714286
CUFF_NC.10147	5	14034711	14040985	+	0	0	0		270	440	1222	0.36006546644844517	1374	510	6710	0.07600596125186289
CUFF_NC.10148	5	14048395	14050122	-	0	0	0		87	0	353	0.0	486	4	2198	0.0018198362147406734
CUFF_NC.10149	5	14050351	14063110	-	0	0	0		69	76	265	0.28679245283018867	687	48	2287	0.020988194140795804
CUFF_NC.10155	5	14066518	14067948	+	0	0	0		83	3	348	0.008620689655172414	365	5	1678	0.0029797377830750892
CUFF_NC.10156	5	14068976	14069545	+	0	0	0		26	0	112	0.0	151	4	627	0.006379585326953748
CUFF_NC.10151	5	14182083	14182638	-	0	0	0		21	52	114	0.45614035087719296	149	74	745	0.09932885906040269
CUFF_NC.10154	5	14198117	14199380	+	0	0	0		88	1	396	0.0025252525252525255	317	3	1519	0.0019749835418038184
CUFF_NC.10153	5	14201893	14202823	-	0	0	0		38	3	262	0.011450381679389313	227	3	1524	0.001968503937007874
CUFF_NC.10152	5	14203273	14204028	+	0	0	0		24	51	124	0.4112903225806452	190	101	1044	0.09674329501915709
CUFF_NC.10160	5	14223391	14223940	+	0	0	0		15	4	90	0.044444444444444446	160	2	999	0.002002002002002002
CUFF_NC.10157	5	14225086	14225562	+	0	0	0		27	1	133	0.007518796992481203	143	2	745	0.0026845637583892616
CUFF_NC.10159	5	14245631	14246121	+	0	0	0		11	12	32	0.375	84	10	279	0.035842293906810034
CUFF_NC.10171	5	14252746	14253288	+	0	0	0		24	0	85	0.0	146	2	426	0.004694835680751174
CUFF_NC.10172	5	14255351	14256309	+	0	0	0		32	1	105	0.009523809523809525	206	3	611	0.004909983633387889
CUFF_NC.10163	5	14274899	14276036	-	0	0	0		63	0	247	0.0	207	2	825	0.0024242424242424242
CUFF_NC.10161	5	14278497	14278906	+	0	0	0		27	1	152	0.006578947368421052	113	0	577	0.0
CUFF_NC.10162	5	14287913	14288529	+	0	0	0		22	2	136	0.014705882352941176	132	2	610	0.003278688524590164
CUFF_NC.10164	5	14289569	14290485	-	0	0	0		17	24	76	0.3157894736842105	174	21	658	0.031914893617021274
CUFF_NC.10166	5	14311319	14312224	-	0	0	0		42	74	232	0.31896551724137934	232	49	1235	0.03967611336032389
CUFF_NC.10165	5	14324816	14327311	+	0	0	0		15	29	160	0.18125	81	7	692	0.010115606936416185
CUFF_NC.10169	5	14381581	14382128	-	0	0	0		4	4	8	0.5	13	0	24	0.0
CUFF_NC.10177	5	14543170	14543604	+	0	0	0		9	0	39	0.0	48	0	228	0.0
CUFF_NC.10178	5	14587568	14588215	+	0	0	0		17	67	103	0.6504854368932039	102	37	629	0.058823529411764705
CUFF_NC.10179	5	14588277	14589759	-	0	0	0		9	18	56	0.32142857142857145	132	58	554	0.10469314079422383
CUFF_NC.10180	5	14609317	14609667	-	0	0	0		17	24	73	0.3287671232876712	99	27	386	0.06994818652849741
CUFF_NC.10182	5	14621891	14622801	+	0	0	0		86	1	347	0.002881844380403458	227	1	824	0.0012135922330097086
CUFF_NC.10181	5	14638946	14639623	-	0	0	0		17	0	69	0.0	180	2	763	0.002621231979030144
CUFF_NC.10183	5	14654500	14654930	-	0	0	0		21	37	143	0.25874125874125875	100	12	747	0.01606425702811245
CUFF_NC.10187	5	14659330	14675725	-	0	0	0		737	2079	4229	0.4916055805154883	3930	1738	21680	0.0801660516605166
CUFF_NC.10184	5	14676336	14677171	-	0	0	0		12	13	67	0.19402985074626866	176	37	645	0.05736434108527132
CUFF_NC.10188	5	14686198	14686555	-	0	0	0		21	0	102	0.0	101	1	492	0.0020325203252032522
CUFF_NC.10185	5	14687170	14687744	+	0	0	0		8	6	16	0.375	59	5	120	0.041666666666666664
CUFF_NC.10189	5	14710682	14711427	+	0	0	0		28	4	104	0.038461538461538464	145	3	566	0.00530035335689046
CUFF_NC.10190	5	14715227	14715635	+	0	0	0		11	16	67	0.23880597014925373	86	15	377	0.03978779840848806
CUFF_NC.10199	5	14724148	14724758	+	0	0	0		37	0	153	0.0	191	3	694	0.004322766570605188
CUFF_NC.10191	5	14745412	14745960	+	0	0	0		33	0	137	0.0	135	1	625	0.0016
CUFF_NC.10192	5	14749261	14749848	+	0	0	0		15	31	73	0.4246575342465753	56	27	343	0.07871720116618076
CUFF_NC.10193	5	14749328	14749847	-	0	0	0		13	26	55	0.4727272727272727	32	10	139	0.07194244604316546
CUFF_NC.10194	5	14756815	14757411	+	0	0	0		50	1	301	0.0033222591362126247	174	1	892	0.0011210762331838565
CUFF_NC.10200	5	14763914	14764273	-	0	0	0		16	0	91	0.0	108	0	656	0.0
CUFF_NC.10195	5	14800129	14801441	-	0	0	0		33	40	185	0.21621621621621623	318	51	2124	0.02401129943502825
CUFF_NC.10196	5	14811615	14812044	+	0	0	0		17	0	68	0.0	118	0	431	0.0
CUFF_NC.10203	5	14812746	14813520	+	0	0	0		80	1	356	0.0028089887640449437	211	2	767	0.002607561929595828
CUFF_NC.10197	5	14822000	14822662	-	0	0	0		12	18	54	0.3333333333333333	163	72	739	0.09742895805142084
CUFF_NC.10198	5	14822022	14822620	+	0	0	0		8	12	43	0.27906976744186046	147	61	688	0.08866279069767442
CUFF_NC.10201	5	14843260	14843830	-	0	0	0		33	0	142	0.0	166	1	706	0.00141643059490085
CUFF_NC.10202	5	14857838	14858200	-	0	0	0		9	0	34	0.0	55	1	199	0.005025125628140704
CUFF_NC.10204	5	14887361	14888983	-	0	0	0		68	0	330	0.0	332	7	1261	0.0055511498810467885
CUFF_NC.10205	5	14889728	14890792	+	0	0	0		54	1	216	0.004629629629629629	242	2	912	0.0021929824561403508
CUFF_NC.10206	5	14894490	14895481	+	0	0	0		30	0	118	0.0	145	0	577	0.0
CUFF_NC.10208	5	14912720	14914291	-	0	0	0		71	1	348	0.0028735632183908046	432	4	1676	0.002386634844868735
CUFF_NC.10207	5	14919141	14920022	+	0	0	0		23	0	81	0.0	232	3	868	0.0034562211981566822
CUFF_NC.10209	5	14957222	14958076	+	0	0	0		35	0	135	0.0	229	0	936	0.0
CUFF_NC.10210	5	14959758	14960533	-	0	0	0		59	1	213	0.004694835680751174	242	1	840	0.0011904761904761906
CUFF_NC.10211	5	14968714	14969437	-	0	0	0		38	0	159	0.0	193	2	832	0.002403846153846154
CUFF_NC.10212	5	14991858	14992535	-	0	0	0		30	0	124	0.0	151	4	633	0.00631911532385466
CUFF_NC.10216	5	14998924	14999667	+	0	0	0		32	0	159	0.0	158	2	578	0.0034602076124567475
CUFF_NC.10213	5	15010260	15011090	+	0	0	0		47	0	129	0.0	188	5	466	0.01072961373390558
CUFF_NC.10253	5	15029993	15031252	+	0	0	0		25	25	71	0.352112676056338	82	26	230	0.11304347826086956
CUFF_NC.10214	5	15031649	15032332	+	0	0	0		15	14	105	0.13333333333333333	126	27	849	0.03180212014134275
CUFF_NC.10215	5	15032622	15033280	+	0	0	0		22	0	150	0.0	150	2	764	0.002617801047120419
CUFF_NC.10218	5	15044363	15044903	-	0	0	0		18	0	94	0.0	145	2	757	0.002642007926023778
CUFF_NC.10219	5	15056568	15058308	+	0	0	0		153	2	655	0.0030534351145038168	484	11	1879	0.005854177754124534
CUFF_NC.10217	5	15061134	15061610	-	0	0	0		7	3	21	0.14285714285714285	119	24	619	0.03877221324717286
CUFF_NC.10220	5	15089678	15096886	+	0	0	0		271	42	1452	0.028925619834710745	1679	52	8758	0.00593742863667504
CUFF_NC.10221	5	15093956	15096494	+	0	0	0		111	1	632	0.0015822784810126582	669	5	3530	0.00141643059490085
CUFF_NC.10222	5	15095454	15095964	+	0	0	0		21	0	158	0.0	133	1	948	0.0010548523206751054
CUFF_NC.10223	5	15112169	15112635	-	0	0	0		3	0	12	0.0	7	1	23	0.043478260869565216
CUFF_NC.10226	5	15114354	15115029	-	0	0	0		8	0	23	0.0	67	1	166	0.006024096385542169
CUFF_NC.10227	5	15120139	15120780	+	0	0	0		14	17	67	0.2537313432835821	121	21	653	0.03215926493108729
CUFF_NC.10228	5	15120188	15120656	-	0	0	0		12	17	61	0.2786885245901639	91	20	532	0.03759398496240601
CUFF_NC.10229	5	15135906	15136326	-	0	0	0		19	2	126	0.015873015873015872	112	5	672	0.00744047619047619
CUFF_NC.10230	5	15141065	15141470	+	0	0	0		19	15	63	0.23809523809523808	98	5	369	0.013550135501355014
CUFF_NC.10231	5	15155066	15156088	+	0	0	0		37	9	171	0.05263157894736842	273	17	1070	0.01588785046728972
CUFF_NC.10232	5	15159144	15160177	-	0	0	0		49	65	313	0.20766773162939298	330	66	1909	0.03457307490832897
CUFF_NC.10233	5	15176102	15180948	-	0	0	0		8	0	8	0.0	14	0	14	0.0
CUFF_NC.10237	5	15187860	15190030	-	0	0	0		105	1	417	0.002398081534772182	452	7	1885	0.003713527851458886
CUFF_NC.10239	5	15199905	15200957	+	0	0	0		44	0	209	0.0	279	1	1451	0.0006891798759476223
CUFF_NC.10235	5	15210620	15212422	-	0	0	0		48	4	239	0.016736401673640166	388	9	2151	0.0041841004184100415
CUFF_NC.10236	5	15213509	15215047	-	0	0	0		86	0	280	0.0	404	5	1606	0.00311332503113325
CUFF_NC.10245	5	15233785	15237242	-	0	0	0		31	74	102	0.7254901960784313	91	17	265	0.06415094339622641
CUFF_NC.10247	5	15245747	15246433	+	0	0	0		11	1	66	0.015151515151515152	136	4	741	0.005398110661268556
CUFF_NC.10242	5	15247780	15252575	-	0	0	0		126	0	621	0.0	1107	16	5739	0.0027879421502003832
CUFF_NC.10243	5	15249621	15250202	+	0	0	0		31	0	82	0.0	133	1	530	0.0018867924528301887
CUFF_NC.10244	5	15253088	15254286	+	0	0	0		26	15	133	0.11278195488721804	317	15	1715	0.008746355685131196
CUFF_NC.10271	5	15260663	15265619	-	0	0	0		302	410	2401	0.17076218242399	1246	144	9407	0.015307749548208781
CUFF_NC.10248	5	15268402	15269400	-	0	0	0		19	0	88	0.0	146	2	686	0.0029154518950437317
CUFF_NC.10246	5	15273984	15274598	-	0	0	0		25	0	136	0.0	173	3	849	0.0035335689045936395
CUFF_NC.10259	5	15277224	15284819	+	0	0	0		391	970	2227	0.4355635383924562	1936	646	10958	0.058952363569994524
CUFF_NC.10260	5	15278587	15282409	+	0	0	0		228	525	1388	0.37824207492795386	1059	287	6248	0.045934699103713186
CUFF_NC.10261	5	15278966	15282605	+	0	0	0		223	545	1293	0.4215003866976025	993	304	5713	0.053211972693856115
CUFF_NC.10254	5	15288918	15289491	-	0	0	0		2	0	3	0.0	14	0	16	0.0
CUFF_NC.10250	5	15305763	15306945	-	0	0	0		72	0	233	0.0	270	2	864	0.0023148148148148147
CUFF_NC.10249	5	15310560	15311272	+	0	0	0		52	0	279	0.0	185	2	913	0.002190580503833516
CUFF_NC.10255	5	15315632	15316959	+	0	0	0		40	0	232	0.0	339	4	2259	0.0017706949977866313
CUFF_NC.10257	5	15320426	15321106	-	0	0	0		32	0	190	0.0	188	2	1079	0.0018535681186283596
CUFF_NC.10258	5	15323916	15324335	-	0	0	0		17	1	78	0.01282051282051282	125	1	554	0.0018050541516245488
CUFF_NC.10262	5	15325793	15326581	-	0	0	0		35	0	185	0.0	185	1	826	0.0012106537530266344
CUFF_NC.10263	5	15330507	15331537	-	0	0	0		41	0	158	0.0	160	2	601	0.0033277870216306157
CUFF_NC.10256	5	15342861	15343817	+	0	0	0		24	0	120	0.0	186	1	606	0.0016501650165016502
CUFF_NC.10264	5	15362716	15367329	-	0	0	0		26	4	91	0.04395604395604396	199	33	636	0.05188679245283019
CUFF_NC.10265	5	15365249	15368919	-	0	0	0		41	5	144	0.034722222222222224	269	33	870	0.03793103448275862
CUFF_NC.10268	5	15405672	15407553	-	0	0	0		191	4	905	0.004419889502762431	520	12	2506	0.004788507581803671
CUFF_NC.10266	5	15411891	15416531	+	0	0	0		247	5	1272	0.003930817610062893	1261	19	6230	0.0030497592295345103
CUFF_NC.10267	5	15414108	15415554	+	0	0	0		83	1	503	0.0019880715705765406	411	5	2188	0.0022851919561243145
CUFF_NC.10269	5	15430185	15430884	+	0	0	0		29	1	171	0.005847953216374269	190	4	1060	0.0037735849056603774
CUFF_NC.10270	5	15439656	15440705	-	0	0	0		59	1	301	0.0033222591362126247	234	1	978	0.0010224948875255625
CUFF_NC.10273	5	15452724	15453777	+	0	0	0		42	0	196	0.0	221	4	994	0.004024144869215292
CUFF_NC.10274	5	15468402	15469227	+	0	0	0		54	0	228	0.0	226	3	944	0.0031779661016949155
CUFF_NC.10272	5	15477911	15478214	-	0	0	0		11	2	67	0.029850746268656716	94	3	650	0.004615384615384616
CUFF_NC.10275	5	15482408	15482791	+	0	0	0		8	0	22	0.0	30	1	64	0.015625
CUFF_NC.10277	5	15501142	15501966	-	0	0	0		41	0	171	0.0	217	0	999	0.0
CUFF_NC.10276	5	15506644	15507896	-	0	0	0		47	1	232	0.004310344827586207	262	3	1280	0.00234375
CUFF_NC.10292	5	15521973	15523163	-	0	0	0		27	2	109	0.01834862385321101	189	2	649	0.0030816640986132513
CUFF_NC.10279	5	15585301	15589613	-	0	0	0		122	216	485	0.44536082474226807	669	114	2552	0.04467084639498432
CUFF_NC.10278	5	15602370	15603549	+	0	0	0		50	1	232	0.004310344827586207	359	8	1807	0.004427227448810182
CUFF_NC.10283	5	15608485	15612503	-	0	0	0		239	4	1028	0.0038910505836575876	924	9	3706	0.0024284943335132216
CUFF_NC.10284	5	15611102	15614446	-	0	0	0		205	3	903	0.0033222591362126247	742	10	3084	0.00324254215304799
CUFF_NC.10285	5	15611211	15614549	-	0	0	0		199	3	885	0.003389830508474576	741	10	3111	0.0032144005143040825
CUFF_NC.10286	5	15616677	15617948	-	0	0	0		106	2	474	0.004219409282700422	261	7	1063	0.00658513640639699
CUFF_NC.10287	5	15618505	15622288	-	0	0	0		211	13	883	0.014722536806342015	960	12	4371	0.002745367192862045
CUFF_NC.10288	5	15619205	15621110	-	0	0	0		129	1	481	0.002079002079002079	443	4	2049	0.0019521717911176184
CUFF_NC.10280	5	15631406	15632401	-	0	0	0		45	2	198	0.010101010101010102	221	3	885	0.003389830508474576
CUFF_NC.10281	5	15631497	15632481	+	0	0	0		45	2	199	0.010050251256281407	214	3	879	0.0034129692832764505
CUFF_NC.10282	5	15634265	15636138	-	0	0	0		98	3	412	0.007281553398058253	488	12	1946	0.006166495375128468
CUFF_NC.10289	5	15641465	15645089	-	0	0	0		149	4	794	0.005037783375314861	746	10	3246	0.0030807147258163892
CUFF_NC.10290	5	15671489	15676400	+	0	0	0		21	55	142	0.3873239436619718	128	62	729	0.0850480109739369
CUFF_NC.10291	5	15685092	15689976	+	0	0	0		0	0	0		25	2	25	0.08
CUFF_NC.10294	5	15709257	15709803	-	0	0	0		26	0	170	0.0	151	1	923	0.0010834236186348862
CUFF_NC.10293	5	15718255	15719423	+	0	0	0		32	97	151	0.6423841059602649	158	90	718	0.12534818941504178
CUFF_NC.10296	5	15730729	15736153	+	0	0	0		77	3	335	0.008955223880597015	752	19	3502	0.005425471159337522
CUFF_NC.10297	5	15740477	15740864	+	0	0	0		10	0	71	0.0	94	1	550	0.0018181818181818182
CUFF_NC.10299	5	15744048	15744686	-	0	0	0		50	3	222	0.013513513513513514	186	3	784	0.003826530612244898
CUFF_NC.10298	5	15757476	15757969	-	0	0	0		24	0	104	0.0	135	2	574	0.003484320557491289
CUFF_NC.10304	5	15760066	15760984	+	0	0	0		47	1	221	0.004524886877828055	250	3	1149	0.0026109660574412533
CUFF_NC.10300	5	15763817	15764630	+	0	0	0		15	0	20	0.0	69	0	195	0.0
CUFF_NC.10303	5	15769706	15771377	+	0	0	0		44	5	117	0.042735042735042736	176	4	559	0.007155635062611807
CUFF_NC.10302	5	15772652	15774386	-	0	0	0		80	0	399	0.0	457	7	2255	0.0031042128603104213
CUFF_NC.10305	5	15807637	15808071	-	0	0	0		11	0	39	0.0	96	3	427	0.00702576112412178
CUFF_NC.10311	5	15821429	15821891	-	0	0	0		14	0	40	0.0	43	2	90	0.022222222222222223
CUFF_NC.10308	5	15827226	15827885	+	0	0	0		22	0	53	0.0	126	1	329	0.00303951367781155
CUFF_NC.10306	5	15828800	15829394	+	0	0	0		17	4	52	0.07692307692307693	151	24	521	0.046065259117082535
CUFF_NC.10316	5	15843863	15845087	-	0	0	0		111	3	531	0.005649717514124294	328	3	1183	0.00253592561284869
CUFF_NC.10309	5	15850355	15850899	-	0	0	0		21	7	104	0.0673076923076923	144	13	613	0.021207177814029365
CUFF_NC.10310	5	15856051	15856936	-	0	0	0		5	0	9	0.0	67	1	174	0.005747126436781609
CUFF_NC.10312	5	15859001	15859868	+	0	0	0		34	0	167	0.0	218	0	820	0.0
CUFF_NC.10314	5	15875105	15875907	-	0	0	0		59	0	216	0.0	201	2	630	0.0031746031746031746
CUFF_NC.10318	5	15880844	15881549	-	0	0	0		38	0	194	0.0	189	1	1077	0.0009285051067780873
CUFF_NC.10317	5	15883184	15883879	-	0	0	0		38	0	160	0.0	202	5	876	0.005707762557077625
CUFF_NC.10315	5	15888064	15888734	-	0	0	0		30	34	179	0.18994413407821228	148	19	908	0.02092511013215859
CUFF_NC.10322	5	15905832	15911135	-	0	0	0		225	8	1216	0.006578947368421052	1387	33	7184	0.004593541202672606
CUFF_NC.10323	5	15928905	15930178	-	0	0	0		62	0	257	0.0	216	2	774	0.002583979328165375
CUFF_NC.10324	5	15933328	15933876	+	0	0	0		30	2	187	0.0106951871657754	149	1	914	0.0010940919037199124
CUFF_NC.10321	5	15950757	15951262	-	0	0	0		18	0	79	0.0	131	3	610	0.004918032786885246
CUFF_NC.10319	5	15952154	15953070	+	0	0	0		20	1	110	0.00909090909090909	222	5	986	0.005070993914807302
CUFF_NC.10320	5	15952260	15953075	-	0	0	0		18	1	106	0.009433962264150943	199	5	939	0.005324813631522897
CUFF_NC.10325	5	15983339	15983782	-	0	0	0		19	3	137	0.021897810218978103	99	4	633	0.00631911532385466
CUFF_NC.10326	5	16029780	16033011	+	0	0	0		90	20	413	0.048426150121065374	735	89	3224	0.02760545905707196
CUFF_NC.10328	5	16034401	16034967	-	0	0	0		26	0	119	0.0	146	2	607	0.0032948929159802307
CUFF_NC.10327	5	16057090	16059044	-	0	0	0		123	6	606	0.009900990099009901	533	4	2276	0.0017574692442882249
CUFF_NC.10331	5	16069296	16069960	+	0	0	0		33	1	166	0.006024096385542169	154	2	808	0.0024752475247524753
CUFF_NC.10332	5	16075801	16076327	+	0	0	0		25	4	149	0.026845637583892617	142	1	710	0.0014084507042253522
CUFF_NC.10330	5	16086294	16087219	-	0	0	0		65	0	322	0.0	261	4	1277	0.0031323414252153485
CUFF_NC.10329	5	16091166	16091522	-	0	0	0		19	0	73	0.0	89	2	338	0.005917159763313609
CUFF_NC.10334	5	16093563	16093890	+	0	0	0		24	0	136	0.0	88	1	449	0.0022271714922048997
CUFF_NC.10336	5	16100668	16101671	-	0	0	0		41	2	207	0.00966183574879227	244	1	1239	0.0008071025020177562
CUFF_NC.10333	5	16120522	16120890	+	0	0	0		19	41	83	0.4939759036144578	41	15	167	0.08982035928143713
CUFF_NC.10339	5	16131604	16135212	+	0	0	0		211	3	1047	0.0028653295128939827	889	8	3484	0.002296211251435132
CUFF_NC.10340	5	16141380	16141925	-	0	0	0		20	0	124	0.0	145	1	659	0.0015174506828528073
CUFF_NC.10335	5	16149490	16149907	+	0	0	0		19	9	121	0.0743801652892562	82	8	469	0.017057569296375266
CUFF_NC.10338	5	16157747	16158413	+	0	0	0		4	0	35	0.0	65	1	509	0.0019646365422396855
CUFF_NC.10346	5	16185494	16185790	+	0	0	0		18	0	93	0.0	70	3	296	0.010135135135135136
CUFF_NC.10342	5	16217180	16217554	-	0	0	0		42	0	204	0.0	112	0	496	0.0
CUFF_NC.10341	5	16225364	16225818	-	0	0	0		18	1	97	0.010309278350515464	116	2	585	0.003418803418803419
CUFF_NC.10343	5	16240736	16241544	-	0	0	0		34	0	143	0.0	145	1	621	0.001610305958132045
CUFF_NC.10344	5	16242868	16243348	-	0	0	0		24	1	115	0.008695652173913044	108	0	503	0.0
CUFF_NC.10345	5	16278104	16279552	-	0	0	0		91	0	498	0.0	416	3	2196	0.001366120218579235
CUFF_NC.10347	5	16287479	16290260	-	0	0	0		135	4	590	0.006779661016949152	688	12	2918	0.00411240575736806
CUFF_NC.10350	5	16290391	16291644	-	0	0	0		54	0	226	0.0	342	2	1398	0.001430615164520744
CUFF_NC.10351	5	16300304	16300754	-	0	0	0		3	0	20	0.0	87	2	438	0.0045662100456621
CUFF_NC.10348	5	16330072	16331333	+	0	0	0		85	0	334	0.0	352	3	1219	0.002461033634126333
CUFF_NC.10349	5	16334642	16336306	+	0	0	0		80	0	400	0.0	395	3	1906	0.0015739769150052466
CUFF_NC.10352	5	16341769	16342353	-	0	0	0		51	0	294	0.0	145	2	802	0.0024937655860349127
CUFF_NC.10367	5	16395508	16401201	-	0	0	0		309	4	1652	0.002421307506053269	1524	23	7724	0.002977731745209736
CUFF_NC.10368	5	16396186	16401716	-	0	0	0		297	4	1659	0.0024110910186859553	1535	23	8146	0.0028234716425239383
CUFF_NC.10369	5	16396884	16402293	-	0	0	0		308	6	1698	0.0035335689045936395	1490	19	7924	0.002397778899545684
CUFF_NC.10370	5	16397255	16402707	-	0	0	0		307	6	1681	0.003569303985722784	1518	19	8141	0.002333865618474389
CUFF_NC.10353	5	16406675	16407256	+	0	0	0		28	0	144	0.0	123	1	496	0.0020161290322580645
CUFF_NC.10354	5	16438006	16440185	-	0	0	0		130	2	630	0.0031746031746031746	624	10	3322	0.0030102347983142685
CUFF_NC.10355	5	16455366	16455789	+	0	0	0		22	1	103	0.009708737864077669	114	1	479	0.0020876826722338203
CUFF_NC.10359	5	16494620	16498916	+	0	0	0		206	6	1080	0.005555555555555556	1136	13	5314	0.0024463680843056076
CUFF_NC.10360	5	16495407	16499607	+	0	0	0		208	9	1085	0.008294930875576038	1118	18	5422	0.0033198081888601992
CUFF_NC.10361	5	16500673	16501162	+	0	0	0		35	0	116	0.0	86	1	290	0.0034482758620689655
CUFF_NC.10363	5	16518314	16518750	+	0	0	0		25	0	150	0.0	112	1	600	0.0016666666666666668
CUFF_NC.10356	5	16536279	16536946	+	0	0	0		33	0	124	0.0	200	1	621	0.001610305958132045
CUFF_NC.10358	5	16548373	16550014	-	0	0	0		105	51	568	0.0897887323943662	379	12	1931	0.006214396685655101
CUFF_NC.10357	5	16549631	16550750	+	0	0	0		66	163	398	0.40954773869346733	269	50	1553	0.03219575016097875
CUFF_NC.10362	5	16569556	16570296	+	0	0	0		58	1	319	0.003134796238244514	172	1	807	0.0012391573729863693
CUFF_NC.10364	5	16586189	16586791	+	0	0	0		37	1	144	0.006944444444444444	151	1	696	0.0014367816091954023
CUFF_NC.10365	5	16605490	16606269	+	0	0	0		44	1	171	0.005847953216374269	225	7	925	0.0075675675675675675
CUFF_NC.10371	5	16617695	16618481	+	0	0	0		58	1	310	0.0032258064516129032	220	2	1081	0.0018501387604070306
CUFF_NC.10373	5	16656800	16658087	-	0	0	0		80	1	290	0.0034482758620689655	345	4	1282	0.0031201248049922
CUFF_NC.10372	5	16660036	16660443	-	0	0	0		16	2	98	0.02040816326530612	94	1	596	0.0016778523489932886
CUFF_NC.10375	5	16665619	16667499	+	0	0	0		131	4	596	0.006711409395973154	518	5	2035	0.002457002457002457
CUFF_NC.10374	5	16667709	16669002	-	0	0	0		92	6	508	0.011811023622047244	344	7	1700	0.00411764705882353
CUFF_NC.10409	5	16674285	16675212	+	0	0	0		40	0	161	0.0	170	0	724	0.0
CUFF_NC.10385	5	16689279	16695139	-	0	0	0		89	1	349	0.0028653295128939827	525	3	1895	0.0015831134564643799
CUFF_NC.10386	5	16689586	16695839	-	0	0	0		83	1	330	0.0030303030303030303	472	3	1743	0.0017211703958691911
CUFF_NC.10387	5	16690549	16696128	-	0	0	0		57	0	201	0.0	288	2	890	0.0022471910112359553
CUFF_NC.10388	5	16690915	16697050	-	0	0	0		49	0	150	0.0	263	0	700	0.0
CUFF_NC.10378	5	16708951	16709475	-	0	0	0		18	0	66	0.0	127	3	584	0.005136986301369863
CUFF_NC.10377	5	16710980	16711932	-	0	0	0		23	1	84	0.011904761904761904	178	4	703	0.005689900426742532
CUFF_NC.10379	5	16727192	16728151	-	0	0	0		55	2	313	0.006389776357827476	238	4	1223	0.003270645952575634
CUFF_NC.10380	5	16730600	16732649	-	0	0	0		141	3	623	0.004815409309791332	564	13	2085	0.006235011990407674
CUFF_NC.10384	5	16733596	16734242	-	0	0	0		39	0	128	0.0	153	1	619	0.0016155088852988692
CUFF_NC.10382	5	16738649	16739611	-	0	0	0		40	0	140	0.0	206	1	727	0.001375515818431912
CUFF_NC.10381	5	16752236	16752870	-	0	0	0		48	0	197	0.0	195	4	902	0.004434589800443459
CUFF_NC.10390	5	16754210	16754945	+	0	0	0		26	0	96	0.0	186	3	539	0.0055658627087198514
CUFF_NC.10396	5	16765224	16765737	+	0	0	0		20	0	127	0.0	137	2	740	0.002702702702702703
CUFF_NC.10391	5	16767779	16768203	+	0	0	0		18	0	83	0.0	114	4	619	0.006462035541195477
CUFF_NC.10393	5	16768905	16769580	-	0	0	0		27	0	112	0.0	197	4	866	0.004618937644341801
CUFF_NC.10394	5	16770070	16770573	-	0	0	0		25	15	90	0.16666666666666666	157	14	571	0.024518388791593695
CUFF_NC.10395	5	16779552	16781194	-	0	0	0		101	2	433	0.004618937644341801	358	1	1190	0.0008403361344537816
CUFF_NC.10397	5	16789823	16790115	-	0	0	0		14	0	48	0.0	67	1	203	0.0049261083743842365
CUFF_NC.10402	5	16802769	16803398	-	0	0	0		37	0	165	0.0	179	3	722	0.004155124653739612
CUFF_NC.10403	5	16803947	16804885	-	0	0	0		93	1	448	0.002232142857142857	267	6	1180	0.005084745762711864
CUFF_NC.10398	5	16805489	16806472	-	0	0	0		34	1	123	0.008130081300813009	207	1	747	0.0013386880856760374
CUFF_NC.10399	5	16812348	16812979	+	0	0	0		34	2	168	0.011904761904761904	123	1	509	0.0019646365422396855
CUFF_NC.10400	5	16815298	16816806	-	0	0	0		102	4	481	0.008316008316008316	395	6	1918	0.0031282586027111575
CUFF_NC.10401	5	16819360	16820096	+	0	0	0		32	0	140	0.0	197	2	899	0.002224694104560623
CUFF_NC.10405	5	16820511	16821944	+	0	0	0		127	2	524	0.003816793893129771	380	0	1461	0.0
CUFF_NC.10406	5	16826594	16829021	-	0	0	0		152	1	566	0.0017667844522968198	590	8	2314	0.003457216940363008
CUFF_NC.10407	5	16829789	16832582	+	0	0	0		164	2	643	0.003110419906687403	781	10	3074	0.0032530904359141183
CUFF_NC.10404	5	16860326	16861266	-	0	0	0		54	0	188	0.0	252	7	968	0.007231404958677686
CUFF_NC.10408	5	16862959	16863426	+	0	0	0		17	1	112	0.008928571428571428	140	11	810	0.013580246913580247
CUFF_NC.10411	5	16865901	16866347	-	0	0	0		25	1	130	0.007692307692307693	116	2	534	0.003745318352059925
CUFF_NC.10413	5	16887523	16888082	-	0	0	0		34	0	108	0.0	115	2	360	0.005555555555555556
CUFF_NC.10412	5	16893846	16894663	-	0	0	0		48	1	199	0.005025125628140704	177	1	789	0.0012674271229404308
CUFF_NC.10410	5	16898640	16900104	-	0	0	0		61	0	264	0.0	397	8	1767	0.004527447651386531
CUFF_NC.10414	5	16913500	16914039	+	0	0	0		17	0	85	0.0	137	2	740	0.002702702702702703
CUFF_NC.10416	5	16926868	16927380	-	0	0	0		18	1	76	0.013157894736842105	131	0	389	0.0
CUFF_NC.10415	5	16929986	16930505	+	0	0	0		22	1	104	0.009615384615384616	131	3	549	0.00546448087431694
CUFF_NC.10417	5	16931885	16932729	-	0	0	0		58	2	320	0.00625	227	3	1146	0.002617801047120419
CUFF_NC.10418	5	16937181	16937956	+	0	0	0		20	0	94	0.0	84	1	187	0.0053475935828877
CUFF_NC.10422	5	16951640	16953050	-	0	0	0		104	0	433	0.0	387	6	1734	0.0034602076124567475
CUFF_NC.10419	5	16970627	16971089	+	0	0	0		14	28	53	0.5283018867924528	59	54	262	0.20610687022900764
CUFF_NC.10420	5	16973340	16974985	+	0	0	0		65	0	322	0.0	385	4	1660	0.0024096385542168677
CUFF_NC.10425	5	16989037	16992257	+	0	0	0		253	3	1255	0.002390438247011952	881	17	4273	0.003978469459396209
CUFF_NC.10421	5	17031153	17031557	+	0	0	0		24	0	105	0.0	130	3	529	0.005671077504725898
CUFF_NC.10423	5	17036522	17036936	+	0	0	0		24	0	76	0.0	126	1	393	0.002544529262086514
CUFF_NC.10424	5	17045341	17046990	+	0	0	0		43	19	226	0.084070796460177	349	17	1797	0.009460211463550361
CUFF_NC.10426	5	17076110	17076719	-	0	0	0		8	0	20	0.0	68	2	136	0.014705882352941176
CUFF_NC.10427	5	17084251	17084798	+	0	0	0		25	0	119	0.0	116	5	674	0.00741839762611276
CUFF_NC.10428	5	17084807	17085247	-	0	0	0		13	0	80	0.0	101	2	631	0.003169572107765452
CUFF_NC.10429	5	17097765	17099575	+	0	0	0		115	1	526	0.0019011406844106464	427	5	1752	0.0028538812785388126
CUFF_NC.10436	5	17107916	17108578	-	0	0	0		29	0	97	0.0	142	3	467	0.006423982869379015
CUFF_NC.10431	5	17114350	17115422	-	0	0	0		47	0	148	0.0	314	2	948	0.002109704641350211
CUFF_NC.10432	5	17141635	17142075	+	0	0	0		15	0	90	0.0	125	1	658	0.001519756838905775
CUFF_NC.10433	5	17142572	17144660	+	0	0	0		72	1	417	0.002398081534772182	547	10	2607	0.0038358266206367474
CUFF_NC.10437	5	17154580	17155687	-	0	0	0		63	0	257	0.0	281	8	974	0.008213552361396304
CUFF_NC.10439	5	17166565	17167242	-	0	0	0		28	0	160	0.0	165	1	796	0.001256281407035176
CUFF_NC.10434	5	17176855	17177952	-	0	0	0		61	0	305	0.0	296	7	1396	0.00501432664756447
CUFF_NC.10435	5	17182046	17182825	+	0	0	0		47	0	194	0.0	200	2	941	0.0021253985122210413
CUFF_NC.10438	5	17184101	17185161	+	0	0	0		57	0	281	0.0	269	6	1081	0.005550416281221091
CUFF_NC.10440	5	17188766	17189380	+	0	0	0		25	0	133	0.0	186	2	759	0.002635046113306983
CUFF_NC.10441	5	17231899	17234198	+	0	0	0		23	50	125	0.4	332	59	1734	0.034025374855824686
CUFF_NC.10446	5	17234925	17235792	-	0	0	0		48	0	179	0.0	203	2	873	0.002290950744558992
CUFF_NC.10442	5	17251289	17252056	+	0	0	0		6	3	11	0.2727272727272727	9	0	17	0.0
CUFF_NC.10445	5	17256355	17258177	+	0	0	0		128	2	562	0.0035587188612099642	404	2	1625	0.0012307692307692308
CUFF_NC.10447	5	17269986	17270497	+	0	0	0		37	0	121	0.0	154	0	509	0.0
CUFF_NC.10448	5	17271127	17272149	+	0	0	0		52	0	314	0.0	246	3	1343	0.0022338049143708115
CUFF_NC.10444	5	17279069	17280143	-	0	0	0		65	132	247	0.5344129554655871	306	77	1021	0.07541625857002938
CUFF_NC.10443	5	17286562	17287137	-	0	0	0		12	1	41	0.024390243902439025	134	1	534	0.0018726591760299626
CUFF_NC.10449	5	17289143	17290034	+	0	0	0		49	2	171	0.011695906432748537	195	0	689	0.0
CUFF_NC.10450	5	17313654	17314278	-	0	0	0		22	0	143	0.0	203	1	1200	0.0008333333333333334
CUFF_NC.10453	5	17315542	17317285	+	0	0	0		135	4	553	0.007233273056057866	421	3	1587	0.001890359168241966
CUFF_NC.10451	5	17323662	17324807	+	0	0	0		17	0	52	0.0	84	1	258	0.003875968992248062
CUFF_NC.10452	5	17326368	17326864	+	0	0	0		4	0	9	0.0	95	0	191	0.0
CUFF_NC.10454	5	17327393	17327916	+	0	0	0		7	0	24	0.0	56	2	260	0.007692307692307693
CUFF_NC.10455	5	17338667	17339830	+	0	0	0		20	0	97	0.0	217	5	912	0.005482456140350877
CUFF_NC.10461	5	17348325	17348603	-	0	0	0		10	0	25	0.0	40	0	60	0.0
CUFF_NC.10456	5	17357651	17358373	+	0	0	0		49	0	225	0.0	168	3	706	0.00424929178470255
CUFF_NC.10460	5	17361589	17362074	+	0	0	0		37	1	189	0.005291005291005291	142	1	696	0.0014367816091954023
CUFF_NC.10458	5	17372037	17373122	+	0	0	0		29	0	126	0.0	311	5	1409	0.0035486160397444995
CUFF_NC.10457	5	17374804	17375218	+	0	0	0		5	0	16	0.0	45	0	280	0.0
CUFF_NC.10459	5	17375602	17376094	-	0	0	0		4	6	21	0.2857142857142857	15	1	87	0.011494252873563218
CUFF_NC.10463	5	17376801	17377458	+	0	0	0		15	0	55	0.0	152	1	642	0.001557632398753894
CUFF_NC.10464	5	17378696	17379203	+	0	0	0		12	0	67	0.0	87	0	357	0.0
CUFF_NC.10465	5	17379518	17380412	+	0	0	0		53	1	204	0.004901960784313725	133	0	535	0.0
CUFF_NC.10466	5	17382009	17382928	+	0	0	0		86	1	371	0.0026954177897574125	235	1	885	0.0011299435028248588
CUFF_NC.10462	5	17393562	17395261	+	0	0	0		132	0	431	0.0	455	2	1624	0.0012315270935960591
CUFF_NC.10472	5	17456072	17458784	+	0	0	0		126	1	621	0.001610305958132045	608	2	2948	0.0006784260515603799
CUFF_NC.10478	5	17473143	17474872	-	0	0	0		51	16	220	0.07272727272727272	322	15	1342	0.011177347242921014
CUFF_NC.10469	5	17503124	17503714	-	0	0	0		56	1	284	0.0035211267605633804	161	2	691	0.002894356005788712
CUFF_NC.10470	5	17503891	17504602	-	0	0	0		54	2	246	0.008130081300813009	204	3	1138	0.0026362038664323375
CUFF_NC.10467	5	17509222	17510467	+	0	0	0		51	0	255	0.0	275	5	1404	0.0035612535612535613
CUFF_NC.10468	5	17516110	17516797	-	0	0	0		16	0	85	0.0	78	0	338	0.0
CUFF_NC.10471	5	17524312	17525248	+	0	0	0		21	0	88	0.0	164	1	737	0.0013568521031207597
CUFF_NC.10474	5	17530414	17530712	-	0	0	0		4	0	26	0.0	89	3	545	0.005504587155963303
CUFF_NC.10473	5	17546196	17546635	-	0	0	0		22	1	72	0.013888888888888888	125	0	371	0.0
CUFF_NC.10492	5	17560292	17566438	-	0	0	0		252	6	1193	0.005029337803855826	1421	23	6697	0.0034343736001194564
CUFF_NC.10493	5	17560485	17566731	-	0	0	0		265	6	1247	0.0048115477145148355	1472	24	6817	0.003520610239108112
CUFF_NC.10494	5	17560815	17566828	-	0	0	0		250	6	1132	0.00530035335689046	1372	23	6150	0.0037398373983739837
CUFF_NC.10495	5	17561015	17566978	-	0	0	0		249	6	1124	0.005338078291814947	1358	23	5996	0.003835890593729153
CUFF_NC.10496	5	17561331	17568546	-	0	0	0		280	6	1269	0.004728132387706856	1569	23	6898	0.003334299797042621
CUFF_NC.10476	5	17585417	17586755	-	0	0	0		54	1	229	0.004366812227074236	344	1	1297	0.0007710100231303007
CUFF_NC.10475	5	17592719	17593511	+	0	0	0		28	1	132	0.007575757575757576	246	3	1033	0.002904162633107454
CUFF_NC.10477	5	17618825	17619246	-	0	0	0		23	1	151	0.006622516556291391	113	2	700	0.002857142857142857
CUFF_NC.10480	5	17639944	17640649	+	0	0	0		45	1	207	0.004830917874396135	217	0	972	0.0
CUFF_NC.10481	5	17643232	17643910	+	0	0	0		48	0	233	0.0	123	2	708	0.002824858757062147
CUFF_NC.10479	5	17647473	17648095	-	0	0	0		23	0	103	0.0	129	0	498	0.0
CUFF_NC.10482	5	17649968	17650318	+	0	0	0		19	0	92	0.0	84	2	475	0.004210526315789474
CUFF_NC.10484	5	17667525	17668288	+	0	0	0		36	1	66	0.015151515151515152	72	1	168	0.005952380952380952
CUFF_NC.10483	5	17682234	17683366	-	0	0	0		63	0	285	0.0	260	5	1248	0.004006410256410256
CUFF_NC.10485	5	17686709	17688546	+	0	0	0		124	3	644	0.004658385093167702	484	6	2505	0.0023952095808383233
CUFF_NC.10489	5	17713768	17717707	-	0	0	0		217	3	925	0.003243243243243243	980	9	3961	0.0022721534965917697
CUFF_NC.10488	5	17720097	17720825	+	0	0	0		48	0	244	0.0	183	3	902	0.0033259423503325942
CUFF_NC.10486	5	17731094	17731824	-	0	0	0		46	0	140	0.0	156	1	517	0.0019342359767891683
CUFF_NC.10487	5	17738433	17740001	+	0	0	0		113	3	499	0.006012024048096192	389	4	1447	0.0027643400138217
CUFF_NC.10490	5	17740342	17741773	+	0	0	0		82	334	626	0.5335463258785943	335	214	2481	0.08625554212011285
CUFF_NC.10500	5	17743610	17743996	+	0	0	0		32	0	189	0.0	106	4	624	0.00641025641025641
CUFF_NC.10491	5	17760860	17762036	-	0	0	0		79	0	371	0.0	304	5	1239	0.004035512510088781
CUFF_NC.10497	5	17780147	17781224	-	0	0	0		68	0	290	0.0	252	7	1034	0.006769825918762089
CUFF_NC.10502	5	17788199	17790107	-	0	0	0		128	3	531	0.005649717514124294	499	2	2101	0.0009519276534983341
CUFF_NC.10501	5	17799655	17800725	-	0	0	0		58	0	205	0.0	294	2	1238	0.0016155088852988692
CUFF_NC.10499	5	17806304	17807515	-	0	0	0		70	0	219	0.0	239	2	723	0.0027662517289073307
CUFF_NC.10498	5	17812250	17812719	-	0	0	0		14	19	57	0.3333333333333333	83	23	326	0.0705521472392638
CUFF_NC.10508	5	17825213	17825742	+	0	0	0		21	0	96	0.0	147	2	675	0.002962962962962963
CUFF_NC.10503	5	17831574	17832137	-	0	0	0		10	0	49	0.0	59	2	210	0.009523809523809525
CUFF_NC.10507	5	17840472	17840921	+	0	0	0		36	1	243	0.00411522633744856	111	2	557	0.003590664272890485
CUFF_NC.10505	5	17847246	17850636	+	0	0	0		135	60	617	0.09724473257698542	768	40	3303	0.012110202845897668
CUFF_NC.10506	5	17857160	17858960	-	0	0	0		132	1	669	0.0014947683109118087	497	3	2531	0.001185302252074279
CUFF_NC.10504	5	17864372	17865371	-	0	0	0		38	1	182	0.005494505494505495	220	2	1012	0.001976284584980237
CUFF_NC.10509	5	17878757	17882549	+	0	0	0		144	5	758	0.006596306068601583	755	11	3821	0.0028788275320596702
CUFF_NC.10510	5	17879192	17883048	+	0	0	0		157	6	817	0.0073439412484700125	782	8	3932	0.002034587995930824
CUFF_NC.10513	5	17907078	17909298	+	0	0	0		58	1	257	0.0038910505836575876	268	2	1010	0.0019801980198019802
CUFF_NC.10511	5	17912994	17913555	-	0	0	0		19	0	95	0.0	174	1	780	0.001282051282051282
CUFF_NC.10514	5	17927825	17928101	-	0	0	0		38	0	103	0.0	86	2	230	0.008695652173913044
CUFF_NC.10525	5	17947374	17948442	-	0	0	0		65	0	252	0.0	232	2	767	0.002607561929595828
CUFF_NC.10516	5	17948730	17949762	-	0	0	0		33	0	168	0.0	221	2	1258	0.001589825119236884
CUFF_NC.10515	5	17950368	17950795	+	0	0	0		9	0	52	0.0	129	5	767	0.00651890482398957
CUFF_NC.10518	5	17962396	17962942	-	0	0	0		22	1	119	0.008403361344537815	149	1	759	0.0013175230566534915
CUFF_NC.10517	5	17963285	17963990	+	0	0	0		49	0	222	0.0	179	3	817	0.0036719706242350062
CUFF_NC.10519	5	17968937	17969400	-	0	0	0		17	0	123	0.0	114	3	812	0.003694581280788177
CUFF_NC.10520	5	17969851	17971099	-	0	0	0		53	12	330	0.03636363636363636	313	20	1650	0.012121212121212121
CUFF_NC.10521	5	17985791	17986452	-	0	0	0		12	9	48	0.1875	118	10	411	0.024330900243309004
CUFF_NC.10524	5	17992895	17993381	-	0	0	0		17	0	107	0.0	112	2	661	0.0030257186081694403
CUFF_NC.10523	5	18001067	18001518	+	0	0	0		10	0	72	0.0	126	7	823	0.00850546780072904
CUFF_NC.10522	5	18012198	18012483	-	0	0	0		13	4	50	0.08	66	2	290	0.006896551724137931
CUFF_NC.10527	5	18015844	18016582	-	0	0	0		69	2	255	0.00784313725490196	205	1	818	0.0012224938875305623
CUFF_NC.10526	5	18019877	18021550	+	0	0	0		105	0	487	0.0	380	4	1877	0.002131060202450719
CUFF_NC.10528	5	18036299	18036925	+	0	0	0		47	0	219	0.0	138	3	457	0.006564551422319475
CUFF_NC.10529	5	18046414	18046984	+	0	0	0		22	0	79	0.0	113	0	321	0.0
CUFF_NC.10535	5	18093199	18094020	+	0	0	0		37	1	149	0.006711409395973154	177	2	668	0.0029940119760479044
CUFF_NC.10532	5	18131756	18134594	+	0	0	0		101	64	512	0.125	597	139	3074	0.04521795705920625
CUFF_NC.10531	5	18133841	18134285	-	0	0	0		28	2	145	0.013793103448275862	119	1	668	0.0014970059880239522
CUFF_NC.10530	5	18135352	18136473	-	0	0	0		66	0	354	0.0	281	3	1541	0.001946787800129786
CUFF_NC.10534	5	18141487	18146981	+	0	0	0		330	707	2184	0.32371794871794873	1571	821	10100	0.08128712871287129
CUFF_NC.10533	5	18149657	18154516	-	0	0	0		264	5	1563	0.003198976327575176	1237	15	7070	0.0021216407355021216
CUFF_NC.10553	5	18177016	18177823	+	0	0	0		39	1	133	0.007518796992481203	197	3	713	0.004207573632538569
CUFF_NC.10554	5	18185604	18186258	-	0	0	0		26	0	101	0.0	190	1	743	0.0013458950201884253
CUFF_NC.10539	5	18192319	18193412	+	0	0	0		0	0	0		8	0	8	0.0
CUFF_NC.10540	5	18218945	18219821	-	0	0	0		71	0	313	0.0	151	0	563	0.0
CUFF_NC.10548	5	18246293	18246893	-	0	0	0		25	0	123	0.0	162	2	768	0.0026041666666666665
CUFF_NC.10546	5	18264739	18265131	-	0	0	0		25	0	135	0.0	91	1	608	0.001644736842105263
CUFF_NC.10542	5	18277616	18278694	+	0	0	0		61	2	257	0.007782101167315175	330	9	1317	0.00683371298405467
CUFF_NC.10547	5	18332435	18332827	-	0	0	0		21	1	98	0.01020408163265306	110	2	622	0.003215434083601286
CUFF_NC.10544	5	18333442	18334246	+	0	0	0		31	0	160	0.0	240	1	1234	0.0008103727714748784
CUFF_NC.10551	5	18386986	18388072	-	0	0	0		70	129	481	0.2681912681912682	223	141	1560	0.09038461538461538
CUFF_NC.10552	5	18390121	18391610	-	0	0	0		42	1	275	0.0036363636363636364	392	5	2296	0.0021777003484320556
CUFF_NC.10549	5	18399365	18400366	-	0	0	0		87	1	352	0.002840909090909091	261	4	1043	0.003835091083413231
CUFF_NC.10550	5	18410857	18411401	-	0	0	0		46	0	172	0.0	152	1	549	0.0018214936247723133
CUFF_NC.10580	5	18412091	18413691	+	0	0	0		61	0	238	0.0	251	2	857	0.002333722287047841
CUFF_NC.10582	5	18414895	18415955	-	0	0	0		53	13	298	0.0436241610738255	321	23	1644	0.013990267639902677
CUFF_NC.10581	5	18433732	18434493	+	0	0	0		0	0	0		38	0	82	0.0
CUFF_NC.10556	5	18468855	18469505	-	0	0	0		63	1	299	0.0033444816053511705	184	6	886	0.006772009029345372
CUFF_NC.10555	5	18481338	18481710	+	0	0	0		21	0	86	0.0	95	3	480	0.00625
CUFF_NC.10558	5	18495270	18495666	+	0	0	0		24	84	145	0.5793103448275863	124	90	680	0.1323529411764706
CUFF_NC.10557	5	18514929	18515729	+	0	0	0		55	0	235	0.0	213	3	776	0.003865979381443299
CUFF_NC.10559	5	18537171	18538335	-	0	0	0		61	0	285	0.0	258	1	1156	0.0008650519031141869
CUFF_NC.10561	5	18540527	18541251	-	0	0	0		16	10	114	0.08771929824561403	182	3	1051	0.0028544243577545195
CUFF_NC.10562	5	18541690	18542071	-	0	0	0		21	1	114	0.008771929824561403	103	0	617	0.0
CUFF_NC.10560	5	18563298	18564930	-	0	0	0		63	3	298	0.010067114093959731	490	6	1776	0.0033783783783783786
CUFF_NC.10563	5	18575710	18576504	+	0	0	0		37	0	134	0.0	200	1	692	0.001445086705202312
CUFF_NC.10564	5	18577549	18579261	+	0	0	0		121	1	622	0.001607717041800643	368	9	1675	0.005373134328358209
CUFF_NC.10565	5	18586995	18588989	+	0	0	0		75	1	388	0.002577319587628866	507	8	2442	0.003276003276003276
CUFF_NC.10566	5	18590009	18591301	+	0	0	0		63	0	394	0.0	308	2	1795	0.0011142061281337048
CUFF_NC.10567	5	18617862	18618554	-	0	0	0		57	0	288	0.0	172	1	875	0.001142857142857143
CUFF_NC.10568	5	18624490	18627830	-	0	0	0		54	131	299	0.43812709030100333	450	173	2449	0.07064107799101674
CUFF_NC.10569	5	18626386	18627042	-	0	0	0		16	85	125	0.68	101	60	660	0.09090909090909091
CUFF_NC.10570	5	18669319	18669750	-	0	0	0		0	0	0		9	0	44	0.0
CUFF_NC.10574	5	18687144	18688493	-	0	0	0		87	0	403	0.0	375	5	1636	0.003056234718826406
CUFF_NC.10571	5	18689700	18690681	+	0	0	0		67	1	383	0.0026109660574412533	215	1	1027	0.0009737098344693282
CUFF_NC.10572	5	18701360	18702021	-	0	0	0		21	0	126	0.0	87	3	483	0.006211180124223602
CUFF_NC.10573	5	18705122	18705992	+	0	0	0		30	0	163	0.0	262	3	1546	0.0019404915912031048
CUFF_NC.10576	5	18707598	18708229	+	0	0	0		32	1	189	0.005291005291005291	166	0	917	0.0
CUFF_NC.10577	5	18708422	18709969	+	0	0	0		77	0	339	0.0	433	7	1715	0.004081632653061225
CUFF_NC.10579	5	18738491	18739126	-	0	0	0		21	0	93	0.0	129	0	552	0.0
CUFF_NC.10578	5	18745802	18747362	+	0	0	0		64	1	313	0.003194888178913738	403	5	1877	0.002663825253063399
CUFF_NC.10587	5	18759825	18766083	+	0	0	0		279	2	1511	0.0013236267372600927	1593	27	8491	0.0031798374749735015
CUFF_NC.10588	5	18761662	18767748	+	0	0	0		251	1	1289	0.0007757951900698216	1577	22	7817	0.0028143789177433797
CUFF_NC.10584	5	18810988	18811951	+	0	0	0		59	0	201	0.0	246	5	817	0.006119951040391677
CUFF_NC.10596	5	18834275	18835499	-	0	0	0		55	0	252	0.0	333	3	1373	0.0021849963583394027
CUFF_NC.10606	5	18840446	18840772	-	0	0	0		24	0	91	0.0	91	2	287	0.006968641114982578
CUFF_NC.10607	5	18841572	18842422	-	0	0	0		63	1	285	0.0035087719298245615	238	2	878	0.002277904328018223
CUFF_NC.10589	5	18857938	18858279	-	0	0	0		2	0	5	0.0	12	0	22	0.0
CUFF_NC.10590	5	18870478	18871778	-	0	0	0		4	0	4	0.0	14	0	14	0.0
CUFF_NC.10591	5	18871824	18872333	-	0	0	0		6	1	6	0.16666666666666666	43	0	43	0.0
CUFF_NC.10593	5	18884312	18884659	+	0	0	0		17	0	109	0.0	81	2	412	0.0048543689320388345
CUFF_NC.10592	5	18891002	18891437	+	0	0	0		14	0	88	0.0	110	2	746	0.002680965147453083
CUFF_NC.10594	5	18897622	18899252	+	0	0	0		100	2	445	0.0044943820224719105	505	6	2001	0.0029985007496251873
CUFF_NC.10595	5	18907749	18908646	+	0	0	0		45	0	209	0.0	161	2	678	0.0029498525073746312
CUFF_NC.10597	5	18930197	18931365	-	0	0	0		56	0	283	0.0	282	6	1249	0.004803843074459567
CUFF_NC.10601	5	18946324	18946879	-	0	0	0		31	0	173	0.0	159	4	871	0.004592422502870264
CUFF_NC.10599	5	18971445	18972004	+	0	0	0		24	1	89	0.011235955056179775	101	1	418	0.0023923444976076554
CUFF_NC.10602	5	18974951	18976306	-	0	0	0		64	0	317	0.0	357	5	1541	0.003244646333549643
CUFF_NC.10598	5	18977447	18977879	-	0	0	0		21	0	112	0.0	138	3	683	0.004392386530014641
CUFF_NC.10600	5	18979231	18980021	-	0	0	0		65	5	215	0.023255813953488372	182	10	582	0.01718213058419244
CUFF_NC.10603	5	18983768	18984988	+	0	0	0		59	1	260	0.0038461538461538464	245	2	1013	0.0019743336623889436
CUFF_NC.10604	5	18993053	18996955	-	0	0	0		147	56	845	0.06627218934911243	913	43	5192	0.008281972265023113
CUFF_NC.10605	5	19002438	19004272	-	0	0	0		123	1	529	0.001890359168241966	436	15	1778	0.00843644544431946
CUFF_NC.10609	5	19011108	19011888	-	0	0	0		64	1	349	0.0028653295128939827	205	1	1168	0.0008561643835616438
CUFF_NC.10615	5	19034059	19035425	-	0	0	0		100	0	451	0.0	370	5	1652	0.003026634382566586
CUFF_NC.10619	5	19048247	19048586	-	0	0	0		22	1	114	0.008771929824561403	100	1	546	0.0018315018315018315
CUFF_NC.10620	5	19049902	19051108	-	0	0	0		96	1	469	0.0021321961620469083	271	6	1258	0.0047694753577106515
CUFF_NC.10616	5	19051499	19052391	+	0	0	0		65	1	357	0.0028011204481792717	254	6	1105	0.005429864253393665
CUFF_NC.10618	5	19052674	19053368	+	0	0	0		35	0	158	0.0	171	1	836	0.0011961722488038277
CUFF_NC.10610	5	19058033	19061465	+	0	0	0		114	39	598	0.06521739130434782	756	29	4226	0.00686228111689541
CUFF_NC.10611	5	19059618	19062711	+	0	0	0		101	43	594	0.0723905723905724	664	27	3717	0.007263922518159807
CUFF_NC.10612	5	19061186	19064320	+	0	0	0		91	34	522	0.06513409961685823	686	29	3772	0.0076882290562036056
CUFF_NC.10614	5	19077093	19077732	-	0	0	0		47	0	179	0.0	208	0	773	0.0
CUFF_NC.10633	5	19088279	19089829	-	0	0	0		106	1	582	0.001718213058419244	440	3	2194	0.0013673655423883319
CUFF_NC.10613	5	19100421	19101064	-	0	0	0		11	0	61	0.0	157	0	842	0.0
CUFF_NC.10617	5	19106118	19107828	-	0	0	0		92	0	390	0.0	367	7	1537	0.004554326610279766
CUFF_NC.10621	5	19115326	19115674	-	0	0	0		5	0	23	0.0	106	1	492	0.0020325203252032522
CUFF_NC.10622	5	19120123	19120674	+	0	0	0		29	0	124	0.0	112	2	491	0.004073319755600814
CUFF_NC.10624	5	19124784	19125187	+	0	0	0		17	0	109	0.0	95	3	553	0.0054249547920434
CUFF_NC.10625	5	19127810	19128657	-	0	0	0		44	1	225	0.0044444444444444444	185	2	785	0.0025477707006369425
CUFF_NC.10626	5	19128765	19129369	-	0	0	0		18	0	81	0.0	135	0	615	0.0
CUFF_NC.10623	5	19139883	19140350	-	0	0	0		11	12	54	0.2222222222222222	97	10	558	0.017921146953405017
CUFF_NC.10628	5	19163416	19164230	+	0	0	0		42	1	208	0.004807692307692308	209	2	988	0.0020242914979757085
CUFF_NC.10627	5	19172296	19172929	+	0	0	0		43	0	158	0.0	164	2	642	0.003115264797507788
CUFF_NC.10629	5	19189326	19190026	-	0	0	0		40	1	197	0.005076142131979695	223	3	1035	0.002898550724637681
CUFF_NC.10634	5	19202494	19205451	-	0	0	0		175	2	836	0.0023923444976076554	717	11	3608	0.003048780487804878
CUFF_NC.10631	5	19208328	19208659	-	0	0	0		23	0	97	0.0	86	0	370	0.0
CUFF_NC.10632	5	19211104	19211519	-	0	0	0		8	1	39	0.02564102564102564	109	0	577	0.0
CUFF_NC.10630	5	19216384	19217937	+	0	0	0		94	1	392	0.002551020408163265	411	5	1787	0.0027979854504756574
CUFF_NC.10635	5	19231659	19232672	-	0	0	0		83	1	337	0.002967359050445104	270	2	1020	0.00196078431372549
CUFF_NC.10636	5	19235594	19236752	+	0	0	0		81	0	287	0.0	255	3	938	0.0031982942430703624
CUFF_NC.10637	5	19236820	19237886	+	0	0	0		72	1	300	0.0033333333333333335	312	7	1245	0.005622489959839358
CUFF_NC.10638	5	19240666	19241230	+	0	0	0		30	0	130	0.0	147	2	771	0.0025940337224383916
CUFF_NC.10639	5	19289666	19290721	+	0	0	0		42	0	184	0.0	240	2	1222	0.0016366612111292963
CUFF_NC.10640	5	19294855	19297758	+	0	0	0		240	3	1144	0.0026223776223776225	786	8	3537	0.0022618037885213456
CUFF_NC.10641	5	19298448	19298881	+	0	0	0		37	3	167	0.017964071856287425	113	1	511	0.0019569471624266144
CUFF_NC.10642	5	19301559	19302270	+	0	0	0		43	0	159	0.0	209	0	843	0.0
CUFF_NC.10643	5	19302662	19304470	+	0	0	0		168	3	749	0.004005340453938585	538	7	2475	0.0028282828282828283
CUFF_NC.10644	5	19304999	19305494	+	0	0	0		7	0	28	0.0	135	4	761	0.005256241787122208
CUFF_NC.10647	5	19308280	19308936	+	0	0	0		49	0	201	0.0	193	2	765	0.00261437908496732
CUFF_NC.10645	5	19310383	19311707	+	0	0	0		105	2	479	0.0041753653444676405	394	3	1769	0.0016958733747880158
CUFF_NC.10646	5	19316780	19317476	+	0	0	0		66	0	286	0.0	192	1	626	0.001597444089456869
CUFF_NC.10655	5	19334532	19335226	+	0	0	0		54	0	271	0.0	208	0	1073	0.0
CUFF_NC.10656	5	19336703	19337115	+	0	0	0		20	0	115	0.0	124	2	693	0.002886002886002886
CUFF_NC.10649	5	19338506	19339141	-	0	0	0		26	1	117	0.008547008547008548	175	6	687	0.008733624454148471
CUFF_NC.10653	5	19350798	19353065	-	0	0	0		193	2	718	0.002785515320334262	619	9	2263	0.003977021652673442
CUFF_NC.10654	5	19355418	19355789	-	0	0	0		41	1	205	0.004878048780487805	108	1	517	0.0019342359767891683
CUFF_NC.10652	5	19364886	19365330	+	0	0	0		25	0	99	0.0	114	2	486	0.00411522633744856
CUFF_NC.10648	5	19373932	19374574	+	0	0	0		27	0	81	0.0	158	3	794	0.003778337531486146
CUFF_NC.10650	5	19386424	19387542	+	0	0	0		110	0	508	0.0	325	6	1383	0.004338394793926247
CUFF_NC.10659	5	19401111	19402610	-	0	0	0		44	0	237	0.0	368	4	1781	0.0022459292532285235
CUFF_NC.10651	5	19403437	19404024	+	0	0	0		26	0	105	0.0	179	0	741	0.0
CUFF_NC.10657	5	19410399	19410896	+	0	0	0		47	0	202	0.0	114	3	575	0.0052173913043478265
CUFF_NC.10658	5	19411596	19412011	+	0	0	0		26	0	69	0.0	95	4	336	0.011904761904761904
CUFF_NC.10660	5	19462026	19462512	+	0	0	0		20	0	119	0.0	133	6	899	0.006674082313681869
CUFF_NC.10661	5	19491723	19492557	+	0	0	0		40	1	195	0.005128205128205128	196	1	878	0.0011389521640091116
CUFF_NC.10662	5	19516215	19516811	-	0	0	0		33	1	232	0.004310344827586207	159	4	1051	0.003805899143672693
CUFF_NC.10663	5	19516950	19518406	-	0	0	0		111	2	529	0.003780718336483932	420	7	1922	0.0036420395421436005
CUFF_NC.10666	5	19527977	19528645	+	0	0	0		61	2	282	0.0070921985815602835	196	3	810	0.003703703703703704
CUFF_NC.10665	5	19532550	19533485	+	0	0	0		62	2	175	0.011428571428571429	221	2	806	0.0024813895781637717
CUFF_NC.10664	5	19540294	19540821	-	0	0	0		19	0	100	0.0	142	1	850	0.001176470588235294
CUFF_NC.10667	5	19541018	19542084	+	0	0	0		67	1	295	0.003389830508474576	298	2	1128	0.0017730496453900709
CUFF_NC.10668	5	19557439	19558208	+	0	0	0		33	45	186	0.24193548387096775	183	9	1036	0.008687258687258687
CUFF_NC.10670	5	19564741	19565210	+	0	0	0		22	0	46	0.0	114	1	217	0.004608294930875576
CUFF_NC.10669	5	19566142	19566681	+	0	0	0		14	0	62	0.0	114	0	427	0.0
CUFF_NC.10671	5	19568873	19569796	-	0	0	0		52	0	202	0.0	274	3	1179	0.002544529262086514
CUFF_NC.10673	5	19587813	19588296	-	0	0	0		34	1	129	0.007751937984496124	121	0	517	0.0
CUFF_NC.10672	5	19589748	19590368	-	0	0	0		29	0	151	0.0	180	1	856	0.0011682242990654205
CUFF_NC.10676	5	19618395	19622643	-	0	0	0		207	0	958	0.0	1159	10	5596	0.0017869907076483202
CUFF_NC.10677	5	19622951	19624232	-	0	0	0		57	2	258	0.007751937984496124	319	5	1488	0.003360215053763441
CUFF_NC.10678	5	19629681	19630031	+	0	0	0		14	0	63	0.0	97	1	374	0.00267379679144385
CUFF_NC.10679	5	19632022	19632805	+	0	0	0		57	1	337	0.002967359050445104	245	6	1388	0.004322766570605188
CUFF_NC.10674	5	19647806	19648149	+	0	0	0		15	1	52	0.019230769230769232	96	0	380	0.0
CUFF_NC.10675	5	19653109	19653397	-	0	0	0		17	0	80	0.0	82	2	282	0.0070921985815602835
CUFF_NC.10681	5	19676897	19677727	-	0	0	0		46	0	283	0.0	222	7	1328	0.005271084337349397
CUFF_NC.10680	5	19683776	19685322	-	0	0	0		84	2	310	0.0064516129032258064	346	2	1405	0.0014234875444839859
CUFF_NC.10683	5	19695947	19696482	+	0	0	0		30	0	129	0.0	154	2	765	0.00261437908496732
CUFF_NC.10682	5	19699218	19699819	-	0	0	0		41	1	192	0.005208333333333333	167	2	709	0.0028208744710860366
CUFF_NC.10699	5	19714128	19714732	-	0	0	0		48	3	218	0.013761467889908258	146	1	602	0.0016611295681063123
CUFF_NC.10700	5	19716170	19716981	-	0	0	0		38	0	175	0.0	108	3	516	0.005813953488372093
CUFF_NC.10698	5	19721644	19722003	+	0	0	0		14	0	46	0.0	78	1	265	0.0037735849056603774
CUFF_NC.10685	5	19723529	19724775	+	0	0	0		66	1	317	0.0031545741324921135	327	7	1528	0.004581151832460733
CUFF_NC.10686	5	19734530	19735164	+	0	0	0		41	0	175	0.0	167	5	796	0.00628140703517588
CUFF_NC.10687	5	19737519	19738434	-	0	0	0		65	0	409	0.0	218	4	1338	0.0029895366218236174
CUFF_NC.10684	5	19739374	19739907	+	0	0	0		19	0	127	0.0	150	2	850	0.002352941176470588
CUFF_NC.10688	5	19756423	19757096	-	0	0	0		24	1	102	0.00980392156862745	160	4	708	0.005649717514124294
CUFF_NC.10689	5	19804330	19804920	+	0	0	0		33	0	153	0.0	187	4	778	0.005141388174807198
CUFF_NC.10690	5	19833942	19834485	+	0	0	0		19	0	82	0.0	149	0	513	0.0
CUFF_NC.10692	5	19835378	19835823	-	0	0	0		21	1	73	0.0136986301369863	125	2	296	0.006756756756756757
CUFF_NC.10693	5	19836768	19837492	+	0	0	0		81	1	302	0.0033112582781456954	214	7	833	0.008403361344537815
CUFF_NC.10691	5	19843023	19843869	-	0	0	0		35	1	200	0.005	218	5	1171	0.004269854824935952
CUFF_NC.10696	5	19853074	19853425	-	0	0	0		28	1	149	0.006711409395973154	92	0	469	0.0
CUFF_NC.10697	5	19855108	19856187	-	0	0	0		85	1	400	0.0025	318	1	1536	0.0006510416666666666
CUFF_NC.10694	5	19860821	19861468	-	0	0	0		36	0	173	0.0	164	5	809	0.006180469715698393
CUFF_NC.10695	5	19864608	19865557	-	0	0	0		36	1	184	0.005434782608695652	303	6	1281	0.00468384074941452
CUFF_NC.10706	5	19871188	19871535	-	0	0	0		31	1	165	0.006060606060606061	85	2	337	0.005934718100890208
CUFF_NC.10707	5	19872453	19873945	-	0	0	0		119	4	684	0.005847953216374269	382	8	2247	0.0035603026257231864
CUFF_NC.10701	5	19908676	19909511	+	0	0	0		36	2	230	0.008695652173913044	204	3	1017	0.0029498525073746312
CUFF_NC.10702	5	19915733	19917787	-	0	0	0		98	2	326	0.006134969325153374	542	8	1969	0.004062976130015236
CUFF_NC.10704	5	19919232	19919815	+	0	0	0		31	51	154	0.33116883116883117	174	22	917	0.023991275899672846
CUFF_NC.10703	5	19923047	19923628	+	0	0	0		23	0	112	0.0	133	1	722	0.0013850415512465374
CUFF_NC.10709	5	19934390	19934990	-	0	0	0		62	1	240	0.004166666666666667	198	6	668	0.008982035928143712
CUFF_NC.10710	5	19937266	19937919	-	0	0	0		49	0	283	0.0	183	3	988	0.003036437246963563
CUFF_NC.10705	5	19938723	19939792	+	0	0	0		40	0	166	0.0	265	3	1092	0.0027472527472527475
CUFF_NC.10711	5	19943265	19945861	+	0	0	0		199	2	892	0.002242152466367713	749	6	3597	0.0016680567139282735
CUFF_NC.10712	5	19947255	19947761	+	0	0	0		24	0	114	0.0	116	5	575	0.008695652173913044
CUFF_NC.10708	5	19949804	19950687	-	0	0	0		68	0	340	0.0	256	3	1199	0.0025020850708924102
CUFF_NC.10713	5	19969359	19969885	-	0	0	0		14	0	49	0.0	140	1	697	0.0014347202295552368
CUFF_NC.10714	5	19976812	19977626	+	0	0	0		59	1	205	0.004878048780487805	210	1	564	0.0017730496453900709
CUFF_NC.10715	5	19999011	20000054	+	0	0	0		29	0	169	0.0	322	5	1471	0.003399048266485384
CUFF_NC.10716	5	20012092	20013947	+	0	0	0		114	2	578	0.0034602076124567475	540	10	2671	0.0037439161362785474
CUFF_NC.10719	5	20033559	20034296	-	0	0	0		39	4	152	0.02631578947368421	218	13	1010	0.01287128712871287
CUFF_NC.10717	5	20051973	20052678	-	0	0	0		40	1	218	0.0045871559633027525	164	0	853	0.0
CUFF_NC.10718	5	20061616	20062537	+	0	0	0		41	94	141	0.6666666666666666	254	114	986	0.11561866125760649
CUFF_NC.10721	5	20070495	20071402	-	0	0	0		63	2	300	0.006666666666666667	193	0	914	0.0
CUFF_NC.10720	5	20072868	20073380	-	0	0	0		26	0	138	0.0	130	1	688	0.0014534883720930232
CUFF_NC.10728	5	20103107	20103814	-	0	0	0		43	0	240	0.0	185	5	1118	0.004472271914132379
CUFF_NC.10733	5	20106647	20112130	+	0	0	0		388	6	1774	0.0033821871476888386	1346	10	6342	0.001576789656259855
CUFF_NC.10734	5	20110137	20110607	+	0	0	0		35	0	102	0.0	108	1	433	0.0023094688221709007
CUFF_NC.10723	5	20128888	20129539	-	0	0	0		10	17	26	0.6538461538461539	34	7	83	0.08433734939759036
CUFF_NC.10725	5	20131908	20132444	+	0	0	0		34	1	207	0.004830917874396135	163	2	876	0.00228310502283105
CUFF_NC.10724	5	20134199	20134786	+	0	0	0		12	0	66	0.0	156	0	823	0.0
CUFF_NC.10726	5	20135164	20135662	+	0	0	0		14	1	89	0.011235955056179775	120	3	722	0.004155124653739612
CUFF_NC.10727	5	20150703	20151007	-	0	0	0		6	0	28	0.0	76	1	469	0.0021321961620469083
CUFF_NC.10735	5	20154750	20156530	-	0	0	0		104	2	502	0.00398406374501992	425	3	1871	0.0016034206306787815
CUFF_NC.10730	5	20161198	20162078	+	0	0	0		41	0	191	0.0	226	2	1293	0.0015467904098994587
CUFF_NC.10732	5	20168460	20169869	+	0	0	0		104	0	420	0.0	365	3	1424	0.002106741573033708
CUFF_NC.10729	5	20170368	20170774	-	0	0	0		11	0	43	0.0	95	0	372	0.0
CUFF_NC.10739	5	20188612	20188983	-	0	0	0		30	0	180	0.0	110	3	590	0.005084745762711864
CUFF_NC.10736	5	20191798	20193638	-	0	0	0		92	1	264	0.003787878787878788	484	3	1552	0.0019329896907216496
CUFF_NC.10748	5	20196928	20197239	-	0	0	0		17	0	97	0.0	89	0	390	0.0
CUFF_NC.10742	5	20202225	20207061	+	0	0	0		172	3	862	0.0034802784222737818	1202	18	6151	0.00292635343846529
CUFF_NC.10743	5	20202884	20207483	+	0	0	0		179	2	922	0.0021691973969631237	1147	15	5934	0.0025278058645096056
CUFF_NC.10744	5	20203303	20208153	+	0	0	0		173	2	841	0.0023781212841854932	1183	17	5849	0.0029064797401265174
CUFF_NC.10737	5	20214322	20214952	-	0	0	0		37	0	162	0.0	146	1	656	0.001524390243902439
CUFF_NC.10738	5	20214598	20215104	+	0	0	0		37	0	147	0.0	115	0	416	0.0
CUFF_NC.10741	5	20220485	20221225	-	0	0	0		42	2	239	0.008368200836820083	219	3	1042	0.0028790786948176585
CUFF_NC.10740	5	20228775	20229117	-	0	0	0		17	0	62	0.0	86	1	518	0.0019305019305019305
CUFF_NC.10757	5	20264508	20270612	+	0	0	0		50	0	210	0.0	408	10	1738	0.005753739930955121
CUFF_NC.10750	5	20289507	20291438	+	0	0	0		119	0	524	0.0	495	7	1960	0.0035714285714285713
CUFF_NC.10751	5	20291829	20292457	+	0	0	0		27	2	98	0.02040816326530612	155	0	556	0.0
CUFF_NC.10746	5	20303389	20303886	-	0	0	0		31	0	155	0.0	144	2	520	0.0038461538461538464
CUFF_NC.10747	5	20305421	20306277	-	0	0	0		76	0	338	0.0	266	5	1144	0.004370629370629371
CUFF_NC.10745	5	20307223	20307930	+	0	0	0		36	1	234	0.004273504273504274	185	5	1092	0.004578754578754579
CUFF_NC.10749	5	20309022	20310615	+	0	0	0		118	2	628	0.0031847133757961785	448	3	2381	0.00125997480050399
CUFF_NC.10752	5	20313676	20314454	+	0	0	0		32	86	168	0.5119047619047619	195	20	1025	0.01951219512195122
CUFF_NC.10755	5	20330134	20330495	-	0	0	0		26	1	136	0.007352941176470588	102	2	527	0.003795066413662239
CUFF_NC.10756	5	20333073	20333726	-	0	0	0		14	0	107	0.0	186	2	901	0.0022197558268590455
CUFF_NC.10753	5	20334065	20335015	+	0	0	0		71	0	321	0.0	299	1	1271	0.0007867820613690008
CUFF_NC.10754	5	20344468	20345084	+	0	0	0		33	1	162	0.006172839506172839	166	2	910	0.002197802197802198
CUFF_NC.10762	5	20354497	20360765	-	0	0	0		241	114	1388	0.08213256484149856	1372	88	7705	0.011421155094094743
CUFF_NC.10763	5	20356295	20356736	-	0	0	0		10	10	76	0.13157894736842105	100	16	727	0.02200825309491059
CUFF_NC.10760	5	20362913	20364557	-	0	0	0		67	1	377	0.002652519893899204	433	5	2443	0.002046663937781416
CUFF_NC.10758	5	20366059	20367128	-	0	0	0		59	0	178	0.0	292	1	985	0.0010152284263959391
CUFF_NC.10761	5	20369521	20371005	-	0	0	0		55	2	249	0.008032128514056224	399	2	1972	0.0010141987829614604
CUFF_NC.10765	5	20373411	20373913	-	0	0	0		16	0	80	0.0	143	0	607	0.0
CUFF_NC.10759	5	20384457	20385261	+	0	0	0		45	0	276	0.0	225	3	1334	0.0022488755622188904
CUFF_NC.10764	5	20386454	20387098	+	0	0	0		14	0	99	0.0	164	2	1084	0.0018450184501845018
CUFF_NC.10767	5	20405715	20406371	+	0	0	0		35	1	276	0.0036231884057971015	159	1	1070	0.0009345794392523365
CUFF_NC.10768	5	20433100	20435237	-	0	0	0		92	2	503	0.003976143141153081	543	14	2868	0.0048814504881450485
CUFF_NC.10766	5	20436911	20437527	-	0	0	0		26	0	101	0.0	191	2	850	0.002352941176470588
CUFF_NC.10772	5	20477565	20478011	-	0	0	0		32	3	185	0.016216216216216217	124	1	674	0.001483679525222552
CUFF_NC.10780	5	20488261	20488861	+	0	0	0		37	1	202	0.0049504950495049506	145	1	811	0.0012330456226880395
CUFF_NC.10771	5	20493672	20494079	+	0	0	0		27	1	170	0.0058823529411764705	113	0	657	0.0
CUFF_NC.10770	5	20500886	20501871	+	0	0	0		68	1	249	0.004016064257028112	242	3	1000	0.003
CUFF_NC.10769	5	20505248	20506838	+	0	0	0		92	1	328	0.003048780487804878	426	3	1282	0.00234009360374415
CUFF_NC.10775	5	20516278	20518159	+	0	0	0		134	2	681	0.002936857562408223	554	6	2499	0.0024009603841536613
CUFF_NC.10773	5	20518892	20519350	+	0	0	0		25	0	117	0.0	97	2	432	0.004629629629629629
CUFF_NC.10774	5	20526764	20527470	+	0	0	0		20	118	145	0.8137931034482758	169	132	897	0.14715719063545152
CUFF_NC.10776	5	20542105	20542800	-	0	0	0		32	0	146	0.0	200	2	885	0.0022598870056497176
CUFF_NC.10779	5	20543451	20544859	+	0	0	0		107	0	480	0.0	326	2	1222	0.0016366612111292963
CUFF_NC.10777	5	20554847	20555842	+	0	0	0		78	1	261	0.0038314176245210726	272	1	883	0.0011325028312570782
CUFF_NC.10778	5	20557798	20558347	+	0	0	0		48	1	147	0.006802721088435374	158	2	473	0.004228329809725159
CUFF_NC.10781	5	20560561	20561263	+	0	0	0		50	0	186	0.0	175	0	818	0.0
CUFF_NC.10782	5	20563492	20565069	+	0	0	0		16	3	75	0.04	180	13	744	0.01747311827956989
CUFF_NC.10785	5	20635880	20636576	+	0	0	0		31	0	146	0.0	147	3	663	0.004524886877828055
CUFF_NC.10786	5	20637379	20637861	+	0	0	0		20	0	77	0.0	143	2	550	0.0036363636363636364
CUFF_NC.10788	5	20642924	20643677	+	0	0	0		18	0	101	0.0	194	5	1237	0.004042037186742118
CUFF_NC.10790	5	20660058	20661103	-	0	0	0		32	68	147	0.46258503401360546	182	134	836	0.16028708133971292
CUFF_NC.10791	5	20660077	20660976	+	0	0	0		28	59	126	0.46825396825396826	143	82	554	0.148014440433213
CUFF_NC.10789	5	20670094	20670611	+	0	0	0		10	2	44	0.045454545454545456	118	5	660	0.007575757575757576
CUFF_NC.10792	5	20683309	20684072	-	0	0	0		29	0	136	0.0	223	2	773	0.00258732212160414
CUFF_NC.10798	5	20696426	20697310	+	0	0	0		48	0	221	0.0	222	1	1125	0.0008888888888888889
CUFF_NC.10793	5	20705122	20706253	+	0	0	0		70	2	343	0.0058309037900874635	337	5	1475	0.003389830508474576
CUFF_NC.10795	5	20711762	20712531	+	0	0	0		40	1	268	0.0037313432835820895	228	1	1100	0.0009090909090909091
CUFF_NC.10796	5	20715735	20716898	+	0	0	0		87	4	346	0.011560693641618497	321	8	1324	0.006042296072507553
CUFF_NC.10797	5	20725176	20726077	-	0	0	0		80	1	401	0.0024937655860349127	279	3	1066	0.0028142589118198874
CUFF_NC.10794	5	20727480	20727919	-	0	0	0		20	0	116	0.0	127	3	633	0.004739336492890996
CUFF_NC.10801	5	20752939	20753787	-	0	0	0		37	0	189	0.0	198	2	875	0.002285714285714286
CUFF_NC.10799	5	20757639	20758599	+	0	0	0		26	0	125	0.0	261	5	1289	0.003878975950349108
CUFF_NC.10800	5	20765138	20765602	-	0	0	0		33	0	175	0.0	119	0	510	0.0
CUFF_NC.10802	5	20828760	20829146	-	0	0	0		27	0	129	0.0	107	3	503	0.005964214711729622
CUFF_NC.10803	5	20878754	20880286	+	0	0	0		116	2	550	0.0036363636363636364	387	6	1723	0.003482298316889147
CUFF_NC.10804	5	20898144	20898490	-	0	0	0		16	0	100	0.0	95	0	487	0.0
CUFF_NC.10806	5	20900027	20900816	-	0	0	0		36	0	144	0.0	181	1	855	0.0011695906432748538
CUFF_NC.10808	5	20905330	20905753	+	0	0	0		18	0	60	0.0	86	1	349	0.0028653295128939827
CUFF_NC.10809	5	20914715	20919277	+	0	0	0		225	2	989	0.0020222446916076846	1112	14	5463	0.002562694490206846
CUFF_NC.10810	5	20917917	20918748	+	0	0	0		72	1	320	0.003125	211	3	938	0.0031982942430703624
CUFF_NC.10811	5	20936349	20937231	-	0	0	0		61	2	349	0.0057306590257879654	246	4	1250	0.0032
CUFF_NC.10805	5	20939640	20941039	+	0	0	0		100	1	475	0.002105263157894737	330	5	1502	0.003328894806924101
CUFF_NC.10807	5	20945748	20946256	-	0	0	0		28	0	122	0.0	159	3	801	0.003745318352059925
CUFF_NC.10812	5	20958468	20959004	+	0	0	0		41	1	165	0.006060606060606061	143	0	468	0.0
CUFF_NC.10814	5	20993444	20995290	-	0	0	0		111	1	489	0.002044989775051125	464	6	1788	0.003355704697986577
CUFF_NC.10815	5	21009422	21010049	-	0	0	0		28	0	87	0.0	135	0	423	0.0
CUFF_NC.10816	5	21014398	21015118	-	0	0	0		0	0	0		7	0	7	0.0
CUFF_NC.10818	5	21017629	21018089	-	0	0	0		25	0	116	0.0	140	3	640	0.0046875
CUFF_NC.10817	5	21020684	21021495	-	0	0	0		80	2	406	0.0049261083743842365	245	5	1257	0.003977724741447892
CUFF_NC.10820	5	21031659	21032708	-	0	0	0		66	3	320	0.009375	274	2	896	0.002232142857142857
CUFF_NC.10819	5	21043051	21044454	+	0	0	0		40	2	165	0.012121212121212121	262	2	912	0.0021929824561403508
CUFF_NC.10821	5	21056194	21056977	+	0	0	0		34	1	169	0.005917159763313609	240	2	998	0.002004008016032064
CUFF_NC.10822	5	21080418	21080821	-	0	0	0		33	0	97	0.0	117	1	492	0.0020325203252032522
CUFF_NC.10823	5	21124120	21125135	+	0	0	0		74	1	357	0.0028011204481792717	232	4	1015	0.003940886699507389
CUFF_NC.10824	5	21128561	21128928	-	0	0	0		35	0	173	0.0	95	3	411	0.0072992700729927005
CUFF_NC.10828	5	21132615	21133191	-	0	0	0		50	0	165	0.0	200	1	532	0.0018796992481203006
CUFF_NC.10827	5	21138704	21144949	-	0	0	0		228	4	1169	0.003421727972626176	1526	30	8304	0.0036127167630057803
CUFF_NC.10825	5	21152181	21153041	+	0	0	0		44	0	202	0.0	223	2	836	0.0023923444976076554
CUFF_NC.10826	5	21153695	21154193	+	0	0	0		33	0	174	0.0	116	1	484	0.002066115702479339
CUFF_NC.10832	5	21164846	21165852	-	0	0	0		41	40	185	0.21621621621621623	273	31	1262	0.02456418383518225
CUFF_NC.10830	5	21179732	21180470	+	0	0	0		35	1	195	0.005128205128205128	191	2	842	0.0023752969121140144
CUFF_NC.10835	5	21208818	21209672	+	0	0	0		94	1	403	0.0024813895781637717	216	2	880	0.0022727272727272726
CUFF_NC.10836	5	21211443	21212080	+	0	0	0		32	0	148	0.0	180	6	732	0.00819672131147541
CUFF_NC.10831	5	21212892	21213571	-	0	0	0		40	2	251	0.00796812749003984	200	0	1152	0.0
CUFF_NC.10834	5	21242151	21243387	-	0	0	0		111	4	564	0.0070921985815602835	329	3	1239	0.002421307506053269
CUFF_NC.10833	5	21246096	21246627	+	0	0	0		25	1	103	0.009708737864077669	158	5	703	0.007112375533428165
CUFF_NC.10839	5	21259596	21261340	+	0	0	0		97	0	476	0.0	480	7	2548	0.0027472527472527475
CUFF_NC.10842	5	21273816	21274405	-	0	0	0		28	15	128	0.1171875	162	6	701	0.008559201141226819
CUFF_NC.10840	5	21294571	21294853	-	0	0	0		15	2	56	0.03571428571428571	89	1	246	0.0040650406504065045
CUFF_NC.10837	5	21301445	21302092	-	0	0	0		25	0	110	0.0	183	1	729	0.0013717421124828531
CUFF_NC.10838	5	21302197	21302648	-	0	0	0		33	0	154	0.0	113	2	529	0.003780718336483932
CUFF_NC.10841	5	21307201	21308147	-	0	0	0		94	1	456	0.0021929824561403508	202	1	870	0.0011494252873563218
CUFF_NC.10844	5	21318950	21321001	-	0	0	0		184	3	946	0.003171247357293869	607	12	2834	0.004234297812279464
CUFF_NC.10843	5	21343316	21343664	+	0	0	0		29	0	107	0.0	96	3	429	0.006993006993006993
CUFF_NC.10846	5	21361344	21362159	+	0	0	0		43	1	261	0.0038314176245210726	219	2	1263	0.001583531274742676
CUFF_NC.10845	5	21382386	21383155	-	0	0	0		34	0	165	0.0	185	1	990	0.00101010101010101
CUFF_NC.10857	5	21384127	21386573	-	0	0	0		100	1	502	0.00199203187250996	549	10	3072	0.0032552083333333335
CUFF_NC.10858	5	21384914	21385372	-	0	0	0		11	0	90	0.0	109	3	670	0.004477611940298508
CUFF_NC.10847	5	21410630	21412308	-	0	0	0		63	1	296	0.0033783783783783786	428	3	1733	0.0017311021350259665
CUFF_NC.10849	5	21415836	21416324	+	0	0	0		34	2	149	0.013422818791946308	144	2	638	0.003134796238244514
CUFF_NC.10848	5	21419674	21421684	+	0	0	0		93	0	433	0.0	499	6	1943	0.003088008234688626
CUFF_NC.10850	5	21438002	21439261	+	0	0	0		49	0	273	0.0	270	1	1230	0.0008130081300813008
CUFF_NC.10851	5	21440545	21441585	-	0	0	0		23	0	154	0.0	141	2	797	0.002509410288582183
CUFF_NC.10852	5	21449743	21450162	-	0	0	0		11	0	45	0.0	112	0	459	0.0
CUFF_NC.10854	5	21452654	21453944	+	0	0	0		50	0	302	0.0	323	11	1647	0.006678809957498482
CUFF_NC.10853	5	21454528	21454935	+	0	0	0		7	0	18	0.0	93	0	312	0.0
CUFF_NC.10862	5	21457773	21459126	+	0	0	0		115	2	638	0.003134796238244514	373	5	1936	0.0025826446280991736
CUFF_NC.10856	5	21466510	21468108	-	0	0	0		28	0	72	0.0	220	1	634	0.0015772870662460567
CUFF_NC.10855	5	21470416	21473034	-	0	0	0		137	2	634	0.0031545741324921135	723	10	3316	0.0030156815440289505
CUFF_NC.10860	5	21478697	21481994	-	0	0	0		148	3	796	0.0037688442211055275	856	14	4369	0.0032043945983062485
CUFF_NC.10861	5	21480767	21481261	-	0	0	0		36	1	210	0.004761904761904762	123	1	721	0.0013869625520110957
CUFF_NC.10859	5	21482153	21482584	+	0	0	0		29	0	121	0.0	105	2	503	0.003976143141153081
CUFF_NC.10892	5	21497629	21498017	+	0	0	0		15	0	53	0.0	87	0	391	0.0
CUFF_NC.10891	5	21501675	21502283	-	0	0	0		39	0	193	0.0	175	3	813	0.0036900369003690036
CUFF_NC.10869	5	21509746	21511989	+	0	0	0		67	1	207	0.004830917874396135	294	2	1136	0.0017605633802816902
CUFF_NC.10863	5	21513788	21514475	+	0	0	0		17	1	54	0.018518518518518517	132	0	559	0.0
CUFF_NC.10864	5	21533264	21533697	-	0	0	0		3	0	19	0.0	123	3	679	0.004418262150220913
CUFF_NC.10874	5	21539468	21540156	+	0	0	0		34	0	152	0.0	189	4	925	0.004324324324324324
CUFF_NC.10865	5	21545549	21546285	-	0	0	0		60	160	307	0.5211726384364821	207	63	1041	0.06051873198847262
CUFF_NC.10868	5	21551819	21552239	-	0	0	0		62	2	348	0.005747126436781609	110	0	577	0.0
CUFF_NC.10866	5	21558486	21558983	-	0	0	0		20	1	109	0.009174311926605505	144	1	731	0.0013679890560875513
CUFF_NC.10867	5	21558699	21559226	+	0	0	0		19	0	134	0.0	132	2	778	0.002570694087403599
CUFF_NC.10870	5	21567376	21567940	+	0	0	0		27	1	159	0.006289308176100629	179	3	670	0.004477611940298508
CUFF_NC.10871	5	21572278	21574351	+	0	0	0		50	13	300	0.043333333333333335	504	32	2960	0.010810810810810811
CUFF_NC.10872	5	21603298	21604049	-	0	0	0		31	0	121	0.0	146	3	627	0.004784688995215311
CUFF_NC.10873	5	21608315	21609276	-	0	0	0		48	1	232	0.004310344827586207	188	3	782	0.0038363171355498722
CUFF_NC.10875	5	21637405	21638331	+	0	0	0		59	0	325	0.0	261	3	1331	0.002253944402704733
CUFF_NC.10882	5	21650416	21651109	+	0	0	0		50	0	184	0.0	164	2	612	0.0032679738562091504
CUFF_NC.10878	5	21674131	21675047	-	0	0	0		52	0	364	0.0	258	7	1728	0.004050925925925926
CUFF_NC.10879	5	21684989	21686061	+	0	0	0		88	4	335	0.011940298507462687	360	4	1310	0.0030534351145038168
CUFF_NC.10876	5	21715721	21716668	-	0	0	0		86	2	406	0.0049261083743842365	293	1	1305	0.0007662835249042146
CUFF_NC.10877	5	21716823	21717647	-	0	0	0		41	2	188	0.010638297872340425	245	3	1019	0.002944062806673209
CUFF_NC.10880	5	21727518	21728616	+	0	0	0		66	2	283	0.007067137809187279	343	1	1309	0.0007639419404125286
CUFF_NC.10881	5	21751986	21752450	-	0	0	0		18	1	113	0.008849557522123894	118	2	802	0.0024937655860349127
CUFF_NC.10883	5	21772119	21772577	-	0	0	0		15	0	71	0.0	149	8	865	0.009248554913294798
CUFF_NC.10884	5	21817249	21817875	-	0	0	0		56	3	294	0.01020408163265306	158	1	655	0.0015267175572519084
CUFF_NC.10887	5	21872805	21873322	+	0	0	0		11	0	53	0.0	131	1	610	0.001639344262295082
CUFF_NC.10889	5	21882356	21883536	+	0	0	0		89	1	477	0.0020964360587002098	307	4	1490	0.0026845637583892616
CUFF_NC.10886	5	21887530	21887854	+	0	0	0		10	0	27	0.0	71	1	206	0.0048543689320388345
CUFF_NC.10890	5	21895157	21896014	+	0	0	0		33	0	151	0.0	267	0	939	0.0
CUFF_NC.10893	5	21927886	21928450	-	0	0	0		31	0	99	0.0	108	0	299	0.0
CUFF_NC.10895	5	21932629	21938346	+	0	0	0		114	2	419	0.00477326968973747	466	5	1411	0.003543586109142452
CUFF_NC.10916	5	21953606	21955071	+	0	0	0		93	1	499	0.002004008016032064	412	8	2128	0.0037593984962406013
CUFF_NC.10898	5	21984380	21984796	-	0	0	0		29	0	107	0.0	90	0	305	0.0
CUFF_NC.10899	5	21995779	21996639	+	0	0	0		44	1	237	0.004219409282700422	258	0	1216	0.0
CUFF_NC.10900	5	22012725	22013107	+	0	0	0		4	0	24	0.0	82	2	392	0.00510204081632653
CUFF_NC.10902	5	22023237	22024132	+	0	0	0		39	2	169	0.011834319526627219	234	2	1107	0.0018066847335140017
CUFF_NC.10903	5	22029392	22030017	+	0	0	0		29	0	133	0.0	191	3	682	0.004398826979472141
CUFF_NC.10938	5	22039740	22040479	+	0	0	0		74	1	332	0.0030120481927710845	207	1	1015	0.0009852216748768472
CUFF_NC.10904	5	22054501	22054862	+	0	0	0		23	1	88	0.011363636363636364	64	2	199	0.010050251256281407
CUFF_NC.10901	5	22057230	22057988	+	0	0	0		53	2	259	0.007722007722007722	209	0	838	0.0
CUFF_NC.10905	5	22091561	22091966	-	0	0	0		24	0	74	0.0	97	1	317	0.0031545741324921135
CUFF_NC.10907	5	22114502	22115575	+	0	0	0		47	0	154	0.0	222	1	607	0.0016474464579901153
CUFF_NC.10906	5	22121268	22121870	-	0	0	0		22	1	118	0.00847457627118644	173	1	990	0.00101010101010101
CUFF_NC.10908	5	22152607	22153224	-	0	0	0		29	0	114	0.0	127	0	417	0.0
CUFF_NC.10909	5	22158423	22164182	-	0	0	0		199	6	1025	0.005853658536585366	1208	10	6176	0.0016191709844559584
CUFF_NC.10914	5	22167145	22170650	+	0	0	0		208	1	1029	0.0009718172983479105	933	14	4561	0.0030695023021267264
CUFF_NC.10911	5	22185713	22186143	+	0	0	0		21	0	119	0.0	102	0	561	0.0
CUFF_NC.10910	5	22197676	22198236	+	0	0	0		45	1	234	0.004273504273504274	93	1	496	0.0020161290322580645
CUFF_NC.10913	5	22219820	22220833	+	0	0	0		59	3	249	0.012048192771084338	298	5	1309	0.0038197097020626434
CUFF_NC.10912	5	22223053	22223673	+	0	0	0		48	60	130	0.46153846153846156	115	71	351	0.2022792022792023
CUFF_NC.10921	5	22233219	22233513	-	0	0	0		13	0	27	0.0	44	1	86	0.011627906976744186
CUFF_NC.10922	5	22237009	22237607	+	0	0	0		16	0	75	0.0	123	3	636	0.0047169811320754715
CUFF_NC.10915	5	22246656	22247555	-	0	0	0		67	1	293	0.0034129692832764505	279	3	1303	0.0023023791250959325
CUFF_NC.10917	5	22260410	22262143	-	0	0	0		60	13	340	0.03823529411764706	385	19	2218	0.008566275924256087
CUFF_NC.10923	5	22272017	22276232	-	0	0	0		280	62	1384	0.044797687861271675	1091	23	5224	0.004402756508422665
CUFF_NC.10919	5	22280675	22281351	+	0	0	0		45	1	246	0.0040650406504065045	218	3	1195	0.002510460251046025
CUFF_NC.10918	5	22283635	22283973	-	0	0	0		21	1	139	0.007194244604316547	90	0	592	0.0
CUFF_NC.10920	5	22298666	22299298	+	0	0	0		44	0	221	0.0	149	5	685	0.0072992700729927005
CUFF_NC.10925	5	22310402	22310909	+	0	0	0		30	1	178	0.0056179775280898875	152	3	924	0.003246753246753247
CUFF_NC.10924	5	22317294	22317716	-	0	0	0		17	0	76	0.0	113	2	417	0.004796163069544364
CUFF_NC.10926	5	22320034	22323196	-	0	0	0		143	31	801	0.03870162297128589	782	62	3981	0.015573976387842251
CUFF_NC.10928	5	22330985	22332189	+	0	0	0		74	1	315	0.0031746031746031746	268	2	1092	0.0018315018315018315
CUFF_NC.10930	5	22341130	22342267	-	0	0	0		39	1	166	0.006024096385542169	272	2	1156	0.0017301038062283738
CUFF_NC.10927	5	22357436	22358161	+	0	0	0		58	0	264	0.0	187	1	743	0.0013458950201884253
CUFF_NC.10929	5	22366644	22367234	-	0	0	0		16	0	98	0.0	116	2	753	0.0026560424966799467
CUFF_NC.10931	5	22389427	22390164	-	0	0	0		70	1	241	0.004149377593360996	128	1	372	0.002688172043010753
CUFF_NC.10932	5	22412740	22413208	+	0	0	0		12	0	70	0.0	102	1	638	0.001567398119122257
CUFF_NC.10936	5	22425381	22426243	+	0	0	0		61	1	360	0.002777777777777778	229	7	1398	0.005007153075822604
CUFF_NC.10937	5	22427843	22428545	+	0	0	0		51	0	218	0.0	210	2	906	0.002207505518763797
CUFF_NC.10933	5	22436357	22441076	+	0	0	0		230	1	1027	0.0009737098344693282	1199	12	5281	0.0022722969134633592
CUFF_NC.10934	5	22437836	22438261	+	0	0	0		28	0	130	0.0	139	2	648	0.0030864197530864196
CUFF_NC.10935	5	22438360	22444914	+	0	0	0		285	2	1259	0.0015885623510722795	1526	19	7043	0.002697714042311515
CUFF_NC.10941	5	22448053	22449602	+	0	0	0		115	3	530	0.005660377358490566	487	3	2195	0.001366742596810934
CUFF_NC.10940	5	22455104	22455867	+	0	0	0		42	0	220	0.0	195	5	1056	0.004734848484848485
CUFF_NC.10951	5	22469457	22470108	+	0	0	0		31	0	148	0.0	154	2	690	0.002898550724637681
CUFF_NC.10939	5	22482377	22483076	-	0	0	0		47	1	169	0.005917159763313609	162	0	419	0.0
CUFF_NC.10944	5	22486453	22488255	+	0	0	0		90	0	432	0.0	468	4	2237	0.001788109074653554
CUFF_NC.10945	5	22488956	22489297	+	0	0	0		22	0	123	0.0	105	3	502	0.00597609561752988
CUFF_NC.10942	5	22508488	22509423	+	0	0	0		29	1	150	0.006666666666666667	238	6	1325	0.004528301886792453
CUFF_NC.10943	5	22510748	22512049	+	0	0	0		38	133	348	0.382183908045977	252	170	2009	0.08461921353907417
CUFF_NC.10949	5	22513767	22514592	+	0	0	0		44	109	190	0.5736842105263158	215	56	918	0.06100217864923747
CUFF_NC.10948	5	22522164	22522657	+	0	0	0		26	0	165	0.0	149	3	883	0.0033975084937712344
CUFF_NC.10947	5	22526934	22529632	-	0	0	0		116	2	547	0.003656307129798903	716	21	3458	0.006072874493927126
CUFF_NC.10946	5	22530230	22530483	-	0	0	0		7	0	56	0.0	77	1	387	0.002583979328165375
CUFF_NC.10950	5	22539322	22540449	-	0	0	0		71	0	345	0.0	327	3	1041	0.002881844380403458
CUFF_NC.10952	5	22554970	22555806	+	0	0	0		54	0	217	0.0	218	5	824	0.006067961165048544
CUFF_NC.10953	5	22563326	22564027	+	0	0	0		32	0	166	0.0	222	5	848	0.00589622641509434
CUFF_NC.10955	5	22576430	22578655	-	0	0	0		6	0	6	0.0	30	0	45	0.0
CUFF_NC.10956	5	22580715	22581564	+	0	0	0		1	0	1	0.0	7	0	7	0.0
CUFF_NC.10966	5	22587801	22588516	-	0	0	0		40	0	168	0.0	197	2	891	0.002244668911335578
CUFF_NC.10967	5	22591204	22592165	-	0	0	0		112	0	496	0.0	266	2	1048	0.0019083969465648854
CUFF_NC.10954	5	22606214	22606639	-	0	0	0		15	0	63	0.0	107	0	461	0.0
CUFF_NC.10960	5	22611659	22612059	-	0	0	0		52	0	181	0.0	112	2	341	0.005865102639296188
CUFF_NC.10957	5	22614558	22615095	+	0	0	0		3	0	3	0.0	5	0	5	0.0
CUFF_NC.10995	5	22622092	22624971	+	0	0	0		28	0	135	0.0	113	3	560	0.005357142857142857
CUFF_NC.10996	5	22627713	22633385	+	0	0	0		105	205	552	0.3713768115942029	543	94	2727	0.03447011367803447
CUFF_NC.10997	5	22627984	22628673	+	0	0	0		7	2	20	0.1	77	3	278	0.01079136690647482
CUFF_NC.10959	5	22634361	22635609	+	0	0	0		46	0	230	0.0	275	1	1280	0.00078125
CUFF_NC.10969	5	22640110	22640756	+	0	0	0		52	2	248	0.008064516129032258	192	2	937	0.0021344717182497333
CUFF_NC.10962	5	22645592	22646661	+	0	0	0		44	1	262	0.003816793893129771	254	1	1211	0.0008257638315441783
CUFF_NC.10963	5	22648778	22649557	+	0	0	0		61	1	324	0.0030864197530864196	208	7	1054	0.006641366223908918
CUFF_NC.10961	5	22665325	22666039	-	0	0	0		23	0	106	0.0	149	0	719	0.0
CUFF_NC.10964	5	22666304	22667795	-	0	0	0		46	1	254	0.003937007874015748	348	4	1861	0.0021493820526598604
CUFF_NC.10965	5	22669197	22669733	-	0	0	0		9	1	45	0.022222222222222223	137	3	676	0.004437869822485207
CUFF_NC.10979	5	22681267	22687131	-	0	0	0		373	8	1759	0.0045480386583285955	1537	20	6514	0.003070310101320233
CUFF_NC.10978	5	22681748	22687798	-	0	0	0		383	8	1786	0.004479283314669653	1611	24	6783	0.0035382574082264487
CUFF_NC.10970	5	22694737	22697874	-	0	0	0		232	2	1113	0.0017969451931716084	793	8	3713	0.0021545919741448962
CUFF_NC.10971	5	22704298	22704666	-	0	0	0		17	1	95	0.010526315789473684	92	1	500	0.002
CUFF_NC.10972	5	22719886	22720517	-	0	0	0		47	1	179	0.00558659217877095	188	2	672	0.002976190476190476
CUFF_NC.10973	5	22725240	22725742	-	0	0	0		29	0	73	0.0	108	0	322	0.0
CUFF_NC.10984	5	22735637	22736365	-	0	0	0		27	0	132	0.0	150	2	585	0.003418803418803419
CUFF_NC.10975	5	22753832	22757933	-	0	0	0		276	3	1182	0.0025380710659898475	1260	16	4951	0.0032316703696222983
CUFF_NC.10974	5	22758719	22759545	+	0	0	0		45	0	204	0.0	222	2	916	0.002183406113537118
CUFF_NC.10976	5	22768867	22770391	+	0	0	0		111	2	567	0.003527336860670194	440	5	2023	0.002471576866040534
CUFF_NC.10980	5	22775371	22776071	+	0	0	0		42	0	220	0.0	187	2	917	0.0021810250817884407
CUFF_NC.10981	5	22776454	22777231	+	0	0	0		45	0	232	0.0	204	1	1118	0.0008944543828264759
CUFF_NC.10977	5	22802367	22803742	-	0	0	0		80	5	359	0.013927576601671309	401	10	1862	0.0053705692803437165
CUFF_NC.10982	5	22818233	22818909	-	0	0	0		41	0	184	0.0	208	3	757	0.003963011889035667
CUFF_NC.10983	5	22822178	22822850	+	0	0	0		30	2	141	0.014184397163120567	173	1	862	0.001160092807424594
CUFF_NC.10985	5	22858361	22858785	+	0	0	0		13	0	86	0.0	119	0	631	0.0
CUFF_NC.10986	5	22887532	22889324	-	0	0	0		52	0	263	0.0	400	4	2015	0.0019851116625310174
CUFF_NC.10987	5	22890830	22891573	-	0	0	0		38	1	200	0.005	224	5	1259	0.003971405877680699
CUFF_NC.10990	5	22952908	22953834	+	0	0	0		78	0	379	0.0	242	1	1229	0.0008136696501220504
CUFF_NC.10993	5	22956296	22957232	-	0	0	0		54	3	252	0.011904761904761904	241	6	1069	0.005612722170252572
CUFF_NC.10988	5	22961412	22962744	+	0	0	0		103	4	472	0.00847457627118644	327	4	1477	0.002708192281651997
CUFF_NC.10989	5	22963347	22963787	+	0	0	0		30	0	135	0.0	120	2	585	0.003418803418803419
CUFF_NC.10991	5	22964449	22964914	+	0	0	0		37	0	170	0.0	119	2	476	0.004201680672268907
CUFF_NC.10992	5	22965269	22965695	+	0	0	0		31	0	180	0.0	115	2	628	0.0031847133757961785
CUFF_NC.11011	5	22985632	22986800	+	0	0	0		62	2	365	0.005479452054794521	290	4	1414	0.002828854314002829
CUFF_NC.10994	5	22992865	22993341	-	0	0	0		16	1	74	0.013513513513513514	119	3	586	0.005119453924914676
CUFF_NC.11000	5	23006207	23006623	-	0	0	0		23	0	107	0.0	108	1	472	0.00211864406779661
CUFF_NC.11001	5	23006858	23008039	-	0	0	0		91	1	466	0.002145922746781116	340	3	1638	0.0018315018315018315
CUFF_NC.10999	5	23023264	23023609	-	0	0	0		25	0	149	0.0	101	4	534	0.00749063670411985
CUFF_NC.11002	5	23062067	23062575	+	0	0	0		30	1	121	0.008264462809917356	132	2	525	0.0038095238095238095
CUFF_NC.11003	5	23063733	23064449	+	0	0	0		29	1	147	0.006802721088435374	201	5	976	0.005122950819672131
CUFF_NC.11005	5	23074010	23074727	-	0	0	0		42	0	179	0.0	165	1	810	0.0012345679012345679
CUFF_NC.11006	5	23076355	23076644	-	0	0	0		20	0	139	0.0	90	1	477	0.0020964360587002098
CUFF_NC.11009	5	23089001	23089596	-	0	0	0		20	0	88	0.0	153	1	770	0.0012987012987012987
CUFF_NC.11004	5	23095873	23098267	-	0	0	0		181	2	741	0.002699055330634278	548	6	1991	0.0030135610246107484
CUFF_NC.11007	5	23135206	23136362	+	0	0	0		77	211	355	0.5943661971830986	218	105	874	0.12013729977116705
CUFF_NC.11019	5	23150225	23151367	-	0	0	0		73	4	376	0.010638297872340425	324	0	1471	0.0
CUFF_NC.11020	5	23152040	23153377	-	0	0	0		73	2	409	0.004889975550122249	349	5	2007	0.002491280518186348
CUFF_NC.11018	5	23159471	23159975	+	0	0	0		43	0	154	0.0	143	0	514	0.0
CUFF_NC.11014	5	23168133	23169483	-	0	0	0		78	1	326	0.003067484662576687	320	5	1392	0.0035919540229885057
CUFF_NC.11008	5	23176652	23177068	-	0	0	0		14	1	130	0.007692307692307693	112	1	856	0.0011682242990654205
CUFF_NC.11010	5	23188940	23189534	-	0	0	0		30	1	132	0.007575757575757576	160	2	688	0.0029069767441860465
CUFF_NC.11012	5	23192842	23194401	-	0	0	0		54	0	287	0.0	366	9	1935	0.004651162790697674
CUFF_NC.11013	5	23197026	23199302	+	0	0	0		120	3	613	0.004893964110929853	642	8	2990	0.0026755852842809363
CUFF_NC.11023	5	23216917	23217200	-	0	0	0		20	1	89	0.011235955056179775	86	1	383	0.0026109660574412533
CUFF_NC.11024	5	23220311	23220791	-	0	0	0		44	0	207	0.0	126	1	570	0.0017543859649122807
CUFF_NC.11016	5	23228553	23229162	-	0	0	0		22	0	85	0.0	152	2	637	0.0031397174254317113
CUFF_NC.11017	5	23255641	23256474	+	0	0	0		37	0	164	0.0	219	1	762	0.0013123359580052493
CUFF_NC.11015	5	23262874	23263538	+	0	0	0		20	1	116	0.008620689655172414	168	1	933	0.0010718113612004287
CUFF_NC.11021	5	23276033	23276698	-	0	0	0		52	0	214	0.0	174	0	688	0.0
CUFF_NC.11022	5	23295734	23296168	-	0	0	0		12	0	64	0.0	159	2	666	0.003003003003003003
CUFF_NC.11026	5	23307132	23309431	+	0	0	0		94	0	533	0.0	602	7	3156	0.002217997465145754
CUFF_NC.11029	5	23310046	23310727	-	0	0	0		21	0	116	0.0	172	7	888	0.007882882882882882
CUFF_NC.11025	5	23313984	23314417	+	0	0	0		19	0	79	0.0	113	1	393	0.002544529262086514
CUFF_NC.11031	5	23318621	23319510	+	0	0	0		60	1	320	0.003125	253	4	1330	0.0030075187969924814
CUFF_NC.11028	5	23325181	23325899	-	0	0	0		54	1	248	0.004032258064516129	179	1	871	0.001148105625717566
CUFF_NC.11030	5	23342912	23343262	+	0	0	0		10	0	66	0.0	105	4	588	0.006802721088435374
CUFF_NC.11027	5	23350371	23350980	+	0	0	0		19	2	160	0.0125	112	0	574	0.0
CUFF_NC.11035	5	23355282	23356710	-	0	0	0		121	0	537	0.0	313	5	1505	0.0033222591362126247
CUFF_NC.11033	5	23357079	23358153	-	0	0	0		37	0	190	0.0	248	4	1409	0.0028388928317956
CUFF_NC.11032	5	23359259	23359672	-	0	0	0		20	1	63	0.015873015873015872	134	1	563	0.0017761989342806395
CUFF_NC.11037	5	23361512	23362014	+	0	0	0		32	0	147	0.0	134	3	596	0.0050335570469798654
CUFF_NC.11038	5	23366017	23367063	+	0	0	0		55	2	228	0.008771929824561403	259	1	992	0.0010080645161290322
CUFF_NC.11034	5	23367817	23368394	-	0	0	0		21	0	141	0.0	134	4	619	0.006462035541195477
CUFF_NC.11044	5	23376169	23376634	-	0	0	0		39	1	186	0.005376344086021506	128	4	584	0.00684931506849315
CUFF_NC.11040	5	23384862	23385975	-	0	0	0		87	3	353	0.0084985835694051	269	1	989	0.0010111223458038423
CUFF_NC.11041	5	23387287	23388278	-	0	0	0		82	3	461	0.006507592190889371	245	4	1211	0.0033030553261767133
CUFF_NC.11036	5	23394004	23394500	+	0	0	0		15	0	92	0.0	123	3	589	0.0050933786078098476
CUFF_NC.11042	5	23405390	23406250	+	0	0	0		32	1	191	0.005235602094240838	195	3	1150	0.0026086956521739132
CUFF_NC.11039	5	23406978	23407688	+	0	0	0		17	0	92	0.0	178	0	877	0.0
CUFF_NC.11045	5	23412361	23413919	+	0	0	0		95	6	545	0.011009174311926606	441	5	2266	0.002206531332744925
CUFF_NC.11043	5	23430406	23431334	+	0	0	0		45	1	175	0.005714285714285714	148	2	497	0.004024144869215292
CUFF_NC.11047	5	23432903	23433955	+	0	0	0		77	1	398	0.002512562814070352	274	3	1261	0.0023790642347343376
CUFF_NC.11048	5	23435779	23436808	+	0	0	0		69	0	284	0.0	318	6	1293	0.004640371229698376
CUFF_NC.11049	5	23449668	23450959	+	0	0	0		92	1	360	0.002777777777777778	351	3	1370	0.0021897810218978104
CUFF_NC.11046	5	23451110	23451745	+	0	0	0		40	0	211	0.0	183	3	955	0.0031413612565445027
CUFF_NC.11053	5	23488935	23489755	-	0	0	0		67	0	236	0.0	242	1	805	0.0012422360248447205
CUFF_NC.11054	5	23489958	23490315	-	0	0	0		30	1	126	0.007936507936507936	111	1	525	0.0019047619047619048
CUFF_NC.11051	5	23503310	23504185	+	0	0	0		75	3	321	0.009345794392523364	241	2	1068	0.0018726591760299626
CUFF_NC.11050	5	23505499	23506130	+	0	0	0		63	1	234	0.004273504273504274	194	0	651	0.0
CUFF_NC.11052	5	23515162	23515835	-	0	0	0		48	1	183	0.00546448087431694	177	3	586	0.005119453924914676
CUFF_NC.11063	5	23522992	23523495	+	0	0	0		26	0	61	0.0	121	0	253	0.0
CUFF_NC.11064	5	23527100	23527420	-	0	0	0		30	0	167	0.0	72	0	392	0.0
CUFF_NC.11055	5	23539016	23539852	-	0	0	0		46	1	292	0.003424657534246575	235	0	1329	0.0
CUFF_NC.11070	5	23551633	23552237	-	0	0	0		32	2	180	0.011111111111111112	167	4	805	0.004968944099378882
CUFF_NC.11071	5	23552835	23553392	-	0	0	0		59	0	267	0.0	167	0	656	0.0
CUFF_NC.11065	5	23571428	23572401	-	0	0	0		50	0	250	0.0	286	4	1310	0.0030534351145038168
CUFF_NC.11066	5	23582517	23585153	-	0	0	0		150	3	622	0.00482315112540193	755	10	3015	0.003316749585406302
CUFF_NC.11057	5	23595889	23596826	-	0	0	0		44	0	260	0.0	178	3	938	0.0031982942430703624
CUFF_NC.11056	5	23597974	23598674	+	0	0	0		35	1	161	0.006211180124223602	225	3	946	0.003171247357293869
CUFF_NC.11058	5	23618124	23618626	-	0	0	0		14	0	66	0.0	147	7	781	0.008962868117797696
CUFF_NC.11059	5	23622210	23622587	+	0	0	0		38	2	173	0.011560693641618497	97	2	504	0.003968253968253968
CUFF_NC.11060	5	23636410	23637029	-	0	0	0		26	0	113	0.0	150	6	633	0.009478672985781991
CUFF_NC.11062	5	23639689	23640314	+	0	0	0		40	0	112	0.0	197	1	504	0.001984126984126984
CUFF_NC.11061	5	23642953	23644214	-	0	0	0		87	2	368	0.005434782608695652	356	4	1481	0.0027008777852802163
CUFF_NC.11077	5	23648250	23648683	+	0	0	0		34	1	112	0.008928571428571428	104	0	348	0.0
CUFF_NC.11067	5	23656029	23657052	-	0	0	0		68	0	330	0.0	307	4	1328	0.0030120481927710845
CUFF_NC.11068	5	23660043	23661418	-	0	0	0		82	0	407	0.0	317	3	1304	0.0023006134969325155
CUFF_NC.11069	5	23677503	23677923	+	0	0	0		24	1	91	0.01098901098901099	128	2	515	0.003883495145631068
CUFF_NC.11072	5	23686140	23687950	+	0	0	0		116	0	701	0.0	501	9	2698	0.003335804299481097
CUFF_NC.11074	5	23700144	23700480	+	0	0	0		18	1	90	0.011111111111111112	86	1	449	0.0022271714922048997
CUFF_NC.11073	5	23703462	23703965	-	0	0	0		31	0	173	0.0	142	2	694	0.002881844380403458
CUFF_NC.11078	5	23715383	23716727	+	0	0	0		76	1	371	0.0026954177897574125	315	2	1569	0.0012746972594008922
CUFF_NC.11075	5	23722345	23723118	+	0	0	0		73	0	285	0.0	167	2	577	0.0034662045060658577
CUFF_NC.11076	5	23730529	23733098	+	0	0	0		179	3	905	0.0033149171270718232	693	11	3494	0.0031482541499713796
CUFF_NC.11080	5	23760072	23762456	-	0	0	0		200	8	975	0.008205128205128205	640	9	3065	0.002936378466557912
CUFF_NC.11081	5	23790698	23791365	+	0	0	0		24	0	114	0.0	195	3	1057	0.002838221381267739
CUFF_NC.11082	5	23794391	23796264	+	0	0	0		131	1	451	0.0022172949002217295	510	6	1701	0.003527336860670194
CUFF_NC.11090	5	23807035	23807663	-	0	0	0		55	1	193	0.0051813471502590676	167	0	354	0.0
CUFF_NC.11083	5	23833442	23834821	+	0	0	0		54	0	227	0.0	359	5	1540	0.003246753246753247
CUFF_NC.11084	5	23841612	23842833	+	0	0	0		90	0	464	0.0	301	2	1242	0.001610305958132045
CUFF_NC.11085	5	23848612	23849085	+	0	0	0		17	1	55	0.01818181818181818	102	4	498	0.008032128514056224
CUFF_NC.11086	5	23863767	23865433	+	0	0	0		98	0	460	0.0	321	5	1393	0.003589375448671931
CUFF_NC.11088	5	23893793	23894252	+	0	0	0		13	0	43	0.0	91	1	358	0.002793296089385475
CUFF_NC.11087	5	23903214	23903570	+	0	0	0		15	0	95	0.0	108	4	757	0.005284015852047556
CUFF_NC.11091	5	23928934	23931731	-	0	0	0		121	2	604	0.0033112582781456954	726	8	3715	0.0021534320323014803
CUFF_NC.11089	5	23938139	23938547	+	0	0	0		24	0	117	0.0	82	11	448	0.024553571428571428
CUFF_NC.11092	5	23941143	23942076	-	0	0	0		46	2	191	0.010471204188481676	266	2	1241	0.0016116035455278
CUFF_NC.11095	5	23952003	23952778	-	0	0	0		62	1	232	0.004310344827586207	178	3	823	0.0036452004860267314
CUFF_NC.11097	5	23960456	23960866	+	0	0	0		23	0	83	0.0	105	0	349	0.0
CUFF_NC.11093	5	23964862	23965503	-	0	0	0		11	0	82	0.0	150	1	755	0.0013245033112582781
CUFF_NC.11098	5	23966112	23967239	-	0	0	0		50	0	284	0.0	233	1	1378	0.000725689404934688
CUFF_NC.11096	5	23976223	23976585	-	0	0	0		20	0	93	0.0	114	1	472	0.00211864406779661
CUFF_NC.11094	5	23989903	23990582	-	0	0	0		25	1	137	0.0072992700729927005	184	6	1041	0.005763688760806916
CUFF_NC.11099	5	23994129	23997653	+	0	0	0		161	1	631	0.001584786053882726	759	5	3069	0.0016291951775822744
CUFF_NC.11114	5	24036968	24043243	-	0	0	0		370	9	1964	0.004582484725050916	1670	24	9178	0.0026149487905861844
CUFF_NC.11115	5	24038532	24044627	-	0	0	0		363	12	1823	0.006582556226001097	1629	21	8495	0.002472042377869335
CUFF_NC.11116	5	24038918	24045067	-	0	0	0		367	12	1854	0.006472491909385114	1642	21	8543	0.002458152873697764
CUFF_NC.11117	5	24039141	24045496	-	0	0	0		387	12	1956	0.006134969325153374	1703	22	8877	0.0024783147459727386
CUFF_NC.11100	5	24051587	24051994	-	0	0	0		27	0	132	0.0	117	1	437	0.002288329519450801
CUFF_NC.11106	5	24062302	24063366	-	0	0	0		38	0	186	0.0	206	2	825	0.0024242424242424242
CUFF_NC.11102	5	24063949	24066215	+	0	0	0		189	3	836	0.0035885167464114833	498	8	2073	0.003859141341051616
CUFF_NC.11104	5	24082424	24085932	+	0	0	0		163	2	850	0.002352941176470588	934	11	4751	0.002315302041675437
CUFF_NC.11105	5	24084606	24084961	+	0	0	0		23	0	148	0.0	87	1	628	0.0015923566878980893
CUFF_NC.11101	5	24088579	24089516	-	0	0	0		29	1	144	0.006944444444444444	160	4	748	0.0053475935828877
CUFF_NC.11103	5	24090997	24092248	-	0	0	0		108	0	534	0.0	300	3	1517	0.001977587343441002
CUFF_NC.11107	5	24132046	24132751	-	0	0	0		22	0	115	0.0	103	3	415	0.007228915662650603
CUFF_NC.11108	5	24146235	24146712	+	0	0	0		26	0	90	0.0	130	4	439	0.009111617312072893
CUFF_NC.11112	5	24171875	24172996	+	0	0	0		47	0	231	0.0	296	2	941	0.0021253985122210413
CUFF_NC.11109	5	24188680	24189859	+	0	0	0		73	1	341	0.002932551319648094	329	8	1386	0.005772005772005772
CUFF_NC.11110	5	24201982	24202847	-	0	0	0		10	1	29	0.034482758620689655	50	0	128	0.0
CUFF_NC.11111	5	24214462	24215011	+	0	0	0		28	0	152	0.0	172	3	774	0.003875968992248062
CUFF_NC.11113	5	24220927	24221438	-	0	0	0		44	1	238	0.004201680672268907	143	3	811	0.0036991368680641184
CUFF_NC.11127	5	24260041	24262626	-	0	0	0		217	3	1062	0.002824858757062147	740	8	3632	0.0022026431718061676
CUFF_NC.11120	5	24282571	24283483	-	0	0	0		48	3	228	0.013157894736842105	226	5	1172	0.004266211604095563
CUFF_NC.11122	5	24289220	24290807	-	0	0	0		110	3	471	0.006369426751592357	532	7	2065	0.003389830508474576
CUFF_NC.11123	5	24289916	24290181	-	0	0	0		21	1	106	0.009433962264150943	103	1	430	0.002325581395348837
CUFF_NC.11121	5	24291158	24292184	+	0	0	0		57	3	315	0.009523809523809525	283	8	1519	0.005266622778143515
CUFF_NC.11118	5	24292934	24293646	-	0	0	0		29	0	185	0.0	203	2	1178	0.001697792869269949
CUFF_NC.11133	5	24300074	24300787	-	0	0	0		70	1	357	0.0028011204481792717	189	2	926	0.0021598272138228943
CUFF_NC.11135	5	24302142	24303168	-	0	0	0		50	0	256	0.0	276	7	1369	0.005113221329437546
CUFF_NC.11125	5	24317121	24318590	+	0	0	0		75	1	316	0.0031645569620253164	358	5	1505	0.0033222591362126247
CUFF_NC.11126	5	24321505	24322956	-	0	0	0		57	0	273	0.0	424	5	2307	0.002167316861725184
CUFF_NC.11124	5	24323348	24324169	-	0	0	0		64	2	257	0.007782101167315175	226	3	958	0.003131524008350731
CUFF_NC.11128	5	24334535	24334941	+	0	0	0		32	0	129	0.0	117	1	482	0.002074688796680498
CUFF_NC.11129	5	24335044	24335835	+	0	0	0		40	1	164	0.006097560975609756	222	0	987	0.0
CUFF_NC.11130	5	24338254	24338847	+	0	0	0		38	0	212	0.0	150	1	820	0.0012195121951219512
CUFF_NC.11132	5	24348798	24350023	-	0	0	0		63	2	241	0.008298755186721992	384	5	1392	0.0035919540229885057
CUFF_NC.11134	5	24360148	24363426	-	0	0	0		244	5	1320	0.003787878787878788	884	7	4578	0.0015290519877675841
CUFF_NC.11131	5	24373536	24374018	+	0	0	0		38	0	165	0.0	123	5	504	0.00992063492063492
CUFF_NC.11138	5	24375873	24376433	+	0	0	0		40	0	163	0.0	144	2	539	0.0037105751391465678
CUFF_NC.11136	5	24381045	24381582	+	0	0	0		37	0	136	0.0	145	2	574	0.003484320557491289
CUFF_NC.11139	5	24385980	24386949	-	0	0	0		60	0	211	0.0	210	1	864	0.0011574074074074073
CUFF_NC.11140	5	24411118	24411757	+	0	0	0		69	0	243	0.0	154	0	531	0.0
CUFF_NC.11141	5	24414441	24415095	+	0	0	0		19	0	71	0.0	188	2	884	0.0022624434389140274
CUFF_NC.11137	5	24415836	24416271	+	0	0	0		11	0	83	0.0	110	5	813	0.006150061500615006
CUFF_NC.11142	5	24418576	24419049	+	0	0	0		31	0	137	0.0	121	0	587	0.0
CUFF_NC.11143	5	24438095	24438700	-	0	0	0		30	0	151	0.0	140	1	537	0.00186219739292365
CUFF_NC.11144	5	24440680	24441877	-	0	0	0		116	0	583	0.0	336	3	1596	0.0018796992481203006
CUFF_NC.11146	5	24469889	24470787	-	0	0	0		43	0	249	0.0	264	6	1299	0.004618937644341801
CUFF_NC.11145	5	24472425	24472874	-	0	0	0		20	1	125	0.008	132	0	593	0.0
CUFF_NC.11147	5	24480883	24481706	-	0	0	0		68	3	308	0.00974025974025974	187	1	826	0.0012106537530266344
CUFF_NC.11150	5	24487079	24487801	+	0	0	0		48	1	206	0.0048543689320388345	211	5	984	0.00508130081300813
CUFF_NC.11148	5	24501056	24501617	+	0	0	0		54	0	215	0.0	139	0	487	0.0
CUFF_NC.11151	5	24515354	24517565	+	0	0	0		182	3	837	0.0035842293906810036	629	9	2748	0.0032751091703056767
CUFF_NC.11149	5	24528302	24529321	+	0	0	0		57	0	307	0.0	302	4	1497	0.0026720106880427524
CUFF_NC.11153	5	24549657	24550239	+	0	0	0		43	0	287	0.0	160	1	988	0.0010121457489878543
CUFF_NC.11155	5	24571304	24571864	+	0	0	0		34	2	136	0.014705882352941176	186	2	658	0.00303951367781155
CUFF_NC.11158	5	24604460	24605378	+	0	0	0		59	0	277	0.0	269	6	1224	0.004901960784313725
CUFF_NC.11154	5	24608631	24610095	-	0	0	0		99	0	377	0.0	426	5	1544	0.003238341968911917
CUFF_NC.11170	5	24619002	24619876	-	0	0	0		63	1	292	0.003424657534246575	264	2	1166	0.0017152658662092624
CUFF_NC.11156	5	24637049	24637748	-	0	0	0		54	1	347	0.002881844380403458	194	1	975	0.0010256410256410256
CUFF_NC.11160	5	24651046	24651826	+	0	0	0		64	1	296	0.0033783783783783786	221	5	939	0.005324813631522897
CUFF_NC.11161	5	24652124	24653339	+	0	0	0		88	0	492	0.0	332	6	1704	0.0035211267605633804
CUFF_NC.11157	5	24661676	24663279	+	0	0	0		69	0	368	0.0	389	6	1825	0.0032876712328767125
CUFF_NC.11168	5	24677503	24678257	-	0	0	0		58	0	197	0.0	228	2	876	0.00228310502283105
CUFF_NC.11159	5	24686705	24687273	+	0	0	0		19	0	51	0.0	149	0	536	0.0
CUFF_NC.11162	5	24707298	24707816	-	0	0	0		22	0	126	0.0	141	0	765	0.0
CUFF_NC.11163	5	24708345	24708759	-	0	0	0		27	0	111	0.0	99	0	387	0.0
CUFF_NC.11164	5	24724487	24728290	+	0	0	0		232	2	1161	0.0017226528854435831	964	15	4209	0.003563791874554526
CUFF_NC.11167	5	24736587	24737611	+	0	0	0		52	1	192	0.005208333333333333	268	4	1121	0.003568242640499554
CUFF_NC.11171	5	24742838	24743218	-	0	0	0		35	1	152	0.006578947368421052	105	2	500	0.004
CUFF_NC.11172	5	24746114	24746658	-	0	0	0		30	0	140	0.0	161	0	708	0.0
CUFF_NC.11169	5	24755419	24756188	-	0	0	0		57	1	240	0.004166666666666667	208	1	861	0.0011614401858304297
CUFF_NC.11165	5	24758391	24759137	-	0	0	0		40	0	188	0.0	192	3	937	0.0032017075773745998
CUFF_NC.11166	5	24766529	24767808	+	0	0	0		62	1	251	0.00398406374501992	357	2	1679	0.0011911852293031567
CUFF_NC.11173	5	24768316	24768677	+	0	0	0		9	0	56	0.0	80	0	393	0.0
CUFF_NC.11174	5	24770128	24771128	-	0	0	0		64	2	338	0.005917159763313609	269	5	1411	0.003543586109142452
CUFF_NC.11178	5	24789360	24790206	+	0	0	0		48	1	189	0.005291005291005291	205	1	881	0.0011350737797956867
CUFF_NC.11179	5	24795498	24795967	-	0	0	0		30	0	147	0.0	128	3	629	0.0047694753577106515
CUFF_NC.11175	5	24799270	24799590	+	0	0	0		15	1	100	0.01	83	3	602	0.0049833887043189366
CUFF_NC.11181	5	24801515	24802608	-	0	0	0		59	2	358	0.00558659217877095	305	3	1647	0.0018214936247723133
CUFF_NC.11182	5	24802025	24803143	-	0	0	0		64	2	338	0.005917159763313609	312	4	1493	0.0026791694574681848
CUFF_NC.11180	5	24803500	24804358	+	0	0	0		56	1	267	0.003745318352059925	220	3	1072	0.002798507462686567
CUFF_NC.11183	5	24817363	24817792	-	0	0	0		9	0	25	0.0	74	0	173	0.0
CUFF_NC.11176	5	24828144	24829025	+	0	0	0		67	0	254	0.0	313	3	1038	0.002890173410404624
CUFF_NC.11185	5	24830059	24831699	+	0	0	0		100	1	450	0.0022222222222222222	441	7	2049	0.003416300634455832
CUFF_NC.11184	5	24846482	24846950	-	0	0	0		37	0	171	0.0	120	0	585	0.0
CUFF_NC.11191	5	24875594	24876021	-	0	0	0		26	0	141	0.0	107	2	590	0.003389830508474576
CUFF_NC.11192	5	24878700	24879275	+	0	0	0		30	1	158	0.006329113924050633	154	2	750	0.0026666666666666666
CUFF_NC.11193	5	24883405	24884851	+	0	0	0		63	1	239	0.0041841004184100415	339	3	1191	0.0025188916876574307
CUFF_NC.11187	5	24892429	24892985	-	0	0	0		50	4	355	0.011267605633802818	134	3	905	0.0033149171270718232
CUFF_NC.11189	5	24900117	24900600	+	0	0	0		36	0	148	0.0	123	0	489	0.0
CUFF_NC.11186	5	24908683	24909194	+	0	0	0		30	50	190	0.2631578947368421	103	15	422	0.035545023696682464
CUFF_NC.11188	5	24915353	24917383	-	0	0	0		110	1	556	0.0017985611510791368	481	3	2477	0.0012111425111021397
CUFF_NC.11190	5	24934053	24934607	+	0	0	0		28	1	155	0.0064516129032258064	146	0	642	0.0
CUFF_NC.11194	5	24934771	24935863	+	0	0	0		87	3	449	0.0066815144766146995	308	4	1561	0.0025624599615631004
CUFF_NC.11195	5	24936831	24937256	+	0	0	0		26	0	96	0.0	116	0	467	0.0
CUFF_NC.11198	5	24952509	24953303	+	0	0	0		44	5	245	0.02040816326530612	160	4	738	0.005420054200542005
CUFF_NC.11197	5	24954329	24955497	+	0	0	0		57	0	228	0.0	310	5	1413	0.003538570417551309
CUFF_NC.11196	5	24962797	24963270	+	0	0	0		29	0	146	0.0	112	2	591	0.00338409475465313
CUFF_NC.11202	5	24973202	24975847	+	0	0	0		154	1	709	0.0014104372355430183	695	7	2999	0.002334111370456819
CUFF_NC.11199	5	24978813	24980180	+	0	0	0		92	0	324	0.0	317	4	1046	0.0038240917782026767
CUFF_NC.11200	5	24986410	24987106	+	0	0	0		49	2	175	0.011428571428571429	181	2	873	0.002290950744558992
CUFF_NC.11201	5	24988354	24990355	+	0	0	0		130	2	680	0.0029411764705882353	462	8	2153	0.0037157454714352067
CUFF_NC.11205	5	25000713	25001089	-	0	0	0		22	0	157	0.0	108	2	790	0.002531645569620253
CUFF_NC.11203	5	25008981	25010003	-	0	0	0		92	2	473	0.004228329809725159	283	4	1536	0.0026041666666666665
CUFF_NC.11204	5	25013575	25014106	-	0	0	0		31	1	147	0.006802721088435374	158	2	768	0.0026041666666666665
CUFF_NC.11206	5	25017500	25018118	-	0	0	0		23	1	97	0.010309278350515464	177	1	691	0.001447178002894356
CUFF_NC.11208	5	25033620	25034209	-	0	0	0		60	1	290	0.0034482758620689655	167	0	749	0.0
CUFF_NC.11207	5	25034865	25035574	+	0	0	0		23	0	147	0.0	165	3	927	0.003236245954692557
CUFF_NC.11210	5	25037194	25038207	-	0	0	0		49	0	229	0.0	239	3	886	0.003386004514672686
CUFF_NC.11209	5	25040563	25041415	-	0	0	0		28	0	119	0.0	254	0	981	0.0
CUFF_NC.11213	5	25053161	25054919	+	0	0	0		59	0	316	0.0	446	7	1929	0.0036288232244686366
CUFF_NC.11211	5	25066605	25067399	-	0	0	0		45	0	244	0.0	207	3	1250	0.0024
CUFF_NC.11214	5	25069099	25071073	+	0	0	0		90	1	471	0.0021231422505307855	533	8	2653	0.003015454202789295
CUFF_NC.11212	5	25071465	25073129	+	0	0	0		92	3	555	0.005405405405405406	436	3	2527	0.001187178472497032
CUFF_NC.11216	5	25076063	25077278	-	0	0	0		93	0	400	0.0	308	3	1383	0.0021691973969631237
CUFF_NC.11215	5	25079170	25080379	+	0	0	0		55	0	254	0.0	369	5	1571	0.003182686187141948
CUFF_NC.11217	5	25092696	25093606	-	0	0	0		41	0	214	0.0	255	3	1231	0.002437043054427295
CUFF_NC.11218	5	25094719	25095155	-	0	0	0		29	0	133	0.0	120	3	588	0.00510204081632653
CUFF_NC.11222	5	25100305	25100842	+	0	0	0		32	1	211	0.004739336492890996	151	4	932	0.004291845493562232
CUFF_NC.11219	5	25109711	25111744	-	0	0	0		157	1	609	0.0016420361247947454	503	6	1864	0.003218884120171674
CUFF_NC.11220	5	25119708	25121351	-	0	0	0		129	3	578	0.005190311418685121	422	7	1658	0.004221954161640531
CUFF_NC.11229	5	25133811	25134971	+	0	0	0		67	0	265	0.0	265	1	1040	0.0009615384615384616
CUFF_NC.11221	5	25149377	25150434	+	0	0	0		91	0	363	0.0	312	4	1322	0.0030257186081694403
CUFF_NC.11226	5	25161416	25161919	-	0	0	0		42	1	186	0.005376344086021506	143	2	606	0.0033003300330033004
CUFF_NC.11224	5	25181393	25186603	-	0	0	0		404	7	1652	0.00423728813559322	1332	11	5486	0.002005103900838498
CUFF_NC.11223	5	25190026	25190346	-	0	0	0		31	1	124	0.008064516129032258	83	0	346	0.0
CUFF_NC.11225	5	25191729	25192961	-	0	0	0		55	0	288	0.0	270	1	1376	0.0007267441860465116
CUFF_NC.11230	5	25208597	25209879	+	0	0	0		70	0	287	0.0	315	2	1051	0.0019029495718363464
CUFF_NC.11227	5	25210318	25211486	-	0	0	0		89	0	369	0.0	255	2	1015	0.0019704433497536944
CUFF_NC.11231	5	25216811	25217355	+	0	0	0		34	0	98	0.0	146	0	379	0.0
CUFF_NC.11228	5	25226542	25227501	+	0	0	0		45	109	193	0.5647668393782384	240	77	983	0.07833163784333673
CUFF_NC.11233	5	25231052	25231580	+	0	0	0		32	2	194	0.010309278350515464	133	2	780	0.002564102564102564
CUFF_NC.11232	5	25233839	25234688	-	0	0	0		60	2	183	0.01092896174863388	172	3	640	0.0046875
CUFF_NC.11236	5	25239100	25240235	-	0	0	0		58	0	359	0.0	257	4	1236	0.003236245954692557
CUFF_NC.11234	5	25246808	25247284	-	0	0	0		19	0	84	0.0	140	1	640	0.0015625
CUFF_NC.11237	5	25266210	25267601	-	0	0	0		53	1	306	0.0032679738562091504	283	7	1579	0.004433185560481318
CUFF_NC.11235	5	25291051	25291525	-	0	0	0		5	0	14	0.0	37	0	87	0.0
CUFF_NC.11240	5	25308616	25309409	+	0	0	0		55	2	189	0.010582010582010581	230	0	716	0.0
CUFF_NC.11238	5	25311278	25311783	+	0	0	0		21	0	121	0.0	107	1	632	0.0015822784810126582
CUFF_NC.11241	5	25313325	25315828	+	0	0	0		121	2	584	0.003424657534246575	614	3	2900	0.0010344827586206897
CUFF_NC.11242	5	25314565	25315441	+	0	0	0		52	1	233	0.004291845493562232	264	1	1266	0.0007898894154818325
CUFF_NC.11243	5	25322817	25324126	-	0	0	0		78	1	398	0.002512562814070352	299	2	1413	0.0014154281670205238
CUFF_NC.11239	5	25327358	25327807	+	0	0	0		7	0	34	0.0	111	1	614	0.0016286644951140066
CUFF_NC.11246	5	25333838	25334693	+	0	0	0		59	0	262	0.0	191	3	907	0.0033076074972436605
CUFF_NC.11247	5	25335048	25335615	+	0	0	0		38	0	182	0.0	127	0	476	0.0
CUFF_NC.11244	5	25342070	25342699	+	0	0	0		34	0	183	0.0	169	0	890	0.0
CUFF_NC.11248	5	25346728	25348689	-	0	0	0		178	0	742	0.0	539	7	2234	0.003133393017009848
CUFF_NC.11261	5	25375936	25376601	+	0	0	0		41	0	223	0.0	191	3	1078	0.0027829313543599257
CUFF_NC.11245	5	25380174	25381334	+	0	0	0		81	1	281	0.0035587188612099642	283	3	905	0.0033149171270718232
CUFF_NC.11256	5	25385074	25386782	+	0	0	0		149	1	889	0.0011248593925759281	536	6	2515	0.002385685884691849
CUFF_NC.11252	5	25388936	25390161	+	0	0	0		110	0	390	0.0	287	2	961	0.002081165452653486
CUFF_NC.11253	5	25392279	25392715	+	0	0	0		28	0	110	0.0	124	3	331	0.00906344410876133
CUFF_NC.11251	5	25405129	25405983	-	0	0	0		55	0	200	0.0	164	3	514	0.005836575875486381
CUFF_NC.11249	5	25409273	25410698	+	0	0	0		96	0	351	0.0	396	1	1475	0.0006779661016949153
CUFF_NC.11250	5	25423193	25423839	-	0	0	0		40	1	245	0.004081632653061225	162	5	1018	0.004911591355599214
CUFF_NC.11258	5	25426161	25429318	+	0	0	0		211	3	1002	0.0029940119760479044	806	18	4200	0.004285714285714286
CUFF_NC.11254	5	25433385	25435812	-	0	0	0		121	4	546	0.007326007326007326	547	9	2555	0.0035225048923679062
CUFF_NC.11255	5	25441075	25441609	+	0	0	0		45	0	277	0.0	140	4	767	0.005215123859191656
CUFF_NC.11259	5	25466217	25466864	+	0	0	0		46	5	205	0.024390243902439025	182	3	841	0.0035671819262782403
CUFF_NC.11260	5	25471496	25472296	+	0	0	0		33	1	115	0.008695652173913044	153	0	499	0.0
CUFF_NC.11263	5	25501646	25501925	-	0	0	0		12	0	68	0.0	82	0	414	0.0
CUFF_NC.11262	5	25513773	25514790	+	0	0	0		69	3	342	0.008771929824561403	285	7	1409	0.0049680624556423
CUFF_NC.11265	5	25515560	25517752	+	0	0	0		162	2	618	0.003236245954692557	579	8	2221	0.0036019810895992796
CUFF_NC.11272	5	25523182	25524016	-	0	0	0		30	1	224	0.004464285714285714	181	2	1243	0.0016090104585679806
CUFF_NC.11273	5	25524538	25525739	-	0	0	0		90	1	401	0.0024937655860349127	324	4	1551	0.0025789813023855577
CUFF_NC.11271	5	25526973	25528484	+	0	0	0		115	0	511	0.0	341	3	1562	0.0019206145966709346
CUFF_NC.11269	5	25530082	25530809	-	0	0	0		28	0	144	0.0	182	7	1201	0.005828476269775187
CUFF_NC.11270	5	25535298	25536317	-	0	0	0		36	0	127	0.0	255	2	857	0.002333722287047841
CUFF_NC.11268	5	25540143	25541355	-	0	0	0		69	1	238	0.004201680672268907	334	8	1112	0.007194244604316547
CUFF_NC.11266	5	25547757	25549082	-	0	0	0		95	6	501	0.011976047904191617	388	5	2029	0.0024642681123706258
CUFF_NC.11264	5	25560142	25560813	-	0	0	0		23	0	131	0.0	168	2	955	0.0020942408376963353
CUFF_NC.11267	5	25561986	25562528	+	0	0	0		39	0	180	0.0	167	2	881	0.0022701475595913734
CUFF_NC.11274	5	25588084	25588531	-	0	0	0		23	1	83	0.012048192771084338	107	2	354	0.005649717514124294
CUFF_NC.11281	5	25619491	25619996	+	0	0	0		32	0	157	0.0	137	3	713	0.004207573632538569
CUFF_NC.11276	5	25624999	25626044	-	0	0	0		87	1	384	0.0026041666666666665	319	10	1201	0.00832639467110741
CUFF_NC.11275	5	25629855	25631197	+	0	0	0		107	2	646	0.0030959752321981426	381	5	2262	0.0022104332449160036
CUFF_NC.11277	5	25654452	25655110	+	0	0	0		45	4	197	0.02030456852791878	175	2	780	0.002564102564102564
CUFF_NC.11282	5	25671570	25672379	-	0	0	0		41	0	215	0.0	231	4	1216	0.003289473684210526
CUFF_NC.11280	5	25677922	25678359	-	0	0	0		24	0	117	0.0	124	0	579	0.0
CUFF_NC.11278	5	25692481	25693386	-	0	0	0		71	1	300	0.0033333333333333335	183	0	708	0.0
CUFF_NC.11279	5	25693653	25694744	-	0	0	0		49	1	182	0.005494505494505495	268	5	1227	0.004074979625101874
CUFF_NC.11283	5	25704032	25704481	-	0	0	0		42	0	138	0.0	100	2	345	0.005797101449275362
CUFF_NC.11285	5	25730615	25731487	+	0	0	0		58	1	317	0.0031545741324921135	249	7	1259	0.005559968228752979
CUFF_NC.11284	5	25736275	25737642	+	0	0	0		81	0	426	0.0	358	3	1821	0.0016474464579901153
CUFF_NC.11294	5	25741837	25743311	-	0	0	0		96	1	456	0.0021929824561403508	411	8	1976	0.004048582995951417
CUFF_NC.11296	5	25743427	25744109	-	0	0	0		58	0	224	0.0	147	0	529	0.0
CUFF_NC.11295	5	25754501	25755194	+	0	0	0		48	0	224	0.0	176	3	755	0.003973509933774834
CUFF_NC.11302	5	25765610	25766058	-	0	0	0		17	0	77	0.0	76	1	255	0.00392156862745098
CUFF_NC.11303	5	25768958	25769545	-	0	0	0		41	2	232	0.008620689655172414	157	5	879	0.005688282138794084
CUFF_NC.11304	5	25770098	25771447	-	0	0	0		48	2	242	0.008264462809917356	273	19	1341	0.014168530947054437
CUFF_NC.11286	5	25785696	25786106	-	0	0	0		21	0	93	0.0	132	1	623	0.0016051364365971107
CUFF_NC.11297	5	25786691	25787480	-	0	0	0		31	0	125	0.0	150	2	623	0.0032102728731942215
CUFF_NC.11287	5	25794375	25794789	-	0	0	0		14	0	53	0.0	103	0	412	0.0
CUFF_NC.11289	5	25797408	25797911	-	0	0	0		15	0	86	0.0	136	0	720	0.0
CUFF_NC.11288	5	25801754	25802511	+	0	0	0		61	2	233	0.008583690987124463	240	5	806	0.00620347394540943
CUFF_NC.11290	5	25810092	25813734	+	0	0	0		243	1	1146	0.0008726003490401396	885	11	4064	0.0027066929133858267
CUFF_NC.11292	5	25817426	25818888	+	0	0	0		104	1	528	0.001893939393939394	390	2	2065	0.0009685230024213075
CUFF_NC.11291	5	25831599	25832639	-	0	0	0		55	1	250	0.004	258	2	1055	0.0018957345971563982
CUFF_NC.11293	5	25842447	25843247	+	0	0	0		71	1	386	0.0025906735751295338	138	2	736	0.002717391304347826
CUFF_NC.11298	5	25850617	25851115	-	0	0	0		20	0	129	0.0	152	2	828	0.0024154589371980675
CUFF_NC.11306	5	25856510	25858070	+	0	0	0		16	41	78	0.5256410256410257	95	54	409	0.13202933985330073
CUFF_NC.11305	5	25858809	25859841	-	0	0	0		24	0	119	0.0	96	0	418	0.0
CUFF_NC.11300	5	25871134	25871774	-	0	0	0		38	0	155	0.0	164	2	709	0.0028208744710860366
CUFF_NC.11301	5	25883707	25886657	-	0	0	0		150	4	629	0.006359300476947536	770	15	3326	0.004509921828021648
CUFF_NC.11299	5	25890357	25890867	-	0	0	0		35	2	222	0.009009009009009009	117	1	695	0.0014388489208633094
CUFF_NC.11307	5	25900765	25901196	+	0	0	0		28	1	136	0.007352941176470588	119	3	557	0.005385996409335727
CUFF_NC.11311	5	25918864	25919802	+	0	0	0		69	1	297	0.003367003367003367	284	0	922	0.0
CUFF_NC.11308	5	25929596	25931440	+	0	0	0		136	0	529	0.0	485	5	1857	0.0026925148088314485
CUFF_NC.11310	5	25931957	25933113	-	0	0	0		64	1	389	0.002570694087403599	266	1	1386	0.0007215007215007215
CUFF_NC.11309	5	25936981	25938127	-	0	0	0		48	1	269	0.0037174721189591076	263	3	1233	0.0024330900243309003
CUFF_NC.11313	5	25953836	25954943	-	0	0	0		66	1	422	0.002369668246445498	323	5	1820	0.0027472527472527475
CUFF_NC.11312	5	25964023	25964433	+	0	0	0		29	0	163	0.0	109	1	669	0.0014947683109118087
CUFF_NC.11345	5	25982038	25987789	-	0	0	0		249	6	1443	0.004158004158004158	1255	19	7215	0.0026334026334026333
CUFF_NC.11346	5	25984966	25991481	-	0	0	0		279	4	2239	0.001786511835640911	1398	33	11035	0.0029904848210240147
CUFF_NC.11317	5	25994353	25996222	-	0	0	0		110	0	557	0.0	522	4	2608	0.0015337423312883436
CUFF_NC.11316	5	26001744	26002610	-	0	0	0		44	0	195	0.0	207	2	892	0.002242152466367713
CUFF_NC.11315	5	26007007	26007590	+	0	0	0		32	0	135	0.0	164	1	607	0.0016474464579901153
CUFF_NC.11314	5	26007690	26008220	+	0	0	0		43	0	213	0.0	128	2	563	0.003552397868561279
CUFF_NC.11318	5	26017330	26018315	-	0	0	0		69	2	304	0.006578947368421052	258	3	1070	0.002803738317757009
CUFF_NC.11319	5	26030171	26030759	-	0	0	0		39	1	161	0.006211180124223602	137	1	510	0.00196078431372549
CUFF_NC.11321	5	26032700	26033998	+	0	0	0		90	2	319	0.006269592476489028	330	4	1128	0.0035460992907801418
CUFF_NC.11320	5	26034357	26035209	+	0	0	0		43	0	153	0.0	231	1	948	0.0010548523206751054
CUFF_NC.11324	5	26049021	26049664	+	0	0	0		37	0	119	0.0	177	2	688	0.0029069767441860465
CUFF_NC.11325	5	26052149	26054139	+	0	0	0		61	3	386	0.007772020725388601	326	6	1969	0.0030472320975114273
CUFF_NC.11322	5	26071647	26072034	-	0	0	0		3	14	27	0.5185185185185185	52	4	348	0.011494252873563218
CUFF_NC.11323	5	26072597	26073132	-	0	0	0		8	3	15	0.2	42	1	79	0.012658227848101266
CUFF_NC.11329	5	26073689	26074721	+	0	0	0		44	3	208	0.014423076923076924	177	2	725	0.002758620689655172
CUFF_NC.11327	5	26083190	26083814	-	0	0	0		57	1	351	0.002849002849002849	138	1	843	0.0011862396204033216
CUFF_NC.11328	5	26087480	26088253	+	0	0	0		59	0	234	0.0	155	0	642	0.0
CUFF_NC.11326	5	26095339	26095944	+	0	0	0		29	0	104	0.0	164	4	637	0.006279434850863423
CUFF_NC.11334	5	26102084	26102973	+	0	0	0		47	1	225	0.0044444444444444444	203	3	838	0.003579952267303103
CUFF_NC.11330	5	26107566	26108885	+	0	0	0		40	0	196	0.0	342	4	1496	0.00267379679144385
CUFF_NC.11332	5	26115386	26118466	-	0	0	0		58	3	260	0.011538461538461539	684	13	3417	0.0038045068773778167
CUFF_NC.11331	5	26120074	26120605	+	0	0	0		50	1	220	0.004545454545454545	150	1	615	0.0016260162601626016
CUFF_NC.11333	5	26128867	26129450	+	0	0	0		33	0	71	0.0	136	0	305	0.0
CUFF_NC.11339	5	26131458	26131981	-	0	0	0		35	0	172	0.0	127	2	542	0.0036900369003690036
CUFF_NC.11336	5	26136062	26137043	-	0	0	0		62	2	158	0.012658227848101266	303	19	883	0.021517553793884484
CUFF_NC.11335	5	26138389	26138814	-	0	0	0		14	0	59	0.0	141	1	431	0.002320185614849188
CUFF_NC.11337	5	26145606	26147777	-	0	0	0		90	1	480	0.0020833333333333333	440	5	2216	0.002256317689530686
CUFF_NC.11338	5	26146517	26146969	+	0	0	0		15	0	80	0.0	110	0	466	0.0
CUFF_NC.11340	5	26151156	26151825	-	0	0	0		29	1	196	0.00510204081632653	151	3	829	0.0036188178528347406
CUFF_NC.11343	5	26188663	26189579	-	0	0	0		64	0	345	0.0	266	2	1348	0.001483679525222552
CUFF_NC.11342	5	26193195	26193661	+	0	0	0		19	0	138	0.0	110	0	663	0.0
CUFF_NC.11347	5	26226750	26227163	+	0	0	0		20	0	68	0.0	134	1	438	0.00228310502283105
CUFF_NC.11341	5	26233105	26233518	+	0	0	0		2	0	2	0.0	31	0	31	0.0
CUFF_NC.11344	5	26237036	26237810	-	0	0	0		40	0	124	0.0	222	4	735	0.005442176870748299
CUFF_NC.11348	5	26245296	26246564	+	0	0	0		66	1	300	0.0033333333333333335	288	6	1450	0.004137931034482759
CUFF_NC.11350	5	26254424	26255005	-	0	0	0		57	0	218	0.0	188	1	747	0.0013386880856760374
CUFF_NC.11376	5	26273312	26273763	+	0	0	0		15	0	72	0.0	141	3	673	0.004457652303120356
CUFF_NC.11351	5	26281737	26283446	-	0	0	0		156	3	709	0.004231311706629055	429	6	1885	0.003183023872679045
CUFF_NC.11353	5	26284669	26285195	-	0	0	0		43	0	201	0.0	116	1	589	0.001697792869269949
CUFF_NC.11349	5	26288999	26289916	+	0	0	0		33	1	178	0.0056179775280898875	219	15	1351	0.011102886750555145
CUFF_NC.11355	5	26291847	26294750	-	0	0	0		220	4	1023	0.0039100684261974585	682	9	3028	0.00297225891677675
CUFF_NC.11354	5	26296285	26298016	-	0	0	0		107	2	448	0.004464285714285714	502	9	2079	0.004329004329004329
CUFF_NC.11352	5	26299588	26300207	-	0	0	0		26	1	99	0.010101010101010102	185	0	602	0.0
CUFF_NC.11357	5	26336869	26337779	+	0	0	0		48	1	285	0.0035087719298245615	238	2	1361	0.0014695077149155032
CUFF_NC.11358	5	26342224	26343636	+	0	0	0		68	1	392	0.002551020408163265	327	2	1485	0.0013468013468013469
CUFF_NC.11356	5	26346301	26347403	-	0	0	0		85	0	427	0.0	264	10	1350	0.007407407407407408
CUFF_NC.11359	5	26356890	26357845	-	0	0	0		38	1	133	0.007518796992481203	220	1	704	0.0014204545454545455
CUFF_NC.11364	5	26369511	26369800	-	0	0	0		9	0	63	0.0	49	0	240	0.0
CUFF_NC.11362	5	26376443	26376835	+	0	0	0		20	0	82	0.0	115	1	460	0.002173913043478261
CUFF_NC.11363	5	26377051	26377676	+	0	0	0		53	2	361	0.00554016620498615	181	2	1135	0.001762114537444934
CUFF_NC.11366	5	26379475	26380024	+	0	0	0		38	0	103	0.0	135	0	397	0.0
CUFF_NC.11369	5	26382224	26383169	-	0	0	0		69	1	330	0.0030303030303030303	265	2	1207	0.0016570008285004142
CUFF_NC.11370	5	26383399	26385101	-	0	0	0		170	5	804	0.006218905472636816	523	9	2523	0.0035671819262782403
CUFF_NC.11360	5	26399358	26400832	-	0	0	0		88	1	335	0.0029850746268656717	425	7	1728	0.004050925925925926
CUFF_NC.11361	5	26403139	26403725	+	0	0	0		44	1	230	0.004347826086956522	161	3	859	0.0034924330616996507
CUFF_NC.11422	5	26409711	26410143	+	0	0	0		17	0	82	0.0	64	0	261	0.0
CUFF_NC.11424	5	26413624	26415144	+	0	0	0		80	26	331	0.07854984894259819	407	21	1752	0.011986301369863013
CUFF_NC.11423	5	26420610	26422775	-	0	0	0		135	3	705	0.00425531914893617	597	5	2450	0.0020408163265306124
CUFF_NC.11426	5	26428040	26428512	-	0	0	0		41	1	206	0.0048543689320388345	132	2	581	0.0034423407917383822
CUFF_NC.11365	5	26444883	26446314	-	0	0	0		114	1	535	0.001869158878504673	415	4	1904	0.0021008403361344537
CUFF_NC.11375	5	26448181	26449342	-	0	0	0		69	0	267	0.0	310	1	1202	0.0008319467554076539
CUFF_NC.11367	5	26456387	26457649	+	0	0	0		91	0	401	0.0	338	5	1338	0.0037369207772795215
CUFF_NC.11368	5	26458306	26458664	+	0	0	0		26	0	109	0.0	96	2	424	0.0047169811320754715
CUFF_NC.11371	5	26460719	26462070	-	0	0	0		64	2	313	0.006389776357827476	380	8	1874	0.004268943436499467
CUFF_NC.11372	5	26465105	26465741	-	0	0	0		50	1	146	0.00684931506849315	167	8	630	0.012698412698412698
CUFF_NC.11373	5	26465136	26465988	+	0	0	0		56	1	195	0.005128205128205128	210	5	949	0.005268703898840885
CUFF_NC.11377	5	26467048	26467335	-	0	0	0		20	0	79	0.0	93	0	401	0.0
CUFF_NC.11374	5	26479836	26481489	+	0	0	0		89	60	412	0.14563106796116504	447	65	2129	0.030530765617660875
CUFF_NC.11386	5	26490787	26491694	+	0	0	0		17	0	74	0.0	93	0	280	0.0
CUFF_NC.11380	5	26496509	26497087	+	0	0	0		60	0	140	0.0	145	0	411	0.0
CUFF_NC.11378	5	26498958	26499453	-	0	0	0		23	2	86	0.023255813953488372	108	3	479	0.006263048016701462
CUFF_NC.11379	5	26499320	26500086	+	0	0	0		13	0	54	0.0	179	4	735	0.005442176870748299
CUFF_NC.11382	5	26514608	26515895	+	0	0	0		107	1	501	0.001996007984031936	322	1	1604	0.0006234413965087282
CUFF_NC.11381	5	26525936	26526447	+	0	0	0		21	0	113	0.0	152	2	880	0.0022727272727272726
CUFF_NC.11383	5	26530277	26531320	+	0	0	0		72	0	331	0.0	191	3	881	0.00340522133938706
CUFF_NC.11388	5	26547230	26547951	+	0	0	0		34	3	141	0.02127659574468085	208	3	938	0.0031982942430703624
CUFF_NC.11384	5	26561846	26562367	-	0	0	0		20	0	82	0.0	151	3	617	0.004862236628849271
CUFF_NC.11385	5	26562010	26562769	+	0	0	0		34	0	181	0.0	207	2	1020	0.00196078431372549
CUFF_NC.11389	5	26573774	26574881	-	0	0	0		55	1	285	0.0035087719298245615	311	2	1507	0.0013271400132714001
CUFF_NC.11387	5	26583382	26583811	+	0	0	0		24	1	148	0.006756756756756757	109	1	650	0.0015384615384615385
CUFF_NC.11400	5	26589972	26594013	-	0	0	0		256	4	1205	0.0033195020746887966	1147	20	5289	0.003781433163168841
CUFF_NC.11401	5	26595901	26598030	-	0	0	0		166	2	773	0.00258732212160414	598	4	2471	0.0016187778227438284
CUFF_NC.11391	5	26623157	26623650	+	0	0	0		11	0	56	0.0	105	1	438	0.00228310502283105
CUFF_NC.11392	5	26625047	26626272	-	0	0	0		97	0	345	0.0	327	4	1209	0.0033085194375516956
CUFF_NC.11394	5	26639917	26640248	+	0	0	0		16	2	66	0.030303030303030304	108	1	388	0.002577319587628866
CUFF_NC.11396	5	26643672	26644754	+	0	0	0		61	0	242	0.0	252	2	987	0.002026342451874367
CUFF_NC.11393	5	26647081	26648677	-	0	0	0		120	1	505	0.0019801980198019802	375	8	1574	0.005082592121982211
CUFF_NC.11395	5	26660320	26662512	-	0	0	0		180	1	672	0.001488095238095238	547	5	2037	0.002454590083456063
CUFF_NC.11397	5	26664825	26666112	-	0	0	0		82	1	418	0.0023923444976076554	237	2	1092	0.0018315018315018315
CUFF_NC.11399	5	26692829	26693553	+	0	0	0		46	0	209	0.0	244	3	1007	0.0029791459781529296
CUFF_NC.11398	5	26706523	26707511	-	0	0	0		74	0	292	0.0	241	2	813	0.0024600246002460025
CUFF_NC.11402	5	26714832	26718925	+	0	0	0		247	4	1122	0.0035650623885918	1129	15	4982	0.003010839020473705
CUFF_NC.11403	5	26767555	26768824	-	0	0	0		70	1	342	0.0029239766081871343	290	2	1147	0.0017436791630340018
CUFF_NC.11404	5	26772604	26773754	-	0	0	0		91	2	401	0.004987531172069825	259	3	1105	0.0027149321266968325
CUFF_NC.11411	5	26781405	26781808	-	0	0	0		30	0	184	0.0	98	2	687	0.002911208151382824
CUFF_NC.11409	5	26794765	26795302	+	0	0	0		13	0	56	0.0	149	3	691	0.004341534008683068
CUFF_NC.11410	5	26796113	26799270	+	0	0	0		207	2	1144	0.0017482517482517483	814	15	4280	0.0035046728971962616
CUFF_NC.11405	5	26805285	26805697	-	0	0	0		12	1	67	0.014925373134328358	101	0	440	0.0
CUFF_NC.11406	5	26808949	26810351	+	0	0	0		68	0	246	0.0	299	3	1002	0.0029940119760479044
CUFF_NC.11407	5	26813825	26814594	+	0	0	0		48	3	274	0.010948905109489052	237	3	1224	0.0024509803921568627
CUFF_NC.11408	5	26814971	26816725	+	0	0	0		134	1	541	0.0018484288354898336	406	5	1729	0.002891844997108155
CUFF_NC.11412	5	26820458	26821175	+	0	0	0		49	0	224	0.0	207	2	996	0.002008032128514056
CUFF_NC.11415	5	26824985	26825980	+	0	0	0		62	0	299	0.0	268	2	1078	0.0018552875695732839
CUFF_NC.11417	5	26828667	26835013	+	0	0	0		254	64	1561	0.04099935938500961	1459	83	9435	0.008797032326444092
CUFF_NC.11416	5	26843389	26845303	+	0	0	0		138	0	508	0.0	380	3	1356	0.0022123893805309734
CUFF_NC.11413	5	26848340	26850043	+	0	0	0		128	2	515	0.003883495145631068	433	6	1822	0.003293084522502744
CUFF_NC.11414	5	26868386	26869669	+	0	0	0		80	0	281	0.0	257	4	850	0.004705882352941176
CUFF_NC.11418	5	26872034	26874813	+	0	0	0		236	1	963	0.0010384215991692627	641	5	2422	0.002064409578860446
CUFF_NC.11419	5	26877592	26878442	+	0	0	0		63	2	288	0.006944444444444444	160	3	695	0.004316546762589928
CUFF_NC.11429	5	26885294	26887179	-	0	0	0		115	0	516	0.0	521	2	2303	0.0008684324793747286
CUFF_NC.11425	5	26887775	26888543	+	0	0	0		41	2	231	0.008658008658008658	171	0	970	0.0
CUFF_NC.11427	5	26903761	26905627	+	0	0	0		112	3	471	0.006369426751592357	393	3	1620	0.001851851851851852
CUFF_NC.11420	5	26909609	26910571	-	0	0	0		43	0	227	0.0	222	1	924	0.0010822510822510823
CUFF_NC.11421	5	26910892	26912157	-	0	0	0		78	0	382	0.0	320	3	1595	0.0018808777429467085
CUFF_NC.11428	5	26912833	26913956	+	0	0	0		65	1	243	0.00411522633744856	302	7	1046	0.006692160611854685
CUFF_NC.11430	5	26918976	26920220	+	0	0	0		85	2	310	0.0064516129032258064	317	5	1169	0.00427715996578272
CUFF_NC.11431	5	26921909	26923540	+	0	0	0		103	0	532	0.0	476	8	2100	0.0038095238095238095
CUFF_NC.11434	5	26930845	26932983	+	0	0	0		135	4	708	0.005649717514124294	576	7	2795	0.0025044722719141325
CUFF_NC.11440	5	26944260	26945682	+	0	0	0		106	1	462	0.0021645021645021645	417	7	1788	0.0039149888143176735
CUFF_NC.11432	5	26946951	26947391	+	0	0	0		23	1	121	0.008264462809917356	133	0	523	0.0
CUFF_NC.11442	5	26950225	26950677	-	0	0	0		39	0	201	0.0	87	0	535	0.0
CUFF_NC.11443	5	26955072	26955439	-	0	0	0		22	1	95	0.010526315789473684	107	4	412	0.009708737864077669
CUFF_NC.11441	5	26959924	26960347	+	0	0	0		32	0	86	0.0	93	1	262	0.003816793893129771
CUFF_NC.11435	5	26961428	26961730	+	0	0	0		28	2	172	0.011627906976744186	78	0	501	0.0
CUFF_NC.11433	5	26967633	26968207	+	0	0	0		44	0	198	0.0	166	4	737	0.005427408412483039
CUFF_NC.11439	5	26969749	26970839	+	0	0	0		37	1	154	0.006493506493506494	224	4	942	0.004246284501061571
CUFF_NC.11438	5	26972716	26974482	+	0	0	0		47	0	200	0.0	460	7	2004	0.003493013972055888
