=== Run started: Sun 17 May 2026 08:17:46 PM PKT ===
=============================================
  Full-dataset methylation pipeline
=============================================
  Input dir  : /home/muneeb/Downloads/BDA-Codebase/GSE43857_RAW
  Regions    : /home/muneeb/Downloads/BDA-Codebase/lncRNAs_only.bed
  Out (step3): /home/muneeb/Downloads/BDA-Codebase/methylation_full_run
  Out (step4): /home/muneeb/Downloads/BDA-Codebase/results_full
  Parallel   : 24 jobs

[step3] 927 total accessions in /home/muneeb/Downloads/BDA-Codebase/GSE43857_RAW
        0 already processed, 927 remaining

[step3] Processing 927 accessions with 24 parallel jobs ...
[GSM1085200_mC_calls_Ann_1] Loading regions from /home/muneeb/Downloads/BDA-Codebase/lncRNAs_only.bed ...
[GSM1085200_mC_calls_Ann_1]   11,071 lncRNA regions
[GSM1085200_mC_calls_Ann_1] Loading allc from /home/muneeb/Downloads/BDA-Codebase/GSE43857_RAW/GSM1085200_mC_calls_Ann_1.tsv ...
[GSM1085200_mC_calls_Ann_1]   14,623,998 cytosine records
[GSM1085200_mC_calls_Ann_1] Aggregating methylation per region ...
[GSM1085200_mC_calls_Ann_1]   Retained 10,569/11,071 regions (≥3 covered cytosine sites in at least one context)
[GSM1085200_mC_calls_Ann_1] Written → /home/muneeb/Downloads/BDA-Codebase/methylation_full_run/GSM1085200_mC_calls_Ann_1_lncRNA_methylation.tsv
[GSM1085206_mC_calls_Bik_1] Loading regions from /home/muneeb/Downloads/BDA-Codebase/lncRNAs_only.bed ...
[GSM1085206_mC_calls_Bik_1]   11,071 lncRNA regions
[GSM1085206_mC_calls_Bik_1] Loading allc from /home/muneeb/Downloads/BDA-Codebase/GSE43857_RAW/GSM1085206_mC_calls_Bik_1.tsv ...
[GSM1085206_mC_calls_Bik_1]   22,532,196 cytosine records
[GSM1085206_mC_calls_Bik_1] Aggregating methylation per region ...
[GSM1085206_mC_calls_Bik_1]   Retained 10,634/11,071 regions (≥3 covered cytosine sites in at least one context)
[GSM1085206_mC_calls_Bik_1] Written → /home/muneeb/Downloads/BDA-Codebase/methylation_full_run/GSM1085206_mC_calls_Bik_1_lncRNA_methylation.tsv
[GSM1085194_mC_calls_Ag_0_bud] Loading regions from /home/muneeb/Downloads/BDA-Codebase/lncRNAs_only.bed ...
[GSM1085194_mC_calls_Ag_0_bud]   11,071 lncRNA regions
[GSM1085194_mC_calls_Ag_0_bud] Loading allc from /home/muneeb/Downloads/BDA-Codebase/GSE43857_RAW/GSM1085194_mC_calls_Ag_0_bud.tsv ...
[GSM1085194_mC_calls_Ag_0_bud]   23,223,828 cytosine records
[GSM1085194_mC_calls_Ag_0_bud] Aggregating methylation per region ...
[GSM1085194_mC_calls_Ag_0_bud]   Retained 10,637/11,071 regions (≥3 covered cytosine sites in at least one context)
[GSM1085194_mC_calls_Ag_0_bud] Written → /home/muneeb/Downloads/BDA-Codebase/methylation_full_run/GSM1085194_mC_calls_Ag_0_bud_lncRNA_methylation.tsv
[GSM1085199_mC_calls_Anholt_1] Loading regions from /home/muneeb/Downloads/BDA-Codebase/lncRNAs_only.bed ...
[GSM1085199_mC_calls_Anholt_1]   11,071 lncRNA regions
[GSM1085199_mC_calls_Anholt_1] Loading allc from /home/muneeb/Downloads/BDA-Codebase/GSE43857_RAW/GSM1085199_mC_calls_Anholt_1.tsv ...
[GSM1085199_mC_calls_Anholt_1]   24,557,155 cytosine records
[GSM1085199_mC_calls_Anholt_1] Aggregating methylation per region ...
[GSM1085199_mC_calls_Anholt_1]   Retained 10,678/11,071 regions (≥3 covered cytosine sites in at least one context)
[GSM1085199_mC_calls_Anholt_1] Written → /home/muneeb/Downloads/BDA-Codebase/methylation_full_run/GSM1085199_mC_calls_Anholt_1_lncRNA_methylation.tsv
[GSM1085195_mC_calls_Ak_1] Loading regions from /home/muneeb/Downloads/BDA-Codebase/lncRNAs_only.bed ...
[GSM1085195_mC_calls_Ak_1]   11,071 lncRNA regions
[GSM1085195_mC_calls_Ak_1] Loading allc from /home/muneeb/Downloads/BDA-Codebase/GSE43857_RAW/GSM1085195_mC_calls_Ak_1.tsv ...
[GSM1085195_mC_calls_Ak_1]   26,633,878 cytosine records
[GSM1085195_mC_calls_Ak_1] Aggregating methylation per region ...
[GSM1085195_mC_calls_Ak_1]   Retained 10,684/11,071 regions (≥3 covered cytosine sites in at least one context)
[GSM1085195_mC_calls_Ak_1] Written → /home/muneeb/Downloads/BDA-Codebase/methylation_full_run/GSM1085195_mC_calls_Ak_1_lncRNA_methylation.tsv
[GSM1085202_mC_calls_Appt_1] Loading regions from /home/muneeb/Downloads/BDA-Codebase/lncRNAs_only.bed ...
[GSM1085202_mC_calls_Appt_1]   11,071 lncRNA regions
[GSM1085202_mC_calls_Appt_1] Loading allc from /home/muneeb/Downloads/BDA-Codebase/GSE43857_RAW/GSM1085202_mC_calls_Appt_1.tsv ...
[GSM1085202_mC_calls_Appt_1]   27,123,033 cytosine records
[GSM1085202_mC_calls_Appt_1] Aggregating methylation per region ...
[GSM1085202_mC_calls_Appt_1]   Retained 10,654/11,071 regions (≥3 covered cytosine sites in at least one context)
[GSM1085202_mC_calls_Appt_1] Written → /home/muneeb/Downloads/BDA-Codebase/methylation_full_run/GSM1085202_mC_calls_Appt_1_lncRNA_methylation.tsv
[GSM1085193_mC_calls_Ag_0] Loading regions from /home/muneeb/Downloads/BDA-Codebase/lncRNAs_only.bed ...
[GSM1085193_mC_calls_Ag_0]   11,071 lncRNA regions
[GSM1085193_mC_calls_Ag_0] Loading allc from /home/muneeb/Downloads/BDA-Codebase/GSE43857_RAW/GSM1085193_mC_calls_Ag_0.tsv ...
[GSM1085193_mC_calls_Ag_0]   26,551,492 cytosine records
[GSM1085193_mC_calls_Ag_0] Aggregating methylation per region ...
[GSM1085193_mC_calls_Ag_0]   Retained 10,617/11,071 regions (≥3 covered cytosine sites in at least one context)
[GSM1085193_mC_calls_Ag_0] Written → /home/muneeb/Downloads/BDA-Codebase/methylation_full_run/GSM1085193_mC_calls_Ag_0_lncRNA_methylation.tsv
[GSM1085208_mC_calls_Bla_1] Loading regions from /home/muneeb/Downloads/BDA-Codebase/lncRNAs_only.bed ...
[GSM1085208_mC_calls_Bla_1]   11,071 lncRNA regions
[GSM1085208_mC_calls_Bla_1] Loading allc from /home/muneeb/Downloads/BDA-Codebase/GSE43857_RAW/GSM1085208_mC_calls_Bla_1.tsv ...
[GSM1085208_mC_calls_Bla_1]   26,975,588 cytosine records
[GSM1085208_mC_calls_Bla_1] Aggregating methylation per region ...
[GSM1085208_mC_calls_Bla_1]   Retained 10,691/11,071 regions (≥3 covered cytosine sites in at least one context)
[GSM1085208_mC_calls_Bla_1] Written → /home/muneeb/Downloads/BDA-Codebase/methylation_full_run/GSM1085208_mC_calls_Bla_1_lncRNA_methylation.tsv
[GSM1085205_mC_calls_Benk_1] Loading regions from /home/muneeb/Downloads/BDA-Codebase/lncRNAs_only.bed ...
[GSM1085205_mC_calls_Benk_1]   11,071 lncRNA regions
[GSM1085205_mC_calls_Benk_1] Loading allc from /home/muneeb/Downloads/BDA-Codebase/GSE43857_RAW/GSM1085205_mC_calls_Benk_1.tsv ...
[GSM1085205_mC_calls_Benk_1]   27,103,706 cytosine records
[GSM1085205_mC_calls_Benk_1] Aggregating methylation per region ...
[GSM1085205_mC_calls_Benk_1]   Retained 10,720/11,071 regions (≥3 covered cytosine sites in at least one context)
[GSM1085205_mC_calls_Benk_1] Written → /home/muneeb/Downloads/BDA-Codebase/methylation_full_run/GSM1085205_mC_calls_Benk_1_lncRNA_methylation.tsv
[GSM1085213_mC_calls_Bs_1] Loading regions from /home/muneeb/Downloads/BDA-Codebase/lncRNAs_only.bed ...
[GSM1085213_mC_calls_Bs_1]   11,071 lncRNA regions
[GSM1085213_mC_calls_Bs_1] Loading allc from /home/muneeb/Downloads/BDA-Codebase/GSE43857_RAW/GSM1085213_mC_calls_Bs_1.tsv ...
[GSM1085213_mC_calls_Bs_1]   27,536,635 cytosine records
[GSM1085213_mC_calls_Bs_1] Aggregating methylation per region ...
[GSM1085213_mC_calls_Bs_1]   Retained 10,713/11,071 regions (≥3 covered cytosine sites in at least one context)
[GSM1085213_mC_calls_Bs_1] Written → /home/muneeb/Downloads/BDA-Codebase/methylation_full_run/GSM1085213_mC_calls_Bs_1_lncRNA_methylation.tsv
[GSM1085203_mC_calls_Ba_1] Loading regions from /home/muneeb/Downloads/BDA-Codebase/lncRNAs_only.bed ...
[GSM1085203_mC_calls_Ba_1]   11,071 lncRNA regions
[GSM1085203_mC_calls_Ba_1] Loading allc from /home/muneeb/Downloads/BDA-Codebase/GSE43857_RAW/GSM1085203_mC_calls_Ba_1.tsv ...
[GSM1085203_mC_calls_Ba_1]   28,004,086 cytosine records
[GSM1085203_mC_calls_Ba_1] Aggregating methylation per region ...
[GSM1085203_mC_calls_Ba_1]   Retained 10,698/11,071 regions (≥3 covered cytosine sites in at least one context)
[GSM1085203_mC_calls_Ba_1] Written → /home/muneeb/Downloads/BDA-Codebase/methylation_full_run/GSM1085203_mC_calls_Ba_1_lncRNA_methylation.tsv
[GSM1085196_mC_calls_Altai_5] Loading regions from /home/muneeb/Downloads/BDA-Codebase/lncRNAs_only.bed ...
[GSM1085196_mC_calls_Altai_5]   11,071 lncRNA regions
[GSM1085196_mC_calls_Altai_5] Loading allc from /home/muneeb/Downloads/BDA-Codebase/GSE43857_RAW/GSM1085196_mC_calls_Altai_5.tsv ...
[GSM1085196_mC_calls_Altai_5]   28,296,053 cytosine records
[GSM1085196_mC_calls_Altai_5] Aggregating methylation per region ...
[GSM1085196_mC_calls_Altai_5]   Retained 10,630/11,071 regions (≥3 covered cytosine sites in at least one context)
[GSM1085196_mC_calls_Altai_5] Written → /home/muneeb/Downloads/BDA-Codebase/methylation_full_run/GSM1085196_mC_calls_Altai_5_lncRNA_methylation.tsv
[GSM1085197_mC_calls_Amel_1] Loading regions from /home/muneeb/Downloads/BDA-Codebase/lncRNAs_only.bed ...
[GSM1085197_mC_calls_Amel_1]   11,071 lncRNA regions
[GSM1085197_mC_calls_Amel_1] Loading allc from /home/muneeb/Downloads/BDA-Codebase/GSE43857_RAW/GSM1085197_mC_calls_Amel_1.tsv ...
[GSM1085197_mC_calls_Amel_1]   29,113,389 cytosine records
[GSM1085197_mC_calls_Amel_1] Aggregating methylation per region ...
[GSM1085197_mC_calls_Amel_1]   Retained 10,676/11,071 regions (≥3 covered cytosine sites in at least one context)
[GSM1085197_mC_calls_Amel_1] Written → /home/muneeb/Downloads/BDA-Codebase/methylation_full_run/GSM1085197_mC_calls_Amel_1_lncRNA_methylation.tsv
[GSM1085212_mC_calls_Br_0_bud] Loading regions from /home/muneeb/Downloads/BDA-Codebase/lncRNAs_only.bed ...
[GSM1085212_mC_calls_Br_0_bud]   11,071 lncRNA regions
[GSM1085212_mC_calls_Br_0_bud] Loading allc from /home/muneeb/Downloads/BDA-Codebase/GSE43857_RAW/GSM1085212_mC_calls_Br_0_bud.tsv ...
[GSM1085212_mC_calls_Br_0_bud]   28,597,879 cytosine records
[GSM1085212_mC_calls_Br_0_bud] Aggregating methylation per region ...
[GSM1085212_mC_calls_Br_0_bud]   Retained 10,761/11,071 regions (≥3 covered cytosine sites in at least one context)
[GSM1085212_mC_calls_Br_0_bud] Written → /home/muneeb/Downloads/BDA-Codebase/methylation_full_run/GSM1085212_mC_calls_Br_0_bud_lncRNA_methylation.tsv
[GSM1085198_mC_calls_An_1] Loading regions from /home/muneeb/Downloads/BDA-Codebase/lncRNAs_only.bed ...
[GSM1085198_mC_calls_An_1]   11,071 lncRNA regions
[GSM1085198_mC_calls_An_1] Loading allc from /home/muneeb/Downloads/BDA-Codebase/GSE43857_RAW/GSM1085198_mC_calls_An_1.tsv ...
[GSM1085198_mC_calls_An_1]   29,076,623 cytosine records
[GSM1085198_mC_calls_An_1] Aggregating methylation per region ...
[GSM1085198_mC_calls_An_1]   Retained 10,681/11,071 regions (≥3 covered cytosine sites in at least one context)
[GSM1085198_mC_calls_An_1] Written → /home/muneeb/Downloads/BDA-Codebase/methylation_full_run/GSM1085198_mC_calls_An_1_lncRNA_methylation.tsv
[GSM1085192_mC_calls_Abd_0] Loading regions from /home/muneeb/Downloads/BDA-Codebase/lncRNAs_only.bed ...
[GSM1085192_mC_calls_Abd_0]   11,071 lncRNA regions
[GSM1085192_mC_calls_Abd_0] Loading allc from /home/muneeb/Downloads/BDA-Codebase/GSE43857_RAW/GSM1085192_mC_calls_Abd_0.tsv ...
[GSM1085192_mC_calls_Abd_0]   29,973,433 cytosine records
[GSM1085192_mC_calls_Abd_0] Aggregating methylation per region ...
[GSM1085192_mC_calls_Abd_0]   Retained 10,735/11,071 regions (≥3 covered cytosine sites in at least one context)
[GSM1085192_mC_calls_Abd_0] Written → /home/muneeb/Downloads/BDA-Codebase/methylation_full_run/GSM1085192_mC_calls_Abd_0_lncRNA_methylation.tsv
[GSM1085204_mC_calls_Baa_1] Loading regions from /home/muneeb/Downloads/BDA-Codebase/lncRNAs_only.bed ...
[GSM1085204_mC_calls_Baa_1]   11,071 lncRNA regions
[GSM1085204_mC_calls_Baa_1] Loading allc from /home/muneeb/Downloads/BDA-Codebase/GSE43857_RAW/GSM1085204_mC_calls_Baa_1.tsv ...
[GSM1085204_mC_calls_Baa_1]   30,121,508 cytosine records
[GSM1085204_mC_calls_Baa_1] Aggregating methylation per region ...
[GSM1085204_mC_calls_Baa_1]   Retained 10,713/11,071 regions (≥3 covered cytosine sites in at least one context)
[GSM1085204_mC_calls_Baa_1] Written → /home/muneeb/Downloads/BDA-Codebase/methylation_full_run/GSM1085204_mC_calls_Baa_1_lncRNA_methylation.tsv
[GSM1085209_mC_calls_Boot_1] Loading regions from /home/muneeb/Downloads/BDA-Codebase/lncRNAs_only.bed ...
[GSM1085209_mC_calls_Boot_1]   11,071 lncRNA regions
[GSM1085209_mC_calls_Boot_1] Loading allc from /home/muneeb/Downloads/BDA-Codebase/GSE43857_RAW/GSM1085209_mC_calls_Boot_1.tsv ...
[GSM1085209_mC_calls_Boot_1]   29,235,612 cytosine records
[GSM1085209_mC_calls_Boot_1] Aggregating methylation per region ...
[GSM1085209_mC_calls_Boot_1]   Retained 10,671/11,071 regions (≥3 covered cytosine sites in at least one context)
[GSM1085209_mC_calls_Boot_1] Written → /home/muneeb/Downloads/BDA-Codebase/methylation_full_run/GSM1085209_mC_calls_Boot_1_lncRNA_methylation.tsv
[GSM1085207_mC_calls_Bl_1] Loading regions from /home/muneeb/Downloads/BDA-Codebase/lncRNAs_only.bed ...
[GSM1085207_mC_calls_Bl_1]   11,071 lncRNA regions
[GSM1085207_mC_calls_Bl_1] Loading allc from /home/muneeb/Downloads/BDA-Codebase/GSE43857_RAW/GSM1085207_mC_calls_Bl_1.tsv ...
[GSM1085207_mC_calls_Bl_1]   30,110,343 cytosine records
[GSM1085207_mC_calls_Bl_1] Aggregating methylation per region ...
[GSM1085207_mC_calls_Bl_1]   Retained 10,726/11,071 regions (≥3 covered cytosine sites in at least one context)
[GSM1085207_mC_calls_Bl_1] Written → /home/muneeb/Downloads/BDA-Codebase/methylation_full_run/GSM1085207_mC_calls_Bl_1_lncRNA_methylation.tsv
[GSM1085201_mC_calls_Anz_0] Loading regions from /home/muneeb/Downloads/BDA-Codebase/lncRNAs_only.bed ...
[GSM1085201_mC_calls_Anz_0]   11,071 lncRNA regions
[GSM1085201_mC_calls_Anz_0] Loading allc from /home/muneeb/Downloads/BDA-Codebase/GSE43857_RAW/GSM1085201_mC_calls_Anz_0.tsv ...
[GSM1085201_mC_calls_Anz_0]   30,206,808 cytosine records
[GSM1085201_mC_calls_Anz_0] Aggregating methylation per region ...
[GSM1085201_mC_calls_Anz_0]   Retained 10,725/11,071 regions (≥3 covered cytosine sites in at least one context)
[GSM1085201_mC_calls_Anz_0] Written → /home/muneeb/Downloads/BDA-Codebase/methylation_full_run/GSM1085201_mC_calls_Anz_0_lncRNA_methylation.tsv
[GSM1085191_mC_calls_Aa_0] Loading regions from /home/muneeb/Downloads/BDA-Codebase/lncRNAs_only.bed ...
[GSM1085191_mC_calls_Aa_0]   11,071 lncRNA regions
[GSM1085191_mC_calls_Aa_0] Loading allc from /home/muneeb/Downloads/BDA-Codebase/GSE43857_RAW/GSM1085191_mC_calls_Aa_0.tsv ...
[GSM1085191_mC_calls_Aa_0]   31,282,789 cytosine records
[GSM1085191_mC_calls_Aa_0] Aggregating methylation per region ...
[GSM1085191_mC_calls_Aa_0]   Retained 10,710/11,071 regions (≥3 covered cytosine sites in at least one context)
[GSM1085191_mC_calls_Aa_0] Written → /home/muneeb/Downloads/BDA-Codebase/methylation_full_run/GSM1085191_mC_calls_Aa_0_lncRNA_methylation.tsv
[GSM1085214_mC_calls_Bsch_0] Loading regions from /home/muneeb/Downloads/BDA-Codebase/lncRNAs_only.bed ...
[GSM1085214_mC_calls_Bsch_0]   11,071 lncRNA regions
[GSM1085214_mC_calls_Bsch_0] Loading allc from /home/muneeb/Downloads/BDA-Codebase/GSE43857_RAW/GSM1085214_mC_calls_Bsch_0.tsv ...
[GSM1085214_mC_calls_Bsch_0]   31,643,021 cytosine records
[GSM1085214_mC_calls_Bsch_0] Aggregating methylation per region ...
[GSM1085214_mC_calls_Bsch_0]   Retained 10,746/11,071 regions (≥3 covered cytosine sites in at least one context)
[GSM1085214_mC_calls_Bsch_0] Written → /home/muneeb/Downloads/BDA-Codebase/methylation_full_run/GSM1085214_mC_calls_Bsch_0_lncRNA_methylation.tsv
[GSM1085211_mC_calls_Bor_4_bud] Loading regions from /home/muneeb/Downloads/BDA-Codebase/lncRNAs_only.bed ...
[GSM1085211_mC_calls_Bor_4_bud]   11,071 lncRNA regions
[GSM1085211_mC_calls_Bor_4_bud] Loading allc from /home/muneeb/Downloads/BDA-Codebase/GSE43857_RAW/GSM1085211_mC_calls_Bor_4_bud.tsv ...
[GSM1085211_mC_calls_Bor_4_bud]   35,141,068 cytosine records
[GSM1085211_mC_calls_Bor_4_bud] Aggregating methylation per region ...
[GSM1085211_mC_calls_Bor_4_bud]   Retained 10,879/11,071 regions (≥3 covered cytosine sites in at least one context)
[GSM1085211_mC_calls_Bor_4_bud] Written → /home/muneeb/Downloads/BDA-Codebase/methylation_full_run/GSM1085211_mC_calls_Bor_4_bud_lncRNA_methylation.tsv
[GSM1085210_mC_calls_Bor_4] Loading regions from /home/muneeb/Downloads/BDA-Codebase/lncRNAs_only.bed ...
[GSM1085210_mC_calls_Bor_4]   11,071 lncRNA regions
[GSM1085210_mC_calls_Bor_4] Loading allc from /home/muneeb/Downloads/BDA-Codebase/GSE43857_RAW/GSM1085210_mC_calls_Bor_4.tsv ...
[GSM1085210_mC_calls_Bor_4]   37,089,624 cytosine records
[GSM1085210_mC_calls_Bor_4] Aggregating methylation per region ...
[GSM1085210_mC_calls_Bor_4]   Retained 10,863/11,071 regions (≥3 covered cytosine sites in at least one context)
[GSM1085210_mC_calls_Bor_4] Written → /home/muneeb/Downloads/BDA-Codebase/methylation_full_run/GSM1085210_mC_calls_Bor_4_lncRNA_methylation.tsv
[GSM1085216_mC_calls_Ca_0] Loading regions from /home/muneeb/Downloads/BDA-Codebase/lncRNAs_only.bed ...
[GSM1085216_mC_calls_Ca_0]   11,071 lncRNA regions
[GSM1085216_mC_calls_Ca_0] Loading allc from /home/muneeb/Downloads/BDA-Codebase/GSE43857_RAW/GSM1085216_mC_calls_Ca_0.tsv ...
[GSM1085216_mC_calls_Ca_0]   29,653,144 cytosine records
[GSM1085216_mC_calls_Ca_0] Aggregating methylation per region ...
[GSM1085216_mC_calls_Ca_0]   Retained 10,724/11,071 regions (≥3 covered cytosine sites in at least one context)
[GSM1085216_mC_calls_Ca_0] Written → /home/muneeb/Downloads/BDA-Codebase/methylation_full_run/GSM1085216_mC_calls_Ca_0_lncRNA_methylation.tsv
[GSM1085220_mC_calls_Cnt_1] Loading regions from /home/muneeb/Downloads/BDA-Codebase/lncRNAs_only.bed ...
[GSM1085220_mC_calls_Cnt_1]   11,071 lncRNA regions
[GSM1085220_mC_calls_Cnt_1] Loading allc from /home/muneeb/Downloads/BDA-Codebase/GSE43857_RAW/GSM1085220_mC_calls_Cnt_1.tsv ...
[GSM1085220_mC_calls_Cnt_1]   22,904,304 cytosine records
[GSM1085220_mC_calls_Cnt_1] Aggregating methylation per region ...
[GSM1085220_mC_calls_Cnt_1]   Retained 10,648/11,071 regions (≥3 covered cytosine sites in at least one context)
[GSM1085220_mC_calls_Cnt_1] Written → /home/muneeb/Downloads/BDA-Codebase/methylation_full_run/GSM1085220_mC_calls_Cnt_1_lncRNA_methylation.tsv
[GSM1085217_mC_calls_Cal_0] Loading regions from /home/muneeb/Downloads/BDA-Codebase/lncRNAs_only.bed ...
[GSM1085217_mC_calls_Cal_0]   11,071 lncRNA regions
[GSM1085217_mC_calls_Cal_0] Loading allc from /home/muneeb/Downloads/BDA-Codebase/GSE43857_RAW/GSM1085217_mC_calls_Cal_0.tsv ...
[GSM1085217_mC_calls_Cal_0]   29,955,335 cytosine records
[GSM1085217_mC_calls_Cal_0] Aggregating methylation per region ...
[GSM1085217_mC_calls_Cal_0]   Retained 10,679/11,071 regions (≥3 covered cytosine sites in at least one context)
[GSM1085217_mC_calls_Cal_0] Written → /home/muneeb/Downloads/BDA-Codebase/methylation_full_run/GSM1085217_mC_calls_Cal_0_lncRNA_methylation.tsv
[GSM1085215_mC_calls_Bu_0] Loading regions from /home/muneeb/Downloads/BDA-Codebase/lncRNAs_only.bed ...
[GSM1085215_mC_calls_Bu_0]   11,071 lncRNA regions
[GSM1085215_mC_calls_Bu_0] Loading allc from /home/muneeb/Downloads/BDA-Codebase/GSE43857_RAW/GSM1085215_mC_calls_Bu_0.tsv ...
[GSM1085215_mC_calls_Bu_0]   34,252,378 cytosine records
[GSM1085215_mC_calls_Bu_0] Aggregating methylation per region ...
[GSM1085215_mC_calls_Bu_0]   Retained 10,723/11,071 regions (≥3 covered cytosine sites in at least one context)
[GSM1085215_mC_calls_Bu_0] Written → /home/muneeb/Downloads/BDA-Codebase/methylation_full_run/GSM1085215_mC_calls_Bu_0_lncRNA_methylation.tsv
[GSM1085219_mC_calls_Chi_0] Loading regions from /home/muneeb/Downloads/BDA-Codebase/lncRNAs_only.bed ...
[GSM1085219_mC_calls_Chi_0]   11,071 lncRNA regions
[GSM1085219_mC_calls_Chi_0] Loading allc from /home/muneeb/Downloads/BDA-Codebase/GSE43857_RAW/GSM1085219_mC_calls_Chi_0.tsv ...
[GSM1085219_mC_calls_Chi_0]   28,420,807 cytosine records
[GSM1085219_mC_calls_Chi_0] Aggregating methylation per region ...
[GSM1085219_mC_calls_Chi_0]   Retained 10,679/11,071 regions (≥3 covered cytosine sites in at least one context)
[GSM1085219_mC_calls_Chi_0] Written → /home/muneeb/Downloads/BDA-Codebase/methylation_full_run/GSM1085219_mC_calls_Chi_0_lncRNA_methylation.tsv
[GSM1085229_mC_calls_Ei_2] Loading regions from /home/muneeb/Downloads/BDA-Codebase/lncRNAs_only.bed ...
[GSM1085229_mC_calls_Ei_2]   11,071 lncRNA regions
[GSM1085229_mC_calls_Ei_2] Loading allc from /home/muneeb/Downloads/BDA-Codebase/GSE43857_RAW/GSM1085229_mC_calls_Ei_2.tsv ...
[GSM1085229_mC_calls_Ei_2]   24,655,692 cytosine records
[GSM1085229_mC_calls_Ei_2] Aggregating methylation per region ...
[GSM1085229_mC_calls_Ei_2]   Retained 10,751/11,071 regions (≥3 covered cytosine sites in at least one context)
[GSM1085229_mC_calls_Ei_2] Written → /home/muneeb/Downloads/BDA-Codebase/methylation_full_run/GSM1085229_mC_calls_Ei_2_lncRNA_methylation.tsv
[GSM1085227_mC_calls_Di_G] Loading regions from /home/muneeb/Downloads/BDA-Codebase/lncRNAs_only.bed ...
[GSM1085227_mC_calls_Di_G]   11,071 lncRNA regions
[GSM1085227_mC_calls_Di_G] Loading allc from /home/muneeb/Downloads/BDA-Codebase/GSE43857_RAW/GSM1085227_mC_calls_Di_G.tsv ...
[GSM1085227_mC_calls_Di_G]   26,022,238 cytosine records
[GSM1085227_mC_calls_Di_G] Aggregating methylation per region ...
[GSM1085227_mC_calls_Di_G]   Retained 10,648/11,071 regions (≥3 covered cytosine sites in at least one context)
[GSM1085227_mC_calls_Di_G] Written → /home/muneeb/Downloads/BDA-Codebase/methylation_full_run/GSM1085227_mC_calls_Di_G_lncRNA_methylation.tsv
[GSM1085223_mC_calls_Com_1] Loading regions from /home/muneeb/Downloads/BDA-Codebase/lncRNAs_only.bed ...
[GSM1085223_mC_calls_Com_1]   11,071 lncRNA regions
[GSM1085223_mC_calls_Com_1] Loading allc from /home/muneeb/Downloads/BDA-Codebase/GSE43857_RAW/GSM1085223_mC_calls_Com_1.tsv ...
[GSM1085223_mC_calls_Com_1]   28,369,722 cytosine records
[GSM1085223_mC_calls_Com_1] Aggregating methylation per region ...
[GSM1085223_mC_calls_Com_1]   Retained 10,691/11,071 regions (≥3 covered cytosine sites in at least one context)
[GSM1085223_mC_calls_Com_1] Written → /home/muneeb/Downloads/BDA-Codebase/methylation_full_run/GSM1085223_mC_calls_Com_1_lncRNA_methylation.tsv
[GSM1085218_mC_calls_Chat_1] Loading regions from /home/muneeb/Downloads/BDA-Codebase/lncRNAs_only.bed ...
[GSM1085218_mC_calls_Chat_1]   11,071 lncRNA regions
[GSM1085218_mC_calls_Chat_1] Loading allc from /home/muneeb/Downloads/BDA-Codebase/GSE43857_RAW/GSM1085218_mC_calls_Chat_1.tsv ...
[GSM1085218_mC_calls_Chat_1]   32,867,657 cytosine records
[GSM1085218_mC_calls_Chat_1] Aggregating methylation per region ...
[GSM1085218_mC_calls_Chat_1]   Retained 10,688/11,071 regions (≥3 covered cytosine sites in at least one context)
[GSM1085218_mC_calls_Chat_1] Written → /home/muneeb/Downloads/BDA-Codebase/methylation_full_run/GSM1085218_mC_calls_Chat_1_lncRNA_methylation.tsv
[GSM1085226_mC_calls_Db_1] Loading regions from /home/muneeb/Downloads/BDA-Codebase/lncRNAs_only.bed ...
[GSM1085226_mC_calls_Db_1]   11,071 lncRNA regions
[GSM1085226_mC_calls_Db_1] Loading allc from /home/muneeb/Downloads/BDA-Codebase/GSE43857_RAW/GSM1085226_mC_calls_Db_1.tsv ...
[GSM1085226_mC_calls_Db_1]   28,032,775 cytosine records
[GSM1085226_mC_calls_Db_1] Aggregating methylation per region ...
[GSM1085226_mC_calls_Db_1]   Retained 10,703/11,071 regions (≥3 covered cytosine sites in at least one context)
[GSM1085226_mC_calls_Db_1] Written → /home/muneeb/Downloads/BDA-Codebase/methylation_full_run/GSM1085226_mC_calls_Db_1_lncRNA_methylation.tsv
[GSM1085222_mC_calls_Col_0] Loading regions from /home/muneeb/Downloads/BDA-Codebase/lncRNAs_only.bed ...
[GSM1085222_mC_calls_Col_0]   11,071 lncRNA regions
[GSM1085222_mC_calls_Col_0] Loading allc from /home/muneeb/Downloads/BDA-Codebase/GSE43857_RAW/GSM1085222_mC_calls_Col_0.tsv ...
[GSM1085222_mC_calls_Col_0]   29,802,150 cytosine records
[GSM1085222_mC_calls_Col_0] Aggregating methylation per region ...
[GSM1085222_mC_calls_Col_0]   Retained 11,003/11,071 regions (≥3 covered cytosine sites in at least one context)
[GSM1085222_mC_calls_Col_0] Written → /home/muneeb/Downloads/BDA-Codebase/methylation_full_run/GSM1085222_mC_calls_Col_0_lncRNA_methylation.tsv
[GSM1085221_mC_calls_Co_1_bud] Loading regions from /home/muneeb/Downloads/BDA-Codebase/lncRNAs_only.bed ...
[GSM1085221_mC_calls_Co_1_bud]   11,071 lncRNA regions
[GSM1085221_mC_calls_Co_1_bud] Loading allc from /home/muneeb/Downloads/BDA-Codebase/GSE43857_RAW/GSM1085221_mC_calls_Co_1_bud.tsv ...
[GSM1085221_mC_calls_Co_1_bud]   32,059,289 cytosine records
[GSM1085221_mC_calls_Co_1_bud] Aggregating methylation per region ...
[GSM1085221_mC_calls_Co_1_bud]   Retained 10,671/11,071 regions (≥3 covered cytosine sites in at least one context)
[GSM1085221_mC_calls_Co_1_bud] Written → /home/muneeb/Downloads/BDA-Codebase/methylation_full_run/GSM1085221_mC_calls_Co_1_bud_lncRNA_methylation.tsv
[GSM1085233_mC_calls_En_D] Loading regions from /home/muneeb/Downloads/BDA-Codebase/lncRNAs_only.bed ...
[GSM1085233_mC_calls_En_D]   11,071 lncRNA regions
[GSM1085233_mC_calls_En_D] Loading allc from /home/muneeb/Downloads/BDA-Codebase/GSE43857_RAW/GSM1085233_mC_calls_En_D.tsv ...
[GSM1085233_mC_calls_En_D]   27,805,784 cytosine records
[GSM1085233_mC_calls_En_D] Aggregating methylation per region ...
[GSM1085233_mC_calls_En_D]   Retained 10,679/11,071 regions (≥3 covered cytosine sites in at least one context)
[GSM1085233_mC_calls_En_D] Written → /home/muneeb/Downloads/BDA-Codebase/methylation_full_run/GSM1085233_mC_calls_En_D_lncRNA_methylation.tsv
[GSM1085236_mC_calls_Et_0] Loading regions from /home/muneeb/Downloads/BDA-Codebase/lncRNAs_only.bed ...
[GSM1085236_mC_calls_Et_0]   11,071 lncRNA regions
[GSM1085236_mC_calls_Et_0] Loading allc from /home/muneeb/Downloads/BDA-Codebase/GSE43857_RAW/GSM1085236_mC_calls_Et_0.tsv ...
[GSM1085236_mC_calls_Et_0]   26,043,925 cytosine records
[GSM1085236_mC_calls_Et_0] Aggregating methylation per region ...
[GSM1085236_mC_calls_Et_0]   Retained 10,704/11,071 regions (≥3 covered cytosine sites in at least one context)
[GSM1085236_mC_calls_Et_0] Written → /home/muneeb/Downloads/BDA-Codebase/methylation_full_run/GSM1085236_mC_calls_Et_0_lncRNA_methylation.tsv
[GSM1085231_mC_calls_Ema_1] Loading regions from /home/muneeb/Downloads/BDA-Codebase/lncRNAs_only.bed ...
[GSM1085231_mC_calls_Ema_1]   11,071 lncRNA regions
[GSM1085231_mC_calls_Ema_1] Loading allc from /home/muneeb/Downloads/BDA-Codebase/GSE43857_RAW/GSM1085231_mC_calls_Ema_1.tsv ...
[GSM1085231_mC_calls_Ema_1]   30,140,879 cytosine records
[GSM1085231_mC_calls_Ema_1] Aggregating methylation per region ...
[GSM1085231_mC_calls_Ema_1]   Retained 10,723/11,071 regions (≥3 covered cytosine sites in at least one context)
[GSM1085231_mC_calls_Ema_1] Written → /home/muneeb/Downloads/BDA-Codebase/methylation_full_run/GSM1085231_mC_calls_Ema_1_lncRNA_methylation.tsv
[GSM1085225_mC_calls_Da_1_12] Loading regions from /home/muneeb/Downloads/BDA-Codebase/lncRNAs_only.bed ...
[GSM1085225_mC_calls_Da_1_12]   11,071 lncRNA regions
[GSM1085225_mC_calls_Da_1_12] Loading allc from /home/muneeb/Downloads/BDA-Codebase/GSE43857_RAW/GSM1085225_mC_calls_Da_1_12.tsv ...
[GSM1085225_mC_calls_Da_1_12]   31,131,177 cytosine records
[GSM1085225_mC_calls_Da_1_12] Aggregating methylation per region ...
[GSM1085225_mC_calls_Da_1_12]   Retained 10,712/11,071 regions (≥3 covered cytosine sites in at least one context)
[GSM1085225_mC_calls_Da_1_12] Written → /home/muneeb/Downloads/BDA-Codebase/methylation_full_run/GSM1085225_mC_calls_Da_1_12_lncRNA_methylation.tsv
[GSM1085228_mC_calls_Dja_1] Loading regions from /home/muneeb/Downloads/BDA-Codebase/lncRNAs_only.bed ...
[GSM1085228_mC_calls_Dja_1]   11,071 lncRNA regions
[GSM1085228_mC_calls_Dja_1] Loading allc from /home/muneeb/Downloads/BDA-Codebase/GSE43857_RAW/GSM1085228_mC_calls_Dja_1.tsv ...
[GSM1085228_mC_calls_Dja_1]   30,131,676 cytosine records
[GSM1085228_mC_calls_Dja_1] Aggregating methylation per region ...
[GSM1085228_mC_calls_Dja_1]   Retained 10,650/11,071 regions (≥3 covered cytosine sites in at least one context)
[GSM1085228_mC_calls_Dja_1] Written → /home/muneeb/Downloads/BDA-Codebase/methylation_full_run/GSM1085228_mC_calls_Dja_1_lncRNA_methylation.tsv
[GSM1085230_mC_calls_El_0] Loading regions from /home/muneeb/Downloads/BDA-Codebase/lncRNAs_only.bed ...
[GSM1085230_mC_calls_El_0]   11,071 lncRNA regions
[GSM1085230_mC_calls_El_0] Loading allc from /home/muneeb/Downloads/BDA-Codebase/GSE43857_RAW/GSM1085230_mC_calls_El_0.tsv ...
[GSM1085230_mC_calls_El_0]   31,458,049 cytosine records
[GSM1085230_mC_calls_El_0] Aggregating methylation per region ...
[GSM1085230_mC_calls_El_0]   Retained 10,719/11,071 regions (≥3 covered cytosine sites in at least one context)
[GSM1085230_mC_calls_El_0] Written → /home/muneeb/Downloads/BDA-Codebase/methylation_full_run/GSM1085230_mC_calls_El_0_lncRNA_methylation.tsv
[GSM1085224_mC_calls_Cvi_0] Loading regions from /home/muneeb/Downloads/BDA-Codebase/lncRNAs_only.bed ...
[GSM1085224_mC_calls_Cvi_0]   11,071 lncRNA regions
[GSM1085224_mC_calls_Cvi_0] Loading allc from /home/muneeb/Downloads/BDA-Codebase/GSE43857_RAW/GSM1085224_mC_calls_Cvi_0.tsv ...
[GSM1085224_mC_calls_Cvi_0]   33,023,675 cytosine records
[GSM1085224_mC_calls_Cvi_0] Aggregating methylation per region ...
[GSM1085224_mC_calls_Cvi_0]   Retained 10,689/11,071 regions (≥3 covered cytosine sites in at least one context)
[GSM1085224_mC_calls_Cvi_0] Written → /home/muneeb/Downloads/BDA-Codebase/methylation_full_run/GSM1085224_mC_calls_Cvi_0_lncRNA_methylation.tsv
[GSM1085235_mC_calls_Est] Loading regions from /home/muneeb/Downloads/BDA-Codebase/lncRNAs_only.bed ...
[GSM1085235_mC_calls_Est]   11,071 lncRNA regions
[GSM1085235_mC_calls_Est] Loading allc from /home/muneeb/Downloads/BDA-Codebase/GSE43857_RAW/GSM1085235_mC_calls_Est.tsv ...
[GSM1085235_mC_calls_Est]   29,386,766 cytosine records
[GSM1085235_mC_calls_Est] Aggregating methylation per region ...
[GSM1085235_mC_calls_Est]   Retained 10,694/11,071 regions (≥3 covered cytosine sites in at least one context)
[GSM1085235_mC_calls_Est] Written → /home/muneeb/Downloads/BDA-Codebase/methylation_full_run/GSM1085235_mC_calls_Est_lncRNA_methylation.tsv
[GSM1085234_mC_calls_Es_0] Loading regions from /home/muneeb/Downloads/BDA-Codebase/lncRNAs_only.bed ...
[GSM1085234_mC_calls_Es_0]   11,071 lncRNA regions
[GSM1085234_mC_calls_Es_0] Loading allc from /home/muneeb/Downloads/BDA-Codebase/GSE43857_RAW/GSM1085234_mC_calls_Es_0.tsv ...
[GSM1085234_mC_calls_Es_0]   32,460,143 cytosine records
[GSM1085234_mC_calls_Es_0] Aggregating methylation per region ...
[GSM1085234_mC_calls_Es_0]   Retained 10,674/11,071 regions (≥3 covered cytosine sites in at least one context)
[GSM1085234_mC_calls_Es_0] Written → /home/muneeb/Downloads/BDA-Codebase/methylation_full_run/GSM1085234_mC_calls_Es_0_lncRNA_methylation.tsv
[GSM1085232_mC_calls_Ema_1_bud] Loading regions from /home/muneeb/Downloads/BDA-Codebase/lncRNAs_only.bed ...
[GSM1085232_mC_calls_Ema_1_bud]   11,071 lncRNA regions
[GSM1085232_mC_calls_Ema_1_bud] Loading allc from /home/muneeb/Downloads/BDA-Codebase/GSE43857_RAW/GSM1085232_mC_calls_Ema_1_bud.tsv ...
[GSM1085232_mC_calls_Ema_1_bud]   34,605,051 cytosine records
[GSM1085232_mC_calls_Ema_1_bud] Aggregating methylation per region ...
[GSM1085232_mC_calls_Ema_1_bud]   Retained 10,868/11,071 regions (≥3 covered cytosine sites in at least one context)
[GSM1085232_mC_calls_Ema_1_bud] Written → /home/muneeb/Downloads/BDA-Codebase/methylation_full_run/GSM1085232_mC_calls_Ema_1_bud_lncRNA_methylation.tsv
[GSM1085237_mC_calls_Fi_0] Loading regions from /home/muneeb/Downloads/BDA-Codebase/lncRNAs_only.bed ...
[GSM1085237_mC_calls_Fi_0]   11,071 lncRNA regions
[GSM1085237_mC_calls_Fi_0] Loading allc from /home/muneeb/Downloads/BDA-Codebase/GSE43857_RAW/GSM1085237_mC_calls_Fi_0.tsv ...
[GSM1085237_mC_calls_Fi_0]   28,846,147 cytosine records
[GSM1085237_mC_calls_Fi_0] Aggregating methylation per region ...
[GSM1085237_mC_calls_Fi_0]   Retained 10,685/11,071 regions (≥3 covered cytosine sites in at least one context)
[GSM1085237_mC_calls_Fi_0] Written → /home/muneeb/Downloads/BDA-Codebase/methylation_full_run/GSM1085237_mC_calls_Fi_0_lncRNA_methylation.tsv
[GSM1085238_mC_calls_Fr_2] Loading regions from /home/muneeb/Downloads/BDA-Codebase/lncRNAs_only.bed ...
[GSM1085238_mC_calls_Fr_2]   11,071 lncRNA regions
[GSM1085238_mC_calls_Fr_2] Loading allc from /home/muneeb/Downloads/BDA-Codebase/GSE43857_RAW/GSM1085238_mC_calls_Fr_2.tsv ...
[GSM1085238_mC_calls_Fr_2]   30,978,667 cytosine records
[GSM1085238_mC_calls_Fr_2] Aggregating methylation per region ...
[GSM1085238_mC_calls_Fr_2]   Retained 10,717/11,071 regions (≥3 covered cytosine sites in at least one context)
[GSM1085238_mC_calls_Fr_2] Written → /home/muneeb/Downloads/BDA-Codebase/methylation_full_run/GSM1085238_mC_calls_Fr_2_lncRNA_methylation.tsv
[GSM1085240_mC_calls_Ga_0] Loading regions from /home/muneeb/Downloads/BDA-Codebase/lncRNAs_only.bed ...
[GSM1085240_mC_calls_Ga_0]   11,071 lncRNA regions
[GSM1085240_mC_calls_Ga_0] Loading allc from /home/muneeb/Downloads/BDA-Codebase/GSE43857_RAW/GSM1085240_mC_calls_Ga_0.tsv ...
[GSM1085240_mC_calls_Ga_0]   28,075,912 cytosine records
[GSM1085240_mC_calls_Ga_0] Aggregating methylation per region ...
[GSM1085240_mC_calls_Ga_0]   Retained 10,658/11,071 regions (≥3 covered cytosine sites in at least one context)
[GSM1085240_mC_calls_Ga_0] Written → /home/muneeb/Downloads/BDA-Codebase/methylation_full_run/GSM1085240_mC_calls_Ga_0_lncRNA_methylation.tsv
[GSM1085239_mC_calls_Fr_2_bud] Loading regions from /home/muneeb/Downloads/BDA-Codebase/lncRNAs_only.bed ...
[GSM1085239_mC_calls_Fr_2_bud]   11,071 lncRNA regions
[GSM1085239_mC_calls_Fr_2_bud] Loading allc from /home/muneeb/Downloads/BDA-Codebase/GSE43857_RAW/GSM1085239_mC_calls_Fr_2_bud.tsv ...
[GSM1085239_mC_calls_Fr_2_bud]   32,175,263 cytosine records
[GSM1085239_mC_calls_Fr_2_bud] Aggregating methylation per region ...
[GSM1085239_mC_calls_Fr_2_bud]   Retained 10,716/11,071 regions (≥3 covered cytosine sites in at least one context)
[GSM1085239_mC_calls_Fr_2_bud] Written → /home/muneeb/Downloads/BDA-Codebase/methylation_full_run/GSM1085239_mC_calls_Fr_2_bud_lncRNA_methylation.tsv
[GSM1085245_mC_calls_Gr_1] Loading regions from /home/muneeb/Downloads/BDA-Codebase/lncRNAs_only.bed ...
[GSM1085245_mC_calls_Gr_1]   11,071 lncRNA regions
[GSM1085245_mC_calls_Gr_1] Loading allc from /home/muneeb/Downloads/BDA-Codebase/GSE43857_RAW/GSM1085245_mC_calls_Gr_1.tsv ...
[GSM1085245_mC_calls_Gr_1]   28,303,937 cytosine records
[GSM1085245_mC_calls_Gr_1] Aggregating methylation per region ...
[GSM1085245_mC_calls_Gr_1]   Retained 10,712/11,071 regions (≥3 covered cytosine sites in at least one context)
[GSM1085245_mC_calls_Gr_1] Written → /home/muneeb/Downloads/BDA-Codebase/methylation_full_run/GSM1085245_mC_calls_Gr_1_lncRNA_methylation.tsv
[GSM1085244_mC_calls_Got_7] Loading regions from /home/muneeb/Downloads/BDA-Codebase/lncRNAs_only.bed ...
[GSM1085244_mC_calls_Got_7]   11,071 lncRNA regions
[GSM1085244_mC_calls_Got_7] Loading allc from /home/muneeb/Downloads/BDA-Codebase/GSE43857_RAW/GSM1085244_mC_calls_Got_7.tsv ...
[GSM1085244_mC_calls_Got_7]   28,655,518 cytosine records
[GSM1085244_mC_calls_Got_7] Aggregating methylation per region ...
[GSM1085244_mC_calls_Got_7]   Retained 10,681/11,071 regions (≥3 covered cytosine sites in at least one context)
[GSM1085244_mC_calls_Got_7] Written → /home/muneeb/Downloads/BDA-Codebase/methylation_full_run/GSM1085244_mC_calls_Got_7_lncRNA_methylation.tsv
[GSM1085242_mC_calls_Gie_0] Loading regions from /home/muneeb/Downloads/BDA-Codebase/lncRNAs_only.bed ...
[GSM1085242_mC_calls_Gie_0]   11,071 lncRNA regions
[GSM1085242_mC_calls_Gie_0] Loading allc from /home/muneeb/Downloads/BDA-Codebase/GSE43857_RAW/GSM1085242_mC_calls_Gie_0.tsv ...
[GSM1085242_mC_calls_Gie_0]   29,119,642 cytosine records
[GSM1085242_mC_calls_Gie_0] Aggregating methylation per region ...
[GSM1085242_mC_calls_Gie_0]   Retained 10,661/11,071 regions (≥3 covered cytosine sites in at least one context)
[GSM1085242_mC_calls_Gie_0] Written → /home/muneeb/Downloads/BDA-Codebase/methylation_full_run/GSM1085242_mC_calls_Gie_0_lncRNA_methylation.tsv
[GSM1085246_mC_calls_Gre_0] Loading regions from /home/muneeb/Downloads/BDA-Codebase/lncRNAs_only.bed ...
[GSM1085246_mC_calls_Gre_0]   11,071 lncRNA regions
[GSM1085246_mC_calls_Gre_0] Loading allc from /home/muneeb/Downloads/BDA-Codebase/GSE43857_RAW/GSM1085246_mC_calls_Gre_0.tsv ...
[GSM1085246_mC_calls_Gre_0]   29,860,380 cytosine records
[GSM1085246_mC_calls_Gre_0] Aggregating methylation per region ...
[GSM1085246_mC_calls_Gre_0]   Retained 10,712/11,071 regions (≥3 covered cytosine sites in at least one context)
[GSM1085246_mC_calls_Gre_0] Written → /home/muneeb/Downloads/BDA-Codebase/methylation_full_run/GSM1085246_mC_calls_Gre_0_lncRNA_methylation.tsv
[GSM1085247_mC_calls_Gu_0] Loading regions from /home/muneeb/Downloads/BDA-Codebase/lncRNAs_only.bed ...
[GSM1085247_mC_calls_Gu_0]   11,071 lncRNA regions
[GSM1085247_mC_calls_Gu_0] Loading allc from /home/muneeb/Downloads/BDA-Codebase/GSE43857_RAW/GSM1085247_mC_calls_Gu_0.tsv ...
[GSM1085247_mC_calls_Gu_0]   28,534,656 cytosine records
[GSM1085247_mC_calls_Gu_0] Aggregating methylation per region ...
[GSM1085247_mC_calls_Gu_0]   Retained 10,743/11,071 regions (≥3 covered cytosine sites in at least one context)
[GSM1085247_mC_calls_Gu_0] Written → /home/muneeb/Downloads/BDA-Codebase/methylation_full_run/GSM1085247_mC_calls_Gu_0_lncRNA_methylation.tsv
[GSM1085248_mC_calls_Gy_0] Loading regions from /home/muneeb/Downloads/BDA-Codebase/lncRNAs_only.bed ...
[GSM1085248_mC_calls_Gy_0]   11,071 lncRNA regions
[GSM1085248_mC_calls_Gy_0] Loading allc from /home/muneeb/Downloads/BDA-Codebase/GSE43857_RAW/GSM1085248_mC_calls_Gy_0.tsv ...
[GSM1085248_mC_calls_Gy_0]   29,969,736 cytosine records
[GSM1085248_mC_calls_Gy_0] Aggregating methylation per region ...
[GSM1085248_mC_calls_Gy_0]   Retained 10,697/11,071 regions (≥3 covered cytosine sites in at least one context)
[GSM1085248_mC_calls_Gy_0] Written → /home/muneeb/Downloads/BDA-Codebase/methylation_full_run/GSM1085248_mC_calls_Gy_0_lncRNA_methylation.tsv
[GSM1085249_mC_calls_HR_5_bud] Loading regions from /home/muneeb/Downloads/BDA-Codebase/lncRNAs_only.bed ...
[GSM1085249_mC_calls_HR_5_bud]   11,071 lncRNA regions
[GSM1085249_mC_calls_HR_5_bud] Loading allc from /home/muneeb/Downloads/BDA-Codebase/GSE43857_RAW/GSM1085249_mC_calls_HR_5_bud.tsv ...
[GSM1085249_mC_calls_HR_5_bud]   31,380,340 cytosine records
[GSM1085249_mC_calls_HR_5_bud] Aggregating methylation per region ...
[GSM1085249_mC_calls_HR_5_bud]   Retained 10,711/11,071 regions (≥3 covered cytosine sites in at least one context)
[GSM1085249_mC_calls_HR_5_bud] Written → /home/muneeb/Downloads/BDA-Codebase/methylation_full_run/GSM1085249_mC_calls_HR_5_bud_lncRNA_methylation.tsv
[GSM1085253_mC_calls_In_0] Loading regions from /home/muneeb/Downloads/BDA-Codebase/lncRNAs_only.bed ...
[GSM1085253_mC_calls_In_0]   11,071 lncRNA regions
[GSM1085253_mC_calls_In_0] Loading allc from /home/muneeb/Downloads/BDA-Codebase/GSE43857_RAW/GSM1085253_mC_calls_In_0.tsv ...
[GSM1085253_mC_calls_In_0]   29,008,266 cytosine records
[GSM1085253_mC_calls_In_0] Aggregating methylation per region ...
[GSM1085253_mC_calls_In_0]   Retained 10,676/11,071 regions (≥3 covered cytosine sites in at least one context)
[GSM1085253_mC_calls_In_0] Written → /home/muneeb/Downloads/BDA-Codebase/methylation_full_run/GSM1085253_mC_calls_In_0_lncRNA_methylation.tsv
[GSM1085250_mC_calls_Ha_0] Loading regions from /home/muneeb/Downloads/BDA-Codebase/lncRNAs_only.bed ...
[GSM1085250_mC_calls_Ha_0]   11,071 lncRNA regions
[GSM1085250_mC_calls_Ha_0] Loading allc from /home/muneeb/Downloads/BDA-Codebase/GSE43857_RAW/GSM1085250_mC_calls_Ha_0.tsv ...
[GSM1085250_mC_calls_Ha_0]   31,846,822 cytosine records
[GSM1085250_mC_calls_Ha_0] Aggregating methylation per region ...
[GSM1085250_mC_calls_Ha_0]   Retained 10,729/11,071 regions (≥3 covered cytosine sites in at least one context)
[GSM1085250_mC_calls_Ha_0] Written → /home/muneeb/Downloads/BDA-Codebase/methylation_full_run/GSM1085250_mC_calls_Ha_0_lncRNA_methylation.tsv
[GSM1085252_mC_calls_Hs_0] Loading regions from /home/muneeb/Downloads/BDA-Codebase/lncRNAs_only.bed ...
[GSM1085252_mC_calls_Hs_0]   11,071 lncRNA regions
[GSM1085252_mC_calls_Hs_0] Loading allc from /home/muneeb/Downloads/BDA-Codebase/GSE43857_RAW/GSM1085252_mC_calls_Hs_0.tsv ...
[GSM1085252_mC_calls_Hs_0]   30,407,343 cytosine records
[GSM1085252_mC_calls_Hs_0] Aggregating methylation per region ...
[GSM1085252_mC_calls_Hs_0]   Retained 10,695/11,071 regions (≥3 covered cytosine sites in at least one context)
[GSM1085252_mC_calls_Hs_0] Written → /home/muneeb/Downloads/BDA-Codebase/methylation_full_run/GSM1085252_mC_calls_Hs_0_lncRNA_methylation.tsv
[GSM1085258_mC_calls_Kas_1] Loading regions from /home/muneeb/Downloads/BDA-Codebase/lncRNAs_only.bed ...
[GSM1085258_mC_calls_Kas_1]   11,071 lncRNA regions
[GSM1085258_mC_calls_Kas_1] Loading allc from /home/muneeb/Downloads/BDA-Codebase/GSE43857_RAW/GSM1085258_mC_calls_Kas_1.tsv ...
[GSM1085258_mC_calls_Kas_1]   28,891,271 cytosine records
[GSM1085258_mC_calls_Kas_1] Aggregating methylation per region ...
[GSM1085258_mC_calls_Kas_1]   Retained 10,636/11,071 regions (≥3 covered cytosine sites in at least one context)
[GSM1085258_mC_calls_Kas_1] Written → /home/muneeb/Downloads/BDA-Codebase/methylation_full_run/GSM1085258_mC_calls_Kas_1_lncRNA_methylation.tsv
[GSM1085254_mC_calls_Is_0] Loading regions from /home/muneeb/Downloads/BDA-Codebase/lncRNAs_only.bed ...
[GSM1085254_mC_calls_Is_0]   11,071 lncRNA regions
[GSM1085254_mC_calls_Is_0] Loading allc from /home/muneeb/Downloads/BDA-Codebase/GSE43857_RAW/GSM1085254_mC_calls_Is_0.tsv ...
[GSM1085254_mC_calls_Is_0]   30,779,155 cytosine records
[GSM1085254_mC_calls_Is_0] Aggregating methylation per region ...
[GSM1085254_mC_calls_Is_0]   Retained 10,707/11,071 regions (≥3 covered cytosine sites in at least one context)
[GSM1085254_mC_calls_Is_0] Written → /home/muneeb/Downloads/BDA-Codebase/methylation_full_run/GSM1085254_mC_calls_Is_0_lncRNA_methylation.tsv
[GSM1085251_mC_calls_Hey_1] Loading regions from /home/muneeb/Downloads/BDA-Codebase/lncRNAs_only.bed ...
[GSM1085251_mC_calls_Hey_1]   11,071 lncRNA regions
[GSM1085251_mC_calls_Hey_1] Loading allc from /home/muneeb/Downloads/BDA-Codebase/GSE43857_RAW/GSM1085251_mC_calls_Hey_1.tsv ...
[GSM1085251_mC_calls_Hey_1]   32,961,470 cytosine records
[GSM1085251_mC_calls_Hey_1] Aggregating methylation per region ...
[GSM1085251_mC_calls_Hey_1]   Retained 10,686/11,071 regions (≥3 covered cytosine sites in at least one context)
[GSM1085251_mC_calls_Hey_1] Written → /home/muneeb/Downloads/BDA-Codebase/methylation_full_run/GSM1085251_mC_calls_Hey_1_lncRNA_methylation.tsv
[GSM1085256_mC_calls_Je_0] Loading regions from /home/muneeb/Downloads/BDA-Codebase/lncRNAs_only.bed ...
[GSM1085256_mC_calls_Je_0]   11,071 lncRNA regions
[GSM1085256_mC_calls_Je_0] Loading allc from /home/muneeb/Downloads/BDA-Codebase/GSE43857_RAW/GSM1085256_mC_calls_Je_0.tsv ...
[GSM1085256_mC_calls_Je_0]   29,785,721 cytosine records
[GSM1085256_mC_calls_Je_0] Aggregating methylation per region ...
[GSM1085256_mC_calls_Je_0]   Retained 10,702/11,071 regions (≥3 covered cytosine sites in at least one context)
[GSM1085256_mC_calls_Je_0] Written → /home/muneeb/Downloads/BDA-Codebase/methylation_full_run/GSM1085256_mC_calls_Je_0_lncRNA_methylation.tsv
[GSM1085241_mC_calls_Gel_1] Loading regions from /home/muneeb/Downloads/BDA-Codebase/lncRNAs_only.bed ...
[GSM1085241_mC_calls_Gel_1]   11,071 lncRNA regions
[GSM1085241_mC_calls_Gel_1] Loading allc from /home/muneeb/Downloads/BDA-Codebase/GSE43857_RAW/GSM1085241_mC_calls_Gel_1.tsv ...
[GSM1085241_mC_calls_Gel_1]   35,500,230 cytosine records
[GSM1085241_mC_calls_Gel_1] Aggregating methylation per region ...
[GSM1085241_mC_calls_Gel_1]   Retained 10,701/11,071 regions (≥3 covered cytosine sites in at least one context)
[GSM1085241_mC_calls_Gel_1] Written → /home/muneeb/Downloads/BDA-Codebase/methylation_full_run/GSM1085241_mC_calls_Gel_1_lncRNA_methylation.tsv
[GSM1085257_mC_calls_Jm_0] Loading regions from /home/muneeb/Downloads/BDA-Codebase/lncRNAs_only.bed ...
[GSM1085257_mC_calls_Jm_0]   11,071 lncRNA regions
[GSM1085257_mC_calls_Jm_0] Loading allc from /home/muneeb/Downloads/BDA-Codebase/GSE43857_RAW/GSM1085257_mC_calls_Jm_0.tsv ...
[GSM1085257_mC_calls_Jm_0]   32,587,920 cytosine records
[GSM1085257_mC_calls_Jm_0] Aggregating methylation per region ...
[GSM1085257_mC_calls_Jm_0]   Retained 10,704/11,071 regions (≥3 covered cytosine sites in at least one context)
[GSM1085257_mC_calls_Jm_0] Written → /home/muneeb/Downloads/BDA-Codebase/methylation_full_run/GSM1085257_mC_calls_Jm_0_lncRNA_methylation.tsv
[GSM1085259_mC_calls_Kelsterbach_4] Loading regions from /home/muneeb/Downloads/BDA-Codebase/lncRNAs_only.bed ...
[GSM1085259_mC_calls_Kelsterbach_4]   11,071 lncRNA regions
[GSM1085259_mC_calls_Kelsterbach_4] Loading allc from /home/muneeb/Downloads/BDA-Codebase/GSE43857_RAW/GSM1085259_mC_calls_Kelsterbach_4.tsv ...
[GSM1085259_mC_calls_Kelsterbach_4]   30,311,358 cytosine records
[GSM1085259_mC_calls_Kelsterbach_4] Aggregating methylation per region ...
[GSM1085259_mC_calls_Kelsterbach_4]   Retained 10,713/11,071 regions (≥3 covered cytosine sites in at least one context)
[GSM1085259_mC_calls_Kelsterbach_4] Written → /home/muneeb/Downloads/BDA-Codebase/methylation_full_run/GSM1085259_mC_calls_Kelsterbach_4_lncRNA_methylation.tsv
[GSM1085255_mC_calls_Is_0_bud] Loading regions from /home/muneeb/Downloads/BDA-Codebase/lncRNAs_only.bed ...
[GSM1085255_mC_calls_Is_0_bud]   11,071 lncRNA regions
[GSM1085255_mC_calls_Is_0_bud] Loading allc from /home/muneeb/Downloads/BDA-Codebase/GSE43857_RAW/GSM1085255_mC_calls_Is_0_bud.tsv ...
[GSM1085255_mC_calls_Is_0_bud]   33,503,329 cytosine records
[GSM1085255_mC_calls_Is_0_bud] Aggregating methylation per region ...
[GSM1085255_mC_calls_Is_0_bud]   Retained 10,713/11,071 regions (≥3 covered cytosine sites in at least one context)
[GSM1085255_mC_calls_Is_0_bud] Written → /home/muneeb/Downloads/BDA-Codebase/methylation_full_run/GSM1085255_mC_calls_Is_0_bud_lncRNA_methylation.tsv
[GSM1085243_mC_calls_Gifu_2] Loading regions from /home/muneeb/Downloads/BDA-Codebase/lncRNAs_only.bed ...
[GSM1085243_mC_calls_Gifu_2]   11,071 lncRNA regions
[GSM1085243_mC_calls_Gifu_2] Loading allc from /home/muneeb/Downloads/BDA-Codebase/GSE43857_RAW/GSM1085243_mC_calls_Gifu_2.tsv ...
[GSM1085243_mC_calls_Gifu_2]   38,987,028 cytosine records
[GSM1085243_mC_calls_Gifu_2] Aggregating methylation per region ...
[GSM1085243_mC_calls_Gifu_2]   Retained 11,010/11,071 regions (≥3 covered cytosine sites in at least one context)
[GSM1085243_mC_calls_Gifu_2] Written → /home/muneeb/Downloads/BDA-Codebase/methylation_full_run/GSM1085243_mC_calls_Gifu_2_lncRNA_methylation.tsv
[GSM1085260_mC_calls_Kil_0] Loading regions from /home/muneeb/Downloads/BDA-Codebase/lncRNAs_only.bed ...
[GSM1085260_mC_calls_Kil_0]   11,071 lncRNA regions
[GSM1085260_mC_calls_Kil_0] Loading allc from /home/muneeb/Downloads/BDA-Codebase/GSE43857_RAW/GSM1085260_mC_calls_Kil_0.tsv ...
[GSM1085260_mC_calls_Kil_0]   32,716,384 cytosine records
[GSM1085260_mC_calls_Kil_0] Aggregating methylation per region ...
[GSM1085260_mC_calls_Kil_0]   Retained 10,819/11,071 regions (≥3 covered cytosine sites in at least one context)
[GSM1085260_mC_calls_Kil_0] Written → /home/muneeb/Downloads/BDA-Codebase/methylation_full_run/GSM1085260_mC_calls_Kil_0_lncRNA_methylation.tsv
[GSM1085261_mC_calls_Kin_0] Loading regions from /home/muneeb/Downloads/BDA-Codebase/lncRNAs_only.bed ...
[GSM1085261_mC_calls_Kin_0]   11,071 lncRNA regions
[GSM1085261_mC_calls_Kin_0] Loading allc from /home/muneeb/Downloads/BDA-Codebase/GSE43857_RAW/GSM1085261_mC_calls_Kin_0.tsv ...
[GSM1085261_mC_calls_Kin_0]   32,271,959 cytosine records
[GSM1085261_mC_calls_Kin_0] Aggregating methylation per region ...
[GSM1085261_mC_calls_Kin_0]   Retained 10,722/11,071 regions (≥3 covered cytosine sites in at least one context)
[GSM1085261_mC_calls_Kin_0] Written → /home/muneeb/Downloads/BDA-Codebase/methylation_full_run/GSM1085261_mC_calls_Kin_0_lncRNA_methylation.tsv
[GSM1085265_mC_calls_Kondara] Loading regions from /home/muneeb/Downloads/BDA-Codebase/lncRNAs_only.bed ...
[GSM1085265_mC_calls_Kondara]   11,071 lncRNA regions
[GSM1085265_mC_calls_Kondara] Loading allc from /home/muneeb/Downloads/BDA-Codebase/GSE43857_RAW/GSM1085265_mC_calls_Kondara.tsv ...
[GSM1085265_mC_calls_Kondara]   30,921,872 cytosine records
[GSM1085265_mC_calls_Kondara] Aggregating methylation per region ...
[GSM1085265_mC_calls_Kondara]   Retained 10,673/11,071 regions (≥3 covered cytosine sites in at least one context)
[GSM1085265_mC_calls_Kondara] Written → /home/muneeb/Downloads/BDA-Codebase/methylation_full_run/GSM1085265_mC_calls_Kondara_lncRNA_methylation.tsv
[GSM1085263_mC_calls_Kl_5] Loading regions from /home/muneeb/Downloads/BDA-Codebase/lncRNAs_only.bed ...
[GSM1085263_mC_calls_Kl_5]   11,071 lncRNA regions
[GSM1085263_mC_calls_Kl_5] Loading allc from /home/muneeb/Downloads/BDA-Codebase/GSE43857_RAW/GSM1085263_mC_calls_Kl_5.tsv ...
[GSM1085263_mC_calls_Kl_5]   33,328,690 cytosine records
[GSM1085263_mC_calls_Kl_5] Aggregating methylation per region ...
[GSM1085263_mC_calls_Kl_5]   Retained 10,697/11,071 regions (≥3 covered cytosine sites in at least one context)
[GSM1085263_mC_calls_Kl_5] Written → /home/muneeb/Downloads/BDA-Codebase/methylation_full_run/GSM1085263_mC_calls_Kl_5_lncRNA_methylation.tsv
[GSM1085264_mC_calls_Knox_18] Loading regions from /home/muneeb/Downloads/BDA-Codebase/lncRNAs_only.bed ...
[GSM1085264_mC_calls_Knox_18]   11,071 lncRNA regions
[GSM1085264_mC_calls_Knox_18] Loading allc from /home/muneeb/Downloads/BDA-Codebase/GSE43857_RAW/GSM1085264_mC_calls_Knox_18.tsv ...
[GSM1085264_mC_calls_Knox_18]   31,363,416 cytosine records
[GSM1085264_mC_calls_Knox_18] Aggregating methylation per region ...
[GSM1085264_mC_calls_Knox_18]   Retained 10,688/11,071 regions (≥3 covered cytosine sites in at least one context)
[GSM1085264_mC_calls_Knox_18] Written → /home/muneeb/Downloads/BDA-Codebase/methylation_full_run/GSM1085264_mC_calls_Knox_18_lncRNA_methylation.tsv
[GSM1085266_mC_calls_Kro_0] Loading regions from /home/muneeb/Downloads/BDA-Codebase/lncRNAs_only.bed ...
[GSM1085266_mC_calls_Kro_0]   11,071 lncRNA regions
[GSM1085266_mC_calls_Kro_0] Loading allc from /home/muneeb/Downloads/BDA-Codebase/GSE43857_RAW/GSM1085266_mC_calls_Kro_0.tsv ...
[GSM1085266_mC_calls_Kro_0]   29,785,734 cytosine records
[GSM1085266_mC_calls_Kro_0] Aggregating methylation per region ...
[GSM1085266_mC_calls_Kro_0]   Retained 10,726/11,071 regions (≥3 covered cytosine sites in at least one context)
[GSM1085266_mC_calls_Kro_0] Written → /home/muneeb/Downloads/BDA-Codebase/methylation_full_run/GSM1085266_mC_calls_Kro_0_lncRNA_methylation.tsv
[GSM1085262_mC_calls_Kin_0_bud] Loading regions from /home/muneeb/Downloads/BDA-Codebase/lncRNAs_only.bed ...
[GSM1085262_mC_calls_Kin_0_bud]   11,071 lncRNA regions
[GSM1085262_mC_calls_Kin_0_bud] Loading allc from /home/muneeb/Downloads/BDA-Codebase/GSE43857_RAW/GSM1085262_mC_calls_Kin_0_bud.tsv ...
[GSM1085262_mC_calls_Kin_0_bud]   33,975,433 cytosine records
[GSM1085262_mC_calls_Kin_0_bud] Aggregating methylation per region ...
[GSM1085262_mC_calls_Kin_0_bud]   Retained 10,724/11,071 regions (≥3 covered cytosine sites in at least one context)
[GSM1085262_mC_calls_Kin_0_bud] Written → /home/muneeb/Downloads/BDA-Codebase/methylation_full_run/GSM1085262_mC_calls_Kin_0_bud_lncRNA_methylation.tsv
[GSM1085267_mC_calls_Krot_0] Loading regions from /home/muneeb/Downloads/BDA-Codebase/lncRNAs_only.bed ...
[GSM1085267_mC_calls_Krot_0]   11,071 lncRNA regions
[GSM1085267_mC_calls_Krot_0] Loading allc from /home/muneeb/Downloads/BDA-Codebase/GSE43857_RAW/GSM1085267_mC_calls_Krot_0.tsv ...
[GSM1085267_mC_calls_Krot_0]   31,884,304 cytosine records
[GSM1085267_mC_calls_Krot_0] Aggregating methylation per region ...
[GSM1085267_mC_calls_Krot_0]   Retained 10,722/11,071 regions (≥3 covered cytosine sites in at least one context)
[GSM1085267_mC_calls_Krot_0] Written → /home/muneeb/Downloads/BDA-Codebase/methylation_full_run/GSM1085267_mC_calls_Krot_0_lncRNA_methylation.tsv
[GSM1085269_mC_calls_Kz_9] Loading regions from /home/muneeb/Downloads/BDA-Codebase/lncRNAs_only.bed ...
[GSM1085269_mC_calls_Kz_9]   11,071 lncRNA regions
[GSM1085269_mC_calls_Kz_9] Loading allc from /home/muneeb/Downloads/BDA-Codebase/GSE43857_RAW/GSM1085269_mC_calls_Kz_9.tsv ...
[GSM1085269_mC_calls_Kz_9]   28,672,194 cytosine records
[GSM1085269_mC_calls_Kz_9] Aggregating methylation per region ...
[GSM1085269_mC_calls_Kz_9]   Retained 10,632/11,071 regions (≥3 covered cytosine sites in at least one context)
[GSM1085269_mC_calls_Kz_9] Written → /home/muneeb/Downloads/BDA-Codebase/methylation_full_run/GSM1085269_mC_calls_Kz_9_lncRNA_methylation.tsv
[GSM1085272_mC_calls_Ler_1] Loading regions from /home/muneeb/Downloads/BDA-Codebase/lncRNAs_only.bed ...
[GSM1085272_mC_calls_Ler_1]   11,071 lncRNA regions
[GSM1085272_mC_calls_Ler_1] Loading allc from /home/muneeb/Downloads/BDA-Codebase/GSE43857_RAW/GSM1085272_mC_calls_Ler_1.tsv ...
[GSM1085272_mC_calls_Ler_1]   25,777,461 cytosine records
[GSM1085272_mC_calls_Ler_1] Aggregating methylation per region ...
[GSM1085272_mC_calls_Ler_1]   Retained 10,661/11,071 regions (≥3 covered cytosine sites in at least one context)
[GSM1085272_mC_calls_Ler_1] Written → /home/muneeb/Downloads/BDA-Codebase/methylation_full_run/GSM1085272_mC_calls_Ler_1_lncRNA_methylation.tsv
[GSM1085268_mC_calls_Kyoto] Loading regions from /home/muneeb/Downloads/BDA-Codebase/lncRNAs_only.bed ...
[GSM1085268_mC_calls_Kyoto]   11,071 lncRNA regions
[GSM1085268_mC_calls_Kyoto] Loading allc from /home/muneeb/Downloads/BDA-Codebase/GSE43857_RAW/GSM1085268_mC_calls_Kyoto.tsv ...
[GSM1085268_mC_calls_Kyoto]   32,788,185 cytosine records
[GSM1085268_mC_calls_Kyoto] Aggregating methylation per region ...
[GSM1085268_mC_calls_Kyoto]   Retained 10,702/11,071 regions (≥3 covered cytosine sites in at least one context)
[GSM1085268_mC_calls_Kyoto] Written → /home/muneeb/Downloads/BDA-Codebase/methylation_full_run/GSM1085268_mC_calls_Kyoto_lncRNA_methylation.tsv
[GSM1085274_mC_calls_Litva] Loading regions from /home/muneeb/Downloads/BDA-Codebase/lncRNAs_only.bed ...
[GSM1085274_mC_calls_Litva]   11,071 lncRNA regions
[GSM1085274_mC_calls_Litva] Loading allc from /home/muneeb/Downloads/BDA-Codebase/GSE43857_RAW/GSM1085274_mC_calls_Litva.tsv ...
[GSM1085274_mC_calls_Litva]   28,702,840 cytosine records
[GSM1085274_mC_calls_Litva] Aggregating methylation per region ...
[GSM1085274_mC_calls_Litva]   Retained 10,657/11,071 regions (≥3 covered cytosine sites in at least one context)
[GSM1085274_mC_calls_Litva] Written → /home/muneeb/Downloads/BDA-Codebase/methylation_full_run/GSM1085274_mC_calls_Litva_lncRNA_methylation.tsv
[GSM1085270_mC_calls_La_0] Loading regions from /home/muneeb/Downloads/BDA-Codebase/lncRNAs_only.bed ...
[GSM1085270_mC_calls_La_0]   11,071 lncRNA regions
[GSM1085270_mC_calls_La_0] Loading allc from /home/muneeb/Downloads/BDA-Codebase/GSE43857_RAW/GSM1085270_mC_calls_La_0.tsv ...
[GSM1085270_mC_calls_La_0]   32,448,139 cytosine records
[GSM1085270_mC_calls_La_0] Aggregating methylation per region ...
[GSM1085270_mC_calls_La_0]   Retained 10,701/11,071 regions (≥3 covered cytosine sites in at least one context)
[GSM1085270_mC_calls_La_0] Written → /home/muneeb/Downloads/BDA-Codebase/methylation_full_run/GSM1085270_mC_calls_La_0_lncRNA_methylation.tsv
[GSM1085277_mC_calls_Lp2_2] Loading regions from /home/muneeb/Downloads/BDA-Codebase/lncRNAs_only.bed ...
[GSM1085277_mC_calls_Lp2_2]   11,071 lncRNA regions
[GSM1085277_mC_calls_Lp2_2] Loading allc from /home/muneeb/Downloads/BDA-Codebase/GSE43857_RAW/GSM1085277_mC_calls_Lp2_2.tsv ...
[GSM1085277_mC_calls_Lp2_2]   28,887,161 cytosine records
[GSM1085277_mC_calls_Lp2_2] Aggregating methylation per region ...
[GSM1085277_mC_calls_Lp2_2]   Retained 10,694/11,071 regions (≥3 covered cytosine sites in at least one context)
[GSM1085277_mC_calls_Lp2_2] Written → /home/muneeb/Downloads/BDA-Codebase/methylation_full_run/GSM1085277_mC_calls_Lp2_2_lncRNA_methylation.tsv
[GSM1085276_mC_calls_Lm_2] Loading regions from /home/muneeb/Downloads/BDA-Codebase/lncRNAs_only.bed ...
[GSM1085276_mC_calls_Lm_2]   11,071 lncRNA regions
[GSM1085276_mC_calls_Lm_2] Loading allc from /home/muneeb/Downloads/BDA-Codebase/GSE43857_RAW/GSM1085276_mC_calls_Lm_2.tsv ...
[GSM1085276_mC_calls_Lm_2]   30,746,684 cytosine records
[GSM1085276_mC_calls_Lm_2] Aggregating methylation per region ...
[GSM1085276_mC_calls_Lm_2]   Retained 10,658/11,071 regions (≥3 covered cytosine sites in at least one context)
[GSM1085276_mC_calls_Lm_2] Written → /home/muneeb/Downloads/BDA-Codebase/methylation_full_run/GSM1085276_mC_calls_Lm_2_lncRNA_methylation.tsv
[GSM1085278_mC_calls_Mc_0] Loading regions from /home/muneeb/Downloads/BDA-Codebase/lncRNAs_only.bed ...
[GSM1085278_mC_calls_Mc_0]   11,071 lncRNA regions
[GSM1085278_mC_calls_Mc_0] Loading allc from /home/muneeb/Downloads/BDA-Codebase/GSE43857_RAW/GSM1085278_mC_calls_Mc_0.tsv ...
[GSM1085278_mC_calls_Mc_0]   31,064,985 cytosine records
[GSM1085278_mC_calls_Mc_0] Aggregating methylation per region ...
[GSM1085278_mC_calls_Mc_0]   Retained 10,834/11,071 regions (≥3 covered cytosine sites in at least one context)
[GSM1085278_mC_calls_Mc_0] Written → /home/muneeb/Downloads/BDA-Codebase/methylation_full_run/GSM1085278_mC_calls_Mc_0_lncRNA_methylation.tsv
[GSM1085279_mC_calls_Mh_0_bud] Loading regions from /home/muneeb/Downloads/BDA-Codebase/lncRNAs_only.bed ...
[GSM1085279_mC_calls_Mh_0_bud]   11,071 lncRNA regions
[GSM1085279_mC_calls_Mh_0_bud] Loading allc from /home/muneeb/Downloads/BDA-Codebase/GSE43857_RAW/GSM1085279_mC_calls_Mh_0_bud.tsv ...
[GSM1085279_mC_calls_Mh_0_bud]   28,975,568 cytosine records
[GSM1085279_mC_calls_Mh_0_bud] Aggregating methylation per region ...
[GSM1085279_mC_calls_Mh_0_bud]   Retained 10,717/11,071 regions (≥3 covered cytosine sites in at least one context)
[GSM1085279_mC_calls_Mh_0_bud] Written → /home/muneeb/Downloads/BDA-Codebase/methylation_full_run/GSM1085279_mC_calls_Mh_0_bud_lncRNA_methylation.tsv
[GSM1085280_mC_calls_Ms_0_bud] Loading regions from /home/muneeb/Downloads/BDA-Codebase/lncRNAs_only.bed ...
[GSM1085280_mC_calls_Ms_0_bud]   11,071 lncRNA regions
[GSM1085280_mC_calls_Ms_0_bud] Loading allc from /home/muneeb/Downloads/BDA-Codebase/GSE43857_RAW/GSM1085280_mC_calls_Ms_0_bud.tsv ...
[GSM1085280_mC_calls_Ms_0_bud]   29,561,950 cytosine records
[GSM1085280_mC_calls_Ms_0_bud] Aggregating methylation per region ...
[GSM1085280_mC_calls_Ms_0_bud]   Retained 10,710/11,071 regions (≥3 covered cytosine sites in at least one context)
[GSM1085280_mC_calls_Ms_0_bud] Written → /home/muneeb/Downloads/BDA-Codebase/methylation_full_run/GSM1085280_mC_calls_Ms_0_bud_lncRNA_methylation.tsv
[GSM1085273_mC_calls_Li_2_1_bud] Loading regions from /home/muneeb/Downloads/BDA-Codebase/lncRNAs_only.bed ...
[GSM1085273_mC_calls_Li_2_1_bud]   11,071 lncRNA regions
[GSM1085273_mC_calls_Li_2_1_bud] Loading allc from /home/muneeb/Downloads/BDA-Codebase/GSE43857_RAW/GSM1085273_mC_calls_Li_2_1_bud.tsv ...
[GSM1085273_mC_calls_Li_2_1_bud]   34,421,809 cytosine records
[GSM1085273_mC_calls_Li_2_1_bud] Aggregating methylation per region ...
[GSM1085273_mC_calls_Li_2_1_bud]   Retained 10,716/11,071 regions (≥3 covered cytosine sites in at least one context)
[GSM1085273_mC_calls_Li_2_1_bud] Written → /home/muneeb/Downloads/BDA-Codebase/methylation_full_run/GSM1085273_mC_calls_Li_2_1_bud_lncRNA_methylation.tsv
[GSM1085283_mC_calls_Neo_6_bud] Loading regions from /home/muneeb/Downloads/BDA-Codebase/lncRNAs_only.bed ...
[GSM1085283_mC_calls_Neo_6_bud]   11,071 lncRNA regions
[GSM1085283_mC_calls_Neo_6_bud] Loading allc from /home/muneeb/Downloads/BDA-Codebase/GSE43857_RAW/GSM1085283_mC_calls_Neo_6_bud.tsv ...
[GSM1085283_mC_calls_Neo_6_bud]   29,028,499 cytosine records
[GSM1085283_mC_calls_Neo_6_bud] Aggregating methylation per region ...
[GSM1085283_mC_calls_Neo_6_bud]   Retained 10,633/11,071 regions (≥3 covered cytosine sites in at least one context)
[GSM1085283_mC_calls_Neo_6_bud] Written → /home/muneeb/Downloads/BDA-Codebase/methylation_full_run/GSM1085283_mC_calls_Neo_6_bud_lncRNA_methylation.tsv
[GSM1085271_mC_calls_Lan_0] Loading regions from /home/muneeb/Downloads/BDA-Codebase/lncRNAs_only.bed ...
[GSM1085271_mC_calls_Lan_0]   11,071 lncRNA regions
[GSM1085271_mC_calls_Lan_0] Loading allc from /home/muneeb/Downloads/BDA-Codebase/GSE43857_RAW/GSM1085271_mC_calls_Lan_0.tsv ...
[GSM1085271_mC_calls_Lan_0]   35,601,471 cytosine records
[GSM1085271_mC_calls_Lan_0] Aggregating methylation per region ...
[GSM1085271_mC_calls_Lan_0]   Retained 10,883/11,071 regions (≥3 covered cytosine sites in at least one context)
[GSM1085271_mC_calls_Lan_0] Written → /home/muneeb/Downloads/BDA-Codebase/methylation_full_run/GSM1085271_mC_calls_Lan_0_lncRNA_methylation.tsv
[GSM1085284_mC_calls_Nok_3_bud] Loading regions from /home/muneeb/Downloads/BDA-Codebase/lncRNAs_only.bed ...
[GSM1085284_mC_calls_Nok_3_bud]   11,071 lncRNA regions
[GSM1085284_mC_calls_Nok_3_bud] Loading allc from /home/muneeb/Downloads/BDA-Codebase/GSE43857_RAW/GSM1085284_mC_calls_Nok_3_bud.tsv ...
[GSM1085284_mC_calls_Nok_3_bud]   25,522,955 cytosine records
[GSM1085284_mC_calls_Nok_3_bud] Aggregating methylation per region ...
[GSM1085284_mC_calls_Nok_3_bud]   Retained 10,670/11,071 regions (≥3 covered cytosine sites in at least one context)
[GSM1085284_mC_calls_Nok_3_bud] Written → /home/muneeb/Downloads/BDA-Codebase/methylation_full_run/GSM1085284_mC_calls_Nok_3_bud_lncRNA_methylation.tsv
[GSM1085275_mC_calls_Litva_bud] Loading regions from /home/muneeb/Downloads/BDA-Codebase/lncRNAs_only.bed ...
[GSM1085275_mC_calls_Litva_bud]   11,071 lncRNA regions
[GSM1085275_mC_calls_Litva_bud] Loading allc from /home/muneeb/Downloads/BDA-Codebase/GSE43857_RAW/GSM1085275_mC_calls_Litva_bud.tsv ...
[GSM1085275_mC_calls_Litva_bud]   35,436,361 cytosine records
[GSM1085275_mC_calls_Litva_bud] Aggregating methylation per region ...
[GSM1085275_mC_calls_Litva_bud]   Retained 10,992/11,071 regions (≥3 covered cytosine sites in at least one context)
[GSM1085275_mC_calls_Litva_bud] Written → /home/muneeb/Downloads/BDA-Codebase/methylation_full_run/GSM1085275_mC_calls_Litva_bud_lncRNA_methylation.tsv
[GSM1085281_mC_calls_Mz_0_bud] Loading regions from /home/muneeb/Downloads/BDA-Codebase/lncRNAs_only.bed ...
[GSM1085281_mC_calls_Mz_0_bud]   11,071 lncRNA regions
[GSM1085281_mC_calls_Mz_0_bud] Loading allc from /home/muneeb/Downloads/BDA-Codebase/GSE43857_RAW/GSM1085281_mC_calls_Mz_0_bud.tsv ...
[GSM1085281_mC_calls_Mz_0_bud]   33,969,964 cytosine records
[GSM1085281_mC_calls_Mz_0_bud] Aggregating methylation per region ...
[GSM1085281_mC_calls_Mz_0_bud]   Retained 10,819/11,071 regions (≥3 covered cytosine sites in at least one context)
[GSM1085281_mC_calls_Mz_0_bud] Written → /home/muneeb/Downloads/BDA-Codebase/methylation_full_run/GSM1085281_mC_calls_Mz_0_bud_lncRNA_methylation.tsv
[GSM1085282_mC_calls_Nc_1_bud] Loading regions from /home/muneeb/Downloads/BDA-Codebase/lncRNAs_only.bed ...
[GSM1085282_mC_calls_Nc_1_bud]   11,071 lncRNA regions
[GSM1085282_mC_calls_Nc_1_bud] Loading allc from /home/muneeb/Downloads/BDA-Codebase/GSE43857_RAW/GSM1085282_mC_calls_Nc_1_bud.tsv ...
[GSM1085282_mC_calls_Nc_1_bud]   33,735,536 cytosine records
[GSM1085282_mC_calls_Nc_1_bud] Aggregating methylation per region ...
[GSM1085282_mC_calls_Nc_1_bud]   Retained 10,654/11,071 regions (≥3 covered cytosine sites in at least one context)
[GSM1085282_mC_calls_Nc_1_bud] Written → /home/muneeb/Downloads/BDA-Codebase/methylation_full_run/GSM1085282_mC_calls_Nc_1_bud_lncRNA_methylation.tsv
[GSM1085285_mC_calls_Np_0_bud] Loading regions from /home/muneeb/Downloads/BDA-Codebase/lncRNAs_only.bed ...
[GSM1085285_mC_calls_Np_0_bud]   11,071 lncRNA regions
[GSM1085285_mC_calls_Np_0_bud] Loading allc from /home/muneeb/Downloads/BDA-Codebase/GSE43857_RAW/GSM1085285_mC_calls_Np_0_bud.tsv ...
[GSM1085285_mC_calls_Np_0_bud]   32,538,908 cytosine records
[GSM1085285_mC_calls_Np_0_bud] Aggregating methylation per region ...
[GSM1085285_mC_calls_Np_0_bud]   Retained 10,693/11,071 regions (≥3 covered cytosine sites in at least one context)
[GSM1085285_mC_calls_Np_0_bud] Written → /home/muneeb/Downloads/BDA-Codebase/methylation_full_run/GSM1085285_mC_calls_Np_0_bud_lncRNA_methylation.tsv
[GSM1085288_mC_calls_Old_1_bud] Loading regions from /home/muneeb/Downloads/BDA-Codebase/lncRNAs_only.bed ...
[GSM1085288_mC_calls_Old_1_bud]   11,071 lncRNA regions
[GSM1085288_mC_calls_Old_1_bud] Loading allc from /home/muneeb/Downloads/BDA-Codebase/GSE43857_RAW/GSM1085288_mC_calls_Old_1_bud.tsv ...
[GSM1085288_mC_calls_Old_1_bud]   27,934,665 cytosine records
[GSM1085288_mC_calls_Old_1_bud] Aggregating methylation per region ...
[GSM1085288_mC_calls_Old_1_bud]   Retained 10,682/11,071 regions (≥3 covered cytosine sites in at least one context)
[GSM1085288_mC_calls_Old_1_bud] Written → /home/muneeb/Downloads/BDA-Codebase/methylation_full_run/GSM1085288_mC_calls_Old_1_bud_lncRNA_methylation.tsv
[GSM1085293_mC_calls_Pna_17_bud] Loading regions from /home/muneeb/Downloads/BDA-Codebase/lncRNAs_only.bed ...
[GSM1085293_mC_calls_Pna_17_bud]   11,071 lncRNA regions
[GSM1085293_mC_calls_Pna_17_bud] Loading allc from /home/muneeb/Downloads/BDA-Codebase/GSE43857_RAW/GSM1085293_mC_calls_Pna_17_bud.tsv ...
[GSM1085293_mC_calls_Pna_17_bud]   25,279,551 cytosine records
[GSM1085293_mC_calls_Pna_17_bud] Aggregating methylation per region ...
[GSM1085293_mC_calls_Pna_17_bud]   Retained 10,708/11,071 regions (≥3 covered cytosine sites in at least one context)
[GSM1085293_mC_calls_Pna_17_bud] Written → /home/muneeb/Downloads/BDA-Codebase/methylation_full_run/GSM1085293_mC_calls_Pna_17_bud_lncRNA_methylation.tsv
[GSM1085286_mC_calls_Nw_0_bud] Loading regions from /home/muneeb/Downloads/BDA-Codebase/lncRNAs_only.bed ...
[GSM1085286_mC_calls_Nw_0_bud]   11,071 lncRNA regions
[GSM1085286_mC_calls_Nw_0_bud] Loading allc from /home/muneeb/Downloads/BDA-Codebase/GSE43857_RAW/GSM1085286_mC_calls_Nw_0_bud.tsv ...
[GSM1085286_mC_calls_Nw_0_bud]   33,493,510 cytosine records
[GSM1085286_mC_calls_Nw_0_bud] Aggregating methylation per region ...
[GSM1085286_mC_calls_Nw_0_bud]   Retained 10,731/11,071 regions (≥3 covered cytosine sites in at least one context)
[GSM1085286_mC_calls_Nw_0_bud] Written → /home/muneeb/Downloads/BDA-Codebase/methylation_full_run/GSM1085286_mC_calls_Nw_0_bud_lncRNA_methylation.tsv
[GSM1085291_mC_calls_Pi_0] Loading regions from /home/muneeb/Downloads/BDA-Codebase/lncRNAs_only.bed ...
[GSM1085291_mC_calls_Pi_0]   11,071 lncRNA regions
[GSM1085291_mC_calls_Pi_0] Loading allc from /home/muneeb/Downloads/BDA-Codebase/GSE43857_RAW/GSM1085291_mC_calls_Pi_0.tsv ...
[GSM1085291_mC_calls_Pi_0]   29,245,437 cytosine records
[GSM1085291_mC_calls_Pi_0] Aggregating methylation per region ...
[GSM1085291_mC_calls_Pi_0]   Retained 10,676/11,071 regions (≥3 covered cytosine sites in at least one context)
[GSM1085291_mC_calls_Pi_0] Written → /home/muneeb/Downloads/BDA-Codebase/methylation_full_run/GSM1085291_mC_calls_Pi_0_lncRNA_methylation.tsv
[GSM1085292_mC_calls_Pla_0_bud] Loading regions from /home/muneeb/Downloads/BDA-Codebase/lncRNAs_only.bed ...
[GSM1085292_mC_calls_Pla_0_bud]   11,071 lncRNA regions
[GSM1085292_mC_calls_Pla_0_bud] Loading allc from /home/muneeb/Downloads/BDA-Codebase/GSE43857_RAW/GSM1085292_mC_calls_Pla_0_bud.tsv ...
[GSM1085292_mC_calls_Pla_0_bud]   29,805,866 cytosine records
[GSM1085292_mC_calls_Pla_0_bud] Aggregating methylation per region ...
[GSM1085292_mC_calls_Pla_0_bud]   Retained 10,782/11,071 regions (≥3 covered cytosine sites in at least one context)
[GSM1085292_mC_calls_Pla_0_bud] Written → /home/muneeb/Downloads/BDA-Codebase/methylation_full_run/GSM1085292_mC_calls_Pla_0_bud_lncRNA_methylation.tsv
[GSM1085289_mC_calls_Ove_0_bud] Loading regions from /home/muneeb/Downloads/BDA-Codebase/lncRNAs_only.bed ...
[GSM1085289_mC_calls_Ove_0_bud]   11,071 lncRNA regions
[GSM1085289_mC_calls_Ove_0_bud] Loading allc from /home/muneeb/Downloads/BDA-Codebase/GSE43857_RAW/GSM1085289_mC_calls_Ove_0_bud.tsv ...
[GSM1085289_mC_calls_Ove_0_bud]   32,832,891 cytosine records
[GSM1085289_mC_calls_Ove_0_bud] Aggregating methylation per region ...
[GSM1085289_mC_calls_Ove_0_bud]   Retained 10,782/11,071 regions (≥3 covered cytosine sites in at least one context)
[GSM1085289_mC_calls_Ove_0_bud] Written → /home/muneeb/Downloads/BDA-Codebase/methylation_full_run/GSM1085289_mC_calls_Ove_0_bud_lncRNA_methylation.tsv
[GSM1085290_mC_calls_Per_1] Loading regions from /home/muneeb/Downloads/BDA-Codebase/lncRNAs_only.bed ...
[GSM1085290_mC_calls_Per_1]   11,071 lncRNA regions
[GSM1085290_mC_calls_Per_1] Loading allc from /home/muneeb/Downloads/BDA-Codebase/GSE43857_RAW/GSM1085290_mC_calls_Per_1.tsv ...
[GSM1085290_mC_calls_Per_1]   31,580,351 cytosine records
[GSM1085290_mC_calls_Per_1] Aggregating methylation per region ...
[GSM1085290_mC_calls_Per_1]   Retained 10,718/11,071 regions (≥3 covered cytosine sites in at least one context)
[GSM1085290_mC_calls_Per_1] Written → /home/muneeb/Downloads/BDA-Codebase/methylation_full_run/GSM1085290_mC_calls_Per_1_lncRNA_methylation.tsv
[GSM1085296_mC_calls_Pt_0] Loading regions from /home/muneeb/Downloads/BDA-Codebase/lncRNAs_only.bed ...
[GSM1085296_mC_calls_Pt_0]   11,071 lncRNA regions
[GSM1085296_mC_calls_Pt_0] Loading allc from /home/muneeb/Downloads/BDA-Codebase/GSE43857_RAW/GSM1085296_mC_calls_Pt_0.tsv ...
[GSM1085296_mC_calls_Pt_0]   24,956,467 cytosine records
[GSM1085296_mC_calls_Pt_0] Aggregating methylation per region ...
[GSM1085296_mC_calls_Pt_0]   Retained 10,945/11,071 regions (≥3 covered cytosine sites in at least one context)
[GSM1085296_mC_calls_Pt_0] Written → /home/muneeb/Downloads/BDA-Codebase/methylation_full_run/GSM1085296_mC_calls_Pt_0_lncRNA_methylation.tsv
[GSM1085299_mC_calls_Pu2_7_bud] Loading regions from /home/muneeb/Downloads/BDA-Codebase/lncRNAs_only.bed ...
[GSM1085299_mC_calls_Pu2_7_bud]   11,071 lncRNA regions
[GSM1085299_mC_calls_Pu2_7_bud] Loading allc from /home/muneeb/Downloads/BDA-Codebase/GSE43857_RAW/GSM1085299_mC_calls_Pu2_7_bud.tsv ...
[GSM1085299_mC_calls_Pu2_7_bud]   24,346,158 cytosine records
[GSM1085299_mC_calls_Pu2_7_bud] Aggregating methylation per region ...
[GSM1085299_mC_calls_Pu2_7_bud]   Retained 10,644/11,071 regions (≥3 covered cytosine sites in at least one context)
[GSM1085299_mC_calls_Pu2_7_bud] Written → /home/muneeb/Downloads/BDA-Codebase/methylation_full_run/GSM1085299_mC_calls_Pu2_7_bud_lncRNA_methylation.tsv
[GSM1085287_mC_calls_Ob_0_bud] Loading regions from /home/muneeb/Downloads/BDA-Codebase/lncRNAs_only.bed ...
[GSM1085287_mC_calls_Ob_0_bud]   11,071 lncRNA regions
[GSM1085287_mC_calls_Ob_0_bud] Loading allc from /home/muneeb/Downloads/BDA-Codebase/GSE43857_RAW/GSM1085287_mC_calls_Ob_0_bud.tsv ...
[GSM1085287_mC_calls_Ob_0_bud]   34,854,782 cytosine records
[GSM1085287_mC_calls_Ob_0_bud] Aggregating methylation per region ...
[GSM1085287_mC_calls_Ob_0_bud]   Retained 10,750/11,071 regions (≥3 covered cytosine sites in at least one context)
[GSM1085287_mC_calls_Ob_0_bud] Written → /home/muneeb/Downloads/BDA-Codebase/methylation_full_run/GSM1085287_mC_calls_Ob_0_bud_lncRNA_methylation.tsv
[GSM1085303_mC_calls_Rd_0] Loading regions from /home/muneeb/Downloads/BDA-Codebase/lncRNAs_only.bed ...
[GSM1085303_mC_calls_Rd_0]   11,071 lncRNA regions
[GSM1085303_mC_calls_Rd_0] Loading allc from /home/muneeb/Downloads/BDA-Codebase/GSE43857_RAW/GSM1085303_mC_calls_Rd_0.tsv ...
[GSM1085303_mC_calls_Rd_0]   19,090,302 cytosine records
[GSM1085303_mC_calls_Rd_0] Aggregating methylation per region ...
[GSM1085303_mC_calls_Rd_0]   Retained 10,634/11,071 regions (≥3 covered cytosine sites in at least one context)
[GSM1085303_mC_calls_Rd_0] Written → /home/muneeb/Downloads/BDA-Codebase/methylation_full_run/GSM1085303_mC_calls_Rd_0_lncRNA_methylation.tsv
[GSM1085294_mC_calls_Pog_0_bud] Loading regions from /home/muneeb/Downloads/BDA-Codebase/lncRNAs_only.bed ...
[GSM1085294_mC_calls_Pog_0_bud]   11,071 lncRNA regions
[GSM1085294_mC_calls_Pog_0_bud] Loading allc from /home/muneeb/Downloads/BDA-Codebase/GSE43857_RAW/GSM1085294_mC_calls_Pog_0_bud.tsv ...
[GSM1085294_mC_calls_Pog_0_bud]   32,236,931 cytosine records
[GSM1085294_mC_calls_Pog_0_bud] Aggregating methylation per region ...
[GSM1085294_mC_calls_Pog_0_bud]   Retained 10,709/11,071 regions (≥3 covered cytosine sites in at least one context)
[GSM1085294_mC_calls_Pog_0_bud] Written → /home/muneeb/Downloads/BDA-Codebase/methylation_full_run/GSM1085294_mC_calls_Pog_0_bud_lncRNA_methylation.tsv
[GSM1085295_mC_calls_Pro_0_bud] Loading regions from /home/muneeb/Downloads/BDA-Codebase/lncRNAs_only.bed ...
[GSM1085295_mC_calls_Pro_0_bud]   11,071 lncRNA regions
[GSM1085295_mC_calls_Pro_0_bud] Loading allc from /home/muneeb/Downloads/BDA-Codebase/GSE43857_RAW/GSM1085295_mC_calls_Pro_0_bud.tsv ...
[GSM1085295_mC_calls_Pro_0_bud]   31,694,193 cytosine records
[GSM1085295_mC_calls_Pro_0_bud] Aggregating methylation per region ...
[GSM1085295_mC_calls_Pro_0_bud]   Retained 10,702/11,071 regions (≥3 covered cytosine sites in at least one context)
[GSM1085295_mC_calls_Pro_0_bud] Written → /home/muneeb/Downloads/BDA-Codebase/methylation_full_run/GSM1085295_mC_calls_Pro_0_bud_lncRNA_methylation.tsv
[GSM1085301_mC_calls_Ragl_1] Loading regions from /home/muneeb/Downloads/BDA-Codebase/lncRNAs_only.bed ...
[GSM1085301_mC_calls_Ragl_1]   11,071 lncRNA regions
[GSM1085301_mC_calls_Ragl_1] Loading allc from /home/muneeb/Downloads/BDA-Codebase/GSE43857_RAW/GSM1085301_mC_calls_Ragl_1.tsv ...
[GSM1085301_mC_calls_Ragl_1]   27,461,192 cytosine records
[GSM1085301_mC_calls_Ragl_1] Aggregating methylation per region ...
[GSM1085301_mC_calls_Ragl_1]   Retained 10,729/11,071 regions (≥3 covered cytosine sites in at least one context)
[GSM1085301_mC_calls_Ragl_1] Written → /home/muneeb/Downloads/BDA-Codebase/methylation_full_run/GSM1085301_mC_calls_Ragl_1_lncRNA_methylation.tsv
[GSM1085297_mC_calls_Pu2_23] Loading regions from /home/muneeb/Downloads/BDA-Codebase/lncRNAs_only.bed ...
[GSM1085297_mC_calls_Pu2_23]   11,071 lncRNA regions
[GSM1085297_mC_calls_Pu2_23] Loading allc from /home/muneeb/Downloads/BDA-Codebase/GSE43857_RAW/GSM1085297_mC_calls_Pu2_23.tsv ...
[GSM1085297_mC_calls_Pu2_23]   31,410,127 cytosine records
[GSM1085297_mC_calls_Pu2_23] Aggregating methylation per region ...
[GSM1085297_mC_calls_Pu2_23]   Retained 10,706/11,071 regions (≥3 covered cytosine sites in at least one context)
[GSM1085297_mC_calls_Pu2_23] Written → /home/muneeb/Downloads/BDA-Codebase/methylation_full_run/GSM1085297_mC_calls_Pu2_23_lncRNA_methylation.tsv
[GSM1085298_mC_calls_Pu2_23_bud] Loading regions from /home/muneeb/Downloads/BDA-Codebase/lncRNAs_only.bed ...
[GSM1085298_mC_calls_Pu2_23_bud]   11,071 lncRNA regions
[GSM1085298_mC_calls_Pu2_23_bud] Loading allc from /home/muneeb/Downloads/BDA-Codebase/GSE43857_RAW/GSM1085298_mC_calls_Pu2_23_bud.tsv ...
[GSM1085298_mC_calls_Pu2_23_bud]   31,974,642 cytosine records
[GSM1085298_mC_calls_Pu2_23_bud] Aggregating methylation per region ...
[GSM1085298_mC_calls_Pu2_23_bud]   Retained 10,691/11,071 regions (≥3 covered cytosine sites in at least one context)
[GSM1085298_mC_calls_Pu2_23_bud] Written → /home/muneeb/Downloads/BDA-Codebase/methylation_full_run/GSM1085298_mC_calls_Pu2_23_bud_lncRNA_methylation.tsv
[GSM1085300_mC_calls_Ra_0] Loading regions from /home/muneeb/Downloads/BDA-Codebase/lncRNAs_only.bed ...
[GSM1085300_mC_calls_Ra_0]   11,071 lncRNA regions
[GSM1085300_mC_calls_Ra_0] Loading allc from /home/muneeb/Downloads/BDA-Codebase/GSE43857_RAW/GSM1085300_mC_calls_Ra_0.tsv ...
[GSM1085300_mC_calls_Ra_0]   33,438,309 cytosine records
[GSM1085300_mC_calls_Ra_0] Aggregating methylation per region ...
[GSM1085300_mC_calls_Ra_0]   Retained 10,687/11,071 regions (≥3 covered cytosine sites in at least one context)
[GSM1085300_mC_calls_Ra_0] Written → /home/muneeb/Downloads/BDA-Codebase/methylation_full_run/GSM1085300_mC_calls_Ra_0_lncRNA_methylation.tsv
[GSM1085304_mC_calls_Rennes_1_bud] Loading regions from /home/muneeb/Downloads/BDA-Codebase/lncRNAs_only.bed ...
[GSM1085304_mC_calls_Rennes_1_bud]   11,071 lncRNA regions
[GSM1085304_mC_calls_Rennes_1_bud] Loading allc from /home/muneeb/Downloads/BDA-Codebase/GSE43857_RAW/GSM1085304_mC_calls_Rennes_1_bud.tsv ...
[GSM1085304_mC_calls_Rennes_1_bud]   29,231,634 cytosine records
[GSM1085304_mC_calls_Rennes_1_bud] Aggregating methylation per region ...
[GSM1085304_mC_calls_Rennes_1_bud]   Retained 10,703/11,071 regions (≥3 covered cytosine sites in at least one context)
[GSM1085304_mC_calls_Rennes_1_bud] Written → /home/muneeb/Downloads/BDA-Codebase/methylation_full_run/GSM1085304_mC_calls_Rennes_1_bud_lncRNA_methylation.tsv
[GSM1085308_mC_calls_RRS_7] Loading regions from /home/muneeb/Downloads/BDA-Codebase/lncRNAs_only.bed ...
[GSM1085308_mC_calls_RRS_7]   11,071 lncRNA regions
[GSM1085308_mC_calls_RRS_7] Loading allc from /home/muneeb/Downloads/BDA-Codebase/GSE43857_RAW/GSM1085308_mC_calls_RRS_7.tsv ...
[GSM1085308_mC_calls_RRS_7]   30,350,716 cytosine records
[GSM1085308_mC_calls_RRS_7] Aggregating methylation per region ...
[GSM1085308_mC_calls_RRS_7]   Retained 10,719/11,071 regions (≥3 covered cytosine sites in at least one context)
[GSM1085308_mC_calls_RRS_7] Written → /home/muneeb/Downloads/BDA-Codebase/methylation_full_run/GSM1085308_mC_calls_RRS_7_lncRNA_methylation.tsv
[GSM1085307_mC_calls_Rome_1_bud] Loading regions from /home/muneeb/Downloads/BDA-Codebase/lncRNAs_only.bed ...
[GSM1085307_mC_calls_Rome_1_bud]   11,071 lncRNA regions
[GSM1085307_mC_calls_Rome_1_bud] Loading allc from /home/muneeb/Downloads/BDA-Codebase/GSE43857_RAW/GSM1085307_mC_calls_Rome_1_bud.tsv ...
[GSM1085307_mC_calls_Rome_1_bud]   30,672,964 cytosine records
[GSM1085307_mC_calls_Rome_1_bud] Aggregating methylation per region ...
[GSM1085307_mC_calls_Rome_1_bud]   Retained 10,703/11,071 regions (≥3 covered cytosine sites in at least one context)
[GSM1085307_mC_calls_Rome_1_bud] Written → /home/muneeb/Downloads/BDA-Codebase/methylation_full_run/GSM1085307_mC_calls_Rome_1_bud_lncRNA_methylation.tsv
[GSM1085302_mC_calls_Ragl_1_bud] Loading regions from /home/muneeb/Downloads/BDA-Codebase/lncRNAs_only.bed ...
[GSM1085302_mC_calls_Ragl_1_bud]   11,071 lncRNA regions
[GSM1085302_mC_calls_Ragl_1_bud] Loading allc from /home/muneeb/Downloads/BDA-Codebase/GSE43857_RAW/GSM1085302_mC_calls_Ragl_1_bud.tsv ...
[GSM1085302_mC_calls_Ragl_1_bud]   33,757,118 cytosine records
[GSM1085302_mC_calls_Ragl_1_bud] Aggregating methylation per region ...
[GSM1085302_mC_calls_Ragl_1_bud]   Retained 10,726/11,071 regions (≥3 covered cytosine sites in at least one context)
[GSM1085302_mC_calls_Ragl_1_bud] Written → /home/muneeb/Downloads/BDA-Codebase/methylation_full_run/GSM1085302_mC_calls_Ragl_1_bud_lncRNA_methylation.tsv
[GSM1085310_mC_calls_Se_0_bud] Loading regions from /home/muneeb/Downloads/BDA-Codebase/lncRNAs_only.bed ...
[GSM1085310_mC_calls_Se_0_bud]   11,071 lncRNA regions
[GSM1085310_mC_calls_Se_0_bud] Loading allc from /home/muneeb/Downloads/BDA-Codebase/GSE43857_RAW/GSM1085310_mC_calls_Se_0_bud.tsv ...
[GSM1085310_mC_calls_Se_0_bud]   27,480,886 cytosine records
[GSM1085310_mC_calls_Se_0_bud] Aggregating methylation per region ...
[GSM1085310_mC_calls_Se_0_bud]   Retained 10,661/11,071 regions (≥3 covered cytosine sites in at least one context)
[GSM1085310_mC_calls_Se_0_bud] Written → /home/muneeb/Downloads/BDA-Codebase/methylation_full_run/GSM1085310_mC_calls_Se_0_bud_lncRNA_methylation.tsv
[GSM1085306_mC_calls_Rmx_A02_bud] Loading regions from /home/muneeb/Downloads/BDA-Codebase/lncRNAs_only.bed ...
[GSM1085306_mC_calls_Rmx_A02_bud]   11,071 lncRNA regions
[GSM1085306_mC_calls_Rmx_A02_bud] Loading allc from /home/muneeb/Downloads/BDA-Codebase/GSE43857_RAW/GSM1085306_mC_calls_Rmx_A02_bud.tsv ...
[GSM1085306_mC_calls_Rmx_A02_bud]   33,932,984 cytosine records
[GSM1085306_mC_calls_Rmx_A02_bud] Aggregating methylation per region ...
[GSM1085306_mC_calls_Rmx_A02_bud]   Retained 10,713/11,071 regions (≥3 covered cytosine sites in at least one context)
[GSM1085306_mC_calls_Rmx_A02_bud] Written → /home/muneeb/Downloads/BDA-Codebase/methylation_full_run/GSM1085306_mC_calls_Rmx_A02_bud_lncRNA_methylation.tsv
[GSM1085305_mC_calls_Rld_1_bud] Loading regions from /home/muneeb/Downloads/BDA-Codebase/lncRNAs_only.bed ...
[GSM1085305_mC_calls_Rld_1_bud]   11,071 lncRNA regions
[GSM1085305_mC_calls_Rld_1_bud] Loading allc from /home/muneeb/Downloads/BDA-Codebase/GSE43857_RAW/GSM1085305_mC_calls_Rld_1_bud.tsv ...
[GSM1085305_mC_calls_Rld_1_bud]   33,853,388 cytosine records
[GSM1085305_mC_calls_Rld_1_bud] Aggregating methylation per region ...
[GSM1085305_mC_calls_Rld_1_bud]   Retained 10,717/11,071 regions (≥3 covered cytosine sites in at least one context)
[GSM1085305_mC_calls_Rld_1_bud] Written → /home/muneeb/Downloads/BDA-Codebase/methylation_full_run/GSM1085305_mC_calls_Rld_1_bud_lncRNA_methylation.tsv
[GSM1085314_mC_calls_Si_0] Loading regions from /home/muneeb/Downloads/BDA-Codebase/lncRNAs_only.bed ...
[GSM1085314_mC_calls_Si_0]   11,071 lncRNA regions
[GSM1085314_mC_calls_Si_0] Loading allc from /home/muneeb/Downloads/BDA-Codebase/GSE43857_RAW/GSM1085314_mC_calls_Si_0.tsv ...
[GSM1085314_mC_calls_Si_0]   29,044,240 cytosine records
[GSM1085314_mC_calls_Si_0] Aggregating methylation per region ...
[GSM1085314_mC_calls_Si_0]   Retained 10,677/11,071 regions (≥3 covered cytosine sites in at least one context)
[GSM1085314_mC_calls_Si_0] Written → /home/muneeb/Downloads/BDA-Codebase/methylation_full_run/GSM1085314_mC_calls_Si_0_lncRNA_methylation.tsv
[GSM1085311_mC_calls_Seattle_0] Loading regions from /home/muneeb/Downloads/BDA-Codebase/lncRNAs_only.bed ...
[GSM1085311_mC_calls_Seattle_0]   11,071 lncRNA regions
[GSM1085311_mC_calls_Seattle_0] Loading allc from /home/muneeb/Downloads/BDA-Codebase/GSE43857_RAW/GSM1085311_mC_calls_Seattle_0.tsv ...
[GSM1085311_mC_calls_Seattle_0]   32,816,808 cytosine records
[GSM1085311_mC_calls_Seattle_0] Aggregating methylation per region ...
[GSM1085311_mC_calls_Seattle_0]   Retained 10,797/11,071 regions (≥3 covered cytosine sites in at least one context)
[GSM1085311_mC_calls_Seattle_0] Written → /home/muneeb/Downloads/BDA-Codebase/methylation_full_run/GSM1085311_mC_calls_Seattle_0_lncRNA_methylation.tsv
[GSM1085317_mC_calls_Sq_8_bud] Loading regions from /home/muneeb/Downloads/BDA-Codebase/lncRNAs_only.bed ...
[GSM1085317_mC_calls_Sq_8_bud]   11,071 lncRNA regions
[GSM1085317_mC_calls_Sq_8_bud] Loading allc from /home/muneeb/Downloads/BDA-Codebase/GSE43857_RAW/GSM1085317_mC_calls_Sq_8_bud.tsv ...
[GSM1085317_mC_calls_Sq_8_bud]   31,685,728 cytosine records
[GSM1085317_mC_calls_Sq_8_bud] Aggregating methylation per region ...
[GSM1085317_mC_calls_Sq_8_bud]   Retained 10,688/11,071 regions (≥3 covered cytosine sites in at least one context)
[GSM1085317_mC_calls_Sq_8_bud] Written → /home/muneeb/Downloads/BDA-Codebase/methylation_full_run/GSM1085317_mC_calls_Sq_8_bud_lncRNA_methylation.tsv
[GSM1085309_mC_calls_Rubezhnoe_1_bud] Loading regions from /home/muneeb/Downloads/BDA-Codebase/lncRNAs_only.bed ...
[GSM1085309_mC_calls_Rubezhnoe_1_bud]   11,071 lncRNA regions
[GSM1085309_mC_calls_Rubezhnoe_1_bud] Loading allc from /home/muneeb/Downloads/BDA-Codebase/GSE43857_RAW/GSM1085309_mC_calls_Rubezhnoe_1_bud.tsv ...
[GSM1085309_mC_calls_Rubezhnoe_1_bud]   33,603,836 cytosine records
[GSM1085309_mC_calls_Rubezhnoe_1_bud] Aggregating methylation per region ...
[GSM1085309_mC_calls_Rubezhnoe_1_bud]   Retained 10,655/11,071 regions (≥3 covered cytosine sites in at least one context)
[GSM1085309_mC_calls_Rubezhnoe_1_bud] Written → /home/muneeb/Downloads/BDA-Codebase/methylation_full_run/GSM1085309_mC_calls_Rubezhnoe_1_bud_lncRNA_methylation.tsv
[GSM1085312_mC_calls_Sei_0_bud] Loading regions from /home/muneeb/Downloads/BDA-Codebase/lncRNAs_only.bed ...
[GSM1085312_mC_calls_Sei_0_bud]   11,071 lncRNA regions
[GSM1085312_mC_calls_Sei_0_bud] Loading allc from /home/muneeb/Downloads/BDA-Codebase/GSE43857_RAW/GSM1085312_mC_calls_Sei_0_bud.tsv ...
[GSM1085312_mC_calls_Sei_0_bud]   32,060,308 cytosine records
[GSM1085312_mC_calls_Sei_0_bud] Aggregating methylation per region ...
[GSM1085312_mC_calls_Sei_0_bud]   Retained 10,733/11,071 regions (≥3 covered cytosine sites in at least one context)
[GSM1085312_mC_calls_Sei_0_bud] Written → /home/muneeb/Downloads/BDA-Codebase/methylation_full_run/GSM1085312_mC_calls_Sei_0_bud_lncRNA_methylation.tsv
[GSM1085318_mC_calls_Stw_0] Loading regions from /home/muneeb/Downloads/BDA-Codebase/lncRNAs_only.bed ...
[GSM1085318_mC_calls_Stw_0]   11,071 lncRNA regions
[GSM1085318_mC_calls_Stw_0] Loading allc from /home/muneeb/Downloads/BDA-Codebase/GSE43857_RAW/GSM1085318_mC_calls_Stw_0.tsv ...
[GSM1085318_mC_calls_Stw_0]   30,314,273 cytosine records
[GSM1085318_mC_calls_Stw_0] Aggregating methylation per region ...
[GSM1085318_mC_calls_Stw_0]   Retained 10,684/11,071 regions (≥3 covered cytosine sites in at least one context)
[GSM1085318_mC_calls_Stw_0] Written → /home/muneeb/Downloads/BDA-Codebase/methylation_full_run/GSM1085318_mC_calls_Stw_0_lncRNA_methylation.tsv
[GSM1085322_mC_calls_Tamm_2_bud] Loading regions from /home/muneeb/Downloads/BDA-Codebase/lncRNAs_only.bed ...
[GSM1085322_mC_calls_Tamm_2_bud]   11,071 lncRNA regions
[GSM1085322_mC_calls_Tamm_2_bud] Loading allc from /home/muneeb/Downloads/BDA-Codebase/GSE43857_RAW/GSM1085322_mC_calls_Tamm_2_bud.tsv ...
[GSM1085322_mC_calls_Tamm_2_bud]   24,603,467 cytosine records
[GSM1085322_mC_calls_Tamm_2_bud] Aggregating methylation per region ...
[GSM1085322_mC_calls_Tamm_2_bud]   Retained 10,629/11,071 regions (≥3 covered cytosine sites in at least one context)
[GSM1085322_mC_calls_Tamm_2_bud] Written → /home/muneeb/Downloads/BDA-Codebase/methylation_full_run/GSM1085322_mC_calls_Tamm_2_bud_lncRNA_methylation.tsv
[GSM1085315_mC_calls_Sorbo_bud] Loading regions from /home/muneeb/Downloads/BDA-Codebase/lncRNAs_only.bed ...
[GSM1085315_mC_calls_Sorbo_bud]   11,071 lncRNA regions
[GSM1085315_mC_calls_Sorbo_bud] Loading allc from /home/muneeb/Downloads/BDA-Codebase/GSE43857_RAW/GSM1085315_mC_calls_Sorbo_bud.tsv ...
[GSM1085315_mC_calls_Sorbo_bud]   32,928,921 cytosine records
[GSM1085315_mC_calls_Sorbo_bud] Aggregating methylation per region ...
[GSM1085315_mC_calls_Sorbo_bud]   Retained 10,653/11,071 regions (≥3 covered cytosine sites in at least one context)
[GSM1085315_mC_calls_Sorbo_bud] Written → /home/muneeb/Downloads/BDA-Codebase/methylation_full_run/GSM1085315_mC_calls_Sorbo_bud_lncRNA_methylation.tsv
[GSM1085319_mC_calls_Su_0] Loading regions from /home/muneeb/Downloads/BDA-Codebase/lncRNAs_only.bed ...
[GSM1085319_mC_calls_Su_0]   11,071 lncRNA regions
[GSM1085319_mC_calls_Su_0] Loading allc from /home/muneeb/Downloads/BDA-Codebase/GSE43857_RAW/GSM1085319_mC_calls_Su_0.tsv ...
[GSM1085319_mC_calls_Su_0]   28,498,358 cytosine records
[GSM1085319_mC_calls_Su_0] Aggregating methylation per region ...
[GSM1085319_mC_calls_Su_0]   Retained 10,735/11,071 regions (≥3 covered cytosine sites in at least one context)
[GSM1085319_mC_calls_Su_0] Written → /home/muneeb/Downloads/BDA-Codebase/methylation_full_run/GSM1085319_mC_calls_Su_0_lncRNA_methylation.tsv
[GSM1085313_mC_calls_Sg_1] Loading regions from /home/muneeb/Downloads/BDA-Codebase/lncRNAs_only.bed ...
[GSM1085313_mC_calls_Sg_1]   11,071 lncRNA regions
[GSM1085313_mC_calls_Sg_1] Loading allc from /home/muneeb/Downloads/BDA-Codebase/GSE43857_RAW/GSM1085313_mC_calls_Sg_1.tsv ...
[GSM1085313_mC_calls_Sg_1]   34,661,170 cytosine records
[GSM1085313_mC_calls_Sg_1] Aggregating methylation per region ...
[GSM1085313_mC_calls_Sg_1]   Retained 10,796/11,071 regions (≥3 covered cytosine sites in at least one context)
[GSM1085313_mC_calls_Sg_1] Written → /home/muneeb/Downloads/BDA-Codebase/methylation_full_run/GSM1085313_mC_calls_Sg_1_lncRNA_methylation.tsv
[GSM1085325_mC_calls_Tu_0_bud] Loading regions from /home/muneeb/Downloads/BDA-Codebase/lncRNAs_only.bed ...
[GSM1085325_mC_calls_Tu_0_bud]   11,071 lncRNA regions
[GSM1085325_mC_calls_Tu_0_bud] Loading allc from /home/muneeb/Downloads/BDA-Codebase/GSE43857_RAW/GSM1085325_mC_calls_Tu_0_bud.tsv ...
[GSM1085325_mC_calls_Tu_0_bud]   32,528,510 cytosine records
[GSM1085325_mC_calls_Tu_0_bud] Aggregating methylation per region ...
[GSM1085325_mC_calls_Tu_0_bud]   Retained 10,693/11,071 regions (≥3 covered cytosine sites in at least one context)
[GSM1085325_mC_calls_Tu_0_bud] Written → /home/muneeb/Downloads/BDA-Codebase/methylation_full_run/GSM1085325_mC_calls_Tu_0_bud_lncRNA_methylation.tsv
[GSM1085316_mC_calls_Sp_0_bud] Loading regions from /home/muneeb/Downloads/BDA-Codebase/lncRNAs_only.bed ...
[GSM1085316_mC_calls_Sp_0_bud]   11,071 lncRNA regions
[GSM1085316_mC_calls_Sp_0_bud] Loading allc from /home/muneeb/Downloads/BDA-Codebase/GSE43857_RAW/GSM1085316_mC_calls_Sp_0_bud.tsv ...
[GSM1085316_mC_calls_Sp_0_bud]   35,456,693 cytosine records
[GSM1085316_mC_calls_Sp_0_bud] Aggregating methylation per region ...
[GSM1085316_mC_calls_Sp_0_bud]   Retained 10,681/11,071 regions (≥3 covered cytosine sites in at least one context)
[GSM1085316_mC_calls_Sp_0_bud] Written → /home/muneeb/Downloads/BDA-Codebase/methylation_full_run/GSM1085316_mC_calls_Sp_0_bud_lncRNA_methylation.tsv
[GSM1085321_mC_calls_Ta_0_bud] Loading regions from /home/muneeb/Downloads/BDA-Codebase/lncRNAs_only.bed ...
[GSM1085321_mC_calls_Ta_0_bud]   11,071 lncRNA regions
[GSM1085321_mC_calls_Ta_0_bud] Loading allc from /home/muneeb/Downloads/BDA-Codebase/GSE43857_RAW/GSM1085321_mC_calls_Ta_0_bud.tsv ...
[GSM1085321_mC_calls_Ta_0_bud]   35,334,556 cytosine records
[GSM1085321_mC_calls_Ta_0_bud] Aggregating methylation per region ...
[GSM1085321_mC_calls_Ta_0_bud]   Retained 10,725/11,071 regions (≥3 covered cytosine sites in at least one context)
[GSM1085321_mC_calls_Ta_0_bud] Written → /home/muneeb/Downloads/BDA-Codebase/methylation_full_run/GSM1085321_mC_calls_Ta_0_bud_lncRNA_methylation.tsv
[GSM1085320_mC_calls_Sus_1_bud] Loading regions from /home/muneeb/Downloads/BDA-Codebase/lncRNAs_only.bed ...
[GSM1085320_mC_calls_Sus_1_bud]   11,071 lncRNA regions
[GSM1085320_mC_calls_Sus_1_bud] Loading allc from /home/muneeb/Downloads/BDA-Codebase/GSE43857_RAW/GSM1085320_mC_calls_Sus_1_bud.tsv ...
[GSM1085320_mC_calls_Sus_1_bud]   34,990,322 cytosine records
[GSM1085320_mC_calls_Sus_1_bud] Aggregating methylation per region ...
[GSM1085320_mC_calls_Sus_1_bud]   Retained 10,667/11,071 regions (≥3 covered cytosine sites in at least one context)
[GSM1085320_mC_calls_Sus_1_bud] Written → /home/muneeb/Downloads/BDA-Codebase/methylation_full_run/GSM1085320_mC_calls_Sus_1_bud_lncRNA_methylation.tsv
[GSM1085324_mC_calls_Tscha_1_bud] Loading regions from /home/muneeb/Downloads/BDA-Codebase/lncRNAs_only.bed ...
[GSM1085324_mC_calls_Tscha_1_bud]   11,071 lncRNA regions
[GSM1085324_mC_calls_Tscha_1_bud] Loading allc from /home/muneeb/Downloads/BDA-Codebase/GSE43857_RAW/GSM1085324_mC_calls_Tscha_1_bud.tsv ...
[GSM1085324_mC_calls_Tscha_1_bud]   33,834,877 cytosine records
[GSM1085324_mC_calls_Tscha_1_bud] Aggregating methylation per region ...
[GSM1085324_mC_calls_Tscha_1_bud]   Retained 10,728/11,071 regions (≥3 covered cytosine sites in at least one context)
[GSM1085324_mC_calls_Tscha_1_bud] Written → /home/muneeb/Downloads/BDA-Codebase/methylation_full_run/GSM1085324_mC_calls_Tscha_1_bud_lncRNA_methylation.tsv
[GSM1085323_mC_calls_Tol_0_bud] Loading regions from /home/muneeb/Downloads/BDA-Codebase/lncRNAs_only.bed ...
[GSM1085323_mC_calls_Tol_0_bud]   11,071 lncRNA regions
[GSM1085323_mC_calls_Tol_0_bud] Loading allc from /home/muneeb/Downloads/BDA-Codebase/GSE43857_RAW/GSM1085323_mC_calls_Tol_0_bud.tsv ...
[GSM1085323_mC_calls_Tol_0_bud]   35,797,200 cytosine records
[GSM1085323_mC_calls_Tol_0_bud] Aggregating methylation per region ...
[GSM1085323_mC_calls_Tol_0_bud]   Retained 10,737/11,071 regions (≥3 covered cytosine sites in at least one context)
[GSM1085323_mC_calls_Tol_0_bud] Written → /home/muneeb/Downloads/BDA-Codebase/methylation_full_run/GSM1085323_mC_calls_Tol_0_bud_lncRNA_methylation.tsv
[GSM1085326_mC_calls_Ty_0_bud] Loading regions from /home/muneeb/Downloads/BDA-Codebase/lncRNAs_only.bed ...
[GSM1085326_mC_calls_Ty_0_bud]   11,071 lncRNA regions
[GSM1085326_mC_calls_Ty_0_bud] Loading allc from /home/muneeb/Downloads/BDA-Codebase/GSE43857_RAW/GSM1085326_mC_calls_Ty_0_bud.tsv ...
[GSM1085326_mC_calls_Ty_0_bud]   36,071,816 cytosine records
[GSM1085326_mC_calls_Ty_0_bud] Aggregating methylation per region ...
[GSM1085326_mC_calls_Ty_0_bud]   Retained 10,684/11,071 regions (≥3 covered cytosine sites in at least one context)
[GSM1085326_mC_calls_Ty_0_bud] Written → /home/muneeb/Downloads/BDA-Codebase/methylation_full_run/GSM1085326_mC_calls_Ty_0_bud_lncRNA_methylation.tsv
[GSM1085329_mC_calls_Uod_1_bud] Loading regions from /home/muneeb/Downloads/BDA-Codebase/lncRNAs_only.bed ...
[GSM1085329_mC_calls_Uod_1_bud]   11,071 lncRNA regions
[GSM1085329_mC_calls_Uod_1_bud] Loading allc from /home/muneeb/Downloads/BDA-Codebase/GSE43857_RAW/GSM1085329_mC_calls_Uod_1_bud.tsv ...
[GSM1085329_mC_calls_Uod_1_bud]   32,858,298 cytosine records
[GSM1085329_mC_calls_Uod_1_bud] Aggregating methylation per region ...
[GSM1085329_mC_calls_Uod_1_bud]   Retained 10,715/11,071 regions (≥3 covered cytosine sites in at least one context)
[GSM1085329_mC_calls_Uod_1_bud] Written → /home/muneeb/Downloads/BDA-Codebase/methylation_full_run/GSM1085329_mC_calls_Uod_1_bud_lncRNA_methylation.tsv
[GSM1085327_mC_calls_Uk_1] Loading regions from /home/muneeb/Downloads/BDA-Codebase/lncRNAs_only.bed ...
[GSM1085327_mC_calls_Uk_1]   11,071 lncRNA regions
[GSM1085327_mC_calls_Uk_1] Loading allc from /home/muneeb/Downloads/BDA-Codebase/GSE43857_RAW/GSM1085327_mC_calls_Uk_1.tsv ...
[GSM1085327_mC_calls_Uk_1]   33,733,317 cytosine records
[GSM1085327_mC_calls_Uk_1] Aggregating methylation per region ...
[GSM1085327_mC_calls_Uk_1]   Retained 10,722/11,071 regions (≥3 covered cytosine sites in at least one context)
[GSM1085327_mC_calls_Uk_1] Written → /home/muneeb/Downloads/BDA-Codebase/methylation_full_run/GSM1085327_mC_calls_Uk_1_lncRNA_methylation.tsv
[GSM1085328_mC_calls_Uk_1_bud] Loading regions from /home/muneeb/Downloads/BDA-Codebase/lncRNAs_only.bed ...
[GSM1085328_mC_calls_Uk_1_bud]   11,071 lncRNA regions
[GSM1085328_mC_calls_Uk_1_bud] Loading allc from /home/muneeb/Downloads/BDA-Codebase/GSE43857_RAW/GSM1085328_mC_calls_Uk_1_bud.tsv ...
[GSM1085328_mC_calls_Uk_1_bud]   32,855,354 cytosine records
[GSM1085328_mC_calls_Uk_1_bud] Aggregating methylation per region ...
[GSM1085328_mC_calls_Uk_1_bud]   Retained 10,721/11,071 regions (≥3 covered cytosine sites in at least one context)
[GSM1085328_mC_calls_Uk_1_bud] Written → /home/muneeb/Downloads/BDA-Codebase/methylation_full_run/GSM1085328_mC_calls_Uk_1_bud_lncRNA_methylation.tsv
[GSM1085332_mC_calls_Vind_1] Loading regions from /home/muneeb/Downloads/BDA-Codebase/lncRNAs_only.bed ...
[GSM1085332_mC_calls_Vind_1]   11,071 lncRNA regions
[GSM1085332_mC_calls_Vind_1] Loading allc from /home/muneeb/Downloads/BDA-Codebase/GSE43857_RAW/GSM1085332_mC_calls_Vind_1.tsv ...
[GSM1085332_mC_calls_Vind_1]   29,863,231 cytosine records
[GSM1085332_mC_calls_Vind_1] Aggregating methylation per region ...
[GSM1085332_mC_calls_Vind_1]   Retained 10,686/11,071 regions (≥3 covered cytosine sites in at least one context)
[GSM1085332_mC_calls_Vind_1] Written → /home/muneeb/Downloads/BDA-Codebase/methylation_full_run/GSM1085332_mC_calls_Vind_1_lncRNA_methylation.tsv
[GSM1085333_mC_calls_Wa_1] Loading regions from /home/muneeb/Downloads/BDA-Codebase/lncRNAs_only.bed ...
[GSM1085333_mC_calls_Wa_1]   11,071 lncRNA regions
[GSM1085333_mC_calls_Wa_1] Loading allc from /home/muneeb/Downloads/BDA-Codebase/GSE43857_RAW/GSM1085333_mC_calls_Wa_1.tsv ...
[GSM1085333_mC_calls_Wa_1]   29,260,050 cytosine records
[GSM1085333_mC_calls_Wa_1] Aggregating methylation per region ...
[GSM1085333_mC_calls_Wa_1]   Retained 10,662/11,071 regions (≥3 covered cytosine sites in at least one context)
[GSM1085333_mC_calls_Wa_1] Written → /home/muneeb/Downloads/BDA-Codebase/methylation_full_run/GSM1085333_mC_calls_Wa_1_lncRNA_methylation.tsv
[GSM1085334_mC_calls_Westkar_4_bud] Loading regions from /home/muneeb/Downloads/BDA-Codebase/lncRNAs_only.bed ...
[GSM1085334_mC_calls_Westkar_4_bud]   11,071 lncRNA regions
[GSM1085334_mC_calls_Westkar_4_bud] Loading allc from /home/muneeb/Downloads/BDA-Codebase/GSE43857_RAW/GSM1085334_mC_calls_Westkar_4_bud.tsv ...
[GSM1085334_mC_calls_Westkar_4_bud]   28,854,706 cytosine records
[GSM1085334_mC_calls_Westkar_4_bud] Aggregating methylation per region ...
[GSM1085334_mC_calls_Westkar_4_bud]   Retained 10,635/11,071 regions (≥3 covered cytosine sites in at least one context)
[GSM1085334_mC_calls_Westkar_4_bud] Written → /home/muneeb/Downloads/BDA-Codebase/methylation_full_run/GSM1085334_mC_calls_Westkar_4_bud_lncRNA_methylation.tsv
[GSM1108100_mC_calls_Er_0] Loading regions from /home/muneeb/Downloads/BDA-Codebase/lncRNAs_only.bed ...
[GSM1108100_mC_calls_Er_0]   11,071 lncRNA regions
[GSM1108100_mC_calls_Er_0] Loading allc from /home/muneeb/Downloads/BDA-Codebase/GSE43857_RAW/GSM1108100_mC_calls_Er_0.tsv ...
[GSM1108100_mC_calls_Er_0]   28,883,728 cytosine records
[GSM1108100_mC_calls_Er_0] Aggregating methylation per region ...
[GSM1108100_mC_calls_Er_0]   Retained 10,673/11,071 regions (≥3 covered cytosine sites in at least one context)
[GSM1108100_mC_calls_Er_0] Written → /home/muneeb/Downloads/BDA-Codebase/methylation_full_run/GSM1108100_mC_calls_Er_0_lncRNA_methylation.tsv
[GSM1085331_mC_calls_Van_0_bud] Loading regions from /home/muneeb/Downloads/BDA-Codebase/lncRNAs_only.bed ...
[GSM1085331_mC_calls_Van_0_bud]   11,071 lncRNA regions
[GSM1085331_mC_calls_Van_0_bud] Loading allc from /home/muneeb/Downloads/BDA-Codebase/GSE43857_RAW/GSM1085331_mC_calls_Van_0_bud.tsv ...
[GSM1085331_mC_calls_Van_0_bud]   34,069,633 cytosine records
[GSM1085331_mC_calls_Van_0_bud] Aggregating methylation per region ...
[GSM1085331_mC_calls_Van_0_bud]   Retained 10,695/11,071 regions (≥3 covered cytosine sites in at least one context)
[GSM1085331_mC_calls_Van_0_bud] Written → /home/muneeb/Downloads/BDA-Codebase/methylation_full_run/GSM1085331_mC_calls_Van_0_bud_lncRNA_methylation.tsv
[GSM1108101_mC_calls_Er_0_bud] Loading regions from /home/muneeb/Downloads/BDA-Codebase/lncRNAs_only.bed ...
[GSM1108101_mC_calls_Er_0_bud]   11,071 lncRNA regions
[GSM1108101_mC_calls_Er_0_bud] Loading allc from /home/muneeb/Downloads/BDA-Codebase/GSE43857_RAW/GSM1108101_mC_calls_Er_0_bud.tsv ...
[GSM1108101_mC_calls_Er_0_bud]   30,787,679 cytosine records
[GSM1108101_mC_calls_Er_0_bud] Aggregating methylation per region ...
[GSM1108101_mC_calls_Er_0_bud]   Retained 10,682/11,071 regions (≥3 covered cytosine sites in at least one context)
[GSM1108101_mC_calls_Er_0_bud] Written → /home/muneeb/Downloads/BDA-Codebase/methylation_full_run/GSM1108101_mC_calls_Er_0_bud_lncRNA_methylation.tsv
[GSM1085337_mC_calls_Wt_5] Loading regions from /home/muneeb/Downloads/BDA-Codebase/lncRNAs_only.bed ...
[GSM1085337_mC_calls_Wt_5]   11,071 lncRNA regions
[GSM1085337_mC_calls_Wt_5] Loading allc from /home/muneeb/Downloads/BDA-Codebase/GSE43857_RAW/GSM1085337_mC_calls_Wt_5.tsv ...
[GSM1085337_mC_calls_Wt_5]   30,641,565 cytosine records
[GSM1085337_mC_calls_Wt_5] Aggregating methylation per region ...
[GSM1085337_mC_calls_Wt_5]   Retained 10,678/11,071 regions (≥3 covered cytosine sites in at least one context)
[GSM1085337_mC_calls_Wt_5] Written → /home/muneeb/Downloads/BDA-Codebase/methylation_full_run/GSM1085337_mC_calls_Wt_5_lncRNA_methylation.tsv
[GSM1085338_mC_calls_Yo_0] Loading regions from /home/muneeb/Downloads/BDA-Codebase/lncRNAs_only.bed ...
[GSM1085338_mC_calls_Yo_0]   11,071 lncRNA regions
[GSM1085338_mC_calls_Yo_0] Loading allc from /home/muneeb/Downloads/BDA-Codebase/GSE43857_RAW/GSM1085338_mC_calls_Yo_0.tsv ...
[GSM1085338_mC_calls_Yo_0]   30,250,447 cytosine records
[GSM1085338_mC_calls_Yo_0] Aggregating methylation per region ...
[GSM1085338_mC_calls_Yo_0]   Retained 10,704/11,071 regions (≥3 covered cytosine sites in at least one context)
[GSM1085338_mC_calls_Yo_0] Written → /home/muneeb/Downloads/BDA-Codebase/methylation_full_run/GSM1085338_mC_calls_Yo_0_lncRNA_methylation.tsv
[GSM1085339_mC_calls_Zdr_1] Loading regions from /home/muneeb/Downloads/BDA-Codebase/lncRNAs_only.bed ...
[GSM1085339_mC_calls_Zdr_1]   11,071 lncRNA regions
[GSM1085339_mC_calls_Zdr_1] Loading allc from /home/muneeb/Downloads/BDA-Codebase/GSE43857_RAW/GSM1085339_mC_calls_Zdr_1.tsv ...
[GSM1085339_mC_calls_Zdr_1]   29,705,457 cytosine records
[GSM1085339_mC_calls_Zdr_1] Aggregating methylation per region ...
[GSM1085339_mC_calls_Zdr_1]   Retained 10,710/11,071 regions (≥3 covered cytosine sites in at least one context)
[GSM1085339_mC_calls_Zdr_1] Written → /home/muneeb/Downloads/BDA-Codebase/methylation_full_run/GSM1085339_mC_calls_Zdr_1_lncRNA_methylation.tsv
[GSM1085335_mC_calls_Wl_0_bud] Loading regions from /home/muneeb/Downloads/BDA-Codebase/lncRNAs_only.bed ...
[GSM1085335_mC_calls_Wl_0_bud]   11,071 lncRNA regions
[GSM1085335_mC_calls_Wl_0_bud] Loading allc from /home/muneeb/Downloads/BDA-Codebase/GSE43857_RAW/GSM1085335_mC_calls_Wl_0_bud.tsv ...
[GSM1085335_mC_calls_Wl_0_bud]   33,365,176 cytosine records
[GSM1085335_mC_calls_Wl_0_bud] Aggregating methylation per region ...
[GSM1085335_mC_calls_Wl_0_bud]   Retained 10,715/11,071 regions (≥3 covered cytosine sites in at least one context)
[GSM1085335_mC_calls_Wl_0_bud] Written → /home/muneeb/Downloads/BDA-Codebase/methylation_full_run/GSM1085335_mC_calls_Wl_0_bud_lncRNA_methylation.tsv
[GSM1085336_mC_calls_Ws_2_bud] Loading regions from /home/muneeb/Downloads/BDA-Codebase/lncRNAs_only.bed ...
[GSM1085336_mC_calls_Ws_2_bud]   11,071 lncRNA regions
[GSM1085336_mC_calls_Ws_2_bud] Loading allc from /home/muneeb/Downloads/BDA-Codebase/GSE43857_RAW/GSM1085336_mC_calls_Ws_2_bud.tsv ...
[GSM1085336_mC_calls_Ws_2_bud]   31,741,088 cytosine records
[GSM1085336_mC_calls_Ws_2_bud] Aggregating methylation per region ...
[GSM1085336_mC_calls_Ws_2_bud]   Retained 10,718/11,071 regions (≥3 covered cytosine sites in at least one context)
[GSM1085336_mC_calls_Ws_2_bud] Written → /home/muneeb/Downloads/BDA-Codebase/methylation_full_run/GSM1085336_mC_calls_Ws_2_bud_lncRNA_methylation.tsv
[GSM1085330_mC_calls_Utrecht_bud] Loading regions from /home/muneeb/Downloads/BDA-Codebase/lncRNAs_only.bed ...
[GSM1085330_mC_calls_Utrecht_bud]   11,071 lncRNA regions
[GSM1085330_mC_calls_Utrecht_bud] Loading allc from /home/muneeb/Downloads/BDA-Codebase/GSE43857_RAW/GSM1085330_mC_calls_Utrecht_bud.tsv ...
[GSM1085330_mC_calls_Utrecht_bud]   34,839,049 cytosine records
[GSM1085330_mC_calls_Utrecht_bud] Aggregating methylation per region ...
[GSM1085330_mC_calls_Utrecht_bud]   Retained 10,699/11,071 regions (≥3 covered cytosine sites in at least one context)
[GSM1085330_mC_calls_Utrecht_bud] Written → /home/muneeb/Downloads/BDA-Codebase/methylation_full_run/GSM1085330_mC_calls_Utrecht_bud_lncRNA_methylation.tsv
[GSM2099113_allc_10001] Loading regions from /home/muneeb/Downloads/BDA-Codebase/lncRNAs_only.bed ...
[GSM2099113_allc_10001]   11,071 lncRNA regions
[GSM2099113_allc_10001] Loading allc from /home/muneeb/Downloads/BDA-Codebase/GSE43857_RAW/GSM2099113_allc_10001.tsv ...
[GSM2099113_allc_10001]   37,558,290 cytosine records
[GSM2099113_allc_10001] Aggregating methylation per region ...
[GSM2099113_allc_10001]   Retained 10,826/11,071 regions (≥3 covered cytosine sites in at least one context)
[GSM2099113_allc_10001] Written → /home/muneeb/Downloads/BDA-Codebase/methylation_full_run/GSM2099113_allc_10001_lncRNA_methylation.tsv
[GSM2099114_allc_10004] Loading regions from /home/muneeb/Downloads/BDA-Codebase/lncRNAs_only.bed ...
[GSM2099114_allc_10004]   11,071 lncRNA regions
[GSM2099114_allc_10004] Loading allc from /home/muneeb/Downloads/BDA-Codebase/GSE43857_RAW/GSM2099114_allc_10004.tsv ...
[GSM2099114_allc_10004]   37,642,724 cytosine records
[GSM2099114_allc_10004] Aggregating methylation per region ...
[GSM2099114_allc_10004]   Retained 10,854/11,071 regions (≥3 covered cytosine sites in at least one context)
[GSM2099114_allc_10004] Written → /home/muneeb/Downloads/BDA-Codebase/methylation_full_run/GSM2099114_allc_10004_lncRNA_methylation.tsv
[GSM2099116_allc_10009] Loading regions from /home/muneeb/Downloads/BDA-Codebase/lncRNAs_only.bed ...
[GSM2099116_allc_10009]   11,071 lncRNA regions
[GSM2099116_allc_10009] Loading allc from /home/muneeb/Downloads/BDA-Codebase/GSE43857_RAW/GSM2099116_allc_10009.tsv ...
[GSM2099116_allc_10009]   32,305,527 cytosine records
[GSM2099116_allc_10009] Aggregating methylation per region ...
[GSM2099116_allc_10009]   Retained 10,776/11,071 regions (≥3 covered cytosine sites in at least one context)
[GSM2099116_allc_10009] Written → /home/muneeb/Downloads/BDA-Codebase/methylation_full_run/GSM2099116_allc_10009_lncRNA_methylation.tsv
[GSM1085340_mC_calls_Zdr_1_bud] Loading regions from /home/muneeb/Downloads/BDA-Codebase/lncRNAs_only.bed ...
[GSM1085340_mC_calls_Zdr_1_bud]   11,071 lncRNA regions
[GSM1085340_mC_calls_Zdr_1_bud] Loading allc from /home/muneeb/Downloads/BDA-Codebase/GSE43857_RAW/GSM1085340_mC_calls_Zdr_1_bud.tsv ...
[GSM1085340_mC_calls_Zdr_1_bud]   35,628,574 cytosine records
[GSM1085340_mC_calls_Zdr_1_bud] Aggregating methylation per region ...
[GSM1085340_mC_calls_Zdr_1_bud]   Retained 10,709/11,071 regions (≥3 covered cytosine sites in at least one context)
[GSM1085340_mC_calls_Zdr_1_bud] Written → /home/muneeb/Downloads/BDA-Codebase/methylation_full_run/GSM1085340_mC_calls_Zdr_1_bud_lncRNA_methylation.tsv
[GSM2099115_allc_10006] Loading regions from /home/muneeb/Downloads/BDA-Codebase/lncRNAs_only.bed ...
[GSM2099115_allc_10006]   11,071 lncRNA regions
[GSM2099115_allc_10006] Loading allc from /home/muneeb/Downloads/BDA-Codebase/GSE43857_RAW/GSM2099115_allc_10006.tsv ...
[GSM2099115_allc_10006]   36,845,344 cytosine records
[GSM2099115_allc_10006] Aggregating methylation per region ...
[GSM2099115_allc_10006]   Retained 10,781/11,071 regions (≥3 covered cytosine sites in at least one context)
[GSM2099115_allc_10006] Written → /home/muneeb/Downloads/BDA-Codebase/methylation_full_run/GSM2099115_allc_10006_lncRNA_methylation.tsv
[GSM2099117_allc_10010] Loading regions from /home/muneeb/Downloads/BDA-Codebase/lncRNAs_only.bed ...
[GSM2099117_allc_10010]   11,071 lncRNA regions
[GSM2099117_allc_10010] Loading allc from /home/muneeb/Downloads/BDA-Codebase/GSE43857_RAW/GSM2099117_allc_10010.tsv ...
[GSM2099117_allc_10010]   37,716,358 cytosine records
[GSM2099117_allc_10010] Aggregating methylation per region ...
[GSM2099117_allc_10010]   Retained 10,886/11,071 regions (≥3 covered cytosine sites in at least one context)
[GSM2099117_allc_10010] Written → /home/muneeb/Downloads/BDA-Codebase/methylation_full_run/GSM2099117_allc_10010_lncRNA_methylation.tsv
[GSM2099118_allc_10011] Loading regions from /home/muneeb/Downloads/BDA-Codebase/lncRNAs_only.bed ...
[GSM2099118_allc_10011]   11,071 lncRNA regions
[GSM2099118_allc_10011] Loading allc from /home/muneeb/Downloads/BDA-Codebase/GSE43857_RAW/GSM2099118_allc_10011.tsv ...
[GSM2099118_allc_10011]   37,807,021 cytosine records
[GSM2099118_allc_10011] Aggregating methylation per region ...
[GSM2099118_allc_10011]   Retained 10,819/11,071 regions (≥3 covered cytosine sites in at least one context)
[GSM2099118_allc_10011] Written → /home/muneeb/Downloads/BDA-Codebase/methylation_full_run/GSM2099118_allc_10011_lncRNA_methylation.tsv
[GSM2099119_allc_10013] Loading regions from /home/muneeb/Downloads/BDA-Codebase/lncRNAs_only.bed ...
[GSM2099119_allc_10013]   11,071 lncRNA regions
[GSM2099119_allc_10013] Loading allc from /home/muneeb/Downloads/BDA-Codebase/GSE43857_RAW/GSM2099119_allc_10013.tsv ...
[GSM2099119_allc_10013]   36,373,811 cytosine records
[GSM2099119_allc_10013] Aggregating methylation per region ...
[GSM2099119_allc_10013]   Retained 10,842/11,071 regions (≥3 covered cytosine sites in at least one context)
[GSM2099119_allc_10013] Written → /home/muneeb/Downloads/BDA-Codebase/methylation_full_run/GSM2099119_allc_10013_lncRNA_methylation.tsv
[GSM2099120_allc_10014] Loading regions from /home/muneeb/Downloads/BDA-Codebase/lncRNAs_only.bed ...
[GSM2099120_allc_10014]   11,071 lncRNA regions
[GSM2099120_allc_10014] Loading allc from /home/muneeb/Downloads/BDA-Codebase/GSE43857_RAW/GSM2099120_allc_10014.tsv ...
[GSM2099120_allc_10014]   36,349,193 cytosine records
[GSM2099120_allc_10014] Aggregating methylation per region ...
[GSM2099120_allc_10014]   Retained 10,831/11,071 regions (≥3 covered cytosine sites in at least one context)
[GSM2099120_allc_10014] Written → /home/muneeb/Downloads/BDA-Codebase/methylation_full_run/GSM2099120_allc_10014_lncRNA_methylation.tsv
[GSM2099121_allc_10015] Loading regions from /home/muneeb/Downloads/BDA-Codebase/lncRNAs_only.bed ...
[GSM2099121_allc_10015]   11,071 lncRNA regions
[GSM2099121_allc_10015] Loading allc from /home/muneeb/Downloads/BDA-Codebase/GSE43857_RAW/GSM2099121_allc_10015.tsv ...
[GSM2099121_allc_10015]   37,502,689 cytosine records
[GSM2099121_allc_10015] Aggregating methylation per region ...
[GSM2099121_allc_10015]   Retained 10,871/11,071 regions (≥3 covered cytosine sites in at least one context)
[GSM2099121_allc_10015] Written → /home/muneeb/Downloads/BDA-Codebase/methylation_full_run/GSM2099121_allc_10015_lncRNA_methylation.tsv
[GSM2099124_allc_10018] Loading regions from /home/muneeb/Downloads/BDA-Codebase/lncRNAs_only.bed ...
[GSM2099124_allc_10018]   11,071 lncRNA regions
[GSM2099124_allc_10018] Loading allc from /home/muneeb/Downloads/BDA-Codebase/GSE43857_RAW/GSM2099124_allc_10018.tsv ...
[GSM2099124_allc_10018]   37,880,072 cytosine records
[GSM2099124_allc_10018] Aggregating methylation per region ...
[GSM2099124_allc_10018]   Retained 10,821/11,071 regions (≥3 covered cytosine sites in at least one context)
[GSM2099124_allc_10018] Written → /home/muneeb/Downloads/BDA-Codebase/methylation_full_run/GSM2099124_allc_10018_lncRNA_methylation.tsv
[GSM2099122_allc_10016] Loading regions from /home/muneeb/Downloads/BDA-Codebase/lncRNAs_only.bed ...
[GSM2099122_allc_10016]   11,071 lncRNA regions
[GSM2099122_allc_10016] Loading allc from /home/muneeb/Downloads/BDA-Codebase/GSE43857_RAW/GSM2099122_allc_10016.tsv ...
[GSM2099122_allc_10016]   38,118,651 cytosine records
[GSM2099122_allc_10016] Aggregating methylation per region ...
[GSM2099122_allc_10016]   Retained 10,908/11,071 regions (≥3 covered cytosine sites in at least one context)
[GSM2099122_allc_10016] Written → /home/muneeb/Downloads/BDA-Codebase/methylation_full_run/GSM2099122_allc_10016_lncRNA_methylation.tsv
[GSM2099123_allc_10017] Loading regions from /home/muneeb/Downloads/BDA-Codebase/lncRNAs_only.bed ...
[GSM2099123_allc_10017]   11,071 lncRNA regions
[GSM2099123_allc_10017] Loading allc from /home/muneeb/Downloads/BDA-Codebase/GSE43857_RAW/GSM2099123_allc_10017.tsv ...
[GSM2099123_allc_10017]   37,716,558 cytosine records
[GSM2099123_allc_10017] Aggregating methylation per region ...
[GSM2099123_allc_10017]   Retained 10,808/11,071 regions (≥3 covered cytosine sites in at least one context)
[GSM2099123_allc_10017] Written → /home/muneeb/Downloads/BDA-Codebase/methylation_full_run/GSM2099123_allc_10017_lncRNA_methylation.tsv
[GSM2099125_allc_10020] Loading regions from /home/muneeb/Downloads/BDA-Codebase/lncRNAs_only.bed ...
[GSM2099125_allc_10020]   11,071 lncRNA regions
[GSM2099125_allc_10020] Loading allc from /home/muneeb/Downloads/BDA-Codebase/GSE43857_RAW/GSM2099125_allc_10020.tsv ...
[GSM2099125_allc_10020]   37,606,085 cytosine records
[GSM2099125_allc_10020] Aggregating methylation per region ...
[GSM2099125_allc_10020]   Retained 10,803/11,071 regions (≥3 covered cytosine sites in at least one context)
[GSM2099125_allc_10020] Written → /home/muneeb/Downloads/BDA-Codebase/methylation_full_run/GSM2099125_allc_10020_lncRNA_methylation.tsv
[GSM2099127_allc_10022] Loading regions from /home/muneeb/Downloads/BDA-Codebase/lncRNAs_only.bed ...
[GSM2099127_allc_10022]   11,071 lncRNA regions
[GSM2099127_allc_10022] Loading allc from /home/muneeb/Downloads/BDA-Codebase/GSE43857_RAW/GSM2099127_allc_10022.tsv ...
[GSM2099127_allc_10022]   37,431,428 cytosine records
[GSM2099127_allc_10022] Aggregating methylation per region ...
[GSM2099127_allc_10022]   Retained 10,784/11,071 regions (≥3 covered cytosine sites in at least one context)
[GSM2099127_allc_10022] Written → /home/muneeb/Downloads/BDA-Codebase/methylation_full_run/GSM2099127_allc_10022_lncRNA_methylation.tsv
[GSM2099126_allc_10021] Loading regions from /home/muneeb/Downloads/BDA-Codebase/lncRNAs_only.bed ...
[GSM2099126_allc_10021]   11,071 lncRNA regions
[GSM2099126_allc_10021] Loading allc from /home/muneeb/Downloads/BDA-Codebase/GSE43857_RAW/GSM2099126_allc_10021.tsv ...
[GSM2099126_allc_10021]   38,083,044 cytosine records
[GSM2099126_allc_10021] Aggregating methylation per region ...
[GSM2099126_allc_10021]   Retained 10,810/11,071 regions (≥3 covered cytosine sites in at least one context)
[GSM2099126_allc_10021] Written → /home/muneeb/Downloads/BDA-Codebase/methylation_full_run/GSM2099126_allc_10021_lncRNA_methylation.tsv
[GSM2099129_allc_10024] Loading regions from /home/muneeb/Downloads/BDA-Codebase/lncRNAs_only.bed ...
[GSM2099129_allc_10024]   11,071 lncRNA regions
[GSM2099129_allc_10024] Loading allc from /home/muneeb/Downloads/BDA-Codebase/GSE43857_RAW/GSM2099129_allc_10024.tsv ...
[GSM2099129_allc_10024]   36,416,182 cytosine records
[GSM2099129_allc_10024] Aggregating methylation per region ...
[GSM2099129_allc_10024]   Retained 10,803/11,071 regions (≥3 covered cytosine sites in at least one context)
[GSM2099129_allc_10024] Written → /home/muneeb/Downloads/BDA-Codebase/methylation_full_run/GSM2099129_allc_10024_lncRNA_methylation.tsv
[GSM2099128_allc_10023] Loading regions from /home/muneeb/Downloads/BDA-Codebase/lncRNAs_only.bed ...
[GSM2099128_allc_10023]   11,071 lncRNA regions
[GSM2099128_allc_10023] Loading allc from /home/muneeb/Downloads/BDA-Codebase/GSE43857_RAW/GSM2099128_allc_10023.tsv ...
[GSM2099128_allc_10023]   37,814,096 cytosine records
[GSM2099128_allc_10023] Aggregating methylation per region ...
[GSM2099128_allc_10023]   Retained 10,816/11,071 regions (≥3 covered cytosine sites in at least one context)
[GSM2099128_allc_10023] Written → /home/muneeb/Downloads/BDA-Codebase/methylation_full_run/GSM2099128_allc_10023_lncRNA_methylation.tsv
[GSM2099132_allc_1066] Loading regions from /home/muneeb/Downloads/BDA-Codebase/lncRNAs_only.bed ...
[GSM2099132_allc_1066]   11,071 lncRNA regions
[GSM2099132_allc_1066] Loading allc from /home/muneeb/Downloads/BDA-Codebase/GSE43857_RAW/GSM2099132_allc_1066.tsv ...
[GSM2099132_allc_1066]   37,776,641 cytosine records
[GSM2099132_allc_1066] Aggregating methylation per region ...
[GSM2099132_allc_1066]   Retained 10,797/11,071 regions (≥3 covered cytosine sites in at least one context)
[GSM2099132_allc_1066] Written → /home/muneeb/Downloads/BDA-Codebase/methylation_full_run/GSM2099132_allc_1066_lncRNA_methylation.tsv
[GSM2099131_allc_1002] Loading regions from /home/muneeb/Downloads/BDA-Codebase/lncRNAs_only.bed ...
[GSM2099131_allc_1002]   11,071 lncRNA regions
[GSM2099131_allc_1002] Loading allc from /home/muneeb/Downloads/BDA-Codebase/GSE43857_RAW/GSM2099131_allc_1002.tsv ...
[GSM2099131_allc_1002]   37,536,313 cytosine records
[GSM2099131_allc_1002] Aggregating methylation per region ...
[GSM2099131_allc_1002]   Retained 10,829/11,071 regions (≥3 covered cytosine sites in at least one context)
[GSM2099131_allc_1002] Written → /home/muneeb/Downloads/BDA-Codebase/methylation_full_run/GSM2099131_allc_1002_lncRNA_methylation.tsv
[GSM2099130_allc_10026] Loading regions from /home/muneeb/Downloads/BDA-Codebase/lncRNAs_only.bed ...
[GSM2099130_allc_10026]   11,071 lncRNA regions
[GSM2099130_allc_10026] Loading allc from /home/muneeb/Downloads/BDA-Codebase/GSE43857_RAW/GSM2099130_allc_10026.tsv ...
[GSM2099130_allc_10026]   36,959,618 cytosine records
[GSM2099130_allc_10026] Aggregating methylation per region ...
[GSM2099130_allc_10026]   Retained 10,734/11,071 regions (≥3 covered cytosine sites in at least one context)
[GSM2099130_allc_10026] Written → /home/muneeb/Downloads/BDA-Codebase/methylation_full_run/GSM2099130_allc_10026_lncRNA_methylation.tsv
[GSM2099135_allc_159] Loading regions from /home/muneeb/Downloads/BDA-Codebase/lncRNAs_only.bed ...
[GSM2099135_allc_159]   11,071 lncRNA regions
[GSM2099135_allc_159] Loading allc from /home/muneeb/Downloads/BDA-Codebase/GSE43857_RAW/GSM2099135_allc_159.tsv ...
[GSM2099135_allc_159]   35,932,534 cytosine records
[GSM2099135_allc_159] Aggregating methylation per region ...
[GSM2099135_allc_159]   Retained 10,805/11,071 regions (≥3 covered cytosine sites in at least one context)
[GSM2099135_allc_159] Written → /home/muneeb/Downloads/BDA-Codebase/methylation_full_run/GSM2099135_allc_159_lncRNA_methylation.tsv
[GSM2099133_allc_1158] Loading regions from /home/muneeb/Downloads/BDA-Codebase/lncRNAs_only.bed ...
[GSM2099133_allc_1158]   11,071 lncRNA regions
[GSM2099133_allc_1158] Loading allc from /home/muneeb/Downloads/BDA-Codebase/GSE43857_RAW/GSM2099133_allc_1158.tsv ...
[GSM2099133_allc_1158]   36,837,314 cytosine records
[GSM2099133_allc_1158] Aggregating methylation per region ...
[GSM2099133_allc_1158]   Retained 10,808/11,071 regions (≥3 covered cytosine sites in at least one context)
[GSM2099133_allc_1158] Written → /home/muneeb/Downloads/BDA-Codebase/methylation_full_run/GSM2099133_allc_1158_lncRNA_methylation.tsv
[GSM2099136_allc_1829] Loading regions from /home/muneeb/Downloads/BDA-Codebase/lncRNAs_only.bed ...
[GSM2099136_allc_1829]   11,071 lncRNA regions
[GSM2099136_allc_1829] Loading allc from /home/muneeb/Downloads/BDA-Codebase/GSE43857_RAW/GSM2099136_allc_1829.tsv ...
[GSM2099136_allc_1829]   37,584,325 cytosine records
[GSM2099136_allc_1829] Aggregating methylation per region ...
[GSM2099136_allc_1829]   Retained 10,787/11,071 regions (≥3 covered cytosine sites in at least one context)
[GSM2099136_allc_1829] Written → /home/muneeb/Downloads/BDA-Codebase/methylation_full_run/GSM2099136_allc_1829_lncRNA_methylation.tsv
[GSM2099137_allc_1890] Loading regions from /home/muneeb/Downloads/BDA-Codebase/lncRNAs_only.bed ...
[GSM2099137_allc_1890]   11,071 lncRNA regions
[GSM2099137_allc_1890] Loading allc from /home/muneeb/Downloads/BDA-Codebase/GSE43857_RAW/GSM2099137_allc_1890.tsv ...
[GSM2099137_allc_1890]   37,616,959 cytosine records
[GSM2099137_allc_1890] Aggregating methylation per region ...
[GSM2099137_allc_1890]   Retained 10,820/11,071 regions (≥3 covered cytosine sites in at least one context)
[GSM2099137_allc_1890] Written → /home/muneeb/Downloads/BDA-Codebase/methylation_full_run/GSM2099137_allc_1890_lncRNA_methylation.tsv
[GSM2099138_allc_1925] Loading regions from /home/muneeb/Downloads/BDA-Codebase/lncRNAs_only.bed ...
[GSM2099138_allc_1925]   11,071 lncRNA regions
[GSM2099138_allc_1925] Loading allc from /home/muneeb/Downloads/BDA-Codebase/GSE43857_RAW/GSM2099138_allc_1925.tsv ...
[GSM2099138_allc_1925]   37,891,612 cytosine records
[GSM2099138_allc_1925] Aggregating methylation per region ...
[GSM2099138_allc_1925]   Retained 10,854/11,071 regions (≥3 covered cytosine sites in at least one context)
[GSM2099138_allc_1925] Written → /home/muneeb/Downloads/BDA-Codebase/methylation_full_run/GSM2099138_allc_1925_lncRNA_methylation.tsv
[GSM2099134_allc_1435] Loading regions from /home/muneeb/Downloads/BDA-Codebase/lncRNAs_only.bed ...
[GSM2099134_allc_1435]   11,071 lncRNA regions
[GSM2099134_allc_1435] Loading allc from /home/muneeb/Downloads/BDA-Codebase/GSE43857_RAW/GSM2099134_allc_1435.tsv ...
[GSM2099134_allc_1435]   40,126,424 cytosine records
[GSM2099134_allc_1435] Aggregating methylation per region ...
[GSM2099134_allc_1435]   Retained 10,943/11,071 regions (≥3 covered cytosine sites in at least one context)
[GSM2099134_allc_1435] Written → /home/muneeb/Downloads/BDA-Codebase/methylation_full_run/GSM2099134_allc_1435_lncRNA_methylation.tsv
[GSM2099139_allc_1954] Loading regions from /home/muneeb/Downloads/BDA-Codebase/lncRNAs_only.bed ...
[GSM2099139_allc_1954]   11,071 lncRNA regions
[GSM2099139_allc_1954] Loading allc from /home/muneeb/Downloads/BDA-Codebase/GSE43857_RAW/GSM2099139_allc_1954.tsv ...
[GSM2099139_allc_1954]   37,947,344 cytosine records
[GSM2099139_allc_1954] Aggregating methylation per region ...
[GSM2099139_allc_1954]   Retained 10,816/11,071 regions (≥3 covered cytosine sites in at least one context)
[GSM2099139_allc_1954] Written → /home/muneeb/Downloads/BDA-Codebase/methylation_full_run/GSM2099139_allc_1954_lncRNA_methylation.tsv
[GSM2099140_allc_2016] Loading regions from /home/muneeb/Downloads/BDA-Codebase/lncRNAs_only.bed ...
[GSM2099140_allc_2016]   11,071 lncRNA regions
[GSM2099140_allc_2016] Loading allc from /home/muneeb/Downloads/BDA-Codebase/GSE43857_RAW/GSM2099140_allc_2016.tsv ...
[GSM2099140_allc_2016]   37,870,207 cytosine records
[GSM2099140_allc_2016] Aggregating methylation per region ...
[GSM2099140_allc_2016]   Retained 10,844/11,071 regions (≥3 covered cytosine sites in at least one context)
[GSM2099140_allc_2016] Written → /home/muneeb/Downloads/BDA-Codebase/methylation_full_run/GSM2099140_allc_2016_lncRNA_methylation.tsv
[GSM2099141_allc_2202] Loading regions from /home/muneeb/Downloads/BDA-Codebase/lncRNAs_only.bed ...
[GSM2099141_allc_2202]   11,071 lncRNA regions
[GSM2099141_allc_2202] Loading allc from /home/muneeb/Downloads/BDA-Codebase/GSE43857_RAW/GSM2099141_allc_2202.tsv ...
[GSM2099141_allc_2202]   37,789,246 cytosine records
[GSM2099141_allc_2202] Aggregating methylation per region ...
[GSM2099141_allc_2202]   Retained 10,884/11,071 regions (≥3 covered cytosine sites in at least one context)
[GSM2099141_allc_2202] Written → /home/muneeb/Downloads/BDA-Codebase/methylation_full_run/GSM2099141_allc_2202_lncRNA_methylation.tsv
[GSM2099142_allc_2278] Loading regions from /home/muneeb/Downloads/BDA-Codebase/lncRNAs_only.bed ...
[GSM2099142_allc_2278]   11,071 lncRNA regions
[GSM2099142_allc_2278] Loading allc from /home/muneeb/Downloads/BDA-Codebase/GSE43857_RAW/GSM2099142_allc_2278.tsv ...
[GSM2099142_allc_2278]   38,083,956 cytosine records
[GSM2099142_allc_2278] Aggregating methylation per region ...
[GSM2099142_allc_2278]   Retained 10,843/11,071 regions (≥3 covered cytosine sites in at least one context)
[GSM2099142_allc_2278] Written → /home/muneeb/Downloads/BDA-Codebase/methylation_full_run/GSM2099142_allc_2278_lncRNA_methylation.tsv
[GSM2099143_allc_2317] Loading regions from /home/muneeb/Downloads/BDA-Codebase/lncRNAs_only.bed ...
[GSM2099143_allc_2317]   11,071 lncRNA regions
[GSM2099143_allc_2317] Loading allc from /home/muneeb/Downloads/BDA-Codebase/GSE43857_RAW/GSM2099143_allc_2317.tsv ...
[GSM2099143_allc_2317]   37,802,157 cytosine records
[GSM2099143_allc_2317] Aggregating methylation per region ...
[GSM2099143_allc_2317]   Retained 10,815/11,071 regions (≥3 covered cytosine sites in at least one context)
[GSM2099143_allc_2317] Written → /home/muneeb/Downloads/BDA-Codebase/methylation_full_run/GSM2099143_allc_2317_lncRNA_methylation.tsv
[GSM2099145_allc_350] Loading regions from /home/muneeb/Downloads/BDA-Codebase/lncRNAs_only.bed ...
[GSM2099145_allc_350]   11,071 lncRNA regions
[GSM2099145_allc_350] Loading allc from /home/muneeb/Downloads/BDA-Codebase/GSE43857_RAW/GSM2099145_allc_350.tsv ...
[GSM2099145_allc_350]   34,444,010 cytosine records
[GSM2099145_allc_350] Aggregating methylation per region ...
[GSM2099145_allc_350]   Retained 10,761/11,071 regions (≥3 covered cytosine sites in at least one context)
[GSM2099145_allc_350] Written → /home/muneeb/Downloads/BDA-Codebase/methylation_full_run/GSM2099145_allc_350_lncRNA_methylation.tsv
[GSM2099144_allc_265] Loading regions from /home/muneeb/Downloads/BDA-Codebase/lncRNAs_only.bed ...
[GSM2099144_allc_265]   11,071 lncRNA regions
[GSM2099144_allc_265] Loading allc from /home/muneeb/Downloads/BDA-Codebase/GSE43857_RAW/GSM2099144_allc_265.tsv ...
[GSM2099144_allc_265]   37,040,750 cytosine records
[GSM2099144_allc_265] Aggregating methylation per region ...
[GSM2099144_allc_265]   Retained 10,756/11,071 regions (≥3 covered cytosine sites in at least one context)
[GSM2099144_allc_265] Written → /home/muneeb/Downloads/BDA-Codebase/methylation_full_run/GSM2099144_allc_265_lncRNA_methylation.tsv
[GSM2099147_allc_403] Loading regions from /home/muneeb/Downloads/BDA-Codebase/lncRNAs_only.bed ...
[GSM2099147_allc_403]   11,071 lncRNA regions
[GSM2099147_allc_403] Loading allc from /home/muneeb/Downloads/BDA-Codebase/GSE43857_RAW/GSM2099147_allc_403.tsv ...
[GSM2099147_allc_403]   37,694,035 cytosine records
[GSM2099147_allc_403] Aggregating methylation per region ...
[GSM2099147_allc_403]   Retained 10,850/11,071 regions (≥3 covered cytosine sites in at least one context)
[GSM2099147_allc_403] Written → /home/muneeb/Downloads/BDA-Codebase/methylation_full_run/GSM2099147_allc_403_lncRNA_methylation.tsv
[GSM2099146_allc_351] Loading regions from /home/muneeb/Downloads/BDA-Codebase/lncRNAs_only.bed ...
[GSM2099146_allc_351]   11,071 lncRNA regions
[GSM2099146_allc_351] Loading allc from /home/muneeb/Downloads/BDA-Codebase/GSE43857_RAW/GSM2099146_allc_351.tsv ...
[GSM2099146_allc_351]   37,226,512 cytosine records
[GSM2099146_allc_351] Aggregating methylation per region ...
[GSM2099146_allc_351]   Retained 10,833/11,071 regions (≥3 covered cytosine sites in at least one context)
[GSM2099146_allc_351] Written → /home/muneeb/Downloads/BDA-Codebase/methylation_full_run/GSM2099146_allc_351_lncRNA_methylation.tsv
[GSM2099149_allc_424] Loading regions from /home/muneeb/Downloads/BDA-Codebase/lncRNAs_only.bed ...
[GSM2099149_allc_424]   11,071 lncRNA regions
[GSM2099149_allc_424] Loading allc from /home/muneeb/Downloads/BDA-Codebase/GSE43857_RAW/GSM2099149_allc_424.tsv ...
[GSM2099149_allc_424]   37,691,213 cytosine records
[GSM2099149_allc_424] Aggregating methylation per region ...
[GSM2099149_allc_424]   Retained 10,851/11,071 regions (≥3 covered cytosine sites in at least one context)
[GSM2099149_allc_424] Written → /home/muneeb/Downloads/BDA-Codebase/methylation_full_run/GSM2099149_allc_424_lncRNA_methylation.tsv
[GSM2099150_allc_430] Loading regions from /home/muneeb/Downloads/BDA-Codebase/lncRNAs_only.bed ...
[GSM2099150_allc_430]   11,071 lncRNA regions
[GSM2099150_allc_430] Loading allc from /home/muneeb/Downloads/BDA-Codebase/GSE43857_RAW/GSM2099150_allc_430.tsv ...
[GSM2099150_allc_430]   36,140,922 cytosine records
[GSM2099150_allc_430] Aggregating methylation per region ...
[GSM2099150_allc_430]   Retained 10,754/11,071 regions (≥3 covered cytosine sites in at least one context)
[GSM2099150_allc_430] Written → /home/muneeb/Downloads/BDA-Codebase/methylation_full_run/GSM2099150_allc_430_lncRNA_methylation.tsv
[GSM2099148_allc_410] Loading regions from /home/muneeb/Downloads/BDA-Codebase/lncRNAs_only.bed ...
[GSM2099148_allc_410]   11,071 lncRNA regions
[GSM2099148_allc_410] Loading allc from /home/muneeb/Downloads/BDA-Codebase/GSE43857_RAW/GSM2099148_allc_410.tsv ...
[GSM2099148_allc_410]   37,709,855 cytosine records
[GSM2099148_allc_410] Aggregating methylation per region ...
[GSM2099148_allc_410]   Retained 10,834/11,071 regions (≥3 covered cytosine sites in at least one context)
[GSM2099148_allc_410] Written → /home/muneeb/Downloads/BDA-Codebase/methylation_full_run/GSM2099148_allc_410_lncRNA_methylation.tsv
[GSM2099151_allc_4807] Loading regions from /home/muneeb/Downloads/BDA-Codebase/lncRNAs_only.bed ...
[GSM2099151_allc_4807]   11,071 lncRNA regions
[GSM2099151_allc_4807] Loading allc from /home/muneeb/Downloads/BDA-Codebase/GSE43857_RAW/GSM2099151_allc_4807.tsv ...
[GSM2099151_allc_4807]   37,384,439 cytosine records
[GSM2099151_allc_4807] Aggregating methylation per region ...
[GSM2099151_allc_4807]   Retained 10,812/11,071 regions (≥3 covered cytosine sites in at least one context)
[GSM2099151_allc_4807] Written → /home/muneeb/Downloads/BDA-Codebase/methylation_full_run/GSM2099151_allc_4807_lncRNA_methylation.tsv
[GSM2099156_allc_506] Loading regions from /home/muneeb/Downloads/BDA-Codebase/lncRNAs_only.bed ...
[GSM2099156_allc_506]   11,071 lncRNA regions
[GSM2099156_allc_506] Loading allc from /home/muneeb/Downloads/BDA-Codebase/GSE43857_RAW/GSM2099156_allc_506.tsv ...
[GSM2099156_allc_506]   32,173,839 cytosine records
[GSM2099156_allc_506] Aggregating methylation per region ...
[GSM2099156_allc_506]   Retained 10,745/11,071 regions (≥3 covered cytosine sites in at least one context)
[GSM2099156_allc_506] Written → /home/muneeb/Downloads/BDA-Codebase/methylation_full_run/GSM2099156_allc_506_lncRNA_methylation.tsv
[GSM2099152_allc_4884] Loading regions from /home/muneeb/Downloads/BDA-Codebase/lncRNAs_only.bed ...
[GSM2099152_allc_4884]   11,071 lncRNA regions
[GSM2099152_allc_4884] Loading allc from /home/muneeb/Downloads/BDA-Codebase/GSE43857_RAW/GSM2099152_allc_4884.tsv ...
[GSM2099152_allc_4884]   37,565,646 cytosine records
[GSM2099152_allc_4884] Aggregating methylation per region ...
[GSM2099152_allc_4884]   Retained 10,851/11,071 regions (≥3 covered cytosine sites in at least one context)
[GSM2099152_allc_4884] Written → /home/muneeb/Downloads/BDA-Codebase/methylation_full_run/GSM2099152_allc_4884_lncRNA_methylation.tsv
[GSM2099154_allc_4958] Loading regions from /home/muneeb/Downloads/BDA-Codebase/lncRNAs_only.bed ...
[GSM2099154_allc_4958]   11,071 lncRNA regions
[GSM2099154_allc_4958] Loading allc from /home/muneeb/Downloads/BDA-Codebase/GSE43857_RAW/GSM2099154_allc_4958.tsv ...
[GSM2099154_allc_4958]   35,392,386 cytosine records
[GSM2099154_allc_4958] Aggregating methylation per region ...
[GSM2099154_allc_4958]   Retained 10,791/11,071 regions (≥3 covered cytosine sites in at least one context)
[GSM2099154_allc_4958] Written → /home/muneeb/Downloads/BDA-Codebase/methylation_full_run/GSM2099154_allc_4958_lncRNA_methylation.tsv
[GSM2099153_allc_4931] Loading regions from /home/muneeb/Downloads/BDA-Codebase/lncRNAs_only.bed ...
[GSM2099153_allc_4931]   11,071 lncRNA regions
[GSM2099153_allc_4931] Loading allc from /home/muneeb/Downloads/BDA-Codebase/GSE43857_RAW/GSM2099153_allc_4931.tsv ...
[GSM2099153_allc_4931]   37,283,253 cytosine records
[GSM2099153_allc_4931] Aggregating methylation per region ...
[GSM2099153_allc_4931]   Retained 10,818/11,071 regions (≥3 covered cytosine sites in at least one context)
[GSM2099153_allc_4931] Written → /home/muneeb/Downloads/BDA-Codebase/methylation_full_run/GSM2099153_allc_4931_lncRNA_methylation.tsv
[GSM2099155_allc_5023] Loading regions from /home/muneeb/Downloads/BDA-Codebase/lncRNAs_only.bed ...
[GSM2099155_allc_5023]   11,071 lncRNA regions
[GSM2099155_allc_5023] Loading allc from /home/muneeb/Downloads/BDA-Codebase/GSE43857_RAW/GSM2099155_allc_5023.tsv ...
[GSM2099155_allc_5023]   36,890,122 cytosine records
[GSM2099155_allc_5023] Aggregating methylation per region ...
[GSM2099155_allc_5023]   Retained 10,808/11,071 regions (≥3 covered cytosine sites in at least one context)
[GSM2099155_allc_5023] Written → /home/muneeb/Downloads/BDA-Codebase/methylation_full_run/GSM2099155_allc_5023_lncRNA_methylation.tsv
[GSM2099158_allc_5151] Loading regions from /home/muneeb/Downloads/BDA-Codebase/lncRNAs_only.bed ...
[GSM2099158_allc_5151]   11,071 lncRNA regions
[GSM2099158_allc_5151] Loading allc from /home/muneeb/Downloads/BDA-Codebase/GSE43857_RAW/GSM2099158_allc_5151.tsv ...
[GSM2099158_allc_5151]   38,558,472 cytosine records
[GSM2099158_allc_5151] Aggregating methylation per region ...
[GSM2099158_allc_5151]   Retained 10,914/11,071 regions (≥3 covered cytosine sites in at least one context)
[GSM2099158_allc_5151] Written → /home/muneeb/Downloads/BDA-Codebase/methylation_full_run/GSM2099158_allc_5151_lncRNA_methylation.tsv
[GSM2099160_allc_5236] Loading regions from /home/muneeb/Downloads/BDA-Codebase/lncRNAs_only.bed ...
[GSM2099160_allc_5236]   11,071 lncRNA regions
[GSM2099160_allc_5236] Loading allc from /home/muneeb/Downloads/BDA-Codebase/GSE43857_RAW/GSM2099160_allc_5236.tsv ...
[GSM2099160_allc_5236]   37,944,981 cytosine records
[GSM2099160_allc_5236] Aggregating methylation per region ...
[GSM2099160_allc_5236]   Retained 10,877/11,071 regions (≥3 covered cytosine sites in at least one context)
[GSM2099160_allc_5236] Written → /home/muneeb/Downloads/BDA-Codebase/methylation_full_run/GSM2099160_allc_5236_lncRNA_methylation.tsv
[GSM2099162_allc_5276] Loading regions from /home/muneeb/Downloads/BDA-Codebase/lncRNAs_only.bed ...
[GSM2099162_allc_5276]   11,071 lncRNA regions
[GSM2099162_allc_5276] Loading allc from /home/muneeb/Downloads/BDA-Codebase/GSE43857_RAW/GSM2099162_allc_5276.tsv ...
[GSM2099162_allc_5276]   37,507,521 cytosine records
[GSM2099162_allc_5276] Aggregating methylation per region ...
[GSM2099162_allc_5276]   Retained 10,859/11,071 regions (≥3 covered cytosine sites in at least one context)
[GSM2099162_allc_5276] Written → /home/muneeb/Downloads/BDA-Codebase/methylation_full_run/GSM2099162_allc_5276_lncRNA_methylation.tsv
[GSM2099161_allc_5249] Loading regions from /home/muneeb/Downloads/BDA-Codebase/lncRNAs_only.bed ...
[GSM2099161_allc_5249]   11,071 lncRNA regions
[GSM2099161_allc_5249] Loading allc from /home/muneeb/Downloads/BDA-Codebase/GSE43857_RAW/GSM2099161_allc_5249.tsv ...
[GSM2099161_allc_5249]   37,862,533 cytosine records
[GSM2099161_allc_5249] Aggregating methylation per region ...
[GSM2099161_allc_5249]   Retained 10,871/11,071 regions (≥3 covered cytosine sites in at least one context)
[GSM2099161_allc_5249] Written → /home/muneeb/Downloads/BDA-Codebase/methylation_full_run/GSM2099161_allc_5249_lncRNA_methylation.tsv
[GSM2099159_allc_5210] Loading regions from /home/muneeb/Downloads/BDA-Codebase/lncRNAs_only.bed ...
[GSM2099159_allc_5210]   11,071 lncRNA regions
[GSM2099159_allc_5210] Loading allc from /home/muneeb/Downloads/BDA-Codebase/GSE43857_RAW/GSM2099159_allc_5210.tsv ...
[GSM2099159_allc_5210]   38,020,753 cytosine records
[GSM2099159_allc_5210] Aggregating methylation per region ...
[GSM2099159_allc_5210]   Retained 10,816/11,071 regions (≥3 covered cytosine sites in at least one context)
[GSM2099159_allc_5210] Written → /home/muneeb/Downloads/BDA-Codebase/methylation_full_run/GSM2099159_allc_5210_lncRNA_methylation.tsv
[GSM2099164_allc_5353] Loading regions from /home/muneeb/Downloads/BDA-Codebase/lncRNAs_only.bed ...
[GSM2099164_allc_5353]   11,071 lncRNA regions
[GSM2099164_allc_5353] Loading allc from /home/muneeb/Downloads/BDA-Codebase/GSE43857_RAW/GSM2099164_allc_5353.tsv ...
[GSM2099164_allc_5353]   37,323,225 cytosine records
[GSM2099164_allc_5353] Aggregating methylation per region ...
[GSM2099164_allc_5353]   Retained 10,779/11,071 regions (≥3 covered cytosine sites in at least one context)
[GSM2099164_allc_5353] Written → /home/muneeb/Downloads/BDA-Codebase/methylation_full_run/GSM2099164_allc_5353_lncRNA_methylation.tsv
[GSM2099163_allc_5349] Loading regions from /home/muneeb/Downloads/BDA-Codebase/lncRNAs_only.bed ...
[GSM2099163_allc_5349]   11,071 lncRNA regions
[GSM2099163_allc_5349] Loading allc from /home/muneeb/Downloads/BDA-Codebase/GSE43857_RAW/GSM2099163_allc_5349.tsv ...
[GSM2099163_allc_5349]   37,698,673 cytosine records
[GSM2099163_allc_5349] Aggregating methylation per region ...
[GSM2099163_allc_5349]   Retained 10,881/11,071 regions (≥3 covered cytosine sites in at least one context)
[GSM2099163_allc_5349] Written → /home/muneeb/Downloads/BDA-Codebase/methylation_full_run/GSM2099163_allc_5349_lncRNA_methylation.tsv
[GSM2099157_allc_5104] Loading regions from /home/muneeb/Downloads/BDA-Codebase/lncRNAs_only.bed ...
[GSM2099157_allc_5104]   11,071 lncRNA regions
[GSM2099157_allc_5104] Loading allc from /home/muneeb/Downloads/BDA-Codebase/GSE43857_RAW/GSM2099157_allc_5104.tsv ...
[GSM2099157_allc_5104]   38,834,532 cytosine records
[GSM2099157_allc_5104] Aggregating methylation per region ...
[GSM2099157_allc_5104]   Retained 10,894/11,071 regions (≥3 covered cytosine sites in at least one context)
[GSM2099157_allc_5104] Written → /home/muneeb/Downloads/BDA-Codebase/methylation_full_run/GSM2099157_allc_5104_lncRNA_methylation.tsv
[GSM2099165_allc_5577] Loading regions from /home/muneeb/Downloads/BDA-Codebase/lncRNAs_only.bed ...
[GSM2099165_allc_5577]   11,071 lncRNA regions
[GSM2099165_allc_5577] Loading allc from /home/muneeb/Downloads/BDA-Codebase/GSE43857_RAW/GSM2099165_allc_5577.tsv ...
[GSM2099165_allc_5577]   37,214,659 cytosine records
[GSM2099165_allc_5577] Aggregating methylation per region ...
[GSM2099165_allc_5577]   Retained 10,771/11,071 regions (≥3 covered cytosine sites in at least one context)
[GSM2099165_allc_5577] Written → /home/muneeb/Downloads/BDA-Codebase/methylation_full_run/GSM2099165_allc_5577_lncRNA_methylation.tsv
[GSM2099166_allc_5644] Loading regions from /home/muneeb/Downloads/BDA-Codebase/lncRNAs_only.bed ...
[GSM2099166_allc_5644]   11,071 lncRNA regions
[GSM2099166_allc_5644] Loading allc from /home/muneeb/Downloads/BDA-Codebase/GSE43857_RAW/GSM2099166_allc_5644.tsv ...
[GSM2099166_allc_5644]   38,183,843 cytosine records
[GSM2099166_allc_5644] Aggregating methylation per region ...
[GSM2099166_allc_5644]   Retained 10,922/11,071 regions (≥3 covered cytosine sites in at least one context)
[GSM2099166_allc_5644] Written → /home/muneeb/Downloads/BDA-Codebase/methylation_full_run/GSM2099166_allc_5644_lncRNA_methylation.tsv
[GSM2099167_allc_5717] Loading regions from /home/muneeb/Downloads/BDA-Codebase/lncRNAs_only.bed ...
[GSM2099167_allc_5717]   11,071 lncRNA regions
[GSM2099167_allc_5717] Loading allc from /home/muneeb/Downloads/BDA-Codebase/GSE43857_RAW/GSM2099167_allc_5717.tsv ...
[GSM2099167_allc_5717]   37,825,813 cytosine records
[GSM2099167_allc_5717] Aggregating methylation per region ...
[GSM2099167_allc_5717]   Retained 10,832/11,071 regions (≥3 covered cytosine sites in at least one context)
[GSM2099167_allc_5717] Written → /home/muneeb/Downloads/BDA-Codebase/methylation_full_run/GSM2099167_allc_5717_lncRNA_methylation.tsv
[GSM2099168_allc_5726] Loading regions from /home/muneeb/Downloads/BDA-Codebase/lncRNAs_only.bed ...
[GSM2099168_allc_5726]   11,071 lncRNA regions
[GSM2099168_allc_5726] Loading allc from /home/muneeb/Downloads/BDA-Codebase/GSE43857_RAW/GSM2099168_allc_5726.tsv ...
[GSM2099168_allc_5726]   36,881,330 cytosine records
[GSM2099168_allc_5726] Aggregating methylation per region ...
[GSM2099168_allc_5726]   Retained 10,768/11,071 regions (≥3 covered cytosine sites in at least one context)
[GSM2099168_allc_5726] Written → /home/muneeb/Downloads/BDA-Codebase/methylation_full_run/GSM2099168_allc_5726_lncRNA_methylation.tsv
[GSM2099169_allc_5757] Loading regions from /home/muneeb/Downloads/BDA-Codebase/lncRNAs_only.bed ...
[GSM2099169_allc_5757]   11,071 lncRNA regions
[GSM2099169_allc_5757] Loading allc from /home/muneeb/Downloads/BDA-Codebase/GSE43857_RAW/GSM2099169_allc_5757.tsv ...
[GSM2099169_allc_5757]   36,270,872 cytosine records
[GSM2099169_allc_5757] Aggregating methylation per region ...
[GSM2099169_allc_5757]   Retained 10,721/11,071 regions (≥3 covered cytosine sites in at least one context)
[GSM2099169_allc_5757] Written → /home/muneeb/Downloads/BDA-Codebase/methylation_full_run/GSM2099169_allc_5757_lncRNA_methylation.tsv
[GSM2099170_allc_5772] Loading regions from /home/muneeb/Downloads/BDA-Codebase/lncRNAs_only.bed ...
[GSM2099170_allc_5772]   11,071 lncRNA regions
[GSM2099170_allc_5772] Loading allc from /home/muneeb/Downloads/BDA-Codebase/GSE43857_RAW/GSM2099170_allc_5772.tsv ...
[GSM2099170_allc_5772]   38,179,351 cytosine records
[GSM2099170_allc_5772] Aggregating methylation per region ...
[GSM2099170_allc_5772]   Retained 10,880/11,071 regions (≥3 covered cytosine sites in at least one context)
[GSM2099170_allc_5772] Written → /home/muneeb/Downloads/BDA-Codebase/methylation_full_run/GSM2099170_allc_5772_lncRNA_methylation.tsv
[GSM2099175_allc_5890] Loading regions from /home/muneeb/Downloads/BDA-Codebase/lncRNAs_only.bed ...
[GSM2099175_allc_5890]   11,071 lncRNA regions
[GSM2099175_allc_5890] Loading allc from /home/muneeb/Downloads/BDA-Codebase/GSE43857_RAW/GSM2099175_allc_5890.tsv ...
[GSM2099175_allc_5890]   36,794,515 cytosine records
[GSM2099175_allc_5890] Aggregating methylation per region ...
[GSM2099175_allc_5890]   Retained 10,749/11,071 regions (≥3 covered cytosine sites in at least one context)
[GSM2099175_allc_5890] Written → /home/muneeb/Downloads/BDA-Codebase/methylation_full_run/GSM2099175_allc_5890_lncRNA_methylation.tsv
[GSM2099172_allc_5800] Loading regions from /home/muneeb/Downloads/BDA-Codebase/lncRNAs_only.bed ...
[GSM2099172_allc_5800]   11,071 lncRNA regions
[GSM2099172_allc_5800] Loading allc from /home/muneeb/Downloads/BDA-Codebase/GSE43857_RAW/GSM2099172_allc_5800.tsv ...
[GSM2099172_allc_5800]   35,312,306 cytosine records
[GSM2099172_allc_5800] Aggregating methylation per region ...
[GSM2099172_allc_5800]   Retained 10,793/11,071 regions (≥3 covered cytosine sites in at least one context)
[GSM2099172_allc_5800] Written → /home/muneeb/Downloads/BDA-Codebase/methylation_full_run/GSM2099172_allc_5800_lncRNA_methylation.tsv
[GSM2099174_allc_5860] Loading regions from /home/muneeb/Downloads/BDA-Codebase/lncRNAs_only.bed ...
[GSM2099174_allc_5860]   11,071 lncRNA regions
[GSM2099174_allc_5860] Loading allc from /home/muneeb/Downloads/BDA-Codebase/GSE43857_RAW/GSM2099174_allc_5860.tsv ...
[GSM2099174_allc_5860]   37,090,123 cytosine records
[GSM2099174_allc_5860] Aggregating methylation per region ...
[GSM2099174_allc_5860]   Retained 10,850/11,071 regions (≥3 covered cytosine sites in at least one context)
[GSM2099174_allc_5860] Written → /home/muneeb/Downloads/BDA-Codebase/methylation_full_run/GSM2099174_allc_5860_lncRNA_methylation.tsv
[GSM2099176_allc_5893] Loading regions from /home/muneeb/Downloads/BDA-Codebase/lncRNAs_only.bed ...
[GSM2099176_allc_5893]   11,071 lncRNA regions
[GSM2099176_allc_5893] Loading allc from /home/muneeb/Downloads/BDA-Codebase/GSE43857_RAW/GSM2099176_allc_5893.tsv ...
[GSM2099176_allc_5893]   37,756,052 cytosine records
[GSM2099176_allc_5893] Aggregating methylation per region ...
[GSM2099176_allc_5893]   Retained 10,871/11,071 regions (≥3 covered cytosine sites in at least one context)
[GSM2099176_allc_5893] Written → /home/muneeb/Downloads/BDA-Codebase/methylation_full_run/GSM2099176_allc_5893_lncRNA_methylation.tsv
[GSM2099177_allc_5907] Loading regions from /home/muneeb/Downloads/BDA-Codebase/lncRNAs_only.bed ...
[GSM2099177_allc_5907]   11,071 lncRNA regions
[GSM2099177_allc_5907] Loading allc from /home/muneeb/Downloads/BDA-Codebase/GSE43857_RAW/GSM2099177_allc_5907.tsv ...
[GSM2099177_allc_5907]   37,329,966 cytosine records
[GSM2099177_allc_5907] Aggregating methylation per region ...
[GSM2099177_allc_5907]   Retained 10,832/11,071 regions (≥3 covered cytosine sites in at least one context)
[GSM2099177_allc_5907] Written → /home/muneeb/Downloads/BDA-Codebase/methylation_full_run/GSM2099177_allc_5907_lncRNA_methylation.tsv
[GSM2099179_allc_5950] Loading regions from /home/muneeb/Downloads/BDA-Codebase/lncRNAs_only.bed ...
[GSM2099179_allc_5950]   11,071 lncRNA regions
[GSM2099179_allc_5950] Loading allc from /home/muneeb/Downloads/BDA-Codebase/GSE43857_RAW/GSM2099179_allc_5950.tsv ...
[GSM2099179_allc_5950]   37,426,509 cytosine records
[GSM2099179_allc_5950] Aggregating methylation per region ...
[GSM2099179_allc_5950]   Retained 10,781/11,071 regions (≥3 covered cytosine sites in at least one context)
[GSM2099179_allc_5950] Written → /home/muneeb/Downloads/BDA-Codebase/methylation_full_run/GSM2099179_allc_5950_lncRNA_methylation.tsv
[GSM2099178_allc_5921] Loading regions from /home/muneeb/Downloads/BDA-Codebase/lncRNAs_only.bed ...
[GSM2099178_allc_5921]   11,071 lncRNA regions
[GSM2099178_allc_5921] Loading allc from /home/muneeb/Downloads/BDA-Codebase/GSE43857_RAW/GSM2099178_allc_5921.tsv ...
[GSM2099178_allc_5921]   36,640,867 cytosine records
[GSM2099178_allc_5921] Aggregating methylation per region ...
[GSM2099178_allc_5921]   Retained 10,797/11,071 regions (≥3 covered cytosine sites in at least one context)
[GSM2099178_allc_5921] Written → /home/muneeb/Downloads/BDA-Codebase/methylation_full_run/GSM2099178_allc_5921_lncRNA_methylation.tsv
[GSM2099180_allc_5984] Loading regions from /home/muneeb/Downloads/BDA-Codebase/lncRNAs_only.bed ...
[GSM2099180_allc_5984]   11,071 lncRNA regions
[GSM2099180_allc_5984] Loading allc from /home/muneeb/Downloads/BDA-Codebase/GSE43857_RAW/GSM2099180_allc_5984.tsv ...
[GSM2099180_allc_5984]   36,812,890 cytosine records
[GSM2099180_allc_5984] Aggregating methylation per region ...
[GSM2099180_allc_5984]   Retained 10,836/11,071 regions (≥3 covered cytosine sites in at least one context)
[GSM2099180_allc_5984] Written → /home/muneeb/Downloads/BDA-Codebase/methylation_full_run/GSM2099180_allc_5984_lncRNA_methylation.tsv
[GSM2099171_allc_5778] Loading regions from /home/muneeb/Downloads/BDA-Codebase/lncRNAs_only.bed ...
[GSM2099171_allc_5778]   11,071 lncRNA regions
[GSM2099171_allc_5778] Loading allc from /home/muneeb/Downloads/BDA-Codebase/GSE43857_RAW/GSM2099171_allc_5778.tsv ...
[GSM2099171_allc_5778]   38,809,992 cytosine records
[GSM2099171_allc_5778] Aggregating methylation per region ...
[GSM2099171_allc_5778]   Retained 11,008/11,071 regions (≥3 covered cytosine sites in at least one context)
[GSM2099171_allc_5778] Written → /home/muneeb/Downloads/BDA-Codebase/methylation_full_run/GSM2099171_allc_5778_lncRNA_methylation.tsv
[GSM2099173_allc_5837] Loading regions from /home/muneeb/Downloads/BDA-Codebase/lncRNAs_only.bed ...
[GSM2099173_allc_5837]   11,071 lncRNA regions
[GSM2099173_allc_5837] Loading allc from /home/muneeb/Downloads/BDA-Codebase/GSE43857_RAW/GSM2099173_allc_5837.tsv ...
[GSM2099173_allc_5837]   39,022,254 cytosine records
[GSM2099173_allc_5837] Aggregating methylation per region ...
[GSM2099173_allc_5837]   Retained 10,931/11,071 regions (≥3 covered cytosine sites in at least one context)
[GSM2099173_allc_5837] Written → /home/muneeb/Downloads/BDA-Codebase/methylation_full_run/GSM2099173_allc_5837_lncRNA_methylation.tsv
[GSM2099181_allc_5993] Loading regions from /home/muneeb/Downloads/BDA-Codebase/lncRNAs_only.bed ...
[GSM2099181_allc_5993]   11,071 lncRNA regions
[GSM2099181_allc_5993] Loading allc from /home/muneeb/Downloads/BDA-Codebase/GSE43857_RAW/GSM2099181_allc_5993.tsv ...
[GSM2099181_allc_5993]   37,316,089 cytosine records
[GSM2099181_allc_5993] Aggregating methylation per region ...
[GSM2099181_allc_5993]   Retained 10,840/11,071 regions (≥3 covered cytosine sites in at least one context)
[GSM2099181_allc_5993] Written → /home/muneeb/Downloads/BDA-Codebase/methylation_full_run/GSM2099181_allc_5993_lncRNA_methylation.tsv
[GSM2099183_allc_6017] Loading regions from /home/muneeb/Downloads/BDA-Codebase/lncRNAs_only.bed ...
[GSM2099183_allc_6017]   11,071 lncRNA regions
[GSM2099183_allc_6017] Loading allc from /home/muneeb/Downloads/BDA-Codebase/GSE43857_RAW/GSM2099183_allc_6017.tsv ...
[GSM2099183_allc_6017]   36,870,753 cytosine records
[GSM2099183_allc_6017] Aggregating methylation per region ...
[GSM2099183_allc_6017]   Retained 10,774/11,071 regions (≥3 covered cytosine sites in at least one context)
[GSM2099183_allc_6017] Written → /home/muneeb/Downloads/BDA-Codebase/methylation_full_run/GSM2099183_allc_6017_lncRNA_methylation.tsv
[GSM2099184_allc_6019] Loading regions from /home/muneeb/Downloads/BDA-Codebase/lncRNAs_only.bed ...
[GSM2099184_allc_6019]   11,071 lncRNA regions
[GSM2099184_allc_6019] Loading allc from /home/muneeb/Downloads/BDA-Codebase/GSE43857_RAW/GSM2099184_allc_6019.tsv ...
[GSM2099184_allc_6019]   37,240,522 cytosine records
[GSM2099184_allc_6019] Aggregating methylation per region ...
[GSM2099184_allc_6019]   Retained 10,796/11,071 regions (≥3 covered cytosine sites in at least one context)
[GSM2099184_allc_6019] Written → /home/muneeb/Downloads/BDA-Codebase/methylation_full_run/GSM2099184_allc_6019_lncRNA_methylation.tsv
[GSM2099182_allc_6009] Loading regions from /home/muneeb/Downloads/BDA-Codebase/lncRNAs_only.bed ...
[GSM2099182_allc_6009]   11,071 lncRNA regions
[GSM2099182_allc_6009] Loading allc from /home/muneeb/Downloads/BDA-Codebase/GSE43857_RAW/GSM2099182_allc_6009.tsv ...
[GSM2099182_allc_6009]   37,126,463 cytosine records
[GSM2099182_allc_6009] Aggregating methylation per region ...
[GSM2099182_allc_6009]   Retained 10,769/11,071 regions (≥3 covered cytosine sites in at least one context)
[GSM2099182_allc_6009] Written → /home/muneeb/Downloads/BDA-Codebase/methylation_full_run/GSM2099182_allc_6009_lncRNA_methylation.tsv
[GSM2099185_allc_6020] Loading regions from /home/muneeb/Downloads/BDA-Codebase/lncRNAs_only.bed ...
[GSM2099185_allc_6020]   11,071 lncRNA regions
[GSM2099185_allc_6020] Loading allc from /home/muneeb/Downloads/BDA-Codebase/GSE43857_RAW/GSM2099185_allc_6020.tsv ...
[GSM2099185_allc_6020]   37,420,533 cytosine records
[GSM2099185_allc_6020] Aggregating methylation per region ...
[GSM2099185_allc_6020]   Retained 10,802/11,071 regions (≥3 covered cytosine sites in at least one context)
[GSM2099185_allc_6020] Written → /home/muneeb/Downloads/BDA-Codebase/methylation_full_run/GSM2099185_allc_6020_lncRNA_methylation.tsv
[GSM2099186_allc_6024] Loading regions from /home/muneeb/Downloads/BDA-Codebase/lncRNAs_only.bed ...
[GSM2099186_allc_6024]   11,071 lncRNA regions
[GSM2099186_allc_6024] Loading allc from /home/muneeb/Downloads/BDA-Codebase/GSE43857_RAW/GSM2099186_allc_6024.tsv ...
[GSM2099186_allc_6024]   37,096,469 cytosine records
[GSM2099186_allc_6024] Aggregating methylation per region ...
[GSM2099186_allc_6024]   Retained 10,762/11,071 regions (≥3 covered cytosine sites in at least one context)
[GSM2099186_allc_6024] Written → /home/muneeb/Downloads/BDA-Codebase/methylation_full_run/GSM2099186_allc_6024_lncRNA_methylation.tsv
[GSM2099187_allc_6025] Loading regions from /home/muneeb/Downloads/BDA-Codebase/lncRNAs_only.bed ...
[GSM2099187_allc_6025]   11,071 lncRNA regions
[GSM2099187_allc_6025] Loading allc from /home/muneeb/Downloads/BDA-Codebase/GSE43857_RAW/GSM2099187_allc_6025.tsv ...
[GSM2099187_allc_6025]   37,533,747 cytosine records
[GSM2099187_allc_6025] Aggregating methylation per region ...
[GSM2099187_allc_6025]   Retained 10,833/11,071 regions (≥3 covered cytosine sites in at least one context)
[GSM2099187_allc_6025] Written → /home/muneeb/Downloads/BDA-Codebase/methylation_full_run/GSM2099187_allc_6025_lncRNA_methylation.tsv
[GSM2099189_allc_6038] Loading regions from /home/muneeb/Downloads/BDA-Codebase/lncRNAs_only.bed ...
[GSM2099189_allc_6038]   11,071 lncRNA regions
[GSM2099189_allc_6038] Loading allc from /home/muneeb/Downloads/BDA-Codebase/GSE43857_RAW/GSM2099189_allc_6038.tsv ...
[GSM2099189_allc_6038]   37,812,079 cytosine records
[GSM2099189_allc_6038] Aggregating methylation per region ...
[GSM2099189_allc_6038]   Retained 10,844/11,071 regions (≥3 covered cytosine sites in at least one context)
[GSM2099189_allc_6038] Written → /home/muneeb/Downloads/BDA-Codebase/methylation_full_run/GSM2099189_allc_6038_lncRNA_methylation.tsv
[GSM2099190_allc_6041] Loading regions from /home/muneeb/Downloads/BDA-Codebase/lncRNAs_only.bed ...
[GSM2099190_allc_6041]   11,071 lncRNA regions
[GSM2099190_allc_6041] Loading allc from /home/muneeb/Downloads/BDA-Codebase/GSE43857_RAW/GSM2099190_allc_6041.tsv ...
[GSM2099190_allc_6041]   37,452,842 cytosine records
[GSM2099190_allc_6041] Aggregating methylation per region ...
[GSM2099190_allc_6041]   Retained 10,762/11,071 regions (≥3 covered cytosine sites in at least one context)
[GSM2099190_allc_6041] Written → /home/muneeb/Downloads/BDA-Codebase/methylation_full_run/GSM2099190_allc_6041_lncRNA_methylation.tsv
[GSM2099192_allc_6073] Loading regions from /home/muneeb/Downloads/BDA-Codebase/lncRNAs_only.bed ...
[GSM2099192_allc_6073]   11,071 lncRNA regions
[GSM2099192_allc_6073] Loading allc from /home/muneeb/Downloads/BDA-Codebase/GSE43857_RAW/GSM2099192_allc_6073.tsv ...
[GSM2099192_allc_6073]   36,567,664 cytosine records
[GSM2099192_allc_6073] Aggregating methylation per region ...
[GSM2099192_allc_6073]   Retained 10,757/11,071 regions (≥3 covered cytosine sites in at least one context)
[GSM2099192_allc_6073] Written → /home/muneeb/Downloads/BDA-Codebase/methylation_full_run/GSM2099192_allc_6073_lncRNA_methylation.tsv
[GSM2099191_allc_6064] Loading regions from /home/muneeb/Downloads/BDA-Codebase/lncRNAs_only.bed ...
[GSM2099191_allc_6064]   11,071 lncRNA regions
[GSM2099191_allc_6064] Loading allc from /home/muneeb/Downloads/BDA-Codebase/GSE43857_RAW/GSM2099191_allc_6064.tsv ...
[GSM2099191_allc_6064]   37,535,243 cytosine records
[GSM2099191_allc_6064] Aggregating methylation per region ...
[GSM2099191_allc_6064]   Retained 10,814/11,071 regions (≥3 covered cytosine sites in at least one context)
[GSM2099191_allc_6064] Written → /home/muneeb/Downloads/BDA-Codebase/methylation_full_run/GSM2099191_allc_6064_lncRNA_methylation.tsv
[GSM2099188_allc_6035] Loading regions from /home/muneeb/Downloads/BDA-Codebase/lncRNAs_only.bed ...
[GSM2099188_allc_6035]   11,071 lncRNA regions
[GSM2099188_allc_6035] Loading allc from /home/muneeb/Downloads/BDA-Codebase/GSE43857_RAW/GSM2099188_allc_6035.tsv ...
[GSM2099188_allc_6035]   39,087,183 cytosine records
[GSM2099188_allc_6035] Aggregating methylation per region ...
[GSM2099188_allc_6035]   Retained 10,936/11,071 regions (≥3 covered cytosine sites in at least one context)
[GSM2099188_allc_6035] Written → /home/muneeb/Downloads/BDA-Codebase/methylation_full_run/GSM2099188_allc_6035_lncRNA_methylation.tsv
[GSM2099193_allc_6086] Loading regions from /home/muneeb/Downloads/BDA-Codebase/lncRNAs_only.bed ...
[GSM2099193_allc_6086]   11,071 lncRNA regions
[GSM2099193_allc_6086] Loading allc from /home/muneeb/Downloads/BDA-Codebase/GSE43857_RAW/GSM2099193_allc_6086.tsv ...
[GSM2099193_allc_6086]   37,214,754 cytosine records
[GSM2099193_allc_6086] Aggregating methylation per region ...
[GSM2099193_allc_6086]   Retained 10,781/11,071 regions (≥3 covered cytosine sites in at least one context)
[GSM2099193_allc_6086] Written → /home/muneeb/Downloads/BDA-Codebase/methylation_full_run/GSM2099193_allc_6086_lncRNA_methylation.tsv
[GSM2099194_allc_6099] Loading regions from /home/muneeb/Downloads/BDA-Codebase/lncRNAs_only.bed ...
[GSM2099194_allc_6099]   11,071 lncRNA regions
[GSM2099194_allc_6099] Loading allc from /home/muneeb/Downloads/BDA-Codebase/GSE43857_RAW/GSM2099194_allc_6099.tsv ...
[GSM2099194_allc_6099]   37,317,847 cytosine records
[GSM2099194_allc_6099] Aggregating methylation per region ...
[GSM2099194_allc_6099]   Retained 10,756/11,071 regions (≥3 covered cytosine sites in at least one context)
[GSM2099194_allc_6099] Written → /home/muneeb/Downloads/BDA-Codebase/methylation_full_run/GSM2099194_allc_6099_lncRNA_methylation.tsv
[GSM2099195_allc_6106] Loading regions from /home/muneeb/Downloads/BDA-Codebase/lncRNAs_only.bed ...
[GSM2099195_allc_6106]   11,071 lncRNA regions
[GSM2099195_allc_6106] Loading allc from /home/muneeb/Downloads/BDA-Codebase/GSE43857_RAW/GSM2099195_allc_6106.tsv ...
[GSM2099195_allc_6106]   37,213,381 cytosine records
[GSM2099195_allc_6106] Aggregating methylation per region ...
[GSM2099195_allc_6106]   Retained 10,780/11,071 regions (≥3 covered cytosine sites in at least one context)
[GSM2099195_allc_6106] Written → /home/muneeb/Downloads/BDA-Codebase/methylation_full_run/GSM2099195_allc_6106_lncRNA_methylation.tsv
[GSM2099196_allc_6107] Loading regions from /home/muneeb/Downloads/BDA-Codebase/lncRNAs_only.bed ...
[GSM2099196_allc_6107]   11,071 lncRNA regions
[GSM2099196_allc_6107] Loading allc from /home/muneeb/Downloads/BDA-Codebase/GSE43857_RAW/GSM2099196_allc_6107.tsv ...
[GSM2099196_allc_6107]   37,443,746 cytosine records
[GSM2099196_allc_6107] Aggregating methylation per region ...
[GSM2099196_allc_6107]   Retained 10,784/11,071 regions (≥3 covered cytosine sites in at least one context)
[GSM2099196_allc_6107] Written → /home/muneeb/Downloads/BDA-Codebase/methylation_full_run/GSM2099196_allc_6107_lncRNA_methylation.tsv
[GSM2099197_allc_6108] Loading regions from /home/muneeb/Downloads/BDA-Codebase/lncRNAs_only.bed ...
[GSM2099197_allc_6108]   11,071 lncRNA regions
[GSM2099197_allc_6108] Loading allc from /home/muneeb/Downloads/BDA-Codebase/GSE43857_RAW/GSM2099197_allc_6108.tsv ...
[GSM2099197_allc_6108]   37,415,806 cytosine records
[GSM2099197_allc_6108] Aggregating methylation per region ...
[GSM2099197_allc_6108]   Retained 10,786/11,071 regions (≥3 covered cytosine sites in at least one context)
[GSM2099197_allc_6108] Written → /home/muneeb/Downloads/BDA-Codebase/methylation_full_run/GSM2099197_allc_6108_lncRNA_methylation.tsv
[GSM2099198_allc_6111] Loading regions from /home/muneeb/Downloads/BDA-Codebase/lncRNAs_only.bed ...
[GSM2099198_allc_6111]   11,071 lncRNA regions
[GSM2099198_allc_6111] Loading allc from /home/muneeb/Downloads/BDA-Codebase/GSE43857_RAW/GSM2099198_allc_6111.tsv ...
[GSM2099198_allc_6111]   36,641,873 cytosine records
[GSM2099198_allc_6111] Aggregating methylation per region ...
[GSM2099198_allc_6111]   Retained 10,796/11,071 regions (≥3 covered cytosine sites in at least one context)
[GSM2099198_allc_6111] Written → /home/muneeb/Downloads/BDA-Codebase/methylation_full_run/GSM2099198_allc_6111_lncRNA_methylation.tsv
[GSM2099199_allc_6133] Loading regions from /home/muneeb/Downloads/BDA-Codebase/lncRNAs_only.bed ...
[GSM2099199_allc_6133]   11,071 lncRNA regions
[GSM2099199_allc_6133] Loading allc from /home/muneeb/Downloads/BDA-Codebase/GSE43857_RAW/GSM2099199_allc_6133.tsv ...
[GSM2099199_allc_6133]   37,356,389 cytosine records
[GSM2099199_allc_6133] Aggregating methylation per region ...
[GSM2099199_allc_6133]   Retained 10,768/11,071 regions (≥3 covered cytosine sites in at least one context)
[GSM2099199_allc_6133] Written → /home/muneeb/Downloads/BDA-Codebase/methylation_full_run/GSM2099199_allc_6133_lncRNA_methylation.tsv
[GSM2099200_allc_6137] Loading regions from /home/muneeb/Downloads/BDA-Codebase/lncRNAs_only.bed ...
[GSM2099200_allc_6137]   11,071 lncRNA regions
[GSM2099200_allc_6137] Loading allc from /home/muneeb/Downloads/BDA-Codebase/GSE43857_RAW/GSM2099200_allc_6137.tsv ...
[GSM2099200_allc_6137]   37,551,467 cytosine records
[GSM2099200_allc_6137] Aggregating methylation per region ...
[GSM2099200_allc_6137]   Retained 10,856/11,071 regions (≥3 covered cytosine sites in at least one context)
[GSM2099200_allc_6137] Written → /home/muneeb/Downloads/BDA-Codebase/methylation_full_run/GSM2099200_allc_6137_lncRNA_methylation.tsv
[GSM2099201_allc_6138] Loading regions from /home/muneeb/Downloads/BDA-Codebase/lncRNAs_only.bed ...
[GSM2099201_allc_6138]   11,071 lncRNA regions
[GSM2099201_allc_6138] Loading allc from /home/muneeb/Downloads/BDA-Codebase/GSE43857_RAW/GSM2099201_allc_6138.tsv ...
[GSM2099201_allc_6138]   37,999,663 cytosine records
[GSM2099201_allc_6138] Aggregating methylation per region ...
[GSM2099201_allc_6138]   Retained 10,764/11,071 regions (≥3 covered cytosine sites in at least one context)
[GSM2099201_allc_6138] Written → /home/muneeb/Downloads/BDA-Codebase/methylation_full_run/GSM2099201_allc_6138_lncRNA_methylation.tsv
[GSM2099202_allc_6140] Loading regions from /home/muneeb/Downloads/BDA-Codebase/lncRNAs_only.bed ...
[GSM2099202_allc_6140]   11,071 lncRNA regions
[GSM2099202_allc_6140] Loading allc from /home/muneeb/Downloads/BDA-Codebase/GSE43857_RAW/GSM2099202_allc_6140.tsv ...
[GSM2099202_allc_6140]   37,249,087 cytosine records
[GSM2099202_allc_6140] Aggregating methylation per region ...
[GSM2099202_allc_6140]   Retained 10,793/11,071 regions (≥3 covered cytosine sites in at least one context)
[GSM2099202_allc_6140] Written → /home/muneeb/Downloads/BDA-Codebase/methylation_full_run/GSM2099202_allc_6140_lncRNA_methylation.tsv
[GSM2099204_allc_6148] Loading regions from /home/muneeb/Downloads/BDA-Codebase/lncRNAs_only.bed ...
[GSM2099204_allc_6148]   11,071 lncRNA regions
[GSM2099204_allc_6148] Loading allc from /home/muneeb/Downloads/BDA-Codebase/GSE43857_RAW/GSM2099204_allc_6148.tsv ...
[GSM2099204_allc_6148]   37,785,538 cytosine records
[GSM2099204_allc_6148] Aggregating methylation per region ...
[GSM2099204_allc_6148]   Retained 10,796/11,071 regions (≥3 covered cytosine sites in at least one context)
[GSM2099204_allc_6148] Written → /home/muneeb/Downloads/BDA-Codebase/methylation_full_run/GSM2099204_allc_6148_lncRNA_methylation.tsv
[GSM2099205_allc_6154] Loading regions from /home/muneeb/Downloads/BDA-Codebase/lncRNAs_only.bed ...
[GSM2099205_allc_6154]   11,071 lncRNA regions
[GSM2099205_allc_6154] Loading allc from /home/muneeb/Downloads/BDA-Codebase/GSE43857_RAW/GSM2099205_allc_6154.tsv ...
[GSM2099205_allc_6154]   37,593,896 cytosine records
[GSM2099205_allc_6154] Aggregating methylation per region ...
[GSM2099205_allc_6154]   Retained 10,800/11,071 regions (≥3 covered cytosine sites in at least one context)
[GSM2099205_allc_6154] Written → /home/muneeb/Downloads/BDA-Codebase/methylation_full_run/GSM2099205_allc_6154_lncRNA_methylation.tsv
[GSM2099208_allc_6169] Loading regions from /home/muneeb/Downloads/BDA-Codebase/lncRNAs_only.bed ...
[GSM2099208_allc_6169]   11,071 lncRNA regions
[GSM2099208_allc_6169] Loading allc from /home/muneeb/Downloads/BDA-Codebase/GSE43857_RAW/GSM2099208_allc_6169.tsv ...
[GSM2099208_allc_6169]   37,349,806 cytosine records
[GSM2099208_allc_6169] Aggregating methylation per region ...
[GSM2099208_allc_6169]   Retained 10,743/11,071 regions (≥3 covered cytosine sites in at least one context)
[GSM2099208_allc_6169] Written → /home/muneeb/Downloads/BDA-Codebase/methylation_full_run/GSM2099208_allc_6169_lncRNA_methylation.tsv
[GSM2099206_allc_6163] Loading regions from /home/muneeb/Downloads/BDA-Codebase/lncRNAs_only.bed ...
[GSM2099206_allc_6163]   11,071 lncRNA regions
[GSM2099206_allc_6163] Loading allc from /home/muneeb/Downloads/BDA-Codebase/GSE43857_RAW/GSM2099206_allc_6163.tsv ...
[GSM2099206_allc_6163]   37,374,228 cytosine records
[GSM2099206_allc_6163] Aggregating methylation per region ...
[GSM2099206_allc_6163]   Retained 10,789/11,071 regions (≥3 covered cytosine sites in at least one context)
[GSM2099206_allc_6163] Written → /home/muneeb/Downloads/BDA-Codebase/methylation_full_run/GSM2099206_allc_6163_lncRNA_methylation.tsv
[GSM2099209_allc_6171] Loading regions from /home/muneeb/Downloads/BDA-Codebase/lncRNAs_only.bed ...
[GSM2099209_allc_6171]   11,071 lncRNA regions
[GSM2099209_allc_6171] Loading allc from /home/muneeb/Downloads/BDA-Codebase/GSE43857_RAW/GSM2099209_allc_6171.tsv ...
[GSM2099209_allc_6171]   36,312,537 cytosine records
[GSM2099209_allc_6171] Aggregating methylation per region ...
[GSM2099209_allc_6171]   Retained 10,799/11,071 regions (≥3 covered cytosine sites in at least one context)
[GSM2099209_allc_6171] Written → /home/muneeb/Downloads/BDA-Codebase/methylation_full_run/GSM2099209_allc_6171_lncRNA_methylation.tsv
[GSM2099207_allc_6166] Loading regions from /home/muneeb/Downloads/BDA-Codebase/lncRNAs_only.bed ...
[GSM2099207_allc_6166]   11,071 lncRNA regions
[GSM2099207_allc_6166] Loading allc from /home/muneeb/Downloads/BDA-Codebase/GSE43857_RAW/GSM2099207_allc_6166.tsv ...
[GSM2099207_allc_6166]   37,712,443 cytosine records
[GSM2099207_allc_6166] Aggregating methylation per region ...
[GSM2099207_allc_6166]   Retained 10,820/11,071 regions (≥3 covered cytosine sites in at least one context)
[GSM2099207_allc_6166] Written → /home/muneeb/Downloads/BDA-Codebase/methylation_full_run/GSM2099207_allc_6166_lncRNA_methylation.tsv
[GSM2099203_allc_6145] Loading regions from /home/muneeb/Downloads/BDA-Codebase/lncRNAs_only.bed ...
[GSM2099203_allc_6145]   11,071 lncRNA regions
[GSM2099203_allc_6145] Loading allc from /home/muneeb/Downloads/BDA-Codebase/GSE43857_RAW/GSM2099203_allc_6145.tsv ...
[GSM2099203_allc_6145]   39,204,048 cytosine records
[GSM2099203_allc_6145] Aggregating methylation per region ...
[GSM2099203_allc_6145]   Retained 10,903/11,071 regions (≥3 covered cytosine sites in at least one context)
[GSM2099203_allc_6145] Written → /home/muneeb/Downloads/BDA-Codebase/methylation_full_run/GSM2099203_allc_6145_lncRNA_methylation.tsv
[GSM2099210_allc_6174] Loading regions from /home/muneeb/Downloads/BDA-Codebase/lncRNAs_only.bed ...
[GSM2099210_allc_6174]   11,071 lncRNA regions
[GSM2099210_allc_6174] Loading allc from /home/muneeb/Downloads/BDA-Codebase/GSE43857_RAW/GSM2099210_allc_6174.tsv ...
[GSM2099210_allc_6174]   36,690,372 cytosine records
[GSM2099210_allc_6174] Aggregating methylation per region ...
[GSM2099210_allc_6174]   Retained 10,753/11,071 regions (≥3 covered cytosine sites in at least one context)
[GSM2099210_allc_6174] Written → /home/muneeb/Downloads/BDA-Codebase/methylation_full_run/GSM2099210_allc_6174_lncRNA_methylation.tsv
[GSM2099211_allc_6177] Loading regions from /home/muneeb/Downloads/BDA-Codebase/lncRNAs_only.bed ...
[GSM2099211_allc_6177]   11,071 lncRNA regions
[GSM2099211_allc_6177] Loading allc from /home/muneeb/Downloads/BDA-Codebase/GSE43857_RAW/GSM2099211_allc_6177.tsv ...
[GSM2099211_allc_6177]   37,711,371 cytosine records
[GSM2099211_allc_6177] Aggregating methylation per region ...
[GSM2099211_allc_6177]   Retained 10,846/11,071 regions (≥3 covered cytosine sites in at least one context)
[GSM2099211_allc_6177] Written → /home/muneeb/Downloads/BDA-Codebase/methylation_full_run/GSM2099211_allc_6177_lncRNA_methylation.tsv
[GSM2099212_allc_6195] Loading regions from /home/muneeb/Downloads/BDA-Codebase/lncRNAs_only.bed ...
[GSM2099212_allc_6195]   11,071 lncRNA regions
[GSM2099212_allc_6195] Loading allc from /home/muneeb/Downloads/BDA-Codebase/GSE43857_RAW/GSM2099212_allc_6195.tsv ...
[GSM2099212_allc_6195]   36,280,072 cytosine records
[GSM2099212_allc_6195] Aggregating methylation per region ...
[GSM2099212_allc_6195]   Retained 10,779/11,071 regions (≥3 covered cytosine sites in at least one context)
[GSM2099212_allc_6195] Written → /home/muneeb/Downloads/BDA-Codebase/methylation_full_run/GSM2099212_allc_6195_lncRNA_methylation.tsv
[GSM2099213_allc_6198] Loading regions from /home/muneeb/Downloads/BDA-Codebase/lncRNAs_only.bed ...
[GSM2099213_allc_6198]   11,071 lncRNA regions
[GSM2099213_allc_6198] Loading allc from /home/muneeb/Downloads/BDA-Codebase/GSE43857_RAW/GSM2099213_allc_6198.tsv ...
[GSM2099213_allc_6198]   37,255,761 cytosine records
[GSM2099213_allc_6198] Aggregating methylation per region ...
[GSM2099213_allc_6198]   Retained 10,821/11,071 regions (≥3 covered cytosine sites in at least one context)
[GSM2099213_allc_6198] Written → /home/muneeb/Downloads/BDA-Codebase/methylation_full_run/GSM2099213_allc_6198_lncRNA_methylation.tsv
[GSM2099214_allc_6201] Loading regions from /home/muneeb/Downloads/BDA-Codebase/lncRNAs_only.bed ...
[GSM2099214_allc_6201]   11,071 lncRNA regions
[GSM2099214_allc_6201] Loading allc from /home/muneeb/Downloads/BDA-Codebase/GSE43857_RAW/GSM2099214_allc_6201.tsv ...
[GSM2099214_allc_6201]   37,442,206 cytosine records
[GSM2099214_allc_6201] Aggregating methylation per region ...
[GSM2099214_allc_6201]   Retained 10,782/11,071 regions (≥3 covered cytosine sites in at least one context)
[GSM2099214_allc_6201] Written → /home/muneeb/Downloads/BDA-Codebase/methylation_full_run/GSM2099214_allc_6201_lncRNA_methylation.tsv
[GSM2099216_allc_6218] Loading regions from /home/muneeb/Downloads/BDA-Codebase/lncRNAs_only.bed ...
[GSM2099216_allc_6218]   11,071 lncRNA regions
[GSM2099216_allc_6218] Loading allc from /home/muneeb/Downloads/BDA-Codebase/GSE43857_RAW/GSM2099216_allc_6218.tsv ...
[GSM2099216_allc_6218]   37,377,574 cytosine records
[GSM2099216_allc_6218] Aggregating methylation per region ...
[GSM2099216_allc_6218]   Retained 10,796/11,071 regions (≥3 covered cytosine sites in at least one context)
[GSM2099216_allc_6218] Written → /home/muneeb/Downloads/BDA-Codebase/methylation_full_run/GSM2099216_allc_6218_lncRNA_methylation.tsv
[GSM2099215_allc_6203] Loading regions from /home/muneeb/Downloads/BDA-Codebase/lncRNAs_only.bed ...
[GSM2099215_allc_6203]   11,071 lncRNA regions
[GSM2099215_allc_6203] Loading allc from /home/muneeb/Downloads/BDA-Codebase/GSE43857_RAW/GSM2099215_allc_6203.tsv ...
[GSM2099215_allc_6203]   37,477,868 cytosine records
[GSM2099215_allc_6203] Aggregating methylation per region ...
[GSM2099215_allc_6203]   Retained 10,827/11,071 regions (≥3 covered cytosine sites in at least one context)
[GSM2099215_allc_6203] Written → /home/muneeb/Downloads/BDA-Codebase/methylation_full_run/GSM2099215_allc_6203_lncRNA_methylation.tsv
[GSM2099217_allc_6220] Loading regions from /home/muneeb/Downloads/BDA-Codebase/lncRNAs_only.bed ...
[GSM2099217_allc_6220]   11,071 lncRNA regions
[GSM2099217_allc_6220] Loading allc from /home/muneeb/Downloads/BDA-Codebase/GSE43857_RAW/GSM2099217_allc_6220.tsv ...
[GSM2099217_allc_6220]   37,343,270 cytosine records
[GSM2099217_allc_6220] Aggregating methylation per region ...
[GSM2099217_allc_6220]   Retained 10,795/11,071 regions (≥3 covered cytosine sites in at least one context)
[GSM2099217_allc_6220] Written → /home/muneeb/Downloads/BDA-Codebase/methylation_full_run/GSM2099217_allc_6220_lncRNA_methylation.tsv
[GSM2099218_allc_6241] Loading regions from /home/muneeb/Downloads/BDA-Codebase/lncRNAs_only.bed ...
[GSM2099218_allc_6241]   11,071 lncRNA regions
[GSM2099218_allc_6241] Loading allc from /home/muneeb/Downloads/BDA-Codebase/GSE43857_RAW/GSM2099218_allc_6241.tsv ...
[GSM2099218_allc_6241]   37,589,489 cytosine records
[GSM2099218_allc_6241] Aggregating methylation per region ...
[GSM2099218_allc_6241]   Retained 10,842/11,071 regions (≥3 covered cytosine sites in at least one context)
[GSM2099218_allc_6241] Written → /home/muneeb/Downloads/BDA-Codebase/methylation_full_run/GSM2099218_allc_6241_lncRNA_methylation.tsv
[GSM2099219_allc_6255] Loading regions from /home/muneeb/Downloads/BDA-Codebase/lncRNAs_only.bed ...
[GSM2099219_allc_6255]   11,071 lncRNA regions
[GSM2099219_allc_6255] Loading allc from /home/muneeb/Downloads/BDA-Codebase/GSE43857_RAW/GSM2099219_allc_6255.tsv ...
[GSM2099219_allc_6255]   37,124,468 cytosine records
[GSM2099219_allc_6255] Aggregating methylation per region ...
[GSM2099219_allc_6255]   Retained 10,802/11,071 regions (≥3 covered cytosine sites in at least one context)
[GSM2099219_allc_6255] Written → /home/muneeb/Downloads/BDA-Codebase/methylation_full_run/GSM2099219_allc_6255_lncRNA_methylation.tsv
[GSM2099221_allc_6284] Loading regions from /home/muneeb/Downloads/BDA-Codebase/lncRNAs_only.bed ...
[GSM2099221_allc_6284]   11,071 lncRNA regions
[GSM2099221_allc_6284] Loading allc from /home/muneeb/Downloads/BDA-Codebase/GSE43857_RAW/GSM2099221_allc_6284.tsv ...
[GSM2099221_allc_6284]   38,442,410 cytosine records
[GSM2099221_allc_6284] Aggregating methylation per region ...
[GSM2099221_allc_6284]   Retained 10,906/11,071 regions (≥3 covered cytosine sites in at least one context)
[GSM2099221_allc_6284] Written → /home/muneeb/Downloads/BDA-Codebase/methylation_full_run/GSM2099221_allc_6284_lncRNA_methylation.tsv
[GSM2099220_allc_6268] Loading regions from /home/muneeb/Downloads/BDA-Codebase/lncRNAs_only.bed ...
[GSM2099220_allc_6268]   11,071 lncRNA regions
[GSM2099220_allc_6268] Loading allc from /home/muneeb/Downloads/BDA-Codebase/GSE43857_RAW/GSM2099220_allc_6268.tsv ...
[GSM2099220_allc_6268]   37,991,440 cytosine records
[GSM2099220_allc_6268] Aggregating methylation per region ...
[GSM2099220_allc_6268]   Retained 10,819/11,071 regions (≥3 covered cytosine sites in at least one context)
[GSM2099220_allc_6268] Written → /home/muneeb/Downloads/BDA-Codebase/methylation_full_run/GSM2099220_allc_6268_lncRNA_methylation.tsv
[GSM2099222_allc_630] Loading regions from /home/muneeb/Downloads/BDA-Codebase/lncRNAs_only.bed ...
[GSM2099222_allc_630]   11,071 lncRNA regions
[GSM2099222_allc_630] Loading allc from /home/muneeb/Downloads/BDA-Codebase/GSE43857_RAW/GSM2099222_allc_630.tsv ...
[GSM2099222_allc_630]   35,456,130 cytosine records
[GSM2099222_allc_630] Aggregating methylation per region ...
[GSM2099222_allc_630]   Retained 10,755/11,071 regions (≥3 covered cytosine sites in at least one context)
[GSM2099222_allc_630] Written → /home/muneeb/Downloads/BDA-Codebase/methylation_full_run/GSM2099222_allc_630_lncRNA_methylation.tsv
[GSM2099224_allc_6434] Loading regions from /home/muneeb/Downloads/BDA-Codebase/lncRNAs_only.bed ...
[GSM2099224_allc_6434]   11,071 lncRNA regions
[GSM2099224_allc_6434] Loading allc from /home/muneeb/Downloads/BDA-Codebase/GSE43857_RAW/GSM2099224_allc_6434.tsv ...
[GSM2099224_allc_6434]   37,263,785 cytosine records
[GSM2099224_allc_6434] Aggregating methylation per region ...
[GSM2099224_allc_6434]   Retained 10,830/11,071 regions (≥3 covered cytosine sites in at least one context)
[GSM2099224_allc_6434] Written → /home/muneeb/Downloads/BDA-Codebase/methylation_full_run/GSM2099224_allc_6434_lncRNA_methylation.tsv
[GSM2099223_allc_6390] Loading regions from /home/muneeb/Downloads/BDA-Codebase/lncRNAs_only.bed ...
[GSM2099223_allc_6390]   11,071 lncRNA regions
[GSM2099223_allc_6390] Loading allc from /home/muneeb/Downloads/BDA-Codebase/GSE43857_RAW/GSM2099223_allc_6390.tsv ...
[GSM2099223_allc_6390]   37,667,231 cytosine records
[GSM2099223_allc_6390] Aggregating methylation per region ...
[GSM2099223_allc_6390]   Retained 10,842/11,071 regions (≥3 covered cytosine sites in at least one context)
[GSM2099223_allc_6390] Written → /home/muneeb/Downloads/BDA-Codebase/methylation_full_run/GSM2099223_allc_6390_lncRNA_methylation.tsv
[GSM2099226_allc_6680] Loading regions from /home/muneeb/Downloads/BDA-Codebase/lncRNAs_only.bed ...
[GSM2099226_allc_6680]   11,071 lncRNA regions
[GSM2099226_allc_6680] Loading allc from /home/muneeb/Downloads/BDA-Codebase/GSE43857_RAW/GSM2099226_allc_6680.tsv ...
[GSM2099226_allc_6680]   37,305,386 cytosine records
[GSM2099226_allc_6680] Aggregating methylation per region ...
[GSM2099226_allc_6680]   Retained 10,820/11,071 regions (≥3 covered cytosine sites in at least one context)
[GSM2099226_allc_6680] Written → /home/muneeb/Downloads/BDA-Codebase/methylation_full_run/GSM2099226_allc_6680_lncRNA_methylation.tsv
[GSM2099225_allc_6445] Loading regions from /home/muneeb/Downloads/BDA-Codebase/lncRNAs_only.bed ...
[GSM2099225_allc_6445]   11,071 lncRNA regions
[GSM2099225_allc_6445] Loading allc from /home/muneeb/Downloads/BDA-Codebase/GSE43857_RAW/GSM2099225_allc_6445.tsv ...
[GSM2099225_allc_6445]   37,859,051 cytosine records
[GSM2099225_allc_6445] Aggregating methylation per region ...
[GSM2099225_allc_6445]   Retained 10,847/11,071 regions (≥3 covered cytosine sites in at least one context)
[GSM2099225_allc_6445] Written → /home/muneeb/Downloads/BDA-Codebase/methylation_full_run/GSM2099225_allc_6445_lncRNA_methylation.tsv
[GSM2099227_allc_6709] Loading regions from /home/muneeb/Downloads/BDA-Codebase/lncRNAs_only.bed ...
[GSM2099227_allc_6709]   11,071 lncRNA regions
[GSM2099227_allc_6709] Loading allc from /home/muneeb/Downloads/BDA-Codebase/GSE43857_RAW/GSM2099227_allc_6709.tsv ...
[GSM2099227_allc_6709]   36,612,954 cytosine records
[GSM2099227_allc_6709] Aggregating methylation per region ...
[GSM2099227_allc_6709]   Retained 10,851/11,071 regions (≥3 covered cytosine sites in at least one context)
[GSM2099227_allc_6709] Written → /home/muneeb/Downloads/BDA-Codebase/methylation_full_run/GSM2099227_allc_6709_lncRNA_methylation.tsv
[GSM2099228_allc_6744] Loading regions from /home/muneeb/Downloads/BDA-Codebase/lncRNAs_only.bed ...
[GSM2099228_allc_6744]   11,071 lncRNA regions
[GSM2099228_allc_6744] Loading allc from /home/muneeb/Downloads/BDA-Codebase/GSE43857_RAW/GSM2099228_allc_6744.tsv ...
[GSM2099228_allc_6744]   37,448,895 cytosine records
[GSM2099228_allc_6744] Aggregating methylation per region ...
[GSM2099228_allc_6744]   Retained 10,833/11,071 regions (≥3 covered cytosine sites in at least one context)
[GSM2099228_allc_6744] Written → /home/muneeb/Downloads/BDA-Codebase/methylation_full_run/GSM2099228_allc_6744_lncRNA_methylation.tsv
[GSM2099230_allc_6897] Loading regions from /home/muneeb/Downloads/BDA-Codebase/lncRNAs_only.bed ...
[GSM2099230_allc_6897]   11,071 lncRNA regions
[GSM2099230_allc_6897] Loading allc from /home/muneeb/Downloads/BDA-Codebase/GSE43857_RAW/GSM2099230_allc_6897.tsv ...
[GSM2099230_allc_6897]   36,098,161 cytosine records
[GSM2099230_allc_6897] Aggregating methylation per region ...
[GSM2099230_allc_6897]   Retained 10,710/11,071 regions (≥3 covered cytosine sites in at least one context)
[GSM2099230_allc_6897] Written → /home/muneeb/Downloads/BDA-Codebase/methylation_full_run/GSM2099230_allc_6897_lncRNA_methylation.tsv
[GSM2099229_allc_6830] Loading regions from /home/muneeb/Downloads/BDA-Codebase/lncRNAs_only.bed ...
[GSM2099229_allc_6830]   11,071 lncRNA regions
[GSM2099229_allc_6830] Loading allc from /home/muneeb/Downloads/BDA-Codebase/GSE43857_RAW/GSM2099229_allc_6830.tsv ...
[GSM2099229_allc_6830]   38,197,570 cytosine records
[GSM2099229_allc_6830] Aggregating methylation per region ...
[GSM2099229_allc_6830]   Retained 10,848/11,071 regions (≥3 covered cytosine sites in at least one context)
[GSM2099229_allc_6830] Written → /home/muneeb/Downloads/BDA-Codebase/methylation_full_run/GSM2099229_allc_6830_lncRNA_methylation.tsv
[GSM2099231_allc_6900] Loading regions from /home/muneeb/Downloads/BDA-Codebase/lncRNAs_only.bed ...
[GSM2099231_allc_6900]   11,071 lncRNA regions
[GSM2099231_allc_6900] Loading allc from /home/muneeb/Downloads/BDA-Codebase/GSE43857_RAW/GSM2099231_allc_6900.tsv ...
[GSM2099231_allc_6900]   36,191,157 cytosine records
[GSM2099231_allc_6900] Aggregating methylation per region ...
[GSM2099231_allc_6900]   Retained 10,786/11,071 regions (≥3 covered cytosine sites in at least one context)
[GSM2099231_allc_6900] Written → /home/muneeb/Downloads/BDA-Codebase/methylation_full_run/GSM2099231_allc_6900_lncRNA_methylation.tsv
[GSM2099232_allc_6906] Loading regions from /home/muneeb/Downloads/BDA-Codebase/lncRNAs_only.bed ...
[GSM2099232_allc_6906]   11,071 lncRNA regions
[GSM2099232_allc_6906] Loading allc from /home/muneeb/Downloads/BDA-Codebase/GSE43857_RAW/GSM2099232_allc_6906.tsv ...
[GSM2099232_allc_6906]   37,367,820 cytosine records
[GSM2099232_allc_6906] Aggregating methylation per region ...
[GSM2099232_allc_6906]   Retained 10,806/11,071 regions (≥3 covered cytosine sites in at least one context)
[GSM2099232_allc_6906] Written → /home/muneeb/Downloads/BDA-Codebase/methylation_full_run/GSM2099232_allc_6906_lncRNA_methylation.tsv
[GSM2099234_allc_6915] Loading regions from /home/muneeb/Downloads/BDA-Codebase/lncRNAs_only.bed ...
[GSM2099234_allc_6915]   11,071 lncRNA regions
[GSM2099234_allc_6915] Loading allc from /home/muneeb/Downloads/BDA-Codebase/GSE43857_RAW/GSM2099234_allc_6915.tsv ...
[GSM2099234_allc_6915]   35,513,413 cytosine records
[GSM2099234_allc_6915] Aggregating methylation per region ...
[GSM2099234_allc_6915]   Retained 10,686/11,071 regions (≥3 covered cytosine sites in at least one context)
[GSM2099234_allc_6915] Written → /home/muneeb/Downloads/BDA-Codebase/methylation_full_run/GSM2099234_allc_6915_lncRNA_methylation.tsv
[GSM2099235_allc_6917] Loading regions from /home/muneeb/Downloads/BDA-Codebase/lncRNAs_only.bed ...
[GSM2099235_allc_6917]   11,071 lncRNA regions
[GSM2099235_allc_6917] Loading allc from /home/muneeb/Downloads/BDA-Codebase/GSE43857_RAW/GSM2099235_allc_6917.tsv ...
[GSM2099235_allc_6917]   38,128,481 cytosine records
[GSM2099235_allc_6917] Aggregating methylation per region ...
[GSM2099235_allc_6917]   Retained 10,906/11,071 regions (≥3 covered cytosine sites in at least one context)
[GSM2099235_allc_6917] Written → /home/muneeb/Downloads/BDA-Codebase/methylation_full_run/GSM2099235_allc_6917_lncRNA_methylation.tsv
[GSM2099236_allc_6921] Loading regions from /home/muneeb/Downloads/BDA-Codebase/lncRNAs_only.bed ...
[GSM2099236_allc_6921]   11,071 lncRNA regions
[GSM2099236_allc_6921] Loading allc from /home/muneeb/Downloads/BDA-Codebase/GSE43857_RAW/GSM2099236_allc_6921.tsv ...
[GSM2099236_allc_6921]   34,120,787 cytosine records
[GSM2099236_allc_6921] Aggregating methylation per region ...
[GSM2099236_allc_6921]   Retained 10,750/11,071 regions (≥3 covered cytosine sites in at least one context)
[GSM2099236_allc_6921] Written → /home/muneeb/Downloads/BDA-Codebase/methylation_full_run/GSM2099236_allc_6921_lncRNA_methylation.tsv
[GSM2099237_allc_6923] Loading regions from /home/muneeb/Downloads/BDA-Codebase/lncRNAs_only.bed ...
[GSM2099237_allc_6923]   11,071 lncRNA regions
[GSM2099237_allc_6923] Loading allc from /home/muneeb/Downloads/BDA-Codebase/GSE43857_RAW/GSM2099237_allc_6923.tsv ...
[GSM2099237_allc_6923]   37,340,495 cytosine records
[GSM2099237_allc_6923] Aggregating methylation per region ...
[GSM2099237_allc_6923]   Retained 10,915/11,071 regions (≥3 covered cytosine sites in at least one context)
[GSM2099237_allc_6923] Written → /home/muneeb/Downloads/BDA-Codebase/methylation_full_run/GSM2099237_allc_6923_lncRNA_methylation.tsv
[GSM2099238_allc_6937] Loading regions from /home/muneeb/Downloads/BDA-Codebase/lncRNAs_only.bed ...
[GSM2099238_allc_6937]   11,071 lncRNA regions
[GSM2099238_allc_6937] Loading allc from /home/muneeb/Downloads/BDA-Codebase/GSE43857_RAW/GSM2099238_allc_6937.tsv ...
[GSM2099238_allc_6937]   36,583,603 cytosine records
[GSM2099238_allc_6937] Aggregating methylation per region ...
[GSM2099238_allc_6937]   Retained 10,734/11,071 regions (≥3 covered cytosine sites in at least one context)
[GSM2099238_allc_6937] Written → /home/muneeb/Downloads/BDA-Codebase/methylation_full_run/GSM2099238_allc_6937_lncRNA_methylation.tsv
[GSM2099239_allc_6943] Loading regions from /home/muneeb/Downloads/BDA-Codebase/lncRNAs_only.bed ...
[GSM2099239_allc_6943]   11,071 lncRNA regions
[GSM2099239_allc_6943] Loading allc from /home/muneeb/Downloads/BDA-Codebase/GSE43857_RAW/GSM2099239_allc_6943.tsv ...
[GSM2099239_allc_6943]   37,157,434 cytosine records
[GSM2099239_allc_6943] Aggregating methylation per region ...
[GSM2099239_allc_6943]   Retained 10,829/11,071 regions (≥3 covered cytosine sites in at least one context)
[GSM2099239_allc_6943] Written → /home/muneeb/Downloads/BDA-Codebase/methylation_full_run/GSM2099239_allc_6943_lncRNA_methylation.tsv
[GSM2099233_allc_6907] Loading regions from /home/muneeb/Downloads/BDA-Codebase/lncRNAs_only.bed ...
[GSM2099233_allc_6907]   11,071 lncRNA regions
[GSM2099233_allc_6907] Loading allc from /home/muneeb/Downloads/BDA-Codebase/GSE43857_RAW/GSM2099233_allc_6907.tsv ...
[GSM2099233_allc_6907]   39,943,910 cytosine records
[GSM2099233_allc_6907] Aggregating methylation per region ...
[GSM2099233_allc_6907]   Retained 10,975/11,071 regions (≥3 covered cytosine sites in at least one context)
[GSM2099233_allc_6907] Written → /home/muneeb/Downloads/BDA-Codebase/methylation_full_run/GSM2099233_allc_6907_lncRNA_methylation.tsv
[GSM2099240_allc_6944] Loading regions from /home/muneeb/Downloads/BDA-Codebase/lncRNAs_only.bed ...
[GSM2099240_allc_6944]   11,071 lncRNA regions
[GSM2099240_allc_6944] Loading allc from /home/muneeb/Downloads/BDA-Codebase/GSE43857_RAW/GSM2099240_allc_6944.tsv ...
[GSM2099240_allc_6944]   37,802,627 cytosine records
[GSM2099240_allc_6944] Aggregating methylation per region ...
[GSM2099240_allc_6944]   Retained 10,860/11,071 regions (≥3 covered cytosine sites in at least one context)
[GSM2099240_allc_6944] Written → /home/muneeb/Downloads/BDA-Codebase/methylation_full_run/GSM2099240_allc_6944_lncRNA_methylation.tsv
[GSM2099241_allc_6956] Loading regions from /home/muneeb/Downloads/BDA-Codebase/lncRNAs_only.bed ...
[GSM2099241_allc_6956]   11,071 lncRNA regions
[GSM2099241_allc_6956] Loading allc from /home/muneeb/Downloads/BDA-Codebase/GSE43857_RAW/GSM2099241_allc_6956.tsv ...
[GSM2099241_allc_6956]   37,057,236 cytosine records
[GSM2099241_allc_6956] Aggregating methylation per region ...
[GSM2099241_allc_6956]   Retained 10,775/11,071 regions (≥3 covered cytosine sites in at least one context)
[GSM2099241_allc_6956] Written → /home/muneeb/Downloads/BDA-Codebase/methylation_full_run/GSM2099241_allc_6956_lncRNA_methylation.tsv
[GSM2099242_allc_6959] Loading regions from /home/muneeb/Downloads/BDA-Codebase/lncRNAs_only.bed ...
[GSM2099242_allc_6959]   11,071 lncRNA regions
[GSM2099242_allc_6959] Loading allc from /home/muneeb/Downloads/BDA-Codebase/GSE43857_RAW/GSM2099242_allc_6959.tsv ...
[GSM2099242_allc_6959]   37,705,094 cytosine records
[GSM2099242_allc_6959] Aggregating methylation per region ...
[GSM2099242_allc_6959]   Retained 10,871/11,071 regions (≥3 covered cytosine sites in at least one context)
[GSM2099242_allc_6959] Written → /home/muneeb/Downloads/BDA-Codebase/methylation_full_run/GSM2099242_allc_6959_lncRNA_methylation.tsv
[GSM2099243_allc_6970] Loading regions from /home/muneeb/Downloads/BDA-Codebase/lncRNAs_only.bed ...
[GSM2099243_allc_6970]   11,071 lncRNA regions
[GSM2099243_allc_6970] Loading allc from /home/muneeb/Downloads/BDA-Codebase/GSE43857_RAW/GSM2099243_allc_6970.tsv ...
[GSM2099243_allc_6970]   37,159,634 cytosine records
[GSM2099243_allc_6970] Aggregating methylation per region ...
[GSM2099243_allc_6970]   Retained 10,743/11,071 regions (≥3 covered cytosine sites in at least one context)
[GSM2099243_allc_6970] Written → /home/muneeb/Downloads/BDA-Codebase/methylation_full_run/GSM2099243_allc_6970_lncRNA_methylation.tsv
[GSM2099245_allc_6974] Loading regions from /home/muneeb/Downloads/BDA-Codebase/lncRNAs_only.bed ...
[GSM2099245_allc_6974]   11,071 lncRNA regions
[GSM2099245_allc_6974] Loading allc from /home/muneeb/Downloads/BDA-Codebase/GSE43857_RAW/GSM2099245_allc_6974.tsv ...
[GSM2099245_allc_6974]   37,495,943 cytosine records
[GSM2099245_allc_6974] Aggregating methylation per region ...
[GSM2099245_allc_6974]   Retained 10,841/11,071 regions (≥3 covered cytosine sites in at least one context)
[GSM2099245_allc_6974] Written → /home/muneeb/Downloads/BDA-Codebase/methylation_full_run/GSM2099245_allc_6974_lncRNA_methylation.tsv
[GSM2099247_allc_6987] Loading regions from /home/muneeb/Downloads/BDA-Codebase/lncRNAs_only.bed ...
[GSM2099247_allc_6987]   11,071 lncRNA regions
[GSM2099247_allc_6987] Loading allc from /home/muneeb/Downloads/BDA-Codebase/GSE43857_RAW/GSM2099247_allc_6987.tsv ...
[GSM2099247_allc_6987]   35,208,986 cytosine records
[GSM2099247_allc_6987] Aggregating methylation per region ...
[GSM2099247_allc_6987]   Retained 10,702/11,071 regions (≥3 covered cytosine sites in at least one context)
[GSM2099247_allc_6987] Written → /home/muneeb/Downloads/BDA-Codebase/methylation_full_run/GSM2099247_allc_6987_lncRNA_methylation.tsv
[GSM2099246_allc_6979] Loading regions from /home/muneeb/Downloads/BDA-Codebase/lncRNAs_only.bed ...
[GSM2099246_allc_6979]   11,071 lncRNA regions
[GSM2099246_allc_6979] Loading allc from /home/muneeb/Downloads/BDA-Codebase/GSE43857_RAW/GSM2099246_allc_6979.tsv ...
[GSM2099246_allc_6979]   37,816,482 cytosine records
[GSM2099246_allc_6979] Aggregating methylation per region ...
[GSM2099246_allc_6979]   Retained 10,816/11,071 regions (≥3 covered cytosine sites in at least one context)
[GSM2099246_allc_6979] Written → /home/muneeb/Downloads/BDA-Codebase/methylation_full_run/GSM2099246_allc_6979_lncRNA_methylation.tsv
[GSM2099244_allc_6971] Loading regions from /home/muneeb/Downloads/BDA-Codebase/lncRNAs_only.bed ...
[GSM2099244_allc_6971]   11,071 lncRNA regions
[GSM2099244_allc_6971] Loading allc from /home/muneeb/Downloads/BDA-Codebase/GSE43857_RAW/GSM2099244_allc_6971.tsv ...
[GSM2099244_allc_6971]   37,783,534 cytosine records
[GSM2099244_allc_6971] Aggregating methylation per region ...
[GSM2099244_allc_6971]   Retained 10,808/11,071 regions (≥3 covered cytosine sites in at least one context)
[GSM2099244_allc_6971] Written → /home/muneeb/Downloads/BDA-Codebase/methylation_full_run/GSM2099244_allc_6971_lncRNA_methylation.tsv
[GSM2099248_allc_6989] Loading regions from /home/muneeb/Downloads/BDA-Codebase/lncRNAs_only.bed ...
[GSM2099248_allc_6989]   11,071 lncRNA regions
[GSM2099248_allc_6989] Loading allc from /home/muneeb/Downloads/BDA-Codebase/GSE43857_RAW/GSM2099248_allc_6989.tsv ...
[GSM2099248_allc_6989]   37,608,067 cytosine records
[GSM2099248_allc_6989] Aggregating methylation per region ...
[GSM2099248_allc_6989]   Retained 10,849/11,071 regions (≥3 covered cytosine sites in at least one context)
[GSM2099248_allc_6989] Written → /home/muneeb/Downloads/BDA-Codebase/methylation_full_run/GSM2099248_allc_6989_lncRNA_methylation.tsv
[GSM2099249_allc_6992] Loading regions from /home/muneeb/Downloads/BDA-Codebase/lncRNAs_only.bed ...
[GSM2099249_allc_6992]   11,071 lncRNA regions
[GSM2099249_allc_6992] Loading allc from /home/muneeb/Downloads/BDA-Codebase/GSE43857_RAW/GSM2099249_allc_6992.tsv ...
[GSM2099249_allc_6992]   38,017,357 cytosine records
[GSM2099249_allc_6992] Aggregating methylation per region ...
[GSM2099249_allc_6992]   Retained 10,816/11,071 regions (≥3 covered cytosine sites in at least one context)
[GSM2099249_allc_6992] Written → /home/muneeb/Downloads/BDA-Codebase/methylation_full_run/GSM2099249_allc_6992_lncRNA_methylation.tsv
[GSM2099250_allc_6994] Loading regions from /home/muneeb/Downloads/BDA-Codebase/lncRNAs_only.bed ...
[GSM2099250_allc_6994]   11,071 lncRNA regions
[GSM2099250_allc_6994] Loading allc from /home/muneeb/Downloads/BDA-Codebase/GSE43857_RAW/GSM2099250_allc_6994.tsv ...
[GSM2099250_allc_6994]   37,299,159 cytosine records
[GSM2099250_allc_6994] Aggregating methylation per region ...
[GSM2099250_allc_6994]   Retained 10,838/11,071 regions (≥3 covered cytosine sites in at least one context)
[GSM2099250_allc_6994] Written → /home/muneeb/Downloads/BDA-Codebase/methylation_full_run/GSM2099250_allc_6994_lncRNA_methylation.tsv
[GSM2099251_allc_7013] Loading regions from /home/muneeb/Downloads/BDA-Codebase/lncRNAs_only.bed ...
[GSM2099251_allc_7013]   11,071 lncRNA regions
[GSM2099251_allc_7013] Loading allc from /home/muneeb/Downloads/BDA-Codebase/GSE43857_RAW/GSM2099251_allc_7013.tsv ...
[GSM2099251_allc_7013]   37,877,321 cytosine records
[GSM2099251_allc_7013] Aggregating methylation per region ...
[GSM2099251_allc_7013]   Retained 10,832/11,071 regions (≥3 covered cytosine sites in at least one context)
[GSM2099251_allc_7013] Written → /home/muneeb/Downloads/BDA-Codebase/methylation_full_run/GSM2099251_allc_7013_lncRNA_methylation.tsv
[GSM2099253_allc_7028] Loading regions from /home/muneeb/Downloads/BDA-Codebase/lncRNAs_only.bed ...
[GSM2099253_allc_7028]   11,071 lncRNA regions
[GSM2099253_allc_7028] Loading allc from /home/muneeb/Downloads/BDA-Codebase/GSE43857_RAW/GSM2099253_allc_7028.tsv ...
[GSM2099253_allc_7028]   37,104,244 cytosine records
[GSM2099253_allc_7028] Aggregating methylation per region ...
[GSM2099253_allc_7028]   Retained 10,767/11,071 regions (≥3 covered cytosine sites in at least one context)
[GSM2099253_allc_7028] Written → /home/muneeb/Downloads/BDA-Codebase/methylation_full_run/GSM2099253_allc_7028_lncRNA_methylation.tsv
[GSM2099258_allc_7096] Loading regions from /home/muneeb/Downloads/BDA-Codebase/lncRNAs_only.bed ...
[GSM2099258_allc_7096]   11,071 lncRNA regions
[GSM2099258_allc_7096] Loading allc from /home/muneeb/Downloads/BDA-Codebase/GSE43857_RAW/GSM2099258_allc_7096.tsv ...
[GSM2099258_allc_7096]   32,992,330 cytosine records
[GSM2099258_allc_7096] Aggregating methylation per region ...
[GSM2099258_allc_7096]   Retained 10,671/11,071 regions (≥3 covered cytosine sites in at least one context)
[GSM2099258_allc_7096] Written → /home/muneeb/Downloads/BDA-Codebase/methylation_full_run/GSM2099258_allc_7096_lncRNA_methylation.tsv
[GSM2099254_allc_7058] Loading regions from /home/muneeb/Downloads/BDA-Codebase/lncRNAs_only.bed ...
[GSM2099254_allc_7058]   11,071 lncRNA regions
[GSM2099254_allc_7058] Loading allc from /home/muneeb/Downloads/BDA-Codebase/GSE43857_RAW/GSM2099254_allc_7058.tsv ...
[GSM2099254_allc_7058]   37,913,306 cytosine records
[GSM2099254_allc_7058] Aggregating methylation per region ...
[GSM2099254_allc_7058]   Retained 10,863/11,071 regions (≥3 covered cytosine sites in at least one context)
[GSM2099254_allc_7058] Written → /home/muneeb/Downloads/BDA-Codebase/methylation_full_run/GSM2099254_allc_7058_lncRNA_methylation.tsv
[GSM2099256_allc_7068] Loading regions from /home/muneeb/Downloads/BDA-Codebase/lncRNAs_only.bed ...
[GSM2099256_allc_7068]   11,071 lncRNA regions
[GSM2099256_allc_7068] Loading allc from /home/muneeb/Downloads/BDA-Codebase/GSE43857_RAW/GSM2099256_allc_7068.tsv ...
[GSM2099256_allc_7068]   37,357,158 cytosine records
[GSM2099256_allc_7068] Aggregating methylation per region ...
[GSM2099256_allc_7068]   Retained 10,796/11,071 regions (≥3 covered cytosine sites in at least one context)
[GSM2099256_allc_7068] Written → /home/muneeb/Downloads/BDA-Codebase/methylation_full_run/GSM2099256_allc_7068_lncRNA_methylation.tsv
[GSM2099255_allc_7067] Loading regions from /home/muneeb/Downloads/BDA-Codebase/lncRNAs_only.bed ...
[GSM2099255_allc_7067]   11,071 lncRNA regions
[GSM2099255_allc_7067] Loading allc from /home/muneeb/Downloads/BDA-Codebase/GSE43857_RAW/GSM2099255_allc_7067.tsv ...
[GSM2099255_allc_7067]   38,257,787 cytosine records
[GSM2099255_allc_7067] Aggregating methylation per region ...
[GSM2099255_allc_7067]   Retained 10,867/11,071 regions (≥3 covered cytosine sites in at least one context)
[GSM2099255_allc_7067] Written → /home/muneeb/Downloads/BDA-Codebase/methylation_full_run/GSM2099255_allc_7067_lncRNA_methylation.tsv
[GSM2099257_allc_7094] Loading regions from /home/muneeb/Downloads/BDA-Codebase/lncRNAs_only.bed ...
[GSM2099257_allc_7094]   11,071 lncRNA regions
[GSM2099257_allc_7094] Loading allc from /home/muneeb/Downloads/BDA-Codebase/GSE43857_RAW/GSM2099257_allc_7094.tsv ...
[GSM2099257_allc_7094]   37,814,471 cytosine records
[GSM2099257_allc_7094] Aggregating methylation per region ...
[GSM2099257_allc_7094]   Retained 10,837/11,071 regions (≥3 covered cytosine sites in at least one context)
[GSM2099257_allc_7094] Written → /home/muneeb/Downloads/BDA-Codebase/methylation_full_run/GSM2099257_allc_7094_lncRNA_methylation.tsv
[GSM2099259_allc_7102] Loading regions from /home/muneeb/Downloads/BDA-Codebase/lncRNAs_only.bed ...
[GSM2099259_allc_7102]   11,071 lncRNA regions
[GSM2099259_allc_7102] Loading allc from /home/muneeb/Downloads/BDA-Codebase/GSE43857_RAW/GSM2099259_allc_7102.tsv ...
[GSM2099259_allc_7102]   37,809,774 cytosine records
[GSM2099259_allc_7102] Aggregating methylation per region ...
[GSM2099259_allc_7102]   Retained 10,777/11,071 regions (≥3 covered cytosine sites in at least one context)
[GSM2099259_allc_7102] Written → /home/muneeb/Downloads/BDA-Codebase/methylation_full_run/GSM2099259_allc_7102_lncRNA_methylation.tsv
[GSM2099260_allc_7103] Loading regions from /home/muneeb/Downloads/BDA-Codebase/lncRNAs_only.bed ...
[GSM2099260_allc_7103]   11,071 lncRNA regions
[GSM2099260_allc_7103] Loading allc from /home/muneeb/Downloads/BDA-Codebase/GSE43857_RAW/GSM2099260_allc_7103.tsv ...
[GSM2099260_allc_7103]   37,976,506 cytosine records
[GSM2099260_allc_7103] Aggregating methylation per region ...
[GSM2099260_allc_7103]   Retained 10,880/11,071 regions (≥3 covered cytosine sites in at least one context)
[GSM2099260_allc_7103] Written → /home/muneeb/Downloads/BDA-Codebase/methylation_full_run/GSM2099260_allc_7103_lncRNA_methylation.tsv
[GSM2099261_allc_7106] Loading regions from /home/muneeb/Downloads/BDA-Codebase/lncRNAs_only.bed ...
[GSM2099261_allc_7106]   11,071 lncRNA regions
[GSM2099261_allc_7106] Loading allc from /home/muneeb/Downloads/BDA-Codebase/GSE43857_RAW/GSM2099261_allc_7106.tsv ...
[GSM2099261_allc_7106]   37,991,745 cytosine records
[GSM2099261_allc_7106] Aggregating methylation per region ...
[GSM2099261_allc_7106]   Retained 10,805/11,071 regions (≥3 covered cytosine sites in at least one context)
[GSM2099261_allc_7106] Written → /home/muneeb/Downloads/BDA-Codebase/methylation_full_run/GSM2099261_allc_7106_lncRNA_methylation.tsv
[GSM2099252_allc_7026] Loading regions from /home/muneeb/Downloads/BDA-Codebase/lncRNAs_only.bed ...
[GSM2099252_allc_7026]   11,071 lncRNA regions
[GSM2099252_allc_7026] Loading allc from /home/muneeb/Downloads/BDA-Codebase/GSE43857_RAW/GSM2099252_allc_7026.tsv ...
[GSM2099252_allc_7026]   40,904,928 cytosine records
[GSM2099252_allc_7026] Aggregating methylation per region ...
[GSM2099252_allc_7026]   Retained 11,003/11,071 regions (≥3 covered cytosine sites in at least one context)
[GSM2099252_allc_7026] Written → /home/muneeb/Downloads/BDA-Codebase/methylation_full_run/GSM2099252_allc_7026_lncRNA_methylation.tsv
[GSM2099264_allc_7125] Loading regions from /home/muneeb/Downloads/BDA-Codebase/lncRNAs_only.bed ...
[GSM2099264_allc_7125]   11,071 lncRNA regions
[GSM2099264_allc_7125] Loading allc from /home/muneeb/Downloads/BDA-Codebase/GSE43857_RAW/GSM2099264_allc_7125.tsv ...
[GSM2099264_allc_7125]   34,956,669 cytosine records
[GSM2099264_allc_7125] Aggregating methylation per region ...
[GSM2099264_allc_7125]   Retained 10,731/11,071 regions (≥3 covered cytosine sites in at least one context)
[GSM2099264_allc_7125] Written → /home/muneeb/Downloads/BDA-Codebase/methylation_full_run/GSM2099264_allc_7125_lncRNA_methylation.tsv
[GSM2099263_allc_7119] Loading regions from /home/muneeb/Downloads/BDA-Codebase/lncRNAs_only.bed ...
[GSM2099263_allc_7119]   11,071 lncRNA regions
[GSM2099263_allc_7119] Loading allc from /home/muneeb/Downloads/BDA-Codebase/GSE43857_RAW/GSM2099263_allc_7119.tsv ...
[GSM2099263_allc_7119]   37,883,411 cytosine records
[GSM2099263_allc_7119] Aggregating methylation per region ...
[GSM2099263_allc_7119]   Retained 10,853/11,071 regions (≥3 covered cytosine sites in at least one context)
[GSM2099263_allc_7119] Written → /home/muneeb/Downloads/BDA-Codebase/methylation_full_run/GSM2099263_allc_7119_lncRNA_methylation.tsv
[GSM2099265_allc_7130] Loading regions from /home/muneeb/Downloads/BDA-Codebase/lncRNAs_only.bed ...
[GSM2099265_allc_7130]   11,071 lncRNA regions
[GSM2099265_allc_7130] Loading allc from /home/muneeb/Downloads/BDA-Codebase/GSE43857_RAW/GSM2099265_allc_7130.tsv ...
[GSM2099265_allc_7130]   36,546,730 cytosine records
[GSM2099265_allc_7130] Aggregating methylation per region ...
[GSM2099265_allc_7130]   Retained 10,727/11,071 regions (≥3 covered cytosine sites in at least one context)
[GSM2099265_allc_7130] Written → /home/muneeb/Downloads/BDA-Codebase/methylation_full_run/GSM2099265_allc_7130_lncRNA_methylation.tsv
[GSM2099262_allc_7107] Loading regions from /home/muneeb/Downloads/BDA-Codebase/lncRNAs_only.bed ...
[GSM2099262_allc_7107]   11,071 lncRNA regions
[GSM2099262_allc_7107] Loading allc from /home/muneeb/Downloads/BDA-Codebase/GSE43857_RAW/GSM2099262_allc_7107.tsv ...
[GSM2099262_allc_7107]   38,589,709 cytosine records
[GSM2099262_allc_7107] Aggregating methylation per region ...
[GSM2099262_allc_7107]   Retained 10,913/11,071 regions (≥3 covered cytosine sites in at least one context)
[GSM2099262_allc_7107] Written → /home/muneeb/Downloads/BDA-Codebase/methylation_full_run/GSM2099262_allc_7107_lncRNA_methylation.tsv
[GSM2099266_allc_7138] Loading regions from /home/muneeb/Downloads/BDA-Codebase/lncRNAs_only.bed ...
[GSM2099266_allc_7138]   11,071 lncRNA regions
[GSM2099266_allc_7138] Loading allc from /home/muneeb/Downloads/BDA-Codebase/GSE43857_RAW/GSM2099266_allc_7138.tsv ...
[GSM2099266_allc_7138]   35,294,029 cytosine records
[GSM2099266_allc_7138] Aggregating methylation per region ...
[GSM2099266_allc_7138]   Retained 10,728/11,071 regions (≥3 covered cytosine sites in at least one context)
[GSM2099266_allc_7138] Written → /home/muneeb/Downloads/BDA-Codebase/methylation_full_run/GSM2099266_allc_7138_lncRNA_methylation.tsv
[GSM2099267_allc_7158] Loading regions from /home/muneeb/Downloads/BDA-Codebase/lncRNAs_only.bed ...
[GSM2099267_allc_7158]   11,071 lncRNA regions
[GSM2099267_allc_7158] Loading allc from /home/muneeb/Downloads/BDA-Codebase/GSE43857_RAW/GSM2099267_allc_7158.tsv ...
[GSM2099267_allc_7158]   36,283,598 cytosine records
[GSM2099267_allc_7158] Aggregating methylation per region ...
[GSM2099267_allc_7158]   Retained 10,933/11,071 regions (≥3 covered cytosine sites in at least one context)
[GSM2099267_allc_7158] Written → /home/muneeb/Downloads/BDA-Codebase/methylation_full_run/GSM2099267_allc_7158_lncRNA_methylation.tsv
[GSM2099269_allc_7164] Loading regions from /home/muneeb/Downloads/BDA-Codebase/lncRNAs_only.bed ...
[GSM2099269_allc_7164]   11,071 lncRNA regions
[GSM2099269_allc_7164] Loading allc from /home/muneeb/Downloads/BDA-Codebase/GSE43857_RAW/GSM2099269_allc_7164.tsv ...
[GSM2099269_allc_7164]   35,690,123 cytosine records
[GSM2099269_allc_7164] Aggregating methylation per region ...
[GSM2099269_allc_7164]   Retained 10,824/11,071 regions (≥3 covered cytosine sites in at least one context)
[GSM2099269_allc_7164] Written → /home/muneeb/Downloads/BDA-Codebase/methylation_full_run/GSM2099269_allc_7164_lncRNA_methylation.tsv
[GSM2099268_allc_7161] Loading regions from /home/muneeb/Downloads/BDA-Codebase/lncRNAs_only.bed ...
[GSM2099268_allc_7161]   11,071 lncRNA regions
[GSM2099268_allc_7161] Loading allc from /home/muneeb/Downloads/BDA-Codebase/GSE43857_RAW/GSM2099268_allc_7161.tsv ...
[GSM2099268_allc_7161]   37,820,586 cytosine records
[GSM2099268_allc_7161] Aggregating methylation per region ...
[GSM2099268_allc_7161]   Retained 10,824/11,071 regions (≥3 covered cytosine sites in at least one context)
[GSM2099268_allc_7161] Written → /home/muneeb/Downloads/BDA-Codebase/methylation_full_run/GSM2099268_allc_7161_lncRNA_methylation.tsv
[GSM2099270_allc_7165] Loading regions from /home/muneeb/Downloads/BDA-Codebase/lncRNAs_only.bed ...
[GSM2099270_allc_7165]   11,071 lncRNA regions
[GSM2099270_allc_7165] Loading allc from /home/muneeb/Downloads/BDA-Codebase/GSE43857_RAW/GSM2099270_allc_7165.tsv ...
[GSM2099270_allc_7165]   37,736,384 cytosine records
[GSM2099270_allc_7165] Aggregating methylation per region ...
[GSM2099270_allc_7165]   Retained 10,789/11,071 regions (≥3 covered cytosine sites in at least one context)
[GSM2099270_allc_7165] Written → /home/muneeb/Downloads/BDA-Codebase/methylation_full_run/GSM2099270_allc_7165_lncRNA_methylation.tsv
[GSM2099273_allc_7181] Loading regions from /home/muneeb/Downloads/BDA-Codebase/lncRNAs_only.bed ...
[GSM2099273_allc_7181]   11,071 lncRNA regions
[GSM2099273_allc_7181] Loading allc from /home/muneeb/Downloads/BDA-Codebase/GSE43857_RAW/GSM2099273_allc_7181.tsv ...
[GSM2099273_allc_7181]   35,849,926 cytosine records
[GSM2099273_allc_7181] Aggregating methylation per region ...
[GSM2099273_allc_7181]   Retained 10,704/11,071 regions (≥3 covered cytosine sites in at least one context)
[GSM2099273_allc_7181] Written → /home/muneeb/Downloads/BDA-Codebase/methylation_full_run/GSM2099273_allc_7181_lncRNA_methylation.tsv
[GSM2099271_allc_7167] Loading regions from /home/muneeb/Downloads/BDA-Codebase/lncRNAs_only.bed ...
[GSM2099271_allc_7167]   11,071 lncRNA regions
[GSM2099271_allc_7167] Loading allc from /home/muneeb/Downloads/BDA-Codebase/GSE43857_RAW/GSM2099271_allc_7167.tsv ...
[GSM2099271_allc_7167]   38,152,844 cytosine records
[GSM2099271_allc_7167] Aggregating methylation per region ...
[GSM2099271_allc_7167]   Retained 10,887/11,071 regions (≥3 covered cytosine sites in at least one context)
[GSM2099271_allc_7167] Written → /home/muneeb/Downloads/BDA-Codebase/methylation_full_run/GSM2099271_allc_7167_lncRNA_methylation.tsv
[GSM2099272_allc_7169] Loading regions from /home/muneeb/Downloads/BDA-Codebase/lncRNAs_only.bed ...
[GSM2099272_allc_7169]   11,071 lncRNA regions
[GSM2099272_allc_7169] Loading allc from /home/muneeb/Downloads/BDA-Codebase/GSE43857_RAW/GSM2099272_allc_7169.tsv ...
[GSM2099272_allc_7169]   37,400,608 cytosine records
[GSM2099272_allc_7169] Aggregating methylation per region ...
[GSM2099272_allc_7169]   Retained 10,716/11,071 regions (≥3 covered cytosine sites in at least one context)
[GSM2099272_allc_7169] Written → /home/muneeb/Downloads/BDA-Codebase/methylation_full_run/GSM2099272_allc_7169_lncRNA_methylation.tsv
[GSM2099274_allc_7186] Loading regions from /home/muneeb/Downloads/BDA-Codebase/lncRNAs_only.bed ...
[GSM2099274_allc_7186]   11,071 lncRNA regions
[GSM2099274_allc_7186] Loading allc from /home/muneeb/Downloads/BDA-Codebase/GSE43857_RAW/GSM2099274_allc_7186.tsv ...
[GSM2099274_allc_7186]   37,705,921 cytosine records
[GSM2099274_allc_7186] Aggregating methylation per region ...
[GSM2099274_allc_7186]   Retained 10,836/11,071 regions (≥3 covered cytosine sites in at least one context)
[GSM2099274_allc_7186] Written → /home/muneeb/Downloads/BDA-Codebase/methylation_full_run/GSM2099274_allc_7186_lncRNA_methylation.tsv
[GSM2099275_allc_7202] Loading regions from /home/muneeb/Downloads/BDA-Codebase/lncRNAs_only.bed ...
[GSM2099275_allc_7202]   11,071 lncRNA regions
[GSM2099275_allc_7202] Loading allc from /home/muneeb/Downloads/BDA-Codebase/GSE43857_RAW/GSM2099275_allc_7202.tsv ...
[GSM2099275_allc_7202]   38,034,978 cytosine records
[GSM2099275_allc_7202] Aggregating methylation per region ...
[GSM2099275_allc_7202]   Retained 10,874/11,071 regions (≥3 covered cytosine sites in at least one context)
[GSM2099275_allc_7202] Written → /home/muneeb/Downloads/BDA-Codebase/methylation_full_run/GSM2099275_allc_7202_lncRNA_methylation.tsv
[GSM2099277_allc_7236] Loading regions from /home/muneeb/Downloads/BDA-Codebase/lncRNAs_only.bed ...
[GSM2099277_allc_7236]   11,071 lncRNA regions
[GSM2099277_allc_7236] Loading allc from /home/muneeb/Downloads/BDA-Codebase/GSE43857_RAW/GSM2099277_allc_7236.tsv ...
[GSM2099277_allc_7236]   35,176,999 cytosine records
[GSM2099277_allc_7236] Aggregating methylation per region ...
[GSM2099277_allc_7236]   Retained 10,705/11,071 regions (≥3 covered cytosine sites in at least one context)
[GSM2099277_allc_7236] Written → /home/muneeb/Downloads/BDA-Codebase/methylation_full_run/GSM2099277_allc_7236_lncRNA_methylation.tsv
[GSM2099280_allc_7252] Loading regions from /home/muneeb/Downloads/BDA-Codebase/lncRNAs_only.bed ...
[GSM2099280_allc_7252]   11,071 lncRNA regions
[GSM2099280_allc_7252] Loading allc from /home/muneeb/Downloads/BDA-Codebase/GSE43857_RAW/GSM2099280_allc_7252.tsv ...
[GSM2099280_allc_7252]   35,630,219 cytosine records
[GSM2099280_allc_7252] Aggregating methylation per region ...
[GSM2099280_allc_7252]   Retained 10,856/11,071 regions (≥3 covered cytosine sites in at least one context)
[GSM2099280_allc_7252] Written → /home/muneeb/Downloads/BDA-Codebase/methylation_full_run/GSM2099280_allc_7252_lncRNA_methylation.tsv
[GSM2099276_allc_7218] Loading regions from /home/muneeb/Downloads/BDA-Codebase/lncRNAs_only.bed ...
[GSM2099276_allc_7218]   11,071 lncRNA regions
[GSM2099276_allc_7218] Loading allc from /home/muneeb/Downloads/BDA-Codebase/GSE43857_RAW/GSM2099276_allc_7218.tsv ...
[GSM2099276_allc_7218]   37,498,423 cytosine records
[GSM2099276_allc_7218] Aggregating methylation per region ...
[GSM2099276_allc_7218]   Retained 10,819/11,071 regions (≥3 covered cytosine sites in at least one context)
[GSM2099276_allc_7218] Written → /home/muneeb/Downloads/BDA-Codebase/methylation_full_run/GSM2099276_allc_7218_lncRNA_methylation.tsv
[GSM2099278_allc_7244] Loading regions from /home/muneeb/Downloads/BDA-Codebase/lncRNAs_only.bed ...
[GSM2099278_allc_7244]   11,071 lncRNA regions
[GSM2099278_allc_7244] Loading allc from /home/muneeb/Downloads/BDA-Codebase/GSE43857_RAW/GSM2099278_allc_7244.tsv ...
[GSM2099278_allc_7244]   37,550,138 cytosine records
[GSM2099278_allc_7244] Aggregating methylation per region ...
[GSM2099278_allc_7244]   Retained 10,785/11,071 regions (≥3 covered cytosine sites in at least one context)
[GSM2099278_allc_7244] Written → /home/muneeb/Downloads/BDA-Codebase/methylation_full_run/GSM2099278_allc_7244_lncRNA_methylation.tsv
[GSM2099279_allc_7250] Loading regions from /home/muneeb/Downloads/BDA-Codebase/lncRNAs_only.bed ...
[GSM2099279_allc_7250]   11,071 lncRNA regions
[GSM2099279_allc_7250] Loading allc from /home/muneeb/Downloads/BDA-Codebase/GSE43857_RAW/GSM2099279_allc_7250.tsv ...
[GSM2099279_allc_7250]   37,358,867 cytosine records
[GSM2099279_allc_7250] Aggregating methylation per region ...
[GSM2099279_allc_7250]   Retained 10,850/11,071 regions (≥3 covered cytosine sites in at least one context)
[GSM2099279_allc_7250] Written → /home/muneeb/Downloads/BDA-Codebase/methylation_full_run/GSM2099279_allc_7250_lncRNA_methylation.tsv
[GSM2099282_allc_7273] Loading regions from /home/muneeb/Downloads/BDA-Codebase/lncRNAs_only.bed ...
[GSM2099282_allc_7273]   11,071 lncRNA regions
[GSM2099282_allc_7273] Loading allc from /home/muneeb/Downloads/BDA-Codebase/GSE43857_RAW/GSM2099282_allc_7273.tsv ...
[GSM2099282_allc_7273]   38,120,838 cytosine records
[GSM2099282_allc_7273] Aggregating methylation per region ...
[GSM2099282_allc_7273]   Retained 10,806/11,071 regions (≥3 covered cytosine sites in at least one context)
[GSM2099282_allc_7273] Written → /home/muneeb/Downloads/BDA-Codebase/methylation_full_run/GSM2099282_allc_7273_lncRNA_methylation.tsv
[GSM2099281_allc_7263] Loading regions from /home/muneeb/Downloads/BDA-Codebase/lncRNAs_only.bed ...
[GSM2099281_allc_7263]   11,071 lncRNA regions
[GSM2099281_allc_7263] Loading allc from /home/muneeb/Downloads/BDA-Codebase/GSE43857_RAW/GSM2099281_allc_7263.tsv ...
[GSM2099281_allc_7263]   38,717,166 cytosine records
[GSM2099281_allc_7263] Aggregating methylation per region ...
[GSM2099281_allc_7263]   Retained 10,899/11,071 regions (≥3 covered cytosine sites in at least one context)
[GSM2099281_allc_7263] Written → /home/muneeb/Downloads/BDA-Codebase/methylation_full_run/GSM2099281_allc_7263_lncRNA_methylation.tsv
[GSM2099286_allc_7298] Loading regions from /home/muneeb/Downloads/BDA-Codebase/lncRNAs_only.bed ...
[GSM2099286_allc_7298]   11,071 lncRNA regions
[GSM2099286_allc_7298] Loading allc from /home/muneeb/Downloads/BDA-Codebase/GSE43857_RAW/GSM2099286_allc_7298.tsv ...
[GSM2099286_allc_7298]   36,957,515 cytosine records
[GSM2099286_allc_7298] Aggregating methylation per region ...
[GSM2099286_allc_7298]   Retained 10,746/11,071 regions (≥3 covered cytosine sites in at least one context)
[GSM2099286_allc_7298] Written → /home/muneeb/Downloads/BDA-Codebase/methylation_full_run/GSM2099286_allc_7298_lncRNA_methylation.tsv
[GSM2099284_allc_7288] Loading regions from /home/muneeb/Downloads/BDA-Codebase/lncRNAs_only.bed ...
[GSM2099284_allc_7288]   11,071 lncRNA regions
[GSM2099284_allc_7288] Loading allc from /home/muneeb/Downloads/BDA-Codebase/GSE43857_RAW/GSM2099284_allc_7288.tsv ...
[GSM2099284_allc_7288]   38,292,522 cytosine records
[GSM2099284_allc_7288] Aggregating methylation per region ...
[GSM2099284_allc_7288]   Retained 10,857/11,071 regions (≥3 covered cytosine sites in at least one context)
[GSM2099284_allc_7288] Written → /home/muneeb/Downloads/BDA-Codebase/methylation_full_run/GSM2099284_allc_7288_lncRNA_methylation.tsv
[GSM2099283_allc_7282] Loading regions from /home/muneeb/Downloads/BDA-Codebase/lncRNAs_only.bed ...
[GSM2099283_allc_7282]   11,071 lncRNA regions
[GSM2099283_allc_7282] Loading allc from /home/muneeb/Downloads/BDA-Codebase/GSE43857_RAW/GSM2099283_allc_7282.tsv ...
[GSM2099283_allc_7282]   38,257,229 cytosine records
[GSM2099283_allc_7282] Aggregating methylation per region ...
[GSM2099283_allc_7282]   Retained 10,829/11,071 regions (≥3 covered cytosine sites in at least one context)
[GSM2099283_allc_7282] Written → /home/muneeb/Downloads/BDA-Codebase/methylation_full_run/GSM2099283_allc_7282_lncRNA_methylation.tsv
[GSM2099285_allc_728] Loading regions from /home/muneeb/Downloads/BDA-Codebase/lncRNAs_only.bed ...
[GSM2099285_allc_728]   11,071 lncRNA regions
[GSM2099285_allc_728] Loading allc from /home/muneeb/Downloads/BDA-Codebase/GSE43857_RAW/GSM2099285_allc_728.tsv ...
[GSM2099285_allc_728]   38,169,669 cytosine records
[GSM2099285_allc_728] Aggregating methylation per region ...
[GSM2099285_allc_728]   Retained 10,856/11,071 regions (≥3 covered cytosine sites in at least one context)
[GSM2099285_allc_728] Written → /home/muneeb/Downloads/BDA-Codebase/methylation_full_run/GSM2099285_allc_728_lncRNA_methylation.tsv
[GSM2099288_allc_7307] Loading regions from /home/muneeb/Downloads/BDA-Codebase/lncRNAs_only.bed ...
[GSM2099288_allc_7307]   11,071 lncRNA regions
[GSM2099288_allc_7307] Loading allc from /home/muneeb/Downloads/BDA-Codebase/GSE43857_RAW/GSM2099288_allc_7307.tsv ...
[GSM2099288_allc_7307]   38,157,620 cytosine records
[GSM2099288_allc_7307] Aggregating methylation per region ...
[GSM2099288_allc_7307]   Retained 10,896/11,071 regions (≥3 covered cytosine sites in at least one context)
[GSM2099288_allc_7307] Written → /home/muneeb/Downloads/BDA-Codebase/methylation_full_run/GSM2099288_allc_7307_lncRNA_methylation.tsv
[GSM2099290_allc_7316] Loading regions from /home/muneeb/Downloads/BDA-Codebase/lncRNAs_only.bed ...
[GSM2099290_allc_7316]   11,071 lncRNA regions
[GSM2099290_allc_7316] Loading allc from /home/muneeb/Downloads/BDA-Codebase/GSE43857_RAW/GSM2099290_allc_7316.tsv ...
[GSM2099290_allc_7316]   37,830,619 cytosine records
[GSM2099290_allc_7316] Aggregating methylation per region ...
[GSM2099290_allc_7316]   Retained 10,811/11,071 regions (≥3 covered cytosine sites in at least one context)
[GSM2099290_allc_7316] Written → /home/muneeb/Downloads/BDA-Codebase/methylation_full_run/GSM2099290_allc_7316_lncRNA_methylation.tsv
[GSM2099289_allc_7308] Loading regions from /home/muneeb/Downloads/BDA-Codebase/lncRNAs_only.bed ...
[GSM2099289_allc_7308]   11,071 lncRNA regions
[GSM2099289_allc_7308] Loading allc from /home/muneeb/Downloads/BDA-Codebase/GSE43857_RAW/GSM2099289_allc_7308.tsv ...
[GSM2099289_allc_7308]   38,233,078 cytosine records
[GSM2099289_allc_7308] Aggregating methylation per region ...
[GSM2099289_allc_7308]   Retained 10,876/11,071 regions (≥3 covered cytosine sites in at least one context)
[GSM2099289_allc_7308] Written → /home/muneeb/Downloads/BDA-Codebase/methylation_full_run/GSM2099289_allc_7308_lncRNA_methylation.tsv
[GSM2099287_allc_7305] Loading regions from /home/muneeb/Downloads/BDA-Codebase/lncRNAs_only.bed ...
[GSM2099287_allc_7305]   11,071 lncRNA regions
[GSM2099287_allc_7305] Loading allc from /home/muneeb/Downloads/BDA-Codebase/GSE43857_RAW/GSM2099287_allc_7305.tsv ...
[GSM2099287_allc_7305]   38,748,030 cytosine records
[GSM2099287_allc_7305] Aggregating methylation per region ...
[GSM2099287_allc_7305]   Retained 10,949/11,071 regions (≥3 covered cytosine sites in at least one context)
[GSM2099287_allc_7305] Written → /home/muneeb/Downloads/BDA-Codebase/methylation_full_run/GSM2099287_allc_7305_lncRNA_methylation.tsv
[GSM2099291_allc_7320] Loading regions from /home/muneeb/Downloads/BDA-Codebase/lncRNAs_only.bed ...
[GSM2099291_allc_7320]   11,071 lncRNA regions
[GSM2099291_allc_7320] Loading allc from /home/muneeb/Downloads/BDA-Codebase/GSE43857_RAW/GSM2099291_allc_7320.tsv ...
[GSM2099291_allc_7320]   37,776,177 cytosine records
[GSM2099291_allc_7320] Aggregating methylation per region ...
[GSM2099291_allc_7320]   Retained 10,877/11,071 regions (≥3 covered cytosine sites in at least one context)
[GSM2099291_allc_7320] Written → /home/muneeb/Downloads/BDA-Codebase/methylation_full_run/GSM2099291_allc_7320_lncRNA_methylation.tsv
[GSM2099292_allc_7322] Loading regions from /home/muneeb/Downloads/BDA-Codebase/lncRNAs_only.bed ...
[GSM2099292_allc_7322]   11,071 lncRNA regions
[GSM2099292_allc_7322] Loading allc from /home/muneeb/Downloads/BDA-Codebase/GSE43857_RAW/GSM2099292_allc_7322.tsv ...
[GSM2099292_allc_7322]   37,280,376 cytosine records
[GSM2099292_allc_7322] Aggregating methylation per region ...
[GSM2099292_allc_7322]   Retained 10,830/11,071 regions (≥3 covered cytosine sites in at least one context)
[GSM2099292_allc_7322] Written → /home/muneeb/Downloads/BDA-Codebase/methylation_full_run/GSM2099292_allc_7322_lncRNA_methylation.tsv
[GSM2099293_allc_7327] Loading regions from /home/muneeb/Downloads/BDA-Codebase/lncRNAs_only.bed ...
[GSM2099293_allc_7327]   11,071 lncRNA regions
[GSM2099293_allc_7327] Loading allc from /home/muneeb/Downloads/BDA-Codebase/GSE43857_RAW/GSM2099293_allc_7327.tsv ...
[GSM2099293_allc_7327]   37,833,911 cytosine records
[GSM2099293_allc_7327] Aggregating methylation per region ...
[GSM2099293_allc_7327]   Retained 10,896/11,071 regions (≥3 covered cytosine sites in at least one context)
[GSM2099293_allc_7327] Written → /home/muneeb/Downloads/BDA-Codebase/methylation_full_run/GSM2099293_allc_7327_lncRNA_methylation.tsv
[GSM2099295_allc_7330] Loading regions from /home/muneeb/Downloads/BDA-Codebase/lncRNAs_only.bed ...
[GSM2099295_allc_7330]   11,071 lncRNA regions
[GSM2099295_allc_7330] Loading allc from /home/muneeb/Downloads/BDA-Codebase/GSE43857_RAW/GSM2099295_allc_7330.tsv ...
[GSM2099295_allc_7330]   37,066,017 cytosine records
[GSM2099295_allc_7330] Aggregating methylation per region ...
[GSM2099295_allc_7330]   Retained 10,756/11,071 regions (≥3 covered cytosine sites in at least one context)
[GSM2099295_allc_7330] Written → /home/muneeb/Downloads/BDA-Codebase/methylation_full_run/GSM2099295_allc_7330_lncRNA_methylation.tsv
[GSM2099294_allc_7328] Loading regions from /home/muneeb/Downloads/BDA-Codebase/lncRNAs_only.bed ...
[GSM2099294_allc_7328]   11,071 lncRNA regions
[GSM2099294_allc_7328] Loading allc from /home/muneeb/Downloads/BDA-Codebase/GSE43857_RAW/GSM2099294_allc_7328.tsv ...
[GSM2099294_allc_7328]   37,543,314 cytosine records
[GSM2099294_allc_7328] Aggregating methylation per region ...
[GSM2099294_allc_7328]   Retained 10,796/11,071 regions (≥3 covered cytosine sites in at least one context)
[GSM2099294_allc_7328] Written → /home/muneeb/Downloads/BDA-Codebase/methylation_full_run/GSM2099294_allc_7328_lncRNA_methylation.tsv
[GSM2099296_allc_7337] Loading regions from /home/muneeb/Downloads/BDA-Codebase/lncRNAs_only.bed ...
[GSM2099296_allc_7337]   11,071 lncRNA regions
[GSM2099296_allc_7337] Loading allc from /home/muneeb/Downloads/BDA-Codebase/GSE43857_RAW/GSM2099296_allc_7337.tsv ...
[GSM2099296_allc_7337]   36,766,060 cytosine records
[GSM2099296_allc_7337] Aggregating methylation per region ...
[GSM2099296_allc_7337]   Retained 10,752/11,071 regions (≥3 covered cytosine sites in at least one context)
[GSM2099296_allc_7337] Written → /home/muneeb/Downloads/BDA-Codebase/methylation_full_run/GSM2099296_allc_7337_lncRNA_methylation.tsv
[GSM2099298_allc_7346] Loading regions from /home/muneeb/Downloads/BDA-Codebase/lncRNAs_only.bed ...
[GSM2099298_allc_7346]   11,071 lncRNA regions
[GSM2099298_allc_7346] Loading allc from /home/muneeb/Downloads/BDA-Codebase/GSE43857_RAW/GSM2099298_allc_7346.tsv ...
[GSM2099298_allc_7346]   37,403,844 cytosine records
[GSM2099298_allc_7346] Aggregating methylation per region ...
[GSM2099298_allc_7346]   Retained 10,807/11,071 regions (≥3 covered cytosine sites in at least one context)
[GSM2099298_allc_7346] Written → /home/muneeb/Downloads/BDA-Codebase/methylation_full_run/GSM2099298_allc_7346_lncRNA_methylation.tsv
[GSM2099297_allc_7342] Loading regions from /home/muneeb/Downloads/BDA-Codebase/lncRNAs_only.bed ...
[GSM2099297_allc_7342]   11,071 lncRNA regions
[GSM2099297_allc_7342] Loading allc from /home/muneeb/Downloads/BDA-Codebase/GSE43857_RAW/GSM2099297_allc_7342.tsv ...
[GSM2099297_allc_7342]   37,547,925 cytosine records
[GSM2099297_allc_7342] Aggregating methylation per region ...
[GSM2099297_allc_7342]   Retained 10,786/11,071 regions (≥3 covered cytosine sites in at least one context)
[GSM2099297_allc_7342] Written → /home/muneeb/Downloads/BDA-Codebase/methylation_full_run/GSM2099297_allc_7342_lncRNA_methylation.tsv
[GSM2099299_allc_7350] Loading regions from /home/muneeb/Downloads/BDA-Codebase/lncRNAs_only.bed ...
[GSM2099299_allc_7350]   11,071 lncRNA regions
[GSM2099299_allc_7350] Loading allc from /home/muneeb/Downloads/BDA-Codebase/GSE43857_RAW/GSM2099299_allc_7350.tsv ...
[GSM2099299_allc_7350]   37,912,668 cytosine records
[GSM2099299_allc_7350] Aggregating methylation per region ...
[GSM2099299_allc_7350]   Retained 10,814/11,071 regions (≥3 covered cytosine sites in at least one context)
[GSM2099299_allc_7350] Written → /home/muneeb/Downloads/BDA-Codebase/methylation_full_run/GSM2099299_allc_7350_lncRNA_methylation.tsv
[GSM2099300_allc_7353] Loading regions from /home/muneeb/Downloads/BDA-Codebase/lncRNAs_only.bed ...
[GSM2099300_allc_7353]   11,071 lncRNA regions
[GSM2099300_allc_7353] Loading allc from /home/muneeb/Downloads/BDA-Codebase/GSE43857_RAW/GSM2099300_allc_7353.tsv ...
[GSM2099300_allc_7353]   37,117,193 cytosine records
[GSM2099300_allc_7353] Aggregating methylation per region ...
[GSM2099300_allc_7353]   Retained 10,709/11,071 regions (≥3 covered cytosine sites in at least one context)
[GSM2099300_allc_7353] Written → /home/muneeb/Downloads/BDA-Codebase/methylation_full_run/GSM2099300_allc_7353_lncRNA_methylation.tsv
[GSM2099302_allc_7355] Loading regions from /home/muneeb/Downloads/BDA-Codebase/lncRNAs_only.bed ...
[GSM2099302_allc_7355]   11,071 lncRNA regions
[GSM2099302_allc_7355] Loading allc from /home/muneeb/Downloads/BDA-Codebase/GSE43857_RAW/GSM2099302_allc_7355.tsv ...
[GSM2099302_allc_7355]   37,036,957 cytosine records
[GSM2099302_allc_7355] Aggregating methylation per region ...
[GSM2099302_allc_7355]   Retained 10,784/11,071 regions (≥3 covered cytosine sites in at least one context)
[GSM2099302_allc_7355] Written → /home/muneeb/Downloads/BDA-Codebase/methylation_full_run/GSM2099302_allc_7355_lncRNA_methylation.tsv
[GSM2099301_allc_7354] Loading regions from /home/muneeb/Downloads/BDA-Codebase/lncRNAs_only.bed ...
[GSM2099301_allc_7354]   11,071 lncRNA regions
[GSM2099301_allc_7354] Loading allc from /home/muneeb/Downloads/BDA-Codebase/GSE43857_RAW/GSM2099301_allc_7354.tsv ...
[GSM2099301_allc_7354]   36,819,576 cytosine records
[GSM2099301_allc_7354] Aggregating methylation per region ...
[GSM2099301_allc_7354]   Retained 10,793/11,071 regions (≥3 covered cytosine sites in at least one context)
[GSM2099301_allc_7354] Written → /home/muneeb/Downloads/BDA-Codebase/methylation_full_run/GSM2099301_allc_7354_lncRNA_methylation.tsv
[GSM2099304_allc_7377] Loading regions from /home/muneeb/Downloads/BDA-Codebase/lncRNAs_only.bed ...
[GSM2099304_allc_7377]   11,071 lncRNA regions
[GSM2099304_allc_7377] Loading allc from /home/muneeb/Downloads/BDA-Codebase/GSE43857_RAW/GSM2099304_allc_7377.tsv ...
[GSM2099304_allc_7377]   37,666,524 cytosine records
[GSM2099304_allc_7377] Aggregating methylation per region ...
[GSM2099304_allc_7377]   Retained 10,817/11,071 regions (≥3 covered cytosine sites in at least one context)
[GSM2099304_allc_7377] Written → /home/muneeb/Downloads/BDA-Codebase/methylation_full_run/GSM2099304_allc_7377_lncRNA_methylation.tsv
[GSM2099303_allc_7373] Loading regions from /home/muneeb/Downloads/BDA-Codebase/lncRNAs_only.bed ...
[GSM2099303_allc_7373]   11,071 lncRNA regions
[GSM2099303_allc_7373] Loading allc from /home/muneeb/Downloads/BDA-Codebase/GSE43857_RAW/GSM2099303_allc_7373.tsv ...
[GSM2099303_allc_7373]   38,473,990 cytosine records
[GSM2099303_allc_7373] Aggregating methylation per region ...
[GSM2099303_allc_7373]   Retained 10,904/11,071 regions (≥3 covered cytosine sites in at least one context)
[GSM2099303_allc_7373] Written → /home/muneeb/Downloads/BDA-Codebase/methylation_full_run/GSM2099303_allc_7373_lncRNA_methylation.tsv
[GSM2099305_allc_7384] Loading regions from /home/muneeb/Downloads/BDA-Codebase/lncRNAs_only.bed ...
[GSM2099305_allc_7384]   11,071 lncRNA regions
[GSM2099305_allc_7384] Loading allc from /home/muneeb/Downloads/BDA-Codebase/GSE43857_RAW/GSM2099305_allc_7384.tsv ...
[GSM2099305_allc_7384]   37,662,885 cytosine records
[GSM2099305_allc_7384] Aggregating methylation per region ...
[GSM2099305_allc_7384]   Retained 10,793/11,071 regions (≥3 covered cytosine sites in at least one context)
[GSM2099305_allc_7384] Written → /home/muneeb/Downloads/BDA-Codebase/methylation_full_run/GSM2099305_allc_7384_lncRNA_methylation.tsv
[GSM2099306_allc_7396] Loading regions from /home/muneeb/Downloads/BDA-Codebase/lncRNAs_only.bed ...
[GSM2099306_allc_7396]   11,071 lncRNA regions
[GSM2099306_allc_7396] Loading allc from /home/muneeb/Downloads/BDA-Codebase/GSE43857_RAW/GSM2099306_allc_7396.tsv ...
[GSM2099306_allc_7396]   38,038,719 cytosine records
[GSM2099306_allc_7396] Aggregating methylation per region ...
[GSM2099306_allc_7396]   Retained 10,875/11,071 regions (≥3 covered cytosine sites in at least one context)
[GSM2099306_allc_7396] Written → /home/muneeb/Downloads/BDA-Codebase/methylation_full_run/GSM2099306_allc_7396_lncRNA_methylation.tsv
[GSM2099310_allc_7418] Loading regions from /home/muneeb/Downloads/BDA-Codebase/lncRNAs_only.bed ...
[GSM2099310_allc_7418]   11,071 lncRNA regions
[GSM2099310_allc_7418] Loading allc from /home/muneeb/Downloads/BDA-Codebase/GSE43857_RAW/GSM2099310_allc_7418.tsv ...
[GSM2099310_allc_7418]   34,532,329 cytosine records
[GSM2099310_allc_7418] Aggregating methylation per region ...
[GSM2099310_allc_7418]   Retained 10,728/11,071 regions (≥3 covered cytosine sites in at least one context)
[GSM2099310_allc_7418] Written → /home/muneeb/Downloads/BDA-Codebase/methylation_full_run/GSM2099310_allc_7418_lncRNA_methylation.tsv
[GSM2099307_allc_7404] Loading regions from /home/muneeb/Downloads/BDA-Codebase/lncRNAs_only.bed ...
[GSM2099307_allc_7404]   11,071 lncRNA regions
[GSM2099307_allc_7404] Loading allc from /home/muneeb/Downloads/BDA-Codebase/GSE43857_RAW/GSM2099307_allc_7404.tsv ...
[GSM2099307_allc_7404]   38,452,868 cytosine records
[GSM2099307_allc_7404] Aggregating methylation per region ...
[GSM2099307_allc_7404]   Retained 10,915/11,071 regions (≥3 covered cytosine sites in at least one context)
[GSM2099307_allc_7404] Written → /home/muneeb/Downloads/BDA-Codebase/methylation_full_run/GSM2099307_allc_7404_lncRNA_methylation.tsv
[GSM2099308_allc_7413] Loading regions from /home/muneeb/Downloads/BDA-Codebase/lncRNAs_only.bed ...
[GSM2099308_allc_7413]   11,071 lncRNA regions
[GSM2099308_allc_7413] Loading allc from /home/muneeb/Downloads/BDA-Codebase/GSE43857_RAW/GSM2099308_allc_7413.tsv ...
[GSM2099308_allc_7413]   38,226,844 cytosine records
[GSM2099308_allc_7413] Aggregating methylation per region ...
[GSM2099308_allc_7413]   Retained 10,904/11,071 regions (≥3 covered cytosine sites in at least one context)
[GSM2099308_allc_7413] Written → /home/muneeb/Downloads/BDA-Codebase/methylation_full_run/GSM2099308_allc_7413_lncRNA_methylation.tsv
[GSM2099309_allc_7415] Loading regions from /home/muneeb/Downloads/BDA-Codebase/lncRNAs_only.bed ...
[GSM2099309_allc_7415]   11,071 lncRNA regions
[GSM2099309_allc_7415] Loading allc from /home/muneeb/Downloads/BDA-Codebase/GSE43857_RAW/GSM2099309_allc_7415.tsv ...
[GSM2099309_allc_7415]   37,984,021 cytosine records
[GSM2099309_allc_7415] Aggregating methylation per region ...
[GSM2099309_allc_7415]   Retained 10,885/11,071 regions (≥3 covered cytosine sites in at least one context)
[GSM2099309_allc_7415] Written → /home/muneeb/Downloads/BDA-Codebase/methylation_full_run/GSM2099309_allc_7415_lncRNA_methylation.tsv
[GSM2099311_allc_7424] Loading regions from /home/muneeb/Downloads/BDA-Codebase/lncRNAs_only.bed ...
[GSM2099311_allc_7424]   11,071 lncRNA regions
[GSM2099311_allc_7424] Loading allc from /home/muneeb/Downloads/BDA-Codebase/GSE43857_RAW/GSM2099311_allc_7424.tsv ...
[GSM2099311_allc_7424]   37,403,663 cytosine records
[GSM2099311_allc_7424] Aggregating methylation per region ...
[GSM2099311_allc_7424]   Retained 10,757/11,071 regions (≥3 covered cytosine sites in at least one context)
[GSM2099311_allc_7424] Written → /home/muneeb/Downloads/BDA-Codebase/methylation_full_run/GSM2099311_allc_7424_lncRNA_methylation.tsv
[GSM2099312_allc_7427] Loading regions from /home/muneeb/Downloads/BDA-Codebase/lncRNAs_only.bed ...
[GSM2099312_allc_7427]   11,071 lncRNA regions
[GSM2099312_allc_7427] Loading allc from /home/muneeb/Downloads/BDA-Codebase/GSE43857_RAW/GSM2099312_allc_7427.tsv ...
[GSM2099312_allc_7427]   37,835,552 cytosine records
[GSM2099312_allc_7427] Aggregating methylation per region ...
[GSM2099312_allc_7427]   Retained 10,861/11,071 regions (≥3 covered cytosine sites in at least one context)
[GSM2099312_allc_7427] Written → /home/muneeb/Downloads/BDA-Codebase/methylation_full_run/GSM2099312_allc_7427_lncRNA_methylation.tsv
[GSM2099313_allc_7458] Loading regions from /home/muneeb/Downloads/BDA-Codebase/lncRNAs_only.bed ...
[GSM2099313_allc_7458]   11,071 lncRNA regions
[GSM2099313_allc_7458] Loading allc from /home/muneeb/Downloads/BDA-Codebase/GSE43857_RAW/GSM2099313_allc_7458.tsv ...
[GSM2099313_allc_7458]   36,742,871 cytosine records
[GSM2099313_allc_7458] Aggregating methylation per region ...
[GSM2099313_allc_7458]   Retained 10,759/11,071 regions (≥3 covered cytosine sites in at least one context)
[GSM2099313_allc_7458] Written → /home/muneeb/Downloads/BDA-Codebase/methylation_full_run/GSM2099313_allc_7458_lncRNA_methylation.tsv
[GSM2099314_allc_7461] Loading regions from /home/muneeb/Downloads/BDA-Codebase/lncRNAs_only.bed ...
[GSM2099314_allc_7461]   11,071 lncRNA regions
[GSM2099314_allc_7461] Loading allc from /home/muneeb/Downloads/BDA-Codebase/GSE43857_RAW/GSM2099314_allc_7461.tsv ...
[GSM2099314_allc_7461]   38,421,470 cytosine records
[GSM2099314_allc_7461] Aggregating methylation per region ...
[GSM2099314_allc_7461]   Retained 10,908/11,071 regions (≥3 covered cytosine sites in at least one context)
[GSM2099314_allc_7461] Written → /home/muneeb/Downloads/BDA-Codebase/methylation_full_run/GSM2099314_allc_7461_lncRNA_methylation.tsv
[GSM2099315_allc_7477] Loading regions from /home/muneeb/Downloads/BDA-Codebase/lncRNAs_only.bed ...
[GSM2099315_allc_7477]   11,071 lncRNA regions
[GSM2099315_allc_7477] Loading allc from /home/muneeb/Downloads/BDA-Codebase/GSE43857_RAW/GSM2099315_allc_7477.tsv ...
[GSM2099315_allc_7477]   38,028,432 cytosine records
[GSM2099315_allc_7477] Aggregating methylation per region ...
[GSM2099315_allc_7477]   Retained 10,866/11,071 regions (≥3 covered cytosine sites in at least one context)
[GSM2099315_allc_7477] Written → /home/muneeb/Downloads/BDA-Codebase/methylation_full_run/GSM2099315_allc_7477_lncRNA_methylation.tsv
[GSM2099316_allc_7514] Loading regions from /home/muneeb/Downloads/BDA-Codebase/lncRNAs_only.bed ...
[GSM2099316_allc_7514]   11,071 lncRNA regions
[GSM2099316_allc_7514] Loading allc from /home/muneeb/Downloads/BDA-Codebase/GSE43857_RAW/GSM2099316_allc_7514.tsv ...
[GSM2099316_allc_7514]   37,428,813 cytosine records
[GSM2099316_allc_7514] Aggregating methylation per region ...
[GSM2099316_allc_7514]   Retained 10,804/11,071 regions (≥3 covered cytosine sites in at least one context)
[GSM2099316_allc_7514] Written → /home/muneeb/Downloads/BDA-Codebase/methylation_full_run/GSM2099316_allc_7514_lncRNA_methylation.tsv
[GSM2099317_allc_7515] Loading regions from /home/muneeb/Downloads/BDA-Codebase/lncRNAs_only.bed ...
[GSM2099317_allc_7515]   11,071 lncRNA regions
[GSM2099317_allc_7515] Loading allc from /home/muneeb/Downloads/BDA-Codebase/GSE43857_RAW/GSM2099317_allc_7515.tsv ...
[GSM2099317_allc_7515]   38,041,594 cytosine records
[GSM2099317_allc_7515] Aggregating methylation per region ...
[GSM2099317_allc_7515]   Retained 10,801/11,071 regions (≥3 covered cytosine sites in at least one context)
[GSM2099317_allc_7515] Written → /home/muneeb/Downloads/BDA-Codebase/methylation_full_run/GSM2099317_allc_7515_lncRNA_methylation.tsv
[GSM2099318_allc_7521] Loading regions from /home/muneeb/Downloads/BDA-Codebase/lncRNAs_only.bed ...
[GSM2099318_allc_7521]   11,071 lncRNA regions
[GSM2099318_allc_7521] Loading allc from /home/muneeb/Downloads/BDA-Codebase/GSE43857_RAW/GSM2099318_allc_7521.tsv ...
[GSM2099318_allc_7521]   37,720,056 cytosine records
[GSM2099318_allc_7521] Aggregating methylation per region ...
[GSM2099318_allc_7521]   Retained 10,903/11,071 regions (≥3 covered cytosine sites in at least one context)
[GSM2099318_allc_7521] Written → /home/muneeb/Downloads/BDA-Codebase/methylation_full_run/GSM2099318_allc_7521_lncRNA_methylation.tsv
[GSM2099319_allc_763] Loading regions from /home/muneeb/Downloads/BDA-Codebase/lncRNAs_only.bed ...
[GSM2099319_allc_763]   11,071 lncRNA regions
[GSM2099319_allc_763] Loading allc from /home/muneeb/Downloads/BDA-Codebase/GSE43857_RAW/GSM2099319_allc_763.tsv ...
[GSM2099319_allc_763]   37,437,848 cytosine records
[GSM2099319_allc_763] Aggregating methylation per region ...
[GSM2099319_allc_763]   Retained 10,795/11,071 regions (≥3 covered cytosine sites in at least one context)
[GSM2099319_allc_763] Written → /home/muneeb/Downloads/BDA-Codebase/methylation_full_run/GSM2099319_allc_763_lncRNA_methylation.tsv
[GSM2099320_allc_768] Loading regions from /home/muneeb/Downloads/BDA-Codebase/lncRNAs_only.bed ...
[GSM2099320_allc_768]   11,071 lncRNA regions
[GSM2099320_allc_768] Loading allc from /home/muneeb/Downloads/BDA-Codebase/GSE43857_RAW/GSM2099320_allc_768.tsv ...
[GSM2099320_allc_768]   37,660,349 cytosine records
[GSM2099320_allc_768] Aggregating methylation per region ...
[GSM2099320_allc_768]   Retained 10,847/11,071 regions (≥3 covered cytosine sites in at least one context)
[GSM2099320_allc_768] Written → /home/muneeb/Downloads/BDA-Codebase/methylation_full_run/GSM2099320_allc_768_lncRNA_methylation.tsv
[GSM2099322_allc_7947] Loading regions from /home/muneeb/Downloads/BDA-Codebase/lncRNAs_only.bed ...
[GSM2099322_allc_7947]   11,071 lncRNA regions
[GSM2099322_allc_7947] Loading allc from /home/muneeb/Downloads/BDA-Codebase/GSE43857_RAW/GSM2099322_allc_7947.tsv ...
[GSM2099322_allc_7947]   37,899,207 cytosine records
[GSM2099322_allc_7947] Aggregating methylation per region ...
[GSM2099322_allc_7947]   Retained 10,809/11,071 regions (≥3 covered cytosine sites in at least one context)
[GSM2099322_allc_7947] Written → /home/muneeb/Downloads/BDA-Codebase/methylation_full_run/GSM2099322_allc_7947_lncRNA_methylation.tsv
[GSM2099321_allc_7917] Loading regions from /home/muneeb/Downloads/BDA-Codebase/lncRNAs_only.bed ...
[GSM2099321_allc_7917]   11,071 lncRNA regions
[GSM2099321_allc_7917] Loading allc from /home/muneeb/Downloads/BDA-Codebase/GSE43857_RAW/GSM2099321_allc_7917.tsv ...
[GSM2099321_allc_7917]   37,922,410 cytosine records
[GSM2099321_allc_7917] Aggregating methylation per region ...
[GSM2099321_allc_7917]   Retained 10,853/11,071 regions (≥3 covered cytosine sites in at least one context)
[GSM2099321_allc_7917] Written → /home/muneeb/Downloads/BDA-Codebase/methylation_full_run/GSM2099321_allc_7917_lncRNA_methylation.tsv
[GSM2099323_allc_8077] Loading regions from /home/muneeb/Downloads/BDA-Codebase/lncRNAs_only.bed ...
[GSM2099323_allc_8077]   11,071 lncRNA regions
[GSM2099323_allc_8077] Loading allc from /home/muneeb/Downloads/BDA-Codebase/GSE43857_RAW/GSM2099323_allc_8077.tsv ...
[GSM2099323_allc_8077]   38,026,968 cytosine records
[GSM2099323_allc_8077] Aggregating methylation per region ...
[GSM2099323_allc_8077]   Retained 10,861/11,071 regions (≥3 covered cytosine sites in at least one context)
[GSM2099323_allc_8077] Written → /home/muneeb/Downloads/BDA-Codebase/methylation_full_run/GSM2099323_allc_8077_lncRNA_methylation.tsv
[GSM2099327_allc_8236] Loading regions from /home/muneeb/Downloads/BDA-Codebase/lncRNAs_only.bed ...
[GSM2099327_allc_8236]   11,071 lncRNA regions
[GSM2099327_allc_8236] Loading allc from /home/muneeb/Downloads/BDA-Codebase/GSE43857_RAW/GSM2099327_allc_8236.tsv ...
[GSM2099327_allc_8236]   34,841,825 cytosine records
[GSM2099327_allc_8236] Aggregating methylation per region ...
[GSM2099327_allc_8236]   Retained 10,727/11,071 regions (≥3 covered cytosine sites in at least one context)
[GSM2099327_allc_8236] Written → /home/muneeb/Downloads/BDA-Codebase/methylation_full_run/GSM2099327_allc_8236_lncRNA_methylation.tsv
[GSM2099324_allc_8132] Loading regions from /home/muneeb/Downloads/BDA-Codebase/lncRNAs_only.bed ...
[GSM2099324_allc_8132]   11,071 lncRNA regions
[GSM2099324_allc_8132] Loading allc from /home/muneeb/Downloads/BDA-Codebase/GSE43857_RAW/GSM2099324_allc_8132.tsv ...
[GSM2099324_allc_8132]   37,967,378 cytosine records
[GSM2099324_allc_8132] Aggregating methylation per region ...
[GSM2099324_allc_8132]   Retained 10,791/11,071 regions (≥3 covered cytosine sites in at least one context)
[GSM2099324_allc_8132] Written → /home/muneeb/Downloads/BDA-Codebase/methylation_full_run/GSM2099324_allc_8132_lncRNA_methylation.tsv
[GSM2099325_allc_8231] Loading regions from /home/muneeb/Downloads/BDA-Codebase/lncRNAs_only.bed ...
[GSM2099325_allc_8231]   11,071 lncRNA regions
[GSM2099325_allc_8231] Loading allc from /home/muneeb/Downloads/BDA-Codebase/GSE43857_RAW/GSM2099325_allc_8231.tsv ...
[GSM2099325_allc_8231]   37,423,948 cytosine records
[GSM2099325_allc_8231] Aggregating methylation per region ...
[GSM2099325_allc_8231]   Retained 10,832/11,071 regions (≥3 covered cytosine sites in at least one context)
[GSM2099325_allc_8231] Written → /home/muneeb/Downloads/BDA-Codebase/methylation_full_run/GSM2099325_allc_8231_lncRNA_methylation.tsv
[GSM2099326_allc_8233] Loading regions from /home/muneeb/Downloads/BDA-Codebase/lncRNAs_only.bed ...
[GSM2099326_allc_8233]   11,071 lncRNA regions
[GSM2099326_allc_8233] Loading allc from /home/muneeb/Downloads/BDA-Codebase/GSE43857_RAW/GSM2099326_allc_8233.tsv ...
[GSM2099326_allc_8233]   37,934,917 cytosine records
[GSM2099326_allc_8233] Aggregating methylation per region ...
[GSM2099326_allc_8233]   Retained 10,880/11,071 regions (≥3 covered cytosine sites in at least one context)
[GSM2099326_allc_8233] Written → /home/muneeb/Downloads/BDA-Codebase/methylation_full_run/GSM2099326_allc_8233_lncRNA_methylation.tsv
[GSM2099329_allc_8244] Loading regions from /home/muneeb/Downloads/BDA-Codebase/lncRNAs_only.bed ...
[GSM2099329_allc_8244]   11,071 lncRNA regions
[GSM2099329_allc_8244] Loading allc from /home/muneeb/Downloads/BDA-Codebase/GSE43857_RAW/GSM2099329_allc_8244.tsv ...
[GSM2099329_allc_8244]   37,767,122 cytosine records
[GSM2099329_allc_8244] Aggregating methylation per region ...
[GSM2099329_allc_8244]   Retained 10,869/11,071 regions (≥3 covered cytosine sites in at least one context)
[GSM2099329_allc_8244] Written → /home/muneeb/Downloads/BDA-Codebase/methylation_full_run/GSM2099329_allc_8244_lncRNA_methylation.tsv
[GSM2099330_allc_8246] Loading regions from /home/muneeb/Downloads/BDA-Codebase/lncRNAs_only.bed ...
[GSM2099330_allc_8246]   11,071 lncRNA regions
[GSM2099330_allc_8246] Loading allc from /home/muneeb/Downloads/BDA-Codebase/GSE43857_RAW/GSM2099330_allc_8246.tsv ...
[GSM2099330_allc_8246]   36,951,288 cytosine records
[GSM2099330_allc_8246] Aggregating methylation per region ...
[GSM2099330_allc_8246]   Retained 10,858/11,071 regions (≥3 covered cytosine sites in at least one context)
[GSM2099330_allc_8246] Written → /home/muneeb/Downloads/BDA-Codebase/methylation_full_run/GSM2099330_allc_8246_lncRNA_methylation.tsv
[GSM2099331_allc_8247] Loading regions from /home/muneeb/Downloads/BDA-Codebase/lncRNAs_only.bed ...
[GSM2099331_allc_8247]   11,071 lncRNA regions
[GSM2099331_allc_8247] Loading allc from /home/muneeb/Downloads/BDA-Codebase/GSE43857_RAW/GSM2099331_allc_8247.tsv ...
[GSM2099331_allc_8247]   37,617,413 cytosine records
[GSM2099331_allc_8247] Aggregating methylation per region ...
[GSM2099331_allc_8247]   Retained 10,823/11,071 regions (≥3 covered cytosine sites in at least one context)
[GSM2099331_allc_8247] Written → /home/muneeb/Downloads/BDA-Codebase/methylation_full_run/GSM2099331_allc_8247_lncRNA_methylation.tsv
[GSM2099328_allc_8239] Loading regions from /home/muneeb/Downloads/BDA-Codebase/lncRNAs_only.bed ...
[GSM2099328_allc_8239]   11,071 lncRNA regions
[GSM2099328_allc_8239] Loading allc from /home/muneeb/Downloads/BDA-Codebase/GSE43857_RAW/GSM2099328_allc_8239.tsv ...
[GSM2099328_allc_8239]   39,129,250 cytosine records
[GSM2099328_allc_8239] Aggregating methylation per region ...
[GSM2099328_allc_8239]   Retained 10,945/11,071 regions (≥3 covered cytosine sites in at least one context)
[GSM2099328_allc_8239] Written → /home/muneeb/Downloads/BDA-Codebase/methylation_full_run/GSM2099328_allc_8239_lncRNA_methylation.tsv
[GSM2099333_allc_8266] Loading regions from /home/muneeb/Downloads/BDA-Codebase/lncRNAs_only.bed ...
[GSM2099333_allc_8266]   11,071 lncRNA regions
[GSM2099333_allc_8266] Loading allc from /home/muneeb/Downloads/BDA-Codebase/GSE43857_RAW/GSM2099333_allc_8266.tsv ...
[GSM2099333_allc_8266]   36,815,427 cytosine records
[GSM2099333_allc_8266] Aggregating methylation per region ...
[GSM2099333_allc_8266]   Retained 10,892/11,071 regions (≥3 covered cytosine sites in at least one context)
[GSM2099333_allc_8266] Written → /home/muneeb/Downloads/BDA-Codebase/methylation_full_run/GSM2099333_allc_8266_lncRNA_methylation.tsv
[GSM2099332_allc_8259] Loading regions from /home/muneeb/Downloads/BDA-Codebase/lncRNAs_only.bed ...
[GSM2099332_allc_8259]   11,071 lncRNA regions
[GSM2099332_allc_8259] Loading allc from /home/muneeb/Downloads/BDA-Codebase/GSE43857_RAW/GSM2099332_allc_8259.tsv ...
[GSM2099332_allc_8259]   37,655,057 cytosine records
[GSM2099332_allc_8259] Aggregating methylation per region ...
[GSM2099332_allc_8259]   Retained 10,791/11,071 regions (≥3 covered cytosine sites in at least one context)
[GSM2099332_allc_8259] Written → /home/muneeb/Downloads/BDA-Codebase/methylation_full_run/GSM2099332_allc_8259_lncRNA_methylation.tsv
[GSM2099334_allc_8275] Loading regions from /home/muneeb/Downloads/BDA-Codebase/lncRNAs_only.bed ...
[GSM2099334_allc_8275]   11,071 lncRNA regions
[GSM2099334_allc_8275] Loading allc from /home/muneeb/Downloads/BDA-Codebase/GSE43857_RAW/GSM2099334_allc_8275.tsv ...
[GSM2099334_allc_8275]   37,216,817 cytosine records
[GSM2099334_allc_8275] Aggregating methylation per region ...
[GSM2099334_allc_8275]   Retained 10,830/11,071 regions (≥3 covered cytosine sites in at least one context)
[GSM2099334_allc_8275] Written → /home/muneeb/Downloads/BDA-Codebase/methylation_full_run/GSM2099334_allc_8275_lncRNA_methylation.tsv
[GSM2099335_allc_8285] Loading regions from /home/muneeb/Downloads/BDA-Codebase/lncRNAs_only.bed ...
[GSM2099335_allc_8285]   11,071 lncRNA regions
[GSM2099335_allc_8285] Loading allc from /home/muneeb/Downloads/BDA-Codebase/GSE43857_RAW/GSM2099335_allc_8285.tsv ...
[GSM2099335_allc_8285]   36,164,230 cytosine records
[GSM2099335_allc_8285] Aggregating methylation per region ...
[GSM2099335_allc_8285]   Retained 10,775/11,071 regions (≥3 covered cytosine sites in at least one context)
[GSM2099335_allc_8285] Written → /home/muneeb/Downloads/BDA-Codebase/methylation_full_run/GSM2099335_allc_8285_lncRNA_methylation.tsv
[GSM2099336_allc_8290] Loading regions from /home/muneeb/Downloads/BDA-Codebase/lncRNAs_only.bed ...
[GSM2099336_allc_8290]   11,071 lncRNA regions
[GSM2099336_allc_8290] Loading allc from /home/muneeb/Downloads/BDA-Codebase/GSE43857_RAW/GSM2099336_allc_8290.tsv ...
[GSM2099336_allc_8290]   37,687,348 cytosine records
[GSM2099336_allc_8290] Aggregating methylation per region ...
[GSM2099336_allc_8290]   Retained 10,836/11,071 regions (≥3 covered cytosine sites in at least one context)
[GSM2099336_allc_8290] Written → /home/muneeb/Downloads/BDA-Codebase/methylation_full_run/GSM2099336_allc_8290_lncRNA_methylation.tsv
[GSM2099337_allc_8326] Loading regions from /home/muneeb/Downloads/BDA-Codebase/lncRNAs_only.bed ...
[GSM2099337_allc_8326]   11,071 lncRNA regions
[GSM2099337_allc_8326] Loading allc from /home/muneeb/Downloads/BDA-Codebase/GSE43857_RAW/GSM2099337_allc_8326.tsv ...
[GSM2099337_allc_8326]   37,155,903 cytosine records
[GSM2099337_allc_8326] Aggregating methylation per region ...
[GSM2099337_allc_8326]   Retained 10,784/11,071 regions (≥3 covered cytosine sites in at least one context)
[GSM2099337_allc_8326] Written → /home/muneeb/Downloads/BDA-Codebase/methylation_full_run/GSM2099337_allc_8326_lncRNA_methylation.tsv
[GSM2099338_allc_8337] Loading regions from /home/muneeb/Downloads/BDA-Codebase/lncRNAs_only.bed ...
[GSM2099338_allc_8337]   11,071 lncRNA regions
[GSM2099338_allc_8337] Loading allc from /home/muneeb/Downloads/BDA-Codebase/GSE43857_RAW/GSM2099338_allc_8337.tsv ...
[GSM2099338_allc_8337]   37,253,905 cytosine records
[GSM2099338_allc_8337] Aggregating methylation per region ...
[GSM2099338_allc_8337]   Retained 10,785/11,071 regions (≥3 covered cytosine sites in at least one context)
[GSM2099338_allc_8337] Written → /home/muneeb/Downloads/BDA-Codebase/methylation_full_run/GSM2099338_allc_8337_lncRNA_methylation.tsv
[GSM2099339_allc_8343] Loading regions from /home/muneeb/Downloads/BDA-Codebase/lncRNAs_only.bed ...
[GSM2099339_allc_8343]   11,071 lncRNA regions
[GSM2099339_allc_8343] Loading allc from /home/muneeb/Downloads/BDA-Codebase/GSE43857_RAW/GSM2099339_allc_8343.tsv ...
[GSM2099339_allc_8343]   37,317,705 cytosine records
[GSM2099339_allc_8343] Aggregating methylation per region ...
[GSM2099339_allc_8343]   Retained 10,838/11,071 regions (≥3 covered cytosine sites in at least one context)
[GSM2099339_allc_8343] Written → /home/muneeb/Downloads/BDA-Codebase/methylation_full_run/GSM2099339_allc_8343_lncRNA_methylation.tsv
[GSM2099342_allc_8357] Loading regions from /home/muneeb/Downloads/BDA-Codebase/lncRNAs_only.bed ...
[GSM2099342_allc_8357]   11,071 lncRNA regions
[GSM2099342_allc_8357] Loading allc from /home/muneeb/Downloads/BDA-Codebase/GSE43857_RAW/GSM2099342_allc_8357.tsv ...
[GSM2099342_allc_8357]   35,870,089 cytosine records
[GSM2099342_allc_8357] Aggregating methylation per region ...
[GSM2099342_allc_8357]   Retained 10,786/11,071 regions (≥3 covered cytosine sites in at least one context)
[GSM2099342_allc_8357] Written → /home/muneeb/Downloads/BDA-Codebase/methylation_full_run/GSM2099342_allc_8357_lncRNA_methylation.tsv
[GSM2099340_allc_8353] Loading regions from /home/muneeb/Downloads/BDA-Codebase/lncRNAs_only.bed ...
[GSM2099340_allc_8353]   11,071 lncRNA regions
[GSM2099340_allc_8353] Loading allc from /home/muneeb/Downloads/BDA-Codebase/GSE43857_RAW/GSM2099340_allc_8353.tsv ...
[GSM2099340_allc_8353]   37,200,233 cytosine records
[GSM2099340_allc_8353] Aggregating methylation per region ...
[GSM2099340_allc_8353]   Retained 10,831/11,071 regions (≥3 covered cytosine sites in at least one context)
[GSM2099340_allc_8353] Written → /home/muneeb/Downloads/BDA-Codebase/methylation_full_run/GSM2099340_allc_8353_lncRNA_methylation.tsv
[GSM2099341_allc_8354] Loading regions from /home/muneeb/Downloads/BDA-Codebase/lncRNAs_only.bed ...
[GSM2099341_allc_8354]   11,071 lncRNA regions
[GSM2099341_allc_8354] Loading allc from /home/muneeb/Downloads/BDA-Codebase/GSE43857_RAW/GSM2099341_allc_8354.tsv ...
[GSM2099341_allc_8354]   36,088,500 cytosine records
[GSM2099341_allc_8354] Aggregating methylation per region ...
[GSM2099341_allc_8354]   Retained 10,727/11,071 regions (≥3 covered cytosine sites in at least one context)
[GSM2099341_allc_8354] Written → /home/muneeb/Downloads/BDA-Codebase/methylation_full_run/GSM2099341_allc_8354_lncRNA_methylation.tsv
[GSM2099343_allc_8365] Loading regions from /home/muneeb/Downloads/BDA-Codebase/lncRNAs_only.bed ...
[GSM2099343_allc_8365]   11,071 lncRNA regions
[GSM2099343_allc_8365] Loading allc from /home/muneeb/Downloads/BDA-Codebase/GSE43857_RAW/GSM2099343_allc_8365.tsv ...
[GSM2099343_allc_8365]   35,676,073 cytosine records
[GSM2099343_allc_8365] Aggregating methylation per region ...
[GSM2099343_allc_8365]   Retained 10,831/11,071 regions (≥3 covered cytosine sites in at least one context)
[GSM2099343_allc_8365] Written → /home/muneeb/Downloads/BDA-Codebase/methylation_full_run/GSM2099343_allc_8365_lncRNA_methylation.tsv
[GSM2099344_allc_8378] Loading regions from /home/muneeb/Downloads/BDA-Codebase/lncRNAs_only.bed ...
[GSM2099344_allc_8378]   11,071 lncRNA regions
[GSM2099344_allc_8378] Loading allc from /home/muneeb/Downloads/BDA-Codebase/GSE43857_RAW/GSM2099344_allc_8378.tsv ...
[GSM2099344_allc_8378]   37,367,697 cytosine records
[GSM2099344_allc_8378] Aggregating methylation per region ...
[GSM2099344_allc_8378]   Retained 10,916/11,071 regions (≥3 covered cytosine sites in at least one context)
[GSM2099344_allc_8378] Written → /home/muneeb/Downloads/BDA-Codebase/methylation_full_run/GSM2099344_allc_8378_lncRNA_methylation.tsv
[GSM2099346_allc_8419] Loading regions from /home/muneeb/Downloads/BDA-Codebase/lncRNAs_only.bed ...
[GSM2099346_allc_8419]   11,071 lncRNA regions
[GSM2099346_allc_8419] Loading allc from /home/muneeb/Downloads/BDA-Codebase/GSE43857_RAW/GSM2099346_allc_8419.tsv ...
[GSM2099346_allc_8419]   36,484,381 cytosine records
[GSM2099346_allc_8419] Aggregating methylation per region ...
[GSM2099346_allc_8419]   Retained 10,873/11,071 regions (≥3 covered cytosine sites in at least one context)
[GSM2099346_allc_8419] Written → /home/muneeb/Downloads/BDA-Codebase/methylation_full_run/GSM2099346_allc_8419_lncRNA_methylation.tsv
[GSM2099345_allc_8386] Loading regions from /home/muneeb/Downloads/BDA-Codebase/lncRNAs_only.bed ...
[GSM2099345_allc_8386]   11,071 lncRNA regions
[GSM2099345_allc_8386] Loading allc from /home/muneeb/Downloads/BDA-Codebase/GSE43857_RAW/GSM2099345_allc_8386.tsv ...
[GSM2099345_allc_8386]   37,716,631 cytosine records
[GSM2099345_allc_8386] Aggregating methylation per region ...
[GSM2099345_allc_8386]   Retained 10,852/11,071 regions (≥3 covered cytosine sites in at least one context)
[GSM2099345_allc_8386] Written → /home/muneeb/Downloads/BDA-Codebase/methylation_full_run/GSM2099345_allc_8386_lncRNA_methylation.tsv
[GSM2099350_allc_8584] Loading regions from /home/muneeb/Downloads/BDA-Codebase/lncRNAs_only.bed ...
[GSM2099350_allc_8584]   11,071 lncRNA regions
[GSM2099350_allc_8584] Loading allc from /home/muneeb/Downloads/BDA-Codebase/GSE43857_RAW/GSM2099350_allc_8584.tsv ...
[GSM2099350_allc_8584]   36,329,746 cytosine records
[GSM2099350_allc_8584] Aggregating methylation per region ...
[GSM2099350_allc_8584]   Retained 10,788/11,071 regions (≥3 covered cytosine sites in at least one context)
[GSM2099350_allc_8584] Written → /home/muneeb/Downloads/BDA-Codebase/methylation_full_run/GSM2099350_allc_8584_lncRNA_methylation.tsv
[GSM2099351_allc_870] Loading regions from /home/muneeb/Downloads/BDA-Codebase/lncRNAs_only.bed ...
[GSM2099351_allc_870]   11,071 lncRNA regions
[GSM2099351_allc_870] Loading allc from /home/muneeb/Downloads/BDA-Codebase/GSE43857_RAW/GSM2099351_allc_870.tsv ...
[GSM2099351_allc_870]   35,336,386 cytosine records
[GSM2099351_allc_870] Aggregating methylation per region ...
[GSM2099351_allc_870]   Retained 10,765/11,071 regions (≥3 covered cytosine sites in at least one context)
[GSM2099351_allc_870] Written → /home/muneeb/Downloads/BDA-Codebase/methylation_full_run/GSM2099351_allc_870_lncRNA_methylation.tsv
[GSM2099354_allc_9070] Loading regions from /home/muneeb/Downloads/BDA-Codebase/lncRNAs_only.bed ...
[GSM2099354_allc_9070]   11,071 lncRNA regions
[GSM2099354_allc_9070] Loading allc from /home/muneeb/Downloads/BDA-Codebase/GSE43857_RAW/GSM2099354_allc_9070.tsv ...
[GSM2099354_allc_9070]   32,292,323 cytosine records
[GSM2099354_allc_9070] Aggregating methylation per region ...
[GSM2099354_allc_9070]   Retained 10,812/11,071 regions (≥3 covered cytosine sites in at least one context)
[GSM2099354_allc_9070] Written → /home/muneeb/Downloads/BDA-Codebase/methylation_full_run/GSM2099354_allc_9070_lncRNA_methylation.tsv
[GSM2099352_allc_9045] Loading regions from /home/muneeb/Downloads/BDA-Codebase/lncRNAs_only.bed ...
[GSM2099352_allc_9045]   11,071 lncRNA regions
[GSM2099352_allc_9045] Loading allc from /home/muneeb/Downloads/BDA-Codebase/GSE43857_RAW/GSM2099352_allc_9045.tsv ...
[GSM2099352_allc_9045]   37,422,723 cytosine records
[GSM2099352_allc_9045] Aggregating methylation per region ...
[GSM2099352_allc_9045]   Retained 10,862/11,071 regions (≥3 covered cytosine sites in at least one context)
[GSM2099352_allc_9045] Written → /home/muneeb/Downloads/BDA-Codebase/methylation_full_run/GSM2099352_allc_9045_lncRNA_methylation.tsv
[GSM2099353_allc_9069] Loading regions from /home/muneeb/Downloads/BDA-Codebase/lncRNAs_only.bed ...
[GSM2099353_allc_9069]   11,071 lncRNA regions
[GSM2099353_allc_9069] Loading allc from /home/muneeb/Downloads/BDA-Codebase/GSE43857_RAW/GSM2099353_allc_9069.tsv ...
[GSM2099353_allc_9069]   37,202,454 cytosine records
[GSM2099353_allc_9069] Aggregating methylation per region ...
[GSM2099353_allc_9069]   Retained 10,825/11,071 regions (≥3 covered cytosine sites in at least one context)
[GSM2099353_allc_9069] Written → /home/muneeb/Downloads/BDA-Codebase/methylation_full_run/GSM2099353_allc_9069_lncRNA_methylation.tsv
[GSM2099347_allc_8424] Loading regions from /home/muneeb/Downloads/BDA-Codebase/lncRNAs_only.bed ...
[GSM2099347_allc_8424]   11,071 lncRNA regions
[GSM2099347_allc_8424] Loading allc from /home/muneeb/Downloads/BDA-Codebase/GSE43857_RAW/GSM2099347_allc_8424.tsv ...
[GSM2099347_allc_8424]   40,944,585 cytosine records
[GSM2099347_allc_8424] Aggregating methylation per region ...
[GSM2099347_allc_8424]   Retained 11,008/11,071 regions (≥3 covered cytosine sites in at least one context)
[GSM2099347_allc_8424] Written → /home/muneeb/Downloads/BDA-Codebase/methylation_full_run/GSM2099347_allc_8424_lncRNA_methylation.tsv
[GSM2099348_allc_8428] Loading regions from /home/muneeb/Downloads/BDA-Codebase/lncRNAs_only.bed ...
[GSM2099348_allc_8428]   11,071 lncRNA regions
[GSM2099348_allc_8428] Loading allc from /home/muneeb/Downloads/BDA-Codebase/GSE43857_RAW/GSM2099348_allc_8428.tsv ...
[GSM2099348_allc_8428]   40,785,004 cytosine records
[GSM2099348_allc_8428] Aggregating methylation per region ...
[GSM2099348_allc_8428]   Retained 11,005/11,071 regions (≥3 covered cytosine sites in at least one context)
[GSM2099348_allc_8428] Written → /home/muneeb/Downloads/BDA-Codebase/methylation_full_run/GSM2099348_allc_8428_lncRNA_methylation.tsv
[GSM2099355_allc_9075] Loading regions from /home/muneeb/Downloads/BDA-Codebase/lncRNAs_only.bed ...
[GSM2099355_allc_9075]   11,071 lncRNA regions
[GSM2099355_allc_9075] Loading allc from /home/muneeb/Downloads/BDA-Codebase/GSE43857_RAW/GSM2099355_allc_9075.tsv ...
[GSM2099355_allc_9075]   37,524,595 cytosine records
[GSM2099355_allc_9075] Aggregating methylation per region ...
[GSM2099355_allc_9075]   Retained 10,819/11,071 regions (≥3 covered cytosine sites in at least one context)
[GSM2099355_allc_9075] Written → /home/muneeb/Downloads/BDA-Codebase/methylation_full_run/GSM2099355_allc_9075_lncRNA_methylation.tsv
[GSM2099349_allc_8472] Loading regions from /home/muneeb/Downloads/BDA-Codebase/lncRNAs_only.bed ...
[GSM2099349_allc_8472]   11,071 lncRNA regions
[GSM2099349_allc_8472] Loading allc from /home/muneeb/Downloads/BDA-Codebase/GSE43857_RAW/GSM2099349_allc_8472.tsv ...
[GSM2099349_allc_8472]   40,969,024 cytosine records
[GSM2099349_allc_8472] Aggregating methylation per region ...
[GSM2099349_allc_8472]   Retained 11,011/11,071 regions (≥3 covered cytosine sites in at least one context)
[GSM2099349_allc_8472] Written → /home/muneeb/Downloads/BDA-Codebase/methylation_full_run/GSM2099349_allc_8472_lncRNA_methylation.tsv
[GSM2099356_allc_9081] Loading regions from /home/muneeb/Downloads/BDA-Codebase/lncRNAs_only.bed ...
[GSM2099356_allc_9081]   11,071 lncRNA regions
[GSM2099356_allc_9081] Loading allc from /home/muneeb/Downloads/BDA-Codebase/GSE43857_RAW/GSM2099356_allc_9081.tsv ...
[GSM2099356_allc_9081]   37,649,306 cytosine records
[GSM2099356_allc_9081] Aggregating methylation per region ...
[GSM2099356_allc_9081]   Retained 10,840/11,071 regions (≥3 covered cytosine sites in at least one context)
[GSM2099356_allc_9081] Written → /home/muneeb/Downloads/BDA-Codebase/methylation_full_run/GSM2099356_allc_9081_lncRNA_methylation.tsv
[GSM2099357_allc_9084] Loading regions from /home/muneeb/Downloads/BDA-Codebase/lncRNAs_only.bed ...
[GSM2099357_allc_9084]   11,071 lncRNA regions
[GSM2099357_allc_9084] Loading allc from /home/muneeb/Downloads/BDA-Codebase/GSE43857_RAW/GSM2099357_allc_9084.tsv ...
[GSM2099357_allc_9084]   38,462,139 cytosine records
[GSM2099357_allc_9084] Aggregating methylation per region ...
[GSM2099357_allc_9084]   Retained 10,917/11,071 regions (≥3 covered cytosine sites in at least one context)
[GSM2099357_allc_9084] Written → /home/muneeb/Downloads/BDA-Codebase/methylation_full_run/GSM2099357_allc_9084_lncRNA_methylation.tsv
[GSM2099358_allc_9089] Loading regions from /home/muneeb/Downloads/BDA-Codebase/lncRNAs_only.bed ...
[GSM2099358_allc_9089]   11,071 lncRNA regions
[GSM2099358_allc_9089] Loading allc from /home/muneeb/Downloads/BDA-Codebase/GSE43857_RAW/GSM2099358_allc_9089.tsv ...
[GSM2099358_allc_9089]   37,638,943 cytosine records
[GSM2099358_allc_9089] Aggregating methylation per region ...
[GSM2099358_allc_9089]   Retained 10,851/11,071 regions (≥3 covered cytosine sites in at least one context)
[GSM2099358_allc_9089] Written → /home/muneeb/Downloads/BDA-Codebase/methylation_full_run/GSM2099358_allc_9089_lncRNA_methylation.tsv
[GSM2099359_allc_9091] Loading regions from /home/muneeb/Downloads/BDA-Codebase/lncRNAs_only.bed ...
[GSM2099359_allc_9091]   11,071 lncRNA regions
[GSM2099359_allc_9091] Loading allc from /home/muneeb/Downloads/BDA-Codebase/GSE43857_RAW/GSM2099359_allc_9091.tsv ...
[GSM2099359_allc_9091]   37,398,003 cytosine records
[GSM2099359_allc_9091] Aggregating methylation per region ...
[GSM2099359_allc_9091]   Retained 10,841/11,071 regions (≥3 covered cytosine sites in at least one context)
[GSM2099359_allc_9091] Written → /home/muneeb/Downloads/BDA-Codebase/methylation_full_run/GSM2099359_allc_9091_lncRNA_methylation.tsv
[GSM2099360_allc_9095] Loading regions from /home/muneeb/Downloads/BDA-Codebase/lncRNAs_only.bed ...
[GSM2099360_allc_9095]   11,071 lncRNA regions
[GSM2099360_allc_9095] Loading allc from /home/muneeb/Downloads/BDA-Codebase/GSE43857_RAW/GSM2099360_allc_9095.tsv ...
[GSM2099360_allc_9095]   37,251,296 cytosine records
[GSM2099360_allc_9095] Aggregating methylation per region ...
[GSM2099360_allc_9095]   Retained 10,764/11,071 regions (≥3 covered cytosine sites in at least one context)
[GSM2099360_allc_9095] Written → /home/muneeb/Downloads/BDA-Codebase/methylation_full_run/GSM2099360_allc_9095_lncRNA_methylation.tsv
[GSM2099361_allc_9099] Loading regions from /home/muneeb/Downloads/BDA-Codebase/lncRNAs_only.bed ...
[GSM2099361_allc_9099]   11,071 lncRNA regions
[GSM2099361_allc_9099] Loading allc from /home/muneeb/Downloads/BDA-Codebase/GSE43857_RAW/GSM2099361_allc_9099.tsv ...
[GSM2099361_allc_9099]   37,520,197 cytosine records
[GSM2099361_allc_9099] Aggregating methylation per region ...
[GSM2099361_allc_9099]   Retained 10,819/11,071 regions (≥3 covered cytosine sites in at least one context)
[GSM2099361_allc_9099] Written → /home/muneeb/Downloads/BDA-Codebase/methylation_full_run/GSM2099361_allc_9099_lncRNA_methylation.tsv
[GSM2099367_allc_9113] Loading regions from /home/muneeb/Downloads/BDA-Codebase/lncRNAs_only.bed ...
[GSM2099367_allc_9113]   11,071 lncRNA regions
[GSM2099367_allc_9113] Loading allc from /home/muneeb/Downloads/BDA-Codebase/GSE43857_RAW/GSM2099367_allc_9113.tsv ...
[GSM2099367_allc_9113]   34,624,391 cytosine records
[GSM2099367_allc_9113] Aggregating methylation per region ...
[GSM2099367_allc_9113]   Retained 10,746/11,071 regions (≥3 covered cytosine sites in at least one context)
[GSM2099367_allc_9113] Written → /home/muneeb/Downloads/BDA-Codebase/methylation_full_run/GSM2099367_allc_9113_lncRNA_methylation.tsv
[GSM2099362_allc_9103] Loading regions from /home/muneeb/Downloads/BDA-Codebase/lncRNAs_only.bed ...
[GSM2099362_allc_9103]   11,071 lncRNA regions
[GSM2099362_allc_9103] Loading allc from /home/muneeb/Downloads/BDA-Codebase/GSE43857_RAW/GSM2099362_allc_9103.tsv ...
[GSM2099362_allc_9103]   37,615,317 cytosine records
[GSM2099362_allc_9103] Aggregating methylation per region ...
[GSM2099362_allc_9103]   Retained 10,792/11,071 regions (≥3 covered cytosine sites in at least one context)
[GSM2099362_allc_9103] Written → /home/muneeb/Downloads/BDA-Codebase/methylation_full_run/GSM2099362_allc_9103_lncRNA_methylation.tsv
[GSM2099363_allc_9104] Loading regions from /home/muneeb/Downloads/BDA-Codebase/lncRNAs_only.bed ...
[GSM2099363_allc_9104]   11,071 lncRNA regions
[GSM2099363_allc_9104] Loading allc from /home/muneeb/Downloads/BDA-Codebase/GSE43857_RAW/GSM2099363_allc_9104.tsv ...
[GSM2099363_allc_9104]   37,208,540 cytosine records
[GSM2099363_allc_9104] Aggregating methylation per region ...
[GSM2099363_allc_9104]   Retained 10,732/11,071 regions (≥3 covered cytosine sites in at least one context)
[GSM2099363_allc_9104] Written → /home/muneeb/Downloads/BDA-Codebase/methylation_full_run/GSM2099363_allc_9104_lncRNA_methylation.tsv
[GSM2099364_allc_9105] Loading regions from /home/muneeb/Downloads/BDA-Codebase/lncRNAs_only.bed ...
[GSM2099364_allc_9105]   11,071 lncRNA regions
[GSM2099364_allc_9105] Loading allc from /home/muneeb/Downloads/BDA-Codebase/GSE43857_RAW/GSM2099364_allc_9105.tsv ...
[GSM2099364_allc_9105]   37,571,536 cytosine records
[GSM2099364_allc_9105] Aggregating methylation per region ...
[GSM2099364_allc_9105]   Retained 10,801/11,071 regions (≥3 covered cytosine sites in at least one context)
[GSM2099364_allc_9105] Written → /home/muneeb/Downloads/BDA-Codebase/methylation_full_run/GSM2099364_allc_9105_lncRNA_methylation.tsv
[GSM2099365_allc_9106] Loading regions from /home/muneeb/Downloads/BDA-Codebase/lncRNAs_only.bed ...
[GSM2099365_allc_9106]   11,071 lncRNA regions
[GSM2099365_allc_9106] Loading allc from /home/muneeb/Downloads/BDA-Codebase/GSE43857_RAW/GSM2099365_allc_9106.tsv ...
[GSM2099365_allc_9106]   37,479,652 cytosine records
[GSM2099365_allc_9106] Aggregating methylation per region ...
[GSM2099365_allc_9106]   Retained 10,825/11,071 regions (≥3 covered cytosine sites in at least one context)
[GSM2099365_allc_9106] Written → /home/muneeb/Downloads/BDA-Codebase/methylation_full_run/GSM2099365_allc_9106_lncRNA_methylation.tsv
[GSM2099366_allc_9111] Loading regions from /home/muneeb/Downloads/BDA-Codebase/lncRNAs_only.bed ...
[GSM2099366_allc_9111]   11,071 lncRNA regions
[GSM2099366_allc_9111] Loading allc from /home/muneeb/Downloads/BDA-Codebase/GSE43857_RAW/GSM2099366_allc_9111.tsv ...
[GSM2099366_allc_9111]   37,409,405 cytosine records
[GSM2099366_allc_9111] Aggregating methylation per region ...
[GSM2099366_allc_9111]   Retained 10,799/11,071 regions (≥3 covered cytosine sites in at least one context)
[GSM2099366_allc_9111] Written → /home/muneeb/Downloads/BDA-Codebase/methylation_full_run/GSM2099366_allc_9111_lncRNA_methylation.tsv
[GSM2099368_allc_9114] Loading regions from /home/muneeb/Downloads/BDA-Codebase/lncRNAs_only.bed ...
[GSM2099368_allc_9114]   11,071 lncRNA regions
[GSM2099368_allc_9114] Loading allc from /home/muneeb/Downloads/BDA-Codebase/GSE43857_RAW/GSM2099368_allc_9114.tsv ...
[GSM2099368_allc_9114]   37,593,002 cytosine records
[GSM2099368_allc_9114] Aggregating methylation per region ...
[GSM2099368_allc_9114]   Retained 10,790/11,071 regions (≥3 covered cytosine sites in at least one context)
[GSM2099368_allc_9114] Written → /home/muneeb/Downloads/BDA-Codebase/methylation_full_run/GSM2099368_allc_9114_lncRNA_methylation.tsv
[GSM2099369_allc_9115] Loading regions from /home/muneeb/Downloads/BDA-Codebase/lncRNAs_only.bed ...
[GSM2099369_allc_9115]   11,071 lncRNA regions
[GSM2099369_allc_9115] Loading allc from /home/muneeb/Downloads/BDA-Codebase/GSE43857_RAW/GSM2099369_allc_9115.tsv ...
[GSM2099369_allc_9115]   37,107,247 cytosine records
[GSM2099369_allc_9115] Aggregating methylation per region ...
[GSM2099369_allc_9115]   Retained 10,749/11,071 regions (≥3 covered cytosine sites in at least one context)
[GSM2099369_allc_9115] Written → /home/muneeb/Downloads/BDA-Codebase/methylation_full_run/GSM2099369_allc_9115_lncRNA_methylation.tsv
[GSM2099370_allc_9125] Loading regions from /home/muneeb/Downloads/BDA-Codebase/lncRNAs_only.bed ...
[GSM2099370_allc_9125]   11,071 lncRNA regions
[GSM2099370_allc_9125] Loading allc from /home/muneeb/Downloads/BDA-Codebase/GSE43857_RAW/GSM2099370_allc_9125.tsv ...
[GSM2099370_allc_9125]   37,916,436 cytosine records
[GSM2099370_allc_9125] Aggregating methylation per region ...
[GSM2099370_allc_9125]   Retained 10,870/11,071 regions (≥3 covered cytosine sites in at least one context)
[GSM2099370_allc_9125] Written → /home/muneeb/Downloads/BDA-Codebase/methylation_full_run/GSM2099370_allc_9125_lncRNA_methylation.tsv
[GSM2099371_allc_9131] Loading regions from /home/muneeb/Downloads/BDA-Codebase/lncRNAs_only.bed ...
[GSM2099371_allc_9131]   11,071 lncRNA regions
[GSM2099371_allc_9131] Loading allc from /home/muneeb/Downloads/BDA-Codebase/GSE43857_RAW/GSM2099371_allc_9131.tsv ...
[GSM2099371_allc_9131]   37,776,101 cytosine records
[GSM2099371_allc_9131] Aggregating methylation per region ...
[GSM2099371_allc_9131]   Retained 10,861/11,071 regions (≥3 covered cytosine sites in at least one context)
[GSM2099371_allc_9131] Written → /home/muneeb/Downloads/BDA-Codebase/methylation_full_run/GSM2099371_allc_9131_lncRNA_methylation.tsv
[GSM2099372_allc_9134] Loading regions from /home/muneeb/Downloads/BDA-Codebase/lncRNAs_only.bed ...
[GSM2099372_allc_9134]   11,071 lncRNA regions
[GSM2099372_allc_9134] Loading allc from /home/muneeb/Downloads/BDA-Codebase/GSE43857_RAW/GSM2099372_allc_9134.tsv ...
[GSM2099372_allc_9134]   37,602,792 cytosine records
[GSM2099372_allc_9134] Aggregating methylation per region ...
[GSM2099372_allc_9134]   Retained 10,783/11,071 regions (≥3 covered cytosine sites in at least one context)
[GSM2099372_allc_9134] Written → /home/muneeb/Downloads/BDA-Codebase/methylation_full_run/GSM2099372_allc_9134_lncRNA_methylation.tsv
[GSM2099373_allc_9298] Loading regions from /home/muneeb/Downloads/BDA-Codebase/lncRNAs_only.bed ...
[GSM2099373_allc_9298]   11,071 lncRNA regions
[GSM2099373_allc_9298] Loading allc from /home/muneeb/Downloads/BDA-Codebase/GSE43857_RAW/GSM2099373_allc_9298.tsv ...
[GSM2099373_allc_9298]   37,625,975 cytosine records
[GSM2099373_allc_9298] Aggregating methylation per region ...
[GSM2099373_allc_9298]   Retained 10,830/11,071 regions (≥3 covered cytosine sites in at least one context)
[GSM2099373_allc_9298] Written → /home/muneeb/Downloads/BDA-Codebase/methylation_full_run/GSM2099373_allc_9298_lncRNA_methylation.tsv
[GSM2099374_allc_9312] Loading regions from /home/muneeb/Downloads/BDA-Codebase/lncRNAs_only.bed ...
[GSM2099374_allc_9312]   11,071 lncRNA regions
[GSM2099374_allc_9312] Loading allc from /home/muneeb/Downloads/BDA-Codebase/GSE43857_RAW/GSM2099374_allc_9312.tsv ...
[GSM2099374_allc_9312]   37,208,875 cytosine records
[GSM2099374_allc_9312] Aggregating methylation per region ...
[GSM2099374_allc_9312]   Retained 10,869/11,071 regions (≥3 covered cytosine sites in at least one context)
[GSM2099374_allc_9312] Written → /home/muneeb/Downloads/BDA-Codebase/methylation_full_run/GSM2099374_allc_9312_lncRNA_methylation.tsv
[GSM2099375_allc_9314] Loading regions from /home/muneeb/Downloads/BDA-Codebase/lncRNAs_only.bed ...
[GSM2099375_allc_9314]   11,071 lncRNA regions
[GSM2099375_allc_9314] Loading allc from /home/muneeb/Downloads/BDA-Codebase/GSE43857_RAW/GSM2099375_allc_9314.tsv ...
[GSM2099375_allc_9314]   37,439,911 cytosine records
[GSM2099375_allc_9314] Aggregating methylation per region ...
[GSM2099375_allc_9314]   Retained 10,818/11,071 regions (≥3 covered cytosine sites in at least one context)
[GSM2099375_allc_9314] Written → /home/muneeb/Downloads/BDA-Codebase/methylation_full_run/GSM2099375_allc_9314_lncRNA_methylation.tsv
[GSM2099376_allc_9321] Loading regions from /home/muneeb/Downloads/BDA-Codebase/lncRNAs_only.bed ...
[GSM2099376_allc_9321]   11,071 lncRNA regions
[GSM2099376_allc_9321] Loading allc from /home/muneeb/Downloads/BDA-Codebase/GSE43857_RAW/GSM2099376_allc_9321.tsv ...
[GSM2099376_allc_9321]   37,550,858 cytosine records
[GSM2099376_allc_9321] Aggregating methylation per region ...
[GSM2099376_allc_9321]   Retained 10,767/11,071 regions (≥3 covered cytosine sites in at least one context)
[GSM2099376_allc_9321] Written → /home/muneeb/Downloads/BDA-Codebase/methylation_full_run/GSM2099376_allc_9321_lncRNA_methylation.tsv
[GSM2099377_allc_932] Loading regions from /home/muneeb/Downloads/BDA-Codebase/lncRNAs_only.bed ...
[GSM2099377_allc_932]   11,071 lncRNA regions
[GSM2099377_allc_932] Loading allc from /home/muneeb/Downloads/BDA-Codebase/GSE43857_RAW/GSM2099377_allc_932.tsv ...
[GSM2099377_allc_932]   37,594,692 cytosine records
[GSM2099377_allc_932] Aggregating methylation per region ...
[GSM2099377_allc_932]   Retained 10,848/11,071 regions (≥3 covered cytosine sites in at least one context)
[GSM2099377_allc_932] Written → /home/muneeb/Downloads/BDA-Codebase/methylation_full_run/GSM2099377_allc_932_lncRNA_methylation.tsv
[GSM2099378_allc_9386] Loading regions from /home/muneeb/Downloads/BDA-Codebase/lncRNAs_only.bed ...
[GSM2099378_allc_9386]   11,071 lncRNA regions
[GSM2099378_allc_9386] Loading allc from /home/muneeb/Downloads/BDA-Codebase/GSE43857_RAW/GSM2099378_allc_9386.tsv ...
[GSM2099378_allc_9386]   37,705,650 cytosine records
[GSM2099378_allc_9386] Aggregating methylation per region ...
[GSM2099378_allc_9386]   Retained 10,815/11,071 regions (≥3 covered cytosine sites in at least one context)
[GSM2099378_allc_9386] Written → /home/muneeb/Downloads/BDA-Codebase/methylation_full_run/GSM2099378_allc_9386_lncRNA_methylation.tsv
[GSM2099379_allc_9388] Loading regions from /home/muneeb/Downloads/BDA-Codebase/lncRNAs_only.bed ...
[GSM2099379_allc_9388]   11,071 lncRNA regions
[GSM2099379_allc_9388] Loading allc from /home/muneeb/Downloads/BDA-Codebase/GSE43857_RAW/GSM2099379_allc_9388.tsv ...
[GSM2099379_allc_9388]   38,370,350 cytosine records
[GSM2099379_allc_9388] Aggregating methylation per region ...
[GSM2099379_allc_9388]   Retained 10,878/11,071 regions (≥3 covered cytosine sites in at least one context)
[GSM2099379_allc_9388] Written → /home/muneeb/Downloads/BDA-Codebase/methylation_full_run/GSM2099379_allc_9388_lncRNA_methylation.tsv
[GSM2099380_allc_9404] Loading regions from /home/muneeb/Downloads/BDA-Codebase/lncRNAs_only.bed ...
[GSM2099380_allc_9404]   11,071 lncRNA regions
[GSM2099380_allc_9404] Loading allc from /home/muneeb/Downloads/BDA-Codebase/GSE43857_RAW/GSM2099380_allc_9404.tsv ...
[GSM2099380_allc_9404]   37,668,978 cytosine records
[GSM2099380_allc_9404] Aggregating methylation per region ...
[GSM2099380_allc_9404]   Retained 10,806/11,071 regions (≥3 covered cytosine sites in at least one context)
[GSM2099380_allc_9404] Written → /home/muneeb/Downloads/BDA-Codebase/methylation_full_run/GSM2099380_allc_9404_lncRNA_methylation.tsv
[GSM2099381_allc_9405] Loading regions from /home/muneeb/Downloads/BDA-Codebase/lncRNAs_only.bed ...
[GSM2099381_allc_9405]   11,071 lncRNA regions
[GSM2099381_allc_9405] Loading allc from /home/muneeb/Downloads/BDA-Codebase/GSE43857_RAW/GSM2099381_allc_9405.tsv ...
[GSM2099381_allc_9405]   37,525,504 cytosine records
[GSM2099381_allc_9405] Aggregating methylation per region ...
[GSM2099381_allc_9405]   Retained 10,781/11,071 regions (≥3 covered cytosine sites in at least one context)
[GSM2099381_allc_9405] Written → /home/muneeb/Downloads/BDA-Codebase/methylation_full_run/GSM2099381_allc_9405_lncRNA_methylation.tsv
[GSM2099382_allc_9407] Loading regions from /home/muneeb/Downloads/BDA-Codebase/lncRNAs_only.bed ...
[GSM2099382_allc_9407]   11,071 lncRNA regions
[GSM2099382_allc_9407] Loading allc from /home/muneeb/Downloads/BDA-Codebase/GSE43857_RAW/GSM2099382_allc_9407.tsv ...
[GSM2099382_allc_9407]   37,805,171 cytosine records
[GSM2099382_allc_9407] Aggregating methylation per region ...
[GSM2099382_allc_9407]   Retained 10,830/11,071 regions (≥3 covered cytosine sites in at least one context)
[GSM2099382_allc_9407] Written → /home/muneeb/Downloads/BDA-Codebase/methylation_full_run/GSM2099382_allc_9407_lncRNA_methylation.tsv
[GSM2099383_allc_9408] Loading regions from /home/muneeb/Downloads/BDA-Codebase/lncRNAs_only.bed ...
[GSM2099383_allc_9408]   11,071 lncRNA regions
[GSM2099383_allc_9408] Loading allc from /home/muneeb/Downloads/BDA-Codebase/GSE43857_RAW/GSM2099383_allc_9408.tsv ...
[GSM2099383_allc_9408]   37,664,120 cytosine records
[GSM2099383_allc_9408] Aggregating methylation per region ...
[GSM2099383_allc_9408]   Retained 10,823/11,071 regions (≥3 covered cytosine sites in at least one context)
[GSM2099383_allc_9408] Written → /home/muneeb/Downloads/BDA-Codebase/methylation_full_run/GSM2099383_allc_9408_lncRNA_methylation.tsv
[GSM2099384_allc_9409] Loading regions from /home/muneeb/Downloads/BDA-Codebase/lncRNAs_only.bed ...
[GSM2099384_allc_9409]   11,071 lncRNA regions
[GSM2099384_allc_9409] Loading allc from /home/muneeb/Downloads/BDA-Codebase/GSE43857_RAW/GSM2099384_allc_9409.tsv ...
[GSM2099384_allc_9409]   36,726,728 cytosine records
[GSM2099384_allc_9409] Aggregating methylation per region ...
[GSM2099384_allc_9409]   Retained 10,786/11,071 regions (≥3 covered cytosine sites in at least one context)
[GSM2099384_allc_9409] Written → /home/muneeb/Downloads/BDA-Codebase/methylation_full_run/GSM2099384_allc_9409_lncRNA_methylation.tsv
[GSM2099385_allc_9421] Loading regions from /home/muneeb/Downloads/BDA-Codebase/lncRNAs_only.bed ...
[GSM2099385_allc_9421]   11,071 lncRNA regions
[GSM2099385_allc_9421] Loading allc from /home/muneeb/Downloads/BDA-Codebase/GSE43857_RAW/GSM2099385_allc_9421.tsv ...
[GSM2099385_allc_9421]   37,514,520 cytosine records
[GSM2099385_allc_9421] Aggregating methylation per region ...
[GSM2099385_allc_9421]   Retained 10,762/11,071 regions (≥3 covered cytosine sites in at least one context)
[GSM2099385_allc_9421] Written → /home/muneeb/Downloads/BDA-Codebase/methylation_full_run/GSM2099385_allc_9421_lncRNA_methylation.tsv
[GSM2099388_allc_9451] Loading regions from /home/muneeb/Downloads/BDA-Codebase/lncRNAs_only.bed ...
[GSM2099388_allc_9451]   11,071 lncRNA regions
[GSM2099388_allc_9451] Loading allc from /home/muneeb/Downloads/BDA-Codebase/GSE43857_RAW/GSM2099388_allc_9451.tsv ...
[GSM2099388_allc_9451]   37,836,455 cytosine records
[GSM2099388_allc_9451] Aggregating methylation per region ...
[GSM2099388_allc_9451]   Retained 10,828/11,071 regions (≥3 covered cytosine sites in at least one context)
[GSM2099388_allc_9451] Written → /home/muneeb/Downloads/BDA-Codebase/methylation_full_run/GSM2099388_allc_9451_lncRNA_methylation.tsv
[GSM2099387_allc_9450] Loading regions from /home/muneeb/Downloads/BDA-Codebase/lncRNAs_only.bed ...
[GSM2099387_allc_9450]   11,071 lncRNA regions
[GSM2099387_allc_9450] Loading allc from /home/muneeb/Downloads/BDA-Codebase/GSE43857_RAW/GSM2099387_allc_9450.tsv ...
[GSM2099387_allc_9450]   37,662,353 cytosine records
[GSM2099387_allc_9450] Aggregating methylation per region ...
[GSM2099387_allc_9450]   Retained 10,767/11,071 regions (≥3 covered cytosine sites in at least one context)
[GSM2099387_allc_9450] Written → /home/muneeb/Downloads/BDA-Codebase/methylation_full_run/GSM2099387_allc_9450_lncRNA_methylation.tsv
[GSM2099386_allc_9433] Loading regions from /home/muneeb/Downloads/BDA-Codebase/lncRNAs_only.bed ...
[GSM2099386_allc_9433]   11,071 lncRNA regions
[GSM2099386_allc_9433] Loading allc from /home/muneeb/Downloads/BDA-Codebase/GSE43857_RAW/GSM2099386_allc_9433.tsv ...
[GSM2099386_allc_9433]   37,665,285 cytosine records
[GSM2099386_allc_9433] Aggregating methylation per region ...
[GSM2099386_allc_9433]   Retained 10,797/11,071 regions (≥3 covered cytosine sites in at least one context)
[GSM2099386_allc_9433] Written → /home/muneeb/Downloads/BDA-Codebase/methylation_full_run/GSM2099386_allc_9433_lncRNA_methylation.tsv
[GSM2099389_allc_9503] Loading regions from /home/muneeb/Downloads/BDA-Codebase/lncRNAs_only.bed ...
[GSM2099389_allc_9503]   11,071 lncRNA regions
[GSM2099389_allc_9503] Loading allc from /home/muneeb/Downloads/BDA-Codebase/GSE43857_RAW/GSM2099389_allc_9503.tsv ...
[GSM2099389_allc_9503]   37,498,998 cytosine records
[GSM2099389_allc_9503] Aggregating methylation per region ...
[GSM2099389_allc_9503]   Retained 10,832/11,071 regions (≥3 covered cytosine sites in at least one context)
[GSM2099389_allc_9503] Written → /home/muneeb/Downloads/BDA-Codebase/methylation_full_run/GSM2099389_allc_9503_lncRNA_methylation.tsv
[GSM2099390_allc_9506] Loading regions from /home/muneeb/Downloads/BDA-Codebase/lncRNAs_only.bed ...
[GSM2099390_allc_9506]   11,071 lncRNA regions
[GSM2099390_allc_9506] Loading allc from /home/muneeb/Downloads/BDA-Codebase/GSE43857_RAW/GSM2099390_allc_9506.tsv ...
[GSM2099390_allc_9506]   37,382,638 cytosine records
[GSM2099390_allc_9506] Aggregating methylation per region ...
[GSM2099390_allc_9506]   Retained 10,753/11,071 regions (≥3 covered cytosine sites in at least one context)
[GSM2099390_allc_9506] Written → /home/muneeb/Downloads/BDA-Codebase/methylation_full_run/GSM2099390_allc_9506_lncRNA_methylation.tsv
[GSM2099391_allc_9507] Loading regions from /home/muneeb/Downloads/BDA-Codebase/lncRNAs_only.bed ...
[GSM2099391_allc_9507]   11,071 lncRNA regions
[GSM2099391_allc_9507] Loading allc from /home/muneeb/Downloads/BDA-Codebase/GSE43857_RAW/GSM2099391_allc_9507.tsv ...
[GSM2099391_allc_9507]   37,278,217 cytosine records
[GSM2099391_allc_9507] Aggregating methylation per region ...
[GSM2099391_allc_9507]   Retained 10,749/11,071 regions (≥3 covered cytosine sites in at least one context)
[GSM2099391_allc_9507] Written → /home/muneeb/Downloads/BDA-Codebase/methylation_full_run/GSM2099391_allc_9507_lncRNA_methylation.tsv
[GSM2099392_allc_9508] Loading regions from /home/muneeb/Downloads/BDA-Codebase/lncRNAs_only.bed ...
[GSM2099392_allc_9508]   11,071 lncRNA regions
[GSM2099392_allc_9508] Loading allc from /home/muneeb/Downloads/BDA-Codebase/GSE43857_RAW/GSM2099392_allc_9508.tsv ...
[GSM2099392_allc_9508]   37,362,998 cytosine records
[GSM2099392_allc_9508] Aggregating methylation per region ...
[GSM2099392_allc_9508]   Retained 10,782/11,071 regions (≥3 covered cytosine sites in at least one context)
[GSM2099392_allc_9508] Written → /home/muneeb/Downloads/BDA-Codebase/methylation_full_run/GSM2099392_allc_9508_lncRNA_methylation.tsv
[GSM2099393_allc_9509] Loading regions from /home/muneeb/Downloads/BDA-Codebase/lncRNAs_only.bed ...
[GSM2099393_allc_9509]   11,071 lncRNA regions
[GSM2099393_allc_9509] Loading allc from /home/muneeb/Downloads/BDA-Codebase/GSE43857_RAW/GSM2099393_allc_9509.tsv ...
[GSM2099393_allc_9509]   37,113,348 cytosine records
[GSM2099393_allc_9509] Aggregating methylation per region ...
[GSM2099393_allc_9509]   Retained 10,767/11,071 regions (≥3 covered cytosine sites in at least one context)
[GSM2099393_allc_9509] Written → /home/muneeb/Downloads/BDA-Codebase/methylation_full_run/GSM2099393_allc_9509_lncRNA_methylation.tsv
[GSM2099394_allc_9510] Loading regions from /home/muneeb/Downloads/BDA-Codebase/lncRNAs_only.bed ...
[GSM2099394_allc_9510]   11,071 lncRNA regions
[GSM2099394_allc_9510] Loading allc from /home/muneeb/Downloads/BDA-Codebase/GSE43857_RAW/GSM2099394_allc_9510.tsv ...
[GSM2099394_allc_9510]   37,642,978 cytosine records
[GSM2099394_allc_9510] Aggregating methylation per region ...
[GSM2099394_allc_9510]   Retained 10,794/11,071 regions (≥3 covered cytosine sites in at least one context)
[GSM2099394_allc_9510] Written → /home/muneeb/Downloads/BDA-Codebase/methylation_full_run/GSM2099394_allc_9510_lncRNA_methylation.tsv
[GSM2099395_allc_9511] Loading regions from /home/muneeb/Downloads/BDA-Codebase/lncRNAs_only.bed ...
[GSM2099395_allc_9511]   11,071 lncRNA regions
[GSM2099395_allc_9511] Loading allc from /home/muneeb/Downloads/BDA-Codebase/GSE43857_RAW/GSM2099395_allc_9511.tsv ...
[GSM2099395_allc_9511]   37,568,513 cytosine records
[GSM2099395_allc_9511] Aggregating methylation per region ...
[GSM2099395_allc_9511]   Retained 10,803/11,071 regions (≥3 covered cytosine sites in at least one context)
[GSM2099395_allc_9511] Written → /home/muneeb/Downloads/BDA-Codebase/methylation_full_run/GSM2099395_allc_9511_lncRNA_methylation.tsv
[GSM2099396_allc_9512] Loading regions from /home/muneeb/Downloads/BDA-Codebase/lncRNAs_only.bed ...
[GSM2099396_allc_9512]   11,071 lncRNA regions
[GSM2099396_allc_9512] Loading allc from /home/muneeb/Downloads/BDA-Codebase/GSE43857_RAW/GSM2099396_allc_9512.tsv ...
[GSM2099396_allc_9512]   37,126,572 cytosine records
[GSM2099396_allc_9512] Aggregating methylation per region ...
[GSM2099396_allc_9512]   Retained 10,763/11,071 regions (≥3 covered cytosine sites in at least one context)
[GSM2099396_allc_9512] Written → /home/muneeb/Downloads/BDA-Codebase/methylation_full_run/GSM2099396_allc_9512_lncRNA_methylation.tsv
[GSM2099397_allc_9513] Loading regions from /home/muneeb/Downloads/BDA-Codebase/lncRNAs_only.bed ...
[GSM2099397_allc_9513]   11,071 lncRNA regions
[GSM2099397_allc_9513] Loading allc from /home/muneeb/Downloads/BDA-Codebase/GSE43857_RAW/GSM2099397_allc_9513.tsv ...
[GSM2099397_allc_9513]   36,937,073 cytosine records
[GSM2099397_allc_9513] Aggregating methylation per region ...
[GSM2099397_allc_9513]   Retained 10,718/11,071 regions (≥3 covered cytosine sites in at least one context)
[GSM2099397_allc_9513] Written → /home/muneeb/Downloads/BDA-Codebase/methylation_full_run/GSM2099397_allc_9513_lncRNA_methylation.tsv
[GSM2099398_allc_9514] Loading regions from /home/muneeb/Downloads/BDA-Codebase/lncRNAs_only.bed ...
[GSM2099398_allc_9514]   11,071 lncRNA regions
[GSM2099398_allc_9514] Loading allc from /home/muneeb/Downloads/BDA-Codebase/GSE43857_RAW/GSM2099398_allc_9514.tsv ...
[GSM2099398_allc_9514]   37,662,925 cytosine records
[GSM2099398_allc_9514] Aggregating methylation per region ...
[GSM2099398_allc_9514]   Retained 10,783/11,071 regions (≥3 covered cytosine sites in at least one context)
[GSM2099398_allc_9514] Written → /home/muneeb/Downloads/BDA-Codebase/methylation_full_run/GSM2099398_allc_9514_lncRNA_methylation.tsv
[GSM2099399_allc_9515] Loading regions from /home/muneeb/Downloads/BDA-Codebase/lncRNAs_only.bed ...
[GSM2099399_allc_9515]   11,071 lncRNA regions
[GSM2099399_allc_9515] Loading allc from /home/muneeb/Downloads/BDA-Codebase/GSE43857_RAW/GSM2099399_allc_9515.tsv ...
[GSM2099399_allc_9515]   37,471,929 cytosine records
[GSM2099399_allc_9515] Aggregating methylation per region ...
[GSM2099399_allc_9515]   Retained 10,783/11,071 regions (≥3 covered cytosine sites in at least one context)
[GSM2099399_allc_9515] Written → /home/muneeb/Downloads/BDA-Codebase/methylation_full_run/GSM2099399_allc_9515_lncRNA_methylation.tsv
[GSM2099400_allc_9516] Loading regions from /home/muneeb/Downloads/BDA-Codebase/lncRNAs_only.bed ...
[GSM2099400_allc_9516]   11,071 lncRNA regions
[GSM2099400_allc_9516] Loading allc from /home/muneeb/Downloads/BDA-Codebase/GSE43857_RAW/GSM2099400_allc_9516.tsv ...
[GSM2099400_allc_9516]   37,650,808 cytosine records
[GSM2099400_allc_9516] Aggregating methylation per region ...
[GSM2099400_allc_9516]   Retained 10,829/11,071 regions (≥3 covered cytosine sites in at least one context)
[GSM2099400_allc_9516] Written → /home/muneeb/Downloads/BDA-Codebase/methylation_full_run/GSM2099400_allc_9516_lncRNA_methylation.tsv
[GSM2099402_allc_9518] Loading regions from /home/muneeb/Downloads/BDA-Codebase/lncRNAs_only.bed ...
[GSM2099402_allc_9518]   11,071 lncRNA regions
[GSM2099402_allc_9518] Loading allc from /home/muneeb/Downloads/BDA-Codebase/GSE43857_RAW/GSM2099402_allc_9518.tsv ...
[GSM2099402_allc_9518]   37,089,178 cytosine records
[GSM2099402_allc_9518] Aggregating methylation per region ...
[GSM2099402_allc_9518]   Retained 10,782/11,071 regions (≥3 covered cytosine sites in at least one context)
[GSM2099402_allc_9518] Written → /home/muneeb/Downloads/BDA-Codebase/methylation_full_run/GSM2099402_allc_9518_lncRNA_methylation.tsv
[GSM2099401_allc_9517] Loading regions from /home/muneeb/Downloads/BDA-Codebase/lncRNAs_only.bed ...
[GSM2099401_allc_9517]   11,071 lncRNA regions
[GSM2099401_allc_9517] Loading allc from /home/muneeb/Downloads/BDA-Codebase/GSE43857_RAW/GSM2099401_allc_9517.tsv ...
[GSM2099401_allc_9517]   37,976,814 cytosine records
[GSM2099401_allc_9517] Aggregating methylation per region ...
[GSM2099401_allc_9517]   Retained 10,880/11,071 regions (≥3 covered cytosine sites in at least one context)
[GSM2099401_allc_9517] Written → /home/muneeb/Downloads/BDA-Codebase/methylation_full_run/GSM2099401_allc_9517_lncRNA_methylation.tsv
[GSM2099403_allc_9519] Loading regions from /home/muneeb/Downloads/BDA-Codebase/lncRNAs_only.bed ...
[GSM2099403_allc_9519]   11,071 lncRNA regions
[GSM2099403_allc_9519] Loading allc from /home/muneeb/Downloads/BDA-Codebase/GSE43857_RAW/GSM2099403_allc_9519.tsv ...
[GSM2099403_allc_9519]   38,147,454 cytosine records
[GSM2099403_allc_9519] Aggregating methylation per region ...
[GSM2099403_allc_9519]   Retained 10,897/11,071 regions (≥3 covered cytosine sites in at least one context)
[GSM2099403_allc_9519] Written → /home/muneeb/Downloads/BDA-Codebase/methylation_full_run/GSM2099403_allc_9519_lncRNA_methylation.tsv
[GSM2099404_allc_9520] Loading regions from /home/muneeb/Downloads/BDA-Codebase/lncRNAs_only.bed ...
[GSM2099404_allc_9520]   11,071 lncRNA regions
[GSM2099404_allc_9520] Loading allc from /home/muneeb/Downloads/BDA-Codebase/GSE43857_RAW/GSM2099404_allc_9520.tsv ...
[GSM2099404_allc_9520]   37,771,230 cytosine records
[GSM2099404_allc_9520] Aggregating methylation per region ...
[GSM2099404_allc_9520]   Retained 10,766/11,071 regions (≥3 covered cytosine sites in at least one context)
[GSM2099404_allc_9520] Written → /home/muneeb/Downloads/BDA-Codebase/methylation_full_run/GSM2099404_allc_9520_lncRNA_methylation.tsv
[GSM2099405_allc_9521] Loading regions from /home/muneeb/Downloads/BDA-Codebase/lncRNAs_only.bed ...
[GSM2099405_allc_9521]   11,071 lncRNA regions
[GSM2099405_allc_9521] Loading allc from /home/muneeb/Downloads/BDA-Codebase/GSE43857_RAW/GSM2099405_allc_9521.tsv ...
[GSM2099405_allc_9521]   37,406,883 cytosine records
[GSM2099405_allc_9521] Aggregating methylation per region ...
[GSM2099405_allc_9521]   Retained 10,746/11,071 regions (≥3 covered cytosine sites in at least one context)
[GSM2099405_allc_9521] Written → /home/muneeb/Downloads/BDA-Codebase/methylation_full_run/GSM2099405_allc_9521_lncRNA_methylation.tsv
[GSM2099406_allc_9522] Loading regions from /home/muneeb/Downloads/BDA-Codebase/lncRNAs_only.bed ...
[GSM2099406_allc_9522]   11,071 lncRNA regions
[GSM2099406_allc_9522] Loading allc from /home/muneeb/Downloads/BDA-Codebase/GSE43857_RAW/GSM2099406_allc_9522.tsv ...
[GSM2099406_allc_9522]   37,516,915 cytosine records
[GSM2099406_allc_9522] Aggregating methylation per region ...
[GSM2099406_allc_9522]   Retained 10,769/11,071 regions (≥3 covered cytosine sites in at least one context)
[GSM2099406_allc_9522] Written → /home/muneeb/Downloads/BDA-Codebase/methylation_full_run/GSM2099406_allc_9522_lncRNA_methylation.tsv
[GSM2099407_allc_9523] Loading regions from /home/muneeb/Downloads/BDA-Codebase/lncRNAs_only.bed ...
[GSM2099407_allc_9523]   11,071 lncRNA regions
[GSM2099407_allc_9523] Loading allc from /home/muneeb/Downloads/BDA-Codebase/GSE43857_RAW/GSM2099407_allc_9523.tsv ...
[GSM2099407_allc_9523]   37,658,066 cytosine records
[GSM2099407_allc_9523] Aggregating methylation per region ...
[GSM2099407_allc_9523]   Retained 10,814/11,071 regions (≥3 covered cytosine sites in at least one context)
[GSM2099407_allc_9523] Written → /home/muneeb/Downloads/BDA-Codebase/methylation_full_run/GSM2099407_allc_9523_lncRNA_methylation.tsv
[GSM2099408_allc_9524] Loading regions from /home/muneeb/Downloads/BDA-Codebase/lncRNAs_only.bed ...
[GSM2099408_allc_9524]   11,071 lncRNA regions
[GSM2099408_allc_9524] Loading allc from /home/muneeb/Downloads/BDA-Codebase/GSE43857_RAW/GSM2099408_allc_9524.tsv ...
[GSM2099408_allc_9524]   37,320,475 cytosine records
[GSM2099408_allc_9524] Aggregating methylation per region ...
[GSM2099408_allc_9524]   Retained 10,752/11,071 regions (≥3 covered cytosine sites in at least one context)
[GSM2099408_allc_9524] Written → /home/muneeb/Downloads/BDA-Codebase/methylation_full_run/GSM2099408_allc_9524_lncRNA_methylation.tsv
[GSM2099409_allc_9525] Loading regions from /home/muneeb/Downloads/BDA-Codebase/lncRNAs_only.bed ...
[GSM2099409_allc_9525]   11,071 lncRNA regions
[GSM2099409_allc_9525] Loading allc from /home/muneeb/Downloads/BDA-Codebase/GSE43857_RAW/GSM2099409_allc_9525.tsv ...
[GSM2099409_allc_9525]   37,225,213 cytosine records
[GSM2099409_allc_9525] Aggregating methylation per region ...
[GSM2099409_allc_9525]   Retained 10,771/11,071 regions (≥3 covered cytosine sites in at least one context)
[GSM2099409_allc_9525] Written → /home/muneeb/Downloads/BDA-Codebase/methylation_full_run/GSM2099409_allc_9525_lncRNA_methylation.tsv
[GSM2099410_allc_9526] Loading regions from /home/muneeb/Downloads/BDA-Codebase/lncRNAs_only.bed ...
[GSM2099410_allc_9526]   11,071 lncRNA regions
[GSM2099410_allc_9526] Loading allc from /home/muneeb/Downloads/BDA-Codebase/GSE43857_RAW/GSM2099410_allc_9526.tsv ...
[GSM2099410_allc_9526]   37,504,941 cytosine records
[GSM2099410_allc_9526] Aggregating methylation per region ...
[GSM2099410_allc_9526]   Retained 10,774/11,071 regions (≥3 covered cytosine sites in at least one context)
[GSM2099410_allc_9526] Written → /home/muneeb/Downloads/BDA-Codebase/methylation_full_run/GSM2099410_allc_9526_lncRNA_methylation.tsv
[GSM2099411_allc_9527] Loading regions from /home/muneeb/Downloads/BDA-Codebase/lncRNAs_only.bed ...
[GSM2099411_allc_9527]   11,071 lncRNA regions
[GSM2099411_allc_9527] Loading allc from /home/muneeb/Downloads/BDA-Codebase/GSE43857_RAW/GSM2099411_allc_9527.tsv ...
[GSM2099411_allc_9527]   37,140,742 cytosine records
[GSM2099411_allc_9527] Aggregating methylation per region ...
[GSM2099411_allc_9527]   Retained 10,757/11,071 regions (≥3 covered cytosine sites in at least one context)
[GSM2099411_allc_9527] Written → /home/muneeb/Downloads/BDA-Codebase/methylation_full_run/GSM2099411_allc_9527_lncRNA_methylation.tsv
[GSM2099412_allc_9529] Loading regions from /home/muneeb/Downloads/BDA-Codebase/lncRNAs_only.bed ...
[GSM2099412_allc_9529]   11,071 lncRNA regions
[GSM2099412_allc_9529] Loading allc from /home/muneeb/Downloads/BDA-Codebase/GSE43857_RAW/GSM2099412_allc_9529.tsv ...
[GSM2099412_allc_9529]   37,564,535 cytosine records
[GSM2099412_allc_9529] Aggregating methylation per region ...
[GSM2099412_allc_9529]   Retained 10,770/11,071 regions (≥3 covered cytosine sites in at least one context)
[GSM2099412_allc_9529] Written → /home/muneeb/Downloads/BDA-Codebase/methylation_full_run/GSM2099412_allc_9529_lncRNA_methylation.tsv
[GSM2099414_allc_9531] Loading regions from /home/muneeb/Downloads/BDA-Codebase/lncRNAs_only.bed ...
[GSM2099414_allc_9531]   11,071 lncRNA regions
[GSM2099414_allc_9531] Loading allc from /home/muneeb/Downloads/BDA-Codebase/GSE43857_RAW/GSM2099414_allc_9531.tsv ...
[GSM2099414_allc_9531]   36,301,181 cytosine records
[GSM2099414_allc_9531] Aggregating methylation per region ...
[GSM2099414_allc_9531]   Retained 10,763/11,071 regions (≥3 covered cytosine sites in at least one context)
[GSM2099414_allc_9531] Written → /home/muneeb/Downloads/BDA-Codebase/methylation_full_run/GSM2099414_allc_9531_lncRNA_methylation.tsv
[GSM2099413_allc_9530] Loading regions from /home/muneeb/Downloads/BDA-Codebase/lncRNAs_only.bed ...
[GSM2099413_allc_9530]   11,071 lncRNA regions
[GSM2099413_allc_9530] Loading allc from /home/muneeb/Downloads/BDA-Codebase/GSE43857_RAW/GSM2099413_allc_9530.tsv ...
[GSM2099413_allc_9530]   36,832,787 cytosine records
[GSM2099413_allc_9530] Aggregating methylation per region ...
[GSM2099413_allc_9530]   Retained 10,769/11,071 regions (≥3 covered cytosine sites in at least one context)
[GSM2099413_allc_9530] Written → /home/muneeb/Downloads/BDA-Codebase/methylation_full_run/GSM2099413_allc_9530_lncRNA_methylation.tsv
[GSM2099415_allc_9532] Loading regions from /home/muneeb/Downloads/BDA-Codebase/lncRNAs_only.bed ...
[GSM2099415_allc_9532]   11,071 lncRNA regions
[GSM2099415_allc_9532] Loading allc from /home/muneeb/Downloads/BDA-Codebase/GSE43857_RAW/GSM2099415_allc_9532.tsv ...
[GSM2099415_allc_9532]   37,602,080 cytosine records
[GSM2099415_allc_9532] Aggregating methylation per region ...
[GSM2099415_allc_9532]   Retained 10,770/11,071 regions (≥3 covered cytosine sites in at least one context)
[GSM2099415_allc_9532] Written → /home/muneeb/Downloads/BDA-Codebase/methylation_full_run/GSM2099415_allc_9532_lncRNA_methylation.tsv
[GSM2099416_allc_9533] Loading regions from /home/muneeb/Downloads/BDA-Codebase/lncRNAs_only.bed ...
[GSM2099416_allc_9533]   11,071 lncRNA regions
[GSM2099416_allc_9533] Loading allc from /home/muneeb/Downloads/BDA-Codebase/GSE43857_RAW/GSM2099416_allc_9533.tsv ...
[GSM2099416_allc_9533]   36,418,369 cytosine records
[GSM2099416_allc_9533] Aggregating methylation per region ...
[GSM2099416_allc_9533]   Retained 10,822/11,071 regions (≥3 covered cytosine sites in at least one context)
[GSM2099416_allc_9533] Written → /home/muneeb/Downloads/BDA-Codebase/methylation_full_run/GSM2099416_allc_9533_lncRNA_methylation.tsv
[GSM2099417_allc_9534] Loading regions from /home/muneeb/Downloads/BDA-Codebase/lncRNAs_only.bed ...
[GSM2099417_allc_9534]   11,071 lncRNA regions
[GSM2099417_allc_9534] Loading allc from /home/muneeb/Downloads/BDA-Codebase/GSE43857_RAW/GSM2099417_allc_9534.tsv ...
[GSM2099417_allc_9534]   37,704,620 cytosine records
[GSM2099417_allc_9534] Aggregating methylation per region ...
[GSM2099417_allc_9534]   Retained 10,787/11,071 regions (≥3 covered cytosine sites in at least one context)
[GSM2099417_allc_9534] Written → /home/muneeb/Downloads/BDA-Codebase/methylation_full_run/GSM2099417_allc_9534_lncRNA_methylation.tsv
[GSM2099418_allc_9535] Loading regions from /home/muneeb/Downloads/BDA-Codebase/lncRNAs_only.bed ...
[GSM2099418_allc_9535]   11,071 lncRNA regions
[GSM2099418_allc_9535] Loading allc from /home/muneeb/Downloads/BDA-Codebase/GSE43857_RAW/GSM2099418_allc_9535.tsv ...
[GSM2099418_allc_9535]   37,530,394 cytosine records
[GSM2099418_allc_9535] Aggregating methylation per region ...
[GSM2099418_allc_9535]   Retained 10,786/11,071 regions (≥3 covered cytosine sites in at least one context)
[GSM2099418_allc_9535] Written → /home/muneeb/Downloads/BDA-Codebase/methylation_full_run/GSM2099418_allc_9535_lncRNA_methylation.tsv
[GSM2099419_allc_9537] Loading regions from /home/muneeb/Downloads/BDA-Codebase/lncRNAs_only.bed ...
[GSM2099419_allc_9537]   11,071 lncRNA regions
[GSM2099419_allc_9537] Loading allc from /home/muneeb/Downloads/BDA-Codebase/GSE43857_RAW/GSM2099419_allc_9537.tsv ...
[GSM2099419_allc_9537]   37,896,947 cytosine records
[GSM2099419_allc_9537] Aggregating methylation per region ...
[GSM2099419_allc_9537]   Retained 10,796/11,071 regions (≥3 covered cytosine sites in at least one context)
[GSM2099419_allc_9537] Written → /home/muneeb/Downloads/BDA-Codebase/methylation_full_run/GSM2099419_allc_9537_lncRNA_methylation.tsv
[GSM2099421_allc_9540] Loading regions from /home/muneeb/Downloads/BDA-Codebase/lncRNAs_only.bed ...
[GSM2099421_allc_9540]   11,071 lncRNA regions
[GSM2099421_allc_9540] Loading allc from /home/muneeb/Downloads/BDA-Codebase/GSE43857_RAW/GSM2099421_allc_9540.tsv ...
[GSM2099421_allc_9540]   37,653,471 cytosine records
[GSM2099421_allc_9540] Aggregating methylation per region ...
[GSM2099421_allc_9540]   Retained 10,806/11,071 regions (≥3 covered cytosine sites in at least one context)
[GSM2099421_allc_9540] Written → /home/muneeb/Downloads/BDA-Codebase/methylation_full_run/GSM2099421_allc_9540_lncRNA_methylation.tsv
[GSM2099423_allc_9542] Loading regions from /home/muneeb/Downloads/BDA-Codebase/lncRNAs_only.bed ...
[GSM2099423_allc_9542]   11,071 lncRNA regions
[GSM2099423_allc_9542] Loading allc from /home/muneeb/Downloads/BDA-Codebase/GSE43857_RAW/GSM2099423_allc_9542.tsv ...
[GSM2099423_allc_9542]   36,411,872 cytosine records
[GSM2099423_allc_9542] Aggregating methylation per region ...
[GSM2099423_allc_9542]   Retained 10,762/11,071 regions (≥3 covered cytosine sites in at least one context)
[GSM2099423_allc_9542] Written → /home/muneeb/Downloads/BDA-Codebase/methylation_full_run/GSM2099423_allc_9542_lncRNA_methylation.tsv
[GSM2099422_allc_9541] Loading regions from /home/muneeb/Downloads/BDA-Codebase/lncRNAs_only.bed ...
[GSM2099422_allc_9541]   11,071 lncRNA regions
[GSM2099422_allc_9541] Loading allc from /home/muneeb/Downloads/BDA-Codebase/GSE43857_RAW/GSM2099422_allc_9541.tsv ...
[GSM2099422_allc_9541]   37,625,246 cytosine records
[GSM2099422_allc_9541] Aggregating methylation per region ...
[GSM2099422_allc_9541]   Retained 10,813/11,071 regions (≥3 covered cytosine sites in at least one context)
[GSM2099422_allc_9541] Written → /home/muneeb/Downloads/BDA-Codebase/methylation_full_run/GSM2099422_allc_9541_lncRNA_methylation.tsv
[GSM2099420_allc_9538] Loading regions from /home/muneeb/Downloads/BDA-Codebase/lncRNAs_only.bed ...
[GSM2099420_allc_9538]   11,071 lncRNA regions
[GSM2099420_allc_9538] Loading allc from /home/muneeb/Downloads/BDA-Codebase/GSE43857_RAW/GSM2099420_allc_9538.tsv ...
[GSM2099420_allc_9538]   38,758,059 cytosine records
[GSM2099420_allc_9538] Aggregating methylation per region ...
[GSM2099420_allc_9538]   Retained 10,872/11,071 regions (≥3 covered cytosine sites in at least one context)
[GSM2099420_allc_9538] Written → /home/muneeb/Downloads/BDA-Codebase/methylation_full_run/GSM2099420_allc_9538_lncRNA_methylation.tsv
[GSM2099424_allc_9543] Loading regions from /home/muneeb/Downloads/BDA-Codebase/lncRNAs_only.bed ...
[GSM2099424_allc_9543]   11,071 lncRNA regions
[GSM2099424_allc_9543] Loading allc from /home/muneeb/Downloads/BDA-Codebase/GSE43857_RAW/GSM2099424_allc_9543.tsv ...
[GSM2099424_allc_9543]   36,490,162 cytosine records
[GSM2099424_allc_9543] Aggregating methylation per region ...
[GSM2099424_allc_9543]   Retained 10,792/11,071 regions (≥3 covered cytosine sites in at least one context)
[GSM2099424_allc_9543] Written → /home/muneeb/Downloads/BDA-Codebase/methylation_full_run/GSM2099424_allc_9543_lncRNA_methylation.tsv
[GSM2099426_allc_9545] Loading regions from /home/muneeb/Downloads/BDA-Codebase/lncRNAs_only.bed ...
[GSM2099426_allc_9545]   11,071 lncRNA regions
[GSM2099426_allc_9545] Loading allc from /home/muneeb/Downloads/BDA-Codebase/GSE43857_RAW/GSM2099426_allc_9545.tsv ...
[GSM2099426_allc_9545]   36,239,428 cytosine records
[GSM2099426_allc_9545] Aggregating methylation per region ...
[GSM2099426_allc_9545]   Retained 10,745/11,071 regions (≥3 covered cytosine sites in at least one context)
[GSM2099426_allc_9545] Written → /home/muneeb/Downloads/BDA-Codebase/methylation_full_run/GSM2099426_allc_9545_lncRNA_methylation.tsv
[GSM2099425_allc_9544] Loading regions from /home/muneeb/Downloads/BDA-Codebase/lncRNAs_only.bed ...
[GSM2099425_allc_9544]   11,071 lncRNA regions
[GSM2099425_allc_9544] Loading allc from /home/muneeb/Downloads/BDA-Codebase/GSE43857_RAW/GSM2099425_allc_9544.tsv ...
[GSM2099425_allc_9544]   37,605,284 cytosine records
[GSM2099425_allc_9544] Aggregating methylation per region ...
[GSM2099425_allc_9544]   Retained 10,753/11,071 regions (≥3 covered cytosine sites in at least one context)
[GSM2099425_allc_9544] Written → /home/muneeb/Downloads/BDA-Codebase/methylation_full_run/GSM2099425_allc_9544_lncRNA_methylation.tsv
[GSM2099427_allc_9546] Loading regions from /home/muneeb/Downloads/BDA-Codebase/lncRNAs_only.bed ...
[GSM2099427_allc_9546]   11,071 lncRNA regions
[GSM2099427_allc_9546] Loading allc from /home/muneeb/Downloads/BDA-Codebase/GSE43857_RAW/GSM2099427_allc_9546.tsv ...
[GSM2099427_allc_9546]   37,698,328 cytosine records
[GSM2099427_allc_9546] Aggregating methylation per region ...
[GSM2099427_allc_9546]   Retained 10,831/11,071 regions (≥3 covered cytosine sites in at least one context)
[GSM2099427_allc_9546] Written → /home/muneeb/Downloads/BDA-Codebase/methylation_full_run/GSM2099427_allc_9546_lncRNA_methylation.tsv
[GSM2099429_allc_9548] Loading regions from /home/muneeb/Downloads/BDA-Codebase/lncRNAs_only.bed ...
[GSM2099429_allc_9548]   11,071 lncRNA regions
[GSM2099429_allc_9548] Loading allc from /home/muneeb/Downloads/BDA-Codebase/GSE43857_RAW/GSM2099429_allc_9548.tsv ...
[GSM2099429_allc_9548]   37,171,843 cytosine records
[GSM2099429_allc_9548] Aggregating methylation per region ...
[GSM2099429_allc_9548]   Retained 10,776/11,071 regions (≥3 covered cytosine sites in at least one context)
[GSM2099429_allc_9548] Written → /home/muneeb/Downloads/BDA-Codebase/methylation_full_run/GSM2099429_allc_9548_lncRNA_methylation.tsv
[GSM2099428_allc_9547] Loading regions from /home/muneeb/Downloads/BDA-Codebase/lncRNAs_only.bed ...
[GSM2099428_allc_9547]   11,071 lncRNA regions
[GSM2099428_allc_9547] Loading allc from /home/muneeb/Downloads/BDA-Codebase/GSE43857_RAW/GSM2099428_allc_9547.tsv ...
[GSM2099428_allc_9547]   37,502,021 cytosine records
[GSM2099428_allc_9547] Aggregating methylation per region ...
[GSM2099428_allc_9547]   Retained 10,801/11,071 regions (≥3 covered cytosine sites in at least one context)
[GSM2099428_allc_9547] Written → /home/muneeb/Downloads/BDA-Codebase/methylation_full_run/GSM2099428_allc_9547_lncRNA_methylation.tsv
[GSM2099430_allc_9549] Loading regions from /home/muneeb/Downloads/BDA-Codebase/lncRNAs_only.bed ...
[GSM2099430_allc_9549]   11,071 lncRNA regions
[GSM2099430_allc_9549] Loading allc from /home/muneeb/Downloads/BDA-Codebase/GSE43857_RAW/GSM2099430_allc_9549.tsv ...
[GSM2099430_allc_9549]   37,036,976 cytosine records
[GSM2099430_allc_9549] Aggregating methylation per region ...
[GSM2099430_allc_9549]   Retained 10,841/11,071 regions (≥3 covered cytosine sites in at least one context)
[GSM2099430_allc_9549] Written → /home/muneeb/Downloads/BDA-Codebase/methylation_full_run/GSM2099430_allc_9549_lncRNA_methylation.tsv
[GSM2099431_allc_9550] Loading regions from /home/muneeb/Downloads/BDA-Codebase/lncRNAs_only.bed ...
[GSM2099431_allc_9550]   11,071 lncRNA regions
[GSM2099431_allc_9550] Loading allc from /home/muneeb/Downloads/BDA-Codebase/GSE43857_RAW/GSM2099431_allc_9550.tsv ...
[GSM2099431_allc_9550]   36,870,903 cytosine records
[GSM2099431_allc_9550] Aggregating methylation per region ...
[GSM2099431_allc_9550]   Retained 10,764/11,071 regions (≥3 covered cytosine sites in at least one context)
[GSM2099431_allc_9550] Written → /home/muneeb/Downloads/BDA-Codebase/methylation_full_run/GSM2099431_allc_9550_lncRNA_methylation.tsv
[GSM2099432_allc_9551] Loading regions from /home/muneeb/Downloads/BDA-Codebase/lncRNAs_only.bed ...
[GSM2099432_allc_9551]   11,071 lncRNA regions
[GSM2099432_allc_9551] Loading allc from /home/muneeb/Downloads/BDA-Codebase/GSE43857_RAW/GSM2099432_allc_9551.tsv ...
[GSM2099432_allc_9551]   37,444,590 cytosine records
[GSM2099432_allc_9551] Aggregating methylation per region ...
[GSM2099432_allc_9551]   Retained 10,828/11,071 regions (≥3 covered cytosine sites in at least one context)
[GSM2099432_allc_9551] Written → /home/muneeb/Downloads/BDA-Codebase/methylation_full_run/GSM2099432_allc_9551_lncRNA_methylation.tsv
[GSM2099433_allc_9552] Loading regions from /home/muneeb/Downloads/BDA-Codebase/lncRNAs_only.bed ...
[GSM2099433_allc_9552]   11,071 lncRNA regions
[GSM2099433_allc_9552] Loading allc from /home/muneeb/Downloads/BDA-Codebase/GSE43857_RAW/GSM2099433_allc_9552.tsv ...
[GSM2099433_allc_9552]   37,223,922 cytosine records
[GSM2099433_allc_9552] Aggregating methylation per region ...
[GSM2099433_allc_9552]   Retained 10,733/11,071 regions (≥3 covered cytosine sites in at least one context)
[GSM2099433_allc_9552] Written → /home/muneeb/Downloads/BDA-Codebase/methylation_full_run/GSM2099433_allc_9552_lncRNA_methylation.tsv
[GSM2099434_allc_9553] Loading regions from /home/muneeb/Downloads/BDA-Codebase/lncRNAs_only.bed ...
[GSM2099434_allc_9553]   11,071 lncRNA regions
[GSM2099434_allc_9553] Loading allc from /home/muneeb/Downloads/BDA-Codebase/GSE43857_RAW/GSM2099434_allc_9553.tsv ...
[GSM2099434_allc_9553]   37,050,185 cytosine records
[GSM2099434_allc_9553] Aggregating methylation per region ...
[GSM2099434_allc_9553]   Retained 10,844/11,071 regions (≥3 covered cytosine sites in at least one context)
[GSM2099434_allc_9553] Written → /home/muneeb/Downloads/BDA-Codebase/methylation_full_run/GSM2099434_allc_9553_lncRNA_methylation.tsv
[GSM2099435_allc_9554] Loading regions from /home/muneeb/Downloads/BDA-Codebase/lncRNAs_only.bed ...
[GSM2099435_allc_9554]   11,071 lncRNA regions
[GSM2099435_allc_9554] Loading allc from /home/muneeb/Downloads/BDA-Codebase/GSE43857_RAW/GSM2099435_allc_9554.tsv ...
[GSM2099435_allc_9554]   36,340,850 cytosine records
[GSM2099435_allc_9554] Aggregating methylation per region ...
[GSM2099435_allc_9554]   Retained 10,774/11,071 regions (≥3 covered cytosine sites in at least one context)
[GSM2099435_allc_9554] Written → /home/muneeb/Downloads/BDA-Codebase/methylation_full_run/GSM2099435_allc_9554_lncRNA_methylation.tsv
[GSM2099436_allc_9556] Loading regions from /home/muneeb/Downloads/BDA-Codebase/lncRNAs_only.bed ...
[GSM2099436_allc_9556]   11,071 lncRNA regions
[GSM2099436_allc_9556] Loading allc from /home/muneeb/Downloads/BDA-Codebase/GSE43857_RAW/GSM2099436_allc_9556.tsv ...
[GSM2099436_allc_9556]   37,584,291 cytosine records
[GSM2099436_allc_9556] Aggregating methylation per region ...
[GSM2099436_allc_9556]   Retained 10,778/11,071 regions (≥3 covered cytosine sites in at least one context)
[GSM2099436_allc_9556] Written → /home/muneeb/Downloads/BDA-Codebase/methylation_full_run/GSM2099436_allc_9556_lncRNA_methylation.tsv
[GSM2099438_allc_9558] Loading regions from /home/muneeb/Downloads/BDA-Codebase/lncRNAs_only.bed ...
[GSM2099438_allc_9558]   11,071 lncRNA regions
[GSM2099438_allc_9558] Loading allc from /home/muneeb/Downloads/BDA-Codebase/GSE43857_RAW/GSM2099438_allc_9558.tsv ...
[GSM2099438_allc_9558]   37,168,494 cytosine records
[GSM2099438_allc_9558] Aggregating methylation per region ...
[GSM2099438_allc_9558]   Retained 10,717/11,071 regions (≥3 covered cytosine sites in at least one context)
[GSM2099438_allc_9558] Written → /home/muneeb/Downloads/BDA-Codebase/methylation_full_run/GSM2099438_allc_9558_lncRNA_methylation.tsv
[GSM2099437_allc_9557] Loading regions from /home/muneeb/Downloads/BDA-Codebase/lncRNAs_only.bed ...
[GSM2099437_allc_9557]   11,071 lncRNA regions
[GSM2099437_allc_9557] Loading allc from /home/muneeb/Downloads/BDA-Codebase/GSE43857_RAW/GSM2099437_allc_9557.tsv ...
[GSM2099437_allc_9557]   37,216,206 cytosine records
[GSM2099437_allc_9557] Aggregating methylation per region ...
[GSM2099437_allc_9557]   Retained 10,825/11,071 regions (≥3 covered cytosine sites in at least one context)
[GSM2099437_allc_9557] Written → /home/muneeb/Downloads/BDA-Codebase/methylation_full_run/GSM2099437_allc_9557_lncRNA_methylation.tsv
[GSM2099439_allc_9559] Loading regions from /home/muneeb/Downloads/BDA-Codebase/lncRNAs_only.bed ...
[GSM2099439_allc_9559]   11,071 lncRNA regions
[GSM2099439_allc_9559] Loading allc from /home/muneeb/Downloads/BDA-Codebase/GSE43857_RAW/GSM2099439_allc_9559.tsv ...
[GSM2099439_allc_9559]   37,405,497 cytosine records
[GSM2099439_allc_9559] Aggregating methylation per region ...
[GSM2099439_allc_9559]   Retained 10,778/11,071 regions (≥3 covered cytosine sites in at least one context)
[GSM2099439_allc_9559] Written → /home/muneeb/Downloads/BDA-Codebase/methylation_full_run/GSM2099439_allc_9559_lncRNA_methylation.tsv
[GSM2099441_allc_9561] Loading regions from /home/muneeb/Downloads/BDA-Codebase/lncRNAs_only.bed ...
[GSM2099441_allc_9561]   11,071 lncRNA regions
[GSM2099441_allc_9561] Loading allc from /home/muneeb/Downloads/BDA-Codebase/GSE43857_RAW/GSM2099441_allc_9561.tsv ...
[GSM2099441_allc_9561]   37,094,145 cytosine records
[GSM2099441_allc_9561] Aggregating methylation per region ...
[GSM2099441_allc_9561]   Retained 10,716/11,071 regions (≥3 covered cytosine sites in at least one context)
[GSM2099441_allc_9561] Written → /home/muneeb/Downloads/BDA-Codebase/methylation_full_run/GSM2099441_allc_9561_lncRNA_methylation.tsv
[GSM2099442_allc_9562] Loading regions from /home/muneeb/Downloads/BDA-Codebase/lncRNAs_only.bed ...
[GSM2099442_allc_9562]   11,071 lncRNA regions
[GSM2099442_allc_9562] Loading allc from /home/muneeb/Downloads/BDA-Codebase/GSE43857_RAW/GSM2099442_allc_9562.tsv ...
[GSM2099442_allc_9562]   37,220,195 cytosine records
[GSM2099442_allc_9562] Aggregating methylation per region ...
[GSM2099442_allc_9562]   Retained 10,775/11,071 regions (≥3 covered cytosine sites in at least one context)
[GSM2099442_allc_9562] Written → /home/muneeb/Downloads/BDA-Codebase/methylation_full_run/GSM2099442_allc_9562_lncRNA_methylation.tsv
[GSM2099443_allc_9563] Loading regions from /home/muneeb/Downloads/BDA-Codebase/lncRNAs_only.bed ...
[GSM2099443_allc_9563]   11,071 lncRNA regions
[GSM2099443_allc_9563] Loading allc from /home/muneeb/Downloads/BDA-Codebase/GSE43857_RAW/GSM2099443_allc_9563.tsv ...
[GSM2099443_allc_9563]   36,069,626 cytosine records
[GSM2099443_allc_9563] Aggregating methylation per region ...
[GSM2099443_allc_9563]   Retained 10,797/11,071 regions (≥3 covered cytosine sites in at least one context)
[GSM2099443_allc_9563] Written → /home/muneeb/Downloads/BDA-Codebase/methylation_full_run/GSM2099443_allc_9563_lncRNA_methylation.tsv
[GSM2099440_allc_9560] Loading regions from /home/muneeb/Downloads/BDA-Codebase/lncRNAs_only.bed ...
[GSM2099440_allc_9560]   11,071 lncRNA regions
[GSM2099440_allc_9560] Loading allc from /home/muneeb/Downloads/BDA-Codebase/GSE43857_RAW/GSM2099440_allc_9560.tsv ...
[GSM2099440_allc_9560]   39,346,154 cytosine records
[GSM2099440_allc_9560] Aggregating methylation per region ...
[GSM2099440_allc_9560]   Retained 10,925/11,071 regions (≥3 covered cytosine sites in at least one context)
[GSM2099440_allc_9560] Written → /home/muneeb/Downloads/BDA-Codebase/methylation_full_run/GSM2099440_allc_9560_lncRNA_methylation.tsv
[GSM2099444_allc_9564] Loading regions from /home/muneeb/Downloads/BDA-Codebase/lncRNAs_only.bed ...
[GSM2099444_allc_9564]   11,071 lncRNA regions
[GSM2099444_allc_9564] Loading allc from /home/muneeb/Downloads/BDA-Codebase/GSE43857_RAW/GSM2099444_allc_9564.tsv ...
[GSM2099444_allc_9564]   37,178,361 cytosine records
[GSM2099444_allc_9564] Aggregating methylation per region ...
[GSM2099444_allc_9564]   Retained 10,757/11,071 regions (≥3 covered cytosine sites in at least one context)
[GSM2099444_allc_9564] Written → /home/muneeb/Downloads/BDA-Codebase/methylation_full_run/GSM2099444_allc_9564_lncRNA_methylation.tsv
[GSM2099445_allc_9565] Loading regions from /home/muneeb/Downloads/BDA-Codebase/lncRNAs_only.bed ...
[GSM2099445_allc_9565]   11,071 lncRNA regions
[GSM2099445_allc_9565] Loading allc from /home/muneeb/Downloads/BDA-Codebase/GSE43857_RAW/GSM2099445_allc_9565.tsv ...
[GSM2099445_allc_9565]   37,283,386 cytosine records
[GSM2099445_allc_9565] Aggregating methylation per region ...
[GSM2099445_allc_9565]   Retained 10,789/11,071 regions (≥3 covered cytosine sites in at least one context)
[GSM2099445_allc_9565] Written → /home/muneeb/Downloads/BDA-Codebase/methylation_full_run/GSM2099445_allc_9565_lncRNA_methylation.tsv
[GSM2099447_allc_9567] Loading regions from /home/muneeb/Downloads/BDA-Codebase/lncRNAs_only.bed ...
[GSM2099447_allc_9567]   11,071 lncRNA regions
[GSM2099447_allc_9567] Loading allc from /home/muneeb/Downloads/BDA-Codebase/GSE43857_RAW/GSM2099447_allc_9567.tsv ...
[GSM2099447_allc_9567]   37,430,001 cytosine records
[GSM2099447_allc_9567] Aggregating methylation per region ...
[GSM2099447_allc_9567]   Retained 10,795/11,071 regions (≥3 covered cytosine sites in at least one context)
[GSM2099447_allc_9567] Written → /home/muneeb/Downloads/BDA-Codebase/methylation_full_run/GSM2099447_allc_9567_lncRNA_methylation.tsv
[GSM2099446_allc_9566] Loading regions from /home/muneeb/Downloads/BDA-Codebase/lncRNAs_only.bed ...
[GSM2099446_allc_9566]   11,071 lncRNA regions
[GSM2099446_allc_9566] Loading allc from /home/muneeb/Downloads/BDA-Codebase/GSE43857_RAW/GSM2099446_allc_9566.tsv ...
[GSM2099446_allc_9566]   36,890,049 cytosine records
[GSM2099446_allc_9566] Aggregating methylation per region ...
[GSM2099446_allc_9566]   Retained 10,764/11,071 regions (≥3 covered cytosine sites in at least one context)
[GSM2099446_allc_9566] Written → /home/muneeb/Downloads/BDA-Codebase/methylation_full_run/GSM2099446_allc_9566_lncRNA_methylation.tsv
[GSM2099448_allc_9568] Loading regions from /home/muneeb/Downloads/BDA-Codebase/lncRNAs_only.bed ...
[GSM2099448_allc_9568]   11,071 lncRNA regions
[GSM2099448_allc_9568] Loading allc from /home/muneeb/Downloads/BDA-Codebase/GSE43857_RAW/GSM2099448_allc_9568.tsv ...
[GSM2099448_allc_9568]   37,589,120 cytosine records
[GSM2099448_allc_9568] Aggregating methylation per region ...
[GSM2099448_allc_9568]   Retained 10,773/11,071 regions (≥3 covered cytosine sites in at least one context)
[GSM2099448_allc_9568] Written → /home/muneeb/Downloads/BDA-Codebase/methylation_full_run/GSM2099448_allc_9568_lncRNA_methylation.tsv
[GSM2099449_allc_9569] Loading regions from /home/muneeb/Downloads/BDA-Codebase/lncRNAs_only.bed ...
[GSM2099449_allc_9569]   11,071 lncRNA regions
[GSM2099449_allc_9569] Loading allc from /home/muneeb/Downloads/BDA-Codebase/GSE43857_RAW/GSM2099449_allc_9569.tsv ...
[GSM2099449_allc_9569]   37,729,740 cytosine records
[GSM2099449_allc_9569] Aggregating methylation per region ...
[GSM2099449_allc_9569]   Retained 10,812/11,071 regions (≥3 covered cytosine sites in at least one context)
[GSM2099449_allc_9569] Written → /home/muneeb/Downloads/BDA-Codebase/methylation_full_run/GSM2099449_allc_9569_lncRNA_methylation.tsv
[GSM2099450_allc_9570] Loading regions from /home/muneeb/Downloads/BDA-Codebase/lncRNAs_only.bed ...
[GSM2099450_allc_9570]   11,071 lncRNA regions
[GSM2099450_allc_9570] Loading allc from /home/muneeb/Downloads/BDA-Codebase/GSE43857_RAW/GSM2099450_allc_9570.tsv ...
[GSM2099450_allc_9570]   36,994,470 cytosine records
[GSM2099450_allc_9570] Aggregating methylation per region ...
[GSM2099450_allc_9570]   Retained 10,780/11,071 regions (≥3 covered cytosine sites in at least one context)
[GSM2099450_allc_9570] Written → /home/muneeb/Downloads/BDA-Codebase/methylation_full_run/GSM2099450_allc_9570_lncRNA_methylation.tsv
[GSM2099453_allc_9574] Loading regions from /home/muneeb/Downloads/BDA-Codebase/lncRNAs_only.bed ...
[GSM2099453_allc_9574]   11,071 lncRNA regions
[GSM2099453_allc_9574] Loading allc from /home/muneeb/Downloads/BDA-Codebase/GSE43857_RAW/GSM2099453_allc_9574.tsv ...
[GSM2099453_allc_9574]   36,318,349 cytosine records
[GSM2099453_allc_9574] Aggregating methylation per region ...
[GSM2099453_allc_9574]   Retained 10,801/11,071 regions (≥3 covered cytosine sites in at least one context)
[GSM2099453_allc_9574] Written → /home/muneeb/Downloads/BDA-Codebase/methylation_full_run/GSM2099453_allc_9574_lncRNA_methylation.tsv
[GSM2099451_allc_9572] Loading regions from /home/muneeb/Downloads/BDA-Codebase/lncRNAs_only.bed ...
[GSM2099451_allc_9572]   11,071 lncRNA regions
[GSM2099451_allc_9572] Loading allc from /home/muneeb/Downloads/BDA-Codebase/GSE43857_RAW/GSM2099451_allc_9572.tsv ...
[GSM2099451_allc_9572]   37,019,909 cytosine records
[GSM2099451_allc_9572] Aggregating methylation per region ...
[GSM2099451_allc_9572]   Retained 10,751/11,071 regions (≥3 covered cytosine sites in at least one context)
[GSM2099451_allc_9572] Written → /home/muneeb/Downloads/BDA-Codebase/methylation_full_run/GSM2099451_allc_9572_lncRNA_methylation.tsv
[GSM2099452_allc_9573] Loading regions from /home/muneeb/Downloads/BDA-Codebase/lncRNAs_only.bed ...
[GSM2099452_allc_9573]   11,071 lncRNA regions
[GSM2099452_allc_9573] Loading allc from /home/muneeb/Downloads/BDA-Codebase/GSE43857_RAW/GSM2099452_allc_9573.tsv ...
[GSM2099452_allc_9573]   37,531,174 cytosine records
[GSM2099452_allc_9573] Aggregating methylation per region ...
[GSM2099452_allc_9573]   Retained 10,822/11,071 regions (≥3 covered cytosine sites in at least one context)
[GSM2099452_allc_9573] Written → /home/muneeb/Downloads/BDA-Codebase/methylation_full_run/GSM2099452_allc_9573_lncRNA_methylation.tsv
[GSM2099454_allc_9575] Loading regions from /home/muneeb/Downloads/BDA-Codebase/lncRNAs_only.bed ...
[GSM2099454_allc_9575]   11,071 lncRNA regions
[GSM2099454_allc_9575] Loading allc from /home/muneeb/Downloads/BDA-Codebase/GSE43857_RAW/GSM2099454_allc_9575.tsv ...
[GSM2099454_allc_9575]   36,486,407 cytosine records
[GSM2099454_allc_9575] Aggregating methylation per region ...
[GSM2099454_allc_9575]   Retained 10,747/11,071 regions (≥3 covered cytosine sites in at least one context)
[GSM2099454_allc_9575] Written → /home/muneeb/Downloads/BDA-Codebase/methylation_full_run/GSM2099454_allc_9575_lncRNA_methylation.tsv
[GSM2099455_allc_9576] Loading regions from /home/muneeb/Downloads/BDA-Codebase/lncRNAs_only.bed ...
[GSM2099455_allc_9576]   11,071 lncRNA regions
[GSM2099455_allc_9576] Loading allc from /home/muneeb/Downloads/BDA-Codebase/GSE43857_RAW/GSM2099455_allc_9576.tsv ...
[GSM2099455_allc_9576]   37,578,712 cytosine records
[GSM2099455_allc_9576] Aggregating methylation per region ...
[GSM2099455_allc_9576]   Retained 10,813/11,071 regions (≥3 covered cytosine sites in at least one context)
[GSM2099455_allc_9576] Written → /home/muneeb/Downloads/BDA-Codebase/methylation_full_run/GSM2099455_allc_9576_lncRNA_methylation.tsv
[GSM2099456_allc_9577] Loading regions from /home/muneeb/Downloads/BDA-Codebase/lncRNAs_only.bed ...
[GSM2099456_allc_9577]   11,071 lncRNA regions
[GSM2099456_allc_9577] Loading allc from /home/muneeb/Downloads/BDA-Codebase/GSE43857_RAW/GSM2099456_allc_9577.tsv ...
[GSM2099456_allc_9577]   36,686,968 cytosine records
[GSM2099456_allc_9577] Aggregating methylation per region ...
[GSM2099456_allc_9577]   Retained 10,719/11,071 regions (≥3 covered cytosine sites in at least one context)
[GSM2099456_allc_9577] Written → /home/muneeb/Downloads/BDA-Codebase/methylation_full_run/GSM2099456_allc_9577_lncRNA_methylation.tsv
[GSM2099457_allc_9578] Loading regions from /home/muneeb/Downloads/BDA-Codebase/lncRNAs_only.bed ...
[GSM2099457_allc_9578]   11,071 lncRNA regions
[GSM2099457_allc_9578] Loading allc from /home/muneeb/Downloads/BDA-Codebase/GSE43857_RAW/GSM2099457_allc_9578.tsv ...
[GSM2099457_allc_9578]   37,880,780 cytosine records
[GSM2099457_allc_9578] Aggregating methylation per region ...
[GSM2099457_allc_9578]   Retained 10,875/11,071 regions (≥3 covered cytosine sites in at least one context)
[GSM2099457_allc_9578] Written → /home/muneeb/Downloads/BDA-Codebase/methylation_full_run/GSM2099457_allc_9578_lncRNA_methylation.tsv
[GSM2099458_allc_9579] Loading regions from /home/muneeb/Downloads/BDA-Codebase/lncRNAs_only.bed ...
[GSM2099458_allc_9579]   11,071 lncRNA regions
[GSM2099458_allc_9579] Loading allc from /home/muneeb/Downloads/BDA-Codebase/GSE43857_RAW/GSM2099458_allc_9579.tsv ...
[GSM2099458_allc_9579]   37,470,213 cytosine records
[GSM2099458_allc_9579] Aggregating methylation per region ...
[GSM2099458_allc_9579]   Retained 10,747/11,071 regions (≥3 covered cytosine sites in at least one context)
[GSM2099458_allc_9579] Written → /home/muneeb/Downloads/BDA-Codebase/methylation_full_run/GSM2099458_allc_9579_lncRNA_methylation.tsv
[GSM2099459_allc_9580] Loading regions from /home/muneeb/Downloads/BDA-Codebase/lncRNAs_only.bed ...
[GSM2099459_allc_9580]   11,071 lncRNA regions
[GSM2099459_allc_9580] Loading allc from /home/muneeb/Downloads/BDA-Codebase/GSE43857_RAW/GSM2099459_allc_9580.tsv ...
[GSM2099459_allc_9580]   37,561,186 cytosine records
[GSM2099459_allc_9580] Aggregating methylation per region ...
[GSM2099459_allc_9580]   Retained 10,861/11,071 regions (≥3 covered cytosine sites in at least one context)
[GSM2099459_allc_9580] Written → /home/muneeb/Downloads/BDA-Codebase/methylation_full_run/GSM2099459_allc_9580_lncRNA_methylation.tsv
[GSM2099460_allc_9581] Loading regions from /home/muneeb/Downloads/BDA-Codebase/lncRNAs_only.bed ...
[GSM2099460_allc_9581]   11,071 lncRNA regions
[GSM2099460_allc_9581] Loading allc from /home/muneeb/Downloads/BDA-Codebase/GSE43857_RAW/GSM2099460_allc_9581.tsv ...
[GSM2099460_allc_9581]   37,428,137 cytosine records
[GSM2099460_allc_9581] Aggregating methylation per region ...
[GSM2099460_allc_9581]   Retained 10,763/11,071 regions (≥3 covered cytosine sites in at least one context)
[GSM2099460_allc_9581] Written → /home/muneeb/Downloads/BDA-Codebase/methylation_full_run/GSM2099460_allc_9581_lncRNA_methylation.tsv
[GSM2099462_allc_9583] Loading regions from /home/muneeb/Downloads/BDA-Codebase/lncRNAs_only.bed ...
[GSM2099462_allc_9583]   11,071 lncRNA regions
[GSM2099462_allc_9583] Loading allc from /home/muneeb/Downloads/BDA-Codebase/GSE43857_RAW/GSM2099462_allc_9583.tsv ...
[GSM2099462_allc_9583]   36,624,076 cytosine records
[GSM2099462_allc_9583] Aggregating methylation per region ...
[GSM2099462_allc_9583]   Retained 10,752/11,071 regions (≥3 covered cytosine sites in at least one context)
[GSM2099462_allc_9583] Written → /home/muneeb/Downloads/BDA-Codebase/methylation_full_run/GSM2099462_allc_9583_lncRNA_methylation.tsv
[GSM2099461_allc_9582] Loading regions from /home/muneeb/Downloads/BDA-Codebase/lncRNAs_only.bed ...
[GSM2099461_allc_9582]   11,071 lncRNA regions
[GSM2099461_allc_9582] Loading allc from /home/muneeb/Downloads/BDA-Codebase/GSE43857_RAW/GSM2099461_allc_9582.tsv ...
[GSM2099461_allc_9582]   37,326,673 cytosine records
[GSM2099461_allc_9582] Aggregating methylation per region ...
[GSM2099461_allc_9582]   Retained 10,769/11,071 regions (≥3 covered cytosine sites in at least one context)
[GSM2099461_allc_9582] Written → /home/muneeb/Downloads/BDA-Codebase/methylation_full_run/GSM2099461_allc_9582_lncRNA_methylation.tsv
[GSM2099463_allc_9584] Loading regions from /home/muneeb/Downloads/BDA-Codebase/lncRNAs_only.bed ...
[GSM2099463_allc_9584]   11,071 lncRNA regions
[GSM2099463_allc_9584] Loading allc from /home/muneeb/Downloads/BDA-Codebase/GSE43857_RAW/GSM2099463_allc_9584.tsv ...
[GSM2099463_allc_9584]   37,361,823 cytosine records
[GSM2099463_allc_9584] Aggregating methylation per region ...
[GSM2099463_allc_9584]   Retained 10,734/11,071 regions (≥3 covered cytosine sites in at least one context)
[GSM2099463_allc_9584] Written → /home/muneeb/Downloads/BDA-Codebase/methylation_full_run/GSM2099463_allc_9584_lncRNA_methylation.tsv
[GSM2099464_allc_9585] Loading regions from /home/muneeb/Downloads/BDA-Codebase/lncRNAs_only.bed ...
[GSM2099464_allc_9585]   11,071 lncRNA regions
[GSM2099464_allc_9585] Loading allc from /home/muneeb/Downloads/BDA-Codebase/GSE43857_RAW/GSM2099464_allc_9585.tsv ...
[GSM2099464_allc_9585]   37,186,281 cytosine records
[GSM2099464_allc_9585] Aggregating methylation per region ...
[GSM2099464_allc_9585]   Retained 10,739/11,071 regions (≥3 covered cytosine sites in at least one context)
[GSM2099464_allc_9585] Written → /home/muneeb/Downloads/BDA-Codebase/methylation_full_run/GSM2099464_allc_9585_lncRNA_methylation.tsv
[GSM2099465_allc_9586] Loading regions from /home/muneeb/Downloads/BDA-Codebase/lncRNAs_only.bed ...
[GSM2099465_allc_9586]   11,071 lncRNA regions
[GSM2099465_allc_9586] Loading allc from /home/muneeb/Downloads/BDA-Codebase/GSE43857_RAW/GSM2099465_allc_9586.tsv ...
[GSM2099465_allc_9586]   37,420,593 cytosine records
[GSM2099465_allc_9586] Aggregating methylation per region ...
[GSM2099465_allc_9586]   Retained 10,776/11,071 regions (≥3 covered cytosine sites in at least one context)
[GSM2099465_allc_9586] Written → /home/muneeb/Downloads/BDA-Codebase/methylation_full_run/GSM2099465_allc_9586_lncRNA_methylation.tsv
[GSM2099466_allc_9587] Loading regions from /home/muneeb/Downloads/BDA-Codebase/lncRNAs_only.bed ...
[GSM2099466_allc_9587]   11,071 lncRNA regions
[GSM2099466_allc_9587] Loading allc from /home/muneeb/Downloads/BDA-Codebase/GSE43857_RAW/GSM2099466_allc_9587.tsv ...
[GSM2099466_allc_9587]   38,265,626 cytosine records
[GSM2099466_allc_9587] Aggregating methylation per region ...
[GSM2099466_allc_9587]   Retained 10,854/11,071 regions (≥3 covered cytosine sites in at least one context)
[GSM2099466_allc_9587] Written → /home/muneeb/Downloads/BDA-Codebase/methylation_full_run/GSM2099466_allc_9587_lncRNA_methylation.tsv
[GSM2099467_allc_9588] Loading regions from /home/muneeb/Downloads/BDA-Codebase/lncRNAs_only.bed ...
[GSM2099467_allc_9588]   11,071 lncRNA regions
[GSM2099467_allc_9588] Loading allc from /home/muneeb/Downloads/BDA-Codebase/GSE43857_RAW/GSM2099467_allc_9588.tsv ...
[GSM2099467_allc_9588]   36,791,109 cytosine records
[GSM2099467_allc_9588] Aggregating methylation per region ...
[GSM2099467_allc_9588]   Retained 10,715/11,071 regions (≥3 covered cytosine sites in at least one context)
[GSM2099467_allc_9588] Written → /home/muneeb/Downloads/BDA-Codebase/methylation_full_run/GSM2099467_allc_9588_lncRNA_methylation.tsv
[GSM2099468_allc_9589] Loading regions from /home/muneeb/Downloads/BDA-Codebase/lncRNAs_only.bed ...
[GSM2099468_allc_9589]   11,071 lncRNA regions
[GSM2099468_allc_9589] Loading allc from /home/muneeb/Downloads/BDA-Codebase/GSE43857_RAW/GSM2099468_allc_9589.tsv ...
[GSM2099468_allc_9589]   37,710,397 cytosine records
[GSM2099468_allc_9589] Aggregating methylation per region ...
[GSM2099468_allc_9589]   Retained 10,778/11,071 regions (≥3 covered cytosine sites in at least one context)
[GSM2099468_allc_9589] Written → /home/muneeb/Downloads/BDA-Codebase/methylation_full_run/GSM2099468_allc_9589_lncRNA_methylation.tsv
[GSM2099469_allc_9590] Loading regions from /home/muneeb/Downloads/BDA-Codebase/lncRNAs_only.bed ...
[GSM2099469_allc_9590]   11,071 lncRNA regions
[GSM2099469_allc_9590] Loading allc from /home/muneeb/Downloads/BDA-Codebase/GSE43857_RAW/GSM2099469_allc_9590.tsv ...
[GSM2099469_allc_9590]   36,598,126 cytosine records
[GSM2099469_allc_9590] Aggregating methylation per region ...
[GSM2099469_allc_9590]   Retained 10,759/11,071 regions (≥3 covered cytosine sites in at least one context)
[GSM2099469_allc_9590] Written → /home/muneeb/Downloads/BDA-Codebase/methylation_full_run/GSM2099469_allc_9590_lncRNA_methylation.tsv
[GSM2099470_allc_9591] Loading regions from /home/muneeb/Downloads/BDA-Codebase/lncRNAs_only.bed ...
[GSM2099470_allc_9591]   11,071 lncRNA regions
[GSM2099470_allc_9591] Loading allc from /home/muneeb/Downloads/BDA-Codebase/GSE43857_RAW/GSM2099470_allc_9591.tsv ...
[GSM2099470_allc_9591]   37,190,110 cytosine records
[GSM2099470_allc_9591] Aggregating methylation per region ...
[GSM2099470_allc_9591]   Retained 10,729/11,071 regions (≥3 covered cytosine sites in at least one context)
[GSM2099470_allc_9591] Written → /home/muneeb/Downloads/BDA-Codebase/methylation_full_run/GSM2099470_allc_9591_lncRNA_methylation.tsv
[GSM2099471_allc_9592] Loading regions from /home/muneeb/Downloads/BDA-Codebase/lncRNAs_only.bed ...
[GSM2099471_allc_9592]   11,071 lncRNA regions
[GSM2099471_allc_9592] Loading allc from /home/muneeb/Downloads/BDA-Codebase/GSE43857_RAW/GSM2099471_allc_9592.tsv ...
[GSM2099471_allc_9592]   37,001,440 cytosine records
[GSM2099471_allc_9592] Aggregating methylation per region ...
[GSM2099471_allc_9592]   Retained 10,832/11,071 regions (≥3 covered cytosine sites in at least one context)
[GSM2099471_allc_9592] Written → /home/muneeb/Downloads/BDA-Codebase/methylation_full_run/GSM2099471_allc_9592_lncRNA_methylation.tsv
[GSM2099472_allc_9593] Loading regions from /home/muneeb/Downloads/BDA-Codebase/lncRNAs_only.bed ...
[GSM2099472_allc_9593]   11,071 lncRNA regions
[GSM2099472_allc_9593] Loading allc from /home/muneeb/Downloads/BDA-Codebase/GSE43857_RAW/GSM2099472_allc_9593.tsv ...
[GSM2099472_allc_9593]   37,063,325 cytosine records
[GSM2099472_allc_9593] Aggregating methylation per region ...
[GSM2099472_allc_9593]   Retained 10,754/11,071 regions (≥3 covered cytosine sites in at least one context)
[GSM2099472_allc_9593] Written → /home/muneeb/Downloads/BDA-Codebase/methylation_full_run/GSM2099472_allc_9593_lncRNA_methylation.tsv
[GSM2099473_allc_9594] Loading regions from /home/muneeb/Downloads/BDA-Codebase/lncRNAs_only.bed ...
[GSM2099473_allc_9594]   11,071 lncRNA regions
[GSM2099473_allc_9594] Loading allc from /home/muneeb/Downloads/BDA-Codebase/GSE43857_RAW/GSM2099473_allc_9594.tsv ...
[GSM2099473_allc_9594]   37,325,890 cytosine records
[GSM2099473_allc_9594] Aggregating methylation per region ...
[GSM2099473_allc_9594]   Retained 10,764/11,071 regions (≥3 covered cytosine sites in at least one context)
[GSM2099473_allc_9594] Written → /home/muneeb/Downloads/BDA-Codebase/methylation_full_run/GSM2099473_allc_9594_lncRNA_methylation.tsv
[GSM2099474_allc_9595] Loading regions from /home/muneeb/Downloads/BDA-Codebase/lncRNAs_only.bed ...
[GSM2099474_allc_9595]   11,071 lncRNA regions
[GSM2099474_allc_9595] Loading allc from /home/muneeb/Downloads/BDA-Codebase/GSE43857_RAW/GSM2099474_allc_9595.tsv ...
[GSM2099474_allc_9595]   37,631,606 cytosine records
[GSM2099474_allc_9595] Aggregating methylation per region ...
[GSM2099474_allc_9595]   Retained 10,760/11,071 regions (≥3 covered cytosine sites in at least one context)
[GSM2099474_allc_9595] Written → /home/muneeb/Downloads/BDA-Codebase/methylation_full_run/GSM2099474_allc_9595_lncRNA_methylation.tsv
[GSM2099475_allc_9596] Loading regions from /home/muneeb/Downloads/BDA-Codebase/lncRNAs_only.bed ...
[GSM2099475_allc_9596]   11,071 lncRNA regions
[GSM2099475_allc_9596] Loading allc from /home/muneeb/Downloads/BDA-Codebase/GSE43857_RAW/GSM2099475_allc_9596.tsv ...
[GSM2099475_allc_9596]   37,317,976 cytosine records
[GSM2099475_allc_9596] Aggregating methylation per region ...
[GSM2099475_allc_9596]   Retained 10,789/11,071 regions (≥3 covered cytosine sites in at least one context)
[GSM2099475_allc_9596] Written → /home/muneeb/Downloads/BDA-Codebase/methylation_full_run/GSM2099475_allc_9596_lncRNA_methylation.tsv
[GSM2099477_allc_9598] Loading regions from /home/muneeb/Downloads/BDA-Codebase/lncRNAs_only.bed ...
[GSM2099477_allc_9598]   11,071 lncRNA regions
[GSM2099477_allc_9598] Loading allc from /home/muneeb/Downloads/BDA-Codebase/GSE43857_RAW/GSM2099477_allc_9598.tsv ...
[GSM2099477_allc_9598]   36,609,333 cytosine records
[GSM2099477_allc_9598] Aggregating methylation per region ...
[GSM2099477_allc_9598]   Retained 10,808/11,071 regions (≥3 covered cytosine sites in at least one context)
[GSM2099477_allc_9598] Written → /home/muneeb/Downloads/BDA-Codebase/methylation_full_run/GSM2099477_allc_9598_lncRNA_methylation.tsv
[GSM2099476_allc_9597] Loading regions from /home/muneeb/Downloads/BDA-Codebase/lncRNAs_only.bed ...
[GSM2099476_allc_9597]   11,071 lncRNA regions
[GSM2099476_allc_9597] Loading allc from /home/muneeb/Downloads/BDA-Codebase/GSE43857_RAW/GSM2099476_allc_9597.tsv ...
[GSM2099476_allc_9597]   37,696,715 cytosine records
[GSM2099476_allc_9597] Aggregating methylation per region ...
[GSM2099476_allc_9597]   Retained 10,766/11,071 regions (≥3 covered cytosine sites in at least one context)
[GSM2099476_allc_9597] Written → /home/muneeb/Downloads/BDA-Codebase/methylation_full_run/GSM2099476_allc_9597_lncRNA_methylation.tsv
[GSM2099478_allc_9599] Loading regions from /home/muneeb/Downloads/BDA-Codebase/lncRNAs_only.bed ...
[GSM2099478_allc_9599]   11,071 lncRNA regions
[GSM2099478_allc_9599] Loading allc from /home/muneeb/Downloads/BDA-Codebase/GSE43857_RAW/GSM2099478_allc_9599.tsv ...
[GSM2099478_allc_9599]   37,392,604 cytosine records
[GSM2099478_allc_9599] Aggregating methylation per region ...
[GSM2099478_allc_9599]   Retained 10,738/11,071 regions (≥3 covered cytosine sites in at least one context)
[GSM2099478_allc_9599] Written → /home/muneeb/Downloads/BDA-Codebase/methylation_full_run/GSM2099478_allc_9599_lncRNA_methylation.tsv
[GSM2099479_allc_9600] Loading regions from /home/muneeb/Downloads/BDA-Codebase/lncRNAs_only.bed ...
[GSM2099479_allc_9600]   11,071 lncRNA regions
[GSM2099479_allc_9600] Loading allc from /home/muneeb/Downloads/BDA-Codebase/GSE43857_RAW/GSM2099479_allc_9600.tsv ...
[GSM2099479_allc_9600]   36,452,449 cytosine records
[GSM2099479_allc_9600] Aggregating methylation per region ...
[GSM2099479_allc_9600]   Retained 10,746/11,071 regions (≥3 covered cytosine sites in at least one context)
[GSM2099479_allc_9600] Written → /home/muneeb/Downloads/BDA-Codebase/methylation_full_run/GSM2099479_allc_9600_lncRNA_methylation.tsv
[GSM2099480_allc_9601] Loading regions from /home/muneeb/Downloads/BDA-Codebase/lncRNAs_only.bed ...
[GSM2099480_allc_9601]   11,071 lncRNA regions
[GSM2099480_allc_9601] Loading allc from /home/muneeb/Downloads/BDA-Codebase/GSE43857_RAW/GSM2099480_allc_9601.tsv ...
[GSM2099480_allc_9601]   37,373,059 cytosine records
[GSM2099480_allc_9601] Aggregating methylation per region ...
[GSM2099480_allc_9601]   Retained 10,741/11,071 regions (≥3 covered cytosine sites in at least one context)
[GSM2099480_allc_9601] Written → /home/muneeb/Downloads/BDA-Codebase/methylation_full_run/GSM2099480_allc_9601_lncRNA_methylation.tsv
[GSM2099481_allc_9606] Loading regions from /home/muneeb/Downloads/BDA-Codebase/lncRNAs_only.bed ...
[GSM2099481_allc_9606]   11,071 lncRNA regions
[GSM2099481_allc_9606] Loading allc from /home/muneeb/Downloads/BDA-Codebase/GSE43857_RAW/GSM2099481_allc_9606.tsv ...
[GSM2099481_allc_9606]   37,145,378 cytosine records
[GSM2099481_allc_9606] Aggregating methylation per region ...
[GSM2099481_allc_9606]   Retained 10,790/11,071 regions (≥3 covered cytosine sites in at least one context)
[GSM2099481_allc_9606] Written → /home/muneeb/Downloads/BDA-Codebase/methylation_full_run/GSM2099481_allc_9606_lncRNA_methylation.tsv
[GSM2099483_allc_9608] Loading regions from /home/muneeb/Downloads/BDA-Codebase/lncRNAs_only.bed ...
[GSM2099483_allc_9608]   11,071 lncRNA regions
[GSM2099483_allc_9608] Loading allc from /home/muneeb/Downloads/BDA-Codebase/GSE43857_RAW/GSM2099483_allc_9608.tsv ...
[GSM2099483_allc_9608]   37,224,136 cytosine records
[GSM2099483_allc_9608] Aggregating methylation per region ...
[GSM2099483_allc_9608]   Retained 10,852/11,071 regions (≥3 covered cytosine sites in at least one context)
[GSM2099483_allc_9608] Written → /home/muneeb/Downloads/BDA-Codebase/methylation_full_run/GSM2099483_allc_9608_lncRNA_methylation.tsv
[GSM2099484_allc_9609] Loading regions from /home/muneeb/Downloads/BDA-Codebase/lncRNAs_only.bed ...
[GSM2099484_allc_9609]   11,071 lncRNA regions
[GSM2099484_allc_9609] Loading allc from /home/muneeb/Downloads/BDA-Codebase/GSE43857_RAW/GSM2099484_allc_9609.tsv ...
[GSM2099484_allc_9609]   36,391,779 cytosine records
[GSM2099484_allc_9609] Aggregating methylation per region ...
[GSM2099484_allc_9609]   Retained 10,667/11,071 regions (≥3 covered cytosine sites in at least one context)
[GSM2099484_allc_9609] Written → /home/muneeb/Downloads/BDA-Codebase/methylation_full_run/GSM2099484_allc_9609_lncRNA_methylation.tsv
[GSM2099486_allc_9611] Loading regions from /home/muneeb/Downloads/BDA-Codebase/lncRNAs_only.bed ...
[GSM2099486_allc_9611]   11,071 lncRNA regions
[GSM2099486_allc_9611] Loading allc from /home/muneeb/Downloads/BDA-Codebase/GSE43857_RAW/GSM2099486_allc_9611.tsv ...
[GSM2099486_allc_9611]   37,018,775 cytosine records
[GSM2099486_allc_9611] Aggregating methylation per region ...
[GSM2099486_allc_9611]   Retained 10,722/11,071 regions (≥3 covered cytosine sites in at least one context)
[GSM2099486_allc_9611] Written → /home/muneeb/Downloads/BDA-Codebase/methylation_full_run/GSM2099486_allc_9611_lncRNA_methylation.tsv
[GSM2099485_allc_9610] Loading regions from /home/muneeb/Downloads/BDA-Codebase/lncRNAs_only.bed ...
[GSM2099485_allc_9610]   11,071 lncRNA regions
[GSM2099485_allc_9610] Loading allc from /home/muneeb/Downloads/BDA-Codebase/GSE43857_RAW/GSM2099485_allc_9610.tsv ...
[GSM2099485_allc_9610]   37,801,820 cytosine records
[GSM2099485_allc_9610] Aggregating methylation per region ...
[GSM2099485_allc_9610]   Retained 10,867/11,071 regions (≥3 covered cytosine sites in at least one context)
[GSM2099485_allc_9610] Written → /home/muneeb/Downloads/BDA-Codebase/methylation_full_run/GSM2099485_allc_9610_lncRNA_methylation.tsv
[GSM2099487_allc_9612] Loading regions from /home/muneeb/Downloads/BDA-Codebase/lncRNAs_only.bed ...
[GSM2099487_allc_9612]   11,071 lncRNA regions
[GSM2099487_allc_9612] Loading allc from /home/muneeb/Downloads/BDA-Codebase/GSE43857_RAW/GSM2099487_allc_9612.tsv ...
[GSM2099487_allc_9612]   37,530,940 cytosine records
[GSM2099487_allc_9612] Aggregating methylation per region ...
[GSM2099487_allc_9612]   Retained 10,809/11,071 regions (≥3 covered cytosine sites in at least one context)
[GSM2099487_allc_9612] Written → /home/muneeb/Downloads/BDA-Codebase/methylation_full_run/GSM2099487_allc_9612_lncRNA_methylation.tsv
[GSM2099488_allc_9613] Loading regions from /home/muneeb/Downloads/BDA-Codebase/lncRNAs_only.bed ...
[GSM2099488_allc_9613]   11,071 lncRNA regions
[GSM2099488_allc_9613] Loading allc from /home/muneeb/Downloads/BDA-Codebase/GSE43857_RAW/GSM2099488_allc_9613.tsv ...
[GSM2099488_allc_9613]   37,886,031 cytosine records
[GSM2099488_allc_9613] Aggregating methylation per region ...
[GSM2099488_allc_9613]   Retained 10,815/11,071 regions (≥3 covered cytosine sites in at least one context)
[GSM2099488_allc_9613] Written → /home/muneeb/Downloads/BDA-Codebase/methylation_full_run/GSM2099488_allc_9613_lncRNA_methylation.tsv
[GSM2099489_allc_9615] Loading regions from /home/muneeb/Downloads/BDA-Codebase/lncRNAs_only.bed ...
[GSM2099489_allc_9615]   11,071 lncRNA regions
[GSM2099489_allc_9615] Loading allc from /home/muneeb/Downloads/BDA-Codebase/GSE43857_RAW/GSM2099489_allc_9615.tsv ...
[GSM2099489_allc_9615]   37,061,070 cytosine records
[GSM2099489_allc_9615] Aggregating methylation per region ...
[GSM2099489_allc_9615]   Retained 10,806/11,071 regions (≥3 covered cytosine sites in at least one context)
[GSM2099489_allc_9615] Written → /home/muneeb/Downloads/BDA-Codebase/methylation_full_run/GSM2099489_allc_9615_lncRNA_methylation.tsv
[GSM2099482_allc_9607] Loading regions from /home/muneeb/Downloads/BDA-Codebase/lncRNAs_only.bed ...
[GSM2099482_allc_9607]   11,071 lncRNA regions
[GSM2099482_allc_9607] Loading allc from /home/muneeb/Downloads/BDA-Codebase/GSE43857_RAW/GSM2099482_allc_9607.tsv ...
[GSM2099482_allc_9607]   39,376,317 cytosine records
[GSM2099482_allc_9607] Aggregating methylation per region ...
[GSM2099482_allc_9607]   Retained 10,956/11,071 regions (≥3 covered cytosine sites in at least one context)
[GSM2099482_allc_9607] Written → /home/muneeb/Downloads/BDA-Codebase/methylation_full_run/GSM2099482_allc_9607_lncRNA_methylation.tsv
[GSM2099490_allc_9616] Loading regions from /home/muneeb/Downloads/BDA-Codebase/lncRNAs_only.bed ...
[GSM2099490_allc_9616]   11,071 lncRNA regions
[GSM2099490_allc_9616] Loading allc from /home/muneeb/Downloads/BDA-Codebase/GSE43857_RAW/GSM2099490_allc_9616.tsv ...
[GSM2099490_allc_9616]   37,613,417 cytosine records
[GSM2099490_allc_9616] Aggregating methylation per region ...
[GSM2099490_allc_9616]   Retained 10,800/11,071 regions (≥3 covered cytosine sites in at least one context)
[GSM2099490_allc_9616] Written → /home/muneeb/Downloads/BDA-Codebase/methylation_full_run/GSM2099490_allc_9616_lncRNA_methylation.tsv
[GSM2099491_allc_9617] Loading regions from /home/muneeb/Downloads/BDA-Codebase/lncRNAs_only.bed ...
[GSM2099491_allc_9617]   11,071 lncRNA regions
[GSM2099491_allc_9617] Loading allc from /home/muneeb/Downloads/BDA-Codebase/GSE43857_RAW/GSM2099491_allc_9617.tsv ...
[GSM2099491_allc_9617]   37,290,443 cytosine records
[GSM2099491_allc_9617] Aggregating methylation per region ...
[GSM2099491_allc_9617]   Retained 10,712/11,071 regions (≥3 covered cytosine sites in at least one context)
[GSM2099491_allc_9617] Written → /home/muneeb/Downloads/BDA-Codebase/methylation_full_run/GSM2099491_allc_9617_lncRNA_methylation.tsv
[GSM2099492_allc_9619] Loading regions from /home/muneeb/Downloads/BDA-Codebase/lncRNAs_only.bed ...
[GSM2099492_allc_9619]   11,071 lncRNA regions
[GSM2099492_allc_9619] Loading allc from /home/muneeb/Downloads/BDA-Codebase/GSE43857_RAW/GSM2099492_allc_9619.tsv ...
[GSM2099492_allc_9619]   37,485,777 cytosine records
[GSM2099492_allc_9619] Aggregating methylation per region ...
[GSM2099492_allc_9619]   Retained 10,826/11,071 regions (≥3 covered cytosine sites in at least one context)
[GSM2099492_allc_9619] Written → /home/muneeb/Downloads/BDA-Codebase/methylation_full_run/GSM2099492_allc_9619_lncRNA_methylation.tsv
[GSM2099494_allc_9621] Loading regions from /home/muneeb/Downloads/BDA-Codebase/lncRNAs_only.bed ...
[GSM2099494_allc_9621]   11,071 lncRNA regions
[GSM2099494_allc_9621] Loading allc from /home/muneeb/Downloads/BDA-Codebase/GSE43857_RAW/GSM2099494_allc_9621.tsv ...
[GSM2099494_allc_9621]   36,028,930 cytosine records
[GSM2099494_allc_9621] Aggregating methylation per region ...
[GSM2099494_allc_9621]   Retained 10,705/11,071 regions (≥3 covered cytosine sites in at least one context)
[GSM2099494_allc_9621] Written → /home/muneeb/Downloads/BDA-Codebase/methylation_full_run/GSM2099494_allc_9621_lncRNA_methylation.tsv
[GSM2099495_allc_9623] Loading regions from /home/muneeb/Downloads/BDA-Codebase/lncRNAs_only.bed ...
[GSM2099495_allc_9623]   11,071 lncRNA regions
[GSM2099495_allc_9623] Loading allc from /home/muneeb/Downloads/BDA-Codebase/GSE43857_RAW/GSM2099495_allc_9623.tsv ...
[GSM2099495_allc_9623]   36,180,619 cytosine records
[GSM2099495_allc_9623] Aggregating methylation per region ...
[GSM2099495_allc_9623]   Retained 10,710/11,071 regions (≥3 covered cytosine sites in at least one context)
[GSM2099495_allc_9623] Written → /home/muneeb/Downloads/BDA-Codebase/methylation_full_run/GSM2099495_allc_9623_lncRNA_methylation.tsv
[GSM2099493_allc_9620] Loading regions from /home/muneeb/Downloads/BDA-Codebase/lncRNAs_only.bed ...
[GSM2099493_allc_9620]   11,071 lncRNA regions
[GSM2099493_allc_9620] Loading allc from /home/muneeb/Downloads/BDA-Codebase/GSE43857_RAW/GSM2099493_allc_9620.tsv ...
[GSM2099493_allc_9620]   37,399,444 cytosine records
[GSM2099493_allc_9620] Aggregating methylation per region ...
[GSM2099493_allc_9620]   Retained 10,801/11,071 regions (≥3 covered cytosine sites in at least one context)
[GSM2099493_allc_9620] Written → /home/muneeb/Downloads/BDA-Codebase/methylation_full_run/GSM2099493_allc_9620_lncRNA_methylation.tsv
[GSM2099496_allc_9625] Loading regions from /home/muneeb/Downloads/BDA-Codebase/lncRNAs_only.bed ...
[GSM2099496_allc_9625]   11,071 lncRNA regions
[GSM2099496_allc_9625] Loading allc from /home/muneeb/Downloads/BDA-Codebase/GSE43857_RAW/GSM2099496_allc_9625.tsv ...
[GSM2099496_allc_9625]   36,465,561 cytosine records
[GSM2099496_allc_9625] Aggregating methylation per region ...
[GSM2099496_allc_9625]   Retained 10,707/11,071 regions (≥3 covered cytosine sites in at least one context)
[GSM2099496_allc_9625] Written → /home/muneeb/Downloads/BDA-Codebase/methylation_full_run/GSM2099496_allc_9625_lncRNA_methylation.tsv
[GSM2099497_allc_9626] Loading regions from /home/muneeb/Downloads/BDA-Codebase/lncRNAs_only.bed ...
[GSM2099497_allc_9626]   11,071 lncRNA regions
[GSM2099497_allc_9626] Loading allc from /home/muneeb/Downloads/BDA-Codebase/GSE43857_RAW/GSM2099497_allc_9626.tsv ...
[GSM2099497_allc_9626]   37,292,025 cytosine records
[GSM2099497_allc_9626] Aggregating methylation per region ...
[GSM2099497_allc_9626]   Retained 10,805/11,071 regions (≥3 covered cytosine sites in at least one context)
[GSM2099497_allc_9626] Written → /home/muneeb/Downloads/BDA-Codebase/methylation_full_run/GSM2099497_allc_9626_lncRNA_methylation.tsv
[GSM2099498_allc_9627] Loading regions from /home/muneeb/Downloads/BDA-Codebase/lncRNAs_only.bed ...
[GSM2099498_allc_9627]   11,071 lncRNA regions
[GSM2099498_allc_9627] Loading allc from /home/muneeb/Downloads/BDA-Codebase/GSE43857_RAW/GSM2099498_allc_9627.tsv ...
[GSM2099498_allc_9627]   37,360,308 cytosine records
[GSM2099498_allc_9627] Aggregating methylation per region ...
[GSM2099498_allc_9627]   Retained 10,802/11,071 regions (≥3 covered cytosine sites in at least one context)
[GSM2099498_allc_9627] Written → /home/muneeb/Downloads/BDA-Codebase/methylation_full_run/GSM2099498_allc_9627_lncRNA_methylation.tsv
[GSM2099499_allc_9628] Loading regions from /home/muneeb/Downloads/BDA-Codebase/lncRNAs_only.bed ...
[GSM2099499_allc_9628]   11,071 lncRNA regions
[GSM2099499_allc_9628] Loading allc from /home/muneeb/Downloads/BDA-Codebase/GSE43857_RAW/GSM2099499_allc_9628.tsv ...
[GSM2099499_allc_9628]   37,204,595 cytosine records
[GSM2099499_allc_9628] Aggregating methylation per region ...
[GSM2099499_allc_9628]   Retained 10,804/11,071 regions (≥3 covered cytosine sites in at least one context)
[GSM2099499_allc_9628] Written → /home/muneeb/Downloads/BDA-Codebase/methylation_full_run/GSM2099499_allc_9628_lncRNA_methylation.tsv
[GSM2099501_allc_9631] Loading regions from /home/muneeb/Downloads/BDA-Codebase/lncRNAs_only.bed ...
[GSM2099501_allc_9631]   11,071 lncRNA regions
[GSM2099501_allc_9631] Loading allc from /home/muneeb/Downloads/BDA-Codebase/GSE43857_RAW/GSM2099501_allc_9631.tsv ...
[GSM2099501_allc_9631]   37,796,218 cytosine records
[GSM2099501_allc_9631] Aggregating methylation per region ...
[GSM2099501_allc_9631]   Retained 10,850/11,071 regions (≥3 covered cytosine sites in at least one context)
[GSM2099501_allc_9631] Written → /home/muneeb/Downloads/BDA-Codebase/methylation_full_run/GSM2099501_allc_9631_lncRNA_methylation.tsv
[GSM2099502_allc_9632] Loading regions from /home/muneeb/Downloads/BDA-Codebase/lncRNAs_only.bed ...
[GSM2099502_allc_9632]   11,071 lncRNA regions
[GSM2099502_allc_9632] Loading allc from /home/muneeb/Downloads/BDA-Codebase/GSE43857_RAW/GSM2099502_allc_9632.tsv ...
[GSM2099502_allc_9632]   37,624,103 cytosine records
[GSM2099502_allc_9632] Aggregating methylation per region ...
[GSM2099502_allc_9632]   Retained 10,880/11,071 regions (≥3 covered cytosine sites in at least one context)
[GSM2099502_allc_9632] Written → /home/muneeb/Downloads/BDA-Codebase/methylation_full_run/GSM2099502_allc_9632_lncRNA_methylation.tsv
[GSM2099500_allc_9629] Loading regions from /home/muneeb/Downloads/BDA-Codebase/lncRNAs_only.bed ...
[GSM2099500_allc_9629]   11,071 lncRNA regions
[GSM2099500_allc_9629] Loading allc from /home/muneeb/Downloads/BDA-Codebase/GSE43857_RAW/GSM2099500_allc_9629.tsv ...
[GSM2099500_allc_9629]   37,531,540 cytosine records
[GSM2099500_allc_9629] Aggregating methylation per region ...
[GSM2099500_allc_9629]   Retained 10,826/11,071 regions (≥3 covered cytosine sites in at least one context)
[GSM2099500_allc_9629] Written → /home/muneeb/Downloads/BDA-Codebase/methylation_full_run/GSM2099500_allc_9629_lncRNA_methylation.tsv
[GSM2099503_allc_9633] Loading regions from /home/muneeb/Downloads/BDA-Codebase/lncRNAs_only.bed ...
[GSM2099503_allc_9633]   11,071 lncRNA regions
[GSM2099503_allc_9633] Loading allc from /home/muneeb/Downloads/BDA-Codebase/GSE43857_RAW/GSM2099503_allc_9633.tsv ...
[GSM2099503_allc_9633]   37,498,148 cytosine records
[GSM2099503_allc_9633] Aggregating methylation per region ...
[GSM2099503_allc_9633]   Retained 10,858/11,071 regions (≥3 covered cytosine sites in at least one context)
[GSM2099503_allc_9633] Written → /home/muneeb/Downloads/BDA-Codebase/methylation_full_run/GSM2099503_allc_9633_lncRNA_methylation.tsv
[GSM2099504_allc_9634] Loading regions from /home/muneeb/Downloads/BDA-Codebase/lncRNAs_only.bed ...
[GSM2099504_allc_9634]   11,071 lncRNA regions
[GSM2099504_allc_9634] Loading allc from /home/muneeb/Downloads/BDA-Codebase/GSE43857_RAW/GSM2099504_allc_9634.tsv ...
[GSM2099504_allc_9634]   37,156,357 cytosine records
[GSM2099504_allc_9634] Aggregating methylation per region ...
[GSM2099504_allc_9634]   Retained 10,815/11,071 regions (≥3 covered cytosine sites in at least one context)
[GSM2099504_allc_9634] Written → /home/muneeb/Downloads/BDA-Codebase/methylation_full_run/GSM2099504_allc_9634_lncRNA_methylation.tsv
[GSM2099505_allc_9635] Loading regions from /home/muneeb/Downloads/BDA-Codebase/lncRNAs_only.bed ...
[GSM2099505_allc_9635]   11,071 lncRNA regions
[GSM2099505_allc_9635] Loading allc from /home/muneeb/Downloads/BDA-Codebase/GSE43857_RAW/GSM2099505_allc_9635.tsv ...
[GSM2099505_allc_9635]   37,126,369 cytosine records
[GSM2099505_allc_9635] Aggregating methylation per region ...
[GSM2099505_allc_9635]   Retained 10,808/11,071 regions (≥3 covered cytosine sites in at least one context)
[GSM2099505_allc_9635] Written → /home/muneeb/Downloads/BDA-Codebase/methylation_full_run/GSM2099505_allc_9635_lncRNA_methylation.tsv
[GSM2099506_allc_9636] Loading regions from /home/muneeb/Downloads/BDA-Codebase/lncRNAs_only.bed ...
[GSM2099506_allc_9636]   11,071 lncRNA regions
[GSM2099506_allc_9636] Loading allc from /home/muneeb/Downloads/BDA-Codebase/GSE43857_RAW/GSM2099506_allc_9636.tsv ...
[GSM2099506_allc_9636]   37,941,210 cytosine records
[GSM2099506_allc_9636] Aggregating methylation per region ...
[GSM2099506_allc_9636]   Retained 10,877/11,071 regions (≥3 covered cytosine sites in at least one context)
[GSM2099506_allc_9636] Written → /home/muneeb/Downloads/BDA-Codebase/methylation_full_run/GSM2099506_allc_9636_lncRNA_methylation.tsv
[GSM2099507_allc_9637] Loading regions from /home/muneeb/Downloads/BDA-Codebase/lncRNAs_only.bed ...
[GSM2099507_allc_9637]   11,071 lncRNA regions
[GSM2099507_allc_9637] Loading allc from /home/muneeb/Downloads/BDA-Codebase/GSE43857_RAW/GSM2099507_allc_9637.tsv ...
[GSM2099507_allc_9637]   38,438,548 cytosine records
[GSM2099507_allc_9637] Aggregating methylation per region ...
[GSM2099507_allc_9637]   Retained 10,896/11,071 regions (≥3 covered cytosine sites in at least one context)
[GSM2099507_allc_9637] Written → /home/muneeb/Downloads/BDA-Codebase/methylation_full_run/GSM2099507_allc_9637_lncRNA_methylation.tsv
[GSM2099508_allc_9638] Loading regions from /home/muneeb/Downloads/BDA-Codebase/lncRNAs_only.bed ...
[GSM2099508_allc_9638]   11,071 lncRNA regions
[GSM2099508_allc_9638] Loading allc from /home/muneeb/Downloads/BDA-Codebase/GSE43857_RAW/GSM2099508_allc_9638.tsv ...
[GSM2099508_allc_9638]   38,036,955 cytosine records
[GSM2099508_allc_9638] Aggregating methylation per region ...
[GSM2099508_allc_9638]   Retained 10,929/11,071 regions (≥3 covered cytosine sites in at least one context)
[GSM2099508_allc_9638] Written → /home/muneeb/Downloads/BDA-Codebase/methylation_full_run/GSM2099508_allc_9638_lncRNA_methylation.tsv
[GSM2099510_allc_9640] Loading regions from /home/muneeb/Downloads/BDA-Codebase/lncRNAs_only.bed ...
[GSM2099510_allc_9640]   11,071 lncRNA regions
[GSM2099510_allc_9640] Loading allc from /home/muneeb/Downloads/BDA-Codebase/GSE43857_RAW/GSM2099510_allc_9640.tsv ...
[GSM2099510_allc_9640]   36,409,839 cytosine records
[GSM2099510_allc_9640] Aggregating methylation per region ...
[GSM2099510_allc_9640]   Retained 10,748/11,071 regions (≥3 covered cytosine sites in at least one context)
[GSM2099510_allc_9640] Written → /home/muneeb/Downloads/BDA-Codebase/methylation_full_run/GSM2099510_allc_9640_lncRNA_methylation.tsv
[GSM2099511_allc_9641] Loading regions from /home/muneeb/Downloads/BDA-Codebase/lncRNAs_only.bed ...
[GSM2099511_allc_9641]   11,071 lncRNA regions
[GSM2099511_allc_9641] Loading allc from /home/muneeb/Downloads/BDA-Codebase/GSE43857_RAW/GSM2099511_allc_9641.tsv ...
[GSM2099511_allc_9641]   37,666,850 cytosine records
[GSM2099511_allc_9641] Aggregating methylation per region ...
[GSM2099511_allc_9641]   Retained 10,806/11,071 regions (≥3 covered cytosine sites in at least one context)
[GSM2099511_allc_9641] Written → /home/muneeb/Downloads/BDA-Codebase/methylation_full_run/GSM2099511_allc_9641_lncRNA_methylation.tsv
[GSM2099512_allc_9643] Loading regions from /home/muneeb/Downloads/BDA-Codebase/lncRNAs_only.bed ...
[GSM2099512_allc_9643]   11,071 lncRNA regions
[GSM2099512_allc_9643] Loading allc from /home/muneeb/Downloads/BDA-Codebase/GSE43857_RAW/GSM2099512_allc_9643.tsv ...
[GSM2099512_allc_9643]   36,968,182 cytosine records
[GSM2099512_allc_9643] Aggregating methylation per region ...
[GSM2099512_allc_9643]   Retained 10,784/11,071 regions (≥3 covered cytosine sites in at least one context)
[GSM2099512_allc_9643] Written → /home/muneeb/Downloads/BDA-Codebase/methylation_full_run/GSM2099512_allc_9643_lncRNA_methylation.tsv
[GSM2099509_allc_9639] Loading regions from /home/muneeb/Downloads/BDA-Codebase/lncRNAs_only.bed ...
[GSM2099509_allc_9639]   11,071 lncRNA regions
[GSM2099509_allc_9639] Loading allc from /home/muneeb/Downloads/BDA-Codebase/GSE43857_RAW/GSM2099509_allc_9639.tsv ...
[GSM2099509_allc_9639]   38,555,784 cytosine records
[GSM2099509_allc_9639] Aggregating methylation per region ...
[GSM2099509_allc_9639]   Retained 10,931/11,071 regions (≥3 covered cytosine sites in at least one context)
[GSM2099509_allc_9639] Written → /home/muneeb/Downloads/BDA-Codebase/methylation_full_run/GSM2099509_allc_9639_lncRNA_methylation.tsv
[GSM2099513_allc_9644] Loading regions from /home/muneeb/Downloads/BDA-Codebase/lncRNAs_only.bed ...
[GSM2099513_allc_9644]   11,071 lncRNA regions
[GSM2099513_allc_9644] Loading allc from /home/muneeb/Downloads/BDA-Codebase/GSE43857_RAW/GSM2099513_allc_9644.tsv ...
[GSM2099513_allc_9644]   38,059,900 cytosine records
[GSM2099513_allc_9644] Aggregating methylation per region ...
[GSM2099513_allc_9644]   Retained 10,859/11,071 regions (≥3 covered cytosine sites in at least one context)
[GSM2099513_allc_9644] Written → /home/muneeb/Downloads/BDA-Codebase/methylation_full_run/GSM2099513_allc_9644_lncRNA_methylation.tsv
[GSM2099515_allc_9646] Loading regions from /home/muneeb/Downloads/BDA-Codebase/lncRNAs_only.bed ...
[GSM2099515_allc_9646]   11,071 lncRNA regions
[GSM2099515_allc_9646] Loading allc from /home/muneeb/Downloads/BDA-Codebase/GSE43857_RAW/GSM2099515_allc_9646.tsv ...
[GSM2099515_allc_9646]   37,271,255 cytosine records
[GSM2099515_allc_9646] Aggregating methylation per region ...
[GSM2099515_allc_9646]   Retained 10,806/11,071 regions (≥3 covered cytosine sites in at least one context)
[GSM2099515_allc_9646] Written → /home/muneeb/Downloads/BDA-Codebase/methylation_full_run/GSM2099515_allc_9646_lncRNA_methylation.tsv
[GSM2099514_allc_9645] Loading regions from /home/muneeb/Downloads/BDA-Codebase/lncRNAs_only.bed ...
[GSM2099514_allc_9645]   11,071 lncRNA regions
[GSM2099514_allc_9645] Loading allc from /home/muneeb/Downloads/BDA-Codebase/GSE43857_RAW/GSM2099514_allc_9645.tsv ...
[GSM2099514_allc_9645]   38,444,442 cytosine records
[GSM2099514_allc_9645] Aggregating methylation per region ...
[GSM2099514_allc_9645]   Retained 10,894/11,071 regions (≥3 covered cytosine sites in at least one context)
[GSM2099514_allc_9645] Written → /home/muneeb/Downloads/BDA-Codebase/methylation_full_run/GSM2099514_allc_9645_lncRNA_methylation.tsv
[GSM2099516_allc_9647] Loading regions from /home/muneeb/Downloads/BDA-Codebase/lncRNAs_only.bed ...
[GSM2099516_allc_9647]   11,071 lncRNA regions
[GSM2099516_allc_9647] Loading allc from /home/muneeb/Downloads/BDA-Codebase/GSE43857_RAW/GSM2099516_allc_9647.tsv ...
[GSM2099516_allc_9647]   37,071,010 cytosine records
[GSM2099516_allc_9647] Aggregating methylation per region ...
[GSM2099516_allc_9647]   Retained 10,720/11,071 regions (≥3 covered cytosine sites in at least one context)
[GSM2099516_allc_9647] Written → /home/muneeb/Downloads/BDA-Codebase/methylation_full_run/GSM2099516_allc_9647_lncRNA_methylation.tsv
[GSM2099519_allc_9650] Loading regions from /home/muneeb/Downloads/BDA-Codebase/lncRNAs_only.bed ...
[GSM2099519_allc_9650]   11,071 lncRNA regions
[GSM2099519_allc_9650] Loading allc from /home/muneeb/Downloads/BDA-Codebase/GSE43857_RAW/GSM2099519_allc_9650.tsv ...
[GSM2099519_allc_9650]   36,522,335 cytosine records
[GSM2099519_allc_9650] Aggregating methylation per region ...
[GSM2099519_allc_9650]   Retained 10,736/11,071 regions (≥3 covered cytosine sites in at least one context)
[GSM2099519_allc_9650] Written → /home/muneeb/Downloads/BDA-Codebase/methylation_full_run/GSM2099519_allc_9650_lncRNA_methylation.tsv
[GSM2099517_allc_9648] Loading regions from /home/muneeb/Downloads/BDA-Codebase/lncRNAs_only.bed ...
[GSM2099517_allc_9648]   11,071 lncRNA regions
[GSM2099517_allc_9648] Loading allc from /home/muneeb/Downloads/BDA-Codebase/GSE43857_RAW/GSM2099517_allc_9648.tsv ...
[GSM2099517_allc_9648]   36,965,546 cytosine records
[GSM2099517_allc_9648] Aggregating methylation per region ...
[GSM2099517_allc_9648]   Retained 10,861/11,071 regions (≥3 covered cytosine sites in at least one context)
[GSM2099517_allc_9648] Written → /home/muneeb/Downloads/BDA-Codebase/methylation_full_run/GSM2099517_allc_9648_lncRNA_methylation.tsv
[GSM2099518_allc_9649] Loading regions from /home/muneeb/Downloads/BDA-Codebase/lncRNAs_only.bed ...
[GSM2099518_allc_9649]   11,071 lncRNA regions
[GSM2099518_allc_9649] Loading allc from /home/muneeb/Downloads/BDA-Codebase/GSE43857_RAW/GSM2099518_allc_9649.tsv ...
[GSM2099518_allc_9649]   37,824,161 cytosine records
[GSM2099518_allc_9649] Aggregating methylation per region ...
[GSM2099518_allc_9649]   Retained 10,859/11,071 regions (≥3 covered cytosine sites in at least one context)
[GSM2099518_allc_9649] Written → /home/muneeb/Downloads/BDA-Codebase/methylation_full_run/GSM2099518_allc_9649_lncRNA_methylation.tsv
[GSM2099520_allc_9651] Loading regions from /home/muneeb/Downloads/BDA-Codebase/lncRNAs_only.bed ...
[GSM2099520_allc_9651]   11,071 lncRNA regions
[GSM2099520_allc_9651] Loading allc from /home/muneeb/Downloads/BDA-Codebase/GSE43857_RAW/GSM2099520_allc_9651.tsv ...
[GSM2099520_allc_9651]   36,774,371 cytosine records
[GSM2099520_allc_9651] Aggregating methylation per region ...
[GSM2099520_allc_9651]   Retained 10,724/11,071 regions (≥3 covered cytosine sites in at least one context)
[GSM2099520_allc_9651] Written → /home/muneeb/Downloads/BDA-Codebase/methylation_full_run/GSM2099520_allc_9651_lncRNA_methylation.tsv
[GSM2099521_allc_9652] Loading regions from /home/muneeb/Downloads/BDA-Codebase/lncRNAs_only.bed ...
[GSM2099521_allc_9652]   11,071 lncRNA regions
[GSM2099521_allc_9652] Loading allc from /home/muneeb/Downloads/BDA-Codebase/GSE43857_RAW/GSM2099521_allc_9652.tsv ...
[GSM2099521_allc_9652]   37,484,318 cytosine records
[GSM2099521_allc_9652] Aggregating methylation per region ...
[GSM2099521_allc_9652]   Retained 10,834/11,071 regions (≥3 covered cytosine sites in at least one context)
[GSM2099521_allc_9652] Written → /home/muneeb/Downloads/BDA-Codebase/methylation_full_run/GSM2099521_allc_9652_lncRNA_methylation.tsv
[GSM2099522_allc_9653] Loading regions from /home/muneeb/Downloads/BDA-Codebase/lncRNAs_only.bed ...
[GSM2099522_allc_9653]   11,071 lncRNA regions
[GSM2099522_allc_9653] Loading allc from /home/muneeb/Downloads/BDA-Codebase/GSE43857_RAW/GSM2099522_allc_9653.tsv ...
[GSM2099522_allc_9653]   36,835,735 cytosine records
[GSM2099522_allc_9653] Aggregating methylation per region ...
[GSM2099522_allc_9653]   Retained 10,767/11,071 regions (≥3 covered cytosine sites in at least one context)
[GSM2099522_allc_9653] Written → /home/muneeb/Downloads/BDA-Codebase/methylation_full_run/GSM2099522_allc_9653_lncRNA_methylation.tsv
[GSM2099523_allc_9654] Loading regions from /home/muneeb/Downloads/BDA-Codebase/lncRNAs_only.bed ...
[GSM2099523_allc_9654]   11,071 lncRNA regions
[GSM2099523_allc_9654] Loading allc from /home/muneeb/Downloads/BDA-Codebase/GSE43857_RAW/GSM2099523_allc_9654.tsv ...
[GSM2099523_allc_9654]   36,397,904 cytosine records
[GSM2099523_allc_9654] Aggregating methylation per region ...
[GSM2099523_allc_9654]   Retained 10,784/11,071 regions (≥3 covered cytosine sites in at least one context)
[GSM2099523_allc_9654] Written → /home/muneeb/Downloads/BDA-Codebase/methylation_full_run/GSM2099523_allc_9654_lncRNA_methylation.tsv
[GSM2099526_allc_9657] Loading regions from /home/muneeb/Downloads/BDA-Codebase/lncRNAs_only.bed ...
[GSM2099526_allc_9657]   11,071 lncRNA regions
[GSM2099526_allc_9657] Loading allc from /home/muneeb/Downloads/BDA-Codebase/GSE43857_RAW/GSM2099526_allc_9657.tsv ...
[GSM2099526_allc_9657]   36,864,934 cytosine records
[GSM2099526_allc_9657] Aggregating methylation per region ...
[GSM2099526_allc_9657]   Retained 10,805/11,071 regions (≥3 covered cytosine sites in at least one context)
[GSM2099526_allc_9657] Written → /home/muneeb/Downloads/BDA-Codebase/methylation_full_run/GSM2099526_allc_9657_lncRNA_methylation.tsv
[GSM2099524_allc_9655] Loading regions from /home/muneeb/Downloads/BDA-Codebase/lncRNAs_only.bed ...
[GSM2099524_allc_9655]   11,071 lncRNA regions
[GSM2099524_allc_9655] Loading allc from /home/muneeb/Downloads/BDA-Codebase/GSE43857_RAW/GSM2099524_allc_9655.tsv ...
[GSM2099524_allc_9655]   37,859,753 cytosine records
[GSM2099524_allc_9655] Aggregating methylation per region ...
[GSM2099524_allc_9655]   Retained 10,870/11,071 regions (≥3 covered cytosine sites in at least one context)
[GSM2099524_allc_9655] Written → /home/muneeb/Downloads/BDA-Codebase/methylation_full_run/GSM2099524_allc_9655_lncRNA_methylation.tsv
[GSM2099525_allc_9656] Loading regions from /home/muneeb/Downloads/BDA-Codebase/lncRNAs_only.bed ...
[GSM2099525_allc_9656]   11,071 lncRNA regions
[GSM2099525_allc_9656] Loading allc from /home/muneeb/Downloads/BDA-Codebase/GSE43857_RAW/GSM2099525_allc_9656.tsv ...
[GSM2099525_allc_9656]   37,869,281 cytosine records
[GSM2099525_allc_9656] Aggregating methylation per region ...
[GSM2099525_allc_9656]   Retained 10,855/11,071 regions (≥3 covered cytosine sites in at least one context)
[GSM2099525_allc_9656] Written → /home/muneeb/Downloads/BDA-Codebase/methylation_full_run/GSM2099525_allc_9656_lncRNA_methylation.tsv
[GSM2099527_allc_9658] Loading regions from /home/muneeb/Downloads/BDA-Codebase/lncRNAs_only.bed ...
[GSM2099527_allc_9658]   11,071 lncRNA regions
[GSM2099527_allc_9658] Loading allc from /home/muneeb/Downloads/BDA-Codebase/GSE43857_RAW/GSM2099527_allc_9658.tsv ...
[GSM2099527_allc_9658]   37,701,003 cytosine records
[GSM2099527_allc_9658] Aggregating methylation per region ...
[GSM2099527_allc_9658]   Retained 10,887/11,071 regions (≥3 covered cytosine sites in at least one context)
[GSM2099527_allc_9658] Written → /home/muneeb/Downloads/BDA-Codebase/methylation_full_run/GSM2099527_allc_9658_lncRNA_methylation.tsv
[GSM2099528_allc_9659] Loading regions from /home/muneeb/Downloads/BDA-Codebase/lncRNAs_only.bed ...
[GSM2099528_allc_9659]   11,071 lncRNA regions
[GSM2099528_allc_9659] Loading allc from /home/muneeb/Downloads/BDA-Codebase/GSE43857_RAW/GSM2099528_allc_9659.tsv ...
[GSM2099528_allc_9659]   37,712,988 cytosine records
[GSM2099528_allc_9659] Aggregating methylation per region ...
[GSM2099528_allc_9659]   Retained 10,953/11,071 regions (≥3 covered cytosine sites in at least one context)
[GSM2099528_allc_9659] Written → /home/muneeb/Downloads/BDA-Codebase/methylation_full_run/GSM2099528_allc_9659_lncRNA_methylation.tsv
[GSM2099529_allc_9660] Loading regions from /home/muneeb/Downloads/BDA-Codebase/lncRNAs_only.bed ...
[GSM2099529_allc_9660]   11,071 lncRNA regions
[GSM2099529_allc_9660] Loading allc from /home/muneeb/Downloads/BDA-Codebase/GSE43857_RAW/GSM2099529_allc_9660.tsv ...
[GSM2099529_allc_9660]   37,873,767 cytosine records
[GSM2099529_allc_9660] Aggregating methylation per region ...
[GSM2099529_allc_9660]   Retained 10,870/11,071 regions (≥3 covered cytosine sites in at least one context)
[GSM2099529_allc_9660] Written → /home/muneeb/Downloads/BDA-Codebase/methylation_full_run/GSM2099529_allc_9660_lncRNA_methylation.tsv
[GSM2099530_allc_9661] Loading regions from /home/muneeb/Downloads/BDA-Codebase/lncRNAs_only.bed ...
[GSM2099530_allc_9661]   11,071 lncRNA regions
[GSM2099530_allc_9661] Loading allc from /home/muneeb/Downloads/BDA-Codebase/GSE43857_RAW/GSM2099530_allc_9661.tsv ...
[GSM2099530_allc_9661]   37,702,508 cytosine records
[GSM2099530_allc_9661] Aggregating methylation per region ...
[GSM2099530_allc_9661]   Retained 10,863/11,071 regions (≥3 covered cytosine sites in at least one context)
[GSM2099530_allc_9661] Written → /home/muneeb/Downloads/BDA-Codebase/methylation_full_run/GSM2099530_allc_9661_lncRNA_methylation.tsv
[GSM2099531_allc_9662] Loading regions from /home/muneeb/Downloads/BDA-Codebase/lncRNAs_only.bed ...
[GSM2099531_allc_9662]   11,071 lncRNA regions
[GSM2099531_allc_9662] Loading allc from /home/muneeb/Downloads/BDA-Codebase/GSE43857_RAW/GSM2099531_allc_9662.tsv ...
[GSM2099531_allc_9662]   36,090,070 cytosine records
[GSM2099531_allc_9662] Aggregating methylation per region ...
[GSM2099531_allc_9662]   Retained 10,731/11,071 regions (≥3 covered cytosine sites in at least one context)
[GSM2099531_allc_9662] Written → /home/muneeb/Downloads/BDA-Codebase/methylation_full_run/GSM2099531_allc_9662_lncRNA_methylation.tsv
[GSM2099533_allc_9671] Loading regions from /home/muneeb/Downloads/BDA-Codebase/lncRNAs_only.bed ...
[GSM2099533_allc_9671]   11,071 lncRNA regions
[GSM2099533_allc_9671] Loading allc from /home/muneeb/Downloads/BDA-Codebase/GSE43857_RAW/GSM2099533_allc_9671.tsv ...
[GSM2099533_allc_9671]   38,050,646 cytosine records
[GSM2099533_allc_9671] Aggregating methylation per region ...
[GSM2099533_allc_9671]   Retained 10,812/11,071 regions (≥3 covered cytosine sites in at least one context)
[GSM2099533_allc_9671] Written → /home/muneeb/Downloads/BDA-Codebase/methylation_full_run/GSM2099533_allc_9671_lncRNA_methylation.tsv
[GSM2099534_allc_9676] Loading regions from /home/muneeb/Downloads/BDA-Codebase/lncRNAs_only.bed ...
[GSM2099534_allc_9676]   11,071 lncRNA regions
[GSM2099534_allc_9676] Loading allc from /home/muneeb/Downloads/BDA-Codebase/GSE43857_RAW/GSM2099534_allc_9676.tsv ...
[GSM2099534_allc_9676]   37,853,161 cytosine records
[GSM2099534_allc_9676] Aggregating methylation per region ...
[GSM2099534_allc_9676]   Retained 10,804/11,071 regions (≥3 covered cytosine sites in at least one context)
[GSM2099534_allc_9676] Written → /home/muneeb/Downloads/BDA-Codebase/methylation_full_run/GSM2099534_allc_9676_lncRNA_methylation.tsv
[GSM2099535_allc_9678] Loading regions from /home/muneeb/Downloads/BDA-Codebase/lncRNAs_only.bed ...
[GSM2099535_allc_9678]   11,071 lncRNA regions
[GSM2099535_allc_9678] Loading allc from /home/muneeb/Downloads/BDA-Codebase/GSE43857_RAW/GSM2099535_allc_9678.tsv ...
[GSM2099535_allc_9678]   37,507,119 cytosine records
[GSM2099535_allc_9678] Aggregating methylation per region ...
[GSM2099535_allc_9678]   Retained 10,810/11,071 regions (≥3 covered cytosine sites in at least one context)
[GSM2099535_allc_9678] Written → /home/muneeb/Downloads/BDA-Codebase/methylation_full_run/GSM2099535_allc_9678_lncRNA_methylation.tsv
[GSM2099537_allc_9684] Loading regions from /home/muneeb/Downloads/BDA-Codebase/lncRNAs_only.bed ...
[GSM2099537_allc_9684]   11,071 lncRNA regions
[GSM2099537_allc_9684] Loading allc from /home/muneeb/Downloads/BDA-Codebase/GSE43857_RAW/GSM2099537_allc_9684.tsv ...
[GSM2099537_allc_9684]   37,252,327 cytosine records
[GSM2099537_allc_9684] Aggregating methylation per region ...
[GSM2099537_allc_9684]   Retained 10,730/11,071 regions (≥3 covered cytosine sites in at least one context)
[GSM2099537_allc_9684] Written → /home/muneeb/Downloads/BDA-Codebase/methylation_full_run/GSM2099537_allc_9684_lncRNA_methylation.tsv
[GSM2099532_allc_9668] Loading regions from /home/muneeb/Downloads/BDA-Codebase/lncRNAs_only.bed ...
[GSM2099532_allc_9668]   11,071 lncRNA regions
[GSM2099532_allc_9668] Loading allc from /home/muneeb/Downloads/BDA-Codebase/GSE43857_RAW/GSM2099532_allc_9668.tsv ...
[GSM2099532_allc_9668]   38,741,930 cytosine records
[GSM2099532_allc_9668] Aggregating methylation per region ...
[GSM2099532_allc_9668]   Retained 10,939/11,071 regions (≥3 covered cytosine sites in at least one context)
[GSM2099532_allc_9668] Written → /home/muneeb/Downloads/BDA-Codebase/methylation_full_run/GSM2099532_allc_9668_lncRNA_methylation.tsv
[GSM2099538_allc_9690] Loading regions from /home/muneeb/Downloads/BDA-Codebase/lncRNAs_only.bed ...
[GSM2099538_allc_9690]   11,071 lncRNA regions
[GSM2099538_allc_9690] Loading allc from /home/muneeb/Downloads/BDA-Codebase/GSE43857_RAW/GSM2099538_allc_9690.tsv ...
[GSM2099538_allc_9690]   37,537,759 cytosine records
[GSM2099538_allc_9690] Aggregating methylation per region ...
[GSM2099538_allc_9690]   Retained 10,800/11,071 regions (≥3 covered cytosine sites in at least one context)
[GSM2099538_allc_9690] Written → /home/muneeb/Downloads/BDA-Codebase/methylation_full_run/GSM2099538_allc_9690_lncRNA_methylation.tsv
[GSM2099539_allc_9693] Loading regions from /home/muneeb/Downloads/BDA-Codebase/lncRNAs_only.bed ...
[GSM2099539_allc_9693]   11,071 lncRNA regions
[GSM2099539_allc_9693] Loading allc from /home/muneeb/Downloads/BDA-Codebase/GSE43857_RAW/GSM2099539_allc_9693.tsv ...
[GSM2099539_allc_9693]   38,243,902 cytosine records
[GSM2099539_allc_9693] Aggregating methylation per region ...
[GSM2099539_allc_9693]   Retained 10,848/11,071 regions (≥3 covered cytosine sites in at least one context)
[GSM2099539_allc_9693] Written → /home/muneeb/Downloads/BDA-Codebase/methylation_full_run/GSM2099539_allc_9693_lncRNA_methylation.tsv
[GSM2099540_allc_9694] Loading regions from /home/muneeb/Downloads/BDA-Codebase/lncRNAs_only.bed ...
[GSM2099540_allc_9694]   11,071 lncRNA regions
[GSM2099540_allc_9694] Loading allc from /home/muneeb/Downloads/BDA-Codebase/GSE43857_RAW/GSM2099540_allc_9694.tsv ...
[GSM2099540_allc_9694]   34,859,344 cytosine records
[GSM2099540_allc_9694] Aggregating methylation per region ...
[GSM2099540_allc_9694]   Retained 10,717/11,071 regions (≥3 covered cytosine sites in at least one context)
[GSM2099540_allc_9694] Written → /home/muneeb/Downloads/BDA-Codebase/methylation_full_run/GSM2099540_allc_9694_lncRNA_methylation.tsv
[GSM2099536_allc_9679] Loading regions from /home/muneeb/Downloads/BDA-Codebase/lncRNAs_only.bed ...
[GSM2099536_allc_9679]   11,071 lncRNA regions
[GSM2099536_allc_9679] Loading allc from /home/muneeb/Downloads/BDA-Codebase/GSE43857_RAW/GSM2099536_allc_9679.tsv ...
[GSM2099536_allc_9679]   39,509,394 cytosine records
[GSM2099536_allc_9679] Aggregating methylation per region ...
[GSM2099536_allc_9679]   Retained 10,934/11,071 regions (≥3 covered cytosine sites in at least one context)
[GSM2099536_allc_9679] Written → /home/muneeb/Downloads/BDA-Codebase/methylation_full_run/GSM2099536_allc_9679_lncRNA_methylation.tsv
[GSM2099542_allc_9697] Loading regions from /home/muneeb/Downloads/BDA-Codebase/lncRNAs_only.bed ...
[GSM2099542_allc_9697]   11,071 lncRNA regions
[GSM2099542_allc_9697] Loading allc from /home/muneeb/Downloads/BDA-Codebase/GSE43857_RAW/GSM2099542_allc_9697.tsv ...
[GSM2099542_allc_9697]   37,470,434 cytosine records
[GSM2099542_allc_9697] Aggregating methylation per region ...
[GSM2099542_allc_9697]   Retained 10,868/11,071 regions (≥3 covered cytosine sites in at least one context)
[GSM2099542_allc_9697] Written → /home/muneeb/Downloads/BDA-Codebase/methylation_full_run/GSM2099542_allc_9697_lncRNA_methylation.tsv
[GSM2099544_allc_9699] Loading regions from /home/muneeb/Downloads/BDA-Codebase/lncRNAs_only.bed ...
[GSM2099544_allc_9699]   11,071 lncRNA regions
[GSM2099544_allc_9699] Loading allc from /home/muneeb/Downloads/BDA-Codebase/GSE43857_RAW/GSM2099544_allc_9699.tsv ...
[GSM2099544_allc_9699]   37,638,107 cytosine records
[GSM2099544_allc_9699] Aggregating methylation per region ...
[GSM2099544_allc_9699]   Retained 10,802/11,071 regions (≥3 covered cytosine sites in at least one context)
[GSM2099544_allc_9699] Written → /home/muneeb/Downloads/BDA-Codebase/methylation_full_run/GSM2099544_allc_9699_lncRNA_methylation.tsv
[GSM2099541_allc_9696] Loading regions from /home/muneeb/Downloads/BDA-Codebase/lncRNAs_only.bed ...
[GSM2099541_allc_9696]   11,071 lncRNA regions
[GSM2099541_allc_9696] Loading allc from /home/muneeb/Downloads/BDA-Codebase/GSE43857_RAW/GSM2099541_allc_9696.tsv ...
[GSM2099541_allc_9696]   37,838,784 cytosine records
[GSM2099541_allc_9696] Aggregating methylation per region ...
[GSM2099541_allc_9696]   Retained 10,850/11,071 regions (≥3 covered cytosine sites in at least one context)
[GSM2099541_allc_9696] Written → /home/muneeb/Downloads/BDA-Codebase/methylation_full_run/GSM2099541_allc_9696_lncRNA_methylation.tsv
[GSM2099546_allc_9701] Loading regions from /home/muneeb/Downloads/BDA-Codebase/lncRNAs_only.bed ...
[GSM2099546_allc_9701]   11,071 lncRNA regions
[GSM2099546_allc_9701] Loading allc from /home/muneeb/Downloads/BDA-Codebase/GSE43857_RAW/GSM2099546_allc_9701.tsv ...
[GSM2099546_allc_9701]   37,457,479 cytosine records
[GSM2099546_allc_9701] Aggregating methylation per region ...
[GSM2099546_allc_9701]   Retained 10,815/11,071 regions (≥3 covered cytosine sites in at least one context)
[GSM2099546_allc_9701] Written → /home/muneeb/Downloads/BDA-Codebase/methylation_full_run/GSM2099546_allc_9701_lncRNA_methylation.tsv
[GSM2099547_allc_9702] Loading regions from /home/muneeb/Downloads/BDA-Codebase/lncRNAs_only.bed ...
[GSM2099547_allc_9702]   11,071 lncRNA regions
[GSM2099547_allc_9702] Loading allc from /home/muneeb/Downloads/BDA-Codebase/GSE43857_RAW/GSM2099547_allc_9702.tsv ...
[GSM2099547_allc_9702]   36,941,190 cytosine records
[GSM2099547_allc_9702] Aggregating methylation per region ...
[GSM2099547_allc_9702]   Retained 10,764/11,071 regions (≥3 covered cytosine sites in at least one context)
[GSM2099547_allc_9702] Written → /home/muneeb/Downloads/BDA-Codebase/methylation_full_run/GSM2099547_allc_9702_lncRNA_methylation.tsv
[GSM2099548_allc_9703] Loading regions from /home/muneeb/Downloads/BDA-Codebase/lncRNAs_only.bed ...
[GSM2099548_allc_9703]   11,071 lncRNA regions
[GSM2099548_allc_9703] Loading allc from /home/muneeb/Downloads/BDA-Codebase/GSE43857_RAW/GSM2099548_allc_9703.tsv ...
[GSM2099548_allc_9703]   37,798,867 cytosine records
[GSM2099548_allc_9703] Aggregating methylation per region ...
[GSM2099548_allc_9703]   Retained 10,785/11,071 regions (≥3 covered cytosine sites in at least one context)
[GSM2099548_allc_9703] Written → /home/muneeb/Downloads/BDA-Codebase/methylation_full_run/GSM2099548_allc_9703_lncRNA_methylation.tsv
[GSM2099549_allc_9704] Loading regions from /home/muneeb/Downloads/BDA-Codebase/lncRNAs_only.bed ...
[GSM2099549_allc_9704]   11,071 lncRNA regions
[GSM2099549_allc_9704] Loading allc from /home/muneeb/Downloads/BDA-Codebase/GSE43857_RAW/GSM2099549_allc_9704.tsv ...
[GSM2099549_allc_9704]   37,724,728 cytosine records
[GSM2099549_allc_9704] Aggregating methylation per region ...
[GSM2099549_allc_9704]   Retained 10,855/11,071 regions (≥3 covered cytosine sites in at least one context)
[GSM2099549_allc_9704] Written → /home/muneeb/Downloads/BDA-Codebase/methylation_full_run/GSM2099549_allc_9704_lncRNA_methylation.tsv
[GSM2099550_allc_9705] Loading regions from /home/muneeb/Downloads/BDA-Codebase/lncRNAs_only.bed ...
[GSM2099550_allc_9705]   11,071 lncRNA regions
[GSM2099550_allc_9705] Loading allc from /home/muneeb/Downloads/BDA-Codebase/GSE43857_RAW/GSM2099550_allc_9705.tsv ...
[GSM2099550_allc_9705]   37,860,140 cytosine records
[GSM2099550_allc_9705] Aggregating methylation per region ...
[GSM2099550_allc_9705]   Retained 10,870/11,071 regions (≥3 covered cytosine sites in at least one context)
[GSM2099550_allc_9705] Written → /home/muneeb/Downloads/BDA-Codebase/methylation_full_run/GSM2099550_allc_9705_lncRNA_methylation.tsv
[GSM2099543_allc_9698] Loading regions from /home/muneeb/Downloads/BDA-Codebase/lncRNAs_only.bed ...
[GSM2099543_allc_9698]   11,071 lncRNA regions
[GSM2099543_allc_9698] Loading allc from /home/muneeb/Downloads/BDA-Codebase/GSE43857_RAW/GSM2099543_allc_9698.tsv ...
[GSM2099543_allc_9698]   38,820,131 cytosine records
[GSM2099543_allc_9698] Aggregating methylation per region ...
[GSM2099543_allc_9698]   Retained 10,879/11,071 regions (≥3 covered cytosine sites in at least one context)
[GSM2099543_allc_9698] Written → /home/muneeb/Downloads/BDA-Codebase/methylation_full_run/GSM2099543_allc_9698_lncRNA_methylation.tsv
[GSM2099552_allc_9707] Loading regions from /home/muneeb/Downloads/BDA-Codebase/lncRNAs_only.bed ...
[GSM2099552_allc_9707]   11,071 lncRNA regions
[GSM2099552_allc_9707] Loading allc from /home/muneeb/Downloads/BDA-Codebase/GSE43857_RAW/GSM2099552_allc_9707.tsv ...
[GSM2099552_allc_9707]   37,552,995 cytosine records
[GSM2099552_allc_9707] Aggregating methylation per region ...
[GSM2099552_allc_9707]   Retained 10,876/11,071 regions (≥3 covered cytosine sites in at least one context)
[GSM2099552_allc_9707] Written → /home/muneeb/Downloads/BDA-Codebase/methylation_full_run/GSM2099552_allc_9707_lncRNA_methylation.tsv
[GSM2099551_allc_9706] Loading regions from /home/muneeb/Downloads/BDA-Codebase/lncRNAs_only.bed ...
[GSM2099551_allc_9706]   11,071 lncRNA regions
[GSM2099551_allc_9706] Loading allc from /home/muneeb/Downloads/BDA-Codebase/GSE43857_RAW/GSM2099551_allc_9706.tsv ...
[GSM2099551_allc_9706]   38,383,399 cytosine records
[GSM2099551_allc_9706] Aggregating methylation per region ...
[GSM2099551_allc_9706]   Retained 10,914/11,071 regions (≥3 covered cytosine sites in at least one context)
[GSM2099551_allc_9706] Written → /home/muneeb/Downloads/BDA-Codebase/methylation_full_run/GSM2099551_allc_9706_lncRNA_methylation.tsv
[GSM2099545_allc_9700] Loading regions from /home/muneeb/Downloads/BDA-Codebase/lncRNAs_only.bed ...
[GSM2099545_allc_9700]   11,071 lncRNA regions
[GSM2099545_allc_9700] Loading allc from /home/muneeb/Downloads/BDA-Codebase/GSE43857_RAW/GSM2099545_allc_9700.tsv ...
[GSM2099545_allc_9700]   39,106,207 cytosine records
[GSM2099545_allc_9700] Aggregating methylation per region ...
[GSM2099545_allc_9700]   Retained 10,918/11,071 regions (≥3 covered cytosine sites in at least one context)
[GSM2099545_allc_9700] Written → /home/muneeb/Downloads/BDA-Codebase/methylation_full_run/GSM2099545_allc_9700_lncRNA_methylation.tsv
[GSM2099554_allc_9709] Loading regions from /home/muneeb/Downloads/BDA-Codebase/lncRNAs_only.bed ...
[GSM2099554_allc_9709]   11,071 lncRNA regions
[GSM2099554_allc_9709] Loading allc from /home/muneeb/Downloads/BDA-Codebase/GSE43857_RAW/GSM2099554_allc_9709.tsv ...
[GSM2099554_allc_9709]   32,051,275 cytosine records
[GSM2099554_allc_9709] Aggregating methylation per region ...
[GSM2099554_allc_9709]   Retained 10,768/11,071 regions (≥3 covered cytosine sites in at least one context)
[GSM2099554_allc_9709] Written → /home/muneeb/Downloads/BDA-Codebase/methylation_full_run/GSM2099554_allc_9709_lncRNA_methylation.tsv
[GSM2099553_allc_9708] Loading regions from /home/muneeb/Downloads/BDA-Codebase/lncRNAs_only.bed ...
[GSM2099553_allc_9708]   11,071 lncRNA regions
[GSM2099553_allc_9708] Loading allc from /home/muneeb/Downloads/BDA-Codebase/GSE43857_RAW/GSM2099553_allc_9708.tsv ...
[GSM2099553_allc_9708]   38,442,096 cytosine records
[GSM2099553_allc_9708] Aggregating methylation per region ...
[GSM2099553_allc_9708]   Retained 10,878/11,071 regions (≥3 covered cytosine sites in at least one context)
[GSM2099553_allc_9708] Written → /home/muneeb/Downloads/BDA-Codebase/methylation_full_run/GSM2099553_allc_9708_lncRNA_methylation.tsv
[GSM2099555_allc_9710] Loading regions from /home/muneeb/Downloads/BDA-Codebase/lncRNAs_only.bed ...
[GSM2099555_allc_9710]   11,071 lncRNA regions
[GSM2099555_allc_9710] Loading allc from /home/muneeb/Downloads/BDA-Codebase/GSE43857_RAW/GSM2099555_allc_9710.tsv ...
[GSM2099555_allc_9710]   37,118,237 cytosine records
[GSM2099555_allc_9710] Aggregating methylation per region ...
[GSM2099555_allc_9710]   Retained 10,771/11,071 regions (≥3 covered cytosine sites in at least one context)
[GSM2099555_allc_9710] Written → /home/muneeb/Downloads/BDA-Codebase/methylation_full_run/GSM2099555_allc_9710_lncRNA_methylation.tsv
[GSM2099556_allc_9713] Loading regions from /home/muneeb/Downloads/BDA-Codebase/lncRNAs_only.bed ...
[GSM2099556_allc_9713]   11,071 lncRNA regions
[GSM2099556_allc_9713] Loading allc from /home/muneeb/Downloads/BDA-Codebase/GSE43857_RAW/GSM2099556_allc_9713.tsv ...
[GSM2099556_allc_9713]   36,610,897 cytosine records
[GSM2099556_allc_9713] Aggregating methylation per region ...
[GSM2099556_allc_9713]   Retained 10,806/11,071 regions (≥3 covered cytosine sites in at least one context)
[GSM2099556_allc_9713] Written → /home/muneeb/Downloads/BDA-Codebase/methylation_full_run/GSM2099556_allc_9713_lncRNA_methylation.tsv
[GSM2099557_allc_9714] Loading regions from /home/muneeb/Downloads/BDA-Codebase/lncRNAs_only.bed ...
[GSM2099557_allc_9714]   11,071 lncRNA regions
[GSM2099557_allc_9714] Loading allc from /home/muneeb/Downloads/BDA-Codebase/GSE43857_RAW/GSM2099557_allc_9714.tsv ...
[GSM2099557_allc_9714]   37,400,466 cytosine records
[GSM2099557_allc_9714] Aggregating methylation per region ...
[GSM2099557_allc_9714]   Retained 10,856/11,071 regions (≥3 covered cytosine sites in at least one context)
[GSM2099557_allc_9714] Written → /home/muneeb/Downloads/BDA-Codebase/methylation_full_run/GSM2099557_allc_9714_lncRNA_methylation.tsv
[GSM2099558_allc_9716] Loading regions from /home/muneeb/Downloads/BDA-Codebase/lncRNAs_only.bed ...
[GSM2099558_allc_9716]   11,071 lncRNA regions
[GSM2099558_allc_9716] Loading allc from /home/muneeb/Downloads/BDA-Codebase/GSE43857_RAW/GSM2099558_allc_9716.tsv ...
[GSM2099558_allc_9716]   38,461,336 cytosine records
[GSM2099558_allc_9716] Aggregating methylation per region ...
[GSM2099558_allc_9716]   Retained 10,880/11,071 regions (≥3 covered cytosine sites in at least one context)
[GSM2099558_allc_9716] Written → /home/muneeb/Downloads/BDA-Codebase/methylation_full_run/GSM2099558_allc_9716_lncRNA_methylation.tsv
[GSM2099559_allc_9717] Loading regions from /home/muneeb/Downloads/BDA-Codebase/lncRNAs_only.bed ...
[GSM2099559_allc_9717]   11,071 lncRNA regions
[GSM2099559_allc_9717] Loading allc from /home/muneeb/Downloads/BDA-Codebase/GSE43857_RAW/GSM2099559_allc_9717.tsv ...
[GSM2099559_allc_9717]   37,172,176 cytosine records
[GSM2099559_allc_9717] Aggregating methylation per region ...
[GSM2099559_allc_9717]   Retained 10,764/11,071 regions (≥3 covered cytosine sites in at least one context)
[GSM2099559_allc_9717] Written → /home/muneeb/Downloads/BDA-Codebase/methylation_full_run/GSM2099559_allc_9717_lncRNA_methylation.tsv
[GSM2099560_allc_9718] Loading regions from /home/muneeb/Downloads/BDA-Codebase/lncRNAs_only.bed ...
[GSM2099560_allc_9718]   11,071 lncRNA regions
[GSM2099560_allc_9718] Loading allc from /home/muneeb/Downloads/BDA-Codebase/GSE43857_RAW/GSM2099560_allc_9718.tsv ...
[GSM2099560_allc_9718]   38,143,755 cytosine records
[GSM2099560_allc_9718] Aggregating methylation per region ...
[GSM2099560_allc_9718]   Retained 10,876/11,071 regions (≥3 covered cytosine sites in at least one context)
[GSM2099560_allc_9718] Written → /home/muneeb/Downloads/BDA-Codebase/methylation_full_run/GSM2099560_allc_9718_lncRNA_methylation.tsv
[GSM2099561_allc_9719] Loading regions from /home/muneeb/Downloads/BDA-Codebase/lncRNAs_only.bed ...
[GSM2099561_allc_9719]   11,071 lncRNA regions
[GSM2099561_allc_9719] Loading allc from /home/muneeb/Downloads/BDA-Codebase/GSE43857_RAW/GSM2099561_allc_9719.tsv ...
[GSM2099561_allc_9719]   36,867,174 cytosine records
[GSM2099561_allc_9719] Aggregating methylation per region ...
[GSM2099561_allc_9719]   Retained 10,756/11,071 regions (≥3 covered cytosine sites in at least one context)
[GSM2099561_allc_9719] Written → /home/muneeb/Downloads/BDA-Codebase/methylation_full_run/GSM2099561_allc_9719_lncRNA_methylation.tsv
[GSM2099563_allc_9722] Loading regions from /home/muneeb/Downloads/BDA-Codebase/lncRNAs_only.bed ...
[GSM2099563_allc_9722]   11,071 lncRNA regions
[GSM2099563_allc_9722] Loading allc from /home/muneeb/Downloads/BDA-Codebase/GSE43857_RAW/GSM2099563_allc_9722.tsv ...
[GSM2099563_allc_9722]   37,791,521 cytosine records
[GSM2099563_allc_9722] Aggregating methylation per region ...
[GSM2099563_allc_9722]   Retained 10,837/11,071 regions (≥3 covered cytosine sites in at least one context)
[GSM2099563_allc_9722] Written → /home/muneeb/Downloads/BDA-Codebase/methylation_full_run/GSM2099563_allc_9722_lncRNA_methylation.tsv
[GSM2099566_allc_9727] Loading regions from /home/muneeb/Downloads/BDA-Codebase/lncRNAs_only.bed ...
[GSM2099566_allc_9727]   11,071 lncRNA regions
[GSM2099566_allc_9727] Loading allc from /home/muneeb/Downloads/BDA-Codebase/GSE43857_RAW/GSM2099566_allc_9727.tsv ...
[GSM2099566_allc_9727]   33,598,388 cytosine records
[GSM2099566_allc_9727] Aggregating methylation per region ...
[GSM2099566_allc_9727]   Retained 10,770/11,071 regions (≥3 covered cytosine sites in at least one context)
[GSM2099566_allc_9727] Written → /home/muneeb/Downloads/BDA-Codebase/methylation_full_run/GSM2099566_allc_9727_lncRNA_methylation.tsv
[GSM2099567_allc_9728] Loading regions from /home/muneeb/Downloads/BDA-Codebase/lncRNAs_only.bed ...
[GSM2099567_allc_9728]   11,071 lncRNA regions
[GSM2099567_allc_9728] Loading allc from /home/muneeb/Downloads/BDA-Codebase/GSE43857_RAW/GSM2099567_allc_9728.tsv ...
[GSM2099567_allc_9728]   37,454,818 cytosine records
[GSM2099567_allc_9728] Aggregating methylation per region ...
[GSM2099567_allc_9728]   Retained 10,832/11,071 regions (≥3 covered cytosine sites in at least one context)
[GSM2099567_allc_9728] Written → /home/muneeb/Downloads/BDA-Codebase/methylation_full_run/GSM2099567_allc_9728_lncRNA_methylation.tsv
[GSM2099562_allc_9721] Loading regions from /home/muneeb/Downloads/BDA-Codebase/lncRNAs_only.bed ...
[GSM2099562_allc_9721]   11,071 lncRNA regions
[GSM2099562_allc_9721] Loading allc from /home/muneeb/Downloads/BDA-Codebase/GSE43857_RAW/GSM2099562_allc_9721.tsv ...
[GSM2099562_allc_9721]   39,370,563 cytosine records
[GSM2099562_allc_9721] Aggregating methylation per region ...
[GSM2099562_allc_9721]   Retained 10,937/11,071 regions (≥3 covered cytosine sites in at least one context)
[GSM2099562_allc_9721] Written → /home/muneeb/Downloads/BDA-Codebase/methylation_full_run/GSM2099562_allc_9721_lncRNA_methylation.tsv
[GSM2099569_allc_9730] Loading regions from /home/muneeb/Downloads/BDA-Codebase/lncRNAs_only.bed ...
[GSM2099569_allc_9730]   11,071 lncRNA regions
[GSM2099569_allc_9730] Loading allc from /home/muneeb/Downloads/BDA-Codebase/GSE43857_RAW/GSM2099569_allc_9730.tsv ...
[GSM2099569_allc_9730]   37,122,123 cytosine records
[GSM2099569_allc_9730] Aggregating methylation per region ...
[GSM2099569_allc_9730]   Retained 10,811/11,071 regions (≥3 covered cytosine sites in at least one context)
[GSM2099569_allc_9730] Written → /home/muneeb/Downloads/BDA-Codebase/methylation_full_run/GSM2099569_allc_9730_lncRNA_methylation.tsv
[GSM2099568_allc_9729] Loading regions from /home/muneeb/Downloads/BDA-Codebase/lncRNAs_only.bed ...
[GSM2099568_allc_9729]   11,071 lncRNA regions
[GSM2099568_allc_9729] Loading allc from /home/muneeb/Downloads/BDA-Codebase/GSE43857_RAW/GSM2099568_allc_9729.tsv ...
[GSM2099568_allc_9729]   37,963,714 cytosine records
[GSM2099568_allc_9729] Aggregating methylation per region ...
[GSM2099568_allc_9729]   Retained 10,831/11,071 regions (≥3 covered cytosine sites in at least one context)
[GSM2099568_allc_9729] Written → /home/muneeb/Downloads/BDA-Codebase/methylation_full_run/GSM2099568_allc_9729_lncRNA_methylation.tsv
[GSM2099570_allc_9732] Loading regions from /home/muneeb/Downloads/BDA-Codebase/lncRNAs_only.bed ...
[GSM2099570_allc_9732]   11,071 lncRNA regions
[GSM2099570_allc_9732] Loading allc from /home/muneeb/Downloads/BDA-Codebase/GSE43857_RAW/GSM2099570_allc_9732.tsv ...
[GSM2099570_allc_9732]   38,060,558 cytosine records
[GSM2099570_allc_9732] Aggregating methylation per region ...
[GSM2099570_allc_9732]   Retained 10,804/11,071 regions (≥3 covered cytosine sites in at least one context)
[GSM2099570_allc_9732] Written → /home/muneeb/Downloads/BDA-Codebase/methylation_full_run/GSM2099570_allc_9732_lncRNA_methylation.tsv
[GSM2099565_allc_9726] Loading regions from /home/muneeb/Downloads/BDA-Codebase/lncRNAs_only.bed ...
[GSM2099565_allc_9726]   11,071 lncRNA regions
[GSM2099565_allc_9726] Loading allc from /home/muneeb/Downloads/BDA-Codebase/GSE43857_RAW/GSM2099565_allc_9726.tsv ...
[GSM2099565_allc_9726]   39,038,473 cytosine records
[GSM2099565_allc_9726] Aggregating methylation per region ...
[GSM2099565_allc_9726]   Retained 10,913/11,071 regions (≥3 covered cytosine sites in at least one context)
[GSM2099565_allc_9726] Written → /home/muneeb/Downloads/BDA-Codebase/methylation_full_run/GSM2099565_allc_9726_lncRNA_methylation.tsv
[GSM2099571_allc_9733] Loading regions from /home/muneeb/Downloads/BDA-Codebase/lncRNAs_only.bed ...
[GSM2099571_allc_9733]   11,071 lncRNA regions
[GSM2099571_allc_9733] Loading allc from /home/muneeb/Downloads/BDA-Codebase/GSE43857_RAW/GSM2099571_allc_9733.tsv ...
[GSM2099571_allc_9733]   37,851,715 cytosine records
[GSM2099571_allc_9733] Aggregating methylation per region ...
[GSM2099571_allc_9733]   Retained 10,789/11,071 regions (≥3 covered cytosine sites in at least one context)
[GSM2099571_allc_9733] Written → /home/muneeb/Downloads/BDA-Codebase/methylation_full_run/GSM2099571_allc_9733_lncRNA_methylation.tsv
[GSM2099572_allc_9734] Loading regions from /home/muneeb/Downloads/BDA-Codebase/lncRNAs_only.bed ...
[GSM2099572_allc_9734]   11,071 lncRNA regions
[GSM2099572_allc_9734] Loading allc from /home/muneeb/Downloads/BDA-Codebase/GSE43857_RAW/GSM2099572_allc_9734.tsv ...
[GSM2099572_allc_9734]   36,909,876 cytosine records
[GSM2099572_allc_9734] Aggregating methylation per region ...
[GSM2099572_allc_9734]   Retained 10,808/11,071 regions (≥3 covered cytosine sites in at least one context)
[GSM2099572_allc_9734] Written → /home/muneeb/Downloads/BDA-Codebase/methylation_full_run/GSM2099572_allc_9734_lncRNA_methylation.tsv
[GSM2099573_allc_9736] Loading regions from /home/muneeb/Downloads/BDA-Codebase/lncRNAs_only.bed ...
[GSM2099573_allc_9736]   11,071 lncRNA regions
[GSM2099573_allc_9736] Loading allc from /home/muneeb/Downloads/BDA-Codebase/GSE43857_RAW/GSM2099573_allc_9736.tsv ...
[GSM2099573_allc_9736]   37,544,521 cytosine records
[GSM2099573_allc_9736] Aggregating methylation per region ...
[GSM2099573_allc_9736]   Retained 10,772/11,071 regions (≥3 covered cytosine sites in at least one context)
[GSM2099573_allc_9736] Written → /home/muneeb/Downloads/BDA-Codebase/methylation_full_run/GSM2099573_allc_9736_lncRNA_methylation.tsv
[GSM2099564_allc_9723] Loading regions from /home/muneeb/Downloads/BDA-Codebase/lncRNAs_only.bed ...
[GSM2099564_allc_9723]   11,071 lncRNA regions
[GSM2099564_allc_9723] Loading allc from /home/muneeb/Downloads/BDA-Codebase/GSE43857_RAW/GSM2099564_allc_9723.tsv ...
[GSM2099564_allc_9723]   38,953,022 cytosine records
[GSM2099564_allc_9723] Aggregating methylation per region ...
[GSM2099564_allc_9723]   Retained 10,888/11,071 regions (≥3 covered cytosine sites in at least one context)
[GSM2099564_allc_9723] Written → /home/muneeb/Downloads/BDA-Codebase/methylation_full_run/GSM2099564_allc_9723_lncRNA_methylation.tsv
[GSM2099574_allc_9737] Loading regions from /home/muneeb/Downloads/BDA-Codebase/lncRNAs_only.bed ...
[GSM2099574_allc_9737]   11,071 lncRNA regions
[GSM2099574_allc_9737] Loading allc from /home/muneeb/Downloads/BDA-Codebase/GSE43857_RAW/GSM2099574_allc_9737.tsv ...
[GSM2099574_allc_9737]   37,691,511 cytosine records
[GSM2099574_allc_9737] Aggregating methylation per region ...
[GSM2099574_allc_9737]   Retained 10,857/11,071 regions (≥3 covered cytosine sites in at least one context)
[GSM2099574_allc_9737] Written → /home/muneeb/Downloads/BDA-Codebase/methylation_full_run/GSM2099574_allc_9737_lncRNA_methylation.tsv
[GSM2099576_allc_9739] Loading regions from /home/muneeb/Downloads/BDA-Codebase/lncRNAs_only.bed ...
[GSM2099576_allc_9739]   11,071 lncRNA regions
[GSM2099576_allc_9739] Loading allc from /home/muneeb/Downloads/BDA-Codebase/GSE43857_RAW/GSM2099576_allc_9739.tsv ...
[GSM2099576_allc_9739]   37,071,534 cytosine records
[GSM2099576_allc_9739] Aggregating methylation per region ...
[GSM2099576_allc_9739]   Retained 10,828/11,071 regions (≥3 covered cytosine sites in at least one context)
[GSM2099576_allc_9739] Written → /home/muneeb/Downloads/BDA-Codebase/methylation_full_run/GSM2099576_allc_9739_lncRNA_methylation.tsv
[GSM2099575_allc_9738] Loading regions from /home/muneeb/Downloads/BDA-Codebase/lncRNAs_only.bed ...
[GSM2099575_allc_9738]   11,071 lncRNA regions
[GSM2099575_allc_9738] Loading allc from /home/muneeb/Downloads/BDA-Codebase/GSE43857_RAW/GSM2099575_allc_9738.tsv ...
[GSM2099575_allc_9738]   38,275,255 cytosine records
[GSM2099575_allc_9738] Aggregating methylation per region ...
[GSM2099575_allc_9738]   Retained 10,887/11,071 regions (≥3 covered cytosine sites in at least one context)
[GSM2099575_allc_9738] Written → /home/muneeb/Downloads/BDA-Codebase/methylation_full_run/GSM2099575_allc_9738_lncRNA_methylation.tsv
[GSM2099577_allc_9741] Loading regions from /home/muneeb/Downloads/BDA-Codebase/lncRNAs_only.bed ...
[GSM2099577_allc_9741]   11,071 lncRNA regions
[GSM2099577_allc_9741] Loading allc from /home/muneeb/Downloads/BDA-Codebase/GSE43857_RAW/GSM2099577_allc_9741.tsv ...
[GSM2099577_allc_9741]   36,992,292 cytosine records
[GSM2099577_allc_9741] Aggregating methylation per region ...
[GSM2099577_allc_9741]   Retained 10,785/11,071 regions (≥3 covered cytosine sites in at least one context)
[GSM2099577_allc_9741] Written → /home/muneeb/Downloads/BDA-Codebase/methylation_full_run/GSM2099577_allc_9741_lncRNA_methylation.tsv
[GSM2099578_allc_9743] Loading regions from /home/muneeb/Downloads/BDA-Codebase/lncRNAs_only.bed ...
[GSM2099578_allc_9743]   11,071 lncRNA regions
[GSM2099578_allc_9743] Loading allc from /home/muneeb/Downloads/BDA-Codebase/GSE43857_RAW/GSM2099578_allc_9743.tsv ...
[GSM2099578_allc_9743]   36,709,997 cytosine records
[GSM2099578_allc_9743] Aggregating methylation per region ...
[GSM2099578_allc_9743]   Retained 10,750/11,071 regions (≥3 covered cytosine sites in at least one context)
[GSM2099578_allc_9743] Written → /home/muneeb/Downloads/BDA-Codebase/methylation_full_run/GSM2099578_allc_9743_lncRNA_methylation.tsv
[GSM2099579_allc_9744] Loading regions from /home/muneeb/Downloads/BDA-Codebase/lncRNAs_only.bed ...
[GSM2099579_allc_9744]   11,071 lncRNA regions
[GSM2099579_allc_9744] Loading allc from /home/muneeb/Downloads/BDA-Codebase/GSE43857_RAW/GSM2099579_allc_9744.tsv ...
[GSM2099579_allc_9744]   37,533,080 cytosine records
[GSM2099579_allc_9744] Aggregating methylation per region ...
[GSM2099579_allc_9744]   Retained 10,802/11,071 regions (≥3 covered cytosine sites in at least one context)
[GSM2099579_allc_9744] Written → /home/muneeb/Downloads/BDA-Codebase/methylation_full_run/GSM2099579_allc_9744_lncRNA_methylation.tsv
[GSM2099580_allc_9745] Loading regions from /home/muneeb/Downloads/BDA-Codebase/lncRNAs_only.bed ...
[GSM2099580_allc_9745]   11,071 lncRNA regions
[GSM2099580_allc_9745] Loading allc from /home/muneeb/Downloads/BDA-Codebase/GSE43857_RAW/GSM2099580_allc_9745.tsv ...
[GSM2099580_allc_9745]   36,795,222 cytosine records
[GSM2099580_allc_9745] Aggregating methylation per region ...
[GSM2099580_allc_9745]   Retained 10,747/11,071 regions (≥3 covered cytosine sites in at least one context)
[GSM2099580_allc_9745] Written → /home/muneeb/Downloads/BDA-Codebase/methylation_full_run/GSM2099580_allc_9745_lncRNA_methylation.tsv
[GSM2099581_allc_9746] Loading regions from /home/muneeb/Downloads/BDA-Codebase/lncRNAs_only.bed ...
[GSM2099581_allc_9746]   11,071 lncRNA regions
[GSM2099581_allc_9746] Loading allc from /home/muneeb/Downloads/BDA-Codebase/GSE43857_RAW/GSM2099581_allc_9746.tsv ...
[GSM2099581_allc_9746]   37,387,409 cytosine records
[GSM2099581_allc_9746] Aggregating methylation per region ...
[GSM2099581_allc_9746]   Retained 10,807/11,071 regions (≥3 covered cytosine sites in at least one context)
[GSM2099581_allc_9746] Written → /home/muneeb/Downloads/BDA-Codebase/methylation_full_run/GSM2099581_allc_9746_lncRNA_methylation.tsv
[GSM2099582_allc_9747] Loading regions from /home/muneeb/Downloads/BDA-Codebase/lncRNAs_only.bed ...
[GSM2099582_allc_9747]   11,071 lncRNA regions
[GSM2099582_allc_9747] Loading allc from /home/muneeb/Downloads/BDA-Codebase/GSE43857_RAW/GSM2099582_allc_9747.tsv ...
[GSM2099582_allc_9747]   37,712,607 cytosine records
[GSM2099582_allc_9747] Aggregating methylation per region ...
[GSM2099582_allc_9747]   Retained 10,834/11,071 regions (≥3 covered cytosine sites in at least one context)
[GSM2099582_allc_9747] Written → /home/muneeb/Downloads/BDA-Codebase/methylation_full_run/GSM2099582_allc_9747_lncRNA_methylation.tsv
[GSM2099583_allc_9749] Loading regions from /home/muneeb/Downloads/BDA-Codebase/lncRNAs_only.bed ...
[GSM2099583_allc_9749]   11,071 lncRNA regions
[GSM2099583_allc_9749] Loading allc from /home/muneeb/Downloads/BDA-Codebase/GSE43857_RAW/GSM2099583_allc_9749.tsv ...
[GSM2099583_allc_9749]   37,771,377 cytosine records
[GSM2099583_allc_9749] Aggregating methylation per region ...
[GSM2099583_allc_9749]   Retained 10,804/11,071 regions (≥3 covered cytosine sites in at least one context)
[GSM2099583_allc_9749] Written → /home/muneeb/Downloads/BDA-Codebase/methylation_full_run/GSM2099583_allc_9749_lncRNA_methylation.tsv
[GSM2099585_allc_9755] Loading regions from /home/muneeb/Downloads/BDA-Codebase/lncRNAs_only.bed ...
[GSM2099585_allc_9755]   11,071 lncRNA regions
[GSM2099585_allc_9755] Loading allc from /home/muneeb/Downloads/BDA-Codebase/GSE43857_RAW/GSM2099585_allc_9755.tsv ...
[GSM2099585_allc_9755]   37,182,515 cytosine records
[GSM2099585_allc_9755] Aggregating methylation per region ...
[GSM2099585_allc_9755]   Retained 10,779/11,071 regions (≥3 covered cytosine sites in at least one context)
[GSM2099585_allc_9755] Written → /home/muneeb/Downloads/BDA-Codebase/methylation_full_run/GSM2099585_allc_9755_lncRNA_methylation.tsv
[GSM2099584_allc_9754] Loading regions from /home/muneeb/Downloads/BDA-Codebase/lncRNAs_only.bed ...
[GSM2099584_allc_9754]   11,071 lncRNA regions
[GSM2099584_allc_9754] Loading allc from /home/muneeb/Downloads/BDA-Codebase/GSE43857_RAW/GSM2099584_allc_9754.tsv ...
[GSM2099584_allc_9754]   38,377,175 cytosine records
[GSM2099584_allc_9754] Aggregating methylation per region ...
[GSM2099584_allc_9754]   Retained 10,870/11,071 regions (≥3 covered cytosine sites in at least one context)
[GSM2099584_allc_9754] Written → /home/muneeb/Downloads/BDA-Codebase/methylation_full_run/GSM2099584_allc_9754_lncRNA_methylation.tsv
[GSM2099586_allc_9756] Loading regions from /home/muneeb/Downloads/BDA-Codebase/lncRNAs_only.bed ...
[GSM2099586_allc_9756]   11,071 lncRNA regions
[GSM2099586_allc_9756] Loading allc from /home/muneeb/Downloads/BDA-Codebase/GSE43857_RAW/GSM2099586_allc_9756.tsv ...
[GSM2099586_allc_9756]   38,026,526 cytosine records
[GSM2099586_allc_9756] Aggregating methylation per region ...
[GSM2099586_allc_9756]   Retained 10,833/11,071 regions (≥3 covered cytosine sites in at least one context)
[GSM2099586_allc_9756] Written → /home/muneeb/Downloads/BDA-Codebase/methylation_full_run/GSM2099586_allc_9756_lncRNA_methylation.tsv
[GSM2099587_allc_9761] Loading regions from /home/muneeb/Downloads/BDA-Codebase/lncRNAs_only.bed ...
[GSM2099587_allc_9761]   11,071 lncRNA regions
[GSM2099587_allc_9761] Loading allc from /home/muneeb/Downloads/BDA-Codebase/GSE43857_RAW/GSM2099587_allc_9761.tsv ...
[GSM2099587_allc_9761]   36,724,947 cytosine records
[GSM2099587_allc_9761] Aggregating methylation per region ...
[GSM2099587_allc_9761]   Retained 10,890/11,071 regions (≥3 covered cytosine sites in at least one context)
[GSM2099587_allc_9761] Written → /home/muneeb/Downloads/BDA-Codebase/methylation_full_run/GSM2099587_allc_9761_lncRNA_methylation.tsv
[GSM2099588_allc_9768] Loading regions from /home/muneeb/Downloads/BDA-Codebase/lncRNAs_only.bed ...
[GSM2099588_allc_9768]   11,071 lncRNA regions
[GSM2099588_allc_9768] Loading allc from /home/muneeb/Downloads/BDA-Codebase/GSE43857_RAW/GSM2099588_allc_9768.tsv ...
[GSM2099588_allc_9768]   37,716,034 cytosine records
[GSM2099588_allc_9768] Aggregating methylation per region ...
[GSM2099588_allc_9768]   Retained 10,787/11,071 regions (≥3 covered cytosine sites in at least one context)
[GSM2099588_allc_9768] Written → /home/muneeb/Downloads/BDA-Codebase/methylation_full_run/GSM2099588_allc_9768_lncRNA_methylation.tsv
[GSM2099589_allc_9769] Loading regions from /home/muneeb/Downloads/BDA-Codebase/lncRNAs_only.bed ...
[GSM2099589_allc_9769]   11,071 lncRNA regions
[GSM2099589_allc_9769] Loading allc from /home/muneeb/Downloads/BDA-Codebase/GSE43857_RAW/GSM2099589_allc_9769.tsv ...
[GSM2099589_allc_9769]   37,653,608 cytosine records
[GSM2099589_allc_9769] Aggregating methylation per region ...
[GSM2099589_allc_9769]   Retained 10,786/11,071 regions (≥3 covered cytosine sites in at least one context)
[GSM2099589_allc_9769] Written → /home/muneeb/Downloads/BDA-Codebase/methylation_full_run/GSM2099589_allc_9769_lncRNA_methylation.tsv
[GSM2099590_allc_9770] Loading regions from /home/muneeb/Downloads/BDA-Codebase/lncRNAs_only.bed ...
[GSM2099590_allc_9770]   11,071 lncRNA regions
[GSM2099590_allc_9770] Loading allc from /home/muneeb/Downloads/BDA-Codebase/GSE43857_RAW/GSM2099590_allc_9770.tsv ...
[GSM2099590_allc_9770]   37,597,847 cytosine records
[GSM2099590_allc_9770] Aggregating methylation per region ...
[GSM2099590_allc_9770]   Retained 10,831/11,071 regions (≥3 covered cytosine sites in at least one context)
[GSM2099590_allc_9770] Written → /home/muneeb/Downloads/BDA-Codebase/methylation_full_run/GSM2099590_allc_9770_lncRNA_methylation.tsv
[GSM2099591_allc_9771] Loading regions from /home/muneeb/Downloads/BDA-Codebase/lncRNAs_only.bed ...
[GSM2099591_allc_9771]   11,071 lncRNA regions
[GSM2099591_allc_9771] Loading allc from /home/muneeb/Downloads/BDA-Codebase/GSE43857_RAW/GSM2099591_allc_9771.tsv ...
[GSM2099591_allc_9771]   37,584,471 cytosine records
[GSM2099591_allc_9771] Aggregating methylation per region ...
[GSM2099591_allc_9771]   Retained 10,784/11,071 regions (≥3 covered cytosine sites in at least one context)
[GSM2099591_allc_9771] Written → /home/muneeb/Downloads/BDA-Codebase/methylation_full_run/GSM2099591_allc_9771_lncRNA_methylation.tsv
[GSM2099592_allc_9772] Loading regions from /home/muneeb/Downloads/BDA-Codebase/lncRNAs_only.bed ...
[GSM2099592_allc_9772]   11,071 lncRNA regions
[GSM2099592_allc_9772] Loading allc from /home/muneeb/Downloads/BDA-Codebase/GSE43857_RAW/GSM2099592_allc_9772.tsv ...
[GSM2099592_allc_9772]   37,697,016 cytosine records
[GSM2099592_allc_9772] Aggregating methylation per region ...
[GSM2099592_allc_9772]   Retained 10,840/11,071 regions (≥3 covered cytosine sites in at least one context)
[GSM2099592_allc_9772] Written → /home/muneeb/Downloads/BDA-Codebase/methylation_full_run/GSM2099592_allc_9772_lncRNA_methylation.tsv
[GSM2099593_allc_9774] Loading regions from /home/muneeb/Downloads/BDA-Codebase/lncRNAs_only.bed ...
[GSM2099593_allc_9774]   11,071 lncRNA regions
[GSM2099593_allc_9774] Loading allc from /home/muneeb/Downloads/BDA-Codebase/GSE43857_RAW/GSM2099593_allc_9774.tsv ...
[GSM2099593_allc_9774]   37,649,426 cytosine records
[GSM2099593_allc_9774] Aggregating methylation per region ...
[GSM2099593_allc_9774]   Retained 10,784/11,071 regions (≥3 covered cytosine sites in at least one context)
[GSM2099593_allc_9774] Written → /home/muneeb/Downloads/BDA-Codebase/methylation_full_run/GSM2099593_allc_9774_lncRNA_methylation.tsv
[GSM2099595_allc_9776] Loading regions from /home/muneeb/Downloads/BDA-Codebase/lncRNAs_only.bed ...
[GSM2099595_allc_9776]   11,071 lncRNA regions
[GSM2099595_allc_9776] Loading allc from /home/muneeb/Downloads/BDA-Codebase/GSE43857_RAW/GSM2099595_allc_9776.tsv ...
[GSM2099595_allc_9776]   37,264,792 cytosine records
[GSM2099595_allc_9776] Aggregating methylation per region ...
[GSM2099595_allc_9776]   Retained 10,795/11,071 regions (≥3 covered cytosine sites in at least one context)
[GSM2099595_allc_9776] Written → /home/muneeb/Downloads/BDA-Codebase/methylation_full_run/GSM2099595_allc_9776_lncRNA_methylation.tsv
[GSM2099596_allc_9777] Loading regions from /home/muneeb/Downloads/BDA-Codebase/lncRNAs_only.bed ...
[GSM2099596_allc_9777]   11,071 lncRNA regions
[GSM2099596_allc_9777] Loading allc from /home/muneeb/Downloads/BDA-Codebase/GSE43857_RAW/GSM2099596_allc_9777.tsv ...
[GSM2099596_allc_9777]   37,864,092 cytosine records
[GSM2099596_allc_9777] Aggregating methylation per region ...
[GSM2099596_allc_9777]   Retained 10,802/11,071 regions (≥3 covered cytosine sites in at least one context)
[GSM2099596_allc_9777] Written → /home/muneeb/Downloads/BDA-Codebase/methylation_full_run/GSM2099596_allc_9777_lncRNA_methylation.tsv
[GSM2099594_allc_9775] Loading regions from /home/muneeb/Downloads/BDA-Codebase/lncRNAs_only.bed ...
[GSM2099594_allc_9775]   11,071 lncRNA regions
[GSM2099594_allc_9775] Loading allc from /home/muneeb/Downloads/BDA-Codebase/GSE43857_RAW/GSM2099594_allc_9775.tsv ...
[GSM2099594_allc_9775]   38,031,545 cytosine records
[GSM2099594_allc_9775] Aggregating methylation per region ...
[GSM2099594_allc_9775]   Retained 10,814/11,071 regions (≥3 covered cytosine sites in at least one context)
[GSM2099594_allc_9775] Written → /home/muneeb/Downloads/BDA-Codebase/methylation_full_run/GSM2099594_allc_9775_lncRNA_methylation.tsv
[GSM2099597_allc_9778] Loading regions from /home/muneeb/Downloads/BDA-Codebase/lncRNAs_only.bed ...
[GSM2099597_allc_9778]   11,071 lncRNA regions
[GSM2099597_allc_9778] Loading allc from /home/muneeb/Downloads/BDA-Codebase/GSE43857_RAW/GSM2099597_allc_9778.tsv ...
[GSM2099597_allc_9778]   37,866,810 cytosine records
[GSM2099597_allc_9778] Aggregating methylation per region ...
[GSM2099597_allc_9778]   Retained 10,847/11,071 regions (≥3 covered cytosine sites in at least one context)
[GSM2099597_allc_9778] Written → /home/muneeb/Downloads/BDA-Codebase/methylation_full_run/GSM2099597_allc_9778_lncRNA_methylation.tsv
[GSM2099602_allc_9783] Loading regions from /home/muneeb/Downloads/BDA-Codebase/lncRNAs_only.bed ...
[GSM2099602_allc_9783]   11,071 lncRNA regions
[GSM2099602_allc_9783] Loading allc from /home/muneeb/Downloads/BDA-Codebase/GSE43857_RAW/GSM2099602_allc_9783.tsv ...
[GSM2099602_allc_9783]   36,554,340 cytosine records
[GSM2099602_allc_9783] Aggregating methylation per region ...
[GSM2099602_allc_9783]   Retained 10,706/11,071 regions (≥3 covered cytosine sites in at least one context)
[GSM2099602_allc_9783] Written → /home/muneeb/Downloads/BDA-Codebase/methylation_full_run/GSM2099602_allc_9783_lncRNA_methylation.tsv
[GSM2099598_allc_9779] Loading regions from /home/muneeb/Downloads/BDA-Codebase/lncRNAs_only.bed ...
[GSM2099598_allc_9779]   11,071 lncRNA regions
[GSM2099598_allc_9779] Loading allc from /home/muneeb/Downloads/BDA-Codebase/GSE43857_RAW/GSM2099598_allc_9779.tsv ...
[GSM2099598_allc_9779]   38,077,649 cytosine records
[GSM2099598_allc_9779] Aggregating methylation per region ...
[GSM2099598_allc_9779]   Retained 10,790/11,071 regions (≥3 covered cytosine sites in at least one context)
[GSM2099598_allc_9779] Written → /home/muneeb/Downloads/BDA-Codebase/methylation_full_run/GSM2099598_allc_9779_lncRNA_methylation.tsv
[GSM2099600_allc_9781] Loading regions from /home/muneeb/Downloads/BDA-Codebase/lncRNAs_only.bed ...
[GSM2099600_allc_9781]   11,071 lncRNA regions
[GSM2099600_allc_9781] Loading allc from /home/muneeb/Downloads/BDA-Codebase/GSE43857_RAW/GSM2099600_allc_9781.tsv ...
[GSM2099600_allc_9781]   37,729,277 cytosine records
[GSM2099600_allc_9781] Aggregating methylation per region ...
[GSM2099600_allc_9781]   Retained 10,845/11,071 regions (≥3 covered cytosine sites in at least one context)
[GSM2099600_allc_9781] Written → /home/muneeb/Downloads/BDA-Codebase/methylation_full_run/GSM2099600_allc_9781_lncRNA_methylation.tsv
[GSM2099599_allc_9780] Loading regions from /home/muneeb/Downloads/BDA-Codebase/lncRNAs_only.bed ...
[GSM2099599_allc_9780]   11,071 lncRNA regions
[GSM2099599_allc_9780] Loading allc from /home/muneeb/Downloads/BDA-Codebase/GSE43857_RAW/GSM2099599_allc_9780.tsv ...
[GSM2099599_allc_9780]   37,967,080 cytosine records
[GSM2099599_allc_9780] Aggregating methylation per region ...
[GSM2099599_allc_9780]   Retained 10,822/11,071 regions (≥3 covered cytosine sites in at least one context)
[GSM2099599_allc_9780] Written → /home/muneeb/Downloads/BDA-Codebase/methylation_full_run/GSM2099599_allc_9780_lncRNA_methylation.tsv
[GSM2099601_allc_9782] Loading regions from /home/muneeb/Downloads/BDA-Codebase/lncRNAs_only.bed ...
[GSM2099601_allc_9782]   11,071 lncRNA regions
[GSM2099601_allc_9782] Loading allc from /home/muneeb/Downloads/BDA-Codebase/GSE43857_RAW/GSM2099601_allc_9782.tsv ...
[GSM2099601_allc_9782]   37,104,657 cytosine records
[GSM2099601_allc_9782] Aggregating methylation per region ...
[GSM2099601_allc_9782]   Retained 10,700/11,071 regions (≥3 covered cytosine sites in at least one context)
[GSM2099601_allc_9782] Written → /home/muneeb/Downloads/BDA-Codebase/methylation_full_run/GSM2099601_allc_9782_lncRNA_methylation.tsv
[GSM2099603_allc_9784] Loading regions from /home/muneeb/Downloads/BDA-Codebase/lncRNAs_only.bed ...
[GSM2099603_allc_9784]   11,071 lncRNA regions
[GSM2099603_allc_9784] Loading allc from /home/muneeb/Downloads/BDA-Codebase/GSE43857_RAW/GSM2099603_allc_9784.tsv ...
[GSM2099603_allc_9784]   37,583,304 cytosine records
[GSM2099603_allc_9784] Aggregating methylation per region ...
[GSM2099603_allc_9784]   Retained 10,770/11,071 regions (≥3 covered cytosine sites in at least one context)
[GSM2099603_allc_9784] Written → /home/muneeb/Downloads/BDA-Codebase/methylation_full_run/GSM2099603_allc_9784_lncRNA_methylation.tsv
[GSM2099604_allc_9785] Loading regions from /home/muneeb/Downloads/BDA-Codebase/lncRNAs_only.bed ...
[GSM2099604_allc_9785]   11,071 lncRNA regions
[GSM2099604_allc_9785] Loading allc from /home/muneeb/Downloads/BDA-Codebase/GSE43857_RAW/GSM2099604_allc_9785.tsv ...
[GSM2099604_allc_9785]   38,213,146 cytosine records
[GSM2099604_allc_9785] Aggregating methylation per region ...
[GSM2099604_allc_9785]   Retained 10,853/11,071 regions (≥3 covered cytosine sites in at least one context)
[GSM2099604_allc_9785] Written → /home/muneeb/Downloads/BDA-Codebase/methylation_full_run/GSM2099604_allc_9785_lncRNA_methylation.tsv
[GSM2099605_allc_9786] Loading regions from /home/muneeb/Downloads/BDA-Codebase/lncRNAs_only.bed ...
[GSM2099605_allc_9786]   11,071 lncRNA regions
[GSM2099605_allc_9786] Loading allc from /home/muneeb/Downloads/BDA-Codebase/GSE43857_RAW/GSM2099605_allc_9786.tsv ...
[GSM2099605_allc_9786]   37,228,994 cytosine records
[GSM2099605_allc_9786] Aggregating methylation per region ...
[GSM2099605_allc_9786]   Retained 10,764/11,071 regions (≥3 covered cytosine sites in at least one context)
[GSM2099605_allc_9786] Written → /home/muneeb/Downloads/BDA-Codebase/methylation_full_run/GSM2099605_allc_9786_lncRNA_methylation.tsv
[GSM2099606_allc_9787] Loading regions from /home/muneeb/Downloads/BDA-Codebase/lncRNAs_only.bed ...
[GSM2099606_allc_9787]   11,071 lncRNA regions
[GSM2099606_allc_9787] Loading allc from /home/muneeb/Downloads/BDA-Codebase/GSE43857_RAW/GSM2099606_allc_9787.tsv ...
[GSM2099606_allc_9787]   37,811,943 cytosine records
[GSM2099606_allc_9787] Aggregating methylation per region ...
[GSM2099606_allc_9787]   Retained 10,834/11,071 regions (≥3 covered cytosine sites in at least one context)
[GSM2099606_allc_9787] Written → /home/muneeb/Downloads/BDA-Codebase/methylation_full_run/GSM2099606_allc_9787_lncRNA_methylation.tsv
[GSM2099607_allc_9788] Loading regions from /home/muneeb/Downloads/BDA-Codebase/lncRNAs_only.bed ...
[GSM2099607_allc_9788]   11,071 lncRNA regions
[GSM2099607_allc_9788] Loading allc from /home/muneeb/Downloads/BDA-Codebase/GSE43857_RAW/GSM2099607_allc_9788.tsv ...
[GSM2099607_allc_9788]   37,783,824 cytosine records
[GSM2099607_allc_9788] Aggregating methylation per region ...
[GSM2099607_allc_9788]   Retained 10,758/11,071 regions (≥3 covered cytosine sites in at least one context)
[GSM2099607_allc_9788] Written → /home/muneeb/Downloads/BDA-Codebase/methylation_full_run/GSM2099607_allc_9788_lncRNA_methylation.tsv
[GSM2099609_allc_9790] Loading regions from /home/muneeb/Downloads/BDA-Codebase/lncRNAs_only.bed ...
[GSM2099609_allc_9790]   11,071 lncRNA regions
[GSM2099609_allc_9790] Loading allc from /home/muneeb/Downloads/BDA-Codebase/GSE43857_RAW/GSM2099609_allc_9790.tsv ...
[GSM2099609_allc_9790]   37,001,510 cytosine records
[GSM2099609_allc_9790] Aggregating methylation per region ...
[GSM2099609_allc_9790]   Retained 10,794/11,071 regions (≥3 covered cytosine sites in at least one context)
[GSM2099609_allc_9790] Written → /home/muneeb/Downloads/BDA-Codebase/methylation_full_run/GSM2099609_allc_9790_lncRNA_methylation.tsv
[GSM2099608_allc_9789] Loading regions from /home/muneeb/Downloads/BDA-Codebase/lncRNAs_only.bed ...
[GSM2099608_allc_9789]   11,071 lncRNA regions
[GSM2099608_allc_9789] Loading allc from /home/muneeb/Downloads/BDA-Codebase/GSE43857_RAW/GSM2099608_allc_9789.tsv ...
[GSM2099608_allc_9789]   37,590,769 cytosine records
[GSM2099608_allc_9789] Aggregating methylation per region ...
[GSM2099608_allc_9789]   Retained 10,750/11,071 regions (≥3 covered cytosine sites in at least one context)
[GSM2099608_allc_9789] Written → /home/muneeb/Downloads/BDA-Codebase/methylation_full_run/GSM2099608_allc_9789_lncRNA_methylation.tsv
[GSM2099610_allc_9791] Loading regions from /home/muneeb/Downloads/BDA-Codebase/lncRNAs_only.bed ...
[GSM2099610_allc_9791]   11,071 lncRNA regions
[GSM2099610_allc_9791] Loading allc from /home/muneeb/Downloads/BDA-Codebase/GSE43857_RAW/GSM2099610_allc_9791.tsv ...
[GSM2099610_allc_9791]   37,568,752 cytosine records
[GSM2099610_allc_9791] Aggregating methylation per region ...
[GSM2099610_allc_9791]   Retained 10,751/11,071 regions (≥3 covered cytosine sites in at least one context)
[GSM2099610_allc_9791] Written → /home/muneeb/Downloads/BDA-Codebase/methylation_full_run/GSM2099610_allc_9791_lncRNA_methylation.tsv
[GSM2099611_allc_9792] Loading regions from /home/muneeb/Downloads/BDA-Codebase/lncRNAs_only.bed ...
[GSM2099611_allc_9792]   11,071 lncRNA regions
[GSM2099611_allc_9792] Loading allc from /home/muneeb/Downloads/BDA-Codebase/GSE43857_RAW/GSM2099611_allc_9792.tsv ...
[GSM2099611_allc_9792]   37,855,696 cytosine records
[GSM2099611_allc_9792] Aggregating methylation per region ...
[GSM2099611_allc_9792]   Retained 10,799/11,071 regions (≥3 covered cytosine sites in at least one context)
[GSM2099611_allc_9792] Written → /home/muneeb/Downloads/BDA-Codebase/methylation_full_run/GSM2099611_allc_9792_lncRNA_methylation.tsv
[GSM2099612_allc_9793] Loading regions from /home/muneeb/Downloads/BDA-Codebase/lncRNAs_only.bed ...
[GSM2099612_allc_9793]   11,071 lncRNA regions
[GSM2099612_allc_9793] Loading allc from /home/muneeb/Downloads/BDA-Codebase/GSE43857_RAW/GSM2099612_allc_9793.tsv ...
[GSM2099612_allc_9793]   37,514,421 cytosine records
[GSM2099612_allc_9793] Aggregating methylation per region ...
[GSM2099612_allc_9793]   Retained 10,777/11,071 regions (≥3 covered cytosine sites in at least one context)
[GSM2099612_allc_9793] Written → /home/muneeb/Downloads/BDA-Codebase/methylation_full_run/GSM2099612_allc_9793_lncRNA_methylation.tsv
[GSM2099614_allc_9795] Loading regions from /home/muneeb/Downloads/BDA-Codebase/lncRNAs_only.bed ...
[GSM2099614_allc_9795]   11,071 lncRNA regions
[GSM2099614_allc_9795] Loading allc from /home/muneeb/Downloads/BDA-Codebase/GSE43857_RAW/GSM2099614_allc_9795.tsv ...
[GSM2099614_allc_9795]   36,566,279 cytosine records
[GSM2099614_allc_9795] Aggregating methylation per region ...
[GSM2099614_allc_9795]   Retained 10,695/11,071 regions (≥3 covered cytosine sites in at least one context)
[GSM2099614_allc_9795] Written → /home/muneeb/Downloads/BDA-Codebase/methylation_full_run/GSM2099614_allc_9795_lncRNA_methylation.tsv
[GSM2099613_allc_9794] Loading regions from /home/muneeb/Downloads/BDA-Codebase/lncRNAs_only.bed ...
[GSM2099613_allc_9794]   11,071 lncRNA regions
[GSM2099613_allc_9794] Loading allc from /home/muneeb/Downloads/BDA-Codebase/GSE43857_RAW/GSM2099613_allc_9794.tsv ...
[GSM2099613_allc_9794]   37,660,865 cytosine records
[GSM2099613_allc_9794] Aggregating methylation per region ...
[GSM2099613_allc_9794]   Retained 10,812/11,071 regions (≥3 covered cytosine sites in at least one context)
[GSM2099613_allc_9794] Written → /home/muneeb/Downloads/BDA-Codebase/methylation_full_run/GSM2099613_allc_9794_lncRNA_methylation.tsv
[GSM2099615_allc_9796] Loading regions from /home/muneeb/Downloads/BDA-Codebase/lncRNAs_only.bed ...
[GSM2099615_allc_9796]   11,071 lncRNA regions
[GSM2099615_allc_9796] Loading allc from /home/muneeb/Downloads/BDA-Codebase/GSE43857_RAW/GSM2099615_allc_9796.tsv ...
[GSM2099615_allc_9796]   37,803,102 cytosine records
[GSM2099615_allc_9796] Aggregating methylation per region ...
[GSM2099615_allc_9796]   Retained 10,796/11,071 regions (≥3 covered cytosine sites in at least one context)
[GSM2099615_allc_9796] Written → /home/muneeb/Downloads/BDA-Codebase/methylation_full_run/GSM2099615_allc_9796_lncRNA_methylation.tsv
[GSM2099617_allc_9798] Loading regions from /home/muneeb/Downloads/BDA-Codebase/lncRNAs_only.bed ...
[GSM2099617_allc_9798]   11,071 lncRNA regions
[GSM2099617_allc_9798] Loading allc from /home/muneeb/Downloads/BDA-Codebase/GSE43857_RAW/GSM2099617_allc_9798.tsv ...
[GSM2099617_allc_9798]   37,218,097 cytosine records
[GSM2099617_allc_9798] Aggregating methylation per region ...
[GSM2099617_allc_9798]   Retained 10,754/11,071 regions (≥3 covered cytosine sites in at least one context)
[GSM2099617_allc_9798] Written → /home/muneeb/Downloads/BDA-Codebase/methylation_full_run/GSM2099617_allc_9798_lncRNA_methylation.tsv
[GSM2099616_allc_9797] Loading regions from /home/muneeb/Downloads/BDA-Codebase/lncRNAs_only.bed ...
[GSM2099616_allc_9797]   11,071 lncRNA regions
[GSM2099616_allc_9797] Loading allc from /home/muneeb/Downloads/BDA-Codebase/GSE43857_RAW/GSM2099616_allc_9797.tsv ...
[GSM2099616_allc_9797]   37,844,517 cytosine records
[GSM2099616_allc_9797] Aggregating methylation per region ...
[GSM2099616_allc_9797]   Retained 10,799/11,071 regions (≥3 covered cytosine sites in at least one context)
[GSM2099616_allc_9797] Written → /home/muneeb/Downloads/BDA-Codebase/methylation_full_run/GSM2099616_allc_9797_lncRNA_methylation.tsv
[GSM2099618_allc_9799] Loading regions from /home/muneeb/Downloads/BDA-Codebase/lncRNAs_only.bed ...
[GSM2099618_allc_9799]   11,071 lncRNA regions
[GSM2099618_allc_9799] Loading allc from /home/muneeb/Downloads/BDA-Codebase/GSE43857_RAW/GSM2099618_allc_9799.tsv ...
[GSM2099618_allc_9799]   37,681,207 cytosine records
[GSM2099618_allc_9799] Aggregating methylation per region ...
[GSM2099618_allc_9799]   Retained 10,794/11,071 regions (≥3 covered cytosine sites in at least one context)
[GSM2099618_allc_9799] Written → /home/muneeb/Downloads/BDA-Codebase/methylation_full_run/GSM2099618_allc_9799_lncRNA_methylation.tsv
[GSM2099620_allc_9801] Loading regions from /home/muneeb/Downloads/BDA-Codebase/lncRNAs_only.bed ...
[GSM2099620_allc_9801]   11,071 lncRNA regions
[GSM2099620_allc_9801] Loading allc from /home/muneeb/Downloads/BDA-Codebase/GSE43857_RAW/GSM2099620_allc_9801.tsv ...
[GSM2099620_allc_9801]   37,668,678 cytosine records
[GSM2099620_allc_9801] Aggregating methylation per region ...
[GSM2099620_allc_9801]   Retained 10,821/11,071 regions (≥3 covered cytosine sites in at least one context)
[GSM2099620_allc_9801] Written → /home/muneeb/Downloads/BDA-Codebase/methylation_full_run/GSM2099620_allc_9801_lncRNA_methylation.tsv
[GSM2099621_allc_9802] Loading regions from /home/muneeb/Downloads/BDA-Codebase/lncRNAs_only.bed ...
[GSM2099621_allc_9802]   11,071 lncRNA regions
[GSM2099621_allc_9802] Loading allc from /home/muneeb/Downloads/BDA-Codebase/GSE43857_RAW/GSM2099621_allc_9802.tsv ...
[GSM2099621_allc_9802]   37,980,724 cytosine records
[GSM2099621_allc_9802] Aggregating methylation per region ...
[GSM2099621_allc_9802]   Retained 10,823/11,071 regions (≥3 covered cytosine sites in at least one context)
[GSM2099621_allc_9802] Written → /home/muneeb/Downloads/BDA-Codebase/methylation_full_run/GSM2099621_allc_9802_lncRNA_methylation.tsv
[GSM2099622_allc_9803] Loading regions from /home/muneeb/Downloads/BDA-Codebase/lncRNAs_only.bed ...
[GSM2099622_allc_9803]   11,071 lncRNA regions
[GSM2099622_allc_9803] Loading allc from /home/muneeb/Downloads/BDA-Codebase/GSE43857_RAW/GSM2099622_allc_9803.tsv ...
[GSM2099622_allc_9803]   37,828,200 cytosine records
[GSM2099622_allc_9803] Aggregating methylation per region ...
[GSM2099622_allc_9803]   Retained 10,777/11,071 regions (≥3 covered cytosine sites in at least one context)
[GSM2099622_allc_9803] Written → /home/muneeb/Downloads/BDA-Codebase/methylation_full_run/GSM2099622_allc_9803_lncRNA_methylation.tsv
[GSM2099623_allc_9804] Loading regions from /home/muneeb/Downloads/BDA-Codebase/lncRNAs_only.bed ...
[GSM2099623_allc_9804]   11,071 lncRNA regions
[GSM2099623_allc_9804] Loading allc from /home/muneeb/Downloads/BDA-Codebase/GSE43857_RAW/GSM2099623_allc_9804.tsv ...
[GSM2099623_allc_9804]   37,671,404 cytosine records
[GSM2099623_allc_9804] Aggregating methylation per region ...
[GSM2099623_allc_9804]   Retained 10,772/11,071 regions (≥3 covered cytosine sites in at least one context)
[GSM2099623_allc_9804] Written → /home/muneeb/Downloads/BDA-Codebase/methylation_full_run/GSM2099623_allc_9804_lncRNA_methylation.tsv
[GSM2099625_allc_9806] Loading regions from /home/muneeb/Downloads/BDA-Codebase/lncRNAs_only.bed ...
[GSM2099625_allc_9806]   11,071 lncRNA regions
[GSM2099625_allc_9806] Loading allc from /home/muneeb/Downloads/BDA-Codebase/GSE43857_RAW/GSM2099625_allc_9806.tsv ...
[GSM2099625_allc_9806]   37,348,505 cytosine records
[GSM2099625_allc_9806] Aggregating methylation per region ...
[GSM2099625_allc_9806]   Retained 10,800/11,071 regions (≥3 covered cytosine sites in at least one context)
[GSM2099625_allc_9806] Written → /home/muneeb/Downloads/BDA-Codebase/methylation_full_run/GSM2099625_allc_9806_lncRNA_methylation.tsv
[GSM2099624_allc_9805] Loading regions from /home/muneeb/Downloads/BDA-Codebase/lncRNAs_only.bed ...
[GSM2099624_allc_9805]   11,071 lncRNA regions
[GSM2099624_allc_9805] Loading allc from /home/muneeb/Downloads/BDA-Codebase/GSE43857_RAW/GSM2099624_allc_9805.tsv ...
[GSM2099624_allc_9805]   37,944,858 cytosine records
[GSM2099624_allc_9805] Aggregating methylation per region ...
[GSM2099624_allc_9805]   Retained 10,831/11,071 regions (≥3 covered cytosine sites in at least one context)
[GSM2099624_allc_9805] Written → /home/muneeb/Downloads/BDA-Codebase/methylation_full_run/GSM2099624_allc_9805_lncRNA_methylation.tsv
[GSM2099626_allc_9807] Loading regions from /home/muneeb/Downloads/BDA-Codebase/lncRNAs_only.bed ...
[GSM2099626_allc_9807]   11,071 lncRNA regions
[GSM2099626_allc_9807] Loading allc from /home/muneeb/Downloads/BDA-Codebase/GSE43857_RAW/GSM2099626_allc_9807.tsv ...
[GSM2099626_allc_9807]   37,322,782 cytosine records
[GSM2099626_allc_9807] Aggregating methylation per region ...
[GSM2099626_allc_9807]   Retained 10,759/11,071 regions (≥3 covered cytosine sites in at least one context)
[GSM2099626_allc_9807] Written → /home/muneeb/Downloads/BDA-Codebase/methylation_full_run/GSM2099626_allc_9807_lncRNA_methylation.tsv
[GSM2099627_allc_9808] Loading regions from /home/muneeb/Downloads/BDA-Codebase/lncRNAs_only.bed ...
[GSM2099627_allc_9808]   11,071 lncRNA regions
[GSM2099627_allc_9808] Loading allc from /home/muneeb/Downloads/BDA-Codebase/GSE43857_RAW/GSM2099627_allc_9808.tsv ...
[GSM2099627_allc_9808]   38,052,439 cytosine records
[GSM2099627_allc_9808] Aggregating methylation per region ...
[GSM2099627_allc_9808]   Retained 10,821/11,071 regions (≥3 covered cytosine sites in at least one context)
[GSM2099627_allc_9808] Written → /home/muneeb/Downloads/BDA-Codebase/methylation_full_run/GSM2099627_allc_9808_lncRNA_methylation.tsv
[GSM2099619_allc_9800] Loading regions from /home/muneeb/Downloads/BDA-Codebase/lncRNAs_only.bed ...
[GSM2099619_allc_9800]   11,071 lncRNA regions
[GSM2099619_allc_9800] Loading allc from /home/muneeb/Downloads/BDA-Codebase/GSE43857_RAW/GSM2099619_allc_9800.tsv ...
[GSM2099619_allc_9800]   39,008,759 cytosine records
[GSM2099619_allc_9800] Aggregating methylation per region ...
[GSM2099619_allc_9800]   Retained 10,881/11,071 regions (≥3 covered cytosine sites in at least one context)
[GSM2099619_allc_9800] Written → /home/muneeb/Downloads/BDA-Codebase/methylation_full_run/GSM2099619_allc_9800_lncRNA_methylation.tsv
[GSM2099628_allc_9809] Loading regions from /home/muneeb/Downloads/BDA-Codebase/lncRNAs_only.bed ...
[GSM2099628_allc_9809]   11,071 lncRNA regions
[GSM2099628_allc_9809] Loading allc from /home/muneeb/Downloads/BDA-Codebase/GSE43857_RAW/GSM2099628_allc_9809.tsv ...
[GSM2099628_allc_9809]   38,163,834 cytosine records
[GSM2099628_allc_9809] Aggregating methylation per region ...
[GSM2099628_allc_9809]   Retained 10,864/11,071 regions (≥3 covered cytosine sites in at least one context)
[GSM2099628_allc_9809] Written → /home/muneeb/Downloads/BDA-Codebase/methylation_full_run/GSM2099628_allc_9809_lncRNA_methylation.tsv
[GSM2099629_allc_9810] Loading regions from /home/muneeb/Downloads/BDA-Codebase/lncRNAs_only.bed ...
[GSM2099629_allc_9810]   11,071 lncRNA regions
[GSM2099629_allc_9810] Loading allc from /home/muneeb/Downloads/BDA-Codebase/GSE43857_RAW/GSM2099629_allc_9810.tsv ...
[GSM2099629_allc_9810]   37,959,087 cytosine records
[GSM2099629_allc_9810] Aggregating methylation per region ...
[GSM2099629_allc_9810]   Retained 10,801/11,071 regions (≥3 covered cytosine sites in at least one context)
[GSM2099629_allc_9810] Written → /home/muneeb/Downloads/BDA-Codebase/methylation_full_run/GSM2099629_allc_9810_lncRNA_methylation.tsv
[GSM2099630_allc_9811] Loading regions from /home/muneeb/Downloads/BDA-Codebase/lncRNAs_only.bed ...
[GSM2099630_allc_9811]   11,071 lncRNA regions
[GSM2099630_allc_9811] Loading allc from /home/muneeb/Downloads/BDA-Codebase/GSE43857_RAW/GSM2099630_allc_9811.tsv ...
[GSM2099630_allc_9811]   37,258,299 cytosine records
[GSM2099630_allc_9811] Aggregating methylation per region ...
[GSM2099630_allc_9811]   Retained 10,754/11,071 regions (≥3 covered cytosine sites in at least one context)
[GSM2099630_allc_9811] Written → /home/muneeb/Downloads/BDA-Codebase/methylation_full_run/GSM2099630_allc_9811_lncRNA_methylation.tsv
[GSM2099631_allc_9812] Loading regions from /home/muneeb/Downloads/BDA-Codebase/lncRNAs_only.bed ...
[GSM2099631_allc_9812]   11,071 lncRNA regions
[GSM2099631_allc_9812] Loading allc from /home/muneeb/Downloads/BDA-Codebase/GSE43857_RAW/GSM2099631_allc_9812.tsv ...
[GSM2099631_allc_9812]   37,669,386 cytosine records
[GSM2099631_allc_9812] Aggregating methylation per region ...
[GSM2099631_allc_9812]   Retained 10,789/11,071 regions (≥3 covered cytosine sites in at least one context)
[GSM2099631_allc_9812] Written → /home/muneeb/Downloads/BDA-Codebase/methylation_full_run/GSM2099631_allc_9812_lncRNA_methylation.tsv
[GSM2099632_allc_9813] Loading regions from /home/muneeb/Downloads/BDA-Codebase/lncRNAs_only.bed ...
[GSM2099632_allc_9813]   11,071 lncRNA regions
[GSM2099632_allc_9813] Loading allc from /home/muneeb/Downloads/BDA-Codebase/GSE43857_RAW/GSM2099632_allc_9813.tsv ...
[GSM2099632_allc_9813]   37,164,229 cytosine records
[GSM2099632_allc_9813] Aggregating methylation per region ...
[GSM2099632_allc_9813]   Retained 10,864/11,071 regions (≥3 covered cytosine sites in at least one context)
[GSM2099632_allc_9813] Written → /home/muneeb/Downloads/BDA-Codebase/methylation_full_run/GSM2099632_allc_9813_lncRNA_methylation.tsv
[GSM2099633_allc_9814] Loading regions from /home/muneeb/Downloads/BDA-Codebase/lncRNAs_only.bed ...
[GSM2099633_allc_9814]   11,071 lncRNA regions
[GSM2099633_allc_9814] Loading allc from /home/muneeb/Downloads/BDA-Codebase/GSE43857_RAW/GSM2099633_allc_9814.tsv ...
[GSM2099633_allc_9814]   37,411,812 cytosine records
[GSM2099633_allc_9814] Aggregating methylation per region ...
[GSM2099633_allc_9814]   Retained 10,777/11,071 regions (≥3 covered cytosine sites in at least one context)
[GSM2099633_allc_9814] Written → /home/muneeb/Downloads/BDA-Codebase/methylation_full_run/GSM2099633_allc_9814_lncRNA_methylation.tsv
[GSM2099634_allc_9815] Loading regions from /home/muneeb/Downloads/BDA-Codebase/lncRNAs_only.bed ...
[GSM2099634_allc_9815]   11,071 lncRNA regions
[GSM2099634_allc_9815] Loading allc from /home/muneeb/Downloads/BDA-Codebase/GSE43857_RAW/GSM2099634_allc_9815.tsv ...
[GSM2099634_allc_9815]   37,863,813 cytosine records
[GSM2099634_allc_9815] Aggregating methylation per region ...
[GSM2099634_allc_9815]   Retained 10,824/11,071 regions (≥3 covered cytosine sites in at least one context)
[GSM2099634_allc_9815] Written → /home/muneeb/Downloads/BDA-Codebase/methylation_full_run/GSM2099634_allc_9815_lncRNA_methylation.tsv
[GSM2099635_allc_9816] Loading regions from /home/muneeb/Downloads/BDA-Codebase/lncRNAs_only.bed ...
[GSM2099635_allc_9816]   11,071 lncRNA regions
[GSM2099635_allc_9816] Loading allc from /home/muneeb/Downloads/BDA-Codebase/GSE43857_RAW/GSM2099635_allc_9816.tsv ...
[GSM2099635_allc_9816]   37,949,064 cytosine records
[GSM2099635_allc_9816] Aggregating methylation per region ...
[GSM2099635_allc_9816]   Retained 10,838/11,071 regions (≥3 covered cytosine sites in at least one context)
[GSM2099635_allc_9816] Written → /home/muneeb/Downloads/BDA-Codebase/methylation_full_run/GSM2099635_allc_9816_lncRNA_methylation.tsv
[GSM2099636_allc_9817] Loading regions from /home/muneeb/Downloads/BDA-Codebase/lncRNAs_only.bed ...
[GSM2099636_allc_9817]   11,071 lncRNA regions
[GSM2099636_allc_9817] Loading allc from /home/muneeb/Downloads/BDA-Codebase/GSE43857_RAW/GSM2099636_allc_9817.tsv ...
[GSM2099636_allc_9817]   37,695,359 cytosine records
[GSM2099636_allc_9817] Aggregating methylation per region ...
[GSM2099636_allc_9817]   Retained 10,845/11,071 regions (≥3 covered cytosine sites in at least one context)
[GSM2099636_allc_9817] Written → /home/muneeb/Downloads/BDA-Codebase/methylation_full_run/GSM2099636_allc_9817_lncRNA_methylation.tsv
[GSM2099637_allc_9819] Loading regions from /home/muneeb/Downloads/BDA-Codebase/lncRNAs_only.bed ...
[GSM2099637_allc_9819]   11,071 lncRNA regions
[GSM2099637_allc_9819] Loading allc from /home/muneeb/Downloads/BDA-Codebase/GSE43857_RAW/GSM2099637_allc_9819.tsv ...
[GSM2099637_allc_9819]   37,147,195 cytosine records
[GSM2099637_allc_9819] Aggregating methylation per region ...
[GSM2099637_allc_9819]   Retained 10,784/11,071 regions (≥3 covered cytosine sites in at least one context)
[GSM2099637_allc_9819] Written → /home/muneeb/Downloads/BDA-Codebase/methylation_full_run/GSM2099637_allc_9819_lncRNA_methylation.tsv
[GSM2099638_allc_9820] Loading regions from /home/muneeb/Downloads/BDA-Codebase/lncRNAs_only.bed ...
[GSM2099638_allc_9820]   11,071 lncRNA regions
[GSM2099638_allc_9820] Loading allc from /home/muneeb/Downloads/BDA-Codebase/GSE43857_RAW/GSM2099638_allc_9820.tsv ...
[GSM2099638_allc_9820]   37,038,835 cytosine records
[GSM2099638_allc_9820] Aggregating methylation per region ...
[GSM2099638_allc_9820]   Retained 10,835/11,071 regions (≥3 covered cytosine sites in at least one context)
[GSM2099638_allc_9820] Written → /home/muneeb/Downloads/BDA-Codebase/methylation_full_run/GSM2099638_allc_9820_lncRNA_methylation.tsv
[GSM2099639_allc_9821] Loading regions from /home/muneeb/Downloads/BDA-Codebase/lncRNAs_only.bed ...
[GSM2099639_allc_9821]   11,071 lncRNA regions
[GSM2099639_allc_9821] Loading allc from /home/muneeb/Downloads/BDA-Codebase/GSE43857_RAW/GSM2099639_allc_9821.tsv ...
[GSM2099639_allc_9821]   37,651,958 cytosine records
[GSM2099639_allc_9821] Aggregating methylation per region ...
[GSM2099639_allc_9821]   Retained 10,789/11,071 regions (≥3 covered cytosine sites in at least one context)
[GSM2099639_allc_9821] Written → /home/muneeb/Downloads/BDA-Codebase/methylation_full_run/GSM2099639_allc_9821_lncRNA_methylation.tsv
[GSM2099640_allc_9822] Loading regions from /home/muneeb/Downloads/BDA-Codebase/lncRNAs_only.bed ...
[GSM2099640_allc_9822]   11,071 lncRNA regions
[GSM2099640_allc_9822] Loading allc from /home/muneeb/Downloads/BDA-Codebase/GSE43857_RAW/GSM2099640_allc_9822.tsv ...
[GSM2099640_allc_9822]   37,408,716 cytosine records
[GSM2099640_allc_9822] Aggregating methylation per region ...
[GSM2099640_allc_9822]   Retained 10,767/11,071 regions (≥3 covered cytosine sites in at least one context)
[GSM2099640_allc_9822] Written → /home/muneeb/Downloads/BDA-Codebase/methylation_full_run/GSM2099640_allc_9822_lncRNA_methylation.tsv
[GSM2099642_allc_9824] Loading regions from /home/muneeb/Downloads/BDA-Codebase/lncRNAs_only.bed ...
[GSM2099642_allc_9824]   11,071 lncRNA regions
[GSM2099642_allc_9824] Loading allc from /home/muneeb/Downloads/BDA-Codebase/GSE43857_RAW/GSM2099642_allc_9824.tsv ...
[GSM2099642_allc_9824]   37,092,513 cytosine records
[GSM2099642_allc_9824] Aggregating methylation per region ...
[GSM2099642_allc_9824]   Retained 10,787/11,071 regions (≥3 covered cytosine sites in at least one context)
[GSM2099642_allc_9824] Written → /home/muneeb/Downloads/BDA-Codebase/methylation_full_run/GSM2099642_allc_9824_lncRNA_methylation.tsv
[GSM2099641_allc_9823] Loading regions from /home/muneeb/Downloads/BDA-Codebase/lncRNAs_only.bed ...
[GSM2099641_allc_9823]   11,071 lncRNA regions
[GSM2099641_allc_9823] Loading allc from /home/muneeb/Downloads/BDA-Codebase/GSE43857_RAW/GSM2099641_allc_9823.tsv ...
[GSM2099641_allc_9823]   38,102,990 cytosine records
[GSM2099641_allc_9823] Aggregating methylation per region ...
[GSM2099641_allc_9823]   Retained 10,861/11,071 regions (≥3 covered cytosine sites in at least one context)
[GSM2099641_allc_9823] Written → /home/muneeb/Downloads/BDA-Codebase/methylation_full_run/GSM2099641_allc_9823_lncRNA_methylation.tsv
[GSM2099643_allc_9825] Loading regions from /home/muneeb/Downloads/BDA-Codebase/lncRNAs_only.bed ...
[GSM2099643_allc_9825]   11,071 lncRNA regions
[GSM2099643_allc_9825] Loading allc from /home/muneeb/Downloads/BDA-Codebase/GSE43857_RAW/GSM2099643_allc_9825.tsv ...
[GSM2099643_allc_9825]   37,533,754 cytosine records
[GSM2099643_allc_9825] Aggregating methylation per region ...
[GSM2099643_allc_9825]   Retained 10,802/11,071 regions (≥3 covered cytosine sites in at least one context)
[GSM2099643_allc_9825] Written → /home/muneeb/Downloads/BDA-Codebase/methylation_full_run/GSM2099643_allc_9825_lncRNA_methylation.tsv
[GSM2099644_allc_9826] Loading regions from /home/muneeb/Downloads/BDA-Codebase/lncRNAs_only.bed ...
[GSM2099644_allc_9826]   11,071 lncRNA regions
[GSM2099644_allc_9826] Loading allc from /home/muneeb/Downloads/BDA-Codebase/GSE43857_RAW/GSM2099644_allc_9826.tsv ...
[GSM2099644_allc_9826]   38,038,000 cytosine records
[GSM2099644_allc_9826] Aggregating methylation per region ...
[GSM2099644_allc_9826]   Retained 10,830/11,071 regions (≥3 covered cytosine sites in at least one context)
[GSM2099644_allc_9826] Written → /home/muneeb/Downloads/BDA-Codebase/methylation_full_run/GSM2099644_allc_9826_lncRNA_methylation.tsv
[GSM2099646_allc_9829] Loading regions from /home/muneeb/Downloads/BDA-Codebase/lncRNAs_only.bed ...
[GSM2099646_allc_9829]   11,071 lncRNA regions
[GSM2099646_allc_9829] Loading allc from /home/muneeb/Downloads/BDA-Codebase/GSE43857_RAW/GSM2099646_allc_9829.tsv ...
[GSM2099646_allc_9829]   36,324,011 cytosine records
[GSM2099646_allc_9829] Aggregating methylation per region ...
[GSM2099646_allc_9829]   Retained 10,808/11,071 regions (≥3 covered cytosine sites in at least one context)
[GSM2099646_allc_9829] Written → /home/muneeb/Downloads/BDA-Codebase/methylation_full_run/GSM2099646_allc_9829_lncRNA_methylation.tsv
[GSM2099648_allc_9831] Loading regions from /home/muneeb/Downloads/BDA-Codebase/lncRNAs_only.bed ...
[GSM2099648_allc_9831]   11,071 lncRNA regions
[GSM2099648_allc_9831] Loading allc from /home/muneeb/Downloads/BDA-Codebase/GSE43857_RAW/GSM2099648_allc_9831.tsv ...
[GSM2099648_allc_9831]   37,263,833 cytosine records
[GSM2099648_allc_9831] Aggregating methylation per region ...
[GSM2099648_allc_9831]   Retained 10,829/11,071 regions (≥3 covered cytosine sites in at least one context)
[GSM2099648_allc_9831] Written → /home/muneeb/Downloads/BDA-Codebase/methylation_full_run/GSM2099648_allc_9831_lncRNA_methylation.tsv
[GSM2099647_allc_9830] Loading regions from /home/muneeb/Downloads/BDA-Codebase/lncRNAs_only.bed ...
[GSM2099647_allc_9830]   11,071 lncRNA regions
[GSM2099647_allc_9830] Loading allc from /home/muneeb/Downloads/BDA-Codebase/GSE43857_RAW/GSM2099647_allc_9830.tsv ...
[GSM2099647_allc_9830]   37,438,368 cytosine records
[GSM2099647_allc_9830] Aggregating methylation per region ...
[GSM2099647_allc_9830]   Retained 10,801/11,071 regions (≥3 covered cytosine sites in at least one context)
[GSM2099647_allc_9830] Written → /home/muneeb/Downloads/BDA-Codebase/methylation_full_run/GSM2099647_allc_9830_lncRNA_methylation.tsv
[GSM2099645_allc_9827] Loading regions from /home/muneeb/Downloads/BDA-Codebase/lncRNAs_only.bed ...
[GSM2099645_allc_9827]   11,071 lncRNA regions
[GSM2099645_allc_9827] Loading allc from /home/muneeb/Downloads/BDA-Codebase/GSE43857_RAW/GSM2099645_allc_9827.tsv ...
[GSM2099645_allc_9827]   37,710,862 cytosine records
[GSM2099645_allc_9827] Aggregating methylation per region ...
[GSM2099645_allc_9827]   Retained 10,816/11,071 regions (≥3 covered cytosine sites in at least one context)
[GSM2099645_allc_9827] Written → /home/muneeb/Downloads/BDA-Codebase/methylation_full_run/GSM2099645_allc_9827_lncRNA_methylation.tsv
[GSM2099649_allc_9832] Loading regions from /home/muneeb/Downloads/BDA-Codebase/lncRNAs_only.bed ...
[GSM2099649_allc_9832]   11,071 lncRNA regions
[GSM2099649_allc_9832] Loading allc from /home/muneeb/Downloads/BDA-Codebase/GSE43857_RAW/GSM2099649_allc_9832.tsv ...
[GSM2099649_allc_9832]   36,378,371 cytosine records
[GSM2099649_allc_9832] Aggregating methylation per region ...
[GSM2099649_allc_9832]   Retained 10,789/11,071 regions (≥3 covered cytosine sites in at least one context)
[GSM2099649_allc_9832] Written → /home/muneeb/Downloads/BDA-Codebase/methylation_full_run/GSM2099649_allc_9832_lncRNA_methylation.tsv
[GSM2099650_allc_9833] Loading regions from /home/muneeb/Downloads/BDA-Codebase/lncRNAs_only.bed ...
[GSM2099650_allc_9833]   11,071 lncRNA regions
[GSM2099650_allc_9833] Loading allc from /home/muneeb/Downloads/BDA-Codebase/GSE43857_RAW/GSM2099650_allc_9833.tsv ...
[GSM2099650_allc_9833]   38,339,756 cytosine records
[GSM2099650_allc_9833] Aggregating methylation per region ...
[GSM2099650_allc_9833]   Retained 10,888/11,071 regions (≥3 covered cytosine sites in at least one context)
[GSM2099650_allc_9833] Written → /home/muneeb/Downloads/BDA-Codebase/methylation_full_run/GSM2099650_allc_9833_lncRNA_methylation.tsv
[GSM2099651_allc_9834] Loading regions from /home/muneeb/Downloads/BDA-Codebase/lncRNAs_only.bed ...
[GSM2099651_allc_9834]   11,071 lncRNA regions
[GSM2099651_allc_9834] Loading allc from /home/muneeb/Downloads/BDA-Codebase/GSE43857_RAW/GSM2099651_allc_9834.tsv ...
[GSM2099651_allc_9834]   37,883,230 cytosine records
[GSM2099651_allc_9834] Aggregating methylation per region ...
[GSM2099651_allc_9834]   Retained 10,856/11,071 regions (≥3 covered cytosine sites in at least one context)
[GSM2099651_allc_9834] Written → /home/muneeb/Downloads/BDA-Codebase/methylation_full_run/GSM2099651_allc_9834_lncRNA_methylation.tsv
[GSM2099652_allc_9835] Loading regions from /home/muneeb/Downloads/BDA-Codebase/lncRNAs_only.bed ...
[GSM2099652_allc_9835]   11,071 lncRNA regions
[GSM2099652_allc_9835] Loading allc from /home/muneeb/Downloads/BDA-Codebase/GSE43857_RAW/GSM2099652_allc_9835.tsv ...
[GSM2099652_allc_9835]   37,638,466 cytosine records
[GSM2099652_allc_9835] Aggregating methylation per region ...
[GSM2099652_allc_9835]   Retained 10,803/11,071 regions (≥3 covered cytosine sites in at least one context)
[GSM2099652_allc_9835] Written → /home/muneeb/Downloads/BDA-Codebase/methylation_full_run/GSM2099652_allc_9835_lncRNA_methylation.tsv
[GSM2099653_allc_9836] Loading regions from /home/muneeb/Downloads/BDA-Codebase/lncRNAs_only.bed ...
[GSM2099653_allc_9836]   11,071 lncRNA regions
[GSM2099653_allc_9836] Loading allc from /home/muneeb/Downloads/BDA-Codebase/GSE43857_RAW/GSM2099653_allc_9836.tsv ...
[GSM2099653_allc_9836]   37,330,614 cytosine records
[GSM2099653_allc_9836] Aggregating methylation per region ...
[GSM2099653_allc_9836]   Retained 10,786/11,071 regions (≥3 covered cytosine sites in at least one context)
[GSM2099653_allc_9836] Written → /home/muneeb/Downloads/BDA-Codebase/methylation_full_run/GSM2099653_allc_9836_lncRNA_methylation.tsv
[GSM2099654_allc_9837] Loading regions from /home/muneeb/Downloads/BDA-Codebase/lncRNAs_only.bed ...
[GSM2099654_allc_9837]   11,071 lncRNA regions
[GSM2099654_allc_9837] Loading allc from /home/muneeb/Downloads/BDA-Codebase/GSE43857_RAW/GSM2099654_allc_9837.tsv ...
[GSM2099654_allc_9837]   37,097,387 cytosine records
[GSM2099654_allc_9837] Aggregating methylation per region ...
[GSM2099654_allc_9837]   Retained 10,852/11,071 regions (≥3 covered cytosine sites in at least one context)
[GSM2099654_allc_9837] Written → /home/muneeb/Downloads/BDA-Codebase/methylation_full_run/GSM2099654_allc_9837_lncRNA_methylation.tsv
[GSM2099655_allc_9838] Loading regions from /home/muneeb/Downloads/BDA-Codebase/lncRNAs_only.bed ...
[GSM2099655_allc_9838]   11,071 lncRNA regions
[GSM2099655_allc_9838] Loading allc from /home/muneeb/Downloads/BDA-Codebase/GSE43857_RAW/GSM2099655_allc_9838.tsv ...
[GSM2099655_allc_9838]   37,342,436 cytosine records
[GSM2099655_allc_9838] Aggregating methylation per region ...
[GSM2099655_allc_9838]   Retained 10,829/11,071 regions (≥3 covered cytosine sites in at least one context)
[GSM2099655_allc_9838] Written → /home/muneeb/Downloads/BDA-Codebase/methylation_full_run/GSM2099655_allc_9838_lncRNA_methylation.tsv
[GSM2099657_allc_9840] Loading regions from /home/muneeb/Downloads/BDA-Codebase/lncRNAs_only.bed ...
[GSM2099657_allc_9840]   11,071 lncRNA regions
[GSM2099657_allc_9840] Loading allc from /home/muneeb/Downloads/BDA-Codebase/GSE43857_RAW/GSM2099657_allc_9840.tsv ...
[GSM2099657_allc_9840]   37,374,529 cytosine records
[GSM2099657_allc_9840] Aggregating methylation per region ...
[GSM2099657_allc_9840]   Retained 10,777/11,071 regions (≥3 covered cytosine sites in at least one context)
[GSM2099657_allc_9840] Written → /home/muneeb/Downloads/BDA-Codebase/methylation_full_run/GSM2099657_allc_9840_lncRNA_methylation.tsv
[GSM2099656_allc_9839] Loading regions from /home/muneeb/Downloads/BDA-Codebase/lncRNAs_only.bed ...
[GSM2099656_allc_9839]   11,071 lncRNA regions
[GSM2099656_allc_9839] Loading allc from /home/muneeb/Downloads/BDA-Codebase/GSE43857_RAW/GSM2099656_allc_9839.tsv ...
[GSM2099656_allc_9839]   37,828,598 cytosine records
[GSM2099656_allc_9839] Aggregating methylation per region ...
[GSM2099656_allc_9839]   Retained 10,897/11,071 regions (≥3 covered cytosine sites in at least one context)
[GSM2099656_allc_9839] Written → /home/muneeb/Downloads/BDA-Codebase/methylation_full_run/GSM2099656_allc_9839_lncRNA_methylation.tsv
[GSM2099658_allc_9841] Loading regions from /home/muneeb/Downloads/BDA-Codebase/lncRNAs_only.bed ...
[GSM2099658_allc_9841]   11,071 lncRNA regions
[GSM2099658_allc_9841] Loading allc from /home/muneeb/Downloads/BDA-Codebase/GSE43857_RAW/GSM2099658_allc_9841.tsv ...
[GSM2099658_allc_9841]   37,868,810 cytosine records
[GSM2099658_allc_9841] Aggregating methylation per region ...
[GSM2099658_allc_9841]   Retained 10,872/11,071 regions (≥3 covered cytosine sites in at least one context)
[GSM2099658_allc_9841] Written → /home/muneeb/Downloads/BDA-Codebase/methylation_full_run/GSM2099658_allc_9841_lncRNA_methylation.tsv
[GSM2099659_allc_9843] Loading regions from /home/muneeb/Downloads/BDA-Codebase/lncRNAs_only.bed ...
[GSM2099659_allc_9843]   11,071 lncRNA regions
[GSM2099659_allc_9843] Loading allc from /home/muneeb/Downloads/BDA-Codebase/GSE43857_RAW/GSM2099659_allc_9843.tsv ...
[GSM2099659_allc_9843]   38,151,419 cytosine records
[GSM2099659_allc_9843] Aggregating methylation per region ...
[GSM2099659_allc_9843]   Retained 10,881/11,071 regions (≥3 covered cytosine sites in at least one context)
[GSM2099659_allc_9843] Written → /home/muneeb/Downloads/BDA-Codebase/methylation_full_run/GSM2099659_allc_9843_lncRNA_methylation.tsv
[GSM2099661_allc_9845] Loading regions from /home/muneeb/Downloads/BDA-Codebase/lncRNAs_only.bed ...
[GSM2099661_allc_9845]   11,071 lncRNA regions
[GSM2099661_allc_9845] Loading allc from /home/muneeb/Downloads/BDA-Codebase/GSE43857_RAW/GSM2099661_allc_9845.tsv ...
[GSM2099661_allc_9845]   37,430,363 cytosine records
[GSM2099661_allc_9845] Aggregating methylation per region ...
[GSM2099661_allc_9845]   Retained 10,778/11,071 regions (≥3 covered cytosine sites in at least one context)
[GSM2099661_allc_9845] Written → /home/muneeb/Downloads/BDA-Codebase/methylation_full_run/GSM2099661_allc_9845_lncRNA_methylation.tsv
[GSM2099660_allc_9844] Loading regions from /home/muneeb/Downloads/BDA-Codebase/lncRNAs_only.bed ...
[GSM2099660_allc_9844]   11,071 lncRNA regions
[GSM2099660_allc_9844] Loading allc from /home/muneeb/Downloads/BDA-Codebase/GSE43857_RAW/GSM2099660_allc_9844.tsv ...
[GSM2099660_allc_9844]   37,956,673 cytosine records
[GSM2099660_allc_9844] Aggregating methylation per region ...
[GSM2099660_allc_9844]   Retained 10,893/11,071 regions (≥3 covered cytosine sites in at least one context)
[GSM2099660_allc_9844] Written → /home/muneeb/Downloads/BDA-Codebase/methylation_full_run/GSM2099660_allc_9844_lncRNA_methylation.tsv
[GSM2099662_allc_9846] Loading regions from /home/muneeb/Downloads/BDA-Codebase/lncRNAs_only.bed ...
[GSM2099662_allc_9846]   11,071 lncRNA regions
[GSM2099662_allc_9846] Loading allc from /home/muneeb/Downloads/BDA-Codebase/GSE43857_RAW/GSM2099662_allc_9846.tsv ...
[GSM2099662_allc_9846]   38,186,507 cytosine records
[GSM2099662_allc_9846] Aggregating methylation per region ...
[GSM2099662_allc_9846]   Retained 10,861/11,071 regions (≥3 covered cytosine sites in at least one context)
[GSM2099662_allc_9846] Written → /home/muneeb/Downloads/BDA-Codebase/methylation_full_run/GSM2099662_allc_9846_lncRNA_methylation.tsv
[GSM2099663_allc_9847] Loading regions from /home/muneeb/Downloads/BDA-Codebase/lncRNAs_only.bed ...
[GSM2099663_allc_9847]   11,071 lncRNA regions
[GSM2099663_allc_9847] Loading allc from /home/muneeb/Downloads/BDA-Codebase/GSE43857_RAW/GSM2099663_allc_9847.tsv ...
[GSM2099663_allc_9847]   38,257,682 cytosine records
[GSM2099663_allc_9847] Aggregating methylation per region ...
[GSM2099663_allc_9847]   Retained 10,880/11,071 regions (≥3 covered cytosine sites in at least one context)
[GSM2099663_allc_9847] Written → /home/muneeb/Downloads/BDA-Codebase/methylation_full_run/GSM2099663_allc_9847_lncRNA_methylation.tsv
[GSM2099664_allc_9848] Loading regions from /home/muneeb/Downloads/BDA-Codebase/lncRNAs_only.bed ...
[GSM2099664_allc_9848]   11,071 lncRNA regions
[GSM2099664_allc_9848] Loading allc from /home/muneeb/Downloads/BDA-Codebase/GSE43857_RAW/GSM2099664_allc_9848.tsv ...
[GSM2099664_allc_9848]   37,483,336 cytosine records
[GSM2099664_allc_9848] Aggregating methylation per region ...
[GSM2099664_allc_9848]   Retained 10,810/11,071 regions (≥3 covered cytosine sites in at least one context)
[GSM2099664_allc_9848] Written → /home/muneeb/Downloads/BDA-Codebase/methylation_full_run/GSM2099664_allc_9848_lncRNA_methylation.tsv
[GSM2099665_allc_9849] Loading regions from /home/muneeb/Downloads/BDA-Codebase/lncRNAs_only.bed ...
[GSM2099665_allc_9849]   11,071 lncRNA regions
[GSM2099665_allc_9849] Loading allc from /home/muneeb/Downloads/BDA-Codebase/GSE43857_RAW/GSM2099665_allc_9849.tsv ...
[GSM2099665_allc_9849]   37,333,404 cytosine records
[GSM2099665_allc_9849] Aggregating methylation per region ...
[GSM2099665_allc_9849]   Retained 10,815/11,071 regions (≥3 covered cytosine sites in at least one context)
[GSM2099665_allc_9849] Written → /home/muneeb/Downloads/BDA-Codebase/methylation_full_run/GSM2099665_allc_9849_lncRNA_methylation.tsv
[GSM2099666_allc_9850] Loading regions from /home/muneeb/Downloads/BDA-Codebase/lncRNAs_only.bed ...
[GSM2099666_allc_9850]   11,071 lncRNA regions
[GSM2099666_allc_9850] Loading allc from /home/muneeb/Downloads/BDA-Codebase/GSE43857_RAW/GSM2099666_allc_9850.tsv ...
[GSM2099666_allc_9850]   37,470,127 cytosine records
[GSM2099666_allc_9850] Aggregating methylation per region ...
[GSM2099666_allc_9850]   Retained 10,830/11,071 regions (≥3 covered cytosine sites in at least one context)
[GSM2099666_allc_9850] Written → /home/muneeb/Downloads/BDA-Codebase/methylation_full_run/GSM2099666_allc_9850_lncRNA_methylation.tsv
[GSM2099667_allc_9851] Loading regions from /home/muneeb/Downloads/BDA-Codebase/lncRNAs_only.bed ...
[GSM2099667_allc_9851]   11,071 lncRNA regions
[GSM2099667_allc_9851] Loading allc from /home/muneeb/Downloads/BDA-Codebase/GSE43857_RAW/GSM2099667_allc_9851.tsv ...
[GSM2099667_allc_9851]   37,278,727 cytosine records
[GSM2099667_allc_9851] Aggregating methylation per region ...
[GSM2099667_allc_9851]   Retained 10,769/11,071 regions (≥3 covered cytosine sites in at least one context)
[GSM2099667_allc_9851] Written → /home/muneeb/Downloads/BDA-Codebase/methylation_full_run/GSM2099667_allc_9851_lncRNA_methylation.tsv
[GSM2099668_allc_9852] Loading regions from /home/muneeb/Downloads/BDA-Codebase/lncRNAs_only.bed ...
[GSM2099668_allc_9852]   11,071 lncRNA regions
[GSM2099668_allc_9852] Loading allc from /home/muneeb/Downloads/BDA-Codebase/GSE43857_RAW/GSM2099668_allc_9852.tsv ...
[GSM2099668_allc_9852]   38,343,207 cytosine records
[GSM2099668_allc_9852] Aggregating methylation per region ...
[GSM2099668_allc_9852]   Retained 10,877/11,071 regions (≥3 covered cytosine sites in at least one context)
[GSM2099668_allc_9852] Written → /home/muneeb/Downloads/BDA-Codebase/methylation_full_run/GSM2099668_allc_9852_lncRNA_methylation.tsv
[GSM2099670_allc_9854] Loading regions from /home/muneeb/Downloads/BDA-Codebase/lncRNAs_only.bed ...
[GSM2099670_allc_9854]   11,071 lncRNA regions
[GSM2099670_allc_9854] Loading allc from /home/muneeb/Downloads/BDA-Codebase/GSE43857_RAW/GSM2099670_allc_9854.tsv ...
[GSM2099670_allc_9854]   36,563,211 cytosine records
[GSM2099670_allc_9854] Aggregating methylation per region ...
[GSM2099670_allc_9854]   Retained 10,703/11,071 regions (≥3 covered cytosine sites in at least one context)
[GSM2099670_allc_9854] Written → /home/muneeb/Downloads/BDA-Codebase/methylation_full_run/GSM2099670_allc_9854_lncRNA_methylation.tsv
[GSM2099672_allc_9856] Loading regions from /home/muneeb/Downloads/BDA-Codebase/lncRNAs_only.bed ...
[GSM2099672_allc_9856]   11,071 lncRNA regions
[GSM2099672_allc_9856] Loading allc from /home/muneeb/Downloads/BDA-Codebase/GSE43857_RAW/GSM2099672_allc_9856.tsv ...
[GSM2099672_allc_9856]   37,284,982 cytosine records
[GSM2099672_allc_9856] Aggregating methylation per region ...
[GSM2099672_allc_9856]   Retained 10,805/11,071 regions (≥3 covered cytosine sites in at least one context)
[GSM2099672_allc_9856] Written → /home/muneeb/Downloads/BDA-Codebase/methylation_full_run/GSM2099672_allc_9856_lncRNA_methylation.tsv
[GSM2099671_allc_9855] Loading regions from /home/muneeb/Downloads/BDA-Codebase/lncRNAs_only.bed ...
[GSM2099671_allc_9855]   11,071 lncRNA regions
[GSM2099671_allc_9855] Loading allc from /home/muneeb/Downloads/BDA-Codebase/GSE43857_RAW/GSM2099671_allc_9855.tsv ...
[GSM2099671_allc_9855]   37,512,509 cytosine records
[GSM2099671_allc_9855] Aggregating methylation per region ...
[GSM2099671_allc_9855]   Retained 10,806/11,071 regions (≥3 covered cytosine sites in at least one context)
[GSM2099671_allc_9855] Written → /home/muneeb/Downloads/BDA-Codebase/methylation_full_run/GSM2099671_allc_9855_lncRNA_methylation.tsv
[GSM2099673_allc_9857] Loading regions from /home/muneeb/Downloads/BDA-Codebase/lncRNAs_only.bed ...
[GSM2099673_allc_9857]   11,071 lncRNA regions
[GSM2099673_allc_9857] Loading allc from /home/muneeb/Downloads/BDA-Codebase/GSE43857_RAW/GSM2099673_allc_9857.tsv ...
[GSM2099673_allc_9857]   37,488,533 cytosine records
[GSM2099673_allc_9857] Aggregating methylation per region ...
[GSM2099673_allc_9857]   Retained 10,830/11,071 regions (≥3 covered cytosine sites in at least one context)
[GSM2099673_allc_9857] Written → /home/muneeb/Downloads/BDA-Codebase/methylation_full_run/GSM2099673_allc_9857_lncRNA_methylation.tsv
[GSM2099675_allc_9859] Loading regions from /home/muneeb/Downloads/BDA-Codebase/lncRNAs_only.bed ...
[GSM2099675_allc_9859]   11,071 lncRNA regions
[GSM2099675_allc_9859] Loading allc from /home/muneeb/Downloads/BDA-Codebase/GSE43857_RAW/GSM2099675_allc_9859.tsv ...
[GSM2099675_allc_9859]   37,238,425 cytosine records
[GSM2099675_allc_9859] Aggregating methylation per region ...
[GSM2099675_allc_9859]   Retained 10,805/11,071 regions (≥3 covered cytosine sites in at least one context)
[GSM2099675_allc_9859] Written → /home/muneeb/Downloads/BDA-Codebase/methylation_full_run/GSM2099675_allc_9859_lncRNA_methylation.tsv
[GSM2099669_allc_9853] Loading regions from /home/muneeb/Downloads/BDA-Codebase/lncRNAs_only.bed ...
[GSM2099669_allc_9853]   11,071 lncRNA regions
[GSM2099669_allc_9853] Loading allc from /home/muneeb/Downloads/BDA-Codebase/GSE43857_RAW/GSM2099669_allc_9853.tsv ...
[GSM2099669_allc_9853]   38,863,801 cytosine records
[GSM2099669_allc_9853] Aggregating methylation per region ...
[GSM2099669_allc_9853]   Retained 10,870/11,071 regions (≥3 covered cytosine sites in at least one context)
[GSM2099669_allc_9853] Written → /home/muneeb/Downloads/BDA-Codebase/methylation_full_run/GSM2099669_allc_9853_lncRNA_methylation.tsv
[GSM2099676_allc_9860] Loading regions from /home/muneeb/Downloads/BDA-Codebase/lncRNAs_only.bed ...
[GSM2099676_allc_9860]   11,071 lncRNA regions
[GSM2099676_allc_9860] Loading allc from /home/muneeb/Downloads/BDA-Codebase/GSE43857_RAW/GSM2099676_allc_9860.tsv ...
[GSM2099676_allc_9860]   37,582,710 cytosine records
[GSM2099676_allc_9860] Aggregating methylation per region ...
[GSM2099676_allc_9860]   Retained 10,810/11,071 regions (≥3 covered cytosine sites in at least one context)
[GSM2099676_allc_9860] Written → /home/muneeb/Downloads/BDA-Codebase/methylation_full_run/GSM2099676_allc_9860_lncRNA_methylation.tsv
[GSM2099677_allc_9861] Loading regions from /home/muneeb/Downloads/BDA-Codebase/lncRNAs_only.bed ...
[GSM2099677_allc_9861]   11,071 lncRNA regions
[GSM2099677_allc_9861] Loading allc from /home/muneeb/Downloads/BDA-Codebase/GSE43857_RAW/GSM2099677_allc_9861.tsv ...
[GSM2099677_allc_9861]   37,292,322 cytosine records
[GSM2099677_allc_9861] Aggregating methylation per region ...
[GSM2099677_allc_9861]   Retained 10,785/11,071 regions (≥3 covered cytosine sites in at least one context)
[GSM2099677_allc_9861] Written → /home/muneeb/Downloads/BDA-Codebase/methylation_full_run/GSM2099677_allc_9861_lncRNA_methylation.tsv
[GSM2099678_allc_9862] Loading regions from /home/muneeb/Downloads/BDA-Codebase/lncRNAs_only.bed ...
[GSM2099678_allc_9862]   11,071 lncRNA regions
[GSM2099678_allc_9862] Loading allc from /home/muneeb/Downloads/BDA-Codebase/GSE43857_RAW/GSM2099678_allc_9862.tsv ...
[GSM2099678_allc_9862]   36,775,776 cytosine records
[GSM2099678_allc_9862] Aggregating methylation per region ...
[GSM2099678_allc_9862]   Retained 10,780/11,071 regions (≥3 covered cytosine sites in at least one context)
[GSM2099678_allc_9862] Written → /home/muneeb/Downloads/BDA-Codebase/methylation_full_run/GSM2099678_allc_9862_lncRNA_methylation.tsv
[GSM2099674_allc_9858] Loading regions from /home/muneeb/Downloads/BDA-Codebase/lncRNAs_only.bed ...
[GSM2099674_allc_9858]   11,071 lncRNA regions
[GSM2099674_allc_9858] Loading allc from /home/muneeb/Downloads/BDA-Codebase/GSE43857_RAW/GSM2099674_allc_9858.tsv ...
[GSM2099674_allc_9858]   38,795,148 cytosine records
[GSM2099674_allc_9858] Aggregating methylation per region ...
[GSM2099674_allc_9858]   Retained 10,888/11,071 regions (≥3 covered cytosine sites in at least one context)
[GSM2099674_allc_9858] Written → /home/muneeb/Downloads/BDA-Codebase/methylation_full_run/GSM2099674_allc_9858_lncRNA_methylation.tsv
[GSM2099679_allc_9864] Loading regions from /home/muneeb/Downloads/BDA-Codebase/lncRNAs_only.bed ...
[GSM2099679_allc_9864]   11,071 lncRNA regions
[GSM2099679_allc_9864] Loading allc from /home/muneeb/Downloads/BDA-Codebase/GSE43857_RAW/GSM2099679_allc_9864.tsv ...
[GSM2099679_allc_9864]   37,507,755 cytosine records
[GSM2099679_allc_9864] Aggregating methylation per region ...
[GSM2099679_allc_9864]   Retained 10,846/11,071 regions (≥3 covered cytosine sites in at least one context)
[GSM2099679_allc_9864] Written → /home/muneeb/Downloads/BDA-Codebase/methylation_full_run/GSM2099679_allc_9864_lncRNA_methylation.tsv
[GSM2099681_allc_9867] Loading regions from /home/muneeb/Downloads/BDA-Codebase/lncRNAs_only.bed ...
[GSM2099681_allc_9867]   11,071 lncRNA regions
[GSM2099681_allc_9867] Loading allc from /home/muneeb/Downloads/BDA-Codebase/GSE43857_RAW/GSM2099681_allc_9867.tsv ...
[GSM2099681_allc_9867]   37,301,336 cytosine records
[GSM2099681_allc_9867] Aggregating methylation per region ...
[GSM2099681_allc_9867]   Retained 10,802/11,071 regions (≥3 covered cytosine sites in at least one context)
[GSM2099681_allc_9867] Written → /home/muneeb/Downloads/BDA-Codebase/methylation_full_run/GSM2099681_allc_9867_lncRNA_methylation.tsv
[GSM2099680_allc_9866] Loading regions from /home/muneeb/Downloads/BDA-Codebase/lncRNAs_only.bed ...
[GSM2099680_allc_9866]   11,071 lncRNA regions
[GSM2099680_allc_9866] Loading allc from /home/muneeb/Downloads/BDA-Codebase/GSE43857_RAW/GSM2099680_allc_9866.tsv ...
[GSM2099680_allc_9866]   37,482,315 cytosine records
[GSM2099680_allc_9866] Aggregating methylation per region ...
[GSM2099680_allc_9866]   Retained 10,758/11,071 regions (≥3 covered cytosine sites in at least one context)
[GSM2099680_allc_9866] Written → /home/muneeb/Downloads/BDA-Codebase/methylation_full_run/GSM2099680_allc_9866_lncRNA_methylation.tsv
[GSM2099682_allc_9868] Loading regions from /home/muneeb/Downloads/BDA-Codebase/lncRNAs_only.bed ...
[GSM2099682_allc_9868]   11,071 lncRNA regions
[GSM2099682_allc_9868] Loading allc from /home/muneeb/Downloads/BDA-Codebase/GSE43857_RAW/GSM2099682_allc_9868.tsv ...
[GSM2099682_allc_9868]   37,362,031 cytosine records
[GSM2099682_allc_9868] Aggregating methylation per region ...
[GSM2099682_allc_9868]   Retained 10,790/11,071 regions (≥3 covered cytosine sites in at least one context)
[GSM2099682_allc_9868] Written → /home/muneeb/Downloads/BDA-Codebase/methylation_full_run/GSM2099682_allc_9868_lncRNA_methylation.tsv
[GSM2099683_allc_9869] Loading regions from /home/muneeb/Downloads/BDA-Codebase/lncRNAs_only.bed ...
[GSM2099683_allc_9869]   11,071 lncRNA regions
[GSM2099683_allc_9869] Loading allc from /home/muneeb/Downloads/BDA-Codebase/GSE43857_RAW/GSM2099683_allc_9869.tsv ...
[GSM2099683_allc_9869]   36,464,767 cytosine records
[GSM2099683_allc_9869] Aggregating methylation per region ...
[GSM2099683_allc_9869]   Retained 10,778/11,071 regions (≥3 covered cytosine sites in at least one context)
[GSM2099683_allc_9869] Written → /home/muneeb/Downloads/BDA-Codebase/methylation_full_run/GSM2099683_allc_9869_lncRNA_methylation.tsv
[GSM2099685_allc_9871] Loading regions from /home/muneeb/Downloads/BDA-Codebase/lncRNAs_only.bed ...
[GSM2099685_allc_9871]   11,071 lncRNA regions
[GSM2099685_allc_9871] Loading allc from /home/muneeb/Downloads/BDA-Codebase/GSE43857_RAW/GSM2099685_allc_9871.tsv ...
[GSM2099685_allc_9871]   36,433,921 cytosine records
[GSM2099685_allc_9871] Aggregating methylation per region ...
[GSM2099685_allc_9871]   Retained 10,786/11,071 regions (≥3 covered cytosine sites in at least one context)
[GSM2099685_allc_9871] Written → /home/muneeb/Downloads/BDA-Codebase/methylation_full_run/GSM2099685_allc_9871_lncRNA_methylation.tsv
[GSM2099686_allc_9872] Loading regions from /home/muneeb/Downloads/BDA-Codebase/lncRNAs_only.bed ...
[GSM2099686_allc_9872]   11,071 lncRNA regions
[GSM2099686_allc_9872] Loading allc from /home/muneeb/Downloads/BDA-Codebase/GSE43857_RAW/GSM2099686_allc_9872.tsv ...
[GSM2099686_allc_9872]   35,997,984 cytosine records
[GSM2099686_allc_9872] Aggregating methylation per region ...
[GSM2099686_allc_9872]   Retained 10,748/11,071 regions (≥3 covered cytosine sites in at least one context)
[GSM2099686_allc_9872] Written → /home/muneeb/Downloads/BDA-Codebase/methylation_full_run/GSM2099686_allc_9872_lncRNA_methylation.tsv
[GSM2099687_allc_9873] Loading regions from /home/muneeb/Downloads/BDA-Codebase/lncRNAs_only.bed ...
[GSM2099687_allc_9873]   11,071 lncRNA regions
[GSM2099687_allc_9873] Loading allc from /home/muneeb/Downloads/BDA-Codebase/GSE43857_RAW/GSM2099687_allc_9873.tsv ...
[GSM2099687_allc_9873]   37,801,059 cytosine records
[GSM2099687_allc_9873] Aggregating methylation per region ...
[GSM2099687_allc_9873]   Retained 10,828/11,071 regions (≥3 covered cytosine sites in at least one context)
[GSM2099687_allc_9873] Written → /home/muneeb/Downloads/BDA-Codebase/methylation_full_run/GSM2099687_allc_9873_lncRNA_methylation.tsv
[GSM2099688_allc_9874] Loading regions from /home/muneeb/Downloads/BDA-Codebase/lncRNAs_only.bed ...
[GSM2099688_allc_9874]   11,071 lncRNA regions
[GSM2099688_allc_9874] Loading allc from /home/muneeb/Downloads/BDA-Codebase/GSE43857_RAW/GSM2099688_allc_9874.tsv ...
[GSM2099688_allc_9874]   37,629,330 cytosine records
[GSM2099688_allc_9874] Aggregating methylation per region ...
[GSM2099688_allc_9874]   Retained 10,807/11,071 regions (≥3 covered cytosine sites in at least one context)
[GSM2099688_allc_9874] Written → /home/muneeb/Downloads/BDA-Codebase/methylation_full_run/GSM2099688_allc_9874_lncRNA_methylation.tsv
[GSM2099690_allc_9876] Loading regions from /home/muneeb/Downloads/BDA-Codebase/lncRNAs_only.bed ...
[GSM2099690_allc_9876]   11,071 lncRNA regions
[GSM2099690_allc_9876] Loading allc from /home/muneeb/Downloads/BDA-Codebase/GSE43857_RAW/GSM2099690_allc_9876.tsv ...
[GSM2099690_allc_9876]   37,390,628 cytosine records
[GSM2099690_allc_9876] Aggregating methylation per region ...
[GSM2099690_allc_9876]   Retained 10,756/11,071 regions (≥3 covered cytosine sites in at least one context)
[GSM2099690_allc_9876] Written → /home/muneeb/Downloads/BDA-Codebase/methylation_full_run/GSM2099690_allc_9876_lncRNA_methylation.tsv
[GSM2099689_allc_9875] Loading regions from /home/muneeb/Downloads/BDA-Codebase/lncRNAs_only.bed ...
[GSM2099689_allc_9875]   11,071 lncRNA regions
[GSM2099689_allc_9875] Loading allc from /home/muneeb/Downloads/BDA-Codebase/GSE43857_RAW/GSM2099689_allc_9875.tsv ...
[GSM2099689_allc_9875]   37,487,378 cytosine records
[GSM2099689_allc_9875] Aggregating methylation per region ...
[GSM2099689_allc_9875]   Retained 10,791/11,071 regions (≥3 covered cytosine sites in at least one context)
[GSM2099689_allc_9875] Written → /home/muneeb/Downloads/BDA-Codebase/methylation_full_run/GSM2099689_allc_9875_lncRNA_methylation.tsv
[GSM2099691_allc_9877] Loading regions from /home/muneeb/Downloads/BDA-Codebase/lncRNAs_only.bed ...
[GSM2099691_allc_9877]   11,071 lncRNA regions
[GSM2099691_allc_9877] Loading allc from /home/muneeb/Downloads/BDA-Codebase/GSE43857_RAW/GSM2099691_allc_9877.tsv ...
[GSM2099691_allc_9877]   37,436,924 cytosine records
[GSM2099691_allc_9877] Aggregating methylation per region ...
[GSM2099691_allc_9877]   Retained 10,797/11,071 regions (≥3 covered cytosine sites in at least one context)
[GSM2099691_allc_9877] Written → /home/muneeb/Downloads/BDA-Codebase/methylation_full_run/GSM2099691_allc_9877_lncRNA_methylation.tsv
[GSM2099692_allc_9878] Loading regions from /home/muneeb/Downloads/BDA-Codebase/lncRNAs_only.bed ...
[GSM2099692_allc_9878]   11,071 lncRNA regions
[GSM2099692_allc_9878] Loading allc from /home/muneeb/Downloads/BDA-Codebase/GSE43857_RAW/GSM2099692_allc_9878.tsv ...
[GSM2099692_allc_9878]   37,478,424 cytosine records
[GSM2099692_allc_9878] Aggregating methylation per region ...
[GSM2099692_allc_9878]   Retained 10,797/11,071 regions (≥3 covered cytosine sites in at least one context)
[GSM2099692_allc_9878] Written → /home/muneeb/Downloads/BDA-Codebase/methylation_full_run/GSM2099692_allc_9878_lncRNA_methylation.tsv
[GSM2099684_allc_9870] Loading regions from /home/muneeb/Downloads/BDA-Codebase/lncRNAs_only.bed ...
[GSM2099684_allc_9870]   11,071 lncRNA regions
[GSM2099684_allc_9870] Loading allc from /home/muneeb/Downloads/BDA-Codebase/GSE43857_RAW/GSM2099684_allc_9870.tsv ...
[GSM2099684_allc_9870]   39,389,578 cytosine records
[GSM2099684_allc_9870] Aggregating methylation per region ...
[GSM2099684_allc_9870]   Retained 10,905/11,071 regions (≥3 covered cytosine sites in at least one context)
[GSM2099684_allc_9870] Written → /home/muneeb/Downloads/BDA-Codebase/methylation_full_run/GSM2099684_allc_9870_lncRNA_methylation.tsv
[GSM2099693_allc_9879] Loading regions from /home/muneeb/Downloads/BDA-Codebase/lncRNAs_only.bed ...
[GSM2099693_allc_9879]   11,071 lncRNA regions
[GSM2099693_allc_9879] Loading allc from /home/muneeb/Downloads/BDA-Codebase/GSE43857_RAW/GSM2099693_allc_9879.tsv ...
[GSM2099693_allc_9879]   36,516,396 cytosine records
[GSM2099693_allc_9879] Aggregating methylation per region ...
[GSM2099693_allc_9879]   Retained 10,833/11,071 regions (≥3 covered cytosine sites in at least one context)
[GSM2099693_allc_9879] Written → /home/muneeb/Downloads/BDA-Codebase/methylation_full_run/GSM2099693_allc_9879_lncRNA_methylation.tsv
[GSM2099694_allc_9880] Loading regions from /home/muneeb/Downloads/BDA-Codebase/lncRNAs_only.bed ...
[GSM2099694_allc_9880]   11,071 lncRNA regions
[GSM2099694_allc_9880] Loading allc from /home/muneeb/Downloads/BDA-Codebase/GSE43857_RAW/GSM2099694_allc_9880.tsv ...
[GSM2099694_allc_9880]   37,077,249 cytosine records
[GSM2099694_allc_9880] Aggregating methylation per region ...
[GSM2099694_allc_9880]   Retained 10,790/11,071 regions (≥3 covered cytosine sites in at least one context)
[GSM2099694_allc_9880] Written → /home/muneeb/Downloads/BDA-Codebase/methylation_full_run/GSM2099694_allc_9880_lncRNA_methylation.tsv
[GSM2099696_allc_9882] Loading regions from /home/muneeb/Downloads/BDA-Codebase/lncRNAs_only.bed ...
[GSM2099696_allc_9882]   11,071 lncRNA regions
[GSM2099696_allc_9882] Loading allc from /home/muneeb/Downloads/BDA-Codebase/GSE43857_RAW/GSM2099696_allc_9882.tsv ...
[GSM2099696_allc_9882]   37,054,119 cytosine records
[GSM2099696_allc_9882] Aggregating methylation per region ...
[GSM2099696_allc_9882]   Retained 10,753/11,071 regions (≥3 covered cytosine sites in at least one context)
[GSM2099696_allc_9882] Written → /home/muneeb/Downloads/BDA-Codebase/methylation_full_run/GSM2099696_allc_9882_lncRNA_methylation.tsv
[GSM2099695_allc_9881] Loading regions from /home/muneeb/Downloads/BDA-Codebase/lncRNAs_only.bed ...
[GSM2099695_allc_9881]   11,071 lncRNA regions
[GSM2099695_allc_9881] Loading allc from /home/muneeb/Downloads/BDA-Codebase/GSE43857_RAW/GSM2099695_allc_9881.tsv ...
[GSM2099695_allc_9881]   37,170,661 cytosine records
[GSM2099695_allc_9881] Aggregating methylation per region ...
[GSM2099695_allc_9881]   Retained 10,787/11,071 regions (≥3 covered cytosine sites in at least one context)
[GSM2099695_allc_9881] Written → /home/muneeb/Downloads/BDA-Codebase/methylation_full_run/GSM2099695_allc_9881_lncRNA_methylation.tsv
[GSM2099697_allc_9883] Loading regions from /home/muneeb/Downloads/BDA-Codebase/lncRNAs_only.bed ...
[GSM2099697_allc_9883]   11,071 lncRNA regions
[GSM2099697_allc_9883] Loading allc from /home/muneeb/Downloads/BDA-Codebase/GSE43857_RAW/GSM2099697_allc_9883.tsv ...
[GSM2099697_allc_9883]   37,438,020 cytosine records
[GSM2099697_allc_9883] Aggregating methylation per region ...
[GSM2099697_allc_9883]   Retained 10,825/11,071 regions (≥3 covered cytosine sites in at least one context)
[GSM2099697_allc_9883] Written → /home/muneeb/Downloads/BDA-Codebase/methylation_full_run/GSM2099697_allc_9883_lncRNA_methylation.tsv
[GSM2099698_allc_9885] Loading regions from /home/muneeb/Downloads/BDA-Codebase/lncRNAs_only.bed ...
[GSM2099698_allc_9885]   11,071 lncRNA regions
[GSM2099698_allc_9885] Loading allc from /home/muneeb/Downloads/BDA-Codebase/GSE43857_RAW/GSM2099698_allc_9885.tsv ...
[GSM2099698_allc_9885]   37,450,714 cytosine records
[GSM2099698_allc_9885] Aggregating methylation per region ...
[GSM2099698_allc_9885]   Retained 10,809/11,071 regions (≥3 covered cytosine sites in at least one context)
[GSM2099698_allc_9885] Written → /home/muneeb/Downloads/BDA-Codebase/methylation_full_run/GSM2099698_allc_9885_lncRNA_methylation.tsv
[GSM2099699_allc_9886] Loading regions from /home/muneeb/Downloads/BDA-Codebase/lncRNAs_only.bed ...
[GSM2099699_allc_9886]   11,071 lncRNA regions
[GSM2099699_allc_9886] Loading allc from /home/muneeb/Downloads/BDA-Codebase/GSE43857_RAW/GSM2099699_allc_9886.tsv ...
[GSM2099699_allc_9886]   37,556,921 cytosine records
[GSM2099699_allc_9886] Aggregating methylation per region ...
[GSM2099699_allc_9886]   Retained 10,860/11,071 regions (≥3 covered cytosine sites in at least one context)
[GSM2099699_allc_9886] Written → /home/muneeb/Downloads/BDA-Codebase/methylation_full_run/GSM2099699_allc_9886_lncRNA_methylation.tsv
[GSM2099700_allc_9888] Loading regions from /home/muneeb/Downloads/BDA-Codebase/lncRNAs_only.bed ...
[GSM2099700_allc_9888]   11,071 lncRNA regions
[GSM2099700_allc_9888] Loading allc from /home/muneeb/Downloads/BDA-Codebase/GSE43857_RAW/GSM2099700_allc_9888.tsv ...
[GSM2099700_allc_9888]   37,472,883 cytosine records
[GSM2099700_allc_9888] Aggregating methylation per region ...
[GSM2099700_allc_9888]   Retained 10,821/11,071 regions (≥3 covered cytosine sites in at least one context)
[GSM2099700_allc_9888] Written → /home/muneeb/Downloads/BDA-Codebase/methylation_full_run/GSM2099700_allc_9888_lncRNA_methylation.tsv
[GSM2099701_allc_9890] Loading regions from /home/muneeb/Downloads/BDA-Codebase/lncRNAs_only.bed ...
[GSM2099701_allc_9890]   11,071 lncRNA regions
[GSM2099701_allc_9890] Loading allc from /home/muneeb/Downloads/BDA-Codebase/GSE43857_RAW/GSM2099701_allc_9890.tsv ...
[GSM2099701_allc_9890]   38,067,589 cytosine records
[GSM2099701_allc_9890] Aggregating methylation per region ...
[GSM2099701_allc_9890]   Retained 10,880/11,071 regions (≥3 covered cytosine sites in at least one context)
[GSM2099701_allc_9890] Written → /home/muneeb/Downloads/BDA-Codebase/methylation_full_run/GSM2099701_allc_9890_lncRNA_methylation.tsv
[GSM2099702_allc_9891] Loading regions from /home/muneeb/Downloads/BDA-Codebase/lncRNAs_only.bed ...
[GSM2099702_allc_9891]   11,071 lncRNA regions
[GSM2099702_allc_9891] Loading allc from /home/muneeb/Downloads/BDA-Codebase/GSE43857_RAW/GSM2099702_allc_9891.tsv ...
[GSM2099702_allc_9891]   37,498,081 cytosine records
[GSM2099702_allc_9891] Aggregating methylation per region ...
[GSM2099702_allc_9891]   Retained 10,784/11,071 regions (≥3 covered cytosine sites in at least one context)
[GSM2099702_allc_9891] Written → /home/muneeb/Downloads/BDA-Codebase/methylation_full_run/GSM2099702_allc_9891_lncRNA_methylation.tsv
[GSM2099703_allc_9892] Loading regions from /home/muneeb/Downloads/BDA-Codebase/lncRNAs_only.bed ...
[GSM2099703_allc_9892]   11,071 lncRNA regions
[GSM2099703_allc_9892] Loading allc from /home/muneeb/Downloads/BDA-Codebase/GSE43857_RAW/GSM2099703_allc_9892.tsv ...
[GSM2099703_allc_9892]   37,536,941 cytosine records
[GSM2099703_allc_9892] Aggregating methylation per region ...
[GSM2099703_allc_9892]   Retained 10,810/11,071 regions (≥3 covered cytosine sites in at least one context)
[GSM2099703_allc_9892] Written → /home/muneeb/Downloads/BDA-Codebase/methylation_full_run/GSM2099703_allc_9892_lncRNA_methylation.tsv
[GSM2099704_allc_9893] Loading regions from /home/muneeb/Downloads/BDA-Codebase/lncRNAs_only.bed ...
[GSM2099704_allc_9893]   11,071 lncRNA regions
[GSM2099704_allc_9893] Loading allc from /home/muneeb/Downloads/BDA-Codebase/GSE43857_RAW/GSM2099704_allc_9893.tsv ...
[GSM2099704_allc_9893]   36,694,708 cytosine records
[GSM2099704_allc_9893] Aggregating methylation per region ...
[GSM2099704_allc_9893]   Retained 10,805/11,071 regions (≥3 covered cytosine sites in at least one context)
[GSM2099704_allc_9893] Written → /home/muneeb/Downloads/BDA-Codebase/methylation_full_run/GSM2099704_allc_9893_lncRNA_methylation.tsv
[GSM2099705_allc_9894] Loading regions from /home/muneeb/Downloads/BDA-Codebase/lncRNAs_only.bed ...
[GSM2099705_allc_9894]   11,071 lncRNA regions
[GSM2099705_allc_9894] Loading allc from /home/muneeb/Downloads/BDA-Codebase/GSE43857_RAW/GSM2099705_allc_9894.tsv ...
[GSM2099705_allc_9894]   37,333,054 cytosine records
[GSM2099705_allc_9894] Aggregating methylation per region ...
[GSM2099705_allc_9894]   Retained 10,796/11,071 regions (≥3 covered cytosine sites in at least one context)
[GSM2099705_allc_9894] Written → /home/muneeb/Downloads/BDA-Codebase/methylation_full_run/GSM2099705_allc_9894_lncRNA_methylation.tsv
[GSM2099706_allc_9895] Loading regions from /home/muneeb/Downloads/BDA-Codebase/lncRNAs_only.bed ...
[GSM2099706_allc_9895]   11,071 lncRNA regions
[GSM2099706_allc_9895] Loading allc from /home/muneeb/Downloads/BDA-Codebase/GSE43857_RAW/GSM2099706_allc_9895.tsv ...
[GSM2099706_allc_9895]   37,568,932 cytosine records
[GSM2099706_allc_9895] Aggregating methylation per region ...
[GSM2099706_allc_9895]   Retained 10,859/11,071 regions (≥3 covered cytosine sites in at least one context)
[GSM2099706_allc_9895] Written → /home/muneeb/Downloads/BDA-Codebase/methylation_full_run/GSM2099706_allc_9895_lncRNA_methylation.tsv
[GSM2099707_allc_9897] Loading regions from /home/muneeb/Downloads/BDA-Codebase/lncRNAs_only.bed ...
[GSM2099707_allc_9897]   11,071 lncRNA regions
[GSM2099707_allc_9897] Loading allc from /home/muneeb/Downloads/BDA-Codebase/GSE43857_RAW/GSM2099707_allc_9897.tsv ...
[GSM2099707_allc_9897]   37,189,862 cytosine records
[GSM2099707_allc_9897] Aggregating methylation per region ...
[GSM2099707_allc_9897]   Retained 10,783/11,071 regions (≥3 covered cytosine sites in at least one context)
[GSM2099707_allc_9897] Written → /home/muneeb/Downloads/BDA-Codebase/methylation_full_run/GSM2099707_allc_9897_lncRNA_methylation.tsv
[GSM2099708_allc_9898] Loading regions from /home/muneeb/Downloads/BDA-Codebase/lncRNAs_only.bed ...
[GSM2099708_allc_9898]   11,071 lncRNA regions
[GSM2099708_allc_9898] Loading allc from /home/muneeb/Downloads/BDA-Codebase/GSE43857_RAW/GSM2099708_allc_9898.tsv ...
[GSM2099708_allc_9898]   37,269,262 cytosine records
[GSM2099708_allc_9898] Aggregating methylation per region ...
[GSM2099708_allc_9898]   Retained 10,740/11,071 regions (≥3 covered cytosine sites in at least one context)
[GSM2099708_allc_9898] Written → /home/muneeb/Downloads/BDA-Codebase/methylation_full_run/GSM2099708_allc_9898_lncRNA_methylation.tsv
[GSM2099709_allc_9899] Loading regions from /home/muneeb/Downloads/BDA-Codebase/lncRNAs_only.bed ...
[GSM2099709_allc_9899]   11,071 lncRNA regions
[GSM2099709_allc_9899] Loading allc from /home/muneeb/Downloads/BDA-Codebase/GSE43857_RAW/GSM2099709_allc_9899.tsv ...
[GSM2099709_allc_9899]   37,651,047 cytosine records
[GSM2099709_allc_9899] Aggregating methylation per region ...
[GSM2099709_allc_9899]   Retained 10,851/11,071 regions (≥3 covered cytosine sites in at least one context)
[GSM2099709_allc_9899] Written → /home/muneeb/Downloads/BDA-Codebase/methylation_full_run/GSM2099709_allc_9899_lncRNA_methylation.tsv
[GSM2099710_allc_9900] Loading regions from /home/muneeb/Downloads/BDA-Codebase/lncRNAs_only.bed ...
[GSM2099710_allc_9900]   11,071 lncRNA regions
[GSM2099710_allc_9900] Loading allc from /home/muneeb/Downloads/BDA-Codebase/GSE43857_RAW/GSM2099710_allc_9900.tsv ...
[GSM2099710_allc_9900]   37,540,506 cytosine records
[GSM2099710_allc_9900] Aggregating methylation per region ...
[GSM2099710_allc_9900]   Retained 10,766/11,071 regions (≥3 covered cytosine sites in at least one context)
[GSM2099710_allc_9900] Written → /home/muneeb/Downloads/BDA-Codebase/methylation_full_run/GSM2099710_allc_9900_lncRNA_methylation.tsv
[GSM2099711_allc_9901] Loading regions from /home/muneeb/Downloads/BDA-Codebase/lncRNAs_only.bed ...
[GSM2099711_allc_9901]   11,071 lncRNA regions
[GSM2099711_allc_9901] Loading allc from /home/muneeb/Downloads/BDA-Codebase/GSE43857_RAW/GSM2099711_allc_9901.tsv ...
[GSM2099711_allc_9901]   37,617,383 cytosine records
[GSM2099711_allc_9901] Aggregating methylation per region ...
[GSM2099711_allc_9901]   Retained 10,760/11,071 regions (≥3 covered cytosine sites in at least one context)
[GSM2099711_allc_9901] Written → /home/muneeb/Downloads/BDA-Codebase/methylation_full_run/GSM2099711_allc_9901_lncRNA_methylation.tsv
[GSM2099713_allc_9903] Loading regions from /home/muneeb/Downloads/BDA-Codebase/lncRNAs_only.bed ...
[GSM2099713_allc_9903]   11,071 lncRNA regions
[GSM2099713_allc_9903] Loading allc from /home/muneeb/Downloads/BDA-Codebase/GSE43857_RAW/GSM2099713_allc_9903.tsv ...
[GSM2099713_allc_9903]   37,759,753 cytosine records
[GSM2099713_allc_9903] Aggregating methylation per region ...
[GSM2099713_allc_9903]   Retained 10,821/11,071 regions (≥3 covered cytosine sites in at least one context)
[GSM2099713_allc_9903] Written → /home/muneeb/Downloads/BDA-Codebase/methylation_full_run/GSM2099713_allc_9903_lncRNA_methylation.tsv
[GSM2099717_allc_9908] Loading regions from /home/muneeb/Downloads/BDA-Codebase/lncRNAs_only.bed ...
[GSM2099717_allc_9908]   11,071 lncRNA regions
[GSM2099717_allc_9908] Loading allc from /home/muneeb/Downloads/BDA-Codebase/GSE43857_RAW/GSM2099717_allc_9908.tsv ...
[GSM2099717_allc_9908]   33,975,815 cytosine records
[GSM2099717_allc_9908] Aggregating methylation per region ...
[GSM2099717_allc_9908]   Retained 10,776/11,071 regions (≥3 covered cytosine sites in at least one context)
[GSM2099717_allc_9908] Written → /home/muneeb/Downloads/BDA-Codebase/methylation_full_run/GSM2099717_allc_9908_lncRNA_methylation.tsv
[GSM2099712_allc_9902] Loading regions from /home/muneeb/Downloads/BDA-Codebase/lncRNAs_only.bed ...
[GSM2099712_allc_9902]   11,071 lncRNA regions
[GSM2099712_allc_9902] Loading allc from /home/muneeb/Downloads/BDA-Codebase/GSE43857_RAW/GSM2099712_allc_9902.tsv ...
[GSM2099712_allc_9902]   38,520,685 cytosine records
[GSM2099712_allc_9902] Aggregating methylation per region ...
[GSM2099712_allc_9902]   Retained 10,899/11,071 regions (≥3 covered cytosine sites in at least one context)
[GSM2099712_allc_9902] Written → /home/muneeb/Downloads/BDA-Codebase/methylation_full_run/GSM2099712_allc_9902_lncRNA_methylation.tsv
[GSM2099714_allc_9904] Loading regions from /home/muneeb/Downloads/BDA-Codebase/lncRNAs_only.bed ...
[GSM2099714_allc_9904]   11,071 lncRNA regions
[GSM2099714_allc_9904] Loading allc from /home/muneeb/Downloads/BDA-Codebase/GSE43857_RAW/GSM2099714_allc_9904.tsv ...
[GSM2099714_allc_9904]   37,566,533 cytosine records
[GSM2099714_allc_9904] Aggregating methylation per region ...
[GSM2099714_allc_9904]   Retained 10,816/11,071 regions (≥3 covered cytosine sites in at least one context)
[GSM2099714_allc_9904] Written → /home/muneeb/Downloads/BDA-Codebase/methylation_full_run/GSM2099714_allc_9904_lncRNA_methylation.tsv
[GSM2099720_allc_9914] Loading regions from /home/muneeb/Downloads/BDA-Codebase/lncRNAs_only.bed ...
[GSM2099720_allc_9914]   11,071 lncRNA regions
[GSM2099720_allc_9914] Loading allc from /home/muneeb/Downloads/BDA-Codebase/GSE43857_RAW/GSM2099720_allc_9914.tsv ...
[GSM2099720_allc_9914]   33,182,132 cytosine records
[GSM2099720_allc_9914] Aggregating methylation per region ...
[GSM2099720_allc_9914]   Retained 10,829/11,071 regions (≥3 covered cytosine sites in at least one context)
[GSM2099720_allc_9914] Written → /home/muneeb/Downloads/BDA-Codebase/methylation_full_run/GSM2099720_allc_9914_lncRNA_methylation.tsv
[GSM2099716_allc_9906] Loading regions from /home/muneeb/Downloads/BDA-Codebase/lncRNAs_only.bed ...
[GSM2099716_allc_9906]   11,071 lncRNA regions
[GSM2099716_allc_9906] Loading allc from /home/muneeb/Downloads/BDA-Codebase/GSE43857_RAW/GSM2099716_allc_9906.tsv ...
[GSM2099716_allc_9906]   38,244,978 cytosine records
[GSM2099716_allc_9906] Aggregating methylation per region ...
[GSM2099716_allc_9906]   Retained 10,873/11,071 regions (≥3 covered cytosine sites in at least one context)
[GSM2099716_allc_9906] Written → /home/muneeb/Downloads/BDA-Codebase/methylation_full_run/GSM2099716_allc_9906_lncRNA_methylation.tsv
[GSM2099718_allc_9910] Loading regions from /home/muneeb/Downloads/BDA-Codebase/lncRNAs_only.bed ...
[GSM2099718_allc_9910]   11,071 lncRNA regions
[GSM2099718_allc_9910] Loading allc from /home/muneeb/Downloads/BDA-Codebase/GSE43857_RAW/GSM2099718_allc_9910.tsv ...
[GSM2099718_allc_9910]   37,340,336 cytosine records
[GSM2099718_allc_9910] Aggregating methylation per region ...
[GSM2099718_allc_9910]   Retained 10,833/11,071 regions (≥3 covered cytosine sites in at least one context)
[GSM2099718_allc_9910] Written → /home/muneeb/Downloads/BDA-Codebase/methylation_full_run/GSM2099718_allc_9910_lncRNA_methylation.tsv
[GSM2099719_allc_9913] Loading regions from /home/muneeb/Downloads/BDA-Codebase/lncRNAs_only.bed ...
[GSM2099719_allc_9913]   11,071 lncRNA regions
[GSM2099719_allc_9913] Loading allc from /home/muneeb/Downloads/BDA-Codebase/GSE43857_RAW/GSM2099719_allc_9913.tsv ...
[GSM2099719_allc_9913]   37,204,929 cytosine records
[GSM2099719_allc_9913] Aggregating methylation per region ...
[GSM2099719_allc_9913]   Retained 10,856/11,071 regions (≥3 covered cytosine sites in at least one context)
[GSM2099719_allc_9913] Written → /home/muneeb/Downloads/BDA-Codebase/methylation_full_run/GSM2099719_allc_9913_lncRNA_methylation.tsv
[GSM2099721_allc_9915] Loading regions from /home/muneeb/Downloads/BDA-Codebase/lncRNAs_only.bed ...
[GSM2099721_allc_9915]   11,071 lncRNA regions
[GSM2099721_allc_9915] Loading allc from /home/muneeb/Downloads/BDA-Codebase/GSE43857_RAW/GSM2099721_allc_9915.tsv ...
[GSM2099721_allc_9915]   37,438,743 cytosine records
[GSM2099721_allc_9915] Aggregating methylation per region ...
[GSM2099721_allc_9915]   Retained 10,886/11,071 regions (≥3 covered cytosine sites in at least one context)
[GSM2099721_allc_9915] Written → /home/muneeb/Downloads/BDA-Codebase/methylation_full_run/GSM2099721_allc_9915_lncRNA_methylation.tsv
[GSM2099722_allc_9916] Loading regions from /home/muneeb/Downloads/BDA-Codebase/lncRNAs_only.bed ...
[GSM2099722_allc_9916]   11,071 lncRNA regions
[GSM2099722_allc_9916] Loading allc from /home/muneeb/Downloads/BDA-Codebase/GSE43857_RAW/GSM2099722_allc_9916.tsv ...
[GSM2099722_allc_9916]   37,531,281 cytosine records
[GSM2099722_allc_9916] Aggregating methylation per region ...
[GSM2099722_allc_9916]   Retained 10,866/11,071 regions (≥3 covered cytosine sites in at least one context)
[GSM2099722_allc_9916] Written → /home/muneeb/Downloads/BDA-Codebase/methylation_full_run/GSM2099722_allc_9916_lncRNA_methylation.tsv
[GSM2099723_allc_9917] Loading regions from /home/muneeb/Downloads/BDA-Codebase/lncRNAs_only.bed ...
[GSM2099723_allc_9917]   11,071 lncRNA regions
[GSM2099723_allc_9917] Loading allc from /home/muneeb/Downloads/BDA-Codebase/GSE43857_RAW/GSM2099723_allc_9917.tsv ...
[GSM2099723_allc_9917]   36,166,946 cytosine records
[GSM2099723_allc_9917] Aggregating methylation per region ...
[GSM2099723_allc_9917]   Retained 10,900/11,071 regions (≥3 covered cytosine sites in at least one context)
[GSM2099723_allc_9917] Written → /home/muneeb/Downloads/BDA-Codebase/methylation_full_run/GSM2099723_allc_9917_lncRNA_methylation.tsv
[GSM2099727_allc_9922] Loading regions from /home/muneeb/Downloads/BDA-Codebase/lncRNAs_only.bed ...
[GSM2099727_allc_9922]   11,071 lncRNA regions
[GSM2099727_allc_9922] Loading allc from /home/muneeb/Downloads/BDA-Codebase/GSE43857_RAW/GSM2099727_allc_9922.tsv ...
[GSM2099727_allc_9922]   29,435,836 cytosine records
[GSM2099727_allc_9922] Aggregating methylation per region ...
[GSM2099727_allc_9922]   Retained 10,789/11,071 regions (≥3 covered cytosine sites in at least one context)
[GSM2099727_allc_9922] Written → /home/muneeb/Downloads/BDA-Codebase/methylation_full_run/GSM2099727_allc_9922_lncRNA_methylation.tsv
[GSM2099715_allc_9905] Loading regions from /home/muneeb/Downloads/BDA-Codebase/lncRNAs_only.bed ...
[GSM2099715_allc_9905]   11,071 lncRNA regions
[GSM2099715_allc_9905] Loading allc from /home/muneeb/Downloads/BDA-Codebase/GSE43857_RAW/GSM2099715_allc_9905.tsv ...
[GSM2099715_allc_9905]   39,289,160 cytosine records
[GSM2099715_allc_9905] Aggregating methylation per region ...
[GSM2099715_allc_9905]   Retained 10,938/11,071 regions (≥3 covered cytosine sites in at least one context)
[GSM2099715_allc_9905] Written → /home/muneeb/Downloads/BDA-Codebase/methylation_full_run/GSM2099715_allc_9905_lncRNA_methylation.tsv
[GSM2099724_allc_9919] Loading regions from /home/muneeb/Downloads/BDA-Codebase/lncRNAs_only.bed ...
[GSM2099724_allc_9919]   11,071 lncRNA regions
[GSM2099724_allc_9919] Loading allc from /home/muneeb/Downloads/BDA-Codebase/GSE43857_RAW/GSM2099724_allc_9919.tsv ...
[GSM2099724_allc_9919]   37,981,883 cytosine records
[GSM2099724_allc_9919] Aggregating methylation per region ...
[GSM2099724_allc_9919]   Retained 10,904/11,071 regions (≥3 covered cytosine sites in at least one context)
[GSM2099724_allc_9919] Written → /home/muneeb/Downloads/BDA-Codebase/methylation_full_run/GSM2099724_allc_9919_lncRNA_methylation.tsv
[GSM2099726_allc_9921] Loading regions from /home/muneeb/Downloads/BDA-Codebase/lncRNAs_only.bed ...
[GSM2099726_allc_9921]   11,071 lncRNA regions
[GSM2099726_allc_9921] Loading allc from /home/muneeb/Downloads/BDA-Codebase/GSE43857_RAW/GSM2099726_allc_9921.tsv ...
[GSM2099726_allc_9921]   37,055,236 cytosine records
[GSM2099726_allc_9921] Aggregating methylation per region ...
[GSM2099726_allc_9921]   Retained 10,826/11,071 regions (≥3 covered cytosine sites in at least one context)
[GSM2099726_allc_9921] Written → /home/muneeb/Downloads/BDA-Codebase/methylation_full_run/GSM2099726_allc_9921_lncRNA_methylation.tsv
[GSM2099725_allc_9920] Loading regions from /home/muneeb/Downloads/BDA-Codebase/lncRNAs_only.bed ...
[GSM2099725_allc_9920]   11,071 lncRNA regions
[GSM2099725_allc_9920] Loading allc from /home/muneeb/Downloads/BDA-Codebase/GSE43857_RAW/GSM2099725_allc_9920.tsv ...
[GSM2099725_allc_9920]   37,886,615 cytosine records
[GSM2099725_allc_9920] Aggregating methylation per region ...
[GSM2099725_allc_9920]   Retained 10,889/11,071 regions (≥3 covered cytosine sites in at least one context)
[GSM2099725_allc_9920] Written → /home/muneeb/Downloads/BDA-Codebase/methylation_full_run/GSM2099725_allc_9920_lncRNA_methylation.tsv
[GSM2099728_allc_9923] Loading regions from /home/muneeb/Downloads/BDA-Codebase/lncRNAs_only.bed ...
[GSM2099728_allc_9923]   11,071 lncRNA regions
[GSM2099728_allc_9923] Loading allc from /home/muneeb/Downloads/BDA-Codebase/GSE43857_RAW/GSM2099728_allc_9923.tsv ...
[GSM2099728_allc_9923]   35,924,770 cytosine records
[GSM2099728_allc_9923] Aggregating methylation per region ...
[GSM2099728_allc_9923]   Retained 10,800/11,071 regions (≥3 covered cytosine sites in at least one context)
[GSM2099728_allc_9923] Written → /home/muneeb/Downloads/BDA-Codebase/methylation_full_run/GSM2099728_allc_9923_lncRNA_methylation.tsv
[GSM2099729_allc_9924] Loading regions from /home/muneeb/Downloads/BDA-Codebase/lncRNAs_only.bed ...
[GSM2099729_allc_9924]   11,071 lncRNA regions
[GSM2099729_allc_9924] Loading allc from /home/muneeb/Downloads/BDA-Codebase/GSE43857_RAW/GSM2099729_allc_9924.tsv ...
[GSM2099729_allc_9924]   37,436,363 cytosine records
[GSM2099729_allc_9924] Aggregating methylation per region ...
[GSM2099729_allc_9924]   Retained 10,804/11,071 regions (≥3 covered cytosine sites in at least one context)
[GSM2099729_allc_9924] Written → /home/muneeb/Downloads/BDA-Codebase/methylation_full_run/GSM2099729_allc_9924_lncRNA_methylation.tsv
[GSM2099730_allc_9926] Loading regions from /home/muneeb/Downloads/BDA-Codebase/lncRNAs_only.bed ...
[GSM2099730_allc_9926]   11,071 lncRNA regions
[GSM2099730_allc_9926] Loading allc from /home/muneeb/Downloads/BDA-Codebase/GSE43857_RAW/GSM2099730_allc_9926.tsv ...
[GSM2099730_allc_9926]   37,218,337 cytosine records
[GSM2099730_allc_9926] Aggregating methylation per region ...
[GSM2099730_allc_9926]   Retained 10,825/11,071 regions (≥3 covered cytosine sites in at least one context)
[GSM2099730_allc_9926] Written → /home/muneeb/Downloads/BDA-Codebase/methylation_full_run/GSM2099730_allc_9926_lncRNA_methylation.tsv
[GSM2099732_allc_9929] Loading regions from /home/muneeb/Downloads/BDA-Codebase/lncRNAs_only.bed ...
[GSM2099732_allc_9929]   11,071 lncRNA regions
[GSM2099732_allc_9929] Loading allc from /home/muneeb/Downloads/BDA-Codebase/GSE43857_RAW/GSM2099732_allc_9929.tsv ...
[GSM2099732_allc_9929]   36,871,612 cytosine records
[GSM2099732_allc_9929] Aggregating methylation per region ...
[GSM2099732_allc_9929]   Retained 10,818/11,071 regions (≥3 covered cytosine sites in at least one context)
[GSM2099732_allc_9929] Written → /home/muneeb/Downloads/BDA-Codebase/methylation_full_run/GSM2099732_allc_9929_lncRNA_methylation.tsv
[GSM2099733_allc_9931] Loading regions from /home/muneeb/Downloads/BDA-Codebase/lncRNAs_only.bed ...
[GSM2099733_allc_9931]   11,071 lncRNA regions
[GSM2099733_allc_9931] Loading allc from /home/muneeb/Downloads/BDA-Codebase/GSE43857_RAW/GSM2099733_allc_9931.tsv ...
[GSM2099733_allc_9931]   37,396,747 cytosine records
[GSM2099733_allc_9931] Aggregating methylation per region ...
[GSM2099733_allc_9931]   Retained 10,848/11,071 regions (≥3 covered cytosine sites in at least one context)
[GSM2099733_allc_9931] Written → /home/muneeb/Downloads/BDA-Codebase/methylation_full_run/GSM2099733_allc_9931_lncRNA_methylation.tsv
[GSM2099734_allc_9932] Loading regions from /home/muneeb/Downloads/BDA-Codebase/lncRNAs_only.bed ...
[GSM2099734_allc_9932]   11,071 lncRNA regions
[GSM2099734_allc_9932] Loading allc from /home/muneeb/Downloads/BDA-Codebase/GSE43857_RAW/GSM2099734_allc_9932.tsv ...
[GSM2099734_allc_9932]   36,502,353 cytosine records
[GSM2099734_allc_9932] Aggregating methylation per region ...
[GSM2099734_allc_9932]   Retained 10,808/11,071 regions (≥3 covered cytosine sites in at least one context)
[GSM2099734_allc_9932] Written → /home/muneeb/Downloads/BDA-Codebase/methylation_full_run/GSM2099734_allc_9932_lncRNA_methylation.tsv
[GSM2099742_allc_9941] Loading regions from /home/muneeb/Downloads/BDA-Codebase/lncRNAs_only.bed ...
[GSM2099742_allc_9941]   11,071 lncRNA regions
[GSM2099742_allc_9941] Loading allc from /home/muneeb/Downloads/BDA-Codebase/GSE43857_RAW/GSM2099742_allc_9941.tsv ...
[GSM2099742_allc_9941]   28,055,554 cytosine records
[GSM2099742_allc_9941] Aggregating methylation per region ...
[GSM2099742_allc_9941]   Retained 10,898/11,071 regions (≥3 covered cytosine sites in at least one context)
[GSM2099742_allc_9941] Written → /home/muneeb/Downloads/BDA-Codebase/methylation_full_run/GSM2099742_allc_9941_lncRNA_methylation.tsv
[GSM2099736_allc_9935] Loading regions from /home/muneeb/Downloads/BDA-Codebase/lncRNAs_only.bed ...
[GSM2099736_allc_9935]   11,071 lncRNA regions
[GSM2099736_allc_9935] Loading allc from /home/muneeb/Downloads/BDA-Codebase/GSE43857_RAW/GSM2099736_allc_9935.tsv ...
[GSM2099736_allc_9935]   35,840,606 cytosine records
[GSM2099736_allc_9935] Aggregating methylation per region ...
[GSM2099736_allc_9935]   Retained 10,755/11,071 regions (≥3 covered cytosine sites in at least one context)
[GSM2099736_allc_9935] Written → /home/muneeb/Downloads/BDA-Codebase/methylation_full_run/GSM2099736_allc_9935_lncRNA_methylation.tsv
[GSM2099731_allc_9928] Loading regions from /home/muneeb/Downloads/BDA-Codebase/lncRNAs_only.bed ...
[GSM2099731_allc_9928]   11,071 lncRNA regions
[GSM2099731_allc_9928] Loading allc from /home/muneeb/Downloads/BDA-Codebase/GSE43857_RAW/GSM2099731_allc_9928.tsv ...
[GSM2099731_allc_9928]   39,417,181 cytosine records
[GSM2099731_allc_9928] Aggregating methylation per region ...
[GSM2099731_allc_9928]   Retained 10,953/11,071 regions (≥3 covered cytosine sites in at least one context)
[GSM2099731_allc_9928] Written → /home/muneeb/Downloads/BDA-Codebase/methylation_full_run/GSM2099731_allc_9928_lncRNA_methylation.tsv
[GSM2099735_allc_9933] Loading regions from /home/muneeb/Downloads/BDA-Codebase/lncRNAs_only.bed ...
[GSM2099735_allc_9933]   11,071 lncRNA regions
[GSM2099735_allc_9933] Loading allc from /home/muneeb/Downloads/BDA-Codebase/GSE43857_RAW/GSM2099735_allc_9933.tsv ...
[GSM2099735_allc_9933]   37,460,442 cytosine records
[GSM2099735_allc_9933] Aggregating methylation per region ...
[GSM2099735_allc_9933]   Retained 10,793/11,071 regions (≥3 covered cytosine sites in at least one context)
[GSM2099735_allc_9933] Written → /home/muneeb/Downloads/BDA-Codebase/methylation_full_run/GSM2099735_allc_9933_lncRNA_methylation.tsv
[GSM2099737_allc_9936] Loading regions from /home/muneeb/Downloads/BDA-Codebase/lncRNAs_only.bed ...
[GSM2099737_allc_9936]   11,071 lncRNA regions
[GSM2099737_allc_9936] Loading allc from /home/muneeb/Downloads/BDA-Codebase/GSE43857_RAW/GSM2099737_allc_9936.tsv ...
[GSM2099737_allc_9936]   35,980,887 cytosine records
[GSM2099737_allc_9936] Aggregating methylation per region ...
[GSM2099737_allc_9936]   Retained 10,823/11,071 regions (≥3 covered cytosine sites in at least one context)
[GSM2099737_allc_9936] Written → /home/muneeb/Downloads/BDA-Codebase/methylation_full_run/GSM2099737_allc_9936_lncRNA_methylation.tsv
[GSM2099738_allc_9937] Loading regions from /home/muneeb/Downloads/BDA-Codebase/lncRNAs_only.bed ...
[GSM2099738_allc_9937]   11,071 lncRNA regions
[GSM2099738_allc_9937] Loading allc from /home/muneeb/Downloads/BDA-Codebase/GSE43857_RAW/GSM2099738_allc_9937.tsv ...
[GSM2099738_allc_9937]   38,102,768 cytosine records
[GSM2099738_allc_9937] Aggregating methylation per region ...
[GSM2099738_allc_9937]   Retained 10,892/11,071 regions (≥3 covered cytosine sites in at least one context)
[GSM2099738_allc_9937] Written → /home/muneeb/Downloads/BDA-Codebase/methylation_full_run/GSM2099738_allc_9937_lncRNA_methylation.tsv
[GSM2099739_allc_9938] Loading regions from /home/muneeb/Downloads/BDA-Codebase/lncRNAs_only.bed ...
[GSM2099739_allc_9938]   11,071 lncRNA regions
[GSM2099739_allc_9938] Loading allc from /home/muneeb/Downloads/BDA-Codebase/GSE43857_RAW/GSM2099739_allc_9938.tsv ...
[GSM2099739_allc_9938]   37,599,559 cytosine records
[GSM2099739_allc_9938] Aggregating methylation per region ...
[GSM2099739_allc_9938]   Retained 10,844/11,071 regions (≥3 covered cytosine sites in at least one context)
[GSM2099739_allc_9938] Written → /home/muneeb/Downloads/BDA-Codebase/methylation_full_run/GSM2099739_allc_9938_lncRNA_methylation.tsv
[GSM2099740_allc_9939] Loading regions from /home/muneeb/Downloads/BDA-Codebase/lncRNAs_only.bed ...
[GSM2099740_allc_9939]   11,071 lncRNA regions
[GSM2099740_allc_9939] Loading allc from /home/muneeb/Downloads/BDA-Codebase/GSE43857_RAW/GSM2099740_allc_9939.tsv ...
[GSM2099740_allc_9939]   36,571,159 cytosine records
[GSM2099740_allc_9939] Aggregating methylation per region ...
[GSM2099740_allc_9939]   Retained 10,753/11,071 regions (≥3 covered cytosine sites in at least one context)
[GSM2099740_allc_9939] Written → /home/muneeb/Downloads/BDA-Codebase/methylation_full_run/GSM2099740_allc_9939_lncRNA_methylation.tsv
[GSM2099741_allc_9940] Loading regions from /home/muneeb/Downloads/BDA-Codebase/lncRNAs_only.bed ...
[GSM2099741_allc_9940]   11,071 lncRNA regions
[GSM2099741_allc_9940] Loading allc from /home/muneeb/Downloads/BDA-Codebase/GSE43857_RAW/GSM2099741_allc_9940.tsv ...
[GSM2099741_allc_9940]   36,753,233 cytosine records
[GSM2099741_allc_9940] Aggregating methylation per region ...
[GSM2099741_allc_9940]   Retained 10,864/11,071 regions (≥3 covered cytosine sites in at least one context)
[GSM2099741_allc_9940] Written → /home/muneeb/Downloads/BDA-Codebase/methylation_full_run/GSM2099741_allc_9940_lncRNA_methylation.tsv
[GSM2099743_allc_9942] Loading regions from /home/muneeb/Downloads/BDA-Codebase/lncRNAs_only.bed ...
[GSM2099743_allc_9942]   11,071 lncRNA regions
[GSM2099743_allc_9942] Loading allc from /home/muneeb/Downloads/BDA-Codebase/GSE43857_RAW/GSM2099743_allc_9942.tsv ...
[GSM2099743_allc_9942]   37,096,885 cytosine records
[GSM2099743_allc_9942] Aggregating methylation per region ...
[GSM2099743_allc_9942]   Retained 10,757/11,071 regions (≥3 covered cytosine sites in at least one context)
[GSM2099743_allc_9942] Written → /home/muneeb/Downloads/BDA-Codebase/methylation_full_run/GSM2099743_allc_9942_lncRNA_methylation.tsv
[GSM2099744_allc_9944] Loading regions from /home/muneeb/Downloads/BDA-Codebase/lncRNAs_only.bed ...
[GSM2099744_allc_9944]   11,071 lncRNA regions
[GSM2099744_allc_9944] Loading allc from /home/muneeb/Downloads/BDA-Codebase/GSE43857_RAW/GSM2099744_allc_9944.tsv ...
[GSM2099744_allc_9944]   36,653,446 cytosine records
[GSM2099744_allc_9944] Aggregating methylation per region ...
[GSM2099744_allc_9944]   Retained 10,832/11,071 regions (≥3 covered cytosine sites in at least one context)
[GSM2099744_allc_9944] Written → /home/muneeb/Downloads/BDA-Codebase/methylation_full_run/GSM2099744_allc_9944_lncRNA_methylation.tsv
[GSM2099746_allc_9946] Loading regions from /home/muneeb/Downloads/BDA-Codebase/lncRNAs_only.bed ...
[GSM2099746_allc_9946]   11,071 lncRNA regions
[GSM2099746_allc_9946] Loading allc from /home/muneeb/Downloads/BDA-Codebase/GSE43857_RAW/GSM2099746_allc_9946.tsv ...
[GSM2099746_allc_9946]   37,261,005 cytosine records
[GSM2099746_allc_9946] Aggregating methylation per region ...
[GSM2099746_allc_9946]   Retained 10,790/11,071 regions (≥3 covered cytosine sites in at least one context)
[GSM2099746_allc_9946] Written → /home/muneeb/Downloads/BDA-Codebase/methylation_full_run/GSM2099746_allc_9946_lncRNA_methylation.tsv
[GSM2099747_allc_9947] Loading regions from /home/muneeb/Downloads/BDA-Codebase/lncRNAs_only.bed ...
[GSM2099747_allc_9947]   11,071 lncRNA regions
[GSM2099747_allc_9947] Loading allc from /home/muneeb/Downloads/BDA-Codebase/GSE43857_RAW/GSM2099747_allc_9947.tsv ...
[GSM2099747_allc_9947]   36,659,787 cytosine records
[GSM2099747_allc_9947] Aggregating methylation per region ...
[GSM2099747_allc_9947]   Retained 10,816/11,071 regions (≥3 covered cytosine sites in at least one context)
[GSM2099747_allc_9947] Written → /home/muneeb/Downloads/BDA-Codebase/methylation_full_run/GSM2099747_allc_9947_lncRNA_methylation.tsv
[GSM2099748_allc_9948] Loading regions from /home/muneeb/Downloads/BDA-Codebase/lncRNAs_only.bed ...
[GSM2099748_allc_9948]   11,071 lncRNA regions
[GSM2099748_allc_9948] Loading allc from /home/muneeb/Downloads/BDA-Codebase/GSE43857_RAW/GSM2099748_allc_9948.tsv ...
[GSM2099748_allc_9948]   37,549,905 cytosine records
[GSM2099748_allc_9948] Aggregating methylation per region ...
[GSM2099748_allc_9948]   Retained 10,854/11,071 regions (≥3 covered cytosine sites in at least one context)
[GSM2099748_allc_9948] Written → /home/muneeb/Downloads/BDA-Codebase/methylation_full_run/GSM2099748_allc_9948_lncRNA_methylation.tsv
[GSM2099749_allc_9949] Loading regions from /home/muneeb/Downloads/BDA-Codebase/lncRNAs_only.bed ...
[GSM2099749_allc_9949]   11,071 lncRNA regions
[GSM2099749_allc_9949] Loading allc from /home/muneeb/Downloads/BDA-Codebase/GSE43857_RAW/GSM2099749_allc_9949.tsv ...
[GSM2099749_allc_9949]   34,948,250 cytosine records
[GSM2099749_allc_9949] Aggregating methylation per region ...
[GSM2099749_allc_9949]   Retained 10,791/11,071 regions (≥3 covered cytosine sites in at least one context)
[GSM2099749_allc_9949] Written → /home/muneeb/Downloads/BDA-Codebase/methylation_full_run/GSM2099749_allc_9949_lncRNA_methylation.tsv
[GSM2099750_allc_9950] Loading regions from /home/muneeb/Downloads/BDA-Codebase/lncRNAs_only.bed ...
[GSM2099750_allc_9950]   11,071 lncRNA regions
[GSM2099750_allc_9950] Loading allc from /home/muneeb/Downloads/BDA-Codebase/GSE43857_RAW/GSM2099750_allc_9950.tsv ...
[GSM2099750_allc_9950]   37,519,131 cytosine records
[GSM2099750_allc_9950] Aggregating methylation per region ...
[GSM2099750_allc_9950]   Retained 10,853/11,071 regions (≥3 covered cytosine sites in at least one context)
[GSM2099750_allc_9950] Written → /home/muneeb/Downloads/BDA-Codebase/methylation_full_run/GSM2099750_allc_9950_lncRNA_methylation.tsv
[GSM2099751_allc_9951] Loading regions from /home/muneeb/Downloads/BDA-Codebase/lncRNAs_only.bed ...
[GSM2099751_allc_9951]   11,071 lncRNA regions
[GSM2099751_allc_9951] Loading allc from /home/muneeb/Downloads/BDA-Codebase/GSE43857_RAW/GSM2099751_allc_9951.tsv ...
[GSM2099751_allc_9951]   37,895,081 cytosine records
[GSM2099751_allc_9951] Aggregating methylation per region ...
[GSM2099751_allc_9951]   Retained 10,891/11,071 regions (≥3 covered cytosine sites in at least one context)
[GSM2099751_allc_9951] Written → /home/muneeb/Downloads/BDA-Codebase/methylation_full_run/GSM2099751_allc_9951_lncRNA_methylation.tsv
[GSM2099745_allc_9945] Loading regions from /home/muneeb/Downloads/BDA-Codebase/lncRNAs_only.bed ...
[GSM2099745_allc_9945]   11,071 lncRNA regions
[GSM2099745_allc_9945] Loading allc from /home/muneeb/Downloads/BDA-Codebase/GSE43857_RAW/GSM2099745_allc_9945.tsv ...
[GSM2099745_allc_9945]   38,756,527 cytosine records
[GSM2099745_allc_9945] Aggregating methylation per region ...
[GSM2099745_allc_9945]   Retained 10,905/11,071 regions (≥3 covered cytosine sites in at least one context)
[GSM2099745_allc_9945] Written → /home/muneeb/Downloads/BDA-Codebase/methylation_full_run/GSM2099745_allc_9945_lncRNA_methylation.tsv
[GSM2099752_allc_9953] Loading regions from /home/muneeb/Downloads/BDA-Codebase/lncRNAs_only.bed ...
[GSM2099752_allc_9953]   11,071 lncRNA regions
[GSM2099752_allc_9953] Loading allc from /home/muneeb/Downloads/BDA-Codebase/GSE43857_RAW/GSM2099752_allc_9953.tsv ...
[GSM2099752_allc_9953]   37,673,019 cytosine records
[GSM2099752_allc_9953] Aggregating methylation per region ...
[GSM2099752_allc_9953]   Retained 10,873/11,071 regions (≥3 covered cytosine sites in at least one context)
[GSM2099752_allc_9953] Written → /home/muneeb/Downloads/BDA-Codebase/methylation_full_run/GSM2099752_allc_9953_lncRNA_methylation.tsv
[GSM2099753_allc_9954] Loading regions from /home/muneeb/Downloads/BDA-Codebase/lncRNAs_only.bed ...
[GSM2099753_allc_9954]   11,071 lncRNA regions
[GSM2099753_allc_9954] Loading allc from /home/muneeb/Downloads/BDA-Codebase/GSE43857_RAW/GSM2099753_allc_9954.tsv ...
[GSM2099753_allc_9954]   37,477,056 cytosine records
[GSM2099753_allc_9954] Aggregating methylation per region ...
[GSM2099753_allc_9954]   Retained 10,825/11,071 regions (≥3 covered cytosine sites in at least one context)
[GSM2099753_allc_9954] Written → /home/muneeb/Downloads/BDA-Codebase/methylation_full_run/GSM2099753_allc_9954_lncRNA_methylation.tsv
[GSM2099754_allc_9956] Loading regions from /home/muneeb/Downloads/BDA-Codebase/lncRNAs_only.bed ...
[GSM2099754_allc_9956]   11,071 lncRNA regions
[GSM2099754_allc_9956] Loading allc from /home/muneeb/Downloads/BDA-Codebase/GSE43857_RAW/GSM2099754_allc_9956.tsv ...
[GSM2099754_allc_9956]   37,720,071 cytosine records
[GSM2099754_allc_9956] Aggregating methylation per region ...
[GSM2099754_allc_9956]   Retained 10,837/11,071 regions (≥3 covered cytosine sites in at least one context)
[GSM2099754_allc_9956] Written → /home/muneeb/Downloads/BDA-Codebase/methylation_full_run/GSM2099754_allc_9956_lncRNA_methylation.tsv
[GSM2099755_allc_9957] Loading regions from /home/muneeb/Downloads/BDA-Codebase/lncRNAs_only.bed ...
[GSM2099755_allc_9957]   11,071 lncRNA regions
[GSM2099755_allc_9957] Loading allc from /home/muneeb/Downloads/BDA-Codebase/GSE43857_RAW/GSM2099755_allc_9957.tsv ...
[GSM2099755_allc_9957]   36,941,213 cytosine records
[GSM2099755_allc_9957] Aggregating methylation per region ...
[GSM2099755_allc_9957]   Retained 10,799/11,071 regions (≥3 covered cytosine sites in at least one context)
[GSM2099755_allc_9957] Written → /home/muneeb/Downloads/BDA-Codebase/methylation_full_run/GSM2099755_allc_9957_lncRNA_methylation.tsv
[GSM2099757_allc_9961] Loading regions from /home/muneeb/Downloads/BDA-Codebase/lncRNAs_only.bed ...
[GSM2099757_allc_9961]   11,071 lncRNA regions
[GSM2099757_allc_9961] Loading allc from /home/muneeb/Downloads/BDA-Codebase/GSE43857_RAW/GSM2099757_allc_9961.tsv ...
[GSM2099757_allc_9961]   34,973,221 cytosine records
[GSM2099757_allc_9961] Aggregating methylation per region ...
[GSM2099757_allc_9961]   Retained 10,774/11,071 regions (≥3 covered cytosine sites in at least one context)
[GSM2099757_allc_9961] Written → /home/muneeb/Downloads/BDA-Codebase/methylation_full_run/GSM2099757_allc_9961_lncRNA_methylation.tsv
[GSM2099761_allc_9965] Loading regions from /home/muneeb/Downloads/BDA-Codebase/lncRNAs_only.bed ...
[GSM2099761_allc_9965]   11,071 lncRNA regions
[GSM2099761_allc_9965] Loading allc from /home/muneeb/Downloads/BDA-Codebase/GSE43857_RAW/GSM2099761_allc_9965.tsv ...
[GSM2099761_allc_9965]   32,280,820 cytosine records
[GSM2099761_allc_9965] Aggregating methylation per region ...
[GSM2099761_allc_9965]   Retained 10,766/11,071 regions (≥3 covered cytosine sites in at least one context)
[GSM2099761_allc_9965] Written → /home/muneeb/Downloads/BDA-Codebase/methylation_full_run/GSM2099761_allc_9965_lncRNA_methylation.tsv
[GSM2099756_allc_9958] Loading regions from /home/muneeb/Downloads/BDA-Codebase/lncRNAs_only.bed ...
[GSM2099756_allc_9958]   11,071 lncRNA regions
[GSM2099756_allc_9958] Loading allc from /home/muneeb/Downloads/BDA-Codebase/GSE43857_RAW/GSM2099756_allc_9958.tsv ...
[GSM2099756_allc_9958]   37,904,677 cytosine records
[GSM2099756_allc_9958] Aggregating methylation per region ...
[GSM2099756_allc_9958]   Retained 10,876/11,071 regions (≥3 covered cytosine sites in at least one context)
[GSM2099756_allc_9958] Written → /home/muneeb/Downloads/BDA-Codebase/methylation_full_run/GSM2099756_allc_9958_lncRNA_methylation.tsv
[GSM2099758_allc_9962] Loading regions from /home/muneeb/Downloads/BDA-Codebase/lncRNAs_only.bed ...
[GSM2099758_allc_9962]   11,071 lncRNA regions
[GSM2099758_allc_9962] Loading allc from /home/muneeb/Downloads/BDA-Codebase/GSE43857_RAW/GSM2099758_allc_9962.tsv ...
[GSM2099758_allc_9962]   37,616,899 cytosine records
[GSM2099758_allc_9962] Aggregating methylation per region ...
[GSM2099758_allc_9962]   Retained 10,831/11,071 regions (≥3 covered cytosine sites in at least one context)
[GSM2099758_allc_9962] Written → /home/muneeb/Downloads/BDA-Codebase/methylation_full_run/GSM2099758_allc_9962_lncRNA_methylation.tsv
[GSM2099759_allc_9963] Loading regions from /home/muneeb/Downloads/BDA-Codebase/lncRNAs_only.bed ...
[GSM2099759_allc_9963]   11,071 lncRNA regions
[GSM2099759_allc_9963] Loading allc from /home/muneeb/Downloads/BDA-Codebase/GSE43857_RAW/GSM2099759_allc_9963.tsv ...
[GSM2099759_allc_9963]   37,066,420 cytosine records
[GSM2099759_allc_9963] Aggregating methylation per region ...
[GSM2099759_allc_9963]   Retained 10,805/11,071 regions (≥3 covered cytosine sites in at least one context)
[GSM2099759_allc_9963] Written → /home/muneeb/Downloads/BDA-Codebase/methylation_full_run/GSM2099759_allc_9963_lncRNA_methylation.tsv
[GSM2099760_allc_9964] Loading regions from /home/muneeb/Downloads/BDA-Codebase/lncRNAs_only.bed ...
[GSM2099760_allc_9964]   11,071 lncRNA regions
[GSM2099760_allc_9964] Loading allc from /home/muneeb/Downloads/BDA-Codebase/GSE43857_RAW/GSM2099760_allc_9964.tsv ...
[GSM2099760_allc_9964]   37,516,452 cytosine records
[GSM2099760_allc_9964] Aggregating methylation per region ...
[GSM2099760_allc_9964]   Retained 10,845/11,071 regions (≥3 covered cytosine sites in at least one context)
[GSM2099760_allc_9964] Written → /home/muneeb/Downloads/BDA-Codebase/methylation_full_run/GSM2099760_allc_9964_lncRNA_methylation.tsv
[GSM2099762_allc_9966] Loading regions from /home/muneeb/Downloads/BDA-Codebase/lncRNAs_only.bed ...
[GSM2099762_allc_9966]   11,071 lncRNA regions
[GSM2099762_allc_9966] Loading allc from /home/muneeb/Downloads/BDA-Codebase/GSE43857_RAW/GSM2099762_allc_9966.tsv ...
[GSM2099762_allc_9966]   37,268,395 cytosine records
[GSM2099762_allc_9966] Aggregating methylation per region ...
[GSM2099762_allc_9966]   Retained 10,862/11,071 regions (≥3 covered cytosine sites in at least one context)
[GSM2099762_allc_9966] Written → /home/muneeb/Downloads/BDA-Codebase/methylation_full_run/GSM2099762_allc_9966_lncRNA_methylation.tsv
[GSM2099763_allc_9969] Loading regions from /home/muneeb/Downloads/BDA-Codebase/lncRNAs_only.bed ...
[GSM2099763_allc_9969]   11,071 lncRNA regions
[GSM2099763_allc_9969] Loading allc from /home/muneeb/Downloads/BDA-Codebase/GSE43857_RAW/GSM2099763_allc_9969.tsv ...
[GSM2099763_allc_9969]   37,069,223 cytosine records
[GSM2099763_allc_9969] Aggregating methylation per region ...
[GSM2099763_allc_9969]   Retained 10,787/11,071 regions (≥3 covered cytosine sites in at least one context)
[GSM2099763_allc_9969] Written → /home/muneeb/Downloads/BDA-Codebase/methylation_full_run/GSM2099763_allc_9969_lncRNA_methylation.tsv
[GSM2099764_allc_9972] Loading regions from /home/muneeb/Downloads/BDA-Codebase/lncRNAs_only.bed ...
[GSM2099764_allc_9972]   11,071 lncRNA regions
[GSM2099764_allc_9972] Loading allc from /home/muneeb/Downloads/BDA-Codebase/GSE43857_RAW/GSM2099764_allc_9972.tsv ...
[GSM2099764_allc_9972]   36,493,337 cytosine records
[GSM2099764_allc_9972] Aggregating methylation per region ...
[GSM2099764_allc_9972]   Retained 10,822/11,071 regions (≥3 covered cytosine sites in at least one context)
[GSM2099764_allc_9972] Written → /home/muneeb/Downloads/BDA-Codebase/methylation_full_run/GSM2099764_allc_9972_lncRNA_methylation.tsv
[GSM2099765_allc_9973] Loading regions from /home/muneeb/Downloads/BDA-Codebase/lncRNAs_only.bed ...
[GSM2099765_allc_9973]   11,071 lncRNA regions
[GSM2099765_allc_9973] Loading allc from /home/muneeb/Downloads/BDA-Codebase/GSE43857_RAW/GSM2099765_allc_9973.tsv ...
[GSM2099765_allc_9973]   37,066,681 cytosine records
[GSM2099765_allc_9973] Aggregating methylation per region ...
[GSM2099765_allc_9973]   Retained 10,803/11,071 regions (≥3 covered cytosine sites in at least one context)
[GSM2099765_allc_9973] Written → /home/muneeb/Downloads/BDA-Codebase/methylation_full_run/GSM2099765_allc_9973_lncRNA_methylation.tsv
[GSM2099766_allc_9976] Loading regions from /home/muneeb/Downloads/BDA-Codebase/lncRNAs_only.bed ...
[GSM2099766_allc_9976]   11,071 lncRNA regions
[GSM2099766_allc_9976] Loading allc from /home/muneeb/Downloads/BDA-Codebase/GSE43857_RAW/GSM2099766_allc_9976.tsv ...
[GSM2099766_allc_9976]   37,833,855 cytosine records
[GSM2099766_allc_9976] Aggregating methylation per region ...
[GSM2099766_allc_9976]   Retained 10,903/11,071 regions (≥3 covered cytosine sites in at least one context)
[GSM2099766_allc_9976] Written → /home/muneeb/Downloads/BDA-Codebase/methylation_full_run/GSM2099766_allc_9976_lncRNA_methylation.tsv
[GSM2099767_allc_997] Loading regions from /home/muneeb/Downloads/BDA-Codebase/lncRNAs_only.bed ...
[GSM2099767_allc_997]   11,071 lncRNA regions
[GSM2099767_allc_997] Loading allc from /home/muneeb/Downloads/BDA-Codebase/GSE43857_RAW/GSM2099767_allc_997.tsv ...
[GSM2099767_allc_997]   37,542,346 cytosine records
[GSM2099767_allc_997] Aggregating methylation per region ...
[GSM2099767_allc_997]   Retained 10,785/11,071 regions (≥3 covered cytosine sites in at least one context)
[GSM2099767_allc_997] Written → /home/muneeb/Downloads/BDA-Codebase/methylation_full_run/GSM2099767_allc_997_lncRNA_methylation.tsv
[GSM2099768_allc_9980] Loading regions from /home/muneeb/Downloads/BDA-Codebase/lncRNAs_only.bed ...
[GSM2099768_allc_9980]   11,071 lncRNA regions
[GSM2099768_allc_9980] Loading allc from /home/muneeb/Downloads/BDA-Codebase/GSE43857_RAW/GSM2099768_allc_9980.tsv ...
[GSM2099768_allc_9980]   37,071,646 cytosine records
[GSM2099768_allc_9980] Aggregating methylation per region ...
[GSM2099768_allc_9980]   Retained 10,781/11,071 regions (≥3 covered cytosine sites in at least one context)
[GSM2099768_allc_9980] Written → /home/muneeb/Downloads/BDA-Codebase/methylation_full_run/GSM2099768_allc_9980_lncRNA_methylation.tsv
[GSM2099770_allc_9983] Loading regions from /home/muneeb/Downloads/BDA-Codebase/lncRNAs_only.bed ...
[GSM2099770_allc_9983]   11,071 lncRNA regions
[GSM2099770_allc_9983] Loading allc from /home/muneeb/Downloads/BDA-Codebase/GSE43857_RAW/GSM2099770_allc_9983.tsv ...
[GSM2099770_allc_9983]   36,908,710 cytosine records
[GSM2099770_allc_9983] Aggregating methylation per region ...
[GSM2099770_allc_9983]   Retained 10,803/11,071 regions (≥3 covered cytosine sites in at least one context)
[GSM2099770_allc_9983] Written → /home/muneeb/Downloads/BDA-Codebase/methylation_full_run/GSM2099770_allc_9983_lncRNA_methylation.tsv
[GSM2099769_allc_9981] Loading regions from /home/muneeb/Downloads/BDA-Codebase/lncRNAs_only.bed ...
[GSM2099769_allc_9981]   11,071 lncRNA regions
[GSM2099769_allc_9981] Loading allc from /home/muneeb/Downloads/BDA-Codebase/GSE43857_RAW/GSM2099769_allc_9981.tsv ...
[GSM2099769_allc_9981]   37,329,253 cytosine records
[GSM2099769_allc_9981] Aggregating methylation per region ...
[GSM2099769_allc_9981]   Retained 10,795/11,071 regions (≥3 covered cytosine sites in at least one context)
[GSM2099769_allc_9981] Written → /home/muneeb/Downloads/BDA-Codebase/methylation_full_run/GSM2099769_allc_9981_lncRNA_methylation.tsv
[GSM2099771_allc_9985] Loading regions from /home/muneeb/Downloads/BDA-Codebase/lncRNAs_only.bed ...
[GSM2099771_allc_9985]   11,071 lncRNA regions
[GSM2099771_allc_9985] Loading allc from /home/muneeb/Downloads/BDA-Codebase/GSE43857_RAW/GSM2099771_allc_9985.tsv ...
[GSM2099771_allc_9985]   36,958,283 cytosine records
[GSM2099771_allc_9985] Aggregating methylation per region ...
[GSM2099771_allc_9985]   Retained 10,775/11,071 regions (≥3 covered cytosine sites in at least one context)
[GSM2099771_allc_9985] Written → /home/muneeb/Downloads/BDA-Codebase/methylation_full_run/GSM2099771_allc_9985_lncRNA_methylation.tsv
[GSM2099772_allc_9986] Loading regions from /home/muneeb/Downloads/BDA-Codebase/lncRNAs_only.bed ...
[GSM2099772_allc_9986]   11,071 lncRNA regions
[GSM2099772_allc_9986] Loading allc from /home/muneeb/Downloads/BDA-Codebase/GSE43857_RAW/GSM2099772_allc_9986.tsv ...
[GSM2099772_allc_9986]   36,549,232 cytosine records
[GSM2099772_allc_9986] Aggregating methylation per region ...
[GSM2099772_allc_9986]   Retained 10,796/11,071 regions (≥3 covered cytosine sites in at least one context)
[GSM2099772_allc_9986] Written → /home/muneeb/Downloads/BDA-Codebase/methylation_full_run/GSM2099772_allc_9986_lncRNA_methylation.tsv
[GSM2099773_allc_9987] Loading regions from /home/muneeb/Downloads/BDA-Codebase/lncRNAs_only.bed ...
[GSM2099773_allc_9987]   11,071 lncRNA regions
[GSM2099773_allc_9987] Loading allc from /home/muneeb/Downloads/BDA-Codebase/GSE43857_RAW/GSM2099773_allc_9987.tsv ...
[GSM2099773_allc_9987]   37,495,354 cytosine records
[GSM2099773_allc_9987] Aggregating methylation per region ...
[GSM2099773_allc_9987]   Retained 10,828/11,071 regions (≥3 covered cytosine sites in at least one context)
[GSM2099773_allc_9987] Written → /home/muneeb/Downloads/BDA-Codebase/methylation_full_run/GSM2099773_allc_9987_lncRNA_methylation.tsv
[GSM2099774_allc_9989] Loading regions from /home/muneeb/Downloads/BDA-Codebase/lncRNAs_only.bed ...
[GSM2099774_allc_9989]   11,071 lncRNA regions
[GSM2099774_allc_9989] Loading allc from /home/muneeb/Downloads/BDA-Codebase/GSE43857_RAW/GSM2099774_allc_9989.tsv ...
[GSM2099774_allc_9989]   36,493,456 cytosine records
[GSM2099774_allc_9989] Aggregating methylation per region ...
[GSM2099774_allc_9989]   Retained 10,851/11,071 regions (≥3 covered cytosine sites in at least one context)
[GSM2099774_allc_9989] Written → /home/muneeb/Downloads/BDA-Codebase/methylation_full_run/GSM2099774_allc_9989_lncRNA_methylation.tsv
[GSM2099775_allc_9990] Loading regions from /home/muneeb/Downloads/BDA-Codebase/lncRNAs_only.bed ...
[GSM2099775_allc_9990]   11,071 lncRNA regions
[GSM2099775_allc_9990] Loading allc from /home/muneeb/Downloads/BDA-Codebase/GSE43857_RAW/GSM2099775_allc_9990.tsv ...
[GSM2099775_allc_9990]   37,607,546 cytosine records
[GSM2099775_allc_9990] Aggregating methylation per region ...
[GSM2099775_allc_9990]   Retained 10,832/11,071 regions (≥3 covered cytosine sites in at least one context)
[GSM2099775_allc_9990] Written → /home/muneeb/Downloads/BDA-Codebase/methylation_full_run/GSM2099775_allc_9990_lncRNA_methylation.tsv
[GSM2099777_allc_9992] Loading regions from /home/muneeb/Downloads/BDA-Codebase/lncRNAs_only.bed ...
[GSM2099777_allc_9992]   11,071 lncRNA regions
[GSM2099777_allc_9992] Loading allc from /home/muneeb/Downloads/BDA-Codebase/GSE43857_RAW/GSM2099777_allc_9992.tsv ...
[GSM2099777_allc_9992]   35,517,334 cytosine records
[GSM2099777_allc_9992] Aggregating methylation per region ...
[GSM2099777_allc_9992]   Retained 10,770/11,071 regions (≥3 covered cytosine sites in at least one context)
[GSM2099777_allc_9992] Written → /home/muneeb/Downloads/BDA-Codebase/methylation_full_run/GSM2099777_allc_9992_lncRNA_methylation.tsv
[GSM2099776_allc_9991] Loading regions from /home/muneeb/Downloads/BDA-Codebase/lncRNAs_only.bed ...
[GSM2099776_allc_9991]   11,071 lncRNA regions
[GSM2099776_allc_9991] Loading allc from /home/muneeb/Downloads/BDA-Codebase/GSE43857_RAW/GSM2099776_allc_9991.tsv ...
[GSM2099776_allc_9991]   37,833,069 cytosine records
[GSM2099776_allc_9991] Aggregating methylation per region ...
[GSM2099776_allc_9991]   Retained 10,879/11,071 regions (≥3 covered cytosine sites in at least one context)
[GSM2099776_allc_9991] Written → /home/muneeb/Downloads/BDA-Codebase/methylation_full_run/GSM2099776_allc_9991_lncRNA_methylation.tsv
[GSM2328539_allc_88] Loading regions from /home/muneeb/Downloads/BDA-Codebase/lncRNAs_only.bed ...
[GSM2328539_allc_88]   11,071 lncRNA regions
[GSM2328539_allc_88] Loading allc from /home/muneeb/Downloads/BDA-Codebase/GSE43857_RAW/GSM2328539_allc_88.tsv ...
[GSM2328539_allc_88]   29,391,644 cytosine records
[GSM2328539_allc_88] Aggregating methylation per region ...
[GSM2328539_allc_88]   Retained 10,724/11,071 regions (≥3 covered cytosine sites in at least one context)
[GSM2328539_allc_88] Written → /home/muneeb/Downloads/BDA-Codebase/methylation_full_run/GSM2328539_allc_88_lncRNA_methylation.tsv
[GSM2328546_allc_2017] Loading regions from /home/muneeb/Downloads/BDA-Codebase/lncRNAs_only.bed ...
[GSM2328546_allc_2017]   11,071 lncRNA regions
[GSM2328546_allc_2017] Loading allc from /home/muneeb/Downloads/BDA-Codebase/GSE43857_RAW/GSM2328546_allc_2017.tsv ...
[GSM2328546_allc_2017]   21,810,652 cytosine records
[GSM2328546_allc_2017] Aggregating methylation per region ...
[GSM2328546_allc_2017]   Retained 10,760/11,071 regions (≥3 covered cytosine sites in at least one context)
[GSM2328546_allc_2017] Written → /home/muneeb/Downloads/BDA-Codebase/methylation_full_run/GSM2328546_allc_2017_lncRNA_methylation.tsv
[GSM2099778_allc_9996] Loading regions from /home/muneeb/Downloads/BDA-Codebase/lncRNAs_only.bed ...
[GSM2099778_allc_9996]   11,071 lncRNA regions
[GSM2099778_allc_9996] Loading allc from /home/muneeb/Downloads/BDA-Codebase/GSE43857_RAW/GSM2099778_allc_9996.tsv ...
[GSM2099778_allc_9996]   38,277,722 cytosine records
[GSM2099778_allc_9996] Aggregating methylation per region ...
[GSM2099778_allc_9996]   Retained 10,889/11,071 regions (≥3 covered cytosine sites in at least one context)
[GSM2099778_allc_9996] Written → /home/muneeb/Downloads/BDA-Codebase/methylation_full_run/GSM2099778_allc_9996_lncRNA_methylation.tsv
[GSM2328543_allc_915] Loading regions from /home/muneeb/Downloads/BDA-Codebase/lncRNAs_only.bed ...
[GSM2328543_allc_915]   11,071 lncRNA regions
[GSM2328543_allc_915] Loading allc from /home/muneeb/Downloads/BDA-Codebase/GSE43857_RAW/GSM2328543_allc_915.tsv ...
[GSM2328543_allc_915]   26,637,166 cytosine records
[GSM2328543_allc_915] Aggregating methylation per region ...
[GSM2328543_allc_915]   Retained 10,775/11,071 regions (≥3 covered cytosine sites in at least one context)
[GSM2328543_allc_915] Written → /home/muneeb/Downloads/BDA-Codebase/methylation_full_run/GSM2328543_allc_915_lncRNA_methylation.tsv
[GSM2328541_allc_428] Loading regions from /home/muneeb/Downloads/BDA-Codebase/lncRNAs_only.bed ...
[GSM2328541_allc_428]   11,071 lncRNA regions
[GSM2328541_allc_428] Loading allc from /home/muneeb/Downloads/BDA-Codebase/GSE43857_RAW/GSM2328541_allc_428.tsv ...
[GSM2328541_allc_428]   28,931,635 cytosine records
[GSM2328541_allc_428] Aggregating methylation per region ...
[GSM2328541_allc_428]   Retained 10,779/11,071 regions (≥3 covered cytosine sites in at least one context)
[GSM2328541_allc_428] Written → /home/muneeb/Downloads/BDA-Codebase/methylation_full_run/GSM2328541_allc_428_lncRNA_methylation.tsv
[GSM2328544_allc_1853] Loading regions from /home/muneeb/Downloads/BDA-Codebase/lncRNAs_only.bed ...
[GSM2328544_allc_1853]   11,071 lncRNA regions
[GSM2328544_allc_1853] Loading allc from /home/muneeb/Downloads/BDA-Codebase/GSE43857_RAW/GSM2328544_allc_1853.tsv ...
[GSM2328544_allc_1853]   28,313,329 cytosine records
[GSM2328544_allc_1853] Aggregating methylation per region ...
[GSM2328544_allc_1853]   Retained 10,866/11,071 regions (≥3 covered cytosine sites in at least one context)
[GSM2328544_allc_1853] Written → /home/muneeb/Downloads/BDA-Codebase/methylation_full_run/GSM2328544_allc_1853_lncRNA_methylation.tsv
[GSM2099779_allc_9997] Loading regions from /home/muneeb/Downloads/BDA-Codebase/lncRNAs_only.bed ...
[GSM2099779_allc_9997]   11,071 lncRNA regions
[GSM2099779_allc_9997] Loading allc from /home/muneeb/Downloads/BDA-Codebase/GSE43857_RAW/GSM2099779_allc_9997.tsv ...
[GSM2099779_allc_9997]   37,863,826 cytosine records
[GSM2099779_allc_9997] Aggregating methylation per region ...
[GSM2099779_allc_9997]   Retained 10,768/11,071 regions (≥3 covered cytosine sites in at least one context)
[GSM2099779_allc_9997] Written → /home/muneeb/Downloads/BDA-Codebase/methylation_full_run/GSM2099779_allc_9997_lncRNA_methylation.tsv
[GSM2328547_allc_2171] Loading regions from /home/muneeb/Downloads/BDA-Codebase/lncRNAs_only.bed ...
[GSM2328547_allc_2171]   11,071 lncRNA regions
[GSM2328547_allc_2171] Loading allc from /home/muneeb/Downloads/BDA-Codebase/GSE43857_RAW/GSM2328547_allc_2171.tsv ...
[GSM2328547_allc_2171]   27,214,045 cytosine records
[GSM2328547_allc_2171] Aggregating methylation per region ...
[GSM2328547_allc_2171]   Retained 10,732/11,071 regions (≥3 covered cytosine sites in at least one context)
[GSM2328547_allc_2171] Written → /home/muneeb/Downloads/BDA-Codebase/methylation_full_run/GSM2328547_allc_2171_lncRNA_methylation.tsv
[GSM2328540_allc_108] Loading regions from /home/muneeb/Downloads/BDA-Codebase/lncRNAs_only.bed ...
[GSM2328540_allc_108]   11,071 lncRNA regions
[GSM2328540_allc_108] Loading allc from /home/muneeb/Downloads/BDA-Codebase/GSE43857_RAW/GSM2328540_allc_108.tsv ...
[GSM2328540_allc_108]   36,167,680 cytosine records
[GSM2328540_allc_108] Aggregating methylation per region ...
[GSM2328540_allc_108]   Retained 10,787/11,071 regions (≥3 covered cytosine sites in at least one context)
[GSM2328540_allc_108] Written → /home/muneeb/Downloads/BDA-Codebase/methylation_full_run/GSM2328540_allc_108_lncRNA_methylation.tsv
[GSM2099780_allc_9998] Loading regions from /home/muneeb/Downloads/BDA-Codebase/lncRNAs_only.bed ...
[GSM2099780_allc_9998]   11,071 lncRNA regions
[GSM2099780_allc_9998] Loading allc from /home/muneeb/Downloads/BDA-Codebase/GSE43857_RAW/GSM2099780_allc_9998.tsv ...
[GSM2099780_allc_9998]   38,115,658 cytosine records
[GSM2099780_allc_9998] Aggregating methylation per region ...
[GSM2099780_allc_9998]   Retained 10,904/11,071 regions (≥3 covered cytosine sites in at least one context)
[GSM2099780_allc_9998] Written → /home/muneeb/Downloads/BDA-Codebase/methylation_full_run/GSM2099780_allc_9998_lncRNA_methylation.tsv
[GSM2328548_allc_2276] Loading regions from /home/muneeb/Downloads/BDA-Codebase/lncRNAs_only.bed ...
[GSM2328548_allc_2276]   11,071 lncRNA regions
[GSM2328548_allc_2276] Loading allc from /home/muneeb/Downloads/BDA-Codebase/GSE43857_RAW/GSM2328548_allc_2276.tsv ...
[GSM2328548_allc_2276]   26,710,877 cytosine records
[GSM2328548_allc_2276] Aggregating methylation per region ...
[GSM2328548_allc_2276]   Retained 10,742/11,071 regions (≥3 covered cytosine sites in at least one context)
[GSM2328548_allc_2276] Written → /home/muneeb/Downloads/BDA-Codebase/methylation_full_run/GSM2328548_allc_2276_lncRNA_methylation.tsv
[GSM2328542_allc_801] Loading regions from /home/muneeb/Downloads/BDA-Codebase/lncRNAs_only.bed ...
[GSM2328542_allc_801]   11,071 lncRNA regions
[GSM2328542_allc_801] Loading allc from /home/muneeb/Downloads/BDA-Codebase/GSE43857_RAW/GSM2328542_allc_801.tsv ...
[GSM2328542_allc_801]   36,074,321 cytosine records
[GSM2328542_allc_801] Aggregating methylation per region ...
[GSM2328542_allc_801]   Retained 10,759/11,071 regions (≥3 covered cytosine sites in at least one context)
[GSM2328542_allc_801] Written → /home/muneeb/Downloads/BDA-Codebase/methylation_full_run/GSM2328542_allc_801_lncRNA_methylation.tsv
[GSM2328550_allc_4840] Loading regions from /home/muneeb/Downloads/BDA-Codebase/lncRNAs_only.bed ...
[GSM2328550_allc_4840]   11,071 lncRNA regions
[GSM2328550_allc_4840] Loading allc from /home/muneeb/Downloads/BDA-Codebase/GSE43857_RAW/GSM2328550_allc_4840.tsv ...
[GSM2328550_allc_4840]   26,566,466 cytosine records
[GSM2328550_allc_4840] Aggregating methylation per region ...
[GSM2328550_allc_4840]   Retained 10,749/11,071 regions (≥3 covered cytosine sites in at least one context)
[GSM2328550_allc_4840] Written → /home/muneeb/Downloads/BDA-Codebase/methylation_full_run/GSM2328550_allc_4840_lncRNA_methylation.tsv
[GSM2328553_allc_5279] Loading regions from /home/muneeb/Downloads/BDA-Codebase/lncRNAs_only.bed ...
[GSM2328553_allc_5279]   11,071 lncRNA regions
[GSM2328553_allc_5279] Loading allc from /home/muneeb/Downloads/BDA-Codebase/GSE43857_RAW/GSM2328553_allc_5279.tsv ...
[GSM2328553_allc_5279]   22,047,575 cytosine records
[GSM2328553_allc_5279] Aggregating methylation per region ...
[GSM2328553_allc_5279]   Retained 10,738/11,071 regions (≥3 covered cytosine sites in at least one context)
[GSM2328553_allc_5279] Written → /home/muneeb/Downloads/BDA-Codebase/methylation_full_run/GSM2328553_allc_5279_lncRNA_methylation.tsv
[GSM2328549_allc_4826] Loading regions from /home/muneeb/Downloads/BDA-Codebase/lncRNAs_only.bed ...
[GSM2328549_allc_4826]   11,071 lncRNA regions
[GSM2328549_allc_4826] Loading allc from /home/muneeb/Downloads/BDA-Codebase/GSE43857_RAW/GSM2328549_allc_4826.tsv ...
[GSM2328549_allc_4826]   30,367,307 cytosine records
[GSM2328549_allc_4826] Aggregating methylation per region ...
[GSM2328549_allc_4826]   Retained 10,726/11,071 regions (≥3 covered cytosine sites in at least one context)
[GSM2328549_allc_4826] Written → /home/muneeb/Downloads/BDA-Codebase/methylation_full_run/GSM2328549_allc_4826_lncRNA_methylation.tsv
[GSM2328545_allc_1872] Loading regions from /home/muneeb/Downloads/BDA-Codebase/lncRNAs_only.bed ...
[GSM2328545_allc_1872]   11,071 lncRNA regions
[GSM2328545_allc_1872] Loading allc from /home/muneeb/Downloads/BDA-Codebase/GSE43857_RAW/GSM2328545_allc_1872.tsv ...
[GSM2328545_allc_1872]   36,141,324 cytosine records
[GSM2328545_allc_1872] Aggregating methylation per region ...
[GSM2328545_allc_1872]   Retained 10,855/11,071 regions (≥3 covered cytosine sites in at least one context)
[GSM2328545_allc_1872] Written → /home/muneeb/Downloads/BDA-Codebase/methylation_full_run/GSM2328545_allc_1872_lncRNA_methylation.tsv
[GSM2328551_allc_4857] Loading regions from /home/muneeb/Downloads/BDA-Codebase/lncRNAs_only.bed ...
[GSM2328551_allc_4857]   11,071 lncRNA regions
[GSM2328551_allc_4857] Loading allc from /home/muneeb/Downloads/BDA-Codebase/GSE43857_RAW/GSM2328551_allc_4857.tsv ...
[GSM2328551_allc_4857]   25,709,899 cytosine records
[GSM2328551_allc_4857] Aggregating methylation per region ...
[GSM2328551_allc_4857]   Retained 10,748/11,071 regions (≥3 covered cytosine sites in at least one context)
[GSM2328551_allc_4857] Written → /home/muneeb/Downloads/BDA-Codebase/methylation_full_run/GSM2328551_allc_4857_lncRNA_methylation.tsv
[GSM2328554_allc_5395] Loading regions from /home/muneeb/Downloads/BDA-Codebase/lncRNAs_only.bed ...
[GSM2328554_allc_5395]   11,071 lncRNA regions
[GSM2328554_allc_5395] Loading allc from /home/muneeb/Downloads/BDA-Codebase/GSE43857_RAW/GSM2328554_allc_5395.tsv ...
[GSM2328554_allc_5395]   28,927,825 cytosine records
[GSM2328554_allc_5395] Aggregating methylation per region ...
[GSM2328554_allc_5395]   Retained 10,752/11,071 regions (≥3 covered cytosine sites in at least one context)
[GSM2328554_allc_5395] Written → /home/muneeb/Downloads/BDA-Codebase/methylation_full_run/GSM2328554_allc_5395_lncRNA_methylation.tsv
[GSM2328555_allc_5486] Loading regions from /home/muneeb/Downloads/BDA-Codebase/lncRNAs_only.bed ...
[GSM2328555_allc_5486]   11,071 lncRNA regions
[GSM2328555_allc_5486] Loading allc from /home/muneeb/Downloads/BDA-Codebase/GSE43857_RAW/GSM2328555_allc_5486.tsv ...
[GSM2328555_allc_5486]   27,029,135 cytosine records
[GSM2328555_allc_5486] Aggregating methylation per region ...
[GSM2328555_allc_5486]   Retained 10,840/11,071 regions (≥3 covered cytosine sites in at least one context)
[GSM2328555_allc_5486] Written → /home/muneeb/Downloads/BDA-Codebase/methylation_full_run/GSM2328555_allc_5486_lncRNA_methylation.tsv
[GSM2328552_allc_5165] Loading regions from /home/muneeb/Downloads/BDA-Codebase/lncRNAs_only.bed ...
[GSM2328552_allc_5165]   11,071 lncRNA regions
[GSM2328552_allc_5165] Loading allc from /home/muneeb/Downloads/BDA-Codebase/GSE43857_RAW/GSM2328552_allc_5165.tsv ...
[GSM2328552_allc_5165]   37,043,658 cytosine records
[GSM2328552_allc_5165] Aggregating methylation per region ...
[GSM2328552_allc_5165]   Retained 10,877/11,071 regions (≥3 covered cytosine sites in at least one context)
[GSM2328552_allc_5165] Written → /home/muneeb/Downloads/BDA-Codebase/methylation_full_run/GSM2328552_allc_5165_lncRNA_methylation.tsv
[GSM2328561_allc_5811] Loading regions from /home/muneeb/Downloads/BDA-Codebase/lncRNAs_only.bed ...
[GSM2328561_allc_5811]   11,071 lncRNA regions
[GSM2328561_allc_5811] Loading allc from /home/muneeb/Downloads/BDA-Codebase/GSE43857_RAW/GSM2328561_allc_5811.tsv ...
[GSM2328561_allc_5811]   24,539,585 cytosine records
[GSM2328561_allc_5811] Aggregating methylation per region ...
[GSM2328561_allc_5811]   Retained 10,793/11,071 regions (≥3 covered cytosine sites in at least one context)
[GSM2328561_allc_5811] Written → /home/muneeb/Downloads/BDA-Codebase/methylation_full_run/GSM2328561_allc_5811_lncRNA_methylation.tsv
[GSM2328556_allc_5535] Loading regions from /home/muneeb/Downloads/BDA-Codebase/lncRNAs_only.bed ...
[GSM2328556_allc_5535]   11,071 lncRNA regions
[GSM2328556_allc_5535] Loading allc from /home/muneeb/Downloads/BDA-Codebase/GSE43857_RAW/GSM2328556_allc_5535.tsv ...
[GSM2328556_allc_5535]   35,937,270 cytosine records
[GSM2328556_allc_5535] Aggregating methylation per region ...
[GSM2328556_allc_5535]   Retained 10,748/11,071 regions (≥3 covered cytosine sites in at least one context)
[GSM2328556_allc_5535] Written → /home/muneeb/Downloads/BDA-Codebase/methylation_full_run/GSM2328556_allc_5535_lncRNA_methylation.tsv
[GSM2328558_allc_5741] Loading regions from /home/muneeb/Downloads/BDA-Codebase/lncRNAs_only.bed ...
[GSM2328558_allc_5741]   11,071 lncRNA regions
[GSM2328558_allc_5741] Loading allc from /home/muneeb/Downloads/BDA-Codebase/GSE43857_RAW/GSM2328558_allc_5741.tsv ...
[GSM2328558_allc_5741]   34,419,682 cytosine records
[GSM2328558_allc_5741] Aggregating methylation per region ...
[GSM2328558_allc_5741]   Retained 10,825/11,071 regions (≥3 covered cytosine sites in at least one context)
[GSM2328558_allc_5741] Written → /home/muneeb/Downloads/BDA-Codebase/methylation_full_run/GSM2328558_allc_5741_lncRNA_methylation.tsv
[GSM2328560_allc_5784] Loading regions from /home/muneeb/Downloads/BDA-Codebase/lncRNAs_only.bed ...
[GSM2328560_allc_5784]   11,071 lncRNA regions
[GSM2328560_allc_5784] Loading allc from /home/muneeb/Downloads/BDA-Codebase/GSE43857_RAW/GSM2328560_allc_5784.tsv ...
[GSM2328560_allc_5784]   29,501,914 cytosine records
[GSM2328560_allc_5784] Aggregating methylation per region ...
[GSM2328560_allc_5784]   Retained 10,710/11,071 regions (≥3 covered cytosine sites in at least one context)
[GSM2328560_allc_5784] Written → /home/muneeb/Downloads/BDA-Codebase/methylation_full_run/GSM2328560_allc_5784_lncRNA_methylation.tsv
[GSM2328563_allc_5822] Loading regions from /home/muneeb/Downloads/BDA-Codebase/lncRNAs_only.bed ...
[GSM2328563_allc_5822]   11,071 lncRNA regions
[GSM2328563_allc_5822] Loading allc from /home/muneeb/Downloads/BDA-Codebase/GSE43857_RAW/GSM2328563_allc_5822.tsv ...
[GSM2328563_allc_5822]   29,431,732 cytosine records
[GSM2328563_allc_5822] Aggregating methylation per region ...
[GSM2328563_allc_5822]   Retained 10,754/11,071 regions (≥3 covered cytosine sites in at least one context)
[GSM2328563_allc_5822] Written → /home/muneeb/Downloads/BDA-Codebase/methylation_full_run/GSM2328563_allc_5822_lncRNA_methylation.tsv
[GSM2328559_allc_5779] Loading regions from /home/muneeb/Downloads/BDA-Codebase/lncRNAs_only.bed ...
[GSM2328559_allc_5779]   11,071 lncRNA regions
[GSM2328559_allc_5779] Loading allc from /home/muneeb/Downloads/BDA-Codebase/GSE43857_RAW/GSM2328559_allc_5779.tsv ...
[GSM2328559_allc_5779]   36,037,057 cytosine records
[GSM2328559_allc_5779] Aggregating methylation per region ...
[GSM2328559_allc_5779]   Retained 10,774/11,071 regions (≥3 covered cytosine sites in at least one context)
[GSM2328559_allc_5779] Written → /home/muneeb/Downloads/BDA-Codebase/methylation_full_run/GSM2328559_allc_5779_lncRNA_methylation.tsv
[GSM2328564_allc_5874] Loading regions from /home/muneeb/Downloads/BDA-Codebase/lncRNAs_only.bed ...
[GSM2328564_allc_5874]   11,071 lncRNA regions
[GSM2328564_allc_5874] Loading allc from /home/muneeb/Downloads/BDA-Codebase/GSE43857_RAW/GSM2328564_allc_5874.tsv ...
[GSM2328564_allc_5874]   29,216,377 cytosine records
[GSM2328564_allc_5874] Aggregating methylation per region ...
[GSM2328564_allc_5874]   Retained 10,746/11,071 regions (≥3 covered cytosine sites in at least one context)
[GSM2328564_allc_5874] Written → /home/muneeb/Downloads/BDA-Codebase/methylation_full_run/GSM2328564_allc_5874_lncRNA_methylation.tsv
[GSM2328557_allc_5720] Loading regions from /home/muneeb/Downloads/BDA-Codebase/lncRNAs_only.bed ...
[GSM2328557_allc_5720]   11,071 lncRNA regions
[GSM2328557_allc_5720] Loading allc from /home/muneeb/Downloads/BDA-Codebase/GSE43857_RAW/GSM2328557_allc_5720.tsv ...
[GSM2328557_allc_5720]   36,705,258 cytosine records
[GSM2328557_allc_5720] Aggregating methylation per region ...
[GSM2328557_allc_5720]   Retained 10,795/11,071 regions (≥3 covered cytosine sites in at least one context)
[GSM2328557_allc_5720] Written → /home/muneeb/Downloads/BDA-Codebase/methylation_full_run/GSM2328557_allc_5720_lncRNA_methylation.tsv
[GSM2328569_allc_6908] Loading regions from /home/muneeb/Downloads/BDA-Codebase/lncRNAs_only.bed ...
[GSM2328569_allc_6908]   11,071 lncRNA regions
[GSM2328569_allc_6908] Loading allc from /home/muneeb/Downloads/BDA-Codebase/GSE43857_RAW/GSM2328569_allc_6908.tsv ...
[GSM2328569_allc_6908]   25,496,360 cytosine records
[GSM2328569_allc_6908] Aggregating methylation per region ...
[GSM2328569_allc_6908]   Retained 10,724/11,071 regions (≥3 covered cytosine sites in at least one context)
[GSM2328569_allc_6908] Written → /home/muneeb/Downloads/BDA-Codebase/methylation_full_run/GSM2328569_allc_6908_lncRNA_methylation.tsv
[GSM2328565_allc_6008] Loading regions from /home/muneeb/Downloads/BDA-Codebase/lncRNAs_only.bed ...
[GSM2328565_allc_6008]   11,071 lncRNA regions
[GSM2328565_allc_6008] Loading allc from /home/muneeb/Downloads/BDA-Codebase/GSE43857_RAW/GSM2328565_allc_6008.tsv ...
[GSM2328565_allc_6008]   31,325,251 cytosine records
[GSM2328565_allc_6008] Aggregating methylation per region ...
[GSM2328565_allc_6008]   Retained 10,806/11,071 regions (≥3 covered cytosine sites in at least one context)
[GSM2328565_allc_6008] Written → /home/muneeb/Downloads/BDA-Codebase/methylation_full_run/GSM2328565_allc_6008_lncRNA_methylation.tsv
[GSM2328568_allc_6396] Loading regions from /home/muneeb/Downloads/BDA-Codebase/lncRNAs_only.bed ...
[GSM2328568_allc_6396]   11,071 lncRNA regions
[GSM2328568_allc_6396] Loading allc from /home/muneeb/Downloads/BDA-Codebase/GSE43857_RAW/GSM2328568_allc_6396.tsv ...
[GSM2328568_allc_6396]   27,317,233 cytosine records
[GSM2328568_allc_6396] Aggregating methylation per region ...
[GSM2328568_allc_6396]   Retained 10,751/11,071 regions (≥3 covered cytosine sites in at least one context)
[GSM2328568_allc_6396] Written → /home/muneeb/Downloads/BDA-Codebase/methylation_full_run/GSM2328568_allc_6396_lncRNA_methylation.tsv
[GSM2328574_allc_6957] Loading regions from /home/muneeb/Downloads/BDA-Codebase/lncRNAs_only.bed ...
[GSM2328574_allc_6957]   11,071 lncRNA regions
[GSM2328574_allc_6957] Loading allc from /home/muneeb/Downloads/BDA-Codebase/GSE43857_RAW/GSM2328574_allc_6957.tsv ...
[GSM2328574_allc_6957]   22,535,438 cytosine records
[GSM2328574_allc_6957] Aggregating methylation per region ...
[GSM2328574_allc_6957]   Retained 10,702/11,071 regions (≥3 covered cytosine sites in at least one context)
[GSM2328574_allc_6957] Written → /home/muneeb/Downloads/BDA-Codebase/methylation_full_run/GSM2328574_allc_6957_lncRNA_methylation.tsv
[GSM2328562_allc_5818] Loading regions from /home/muneeb/Downloads/BDA-Codebase/lncRNAs_only.bed ...
[GSM2328562_allc_5818]   11,071 lncRNA regions
[GSM2328562_allc_5818] Loading allc from /home/muneeb/Downloads/BDA-Codebase/GSE43857_RAW/GSM2328562_allc_5818.tsv ...
[GSM2328562_allc_5818]   36,415,091 cytosine records
[GSM2328562_allc_5818] Aggregating methylation per region ...
[GSM2328562_allc_5818]   Retained 11,008/11,071 regions (≥3 covered cytosine sites in at least one context)
[GSM2328562_allc_5818] Written → /home/muneeb/Downloads/BDA-Codebase/methylation_full_run/GSM2328562_allc_5818_lncRNA_methylation.tsv
[GSM2328573_allc_6939] Loading regions from /home/muneeb/Downloads/BDA-Codebase/lncRNAs_only.bed ...
[GSM2328573_allc_6939]   11,071 lncRNA regions
[GSM2328573_allc_6939] Loading allc from /home/muneeb/Downloads/BDA-Codebase/GSE43857_RAW/GSM2328573_allc_6939.tsv ...
[GSM2328573_allc_6939]   27,101,661 cytosine records
[GSM2328573_allc_6939] Aggregating methylation per region ...
[GSM2328573_allc_6939]   Retained 10,838/11,071 regions (≥3 covered cytosine sites in at least one context)
[GSM2328573_allc_6939] Written → /home/muneeb/Downloads/BDA-Codebase/methylation_full_run/GSM2328573_allc_6939_lncRNA_methylation.tsv
[GSM2328566_allc_6217] Loading regions from /home/muneeb/Downloads/BDA-Codebase/lncRNAs_only.bed ...
[GSM2328566_allc_6217]   11,071 lncRNA regions
[GSM2328566_allc_6217] Loading allc from /home/muneeb/Downloads/BDA-Codebase/GSE43857_RAW/GSM2328566_allc_6217.tsv ...
[GSM2328566_allc_6217]   34,867,580 cytosine records
[GSM2328566_allc_6217] Aggregating methylation per region ...
[GSM2328566_allc_6217]   Retained 10,774/11,071 regions (≥3 covered cytosine sites in at least one context)
[GSM2328566_allc_6217] Written → /home/muneeb/Downloads/BDA-Codebase/methylation_full_run/GSM2328566_allc_6217_lncRNA_methylation.tsv
[GSM2328567_allc_6296] Loading regions from /home/muneeb/Downloads/BDA-Codebase/lncRNAs_only.bed ...
[GSM2328567_allc_6296]   11,071 lncRNA regions
[GSM2328567_allc_6296] Loading allc from /home/muneeb/Downloads/BDA-Codebase/GSE43857_RAW/GSM2328567_allc_6296.tsv ...
[GSM2328567_allc_6296]   36,526,735 cytosine records
[GSM2328567_allc_6296] Aggregating methylation per region ...
[GSM2328567_allc_6296]   Retained 10,761/11,071 regions (≥3 covered cytosine sites in at least one context)
[GSM2328567_allc_6296] Written → /home/muneeb/Downloads/BDA-Codebase/methylation_full_run/GSM2328567_allc_6296_lncRNA_methylation.tsv
[GSM2328570_allc_6920] Loading regions from /home/muneeb/Downloads/BDA-Codebase/lncRNAs_only.bed ...
[GSM2328570_allc_6920]   11,071 lncRNA regions
[GSM2328570_allc_6920] Loading allc from /home/muneeb/Downloads/BDA-Codebase/GSE43857_RAW/GSM2328570_allc_6920.tsv ...
[GSM2328570_allc_6920]   37,433,963 cytosine records
[GSM2328570_allc_6920] Aggregating methylation per region ...
[GSM2328570_allc_6920]   Retained 10,796/11,071 regions (≥3 covered cytosine sites in at least one context)
[GSM2328570_allc_6920] Written → /home/muneeb/Downloads/BDA-Codebase/methylation_full_run/GSM2328570_allc_6920_lncRNA_methylation.tsv
[GSM2328571_allc_6927] Loading regions from /home/muneeb/Downloads/BDA-Codebase/lncRNAs_only.bed ...
[GSM2328571_allc_6927]   11,071 lncRNA regions
[GSM2328571_allc_6927] Loading allc from /home/muneeb/Downloads/BDA-Codebase/GSE43857_RAW/GSM2328571_allc_6927.tsv ...
[GSM2328571_allc_6927]   36,118,413 cytosine records
[GSM2328571_allc_6927] Aggregating methylation per region ...
[GSM2328571_allc_6927]   Retained 10,831/11,071 regions (≥3 covered cytosine sites in at least one context)
[GSM2328571_allc_6927] Written → /home/muneeb/Downloads/BDA-Codebase/methylation_full_run/GSM2328571_allc_6927_lncRNA_methylation.tsv
[GSM2328572_allc_6933] Loading regions from /home/muneeb/Downloads/BDA-Codebase/lncRNAs_only.bed ...
[GSM2328572_allc_6933]   11,071 lncRNA regions
[GSM2328572_allc_6933] Loading allc from /home/muneeb/Downloads/BDA-Codebase/GSE43857_RAW/GSM2328572_allc_6933.tsv ...
[GSM2328572_allc_6933]   36,593,595 cytosine records
[GSM2328572_allc_6933] Aggregating methylation per region ...
[GSM2328572_allc_6933]   Retained 10,779/11,071 regions (≥3 covered cytosine sites in at least one context)
[GSM2328572_allc_6933] Written → /home/muneeb/Downloads/BDA-Codebase/methylation_full_run/GSM2328572_allc_6933_lncRNA_methylation.tsv
[GSM2328575_allc_6960] Loading regions from /home/muneeb/Downloads/BDA-Codebase/lncRNAs_only.bed ...
[GSM2328575_allc_6960]   11,071 lncRNA regions
[GSM2328575_allc_6960] Loading allc from /home/muneeb/Downloads/BDA-Codebase/GSE43857_RAW/GSM2328575_allc_6960.tsv ...
[GSM2328575_allc_6960]   36,403,903 cytosine records
[GSM2328575_allc_6960] Aggregating methylation per region ...
[GSM2328575_allc_6960]   Retained 10,893/11,071 regions (≥3 covered cytosine sites in at least one context)
[GSM2328575_allc_6960] Written → /home/muneeb/Downloads/BDA-Codebase/methylation_full_run/GSM2328575_allc_6960_lncRNA_methylation.tsv
[GSM2328576_allc_6966] Loading regions from /home/muneeb/Downloads/BDA-Codebase/lncRNAs_only.bed ...
[GSM2328576_allc_6966]   11,071 lncRNA regions
[GSM2328576_allc_6966] Loading allc from /home/muneeb/Downloads/BDA-Codebase/GSE43857_RAW/GSM2328576_allc_6966.tsv ...
[GSM2328576_allc_6966]   35,459,112 cytosine records
[GSM2328576_allc_6966] Aggregating methylation per region ...
[GSM2328576_allc_6966]   Retained 10,911/11,071 regions (≥3 covered cytosine sites in at least one context)
[GSM2328576_allc_6966] Written → /home/muneeb/Downloads/BDA-Codebase/methylation_full_run/GSM2328576_allc_6966_lncRNA_methylation.tsv
[GSM2328577_allc_6969] Loading regions from /home/muneeb/Downloads/BDA-Codebase/lncRNAs_only.bed ...
[GSM2328577_allc_6969]   11,071 lncRNA regions
[GSM2328577_allc_6969] Loading allc from /home/muneeb/Downloads/BDA-Codebase/GSE43857_RAW/GSM2328577_allc_6969.tsv ...
[GSM2328577_allc_6969]   32,230,819 cytosine records
[GSM2328577_allc_6969] Aggregating methylation per region ...
[GSM2328577_allc_6969]   Retained 10,872/11,071 regions (≥3 covered cytosine sites in at least one context)
[GSM2328577_allc_6969] Written → /home/muneeb/Downloads/BDA-Codebase/methylation_full_run/GSM2328577_allc_6969_lncRNA_methylation.tsv
[GSM2328578_allc_6973] Loading regions from /home/muneeb/Downloads/BDA-Codebase/lncRNAs_only.bed ...
[GSM2328578_allc_6973]   11,071 lncRNA regions
[GSM2328578_allc_6973] Loading allc from /home/muneeb/Downloads/BDA-Codebase/GSE43857_RAW/GSM2328578_allc_6973.tsv ...
[GSM2328578_allc_6973]   28,649,252 cytosine records
[GSM2328578_allc_6973] Aggregating methylation per region ...
[GSM2328578_allc_6973]   Retained 10,853/11,071 regions (≥3 covered cytosine sites in at least one context)
[GSM2328578_allc_6973] Written → /home/muneeb/Downloads/BDA-Codebase/methylation_full_run/GSM2328578_allc_6973_lncRNA_methylation.tsv
[GSM2328583_allc_7111] Loading regions from /home/muneeb/Downloads/BDA-Codebase/lncRNAs_only.bed ...
[GSM2328583_allc_7111]   11,071 lncRNA regions
[GSM2328583_allc_7111] Loading allc from /home/muneeb/Downloads/BDA-Codebase/GSE43857_RAW/GSM2328583_allc_7111.tsv ...
[GSM2328583_allc_7111]   24,504,893 cytosine records
[GSM2328583_allc_7111] Aggregating methylation per region ...
[GSM2328583_allc_7111]   Retained 10,790/11,071 regions (≥3 covered cytosine sites in at least one context)
[GSM2328583_allc_7111] Written → /home/muneeb/Downloads/BDA-Codebase/methylation_full_run/GSM2328583_allc_7111_lncRNA_methylation.tsv
[GSM2328587_allc_7372] Loading regions from /home/muneeb/Downloads/BDA-Codebase/lncRNAs_only.bed ...
[GSM2328587_allc_7372]   11,071 lncRNA regions
[GSM2328587_allc_7372] Loading allc from /home/muneeb/Downloads/BDA-Codebase/GSE43857_RAW/GSM2328587_allc_7372.tsv ...
[GSM2328587_allc_7372]   25,434,317 cytosine records
[GSM2328587_allc_7372] Aggregating methylation per region ...
[GSM2328587_allc_7372]   Retained 10,768/11,071 regions (≥3 covered cytosine sites in at least one context)
[GSM2328587_allc_7372] Written → /home/muneeb/Downloads/BDA-Codebase/methylation_full_run/GSM2328587_allc_7372_lncRNA_methylation.tsv
[GSM2328580_allc_7033] Loading regions from /home/muneeb/Downloads/BDA-Codebase/lncRNAs_only.bed ...
[GSM2328580_allc_7033]   11,071 lncRNA regions
[GSM2328580_allc_7033] Loading allc from /home/muneeb/Downloads/BDA-Codebase/GSE43857_RAW/GSM2328580_allc_7033.tsv ...
[GSM2328580_allc_7033]   32,293,043 cytosine records
[GSM2328580_allc_7033] Aggregating methylation per region ...
[GSM2328580_allc_7033]   Retained 10,864/11,071 regions (≥3 covered cytosine sites in at least one context)
[GSM2328580_allc_7033] Written → /home/muneeb/Downloads/BDA-Codebase/methylation_full_run/GSM2328580_allc_7033_lncRNA_methylation.tsv
[GSM2328585_allc_7231] Loading regions from /home/muneeb/Downloads/BDA-Codebase/lncRNAs_only.bed ...
[GSM2328585_allc_7231]   11,071 lncRNA regions
[GSM2328585_allc_7231] Loading allc from /home/muneeb/Downloads/BDA-Codebase/GSE43857_RAW/GSM2328585_allc_7231.tsv ...
[GSM2328585_allc_7231]   26,473,492 cytosine records
[GSM2328585_allc_7231] Aggregating methylation per region ...
[GSM2328585_allc_7231]   Retained 10,728/11,071 regions (≥3 covered cytosine sites in at least one context)
[GSM2328585_allc_7231] Written → /home/muneeb/Downloads/BDA-Codebase/methylation_full_run/GSM2328585_allc_7231_lncRNA_methylation.tsv
[GSM2328586_allc_7296] Loading regions from /home/muneeb/Downloads/BDA-Codebase/lncRNAs_only.bed ...
[GSM2328586_allc_7296]   11,071 lncRNA regions
[GSM2328586_allc_7296] Loading allc from /home/muneeb/Downloads/BDA-Codebase/GSE43857_RAW/GSM2328586_allc_7296.tsv ...
[GSM2328586_allc_7296]   27,061,020 cytosine records
[GSM2328586_allc_7296] Aggregating methylation per region ...
[GSM2328586_allc_7296]   Retained 10,769/11,071 regions (≥3 covered cytosine sites in at least one context)
[GSM2328586_allc_7296] Written → /home/muneeb/Downloads/BDA-Codebase/methylation_full_run/GSM2328586_allc_7296_lncRNA_methylation.tsv
[GSM2328579_allc_6976] Loading regions from /home/muneeb/Downloads/BDA-Codebase/lncRNAs_only.bed ...
[GSM2328579_allc_6976]   11,071 lncRNA regions
[GSM2328579_allc_6976] Loading allc from /home/muneeb/Downloads/BDA-Codebase/GSE43857_RAW/GSM2328579_allc_6976.tsv ...
[GSM2328579_allc_6976]   36,465,027 cytosine records
[GSM2328579_allc_6976] Aggregating methylation per region ...
[GSM2328579_allc_6976]   Retained 10,855/11,071 regions (≥3 covered cytosine sites in at least one context)
[GSM2328579_allc_6976] Written → /home/muneeb/Downloads/BDA-Codebase/methylation_full_run/GSM2328579_allc_6976_lncRNA_methylation.tsv
[GSM2328589_allc_7430] Loading regions from /home/muneeb/Downloads/BDA-Codebase/lncRNAs_only.bed ...
[GSM2328589_allc_7430]   11,071 lncRNA regions
[GSM2328589_allc_7430] Loading allc from /home/muneeb/Downloads/BDA-Codebase/GSE43857_RAW/GSM2328589_allc_7430.tsv ...
[GSM2328589_allc_7430]   26,322,127 cytosine records
[GSM2328589_allc_7430] Aggregating methylation per region ...
[GSM2328589_allc_7430]   Retained 10,703/11,071 regions (≥3 covered cytosine sites in at least one context)
[GSM2328589_allc_7430] Written → /home/muneeb/Downloads/BDA-Codebase/methylation_full_run/GSM2328589_allc_7430_lncRNA_methylation.tsv
[GSM2328582_allc_7081] Loading regions from /home/muneeb/Downloads/BDA-Codebase/lncRNAs_only.bed ...
[GSM2328582_allc_7081]   11,071 lncRNA regions
[GSM2328582_allc_7081] Loading allc from /home/muneeb/Downloads/BDA-Codebase/GSE43857_RAW/GSM2328582_allc_7081.tsv ...
[GSM2328582_allc_7081]   32,535,992 cytosine records
[GSM2328582_allc_7081] Aggregating methylation per region ...
[GSM2328582_allc_7081]   Retained 10,799/11,071 regions (≥3 covered cytosine sites in at least one context)
[GSM2328582_allc_7081] Written → /home/muneeb/Downloads/BDA-Codebase/methylation_full_run/GSM2328582_allc_7081_lncRNA_methylation.tsv
[GSM2328581_allc_7063] Loading regions from /home/muneeb/Downloads/BDA-Codebase/lncRNAs_only.bed ...
[GSM2328581_allc_7063]   11,071 lncRNA regions
[GSM2328581_allc_7063] Loading allc from /home/muneeb/Downloads/BDA-Codebase/GSE43857_RAW/GSM2328581_allc_7063.tsv ...
[GSM2328581_allc_7063]   36,496,518 cytosine records
[GSM2328581_allc_7063] Aggregating methylation per region ...
[GSM2328581_allc_7063]   Retained 10,762/11,071 regions (≥3 covered cytosine sites in at least one context)
[GSM2328581_allc_7063] Written → /home/muneeb/Downloads/BDA-Codebase/methylation_full_run/GSM2328581_allc_7063_lncRNA_methylation.tsv
[GSM2328593_allc_8235] Loading regions from /home/muneeb/Downloads/BDA-Codebase/lncRNAs_only.bed ...
[GSM2328593_allc_8235]   11,071 lncRNA regions
[GSM2328593_allc_8235] Loading allc from /home/muneeb/Downloads/BDA-Codebase/GSE43857_RAW/GSM2328593_allc_8235.tsv ...
[GSM2328593_allc_8235]   26,724,474 cytosine records
[GSM2328593_allc_8235] Aggregating methylation per region ...
[GSM2328593_allc_8235]   Retained 10,725/11,071 regions (≥3 covered cytosine sites in at least one context)
[GSM2328593_allc_8235] Written → /home/muneeb/Downloads/BDA-Codebase/methylation_full_run/GSM2328593_allc_8235_lncRNA_methylation.tsv
[GSM2328584_allc_7213] Loading regions from /home/muneeb/Downloads/BDA-Codebase/lncRNAs_only.bed ...
[GSM2328584_allc_7213]   11,071 lncRNA regions
[GSM2328584_allc_7213] Loading allc from /home/muneeb/Downloads/BDA-Codebase/GSE43857_RAW/GSM2328584_allc_7213.tsv ...
[GSM2328584_allc_7213]   36,308,802 cytosine records
[GSM2328584_allc_7213] Aggregating methylation per region ...
[GSM2328584_allc_7213]   Retained 10,779/11,071 regions (≥3 covered cytosine sites in at least one context)
[GSM2328584_allc_7213] Written → /home/muneeb/Downloads/BDA-Codebase/methylation_full_run/GSM2328584_allc_7213_lncRNA_methylation.tsv
[GSM2328595_allc_8243] Loading regions from /home/muneeb/Downloads/BDA-Codebase/lncRNAs_only.bed ...
[GSM2328595_allc_8243]   11,071 lncRNA regions
[GSM2328595_allc_8243] Loading allc from /home/muneeb/Downloads/BDA-Codebase/GSE43857_RAW/GSM2328595_allc_8243.tsv ...
[GSM2328595_allc_8243]   26,101,528 cytosine records
[GSM2328595_allc_8243] Aggregating methylation per region ...
[GSM2328595_allc_8243]   Retained 10,782/11,071 regions (≥3 covered cytosine sites in at least one context)
[GSM2328595_allc_8243] Written → /home/muneeb/Downloads/BDA-Codebase/methylation_full_run/GSM2328595_allc_8243_lncRNA_methylation.tsv
[GSM2328590_allc_7525] Loading regions from /home/muneeb/Downloads/BDA-Codebase/lncRNAs_only.bed ...
[GSM2328590_allc_7525]   11,071 lncRNA regions
[GSM2328590_allc_7525] Loading allc from /home/muneeb/Downloads/BDA-Codebase/GSE43857_RAW/GSM2328590_allc_7525.tsv ...
[GSM2328590_allc_7525]   34,691,463 cytosine records
[GSM2328590_allc_7525] Aggregating methylation per region ...
[GSM2328590_allc_7525]   Retained 10,857/11,071 regions (≥3 covered cytosine sites in at least one context)
[GSM2328590_allc_7525] Written → /home/muneeb/Downloads/BDA-Codebase/methylation_full_run/GSM2328590_allc_7525_lncRNA_methylation.tsv
[GSM2328592_allc_8234] Loading regions from /home/muneeb/Downloads/BDA-Codebase/lncRNAs_only.bed ...
[GSM2328592_allc_8234]   11,071 lncRNA regions
[GSM2328592_allc_8234] Loading allc from /home/muneeb/Downloads/BDA-Codebase/GSE43857_RAW/GSM2328592_allc_8234.tsv ...
[GSM2328592_allc_8234]   31,997,676 cytosine records
[GSM2328592_allc_8234] Aggregating methylation per region ...
[GSM2328592_allc_8234]   Retained 10,851/11,071 regions (≥3 covered cytosine sites in at least one context)
[GSM2328592_allc_8234] Written → /home/muneeb/Downloads/BDA-Codebase/methylation_full_run/GSM2328592_allc_8234_lncRNA_methylation.tsv
[GSM2328591_allc_7717] Loading regions from /home/muneeb/Downloads/BDA-Codebase/lncRNAs_only.bed ...
[GSM2328591_allc_7717]   11,071 lncRNA regions
[GSM2328591_allc_7717] Loading allc from /home/muneeb/Downloads/BDA-Codebase/GSE43857_RAW/GSM2328591_allc_7717.tsv ...
[GSM2328591_allc_7717]   34,694,539 cytosine records
[GSM2328591_allc_7717] Aggregating methylation per region ...
[GSM2328591_allc_7717]   Retained 10,869/11,071 regions (≥3 covered cytosine sites in at least one context)
[GSM2328591_allc_7717] Written → /home/muneeb/Downloads/BDA-Codebase/methylation_full_run/GSM2328591_allc_7717_lncRNA_methylation.tsv
[GSM2328588_allc_7417] Loading regions from /home/muneeb/Downloads/BDA-Codebase/lncRNAs_only.bed ...
[GSM2328588_allc_7417]   11,071 lncRNA regions
[GSM2328588_allc_7417] Loading allc from /home/muneeb/Downloads/BDA-Codebase/GSE43857_RAW/GSM2328588_allc_7417.tsv ...
[GSM2328588_allc_7417]   38,010,320 cytosine records
[GSM2328588_allc_7417] Aggregating methylation per region ...
[GSM2328588_allc_7417]   Retained 10,898/11,071 regions (≥3 covered cytosine sites in at least one context)
[GSM2328588_allc_7417] Written → /home/muneeb/Downloads/BDA-Codebase/methylation_full_run/GSM2328588_allc_7417_lncRNA_methylation.tsv
[GSM2328596_allc_8284] Loading regions from /home/muneeb/Downloads/BDA-Codebase/lncRNAs_only.bed ...
[GSM2328596_allc_8284]   11,071 lncRNA regions
[GSM2328596_allc_8284] Loading allc from /home/muneeb/Downloads/BDA-Codebase/GSE43857_RAW/GSM2328596_allc_8284.tsv ...
[GSM2328596_allc_8284]   27,122,366 cytosine records
[GSM2328596_allc_8284] Aggregating methylation per region ...
[GSM2328596_allc_8284]   Retained 10,751/11,071 regions (≥3 covered cytosine sites in at least one context)
[GSM2328596_allc_8284] Written → /home/muneeb/Downloads/BDA-Codebase/methylation_full_run/GSM2328596_allc_8284_lncRNA_methylation.tsv
[GSM2328594_allc_8238] Loading regions from /home/muneeb/Downloads/BDA-Codebase/lncRNAs_only.bed ...
[GSM2328594_allc_8238]   11,071 lncRNA regions
[GSM2328594_allc_8238] Loading allc from /home/muneeb/Downloads/BDA-Codebase/GSE43857_RAW/GSM2328594_allc_8238.tsv ...
[GSM2328594_allc_8238]   33,599,239 cytosine records
[GSM2328594_allc_8238] Aggregating methylation per region ...
[GSM2328594_allc_8238]   Retained 10,881/11,071 regions (≥3 covered cytosine sites in at least one context)
[GSM2328594_allc_8238] Written → /home/muneeb/Downloads/BDA-Codebase/methylation_full_run/GSM2328594_allc_8238_lncRNA_methylation.tsv
[GSM2328598_allc_8334] Loading regions from /home/muneeb/Downloads/BDA-Codebase/lncRNAs_only.bed ...
[GSM2328598_allc_8334]   11,071 lncRNA regions
[GSM2328598_allc_8334] Loading allc from /home/muneeb/Downloads/BDA-Codebase/GSE43857_RAW/GSM2328598_allc_8334.tsv ...
[GSM2328598_allc_8334]   27,289,082 cytosine records
[GSM2328598_allc_8334] Aggregating methylation per region ...
[GSM2328598_allc_8334]   Retained 10,871/11,071 regions (≥3 covered cytosine sites in at least one context)
[GSM2328598_allc_8334] Written → /home/muneeb/Downloads/BDA-Codebase/methylation_full_run/GSM2328598_allc_8334_lncRNA_methylation.tsv
[GSM2328597_allc_8297] Loading regions from /home/muneeb/Downloads/BDA-Codebase/lncRNAs_only.bed ...
[GSM2328597_allc_8297]   11,071 lncRNA regions
[GSM2328597_allc_8297] Loading allc from /home/muneeb/Downloads/BDA-Codebase/GSE43857_RAW/GSM2328597_allc_8297.tsv ...
[GSM2328597_allc_8297]   31,480,410 cytosine records
[GSM2328597_allc_8297] Aggregating methylation per region ...
[GSM2328597_allc_8297]   Retained 10,833/11,071 regions (≥3 covered cytosine sites in at least one context)
[GSM2328597_allc_8297] Written → /home/muneeb/Downloads/BDA-Codebase/methylation_full_run/GSM2328597_allc_8297_lncRNA_methylation.tsv
[GSM2328602_allc_9079] Loading regions from /home/muneeb/Downloads/BDA-Codebase/lncRNAs_only.bed ...
[GSM2328602_allc_9079]   11,071 lncRNA regions
[GSM2328602_allc_9079] Loading allc from /home/muneeb/Downloads/BDA-Codebase/GSE43857_RAW/GSM2328602_allc_9079.tsv ...
[GSM2328602_allc_9079]   28,249,201 cytosine records
[GSM2328602_allc_9079] Aggregating methylation per region ...
[GSM2328602_allc_9079]   Retained 10,751/11,071 regions (≥3 covered cytosine sites in at least one context)
[GSM2328602_allc_9079] Written → /home/muneeb/Downloads/BDA-Codebase/methylation_full_run/GSM2328602_allc_9079_lncRNA_methylation.tsv
[GSM2328599_allc_8351] Loading regions from /home/muneeb/Downloads/BDA-Codebase/lncRNAs_only.bed ...
[GSM2328599_allc_8351]   11,071 lncRNA regions
[GSM2328599_allc_8351] Loading allc from /home/muneeb/Downloads/BDA-Codebase/GSE43857_RAW/GSM2328599_allc_8351.tsv ...
[GSM2328599_allc_8351]   31,684,771 cytosine records
[GSM2328599_allc_8351] Aggregating methylation per region ...
[GSM2328599_allc_8351]   Retained 10,844/11,071 regions (≥3 covered cytosine sites in at least one context)
[GSM2328599_allc_8351] Written → /home/muneeb/Downloads/BDA-Codebase/methylation_full_run/GSM2328599_allc_8351_lncRNA_methylation.tsv
[GSM2328603_allc_9085] Loading regions from /home/muneeb/Downloads/BDA-Codebase/lncRNAs_only.bed ...
[GSM2328603_allc_9085]   11,071 lncRNA regions
[GSM2328603_allc_9085] Loading allc from /home/muneeb/Downloads/BDA-Codebase/GSE43857_RAW/GSM2328603_allc_9085.tsv ...
[GSM2328603_allc_9085]   28,143,516 cytosine records
[GSM2328603_allc_9085] Aggregating methylation per region ...
[GSM2328603_allc_9085]   Retained 10,716/11,071 regions (≥3 covered cytosine sites in at least one context)
[GSM2328603_allc_9085] Written → /home/muneeb/Downloads/BDA-Codebase/methylation_full_run/GSM2328603_allc_9085_lncRNA_methylation.tsv
[GSM2328600_allc_9067] Loading regions from /home/muneeb/Downloads/BDA-Codebase/lncRNAs_only.bed ...
[GSM2328600_allc_9067]   11,071 lncRNA regions
[GSM2328600_allc_9067] Loading allc from /home/muneeb/Downloads/BDA-Codebase/GSE43857_RAW/GSM2328600_allc_9067.tsv ...
[GSM2328600_allc_9067]   35,663,884 cytosine records
[GSM2328600_allc_9067] Aggregating methylation per region ...
[GSM2328600_allc_9067]   Retained 10,837/11,071 regions (≥3 covered cytosine sites in at least one context)
[GSM2328600_allc_9067] Written → /home/muneeb/Downloads/BDA-Codebase/methylation_full_run/GSM2328600_allc_9067_lncRNA_methylation.tsv
[GSM2328601_allc_9078] Loading regions from /home/muneeb/Downloads/BDA-Codebase/lncRNAs_only.bed ...
[GSM2328601_allc_9078]   11,071 lncRNA regions
[GSM2328601_allc_9078] Loading allc from /home/muneeb/Downloads/BDA-Codebase/GSE43857_RAW/GSM2328601_allc_9078.tsv ...
[GSM2328601_allc_9078]   35,862,492 cytosine records
[GSM2328601_allc_9078] Aggregating methylation per region ...
[GSM2328601_allc_9078]   Retained 10,786/11,071 regions (≥3 covered cytosine sites in at least one context)
[GSM2328601_allc_9078] Written → /home/muneeb/Downloads/BDA-Codebase/methylation_full_run/GSM2328601_allc_9078_lncRNA_methylation.tsv
[GSM2328604_allc_9100] Loading regions from /home/muneeb/Downloads/BDA-Codebase/lncRNAs_only.bed ...
[GSM2328604_allc_9100]   11,071 lncRNA regions
[GSM2328604_allc_9100] Loading allc from /home/muneeb/Downloads/BDA-Codebase/GSE43857_RAW/GSM2328604_allc_9100.tsv ...
[GSM2328604_allc_9100]   32,439,461 cytosine records
[GSM2328604_allc_9100] Aggregating methylation per region ...
[GSM2328604_allc_9100]   Retained 10,731/11,071 regions (≥3 covered cytosine sites in at least one context)
[GSM2328604_allc_9100] Written → /home/muneeb/Downloads/BDA-Codebase/methylation_full_run/GSM2328604_allc_9100_lncRNA_methylation.tsv
[GSM2328605_allc_9102] Loading regions from /home/muneeb/Downloads/BDA-Codebase/lncRNAs_only.bed ...
[GSM2328605_allc_9102]   11,071 lncRNA regions
[GSM2328605_allc_9102] Loading allc from /home/muneeb/Downloads/BDA-Codebase/GSE43857_RAW/GSM2328605_allc_9102.tsv ...
[GSM2328605_allc_9102]   32,365,156 cytosine records
[GSM2328605_allc_9102] Aggregating methylation per region ...
[GSM2328605_allc_9102]   Retained 10,779/11,071 regions (≥3 covered cytosine sites in at least one context)
[GSM2328605_allc_9102] Written → /home/muneeb/Downloads/BDA-Codebase/methylation_full_run/GSM2328605_allc_9102_lncRNA_methylation.tsv
[GSM2328606_allc_9121] Loading regions from /home/muneeb/Downloads/BDA-Codebase/lncRNAs_only.bed ...
[GSM2328606_allc_9121]   11,071 lncRNA regions
[GSM2328606_allc_9121] Loading allc from /home/muneeb/Downloads/BDA-Codebase/GSE43857_RAW/GSM2328606_allc_9121.tsv ...
[GSM2328606_allc_9121]   35,861,433 cytosine records
[GSM2328606_allc_9121] Aggregating methylation per region ...
[GSM2328606_allc_9121]   Retained 10,762/11,071 regions (≥3 covered cytosine sites in at least one context)
[GSM2328606_allc_9121] Written → /home/muneeb/Downloads/BDA-Codebase/methylation_full_run/GSM2328606_allc_9121_lncRNA_methylation.tsv
[GSM2328607_allc_9128] Loading regions from /home/muneeb/Downloads/BDA-Codebase/lncRNAs_only.bed ...
[GSM2328607_allc_9128]   11,071 lncRNA regions
[GSM2328607_allc_9128] Loading allc from /home/muneeb/Downloads/BDA-Codebase/GSE43857_RAW/GSM2328607_allc_9128.tsv ...
[GSM2328607_allc_9128]   36,111,930 cytosine records
[GSM2328607_allc_9128] Aggregating methylation per region ...
[GSM2328607_allc_9128]   Retained 10,804/11,071 regions (≥3 covered cytosine sites in at least one context)
[GSM2328607_allc_9128] Written → /home/muneeb/Downloads/BDA-Codebase/methylation_full_run/GSM2328607_allc_9128_lncRNA_methylation.tsv
[GSM2328608_allc_9130] Loading regions from /home/muneeb/Downloads/BDA-Codebase/lncRNAs_only.bed ...
[GSM2328608_allc_9130]   11,071 lncRNA regions
[GSM2328608_allc_9130] Loading allc from /home/muneeb/Downloads/BDA-Codebase/GSE43857_RAW/GSM2328608_allc_9130.tsv ...
[GSM2328608_allc_9130]   35,928,617 cytosine records
[GSM2328608_allc_9130] Aggregating methylation per region ...
[GSM2328608_allc_9130]   Retained 10,692/11,071 regions (≥3 covered cytosine sites in at least one context)
[GSM2328608_allc_9130] Written → /home/muneeb/Downloads/BDA-Codebase/methylation_full_run/GSM2328608_allc_9130_lncRNA_methylation.tsv
[GSM2328609_allc_9133] Loading regions from /home/muneeb/Downloads/BDA-Codebase/lncRNAs_only.bed ...
[GSM2328609_allc_9133]   11,071 lncRNA regions
[GSM2328609_allc_9133] Loading allc from /home/muneeb/Downloads/BDA-Codebase/GSE43857_RAW/GSM2328609_allc_9133.tsv ...
[GSM2328609_allc_9133]   36,263,759 cytosine records
[GSM2328609_allc_9133] Aggregating methylation per region ...
[GSM2328609_allc_9133]   Retained 10,748/11,071 regions (≥3 covered cytosine sites in at least one context)
[GSM2328609_allc_9133] Written → /home/muneeb/Downloads/BDA-Codebase/methylation_full_run/GSM2328609_allc_9133_lncRNA_methylation.tsv
[GSM2328610_allc_9622] Loading regions from /home/muneeb/Downloads/BDA-Codebase/lncRNAs_only.bed ...
[GSM2328610_allc_9622]   11,071 lncRNA regions
[GSM2328610_allc_9622] Loading allc from /home/muneeb/Downloads/BDA-Codebase/GSE43857_RAW/GSM2328610_allc_9622.tsv ...
[GSM2328610_allc_9622]   36,814,544 cytosine records
[GSM2328610_allc_9622] Aggregating methylation per region ...
[GSM2328610_allc_9622]   Retained 10,831/11,071 regions (≥3 covered cytosine sites in at least one context)
[GSM2328610_allc_9622] Written → /home/muneeb/Downloads/BDA-Codebase/methylation_full_run/GSM2328610_allc_9622_lncRNA_methylation.tsv
[GSM2328611_allc_9624] Loading regions from /home/muneeb/Downloads/BDA-Codebase/lncRNAs_only.bed ...
[GSM2328611_allc_9624]   11,071 lncRNA regions
[GSM2328611_allc_9624] Loading allc from /home/muneeb/Downloads/BDA-Codebase/GSE43857_RAW/GSM2328611_allc_9624.tsv ...
[GSM2328611_allc_9624]   37,055,512 cytosine records
[GSM2328611_allc_9624] Aggregating methylation per region ...
[GSM2328611_allc_9624]   Retained 10,752/11,071 regions (≥3 covered cytosine sites in at least one context)
[GSM2328611_allc_9624] Written → /home/muneeb/Downloads/BDA-Codebase/methylation_full_run/GSM2328611_allc_9624_lncRNA_methylation.tsv
[GSM2328612_allc_9630] Loading regions from /home/muneeb/Downloads/BDA-Codebase/lncRNAs_only.bed ...
[GSM2328612_allc_9630]   11,071 lncRNA regions
[GSM2328612_allc_9630] Loading allc from /home/muneeb/Downloads/BDA-Codebase/GSE43857_RAW/GSM2328612_allc_9630.tsv ...
[GSM2328612_allc_9630]   36,228,447 cytosine records
[GSM2328612_allc_9630] Aggregating methylation per region ...
[GSM2328612_allc_9630]   Retained 10,687/11,071 regions (≥3 covered cytosine sites in at least one context)
[GSM2328612_allc_9630] Written → /home/muneeb/Downloads/BDA-Codebase/methylation_full_run/GSM2328612_allc_9630_lncRNA_methylation.tsv
[GSM2328613_allc_9642] Loading regions from /home/muneeb/Downloads/BDA-Codebase/lncRNAs_only.bed ...
[GSM2328613_allc_9642]   11,071 lncRNA regions
[GSM2328613_allc_9642] Loading allc from /home/muneeb/Downloads/BDA-Codebase/GSE43857_RAW/GSM2328613_allc_9642.tsv ...
[GSM2328613_allc_9642]   35,895,405 cytosine records
[GSM2328613_allc_9642] Aggregating methylation per region ...
[GSM2328613_allc_9642]   Retained 10,826/11,071 regions (≥3 covered cytosine sites in at least one context)
[GSM2328613_allc_9642] Written → /home/muneeb/Downloads/BDA-Codebase/methylation_full_run/GSM2328613_allc_9642_lncRNA_methylation.tsv
[GSM2328614_allc_9663] Loading regions from /home/muneeb/Downloads/BDA-Codebase/lncRNAs_only.bed ...
[GSM2328614_allc_9663]   11,071 lncRNA regions
[GSM2328614_allc_9663] Loading allc from /home/muneeb/Downloads/BDA-Codebase/GSE43857_RAW/GSM2328614_allc_9663.tsv ...
[GSM2328614_allc_9663]   36,449,361 cytosine records
[GSM2328614_allc_9663] Aggregating methylation per region ...
[GSM2328614_allc_9663]   Retained 10,701/11,071 regions (≥3 covered cytosine sites in at least one context)
[GSM2328614_allc_9663] Written → /home/muneeb/Downloads/BDA-Codebase/methylation_full_run/GSM2328614_allc_9663_lncRNA_methylation.tsv
[GSM2328617_allc_9720] Loading regions from /home/muneeb/Downloads/BDA-Codebase/lncRNAs_only.bed ...
[GSM2328617_allc_9720]   11,071 lncRNA regions
[GSM2328617_allc_9720] Loading allc from /home/muneeb/Downloads/BDA-Codebase/GSE43857_RAW/GSM2328617_allc_9720.tsv ...
[GSM2328617_allc_9720]   36,181,534 cytosine records
[GSM2328617_allc_9720] Aggregating methylation per region ...
[GSM2328617_allc_9720]   Retained 10,709/11,071 regions (≥3 covered cytosine sites in at least one context)
[GSM2328617_allc_9720] Written → /home/muneeb/Downloads/BDA-Codebase/methylation_full_run/GSM2328617_allc_9720_lncRNA_methylation.tsv
[GSM2328615_allc_9665] Loading regions from /home/muneeb/Downloads/BDA-Codebase/lncRNAs_only.bed ...
[GSM2328615_allc_9665]   11,071 lncRNA regions
[GSM2328615_allc_9665] Loading allc from /home/muneeb/Downloads/BDA-Codebase/GSE43857_RAW/GSM2328615_allc_9665.tsv ...
[GSM2328615_allc_9665]   37,767,952 cytosine records
[GSM2328615_allc_9665] Aggregating methylation per region ...
[GSM2328615_allc_9665]   Retained 10,823/11,071 regions (≥3 covered cytosine sites in at least one context)
[GSM2328615_allc_9665] Written → /home/muneeb/Downloads/BDA-Codebase/methylation_full_run/GSM2328615_allc_9665_lncRNA_methylation.tsv
[GSM2328616_allc_9689] Loading regions from /home/muneeb/Downloads/BDA-Codebase/lncRNAs_only.bed ...
[GSM2328616_allc_9689]   11,071 lncRNA regions
[GSM2328616_allc_9689] Loading allc from /home/muneeb/Downloads/BDA-Codebase/GSE43857_RAW/GSM2328616_allc_9689.tsv ...
[GSM2328616_allc_9689]   37,343,223 cytosine records
[GSM2328616_allc_9689] Aggregating methylation per region ...
[GSM2328616_allc_9689]   Retained 10,737/11,071 regions (≥3 covered cytosine sites in at least one context)
[GSM2328616_allc_9689] Written → /home/muneeb/Downloads/BDA-Codebase/methylation_full_run/GSM2328616_allc_9689_lncRNA_methylation.tsv
[GSM2328618_allc_9725] Loading regions from /home/muneeb/Downloads/BDA-Codebase/lncRNAs_only.bed ...
[GSM2328618_allc_9725]   11,071 lncRNA regions
[GSM2328618_allc_9725] Loading allc from /home/muneeb/Downloads/BDA-Codebase/GSE43857_RAW/GSM2328618_allc_9725.tsv ...
[GSM2328618_allc_9725]   36,423,827 cytosine records
[GSM2328618_allc_9725] Aggregating methylation per region ...
[GSM2328618_allc_9725]   Retained 10,877/11,071 regions (≥3 covered cytosine sites in at least one context)
[GSM2328618_allc_9725] Written → /home/muneeb/Downloads/BDA-Codebase/methylation_full_run/GSM2328618_allc_9725_lncRNA_methylation.tsv
[GSM2328619_allc_9731] Loading regions from /home/muneeb/Downloads/BDA-Codebase/lncRNAs_only.bed ...
[GSM2328619_allc_9731]   11,071 lncRNA regions
[GSM2328619_allc_9731] Loading allc from /home/muneeb/Downloads/BDA-Codebase/GSE43857_RAW/GSM2328619_allc_9731.tsv ...
[GSM2328619_allc_9731]   36,375,900 cytosine records
[GSM2328619_allc_9731] Aggregating methylation per region ...
[GSM2328619_allc_9731]   Retained 10,697/11,071 regions (≥3 covered cytosine sites in at least one context)
[GSM2328619_allc_9731] Written → /home/muneeb/Downloads/BDA-Codebase/methylation_full_run/GSM2328619_allc_9731_lncRNA_methylation.tsv
[GSM2328625_allc_9909] Loading regions from /home/muneeb/Downloads/BDA-Codebase/lncRNAs_only.bed ...
[GSM2328625_allc_9909]   11,071 lncRNA regions
[GSM2328625_allc_9909] Loading allc from /home/muneeb/Downloads/BDA-Codebase/GSE43857_RAW/GSM2328625_allc_9909.tsv ...
[GSM2328625_allc_9909]   26,659,552 cytosine records
[GSM2328625_allc_9909] Aggregating methylation per region ...
[GSM2328625_allc_9909]   Retained 10,743/11,071 regions (≥3 covered cytosine sites in at least one context)
[GSM2328625_allc_9909] Written → /home/muneeb/Downloads/BDA-Codebase/methylation_full_run/GSM2328625_allc_9909_lncRNA_methylation.tsv
[GSM2328624_allc_9907] Loading regions from /home/muneeb/Downloads/BDA-Codebase/lncRNAs_only.bed ...
[GSM2328624_allc_9907]   11,071 lncRNA regions
[GSM2328624_allc_9907] Loading allc from /home/muneeb/Downloads/BDA-Codebase/GSE43857_RAW/GSM2328624_allc_9907.tsv ...
[GSM2328624_allc_9907]   29,922,917 cytosine records
[GSM2328624_allc_9907] Aggregating methylation per region ...
[GSM2328624_allc_9907]   Retained 10,902/11,071 regions (≥3 covered cytosine sites in at least one context)
[GSM2328624_allc_9907] Written → /home/muneeb/Downloads/BDA-Codebase/methylation_full_run/GSM2328624_allc_9907_lncRNA_methylation.tsv
[GSM2328621_allc_9742] Loading regions from /home/muneeb/Downloads/BDA-Codebase/lncRNAs_only.bed ...
[GSM2328621_allc_9742]   11,071 lncRNA regions
[GSM2328621_allc_9742] Loading allc from /home/muneeb/Downloads/BDA-Codebase/GSE43857_RAW/GSM2328621_allc_9742.tsv ...
[GSM2328621_allc_9742]   36,590,669 cytosine records
[GSM2328621_allc_9742] Aggregating methylation per region ...
[GSM2328621_allc_9742]   Retained 10,820/11,071 regions (≥3 covered cytosine sites in at least one context)
[GSM2328621_allc_9742] Written → /home/muneeb/Downloads/BDA-Codebase/methylation_full_run/GSM2328621_allc_9742_lncRNA_methylation.tsv
[GSM2328620_allc_9735] Loading regions from /home/muneeb/Downloads/BDA-Codebase/lncRNAs_only.bed ...
[GSM2328620_allc_9735]   11,071 lncRNA regions
[GSM2328620_allc_9735] Loading allc from /home/muneeb/Downloads/BDA-Codebase/GSE43857_RAW/GSM2328620_allc_9735.tsv ...
[GSM2328620_allc_9735]   37,061,496 cytosine records
[GSM2328620_allc_9735] Aggregating methylation per region ...
[GSM2328620_allc_9735]   Retained 10,736/11,071 regions (≥3 covered cytosine sites in at least one context)
[GSM2328620_allc_9735] Written → /home/muneeb/Downloads/BDA-Codebase/methylation_full_run/GSM2328620_allc_9735_lncRNA_methylation.tsv
[GSM2328623_allc_9762] Loading regions from /home/muneeb/Downloads/BDA-Codebase/lncRNAs_only.bed ...
[GSM2328623_allc_9762]   11,071 lncRNA regions
[GSM2328623_allc_9762] Loading allc from /home/muneeb/Downloads/BDA-Codebase/GSE43857_RAW/GSM2328623_allc_9762.tsv ...
[GSM2328623_allc_9762]   34,279,940 cytosine records
[GSM2328623_allc_9762] Aggregating methylation per region ...
[GSM2328623_allc_9762]   Retained 10,941/11,071 regions (≥3 covered cytosine sites in at least one context)
[GSM2328623_allc_9762] Written → /home/muneeb/Downloads/BDA-Codebase/methylation_full_run/GSM2328623_allc_9762_lncRNA_methylation.tsv
[GSM2328622_allc_9748] Loading regions from /home/muneeb/Downloads/BDA-Codebase/lncRNAs_only.bed ...
[GSM2328622_allc_9748]   11,071 lncRNA regions
[GSM2328622_allc_9748] Loading allc from /home/muneeb/Downloads/BDA-Codebase/GSE43857_RAW/GSM2328622_allc_9748.tsv ...
[GSM2328622_allc_9748]   37,020,425 cytosine records
[GSM2328622_allc_9748] Aggregating methylation per region ...
[GSM2328622_allc_9748]   Retained 10,748/11,071 regions (≥3 covered cytosine sites in at least one context)
[GSM2328622_allc_9748] Written → /home/muneeb/Downloads/BDA-Codebase/methylation_full_run/GSM2328622_allc_9748_lncRNA_methylation.tsv
[GSM2328626_allc_9911] Loading regions from /home/muneeb/Downloads/BDA-Codebase/lncRNAs_only.bed ...
[GSM2328626_allc_9911]   11,071 lncRNA regions
[GSM2328626_allc_9911] Loading allc from /home/muneeb/Downloads/BDA-Codebase/GSE43857_RAW/GSM2328626_allc_9911.tsv ...
[GSM2328626_allc_9911]   28,344,488 cytosine records
[GSM2328626_allc_9911] Aggregating methylation per region ...
[GSM2328626_allc_9911]   Retained 10,828/11,071 regions (≥3 covered cytosine sites in at least one context)
[GSM2328626_allc_9911] Written → /home/muneeb/Downloads/BDA-Codebase/methylation_full_run/GSM2328626_allc_9911_lncRNA_methylation.tsv
[GSM2328627_allc_9918] Loading regions from /home/muneeb/Downloads/BDA-Codebase/lncRNAs_only.bed ...
[GSM2328627_allc_9918]   11,071 lncRNA regions
[GSM2328627_allc_9918] Loading allc from /home/muneeb/Downloads/BDA-Codebase/GSE43857_RAW/GSM2328627_allc_9918.tsv ...
[GSM2328627_allc_9918]   27,677,016 cytosine records
[GSM2328627_allc_9918] Aggregating methylation per region ...
[GSM2328627_allc_9918]   Retained 10,848/11,071 regions (≥3 covered cytosine sites in at least one context)
[GSM2328627_allc_9918] Written → /home/muneeb/Downloads/BDA-Codebase/methylation_full_run/GSM2328627_allc_9918_lncRNA_methylation.tsv
[GSM2328629_allc_9934] Loading regions from /home/muneeb/Downloads/BDA-Codebase/lncRNAs_only.bed ...
[GSM2328629_allc_9934]   11,071 lncRNA regions
[GSM2328629_allc_9934] Loading allc from /home/muneeb/Downloads/BDA-Codebase/GSE43857_RAW/GSM2328629_allc_9934.tsv ...
[GSM2328629_allc_9934]   31,432,035 cytosine records
[GSM2328629_allc_9934] Aggregating methylation per region ...
[GSM2328629_allc_9934]   Retained 10,889/11,071 regions (≥3 covered cytosine sites in at least one context)
[GSM2328629_allc_9934] Written → /home/muneeb/Downloads/BDA-Codebase/methylation_full_run/GSM2328629_allc_9934_lncRNA_methylation.tsv
[GSM2328628_allc_9925] Loading regions from /home/muneeb/Downloads/BDA-Codebase/lncRNAs_only.bed ...
[GSM2328628_allc_9925]   11,071 lncRNA regions
[GSM2328628_allc_9925] Loading allc from /home/muneeb/Downloads/BDA-Codebase/GSE43857_RAW/GSM2328628_allc_9925.tsv ...
[GSM2328628_allc_9925]   32,494,635 cytosine records
[GSM2328628_allc_9925] Aggregating methylation per region ...
[GSM2328628_allc_9925]   Retained 10,896/11,071 regions (≥3 covered cytosine sites in at least one context)
[GSM2328628_allc_9925] Written → /home/muneeb/Downloads/BDA-Codebase/methylation_full_run/GSM2328628_allc_9925_lncRNA_methylation.tsv
[GSM2328630_allc_9955] Loading regions from /home/muneeb/Downloads/BDA-Codebase/lncRNAs_only.bed ...
[GSM2328630_allc_9955]   11,071 lncRNA regions
[GSM2328630_allc_9955] Loading allc from /home/muneeb/Downloads/BDA-Codebase/GSE43857_RAW/GSM2328630_allc_9955.tsv ...
[GSM2328630_allc_9955]   29,531,700 cytosine records
[GSM2328630_allc_9955] Aggregating methylation per region ...
[GSM2328630_allc_9955]   Retained 10,743/11,071 regions (≥3 covered cytosine sites in at least one context)
[GSM2328630_allc_9955] Written → /home/muneeb/Downloads/BDA-Codebase/methylation_full_run/GSM2328630_allc_9955_lncRNA_methylation.tsv
[GSM2328633_allc_9968] Loading regions from /home/muneeb/Downloads/BDA-Codebase/lncRNAs_only.bed ...
[GSM2328633_allc_9968]   11,071 lncRNA regions
[GSM2328633_allc_9968] Loading allc from /home/muneeb/Downloads/BDA-Codebase/GSE43857_RAW/GSM2328633_allc_9968.tsv ...
[GSM2328633_allc_9968]   26,587,188 cytosine records
[GSM2328633_allc_9968] Aggregating methylation per region ...
[GSM2328633_allc_9968]   Retained 10,751/11,071 regions (≥3 covered cytosine sites in at least one context)
[GSM2328633_allc_9968] Written → /home/muneeb/Downloads/BDA-Codebase/methylation_full_run/GSM2328633_allc_9968_lncRNA_methylation.tsv
[GSM2328634_allc_9970] Loading regions from /home/muneeb/Downloads/BDA-Codebase/lncRNAs_only.bed ...
[GSM2328634_allc_9970]   11,071 lncRNA regions
[GSM2328634_allc_9970] Loading allc from /home/muneeb/Downloads/BDA-Codebase/GSE43857_RAW/GSM2328634_allc_9970.tsv ...
[GSM2328634_allc_9970]   26,115,005 cytosine records
[GSM2328634_allc_9970] Aggregating methylation per region ...
[GSM2328634_allc_9970]   Retained 10,724/11,071 regions (≥3 covered cytosine sites in at least one context)
[GSM2328634_allc_9970] Written → /home/muneeb/Downloads/BDA-Codebase/methylation_full_run/GSM2328634_allc_9970_lncRNA_methylation.tsv
[GSM2328632_allc_9960] Loading regions from /home/muneeb/Downloads/BDA-Codebase/lncRNAs_only.bed ...
[GSM2328632_allc_9960]   11,071 lncRNA regions
[GSM2328632_allc_9960] Loading allc from /home/muneeb/Downloads/BDA-Codebase/GSE43857_RAW/GSM2328632_allc_9960.tsv ...
[GSM2328632_allc_9960]   34,921,548 cytosine records
[GSM2328632_allc_9960] Aggregating methylation per region ...
[GSM2328632_allc_9960]   Retained 10,754/11,071 regions (≥3 covered cytosine sites in at least one context)
[GSM2328632_allc_9960] Written → /home/muneeb/Downloads/BDA-Codebase/methylation_full_run/GSM2328632_allc_9960_lncRNA_methylation.tsv
[GSM2328635_allc_9979] Loading regions from /home/muneeb/Downloads/BDA-Codebase/lncRNAs_only.bed ...
[GSM2328635_allc_9979]   11,071 lncRNA regions
[GSM2328635_allc_9979] Loading allc from /home/muneeb/Downloads/BDA-Codebase/GSE43857_RAW/GSM2328635_allc_9979.tsv ...
[GSM2328635_allc_9979]   26,145,037 cytosine records
[GSM2328635_allc_9979] Aggregating methylation per region ...
[GSM2328635_allc_9979]   Retained 10,779/11,071 regions (≥3 covered cytosine sites in at least one context)
[GSM2328635_allc_9979] Written → /home/muneeb/Downloads/BDA-Codebase/methylation_full_run/GSM2328635_allc_9979_lncRNA_methylation.tsv
[GSM2328631_allc_9959] Loading regions from /home/muneeb/Downloads/BDA-Codebase/lncRNAs_only.bed ...
[GSM2328631_allc_9959]   11,071 lncRNA regions
[GSM2328631_allc_9959] Loading allc from /home/muneeb/Downloads/BDA-Codebase/GSE43857_RAW/GSM2328631_allc_9959.tsv ...
[GSM2328631_allc_9959]   35,030,022 cytosine records
[GSM2328631_allc_9959] Aggregating methylation per region ...
[GSM2328631_allc_9959]   Retained 10,776/11,071 regions (≥3 covered cytosine sites in at least one context)
[GSM2328631_allc_9959] Written → /home/muneeb/Downloads/BDA-Codebase/methylation_full_run/GSM2328631_allc_9959_lncRNA_methylation.tsv
[GSM2328637_allc_9988] Loading regions from /home/muneeb/Downloads/BDA-Codebase/lncRNAs_only.bed ...
[GSM2328637_allc_9988]   11,071 lncRNA regions
[GSM2328637_allc_9988] Loading allc from /home/muneeb/Downloads/BDA-Codebase/GSE43857_RAW/GSM2328637_allc_9988.tsv ...
[GSM2328637_allc_9988]   32,813,816 cytosine records
[GSM2328637_allc_9988] Aggregating methylation per region ...
[GSM2328637_allc_9988]   Retained 10,777/11,071 regions (≥3 covered cytosine sites in at least one context)
[GSM2328637_allc_9988] Written → /home/muneeb/Downloads/BDA-Codebase/methylation_full_run/GSM2328637_allc_9988_lncRNA_methylation.tsv
[GSM2328641_allc_10002] Loading regions from /home/muneeb/Downloads/BDA-Codebase/lncRNAs_only.bed ...
[GSM2328641_allc_10002]   11,071 lncRNA regions
[GSM2328641_allc_10002] Loading allc from /home/muneeb/Downloads/BDA-Codebase/GSE43857_RAW/GSM2328641_allc_10002.tsv ...
[GSM2328641_allc_10002]   30,324,409 cytosine records
[GSM2328641_allc_10002] Aggregating methylation per region ...
[GSM2328641_allc_10002]   Retained 10,750/11,071 regions (≥3 covered cytosine sites in at least one context)
[GSM2328641_allc_10002] Written → /home/muneeb/Downloads/BDA-Codebase/methylation_full_run/GSM2328641_allc_10002_lncRNA_methylation.tsv
[GSM2328636_allc_9982] Loading regions from /home/muneeb/Downloads/BDA-Codebase/lncRNAs_only.bed ...
[GSM2328636_allc_9982]   11,071 lncRNA regions
[GSM2328636_allc_9982] Loading allc from /home/muneeb/Downloads/BDA-Codebase/GSE43857_RAW/GSM2328636_allc_9982.tsv ...
[GSM2328636_allc_9982]   32,113,753 cytosine records
[GSM2328636_allc_9982] Aggregating methylation per region ...
[GSM2328636_allc_9982]   Retained 10,791/11,071 regions (≥3 covered cytosine sites in at least one context)
[GSM2328636_allc_9982] Written → /home/muneeb/Downloads/BDA-Codebase/methylation_full_run/GSM2328636_allc_9982_lncRNA_methylation.tsv
[GSM2328642_allc_10003] Loading regions from /home/muneeb/Downloads/BDA-Codebase/lncRNAs_only.bed ...
[GSM2328642_allc_10003]   11,071 lncRNA regions
[GSM2328642_allc_10003] Loading allc from /home/muneeb/Downloads/BDA-Codebase/GSE43857_RAW/GSM2328642_allc_10003.tsv ...
[GSM2328642_allc_10003]   29,654,450 cytosine records
[GSM2328642_allc_10003] Aggregating methylation per region ...
[GSM2328642_allc_10003]   Retained 10,831/11,071 regions (≥3 covered cytosine sites in at least one context)
[GSM2328642_allc_10003] Written → /home/muneeb/Downloads/BDA-Codebase/methylation_full_run/GSM2328642_allc_10003_lncRNA_methylation.tsv
[GSM2328640_allc_10000] Loading regions from /home/muneeb/Downloads/BDA-Codebase/lncRNAs_only.bed ...
[GSM2328640_allc_10000]   11,071 lncRNA regions
[GSM2328640_allc_10000] Loading allc from /home/muneeb/Downloads/BDA-Codebase/GSE43857_RAW/GSM2328640_allc_10000.tsv ...
[GSM2328640_allc_10000]   32,515,200 cytosine records
[GSM2328640_allc_10000] Aggregating methylation per region ...
[GSM2328640_allc_10000]   Retained 10,785/11,071 regions (≥3 covered cytosine sites in at least one context)
[GSM2328640_allc_10000] Written → /home/muneeb/Downloads/BDA-Codebase/methylation_full_run/GSM2328640_allc_10000_lncRNA_methylation.tsv
[GSM2328638_allc_9993] Loading regions from /home/muneeb/Downloads/BDA-Codebase/lncRNAs_only.bed ...
[GSM2328638_allc_9993]   11,071 lncRNA regions
[GSM2328638_allc_9993] Loading allc from /home/muneeb/Downloads/BDA-Codebase/GSE43857_RAW/GSM2328638_allc_9993.tsv ...
[GSM2328638_allc_9993]   34,088,406 cytosine records
[GSM2328638_allc_9993] Aggregating methylation per region ...
[GSM2328638_allc_9993]   Retained 10,799/11,071 regions (≥3 covered cytosine sites in at least one context)
[GSM2328638_allc_9993] Written → /home/muneeb/Downloads/BDA-Codebase/methylation_full_run/GSM2328638_allc_9993_lncRNA_methylation.tsv
[GSM2328644_allc_10008] Loading regions from /home/muneeb/Downloads/BDA-Codebase/lncRNAs_only.bed ...
[GSM2328644_allc_10008]   11,071 lncRNA regions
[GSM2328644_allc_10008] Loading allc from /home/muneeb/Downloads/BDA-Codebase/GSE43857_RAW/GSM2328644_allc_10008.tsv ...
[GSM2328644_allc_10008]   28,462,058 cytosine records
[GSM2328644_allc_10008] Aggregating methylation per region ...
[GSM2328644_allc_10008]   Retained 10,817/11,071 regions (≥3 covered cytosine sites in at least one context)
[GSM2328644_allc_10008] Written → /home/muneeb/Downloads/BDA-Codebase/methylation_full_run/GSM2328644_allc_10008_lncRNA_methylation.tsv
[GSM2328643_allc_10005] Loading regions from /home/muneeb/Downloads/BDA-Codebase/lncRNAs_only.bed ...
[GSM2328643_allc_10005]   11,071 lncRNA regions
[GSM2328643_allc_10005] Loading allc from /home/muneeb/Downloads/BDA-Codebase/GSE43857_RAW/GSM2328643_allc_10005.tsv ...
[GSM2328643_allc_10005]   37,422,866 cytosine records
[GSM2328643_allc_10005] Aggregating methylation per region ...
[GSM2328643_allc_10005]   Retained 10,869/11,071 regions (≥3 covered cytosine sites in at least one context)
[GSM2328643_allc_10005] Written → /home/muneeb/Downloads/BDA-Codebase/methylation_full_run/GSM2328643_allc_10005_lncRNA_methylation.tsv
[GSM2328645_allc_10019] Loading regions from /home/muneeb/Downloads/BDA-Codebase/lncRNAs_only.bed ...
[GSM2328645_allc_10019]   11,071 lncRNA regions
[GSM2328645_allc_10019] Loading allc from /home/muneeb/Downloads/BDA-Codebase/GSE43857_RAW/GSM2328645_allc_10019.tsv ...
[GSM2328645_allc_10019]   35,731,790 cytosine records
[GSM2328645_allc_10019] Aggregating methylation per region ...
[GSM2328645_allc_10019]   Retained 10,640/11,071 regions (≥3 covered cytosine sites in at least one context)
[GSM2328645_allc_10019] Written → /home/muneeb/Downloads/BDA-Codebase/methylation_full_run/GSM2328645_allc_10019_lncRNA_methylation.tsv
[GSM2328639_allc_9995] Loading regions from /home/muneeb/Downloads/BDA-Codebase/lncRNAs_only.bed ...
[GSM2328639_allc_9995]   11,071 lncRNA regions
[GSM2328639_allc_9995] Loading allc from /home/muneeb/Downloads/BDA-Codebase/GSE43857_RAW/GSM2328639_allc_9995.tsv ...
[GSM2328639_allc_9995]   39,224,536 cytosine records
[GSM2328639_allc_9995] Aggregating methylation per region ...
[GSM2328639_allc_9995]   Retained 10,960/11,071 regions (≥3 covered cytosine sites in at least one context)
[GSM2328639_allc_9995] Written → /home/muneeb/Downloads/BDA-Codebase/methylation_full_run/GSM2328639_allc_9995_lncRNA_methylation.tsv

[step3] Done.

[step4] Aggregating 927 accession files → /home/muneeb/Downloads/BDA-Codebase/results_full ...
[1/4] Loading per-accession methylation files ...
Found 927 accession files.
[2/4] Building lncRNA × accession state matrix ...
Total lncRNA loci across all accessions: 11,054
      → /home/muneeb/Downloads/BDA-Codebase/results_full/lncRNA_per_accession_states.tsv
[3/4] Computing population conservation per lncRNA ...
      → /home/muneeb/Downloads/BDA-Codebase/results_full/lncRNA_conservation.tsv

  ── Population-level state summary ──────────────────
  lncRNAs predominantly UM   (>90% UM):  6,694
  lncRNAs with gbM-like     (>50% gbM):      0
  lncRNAs with teM-like     (>50% teM):  2,019
  ─────────────────────────────────────────────────────

[4/4] Computing population-wide context fraction summary ...
      → /home/muneeb/Downloads/BDA-Codebase/results_full/context_summary.tsv

  ── Methylation context summary (mean fraction) ──────
context    n_obs  mean_frac  median_frac  std_frac  pct_>0  pct_>0.1
     CG  1621582     0.2204       0.0094    0.3307 73.3182   36.1746
    CHG  9968978     0.0650       0.0041    0.1567 75.9314   15.4827
    CHH 10007330     0.0219       0.0041    0.0530 95.3796    7.2441
  ─────────────────────────────────────────────────────

Done. Key question to answer from results/:
  Do lncRNA regions show CG-only (gbM-like) or non-CG (teM-like)
  methylation, and how does their frequency compare to coding genes
  (55% gbM / 12% teM / 33% UM in the reference paper)?

All done. Results in /home/muneeb/Downloads/BDA-Codebase/results_full/
