gene_id       	 n_called	 pct_UM               	 pct_gbM             	 pct_teM
CUFF_NC.1914  	      533	  89.6810506566604    	 10.318949343339586  	   0.0
CUFF_NC.20    	      533	  89.6810506566604    	 10.318949343339586  	   0.0
CUFF_NC.200   	      533	  89.6810506566604    	 10.318949343339586  	   0.0
CUFF_NC.1883  	      533	  89.6810506566604    	 10.318949343339586  	   0.0
CUFF_NC.2019  	      533	  89.6810506566604    	 10.318949343339586  	   0.0
CUFF_NC.9803  	      533	  89.6810506566604    	 10.318949343339586  	   0.0
CUFF_NC.9849  	      533	  89.6810506566604    	 10.318949343339586  	   0.0
CUFF_NC.985   	      533	  89.6810506566604    	 10.318949343339586  	   0.0
CUFF_NC.9854  	      533	  89.6810506566604    	 10.318949343339586  	   0.0
CUFF_NC.9855  	      533	  89.6810506566604    	 10.318949343339586  	   0.0
CUFF_NC.1004  	      533	  89.49343339587243   	 10.318949343339586  	   0.18761726078799248
CUFF_NC.2028  	      533	  89.6810506566604    	 10.318949343339586  	   0.0
CUFF_NC.186   	      533	  89.6810506566604    	 10.318949343339586  	   0.0
CUFF_NC.1867  	      533	  89.6810506566604    	 10.318949343339586  	   0.0
CUFF_NC.2049  	      533	  89.6810506566604    	 10.318949343339586  	   0.0
CUFF_NC.2060  	      533	  89.6810506566604    	 10.318949343339586  	   0.0
CUFF_NC.1850  	      533	  89.6810506566604    	 10.318949343339586  	   0.0
CUFF_NC.2065  	      533	  89.30581613508443   	 10.318949343339586  	   0.37523452157598497
CUFF_NC.9743  	      533	  89.49343339587243   	 10.318949343339586  	   0.18761726078799248
CUFF_NC.9753  	      533	  89.6810506566604    	 10.318949343339586  	   0.0
CUFF_NC.9768  	      533	  89.30581613508443   	 10.318949343339586  	   0.37523452157598497
CUFF_NC.2071  	      533	  89.6810506566604    	 10.318949343339586  	   0.0
CUFF_NC.2087  	      533	  87.99249530956847   	 10.318949343339586  	   1.6885553470919326
CUFF_NC.2094  	      533	  89.6810506566604    	 10.318949343339586  	   0.0
CUFF_NC.1831  	      533	  89.6810506566604    	 10.318949343339586  	   0.0
CUFF_NC.2124  	      533	  89.6810506566604    	 10.318949343339586  	   0.0
CUFF_NC.2125  	      533	  89.6810506566604    	 10.318949343339586  	   0.0
CUFF_NC.2129  	      533	  89.49343339587243   	 10.318949343339586  	   0.18761726078799248
CUFF_NC.213   	      533	  89.6810506566604    	 10.318949343339586  	   0.0
CUFF_NC.1819  	      533	  89.6810506566604    	 10.318949343339586  	   0.0
CUFF_NC.182   	      533	  89.30581613508443   	 10.318949343339586  	   0.37523452157598497
CUFF_NC.1820  	      533	  89.6810506566604    	 10.318949343339586  	   0.0
CUFF_NC.2158  	      533	  89.6810506566604    	 10.318949343339586  	   0.0
CUFF_NC.2178  	      533	  89.49343339587243   	 10.318949343339586  	   0.18761726078799248
CUFF_NC.1799  	      533	  89.6810506566604    	 10.318949343339586  	   0.0
CUFF_NC.1800  	      533	  89.30581613508443   	 10.318949343339586  	   0.37523452157598497
CUFF_NC.9657  	      533	  89.6810506566604    	 10.318949343339586  	   0.0
CUFF_NC.9682  	      533	  89.49343339587243   	 10.318949343339586  	   0.18761726078799248
CUFF_NC.9704  	      533	  89.6810506566604    	 10.318949343339586  	   0.0
CUFF_NC.9705  	      533	  89.6810506566604    	 10.318949343339586  	   0.0
CUFF_NC.219   	      533	  89.6810506566604    	 10.318949343339586  	   0.0
CUFF_NC.2211  	      533	  89.6810506566604    	 10.318949343339586  	   0.0
CUFF_NC.2215  	      533	  89.6810506566604    	 10.318949343339586  	   0.0
CUFF_NC.1787  	      533	  89.6810506566604    	 10.318949343339586  	   0.0
CUFF_NC.2237  	      533	  89.6810506566604    	 10.318949343339586  	   0.0
CUFF_NC.2257  	      533	  89.6810506566604    	 10.318949343339586  	   0.0
CUFF_NC.2272  	      533	  89.6810506566604    	 10.318949343339586  	   0.0
CUFF_NC.2273  	      533	  89.6810506566604    	 10.318949343339586  	   0.0
CUFF_NC.1769  	      533	  89.6810506566604    	 10.318949343339586  	   0.0
CUFF_NC.232   	      533	  89.6810506566604    	 10.318949343339586  	   0.0
CUFF_NC.234   	      533	  89.6810506566604    	 10.318949343339586  	   0.0
CUFF_NC.2341  	      533	  89.6810506566604    	 10.318949343339586  	   0.0
CUFF_NC.2344  	      533	  89.6810506566604    	 10.318949343339586  	   0.0
CUFF_NC.2345  	      533	  89.49343339587243   	 10.318949343339586  	   0.18761726078799248
CUFF_NC.235   	      533	  89.6810506566604    	 10.318949343339586  	   0.0
CUFF_NC.9612  	      533	  89.6810506566604    	 10.318949343339586  	   0.0
CUFF_NC.9624  	      533	  89.6810506566604    	 10.318949343339586  	   0.0
CUFF_NC.9644  	      533	  89.11819887429644   	 10.318949343339586  	   0.5628517823639775
CUFF_NC.9649  	      533	  89.6810506566604    	 10.318949343339586  	   0.0
CUFF_NC.2362  	      533	  89.30581613508443   	 10.318949343339586  	   0.37523452157598497
CUFF_NC.2378  	      533	  89.6810506566604    	 10.318949343339586  	   0.0
CUFF_NC.2380  	      533	  89.6810506566604    	 10.318949343339586  	   0.0
CUFF_NC.2381  	      533	  89.49343339587243   	 10.318949343339586  	   0.18761726078799248
CUFF_NC.2385  	      533	  89.6810506566604    	 10.318949343339586  	   0.0
CUFF_NC.241   	      533	  89.6810506566604    	 10.318949343339586  	   0.0
CUFF_NC.2417  	      533	  89.6810506566604    	 10.318949343339586  	   0.0
CUFF_NC.2437  	      533	  89.49343339587243   	 10.318949343339586  	   0.18761726078799248
CUFF_NC.2438  	      533	  89.6810506566604    	 10.318949343339586  	   0.0
CUFF_NC.1718  	      533	  89.6810506566604    	 10.318949343339586  	   0.0
CUFF_NC.1730  	      533	  89.6810506566604    	 10.318949343339586  	   0.0
CUFF_NC.9539  	      533	  89.6810506566604    	 10.318949343339586  	   0.0
CUFF_NC.955   	      533	  89.6810506566604    	 10.318949343339586  	   0.0
CUFF_NC.9557  	      533	  89.49343339587243   	 10.318949343339586  	   0.18761726078799248
CUFF_NC.9558  	      533	  89.49343339587243   	 10.318949343339586  	   0.18761726078799248
CUFF_NC.10093 	      533	  89.6810506566604    	 10.318949343339586  	   0.0
CUFF_NC.9581  	      533	  89.6810506566604    	 10.318949343339586  	   0.0
CUFF_NC.2447  	      533	  89.6810506566604    	 10.318949343339586  	   0.0
CUFF_NC.2485  	      533	  89.49343339587243   	 10.318949343339586  	   0.18761726078799248
CUFF_NC.1703  	      533	  89.6810506566604    	 10.318949343339586  	   0.0
CUFF_NC.171   	      533	  89.6810506566604    	 10.318949343339586  	   0.0
CUFF_NC.2490  	      533	  89.49343339587243   	 10.318949343339586  	   0.18761726078799248
CUFF_NC.2491  	      533	  89.6810506566604    	 10.318949343339586  	   0.0
CUFF_NC.2523  	      533	  89.6810506566604    	 10.318949343339586  	   0.0
CUFF_NC.1690  	      533	  88.55534709193246   	 10.318949343339586  	   1.125703564727955
CUFF_NC.1691  	      533	  89.30581613508443   	 10.318949343339586  	   0.37523452157598497
CUFF_NC.9484  	      533	  89.6810506566604    	 10.318949343339586  	   0.0
CUFF_NC.9485  	      533	  89.6810506566604    	 10.318949343339586  	   0.0
CUFF_NC.9496  	      533	  89.6810506566604    	 10.318949343339586  	   0.0
CUFF_NC.9506  	      533	  89.49343339587243   	 10.318949343339586  	   0.18761726078799248
CUFF_NC.10113 	      533	  89.49343339587243   	 10.318949343339586  	   0.18761726078799248
CUFF_NC.10114 	      533	  89.30581613508443   	 10.318949343339586  	   0.37523452157598497
CUFF_NC.10115 	      533	  89.6810506566604    	 10.318949343339586  	   0.0
CUFF_NC.9523  	      533	  89.6810506566604    	 10.318949343339586  	   0.0
CUFF_NC.2537  	      533	  89.6810506566604    	 10.318949343339586  	   0.0
CUFF_NC.2539  	      533	  89.49343339587243   	 10.318949343339586  	   0.18761726078799248
CUFF_NC.2559  	      533	  89.6810506566604    	 10.318949343339586  	   0.0
CUFF_NC.2570  	      533	  89.30581613508443   	 10.318949343339586  	   0.37523452157598497
CUFF_NC.1675  	      533	  89.6810506566604    	 10.318949343339586  	   0.0
CUFF_NC.2581  	      533	  89.6810506566604    	 10.318949343339586  	   0.0
CUFF_NC.9453  	      533	  89.6810506566604    	 10.318949343339586  	   0.0
CUFF_NC.9455  	      533	  89.6810506566604    	 10.318949343339586  	   0.0
CUFF_NC.1013  	      533	  89.6810506566604    	 10.318949343339586  	   0.0
CUFF_NC.2612  	      533	  89.6810506566604    	 10.318949343339586  	   0.0
CUFF_NC.2618  	      533	  89.6810506566604    	 10.318949343339586  	   0.0
CUFF_NC.2624  	      533	  89.6810506566604    	 10.318949343339586  	   0.0
CUFF_NC.2639  	      533	  89.30581613508443   	 10.318949343339586  	   0.37523452157598497
CUFF_NC.2641  	      533	  89.6810506566604    	 10.318949343339586  	   0.0
CUFF_NC.2644  	      533	  89.6810506566604    	 10.318949343339586  	   0.0
CUFF_NC.2645  	      533	  89.6810506566604    	 10.318949343339586  	   0.0
CUFF_NC.266   	      533	  89.6810506566604    	 10.318949343339586  	   0.0
CUFF_NC.2668  	      533	  89.6810506566604    	 10.318949343339586  	   0.0
CUFF_NC.1629  	      533	  89.6810506566604    	 10.318949343339586  	   0.0
CUFF_NC.2735  	      533	  89.6810506566604    	 10.318949343339586  	   0.0
CUFF_NC.2736  	      533	  89.6810506566604    	 10.318949343339586  	   0.0
CUFF_NC.9378  	      533	  89.30581613508443   	 10.318949343339586  	   0.37523452157598497
CUFF_NC.9415  	      533	  89.49343339587243   	 10.318949343339586  	   0.18761726078799248
CUFF_NC.9430  	      533	  88.55534709193246   	 10.318949343339586  	   1.125703564727955
CUFF_NC.2744  	      533	  89.49343339587243   	 10.318949343339586  	   0.18761726078799248
CUFF_NC.2758  	      533	  89.6810506566604    	 10.318949343339586  	   0.0
CUFF_NC.2764  	      533	  89.6810506566604    	 10.318949343339586  	   0.0
CUFF_NC.2804  	      533	  89.49343339587243   	 10.318949343339586  	   0.18761726078799248
CUFF_NC.1628  	      533	  89.6810506566604    	 10.318949343339586  	   0.0
CUFF_NC.283   	      533	  89.6810506566604    	 10.318949343339586  	   0.0
CUFF_NC.284   	      533	  89.30581613508443   	 10.318949343339586  	   0.37523452157598497
CUFF_NC.2847  	      533	  89.6810506566604    	 10.318949343339586  	   0.0
CUFF_NC.2848  	      533	  88.93058161350844   	 10.318949343339586  	   0.7504690431519699
CUFF_NC.285   	      533	  89.6810506566604    	 10.318949343339586  	   0.0
CUFF_NC.2850  	      533	  89.6810506566604    	 10.318949343339586  	   0.0
CUFF_NC.2854  	      533	  89.6810506566604    	 10.318949343339586  	   0.0
CUFF_NC.1610  	      533	  89.6810506566604    	 10.318949343339586  	   0.0
CUFF_NC.9354  	      533	  89.6810506566604    	 10.318949343339586  	   0.0
CUFF_NC.9362  	      533	  89.6810506566604    	 10.318949343339586  	   0.0
CUFF_NC.10163 	      533	  89.6810506566604    	 10.318949343339586  	   0.0
CUFF_NC.9370  	      533	  89.6810506566604    	 10.318949343339586  	   0.0
CUFF_NC.286   	      533	  89.6810506566604    	 10.318949343339586  	   0.0
CUFF_NC.2873  	      533	  89.30581613508443   	 10.318949343339586  	   0.37523452157598497
CUFF_NC.2888  	      533	  89.6810506566604    	 10.318949343339586  	   0.0
CUFF_NC.2891  	      533	  89.6810506566604    	 10.318949343339586  	   0.0
CUFF_NC.2895  	      533	  89.6810506566604    	 10.318949343339586  	   0.0
CUFF_NC.1594  	      533	  89.6810506566604    	 10.318949343339586  	   0.0
CUFF_NC.2908  	      533	  89.6810506566604    	 10.318949343339586  	   0.0
CUFF_NC.2910  	      533	  89.6810506566604    	 10.318949343339586  	   0.0
CUFF_NC.2960  	      533	  89.6810506566604    	 10.318949343339586  	   0.0
CUFF_NC.2962  	      533	  89.6810506566604    	 10.318949343339586  	   0.0
CUFF_NC.2971  	      533	  89.6810506566604    	 10.318949343339586  	   0.0
CUFF_NC.2972  	      533	  89.6810506566604    	 10.318949343339586  	   0.0
CUFF_NC.2991  	      533	  89.6810506566604    	 10.318949343339586  	   0.0
CUFF_NC.2999  	      533	  89.6810506566604    	 10.318949343339586  	   0.0
CUFF_NC.300   	      533	  89.6810506566604    	 10.318949343339586  	   0.0
CUFF_NC.3012  	      533	  89.6810506566604    	 10.318949343339586  	   0.0
CUFF_NC.3017  	      533	  89.49343339587243   	 10.318949343339586  	   0.18761726078799248
CUFF_NC.3019  	      533	  89.49343339587243   	 10.318949343339586  	   0.18761726078799248
CUFF_NC.303   	      533	  89.30581613508443   	 10.318949343339586  	   0.37523452157598497
CUFF_NC.9292  	      533	  89.6810506566604    	 10.318949343339586  	   0.0
CUFF_NC.9326  	      533	  89.6810506566604    	 10.318949343339586  	   0.0
CUFF_NC.305   	      533	  89.6810506566604    	 10.318949343339586  	   0.0
CUFF_NC.3067  	      533	  89.49343339587243   	 10.318949343339586  	   0.18761726078799248
CUFF_NC.3073  	      533	  89.49343339587243   	 10.318949343339586  	   0.18761726078799248
CUFF_NC.3123  	      533	  89.49343339587243   	 10.318949343339586  	   0.18761726078799248
CUFF_NC.3146  	      533	  89.49343339587243   	 10.318949343339586  	   0.18761726078799248
CUFF_NC.316   	      533	  89.49343339587243   	 10.318949343339586  	   0.18761726078799248
CUFF_NC.317   	      533	  89.6810506566604    	 10.318949343339586  	   0.0
CUFF_NC.318   	      533	  89.6810506566604    	 10.318949343339586  	   0.0
CUFF_NC.9245  	      533	  89.6810506566604    	 10.318949343339586  	   0.0
CUFF_NC.9250  	      533	  89.6810506566604    	 10.318949343339586  	   0.0
CUFF_NC.9285  	      533	  89.6810506566604    	 10.318949343339586  	   0.0
CUFF_NC.9287  	      533	  89.6810506566604    	 10.318949343339586  	   0.0
CUFF_NC.3283  	      533	  89.6810506566604    	 10.318949343339586  	   0.0
CUFF_NC.34    	      533	  89.49343339587243   	 10.318949343339586  	   0.18761726078799248
CUFF_NC.342   	      533	  89.11819887429644   	 10.318949343339586  	   0.5628517823639775
CUFF_NC.344   	      533	  89.6810506566604    	 10.318949343339586  	   0.0
CUFF_NC.348   	      533	  89.6810506566604    	 10.318949343339586  	   0.0
CUFF_NC.349   	      533	  89.6810506566604    	 10.318949343339586  	   0.0
CUFF_NC.3545  	      533	  89.49343339587243   	 10.318949343339586  	   0.18761726078799248
CUFF_NC.3577  	      533	  89.6810506566604    	 10.318949343339586  	   0.0
CUFF_NC.3578  	      533	  89.6810506566604    	 10.318949343339586  	   0.0
CUFF_NC.149   	      533	  89.6810506566604    	 10.318949343339586  	   0.0
CUFF_NC.359   	      533	  89.6810506566604    	 10.318949343339586  	   0.0
CUFF_NC.3597  	      533	  89.6810506566604    	 10.318949343339586  	   0.0
CUFF_NC.9203  	      533	  89.6810506566604    	 10.318949343339586  	   0.0
CUFF_NC.9211  	      533	  89.6810506566604    	 10.318949343339586  	   0.0
CUFF_NC.9236  	      533	  89.6810506566604    	 10.318949343339586  	   0.0
CUFF_NC.10203 	      533	  89.6810506566604    	 10.318949343339586  	   0.0
CUFF_NC.924   	      533	  89.6810506566604    	 10.318949343339586  	   0.0
CUFF_NC.3613  	      533	  89.6810506566604    	 10.318949343339586  	   0.0
CUFF_NC.3618  	      533	  89.6810506566604    	 10.318949343339586  	   0.0
CUFF_NC.3625  	      533	  89.6810506566604    	 10.318949343339586  	   0.0
CUFF_NC.147   	      533	  89.6810506566604    	 10.318949343339586  	   0.0
CUFF_NC.3626  	      533	  89.6810506566604    	 10.318949343339586  	   0.0
CUFF_NC.3638  	      533	  89.6810506566604    	 10.318949343339586  	   0.0
CUFF_NC.3639  	      533	  89.6810506566604    	 10.318949343339586  	   0.0
CUFF_NC.3649  	      533	  89.6810506566604    	 10.318949343339586  	   0.0
CUFF_NC.3672  	      533	  89.6810506566604    	 10.318949343339586  	   0.0
CUFF_NC.146   	      533	  89.49343339587243   	 10.318949343339586  	   0.18761726078799248
CUFF_NC.9168  	      533	  89.6810506566604    	 10.318949343339586  	   0.0
CUFF_NC.9169  	      533	  89.49343339587243   	 10.318949343339586  	   0.18761726078799248
CUFF_NC.9183  	      533	  89.6810506566604    	 10.318949343339586  	   0.0
CUFF_NC.9194  	      533	  89.6810506566604    	 10.318949343339586  	   0.0
CUFF_NC.9196  	      533	  89.6810506566604    	 10.318949343339586  	   0.0
CUFF_NC.3692  	      533	  89.30581613508443   	 10.318949343339586  	   0.37523452157598497
CUFF_NC.3698  	      533	  89.6810506566604    	 10.318949343339586  	   0.0
CUFF_NC.371   	      533	  89.49343339587243   	 10.318949343339586  	   0.18761726078799248
CUFF_NC.3713  	      533	  89.6810506566604    	 10.318949343339586  	   0.0
CUFF_NC.372   	      533	  89.6810506566604    	 10.318949343339586  	   0.0
CUFF_NC.3735  	      533	  89.6810506566604    	 10.318949343339586  	   0.0
CUFF_NC.3737  	      533	  89.6810506566604    	 10.318949343339586  	   0.0
CUFF_NC.3742  	      533	  89.49343339587243   	 10.318949343339586  	   0.18761726078799248
CUFF_NC.3776  	      533	  89.6810506566604    	 10.318949343339586  	   0.0
CUFF_NC.3780  	      533	  89.49343339587243   	 10.318949343339586  	   0.18761726078799248
CUFF_NC.3786  	      533	  89.6810506566604    	 10.318949343339586  	   0.0
CUFF_NC.3818  	      533	  89.49343339587243   	 10.318949343339586  	   0.18761726078799248
CUFF_NC.9093  	      533	  89.6810506566604    	 10.318949343339586  	   0.0
CUFF_NC.9097  	      533	  89.6810506566604    	 10.318949343339586  	   0.0
CUFF_NC.10237 	      533	  89.6810506566604    	 10.318949343339586  	   0.0
CUFF_NC.9130  	      533	  89.6810506566604    	 10.318949343339586  	   0.0
CUFF_NC.3869  	      533	  89.6810506566604    	 10.318949343339586  	   0.0
CUFF_NC.3883  	      533	  89.6810506566604    	 10.318949343339586  	   0.0
CUFF_NC.3900  	      533	  89.6810506566604    	 10.318949343339586  	   0.0
CUFF_NC.3908  	      533	  89.6810506566604    	 10.318949343339586  	   0.0
CUFF_NC.393   	      533	  89.6810506566604    	 10.318949343339586  	   0.0
CUFF_NC.3950  	      533	  89.6810506566604    	 10.318949343339586  	   0.0
CUFF_NC.3955  	      533	  89.6810506566604    	 10.318949343339586  	   0.0
CUFF_NC.4005  	      533	  89.6810506566604    	 10.318949343339586  	   0.0
CUFF_NC.4019  	      533	  89.6810506566604    	 10.318949343339586  	   0.0
CUFF_NC.4083  	      533	  89.6810506566604    	 10.318949343339586  	   0.0
CUFF_NC.1332  	      533	  89.6810506566604    	 10.318949343339586  	   0.0
CUFF_NC.1336  	      533	  89.49343339587243   	 10.318949343339586  	   0.18761726078799248
CUFF_NC.4088  	      533	  88.74296435272045   	 10.318949343339586  	   0.9380863039399625
CUFF_NC.4089  	      533	  89.6810506566604    	 10.318949343339586  	   0.0
CUFF_NC.9076  	      533	  89.6810506566604    	 10.318949343339586  	   0.0
CUFF_NC.9082  	      533	  89.6810506566604    	 10.318949343339586  	   0.0
CUFF_NC.9084  	      533	  89.6810506566604    	 10.318949343339586  	   0.0
CUFF_NC.9085  	      533	  89.6810506566604    	 10.318949343339586  	   0.0
CUFF_NC.4094  	      533	  89.6810506566604    	 10.318949343339586  	   0.0
CUFF_NC.4095  	      533	  89.6810506566604    	 10.318949343339586  	   0.0
CUFF_NC.4099  	      533	  89.30581613508443   	 10.318949343339586  	   0.37523452157598497
CUFF_NC.4125  	      533	  89.6810506566604    	 10.318949343339586  	   0.0
CUFF_NC.4127  	      533	  89.6810506566604    	 10.318949343339586  	   0.0
CUFF_NC.4128  	      533	  89.6810506566604    	 10.318949343339586  	   0.0
CUFF_NC.4163  	      533	  89.6810506566604    	 10.318949343339586  	   0.0
CUFF_NC.4164  	      533	  89.6810506566604    	 10.318949343339586  	   0.0
CUFF_NC.4174  	      533	  89.6810506566604    	 10.318949343339586  	   0.0
CUFF_NC.4183  	      533	  89.30581613508443   	 10.318949343339586  	   0.37523452157598497
CUFF_NC.419   	      533	  89.6810506566604    	 10.318949343339586  	   0.0
CUFF_NC.4206  	      533	  89.6810506566604    	 10.318949343339586  	   0.0
CUFF_NC.10268 	      533	  89.6810506566604    	 10.318949343339586  	   0.0
CUFF_NC.4234  	      533	  89.6810506566604    	 10.318949343339586  	   0.0
CUFF_NC.4238  	      533	  89.6810506566604    	 10.318949343339586  	   0.0
CUFF_NC.1292  	      533	  89.30581613508443   	 10.318949343339586  	   0.37523452157598497
CUFF_NC.4265  	      533	  89.6810506566604    	 10.318949343339586  	   0.0
CUFF_NC.4269  	      533	  89.6810506566604    	 10.318949343339586  	   0.0
CUFF_NC.4274  	      533	  89.6810506566604    	 10.318949343339586  	   0.0
CUFF_NC.4291  	      533	  89.6810506566604    	 10.318949343339586  	   0.0
CUFF_NC.4326  	      533	  89.49343339587243   	 10.318949343339586  	   0.18761726078799248
CUFF_NC.4338  	      533	  89.49343339587243   	 10.318949343339586  	   0.18761726078799248
CUFF_NC.4350  	      533	  89.6810506566604    	 10.318949343339586  	   0.0
CUFF_NC.4389  	      533	  89.6810506566604    	 10.318949343339586  	   0.0
CUFF_NC.4402  	      533	  89.6810506566604    	 10.318949343339586  	   0.0
CUFF_NC.4415  	      533	  89.6810506566604    	 10.318949343339586  	   0.0
CUFF_NC.4416  	      533	  89.6810506566604    	 10.318949343339586  	   0.0
CUFF_NC.4431  	      533	  89.6810506566604    	 10.318949343339586  	   0.0
CUFF_NC.444   	      533	  89.6810506566604    	 10.318949343339586  	   0.0
CUFF_NC.10274 	      533	  89.6810506566604    	 10.318949343339586  	   0.0
CUFF_NC.1028  	      533	  89.6810506566604    	 10.318949343339586  	   0.0
CUFF_NC.899   	      533	  89.6810506566604    	 10.318949343339586  	   0.0
CUFF_NC.4467  	      533	  89.30581613508443   	 10.318949343339586  	   0.37523452157598497
CUFF_NC.1221  	      533	  89.6810506566604    	 10.318949343339586  	   0.0
CUFF_NC.1226  	      533	  89.11819887429644   	 10.318949343339586  	   0.5628517823639775
CUFF_NC.4505  	      533	  89.6810506566604    	 10.318949343339586  	   0.0
CUFF_NC.4529  	      533	  88.93058161350844   	 10.318949343339586  	   0.7504690431519699
CUFF_NC.453   	      533	  89.6810506566604    	 10.318949343339586  	   0.0
CUFF_NC.454   	      533	  89.49343339587243   	 10.318949343339586  	   0.18761726078799248
CUFF_NC.456   	      533	  89.6810506566604    	 10.318949343339586  	   0.0
CUFF_NC.4566  	      533	  89.6810506566604    	 10.318949343339586  	   0.0
CUFF_NC.1199  	      533	  89.6810506566604    	 10.318949343339586  	   0.0
CUFF_NC.120   	      533	  89.30581613508443   	 10.318949343339586  	   0.37523452157598497
CUFF_NC.894   	      533	  89.6810506566604    	 10.318949343339586  	   0.0
CUFF_NC.1180  	      533	  89.6810506566604    	 10.318949343339586  	   0.0
CUFF_NC.4627  	      533	  89.6810506566604    	 10.318949343339586  	   0.0
CUFF_NC.464   	      533	  89.30581613508443   	 10.318949343339586  	   0.37523452157598497
CUFF_NC.465   	      533	  89.11819887429644   	 10.318949343339586  	   0.5628517823639775
CUFF_NC.4693  	      533	  89.6810506566604    	 10.318949343339586  	   0.0
CUFF_NC.4698  	      533	  89.6810506566604    	 10.318949343339586  	   0.0
CUFF_NC.4703  	      533	  89.6810506566604    	 10.318949343339586  	   0.0
CUFF_NC.115   	      533	  89.49343339587243   	 10.318949343339586  	   0.18761726078799248
CUFF_NC.474   	      533	  89.6810506566604    	 10.318949343339586  	   0.0
CUFF_NC.1143  	      533	  89.49343339587243   	 10.318949343339586  	   0.18761726078799248
CUFF_NC.11440 	      533	  89.6810506566604    	 10.318949343339586  	   0.0
CUFF_NC.4751  	      533	  89.6810506566604    	 10.318949343339586  	   0.0
CUFF_NC.4783  	      533	  89.6810506566604    	 10.318949343339586  	   0.0
CUFF_NC.11415 	      533	  89.6810506566604    	 10.318949343339586  	   0.0
CUFF_NC.8825  	      533	  89.6810506566604    	 10.318949343339586  	   0.0
CUFF_NC.8859  	      533	  89.6810506566604    	 10.318949343339586  	   0.0
CUFF_NC.1031  	      533	  89.6810506566604    	 10.318949343339586  	   0.0
CUFF_NC.8872  	      533	  89.6810506566604    	 10.318949343339586  	   0.0
CUFF_NC.4869  	      533	  89.6810506566604    	 10.318949343339586  	   0.0
CUFF_NC.4892  	      533	  89.6810506566604    	 10.318949343339586  	   0.0
CUFF_NC.492   	      533	  89.6810506566604    	 10.318949343339586  	   0.0
CUFF_NC.11370 	      533	  89.6810506566604    	 10.318949343339586  	   0.0
CUFF_NC.5001  	      533	  89.30581613508443   	 10.318949343339586  	   0.37523452157598497
CUFF_NC.5007  	      533	  89.6810506566604    	 10.318949343339586  	   0.0
CUFF_NC.11360 	      533	  89.6810506566604    	 10.318949343339586  	   0.0
CUFF_NC.5051  	      533	  89.6810506566604    	 10.318949343339586  	   0.0
CUFF_NC.5057  	      533	  89.6810506566604    	 10.318949343339586  	   0.0
CUFF_NC.5075  	      533	  89.6810506566604    	 10.318949343339586  	   0.0
CUFF_NC.5086  	      533	  89.6810506566604    	 10.318949343339586  	   0.0
CUFF_NC.8762  	      533	  89.6810506566604    	 10.318949343339586  	   0.0
CUFF_NC.8770  	      533	  89.6810506566604    	 10.318949343339586  	   0.0
CUFF_NC.8785  	      533	  89.6810506566604    	 10.318949343339586  	   0.0
CUFF_NC.8801  	      533	  89.6810506566604    	 10.318949343339586  	   0.0
CUFF_NC.8805  	      533	  89.6810506566604    	 10.318949343339586  	   0.0
CUFF_NC.8810  	      533	  89.49343339587243   	 10.318949343339586  	   0.18761726078799248
CUFF_NC.8811  	      533	  89.6810506566604    	 10.318949343339586  	   0.0
CUFF_NC.5091  	      533	  89.6810506566604    	 10.318949343339586  	   0.0
CUFF_NC.5108  	      533	  89.6810506566604    	 10.318949343339586  	   0.0
CUFF_NC.5127  	      533	  89.6810506566604    	 10.318949343339586  	   0.0
CUFF_NC.513   	      533	  89.6810506566604    	 10.318949343339586  	   0.0
CUFF_NC.5135  	      533	  89.6810506566604    	 10.318949343339586  	   0.0
CUFF_NC.5154  	      533	  89.6810506566604    	 10.318949343339586  	   0.0
CUFF_NC.5165  	      533	  89.6810506566604    	 10.318949343339586  	   0.0
CUFF_NC.5180  	      533	  89.6810506566604    	 10.318949343339586  	   0.0
CUFF_NC.5206  	      533	  89.6810506566604    	 10.318949343339586  	   0.0
CUFF_NC.11301 	      533	  89.6810506566604    	 10.318949343339586  	   0.0
CUFF_NC.1131  	      533	  89.6810506566604    	 10.318949343339586  	   0.0
CUFF_NC.8709  	      533	  89.30581613508443   	 10.318949343339586  	   0.37523452157598497
CUFF_NC.8727  	      533	  89.6810506566604    	 10.318949343339586  	   0.0
CUFF_NC.8732  	      533	  89.6810506566604    	 10.318949343339586  	   0.0
CUFF_NC.8735  	      533	  89.6810506566604    	 10.318949343339586  	   0.0
CUFF_NC.5256  	      533	  89.6810506566604    	 10.318949343339586  	   0.0
CUFF_NC.5265  	      533	  89.6810506566604    	 10.318949343339586  	   0.0
CUFF_NC.11292 	      533	  89.6810506566604    	 10.318949343339586  	   0.0
CUFF_NC.5284  	      533	  89.6810506566604    	 10.318949343339586  	   0.0
CUFF_NC.5293  	      533	  89.6810506566604    	 10.318949343339586  	   0.0
CUFF_NC.5312  	      533	  89.6810506566604    	 10.318949343339586  	   0.0
CUFF_NC.11273 	      533	  89.49343339587243   	 10.318949343339586  	   0.18761726078799248
CUFF_NC.11275 	      533	  89.6810506566604    	 10.318949343339586  	   0.0
CUFF_NC.5315  	      533	  89.6810506566604    	 10.318949343339586  	   0.0
CUFF_NC.5319  	      533	  89.6810506566604    	 10.318949343339586  	   0.0
CUFF_NC.5325  	      533	  89.6810506566604    	 10.318949343339586  	   0.0
CUFF_NC.8683  	      533	  89.30581613508443   	 10.318949343339586  	   0.37523452157598497
CUFF_NC.8694  	      533	  89.49343339587243   	 10.318949343339586  	   0.18761726078799248
CUFF_NC.10360 	      533	  89.49343339587243   	 10.318949343339586  	   0.18761726078799248
CUFF_NC.8701  	      533	  89.6810506566604    	 10.318949343339586  	   0.0
CUFF_NC.5335  	      533	  89.6810506566604    	 10.318949343339586  	   0.0
CUFF_NC.11251 	      533	  89.6810506566604    	 10.318949343339586  	   0.0
CUFF_NC.11266 	      533	  89.6810506566604    	 10.318949343339586  	   0.0
CUFF_NC.5345  	      533	  89.6810506566604    	 10.318949343339586  	   0.0
CUFF_NC.5346  	      533	  89.49343339587243   	 10.318949343339586  	   0.18761726078799248
CUFF_NC.5366  	      533	  89.6810506566604    	 10.318949343339586  	   0.0
CUFF_NC.5377  	      533	  89.6810506566604    	 10.318949343339586  	   0.0
CUFF_NC.5378  	      533	  89.6810506566604    	 10.318949343339586  	   0.0
CUFF_NC.5379  	      533	  89.6810506566604    	 10.318949343339586  	   0.0
CUFF_NC.539   	      533	  89.6810506566604    	 10.318949343339586  	   0.0
CUFF_NC.11248 	      533	  89.6810506566604    	 10.318949343339586  	   0.0
CUFF_NC.5392  	      533	  89.6810506566604    	 10.318949343339586  	   0.0
CUFF_NC.540   	      533	  89.6810506566604    	 10.318949343339586  	   0.0
CUFF_NC.8663  	      533	  89.6810506566604    	 10.318949343339586  	   0.0
CUFF_NC.10374 	      533	  88.74296435272045   	 10.318949343339586  	   0.9380863039399625
CUFF_NC.8670  	      533	  89.6810506566604    	 10.318949343339586  	   0.0
CUFF_NC.5403  	      533	  89.6810506566604    	 10.318949343339586  	   0.0
CUFF_NC.5407  	      533	  89.49343339587243   	 10.318949343339586  	   0.18761726078799248
CUFF_NC.541   	      533	  89.6810506566604    	 10.318949343339586  	   0.0
CUFF_NC.5465  	      533	  89.6810506566604    	 10.318949343339586  	   0.0
CUFF_NC.5504  	      533	  88.93058161350844   	 10.318949343339586  	   0.7504690431519699
CUFF_NC.5529  	      533	  89.6810506566604    	 10.318949343339586  	   0.0
CUFF_NC.5544  	      533	  89.6810506566604    	 10.318949343339586  	   0.0
CUFF_NC.5545  	      533	  89.6810506566604    	 10.318949343339586  	   0.0
CUFF_NC.5554  	      533	  89.6810506566604    	 10.318949343339586  	   0.0
CUFF_NC.5567  	      533	  89.6810506566604    	 10.318949343339586  	   0.0
CUFF_NC.11195 	      533	  89.6810506566604    	 10.318949343339586  	   0.0
CUFF_NC.8629  	      533	  89.49343339587243   	 10.318949343339586  	   0.18761726078799248
CUFF_NC.8642  	      533	  89.6810506566604    	 10.318949343339586  	   0.0
CUFF_NC.5601  	      533	  89.6810506566604    	 10.318949343339586  	   0.0
CUFF_NC.561   	      533	  89.6810506566604    	 10.318949343339586  	   0.0
CUFF_NC.11187 	      533	  89.6810506566604    	 10.318949343339586  	   0.0
CUFF_NC.5624  	      533	  89.49343339587243   	 10.318949343339586  	   0.18761726078799248
CUFF_NC.11168 	      533	  89.6810506566604    	 10.318949343339586  	   0.0
CUFF_NC.5693  	      533	  89.6810506566604    	 10.318949343339586  	   0.0
CUFF_NC.5695  	      533	  89.6810506566604    	 10.318949343339586  	   0.0
CUFF_NC.5707  	      533	  89.6810506566604    	 10.318949343339586  	   0.0
CUFF_NC.11158 	      533	  89.6810506566604    	 10.318949343339586  	   0.0
CUFF_NC.11160 	      533	  89.6810506566604    	 10.318949343339586  	   0.0
CUFF_NC.5747  	      533	  89.6810506566604    	 10.318949343339586  	   0.0
CUFF_NC.5755  	      533	  89.6810506566604    	 10.318949343339586  	   0.0
CUFF_NC.11133 	      533	  89.6810506566604    	 10.318949343339586  	   0.0
CUFF_NC.11134 	      533	  89.6810506566604    	 10.318949343339586  	   0.0
CUFF_NC.8553  	      533	  89.6810506566604    	 10.318949343339586  	   0.0
CUFF_NC.8555  	      533	  89.6810506566604    	 10.318949343339586  	   0.0
CUFF_NC.8567  	      533	  89.49343339587243   	 10.318949343339586  	   0.18761726078799248
CUFF_NC.8577  	      533	  89.6810506566604    	 10.318949343339586  	   0.0
CUFF_NC.1040  	      533	  89.6810506566604    	 10.318949343339586  	   0.0
CUFF_NC.10405 	      533	  89.6810506566604    	 10.318949343339586  	   0.0
CUFF_NC.8598  	      533	  89.6810506566604    	 10.318949343339586  	   0.0
CUFF_NC.8599  	      533	  89.6810506566604    	 10.318949343339586  	   0.0
CUFF_NC.5807  	      533	  89.6810506566604    	 10.318949343339586  	   0.0
CUFF_NC.5835  	      533	  89.6810506566604    	 10.318949343339586  	   0.0
CUFF_NC.5836  	      533	  89.6810506566604    	 10.318949343339586  	   0.0
CUFF_NC.5841  	      533	  89.49343339587243   	 10.318949343339586  	   0.18761726078799248
CUFF_NC.5842  	      533	  89.6810506566604    	 10.318949343339586  	   0.0
CUFF_NC.5860  	      533	  89.6810506566604    	 10.318949343339586  	   0.0
CUFF_NC.5864  	      533	  89.6810506566604    	 10.318949343339586  	   0.0
CUFF_NC.5876  	      533	  89.6810506566604    	 10.318949343339586  	   0.0
CUFF_NC.8541  	      533	  89.49343339587243   	 10.318949343339586  	   0.18761726078799248
CUFF_NC.8546  	      533	  89.6810506566604    	 10.318949343339586  	   0.0
CUFF_NC.8547  	      533	  89.6810506566604    	 10.318949343339586  	   0.0
CUFF_NC.8549  	      533	  89.49343339587243   	 10.318949343339586  	   0.18761726078799248
CUFF_NC.10422 	      533	  89.6810506566604    	 10.318949343339586  	   0.0
CUFF_NC.589   	      533	  89.6810506566604    	 10.318949343339586  	   0.0
CUFF_NC.5892  	      533	  89.49343339587243   	 10.318949343339586  	   0.18761726078799248
CUFF_NC.5905  	      533	  89.6810506566604    	 10.318949343339586  	   0.0
CUFF_NC.5911  	      533	  89.49343339587243   	 10.318949343339586  	   0.18761726078799248
CUFF_NC.5919  	      533	  89.6810506566604    	 10.318949343339586  	   0.0
CUFF_NC.5920  	      533	  88.93058161350844   	 10.318949343339586  	   0.7504690431519699
CUFF_NC.5932  	      533	  89.49343339587243   	 10.318949343339586  	   0.18761726078799248
CUFF_NC.596   	      533	  89.6810506566604    	 10.318949343339586  	   0.0
CUFF_NC.11076 	      533	  89.6810506566604    	 10.318949343339586  	   0.0
CUFF_NC.1108  	      533	  89.6810506566604    	 10.318949343339586  	   0.0
CUFF_NC.5979  	      533	  89.49343339587243   	 10.318949343339586  	   0.18761726078799248
CUFF_NC.11064 	      533	  89.49343339587243   	 10.318949343339586  	   0.18761726078799248
CUFF_NC.8473  	      533	  89.6810506566604    	 10.318949343339586  	   0.0
CUFF_NC.8513  	      533	  89.6810506566604    	 10.318949343339586  	   0.0
CUFF_NC.6028  	      533	  89.6810506566604    	 10.318949343339586  	   0.0
CUFF_NC.6031  	      533	  89.49343339587243   	 10.318949343339586  	   0.18761726078799248
CUFF_NC.604   	      533	  89.6810506566604    	 10.318949343339586  	   0.0
CUFF_NC.1105  	      533	  89.6810506566604    	 10.318949343339586  	   0.0
CUFF_NC.1106  	      533	  89.6810506566604    	 10.318949343339586  	   0.0
CUFF_NC.6293  	      533	  88.55534709193246   	 10.318949343339586  	   1.125703564727955
CUFF_NC.11018 	      533	  89.6810506566604    	 10.318949343339586  	   0.0
CUFF_NC.6399  	      533	  89.49343339587243   	 10.318949343339586  	   0.18761726078799248
CUFF_NC.6401  	      533	  88.93058161350844   	 10.318949343339586  	   0.7504690431519699
CUFF_NC.6423  	      533	  89.6810506566604    	 10.318949343339586  	   0.0
CUFF_NC.6453  	      533	  89.6810506566604    	 10.318949343339586  	   0.0
CUFF_NC.6456  	      533	  89.6810506566604    	 10.318949343339586  	   0.0
CUFF_NC.647   	      533	  89.6810506566604    	 10.318949343339586  	   0.0
CUFF_NC.10990 	      533	  89.6810506566604    	 10.318949343339586  	   0.0
CUFF_NC.1100  	      533	  89.6810506566604    	 10.318949343339586  	   0.0
CUFF_NC.8449  	      533	  89.6810506566604    	 10.318949343339586  	   0.0
CUFF_NC.8450  	      533	  89.30581613508443   	 10.318949343339586  	   0.37523452157598497
CUFF_NC.10440 	      533	  89.6810506566604    	 10.318949343339586  	   0.0
CUFF_NC.10453 	      533	  89.6810506566604    	 10.318949343339586  	   0.0
CUFF_NC.8461  	      533	  89.6810506566604    	 10.318949343339586  	   0.0
CUFF_NC.10976 	      533	  89.6810506566604    	 10.318949343339586  	   0.0
CUFF_NC.10977 	      533	  89.6810506566604    	 10.318949343339586  	   0.0
CUFF_NC.6512  	      533	  89.6810506566604    	 10.318949343339586  	   0.0
CUFF_NC.6530  	      533	  89.6810506566604    	 10.318949343339586  	   0.0
CUFF_NC.6535  	      533	  88.93058161350844   	 10.318949343339586  	   0.7504690431519699
CUFF_NC.6543  	      533	  89.49343339587243   	 10.318949343339586  	   0.18761726078799248
CUFF_NC.10967 	      533	  89.6810506566604    	 10.318949343339586  	   0.0
CUFF_NC.6557  	      533	  89.6810506566604    	 10.318949343339586  	   0.0
CUFF_NC.6590  	      533	  89.6810506566604    	 10.318949343339586  	   0.0
CUFF_NC.6595  	      533	  89.6810506566604    	 10.318949343339586  	   0.0
CUFF_NC.10948 	      533	  89.6810506566604    	 10.318949343339586  	   0.0
CUFF_NC.10950 	      533	  89.6810506566604    	 10.318949343339586  	   0.0
CUFF_NC.10951 	      533	  89.6810506566604    	 10.318949343339586  	   0.0
CUFF_NC.8377  	      533	  89.6810506566604    	 10.318949343339586  	   0.0
CUFF_NC.10466 	      533	  89.6810506566604    	 10.318949343339586  	   0.0
CUFF_NC.8405  	      533	  89.6810506566604    	 10.318949343339586  	   0.0
CUFF_NC.8408  	      533	  89.6810506566604    	 10.318949343339586  	   0.0
CUFF_NC.8409  	      533	  89.6810506566604    	 10.318949343339586  	   0.0
CUFF_NC.8412  	      533	  89.6810506566604    	 10.318949343339586  	   0.0
CUFF_NC.6616  	      533	  89.6810506566604    	 10.318949343339586  	   0.0
CUFF_NC.6625  	      533	  89.6810506566604    	 10.318949343339586  	   0.0
CUFF_NC.6628  	      533	  89.6810506566604    	 10.318949343339586  	   0.0
CUFF_NC.6634  	      533	  89.6810506566604    	 10.318949343339586  	   0.0
CUFF_NC.6639  	      533	  89.6810506566604    	 10.318949343339586  	   0.0
CUFF_NC.6650  	      533	  89.6810506566604    	 10.318949343339586  	   0.0
CUFF_NC.10937 	      533	  89.6810506566604    	 10.318949343339586  	   0.0
CUFF_NC.10938 	      533	  89.49343339587243   	 10.318949343339586  	   0.18761726078799248
CUFF_NC.10941 	      533	  89.6810506566604    	 10.318949343339586  	   0.0
CUFF_NC.8355  	      533	  89.6810506566604    	 10.318949343339586  	   0.0
CUFF_NC.8362  	      533	  89.6810506566604    	 10.318949343339586  	   0.0
CUFF_NC.8365  	      533	  89.6810506566604    	 10.318949343339586  	   0.0
CUFF_NC.8372  	      533	  89.6810506566604    	 10.318949343339586  	   0.0
CUFF_NC.8375  	      533	  89.6810506566604    	 10.318949343339586  	   0.0
CUFF_NC.6666  	      533	  89.6810506566604    	 10.318949343339586  	   0.0
CUFF_NC.6678  	      533	  89.6810506566604    	 10.318949343339586  	   0.0
CUFF_NC.668   	      533	  89.6810506566604    	 10.318949343339586  	   0.0
CUFF_NC.669   	      533	  89.6810506566604    	 10.318949343339586  	   0.0
CUFF_NC.6732  	      533	  89.6810506566604    	 10.318949343339586  	   0.0
CUFF_NC.6743  	      533	  89.6810506566604    	 10.318949343339586  	   0.0
CUFF_NC.6758  	      533	  89.6810506566604    	 10.318949343339586  	   0.0
CUFF_NC.6826  	      533	  89.6810506566604    	 10.318949343339586  	   0.0
CUFF_NC.8328  	      533	  89.6810506566604    	 10.318949343339586  	   0.0
CUFF_NC.833   	      533	  89.49343339587243   	 10.318949343339586  	   0.18761726078799248
CUFF_NC.8332  	      533	  89.6810506566604    	 10.318949343339586  	   0.0
CUFF_NC.834   	      533	  89.6810506566604    	 10.318949343339586  	   0.0
CUFF_NC.6842  	      533	  89.6810506566604    	 10.318949343339586  	   0.0
CUFF_NC.6859  	      533	  89.49343339587243   	 10.318949343339586  	   0.18761726078799248
CUFF_NC.6860  	      533	  89.6810506566604    	 10.318949343339586  	   0.0
CUFF_NC.6863  	      533	  89.6810506566604    	 10.318949343339586  	   0.0
CUFF_NC.10873 	      533	  89.6810506566604    	 10.318949343339586  	   0.0
CUFF_NC.10876 	      533	  89.6810506566604    	 10.318949343339586  	   0.0
CUFF_NC.10879 	      533	  89.6810506566604    	 10.318949343339586  	   0.0
CUFF_NC.6885  	      533	  89.6810506566604    	 10.318949343339586  	   0.0
CUFF_NC.6897  	      533	  89.6810506566604    	 10.318949343339586  	   0.0
CUFF_NC.6899  	      533	  89.6810506566604    	 10.318949343339586  	   0.0
CUFF_NC.6903  	      533	  89.6810506566604    	 10.318949343339586  	   0.0
CUFF_NC.6911  	      533	  89.6810506566604    	 10.318949343339586  	   0.0
CUFF_NC.6913  	      533	  89.30581613508443   	 10.318949343339586  	   0.37523452157598497
CUFF_NC.1050  	      533	  89.6810506566604    	 10.318949343339586  	   0.0
CUFF_NC.10500 	      533	  89.30581613508443   	 10.318949343339586  	   0.37523452157598497
CUFF_NC.10502 	      533	  89.6810506566604    	 10.318949343339586  	   0.0
CUFF_NC.8304  	      533	  89.6810506566604    	 10.318949343339586  	   0.0
CUFF_NC.6917  	      533	  89.6810506566604    	 10.318949343339586  	   0.0
CUFF_NC.6921  	      533	  89.6810506566604    	 10.318949343339586  	   0.0
CUFF_NC.6939  	      533	  89.6810506566604    	 10.318949343339586  	   0.0
CUFF_NC.6941  	      533	  89.6810506566604    	 10.318949343339586  	   0.0
CUFF_NC.10844 	      533	  89.6810506566604    	 10.318949343339586  	   0.0
CUFF_NC.6954  	      533	  89.6810506566604    	 10.318949343339586  	   0.0
CUFF_NC.6967  	      533	  89.6810506566604    	 10.318949343339586  	   0.0
CUFF_NC.6974  	      533	  89.6810506566604    	 10.318949343339586  	   0.0
CUFF_NC.6978  	      533	  89.6810506566604    	 10.318949343339586  	   0.0
CUFF_NC.6985  	      533	  89.6810506566604    	 10.318949343339586  	   0.0
CUFF_NC.10828 	      533	  89.6810506566604    	 10.318949343339586  	   0.0
CUFF_NC.1083  	      533	  89.6810506566604    	 10.318949343339586  	   0.0
CUFF_NC.10835 	      533	  89.6810506566604    	 10.318949343339586  	   0.0
CUFF_NC.6989  	      533	  89.6810506566604    	 10.318949343339586  	   0.0
CUFF_NC.10525 	      533	  89.6810506566604    	 10.318949343339586  	   0.0
CUFF_NC.10527 	      533	  89.6810506566604    	 10.318949343339586  	   0.0
CUFF_NC.70    	      533	  89.6810506566604    	 10.318949343339586  	   0.0
CUFF_NC.7014  	      533	  89.6810506566604    	 10.318949343339586  	   0.0
CUFF_NC.7058  	      533	  89.6810506566604    	 10.318949343339586  	   0.0
CUFF_NC.7083  	      533	  89.6810506566604    	 10.318949343339586  	   0.0
CUFF_NC.10796 	      533	  89.6810506566604    	 10.318949343339586  	   0.0
CUFF_NC.7107  	      533	  89.6810506566604    	 10.318949343339586  	   0.0
CUFF_NC.7119  	      533	  89.6810506566604    	 10.318949343339586  	   0.0
CUFF_NC.7131  	      533	  89.6810506566604    	 10.318949343339586  	   0.0
CUFF_NC.10793 	      533	  89.6810506566604    	 10.318949343339586  	   0.0
CUFF_NC.7172  	      533	  89.6810506566604    	 10.318949343339586  	   0.0
CUFF_NC.7188  	      533	  89.6810506566604    	 10.318949343339586  	   0.0
CUFF_NC.10775 	      533	  89.6810506566604    	 10.318949343339586  	   0.0
CUFF_NC.811   	      533	  89.30581613508443   	 10.318949343339586  	   0.37523452157598497
CUFF_NC.812   	      533	  89.6810506566604    	 10.318949343339586  	   0.0
CUFF_NC.7228  	      533	  89.6810506566604    	 10.318949343339586  	   0.0
CUFF_NC.723   	      533	  89.6810506566604    	 10.318949343339586  	   0.0
CUFF_NC.7247  	      533	  89.49343339587243   	 10.318949343339586  	   0.18761726078799248
CUFF_NC.726   	      533	  89.6810506566604    	 10.318949343339586  	   0.0
CUFF_NC.10750 	      533	  89.6810506566604    	 10.318949343339586  	   0.0
CUFF_NC.7274  	      533	  89.6810506566604    	 10.318949343339586  	   0.0
CUFF_NC.7298  	      533	  89.6810506566604    	 10.318949343339586  	   0.0
CUFF_NC.10747 	      533	  89.6810506566604    	 10.318949343339586  	   0.0
CUFF_NC.10749 	      533	  89.6810506566604    	 10.318949343339586  	   0.0
CUFF_NC.7312  	      533	  89.6810506566604    	 10.318949343339586  	   0.0
CUFF_NC.10728 	      533	  89.30581613508443   	 10.318949343339586  	   0.37523452157598497
CUFF_NC.737   	      533	  89.6810506566604    	 10.318949343339586  	   0.0
CUFF_NC.10707 	      533	  89.49343339587243   	 10.318949343339586  	   0.18761726078799248
CUFF_NC.807   	      533	  89.49343339587243   	 10.318949343339586  	   0.18761726078799248
CUFF_NC.10542 	      533	  89.6810506566604    	 10.318949343339586  	   0.0
CUFF_NC.10550 	      533	  89.6810506566604    	 10.318949343339586  	   0.0
CUFF_NC.10556 	      533	  89.6810506566604    	 10.318949343339586  	   0.0
CUFF_NC.7441  	      533	  88.36772983114447   	 10.318949343339586  	   1.3133208255159476
CUFF_NC.10697 	      533	  89.49343339587243   	 10.318949343339586  	   0.18761726078799248
CUFF_NC.754   	      533	  89.6810506566604    	 10.318949343339586  	   0.0
CUFF_NC.763   	      533	  89.6810506566604    	 10.318949343339586  	   0.0
CUFF_NC.10666 	      533	  89.6810506566604    	 10.318949343339586  	   0.0
CUFF_NC.765   	      533	  89.49343339587243   	 10.318949343339586  	   0.18761726078799248
CUFF_NC.10650 	      533	  89.6810506566604    	 10.318949343339586  	   0.0
CUFF_NC.10635 	      533	  89.6810506566604    	 10.318949343339586  	   0.0
CUFF_NC.10637 	      533	  89.6810506566604    	 10.318949343339586  	   0.0
CUFF_NC.10633 	      533	  89.6810506566604    	 10.318949343339586  	   0.0
CUFF_NC.10614 	      533	  89.6810506566604    	 10.318949343339586  	   0.0
CUFF_NC.1059  	      533	  89.6810506566604    	 10.318949343339586  	   0.0
CUFF_NC.10594 	      533	  89.6810506566604    	 10.318949343339586  	   0.0
CUFF_NC.10574 	      533	  89.6810506566604    	 10.318949343339586  	   0.0
CUFF_NC.10577 	      533	  89.6810506566604    	 10.318949343339586  	   0.0
CUFF_NC.1899  	      533	  89.6810506566604    	 10.318949343339586  	   0.0
CUFF_NC.9866  	      533	  89.6810506566604    	 10.318949343339586  	   0.0
CUFF_NC.9867  	      533	  89.6810506566604    	 10.318949343339586  	   0.0
CUFF_NC.9886  	      533	  89.6810506566604    	 10.318949343339586  	   0.0
CUFF_NC.994   	      533	  89.6810506566604    	 10.318949343339586  	   0.0
CUFF_NC.995   	      533	  89.6810506566604    	 10.318949343339586  	   0.0
CUFF_NC.8446  	      532	  88.7218045112782    	 10.150375939849624  	   1.1278195488721803
CUFF_NC.11013 	      533	  89.8686679174484    	 10.131332082551594  	   0.0
CUFF_NC.9241  	      533	  89.8686679174484    	 10.131332082551594  	   0.0
CUFF_NC.9247  	      533	  89.8686679174484    	 10.131332082551594  	   0.0
CUFF_NC.6315  	      533	  89.8686679174484    	 10.131332082551594  	   0.0
CUFF_NC.633   	      533	  89.8686679174484    	 10.131332082551594  	   0.0
CUFF_NC.1102  	      533	  89.11819887429644   	 10.131332082551594  	   0.7504690431519699
CUFF_NC.11021 	      533	  89.6810506566604    	 10.131332082551594  	   0.18761726078799248
CUFF_NC.925   	      533	  89.8686679174484    	 10.131332082551594  	   0.0
CUFF_NC.9259  	      533	  89.8686679174484    	 10.131332082551594  	   0.0
CUFF_NC.9330  	      533	  89.8686679174484    	 10.131332082551594  	   0.0
CUFF_NC.10567 	      533	  89.6810506566604    	 10.131332082551594  	   0.18761726078799248
CUFF_NC.8051  	      533	  89.30581613508443   	 10.131332082551594  	   0.5628517823639775
CUFF_NC.7961  	      533	  89.8686679174484    	 10.131332082551594  	   0.0
CUFF_NC.7996  	      533	  89.8686679174484    	 10.131332082551594  	   0.0
CUFF_NC.8948  	      533	  89.8686679174484    	 10.131332082551594  	   0.0
CUFF_NC.11006 	      533	  89.6810506566604    	 10.131332082551594  	   0.18761726078799248
CUFF_NC.1189  	      533	  89.6810506566604    	 10.131332082551594  	   0.18761726078799248
CUFF_NC.4722  	      533	  89.49343339587243   	 10.131332082551594  	   0.37523452157598497
CUFF_NC.2042  	      533	  89.6810506566604    	 10.131332082551594  	   0.18761726078799248
CUFF_NC.4728  	      533	  89.49343339587243   	 10.131332082551594  	   0.37523452157598497
CUFF_NC.8842  	      533	  89.6810506566604    	 10.131332082551594  	   0.18761726078799248
CUFF_NC.9793  	      533	  89.8686679174484    	 10.131332082551594  	   0.0
CUFF_NC.2070  	      533	  89.8686679174484    	 10.131332082551594  	   0.0
CUFF_NC.8818  	      533	  89.6810506566604    	 10.131332082551594  	   0.18761726078799248
CUFF_NC.4805  	      533	  89.6810506566604    	 10.131332082551594  	   0.18761726078799248
CUFF_NC.11412 	      533	  89.8686679174484    	 10.131332082551594  	   0.0
CUFF_NC.4852  	      533	  89.6810506566604    	 10.131332082551594  	   0.18761726078799248
CUFF_NC.4853  	      533	  89.8686679174484    	 10.131332082551594  	   0.0
CUFF_NC.1549  	      533	  89.8686679174484    	 10.131332082551594  	   0.0
CUFF_NC.1099  	      533	  89.8686679174484    	 10.131332082551594  	   0.0
CUFF_NC.325   	      533	  89.8686679174484    	 10.131332082551594  	   0.0
CUFF_NC.7857  	      533	  89.8686679174484    	 10.131332082551594  	   0.0
CUFF_NC.6045  	      533	  89.49343339587243   	 10.131332082551594  	   0.37523452157598497
CUFF_NC.6079  	      533	  89.8686679174484    	 10.131332082551594  	   0.0
CUFF_NC.7790  	      533	  89.8686679174484    	 10.131332082551594  	   0.0
CUFF_NC.1521  	      533	  89.6810506566604    	 10.131332082551594  	   0.18761726078799248
CUFF_NC.4954  	      533	  89.8686679174484    	 10.131332082551594  	   0.0
CUFF_NC.4893  	      533	  89.8686679174484    	 10.131332082551594  	   0.0
CUFF_NC.4902  	      533	  89.8686679174484    	 10.131332082551594  	   0.0
CUFF_NC.7823  	      533	  89.11819887429644   	 10.131332082551594  	   0.7504690431519699
CUFF_NC.4903  	      533	  89.8686679174484    	 10.131332082551594  	   0.0
CUFF_NC.451   	      533	  89.6810506566604    	 10.131332082551594  	   0.18761726078799248
CUFF_NC.4574  	      533	  89.8686679174484    	 10.131332082551594  	   0.0
CUFF_NC.1216  	      533	  89.8686679174484    	 10.131332082551594  	   0.0
CUFF_NC.930   	      533	  89.8686679174484    	 10.131332082551594  	   0.0
CUFF_NC.9312  	      533	  89.49343339587243   	 10.131332082551594  	   0.37523452157598497
CUFF_NC.8443  	      533	  89.8686679174484    	 10.131332082551594  	   0.0
CUFF_NC.3473  	      533	  89.6810506566604    	 10.131332082551594  	   0.18761726078799248
CUFF_NC.8507  	      533	  89.8686679174484    	 10.131332082551594  	   0.0
CUFF_NC.3566  	      533	  89.6810506566604    	 10.131332082551594  	   0.18761726078799248
CUFF_NC.6606  	      533	  89.8686679174484    	 10.131332082551594  	   0.0
CUFF_NC.6498  	      533	  89.8686679174484    	 10.131332082551594  	   0.0
CUFF_NC.10619 	      533	  89.49343339587243   	 10.131332082551594  	   0.37523452157598497
CUFF_NC.7752  	      533	  89.8686679174484    	 10.131332082551594  	   0.0
CUFF_NC.7766  	      533	  89.6810506566604    	 10.131332082551594  	   0.18761726078799248
CUFF_NC.10640 	      533	  89.49343339587243   	 10.131332082551594  	   0.37523452157598497
CUFF_NC.2091  	      533	  89.8686679174484    	 10.131332082551594  	   0.0
CUFF_NC.2095  	      533	  88.55534709193246   	 10.131332082551594  	   1.3133208255159476
CUFF_NC.2100  	      533	  89.6810506566604    	 10.131332082551594  	   0.18761726078799248
CUFF_NC.7781  	      533	  89.8686679174484    	 10.131332082551594  	   0.0
CUFF_NC.7786  	      533	  89.8686679174484    	 10.131332082551594  	   0.0
CUFF_NC.10966 	      533	  89.30581613508443   	 10.131332082551594  	   0.5628517823639775
CUFF_NC.10969 	      533	  89.49343339587243   	 10.131332082551594  	   0.37523452157598497
CUFF_NC.3001  	      533	  89.8686679174484    	 10.131332082551594  	   0.0
CUFF_NC.302   	      533	  89.30581613508443   	 10.131332082551594  	   0.5628517823639775
CUFF_NC.9208  	      533	  88.36772983114447   	 10.131332082551594  	   1.5009380863039399
CUFF_NC.5992  	      533	  88.55534709193246   	 10.131332082551594  	   1.3133208255159476
CUFF_NC.2168  	      533	  88.55534709193246   	 10.131332082551594  	   1.3133208255159476
CUFF_NC.2172  	      533	  88.36772983114447   	 10.131332082551594  	   1.5009380863039399
CUFF_NC.2189  	      533	  89.8686679174484    	 10.131332082551594  	   0.0
CUFF_NC.7628  	      533	  89.6810506566604    	 10.131332082551594  	   0.18761726078799248
CUFF_NC.8985  	      533	  89.8686679174484    	 10.131332082551594  	   0.0
CUFF_NC.8986  	      533	  89.6810506566604    	 10.131332082551594  	   0.18761726078799248
CUFF_NC.445   	      533	  89.8686679174484    	 10.131332082551594  	   0.0
CUFF_NC.4930  	      533	  89.8686679174484    	 10.131332082551594  	   0.0
CUFF_NC.4933  	      533	  89.8686679174484    	 10.131332082551594  	   0.0
CUFF_NC.1593  	      533	  89.6810506566604    	 10.131332082551594  	   0.18761726078799248
CUFF_NC.291   	      533	  89.8686679174484    	 10.131332082551594  	   0.0
CUFF_NC.2915  	      533	  89.8686679174484    	 10.131332082551594  	   0.0
CUFF_NC.2928  	      533	  89.8686679174484    	 10.131332082551594  	   0.0
CUFF_NC.10469 	      533	  89.49343339587243   	 10.131332082551594  	   0.37523452157598497
CUFF_NC.6618  	      533	  89.8686679174484    	 10.131332082551594  	   0.0
CUFF_NC.7666  	      533	  89.6810506566604    	 10.131332082551594  	   0.18761726078799248
CUFF_NC.7585  	      533	  88.36772983114447   	 10.131332082551594  	   1.5009380863039399
CUFF_NC.5085  	      533	  89.6810506566604    	 10.131332082551594  	   0.18761726078799248
CUFF_NC.11369 	      533	  89.6810506566604    	 10.131332082551594  	   0.18761726078799248
CUFF_NC.5004  	      533	  89.8686679174484    	 10.131332082551594  	   0.0
CUFF_NC.5015  	      533	  89.8686679174484    	 10.131332082551594  	   0.0
CUFF_NC.898   	      533	  89.8686679174484    	 10.131332082551594  	   0.0
CUFF_NC.360   	      533	  89.49343339587243   	 10.131332082551594  	   0.37523452157598497
CUFF_NC.3602  	      533	  88.93058161350844   	 10.131332082551594  	   0.9380863039399625
CUFF_NC.5927  	      533	  89.8686679174484    	 10.131332082551594  	   0.0
CUFF_NC.594   	      533	  89.8686679174484    	 10.131332082551594  	   0.0
CUFF_NC.5944  	      533	  89.8686679174484    	 10.131332082551594  	   0.0
CUFF_NC.3634  	      533	  89.8686679174484    	 10.131332082551594  	   0.0
CUFF_NC.3687  	      533	  89.8686679174484    	 10.131332082551594  	   0.0
CUFF_NC.8540  	      533	  89.8686679174484    	 10.131332082551594  	   0.0
CUFF_NC.7477  	      533	  89.30581613508443   	 10.131332082551594  	   0.5628517823639775
CUFF_NC.5117  	      533	  89.8686679174484    	 10.131332082551594  	   0.0
CUFF_NC.8968  	      533	  89.8686679174484    	 10.131332082551594  	   0.0
CUFF_NC.8971  	      533	  89.6810506566604    	 10.131332082551594  	   0.18761726078799248
CUFF_NC.9363  	      533	  89.49343339587243   	 10.131332082551594  	   0.37523452157598497
CUFF_NC.10470 	      533	  89.8686679174484    	 10.131332082551594  	   0.0
CUFF_NC.9174  	      533	  89.8686679174484    	 10.131332082551594  	   0.0
CUFF_NC.10219 	      533	  89.6810506566604    	 10.131332082551594  	   0.18761726078799248
CUFF_NC.3703  	      533	  89.8686679174484    	 10.131332082551594  	   0.0
CUFF_NC.5830  	      533	  89.6810506566604    	 10.131332082551594  	   0.18761726078799248
CUFF_NC.9339  	      533	  89.8686679174484    	 10.131332082551594  	   0.0
CUFF_NC.6754  	      533	  89.6810506566604    	 10.131332082551594  	   0.18761726078799248
CUFF_NC.10901 	      533	  89.6810506566604    	 10.131332082551594  	   0.18761726078799248
CUFF_NC.5871  	      533	  89.49343339587243   	 10.131332082551594  	   0.37523452157598497
CUFF_NC.5880  	      533	  89.6810506566604    	 10.131332082551594  	   0.18761726078799248
CUFF_NC.857   	      533	  89.30581613508443   	 10.131332082551594  	   0.5628517823639775
CUFF_NC.5791  	      533	  89.6810506566604    	 10.131332082551594  	   0.18761726078799248
CUFF_NC.373   	      533	  89.49343339587243   	 10.131332082551594  	   0.37523452157598497
CUFF_NC.8071  	      533	  89.6810506566604    	 10.131332082551594  	   0.18761726078799248
CUFF_NC.7442  	      533	  89.6810506566604    	 10.131332082551594  	   0.18761726078799248
CUFF_NC.2229  	      533	  89.30581613508443   	 10.131332082551594  	   0.5628517823639775
CUFF_NC.4344  	      533	  89.8686679174484    	 10.131332082551594  	   0.0
CUFF_NC.4364  	      533	  89.8686679174484    	 10.131332082551594  	   0.0
CUFF_NC.510   	      533	  89.8686679174484    	 10.131332082551594  	   0.0
CUFF_NC.7606  	      533	  89.8686679174484    	 10.131332082551594  	   0.0
CUFF_NC.3740  	      533	  89.8686679174484    	 10.131332082551594  	   0.0
CUFF_NC.5771  	      533	  89.8686679174484    	 10.131332082551594  	   0.0
CUFF_NC.5774  	      533	  89.49343339587243   	 10.131332082551594  	   0.37523452157598497
CUFF_NC.3796  	      533	  89.8686679174484    	 10.131332082551594  	   0.0
CUFF_NC.3836  	      533	  89.8686679174484    	 10.131332082551594  	   0.0
CUFF_NC.9118  	      533	  89.8686679174484    	 10.131332082551594  	   0.0
CUFF_NC.3856  	      533	  89.8686679174484    	 10.131332082551594  	   0.0
CUFF_NC.3859  	      533	  89.6810506566604    	 10.131332082551594  	   0.18761726078799248
CUFF_NC.5696  	      533	  89.8686679174484    	 10.131332082551594  	   0.0
CUFF_NC.5713  	      533	  89.8686679174484    	 10.131332082551594  	   0.0
CUFF_NC.11149 	      533	  89.8686679174484    	 10.131332082551594  	   0.0
CUFF_NC.938   	      533	  89.8686679174484    	 10.131332082551594  	   0.0
CUFF_NC.5611  	      533	  89.8686679174484    	 10.131332082551594  	   0.0
CUFF_NC.3923  	      533	  89.8686679174484    	 10.131332082551594  	   0.0
CUFF_NC.6896  	      533	  89.8686679174484    	 10.131332082551594  	   0.0
CUFF_NC.6898  	      533	  89.8686679174484    	 10.131332082551594  	   0.0
CUFF_NC.6906  	      533	  89.8686679174484    	 10.131332082551594  	   0.0
CUFF_NC.2306  	      533	  89.8686679174484    	 10.131332082551594  	   0.0
CUFF_NC.7408  	      533	  89.8686679174484    	 10.131332082551594  	   0.0
CUFF_NC.7411  	      533	  89.8686679174484    	 10.131332082551594  	   0.0
CUFF_NC.2325  	      533	  89.8686679174484    	 10.131332082551594  	   0.0
CUFF_NC.4264  	      533	  89.6810506566604    	 10.131332082551594  	   0.18761726078799248
CUFF_NC.5147  	      533	  89.8686679174484    	 10.131332082551594  	   0.0
CUFF_NC.7307  	      533	  89.8686679174484    	 10.131332082551594  	   0.0
CUFF_NC.7321  	      533	  89.8686679174484    	 10.131332082551594  	   0.0
CUFF_NC.7336  	      533	  89.8686679174484    	 10.131332082551594  	   0.0
CUFF_NC.9047  	      533	  89.6810506566604    	 10.131332082551594  	   0.18761726078799248
CUFF_NC.11300 	      533	  89.49343339587243   	 10.131332082551594  	   0.37523452157598497
CUFF_NC.4254  	      533	  89.8686679174484    	 10.131332082551594  	   0.0
CUFF_NC.2301  	      533	  89.30581613508443   	 10.131332082551594  	   0.5628517823639775
CUFF_NC.272   	      533	  89.8686679174484    	 10.131332082551594  	   0.0
CUFF_NC.3963  	      533	  89.6810506566604    	 10.131332082551594  	   0.18761726078799248
CUFF_NC.3967  	      533	  89.6810506566604    	 10.131332082551594  	   0.18761726078799248
CUFF_NC.3984  	      533	  89.30581613508443   	 10.131332082551594  	   0.5628517823639775
CUFF_NC.8622  	      533	  89.8686679174484    	 10.131332082551594  	   0.0
CUFF_NC.8643  	      533	  89.6810506566604    	 10.131332082551594  	   0.18761726078799248
CUFF_NC.8650  	      533	  89.6810506566604    	 10.131332082551594  	   0.18761726078799248
CUFF_NC.2633  	      533	  89.6810506566604    	 10.131332082551594  	   0.18761726078799248
CUFF_NC.2379  	      533	  89.8686679174484    	 10.131332082551594  	   0.0
CUFF_NC.2386  	      533	  89.8686679174484    	 10.131332082551594  	   0.0
CUFF_NC.7273  	      533	  89.6810506566604    	 10.131332082551594  	   0.18761726078799248
CUFF_NC.7283  	      533	  89.8686679174484    	 10.131332082551594  	   0.0
CUFF_NC.11276 	      533	  89.8686679174484    	 10.131332082551594  	   0.0
CUFF_NC.5320  	      533	  88.36772983114447   	 10.131332082551594  	   1.5009380863039399
CUFF_NC.10342 	      533	  89.8686679174484    	 10.131332082551594  	   0.0
CUFF_NC.10345 	      533	  89.30581613508443   	 10.131332082551594  	   0.5628517823639775
CUFF_NC.5225  	      533	  89.30581613508443   	 10.131332082551594  	   0.5628517823639775
CUFF_NC.1761  	      533	  88.36772983114447   	 10.131332082551594  	   1.5009380863039399
CUFF_NC.8271  	      533	  89.8686679174484    	 10.131332082551594  	   0.0
CUFF_NC.8281  	      533	  89.8686679174484    	 10.131332082551594  	   0.0
CUFF_NC.8287  	      533	  89.8686679174484    	 10.131332082551594  	   0.0
CUFF_NC.8301  	      533	  89.6810506566604    	 10.131332082551594  	   0.18761726078799248
CUFF_NC.8310  	      533	  89.8686679174484    	 10.131332082551594  	   0.0
CUFF_NC.4046  	      533	  88.74296435272045   	 10.131332082551594  	   1.125703564727955
CUFF_NC.11221 	      533	  89.8686679174484    	 10.131332082551594  	   0.0
CUFF_NC.5558  	      533	  89.8686679174484    	 10.131332082551594  	   0.0
CUFF_NC.1724  	      533	  89.6810506566604    	 10.131332082551594  	   0.18761726078799248
CUFF_NC.4223  	      533	  89.8686679174484    	 10.131332082551594  	   0.0
CUFF_NC.11288 	      533	  88.55534709193246   	 10.131332082551594  	   1.3133208255159476
CUFF_NC.9613  	      533	  89.11819887429644   	 10.131332082551594  	   0.7504690431519699
CUFF_NC.2608  	      533	  89.6810506566604    	 10.131332082551594  	   0.18761726078799248
CUFF_NC.10849 	      533	  89.30581613508443   	 10.131332082551594  	   0.5628517823639775
CUFF_NC.6952  	      533	  89.8686679174484    	 10.131332082551594  	   0.0
CUFF_NC.8182  	      533	  89.6810506566604    	 10.131332082551594  	   0.18761726078799248
CUFF_NC.8185  	      533	  89.8686679174484    	 10.131332082551594  	   0.0
CUFF_NC.11226 	      533	  89.8686679174484    	 10.131332082551594  	   0.0
CUFF_NC.5470  	      533	  89.8686679174484    	 10.131332082551594  	   0.0
CUFF_NC.5488  	      533	  89.8686679174484    	 10.131332082551594  	   0.0
CUFF_NC.5503  	      533	  89.11819887429644   	 10.131332082551594  	   0.7504690431519699
CUFF_NC.2575  	      533	  89.8686679174484    	 10.131332082551594  	   0.0
CUFF_NC.8204  	      533	  89.6810506566604    	 10.131332082551594  	   0.18761726078799248
CUFF_NC.8209  	      533	  89.8686679174484    	 10.131332082551594  	   0.0
CUFF_NC.8221  	      533	  89.8686679174484    	 10.131332082551594  	   0.0
CUFF_NC.10820 	      533	  89.30581613508443   	 10.131332082551594  	   0.5628517823639775
CUFF_NC.7045  	      533	  89.8686679174484    	 10.131332082551594  	   0.0
CUFF_NC.7064  	      533	  89.8686679174484    	 10.131332082551594  	   0.0
CUFF_NC.5327  	      533	  89.8686679174484    	 10.131332082551594  	   0.0
CUFF_NC.1726  	      533	  89.30581613508443   	 10.131332082551594  	   0.5628517823639775
CUFF_NC.1729  	      533	  89.8686679174484    	 10.131332082551594  	   0.0
CUFF_NC.9537  	      533	  89.8686679174484    	 10.131332082551594  	   0.0
CUFF_NC.7189  	      533	  89.8686679174484    	 10.131332082551594  	   0.0
CUFF_NC.10772 	      533	  89.8686679174484    	 10.131332082551594  	   0.0
CUFF_NC.7213  	      533	  89.6810506566604    	 10.131332082551594  	   0.18761726078799248
CUFF_NC.7303  	      533	  89.8686679174484    	 10.131332082551594  	   0.0
CUFF_NC.8126  	      533	  89.8686679174484    	 10.131332082551594  	   0.0
CUFF_NC.8127  	      533	  89.8686679174484    	 10.131332082551594  	   0.0
CUFF_NC.2527  	      533	  89.8686679174484    	 10.131332082551594  	   0.0
CUFF_NC.5399  	      533	  89.8686679174484    	 10.131332082551594  	   0.0
CUFF_NC.9067  	      533	  89.8686679174484    	 10.131332082551594  	   0.0
CUFF_NC.4115  	      533	  89.8686679174484    	 10.131332082551594  	   0.0
CUFF_NC.4150  	      533	  89.49343339587243   	 10.131332082551594  	   0.37523452157598497
CUFF_NC.8693  	      533	  89.8686679174484    	 10.131332082551594  	   0.0
CUFF_NC.9518  	      533	  89.8686679174484    	 10.131332082551594  	   0.0
CUFF_NC.1337  	      533	  89.8686679174484    	 10.131332082551594  	   0.0
CUFF_NC.9058  	      533	  89.8686679174484    	 10.131332082551594  	   0.0
CUFF_NC.10378 	      533	  89.11819887429644   	 10.131332082551594  	   0.7504690431519699
CUFF_NC.2470  	      533	  89.8686679174484    	 10.131332082551594  	   0.0
CUFF_NC.71    	      533	  89.8686679174484    	 10.131332082551594  	   0.0
CUFF_NC.2033  	      533	  89.6810506566604    	 10.131332082551594  	   0.18761726078799248
CUFF_NC.7966  	      533	  89.8686679174484    	 10.131332082551594  	   0.0
CUFF_NC.7974  	      533	  89.8686679174484    	 10.131332082551594  	   0.0
CUFF_NC.1919  	      533	  89.8686679174484    	 10.131332082551594  	   0.0
CUFF_NC.1875  	      533	  89.30581613508443   	 10.131332082551594  	   0.5628517823639775
CUFF_NC.1895  	      533	  89.8686679174484    	 10.131332082551594  	   0.0
CUFF_NC.9900  	      533	  89.8686679174484    	 10.131332082551594  	   0.0
CUFF_NC.11024 	      533	  89.6810506566604    	 10.131332082551594  	   0.18761726078799248
CUFF_NC.6412  	      533	  89.8686679174484    	 10.131332082551594  	   0.0
CUFF_NC.2066  	      533	  89.49343339587243   	 10.131332082551594  	   0.37523452157598497
CUFF_NC.9708  	      533	  89.49343339587243   	 10.131332082551594  	   0.37523452157598497
CUFF_NC.8012  	      533	  89.8686679174484    	 10.131332082551594  	   0.0
CUFF_NC.4752  	      533	  89.8686679174484    	 10.131332082551594  	   0.0
CUFF_NC.4764  	      533	  89.49343339587243   	 10.131332082551594  	   0.37523452157598497
CUFF_NC.1168  	      533	  89.6810506566604    	 10.131332082551594  	   0.18761726078799248
CUFF_NC.4667  	      533	  89.49343339587243   	 10.131332082551594  	   0.37523452157598497
CUFF_NC.9858  	      533	  89.8686679174484    	 10.131332082551594  	   0.0
CUFF_NC.9969  	      533	  88.55534709193246   	 10.131332082551594  	   1.3133208255159476
CUFF_NC.9859  	      533	  89.8686679174484    	 10.131332082551594  	   0.0
CUFF_NC.9868  	      533	  89.8686679174484    	 10.131332082551594  	   0.0
CUFF_NC.8212  	      532	  88.90977443609023   	  9.962406015037594  	   1.1278195488721803
CUFF_NC.1063  	      532	  90.0375939849624    	  9.962406015037594  	   0.0
CUFF_NC.1962  	      533	  90.0562851782364    	  9.943714821763603  	   0.0
CUFF_NC.4790  	      533	  89.8686679174484    	  9.943714821763603  	   0.18761726078799248
CUFF_NC.2081  	      533	  90.0562851782364    	  9.943714821763603  	   0.0
CUFF_NC.3071  	      533	  89.11819887429644   	  9.943714821763603  	   0.9380863039399625
CUFF_NC.8113  	      533	  89.49343339587243   	  9.943714821763603  	   0.5628517823639775
CUFF_NC.646   	      533	  90.0562851782364    	  9.943714821763603  	   0.0
CUFF_NC.8907  	      533	  90.0562851782364    	  9.943714821763603  	   0.0
CUFF_NC.8677  	      533	  90.0562851782364    	  9.943714821763603  	   0.0
CUFF_NC.9583  	      533	  90.0562851782364    	  9.943714821763603  	   0.0
CUFF_NC.4020  	      533	  89.8686679174484    	  9.943714821763603  	   0.18761726078799248
CUFF_NC.320   	      533	  90.0562851782364    	  9.943714821763603  	   0.0
CUFF_NC.2418  	      533	  90.0562851782364    	  9.943714821763603  	   0.0
CUFF_NC.866   	      533	  89.8686679174484    	  9.943714821763603  	   0.18761726078799248
CUFF_NC.5439  	      533	  89.49343339587243   	  9.943714821763603  	   0.5628517823639775
CUFF_NC.624   	      533	  90.0562851782364    	  9.943714821763603  	   0.0
CUFF_NC.10359 	      533	  90.0562851782364    	  9.943714821763603  	   0.0
CUFF_NC.4069  	      533	  89.8686679174484    	  9.943714821763603  	   0.18761726078799248
CUFF_NC.5478  	      533	  90.0562851782364    	  9.943714821763603  	   0.0
CUFF_NC.5507  	      533	  90.0562851782364    	  9.943714821763603  	   0.0
CUFF_NC.2571  	      533	  89.8686679174484    	  9.943714821763603  	   0.18761726078799248
CUFF_NC.408   	      533	  90.0562851782364    	  9.943714821763603  	   0.0
CUFF_NC.8700  	      533	  90.0562851782364    	  9.943714821763603  	   0.0
CUFF_NC.11258 	      533	  90.0562851782364    	  9.943714821763603  	   0.0
CUFF_NC.7201  	      533	  89.8686679174484    	  9.943714821763603  	   0.18761726078799248
CUFF_NC.9450  	      533	  89.11819887429644   	  9.943714821763603  	   0.9380863039399625
CUFF_NC.2536  	      533	  90.0562851782364    	  9.943714821763603  	   0.0
CUFF_NC.9483  	      533	  90.0562851782364    	  9.943714821763603  	   0.0
CUFF_NC.9508  	      533	  89.6810506566604    	  9.943714821763603  	   0.37523452157598497
CUFF_NC.9052  	      533	  90.0562851782364    	  9.943714821763603  	   0.0
CUFF_NC.5593  	      533	  90.0562851782364    	  9.943714821763603  	   0.0
CUFF_NC.8292  	      533	  90.0562851782364    	  9.943714821763603  	   0.0
CUFF_NC.5276  	      533	  90.0562851782364    	  9.943714821763603  	   0.0
CUFF_NC.9480  	      533	  90.0562851782364    	  9.943714821763603  	   0.0
CUFF_NC.5590  	      533	  90.0562851782364    	  9.943714821763603  	   0.0
CUFF_NC.2597  	      533	  89.8686679174484    	  9.943714821763603  	   0.18761726078799248
CUFF_NC.4213  	      533	  90.0562851782364    	  9.943714821763603  	   0.0
CUFF_NC.9004  	      533	  90.0562851782364    	  9.943714821763603  	   0.0
CUFF_NC.7300  	      533	  90.0562851782364    	  9.943714821763603  	   0.0
CUFF_NC.7221  	      533	  89.6810506566604    	  9.943714821763603  	   0.37523452157598497
CUFF_NC.11267 	      533	  90.0562851782364    	  9.943714821763603  	   0.0
CUFF_NC.7297  	      533	  90.0562851782364    	  9.943714821763603  	   0.0
CUFF_NC.4038  	      533	  90.0562851782364    	  9.943714821763603  	   0.0
CUFF_NC.7449  	      533	  89.8686679174484    	  9.943714821763603  	   0.18761726078799248
CUFF_NC.760   	      533	  89.6810506566604    	  9.943714821763603  	   0.37523452157598497
CUFF_NC.1788  	      533	  89.30581613508443   	  9.943714821763603  	   0.7504690431519699
CUFF_NC.7470  	      533	  90.0562851782364    	  9.943714821763603  	   0.0
CUFF_NC.7609  	      533	  89.30581613508443   	  9.943714821763603  	   0.7504690431519699
CUFF_NC.376   	      533	  90.0562851782364    	  9.943714821763603  	   0.0
CUFF_NC.3732  	      533	  90.0562851782364    	  9.943714821763603  	   0.0
CUFF_NC.3733  	      533	  90.0562851782364    	  9.943714821763603  	   0.0
CUFF_NC.2210  	      533	  89.8686679174484    	  9.943714821763603  	   0.18761726078799248
CUFF_NC.9680  	      533	  90.0562851782364    	  9.943714821763603  	   0.0
CUFF_NC.2787  	      533	  89.8686679174484    	  9.943714821763603  	   0.18761726078799248
CUFF_NC.3723  	      533	  90.0562851782364    	  9.943714821763603  	   0.0
CUFF_NC.2870  	      533	  89.30581613508443   	  9.943714821763603  	   0.7504690431519699
CUFF_NC.2332  	      533	  90.0562851782364    	  9.943714821763603  	   0.0
CUFF_NC.4941  	      533	  90.0562851782364    	  9.943714821763603  	   0.0
CUFF_NC.5766  	      533	  90.0562851782364    	  9.943714821763603  	   0.0
CUFF_NC.5725  	      533	  89.8686679174484    	  9.943714821763603  	   0.18761726078799248
CUFF_NC.7434  	      533	  89.8686679174484    	  9.943714821763603  	   0.18761726078799248
CUFF_NC.738   	      533	  89.49343339587243   	  9.943714821763603  	   0.5628517823639775
CUFF_NC.1084  	      533	  90.0562851782364    	  9.943714821763603  	   0.0
CUFF_NC.8337  	      533	  90.0562851782364    	  9.943714821763603  	   0.0
CUFF_NC.3992  	      533	  90.0562851782364    	  9.943714821763603  	   0.0
CUFF_NC.7437  	      533	  89.49343339587243   	  9.943714821763603  	   0.5628517823639775
CUFF_NC.8877  	      533	  90.0562851782364    	  9.943714821763603  	   0.0
CUFF_NC.4960  	      533	  90.0562851782364    	  9.943714821763603  	   0.0
CUFF_NC.5199  	      533	  90.0562851782364    	  9.943714821763603  	   0.0
CUFF_NC.2243  	      533	  88.55534709193246   	  9.943714821763603  	   1.5009380863039399
CUFF_NC.9042  	      533	  89.8686679174484    	  9.943714821763603  	   0.18761726078799248
CUFF_NC.9843  	      533	  89.8686679174484    	  9.943714821763603  	   0.18761726078799248
CUFF_NC.11433 	      533	  90.0562851782364    	  9.943714821763603  	   0.0
CUFF_NC.1997  	      533	  90.0562851782364    	  9.943714821763603  	   0.0
CUFF_NC.193   	      533	  89.6810506566604    	  9.943714821763603  	   0.37523452157598497
CUFF_NC.9061  	      533	  90.0562851782364    	  9.943714821763603  	   0.0
CUFF_NC.10380 	      533	  90.0562851782364    	  9.943714821763603  	   0.0
CUFF_NC.8668  	      533	  90.0562851782364    	  9.943714821763603  	   0.0
CUFF_NC.7106  	      533	  88.74296435272045   	  9.943714821763603  	   1.3133208255159476
CUFF_NC.7988  	      533	  89.8686679174484    	  9.943714821763603  	   0.18761726078799248
CUFF_NC.1843  	      533	  89.8686679174484    	  9.943714821763603  	   0.18761726078799248
CUFF_NC.1888  	      533	  87.05440900562851   	  9.943714821763603  	   3.0018761726078798
CUFF_NC.4636  	      533	  90.0562851782364    	  9.943714821763603  	   0.0
CUFF_NC.4629  	      533	  90.0562851782364    	  9.943714821763603  	   0.0
CUFF_NC.8839  	      533	  89.6810506566604    	  9.943714821763603  	   0.37523452157598497
CUFF_NC.447   	      533	  90.0562851782364    	  9.943714821763603  	   0.0
CUFF_NC.289   	      533	  90.0562851782364    	  9.943714821763603  	   0.0
CUFF_NC.7632  	      533	  90.0562851782364    	  9.943714821763603  	   0.0
CUFF_NC.5993  	      533	  89.49343339587243   	  9.943714821763603  	   0.5628517823639775
CUFF_NC.9209  	      533	  89.8686679174484    	  9.943714821763603  	   0.18761726078799248
CUFF_NC.10199 	      533	  89.8686679174484    	  9.943714821763603  	   0.18761726078799248
CUFF_NC.10685 	      533	  90.0562851782364    	  9.943714821763603  	   0.0
CUFF_NC.8972  	      533	  90.0562851782364    	  9.943714821763603  	   0.0
CUFF_NC.7594  	      533	  89.8686679174484    	  9.943714821763603  	   0.18761726078799248
CUFF_NC.8988  	      533	  90.0562851782364    	  9.943714821763603  	   0.0
CUFF_NC.2143  	      533	  90.0562851782364    	  9.943714821763603  	   0.0
CUFF_NC.5029  	      533	  89.11819887429644   	  9.943714821763603  	   0.9380863039399625
CUFF_NC.3588  	      533	  87.05440900562851   	  9.943714821763603  	   3.0018761726078798
CUFF_NC.10960 	      533	  90.0562851782364    	  9.943714821763603  	   0.0
CUFF_NC.5030  	      533	  89.8686679174484    	  9.943714821763603  	   0.18761726078799248
CUFF_NC.4436  	      533	  90.0562851782364    	  9.943714821763603  	   0.0
CUFF_NC.8074  	      533	  89.11819887429644   	  9.943714821763603  	   0.9380863039399625
CUFF_NC.5132  	      533	  90.0562851782364    	  9.943714821763603  	   0.0
CUFF_NC.8508  	      533	  90.0562851782364    	  9.943714821763603  	   0.0
CUFF_NC.10699 	      533	  89.8686679174484    	  9.943714821763603  	   0.18761726078799248
CUFF_NC.6756  	      533	  90.0562851782364    	  9.943714821763603  	   0.0
CUFF_NC.2930  	      533	  90.0562851782364    	  9.943714821763603  	   0.0
CUFF_NC.6576  	      533	  90.0562851782364    	  9.943714821763603  	   0.0
CUFF_NC.10947 	      533	  89.11819887429644   	  9.943714821763603  	   0.9380863039399625
CUFF_NC.6665  	      533	  90.0562851782364    	  9.943714821763603  	   0.0
CUFF_NC.6700  	      533	  90.0562851782364    	  9.943714821763603  	   0.0
CUFF_NC.6727  	      533	  90.0562851782364    	  9.943714821763603  	   0.0
CUFF_NC.4608  	      533	  90.0562851782364    	  9.943714821763603  	   0.0
CUFF_NC.6300  	      533	  90.0562851782364    	  9.943714821763603  	   0.0
CUFF_NC.7950  	      533	  89.49343339587243   	  9.943714821763603  	   0.5628517823639775
CUFF_NC.11031 	      533	  90.0562851782364    	  9.943714821763603  	   0.0
CUFF_NC.1174  	      533	  90.0562851782364    	  9.943714821763603  	   0.0
CUFF_NC.8973  	      533	  89.8686679174484    	  9.943714821763603  	   0.18761726078799248
CUFF_NC.5947  	      533	  90.0562851782364    	  9.943714821763603  	   0.0
CUFF_NC.128   	      533	  89.6810506566604    	  9.943714821763603  	   0.37523452157598497
CUFF_NC.10062 	      533	  89.8686679174484    	  9.943714821763603  	   0.18761726078799248
CUFF_NC.5019  	      533	  90.0562851782364    	  9.943714821763603  	   0.0
CUFF_NC.7750  	      531	  90.20715630885122   	  9.792843691148775  	   0.0
CUFF_NC.8100  	      532	  90.0375939849624    	  9.774436090225564  	   0.18796992481203006
CUFF_NC.1696  	      532	  90.0375939849624    	  9.774436090225564  	   0.18796992481203006
CUFF_NC.5356  	      533	  90.2439024390244    	  9.75609756097561   	   0.0
CUFF_NC.1693  	      533	  90.2439024390244    	  9.75609756097561   	   0.0
CUFF_NC.5398  	      533	  90.2439024390244    	  9.75609756097561   	   0.0
CUFF_NC.4810  	      533	  89.8686679174484    	  9.75609756097561   	   0.37523452157598497
CUFF_NC.7874  	      533	  88.55534709193246   	  9.75609756097561   	   1.6885553470919326
CUFF_NC.9338  	      533	  90.2439024390244    	  9.75609756097561   	   0.0
CUFF_NC.339   	      533	  90.2439024390244    	  9.75609756097561   	   0.0
CUFF_NC.9275  	      533	  90.2439024390244    	  9.75609756097561   	   0.0
CUFF_NC.4085  	      533	  90.2439024390244    	  9.75609756097561   	   0.0
CUFF_NC.7034  	      533	  90.2439024390244    	  9.75609756097561   	   0.0
CUFF_NC.6467  	      533	  90.0562851782364    	  9.75609756097561   	   0.18761726078799248
CUFF_NC.7304  	      533	  90.2439024390244    	  9.75609756097561   	   0.0
CUFF_NC.22    	      533	  90.2439024390244    	  9.75609756097561   	   0.0
CUFF_NC.10127 	      533	  90.2439024390244    	  9.75609756097561   	   0.0
CUFF_NC.5580  	      533	  90.2439024390244    	  9.75609756097561   	   0.0
CUFF_NC.1128  	      533	  88.93058161350844   	  9.75609756097561   	   1.3133208255159476
CUFF_NC.10753 	      533	  90.0562851782364    	  9.75609756097561   	   0.18761726078799248
CUFF_NC.2634  	      533	  90.2439024390244    	  9.75609756097561   	   0.0
CUFF_NC.264   	      533	  90.0562851782364    	  9.75609756097561   	   0.18761726078799248
CUFF_NC.9623  	      533	  90.2439024390244    	  9.75609756097561   	   0.0
CUFF_NC.4216  	      533	  89.8686679174484    	  9.75609756097561   	   0.37523452157598497
CUFF_NC.2419  	      533	  90.2439024390244    	  9.75609756097561   	   0.0
CUFF_NC.4201  	      533	  90.2439024390244    	  9.75609756097561   	   0.0
CUFF_NC.1085  	      533	  88.74296435272045   	  9.75609756097561   	   1.5009380863039399
CUFF_NC.9008  	      533	  90.2439024390244    	  9.75609756097561   	   0.0
CUFF_NC.2627  	      533	  90.2439024390244    	  9.75609756097561   	   0.0
CUFF_NC.7012  	      533	  90.2439024390244    	  9.75609756097561   	   0.0
CUFF_NC.10975 	      533	  90.2439024390244    	  9.75609756097561   	   0.0
CUFF_NC.345   	      533	  90.2439024390244    	  9.75609756097561   	   0.0
CUFF_NC.4547  	      533	  90.2439024390244    	  9.75609756097561   	   0.0
CUFF_NC.4881  	      533	  89.6810506566604    	  9.75609756097561   	   0.5628517823639775
CUFF_NC.7824  	      533	  90.2439024390244    	  9.75609756097561   	   0.0
CUFF_NC.8245  	      533	  89.8686679174484    	  9.75609756097561   	   0.37523452157598497
CUFF_NC.2717  	      533	  90.2439024390244    	  9.75609756097561   	   0.0
CUFF_NC.3990  	      533	  90.2439024390244    	  9.75609756097561   	   0.0
CUFF_NC.9048  	      533	  89.8686679174484    	  9.75609756097561   	   0.37523452157598497
CUFF_NC.4237  	      533	  89.8686679174484    	  9.75609756097561   	   0.37523452157598497
CUFF_NC.3472  	      533	  83.48968105065666   	  9.75609756097561   	   6.75422138836773
CUFF_NC.10620 	      533	  90.2439024390244    	  9.75609756097561   	   0.0
CUFF_NC.11140 	      533	  90.2439024390244    	  9.75609756097561   	   0.0
CUFF_NC.5737  	      533	  89.11819887429644   	  9.75609756097561   	   1.125703564727955
CUFF_NC.3793  	      533	  90.2439024390244    	  9.75609756097561   	   0.0
CUFF_NC.10711 	      533	  90.2439024390244    	  9.75609756097561   	   0.0
CUFF_NC.9685  	      533	  90.2439024390244    	  9.75609756097561   	   0.0
CUFF_NC.3729  	      533	  90.2439024390244    	  9.75609756097561   	   0.0
CUFF_NC.2823  	      533	  90.2439024390244    	  9.75609756097561   	   0.0
CUFF_NC.3761  	      533	  90.2439024390244    	  9.75609756097561   	   0.0
CUFF_NC.9164  	      533	  90.2439024390244    	  9.75609756097561   	   0.0
CUFF_NC.10480 	      533	  90.0562851782364    	  9.75609756097561   	   0.18761726078799248
CUFF_NC.10920 	      533	  90.2439024390244    	  9.75609756097561   	   0.0
CUFF_NC.10899 	      533	  90.2439024390244    	  9.75609756097561   	   0.0
CUFF_NC.9439  	      533	  89.8686679174484    	  9.75609756097561   	   0.37523452157598497
CUFF_NC.8079  	      533	  90.2439024390244    	  9.75609756097561   	   0.0
CUFF_NC.7608  	      533	  90.0562851782364    	  9.75609756097561   	   0.18761726078799248
CUFF_NC.9433  	      533	  90.2439024390244    	  9.75609756097561   	   0.0
CUFF_NC.2756  	      533	  89.6810506566604    	  9.75609756097561   	   0.5628517823639775
CUFF_NC.944   	      533	  90.2439024390244    	  9.75609756097561   	   0.0
CUFF_NC.8967  	      533	  90.2439024390244    	  9.75609756097561   	   0.0
CUFF_NC.9360  	      533	  90.0562851782364    	  9.75609756097561   	   0.18761726078799248
CUFF_NC.7631  	      533	  89.49343339587243   	  9.75609756097561   	   0.7504690431519699
CUFF_NC.6633  	      533	  90.2439024390244    	  9.75609756097561   	   0.0
CUFF_NC.3599  	      533	  89.11819887429644   	  9.75609756097561   	   1.125703564727955
CUFF_NC.3603  	      533	  88.18011257035647   	  9.75609756097561   	   2.0637898686679175
CUFF_NC.9202  	      533	  90.2439024390244    	  9.75609756097561   	   0.0
CUFF_NC.7705  	      533	  90.2439024390244    	  9.75609756097561   	   0.0
CUFF_NC.7738  	      533	  90.2439024390244    	  9.75609756097561   	   0.0
CUFF_NC.2092  	      533	  90.2439024390244    	  9.75609756097561   	   0.0
CUFF_NC.10156 	      533	  88.93058161350844   	  9.75609756097561   	   1.3133208255159476
CUFF_NC.9371  	      533	  90.2439024390244    	  9.75609756097561   	   0.0
CUFF_NC.6658  	      533	  90.2439024390244    	  9.75609756097561   	   0.0
CUFF_NC.203   	      533	  90.2439024390244    	  9.75609756097561   	   0.0
CUFF_NC.4679  	      533	  88.55534709193246   	  9.75609756097561   	   1.6885553470919326
CUFF_NC.5415  	      533	  90.2439024390244    	  9.75609756097561   	   0.0
CUFF_NC.1879  	      533	  90.2439024390244    	  9.75609756097561   	   0.0
CUFF_NC.1144  	      533	  90.2439024390244    	  9.75609756097561   	   0.0
CUFF_NC.11028 	      533	  90.43151969981238   	  9.568480300187618  	   0.0
CUFF_NC.9988  	      533	  90.43151969981238   	  9.568480300187618  	   0.0
CUFF_NC.2481  	      533	  90.43151969981238   	  9.568480300187618  	   0.0
CUFF_NC.9710  	      533	  90.43151969981238   	  9.568480300187618  	   0.0
CUFF_NC.8928  	      533	  90.43151969981238   	  9.568480300187618  	   0.0
CUFF_NC.10177 	      533	  90.2439024390244    	  9.568480300187618  	   0.18761726078799248
CUFF_NC.11041 	      533	  87.61726078799249   	  9.568480300187618  	   2.8142589118198873
CUFF_NC.312   	      533	  89.11819887429644   	  9.568480300187618  	   1.3133208255159476
CUFF_NC.2031  	      533	  89.8686679174484    	  9.568480300187618  	   0.5628517823639775
CUFF_NC.6701  	      533	  90.43151969981238   	  9.568480300187618  	   0.0
CUFF_NC.102   	      533	  90.43151969981238   	  9.568480300187618  	   0.0
CUFF_NC.9659  	      533	  90.2439024390244    	  9.568480300187618  	   0.18761726078799248
CUFF_NC.180   	      533	  90.0562851782364    	  9.568480300187618  	   0.37523452157598497
CUFF_NC.145   	      533	  90.43151969981238   	  9.568480300187618  	   0.0
CUFF_NC.597   	      533	  90.43151969981238   	  9.568480300187618  	   0.0
CUFF_NC.6656  	      533	  88.18011257035647   	  9.568480300187618  	   2.25140712945591
CUFF_NC.5002  	      533	  90.43151969981238   	  9.568480300187618  	   0.0
CUFF_NC.5081  	      533	  90.43151969981238   	  9.568480300187618  	   0.0
CUFF_NC.5066  	      533	  90.43151969981238   	  9.568480300187618  	   0.0
CUFF_NC.7582  	      533	  90.43151969981238   	  9.568480300187618  	   0.0
CUFF_NC.2176  	      533	  90.43151969981238   	  9.568480300187618  	   0.0
CUFF_NC.9233  	      533	  90.43151969981238   	  9.568480300187618  	   0.0
CUFF_NC.11062 	      533	  90.43151969981238   	  9.568480300187618  	   0.0
CUFF_NC.3004  	      533	  90.0562851782364    	  9.568480300187618  	   0.37523452157598497
CUFF_NC.6544  	      533	  90.2439024390244    	  9.568480300187618  	   0.18761726078799248
CUFF_NC.5041  	      533	  90.43151969981238   	  9.568480300187618  	   0.0
CUFF_NC.5031  	      533	  90.43151969981238   	  9.568480300187618  	   0.0
CUFF_NC.4427  	      533	  90.43151969981238   	  9.568480300187618  	   0.0
CUFF_NC.10418 	      533	  90.43151969981238   	  9.568480300187618  	   0.0
CUFF_NC.2855  	      533	  87.8048780487805    	  9.568480300187618  	   2.6266416510318953
CUFF_NC.1611  	      533	  90.43151969981238   	  9.568480300187618  	   0.0
CUFF_NC.2818  	      533	  90.43151969981238   	  9.568480300187618  	   0.0
CUFF_NC.9138  	      533	  90.2439024390244    	  9.568480300187618  	   0.18761726078799248
CUFF_NC.6794  	      533	  90.43151969981238   	  9.568480300187618  	   0.0
CUFF_NC.4330  	      533	  89.49343339587243   	  9.568480300187618  	   0.9380863039399625
CUFF_NC.2310  	      533	  90.43151969981238   	  9.568480300187618  	   0.0
CUFF_NC.8381  	      533	  90.43151969981238   	  9.568480300187618  	   0.0
CUFF_NC.3558  	      533	  88.93058161350844   	  9.568480300187618  	   1.5009380863039399
CUFF_NC.6029  	      533	  90.43151969981238   	  9.568480300187618  	   0.0
CUFF_NC.8873  	      533	  90.43151969981238   	  9.568480300187618  	   0.0
CUFF_NC.4577  	      533	  90.43151969981238   	  9.568480300187618  	   0.0
CUFF_NC.3974  	      533	  90.43151969981238   	  9.568480300187618  	   0.0
CUFF_NC.8243  	      533	  88.74296435272045   	  9.568480300187618  	   1.6885553470919326
CUFF_NC.5217  	      533	  90.43151969981238   	  9.568480300187618  	   0.0
CUFF_NC.5202  	      533	  90.2439024390244    	  9.568480300187618  	   0.18761726078799248
CUFF_NC.7308  	      533	  90.2439024390244    	  9.568480300187618  	   0.18761726078799248
CUFF_NC.1659  	      533	  90.43151969981238   	  9.568480300187618  	   0.0
CUFF_NC.5313  	      533	  90.43151969981238   	  9.568480300187618  	   0.0
CUFF_NC.5283  	      533	  90.43151969981238   	  9.568480300187618  	   0.0
CUFF_NC.1719  	      533	  90.2439024390244    	  9.568480300187618  	   0.18761726078799248
CUFF_NC.2430  	      533	  90.43151969981238   	  9.568480300187618  	   0.0
CUFF_NC.9463  	      533	  90.43151969981238   	  9.568480300187618  	   0.0
CUFF_NC.11204 	      533	  90.2439024390244    	  9.568480300187618  	   0.18761726078799248
CUFF_NC.10356 	      533	  90.43151969981238   	  9.568480300187618  	   0.0
CUFF_NC.309   	      533	  90.43151969981238   	  9.568480300187618  	   0.0
CUFF_NC.3066  	      533	  89.6810506566604    	  9.568480300187618  	   0.7504690431519699
CUFF_NC.7854  	      533	  90.43151969981238   	  9.568480300187618  	   0.0
CUFF_NC.7986  	      533	  90.61913696060037   	  9.380863039399625  	   0.0
CUFF_NC.1901  	      533	  89.49343339587243   	  9.380863039399625  	   1.125703564727955
CUFF_NC.1998  	      533	  87.2420262664165    	  9.380863039399625  	   3.377110694183865
CUFF_NC.1942  	      533	  90.61913696060037   	  9.380863039399625  	   0.0
CUFF_NC.1156  	      533	  89.8686679174484    	  9.380863039399625  	   0.7504690431519699
CUFF_NC.1034  	      533	  89.6810506566604    	  9.380863039399625  	   0.9380863039399625
CUFF_NC.9579  	      533	  90.61913696060037   	  9.380863039399625  	   0.0
CUFF_NC.7229  	      533	  90.61913696060037   	  9.380863039399625  	   0.0
CUFF_NC.4212  	      533	  90.61913696060037   	  9.380863039399625  	   0.0
CUFF_NC.6431  	      533	  90.61913696060037   	  9.380863039399625  	   0.0
CUFF_NC.9314  	      533	  90.61913696060037   	  9.380863039399625  	   0.0
CUFF_NC.2265  	      533	  90.61913696060037   	  9.380863039399625  	   0.0
CUFF_NC.412   	      533	  90.61913696060037   	  9.380863039399625  	   0.0
CUFF_NC.4162  	      533	  90.61913696060037   	  9.380863039399625  	   0.0
CUFF_NC.4186  	      533	  90.61913696060037   	  9.380863039399625  	   0.0
CUFF_NC.10771 	      533	  90.61913696060037   	  9.380863039399625  	   0.0
CUFF_NC.8084  	      533	  90.61913696060037   	  9.380863039399625  	   0.0
CUFF_NC.2489  	      533	  90.61913696060037   	  9.380863039399625  	   0.0
CUFF_NC.11263 	      533	  90.61913696060037   	  9.380863039399625  	   0.0
CUFF_NC.4268  	      533	  90.61913696060037   	  9.380863039399625  	   0.0
CUFF_NC.4336  	      533	  90.61913696060037   	  9.380863039399625  	   0.0
CUFF_NC.8064  	      533	  90.61913696060037   	  9.380863039399625  	   0.0
CUFF_NC.10549 	      533	  90.61913696060037   	  9.380863039399625  	   0.0
CUFF_NC.11205 	      533	  90.61913696060037   	  9.380863039399625  	   0.0
CUFF_NC.11222 	      533	  90.43151969981238   	  9.380863039399625  	   0.18761726078799248
CUFF_NC.1682  	      533	  90.43151969981238   	  9.380863039399625  	   0.18761726078799248
CUFF_NC.1685  	      533	  90.43151969981238   	  9.380863039399625  	   0.18761726078799248
CUFF_NC.2926  	      533	  90.43151969981238   	  9.380863039399625  	   0.18761726078799248
CUFF_NC.8472  	      533	  90.61913696060037   	  9.380863039399625  	   0.0
CUFF_NC.7884  	      533	  90.61913696060037   	  9.380863039399625  	   0.0
CUFF_NC.4834  	      533	  90.61913696060037   	  9.380863039399625  	   0.0
CUFF_NC.4040  	      533	  90.61913696060037   	  9.380863039399625  	   0.0
CUFF_NC.5574  	      533	  88.36772983114447   	  9.380863039399625  	   2.25140712945591
CUFF_NC.6943  	      533	  90.43151969981238   	  9.380863039399625  	   0.18761726078799248
CUFF_NC.4346  	      533	  90.61913696060037   	  9.380863039399625  	   0.0
CUFF_NC.5088  	      533	  90.61913696060037   	  9.380863039399625  	   0.0
CUFF_NC.10862 	      533	  90.61913696060037   	  9.380863039399625  	   0.0
CUFF_NC.2695  	      533	  90.61913696060037   	  9.380863039399625  	   0.0
CUFF_NC.8630  	      533	  90.43151969981238   	  9.380863039399625  	   0.18761726078799248
CUFF_NC.4854  	      533	  90.61913696060037   	  9.380863039399625  	   0.0
CUFF_NC.2080  	      533	  90.61913696060037   	  9.380863039399625  	   0.0
CUFF_NC.7855  	      533	  90.61913696060037   	  9.380863039399625  	   0.0
CUFF_NC.7856  	      533	  90.61913696060037   	  9.380863039399625  	   0.0
CUFF_NC.6503  	      533	  90.43151969981238   	  9.380863039399625  	   0.18761726078799248
CUFF_NC.2907  	      533	  90.61913696060037   	  9.380863039399625  	   0.0
CUFF_NC.2626  	      533	  90.61913696060037   	  9.380863039399625  	   0.0
CUFF_NC.11155 	      533	  90.61913696060037   	  9.380863039399625  	   0.0
CUFF_NC.3909  	      533	  90.61913696060037   	  9.380863039399625  	   0.0
CUFF_NC.3919  	      533	  90.61913696060037   	  9.380863039399625  	   0.0
CUFF_NC.10496 	      533	  89.30581613508443   	  9.380863039399625  	   1.3133208255159476
CUFF_NC.10869 	      533	  90.61913696060037   	  9.380863039399625  	   0.0
CUFF_NC.7613  	      533	  90.61913696060037   	  9.380863039399625  	   0.0
CUFF_NC.7558  	      533	  89.11819887429644   	  9.380863039399625  	   1.5009380863039399
CUFF_NC.7578  	      533	  90.61913696060037   	  9.380863039399625  	   0.0
CUFF_NC.7846  	      533	  90.61913696060037   	  9.380863039399625  	   0.0
CUFF_NC.7713  	      533	  90.61913696060037   	  9.380863039399625  	   0.0
CUFF_NC.6687  	      533	  90.61913696060037   	  9.380863039399625  	   0.0
CUFF_NC.1047  	      533	  90.61913696060037   	  9.380863039399625  	   0.0
CUFF_NC.3645  	      533	  90.61913696060037   	  9.380863039399625  	   0.0
CUFF_NC.4878  	      533	  90.61913696060037   	  9.380863039399625  	   0.0
CUFF_NC.1242  	      533	  89.11819887429644   	  9.380863039399625  	   1.5009380863039399
CUFF_NC.7633  	      533	  90.61913696060037   	  9.380863039399625  	   0.0
CUFF_NC.5743  	      533	  90.61913696060037   	  9.380863039399625  	   0.0
CUFF_NC.1023  	      533	  86.86679174484053   	  9.380863039399625  	   3.75234521575985
CUFF_NC.11171 	      533	  90.61913696060037   	  9.380863039399625  	   0.0
CUFF_NC.10655 	      533	  90.61913696060037   	  9.380863039399625  	   0.0
CUFF_NC.1804  	      533	  90.61913696060037   	  9.380863039399625  	   0.0
CUFF_NC.3710  	      533	  90.61913696060037   	  9.380863039399625  	   0.0
CUFF_NC.10425 	      533	  90.61913696060037   	  9.380863039399625  	   0.0
CUFF_NC.9663  	      533	  88.55534709193246   	  9.380863039399625  	   2.0637898686679175
CUFF_NC.4482  	      533	  90.61913696060037   	  9.380863039399625  	   0.0
CUFF_NC.4931  	      533	  90.61913696060037   	  9.380863039399625  	   0.0
CUFF_NC.1898  	      533	  90.43151969981238   	  9.380863039399625  	   0.18761726078799248
CUFF_NC.3166  	      533	  88.36772983114447   	  9.380863039399625  	   2.25140712945591
CUFF_NC.9333  	      533	  90.61913696060037   	  9.380863039399625  	   0.0
CUFF_NC.4614  	      533	  90.61913696060037   	  9.380863039399625  	   0.0
CUFF_NC.637   	      533	  90.61913696060037   	  9.193245778611631  	   0.18761726078799248
CUFF_NC.1048  	      533	  89.6810506566604    	  9.193245778611631  	   1.125703564727955
CUFF_NC.9147  	      533	  90.80675422138836   	  9.193245778611631  	   0.0
CUFF_NC.1171  	      533	  90.61913696060037   	  9.193245778611631  	   0.18761726078799248
CUFF_NC.4686  	      533	  90.80675422138836   	  9.193245778611631  	   0.0
CUFF_NC.9389  	      533	  90.80675422138836   	  9.193245778611631  	   0.0
CUFF_NC.10625 	      533	  90.61913696060037   	  9.193245778611631  	   0.18761726078799248
CUFF_NC.2737  	      533	  90.80675422138836   	  9.193245778611631  	   0.0
CUFF_NC.5698  	      533	  90.80675422138836   	  9.193245778611631  	   0.0
CUFF_NC.3913  	      533	  90.80675422138836   	  9.193245778611631  	   0.0
CUFF_NC.5629  	      533	  90.80675422138836   	  9.193245778611631  	   0.0
CUFF_NC.11151 	      533	  90.80675422138836   	  9.193245778611631  	   0.0
CUFF_NC.5763  	      533	  90.80675422138836   	  9.193245778611631  	   0.0
CUFF_NC.11176 	      533	  90.80675422138836   	  9.193245778611631  	   0.0
CUFF_NC.9124  	      533	  90.80675422138836   	  9.193245778611631  	   0.0
CUFF_NC.5050  	      533	  90.43151969981238   	  9.193245778611631  	   0.37523452157598497
CUFF_NC.11127 	      533	  90.80675422138836   	  9.193245778611631  	   0.0
CUFF_NC.10634 	      533	  90.80675422138836   	  9.193245778611631  	   0.0
CUFF_NC.3648  	      533	  90.61913696060037   	  9.193245778611631  	   0.18761726078799248
CUFF_NC.8406  	      533	  83.30206378986867   	  9.193245778611631  	   7.5046904315197
CUFF_NC.157   	      533	  90.80675422138836   	  9.193245778611631  	   0.0
CUFF_NC.4283  	      533	  90.80675422138836   	  9.193245778611631  	   0.0
CUFF_NC.2204  	      533	  90.61913696060037   	  9.193245778611631  	   0.18761726078799248
CUFF_NC.11223 	      533	  90.80675422138836   	  9.193245778611631  	   0.0
CUFF_NC.5501  	      533	  90.80675422138836   	  9.193245778611631  	   0.0
CUFF_NC.4016  	      533	  90.80675422138836   	  9.193245778611631  	   0.0
CUFF_NC.4239  	      533	  90.80675422138836   	  9.193245778611631  	   0.0
CUFF_NC.9010  	      533	  90.80675422138836   	  9.193245778611631  	   0.0
CUFF_NC.4180  	      533	  90.80675422138836   	  9.193245778611631  	   0.0
CUFF_NC.5219  	      533	  90.80675422138836   	  9.193245778611631  	   0.0
CUFF_NC.9540  	      533	  90.80675422138836   	  9.193245778611631  	   0.0
CUFF_NC.11050 	      533	  90.80675422138836   	  9.193245778611631  	   0.0
CUFF_NC.323   	      533	  90.80675422138836   	  9.193245778611631  	   0.0
CUFF_NC.2448  	      533	  90.80675422138836   	  9.193245778611631  	   0.0
CUFF_NC.5417  	      533	  90.80675422138836   	  9.193245778611631  	   0.0
CUFF_NC.5329  	      533	  90.80675422138836   	  9.193245778611631  	   0.0
CUFF_NC.4     	      533	  90.80675422138836   	  9.193245778611631  	   0.0
CUFF_NC.2084  	      533	  90.80675422138836   	  9.193245778611631  	   0.0
CUFF_NC.4528  	      533	  90.80675422138836   	  9.193245778611631  	   0.0
CUFF_NC.4514  	      533	  90.80675422138836   	  9.193245778611631  	   0.0
CUFF_NC.11072 	      533	  90.80675422138836   	  9.193245778611631  	   0.0
CUFF_NC.10324 	      533	  90.61913696060037   	  9.193245778611631  	   0.18761726078799248
CUFF_NC.6032  	      533	  90.80675422138836   	  9.193245778611631  	   0.0
CUFF_NC.4499  	      533	  88.93058161350844   	  9.193245778611631  	   1.876172607879925
CUFF_NC.7706  	      533	  90.99437148217636   	  9.00562851782364   	   0.0
CUFF_NC.568   	      533	  90.99437148217636   	  9.00562851782364   	   0.0
CUFF_NC.1024  	      533	  90.99437148217636   	  9.00562851782364   	   0.0
CUFF_NC.3879  	      533	  90.99437148217636   	  9.00562851782364   	   0.0
CUFF_NC.3739  	      533	  90.99437148217636   	  9.00562851782364   	   0.0
CUFF_NC.3979  	      533	  90.99437148217636   	  9.00562851782364   	   0.0
CUFF_NC.4500  	      533	  89.49343339587243   	  9.00562851782364   	   1.5009380863039399
CUFF_NC.2683  	      533	  90.99437148217636   	  9.00562851782364   	   0.0
CUFF_NC.5494  	      533	  90.99437148217636   	  9.00562851782364   	   0.0
CUFF_NC.8900  	      533	  90.61913696060037   	  9.00562851782364   	   0.37523452157598497
CUFF_NC.8283  	      533	  90.99437148217636   	  9.00562851782364   	   0.0
CUFF_NC.1291  	      533	  90.99437148217636   	  9.00562851782364   	   0.0
CUFF_NC.4309  	      533	  90.80675422138836   	  9.00562851782364   	   0.18761726078799248
CUFF_NC.1673  	      533	  89.49343339587243   	  9.00562851782364   	   1.5009380863039399
CUFF_NC.276   	      533	  90.99437148217636   	  9.00562851782364   	   0.0
CUFF_NC.5003  	      533	  90.99437148217636   	  9.00562851782364   	   0.0
CUFF_NC.8604  	      533	  90.99437148217636   	  9.00562851782364   	   0.0
CUFF_NC.11212 	      533	  90.99437148217636   	  9.00562851782364   	   0.0
CUFF_NC.10868 	      533	  90.99437148217636   	  9.00562851782364   	   0.0
CUFF_NC.8777  	      533	  90.99437148217636   	  9.00562851782364   	   0.0
CUFF_NC.4339  	      533	  90.99437148217636   	  9.00562851782364   	   0.0
CUFF_NC.8451  	      533	  90.99437148217636   	  9.00562851782364   	   0.0
CUFF_NC.7963  	      533	  90.99437148217636   	  9.00562851782364   	   0.0
CUFF_NC.11282 	      533	  90.61913696060037   	  9.00562851782364   	   0.37523452157598497
CUFF_NC.7889  	      533	  90.99437148217636   	  9.00562851782364   	   0.0
CUFF_NC.6468  	      533	  89.8686679174484    	  9.00562851782364   	   1.125703564727955
CUFF_NC.11216 	      533	  90.99437148217636   	  9.00562851782364   	   0.0
CUFF_NC.3956  	      533	  84.05253283302065   	  9.00562851782364   	   6.941838649155723
CUFF_NC.8923  	      533	  90.80675422138836   	  9.00562851782364   	   0.18761726078799248
CUFF_NC.9452  	      533	  88.55534709193246   	  9.00562851782364   	   2.4390243902439024
CUFF_NC.5179  	      533	  90.99437148217636   	  9.00562851782364   	   0.0
CUFF_NC.425   	      533	  90.99437148217636   	  9.00562851782364   	   0.0
CUFF_NC.5216  	      533	  90.99437148217636   	  9.00562851782364   	   0.0
CUFF_NC.2457  	      533	  90.99437148217636   	  9.00562851782364   	   0.0
CUFF_NC.7423  	      533	  90.99437148217636   	  9.00562851782364   	   0.0
CUFF_NC.867   	      533	  90.99437148217636   	  9.00562851782364   	   0.0
CUFF_NC.2249  	      533	  90.99437148217636   	  9.00562851782364   	   0.0
CUFF_NC.8011  	      533	  90.80675422138836   	  9.00562851782364   	   0.18761726078799248
CUFF_NC.4923  	      533	  90.99437148217636   	  9.00562851782364   	   0.0
CUFF_NC.5894  	      533	  90.99437148217636   	  9.00562851782364   	   0.0
CUFF_NC.4476  	      533	  90.99437148217636   	  9.00562851782364   	   0.0
CUFF_NC.311   	      533	  90.99437148217636   	  9.00562851782364   	   0.0
CUFF_NC.4645  	      533	  90.99437148217636   	  9.00562851782364   	   0.0
CUFF_NC.9715-2	      533	  90.80675422138836   	  9.00562851782364   	   0.18761726078799248
CUFF_NC.8433  	      533	  90.99437148217636   	  9.00562851782364   	   0.0
CUFF_NC.2874  	      533	  90.99437148217636   	  9.00562851782364   	   0.0
CUFF_NC.2186  	      533	  90.99437148217636   	  9.00562851782364   	   0.0
CUFF_NC.3670  	      533	  90.99437148217636   	  9.00562851782364   	   0.0
CUFF_NC.10494 	      533	  90.0562851782364    	  9.00562851782364   	   0.9380863039399625
CUFF_NC.10495 	      533	  90.0562851782364    	  9.00562851782364   	   0.9380863039399625
CUFF_NC.688   	      533	  90.61913696060037   	  9.00562851782364   	   0.37523452157598497
CUFF_NC.4419  	      533	  90.99437148217636   	  9.00562851782364   	   0.0
CUFF_NC.9384  	      533	  90.99437148217636   	  9.00562851782364   	   0.0
CUFF_NC.8522  	      533	  90.99437148217636   	  9.00562851782364   	   0.0
CUFF_NC.3935  	      528	  91.09848484848484   	  8.901515151515152  	   0.0
CUFF_NC.3951  	      533	  90.0562851782364    	  8.818011257035648  	   1.125703564727955
CUFF_NC.508   	      533	  91.18198874296435   	  8.818011257035648  	   0.0
CUFF_NC.8754  	      533	  91.18198874296435   	  8.818011257035648  	   0.0
CUFF_NC.109   	      533	  91.18198874296435   	  8.818011257035648  	   0.0
CUFF_NC.1412  	      533	  91.18198874296435   	  8.818011257035648  	   0.0
CUFF_NC.9732  	      533	  91.18198874296435   	  8.818011257035648  	   0.0
CUFF_NC.4704  	      533	  91.18198874296435   	  8.818011257035648  	   0.0
CUFF_NC.4676  	      533	  90.99437148217636   	  8.818011257035648  	   0.18761726078799248
CUFF_NC.8044  	      533	  91.18198874296435   	  8.818011257035648  	   0.0
CUFF_NC.10681 	      533	  91.18198874296435   	  8.818011257035648  	   0.0
CUFF_NC.6612  	      533	  91.18198874296435   	  8.818011257035648  	   0.0
CUFF_NC.8417  	      533	  91.18198874296435   	  8.818011257035648  	   0.0
CUFF_NC.1524  	      533	  90.99437148217636   	  8.818011257035648  	   0.18761726078799248
CUFF_NC.2802  	      533	  91.18198874296435   	  8.818011257035648  	   0.0
CUFF_NC.8134  	      533	  90.61913696060037   	  8.818011257035648  	   0.5628517823639775
CUFF_NC.10369 	      533	  90.61913696060037   	  8.818011257035648  	   0.5628517823639775
CUFF_NC.702   	      533	  91.18198874296435   	  8.818011257035648  	   0.0
CUFF_NC.5418  	      533	  91.18198874296435   	  8.818011257035648  	   0.0
CUFF_NC.1037  	      533	  87.61726078799249   	  8.818011257035648  	   3.564727954971857
CUFF_NC.4003  	      533	  91.18198874296435   	  8.818011257035648  	   0.0
CUFF_NC.6912  	      533	  91.18198874296435   	  8.818011257035648  	   0.0
CUFF_NC.6487  	      533	  91.18198874296435   	  8.818011257035648  	   0.0
CUFF_NC.1511  	      533	  85.74108818011257   	  8.818011257035648  	   5.440900562851782
CUFF_NC.735   	      533	  91.18198874296435   	  8.818011257035648  	   0.0
CUFF_NC.7332  	      533	  91.18198874296435   	  8.818011257035648  	   0.0
CUFF_NC.4572  	      533	  91.18198874296435   	  8.818011257035648  	   0.0
CUFF_NC.2024  	      533	  91.18198874296435   	  8.818011257035648  	   0.0
CUFF_NC.9585  	      533	  91.18198874296435   	  8.818011257035648  	   0.0
CUFF_NC.8419  	      533	  91.18198874296435   	  8.818011257035648  	   0.0
CUFF_NC.8464  	      533	  91.18198874296435   	  8.818011257035648  	   0.0
CUFF_NC.10155 	      533	  89.11819887429644   	  8.818011257035648  	   2.0637898686679175
CUFF_NC.6769  	      533	  91.18198874296435   	  8.818011257035648  	   0.0
CUFF_NC.3743  	      533	  90.99437148217636   	  8.818011257035648  	   0.18761726078799248
CUFF_NC.10755 	      533	  91.18198874296435   	  8.818011257035648  	   0.0
CUFF_NC.9448  	      528	  91.09848484848484   	  8.712121212121213  	   0.1893939393939394
CUFF_NC.5997  	      531	  90.20715630885122   	  8.662900188323917  	   1.1299435028248588
CUFF_NC.10573 	      532	  91.35338345864662   	  8.646616541353383  	   0.0
CUFF_NC.1907  	      533	  91.36960600375235   	  8.630393996247655  	   0.0
CUFF_NC.6993  	      533	  91.36960600375235   	  8.630393996247655  	   0.0
CUFF_NC.705   	      533	  91.36960600375235   	  8.630393996247655  	   0.0
CUFF_NC.10367 	      533	  90.80675422138836   	  8.630393996247655  	   0.5628517823639775
CUFF_NC.7938  	      533	  91.36960600375235   	  8.630393996247655  	   0.0
CUFF_NC.3401  	      533	  87.4296435272045    	  8.630393996247655  	   3.9399624765478425
CUFF_NC.184   	      533	  91.36960600375235   	  8.630393996247655  	   0.0
CUFF_NC.607   	      533	  91.36960600375235   	  8.630393996247655  	   0.0
CUFF_NC.7942  	      533	  91.36960600375235   	  8.630393996247655  	   0.0
CUFF_NC.1993  	      533	  77.6735459662289    	  8.630393996247655  	  13.696060037523452
CUFF_NC.7225  	      533	  90.99437148217636   	  8.630393996247655  	   0.37523452157598497
CUFF_NC.10987 	      533	  91.36960600375235   	  8.630393996247655  	   0.0
CUFF_NC.6938  	      533	  91.18198874296435   	  8.630393996247655  	   0.18761726078799248
CUFF_NC.4980  	      533	  91.36960600375235   	  8.630393996247655  	   0.0
CUFF_NC.2748  	      533	  91.36960600375235   	  8.630393996247655  	   0.0
CUFF_NC.6799  	      533	  91.36960600375235   	  8.630393996247655  	   0.0
CUFF_NC.5595  	      533	  90.43151969981238   	  8.630393996247655  	   0.9380863039399625
CUFF_NC.94    	      533	  91.36960600375235   	  8.630393996247655  	   0.0
CUFF_NC.7286  	      533	  90.99437148217636   	  8.630393996247655  	   0.37523452157598497
CUFF_NC.1802  	      533	  91.36960600375235   	  8.630393996247655  	   0.0
CUFF_NC.3685  	      533	  90.80675422138836   	  8.630393996247655  	   0.5628517823639775
CUFF_NC.3688  	      533	  91.36960600375235   	  8.630393996247655  	   0.0
CUFF_NC.4675  	      533	  91.36960600375235   	  8.630393996247655  	   0.0
CUFF_NC.10339 	      533	  91.36960600375235   	  8.630393996247655  	   0.0
CUFF_NC.11172 	      533	  91.18198874296435   	  8.630393996247655  	   0.18761726078799248
CUFF_NC.2946  	      533	  91.36960600375235   	  8.630393996247655  	   0.0
CUFF_NC.8813  	      533	  91.36960600375235   	  8.630393996247655  	   0.0
CUFF_NC.4325  	      533	  91.36960600375235   	  8.630393996247655  	   0.0
CUFF_NC.437   	      533	  91.36960600375235   	  8.630393996247655  	   0.0
CUFF_NC.8765  	      533	  91.36960600375235   	  8.630393996247655  	   0.0
CUFF_NC.4366  	      533	  91.36960600375235   	  8.630393996247655  	   0.0
CUFF_NC.6904  	      533	  91.18198874296435   	  8.630393996247655  	   0.18761726078799248
CUFF_NC.10709 	      533	  91.36960600375235   	  8.630393996247655  	   0.0
CUFF_NC.2580  	      533	  85.92870544090057   	  8.630393996247655  	   5.440900562851782
CUFF_NC.8165  	      533	  91.36960600375235   	  8.630393996247655  	   0.0
CUFF_NC.5250  	      533	  91.36960600375235   	  8.630393996247655  	   0.0
CUFF_NC.72    	      533	  91.36960600375235   	  8.630393996247655  	   0.0
CUFF_NC.8085  	      533	  91.18198874296435   	  8.630393996247655  	   0.18761726078799248
CUFF_NC.10370 	      533	  91.18198874296435   	  8.630393996247655  	   0.18761726078799248
CUFF_NC.10352 	      533	  91.36960600375235   	  8.630393996247655  	   0.0
CUFF_NC.1150  	      533	  80.86303939962477   	  8.442776735459661  	  10.694183864915573
CUFF_NC.4650  	      533	  91.55722326454033   	  8.442776735459661  	   0.0
CUFF_NC.2413  	      533	  90.80675422138836   	  8.442776735459661  	   0.7504690431519699
CUFF_NC.2355  	      533	  91.18198874296435   	  8.442776735459661  	   0.37523452157598497
CUFF_NC.9313  	      533	  91.18198874296435   	  8.442776735459661  	   0.37523452157598497
CUFF_NC.10368 	      533	  90.80675422138836   	  8.442776735459661  	   0.7504690431519699
CUFF_NC.245   	      533	  88.93058161350844   	  8.442776735459661  	   2.6266416510318953
CUFF_NC.952   	      533	  91.55722326454033   	  8.442776735459661  	   0.0
CUFF_NC.5125  	      533	  91.36960600375235   	  8.442776735459661  	   0.18761726078799248
CUFF_NC.6950  	      533	  91.55722326454033   	  8.442776735459661  	   0.0
CUFF_NC.808   	      533	  91.55722326454033   	  8.442776735459661  	   0.0
CUFF_NC.4369  	      533	  91.55722326454033   	  8.442776735459661  	   0.0
CUFF_NC.5105  	      533	  91.55722326454033   	  8.442776735459661  	   0.0
CUFF_NC.3551  	      533	  91.55722326454033   	  8.442776735459661  	   0.0
CUFF_NC.3572  	      533	  91.55722326454033   	  8.442776735459661  	   0.0
CUFF_NC.4858  	      533	  91.55722326454033   	  8.442776735459661  	   0.0
CUFF_NC.7883  	      533	  91.55722326454033   	  8.442776735459661  	   0.0
CUFF_NC.7976  	      533	  91.55722326454033   	  8.442776735459661  	   0.0
CUFF_NC.980   	      533	  91.55722326454033   	  8.442776735459661  	   0.0
CUFF_NC.11044 	      533	  91.55722326454033   	  8.442776735459661  	   0.0
CUFF_NC.315   	      533	  91.55722326454033   	  8.442776735459661  	   0.0
CUFF_NC.10663 	      533	  91.55722326454033   	  8.442776735459661  	   0.0
CUFF_NC.4670  	      533	  91.55722326454033   	  8.442776735459661  	   0.0
CUFF_NC.1109  	      533	  82.36397748592871   	  8.442776735459661  	   9.193245778611631
CUFF_NC.799   	      533	  91.55722326454033   	  8.442776735459661  	   0.0
CUFF_NC.4876  	      533	  91.55722326454033   	  8.442776735459661  	   0.0
CUFF_NC.10890 	      533	  91.18198874296435   	  8.442776735459661  	   0.37523452157598497
CUFF_NC.5933  	      533	  90.80675422138836   	  8.442776735459661  	   0.7504690431519699
CUFF_NC.2132  	      533	  91.55722326454033   	  8.442776735459661  	   0.0
CUFF_NC.10891 	      533	  91.55722326454033   	  8.442776735459661  	   0.0
CUFF_NC.7664  	      531	  86.81732580037664   	  8.286252354048965  	   4.8964218455743875
CUFF_NC.4665  	      533	  91.36960600375235   	  8.25515947467167   	   0.37523452157598497
CUFF_NC.10980 	      533	  91.74484052532833   	  8.25515947467167   	   0.0
CUFF_NC.8280  	      533	  91.74484052532833   	  8.25515947467167   	   0.0
CUFF_NC.1636  	      533	  91.74484052532833   	  8.25515947467167   	   0.0
CUFF_NC.10493 	      533	  91.18198874296435   	  8.25515947467167   	   0.5628517823639775
CUFF_NC.9684  	      533	  91.74484052532833   	  8.25515947467167   	   0.0
CUFF_NC.9664  	      533	  91.74484052532833   	  8.25515947467167   	   0.0
CUFF_NC.5936  	      533	  91.74484052532833   	  8.25515947467167   	   0.0
CUFF_NC.6770  	      533	  91.74484052532833   	  8.25515947467167   	   0.0
CUFF_NC.3773  	      533	  91.74484052532833   	  8.25515947467167   	   0.0
CUFF_NC.11132 	      533	  87.99249530956847   	  8.25515947467167   	   3.75234521575985
CUFF_NC.6804  	      533	  91.74484052532833   	  8.25515947467167   	   0.0
CUFF_NC.10657 	      533	  91.74484052532833   	  8.25515947467167   	   0.0
CUFF_NC.10417 	      533	  91.74484052532833   	  8.25515947467167   	   0.0
CUFF_NC.5829  	      533	  91.74484052532833   	  8.25515947467167   	   0.0
CUFF_NC.3695  	      533	  91.18198874296435   	  8.25515947467167   	   0.5628517823639775
CUFF_NC.8367  	      533	  91.74484052532833   	  8.25515947467167   	   0.0
CUFF_NC.2185  	      533	  91.74484052532833   	  8.25515947467167   	   0.0
CUFF_NC.4912  	      533	  91.74484052532833   	  8.25515947467167   	   0.0
CUFF_NC.1151  	      533	  81.61350844277673   	  8.25515947467167   	  10.131332082551594
CUFF_NC.10610 	      533	  89.30581613508443   	  8.25515947467167   	   2.4390243902439024
CUFF_NC.8481  	      533	  91.74484052532833   	  8.25515947467167   	   0.0
CUFF_NC.3996  	      533	  91.36960600375235   	  8.25515947467167   	   0.37523452157598497
CUFF_NC.2897  	      533	  91.74484052532833   	  8.25515947467167   	   0.0
CUFF_NC.2236  	      533	  91.74484052532833   	  8.25515947467167   	   0.0
CUFF_NC.11194 	      533	  91.74484052532833   	  8.25515947467167   	   0.0
CUFF_NC.432   	      533	  91.74484052532833   	  8.25515947467167   	   0.0
CUFF_NC.9471  	      533	  91.55722326454033   	  8.25515947467167   	   0.18761726078799248
CUFF_NC.5431  	      533	  91.74484052532833   	  8.25515947467167   	   0.0
CUFF_NC.10802 	      533	  91.74484052532833   	  8.25515947467167   	   0.0
CUFF_NC.10355 	      533	  91.74484052532833   	  8.25515947467167   	   0.0
CUFF_NC.9574  	      533	  91.74484052532833   	  8.25515947467167   	   0.0
CUFF_NC.8744  	      533	  91.74484052532833   	  8.25515947467167   	   0.0
CUFF_NC.2020  	      533	  91.74484052532833   	  8.25515947467167   	   0.0
CUFF_NC.8725  	      533	  91.93245778611632   	  8.067542213883677  	   0.0
CUFF_NC.815   	      533	  91.74484052532833   	  8.067542213883677  	   0.18761726078799248
CUFF_NC.5521  	      533	  91.93245778611632   	  8.067542213883677  	   0.0
CUFF_NC.4072  	      533	  91.74484052532833   	  8.067542213883677  	   0.18761726078799248
CUFF_NC.7044  	      533	  91.93245778611632   	  8.067542213883677  	   0.0
CUFF_NC.9503  	      533	  91.93245778611632   	  8.067542213883677  	   0.0
CUFF_NC.9032  	      533	  91.93245778611632   	  8.067542213883677  	   0.0
CUFF_NC.521   	      533	  91.93245778611632   	  8.067542213883677  	   0.0
CUFF_NC.2412  	      533	  91.74484052532833   	  8.067542213883677  	   0.18761726078799248
CUFF_NC.7767  	      533	  91.93245778611632   	  8.067542213883677  	   0.0
CUFF_NC.1828  	      533	  91.93245778611632   	  8.067542213883677  	   0.0
CUFF_NC.215   	      533	  91.93245778611632   	  8.067542213883677  	   0.0
CUFF_NC.4955  	      533	  91.93245778611632   	  8.067542213883677  	   0.0
CUFF_NC.4491  	      533	  91.74484052532833   	  8.067542213883677  	   0.18761726078799248
CUFF_NC.6485  	      533	  90.0562851782364    	  8.067542213883677  	   1.876172607879925
CUFF_NC.11070 	      533	  91.93245778611632   	  8.067542213883677  	   0.0
CUFF_NC.4947  	      533	  91.93245778611632   	  8.067542213883677  	   0.0
CUFF_NC.10645 	      533	  91.93245778611632   	  8.067542213883677  	   0.0
CUFF_NC.9175  	      533	  91.74484052532833   	  8.067542213883677  	   0.18761726078799248
CUFF_NC.394   	      533	  91.93245778611632   	  8.067542213883677  	   0.0
CUFF_NC.7694  	      533	  90.2439024390244    	  8.067542213883677  	   1.6885553470919326
CUFF_NC.9113  	      533	  91.93245778611632   	  8.067542213883677  	   0.0
CUFF_NC.5699  	      533	  91.93245778611632   	  8.067542213883677  	   0.0
CUFF_NC.10492 	      533	  91.55722326454033   	  8.067542213883677  	   0.37523452157598497
CUFF_NC.9431  	      533	  91.93245778611632   	  8.067542213883677  	   0.0
CUFF_NC.9303  	      533	  91.93245778611632   	  8.067542213883677  	   0.0
CUFF_NC.9986  	      533	  84.61538461538461   	  8.067542213883677  	   7.317073170731707
CUFF_NC.10602 	      533	  91.93245778611632   	  8.067542213883677  	   0.0
CUFF_NC.4623  	      533	  91.93245778611632   	  8.067542213883677  	   0.0
CUFF_NC.2036  	      533	  91.55722326454033   	  8.067542213883677  	   0.37523452157598497
CUFF_NC.4856  	      533	  91.93245778611632   	  8.067542213883677  	   0.0
CUFF_NC.9736  	      533	  91.93245778611632   	  8.067542213883677  	   0.0
CUFF_NC.7362  	      238	  60.924369747899156  	  7.9831932773109235 	  31.092436974789916
CUFF_NC.6437  	      531	  85.87570621468926   	  7.909604519774012  	   6.214689265536723
CUFF_NC.8632  	      533	  91.93245778611632   	  7.879924953095685  	   0.18761726078799248
CUFF_NC.440   	      533	  92.12007504690432   	  7.879924953095685  	   0.0
CUFF_NC.2694  	      533	  91.93245778611632   	  7.879924953095685  	   0.18761726078799248
CUFF_NC.2631  	      533	  91.93245778611632   	  7.879924953095685  	   0.18761726078799248
CUFF_NC.4391  	      533	  92.12007504690432   	  7.879924953095685  	   0.0
CUFF_NC.5694  	      533	  92.12007504690432   	  7.879924953095685  	   0.0
CUFF_NC.8523  	      533	  92.12007504690432   	  7.879924953095685  	   0.0
CUFF_NC.2240  	      533	  92.12007504690432   	  7.879924953095685  	   0.0
CUFF_NC.9636  	      533	  92.12007504690432   	  7.879924953095685  	   0.0
CUFF_NC.7337  	      533	  91.93245778611632   	  7.879924953095685  	   0.18761726078799248
CUFF_NC.734   	      533	  92.12007504690432   	  7.879924953095685  	   0.0
CUFF_NC.2617  	      533	  92.12007504690432   	  7.879924953095685  	   0.0
CUFF_NC.7127  	      533	  92.12007504690432   	  7.879924953095685  	   0.0
CUFF_NC.8240  	      533	  92.12007504690432   	  7.879924953095685  	   0.0
CUFF_NC.11259 	      533	  91.18198874296435   	  7.879924953095685  	   0.9380863039399625
CUFF_NC.11429 	      533	  92.12007504690432   	  7.879924953095685  	   0.0
CUFF_NC.6537  	      533	  90.99437148217636   	  7.879924953095685  	   1.125703564727955
CUFF_NC.6483  	      533	  88.36772983114447   	  7.879924953095685  	   3.75234521575985
CUFF_NC.1021  	      533	  78.04878048780488   	  7.879924953095685  	  14.071294559099437
CUFF_NC.9144  	      533	  91.93245778611632   	  7.879924953095685  	   0.18761726078799248
CUFF_NC.77    	      533	  91.93245778611632   	  7.879924953095685  	   0.18761726078799248
CUFF_NC.6828  	      533	  92.12007504690432   	  7.879924953095685  	   0.0
CUFF_NC.5980  	      533	  92.12007504690432   	  7.879924953095685  	   0.0
CUFF_NC.11011 	      533	  92.12007504690432   	  7.879924953095685  	   0.0
CUFF_NC.304   	      533	  92.12007504690432   	  7.879924953095685  	   0.0
CUFF_NC.640   	      533	  92.12007504690432   	  7.879924953095685  	   0.0
CUFF_NC.9832  	      533	  92.12007504690432   	  7.879924953095685  	   0.0
CUFF_NC.1864  	      533	  92.12007504690432   	  7.879924953095685  	   0.0
CUFF_NC.4569  	      533	  91.36960600375235   	  7.879924953095685  	   0.7504690431519699
CUFF_NC.10365 	      526	  89.35361216730038   	  7.79467680608365   	   2.8517110266159698
CUFF_NC.19    	      532	  92.29323308270678   	  7.7067669172932325 	   0.0
CUFF_NC.9266  	      533	  92.3076923076923    	  7.6923076923076925 	   0.0
CUFF_NC.6496  	      533	  92.3076923076923    	  7.6923076923076925 	   0.0
CUFF_NC.1894  	      533	  92.3076923076923    	  7.6923076923076925 	   0.0
CUFF_NC.7997  	      533	  92.12007504690432   	  7.6923076923076925 	   0.18761726078799248
CUFF_NC.11435 	      533	  91.74484052532833   	  7.6923076923076925 	   0.5628517823639775
CUFF_NC.3565  	      533	  91.93245778611632   	  7.6923076923076925 	   0.37523452157598497
CUFF_NC.4617  	      533	  92.3076923076923    	  7.6923076923076925 	   0.0
CUFF_NC.1103  	      533	  89.49343339587243   	  7.6923076923076925 	   2.8142589118198873
CUFF_NC.9355  	      533	  92.3076923076923    	  7.6923076923076925 	   0.0
CUFF_NC.8826  	      533	  92.3076923076923    	  7.6923076923076925 	   0.0
CUFF_NC.975   	      533	  92.3076923076923    	  7.6923076923076925 	   0.0
CUFF_NC.6000  	      533	  92.3076923076923    	  7.6923076923076925 	   0.0
CUFF_NC.3748  	      533	  92.3076923076923    	  7.6923076923076925 	   0.0
CUFF_NC.4023  	      533	  92.3076923076923    	  7.6923076923076925 	   0.0
CUFF_NC.7588  	      533	  89.8686679174484    	  7.6923076923076925 	   2.4390243902439024
CUFF_NC.6741  	      533	  91.93245778611632   	  7.6923076923076925 	   0.37523452157598497
CUFF_NC.5087  	      533	  91.93245778611632   	  7.6923076923076925 	   0.37523452157598497
CUFF_NC.6783  	      533	  88.55534709193246   	  7.6923076923076925 	   3.75234521575985
CUFF_NC.11354 	      533	  92.3076923076923    	  7.6923076923076925 	   0.0
CUFF_NC.8696  	      533	  92.3076923076923    	  7.6923076923076925 	   0.0
CUFF_NC.708   	      533	  92.3076923076923    	  7.6923076923076925 	   0.0
CUFF_NC.711   	      533	  92.3076923076923    	  7.6923076923076925 	   0.0
CUFF_NC.9086  	      533	  92.3076923076923    	  7.6923076923076925 	   0.0
CUFF_NC.1132  	      533	  92.3076923076923    	  7.6923076923076925 	   0.0
CUFF_NC.5245  	      533	  80.67542213883677   	  7.6923076923076925 	  11.632270168855536
CUFF_NC.4204  	      533	  92.3076923076923    	  7.6923076923076925 	   0.0
CUFF_NC.8348  	      533	  92.3076923076923    	  7.6923076923076925 	   0.0
CUFF_NC.2860  	      533	  90.99437148217636   	  7.6923076923076925 	   1.3133208255159476
CUFF_NC.6715  	      533	  92.3076923076923    	  7.6923076923076925 	   0.0
CUFF_NC.10936 	      533	  92.3076923076923    	  7.6923076923076925 	   0.0
CUFF_NC.8288  	      533	  92.3076923076923    	  7.6923076923076925 	   0.0
CUFF_NC.6119  	      533	  92.4953095684803    	  7.5046904315197    	   0.0
CUFF_NC.595   	      533	  92.4953095684803    	  7.5046904315197    	   0.0
CUFF_NC.8876  	      533	  92.4953095684803    	  7.5046904315197    	   0.0
CUFF_NC.1681  	      533	  79.73733583489681   	  7.5046904315197    	  12.757973733583489
CUFF_NC.9874  	      533	  92.4953095684803    	  7.5046904315197    	   0.0
CUFF_NC.10205 	      533	  82.55159474671669   	  7.5046904315197    	   9.943714821763603
CUFF_NC.6484  	      533	  92.3076923076923    	  7.5046904315197    	   0.18761726078799248
CUFF_NC.2911  	      533	  92.12007504690432   	  7.5046904315197    	   0.37523452157598497
CUFF_NC.4554  	      533	  92.4953095684803    	  7.5046904315197    	   0.0
CUFF_NC.9599  	      533	  92.4953095684803    	  7.5046904315197    	   0.0
CUFF_NC.5260  	      533	  92.4953095684803    	  7.5046904315197    	   0.0
CUFF_NC.8145  	      533	  86.49155722326454   	  7.5046904315197    	   6.0037523452157595
CUFF_NC.5269  	      533	  92.4953095684803    	  7.5046904315197    	   0.0
CUFF_NC.5273  	      533	  92.4953095684803    	  7.5046904315197    	   0.0
CUFF_NC.10991 	      533	  92.4953095684803    	  7.5046904315197    	   0.0
CUFF_NC.7244  	      533	  92.4953095684803    	  7.5046904315197    	   0.0
CUFF_NC.10742 	      533	  92.4953095684803    	  7.5046904315197    	   0.0
CUFF_NC.5332  	      533	  92.4953095684803    	  7.5046904315197    	   0.0
CUFF_NC.5395  	      533	  92.4953095684803    	  7.5046904315197    	   0.0
CUFF_NC.7330  	      533	  92.4953095684803    	  7.5046904315197    	   0.0
CUFF_NC.8802  	      533	  92.4953095684803    	  7.5046904315197    	   0.0
CUFF_NC.5213  	      533	  92.4953095684803    	  7.5046904315197    	   0.0
CUFF_NC.2530  	      533	  92.4953095684803    	  7.5046904315197    	   0.0
CUFF_NC.10554 	      533	  92.3076923076923    	  7.5046904315197    	   0.18761726078799248
CUFF_NC.8601  	      533	  92.4953095684803    	  7.5046904315197    	   0.0
CUFF_NC.3945  	      533	  85.55347091932458   	  7.5046904315197    	   6.941838649155723
CUFF_NC.370   	      533	  92.4953095684803    	  7.5046904315197    	   0.0
CUFF_NC.126   	      533	  92.4953095684803    	  7.5046904315197    	   0.0
CUFF_NC.10690 	      533	  92.4953095684803    	  7.5046904315197    	   0.0
CUFF_NC.6988  	      533	  92.4953095684803    	  7.5046904315197    	   0.0
CUFF_NC.6957  	      533	  92.4953095684803    	  7.5046904315197    	   0.0
CUFF_NC.39    	      533	  92.4953095684803    	  7.5046904315197    	   0.0
CUFF_NC.11096 	      533	  92.3076923076923    	  7.5046904315197    	   0.18761726078799248
CUFF_NC.9137  	      533	  92.4953095684803    	  7.5046904315197    	   0.0
CUFF_NC.9173  	      533	  92.4953095684803    	  7.5046904315197    	   0.0
CUFF_NC.2866  	      533	  92.4953095684803    	  7.5046904315197    	   0.0
CUFF_NC.7346  	      526	  89.35361216730038   	  7.41444866920152   	   3.2319391634980987
CUFF_NC.8015  	      533	  92.6829268292683    	  7.317073170731707  	   0.0
CUFF_NC.1884  	      533	  92.6829268292683    	  7.317073170731707  	   0.0
CUFF_NC.9800  	      533	  92.6829268292683    	  7.317073170731707  	   0.0
CUFF_NC.5360  	      533	  92.6829268292683    	  7.317073170731707  	   0.0
CUFF_NC.8901  	      533	  92.6829268292683    	  7.317073170731707  	   0.0
CUFF_NC.3135  	      533	  92.6829268292683    	  7.317073170731707  	   0.0
CUFF_NC.1017  	      533	  92.6829268292683    	  7.317073170731707  	   0.0
CUFF_NC.2443  	      533	  92.6829268292683    	  7.317073170731707  	   0.0
CUFF_NC.10562 	      533	  92.6829268292683    	  7.317073170731707  	   0.0
CUFF_NC.8016  	      533	  92.6829268292683    	  7.317073170731707  	   0.0
CUFF_NC.530   	      533	  92.4953095684803    	  7.317073170731707  	   0.18761726078799248
CUFF_NC.5101  	      533	  78.98686679174483   	  7.317073170731707  	  13.696060037523452
CUFF_NC.8305  	      533	  92.6829268292683    	  7.317073170731707  	   0.0
CUFF_NC.3929  	      533	  92.4953095684803    	  7.317073170731707  	   0.18761726078799248
CUFF_NC.6567  	      533	  92.6829268292683    	  7.317073170731707  	   0.0
CUFF_NC.7739  	      533	  87.2420262664165    	  7.317073170731707  	   5.440900562851782
CUFF_NC.9401  	      533	  92.6829268292683    	  7.317073170731707  	   0.0
CUFF_NC.10910 	      533	  92.6829268292683    	  7.317073170731707  	   0.0
CUFF_NC.4466  	      533	  92.6829268292683    	  7.317073170731707  	   0.0
CUFF_NC.2188  	      533	  92.6829268292683    	  7.317073170731707  	   0.0
CUFF_NC.8500  	      533	  92.6829268292683    	  7.317073170731707  	   0.0
CUFF_NC.5896  	      533	  92.6829268292683    	  7.317073170731707  	   0.0
CUFF_NC.593   	      533	  82.55159474671669   	  7.317073170731707  	  10.131332082551594
CUFF_NC.1019  	      533	  92.6829268292683    	  7.317073170731707  	   0.0
CUFF_NC.7888  	      533	  92.6829268292683    	  7.317073170731707  	   0.0
CUFF_NC.4864  	      533	  92.6829268292683    	  7.317073170731707  	   0.0
CUFF_NC.7916  	      533	  92.6829268292683    	  7.317073170731707  	   0.0
CUFF_NC.10304 	      533	  92.6829268292683    	  7.317073170731707  	   0.0
CUFF_NC.8366  	      533	  92.4953095684803    	  7.317073170731707  	   0.18761726078799248
CUFF_NC.7789  	      533	  92.12007504690432   	  7.317073170731707  	   0.5628517823639775
CUFF_NC.10460 	      533	  91.55722326454033   	  7.317073170731707  	   1.125703564727955
CUFF_NC.1842  	      533	  92.6829268292683    	  7.129455909943714  	   0.18761726078799248
CUFF_NC.4333  	      533	  92.87054409005628   	  7.129455909943714  	   0.0
CUFF_NC.247   	      533	  92.6829268292683    	  7.129455909943714  	   0.18761726078799248
CUFF_NC.3762  	      533	  88.74296435272045   	  7.129455909943714  	   4.127579737335835
CUFF_NC.8566  	      533	  92.87054409005628   	  7.129455909943714  	   0.0
CUFF_NC.785   	      533	  92.6829268292683    	  7.129455909943714  	   0.18761726078799248
CUFF_NC.7764  	      533	  92.87054409005628   	  7.129455909943714  	   0.0
CUFF_NC.937   	      533	  92.87054409005628   	  7.129455909943714  	   0.0
CUFF_NC.4490  	      533	  92.87054409005628   	  7.129455909943714  	   0.0
CUFF_NC.3706  	      533	  92.87054409005628   	  7.129455909943714  	   0.0
CUFF_NC.10916 	      533	  92.87054409005628   	  7.129455909943714  	   0.0
CUFF_NC.6773  	      533	  92.87054409005628   	  7.129455909943714  	   0.0
CUFF_NC.10611 	      533	  88.18011257035647   	  7.129455909943714  	   4.690431519699812
CUFF_NC.7862  	      533	  92.6829268292683    	  7.129455909943714  	   0.18761726078799248
CUFF_NC.652   	      533	  92.87054409005628   	  7.129455909943714  	   0.0
CUFF_NC.7830  	      533	  92.87054409005628   	  7.129455909943714  	   0.0
CUFF_NC.4580  	      533	  92.87054409005628   	  7.129455909943714  	   0.0
CUFF_NC.6016  	      533	  91.74484052532833   	  7.129455909943714  	   1.125703564727955
CUFF_NC.8501  	      533	  92.87054409005628   	  7.129455909943714  	   0.0
CUFF_NC.204   	      533	  92.87054409005628   	  7.129455909943714  	   0.0
CUFF_NC.9904  	      533	  92.87054409005628   	  7.129455909943714  	   0.0
CUFF_NC.1056  	      533	  92.87054409005628   	  6.941838649155723  	   0.18761726078799248
CUFF_NC.9711  	      533	  93.05816135084429   	  6.941838649155723  	   0.0
CUFF_NC.2222  	      533	  93.05816135084429   	  6.941838649155723  	   0.0
CUFF_NC.2387  	      533	  92.87054409005628   	  6.941838649155723  	   0.18761726078799248
CUFF_NC.8058  	      533	  92.87054409005628   	  6.941838649155723  	   0.18761726078799248
CUFF_NC.8205  	      533	  92.12007504690432   	  6.941838649155723  	   0.9380863039399625
CUFF_NC.8317  	      533	  93.05816135084429   	  6.941838649155723  	   0.0
CUFF_NC.10485 	      533	  93.05816135084429   	  6.941838649155723  	   0.0
CUFF_NC.2676  	      533	  93.05816135084429   	  6.941838649155723  	   0.0
CUFF_NC.4765  	      533	  93.05816135084429   	  6.941838649155723  	   0.0
CUFF_NC.2509  	      533	  93.05816135084429   	  6.941838649155723  	   0.0
CUFF_NC.9337  	      533	  93.05816135084429   	  6.941838649155723  	   0.0
CUFF_NC.10465 	      533	  93.05816135084429   	  6.941838649155723  	   0.0
CUFF_NC.9274  	      533	  93.05816135084429   	  6.941838649155723  	   0.0
CUFF_NC.3320  	      533	  93.05816135084429   	  6.941838649155723  	   0.0
CUFF_NC.848   	      533	  93.05816135084429   	  6.941838649155723  	   0.0
CUFF_NC.9857  	      533	  79.17448405253283   	  6.941838649155723  	  13.883677298311445
CUFF_NC.5159  	      533	  92.6829268292683    	  6.941838649155723  	   0.37523452157598497
CUFF_NC.4518  	      533	  93.05816135084429   	  6.941838649155723  	   0.0
CUFF_NC.194   	      533	  91.18198874296435   	  6.941838649155723  	   1.876172607879925
CUFF_NC.8493  	      533	  93.05816135084429   	  6.941838649155723  	   0.0
CUFF_NC.4552  	      533	  93.05816135084429   	  6.941838649155723  	   0.0
CUFF_NC.4553  	      533	  93.05816135084429   	  6.941838649155723  	   0.0
CUFF_NC.3532  	      533	  93.05816135084429   	  6.941838649155723  	   0.0
CUFF_NC.1101  	      533	  93.05816135084429   	  6.941838649155723  	   0.0
CUFF_NC.1357  	      515	  78.44660194174757   	  6.796116504854369  	  14.757281553398057
CUFF_NC.6065  	      532	  87.03007518796993   	  6.7669172932330826 	   6.203007518796992
CUFF_NC.6036  	      532	  89.84962406015038   	  6.7669172932330826 	   3.3834586466165413
CUFF_NC.7885  	      533	  93.24577861163228   	  6.75422138836773   	   0.0
CUFF_NC.10861 	      533	  93.24577861163228   	  6.75422138836773   	   0.0
CUFF_NC.9502  	      533	  93.24577861163228   	  6.75422138836773   	   0.0
CUFF_NC.701   	      533	  93.24577861163228   	  6.75422138836773   	   0.0
CUFF_NC.6918  	      533	  93.24577861163228   	  6.75422138836773   	   0.0
CUFF_NC.9576  	      533	  93.24577861163228   	  6.75422138836773   	   0.0
CUFF_NC.7224  	      533	  93.24577861163228   	  6.75422138836773   	   0.0
CUFF_NC.4767  	      533	  93.24577861163228   	  6.75422138836773   	   0.0
CUFF_NC.9495  	      533	  93.24577861163228   	  6.75422138836773   	   0.0
CUFF_NC.2169  	      533	  93.24577861163228   	  6.75422138836773   	   0.0
CUFF_NC.10687 	      533	  92.87054409005628   	  6.75422138836773   	   0.37523452157598497
CUFF_NC.750   	      533	  92.6829268292683    	  6.75422138836773   	   0.5628517823639775
CUFF_NC.7627  	      533	  92.12007504690432   	  6.75422138836773   	   1.125703564727955
CUFF_NC.10683 	      533	  93.24577861163228   	  6.75422138836773   	   0.0
CUFF_NC.7438  	      533	  80.67542213883677   	  6.75422138836773   	  12.570356472795496
CUFF_NC.2228  	      533	  93.24577861163228   	  6.75422138836773   	   0.0
CUFF_NC.10710 	      533	  93.24577861163228   	  6.75422138836773   	   0.0
CUFF_NC.1840  	      533	  93.24577861163228   	  6.75422138836773   	   0.0
CUFF_NC.1503  	      533	  91.93245778611632   	  6.75422138836773   	   1.3133208255159476
CUFF_NC.9349  	      533	  93.24577861163228   	  6.75422138836773   	   0.0
CUFF_NC.6617  	      533	  93.05816135084429   	  6.75422138836773   	   0.18761726078799248
CUFF_NC.3020  	      533	  93.24577861163228   	  6.75422138836773   	   0.0
CUFF_NC.614   	      533	  93.24577861163228   	  6.75422138836773   	   0.0
CUFF_NC.10200 	      533	  92.87054409005628   	  6.75422138836773   	   0.37523452157598497
CUFF_NC.3570  	      533	  90.80675422138836   	  6.75422138836773   	   2.4390243902439024
CUFF_NC.5615  	      533	  93.24577861163228   	  6.75422138836773   	   0.0
CUFF_NC.5600  	      533	  93.24577861163228   	  6.75422138836773   	   0.0
CUFF_NC.5726  	      533	  93.24577861163228   	  6.75422138836773   	   0.0
CUFF_NC.5891  	      533	  93.24577861163228   	  6.75422138836773   	   0.0
CUFF_NC.10271 	      533	  90.99437148217636   	  6.75422138836773   	   2.25140712945591
CUFF_NC.8728  	      533	  93.24577861163228   	  6.75422138836773   	   0.0
CUFF_NC.3964  	      533	  93.05816135084429   	  6.75422138836773   	   0.18761726078799248
CUFF_NC.5078  	      533	  93.24577861163228   	  6.75422138836773   	   0.0
CUFF_NC.10229 	      512	  88.0859375          	  6.640625           	   5.2734375
CUFF_NC.9257  	      533	  93.43339587242026   	  6.566604127579738  	   0.0
CUFF_NC.907   	      533	  93.43339587242026   	  6.566604127579738  	   0.0
CUFF_NC.6566  	      533	  76.17260787992495   	  6.566604127579738  	  17.26078799249531
CUFF_NC.4159  	      533	  93.43339587242026   	  6.566604127579738  	   0.0
CUFF_NC.361   	      533	  93.43339587242026   	  6.566604127579738  	   0.0
CUFF_NC.3610  	      533	  93.43339587242026   	  6.566604127579738  	   0.0
CUFF_NC.9075  	      533	  93.43339587242026   	  6.566604127579738  	   0.0
CUFF_NC.5780  	      533	  93.43339587242026   	  6.566604127579738  	   0.0
CUFF_NC.650   	      533	  93.43339587242026   	  6.566604127579738  	   0.0
CUFF_NC.2202  	      533	  93.43339587242026   	  6.566604127579738  	   0.0
CUFF_NC.3010  	      533	  83.30206378986867   	  6.566604127579738  	  10.131332082551594
CUFF_NC.2750  	      533	  91.74484052532833   	  6.566604127579738  	   1.6885553470919326
CUFF_NC.4909  	      533	  93.43339587242026   	  6.566604127579738  	   0.0
CUFF_NC.1832  	      533	  93.43339587242026   	  6.566604127579738  	   0.0
CUFF_NC.8580  	      533	  93.43339587242026   	  6.566604127579738  	   0.0
CUFF_NC.4604  	      533	  93.43339587242026   	  6.566604127579738  	   0.0
CUFF_NC.3040  	      533	  85.36585365853658   	  6.566604127579738  	   8.067542213883677
CUFF_NC.6991  	      533	  93.43339587242026   	  6.566604127579738  	   0.0
CUFF_NC.1702  	      533	  93.43339587242026   	  6.566604127579738  	   0.0
CUFF_NC.8970  	      533	  93.43339587242026   	  6.566604127579738  	   0.0
CUFF_NC.7230  	      533	  93.43339587242026   	  6.566604127579738  	   0.0
CUFF_NC.8715  	      399	  92.4812030075188    	  6.516290726817042  	   1.0025062656641603
CUFF_NC.5793  	      525	  91.80952380952381   	  6.476190476190475  	   1.7142857142857144
CUFF_NC.7605  	      533	  91.55722326454033   	  6.378986866791744  	   2.0637898686679175
CUFF_NC.4888  	      533	  93.62101313320825   	  6.378986866791744  	   0.0
CUFF_NC.1061  	      533	  69.7936210131332    	  6.378986866791744  	  23.827392120075046
CUFF_NC.4371  	      533	  93.62101313320825   	  6.378986866791744  	   0.0
CUFF_NC.2859  	      533	  93.62101313320825   	  6.378986866791744  	   0.0
CUFF_NC.5016  	      533	  93.62101313320825   	  6.378986866791744  	   0.0
CUFF_NC.4637  	      533	  93.43339587242026   	  6.378986866791744  	   0.18761726078799248
CUFF_NC.10855 	      533	  91.36960600375235   	  6.378986866791744  	   2.25140712945591
CUFF_NC.3660  	      533	  93.62101313320825   	  6.378986866791744  	   0.0
CUFF_NC.10843 	      533	  93.62101313320825   	  6.378986866791744  	   0.0
CUFF_NC.546   	      533	  93.62101313320825   	  6.378986866791744  	   0.0
CUFF_NC.411   	      533	  93.62101313320825   	  6.378986866791744  	   0.0
CUFF_NC.10123 	      533	  92.4953095684803    	  6.378986866791744  	   1.125703564727955
CUFF_NC.480   	      533	  93.62101313320825   	  6.378986866791744  	   0.0
CUFF_NC.11294 	      533	  93.62101313320825   	  6.378986866791744  	   0.0
CUFF_NC.8373  	      533	  93.62101313320825   	  6.378986866791744  	   0.0
CUFF_NC.2431  	      533	  93.62101313320825   	  6.378986866791744  	   0.0
CUFF_NC.960   	      533	  93.62101313320825   	  6.378986866791744  	   0.0
CUFF_NC.10719 	      533	  73.17073170731707   	  6.378986866791744  	  20.45028142589118
CUFF_NC.7740  	      533	  92.87054409005628   	  6.378986866791744  	   0.7504690431519699
CUFF_NC.9342  	      533	  93.62101313320825   	  6.378986866791744  	   0.0
CUFF_NC.6499  	      533	  93.62101313320825   	  6.378986866791744  	   0.0
CUFF_NC.5136  	      533	  93.62101313320825   	  6.378986866791744  	   0.0
CUFF_NC.3003  	      533	  84.61538461538461   	  6.378986866791744  	   9.00562851782364
CUFF_NC.1082  	      533	  93.62101313320825   	  6.378986866791744  	   0.0
CUFF_NC.10202 	      533	  92.87054409005628   	  6.378986866791744  	   0.7504690431519699
CUFF_NC.6810  	      533	  93.05816135084429   	  6.378986866791744  	   0.5628517823639775
CUFF_NC.6482  	      533	  89.6810506566604    	  6.378986866791744  	   3.9399624765478425
CUFF_NC.11443 	      533	  93.62101313320825   	  6.378986866791744  	   0.0
CUFF_NC.3424  	      456	  89.47368421052632   	  6.359649122807018  	   4.166666666666666
CUFF_NC.10247 	      528	  89.20454545454545   	  6.25               	   4.545454545454546
CUFF_NC.4054  	      533	  93.80863039399625   	  6.191369606003752  	   0.0
CUFF_NC.4692  	      533	  93.80863039399625   	  6.191369606003752  	   0.0
CUFF_NC.2841  	      533	  93.80863039399625   	  6.191369606003752  	   0.0
CUFF_NC.2507  	      533	  93.80863039399625   	  6.191369606003752  	   0.0
CUFF_NC.4867  	      533	  93.62101313320825   	  6.191369606003752  	   0.18761726078799248
CUFF_NC.8168  	      533	  93.62101313320825   	  6.191369606003752  	   0.18761726078799248
CUFF_NC.6739  	      533	  93.80863039399625   	  6.191369606003752  	   0.0
CUFF_NC.5     	      533	  93.80863039399625   	  6.191369606003752  	   0.0
CUFF_NC.1138  	      533	  93.05816135084429   	  6.191369606003752  	   0.7504690431519699
CUFF_NC.5471  	      533	  93.80863039399625   	  6.191369606003752  	   0.0
CUFF_NC.5231  	      533	  93.80863039399625   	  6.191369606003752  	   0.0
CUFF_NC.2767  	      533	  92.12007504690432   	  6.191369606003752  	   1.6885553470919326
CUFF_NC.4171  	      533	  93.80863039399625   	  6.191369606003752  	   0.0
CUFF_NC.4222  	      533	  93.43339587242026   	  6.191369606003752  	   0.37523452157598497
CUFF_NC.6833  	      533	  93.80863039399625   	  6.191369606003752  	   0.0
CUFF_NC.3749  	      533	  93.80863039399625   	  6.191369606003752  	   0.0
CUFF_NC.2724  	      533	  85.55347091932458   	  6.191369606003752  	   8.25515947467167
CUFF_NC.6806  	      533	  93.80863039399625   	  6.191369606003752  	   0.0
CUFF_NC.5603  	      533	  93.80863039399625   	  6.191369606003752  	   0.0
CUFF_NC.11218 	      533	  93.80863039399625   	  6.191369606003752  	   0.0
CUFF_NC.5802  	      533	  93.80863039399625   	  6.191369606003752  	   0.0
CUFF_NC.5173  	      533	  93.80863039399625   	  6.191369606003752  	   0.0
CUFF_NC.5153  	      533	  93.80863039399625   	  6.191369606003752  	   0.0
CUFF_NC.8378  	      533	  93.80863039399625   	  6.191369606003752  	   0.0
CUFF_NC.6556  	      533	  93.62101313320825   	  6.191369606003752  	   0.18761726078799248
CUFF_NC.865   	      533	  93.80863039399625   	  6.191369606003752  	   0.0
CUFF_NC.10258 	      529	  88.65784499054821   	  6.049149338374291  	   5.293005671077505
CUFF_NC.4049  	      532	  78.7593984962406    	  6.015037593984962  	  15.225563909774436
CUFF_NC.177   	      533	  93.80863039399625   	  6.0037523452157595 	   0.18761726078799248
CUFF_NC.5854  	      533	  91.55722326454033   	  6.0037523452157595 	   2.4390243902439024
CUFF_NC.2813  	      533	  93.99624765478424   	  6.0037523452157595 	   0.0
CUFF_NC.10962 	      533	  93.99624765478424   	  6.0037523452157595 	   0.0
CUFF_NC.7687  	      533	  93.99624765478424   	  6.0037523452157595 	   0.0
CUFF_NC.9865  	      533	  93.99624765478424   	  6.0037523452157595 	   0.0
CUFF_NC.10317 	      533	  93.24577861163228   	  6.0037523452157595 	   0.7504690431519699
CUFF_NC.5032  	      533	  93.99624765478424   	  6.0037523452157595 	   0.0
CUFF_NC.448   	      533	  93.99624765478424   	  6.0037523452157595 	   0.0
CUFF_NC.3623  	      533	  93.99624765478424   	  6.0037523452157595 	   0.0
CUFF_NC.11256 	      533	  93.99624765478424   	  6.0037523452157595 	   0.0
CUFF_NC.9223  	      533	  93.99624765478424   	  6.0037523452157595 	   0.0
CUFF_NC.3614  	      533	  93.62101313320825   	  6.0037523452157595 	   0.37523452157598497
CUFF_NC.10825 	      533	  93.99624765478424   	  6.0037523452157595 	   0.0
CUFF_NC.911   	      533	  77.6735459662289    	  6.0037523452157595 	  16.322701688555348
CUFF_NC.1632  	      533	  93.99624765478424   	  6.0037523452157595 	   0.0
CUFF_NC.11303 	      533	  93.99624765478424   	  6.0037523452157595 	   0.0
CUFF_NC.1672  	      533	  93.80863039399625   	  6.0037523452157595 	   0.18761726078799248
CUFF_NC.166   	      533	  93.99624765478424   	  6.0037523452157595 	   0.0
CUFF_NC.7439  	      533	  93.99624765478424   	  6.0037523452157595 	   0.0
CUFF_NC.3930  	      533	  93.99624765478424   	  6.0037523452157595 	   0.0
CUFF_NC.4243  	      533	  93.99624765478424   	  6.0037523452157595 	   0.0
CUFF_NC.10270 	      533	  93.99624765478424   	  6.0037523452157595 	   0.0
CUFF_NC.5686  	      533	  87.8048780487805    	  6.0037523452157595 	   6.191369606003752
CUFF_NC.9403  	      523	  75.52581261950286   	  5.927342256214149  	  18.54684512428298
CUFF_NC.6237  	      527	  85.95825426944972   	  5.88235294117647   	   8.159392789373813
CUFF_NC.501   	      533	  92.6829268292683    	  5.816135084427768  	   1.5009380863039399
CUFF_NC.2821  	      533	  94.18386491557223   	  5.816135084427768  	   0.0
CUFF_NC.9201  	      533	  94.18386491557223   	  5.816135084427768  	   0.0
CUFF_NC.623   	      533	  94.18386491557223   	  5.816135084427768  	   0.0
CUFF_NC.5281  	      533	  93.99624765478424   	  5.816135084427768  	   0.18761726078799248
CUFF_NC.2661  	      533	  94.18386491557223   	  5.816135084427768  	   0.0
CUFF_NC.2875  	      533	  94.18386491557223   	  5.816135084427768  	   0.0
CUFF_NC.1651  	      533	  94.18386491557223   	  5.816135084427768  	   0.0
CUFF_NC.3798  	      533	  94.18386491557223   	  5.816135084427768  	   0.0
CUFF_NC.2809  	      533	  94.18386491557223   	  5.816135084427768  	   0.0
CUFF_NC.5130  	      533	  94.18386491557223   	  5.816135084427768  	   0.0
CUFF_NC.5098  	      533	  94.18386491557223   	  5.816135084427768  	   0.0
CUFF_NC.5337  	      533	  93.99624765478424   	  5.816135084427768  	   0.18761726078799248
CUFF_NC.2591  	      533	  94.18386491557223   	  5.816135084427768  	   0.0
CUFF_NC.2906  	      533	  94.18386491557223   	  5.816135084427768  	   0.0
CUFF_NC.8682  	      533	  94.18386491557223   	  5.816135084427768  	   0.0
CUFF_NC.2966  	      533	  94.18386491557223   	  5.816135084427768  	   0.0
CUFF_NC.1009  	      533	  94.18386491557223   	  5.816135084427768  	   0.0
CUFF_NC.7197  	      533	  81.80112570356472   	  5.816135084427768  	  12.382739212007504
CUFF_NC.699   	      533	  94.18386491557223   	  5.816135084427768  	   0.0
CUFF_NC.5634  	      533	  94.18386491557223   	  5.816135084427768  	   0.0
CUFF_NC.9062  	      533	  94.18386491557223   	  5.816135084427768  	   0.0
CUFF_NC.4060  	      533	  93.99624765478424   	  5.816135084427768  	   0.18761726078799248
CUFF_NC.7179  	      533	  94.18386491557223   	  5.816135084427768  	   0.0
CUFF_NC.3981  	      533	  93.99624765478424   	  5.816135084427768  	   0.18761726078799248
CUFF_NC.3608  	      533	  94.18386491557223   	  5.816135084427768  	   0.0
CUFF_NC.338   	      533	  94.18386491557223   	  5.816135084427768  	   0.0
CUFF_NC.6586  	      533	  94.18386491557223   	  5.816135084427768  	   0.0
CUFF_NC.5999  	      533	  91.55722326454033   	  5.816135084427768  	   2.6266416510318953
CUFF_NC.5572  	      533	  94.18386491557223   	  5.816135084427768  	   0.0
CUFF_NC.10133 	      533	  93.99624765478424   	  5.816135084427768  	   0.18761726078799248
CUFF_NC.10803 	      533	  94.18386491557223   	  5.816135084427768  	   0.0
CUFF_NC.11071 	      533	  93.99624765478424   	  5.816135084427768  	   0.18761726078799248
CUFF_NC.9802  	      533	  94.18386491557223   	  5.816135084427768  	   0.0
CUFF_NC.9813  	      533	  93.80863039399625   	  5.816135084427768  	   0.37523452157598497
CUFF_NC.3124  	      533	  94.37148217636022   	  5.628517823639775  	   0.0
CUFF_NC.8506  	      533	  94.37148217636022   	  5.628517823639775  	   0.0
CUFF_NC.4011  	      533	  93.62101313320825   	  5.628517823639775  	   0.7504690431519699
CUFF_NC.8474  	      533	  94.37148217636022   	  5.628517823639775  	   0.0
CUFF_NC.8654  	      533	  94.18386491557223   	  5.628517823639775  	   0.18761726078799248
CUFF_NC.3899  	      533	  94.37148217636022   	  5.628517823639775  	   0.0
CUFF_NC.140   	      533	  94.37148217636022   	  5.628517823639775  	   0.0
CUFF_NC.8351  	      533	  94.37148217636022   	  5.628517823639775  	   0.0
CUFF_NC.10768 	      533	  94.37148217636022   	  5.628517823639775  	   0.0
CUFF_NC.2460  	      533	  94.37148217636022   	  5.628517823639775  	   0.0
CUFF_NC.8925  	      533	  94.37148217636022   	  5.628517823639775  	   0.0
CUFF_NC.406   	      533	  94.37148217636022   	  5.628517823639775  	   0.0
CUFF_NC.10379 	      533	  94.37148217636022   	  5.628517823639775  	   0.0
CUFF_NC.6992  	      533	  94.37148217636022   	  5.628517823639775  	   0.0
CUFF_NC.10128 	      533	  94.37148217636022   	  5.628517823639775  	   0.0
CUFF_NC.5918  	      533	  65.66604127579737   	  5.628517823639775  	  28.705440900562852
CUFF_NC.2851  	      533	  94.37148217636022   	  5.628517823639775  	   0.0
CUFF_NC.5215  	      533	  94.37148217636022   	  5.628517823639775  	   0.0
CUFF_NC.7707  	      533	  94.37148217636022   	  5.628517823639775  	   0.0
CUFF_NC.1834  	      533	  94.37148217636022   	  5.628517823639775  	   0.0
CUFF_NC.4413  	      533	  94.37148217636022   	  5.628517823639775  	   0.0
CUFF_NC.8070  	      533	  94.37148217636022   	  5.628517823639775  	   0.0
CUFF_NC.11113 	      533	  94.37148217636022   	  5.628517823639775  	   0.0
CUFF_NC.9267  	      533	  94.37148217636022   	  5.628517823639775  	   0.0
CUFF_NC.8981  	      533	  94.37148217636022   	  5.628517823639775  	   0.0
CUFF_NC.3769  	      533	  93.80863039399625   	  5.628517823639775  	   0.5628517823639775
CUFF_NC.9041  	      533	  94.37148217636022   	  5.628517823639775  	   0.0
CUFF_NC.2427  	      533	  94.37148217636022   	  5.628517823639775  	   0.0
CUFF_NC.5178  	      533	  92.6829268292683    	  5.628517823639775  	   1.6885553470919326
CUFF_NC.10344 	      533	  94.37148217636022   	  5.628517823639775  	   0.0
CUFF_NC.10877 	      533	  94.37148217636022   	  5.628517823639775  	   0.0
CUFF_NC.2013  	      532	  63.53383458646616   	  5.451127819548872  	  31.015037593984964
CUFF_NC.6387  	      514	  90.85603112840467   	  5.447470817120623  	   3.6964980544747084
CUFF_NC.4749  	      533	  94.55909943714822   	  5.440900562851782  	   0.0
CUFF_NC.455   	      533	  94.55909943714822   	  5.440900562851782  	   0.0
CUFF_NC.62    	      533	  84.9906191369606    	  5.440900562851782  	   9.568480300187618
CUFF_NC.7305  	      533	  94.18386491557223   	  5.440900562851782  	   0.37523452157598497
CUFF_NC.5951  	      533	  94.55909943714822   	  5.440900562851782  	   0.0
CUFF_NC.10488 	      533	  94.55909943714822   	  5.440900562851782  	   0.0
CUFF_NC.2732  	      533	  94.37148217636022   	  5.440900562851782  	   0.18761726078799248
CUFF_NC.3779  	      533	  94.55909943714822   	  5.440900562851782  	   0.0
CUFF_NC.7372  	      533	  93.43339587242026   	  5.440900562851782  	   1.125703564727955
CUFF_NC.7399  	      533	  93.99624765478424   	  5.440900562851782  	   0.5628517823639775
CUFF_NC.5834  	      533	  94.37148217636022   	  5.440900562851782  	   0.18761726078799248
CUFF_NC.8550  	      533	  94.55909943714822   	  5.440900562851782  	   0.0
CUFF_NC.10895 	      533	  92.87054409005628   	  5.440900562851782  	   1.6885553470919326
CUFF_NC.2139  	      533	  93.05816135084429   	  5.440900562851782  	   1.5009380863039399
CUFF_NC.2773  	      533	  94.55909943714822   	  5.440900562851782  	   0.0
CUFF_NC.6337  	      533	  94.55909943714822   	  5.440900562851782  	   0.0
CUFF_NC.11394 	      533	  94.37148217636022   	  5.440900562851782  	   0.18761726078799248
CUFF_NC.8189  	      533	  94.55909943714822   	  5.440900562851782  	   0.0
CUFF_NC.391   	      533	  94.55909943714822   	  5.440900562851782  	   0.0
CUFF_NC.4868  	      533	  94.55909943714822   	  5.440900562851782  	   0.0
CUFF_NC.9536  	      533	  93.80863039399625   	  5.440900562851782  	   0.7504690431519699
CUFF_NC.544   	      533	  94.18386491557223   	  5.440900562851782  	   0.37523452157598497
CUFF_NC.11001 	      533	  94.55909943714822   	  5.440900562851782  	   0.0
CUFF_NC.458   	      533	  94.55909943714822   	  5.440900562851782  	   0.0
CUFF_NC.4048  	      533	  93.99624765478424   	  5.440900562851782  	   0.5628517823639775
CUFF_NC.1003  	      533	  94.55909943714822   	  5.440900562851782  	   0.0
CUFF_NC.10220 	      531	  77.40112994350282   	  5.273069679849341  	  17.325800376647834
CUFF_NC.3046  	      532	  84.02255639097744   	  5.263157894736842  	  10.714285714285714
CUFF_NC.9822  	      533	  94.55909943714822   	  5.253283302063791  	   0.18761726078799248
CUFF_NC.4600  	      533	  94.74671669793621   	  5.253283302063791  	   0.0
CUFF_NC.4620  	      533	  94.74671669793621   	  5.253283302063791  	   0.0
CUFF_NC.10944 	      533	  94.74671669793621   	  5.253283302063791  	   0.0
CUFF_NC.1000  	      533	  94.74671669793621   	  5.253283302063791  	   0.0
CUFF_NC.1732  	      533	  94.37148217636022   	  5.253283302063791  	   0.37523452157598497
CUFF_NC.8741  	      533	  94.74671669793621   	  5.253283302063791  	   0.0
CUFF_NC.5502  	      533	  94.74671669793621   	  5.253283302063791  	   0.0
CUFF_NC.490   	      533	  94.74671669793621   	  5.253283302063791  	   0.0
CUFF_NC.6830  	      533	  94.74671669793621   	  5.253283302063791  	   0.0
CUFF_NC.11400 	      533	  94.74671669793621   	  5.253283302063791  	   0.0
CUFF_NC.2114  	      533	  94.37148217636022   	  5.253283302063791  	   0.37523452157598497
CUFF_NC.6740  	      533	  90.80675422138836   	  5.253283302063791  	   3.9399624765478425
CUFF_NC.4974  	      533	  94.37148217636022   	  5.253283302063791  	   0.37523452157598497
CUFF_NC.7489  	      533	  94.74671669793621   	  5.253283302063791  	   0.0
CUFF_NC.8339  	      533	  94.74671669793621   	  5.253283302063791  	   0.0
CUFF_NC.6920  	      533	  94.74671669793621   	  5.253283302063791  	   0.0
CUFF_NC.8485  	      533	  73.73358348968105   	  5.253283302063791  	  21.013133208255162
CUFF_NC.9090  	      533	  94.74671669793621   	  5.253283302063791  	   0.0
CUFF_NC.3845  	      533	  89.30581613508443   	  5.253283302063791  	   5.440900562851782
CUFF_NC.6998  	      533	  94.74671669793621   	  5.253283302063791  	   0.0
CUFF_NC.4037  	      533	  94.74671669793621   	  5.253283302063791  	   0.0
CUFF_NC.4813  	      533	  83.30206378986867   	  5.253283302063791  	  11.44465290806754
CUFF_NC.5614  	      533	  94.74671669793621   	  5.253283302063791  	   0.0
CUFF_NC.4935  	      533	  94.74671669793621   	  5.253283302063791  	   0.0
CUFF_NC.6577  	      533	  88.55534709193246   	  5.253283302063791  	   6.191369606003752
CUFF_NC.4938  	      533	  94.74671669793621   	  5.253283302063791  	   0.0
CUFF_NC.4594  	      533	  94.74671669793621   	  5.253283302063791  	   0.0
CUFF_NC.4071  	      533	  94.74671669793621   	  5.253283302063791  	   0.0
CUFF_NC.9091  	      533	  94.74671669793621   	  5.253283302063791  	   0.0
CUFF_NC.5632  	      533	  94.74671669793621   	  5.253283302063791  	   0.0
CUFF_NC.7154  	      515	  83.68932038834951   	  5.242718446601942  	  11.067961165048544
CUFF_NC.3691  	      509	  56.97445972495089   	  5.1080550098231825 	  37.91748526522593
CUFF_NC.2256  	      532	  94.73684210526315   	  5.075187969924812  	   0.18796992481203006
CUFF_NC.3142  	      533	  94.74671669793621   	  5.065666041275797  	   0.18761726078799248
CUFF_NC.11067 	      533	  94.93433395872421   	  5.065666041275797  	   0.0
CUFF_NC.7301  	      533	  94.93433395872421   	  5.065666041275797  	   0.0
CUFF_NC.8407  	      533	  94.93433395872421   	  5.065666041275797  	   0.0
CUFF_NC.9544  	      533	  94.93433395872421   	  5.065666041275797  	   0.0
CUFF_NC.5397  	      533	  61.350844277673545  	  5.065666041275797  	  33.58348968105066
CUFF_NC.4114  	      533	  94.74671669793621   	  5.065666041275797  	   0.18761726078799248
CUFF_NC.4146  	      533	  94.93433395872421   	  5.065666041275797  	   0.0
CUFF_NC.2579  	      533	  94.93433395872421   	  5.065666041275797  	   0.0
CUFF_NC.9569  	      533	  94.93433395872421   	  5.065666041275797  	   0.0
CUFF_NC.10132 	      533	  80.86303939962477   	  5.065666041275797  	  14.071294559099437
CUFF_NC.5038  	      533	  94.74671669793621   	  5.065666041275797  	   0.18761726078799248
CUFF_NC.6436  	      533	  87.8048780487805    	  5.065666041275797  	   7.129455909943714
CUFF_NC.10318 	      533	  94.93433395872421   	  5.065666041275797  	   0.0
CUFF_NC.1896  	      533	  94.93433395872421   	  5.065666041275797  	   0.0
CUFF_NC.7011  	      533	  94.93433395872421   	  5.065666041275797  	   0.0
CUFF_NC.10299 	      533	  94.93433395872421   	  5.065666041275797  	   0.0
CUFF_NC.3449  	      533	  94.37148217636022   	  5.065666041275797  	   0.5628517823639775
CUFF_NC.6536  	      533	  93.62101313320825   	  5.065666041275797  	   1.3133208255159476
CUFF_NC.5818  	      533	  92.4953095684803    	  5.065666041275797  	   2.4390243902439024
CUFF_NC.2705  	      533	  94.93433395872421   	  5.065666041275797  	   0.0
CUFF_NC.2669  	      533	  94.93433395872421   	  5.065666041275797  	   0.0
CUFF_NC.3787  	      533	  94.93433395872421   	  5.065666041275797  	   0.0
CUFF_NC.5198  	      533	  94.93433395872421   	  5.065666041275797  	   0.0
CUFF_NC.3792  	      533	  94.93433395872421   	  5.065666041275797  	   0.0
CUFF_NC.1520  	      533	  94.93433395872421   	  5.065666041275797  	   0.0
CUFF_NC.10358 	      533	  49.906191369606     	  5.065666041275797  	  45.0281425891182
CUFF_NC.2364  	      533	  94.93433395872421   	  5.065666041275797  	   0.0
CUFF_NC.10748 	      533	  94.93433395872421   	  5.065666041275797  	   0.0
CUFF_NC.7238  	      533	  94.93433395872421   	  5.065666041275797  	   0.0
CUFF_NC.8503  	      533	  94.74671669793621   	  5.065666041275797  	   0.18761726078799248
CUFF_NC.11363 	      533	  94.93433395872421   	  5.065666041275797  	   0.0
CUFF_NC.585   	      533	  94.74671669793621   	  5.065666041275797  	   0.18761726078799248
CUFF_NC.7998  	      533	  94.93433395872421   	  5.065666041275797  	   0.0
CUFF_NC.10189 	      521	  85.02879078694818   	  4.990403071017274  	   9.980806142034549
CUFF_NC.6377  	      529	  84.49905482041588   	  4.914933837429111  	  10.58601134215501
CUFF_NC.3054  	      532	  94.17293233082707   	  4.887218045112782  	   0.9398496240601504
CUFF_NC.1862  	      533	  95.1219512195122    	  4.878048780487805  	   0.0
CUFF_NC.9883  	      533	  93.99624765478424   	  4.878048780487805  	   1.125703564727955
CUFF_NC.3045  	      533	  94.93433395872421   	  4.878048780487805  	   0.18761726078799248
CUFF_NC.1855  	      533	  95.1219512195122    	  4.878048780487805  	   0.0
CUFF_NC.5735  	      533	  93.05816135084429   	  4.878048780487805  	   2.0637898686679175
CUFF_NC.4967  	      533	  82.36397748592871   	  4.878048780487805  	  12.757973733583489
CUFF_NC.11439 	      533	  93.05816135084429   	  4.878048780487805  	   2.0637898686679175
CUFF_NC.4744  	      533	  95.1219512195122    	  4.878048780487805  	   0.0
CUFF_NC.4376  	      533	  95.1219512195122    	  4.878048780487805  	   0.0
CUFF_NC.1938  	      533	  95.1219512195122    	  4.878048780487805  	   0.0
CUFF_NC.5076  	      533	  95.1219512195122    	  4.878048780487805  	   0.0
CUFF_NC.7686  	      533	  85.92870544090057   	  4.878048780487805  	   9.193245778611631
CUFF_NC.6632  	      533	  93.43339587242026   	  4.878048780487805  	   1.6885553470919326
CUFF_NC.8518  	      533	  95.1219512195122    	  4.878048780487805  	   0.0
CUFF_NC.3896  	      533	  95.1219512195122    	  4.878048780487805  	   0.0
CUFF_NC.9107  	      533	  95.1219512195122    	  4.878048780487805  	   0.0
CUFF_NC.5994  	      533	  78.98686679174483   	  4.878048780487805  	  16.135084427767353
CUFF_NC.5998  	      533	  90.61913696060037   	  4.878048780487805  	   4.50281425891182
CUFF_NC.3533  	      533	  88.55534709193246   	  4.878048780487805  	   6.566604127579738
CUFF_NC.5972  	      533	  94.55909943714822   	  4.878048780487805  	   0.5628517823639775
CUFF_NC.3980  	      533	  95.1219512195122    	  4.878048780487805  	   0.0
CUFF_NC.2560  	      533	  94.93433395872421   	  4.878048780487805  	   0.18761726078799248
CUFF_NC.10880 	      533	  95.1219512195122    	  4.878048780487805  	   0.0
CUFF_NC.2628  	      533	  95.1219512195122    	  4.878048780487805  	   0.0
CUFF_NC.7216  	      533	  95.1219512195122    	  4.878048780487805  	   0.0
CUFF_NC.5100  	      533	  79.54971857410882   	  4.878048780487805  	  15.572232645403378
CUFF_NC.4382  	      533	  95.1219512195122    	  4.878048780487805  	   0.0
CUFF_NC.7414  	      533	  91.55722326454033   	  4.878048780487805  	   3.564727954971857
CUFF_NC.7898  	      533	  95.1219512195122    	  4.878048780487805  	   0.0
CUFF_NC.9305  	      533	  95.1219512195122    	  4.878048780487805  	   0.0
CUFF_NC.5000  	      533	  95.1219512195122    	  4.878048780487805  	   0.0
CUFF_NC.500   	      533	  94.74671669793621   	  4.878048780487805  	   0.37523452157598497
CUFF_NC.8065  	      533	  95.1219512195122    	  4.878048780487805  	   0.0
CUFF_NC.7313  	      533	  94.93433395872421   	  4.878048780487805  	   0.18761726078799248
CUFF_NC.3912  	      533	  95.1219512195122    	  4.878048780487805  	   0.0
CUFF_NC.5742  	      533	  94.93433395872421   	  4.878048780487805  	   0.18761726078799248
CUFF_NC.9590  	      533	  95.1219512195122    	  4.878048780487805  	   0.0
CUFF_NC.10743 	      533	  95.1219512195122    	  4.878048780487805  	   0.0
CUFF_NC.424   	      473	  93.65750528541226   	  4.862579281183932  	   1.4799154334038054
CUFF_NC.10581 	      529	  94.1398865784499    	  4.725897920604915  	   1.1342155009451798
CUFF_NC.2056  	      533	  95.30956848030019   	  4.690431519699812  	   0.0
CUFF_NC.2048  	      533	  95.30956848030019   	  4.690431519699812  	   0.0
CUFF_NC.2027  	      533	  93.24577861163228   	  4.690431519699812  	   2.0637898686679175
CUFF_NC.4708  	      533	  95.30956848030019   	  4.690431519699812  	   0.0
CUFF_NC.4025  	      533	  94.74671669793621   	  4.690431519699812  	   0.5628517823639775
CUFF_NC.3510  	      533	  95.30956848030019   	  4.690431519699812  	   0.0
CUFF_NC.4799  	      533	  95.30956848030019   	  4.690431519699812  	   0.0
CUFF_NC.5551  	      533	  95.30956848030019   	  4.690431519699812  	   0.0
CUFF_NC.9345  	      533	  95.30956848030019   	  4.690431519699812  	   0.0
CUFF_NC.8594  	      533	  95.30956848030019   	  4.690431519699812  	   0.0
CUFF_NC.3775  	      533	  95.30956848030019   	  4.690431519699812  	   0.0
CUFF_NC.4904  	      533	  95.30956848030019   	  4.690431519699812  	   0.0
CUFF_NC.9449  	      533	  95.30956848030019   	  4.690431519699812  	   0.0
CUFF_NC.5869  	      533	  95.30956848030019   	  4.690431519699812  	   0.0
CUFF_NC.3975  	      533	  95.30956848030019   	  4.690431519699812  	   0.0
CUFF_NC.3887  	      533	  92.12007504690432   	  4.690431519699812  	   3.189493433395872
CUFF_NC.2484  	      533	  95.30956848030019   	  4.690431519699812  	   0.0
CUFF_NC.4824  	      533	  95.1219512195122    	  4.690431519699812  	   0.18761726078799248
CUFF_NC.6539  	      533	  95.30956848030019   	  4.690431519699812  	   0.0
CUFF_NC.4287  	      533	  95.30956848030019   	  4.690431519699812  	   0.0
CUFF_NC.8722  	      533	  95.30956848030019   	  4.690431519699812  	   0.0
CUFF_NC.5341  	      533	  53.47091932457786   	  4.690431519699812  	  41.83864915572232
CUFF_NC.9582  	      533	  95.30956848030019   	  4.690431519699812  	   0.0
CUFF_NC.10735 	      533	  95.30956848030019   	  4.690431519699812  	   0.0
CUFF_NC.1055  	      533	  95.30956848030019   	  4.690431519699812  	   0.0
CUFF_NC.8504  	      533	  84.05253283302065   	  4.690431519699812  	  11.25703564727955
CUFF_NC.2098  	      533	  95.30956848030019   	  4.690431519699812  	   0.0
CUFF_NC.4405  	      533	  95.30956848030019   	  4.690431519699812  	   0.0
CUFF_NC.7939  	      533	  95.30956848030019   	  4.690431519699812  	   0.0
CUFF_NC.7945  	      533	  95.30956848030019   	  4.690431519699812  	   0.0
CUFF_NC.1994  	      533	  90.0562851782364    	  4.690431519699812  	   5.253283302063791
CUFF_NC.1877  	      533	  95.30956848030019   	  4.690431519699812  	   0.0
CUFF_NC.4290  	      532	  95.30075187969925   	  4.511278195488721  	   0.18796992481203006
CUFF_NC.4653  	      533	  95.49718574108817   	  4.50281425891182   	   0.0
CUFF_NC.7810  	      533	  95.49718574108817   	  4.50281425891182   	   0.0
CUFF_NC.9651  	      533	  95.1219512195122    	  4.50281425891182   	   0.37523452157598497
CUFF_NC.8857  	      533	  95.49718574108817   	  4.50281425891182   	   0.0
CUFF_NC.8833  	      533	  94.74671669793621   	  4.50281425891182   	   0.7504690431519699
CUFF_NC.10978 	      533	  95.49718574108817   	  4.50281425891182   	   0.0
CUFF_NC.7710  	      533	  79.73733583489681   	  4.50281425891182   	  15.75984990619137
CUFF_NC.840   	      533	  95.49718574108817   	  4.50281425891182   	   0.0
CUFF_NC.4316  	      533	  95.49718574108817   	  4.50281425891182   	   0.0
CUFF_NC.8721  	      533	  95.49718574108817   	  4.50281425891182   	   0.0
CUFF_NC.4250  	      533	  95.49718574108817   	  4.50281425891182   	   0.0
CUFF_NC.5946  	      533	  94.18386491557223   	  4.50281425891182   	   1.3133208255159476
CUFF_NC.11080 	      533	  95.49718574108817   	  4.50281425891182   	   0.0
CUFF_NC.3662  	      533	  95.49718574108817   	  4.50281425891182   	   0.0
CUFF_NC.5249  	      533	  95.49718574108817   	  4.50281425891182   	   0.0
CUFF_NC.11111 	      533	  95.30956848030019   	  4.50281425891182   	   0.18761726078799248
CUFF_NC.2640  	      533	  95.49718574108817   	  4.50281425891182   	   0.0
CUFF_NC.7982  	      533	  95.49718574108817   	  4.50281425891182   	   0.0
CUFF_NC.5806  	      533	  95.49718574108817   	  4.50281425891182   	   0.0
CUFF_NC.553   	      533	  95.49718574108817   	  4.50281425891182   	   0.0
CUFF_NC.790   	      533	  95.30956848030019   	  4.50281425891182   	   0.18761726078799248
CUFF_NC.4945  	      533	  93.24577861163228   	  4.50281425891182   	   2.25140712945591
CUFF_NC.11189 	      533	  95.49718574108817   	  4.50281425891182   	   0.0
CUFF_NC.8653  	      533	  95.49718574108817   	  4.50281425891182   	   0.0
CUFF_NC.3944  	      533	  95.49718574108817   	  4.50281425891182   	   0.0
CUFF_NC.8681  	      533	  95.49718574108817   	  4.50281425891182   	   0.0
CUFF_NC.9033  	      533	  95.49718574108817   	  4.50281425891182   	   0.0
CUFF_NC.5171  	      533	  95.49718574108817   	  4.50281425891182   	   0.0
CUFF_NC.514   	      533	  79.73733583489681   	  4.50281425891182   	  15.75984990619137
CUFF_NC.658   	      533	  95.49718574108817   	  4.50281425891182   	   0.0
CUFF_NC.8352  	      533	  95.49718574108817   	  4.50281425891182   	   0.0
CUFF_NC.5914  	      533	  95.49718574108817   	  4.50281425891182   	   0.0
CUFF_NC.6428  	      476	  88.02521008403362   	  4.411764705882353  	   7.563025210084033
CUFF_NC.1205  	      528	  89.20454545454545   	  4.356060606060606  	   6.4393939393939394
CUFF_NC.9792  	      528	  95.26515151515152   	  4.356060606060606  	   0.3787878787878788
CUFF_NC.6386  	      531	  57.43879472693032   	  4.3314500941619585 	  38.22975517890772
CUFF_NC.2148  	      532	  91.9172932330827    	  4.323308270676692  	   3.7593984962406015
CUFF_NC.21    	      533	  95.68480300187618   	  4.315196998123827  	   0.0
CUFF_NC.1874  	      533	  94.55909943714822   	  4.315196998123827  	   1.125703564727955
CUFF_NC.1201  	      533	  95.68480300187618   	  4.315196998123827  	   0.0
CUFF_NC.4297  	      533	  95.68480300187618   	  4.315196998123827  	   0.0
CUFF_NC.4050  	      533	  93.99624765478424   	  4.315196998123827  	   1.6885553470919326
CUFF_NC.10259 	      533	  85.74108818011257   	  4.315196998123827  	   9.943714821763603
CUFF_NC.4031  	      533	  95.68480300187618   	  4.315196998123827  	   0.0
CUFF_NC.6927  	      533	  95.68480300187618   	  4.315196998123827  	   0.0
CUFF_NC.6840  	      533	  95.68480300187618   	  4.315196998123827  	   0.0
CUFF_NC.7181  	      533	  95.68480300187618   	  4.315196998123827  	   0.0
CUFF_NC.5139  	      533	  95.68480300187618   	  4.315196998123827  	   0.0
CUFF_NC.10804 	      533	  95.68480300187618   	  4.315196998123827  	   0.0
CUFF_NC.7026  	      533	  95.68480300187618   	  4.315196998123827  	   0.0
CUFF_NC.2032  	      533	  95.68480300187618   	  4.315196998123827  	   0.0
CUFF_NC.472   	      533	  86.86679174484053   	  4.315196998123827  	   8.818011257035648
CUFF_NC.7973  	      533	  95.49718574108817   	  4.315196998123827  	   0.18761726078799248
CUFF_NC.560   	      533	  95.68480300187618   	  4.315196998123827  	   0.0
CUFF_NC.11192 	      533	  95.68480300187618   	  4.315196998123827  	   0.0
CUFF_NC.893   	      533	  95.68480300187618   	  4.315196998123827  	   0.0
CUFF_NC.8618  	      533	  85.74108818011257   	  4.315196998123827  	   9.943714821763603
CUFF_NC.9037  	      533	  95.68480300187618   	  4.315196998123827  	   0.0
CUFF_NC.2317  	      533	  84.61538461538461   	  4.315196998123827  	  11.069418386491558
CUFF_NC.1265  	      533	  95.68480300187618   	  4.315196998123827  	   0.0
CUFF_NC.2212  	      533	  95.49718574108817   	  4.315196998123827  	   0.18761726078799248
CUFF_NC.9003  	      533	  95.49718574108817   	  4.315196998123827  	   0.18761726078799248
CUFF_NC.10553 	      533	  95.68480300187618   	  4.315196998123827  	   0.0
CUFF_NC.674   	      533	  95.68480300187618   	  4.315196998123827  	   0.0
CUFF_NC.9646  	      533	  60.22514071294559   	  4.315196998123827  	  35.45966228893058
CUFF_NC.977   	      533	  95.68480300187618   	  4.315196998123827  	   0.0
CUFF_NC.10979 	      533	  95.68480300187618   	  4.315196998123827  	   0.0
CUFF_NC.4425  	      533	  95.68480300187618   	  4.315196998123827  	   0.0
CUFF_NC.3322  	      495	  68.68686868686868   	  4.242424242424243  	  27.070707070707073
CUFF_NC.7849  	      527	  87.85578747628084   	  4.174573055028463  	   7.969639468690702
CUFF_NC.10371 	      532	  95.86466165413535   	  4.135338345864661  	   0.0
CUFF_NC.7602  	      532	  95.86466165413535   	  4.135338345864661  	   0.0
CUFF_NC.3104  	      533	  95.87242026266416   	  4.127579737335835  	   0.0
CUFF_NC.1859  	      533	  95.68480300187618   	  4.127579737335835  	   0.18761726078799248
CUFF_NC.10579 	      533	  87.2420262664165    	  4.127579737335835  	   8.630393996247655
CUFF_NC.7068  	      533	  95.87242026266416   	  4.127579737335835  	   0.0
CUFF_NC.2518  	      533	  95.87242026266416   	  4.127579737335835  	   0.0
CUFF_NC.57    	      533	  95.87242026266416   	  4.127579737335835  	   0.0
CUFF_NC.1711  	      533	  71.66979362101313   	  4.127579737335835  	  24.202626641651033
CUFF_NC.2458  	      533	  95.87242026266416   	  4.127579737335835  	   0.0
CUFF_NC.6922  	      533	  95.68480300187618   	  4.127579737335835  	   0.18761726078799248
CUFF_NC.2359  	      533	  95.87242026266416   	  4.127579737335835  	   0.0
CUFF_NC.5387  	      533	  95.87242026266416   	  4.127579737335835  	   0.0
CUFF_NC.11402 	      533	  95.87242026266416   	  4.127579737335835  	   0.0
CUFF_NC.6755  	      533	  95.87242026266416   	  4.127579737335835  	   0.0
CUFF_NC.5929  	      533	  95.87242026266416   	  4.127579737335835  	   0.0
CUFF_NC.8458  	      533	  77.6735459662289    	  4.127579737335835  	  18.19887429643527
CUFF_NC.11338 	      533	  82.73921200750469   	  4.127579737335835  	  13.133208255159476
CUFF_NC.8482  	      533	  95.87242026266416   	  4.127579737335835  	   0.0
CUFF_NC.1219  	      533	  95.87242026266416   	  4.127579737335835  	   0.0
CUFF_NC.8767  	      533	  95.87242026266416   	  4.127579737335835  	   0.0
CUFF_NC.10398 	      464	  66.37931034482759   	  4.094827586206897  	  29.52586206896552
CUFF_NC.3207  	      375	  67.73333333333333   	  4.0                	  28.26666666666667
CUFF_NC.10067 	      528	  67.99242424242425   	  3.977272727272727  	  28.030303030303028
CUFF_NC.7909  	      529	  75.99243856332704   	  3.9697542533081283 	  20.03780718336484
CUFF_NC.7586  	      530	  89.62264150943396   	  3.9622641509433962 	   6.415094339622642
CUFF_NC.1187  	      533	  96.06003752345215   	  3.9399624765478425 	   0.0
CUFF_NC.3106  	      533	  95.49718574108817   	  3.9399624765478425 	   0.5628517823639775
CUFF_NC.10330 	      533	  96.06003752345215   	  3.9399624765478425 	   0.0
CUFF_NC.7858  	      533	  96.06003752345215   	  3.9399624765478425 	   0.0
CUFF_NC.4607  	      533	  96.06003752345215   	  3.9399624765478425 	   0.0
CUFF_NC.7925  	      533	  96.06003752345215   	  3.9399624765478425 	   0.0
CUFF_NC.199   	      533	  96.06003752345215   	  3.9399624765478425 	   0.0
CUFF_NC.1550  	      533	  95.68480300187618   	  3.9399624765478425 	   0.37523452157598497
CUFF_NC.11003 	      533	  96.06003752345215   	  3.9399624765478425 	   0.0
CUFF_NC.855   	      533	  96.06003752345215   	  3.9399624765478425 	   0.0
CUFF_NC.6660  	      533	  91.55722326454033   	  3.9399624765478425 	   4.50281425891182
CUFF_NC.10473 	      533	  95.49718574108817   	  3.9399624765478425 	   0.5628517823639775
CUFF_NC.329   	      533	  96.06003752345215   	  3.9399624765478425 	   0.0
CUFF_NC.8497  	      533	  96.06003752345215   	  3.9399624765478425 	   0.0
CUFF_NC.6368  	      533	  95.30956848030019   	  3.9399624765478425 	   0.7504690431519699
CUFF_NC.1752  	      533	  95.30956848030019   	  3.9399624765478425 	   0.7504690431519699
CUFF_NC.3047  	      533	  69.60600375234522   	  3.9399624765478425 	  26.454033771106943
CUFF_NC.8004  	      533	  95.87242026266416   	  3.9399624765478425 	   0.18761726078799248
CUFF_NC.10576 	      533	  96.06003752345215   	  3.9399624765478425 	   0.0
CUFF_NC.8088  	      533	  77.4859287054409    	  3.9399624765478425 	  18.574108818011258
CUFF_NC.8552  	      533	  96.06003752345215   	  3.9399624765478425 	   0.0
CUFF_NC.5543  	      533	  95.49718574108817   	  3.9399624765478425 	   0.5628517823639775
CUFF_NC.10292 	      533	  90.0562851782364    	  3.9399624765478425 	   6.0037523452157595
CUFF_NC.10394 	      533	  72.42026266416511   	  3.9399624765478425 	  23.639774859287055
CUFF_NC.493   	      533	  96.06003752345215   	  3.9399624765478425 	   0.0
CUFF_NC.9608  	      533	  96.06003752345215   	  3.9399624765478425 	   0.0
CUFF_NC.5858  	      533	  89.6810506566604    	  3.9399624765478425 	   6.378986866791744
CUFF_NC.3665  	      533	  96.06003752345215   	  3.9399624765478425 	   0.0
CUFF_NC.7262  	      533	  96.06003752345215   	  3.9399624765478425 	   0.0
CUFF_NC.706   	      533	  96.06003752345215   	  3.9399624765478425 	   0.0
CUFF_NC.2446  	      533	  96.06003752345215   	  3.9399624765478425 	   0.0
CUFF_NC.4978  	      533	  95.87242026266416   	  3.9399624765478425 	   0.18761726078799248
CUFF_NC.421   	      533	  95.87242026266416   	  3.9399624765478425 	   0.18761726078799248
CUFF_NC.8117  	      359	  91.36490250696379   	  3.8997214484679668 	   4.735376044568245
CUFF_NC.6438  	      523	  64.62715105162525   	  3.824091778202677  	  31.54875717017208
CUFF_NC.1213  	      525	  95.61904761904762   	  3.8095238095238098 	   0.5714285714285714
CUFF_NC.7435  	      531	  77.40112994350282   	  3.766478342749529  	  18.832391713747647
CUFF_NC.4618  	      533	  95.87242026266416   	  3.75234521575985   	   0.37523452157598497
CUFF_NC.8870  	      533	  95.68480300187618   	  3.75234521575985   	   0.5628517823639775
CUFF_NC.4411  	      533	  96.24765478424015   	  3.75234521575985   	   0.0
CUFF_NC.9718  	      533	  96.24765478424015   	  3.75234521575985   	   0.0
CUFF_NC.7717  	      533	  96.24765478424015   	  3.75234521575985   	   0.0
CUFF_NC.682   	      533	  96.24765478424015   	  3.75234521575985   	   0.0
CUFF_NC.5189  	      533	  96.24765478424015   	  3.75234521575985   	   0.0
CUFF_NC.10725 	      533	  96.06003752345215   	  3.75234521575985   	   0.18761726078799248
CUFF_NC.10471 	      533	  81.42589118198875   	  3.75234521575985   	  14.821763602251407
CUFF_NC.10913 	      533	  96.24765478424015   	  3.75234521575985   	   0.0
CUFF_NC.11086 	      533	  96.24765478424015   	  3.75234521575985   	   0.0
CUFF_NC.3000  	      533	  96.24765478424015   	  3.75234521575985   	   0.0
CUFF_NC.2882  	      533	  96.24765478424015   	  3.75234521575985   	   0.0
CUFF_NC.9264  	      533	  96.24765478424015   	  3.75234521575985   	   0.0
CUFF_NC.10682 	      533	  96.24765478424015   	  3.75234521575985   	   0.0
CUFF_NC.3405  	      533	  53.283302063789876  	  3.75234521575985   	  42.964352720450286
CUFF_NC.1501  	      533	  93.62101313320825   	  3.75234521575985   	   2.6266416510318953
CUFF_NC.3409  	      533	  95.87242026266416   	  3.75234521575985   	   0.37523452157598497
CUFF_NC.1508  	      533	  58.724202626641656  	  3.75234521575985   	  37.5234521575985
CUFF_NC.1755  	      533	  94.55909943714822   	  3.75234521575985   	   1.6885553470919326
CUFF_NC.9017  	      533	  96.24765478424015   	  3.75234521575985   	   0.0
CUFF_NC.481   	      533	  96.24765478424015   	  3.75234521575985   	   0.0
CUFF_NC.5586  	      533	  96.24765478424015   	  3.75234521575985   	   0.0
CUFF_NC.5442  	      533	  96.24765478424015   	  3.75234521575985   	   0.0
CUFF_NC.10744 	      533	  96.24765478424015   	  3.75234521575985   	   0.0
CUFF_NC.11117 	      533	  95.68480300187618   	  3.75234521575985   	   0.5628517823639775
CUFF_NC.10375 	      533	  96.24765478424015   	  3.75234521575985   	   0.0
CUFF_NC.2642  	      533	  96.24765478424015   	  3.75234521575985   	   0.0
CUFF_NC.10860 	      533	  96.24765478424015   	  3.75234521575985   	   0.0
CUFF_NC.5765  	      533	  96.24765478424015   	  3.75234521575985   	   0.0
CUFF_NC.10302 	      533	  95.87242026266416   	  3.75234521575985   	   0.37523452157598497
CUFF_NC.10782 	      533	  74.48405253283302   	  3.75234521575985   	  21.76360225140713
CUFF_NC.5668  	      533	  54.971857410881796  	  3.75234521575985   	  41.275797373358344
CUFF_NC.2519  	      533	  96.06003752345215   	  3.75234521575985   	   0.18761726078799248
CUFF_NC.4678  	      533	  96.24765478424015   	  3.75234521575985   	   0.0
CUFF_NC.1164  	      533	  92.12007504690432   	  3.75234521575985   	   4.127579737335835
CUFF_NC.4894  	      434	  37.096774193548384  	  3.686635944700461  	  59.21658986175116
CUFF_NC.2057  	      527	  95.2561669829222    	  3.6053130929791273 	   1.1385199240986716
CUFF_NC.1757  	      448	  87.05357142857143   	  3.571428571428571  	   9.375
CUFF_NC.5648  	      533	  96.43527204502814   	  3.564727954971857  	   0.0
CUFF_NC.5630  	      533	  96.43527204502814   	  3.564727954971857  	   0.0
CUFF_NC.2063  	      533	  96.43527204502814   	  3.564727954971857  	   0.0
CUFF_NC.8003  	      533	  96.24765478424015   	  3.564727954971857  	   0.18761726078799248
CUFF_NC.3907  	      533	  96.24765478424015   	  3.564727954971857  	   0.18761726078799248
CUFF_NC.6959  	      533	  96.43527204502814   	  3.564727954971857  	   0.0
CUFF_NC.5592  	      533	  96.43527204502814   	  3.564727954971857  	   0.0
CUFF_NC.5463  	      533	  96.43527204502814   	  3.564727954971857  	   0.0
CUFF_NC.11156 	      533	  96.24765478424015   	  3.564727954971857  	   0.18761726078799248
CUFF_NC.8647  	      533	  96.43527204502814   	  3.564727954971857  	   0.0
CUFF_NC.1052  	      533	  96.43527204502814   	  3.564727954971857  	   0.0
CUFF_NC.9479  	      533	  96.43527204502814   	  3.564727954971857  	   0.0
CUFF_NC.6271  	      533	  96.43527204502814   	  3.564727954971857  	   0.0
CUFF_NC.6046  	      533	  96.43527204502814   	  3.564727954971857  	   0.0
CUFF_NC.4516  	      533	  96.43527204502814   	  3.564727954971857  	   0.0
CUFF_NC.9421  	      533	  96.43527204502814   	  3.564727954971857  	   0.0
CUFF_NC.1774  	      533	  96.43527204502814   	  3.564727954971857  	   0.0
CUFF_NC.7410  	      533	  63.789868667917446  	  3.564727954971857  	  32.645403377110696
CUFF_NC.3686  	      533	  96.43527204502814   	  3.564727954971857  	   0.0
CUFF_NC.121   	      533	  96.43527204502814   	  3.564727954971857  	   0.0
CUFF_NC.3799  	      533	  96.43527204502814   	  3.564727954971857  	   0.0
CUFF_NC.5342  	      533	  96.43527204502814   	  3.564727954971857  	   0.0
CUFF_NC.4871  	      533	  96.43527204502814   	  3.564727954971857  	   0.0
CUFF_NC.11411 	      533	  96.24765478424015   	  3.564727954971857  	   0.18761726078799248
CUFF_NC.7185  	      533	  96.43527204502814   	  3.564727954971857  	   0.0
CUFF_NC.10489 	      533	  96.43527204502814   	  3.564727954971857  	   0.0
CUFF_NC.10692 	      533	  95.49718574108817   	  3.564727954971857  	   0.9380863039399625
CUFF_NC.7778  	      533	  94.18386491557223   	  3.564727954971857  	   2.25140712945591
CUFF_NC.6445  	      533	  96.24765478424015   	  3.564727954971857  	   0.18761726078799248
CUFF_NC.9331  	      533	  96.43527204502814   	  3.564727954971857  	   0.0
CUFF_NC.11037 	      533	  66.97936210131333   	  3.564727954971857  	  29.45590994371482
CUFF_NC.10609 	      533	  96.43527204502814   	  3.564727954971857  	   0.0
CUFF_NC.10992 	      533	  96.43527204502814   	  3.564727954971857  	   0.0
CUFF_NC.6419  	      533	  67.91744840525328   	  3.564727954971857  	  28.517823639774857
CUFF_NC.6594  	      533	  96.43527204502814   	  3.564727954971857  	   0.0
CUFF_NC.5995  	      533	  74.671669793621     	  3.564727954971857  	  21.76360225140713
CUFF_NC.10696 	      533	  96.43527204502814   	  3.564727954971857  	   0.0
CUFF_NC.6163  	      508	  56.2992125984252    	  3.543307086614173  	  40.15748031496063
CUFF_NC.6981  	      509	  96.46365422396856   	  3.536345776031434  	   0.0
CUFF_NC.10059 	      469	  87.84648187633263   	  3.411513859275053  	   8.742004264392325
CUFF_NC.11116 	      530	  96.41509433962264   	  3.3962264150943398 	   0.18867924528301888
CUFF_NC.8656  	      533	  96.62288930581614   	  3.377110694183865  	   0.0
CUFF_NC.8929  	      533	  96.62288930581614   	  3.377110694183865  	   0.0
CUFF_NC.9876  	      533	  67.3545966228893    	  3.377110694183865  	  29.268292682926827
CUFF_NC.3928  	      533	  96.62288930581614   	  3.377110694183865  	   0.0
CUFF_NC.7027  	      533	  95.68480300187618   	  3.377110694183865  	   0.9380863039399625
CUFF_NC.7066  	      533	  96.62288930581614   	  3.377110694183865  	   0.0
CUFF_NC.3989  	      533	  91.18198874296435   	  3.377110694183865  	   5.440900562851782
CUFF_NC.2595  	      533	  96.62288930581614   	  3.377110694183865  	   0.0
CUFF_NC.11146 	      533	  96.62288930581614   	  3.377110694183865  	   0.0
CUFF_NC.9108  	      533	  96.62288930581614   	  3.377110694183865  	   0.0
CUFF_NC.5697  	      533	  96.62288930581614   	  3.377110694183865  	   0.0
CUFF_NC.715   	      533	  96.62288930581614   	  3.377110694183865  	   0.0
CUFF_NC.570   	      533	  96.62288930581614   	  3.377110694183865  	   0.0
CUFF_NC.9515  	      533	  96.62288930581614   	  3.377110694183865  	   0.0
CUFF_NC.8223  	      533	  96.62288930581614   	  3.377110694183865  	   0.0
CUFF_NC.205   	      533	  96.62288930581614   	  3.377110694183865  	   0.0
CUFF_NC.8014  	      533	  95.68480300187618   	  3.377110694183865  	   0.9380863039399625
CUFF_NC.8975  	      533	  96.62288930581614   	  3.377110694183865  	   0.0
CUFF_NC.7987  	      533	  96.62288930581614   	  3.377110694183865  	   0.0
CUFF_NC.11056 	      533	  96.62288930581614   	  3.377110694183865  	   0.0
CUFF_NC.5169  	      533	  96.62288930581614   	  3.377110694183865  	   0.0
CUFF_NC.3364  	      533	  68.29268292682927   	  3.377110694183865  	  28.330206378986865
CUFF_NC.6378  	      533	  94.55909943714822   	  3.377110694183865  	   2.0637898686679175
CUFF_NC.1007  	      533	  96.62288930581614   	  3.377110694183865  	   0.0
CUFF_NC.9296  	      533	  96.62288930581614   	  3.377110694183865  	   0.0
CUFF_NC.1554  	      533	  54.971857410881796  	  3.377110694183865  	  41.651031894934334
CUFF_NC.2171  	      533	  84.24015009380864   	  3.377110694183865  	  12.382739212007504
CUFF_NC.1527  	      533	  94.55909943714822   	  3.377110694183865  	   2.0637898686679175
CUFF_NC.8797  	      533	  96.24765478424015   	  3.377110694183865  	   0.37523452157598497
CUFF_NC.1257  	      533	  94.18386491557223   	  3.377110694183865  	   2.4390243902439024
CUFF_NC.10600 	      533	  94.18386491557223   	  3.377110694183865  	   2.4390243902439024
CUFF_NC.10698 	      533	  95.30956848030019   	  3.377110694183865  	   1.3133208255159476
CUFF_NC.10945 	      533	  96.62288930581614   	  3.377110694183865  	   0.0
CUFF_NC.8471  	      533	  96.62288930581614   	  3.377110694183865  	   0.0
CUFF_NC.1070  	      533	  67.54221388367729   	  3.377110694183865  	  29.080675422138835
CUFF_NC.2709  	      533	  96.62288930581614   	  3.377110694183865  	   0.0
CUFF_NC.24    	      533	  96.62288930581614   	  3.377110694183865  	   0.0
CUFF_NC.583   	      533	  96.62288930581614   	  3.377110694183865  	   0.0
CUFF_NC.10261 	      533	  85.92870544090057   	  3.377110694183865  	  10.694183864915573
CUFF_NC.7447  	      533	  96.62288930581614   	  3.377110694183865  	   0.0
CUFF_NC.6682  	      533	  95.49718574108817   	  3.377110694183865  	   1.125703564727955
CUFF_NC.1016  	      533	  96.62288930581614   	  3.377110694183865  	   0.0
CUFF_NC.8335  	      533	  96.62288930581614   	  3.377110694183865  	   0.0
CUFF_NC.5390  	      533	  96.62288930581614   	  3.377110694183865  	   0.0
CUFF_NC.8087  	      533	  96.62288930581614   	  3.377110694183865  	   0.0
CUFF_NC.2369  	      533	  96.62288930581614   	  3.377110694183865  	   0.0
CUFF_NC.7195  	      533	  96.43527204502814   	  3.377110694183865  	   0.18761726078799248
CUFF_NC.2586  	      533	  96.62288930581614   	  3.377110694183865  	   0.0
CUFF_NC.1218  	      531	  56.685499058380415  	  3.2015065913371    	  40.11299435028249
CUFF_NC.3590  	      532	  96.80451127819549   	  3.195488721804511  	   0.0
CUFF_NC.169   	      533	  96.81050656660413   	  3.189493433395872  	   0.0
CUFF_NC.134   	      533	  96.81050656660413   	  3.189493433395872  	   0.0
CUFF_NC.10612 	      533	  77.4859287054409    	  3.189493433395872  	  19.324577861163228
CUFF_NC.8798  	      533	  96.81050656660413   	  3.189493433395872  	   0.0
CUFF_NC.6465  	      533	  95.49718574108817   	  3.189493433395872  	   1.3133208255159476
CUFF_NC.4694  	      533	  96.81050656660413   	  3.189493433395872  	   0.0
CUFF_NC.2113  	      533	  96.62288930581614   	  3.189493433395872  	   0.18761726078799248
CUFF_NC.4281  	      533	  96.81050656660413   	  3.189493433395872  	   0.0
CUFF_NC.4549  	      533	  96.62288930581614   	  3.189493433395872  	   0.18761726078799248
CUFF_NC.2903  	      533	  96.81050656660413   	  3.189493433395872  	   0.0
CUFF_NC.4570  	      533	  96.81050656660413   	  3.189493433395872  	   0.0
CUFF_NC.7559  	      533	  96.62288930581614   	  3.189493433395872  	   0.18761726078799248
CUFF_NC.10467 	      533	  96.81050656660413   	  3.189493433395872  	   0.0
CUFF_NC.7887  	      533	  96.06003752345215   	  3.189493433395872  	   0.7504690431519699
CUFF_NC.11337 	      533	  95.49718574108817   	  3.189493433395872  	   1.3133208255159476
CUFF_NC.4398  	      533	  69.7936210131332    	  3.189493433395872  	  27.01688555347092
CUFF_NC.143   	      533	  88.18011257035647   	  3.189493433395872  	   8.630393996247655
CUFF_NC.7148  	      533	  96.81050656660413   	  3.189493433395872  	   0.0
CUFF_NC.4007  	      533	  96.81050656660413   	  3.189493433395872  	   0.0
CUFF_NC.7142  	      533	  96.81050656660413   	  3.189493433395872  	   0.0
CUFF_NC.2572  	      533	  93.05816135084429   	  3.189493433395872  	   3.75234521575985
CUFF_NC.1858  	      533	  96.81050656660413   	  3.189493433395872  	   0.0
CUFF_NC.1923  	      533	  96.81050656660413   	  3.189493433395872  	   0.0
CUFF_NC.3838  	      533	  96.81050656660413   	  3.189493433395872  	   0.0
CUFF_NC.9104  	      533	  70.73170731707317   	  3.189493433395872  	  26.07879924953096
CUFF_NC.3973  	      533	  96.81050656660413   	  3.189493433395872  	   0.0
CUFF_NC.1430  	      533	  96.06003752345215   	  3.189493433395872  	   0.7504690431519699
CUFF_NC.5682  	      533	  96.81050656660413   	  3.189493433395872  	   0.0
CUFF_NC.7133  	      533	  96.81050656660413   	  3.189493433395872  	   0.0
CUFF_NC.6882  	      533	  96.81050656660413   	  3.189493433395872  	   0.0
CUFF_NC.2660  	      533	  96.81050656660413   	  3.189493433395872  	   0.0
CUFF_NC.690   	      533	  96.81050656660413   	  3.189493433395872  	   0.0
CUFF_NC.1717  	      533	  96.81050656660413   	  3.189493433395872  	   0.0
CUFF_NC.6364  	      533	  96.81050656660413   	  3.189493433395872  	   0.0
CUFF_NC.11129 	      533	  96.81050656660413   	  3.189493433395872  	   0.0
CUFF_NC.5311  	      533	  96.81050656660413   	  3.189493433395872  	   0.0
CUFF_NC.1229  	      533	  96.62288930581614   	  3.189493433395872  	   0.18761726078799248
CUFF_NC.8150  	      533	  96.24765478424015   	  3.189493433395872  	   0.5628517823639775
CUFF_NC.2722  	      533	  96.81050656660413   	  3.189493433395872  	   0.0
CUFF_NC.4901  	      533	  96.81050656660413   	  3.189493433395872  	   0.0
CUFF_NC.4226  	      533	  96.81050656660413   	  3.189493433395872  	   0.0
CUFF_NC.8539  	      533	  96.81050656660413   	  3.189493433395872  	   0.0
CUFF_NC.5222  	      533	  41.83864915572232   	  3.189493433395872  	  54.971857410881796
CUFF_NC.2319  	      533	  96.81050656660413   	  3.189493433395872  	   0.0
CUFF_NC.1300  	      533	  96.81050656660413   	  3.189493433395872  	   0.0
CUFF_NC.2806  	      533	  96.81050656660413   	  3.189493433395872  	   0.0
CUFF_NC.2315  	      533	  96.81050656660413   	  3.189493433395872  	   0.0
CUFF_NC.7829  	      533	  96.81050656660413   	  3.189493433395872  	   0.0
CUFF_NC.3099  	      512	  93.5546875          	  3.125              	   3.3203125
CUFF_NC.1146  	      521	  94.81765834932821   	  3.071017274472169  	   2.111324376199616
CUFF_NC.5772  	      424	  76.65094339622641   	  3.0660377358490565 	  20.28301886792453
CUFF_NC.2289  	      529	  92.06049149338375   	  3.0245746691871456 	   4.914933837429111
CUFF_NC.5888  	      532	  52.63157894736842   	  3.007518796992481  	  44.3609022556391
CUFF_NC.10120 	      532	  88.7218045112782    	  3.007518796992481  	   8.270676691729323
CUFF_NC.8239  	      532	  96.99248120300751   	  3.007518796992481  	   0.0
CUFF_NC.7019  	      533	  96.99812382739212   	  3.0018761726078798 	   0.0
CUFF_NC.8815  	      533	  94.55909943714822   	  3.0018761726078798 	   2.4390243902439024
CUFF_NC.9950  	      533	  96.43527204502814   	  3.0018761726078798 	   0.5628517823639775
CUFF_NC.9817  	      533	  96.99812382739212   	  3.0018761726078798 	   0.0
CUFF_NC.8960  	      533	  96.99812382739212   	  3.0018761726078798 	   0.0
CUFF_NC.9976  	      533	  86.30393996247655   	  3.0018761726078798 	  10.694183864915573
CUFF_NC.1925  	      533	  37.71106941838649   	  3.0018761726078798 	  59.28705440900563
CUFF_NC.4669  	      533	  96.99812382739212   	  3.0018761726078798 	   0.0
CUFF_NC.10126 	      533	  79.17448405253283   	  3.0018761726078798 	  17.823639774859288
CUFF_NC.4444  	      533	  96.99812382739212   	  3.0018761726078798 	   0.0
CUFF_NC.4044  	      533	  96.99812382739212   	  3.0018761726078798 	   0.0
CUFF_NC.6949  	      533	  84.80300187617262   	  3.0018761726078798 	  12.195121951219512
CUFF_NC.7113  	      533	  96.99812382739212   	  3.0018761726078798 	   0.0
CUFF_NC.6811  	      533	  96.99812382739212   	  3.0018761726078798 	   0.0
CUFF_NC.962   	      533	  96.99812382739212   	  3.0018761726078798 	   0.0
CUFF_NC.722   	      533	  96.99812382739212   	  3.0018761726078798 	   0.0
CUFF_NC.5881  	      533	  96.99812382739212   	  3.0018761726078798 	   0.0
CUFF_NC.8590  	      533	  96.99812382739212   	  3.0018761726078798 	   0.0
CUFF_NC.11261 	      533	  96.99812382739212   	  3.0018761726078798 	   0.0
CUFF_NC.3812  	      533	  96.99812382739212   	  3.0018761726078798 	   0.0
CUFF_NC.8587  	      533	  96.99812382739212   	  3.0018761726078798 	   0.0
CUFF_NC.9577  	      533	  96.99812382739212   	  3.0018761726078798 	   0.0
CUFF_NC.9079  	      533	  96.99812382739212   	  3.0018761726078798 	   0.0
CUFF_NC.8153  	      533	  96.99812382739212   	  3.0018761726078798 	   0.0
CUFF_NC.6873  	      533	  96.06003752345215   	  3.0018761726078798 	   0.9380863039399625
CUFF_NC.3728  	      533	  96.99812382739212   	  3.0018761726078798 	   0.0
CUFF_NC.229   	      533	  96.99812382739212   	  3.0018761726078798 	   0.0
CUFF_NC.678   	      533	  96.99812382739212   	  3.0018761726078798 	   0.0
CUFF_NC.8537  	      533	  96.81050656660413   	  3.0018761726078798 	   0.18761726078799248
CUFF_NC.7676  	      533	  88.18011257035647   	  3.0018761726078798 	   8.818011257035648
CUFF_NC.2209  	      533	  96.81050656660413   	  3.0018761726078798 	   0.18761726078799248
CUFF_NC.9678  	      533	  96.99812382739212   	  3.0018761726078798 	   0.0
CUFF_NC.11019 	      533	  96.99812382739212   	  3.0018761726078798 	   0.0
CUFF_NC.3534  	      533	  92.6829268292683    	  3.0018761726078798 	   4.315196998123827
CUFF_NC.7463  	      533	  95.1219512195122    	  3.0018761726078798 	   1.876172607879925
CUFF_NC.11023 	      533	  96.99812382739212   	  3.0018761726078798 	   0.0
CUFF_NC.1791  	      533	  96.99812382739212   	  3.0018761726078798 	   0.0
CUFF_NC.10447 	      533	  96.99812382739212   	  3.0018761726078798 	   0.0
CUFF_NC.1528  	      533	  96.99812382739212   	  3.0018761726078798 	   0.0
CUFF_NC.98    	      533	  96.99812382739212   	  3.0018761726078798 	   0.0
CUFF_NC.9776  	      533	  92.6829268292683    	  3.0018761726078798 	   4.315196998123827
CUFF_NC.2006  	      533	  96.99812382739212   	  3.0018761726078798 	   0.0
CUFF_NC.7349  	      414	   9.178743961352657  	  2.898550724637681  	  87.92270531400966
CUFF_NC.612   	      520	  96.73076923076923   	  2.8846153846153846 	   0.38461538461538464
CUFF_NC.6053  	      492	  55.08130081300813   	  2.8455284552845526 	  42.073170731707314
CUFF_NC.11115 	      529	  96.97542533081285   	  2.835538752362949  	   0.1890359168241966
CUFF_NC.7417  	      530	  94.33962264150944   	  2.8301886792452833 	   2.8301886792452833
CUFF_NC.6384  	      531	  54.99058380414312   	  2.824858757062147  	  42.18455743879473
CUFF_NC.10267 	      531	  96.7984934086629    	  2.824858757062147  	   0.3766478342749529
CUFF_NC.6354  	      532	  86.09022556390977   	  2.819548872180451  	  11.090225563909774
CUFF_NC.422   	      533	  95.49718574108817   	  2.8142589118198873 	   1.6885553470919326
CUFF_NC.753   	      533	  97.18574108818011   	  2.8142589118198873 	   0.0
CUFF_NC.4936  	      533	  97.18574108818011   	  2.8142589118198873 	   0.0
CUFF_NC.6956  	      533	  97.18574108818011   	  2.8142589118198873 	   0.0
CUFF_NC.5578  	      533	  97.18574108818011   	  2.8142589118198873 	   0.0
CUFF_NC.1668  	      533	  97.18574108818011   	  2.8142589118198873 	   0.0
CUFF_NC.9683  	      533	  97.18574108818011   	  2.8142589118198873 	   0.0
CUFF_NC.4002  	      533	  93.99624765478424   	  2.8142589118198873 	   3.189493433395872
CUFF_NC.11170 	      533	  97.18574108818011   	  2.8142589118198873 	   0.0
CUFF_NC.2544  	      533	  97.18574108818011   	  2.8142589118198873 	   0.0
CUFF_NC.5740  	      533	  96.81050656660413   	  2.8142589118198873 	   0.37523452157598497
CUFF_NC.9299  	      533	  97.18574108818011   	  2.8142589118198873 	   0.0
CUFF_NC.5201  	      533	  97.18574108818011   	  2.8142589118198873 	   0.0
CUFF_NC.8684  	      533	  82.55159474671669   	  2.8142589118198873 	  14.634146341463413
CUFF_NC.7240  	      533	  91.55722326454033   	  2.8142589118198873 	   5.628517823639775
CUFF_NC.10402 	      533	  97.18574108818011   	  2.8142589118198873 	   0.0
CUFF_NC.7444  	      533	  97.18574108818011   	  2.8142589118198873 	   0.0
CUFF_NC.4341  	      533	  97.18574108818011   	  2.8142589118198873 	   0.0
CUFF_NC.4410  	      533	  97.18574108818011   	  2.8142589118198873 	   0.0
CUFF_NC.2777  	      533	  97.18574108818011   	  2.8142589118198873 	   0.0
CUFF_NC.1995  	      533	  97.18574108818011   	  2.8142589118198873 	   0.0
CUFF_NC.1155  	      533	  93.80863039399625   	  2.8142589118198873 	   3.377110694183865
CUFF_NC.2041  	      533	  97.18574108818011   	  2.8142589118198873 	   0.0
CUFF_NC.11088 	      533	  96.99812382739212   	  2.8142589118198873 	   0.18761726078799248
CUFF_NC.4203  	      533	  96.99812382739212   	  2.8142589118198873 	   0.18761726078799248
CUFF_NC.8463  	      533	  97.18574108818011   	  2.8142589118198873 	   0.0
CUFF_NC.287   	      533	  97.18574108818011   	  2.8142589118198873 	   0.0
CUFF_NC.7587  	      533	  77.11069418386491   	  2.8142589118198873 	  20.075046904315197
CUFF_NC.9756  	      533	  95.30956848030019   	  2.8142589118198873 	   1.876172607879925
CUFF_NC.3789  	      533	  86.11632270168855   	  2.8142589118198873 	  11.069418386491558
CUFF_NC.5424  	      533	  97.18574108818011   	  2.8142589118198873 	   0.0
CUFF_NC.6608  	      533	  97.18574108818011   	  2.8142589118198873 	   0.0
CUFF_NC.206   	      533	  97.18574108818011   	  2.8142589118198873 	   0.0
CUFF_NC.9811  	      533	  97.18574108818011   	  2.8142589118198873 	   0.0
CUFF_NC.8143  	      533	  53.09568480300187   	  2.8142589118198873 	  44.090056285178235
CUFF_NC.3068  	      533	  96.62288930581614   	  2.8142589118198873 	   0.5628517823639775
CUFF_NC.10260 	      533	  88.18011257035647   	  2.8142589118198873 	   9.00562851782364
CUFF_NC.864   	      533	  97.18574108818011   	  2.8142589118198873 	   0.0
CUFF_NC.11345 	      533	  93.62101313320825   	  2.8142589118198873 	   3.564727954971857
CUFF_NC.11376 	      533	  97.18574108818011   	  2.8142589118198873 	   0.0
CUFF_NC.6999  	      533	  97.18574108818011   	  2.8142589118198873 	   0.0
CUFF_NC.7785  	      498	  96.78714859437751   	  2.8112449799196786 	   0.4016064257028112
CUFF_NC.6429  	      505	  81.1881188118812    	  2.7722772277227725 	  16.03960396039604
CUFF_NC.7158  	      291	  55.670103092783506  	  2.7491408934707904 	  41.580756013745706
CUFF_NC.6375  	      438	  86.98630136986301   	  2.73972602739726   	  10.273972602739725
CUFF_NC.8959  	      527	  89.75332068311197   	  2.6565464895635675 	   7.590132827324478
CUFF_NC.5653  	      527	  97.15370018975332   	  2.6565464895635675 	   0.18975332068311196
CUFF_NC.8454  	      528	  96.40151515151516   	  2.6515151515151514 	   0.946969696969697
CUFF_NC.9809  	      532	  58.27067669172933   	  2.631578947368421  	  39.097744360902254
CUFF_NC.10511 	      533	  77.86116322701689   	  2.6266416510318953 	  19.51219512195122
CUFF_NC.7840  	      533	  96.81050656660413   	  2.6266416510318953 	   0.5628517823639775
CUFF_NC.7859  	      533	  96.81050656660413   	  2.6266416510318953 	   0.5628517823639775
CUFF_NC.4017  	      533	  97.37335834896811   	  2.6266416510318953 	   0.0
CUFF_NC.1947  	      533	  97.37335834896811   	  2.6266416510318953 	   0.0
CUFF_NC.2944  	      533	  74.85928705440901   	  2.6266416510318953 	  22.5140712945591
CUFF_NC.7685  	      533	  97.37335834896811   	  2.6266416510318953 	   0.0
CUFF_NC.7658  	      533	  34.709193245778614  	  2.6266416510318953 	  62.6641651031895
CUFF_NC.7665  	      533	  75.046904315197     	  2.6266416510318953 	  22.326454033771107
CUFF_NC.1776  	      533	  97.37335834896811   	  2.6266416510318953 	   0.0
CUFF_NC.4036  	      533	  96.62288930581614   	  2.6266416510318953 	   0.7504690431519699
CUFF_NC.428   	      533	  96.43527204502814   	  2.6266416510318953 	   0.9380863039399625
CUFF_NC.9801  	      533	  97.37335834896811   	  2.6266416510318953 	   0.0
CUFF_NC.1547  	      533	  68.29268292682927   	  2.6266416510318953 	  29.080675422138835
CUFF_NC.2901  	      533	  97.37335834896811   	  2.6266416510318953 	   0.0
CUFF_NC.8206  	      533	  91.36960600375235   	  2.6266416510318953 	   6.0037523452157595
CUFF_NC.8135  	      533	  87.4296435272045    	  2.6266416510318953 	   9.943714821763603
CUFF_NC.3522  	      533	  66.41651031894934   	  2.6266416510318953 	  30.95684803001876
CUFF_NC.8063  	      533	  97.37335834896811   	  2.6266416510318953 	   0.0
CUFF_NC.1492  	      533	  97.18574108818011   	  2.6266416510318953 	   0.18761726078799248
CUFF_NC.82    	      533	  97.37335834896811   	  2.6266416510318953 	   0.0
CUFF_NC.2987  	      533	  93.99624765478424   	  2.6266416510318953 	   3.377110694183865
CUFF_NC.3035  	      533	  66.97936210131333   	  2.6266416510318953 	  30.393996247654787
CUFF_NC.8141  	      533	  97.37335834896811   	  2.6266416510318953 	   0.0
CUFF_NC.10262 	      533	  88.74296435272045   	  2.6266416510318953 	   8.630393996247655
CUFF_NC.9329  	      533	  97.37335834896811   	  2.6266416510318953 	   0.0
CUFF_NC.5172  	      533	  97.37335834896811   	  2.6266416510318953 	   0.0
CUFF_NC.6924  	      533	  97.37335834896811   	  2.6266416510318953 	   0.0
CUFF_NC.1657  	      533	  97.37335834896811   	  2.6266416510318953 	   0.0
CUFF_NC.5477  	      533	  95.1219512195122    	  2.6266416510318953 	   2.25140712945591
CUFF_NC.9311  	      533	  97.37335834896811   	  2.6266416510318953 	   0.0
CUFF_NC.10914 	      533	  97.37335834896811   	  2.6266416510318953 	   0.0
CUFF_NC.10874 	      533	  97.37335834896811   	  2.6266416510318953 	   0.0
CUFF_NC.9406  	      533	  97.37335834896811   	  2.6266416510318953 	   0.0
CUFF_NC.4929  	      533	  97.37335834896811   	  2.6266416510318953 	   0.0
CUFF_NC.10415 	      533	  97.37335834896811   	  2.6266416510318953 	   0.0
CUFF_NC.2423  	      533	  84.42776735459663   	  2.6266416510318953 	  12.94559099437148
CUFF_NC.4673  	      533	  96.06003752345215   	  2.6266416510318953 	   1.3133208255159476
CUFF_NC.7205  	      533	  69.60600375234522   	  2.6266416510318953 	  27.76735459662289
CUFF_NC.1238  	      533	  96.81050656660413   	  2.6266416510318953 	   0.5628517823639775
CUFF_NC.9497  	      533	  97.37335834896811   	  2.6266416510318953 	   0.0
CUFF_NC.4743  	      533	  97.37335834896811   	  2.6266416510318953 	   0.0
CUFF_NC.7319  	      533	  97.37335834896811   	  2.6266416510318953 	   0.0
CUFF_NC.278   	      533	  97.18574108818011   	  2.6266416510318953 	   0.18761726078799248
CUFF_NC.4503  	      533	  97.37335834896811   	  2.6266416510318953 	   0.0
CUFF_NC.11144 	      533	  97.37335834896811   	  2.6266416510318953 	   0.0
CUFF_NC.563   	      533	  97.37335834896811   	  2.6266416510318953 	   0.0
CUFF_NC.9125  	      533	  81.05065666041276   	  2.6266416510318953 	  16.322701688555348
CUFF_NC.2030  	      533	  97.37335834896811   	  2.6266416510318953 	   0.0
CUFF_NC.6982  	      533	  59.47467166979362   	  2.6266416510318953 	  37.89868667917448
CUFF_NC.8869  	      533	  94.37148217636022   	  2.6266416510318953 	   3.0018761726078798
CUFF_NC.9230  	      533	  97.18574108818011   	  2.6266416510318953 	   0.18761726078799248
CUFF_NC.1020  	      533	  97.37335834896811   	  2.6266416510318953 	   0.0
CUFF_NC.5683  	      533	  97.37335834896811   	  2.6266416510318953 	   0.0
CUFF_NC.10234 	      438	  57.30593607305936   	  2.5114155251141552 	  40.182648401826484
CUFF_NC.1     	      533	  97.37335834896811   	  2.4390243902439024 	   0.18761726078799248
CUFF_NC.7932  	      533	  97.5609756097561    	  2.4390243902439024 	   0.0
CUFF_NC.7654  	      533	  43.90243902439025   	  2.4390243902439024 	  53.65853658536586
CUFF_NC.3898  	      533	  95.68480300187618   	  2.4390243902439024 	   1.876172607879925
CUFF_NC.8444  	      533	  97.5609756097561    	  2.4390243902439024 	   0.0
CUFF_NC.4217  	      533	  97.5609756097561    	  2.4390243902439024 	   0.0
CUFF_NC.53    	      533	  97.5609756097561    	  2.4390243902439024 	   0.0
CUFF_NC.4584  	      533	  61.53846153846154   	  2.4390243902439024 	  36.02251407129456
CUFF_NC.2815  	      533	  97.5609756097561    	  2.4390243902439024 	   0.0
CUFF_NC.4081  	      533	  97.5609756097561    	  2.4390243902439024 	   0.0
CUFF_NC.2330  	      533	  97.5609756097561    	  2.4390243902439024 	   0.0
CUFF_NC.8363  	      533	  97.5609756097561    	  2.4390243902439024 	   0.0
CUFF_NC.4502  	      533	  97.5609756097561    	  2.4390243902439024 	   0.0
CUFF_NC.4311  	      533	  97.5609756097561    	  2.4390243902439024 	   0.0
CUFF_NC.4696  	      533	  97.37335834896811   	  2.4390243902439024 	   0.18761726078799248
CUFF_NC.4697  	      533	  97.5609756097561    	  2.4390243902439024 	   0.0
CUFF_NC.4513  	      533	  97.5609756097561    	  2.4390243902439024 	   0.0
CUFF_NC.2149  	      533	  78.42401500938087   	  2.4390243902439024 	  19.136960600375236
CUFF_NC.4477  	      533	  97.5609756097561    	  2.4390243902439024 	   0.0
CUFF_NC.2383  	      533	  97.5609756097561    	  2.4390243902439024 	   0.0
CUFF_NC.1733  	      533	  97.5609756097561    	  2.4390243902439024 	   0.0
CUFF_NC.7081  	      533	  97.5609756097561    	  2.4390243902439024 	   0.0
CUFF_NC.11142 	      533	  97.37335834896811   	  2.4390243902439024 	   0.18761726078799248
CUFF_NC.6722  	      533	  97.5609756097561    	  2.4390243902439024 	   0.0
CUFF_NC.8702  	      533	  97.5609756097561    	  2.4390243902439024 	   0.0
CUFF_NC.6818  	      533	  97.5609756097561    	  2.4390243902439024 	   0.0
CUFF_NC.6784  	      533	  97.37335834896811   	  2.4390243902439024 	   0.18761726078799248
CUFF_NC.6734  	      533	  97.5609756097561    	  2.4390243902439024 	   0.0
CUFF_NC.10919 	      533	  97.5609756097561    	  2.4390243902439024 	   0.0
CUFF_NC.5111  	      533	  97.5609756097561    	  2.4390243902439024 	   0.0
CUFF_NC.6990  	      533	  97.18574108818011   	  2.4390243902439024 	   0.37523452157598497
CUFF_NC.4984  	      533	  97.5609756097561    	  2.4390243902439024 	   0.0
CUFF_NC.10759 	      533	  97.18574108818011   	  2.4390243902439024 	   0.37523452157598497
CUFF_NC.7235  	      533	  66.79174484052533   	  2.4390243902439024 	  30.76923076923077
CUFF_NC.2389  	      533	  94.55909943714822   	  2.4390243902439024 	   3.0018761726078798
CUFF_NC.110   	      533	  97.5609756097561    	  2.4390243902439024 	   0.0
CUFF_NC.2473  	      533	  97.37335834896811   	  2.4390243902439024 	   0.18761726078799248
CUFF_NC.6560  	      533	  97.37335834896811   	  2.4390243902439024 	   0.18761726078799248
CUFF_NC.5986  	      533	  96.81050656660413   	  2.4390243902439024 	   0.7504690431519699
CUFF_NC.1700  	      533	  59.66228893058161   	  2.4390243902439024 	  37.89868667917448
CUFF_NC.6340  	      533	  28.705440900562852  	  2.4390243902439024 	  68.85553470919325
CUFF_NC.5583  	      533	  97.5609756097561    	  2.4390243902439024 	   0.0
CUFF_NC.5588  	      533	  96.62288930581614   	  2.4390243902439024 	   0.9380863039399625
CUFF_NC.9099  	      533	  97.5609756097561    	  2.4390243902439024 	   0.0
CUFF_NC.881   	      533	  97.5609756097561    	  2.4390243902439024 	   0.0
CUFF_NC.2498  	      533	  97.18574108818011   	  2.4390243902439024 	   0.37523452157598497
CUFF_NC.988   	      533	  97.18574108818011   	  2.4390243902439024 	   0.37523452157598497
CUFF_NC.10264 	      533	  86.86679174484053   	  2.4390243902439024 	  10.694183864915573
CUFF_NC.8073  	      533	  97.5609756097561    	  2.4390243902439024 	   0.0
CUFF_NC.8108  	      533	  97.5609756097561    	  2.4390243902439024 	   0.0
CUFF_NC.9818  	      533	  40.71294559099437   	  2.4390243902439024 	  56.84803001876173
CUFF_NC.1598  	      533	  97.5609756097561    	  2.4390243902439024 	   0.0
CUFF_NC.3763  	      464	  72.62931034482759   	  2.3706896551724137 	  25.0
CUFF_NC.3082  	      341	  96.7741935483871    	  2.346041055718475  	   0.8797653958944283
CUFF_NC.8235  	      429	  86.01398601398601   	  2.331002331002331  	  11.655011655011654
CUFF_NC.7254  	      472	  97.03389830508475   	  2.330508474576271  	   0.6355932203389831
CUFF_NC.1440  	      434	  17.28110599078341   	  2.3041474654377883 	  80.4147465437788
CUFF_NC.10222 	      524	  92.93893129770993   	  2.2900763358778624 	   4.770992366412214
CUFF_NC.255   	      526	  81.1787072243346    	  2.2813688212927756 	  16.53992395437262
CUFF_NC.1510  	      528	  88.25757575757575   	  2.272727272727273  	   9.469696969696969
CUFF_NC.8979  	      530	  74.15094339622641   	  2.2641509433962264 	  23.58490566037736
CUFF_NC.10148 	      530	  96.60377358490567   	  2.2641509433962264 	   1.1320754716981132
CUFF_NC.2311  	      531	  97.36346516007532   	  2.2598870056497176 	   0.3766478342749529
CUFF_NC.7783  	      531	  97.74011299435028   	  2.2598870056497176 	   0.0
CUFF_NC.2942  	      533	  97.74859287054409   	  2.25140712945591   	   0.0
CUFF_NC.8075  	      533	  97.74859287054409   	  2.25140712945591   	   0.0
CUFF_NC.8147  	      533	  97.74859287054409   	  2.25140712945591   	   0.0
CUFF_NC.5851  	      533	  77.29831144465291   	  2.25140712945591   	  20.45028142589118
CUFF_NC.2562  	      533	  97.74859287054409   	  2.25140712945591   	   0.0
CUFF_NC.8964  	      533	  97.5609756097561    	  2.25140712945591   	   0.18761726078799248
CUFF_NC.2862  	      533	  97.74859287054409   	  2.25140712945591   	   0.0
CUFF_NC.10827 	      533	  66.41651031894934   	  2.25140712945591   	  31.33208255159475
CUFF_NC.4609  	      533	  97.74859287054409   	  2.25140712945591   	   0.0
CUFF_NC.1172  	      533	  96.81050656660413   	  2.25140712945591   	   0.9380863039399625
CUFF_NC.4831  	      533	  97.74859287054409   	  2.25140712945591   	   0.0
CUFF_NC.9763  	      533	  78.98686679174483   	  2.25140712945591   	  18.76172607879925
CUFF_NC.9762  	      533	  94.74671669793621   	  2.25140712945591   	   3.0018761726078798
CUFF_NC.2701  	      533	  97.74859287054409   	  2.25140712945591   	   0.0
CUFF_NC.8391  	      533	  97.74859287054409   	  2.25140712945591   	   0.0
CUFF_NC.11054 	      533	  97.74859287054409   	  2.25140712945591   	   0.0
CUFF_NC.6328  	      533	  97.74859287054409   	  2.25140712945591   	   0.0
CUFF_NC.11265 	      533	  97.74859287054409   	  2.25140712945591   	   0.0
CUFF_NC.5882  	      533	  97.74859287054409   	  2.25140712945591   	   0.0
CUFF_NC.11145 	      533	  97.74859287054409   	  2.25140712945591   	   0.0
CUFF_NC.11167 	      533	  97.74859287054409   	  2.25140712945591   	   0.0
CUFF_NC.5612  	      533	  97.74859287054409   	  2.25140712945591   	   0.0
CUFF_NC.9025  	      533	  96.24765478424015   	  2.25140712945591   	   1.5009380863039399
CUFF_NC.5163  	      533	  97.74859287054409   	  2.25140712945591   	   0.0
CUFF_NC.52    	      533	  58.91181988742964   	  2.25140712945591   	  38.83677298311445
CUFF_NC.11268 	      533	  97.74859287054409   	  2.25140712945591   	   0.0
CUFF_NC.11423 	      533	  97.74859287054409   	  2.25140712945591   	   0.0
CUFF_NC.494   	      533	  73.73358348968105   	  2.25140712945591   	  24.015009380863038
CUFF_NC.6706  	      533	  50.84427767354597   	  2.25140712945591   	  46.90431519699813
CUFF_NC.8679  	      533	  97.74859287054409   	  2.25140712945591   	   0.0
CUFF_NC.9423  	      533	  97.74859287054409   	  2.25140712945591   	   0.0
CUFF_NC.11367 	      533	  97.74859287054409   	  2.25140712945591   	   0.0
CUFF_NC.2128  	      533	  97.5609756097561    	  2.25140712945591   	   0.18761726078799248
CUFF_NC.4642  	      533	  97.5609756097561    	  2.25140712945591   	   0.18761726078799248
CUFF_NC.923   	      533	  97.74859287054409   	  2.25140712945591   	   0.0
CUFF_NC.6571  	      533	  97.74859287054409   	  2.25140712945591   	   0.0
CUFF_NC.9205  	      533	  97.5609756097561    	  2.25140712945591   	   0.18761726078799248
CUFF_NC.649   	      533	  97.74859287054409   	  2.25140712945591   	   0.0
CUFF_NC.8924  	      533	  97.74859287054409   	  2.25140712945591   	   0.0
CUFF_NC.4475  	      533	  97.74859287054409   	  2.25140712945591   	   0.0
CUFF_NC.195   	      533	  97.74859287054409   	  2.25140712945591   	   0.0
CUFF_NC.2747  	      533	  97.74859287054409   	  2.25140712945591   	   0.0
CUFF_NC.4422  	      533	  97.37335834896811   	  2.25140712945591   	   0.37523452157598497
CUFF_NC.828   	      533	  96.99812382739212   	  2.25140712945591   	   0.7504690431519699
CUFF_NC.7943  	      533	  59.47467166979362   	  2.25140712945591   	  38.27392120075047
CUFF_NC.836   	      533	  97.5609756097561    	  2.25140712945591   	   0.18761726078799248
CUFF_NC.8387  	      533	  97.74859287054409   	  2.25140712945591   	   0.0
CUFF_NC.8000  	      533	  97.74859287054409   	  2.25140712945591   	   0.0
CUFF_NC.8001  	      533	  97.74859287054409   	  2.25140712945591   	   0.0
CUFF_NC.9930  	      533	  62.28893058161351   	  2.25140712945591   	  35.45966228893058
CUFF_NC.100   	      533	  97.5609756097561    	  2.25140712945591   	   0.18761726078799248
CUFF_NC.6388  	      510	  93.13725490196079   	  2.156862745098039  	   4.705882352941177
CUFF_NC.9889  	      375	  88.26666666666667   	  2.1333333333333333 	   9.6
CUFF_NC.10586 	      189	  95.23809523809523   	  2.1164021164021163 	   2.6455026455026456
CUFF_NC.5739  	      524	  97.51908396946564   	  2.099236641221374  	   0.38167938931297707
CUFF_NC.10704 	      431	  91.1832946635731    	  2.088167053364269  	   6.728538283062645
CUFF_NC.3365  	      482	  72.40663900414937   	  2.0746887966804977 	  25.518672199170123
CUFF_NC.10296 	      531	  56.873822975517896  	  2.0715630885122414 	  41.05461393596987
CUFF_NC.3993  	      531	  97.36346516007532   	  2.0715630885122414 	   0.5649717514124294
CUFF_NC.7377  	      338	  50.591715976331365  	  2.0710059171597637 	  47.337278106508876
CUFF_NC.3561  	      533	  97.93621013133207   	  2.0637898686679175 	   0.0
CUFF_NC.11128 	      533	  97.93621013133207   	  2.0637898686679175 	   0.0
CUFF_NC.3521  	      533	  79.9249530956848    	  2.0637898686679175 	  18.01125703564728
CUFF_NC.10287 	      533	  93.80863039399625   	  2.0637898686679175 	   4.127579737335835
CUFF_NC.5825  	      533	  97.18574108818011   	  2.0637898686679175 	   0.7504690431519699
CUFF_NC.3036  	      533	  97.93621013133207   	  2.0637898686679175 	   0.0
CUFF_NC.2990  	      533	  97.93621013133207   	  2.0637898686679175 	   0.0
CUFF_NC.8829  	      533	  97.93621013133207   	  2.0637898686679175 	   0.0
CUFF_NC.5971  	      533	  97.37335834896811   	  2.0637898686679175 	   0.5628517823639775
CUFF_NC.569   	      533	  97.93621013133207   	  2.0637898686679175 	   0.0
CUFF_NC.8889  	      533	  97.93621013133207   	  2.0637898686679175 	   0.0
CUFF_NC.2286  	      533	  76.54784240150094   	  2.0637898686679175 	  21.388367729831145
CUFF_NC.2832  	      533	  97.93621013133207   	  2.0637898686679175 	   0.0
CUFF_NC.9606  	      533	  97.74859287054409   	  2.0637898686679175 	   0.18761726078799248
CUFF_NC.4474  	      533	  97.93621013133207   	  2.0637898686679175 	   0.0
CUFF_NC.7253  	      533	  97.93621013133207   	  2.0637898686679175 	   0.0
CUFF_NC.93    	      533	  97.93621013133207   	  2.0637898686679175 	   0.0
CUFF_NC.9386  	      533	  97.93621013133207   	  2.0637898686679175 	   0.0
CUFF_NC.4957  	      533	  97.93621013133207   	  2.0637898686679175 	   0.0
CUFF_NC.5205  	      533	  97.93621013133207   	  2.0637898686679175 	   0.0
CUFF_NC.9251  	      533	  80.67542213883677   	  2.0637898686679175 	  17.26078799249531
CUFF_NC.536   	      533	  97.93621013133207   	  2.0637898686679175 	   0.0
CUFF_NC.538   	      533	  97.93621013133207   	  2.0637898686679175 	   0.0
CUFF_NC.5426  	      533	  96.99812382739212   	  2.0637898686679175 	   0.9380863039399625
CUFF_NC.5212  	      533	  97.93621013133207   	  2.0637898686679175 	   0.0
CUFF_NC.5287  	      533	  97.93621013133207   	  2.0637898686679175 	   0.0
CUFF_NC.10201 	      533	  83.67729831144464   	  2.0637898686679175 	  14.258911819887429
CUFF_NC.9185  	      533	  97.93621013133207   	  2.0637898686679175 	   0.0
CUFF_NC.6636  	      533	  61.72607879924953   	  2.0637898686679175 	  36.210131332082554
CUFF_NC.11123 	      533	  97.93621013133207   	  2.0637898686679175 	   0.0
CUFF_NC.1112  	      533	  97.93621013133207   	  2.0637898686679175 	   0.0
CUFF_NC.5744  	      533	  97.18574108818011   	  2.0637898686679175 	   0.7504690431519699
CUFF_NC.5895  	      533	  97.93621013133207   	  2.0637898686679175 	   0.0
CUFF_NC.6017  	      533	  97.74859287054409   	  2.0637898686679175 	   0.18761726078799248
CUFF_NC.10303 	      533	  90.99437148217636   	  2.0637898686679175 	   6.941838649155723
CUFF_NC.2097  	      533	  97.93621013133207   	  2.0637898686679175 	   0.0
CUFF_NC.11179 	      533	  97.93621013133207   	  2.0637898686679175 	   0.0
CUFF_NC.9158  	      533	  97.93621013133207   	  2.0637898686679175 	   0.0
CUFF_NC.9134  	      533	  97.93621013133207   	  2.0637898686679175 	   0.0
CUFF_NC.5665  	      533	  90.99437148217636   	  2.0637898686679175 	   6.941838649155723
CUFF_NC.5414  	      533	  97.93621013133207   	  2.0637898686679175 	   0.0
CUFF_NC.5460  	      533	  97.93621013133207   	  2.0637898686679175 	   0.0
CUFF_NC.262   	      533	  97.93621013133207   	  2.0637898686679175 	   0.0
CUFF_NC.3051  	      533	  50.28142589118198   	  2.0637898686679175 	  47.65478424015009
CUFF_NC.2312  	      533	  81.98874296435272   	  2.0637898686679175 	  15.947467166979362
CUFF_NC.3755  	      533	  97.93621013133207   	  2.0637898686679175 	   0.0
CUFF_NC.9733  	      533	  82.73921200750469   	  2.0637898686679175 	  15.196998123827393
CUFF_NC.9737  	      533	  97.93621013133207   	  2.0637898686679175 	   0.0
CUFF_NC.8525  	      533	  97.93621013133207   	  2.0637898686679175 	   0.0
CUFF_NC.8526  	      533	  97.93621013133207   	  2.0637898686679175 	   0.0
CUFF_NC.4836  	      533	  97.93621013133207   	  2.0637898686679175 	   0.0
CUFF_NC.1077  	      533	  52.34521575984991   	  2.0637898686679175 	  45.590994371482175
CUFF_NC.7202  	      533	  97.93621013133207   	  2.0637898686679175 	   0.0
CUFF_NC.2390  	      533	  95.1219512195122    	  2.0637898686679175 	   2.8142589118198873
CUFF_NC.1734  	      533	  96.99812382739212   	  2.0637898686679175 	   0.9380863039399625
CUFF_NC.11361 	      533	  97.93621013133207   	  2.0637898686679175 	   0.0
CUFF_NC.1014  	      533	  97.93621013133207   	  2.0637898686679175 	   0.0
CUFF_NC.9510  	      533	  97.93621013133207   	  2.0637898686679175 	   0.0
CUFF_NC.9516  	      533	  61.72607879924953   	  2.0637898686679175 	  36.210131332082554
CUFF_NC.3050  	      533	  20.825515947467167  	  2.0637898686679175 	  77.11069418386491
CUFF_NC.3790  	      533	  97.93621013133207   	  2.0637898686679175 	   0.0
CUFF_NC.7691  	      533	  75.98499061913697   	  2.0637898686679175 	  21.951219512195124
CUFF_NC.2839  	      533	  66.41651031894934   	  2.0637898686679175 	  31.51969981238274
CUFF_NC.4032  	      533	  97.93621013133207   	  2.0637898686679175 	   0.0
CUFF_NC.4151  	      533	  97.93621013133207   	  2.0637898686679175 	   0.0
CUFF_NC.10677 	      533	  93.24577861163228   	  2.0637898686679175 	   4.690431519699812
CUFF_NC.7361  	      389	  46.27249357326478   	  2.056555269922879  	  51.670951156812336
CUFF_NC.2913  	      488	  15.778688524590164  	  2.0491803278688523 	  82.17213114754098
CUFF_NC.6003  	      398	  15.829145728643216  	  2.0100502512562812 	  82.1608040201005
CUFF_NC.7983  	      501	  98.00399201596807   	  1.996007984031936  	   0.0
CUFF_NC.5662  	      502	  97.80876494023904   	  1.9920318725099602 	   0.199203187250996
CUFF_NC.1445  	      253	  79.44664031620553   	  1.9762845849802373 	  18.57707509881423
CUFF_NC.6313  	      507	  55.22682445759369   	  1.9723865877712032 	  42.80078895463511
CUFF_NC.5542  	      411	  93.18734793187348   	  1.9464720194647203 	   4.866180048661801
CUFF_NC.6872  	      518	  96.91119691119691   	  1.9305019305019304 	   1.1583011583011582
CUFF_NC.7533  	      469	  37.10021321961621   	  1.9189765458422177 	  60.98081023454158
CUFF_NC.947   	      523	  96.94072657743786   	  1.9120458891013385 	   1.147227533460803
CUFF_NC.3536  	      528	  56.439393939393945  	  1.893939393939394  	  41.66666666666667
CUFF_NC.4558  	      530	  97.73584905660377   	  1.8867924528301887 	   0.37735849056603776
CUFF_NC.3584  	      531	  24.105461393596986  	  1.8832391713747645 	  74.01129943502825
CUFF_NC.11114 	      531	  97.17514124293785   	  1.8832391713747645 	   0.9416195856873822
CUFF_NC.7718  	      532	  98.1203007518797    	  1.8796992481203008 	   0.0
CUFF_NC.3802  	      532	  67.85714285714286   	  1.8796992481203008 	  30.263157894736842
CUFF_NC.6323  	      533	  58.348968105065666  	  1.876172607879925  	  39.77485928705441
CUFF_NC.6504  	      533	  97.74859287054409   	  1.876172607879925  	   0.37523452157598497
CUFF_NC.64    	      533	  67.16697936210132   	  1.876172607879925  	  30.95684803001876
CUFF_NC.6574  	      533	  89.8686679174484    	  1.876172607879925  	   8.25515947467167
CUFF_NC.8187  	      533	  98.12382739212008   	  1.876172607879925  	   0.0
CUFF_NC.11372 	      533	  92.6829268292683    	  1.876172607879925  	   5.440900562851782
CUFF_NC.49    	      533	  45.0281425891182    	  1.876172607879925  	  53.09568480300187
CUFF_NC.8325  	      533	  98.12382739212008   	  1.876172607879925  	   0.0
CUFF_NC.9424  	      533	  98.12382739212008   	  1.876172607879925  	   0.0
CUFF_NC.10431 	      533	  98.12382739212008   	  1.876172607879925  	   0.0
CUFF_NC.1220  	      533	  98.12382739212008   	  1.876172607879925  	   0.0
CUFF_NC.6573  	      533	  91.18198874296435   	  1.876172607879925  	   6.941838649155723
CUFF_NC.6540  	      533	  89.6810506566604    	  1.876172607879925  	   8.442776735459661
CUFF_NC.3531  	      533	  97.93621013133207   	  1.876172607879925  	   0.18761726078799248
CUFF_NC.9162  	      533	  98.12382739212008   	  1.876172607879925  	   0.0
CUFF_NC.6892  	      533	  98.12382739212008   	  1.876172607879925  	   0.0
CUFF_NC.693   	      533	  98.12382739212008   	  1.876172607879925  	   0.0
CUFF_NC.3627  	      533	  89.6810506566604    	  1.876172607879925  	   8.442776735459661
CUFF_NC.5870  	      533	  94.37148217636022   	  1.876172607879925  	   3.75234521575985
CUFF_NC.1481  	      533	  48.592870544090054  	  1.876172607879925  	  49.530956848030016
CUFF_NC.5931  	      533	  20.637898686679172  	  1.876172607879925  	  77.4859287054409
CUFF_NC.8624  	      533	  98.12382739212008   	  1.876172607879925  	   0.0
CUFF_NC.5077  	      533	  98.12382739212008   	  1.876172607879925  	   0.0
CUFF_NC.5156  	      533	  98.12382739212008   	  1.876172607879925  	   0.0
CUFF_NC.7040  	      533	  98.12382739212008   	  1.876172607879925  	   0.0
CUFF_NC.11234 	      533	  98.12382739212008   	  1.876172607879925  	   0.0
CUFF_NC.227   	      533	  98.12382739212008   	  1.876172607879925  	   0.0
CUFF_NC.9353  	      533	  98.12382739212008   	  1.876172607879925  	   0.0
CUFF_NC.9376  	      533	  98.12382739212008   	  1.876172607879925  	   0.0
CUFF_NC.5025  	      533	  98.12382739212008   	  1.876172607879925  	   0.0
CUFF_NC.10424 	      533	  91.18198874296435   	  1.876172607879925  	   6.941838649155723
CUFF_NC.8309  	      533	  98.12382739212008   	  1.876172607879925  	   0.0
CUFF_NC.8277  	      533	  98.12382739212008   	  1.876172607879925  	   0.0
CUFF_NC.7903  	      533	  98.12382739212008   	  1.876172607879925  	   0.0
CUFF_NC.8228  	      533	  62.476547842401494  	  1.876172607879925  	  35.647279549718576
CUFF_NC.6793  	      533	  85.55347091932458   	  1.876172607879925  	  12.570356472795496
CUFF_NC.3620  	      533	  60.97560975609756   	  1.876172607879925  	  37.148217636022515
CUFF_NC.9411  	      533	  98.12382739212008   	  1.876172607879925  	   0.0
CUFF_NC.10757 	      533	  96.43527204502814   	  1.876172607879925  	   1.6885553470919326
CUFF_NC.7322  	      533	  98.12382739212008   	  1.876172607879925  	   0.0
CUFF_NC.11401 	      533	  98.12382739212008   	  1.876172607879925  	   0.0
CUFF_NC.9405  	      533	  98.12382739212008   	  1.876172607879925  	   0.0
CUFF_NC.4709  	      533	  98.12382739212008   	  1.876172607879925  	   0.0
CUFF_NC.9634  	      533	  98.12382739212008   	  1.876172607879925  	   0.0
CUFF_NC.9884  	      533	  98.12382739212008   	  1.876172607879925  	   0.0
CUFF_NC.8841  	      533	  39.21200750469043   	  1.876172607879925  	  58.91181988742964
CUFF_NC.3038  	      533	  91.93245778611632   	  1.876172607879925  	   6.191369606003752
CUFF_NC.3039  	      533	  91.93245778611632   	  1.876172607879925  	   6.191369606003752
CUFF_NC.877   	      533	  98.12382739212008   	  1.876172607879925  	   0.0
CUFF_NC.7413  	      533	  60.22514071294559   	  1.876172607879925  	  37.89868667917448
CUFF_NC.9560  	      533	  98.12382739212008   	  1.876172607879925  	   0.0
CUFF_NC.4258  	      533	  61.91369606003752   	  1.876172607879925  	  36.210131332082554
CUFF_NC.9994  	      378	  21.164021164021165  	  1.8518518518518516 	  76.98412698412699
CUFF_NC.7732  	      490	  29.38775510204082   	  1.8367346938775513 	  68.77551020408164
CUFF_NC.423   	      442	  96.60633484162896   	  1.809954751131222  	   1.583710407239819
CUFF_NC.9881  	      499	  60.120240480961925  	  1.8036072144288577 	  38.07615230460922
CUFF_NC.1950  	      112	  26.785714285714285  	  1.7857142857142856 	  71.42857142857143
CUFF_NC.2975  	      456	  17.324561403508774  	  1.7543859649122806 	  80.92105263157895
CUFF_NC.2976  	      518	  83.59073359073359   	  1.7374517374517375 	  14.671814671814673
CUFF_NC.10265 	      532	  83.45864661654136   	  1.6917293233082706 	  14.849624060150376
CUFF_NC.2079  	      532	  97.18045112781954   	  1.6917293233082706 	   1.1278195488721803
CUFF_NC.9814  	      532	  97.55639097744361   	  1.6917293233082706 	   0.7518796992481203
CUFF_NC.1497  	      532	  69.92481203007519   	  1.6917293233082706 	  28.383458646616543
CUFF_NC.4401  	      532	  80.6390977443609    	  1.6917293233082706 	  17.669172932330827
CUFF_NC.6533  	      533	  78.79924953095684   	  1.6885553470919326 	  19.51219512195122
CUFF_NC.6418  	      533	  66.60412757973734   	  1.6885553470919326 	  31.70731707317073
CUFF_NC.3425  	      533	  98.31144465290807   	  1.6885553470919326 	   0.0
CUFF_NC.3508  	      533	  43.52720450281426   	  1.6885553470919326 	  54.78424015009381
CUFF_NC.2516  	      533	  98.31144465290807   	  1.6885553470919326 	   0.0
CUFF_NC.11349 	      533	  47.65478424015009   	  1.6885553470919326 	  50.65666041275797
CUFF_NC.9715  	      533	  98.31144465290807   	  1.6885553470919326 	   0.0
CUFF_NC.3971  	      533	  85.74108818011257   	  1.6885553470919326 	  12.570356472795496
CUFF_NC.397   	      533	  90.61913696060037   	  1.6885553470919326 	   7.6923076923076925
CUFF_NC.1624  	      533	  96.62288930581614   	  1.6885553470919326 	   1.6885553470919326
CUFF_NC.10662 	      533	  98.31144465290807   	  1.6885553470919326 	   0.0
CUFF_NC.7697  	      533	  98.31144465290807   	  1.6885553470919326 	   0.0
CUFF_NC.2174  	      533	  98.31144465290807   	  1.6885553470919326 	   0.0
CUFF_NC.9280  	      533	  98.31144465290807   	  1.6885553470919326 	   0.0
CUFF_NC.1018  	      533	  98.31144465290807   	  1.6885553470919326 	   0.0
CUFF_NC.1885  	      533	  98.31144465290807   	  1.6885553470919326 	   0.0
CUFF_NC.2649  	      533	  81.98874296435272   	  1.6885553470919326 	  16.322701688555348
CUFF_NC.7010  	      533	  98.31144465290807   	  1.6885553470919326 	   0.0
CUFF_NC.9643  	      533	  98.31144465290807   	  1.6885553470919326 	   0.0
CUFF_NC.3862  	      533	  52.72045028142589   	  1.6885553470919326 	  45.590994371482175
CUFF_NC.7063  	      533	  96.62288930581614   	  1.6885553470919326 	   1.6885553470919326
CUFF_NC.10232 	      533	  97.93621013133207   	  1.6885553470919326 	   0.37523452157598497
CUFF_NC.5552  	      533	  98.31144465290807   	  1.6885553470919326 	   0.0
CUFF_NC.2021  	      533	  97.5609756097561    	  1.6885553470919326 	   0.7504690431519699
CUFF_NC.7802  	      533	  98.31144465290807   	  1.6885553470919326 	   0.0
CUFF_NC.11255 	      533	  98.31144465290807   	  1.6885553470919326 	   0.0
CUFF_NC.5344  	      533	  98.31144465290807   	  1.6885553470919326 	   0.0
CUFF_NC.9172  	      533	  90.61913696060037   	  1.6885553470919326 	   7.6923076923076925
CUFF_NC.2440  	      533	  98.31144465290807   	  1.6885553470919326 	   0.0
CUFF_NC.1444  	      533	  98.31144465290807   	  1.6885553470919326 	   0.0
CUFF_NC.1607  	      533	  30.95684803001876   	  1.6885553470919326 	  67.3545966228893
CUFF_NC.3800  	      533	  96.99812382739212   	  1.6885553470919326 	   1.3133208255159476
CUFF_NC.2588  	      533	  98.31144465290807   	  1.6885553470919326 	   0.0
CUFF_NC.6942  	      533	  97.93621013133207   	  1.6885553470919326 	   0.37523452157598497
CUFF_NC.5646  	      533	  98.31144465290807   	  1.6885553470919326 	   0.0
CUFF_NC.5670  	      533	  98.12382739212008   	  1.6885553470919326 	   0.18761726078799248
CUFF_NC.10842 	      533	  74.671669793621     	  1.6885553470919326 	  23.639774859287055
CUFF_NC.8927  	      533	  98.31144465290807   	  1.6885553470919326 	   0.0
CUFF_NC.10346 	      533	  98.31144465290807   	  1.6885553470919326 	   0.0
CUFF_NC.5897  	      533	  98.31144465290807   	  1.6885553470919326 	   0.0
CUFF_NC.6663  	      533	  80.48780487804879   	  1.6885553470919326 	  17.823639774859288
CUFF_NC.10918 	      533	  98.31144465290807   	  1.6885553470919326 	   0.0
CUFF_NC.8685  	      533	  98.31144465290807   	  1.6885553470919326 	   0.0
CUFF_NC.10117 	      533	  80.30018761726079   	  1.6885553470919326 	  18.01125703564728
CUFF_NC.4356  	      533	  98.31144465290807   	  1.6885553470919326 	   0.0
CUFF_NC.4886  	      533	  98.31144465290807   	  1.6885553470919326 	   0.0
CUFF_NC.11377 	      533	  98.31144465290807   	  1.6885553470919326 	   0.0
CUFF_NC.4143  	      533	  98.31144465290807   	  1.6885553470919326 	   0.0
CUFF_NC.4096  	      533	  98.31144465290807   	  1.6885553470919326 	   0.0
CUFF_NC.280   	      533	  98.31144465290807   	  1.6885553470919326 	   0.0
CUFF_NC.7299  	      533	  98.31144465290807   	  1.6885553470919326 	   0.0
CUFF_NC.1974  	      533	  91.18198874296435   	  1.6885553470919326 	   7.129455909943714
CUFF_NC.1012  	      533	  81.05065666041276   	  1.6885553470919326 	  17.26078799249531
CUFF_NC.1282  	      533	  59.09943714821764   	  1.6885553470919326 	  39.21200750469043
CUFF_NC.7597  	      533	  11.819887429643527  	  1.6885553470919326 	  86.49155722326454
CUFF_NC.7659  	      533	  83.67729831144464   	  1.6885553470919326 	  14.634146341463413
CUFF_NC.837   	      533	  98.31144465290807   	  1.6885553470919326 	   0.0
CUFF_NC.1214  	      533	  98.31144465290807   	  1.6885553470919326 	   0.0
CUFF_NC.4562  	      533	  98.31144465290807   	  1.6885553470919326 	   0.0
CUFF_NC.4573  	      533	  98.12382739212008   	  1.6885553470919326 	   0.18761726078799248
CUFF_NC.2328  	      533	  98.31144465290807   	  1.6885553470919326 	   0.0
CUFF_NC.1965  	      533	  97.93621013133207   	  1.6885553470919326 	   0.37523452157598497
CUFF_NC.4388  	      533	  98.31144465290807   	  1.6885553470919326 	   0.0
CUFF_NC.3060  	      533	  96.06003752345215   	  1.6885553470919326 	   2.25140712945591
CUFF_NC.1580  	      533	  77.6735459662289    	  1.6885553470919326 	  20.637898686679172
CUFF_NC.2982  	      533	  98.31144465290807   	  1.6885553470919326 	   0.0
CUFF_NC.1835  	      533	  98.31144465290807   	  1.6885553470919326 	   0.0
CUFF_NC.1912  	      533	  98.31144465290807   	  1.6885553470919326 	   0.0
CUFF_NC.8111  	      533	  97.74859287054409   	  1.6885553470919326 	   0.5628517823639775
CUFF_NC.6109  	      481	  14.96881496881497   	  1.6632016632016633 	  83.36798336798337
CUFF_NC.7092  	      361	  93.90581717451524   	  1.662049861495845  	   4.43213296398892
CUFF_NC.3816  	      423	  59.57446808510638   	  1.6548463356973995 	  38.77068557919622
CUFF_NC.382   	      493	  68.35699797160242   	  1.6227180527383367 	  30.02028397565923
CUFF_NC.10223 	      432	  67.5925925925926    	  1.6203703703703702 	  30.787037037037035
CUFF_NC.7708  	      248	  27.419354838709676  	  1.6129032258064515 	  70.96774193548387
CUFF_NC.3514  	      505	  69.3069306930693    	  1.5841584158415842 	  29.108910891089106
CUFF_NC.9796  	      505	  96.43564356435644   	  1.5841584158415842 	   1.9801980198019802
CUFF_NC.3145  	      508	  11.220472440944881  	  1.574803149606299  	  87.20472440944881
CUFF_NC.8119  	      512	  18.359375           	  1.5625             	  80.078125
CUFF_NC.6239  	      388	   7.989690721649484  	  1.5463917525773196 	  90.4639175257732
CUFF_NC.10512 	      325	   4.0                	  1.5384615384615385 	  94.46153846153847
CUFF_NC.3443  	      525	  91.23809523809524   	  1.5238095238095237 	   7.238095238095238
CUFF_NC.7404  	      527	   8.918406072106261  	  1.5180265654648957 	  89.56356736242884
CUFF_NC.8154  	      529	  94.1398865784499    	  1.5122873345935728 	   4.3478260869565215
CUFF_NC.6355  	      529	  44.234404536862     	  1.5122873345935728 	  54.25330812854442
CUFF_NC.1279  	      529	  43.47826086956522   	  1.5122873345935728 	  55.009451795841215
CUFF_NC.6374  	      530	  42.45283018867924   	  1.509433962264151  	  56.0377358490566
CUFF_NC.7360  	      398	  27.386934673366838  	  1.507537688442211  	  71.10552763819096
CUFF_NC.10893 	      531	  98.11676082862523   	  1.5065913370998116 	   0.3766478342749529
CUFF_NC.9937  	      531	  97.17514124293785   	  1.5065913370998116 	   1.3182674199623352
CUFF_NC.3519  	      531	  90.96045197740112   	  1.5065913370998116 	   7.532956685499058
CUFF_NC.6944  	      531	  96.23352165725048   	  1.5065913370998116 	   2.2598870056497176
CUFF_NC.4400  	      532	  82.14285714285714   	  1.5037593984962405 	  16.35338345864662
CUFF_NC.9180  	      532	  98.30827067669173   	  1.5037593984962405 	   0.18796992481203006
CUFF_NC.396   	      532	  88.1578947368421    	  1.5037593984962405 	  10.338345864661653
CUFF_NC.9334  	      533	  98.49906191369607   	  1.5009380863039399 	   0.0
CUFF_NC.1183  	      533	  98.49906191369607   	  1.5009380863039399 	   0.0
CUFF_NC.8237  	      533	  98.49906191369607   	  1.5009380863039399 	   0.0
CUFF_NC.2763  	      533	  98.49906191369607   	  1.5009380863039399 	   0.0
CUFF_NC.4496  	      533	  98.49906191369607   	  1.5009380863039399 	   0.0
CUFF_NC.1203  	      533	  96.99812382739212   	  1.5009380863039399 	   1.5009380863039399
CUFF_NC.7412  	      533	  98.31144465290807   	  1.5009380863039399 	   0.18761726078799248
CUFF_NC.1223  	      533	  84.61538461538461   	  1.5009380863039399 	  13.883677298311445
CUFF_NC.2318  	      533	  98.49906191369607   	  1.5009380863039399 	   0.0
CUFF_NC.9856  	      533	  98.49906191369607   	  1.5009380863039399 	   0.0
CUFF_NC.1263  	      533	  47.84240150093809   	  1.5009380863039399 	  50.65666041275797
CUFF_NC.1808  	      533	  35.834896810506564  	  1.5009380863039399 	  62.6641651031895
CUFF_NC.498   	      533	  98.49906191369607   	  1.5009380863039399 	   0.0
CUFF_NC.10760 	      533	  98.31144465290807   	  1.5009380863039399 	   0.18761726078799248
CUFF_NC.9720  	      533	  98.31144465290807   	  1.5009380863039399 	   0.18761726078799248
CUFF_NC.4074  	      533	  98.31144465290807   	  1.5009380863039399 	   0.18761726078799248
CUFF_NC.7817  	      533	  68.66791744840526   	  1.5009380863039399 	  29.831144465290805
CUFF_NC.7714  	      533	  98.49906191369607   	  1.5009380863039399 	   0.0
CUFF_NC.5272  	      533	  98.49906191369607   	  1.5009380863039399 	   0.0
CUFF_NC.7826  	      533	  85.36585365853658   	  1.5009380863039399 	  13.133208255159476
CUFF_NC.10871 	      533	  96.81050656660413   	  1.5009380863039399 	   1.6885553470919326
CUFF_NC.1605  	      533	  98.49906191369607   	  1.5009380863039399 	   0.0
CUFF_NC.2244  	      533	  98.49906191369607   	  1.5009380863039399 	   0.0
CUFF_NC.5511  	      533	  98.49906191369607   	  1.5009380863039399 	   0.0
CUFF_NC.10410 	      533	  45.21575984990619   	  1.5009380863039399 	  53.283302063789876
CUFF_NC.958   	      533	  98.49906191369607   	  1.5009380863039399 	   0.0
CUFF_NC.2968  	      533	  84.9906191369606    	  1.5009380863039399 	  13.50844277673546
CUFF_NC.949   	      533	  98.49906191369607   	  1.5009380863039399 	   0.0
CUFF_NC.4801  	      533	  98.49906191369607   	  1.5009380863039399 	   0.0
CUFF_NC.2803  	      533	  98.49906191369607   	  1.5009380863039399 	   0.0
CUFF_NC.9395  	      533	  98.49906191369607   	  1.5009380863039399 	   0.0
CUFF_NC.2288  	      533	  98.49906191369607   	  1.5009380863039399 	   0.0
CUFF_NC.10505 	      533	  79.54971857410882   	  1.5009380863039399 	  18.94934333958724
CUFF_NC.4104  	      533	  41.83864915572232   	  1.5009380863039399 	  56.66041275797373
CUFF_NC.7265  	      533	  31.33208255159475   	  1.5009380863039399 	  67.16697936210132
CUFF_NC.4345  	      533	  98.49906191369607   	  1.5009380863039399 	   0.0
CUFF_NC.8137  	      533	  93.24577861163228   	  1.5009380863039399 	   5.253283302063791
CUFF_NC.9417  	      533	  98.49906191369607   	  1.5009380863039399 	   0.0
CUFF_NC.4845  	      533	  98.49906191369607   	  1.5009380863039399 	   0.0
CUFF_NC.3127  	      533	  97.93621013133207   	  1.5009380863039399 	   0.5628517823639775
CUFF_NC.10300 	      533	  90.80675422138836   	  1.5009380863039399 	   7.6923076923076925
CUFF_NC.5856  	      533	  96.81050656660413   	  1.5009380863039399 	   1.6885553470919326
CUFF_NC.8199  	      533	  98.49906191369607   	  1.5009380863039399 	   0.0
CUFF_NC.1848  	      533	  98.49906191369607   	  1.5009380863039399 	   0.0
CUFF_NC.5786  	      533	  91.93245778611632   	  1.5009380863039399 	   6.566604127579738
CUFF_NC.5808  	      533	  98.49906191369607   	  1.5009380863039399 	   0.0
CUFF_NC.10294 	      533	  97.5609756097561    	  1.5009380863039399 	   0.9380863039399625
CUFF_NC.5967  	      533	  98.49906191369607   	  1.5009380863039399 	   0.0
CUFF_NC.5981  	      533	  45.21575984990619   	  1.5009380863039399 	  53.283302063789876
CUFF_NC.8710  	      533	  98.49906191369607   	  1.5009380863039399 	   0.0
CUFF_NC.903   	      533	  87.8048780487805    	  1.5009380863039399 	  10.694183864915573
CUFF_NC.8104  	      533	  98.31144465290807   	  1.5009380863039399 	   0.18761726078799248
CUFF_NC.8215  	      533	  98.49906191369607   	  1.5009380863039399 	   0.0
CUFF_NC.6452  	      533	  27.954971857410882  	  1.5009380863039399 	  70.54409005628519
CUFF_NC.1705  	      533	  97.93621013133207   	  1.5009380863039399 	   0.5628517823639775
CUFF_NC.3494  	      533	  98.49906191369607   	  1.5009380863039399 	   0.0
CUFF_NC.6547  	      533	  92.12007504690432   	  1.5009380863039399 	   6.378986866791744
CUFF_NC.6587  	      533	  93.24577861163228   	  1.5009380863039399 	   5.253283302063791
CUFF_NC.8107  	      533	  98.49906191369607   	  1.5009380863039399 	   0.0
CUFF_NC.11284 	      533	  98.49906191369607   	  1.5009380863039399 	   0.0
CUFF_NC.2601  	      533	  98.49906191369607   	  1.5009380863039399 	   0.0
CUFF_NC.2602  	      533	  98.49906191369607   	  1.5009380863039399 	   0.0
CUFF_NC.8231  	      533	  60.0375234521576    	  1.5009380863039399 	  38.46153846153847
CUFF_NC.5781  	      533	  90.2439024390244    	  1.5009380863039399 	   8.25515947467167
CUFF_NC.875   	      533	  98.49906191369607   	  1.5009380863039399 	   0.0
CUFF_NC.11164 	      533	  97.37335834896811   	  1.5009380863039399 	   1.125703564727955
CUFF_NC.2040  	      533	  98.49906191369607   	  1.5009380863039399 	   0.0
CUFF_NC.9689  	      533	  98.49906191369607   	  1.5009380863039399 	   0.0
CUFF_NC.3977  	      533	  98.49906191369607   	  1.5009380863039399 	   0.0
CUFF_NC.3998  	      533	  98.49906191369607   	  1.5009380863039399 	   0.0
CUFF_NC.2263  	      533	  97.5609756097561    	  1.5009380863039399 	   0.9380863039399625
CUFF_NC.3504  	      339	  85.25073746312685   	  1.4749262536873156 	  13.274336283185843
CUFF_NC.6225  	      204	  30.392156862745097  	  1.4705882352941175 	  68.13725490196079
CUFF_NC.7645  	       68	   7.352941176470589  	  1.4705882352941175 	  91.17647058823529
CUFF_NC.2576  	      274	  96.71532846715328   	  1.4598540145985401 	   1.824817518248175
CUFF_NC.2133  	      483	  95.23809523809523   	  1.4492753623188406 	   3.3126293995859215
CUFF_NC.1409  	      488	  78.27868852459017   	  1.4344262295081966 	  20.28688524590164
CUFF_NC.1551  	      492	  85.77235772357723   	  1.4227642276422763 	  12.804878048780488
CUFF_NC.757   	      354	  66.38418079096046   	  1.4124293785310735 	  32.20338983050847
CUFF_NC.758   	      356	  66.01123595505618   	  1.4044943820224718 	  32.58426966292135
CUFF_NC.10585 	      287	  82.22996515679442   	  1.3937282229965158 	  16.376306620209057
CUFF_NC.9974  	      511	  79.2563600782779    	  1.36986301369863   	  19.373776908023483
CUFF_NC.3386  	      518	  51.737451737451735  	  1.3513513513513513 	  46.91119691119691
CUFF_NC.1086  	      519	  33.140655105973025  	  1.348747591522158  	  65.51059730250482
CUFF_NC.6286  	      446	  40.80717488789238   	  1.345291479820628  	  57.847533632286996
CUFF_NC.8129  	      522	  95.97701149425288   	  1.3409961685823755 	   2.681992337164751
CUFF_NC.6839  	      525	  94.66666666666667   	  1.3333333333333335 	   4.0
CUFF_NC.6076  	      526	   3.4220532319391634 	  1.3307984790874523 	  95.24714828897338
CUFF_NC.7153  	      527	  86.14800759013282   	  1.3282732447817838 	  12.523719165085389
CUFF_NC.1249  	      529	  26.65406427221172   	  1.3232514177693762 	  72.0226843100189
CUFF_NC.8049  	      530	  78.8679245283019    	  1.3207547169811322 	  19.81132075471698
CUFF_NC.3041  	      530	  50.0                	  1.3207547169811322 	  48.679245283018865
CUFF_NC.10426 	      531	  39.35969868173258   	  1.3182674199623352 	  59.32203389830508
CUFF_NC.5659  	      532	  73.49624060150376   	  1.3157894736842104 	  25.18796992481203
CUFF_NC.10246 	      532	  97.18045112781954   	  1.3157894736842104 	   1.5037593984962405
CUFF_NC.632   	      532	  97.55639097744361   	  1.3157894736842104 	   1.1278195488721803
CUFF_NC.1558  	      533	  89.6810506566604    	  1.3133208255159476 	   9.00562851782364
CUFF_NC.2948  	      533	  98.68667917448406   	  1.3133208255159476 	   0.0
CUFF_NC.8109  	      533	  98.68667917448406   	  1.3133208255159476 	   0.0
CUFF_NC.1766  	      533	  98.68667917448406   	  1.3133208255159476 	   0.0
CUFF_NC.997   	      533	  98.68667917448406   	  1.3133208255159476 	   0.0
CUFF_NC.7575  	      533	  98.68667917448406   	  1.3133208255159476 	   0.0
CUFF_NC.843   	      533	  98.49906191369607   	  1.3133208255159476 	   0.18761726078799248
CUFF_NC.4458  	      533	  98.68667917448406   	  1.3133208255159476 	   0.0
CUFF_NC.2738  	      533	  82.36397748592871   	  1.3133208255159476 	  16.322701688555348
CUFF_NC.4272  	      533	  80.67542213883677   	  1.3133208255159476 	  18.01125703564728
CUFF_NC.495   	      533	  98.31144465290807   	  1.3133208255159476 	   0.37523452157598497
CUFF_NC.768   	      533	  98.68667917448406   	  1.3133208255159476 	   0.0
CUFF_NC.8257  	      533	  98.68667917448406   	  1.3133208255159476 	   0.0
CUFF_NC.4167  	      533	  98.49906191369607   	  1.3133208255159476 	   0.18761726078799248
CUFF_NC.4173  	      533	  98.68667917448406   	  1.3133208255159476 	   0.0
CUFF_NC.9335  	      533	  98.12382739212008   	  1.3133208255159476 	   0.5628517823639775
CUFF_NC.409   	      533	  98.68667917448406   	  1.3133208255159476 	   0.0
CUFF_NC.10111 	      533	  52.72045028142589   	  1.3133208255159476 	  45.96622889305816
CUFF_NC.10676 	      533	  98.68667917448406   	  1.3133208255159476 	   0.0
CUFF_NC.10764 	      533	  98.49906191369607   	  1.3133208255159476 	   0.18761726078799248
CUFF_NC.4727  	      533	  98.68667917448406   	  1.3133208255159476 	   0.0
CUFF_NC.9498  	      533	  98.68667917448406   	  1.3133208255159476 	   0.0
CUFF_NC.7302  	      533	  56.47279549718574   	  1.3133208255159476 	  42.21388367729831
CUFF_NC.4763  	      533	  17.823639774859288  	  1.3133208255159476 	  80.86303939962477
CUFF_NC.10733 	      533	  98.68667917448406   	  1.3133208255159476 	   0.0
CUFF_NC.4770  	      533	  98.68667917448406   	  1.3133208255159476 	   0.0
CUFF_NC.11285 	      533	  98.68667917448406   	  1.3133208255159476 	   0.0
CUFF_NC.7099  	      533	  23.452157598499063  	  1.3133208255159476 	  75.23452157598499
CUFF_NC.2403  	      533	  98.68667917448406   	  1.3133208255159476 	   0.0
CUFF_NC.2173  	      533	  98.68667917448406   	  1.3133208255159476 	   0.0
CUFF_NC.7215  	      533	  97.93621013133207   	  1.3133208255159476 	   0.7504690431519699
CUFF_NC.10434 	      533	  98.68667917448406   	  1.3133208255159476 	   0.0
CUFF_NC.10416 	      533	  98.31144465290807   	  1.3133208255159476 	   0.37523452157598497
CUFF_NC.10789 	      533	  35.45966228893058   	  1.3133208255159476 	  63.22701688555347
CUFF_NC.11304 	      533	  58.536585365853654  	  1.3133208255159476 	  40.150093808630395
CUFF_NC.9304  	      533	  98.68667917448406   	  1.3133208255159476 	   0.0
CUFF_NC.9321  	      533	  98.68667917448406   	  1.3133208255159476 	   0.0
CUFF_NC.5224  	      533	  98.68667917448406   	  1.3133208255159476 	   0.0
CUFF_NC.10180 	      533	  10.318949343339586  	  1.3133208255159476 	  88.36772983114447
CUFF_NC.543   	      533	  98.68667917448406   	  1.3133208255159476 	   0.0
CUFF_NC.910   	      533	  98.68667917448406   	  1.3133208255159476 	   0.0
CUFF_NC.7762  	      533	  98.68667917448406   	  1.3133208255159476 	   0.0
CUFF_NC.3903  	      533	  98.68667917448406   	  1.3133208255159476 	   0.0
CUFF_NC.3791  	      533	  98.68667917448406   	  1.3133208255159476 	   0.0
CUFF_NC.3700  	      533	  97.37335834896811   	  1.3133208255159476 	   1.3133208255159476
CUFF_NC.368   	      533	  98.49906191369607   	  1.3133208255159476 	   0.18761726078799248
CUFF_NC.3664  	      533	  96.99812382739212   	  1.3133208255159476 	   1.6885553470919326
CUFF_NC.7853  	      533	  39.9624765478424    	  1.3133208255159476 	  58.724202626641656
CUFF_NC.9726  	      533	  65.29080675422139   	  1.3133208255159476 	  33.39587242026266
CUFF_NC.9745  	      533	  96.99812382739212   	  1.3133208255159476 	   1.6885553470919326
CUFF_NC.1941  	      533	  98.68667917448406   	  1.3133208255159476 	   0.0
CUFF_NC.6953  	      533	  98.68667917448406   	  1.3133208255159476 	   0.0
CUFF_NC.7819  	      533	  98.49906191369607   	  1.3133208255159476 	   0.18761726078799248
CUFF_NC.3904  	      533	  42.026266416510325  	  1.3133208255159476 	  56.66041275797373
CUFF_NC.6848  	      533	  97.93621013133207   	  1.3133208255159476 	   0.7504690431519699
CUFF_NC.5718  	      533	  98.68667917448406   	  1.3133208255159476 	   0.0
CUFF_NC.3612  	      533	  98.68667917448406   	  1.3133208255159476 	   0.0
CUFF_NC.9034  	      533	  98.68667917448406   	  1.3133208255159476 	   0.0
CUFF_NC.7960  	      533	  98.68667917448406   	  1.3133208255159476 	   0.0
CUFF_NC.5923  	      533	  92.87054409005628   	  1.3133208255159476 	   5.816135084427768
CUFF_NC.8749  	      533	  98.68667917448406   	  1.3133208255159476 	   0.0
CUFF_NC.5859  	      533	  55.34709193245778   	  1.3133208255159476 	  43.33958724202627
CUFF_NC.5863  	      533	  98.49906191369607   	  1.3133208255159476 	   0.18761726078799248
CUFF_NC.8057  	      533	  96.99812382739212   	  1.3133208255159476 	   1.6885553470919326
CUFF_NC.1789  	      533	  98.68667917448406   	  1.3133208255159476 	   0.0
CUFF_NC.7930  	      533	  91.18198874296435   	  1.3133208255159476 	   7.5046904315197
CUFF_NC.3182  	      533	  42.21388367729831   	  1.3133208255159476 	  56.47279549718574
CUFF_NC.10555 	      533	  98.68667917448406   	  1.3133208255159476 	   0.0
CUFF_NC.6526  	      533	  98.68667917448406   	  1.3133208255159476 	   0.0
CUFF_NC.1698  	      533	  98.68667917448406   	  1.3133208255159476 	   0.0
CUFF_NC.2099  	      533	  98.68667917448406   	  1.3133208255159476 	   0.0
CUFF_NC.11    	      533	  98.68667917448406   	  1.3133208255159476 	   0.0
CUFF_NC.6475  	      533	  33.02063789868668   	  1.3133208255159476 	  65.66604127579737
CUFF_NC.6409  	      533	  98.12382739212008   	  1.3133208255159476 	   0.5628517823639775
CUFF_NC.9888  	      533	  98.12382739212008   	  1.3133208255159476 	   0.5628517823639775
CUFF_NC.2326  	      229	  96.94323144104804   	  1.3100436681222707 	   1.7467248908296942
CUFF_NC.5794  	      310	  52.903225806451616  	  1.2903225806451613 	  45.806451612903224
CUFF_NC.3314  	      313	  14.057507987220447  	  1.2779552715654952 	  84.66453674121406
CUFF_NC.8905  	      398	   4.522613065326634  	  1.256281407035176  	  94.22110552763819
CUFF_NC.3132  	      490	  38.163265306122454  	  1.2244897959183674 	  60.61224489795919
CUFF_NC.7813  	      333	  42.94294294294294   	  1.2012012012012012 	  55.85585585585585
CUFF_NC.7547  	      420	  49.047619047619044  	  1.1904761904761905 	  49.76190476190476
CUFF_NC.7528  	      504	  16.666666666666664  	  1.1904761904761905 	  82.14285714285714
CUFF_NC.7671  	      512	  47.8515625          	  1.171875           	  50.9765625
CUFF_NC.2914  	      429	  25.64102564102564   	  1.1655011655011656 	  73.1934731934732
CUFF_NC.9089  	      259	  81.46718146718148   	  1.1583011583011582 	  17.374517374517374
CUFF_NC.6138  	      520	  39.80769230769231   	  1.153846153846154  	  59.03846153846154
CUFF_NC.3537  	      521	  98.65642994241843   	  1.1516314779270633 	   0.19193857965451055
CUFF_NC.7074  	      523	  44.93307839388145   	  1.147227533460803  	  53.91969407265774
CUFF_NC.6229  	      524	  11.450381679389313  	  1.1450381679389312 	  87.40458015267176
CUFF_NC.2037  	      524	  91.79389312977099   	  1.1450381679389312 	   7.061068702290077
CUFF_NC.7615  	      526	  84.79087452471484   	  1.1406844106463878 	  14.068441064638785
CUFF_NC.7363  	      526	   2.8517110266159698 	  1.1406844106463878 	  96.00760456273764
CUFF_NC.6325  	      526	  12.927756653992395  	  1.1406844106463878 	  85.93155893536122
CUFF_NC.7700  	      528	  97.91666666666666   	  1.1363636363636365 	   0.946969696969697
CUFF_NC.7239  	      528	  97.53787878787878   	  1.1363636363636365 	   1.3257575757575757
CUFF_NC.3564  	      529	  91.30434782608695   	  1.1342155009451798 	   7.561436672967864
CUFF_NC.7140  	      529	  68.43100189035917   	  1.1342155009451798 	  30.434782608695656
CUFF_NC.2923  	      530	  13.773584905660377  	  1.1320754716981132 	  85.09433962264151
CUFF_NC.3497  	      530	  93.39622641509435   	  1.1320754716981132 	   5.471698113207547
CUFF_NC.8958  	      530	  93.77358490566039   	  1.1320754716981132 	   5.09433962264151
CUFF_NC.1315  	      531	  95.10357815442562   	  1.1299435028248588 	   3.766478342749529
CUFF_NC.1575  	      531	  59.32203389830508   	  1.1299435028248588 	  39.548022598870055
CUFF_NC.10263 	      532	  97.36842105263158   	  1.1278195488721803 	   1.5037593984962405
CUFF_NC.9925  	      532	  15.413533834586465  	  1.1278195488721803 	  83.45864661654136
CUFF_NC.6310  	      532	  55.07518796992481   	  1.1278195488721803 	  43.796992481203006
CUFF_NC.10797 	      532	  98.87218045112782   	  1.1278195488721803 	   0.0
CUFF_NC.10194 	      532	  72.18045112781954   	  1.1278195488721803 	  26.691729323308273
CUFF_NC.9563  	      533	  98.87429643527204   	  1.125703564727955  	   0.0
CUFF_NC.608   	      533	  98.87429643527204   	  1.125703564727955  	   0.0
CUFF_NC.11048 	      533	  98.87429643527204   	  1.125703564727955  	   0.0
CUFF_NC.74    	      533	  98.87429643527204   	  1.125703564727955  	   0.0
CUFF_NC.4793  	      533	  98.87429643527204   	  1.125703564727955  	   0.0
CUFF_NC.7324  	      533	  87.99249530956847   	  1.125703564727955  	  10.881801125703564
CUFF_NC.8917  	      533	  98.87429643527204   	  1.125703564727955  	   0.0
CUFF_NC.11077 	      533	  98.87429643527204   	  1.125703564727955  	   0.0
CUFF_NC.4255  	      533	  98.87429643527204   	  1.125703564727955  	   0.0
CUFF_NC.4271  	      533	  98.87429643527204   	  1.125703564727955  	   0.0
CUFF_NC.10763 	      533	  51.969981238273924  	  1.125703564727955  	  46.90431519699813
CUFF_NC.766   	      533	  98.87429643527204   	  1.125703564727955  	   0.0
CUFF_NC.6626  	      533	  98.87429643527204   	  1.125703564727955  	   0.0
CUFF_NC.2531  	      533	  98.87429643527204   	  1.125703564727955  	   0.0
CUFF_NC.4392  	      533	  98.87429643527204   	  1.125703564727955  	   0.0
CUFF_NC.8208  	      533	  97.93621013133207   	  1.125703564727955  	   0.9380863039399625
CUFF_NC.1642  	      533	  98.68667917448406   	  1.125703564727955  	   0.18761726078799248
CUFF_NC.1963  	      533	  98.87429643527204   	  1.125703564727955  	   0.0
CUFF_NC.1193  	      533	  30.95684803001876   	  1.125703564727955  	  67.91744840525328
CUFF_NC.745   	      533	  18.574108818011258  	  1.125703564727955  	  80.30018761726079
CUFF_NC.2718  	      533	  98.87429643527204   	  1.125703564727955  	   0.0
CUFF_NC.1262  	      533	  48.96810506566604   	  1.125703564727955  	  49.906191369606
CUFF_NC.4360  	      533	  83.67729831144464   	  1.125703564727955  	  15.196998123827393
CUFF_NC.1639  	      533	  98.87429643527204   	  1.125703564727955  	   0.0
CUFF_NC.844   	      533	  98.49906191369607   	  1.125703564727955  	   0.37523452157598497
CUFF_NC.9952  	      533	  98.87429643527204   	  1.125703564727955  	   0.0
CUFF_NC.1212  	      533	  79.36210131332082   	  1.125703564727955  	  19.51219512195122
CUFF_NC.2073  	      533	  98.87429643527204   	  1.125703564727955  	   0.0
CUFF_NC.2085  	      533	  98.68667917448406   	  1.125703564727955  	   0.18761726078799248
CUFF_NC.10972 	      533	  98.87429643527204   	  1.125703564727955  	   0.0
CUFF_NC.90    	      533	  25.515947467166978  	  1.125703564727955  	  73.35834896810508
CUFF_NC.6683  	      533	  22.70168855534709   	  1.125703564727955  	  76.17260787992495
CUFF_NC.2068  	      533	  98.68667917448406   	  1.125703564727955  	   0.18761726078799248
CUFF_NC.87    	      533	  98.87429643527204   	  1.125703564727955  	   0.0
CUFF_NC.8050  	      533	  77.11069418386491   	  1.125703564727955  	  21.76360225140713
CUFF_NC.3596  	      533	  98.87429643527204   	  1.125703564727955  	   0.0
CUFF_NC.1493  	      533	  98.68667917448406   	  1.125703564727955  	   0.18761726078799248
CUFF_NC.150   	      533	  98.68667917448406   	  1.125703564727955  	   0.18761726078799248
CUFF_NC.3546  	      533	  98.87429643527204   	  1.125703564727955  	   0.0
CUFF_NC.1482  	      533	  98.87429643527204   	  1.125703564727955  	   0.0
CUFF_NC.8743  	      533	  98.87429643527204   	  1.125703564727955  	   0.0
CUFF_NC.1782  	      533	  49.530956848030016  	  1.125703564727955  	  49.34333958724203
CUFF_NC.794   	      533	  98.87429643527204   	  1.125703564727955  	   0.0
CUFF_NC.10678 	      533	  98.68667917448406   	  1.125703564727955  	   0.18761726078799248
CUFF_NC.1166  	      533	  91.74484052532833   	  1.125703564727955  	   7.129455909943714
CUFF_NC.10785 	      533	  98.87429643527204   	  1.125703564727955  	   0.0
CUFF_NC.7260  	      533	  96.81050656660413   	  1.125703564727955  	   2.0637898686679175
CUFF_NC.288   	      533	  98.87429643527204   	  1.125703564727955  	   0.0
CUFF_NC.3615  	      533	  98.87429643527204   	  1.125703564727955  	   0.0
CUFF_NC.6821  	      533	  98.87429643527204   	  1.125703564727955  	   0.0
CUFF_NC.6847  	      533	  98.87429643527204   	  1.125703564727955  	   0.0
CUFF_NC.4077  	      533	  98.87429643527204   	  1.125703564727955  	   0.0
CUFF_NC.4084  	      533	  98.87429643527204   	  1.125703564727955  	   0.0
CUFF_NC.4195  	      533	  71.66979362101313   	  1.125703564727955  	  27.204502814258912
CUFF_NC.7266  	      533	  98.49906191369607   	  1.125703564727955  	   0.37523452157598497
CUFF_NC.7176  	      533	  98.87429643527204   	  1.125703564727955  	   0.0
CUFF_NC.7209  	      533	  98.87429643527204   	  1.125703564727955  	   0.0
CUFF_NC.10421 	      533	  97.93621013133207   	  1.125703564727955  	   0.9380863039399625
CUFF_NC.2142  	      533	  98.87429643527204   	  1.125703564727955  	   0.0
CUFF_NC.9204  	      533	  98.87429643527204   	  1.125703564727955  	   0.0
CUFF_NC.1741  	      533	  98.87429643527204   	  1.125703564727955  	   0.0
CUFF_NC.700   	      533	  98.87429643527204   	  1.125703564727955  	   0.0
CUFF_NC.10272 	      533	  98.31144465290807   	  1.125703564727955  	   0.5628517823639775
CUFF_NC.10631 	      533	  98.87429643527204   	  1.125703564727955  	   0.0
CUFF_NC.2062  	      533	  85.55347091932458   	  1.125703564727955  	  13.320825515947469
CUFF_NC.7890  	      533	  97.93621013133207   	  1.125703564727955  	   0.9380863039399625
CUFF_NC.5236  	      533	  98.87429643527204   	  1.125703564727955  	   0.0
CUFF_NC.6832  	      533	  98.87429643527204   	  1.125703564727955  	   0.0
CUFF_NC.218   	      533	  98.87429643527204   	  1.125703564727955  	   0.0
CUFF_NC.5364  	      533	  98.87429643527204   	  1.125703564727955  	   0.0
CUFF_NC.8649  	      533	  98.87429643527204   	  1.125703564727955  	   0.0
CUFF_NC.3906  	      533	  65.85365853658537   	  1.125703564727955  	  33.02063789868668
CUFF_NC.139   	      533	  98.87429643527204   	  1.125703564727955  	   0.0
CUFF_NC.2268  	      533	  54.409005628517825  	  1.125703564727955  	  44.46529080675422
CUFF_NC.5298  	      533	  98.87429643527204   	  1.125703564727955  	   0.0
CUFF_NC.5635  	      533	  91.74484052532833   	  1.125703564727955  	   7.129455909943714
CUFF_NC.10875 	      533	  98.87429643527204   	  1.125703564727955  	   0.0
CUFF_NC.3764  	      533	  98.87429643527204   	  1.125703564727955  	   0.0
CUFF_NC.3867  	      533	  98.87429643527204   	  1.125703564727955  	   0.0
CUFF_NC.86    	      533	  98.87429643527204   	  1.125703564727955  	   0.0
CUFF_NC.3892  	      533	  77.6735459662289    	  1.125703564727955  	  21.200750469043154
CUFF_NC.9882  	      533	  65.29080675422139   	  1.125703564727955  	  33.58348968105066
CUFF_NC.1433  	      533	  12.757973733583489  	  1.125703564727955  	  86.11632270168855
CUFF_NC.9869  	      533	  98.31144465290807   	  1.125703564727955  	   0.5628517823639775
CUFF_NC.2192  	      533	  72.98311444652909   	  1.125703564727955  	  25.89118198874296
CUFF_NC.2193  	      533	  74.671669793621     	  1.125703564727955  	  24.202626641651033
CUFF_NC.3055  	      533	  82.92682926829268   	  1.125703564727955  	  15.947467166979362
CUFF_NC.221   	      533	  78.23639774859286   	  1.125703564727955  	  20.637898686679172
CUFF_NC.2096  	      533	  76.54784240150094   	  1.125703564727955  	  22.326454033771107
CUFF_NC.9863  	      533	  98.31144465290807   	  1.125703564727955  	   0.5628517823639775
CUFF_NC.3141  	      533	  12.195121951219512  	  1.125703564727955  	  86.67917448405254
CUFF_NC.6120  	      447	  21.92393736017897   	  1.1185682326621924 	  76.95749440715883
CUFF_NC.7669  	      455	   8.35164835164835   	  1.098901098901099  	  90.54945054945055
CUFF_NC.3361  	      462	   4.761904761904762  	  1.0822510822510822 	  94.15584415584416
CUFF_NC.888   	      463	  15.982721382289416  	  1.079913606911447  	  82.93736501079914
CUFF_NC.1945  	      188	  94.14893617021278   	  1.0638297872340425 	   4.787234042553192
CUFF_NC.5246  	      285	  38.94736842105263   	  1.0526315789473684 	  60.0
CUFF_NC.3475  	      482	  97.30290456431536   	  1.0373443983402488 	   1.6597510373443984
CUFF_NC.3513  	      486	  70.98765432098766   	  1.02880658436214   	  27.983539094650205
CUFF_NC.7695  	      492	  86.58536585365853   	  1.0162601626016259 	  12.398373983739837
CUFF_NC.6276  	      496	  22.782258064516128  	  1.0080645161290323 	  76.20967741935483
CUFF_NC.1227  	      498	  41.164658634538156  	  1.0040160642570282 	  57.831325301204814
CUFF_NC.7264  	      502	  96.81274900398407   	  0.9960159362549801 	   2.1912350597609564
CUFF_NC.6214  	      505	   3.762376237623762  	  0.9900990099009901 	  95.24752475247524
CUFF_NC.10137 	      506	  57.70750988142292   	  0.9881422924901186 	  41.30434782608695
CUFF_NC.10892 	      506	  96.83794466403161   	  0.9881422924901186 	   2.1739130434782608
CUFF_NC.10254 	      306	  97.38562091503267   	  0.9803921568627451 	   1.6339869281045754
CUFF_NC.6284  	      512	  52.734375           	  0.9765625          	  46.2890625
CUFF_NC.842   	      514	  98.83268482490273   	  0.9727626459143969 	   0.19455252918287938
CUFF_NC.7653  	      103	  18.446601941747574  	  0.9708737864077669 	  80.58252427184466
CUFF_NC.4191  	      515	  82.71844660194175   	  0.9708737864077669 	  16.310679611650485
CUFF_NC.10243 	      518	  97.1042471042471    	  0.9652509652509652 	   1.9305019305019304
CUFF_NC.6297  	      519	  17.341040462427745  	  0.9633911368015413 	  81.69556840077071
CUFF_NC.7401  	      416	  10.576923076923077  	  0.9615384615384616 	  88.46153846153845
CUFF_NC.6085  	      525	  49.523809523809526  	  0.9523809523809524 	  49.523809523809526
CUFF_NC.3969  	      525	  99.04761904761905   	  0.9523809523809524 	   0.0
CUFF_NC.3078  	      526	  98.28897338403041   	  0.9505703422053232 	   0.7604562737642585
CUFF_NC.6087  	      527	  18.026565464895636  	  0.9487666034155597 	  81.02466793168881
CUFF_NC.7677  	      529	  94.89603024574669   	  0.945179584120983  	   4.158790170132325
CUFF_NC.6479  	      529	  93.76181474480151   	  0.945179584120983  	   5.293005671077505
CUFF_NC.10103 	      530	  98.49056603773585   	  0.9433962264150944 	   0.5660377358490566
CUFF_NC.8227  	      530	  64.15094339622641   	  0.9433962264150944 	  34.90566037735849
CUFF_NC.9959  	      530	  30.566037735849054  	  0.9433962264150944 	  68.49056603773585
CUFF_NC.10221 	      531	  97.74011299435028   	  0.9416195856873822 	   1.3182674199623352
CUFF_NC.8644  	      531	  82.29755178907722   	  0.9416195856873822 	  16.760828625235405
CUFF_NC.10160 	      531	  98.68173258003766   	  0.9416195856873822 	   0.3766478342749529
CUFF_NC.4681  	      532	  32.33082706766917   	  0.9398496240601504 	  66.72932330827066
CUFF_NC.2054  	      532	  84.9624060150376    	  0.9398496240601504 	  14.097744360902256
CUFF_NC.8860  	      533	  99.06191369606003   	  0.9380863039399625 	   0.0
CUFF_NC.2920  	      533	  99.06191369606003   	  0.9380863039399625 	   0.0
CUFF_NC.9879  	      533	  92.3076923076923    	  0.9380863039399625 	   6.75422138836773
CUFF_NC.9642  	      533	  98.87429643527204   	  0.9380863039399625 	   0.18761726078799248
CUFF_NC.3921  	      533	  33.02063789868668   	  0.9380863039399625 	  66.04127579737336
CUFF_NC.7822  	      533	  99.06191369606003   	  0.9380863039399625 	   0.0
CUFF_NC.7821  	      533	  99.06191369606003   	  0.9380863039399625 	   0.0
CUFF_NC.534   	      533	  99.06191369606003   	  0.9380863039399625 	   0.0
CUFF_NC.7803  	      533	  99.06191369606003   	  0.9380863039399625 	   0.0
CUFF_NC.10385 	      533	  93.24577861163228   	  0.9380863039399625 	   5.816135084427768
CUFF_NC.2131  	      533	  77.6735459662289    	  0.9380863039399625 	  21.388367729831145
CUFF_NC.3852  	      533	  76.54784240150094   	  0.9380863039399625 	  22.5140712945591
CUFF_NC.10408 	      533	  93.43339587242026   	  0.9380863039399625 	   5.628517823639775
CUFF_NC.7743  	      533	  84.9906191369606    	  0.9380863039399625 	  14.071294559099437
CUFF_NC.773   	      533	  48.96810506566604   	  0.9380863039399625 	  50.093808630394
CUFF_NC.691   	      533	  97.93621013133207   	  0.9380863039399625 	   1.125703564727955
CUFF_NC.389   	      533	  88.93058161350844   	  0.9380863039399625 	  10.131332082551594
CUFF_NC.9135  	      533	  99.06191369606003   	  0.9380863039399625 	   0.0
CUFF_NC.6894  	      533	  99.06191369606003   	  0.9380863039399625 	   0.0
CUFF_NC.2984  	      533	  99.06191369606003   	  0.9380863039399625 	   0.0
CUFF_NC.9815  	      533	  98.31144465290807   	  0.9380863039399625 	   0.7504690431519699
CUFF_NC.913   	      533	  99.06191369606003   	  0.9380863039399625 	   0.0
CUFF_NC.5516  	      533	  98.87429643527204   	  0.9380863039399625 	   0.18761726078799248
CUFF_NC.3734  	      533	  99.06191369606003   	  0.9380863039399625 	   0.0
CUFF_NC.3724  	      533	  98.31144465290807   	  0.9380863039399625 	   0.7504690431519699
CUFF_NC.3721  	      533	  59.28705440900563   	  0.9380863039399625 	  39.77485928705441
CUFF_NC.313   	      533	  99.06191369606003   	  0.9380863039399625 	   0.0
CUFF_NC.3482  	      533	  88.55534709193246   	  0.9380863039399625 	  10.506566604127581
CUFF_NC.3493  	      533	  25.328330206378986  	  0.9380863039399625 	  73.73358348968105
CUFF_NC.3138  	      533	  77.6735459662289    	  0.9380863039399625 	  21.388367729831145
CUFF_NC.2939  	      533	  99.06191369606003   	  0.9380863039399625 	   0.0
CUFF_NC.6443  	      533	  95.49718574108817   	  0.9380863039399625 	   3.564727954971857
CUFF_NC.6493  	      533	  64.54033771106941   	  0.9380863039399625 	  34.52157598499062
CUFF_NC.8803  	      533	  99.06191369606003   	  0.9380863039399625 	   0.0
CUFF_NC.5663  	      533	  12.570356472795496  	  0.9380863039399625 	  86.49155722326454
CUFF_NC.9727  	      533	  62.28893058161351   	  0.9380863039399625 	  36.772983114446525
CUFF_NC.3653  	      533	  99.06191369606003   	  0.9380863039399625 	   0.0
CUFF_NC.2865  	      533	  99.06191369606003   	  0.9380863039399625 	   0.0
CUFF_NC.4039  	      533	  99.06191369606003   	  0.9380863039399625 	   0.0
CUFF_NC.4026  	      533	  98.87429643527204   	  0.9380863039399625 	   0.18761726078799248
CUFF_NC.4006  	      533	  98.87429643527204   	  0.9380863039399625 	   0.18761726078799248
CUFF_NC.6797  	      533	  99.06191369606003   	  0.9380863039399625 	   0.0
CUFF_NC.7834  	      533	  99.06191369606003   	  0.9380863039399625 	   0.0
CUFF_NC.576   	      533	  99.06191369606003   	  0.9380863039399625 	   0.0
CUFF_NC.5809  	      533	  99.06191369606003   	  0.9380863039399625 	   0.0
CUFF_NC.4952  	      533	  99.06191369606003   	  0.9380863039399625 	   0.0
CUFF_NC.1646  	      533	  74.48405253283302   	  0.9380863039399625 	  24.577861163227016
CUFF_NC.4079  	      533	  99.06191369606003   	  0.9380863039399625 	   0.0
CUFF_NC.6951  	      533	  99.06191369606003   	  0.9380863039399625 	   0.0
CUFF_NC.9234  	      533	  99.06191369606003   	  0.9380863039399625 	   0.0
CUFF_NC.9709  	      533	  99.06191369606003   	  0.9380863039399625 	   0.0
CUFF_NC.7928  	      533	  95.1219512195122    	  0.9380863039399625 	   3.9399624765478425
CUFF_NC.2253  	      533	  89.30581613508443   	  0.9380863039399625 	   9.75609756097561
CUFF_NC.5143  	      533	  99.06191369606003   	  0.9380863039399625 	   0.0
CUFF_NC.5120  	      533	  99.06191369606003   	  0.9380863039399625 	   0.0
CUFF_NC.10386 	      533	  93.24577861163228   	  0.9380863039399625 	   5.816135084427768
CUFF_NC.10387 	      533	  93.43339587242026   	  0.9380863039399625 	   5.628517823639775
CUFF_NC.10396 	      533	  98.49906191369607   	  0.9380863039399625 	   0.5628517823639775
CUFF_NC.5193  	      533	  82.17636022514071   	  0.9380863039399625 	  16.885553470919323
CUFF_NC.7017  	      533	  99.06191369606003   	  0.9380863039399625 	   0.0
CUFF_NC.9722  	      533	  84.05253283302065   	  0.9380863039399625 	  15.0093808630394
CUFF_NC.242   	      533	  99.06191369606003   	  0.9380863039399625 	   0.0
CUFF_NC.10926 	      533	  52.72045028142589   	  0.9380863039399625 	  46.34146341463415
CUFF_NC.7847  	      533	  99.06191369606003   	  0.9380863039399625 	   0.0
CUFF_NC.10607 	      533	  99.06191369606003   	  0.9380863039399625 	   0.0
CUFF_NC.5270  	      533	  98.87429643527204   	  0.9380863039399625 	   0.18761726078799248
CUFF_NC.11279 	      533	  97.74859287054409   	  0.9380863039399625 	   1.3133208255159476
CUFF_NC.7957  	      533	  98.12382739212008   	  0.9380863039399625 	   0.9380863039399625
CUFF_NC.8056  	      533	  99.06191369606003   	  0.9380863039399625 	   0.0
CUFF_NC.8     	      533	  99.06191369606003   	  0.9380863039399625 	   0.0
CUFF_NC.8676  	      533	  98.87429643527204   	  0.9380863039399625 	   0.18761726078799248
CUFF_NC.10923 	      533	  64.72795497185741   	  0.9380863039399625 	  34.33395872420263
CUFF_NC.6714  	      533	  97.37335834896811   	  0.9380863039399625 	   1.6885553470919326
CUFF_NC.9009  	      533	  98.87429643527204   	  0.9380863039399625 	   0.18761726078799248
CUFF_NC.9006  	      533	  56.09756097560976   	  0.9380863039399625 	  42.964352720450286
CUFF_NC.10285 	      533	  98.87429643527204   	  0.9380863039399625 	   0.18761726078799248
CUFF_NC.7136  	      533	  72.04502814258912   	  0.9380863039399625 	  27.01688555347092
CUFF_NC.10432 	      533	  96.99812382739212   	  0.9380863039399625 	   2.0637898686679175
CUFF_NC.2363  	      533	  99.06191369606003   	  0.9380863039399625 	   0.0
CUFF_NC.10162 	      533	  99.06191369606003   	  0.9380863039399625 	   0.0
CUFF_NC.4890  	      533	  98.68667917448406   	  0.9380863039399625 	   0.37523452157598497
CUFF_NC.8256  	      533	  99.06191369606003   	  0.9380863039399625 	   0.0
CUFF_NC.7678  	      533	  99.06191369606003   	  0.9380863039399625 	   0.0
CUFF_NC.9772  	      533	  34.8968105065666    	  0.9380863039399625 	  64.16510318949344
CUFF_NC.4121  	      533	  82.92682926829268   	  0.9380863039399625 	  16.135084427767353
CUFF_NC.11350 	      533	  99.06191369606003   	  0.9380863039399625 	   0.0
CUFF_NC.10136 	      533	  26.82926829268293   	  0.9380863039399625 	  72.23264540337712
CUFF_NC.11432 	      533	  99.06191369606003   	  0.9380863039399625 	   0.0
CUFF_NC.9465  	      533	  99.06191369606003   	  0.9380863039399625 	   0.0
CUFF_NC.10350 	      533	  99.06191369606003   	  0.9380863039399625 	   0.0
CUFF_NC.2103  	      533	  99.06191369606003   	  0.9380863039399625 	   0.0
CUFF_NC.4196  	      533	  99.06191369606003   	  0.9380863039399625 	   0.0
CUFF_NC.11399 	      533	  99.06191369606003   	  0.9380863039399625 	   0.0
CUFF_NC.10679 	      533	  99.06191369606003   	  0.9380863039399625 	   0.0
CUFF_NC.4279  	      533	  99.06191369606003   	  0.9380863039399625 	   0.0
CUFF_NC.4829  	      533	  98.87429643527204   	  0.9380863039399625 	   0.18761726078799248
CUFF_NC.4842  	      533	  99.06191369606003   	  0.9380863039399625 	   0.0
CUFF_NC.7161  	      533	  99.06191369606003   	  0.9380863039399625 	   0.0
CUFF_NC.4788  	      533	  99.06191369606003   	  0.9380863039399625 	   0.0
CUFF_NC.1697  	      533	  99.06191369606003   	  0.9380863039399625 	   0.0
CUFF_NC.6071  	      533	  53.283302063789876  	  0.9380863039399625 	  45.77861163227016
CUFF_NC.6020  	      533	  96.06003752345215   	  0.9380863039399625 	   3.0018761726078798
CUFF_NC.6637  	      533	  69.04315196998124   	  0.9380863039399625 	  30.0187617260788
CUFF_NC.642   	      533	  99.06191369606003   	  0.9380863039399625 	   0.0
CUFF_NC.2480  	      533	  99.06191369606003   	  0.9380863039399625 	   0.0
CUFF_NC.1765  	      533	  95.30956848030019   	  0.9380863039399625 	   3.75234521575985
CUFF_NC.6311  	      533	  97.18574108818011   	  0.9380863039399625 	   1.876172607879925
CUFF_NC.7276  	      533	  98.49906191369607   	  0.9380863039399625 	   0.5628517823639775
CUFF_NC.4757  	      533	  92.3076923076923    	  0.9380863039399625 	   6.75422138836773
CUFF_NC.731   	      533	  99.06191369606003   	  0.9380863039399625 	   0.0
CUFF_NC.7622  	      533	  95.68480300187618   	  0.9380863039399625 	   3.377110694183865
CUFF_NC.9442  	      533	  97.18574108818011   	  0.9380863039399625 	   1.876172607879925
CUFF_NC.9604  	      533	  99.06191369606003   	  0.9380863039399625 	   0.0
CUFF_NC.436   	      533	  99.06191369606003   	  0.9380863039399625 	   0.0
CUFF_NC.4352  	      533	  98.87429643527204   	  0.9380863039399625 	   0.18761726078799248
CUFF_NC.8105  	      533	  96.62288930581614   	  0.9380863039399625 	   2.4390243902439024
CUFF_NC.809   	      533	  99.06191369606003   	  0.9380863039399625 	   0.0
CUFF_NC.8170  	      533	  99.06191369606003   	  0.9380863039399625 	   0.0
CUFF_NC.10116 	      533	  21.76360225140713   	  0.9380863039399625 	  77.29831144465291
CUFF_NC.7513  	      533	   3.0018761726078798 	  0.9380863039399625 	  96.06003752345215
CUFF_NC.1182  	      533	  92.87054409005628   	  0.9380863039399625 	   6.191369606003752
CUFF_NC.2517  	      533	  99.06191369606003   	  0.9380863039399625 	   0.0
CUFF_NC.2520  	      533	  88.18011257035647   	  0.9380863039399625 	  10.881801125703564
CUFF_NC.8382  	      533	  99.06191369606003   	  0.9380863039399625 	   0.0
CUFF_NC.10482 	      533	  98.31144465290807   	  0.9380863039399625 	   0.7504690431519699
CUFF_NC.4421  	      533	  99.06191369606003   	  0.9380863039399625 	   0.0
CUFF_NC.10450 	      533	  99.06191369606003   	  0.9380863039399625 	   0.0
CUFF_NC.452   	      533	  99.06191369606003   	  0.9380863039399625 	   0.0
CUFF_NC.2741  	      533	  99.06191369606003   	  0.9380863039399625 	   0.0
CUFF_NC.4524  	      533	  98.49906191369607   	  0.9380863039399625 	   0.5628517823639775
CUFF_NC.9943  	      533	  19.136960600375236  	  0.9380863039399625 	  79.9249530956848
CUFF_NC.9591  	      432	  16.666666666666664  	  0.9259259259259258 	  82.4074074074074
CUFF_NC.10591 	      434	  90.55299539170507   	  0.9216589861751152 	   8.525345622119817
CUFF_NC.3203  	      329	  20.66869300911854   	  0.911854103343465  	  78.419452887538
CUFF_NC.7520  	      441	   7.936507936507936  	  0.9070294784580499 	  91.15646258503402
CUFF_NC.7366  	      442	  10.633484162895927  	  0.904977375565611  	  88.46153846153845
CUFF_NC.4671  	      340	  42.94117647058823   	  0.8823529411764706 	  56.1764705882353
CUFF_NC.6232  	      470	   3.404255319148936  	  0.851063829787234  	  95.74468085106383
CUFF_NC.3100  	      357	  37.53501400560224   	  0.8403361344537815 	  61.62464985994398
CUFF_NC.2194  	      499	  95.79158316633266   	  0.8016032064128256 	   3.406813627254509
CUFF_NC.6513  	      252	  51.587301587301596  	  0.7936507936507936 	  47.61904761904761
CUFF_NC.777   	      505	  12.475247524752476  	  0.7920792079207921 	  86.73267326732673
CUFF_NC.4568  	      256	  59.765625           	  0.78125            	  39.453125
CUFF_NC.7635  	      513	  23.976608187134502  	  0.7797270955165692 	  75.24366471734892
CUFF_NC.3180  	      514	  44.3579766536965    	  0.7782101167315175 	  54.86381322957199
CUFF_NC.2090  	      515	  87.18446601941747   	  0.7766990291262136 	  12.03883495145631
CUFF_NC.9816  	      516	  81.3953488372093    	  0.7751937984496124 	  17.829457364341085
CUFF_NC.1917  	      517	  54.73887814313346   	  0.7736943907156674 	  44.48742746615087
CUFF_NC.6365  	      518	  91.5057915057915    	  0.7722007722007722 	   7.722007722007722
CUFF_NC.10912 	      521	  21.30518234165067   	  0.7677543186180422 	  77.92706333973129
CUFF_NC.7485  	      521	  19.001919385796544  	  0.7677543186180422 	  80.23032629558541
CUFF_NC.3290  	      521	  18.426103646833013  	  0.7677543186180422 	  80.80614203454894
CUFF_NC.7342  	      391	  98.20971867007673   	  0.7672634271099744 	   1.0230179028132993
CUFF_NC.3458  	      522	  38.50574712643678   	  0.7662835249042145 	  60.727969348659
CUFF_NC.10335 	      524	  24.427480916030532  	  0.7633587786259541 	  74.80916030534351
CUFF_NC.7896  	      262	  95.80152671755725   	  0.7633587786259541 	   3.435114503816794
CUFF_NC.7424  	      524	  79.19847328244275   	  0.7633587786259541 	  20.0381679389313
CUFF_NC.3381  	      525	  25.9047619047619    	  0.7619047619047619 	  73.33333333333333
CUFF_NC.1735  	      525	  97.14285714285714   	  0.7619047619047619 	   2.0952380952380953
CUFF_NC.1275  	      525	  76.0                	  0.7619047619047619 	  23.238095238095237
CUFF_NC.10547 	      525	  99.04761904761905   	  0.7619047619047619 	   0.19047619047619047
CUFF_NC.6146  	      526	  11.406844106463879  	  0.7604562737642585 	  87.83269961977186
CUFF_NC.6435  	      263	  84.79087452471484   	  0.7604562737642585 	  14.44866920152091
CUFF_NC.10454 	      526	  78.51711026615969   	  0.7604562737642585 	  20.722433460076044
CUFF_NC.7621  	      527	  84.62998102466793   	  0.7590132827324478 	  14.61100569259962
CUFF_NC.7698  	      529	  92.81663516068053   	  0.7561436672967864 	   6.427221172022684
CUFF_NC.10660 	      530	  98.86792452830188   	  0.7547169811320755 	   0.37735849056603776
CUFF_NC.6324  	      530	  80.9433962264151    	  0.7547169811320755 	  18.30188679245283
CUFF_NC.2961  	      530	   6.037735849056604  	  0.7547169811320755 	  93.20754716981132
CUFF_NC.7190  	      530	   1.1320754716981132 	  0.7547169811320755 	  98.11320754716981
CUFF_NC.2160  	      531	  80.0376647834275    	  0.7532956685499058 	  19.2090395480226
CUFF_NC.1356  	      531	  77.21280602636534   	  0.7532956685499058 	  22.033898305084744
CUFF_NC.2159  	      531	  80.0376647834275    	  0.7532956685499058 	  19.2090395480226
CUFF_NC.3109  	      531	  18.455743879472696  	  0.7532956685499058 	  80.7909604519774
CUFF_NC.2922  	      531	   3.0131826741996233 	  0.7532956685499058 	  96.23352165725048
CUFF_NC.9957  	      531	   8.662900188323917  	  0.7532956685499058 	  90.58380414312617
CUFF_NC.7808  	      531	  14.500941619585687  	  0.7532956685499058 	  84.7457627118644
CUFF_NC.1244  	      532	  99.24812030075188   	  0.7518796992481203 	   0.0
CUFF_NC.3105  	      532	  22.74436090225564   	  0.7518796992481203 	  76.50375939849624
CUFF_NC.9670  	      532	  98.87218045112782   	  0.7518796992481203 	   0.37593984962406013
CUFF_NC.2292  	      532	  97.93233082706767   	  0.7518796992481203 	   1.3157894736842104
CUFF_NC.11180 	      532	  99.24812030075188   	  0.7518796992481203 	   0.0
CUFF_NC.10214 	      532	  37.40601503759399   	  0.7518796992481203 	  61.8421052631579
CUFF_NC.6559  	      532	  71.80451127819549   	  0.7518796992481203 	  27.44360902255639
CUFF_NC.10159 	      532	  85.90225563909775   	  0.7518796992481203 	  13.345864661654137
CUFF_NC.96    	      532	  10.902255639097744  	  0.7518796992481203 	  88.34586466165413
CUFF_NC.7430  	      532	  94.73684210526315   	  0.7518796992481203 	   4.511278195488721
CUFF_NC.9915  	      533	  17.636022514071296  	  0.7504690431519699 	  81.61350844277673
CUFF_NC.2957  	      533	  84.24015009380864   	  0.7504690431519699 	  15.0093808630394
CUFF_NC.1911  	      533	  97.74859287054409   	  0.7504690431519699 	   1.5009380863039399
CUFF_NC.9835  	      533	  45.96622889305816   	  0.7504690431519699 	  53.283302063789876
CUFF_NC.8128  	      533	  99.24953095684803   	  0.7504690431519699 	   0.0
CUFF_NC.9905  	      533	   4.50281425891182   	  0.7504690431519699 	  94.74671669793621
CUFF_NC.2983  	      533	  99.24953095684803   	  0.7504690431519699 	   0.0
CUFF_NC.8130  	      533	  48.21763602251407   	  0.7504690431519699 	  51.031894934333955
CUFF_NC.7421  	      533	  97.74859287054409   	  0.7504690431519699 	   1.5009380863039399
CUFF_NC.9824  	      533	  99.24953095684803   	  0.7504690431519699 	   0.0
CUFF_NC.189   	      533	  99.24953095684803   	  0.7504690431519699 	   0.0
CUFF_NC.1259  	      533	  86.49155722326454   	  0.7504690431519699 	  12.757973733583489
CUFF_NC.4567  	      533	  60.22514071294559   	  0.7504690431519699 	  39.02439024390244
CUFF_NC.4545  	      533	  99.24953095684803   	  0.7504690431519699 	   0.0
CUFF_NC.1206  	      533	  99.24953095684803   	  0.7504690431519699 	   0.0
CUFF_NC.2348  	      533	  98.87429643527204   	  0.7504690431519699 	   0.37523452157598497
CUFF_NC.7643  	      533	  99.24953095684803   	  0.7504690431519699 	   0.0
CUFF_NC.4343  	      533	  99.24953095684803   	  0.7504690431519699 	   0.0
CUFF_NC.9568  	      533	  99.24953095684803   	  0.7504690431519699 	   0.0
CUFF_NC.118   	      533	  99.24953095684803   	  0.7504690431519699 	   0.0
CUFF_NC.4412  	      533	  99.24953095684803   	  0.7504690431519699 	   0.0
CUFF_NC.1813  	      533	  99.24953095684803   	  0.7504690431519699 	   0.0
CUFF_NC.1248  	      533	  99.24953095684803   	  0.7504690431519699 	   0.0
CUFF_NC.7419  	      533	  55.72232645403376   	  0.7504690431519699 	  43.52720450281426
CUFF_NC.718   	      533	  98.87429643527204   	  0.7504690431519699 	   0.37523452157598497
CUFF_NC.7194  	      533	  99.24953095684803   	  0.7504690431519699 	   0.0
CUFF_NC.7261  	      533	  99.24953095684803   	  0.7504690431519699 	   0.0
CUFF_NC.1137  	      533	  99.24953095684803   	  0.7504690431519699 	   0.0
CUFF_NC.5107  	      533	  99.24953095684803   	  0.7504690431519699 	   0.0
CUFF_NC.11368 	      533	  99.24953095684803   	  0.7504690431519699 	   0.0
CUFF_NC.7726  	      533	  70.54409005628519   	  0.7504690431519699 	  28.705440900562852
CUFF_NC.4161  	      533	  99.24953095684803   	  0.7504690431519699 	   0.0
CUFF_NC.2679  	      533	  99.24953095684803   	  0.7504690431519699 	   0.0
CUFF_NC.2296  	      533	  98.87429643527204   	  0.7504690431519699 	   0.37523452157598497
CUFF_NC.7692  	      533	  97.74859287054409   	  0.7504690431519699 	   1.5009380863039399
CUFF_NC.8252  	      533	  81.61350844277673   	  0.7504690431519699 	  17.636022514071296
CUFF_NC.8480  	      533	  99.24953095684803   	  0.7504690431519699 	   0.0
CUFF_NC.935   	      533	  99.24953095684803   	  0.7504690431519699 	   0.0
CUFF_NC.7323  	      533	  67.3545966228893    	  0.7504690431519699 	  31.894934333958723
CUFF_NC.8569  	      533	  99.06191369606003   	  0.7504690431519699 	   0.18761726078799248
CUFF_NC.4273  	      533	  99.24953095684803   	  0.7504690431519699 	   0.0
CUFF_NC.2788  	      533	  52.34521575984991   	  0.7504690431519699 	  46.90431519699813
CUFF_NC.4802  	      533	  99.24953095684803   	  0.7504690431519699 	   0.0
CUFF_NC.4759  	      533	  34.52157598499062   	  0.7504690431519699 	  64.72795497185741
CUFF_NC.4803  	      533	  99.24953095684803   	  0.7504690431519699 	   0.0
CUFF_NC.11417 	      533	  28.330206378986865  	  0.7504690431519699 	  70.91932457786116
CUFF_NC.10491 	      533	  99.24953095684803   	  0.7504690431519699 	   0.0
CUFF_NC.4855  	      533	  99.24953095684803   	  0.7504690431519699 	   0.0
CUFF_NC.4298  	      533	  98.87429643527204   	  0.7504690431519699 	   0.37523452157598497
CUFF_NC.427   	      533	  99.24953095684803   	  0.7504690431519699 	   0.0
CUFF_NC.4240  	      533	  99.24953095684803   	  0.7504690431519699 	   0.0
CUFF_NC.10762 	      533	  86.86679174484053   	  0.7504690431519699 	  12.382739212007504
CUFF_NC.1147  	      533	  36.96060037523452   	  0.7504690431519699 	  62.28893058161351
CUFF_NC.10104 	      533	  99.24953095684803   	  0.7504690431519699 	   0.0
CUFF_NC.1185  	      533	  99.24953095684803   	  0.7504690431519699 	   0.0
CUFF_NC.1277  	      533	   9.75609756097561   	  0.7504690431519699 	  89.49343339587243
CUFF_NC.7007  	      533	  99.06191369606003   	  0.7504690431519699 	   0.18761726078799248
CUFF_NC.8621  	      533	  99.24953095684803   	  0.7504690431519699 	   0.0
CUFF_NC.8634  	      533	  99.24953095684803   	  0.7504690431519699 	   0.0
CUFF_NC.3902  	      533	  99.24953095684803   	  0.7504690431519699 	   0.0
CUFF_NC.3881  	      533	  99.24953095684803   	  0.7504690431519699 	   0.0
CUFF_NC.3853  	      533	  77.4859287054409    	  0.7504690431519699 	  21.76360225140713
CUFF_NC.3842  	      533	  96.43527204502814   	  0.7504690431519699 	   2.8142589118198873
CUFF_NC.7000  	      533	  99.24953095684803   	  0.7504690431519699 	   0.0
CUFF_NC.3840  	      533	  89.6810506566604    	  0.7504690431519699 	   9.568480300187618
CUFF_NC.3821  	      533	  99.24953095684803   	  0.7504690431519699 	   0.0
CUFF_NC.5623  	      533	  95.49718574108817   	  0.7504690431519699 	   3.75234521575985
CUFF_NC.972   	      533	  95.30956848030019   	  0.7504690431519699 	   3.9399624765478425
CUFF_NC.10184 	      533	  27.01688555347092   	  0.7504690431519699 	  72.23264540337712
CUFF_NC.7029  	      533	  36.210131332082554  	  0.7504690431519699 	  63.03939962476548
CUFF_NC.10188 	      533	  99.24953095684803   	  0.7504690431519699 	   0.0
CUFF_NC.7018  	      533	  99.06191369606003   	  0.7504690431519699 	   0.18761726078799248
CUFF_NC.9189  	      533	  99.24953095684803   	  0.7504690431519699 	   0.0
CUFF_NC.5170  	      533	  99.24953095684803   	  0.7504690431519699 	   0.0
CUFF_NC.9242  	      533	  99.24953095684803   	  0.7504690431519699 	   0.0
CUFF_NC.5310  	      533	  99.24953095684803   	  0.7504690431519699 	   0.0
CUFF_NC.7065  	      533	  99.24953095684803   	  0.7504690431519699 	   0.0
CUFF_NC.9706  	      533	  98.31144465290807   	  0.7504690431519699 	   0.9380863039399625
CUFF_NC.9653  	      533	  99.24953095684803   	  0.7504690431519699 	   0.0
CUFF_NC.11277 	      533	  99.06191369606003   	  0.7504690431519699 	   0.18761726078799248
CUFF_NC.3941  	      533	  48.78048780487805   	  0.7504690431519699 	  50.469043151969984
CUFF_NC.1666  	      533	  99.24953095684803   	  0.7504690431519699 	   0.0
CUFF_NC.5385  	      533	  99.24953095684803   	  0.7504690431519699 	   0.0
CUFF_NC.1126  	      533	  86.11632270168855   	  0.7504690431519699 	  13.133208255159476
CUFF_NC.2026  	      533	  97.93621013133207   	  0.7504690431519699 	   1.3133208255159476
CUFF_NC.10654 	      533	  99.24953095684803   	  0.7504690431519699 	   0.0
CUFF_NC.3976  	      533	  70.73170731707317   	  0.7504690431519699 	  28.517823639774857
CUFF_NC.4073  	      533	  99.24953095684803   	  0.7504690431519699 	   0.0
CUFF_NC.168   	      533	  35.0844277673546    	  0.7504690431519699 	  64.16510318949344
CUFF_NC.5800  	      533	  99.06191369606003   	  0.7504690431519699 	   0.18761726078799248
CUFF_NC.10856 	      533	  81.05065666041276   	  0.7504690431519699 	  18.19887429643527
CUFF_NC.2426  	      533	  99.24953095684803   	  0.7504690431519699 	   0.0
CUFF_NC.6923  	      533	  99.24953095684803   	  0.7504690431519699 	   0.0
CUFF_NC.6933  	      533	  99.24953095684803   	  0.7504690431519699 	   0.0
CUFF_NC.9035  	      533	  93.43339587242026   	  0.7504690431519699 	   5.816135084427768
CUFF_NC.8756  	      533	  71.48217636022514   	  0.7504690431519699 	  27.76735459662289
CUFF_NC.10632 	      533	  99.06191369606003   	  0.7504690431519699 	   0.18761726078799248
CUFF_NC.7848  	      533	  68.29268292682927   	  0.7504690431519699 	  30.95684803001876
CUFF_NC.10604 	      533	  97.93621013133207   	  0.7504690431519699 	   1.3133208255159476
CUFF_NC.2239  	      533	  99.24953095684803   	  0.7504690431519699 	   0.0
CUFF_NC.2857  	      533	  99.24953095684803   	  0.7504690431519699 	   0.0
CUFF_NC.5523  	      533	  87.8048780487805    	  0.7504690431519699 	  11.44465290806754
CUFF_NC.5573  	      533	  99.24953095684803   	  0.7504690431519699 	   0.0
CUFF_NC.9110  	      533	  99.24953095684803   	  0.7504690431519699 	   0.0
CUFF_NC.3893  	      533	  96.81050656660413   	  0.7504690431519699 	   2.4390243902439024
CUFF_NC.9128  	      533	  99.24953095684803   	  0.7504690431519699 	   0.0
CUFF_NC.187   	      533	  99.24953095684803   	  0.7504690431519699 	   0.0
CUFF_NC.5621  	      533	  64.35272045028142   	  0.7504690431519699 	  34.8968105065666
CUFF_NC.378   	      533	  99.24953095684803   	  0.7504690431519699 	   0.0
CUFF_NC.1090  	      533	  99.06191369606003   	  0.7504690431519699 	   0.18761726078799248
CUFF_NC.1723  	      533	  99.24953095684803   	  0.7504690431519699 	   0.0
CUFF_NC.5731  	      533	  32.08255159474672   	  0.7504690431519699 	  67.16697936210132
CUFF_NC.9774  	      533	  32.270168855534706  	  0.7504690431519699 	  66.97936210131333
CUFF_NC.2881  	      533	  99.24953095684803   	  0.7504690431519699 	   0.0
CUFF_NC.10558 	      533	  55.1594746716698    	  0.7504690431519699 	  44.090056285178235
CUFF_NC.8724  	      533	  99.24953095684803   	  0.7504690431519699 	   0.0
CUFF_NC.9016  	      533	  99.24953095684803   	  0.7504690431519699 	   0.0
CUFF_NC.1939  	      533	  97.37335834896811   	  0.7504690431519699 	   1.876172607879925
CUFF_NC.9786  	      533	   7.317073170731707  	  0.7504690431519699 	  91.93245778611632
CUFF_NC.5729  	      533	  42.964352720450286  	  0.7504690431519699 	  56.28517823639775
CUFF_NC.10940 	      533	  99.24953095684803   	  0.7504690431519699 	   0.0
CUFF_NC.11059 	      533	  99.24953095684803   	  0.7504690431519699 	   0.0
CUFF_NC.2529  	      533	  99.24953095684803   	  0.7504690431519699 	   0.0
CUFF_NC.3520  	      533	  89.8686679174484    	  0.7504690431519699 	   9.380863039399625
CUFF_NC.3598  	      533	  99.24953095684803   	  0.7504690431519699 	   0.0
CUFF_NC.3601  	      533	  99.24953095684803   	  0.7504690431519699 	   0.0
CUFF_NC.7958  	      533	  99.24953095684803   	  0.7504690431519699 	   0.0
CUFF_NC.10347 	      533	  99.24953095684803   	  0.7504690431519699 	   0.0
CUFF_NC.1096  	      533	  99.06191369606003   	  0.7504690431519699 	   0.18761726078799248
CUFF_NC.5945  	      533	  99.24953095684803   	  0.7504690431519699 	   0.0
CUFF_NC.6001  	      533	  18.94934333958724   	  0.7504690431519699 	  80.30018761726079
CUFF_NC.8946  	      533	  99.24953095684803   	  0.7504690431519699 	   0.0
CUFF_NC.5865  	      533	  99.24953095684803   	  0.7504690431519699 	   0.0
CUFF_NC.8991  	      533	  99.24953095684803   	  0.7504690431519699 	   0.0
CUFF_NC.10284 	      533	  99.06191369606003   	  0.7504690431519699 	   0.18761726078799248
CUFF_NC.10279 	      533	  43.52720450281426   	  0.7504690431519699 	  55.72232645403376
CUFF_NC.10322 	      533	  94.18386491557223   	  0.7504690431519699 	   5.065666041275797
CUFF_NC.8809  	      533	  99.24953095684803   	  0.7504690431519699 	   0.0
CUFF_NC.8827  	      533	  99.06191369606003   	  0.7504690431519699 	   0.18761726078799248
CUFF_NC.3491  	      533	  99.24953095684803   	  0.7504690431519699 	   0.0
CUFF_NC.346   	      533	  99.24953095684803   	  0.7504690431519699 	   0.0
CUFF_NC.821   	      533	  99.24953095684803   	  0.7504690431519699 	   0.0
CUFF_NC.1596  	      533	  99.24953095684803   	  0.7504690431519699 	   0.0
CUFF_NC.3505  	      533	  98.87429643527204   	  0.7504690431519699 	   0.37523452157598497
CUFF_NC.6635  	      533	  99.06191369606003   	  0.7504690431519699 	   0.18761726078799248
CUFF_NC.6579  	      533	  90.99437148217636   	  0.7504690431519699 	   8.25515947467167
CUFF_NC.10522 	      533	  39.39962476547842   	  0.7504690431519699 	  59.849906191369605
CUFF_NC.1522  	      533	  17.26078799249531   	  0.7504690431519699 	  81.98874296435272
CUFF_NC.220   	      533	  24.765478424015008  	  0.7504690431519699 	  74.48405253283302
CUFF_NC.156   	      533	  99.24953095684803   	  0.7504690431519699 	   0.0
CUFF_NC.9983  	      533	  62.6641651031895    	  0.7504690431519699 	  36.58536585365854
CUFF_NC.9962  	      533	  15.947467166979362  	  0.7504690431519699 	  83.30206378986867
CUFF_NC.8230  	      407	  75.67567567567568   	  0.7371007371007371 	  23.587223587223587
CUFF_NC.6172  	      279	  93.1899641577061    	  0.7168458781362007 	   6.093189964157706
CUFF_NC.6273  	      420	  35.23809523809524   	  0.7142857142857143 	  64.04761904761904
CUFF_NC.3478  	      420	  32.857142857142854  	  0.7142857142857143 	  66.42857142857143
CUFF_NC.3382  	      423	  21.04018912529551   	  0.7092198581560284 	  78.25059101654847
CUFF_NC.818   	      286	  30.76923076923077   	  0.6993006993006993 	  68.53146853146853
CUFF_NC.6434  	      288	  84.72222222222221   	  0.6944444444444444 	  14.583333333333334
CUFF_NC.6174  	      290	  40.689655172413794  	  0.6896551724137931 	  58.620689655172406
CUFF_NC.3316  	      443	  37.020316027088036  	  0.6772009029345373 	  62.30248306997742
CUFF_NC.6227  	      445	   8.089887640449438  	  0.6741573033707865 	  91.23595505617978
CUFF_NC.7527  	      446	  17.937219730941703  	  0.672645739910314  	  81.39013452914799
CUFF_NC.1395  	      303	  33.663366336633665  	  0.6600660066006601 	  65.67656765676567
CUFF_NC.6052  	      304	  49.67105263157895   	  0.6578947368421052 	  49.67105263157895
CUFF_NC.6156  	      460	  46.30434782608695   	  0.6521739130434783 	  53.04347826086957
CUFF_NC.3448  	      462	  25.324675324675322  	  0.6493506493506493 	  74.02597402597402
CUFF_NC.8094  	      310	  99.03225806451613   	  0.6451612903225806 	   0.3225806451612903
CUFF_NC.8156  	      465	  96.55913978494624   	  0.6451612903225806 	   2.795698924731183
CUFF_NC.10459 	      477	  55.13626834381551   	  0.628930817610063  	  44.23480083857442
CUFF_NC.6389  	      477	  99.16142557651992   	  0.628930817610063  	   0.20964360587002098
CUFF_NC.4116  	      479	  31.315240083507305  	  0.6263048016701461 	  68.05845511482255
CUFF_NC.3093  	      485	  98.55670103092784   	  0.6185567010309279 	   0.8247422680412372
CUFF_NC.5962  	      489	   6.5439672801636    	  0.6134969325153374 	  92.84253578732107
CUFF_NC.6216  	      492	   7.113821138211382  	  0.6097560975609756 	  92.27642276422763
CUFF_NC.6254  	      493	  33.874239350912774  	  0.6085192697768762 	  65.51724137931035
CUFF_NC.3025  	      494	  54.8582995951417    	  0.6072874493927125 	  44.534412955465584
CUFF_NC.10389 	      498	  93.97590361445783   	  0.6024096385542169 	   5.421686746987952
CUFF_NC.7820  	      501	  12.974051896207584  	  0.5988023952095809 	  86.42714570858283
CUFF_NC.6604  	      505	  23.16831683168317   	  0.594059405940594  	  76.23762376237624
CUFF_NC.1335  	      505	   8.514851485148515  	  0.594059405940594  	  90.89108910891089
CUFF_NC.1230  	      505	  88.71287128712872   	  0.594059405940594  	  10.693069306930694
CUFF_NC.1953  	      505	  56.43564356435643   	  0.594059405940594  	  42.97029702970297
CUFF_NC.5949  	      506	  33.99209486166008   	  0.592885375494071  	  65.41501976284584
CUFF_NC.2201  	      507	  98.61932938856016   	  0.591715976331361  	   0.7889546351084813
CUFF_NC.730   	      508	   1.968503937007874  	  0.5905511811023622 	  97.44094488188976
CUFF_NC.6092  	      509	  13.555992141453832  	  0.5893909626719057 	  85.85461689587426
CUFF_NC.3355  	      510	  44.90196078431373   	  0.5882352941176471 	  54.509803921568626
CUFF_NC.2154  	      510	  98.62745098039215   	  0.5882352941176471 	   0.7843137254901961
CUFF_NC.6699  	      510	   6.470588235294119  	  0.5882352941176471 	  92.94117647058823
CUFF_NC.6004  	      511	  14.87279843444227   	  0.5870841487279843 	  84.54011741682974
CUFF_NC.3509  	      342	  35.67251461988304   	  0.5847953216374269 	  63.74269005847953
CUFF_NC.2052  	      171	  46.198830409356724  	  0.5847953216374269 	  53.216374269005854
CUFF_NC.11175 	      342	  98.53801169590643   	  0.5847953216374269 	   0.8771929824561403
CUFF_NC.10544 	      516	  98.64341085271317   	  0.5813953488372093 	   0.7751937984496124
CUFF_NC.6460  	      517	  30.36750483558994   	  0.5802707930367506 	  69.0522243713733
CUFF_NC.1578  	      518	  40.92664092664093   	  0.5791505791505791 	  58.4942084942085
CUFF_NC.6459  	      519	  30.2504816955684    	  0.5780346820809248 	  69.17148362235068
CUFF_NC.6226  	      519	   2.8901734104046244 	  0.5780346820809248 	  96.53179190751445
CUFF_NC.6122  	      520	   3.4615384615384617 	  0.576923076923077  	  95.96153846153847
CUFF_NC.1566  	      520	   1.7307692307692308 	  0.576923076923077  	  97.6923076923077
CUFF_NC.7683  	      521	  52.01535508637236   	  0.5758157389635317 	  47.408829174664106
CUFF_NC.1736  	      521	  61.99616122840691   	  0.5758157389635317 	  37.42802303262956
CUFF_NC.3765  	      174	  11.494252873563218  	  0.5747126436781609 	  87.93103448275862
CUFF_NC.6345  	      522	  11.494252873563218  	  0.5747126436781609 	  87.93103448275862
CUFF_NC.6252  	      523	   3.2504780114722758 	  0.5736137667304015 	  96.17590822179733
CUFF_NC.2005  	      523	  93.30783938814533   	  0.5736137667304015 	   6.118546845124283
CUFF_NC.10269 	      523	  90.05736137667304   	  0.5736137667304015 	   9.369024856596559
CUFF_NC.1565  	      523	  73.80497131931166   	  0.5736137667304015 	  25.621414913957935
CUFF_NC.8234  	      524	  68.12977099236642   	  0.5725190839694656 	  31.297709923664126
CUFF_NC.10144 	      524	  98.09160305343512   	  0.5725190839694656 	   1.3358778625954197
CUFF_NC.6489  	      524	  96.56488549618321   	  0.5725190839694656 	   2.8625954198473282
CUFF_NC.179   	      525	  99.42857142857143   	  0.5714285714285714 	   0.0
CUFF_NC.6344  	      525	  12.0                	  0.5714285714285714 	  87.42857142857143
CUFF_NC.6359  	      526	  21.673003802281368  	  0.5703422053231939 	  77.75665399239544
CUFF_NC.6263  	      526	  34.98098859315589   	  0.5703422053231939 	  64.44866920152091
CUFF_NC.8251  	      526	  99.42965779467681   	  0.5703422053231939 	   0.0
CUFF_NC.6091  	      527	  93.54838709677419   	  0.5692599620493358 	   5.88235294117647
CUFF_NC.5989  	      527	  50.47438330170778   	  0.5692599620493358 	  48.95635673624288
CUFF_NC.9919  	      528	   3.787878787878788  	  0.5681818181818182 	  95.64393939393939
CUFF_NC.7310  	      528	  97.91666666666666   	  0.5681818181818182 	   1.5151515151515151
CUFF_NC.7516  	      528	  10.606060606060606  	  0.5681818181818182 	  88.82575757575758
CUFF_NC.10498 	      529	   3.780718336483932  	  0.5671077504725899 	  95.65217391304348
CUFF_NC.6474  	      529	  26.84310018903592   	  0.5671077504725899 	  72.5897920604915
CUFF_NC.6347  	      530	  42.26415094339623   	  0.5660377358490566 	  57.16981132075472
CUFF_NC.3391  	      530	  46.9811320754717    	  0.5660377358490566 	  52.45283018867924
CUFF_NC.1665  	      530	  73.0188679245283    	  0.5660377358490566 	  26.41509433962264
CUFF_NC.7094  	      530	  35.471698113207545  	  0.5660377358490566 	  63.96226415094339
CUFF_NC.9931  	      530	  11.88679245283019   	  0.5660377358490566 	  87.54716981132076
CUFF_NC.6405  	      531	  23.91713747645951   	  0.5649717514124294 	  75.51789077212806
CUFF_NC.3427  	      531	  10.546139359698682  	  0.5649717514124294 	  88.88888888888889
CUFF_NC.1664  	      531	  73.06967984934086   	  0.5649717514124294 	  26.365348399246702
CUFF_NC.3128  	      531	  30.508474576271187  	  0.5649717514124294 	  68.92655367231639
CUFF_NC.1583  	      531	  97.74011299435028   	  0.5649717514124294 	   1.694915254237288
CUFF_NC.4138  	      532	  99.24812030075188   	  0.5639097744360901 	   0.18796992481203006
CUFF_NC.2162  	      532	  85.52631578947368   	  0.5639097744360901 	  13.909774436090224
CUFF_NC.11191 	      532	  99.43609022556392   	  0.5639097744360901 	   0.0
CUFF_NC.3452  	      532	  95.67669172932331   	  0.5639097744360901 	   3.7593984962406015
CUFF_NC.4132  	      532	  99.43609022556392   	  0.5639097744360901 	   0.0
CUFF_NC.4175  	      532	  24.24812030075188   	  0.5639097744360901 	  75.18796992481202
CUFF_NC.3487  	      532	  56.20300751879699   	  0.5639097744360901 	  43.233082706766915
CUFF_NC.2161  	      532	  81.39097744360903   	  0.5639097744360901 	  18.045112781954884
CUFF_NC.6270  	      532	  98.49624060150376   	  0.5639097744360901 	   0.9398496240601504
CUFF_NC.2811  	      532	  99.24812030075188   	  0.5639097744360901 	   0.18796992481203006
CUFF_NC.7670  	      532	  37.59398496240601   	  0.5639097744360901 	  61.8421052631579
CUFF_NC.1246  	      532	  27.631578947368425  	  0.5639097744360901 	  71.80451127819549
CUFF_NC.2973  	      532	  11.842105263157894  	  0.5639097744360901 	  87.59398496240601
CUFF_NC.10996 	      532	  77.44360902255639   	  0.5639097744360901 	  21.992481203007518
CUFF_NC.9770  	      532	  83.0827067669173    	  0.5639097744360901 	  16.35338345864662
CUFF_NC.1602  	      532	  99.24812030075188   	  0.5639097744360901 	   0.18796992481203006
CUFF_NC.1080  	      532	  82.5187969924812    	  0.5639097744360901 	  16.917293233082706
CUFF_NC.3758  	      533	  99.43714821763602   	  0.5628517823639775 	   0.0
CUFF_NC.5959  	      533	  99.06191369606003   	  0.5628517823639775 	   0.37523452157598497
CUFF_NC.10273 	      533	  99.43714821763602   	  0.5628517823639775 	   0.0
CUFF_NC.9063  	      533	  99.43714821763602   	  0.5628517823639775 	   0.0
CUFF_NC.1599  	      533	  81.42589118198875   	  0.5628517823639775 	  18.01125703564728
CUFF_NC.9315  	      533	  99.43714821763602   	  0.5628517823639775 	   0.0
CUFF_NC.591   	      533	  99.24953095684803   	  0.5628517823639775 	   0.18761726078799248
CUFF_NC.475   	      533	  99.43714821763602   	  0.5628517823639775 	   0.0
CUFF_NC.4762  	      533	  99.43714821763602   	  0.5628517823639775 	   0.0
CUFF_NC.4706  	      533	  99.24953095684803   	  0.5628517823639775 	   0.18761726078799248
CUFF_NC.471   	      533	  99.43714821763602   	  0.5628517823639775 	   0.0
CUFF_NC.268   	      533	  99.43714821763602   	  0.5628517823639775 	   0.0
CUFF_NC.3654  	      533	  99.43714821763602   	  0.5628517823639775 	   0.0
CUFF_NC.3658  	      533	  99.43714821763602   	  0.5628517823639775 	   0.0
CUFF_NC.4521  	      533	  99.43714821763602   	  0.5628517823639775 	   0.0
CUFF_NC.1210  	      533	  99.43714821763602   	  0.5628517823639775 	   0.0
CUFF_NC.3860  	      533	  99.43714821763602   	  0.5628517823639775 	   0.0
CUFF_NC.191   	      533	  98.87429643527204   	  0.5628517823639775 	   0.5628517823639775
CUFF_NC.10643 	      533	  99.43714821763602   	  0.5628517823639775 	   0.0
CUFF_NC.7780  	      533	  99.24953095684803   	  0.5628517823639775 	   0.18761726078799248
CUFF_NC.1918  	      533	  99.43714821763602   	  0.5628517823639775 	   0.0
CUFF_NC.2980  	      533	  85.36585365853658   	  0.5628517823639775 	  14.071294559099437
CUFF_NC.2963  	      533	  64.54033771106941   	  0.5628517823639775 	  34.8968105065666
CUFF_NC.58    	      533	  99.24953095684803   	  0.5628517823639775 	   0.18761726078799248
CUFF_NC.1916  	      533	  99.43714821763602   	  0.5628517823639775 	   0.0
CUFF_NC.3489  	      533	  27.954971857410882  	  0.5628517823639775 	  71.48217636022514
CUFF_NC.3490  	      533	  30.393996247654787  	  0.5628517823639775 	  69.04315196998124
CUFF_NC.10289 	      533	  96.24765478424015   	  0.5628517823639775 	   3.189493433395872
CUFF_NC.2076  	      533	  99.24953095684803   	  0.5628517823639775 	   0.18761726078799248
CUFF_NC.10242 	      533	  95.30956848030019   	  0.5628517823639775 	   4.127579737335835
CUFF_NC.9783  	      533	  99.43714821763602   	  0.5628517823639775 	   0.0
CUFF_NC.3917  	      533	  97.93621013133207   	  0.5628517823639775 	   1.5009380863039399
CUFF_NC.1571  	      533	  64.72795497185741   	  0.5628517823639775 	  34.709193245778614
CUFF_NC.4306  	      533	  99.24953095684803   	  0.5628517823639775 	   0.18761726078799248
CUFF_NC.1264  	      533	  99.43714821763602   	  0.5628517823639775 	   0.0
CUFF_NC.4332  	      533	  99.43714821763602   	  0.5628517823639775 	   0.0
CUFF_NC.363   	      533	  99.43714821763602   	  0.5628517823639775 	   0.0
CUFF_NC.1827  	      533	  99.43714821763602   	  0.5628517823639775 	   0.0
CUFF_NC.3414  	      533	  99.24953095684803   	  0.5628517823639775 	   0.18761726078799248
CUFF_NC.1701  	      533	  39.587242026266416  	  0.5628517823639775 	  59.849906191369605
CUFF_NC.6102  	      533	  99.43714821763602   	  0.5628517823639775 	   0.0
CUFF_NC.8719  	      533	  99.43714821763602   	  0.5628517823639775 	   0.0
CUFF_NC.9028  	      533	  99.06191369606003   	  0.5628517823639775 	   0.37523452157598497
CUFF_NC.6098  	      533	  17.26078799249531   	  0.5628517823639775 	  82.17636022514071
CUFF_NC.8976  	      533	  51.40712945590994   	  0.5628517823639775 	  48.030018761726076
CUFF_NC.347   	      533	  91.74484052532833   	  0.5628517823639775 	   7.6923076923076925
CUFF_NC.5823  	      533	  66.04127579737336   	  0.5628517823639775 	  33.39587242026266
CUFF_NC.11081 	      533	  99.43714821763602   	  0.5628517823639775 	   0.0
CUFF_NC.3467  	      533	  96.24765478424015   	  0.5628517823639775 	   3.189493433395872
CUFF_NC.2012  	      533	  99.43714821763602   	  0.5628517823639775 	   0.0
CUFF_NC.9277  	      533	  99.43714821763602   	  0.5628517823639775 	   0.0
CUFF_NC.929   	      533	  99.43714821763602   	  0.5628517823639775 	   0.0
CUFF_NC.5840  	      533	  97.37335834896811   	  0.5628517823639775 	   2.0637898686679175
CUFF_NC.5862  	      533	  99.24953095684803   	  0.5628517823639775 	   0.18761726078799248
CUFF_NC.5852  	      533	  99.43714821763602   	  0.5628517823639775 	   0.0
CUFF_NC.1022  	      533	  85.92870544090057   	  0.5628517823639775 	  13.50844277673546
CUFF_NC.10218 	      533	  98.68667917448406   	  0.5628517823639775 	   0.7504690431519699
CUFF_NC.9308  	      533	  99.43714821763602   	  0.5628517823639775 	   0.0
CUFF_NC.9336  	      533	  99.24953095684803   	  0.5628517823639775 	   0.18761726078799248
CUFF_NC.6366  	      533	  99.43714821763602   	  0.5628517823639775 	   0.0
CUFF_NC.5644  	      533	  99.43714821763602   	  0.5628517823639775 	   0.0
CUFF_NC.3535  	      533	  30.0187617260788    	  0.5628517823639775 	  69.41838649155723
CUFF_NC.5736  	      533	  99.43714821763602   	  0.5628517823639775 	   0.0
CUFF_NC.5759  	      533	  57.410881801125704  	  0.5628517823639775 	  42.026266416510325
CUFF_NC.2594  	      533	  99.43714821763602   	  0.5628517823639775 	   0.0
CUFF_NC.1707  	      533	  99.43714821763602   	  0.5628517823639775 	   0.0
CUFF_NC.3997  	      533	  99.43714821763602   	  0.5628517823639775 	   0.0
CUFF_NC.4000  	      533	  99.43714821763602   	  0.5628517823639775 	   0.0
CUFF_NC.2506  	      533	  95.68480300187618   	  0.5628517823639775 	   3.75234521575985
CUFF_NC.2505  	      533	  99.43714821763602   	  0.5628517823639775 	   0.0
CUFF_NC.5349  	      533	  99.43714821763602   	  0.5628517823639775 	   0.0
CUFF_NC.6532  	      533	  45.77861163227016   	  0.5628517823639775 	  53.65853658536586
CUFF_NC.148   	      533	  99.43714821763602   	  0.5628517823639775 	   0.0
CUFF_NC.10130 	      533	  88.74296435272045   	  0.5628517823639775 	  10.694183864915573
CUFF_NC.198   	      533	  99.43714821763602   	  0.5628517823639775 	   0.0
CUFF_NC.5214  	      533	  78.79924953095684   	  0.5628517823639775 	  20.637898686679172
CUFF_NC.9749  	      533	   5.816135084427768  	  0.5628517823639775 	  93.62101313320825
CUFF_NC.2652  	      533	  99.43714821763602   	  0.5628517823639775 	   0.0
CUFF_NC.545   	      533	  99.43714821763602   	  0.5628517823639775 	   0.0
CUFF_NC.5430  	      533	  99.43714821763602   	  0.5628517823639775 	   0.0
CUFF_NC.3370  	      533	  23.639774859287055  	  0.5628517823639775 	  75.79737335834896
CUFF_NC.5396  	      533	  99.43714821763602   	  0.5628517823639775 	   0.0
CUFF_NC.2606  	      533	  99.43714821763602   	  0.5628517823639775 	   0.0
CUFF_NC.10985 	      533	  99.24953095684803   	  0.5628517823639775 	   0.18761726078799248
CUFF_NC.559   	      533	  99.43714821763602   	  0.5628517823639775 	   0.0
CUFF_NC.10917 	      533	  71.10694183864915   	  0.5628517823639775 	  28.330206378986865
CUFF_NC.3518  	      533	  10.694183864915573  	  0.5628517823639775 	  88.74296435272045
CUFF_NC.5522  	      533	  99.43714821763602   	  0.5628517823639775 	   0.0
CUFF_NC.8434  	      533	  99.43714821763602   	  0.5628517823639775 	   0.0
CUFF_NC.6394  	      533	  98.31144465290807   	  0.5628517823639775 	   1.125703564727955
CUFF_NC.8584  	      533	  99.43714821763602   	  0.5628517823639775 	   0.0
CUFF_NC.10403 	      533	  99.43714821763602   	  0.5628517823639775 	   0.0
CUFF_NC.5596  	      533	  99.43714821763602   	  0.5628517823639775 	   0.0
CUFF_NC.9572  	      533	  99.43714821763602   	  0.5628517823639775 	   0.0
CUFF_NC.5561  	      533	  99.43714821763602   	  0.5628517823639775 	   0.0
CUFF_NC.9461  	      533	  99.43714821763602   	  0.5628517823639775 	   0.0
CUFF_NC.9365  	      533	  99.43714821763602   	  0.5628517823639775 	   0.0
CUFF_NC.10929 	      533	  14.446529080675422  	  0.5628517823639775 	  84.9906191369606
CUFF_NC.6764  	      533	  99.43714821763602   	  0.5628517823639775 	   0.0
CUFF_NC.10909 	      533	  99.43714821763602   	  0.5628517823639775 	   0.0
CUFF_NC.6778  	      533	  99.43714821763602   	  0.5628517823639775 	   0.0
CUFF_NC.6861  	      533	  99.43714821763602   	  0.5628517823639775 	   0.0
CUFF_NC.6638  	      533	  96.99812382739212   	  0.5628517823639775 	   2.4390243902439024
CUFF_NC.1621  	      533	  99.43714821763602   	  0.5628517823639775 	   0.0
CUFF_NC.4051  	      533	  99.43714821763602   	  0.5628517823639775 	   0.0
CUFF_NC.407   	      533	  99.43714821763602   	  0.5628517823639775 	   0.0
CUFF_NC.4053  	      533	  99.43714821763602   	  0.5628517823639775 	   0.0
CUFF_NC.2934  	      533	  21.200750469043154  	  0.5628517823639775 	  78.23639774859286
CUFF_NC.10799 	      533	  99.43714821763602   	  0.5628517823639775 	   0.0
CUFF_NC.2409  	      533	  99.43714821763602   	  0.5628517823639775 	   0.0
CUFF_NC.7157  	      533	  99.24953095684803   	  0.5628517823639775 	   0.18761726078799248
CUFF_NC.8353  	      533	  98.68667917448406   	  0.5628517823639775 	   0.7504690431519699
CUFF_NC.10792 	      533	  99.43714821763602   	  0.5628517823639775 	   0.0
CUFF_NC.1057  	      533	  99.43714821763602   	  0.5628517823639775 	   0.0
CUFF_NC.2220  	      533	  96.62288930581614   	  0.5628517823639775 	   2.8142589118198873
CUFF_NC.8232  	      533	  11.25703564727955   	  0.5628517823639775 	  88.18011257035647
CUFF_NC.8040  	      533	  41.275797373358344  	  0.5628517823639775 	  58.16135084427767
CUFF_NC.7951  	      533	  98.87429643527204   	  0.5628517823639775 	   0.5628517823639775
CUFF_NC.7915  	      533	  99.43714821763602   	  0.5628517823639775 	   0.0
CUFF_NC.2235  	      533	  99.43714821763602   	  0.5628517823639775 	   0.0
CUFF_NC.1058  	      533	  99.43714821763602   	  0.5628517823639775 	   0.0
CUFF_NC.2217  	      533	  97.18574108818011   	  0.5628517823639775 	   2.25140712945591
CUFF_NC.3668  	      533	  98.49906191369607   	  0.5628517823639775 	   0.9380863039399625
CUFF_NC.7329  	      533	  99.43714821763602   	  0.5628517823639775 	   0.0
CUFF_NC.7080  	      533	  99.43714821763602   	  0.5628517823639775 	   0.0
CUFF_NC.4246  	      533	  91.93245778611632   	  0.5628517823639775 	   7.5046904315197
CUFF_NC.4235  	      533	  99.43714821763602   	  0.5628517823639775 	   0.0
CUFF_NC.8162  	      533	  97.18574108818011   	  0.5628517823639775 	   2.25140712945591
CUFF_NC.7024  	      533	  99.43714821763602   	  0.5628517823639775 	   0.0
CUFF_NC.10713 	      533	  98.12382739212008   	  0.5628517823639775 	   1.3133208255159476
CUFF_NC.7248  	      533	  95.68480300187618   	  0.5628517823639775 	   3.75234521575985
CUFF_NC.7237  	      533	  40.90056285178236   	  0.5628517823639775 	  58.536585365853654
CUFF_NC.2376  	      533	  85.36585365853658   	  0.5628517823639775 	  14.071294559099437
CUFF_NC.2368  	      533	  99.43714821763602   	  0.5628517823639775 	   0.0
CUFF_NC.4798  	      533	  99.43714821763602   	  0.5628517823639775 	   0.0
CUFF_NC.9725  	      533	  99.43714821763602   	  0.5628517823639775 	   0.0
CUFF_NC.1959  	      533	  21.013133208255162  	  0.5628517823639775 	  78.42401500938087
CUFF_NC.5177  	      533	  99.43714821763602   	  0.5628517823639775 	   0.0
CUFF_NC.5155  	      533	  99.43714821763602   	  0.5628517823639775 	   0.0
CUFF_NC.509   	      533	  99.43714821763602   	  0.5628517823639775 	   0.0
CUFF_NC.5104  	      533	  38.08630393996248   	  0.5628517823639775 	  61.350844277673545
CUFF_NC.9717  	      533	  99.43714821763602   	  0.5628517823639775 	   0.0
CUFF_NC.9703  	      533	  99.43714821763602   	  0.5628517823639775 	   0.0
CUFF_NC.9676  	      533	  22.138836772983115  	  0.5628517823639775 	  77.29831144465291
CUFF_NC.9650  	      533	  99.43714821763602   	  0.5628517823639775 	   0.0
CUFF_NC.10664 	      533	  60.22514071294559   	  0.5628517823639775 	  39.21200750469043
CUFF_NC.1771  	      533	  99.43714821763602   	  0.5628517823639775 	   0.0
CUFF_NC.5381  	      533	  99.24953095684803   	  0.5628517823639775 	   0.18761726078799248
CUFF_NC.5042  	      533	  99.43714821763602   	  0.5628517823639775 	   0.0
CUFF_NC.7744  	      533	  98.68667917448406   	  0.5628517823639775 	   0.7504690431519699
CUFF_NC.7472  	      533	  49.34333958724203   	  0.5628517823639775 	  50.093808630394
CUFF_NC.10695 	      533	  99.43714821763602   	  0.5628517823639775 	   0.0
CUFF_NC.746   	      533	  80.86303939962477   	  0.5628517823639775 	  18.574108818011258
CUFF_NC.7842  	      533	  99.24953095684803   	  0.5628517823639775 	   0.18761726078799248
CUFF_NC.7841  	      533	  99.24953095684803   	  0.5628517823639775 	   0.18761726078799248
CUFF_NC.2287  	      533	  96.81050656660413   	  0.5628517823639775 	   2.6266416510318953
CUFF_NC.7844  	      533	  81.80112570356472   	  0.5628517823639775 	  17.636022514071296
CUFF_NC.7684  	      533	  99.43714821763602   	  0.5628517823639775 	   0.0
CUFF_NC.10623 	      533	  17.636022514071296  	  0.5628517823639775 	  81.80112570356472
CUFF_NC.3857  	      533	  67.3545966228893    	  0.5628517823639775 	  32.08255159474672
CUFF_NC.3751  	      533	  99.43714821763602   	  0.5628517823639775 	   0.0
CUFF_NC.1784  	      178	  33.70786516853933   	  0.5617977528089888 	  65.73033707865169
CUFF_NC.6186  	      363	   6.887052341597796  	  0.5509641873278237 	  92.56198347107438
CUFF_NC.4672  	      365	  40.273972602739725  	  0.547945205479452  	  59.178082191780824
CUFF_NC.4142  	      370	  49.18918918918919   	  0.5405405405405406 	  50.27027027027027
CUFF_NC.7369  	      381	   8.136482939632545  	  0.5249343832020997 	  91.33858267716536
CUFF_NC.6222  	      192	  21.354166666666664  	  0.5208333333333333 	  78.125
CUFF_NC.7351  	      392	  14.540816326530612  	  0.5102040816326531 	  84.94897959183673
CUFF_NC.10054 	      394	   3.807106598984772  	  0.5076142131979695 	  95.68527918781726
CUFF_NC.1328  	      397	  87.1536523929471    	  0.5037783375314862 	  12.34256926952141
CUFF_NC.1928  	      200	   9.5                	  0.5                	  90.0
CUFF_NC.10897 	      204	   7.352941176470589  	  0.49019607843137253	  92.15686274509804
CUFF_NC.6114  	      207	  45.893719806763286  	  0.4830917874396135 	  53.62318840579711
CUFF_NC.2974  	      416	  38.70192307692308   	  0.4807692307692308 	  60.817307692307686
CUFF_NC.8510  	      418	  56.9377990430622    	  0.4784688995215311 	  42.58373205741627
CUFF_NC.5784  	      418	  25.837320574162682  	  0.4784688995215311 	  73.68421052631578
CUFF_NC.10049 	      215	   6.976744186046512  	  0.46511627906976744	  92.55813953488372
CUFF_NC.1247  	      433	  29.099307159353348  	  0.4618937644341801 	  70.43879907621246
CUFF_NC.6084  	      435	  63.2183908045977    	  0.45977011494252873	  36.321839080459775
CUFF_NC.6605  	      436	  25.688073394495415  	  0.45871559633027525	  73.85321100917432
CUFF_NC.7600  	      440	  58.86363636363636   	  0.45454545454545453	  40.68181818181818
CUFF_NC.6243  	      441	   6.802721088435375  	  0.45351473922902497	  92.7437641723356
CUFF_NC.3218  	      221	  12.669683257918551  	  0.4524886877828055 	  86.87782805429865
CUFF_NC.8511  	      445	  96.17977528089887   	  0.44943820224719105	   3.3707865168539324
CUFF_NC.1976  	      445	  55.28089887640449   	  0.44943820224719105	  44.26966292134831
CUFF_NC.6088  	      451	  23.946784922394677  	  0.4434589800443459 	  75.60975609756098
CUFF_NC.7867  	      451	  27.716186252771617  	  0.4434589800443459 	  71.84035476718404
CUFF_NC.1749  	      451	  51.44124168514412   	  0.4434589800443459 	  48.11529933481153
CUFF_NC.7475  	      455	  14.505494505494507  	  0.43956043956043955	  85.05494505494505
CUFF_NC.6221  	      456	  10.307017543859649  	  0.43859649122807015	  89.25438596491229
CUFF_NC.7674  	      458	  36.8995633187773    	  0.43668122270742354	  62.66375545851528
CUFF_NC.6116  	      460	   1.7391304347826086 	  0.43478260869565216	  97.82608695652173
CUFF_NC.9721  	      461	  66.16052060737528   	  0.43383947939262474	  33.40563991323211
CUFF_NC.6165  	      461	  14.967462039045554  	  0.43383947939262474	  84.59869848156181
CUFF_NC.6234  	      462	   7.142857142857142  	  0.4329004329004329 	  92.42424242424242
CUFF_NC.5677  	      466	  92.7038626609442    	  0.4291845493562232 	   6.866952789699571
CUFF_NC.6962  	      467	  99.57173447537473   	  0.4282655246252677 	   0.0
CUFF_NC.1406  	      467	  51.17773019271949   	  0.4282655246252677 	  48.394004282655246
CUFF_NC.3201  	      234	  26.923076923076923  	  0.4273504273504274 	  72.64957264957265
CUFF_NC.1581  	      469	  53.304904051172706  	  0.42643923240938164	  46.26865671641791
CUFF_NC.3563  	      469	  90.8315565031983    	  0.42643923240938164	   8.742004264392325
CUFF_NC.10310 	      471	  10.615711252653929  	  0.42462845010615713	  88.95966029723992
CUFF_NC.3453  	      473	  21.141649048625794  	  0.42283298097251587	  78.43551797040169
CUFF_NC.896   	      480	  24.375              	  0.4166666666666667 	  75.20833333333333
CUFF_NC.6094  	      485	   5.154639175257731  	  0.4123711340206186 	  94.43298969072164
CUFF_NC.619   	      486	   6.995884773662551  	  0.411522633744856  	  92.5925925925926
CUFF_NC.7673  	      486	  16.46090534979424   	  0.411522633744856  	  83.1275720164609
CUFF_NC.1738  	      487	  79.26078028747433   	  0.41067761806981523	  20.32854209445585
CUFF_NC.9410  	      244	   7.786885245901639  	  0.4098360655737705 	  91.80327868852459
CUFF_NC.6183  	      489	   1.6359918200409    	  0.408997955010225  	  97.95501022494888
CUFF_NC.3194  	      496	  23.588709677419356  	  0.4032258064516129 	  76.00806451612904
CUFF_NC.1260  	      497	   5.432595573440644  	  0.4024144869215292 	  94.16498993963782
CUFF_NC.5667  	      497	  98.79275653923541   	  0.4024144869215292 	   0.8048289738430584
CUFF_NC.7542  	      499	  19.639278557114228  	  0.4008016032064128 	  79.95991983967936
CUFF_NC.6181  	      500	   3.8                	  0.4                	  95.8
CUFF_NC.9972  	      502	   3.386454183266932  	  0.398406374501992  	  96.21513944223108
CUFF_NC.3131  	      503	  70.17892644135189   	  0.3976143141153081 	  29.4234592445328
CUFF_NC.6189  	      503	  21.47117296222664   	  0.3976143141153081 	  78.13121272365805
CUFF_NC.10142 	      504	  17.261904761904763  	  0.3968253968253968 	  82.34126984126983
CUFF_NC.2016  	      504	  97.61904761904762   	  0.3968253968253968 	   1.984126984126984
CUFF_NC.10141 	      505	  22.37623762376238   	  0.39603960396039606	  77.22772277227723
CUFF_NC.7446  	      505	  71.68316831683168   	  0.39603960396039606	  27.920792079207924
CUFF_NC.3363  	      505	  55.44554455445545   	  0.39603960396039606	  44.15841584158416
CUFF_NC.1200  	      505	  11.287128712871288  	  0.39603960396039606	  88.31683168316832
CUFF_NC.6250  	      253	  22.529644268774703  	  0.3952569169960474 	  77.07509881422925
CUFF_NC.6123  	      507	  25.443786982248522  	  0.39447731755424065	  74.16173570019724
CUFF_NC.1713  	      509	  68.17288801571709   	  0.3929273084479371 	  31.43418467583497
CUFF_NC.3574  	      509	   1.37524557956778   	  0.3929273084479371 	  98.23182711198429
CUFF_NC.1241  	      510	   8.431372549019608  	  0.39215686274509803	  91.17647058823529
CUFF_NC.1318  	      510	  19.607843137254903  	  0.39215686274509803	  80.0
CUFF_NC.3451  	      510	  45.88235294117647   	  0.39215686274509803	  53.72549019607843
CUFF_NC.6446  	      510	  88.23529411764706   	  0.39215686274509803	  11.372549019607844
CUFF_NC.7682  	      512	  98.046875           	  0.390625           	   1.5625
CUFF_NC.8792  	      512	  21.2890625          	  0.390625           	  78.3203125
CUFF_NC.6516  	      512	  98.046875           	  0.390625           	   1.5625
CUFF_NC.3028  	      512	  18.9453125          	  0.390625           	  80.6640625
CUFF_NC.7741  	      513	   0.5847953216374269 	  0.3898635477582846 	  99.02534113060429
CUFF_NC.3438  	      514	   8.949416342412452  	  0.38910505836575876	  90.6614785992218
CUFF_NC.3296  	      514	  13.03501945525292   	  0.38910505836575876	  86.57587548638132
CUFF_NC.3307  	      515	  10.679611650485436  	  0.3883495145631068 	  88.93203883495146
CUFF_NC.3098  	      515	  19.223300970873787  	  0.3883495145631068 	  80.3883495145631
CUFF_NC.1045  	      516	  46.51162790697674   	  0.3875968992248062 	  53.100775193798455
CUFF_NC.3333  	      516	   1.937984496124031  	  0.3875968992248062 	  97.67441860465115
CUFF_NC.2979  	      516	  68.7984496124031    	  0.3875968992248062 	  30.813953488372093
CUFF_NC.6442  	      516	  74.8062015503876    	  0.3875968992248062 	  24.8062015503876
CUFF_NC.6135  	      517	   6.5764023210831715 	  0.3868471953578337 	  93.03675048355899
CUFF_NC.8849  	      517	  74.6615087040619    	  0.3868471953578337 	  24.95164410058027
CUFF_NC.6233  	      520	   4.230769230769231  	  0.38461538461538464	  95.38461538461539
CUFF_NC.2587  	      521	  99.04030710172745   	  0.3838771593090211 	   0.5758157389635317
CUFF_NC.1284  	      522	  93.29501915708812   	  0.38314176245210724	   6.321839080459771
CUFF_NC.9830  	      522	  22.60536398467433   	  0.38314176245210724	  77.01149425287356
CUFF_NC.10233 	      523	  57.93499043977055   	  0.3824091778202677 	  41.68260038240918
CUFF_NC.5948  	      523	  41.491395793499045  	  0.3824091778202677 	  58.12619502868069
CUFF_NC.1349  	      523	   2.294455066921606  	  0.3824091778202677 	  97.32313575525812
CUFF_NC.8448  	      523	  98.8527724665392    	  0.3824091778202677 	   0.7648183556405354
CUFF_NC.1339  	      523	  37.858508604206506  	  0.3824091778202677 	  61.75908221797323
CUFF_NC.6698  	      524	   6.297709923664121  	  0.38167938931297707	  93.32061068702289
CUFF_NC.3437  	      524	  57.06106870229007   	  0.38167938931297707	  42.55725190839695
CUFF_NC.6198  	      525	   2.857142857142857  	  0.38095238095238093	  96.76190476190476
CUFF_NC.6371  	      525	  29.714285714285715  	  0.38095238095238093	  69.9047619047619
CUFF_NC.6093  	      525	  38.666666666666664  	  0.38095238095238093	  60.952380952380956
CUFF_NC.3439  	      525	  99.04761904761905   	  0.38095238095238093	   0.5714285714285714
CUFF_NC.9953  	      525	  67.23809523809524   	  0.38095238095238093	  32.38095238095238
CUFF_NC.7657  	      526	  98.47908745247148   	  0.38022813688212925	   1.1406844106463878
CUFF_NC.7647  	      526	   4.3726235741444865 	  0.38022813688212925	  95.24714828897338
CUFF_NC.6352  	      526	  16.159695817490494  	  0.38022813688212925	  83.46007604562737
CUFF_NC.7006  	      526	  99.61977186311786   	  0.38022813688212925	   0.0
CUFF_NC.3549  	      526	  98.85931558935361   	  0.38022813688212925	   0.7604562737642585
CUFF_NC.7548  	      526	   3.041825095057034  	  0.38022813688212925	  96.57794676806084
CUFF_NC.1576  	      527	  93.54838709677419   	  0.3795066413662239 	   6.072106261859583
CUFF_NC.6010  	      527	  96.58444022770398   	  0.3795066413662239 	   3.0360531309297913
CUFF_NC.3889  	      527	  79.5066413662239    	  0.3795066413662239 	  20.113851992409867
CUFF_NC.6395  	      527	  98.86148007590133   	  0.3795066413662239 	   0.7590132827324478
CUFF_NC.3170  	      527	  77.60910815939279   	  0.3795066413662239 	  22.011385199240987
CUFF_NC.6253  	      527	  33.396584440227706  	  0.3795066413662239 	  66.22390891840607
CUFF_NC.6134  	      528	   4.545454545454546  	  0.3787878787878788 	  95.07575757575758
CUFF_NC.6629  	      528	   5.681818181818182  	  0.3787878787878788 	  93.93939393939394
CUFF_NC.5734  	      528	  16.856060606060606  	  0.3787878787878788 	  82.76515151515152
CUFF_NC.10190 	      529	  13.610586011342155  	  0.3780718336483932 	  86.01134215500946
CUFF_NC.7735  	      529	  99.05482041587902   	  0.3780718336483932 	   0.5671077504725899
CUFF_NC.10319 	      529	  58.41209829867675   	  0.3780718336483932 	  41.209829867674856
CUFF_NC.6584  	      529	  63.51606805293005   	  0.3780718336483932 	  36.10586011342155
CUFF_NC.853   	      529	  76.74858223062382   	  0.3780718336483932 	  22.873345935727787
CUFF_NC.6210  	      529	   2.0793950850661624 	  0.3780718336483932 	  97.54253308128544
CUFF_NC.10995 	      530	  96.79245283018868   	  0.37735849056603776	   2.8301886792452833
CUFF_NC.9773  	      530	  99.62264150943396   	  0.37735849056603776	   0.0
CUFF_NC.9941  	      531	  12.994350282485875  	  0.3766478342749529 	  86.62900188323917
CUFF_NC.9769-2	      531	  67.984934086629     	  0.3766478342749529 	  31.63841807909605
CUFF_NC.5984  	      531	  98.87005649717514   	  0.3766478342749529 	   0.7532956685499058
CUFF_NC.7409  	      531	   9.03954802259887   	  0.3766478342749529 	  90.58380414312617
CUFF_NC.7601  	      531	  13.74764595103578   	  0.3766478342749529 	  85.87570621468926
CUFF_NC.6144  	      531	  16.94915254237288   	  0.3766478342749529 	  82.67419962335217
CUFF_NC.3085  	      531	  31.45009416195857   	  0.3766478342749529 	  68.17325800376648
CUFF_NC.10150 	      531	  59.887005649717516  	  0.3766478342749529 	  39.73634651600753
CUFF_NC.10107 	      531	  94.72693032015066   	  0.3766478342749529 	   4.8964218455743875
CUFF_NC.10390 	      531	  99.43502824858757   	  0.3766478342749529 	   0.18832391713747645
CUFF_NC.3803  	      531	  71.75141242937853   	  0.3766478342749529 	  27.87193973634652
CUFF_NC.1658  	      532	  78.19548872180451   	  0.37593984962406013	  21.428571428571427
CUFF_NC.3275  	      532	  33.08270676691729   	  0.37593984962406013	  66.54135338345864
CUFF_NC.7398  	      532	  42.857142857142854  	  0.37593984962406013	  56.766917293233085
CUFF_NC.656   	      532	  96.80451127819549   	  0.37593984962406013	   2.819548872180451
CUFF_NC.9499  	      532	  99.62406015037594   	  0.37593984962406013	   0.0
CUFF_NC.11182 	      532	  99.62406015037594   	  0.37593984962406013	   0.0
CUFF_NC.3420  	      532	  12.218045112781954  	  0.37593984962406013	  87.40601503759399
CUFF_NC.9767  	      532	  99.24812030075188   	  0.37593984962406013	   0.37593984962406013
CUFF_NC.3441  	      532	  64.66165413533834   	  0.37593984962406013	  34.962406015037594
CUFF_NC.7328  	      532	  10.338345864661653  	  0.37593984962406013	  89.28571428571429
CUFF_NC.9050  	      532	  63.1578947368421    	  0.37593984962406013	  36.46616541353384
CUFF_NC.9697  	      532	  99.62406015037594   	  0.37593984962406013	   0.0
CUFF_NC.11438 	      532	  73.68421052631578   	  0.37593984962406013	  25.93984962406015
CUFF_NC.8980  	      532	  99.62406015037594   	  0.37593984962406013	   0.0
CUFF_NC.1513  	      532	  98.68421052631578   	  0.37593984962406013	   0.9398496240601504
CUFF_NC.3495  	      532	  99.24812030075188   	  0.37593984962406013	   0.37593984962406013
CUFF_NC.2045  	      532	  95.67669172932331   	  0.37593984962406013	   3.9473684210526314
CUFF_NC.2046  	      532	  95.86466165413535   	  0.37593984962406013	   3.7593984962406015
CUFF_NC.3461  	      532	  92.85714285714286   	  0.37593984962406013	   6.7669172932330826
CUFF_NC.6101  	      532	  36.09022556390977   	  0.37593984962406013	  63.53383458646616
CUFF_NC.9878  	      532	   1.6917293233082706 	  0.37593984962406013	  97.93233082706767
CUFF_NC.7827  	      532	  85.33834586466166   	  0.37593984962406013	  14.285714285714285
CUFF_NC.1140  	      532	  99.62406015037594   	  0.37593984962406013	   0.0
CUFF_NC.10108 	      532	   1.5037593984962405 	  0.37593984962406013	  98.1203007518797
CUFF_NC.11122 	      533	  99.62476547842401   	  0.37523452157598497	   0.0
CUFF_NC.9307  	      533	  99.62476547842401   	  0.37523452157598497	   0.0
CUFF_NC.5616  	      533	  99.62476547842401   	  0.37523452157598497	   0.0
CUFF_NC.11181 	      533	  99.24953095684803   	  0.37523452157598497	   0.37523452157598497
CUFF_NC.584   	      533	  99.24953095684803   	  0.37523452157598497	   0.37523452157598497
CUFF_NC.5853  	      533	  91.36960600375235   	  0.37523452157598497	   8.25515947467167
CUFF_NC.5848  	      533	  99.62476547842401   	  0.37523452157598497	   0.0
CUFF_NC.295   	      533	  99.43714821763602   	  0.37523452157598497	   0.18761726078799248
CUFF_NC.258   	      533	  99.62476547842401   	  0.37523452157598497	   0.0
CUFF_NC.9193  	      533	  99.62476547842401   	  0.37523452157598497	   0.0
CUFF_NC.920   	      533	  99.43714821763602   	  0.37523452157598497	   0.18761726078799248
CUFF_NC.5605  	      533	  99.62476547842401   	  0.37523452157598497	   0.0
CUFF_NC.2958  	      533	  82.92682926829268   	  0.37523452157598497	  16.69793621013133
CUFF_NC.1881  	      533	  99.62476547842401   	  0.37523452157598497	   0.0
CUFF_NC.5575  	      533	  99.62476547842401   	  0.37523452157598497	   0.0
CUFF_NC.5531  	      533	  94.18386491557223   	  0.37523452157598497	   5.440900562851782
CUFF_NC.9751  	      533	  98.87429643527204   	  0.37523452157598497	   0.7504690431519699
CUFF_NC.11307 	      533	  99.62476547842401   	  0.37523452157598497	   0.0
CUFF_NC.2651  	      533	  99.62476547842401   	  0.37523452157598497	   0.0
CUFF_NC.5209  	      533	  99.62476547842401   	  0.37523452157598497	   0.0
CUFF_NC.5750  	      533	  99.62476547842401   	  0.37523452157598497	   0.0
CUFF_NC.5661  	      533	  91.93245778611632   	  0.37523452157598497	   7.6923076923076925
CUFF_NC.5666  	      533	  84.9906191369606    	  0.37523452157598497	  14.634146341463413
CUFF_NC.5631  	      533	  96.24765478424015   	  0.37523452157598497	   3.377110694183865
CUFF_NC.1494  	      533	  99.06191369606003   	  0.37523452157598497	   0.5628517823639775
CUFF_NC.5770  	      533	  99.62476547842401   	  0.37523452157598497	   0.0
CUFF_NC.1504  	      533	  68.29268292682927   	  0.37523452157598497	  31.33208255159475
CUFF_NC.1592  	      533	  99.62476547842401   	  0.37523452157598497	   0.0
CUFF_NC.290   	      533	  99.62476547842401   	  0.37523452157598497	   0.0
CUFF_NC.5701  	      533	  99.62476547842401   	  0.37523452157598497	   0.0
CUFF_NC.11317 	      533	  99.43714821763602   	  0.37523452157598497	   0.18761726078799248
CUFF_NC.3468  	      533	  98.87429643527204   	  0.37523452157598497	   0.7504690431519699
CUFF_NC.5916  	      533	  99.43714821763602   	  0.37523452157598497	   0.18761726078799248
CUFF_NC.8768  	      533	  99.62476547842401   	  0.37523452157598497	   0.0
CUFF_NC.8714  	      533	  99.62476547842401   	  0.37523452157598497	   0.0
CUFF_NC.8726  	      533	  99.62476547842401   	  0.37523452157598497	   0.0
CUFF_NC.10198 	      533	  37.5234521575985    	  0.37523452157598497	  62.10131332082551
CUFF_NC.7833  	      533	  99.62476547842401   	  0.37523452157598497	   0.0
CUFF_NC.934   	      533	  99.06191369606003   	  0.37523452157598497	   0.5628517823639775
CUFF_NC.7818  	      533	  95.30956848030019   	  0.37523452157598497	   4.315196998123827
CUFF_NC.7806  	      533	  99.62476547842401   	  0.37523452157598497	   0.0
CUFF_NC.3081  	      533	   6.191369606003752  	  0.37523452157598497	  93.43339587242026
CUFF_NC.8267  	      533	  98.31144465290807   	  0.37523452157598497	   1.3133208255159476
CUFF_NC.8250  	      533	  96.43527204502814   	  0.37523452157598497	   3.189493433395872
CUFF_NC.10524 	      533	  99.43714821763602   	  0.37523452157598497	   0.18761726078799248
CUFF_NC.7814  	      533	  14.821763602251407  	  0.37523452157598497	  84.80300187617262
CUFF_NC.10578 	      533	  99.62476547842401   	  0.37523452157598497	   0.0
CUFF_NC.10624 	      533	  99.62476547842401   	  0.37523452157598497	   0.0
CUFF_NC.5797  	      533	  98.68667917448406   	  0.37523452157598497	   0.9380863039399625
CUFF_NC.6002  	      533	   7.317073170731707  	  0.37523452157598497	  92.3076923076923
CUFF_NC.1030  	      533	  99.62476547842401   	  0.37523452157598497	   0.0
CUFF_NC.9176  	      533	  99.62476547842401   	  0.37523452157598497	   0.0
CUFF_NC.9188  	      533	  99.62476547842401   	  0.37523452157598497	   0.0
CUFF_NC.9127  	      533	  82.55159474671669   	  0.37523452157598497	  17.073170731707318
CUFF_NC.552   	      533	  99.43714821763602   	  0.37523452157598497	   0.18761726078799248
CUFF_NC.3500  	      533	   6.566604127579738  	  0.37523452157598497	  93.05816135084429
CUFF_NC.7902  	      533	  86.67917448405254   	  0.37523452157598497	  12.94559099437148
CUFF_NC.7904  	      533	  57.97373358348968   	  0.37523452157598497	  41.651031894934334
CUFF_NC.7028  	      533	  99.62476547842401   	  0.37523452157598497	   0.0
CUFF_NC.7013  	      533	  99.43714821763602   	  0.37523452157598497	   0.18761726078799248
CUFF_NC.10810 	      533	  99.06191369606003   	  0.37523452157598497	   0.5628517823639775
CUFF_NC.6996  	      533	  99.62476547842401   	  0.37523452157598497	   0.0
CUFF_NC.6975  	      533	  99.62476547842401   	  0.37523452157598497	   0.0
CUFF_NC.5985  	      533	  99.62476547842401   	  0.37523452157598497	   0.0
CUFF_NC.11208 	      533	  98.87429643527204   	  0.37523452157598497	   0.7504690431519699
CUFF_NC.3837  	      533	  99.62476547842401   	  0.37523452157598497	   0.0
CUFF_NC.3953  	      533	  99.62476547842401   	  0.37523452157598497	   0.0
CUFF_NC.395   	      533	  99.62476547842401   	  0.37523452157598497	   0.0
CUFF_NC.9945  	      533	   6.191369606003752  	  0.37523452157598497	  93.43339587242026
CUFF_NC.4677  	      533	  99.62476547842401   	  0.37523452157598497	   0.0
CUFF_NC.117   	      533	  99.62476547842401   	  0.37523452157598497	   0.0
CUFF_NC.4646  	      533	  99.62476547842401   	  0.37523452157598497	   0.0
CUFF_NC.3831  	      533	  99.62476547842401   	  0.37523452157598497	   0.0
CUFF_NC.5585  	      533	  99.62476547842401   	  0.37523452157598497	   0.0
CUFF_NC.1648  	      533	  99.62476547842401   	  0.37523452157598497	   0.0
CUFF_NC.1134  	      533	  79.36210131332082   	  0.37523452157598497	  20.26266416510319
CUFF_NC.9812  	      533	  55.1594746716698    	  0.37523452157598497	  44.46529080675422
CUFF_NC.1944  	      533	  15.572232645403378  	  0.37523452157598497	  84.05253283302065
CUFF_NC.4440  	      533	  99.62476547842401   	  0.37523452157598497	   0.0
CUFF_NC.3644  	      533	  97.18574108818011   	  0.37523452157598497	   2.4390243902439024
CUFF_NC.1463  	      533	  12.757973733583489  	  0.37523452157598497	  86.86679174484053
CUFF_NC.4786  	      533	  99.62476547842401   	  0.37523452157598497	   0.0
CUFF_NC.4755  	      533	  99.62476547842401   	  0.37523452157598497	   0.0
CUFF_NC.3571  	      533	  11.632270168855536  	  0.37523452157598497	  87.99249530956847
CUFF_NC.9836  	      533	  46.52908067542214   	  0.37523452157598497	  53.09568480300187
CUFF_NC.298   	      533	  99.62476547842401   	  0.37523452157598497	   0.0
CUFF_NC.4953  	      533	  80.30018761726079   	  0.37523452157598497	  19.324577861163228
CUFF_NC.2672  	      533	  99.62476547842401   	  0.37523452157598497	   0.0
CUFF_NC.3616  	      533	  99.62476547842401   	  0.37523452157598497	   0.0
CUFF_NC.11419 	      533	  99.62476547842401   	  0.37523452157598497	   0.0
CUFF_NC.4791  	      533	  67.7298311444653    	  0.37523452157598497	  31.894934333958723
CUFF_NC.3705  	      533	  99.62476547842401   	  0.37523452157598497	   0.0
CUFF_NC.9944  	      533	  70.35647279549718   	  0.37523452157598497	  29.268292682926827
CUFF_NC.10044 	      533	   0.5628517823639775 	  0.37523452157598497	  99.06191369606003
CUFF_NC.4555  	      533	  99.62476547842401   	  0.37523452157598497	   0.0
CUFF_NC.1204  	      533	  99.62476547842401   	  0.37523452157598497	   0.0
CUFF_NC.3855  	      533	  99.62476547842401   	  0.37523452157598497	   0.0
CUFF_NC.2852  	      533	  46.34146341463415   	  0.37523452157598497	  53.283302063789876
CUFF_NC.3807  	      533	  54.409005628517825  	  0.37523452157598497	  45.21575984990619
CUFF_NC.3784  	      533	  98.87429643527204   	  0.37523452157598497	   0.7504690431519699
CUFF_NC.3759  	      533	  99.62476547842401   	  0.37523452157598497	   0.0
CUFF_NC.3767  	      533	  99.62476547842401   	  0.37523452157598497	   0.0
CUFF_NC.3704  	      533	  99.62476547842401   	  0.37523452157598497	   0.0
CUFF_NC.4723  	      533	  99.62476547842401   	  0.37523452157598497	   0.0
CUFF_NC.5452  	      533	  99.62476547842401   	  0.37523452157598497	   0.0
CUFF_NC.5456  	      533	  99.62476547842401   	  0.37523452157598497	   0.0
CUFF_NC.5441  	      533	  99.06191369606003   	  0.37523452157598497	   0.5628517823639775
CUFF_NC.5406  	      533	  99.62476547842401   	  0.37523452157598497	   0.0
CUFF_NC.5383  	      533	  98.12382739212008   	  0.37523452157598497	   1.5009380863039399
CUFF_NC.5386  	      533	  99.62476547842401   	  0.37523452157598497	   0.0
CUFF_NC.5072  	      533	  99.24953095684803   	  0.37523452157598497	   0.37523452157598497
CUFF_NC.11241 	      533	  99.62476547842401   	  0.37523452157598497	   0.0
CUFF_NC.5365  	      533	  99.62476547842401   	  0.37523452157598497	   0.0
CUFF_NC.4531  	      533	  99.62476547842401   	  0.37523452157598497	   0.0
CUFF_NC.5354  	      533	  99.62476547842401   	  0.37523452157598497	   0.0
CUFF_NC.533   	      533	  99.62476547842401   	  0.37523452157598497	   0.0
CUFF_NC.2621  	      533	  99.62476547842401   	  0.37523452157598497	   0.0
CUFF_NC.5609  	      533	  99.62476547842401   	  0.37523452157598497	   0.0
CUFF_NC.10580 	      533	  99.62476547842401   	  0.37523452157598497	   0.0
CUFF_NC.5566  	      533	  99.62476547842401   	  0.37523452157598497	   0.0
CUFF_NC.9438  	      533	  99.43714821763602   	  0.37523452157598497	   0.18761726078799248
CUFF_NC.9441  	      533	  99.62476547842401   	  0.37523452157598497	   0.0
CUFF_NC.9399  	      533	  69.23076923076923   	  0.37523452157598497	  30.393996247654787
CUFF_NC.5351  	      533	  99.62476547842401   	  0.37523452157598497	   0.0
CUFF_NC.4507  	      533	  82.92682926829268   	  0.37523452157598497	  16.69793621013133
CUFF_NC.2723  	      533	  99.62476547842401   	  0.37523452157598497	   0.0
CUFF_NC.4463  	      533	   9.75609756097561   	  0.37523452157598497	  89.8686679174484
CUFF_NC.5297  	      533	  99.62476547842401   	  0.37523452157598497	   0.0
CUFF_NC.1969  	      533	  98.68667917448406   	  0.37523452157598497	   0.9380863039399625
CUFF_NC.9500  	      533	  99.62476547842401   	  0.37523452157598497	   0.0
CUFF_NC.9470  	      533	  99.62476547842401   	  0.37523452157598497	   0.0
CUFF_NC.9476  	      533	   5.440900562851782  	  0.37523452157598497	  94.18386491557223
CUFF_NC.9922  	      533	  15.947467166979362  	  0.37523452157598497	  83.67729831144464
CUFF_NC.5492  	      533	  84.24015009380864   	  0.37523452157598497	  15.384615384615385
CUFF_NC.2745  	      533	  99.62476547842401   	  0.37523452157598497	   0.0
CUFF_NC.2752  	      533	  99.62476547842401   	  0.37523452157598497	   0.0
CUFF_NC.2757  	      533	  99.62476547842401   	  0.37523452157598497	   0.0
CUFF_NC.5166  	      533	  99.62476547842401   	  0.37523452157598497	   0.0
CUFF_NC.11312 	      533	  99.62476547842401   	  0.37523452157598497	   0.0
CUFF_NC.11332 	      533	  98.12382739212008   	  0.37523452157598497	   1.5009380863039399
CUFF_NC.11346 	      533	  95.1219512195122    	  0.37523452157598497	   4.50281425891182
CUFF_NC.5505  	      533	  99.62476547842401   	  0.37523452157598497	   0.0
CUFF_NC.5506  	      533	  99.62476547842401   	  0.37523452157598497	   0.0
CUFF_NC.9897  	      533	  99.62476547842401   	  0.37523452157598497	   0.0
CUFF_NC.3970  	      533	  99.43714821763602   	  0.37523452157598497	   0.18761726078799248
CUFF_NC.8570  	      533	  99.62476547842401   	  0.37523452157598497	   0.0
CUFF_NC.8534  	      533	  91.36960600375235   	  0.37523452157598497	   8.25515947467167
CUFF_NC.10435 	      533	  99.62476547842401   	  0.37523452157598497	   0.0
CUFF_NC.294   	      533	  99.62476547842401   	  0.37523452157598497	   0.0
CUFF_NC.8447  	      533	  99.62476547842401   	  0.37523452157598497	   0.0
CUFF_NC.11000 	      533	  99.62476547842401   	  0.37523452157598497	   0.0
CUFF_NC.1620  	      533	  99.43714821763602   	  0.37523452157598497	   0.18761726078799248
CUFF_NC.2546  	      533	  99.43714821763602   	  0.37523452157598497	   0.18761726078799248
CUFF_NC.1093  	      533	  93.24577861163228   	  0.37523452157598497	   6.378986866791744
CUFF_NC.6630  	      533	  99.62476547842401   	  0.37523452157598497	   0.0
CUFF_NC.664   	      533	  99.62476547842401   	  0.37523452157598497	   0.0
CUFF_NC.4215  	      533	  24.765478424015008  	  0.37523452157598497	  74.85928705440901
CUFF_NC.4177  	      533	  24.577861163227016  	  0.37523452157598497	  75.046904315197
CUFF_NC.4188  	      533	  98.49906191369607   	  0.37523452157598497	   1.125703564727955
CUFF_NC.1317  	      533	  99.62476547842401   	  0.37523452157598497	   0.0
CUFF_NC.4169  	      533	  99.62476547842401   	  0.37523452157598497	   0.0
CUFF_NC.1095  	      533	  99.62476547842401   	  0.37523452157598497	   0.0
CUFF_NC.6671  	      533	  99.62476547842401   	  0.37523452157598497	   0.0
CUFF_NC.8688  	      533	  99.62476547842401   	  0.37523452157598497	   0.0
CUFF_NC.2119  	      533	  98.68667917448406   	  0.37523452157598497	   0.9380863039399625
CUFF_NC.2122  	      533	  98.12382739212008   	  0.37523452157598497	   1.5009380863039399
CUFF_NC.8623  	      533	  98.31144465290807   	  0.37523452157598497	   1.3133208255159476
CUFF_NC.7023  	      533	   6.0037523452157595 	  0.37523452157598497	  93.62101313320825
CUFF_NC.8229  	      533	  83.11444652908068   	  0.37523452157598497	  16.51031894934334
CUFF_NC.2183  	      533	  99.62476547842401   	  0.37523452157598497	   0.0
CUFF_NC.1530  	      533	  10.318949343339586  	  0.37523452157598497	  89.30581613508443
CUFF_NC.8142  	      533	  98.68667917448406   	  0.37523452157598497	   0.9380863039399625
CUFF_NC.4010  	      533	  99.62476547842401   	  0.37523452157598497	   0.0
CUFF_NC.10530 	      533	  99.62476547842401   	  0.37523452157598497	   0.0
CUFF_NC.651   	      533	  99.62476547842401   	  0.37523452157598497	   0.0
CUFF_NC.6746  	      533	  99.62476547842401   	  0.37523452157598497	   0.0
CUFF_NC.6697  	      533	  99.43714821763602   	  0.37523452157598497	   0.18761726078799248
CUFF_NC.8320  	      533	  99.62476547842401   	  0.37523452157598497	   0.0
CUFF_NC.8324  	      533	  99.62476547842401   	  0.37523452157598497	   0.0
CUFF_NC.8302  	      533	  99.62476547842401   	  0.37523452157598497	   0.0
CUFF_NC.8318  	      533	  99.62476547842401   	  0.37523452157598497	   0.0
CUFF_NC.8289  	      533	  99.62476547842401   	  0.37523452157598497	   0.0
CUFF_NC.8146  	      533	  89.30581613508443   	  0.37523452157598497	  10.318949343339586
CUFF_NC.2781  	      533	  99.62476547842401   	  0.37523452157598497	   0.0
CUFF_NC.4262  	      533	  99.62476547842401   	  0.37523452157598497	   0.0
CUFF_NC.4231  	      533	  99.43714821763602   	  0.37523452157598497	   0.18761726078799248
CUFF_NC.4208  	      533	  99.43714821763602   	  0.37523452157598497	   0.18761726078799248
CUFF_NC.8005  	      533	  99.62476547842401   	  0.37523452157598497	   0.0
CUFF_NC.10572 	      533	  99.62476547842401   	  0.37523452157598497	   0.0
CUFF_NC.4100  	      533	  99.43714821763602   	  0.37523452157598497	   0.18761726078799248
CUFF_NC.4106  	      533	  99.24953095684803   	  0.37523452157598497	   0.37523452157598497
CUFF_NC.6575  	      533	  99.62476547842401   	  0.37523452157598497	   0.0
CUFF_NC.4080  	      533	  99.43714821763602   	  0.37523452157598497	   0.18761726078799248
CUFF_NC.7772  	      533	  39.77485928705441   	  0.37523452157598497	  59.849906191369605
CUFF_NC.7773  	      533	  53.47091932457786   	  0.37523452157598497	  46.15384615384615
CUFF_NC.2846  	      533	  99.62476547842401   	  0.37523452157598497	   0.0
CUFF_NC.7768  	      533	  88.93058161350844   	  0.37523452157598497	  10.694183864915573
CUFF_NC.46    	      533	  99.62476547842401   	  0.37523452157598497	   0.0
CUFF_NC.5035  	      533	  97.37335834896811   	  0.37523452157598497	   2.25140712945591
CUFF_NC.9754  	      533	  80.67542213883677   	  0.37523452157598497	  18.94934333958724
CUFF_NC.3866  	      533	  99.62476547842401   	  0.37523452157598497	   0.0
CUFF_NC.4078  	      533	  99.62476547842401   	  0.37523452157598497	   0.0
CUFF_NC.6546  	      533	  99.62476547842401   	  0.37523452157598497	   0.0
CUFF_NC.6548  	      533	  23.639774859287055  	  0.37523452157598497	  75.98499061913697
CUFF_NC.5010  	      533	  99.62476547842401   	  0.37523452157598497	   0.0
CUFF_NC.11382 	      533	  90.80675422138836   	  0.37523452157598497	   8.818011257035648
CUFF_NC.4970  	      533	  99.62476547842401   	  0.37523452157598497	   0.0
CUFF_NC.2241  	      533	  99.62476547842401   	  0.37523452157598497	   0.0
CUFF_NC.297   	      533	  99.62476547842401   	  0.37523452157598497	   0.0
CUFF_NC.9794  	      533	  99.24953095684803   	  0.37523452157598497	   0.37523452157598497
CUFF_NC.9789  	      533	  34.8968105065666    	  0.37523452157598497	  64.72795497185741
CUFF_NC.9603  	      533	  99.06191369606003   	  0.37523452157598497	   0.5628517823639775
CUFF_NC.2340  	      533	  98.49906191369607   	  0.37523452157598497	   1.125703564727955
CUFF_NC.6622  	      533	  99.06191369606003   	  0.37523452157598497	   0.5628517823639775
CUFF_NC.10848 	      533	  99.62476547842401   	  0.37523452157598497	   0.0
CUFF_NC.2420  	      533	  99.62476547842401   	  0.37523452157598497	   0.0
CUFF_NC.2424  	      533	  99.62476547842401   	  0.37523452157598497	   0.0
CUFF_NC.6907  	      533	  95.87242026266416   	  0.37523452157598497	   3.75234521575985
CUFF_NC.10859 	      533	  99.43714821763602   	  0.37523452157598497	   0.18761726078799248
CUFF_NC.4062  	      533	  97.37335834896811   	  0.37523452157598497	   2.25140712945591
CUFF_NC.3609  	      533	  99.24953095684803   	  0.37523452157598497	   0.37523452157598497
CUFF_NC.7196  	      533	  20.45028142589118   	  0.37523452157598497	  79.17448405253283
CUFF_NC.7429  	      533	  45.96622889305816   	  0.37523452157598497	  53.65853658536586
CUFF_NC.3251  	      533	  97.93621013133207   	  0.37523452157598497	   1.6885553470919326
CUFF_NC.10724 	      533	  70.1688555347092    	  0.37523452157598497	  29.45590994371482
CUFF_NC.10659 	      533	  99.62476547842401   	  0.37523452157598497	   0.0
CUFF_NC.10651 	      533	  99.62476547842401   	  0.37523452157598497	   0.0
CUFF_NC.2302  	      533	  99.06191369606003   	  0.37523452157598497	   0.5628517823639775
CUFF_NC.2303  	      533	  99.06191369606003   	  0.37523452157598497	   0.5628517823639775
CUFF_NC.7168  	      533	  99.62476547842401   	  0.37523452157598497	   0.0
CUFF_NC.8687  	      533	  99.62476547842401   	  0.37523452157598497	   0.0
CUFF_NC.7103  	      533	  99.62476547842401   	  0.37523452157598497	   0.0
CUFF_NC.10794 	      533	  99.62476547842401   	  0.37523452157598497	   0.0
CUFF_NC.6888  	      533	  97.74859287054409   	  0.37523452157598497	   1.876172607879925
CUFF_NC.6878  	      533	  56.28517823639775   	  0.37523452157598497	  43.33958724202627
CUFF_NC.10878 	      533	  99.62476547842401   	  0.37523452157598497	   0.0
CUFF_NC.6793-2	      533	  42.40150093808631   	  0.37523452157598497	  57.223264540337716
CUFF_NC.7038  	      533	  96.06003752345215   	  0.37523452157598497	   3.564727954971857
CUFF_NC.10817 	      533	  99.62476547842401   	  0.37523452157598497	   0.0
CUFF_NC.8565  	      533	  99.62476547842401   	  0.37523452157598497	   0.0
CUFF_NC.7163  	      533	  99.62476547842401   	  0.37523452157598497	   0.0
CUFF_NC.7955  	      533	  93.05816135084429   	  0.37523452157598497	   6.566604127579738
CUFF_NC.7944  	      533	  99.62476547842401   	  0.37523452157598497	   0.0
CUFF_NC.6050  	      533	  99.62476547842401   	  0.37523452157598497	   0.0
CUFF_NC.11055 	      533	  99.62476547842401   	  0.37523452157598497	   0.0
CUFF_NC.1460  	      533	   1.5009380863039399 	  0.37523452157598497	  98.12382739212008
CUFF_NC.2547  	      533	  99.62476547842401   	  0.37523452157598497	   0.0
CUFF_NC.1841  	      533	  93.05816135084429   	  0.37523452157598497	   6.566604127579738
CUFF_NC.1852  	      533	  86.11632270168855   	  0.37523452157598497	  13.50844277673546
CUFF_NC.2069  	      533	  99.43714821763602   	  0.37523452157598497	   0.18761726078799248
CUFF_NC.44    	      533	  99.43714821763602   	  0.37523452157598497	   0.18761726078799248
CUFF_NC.10283 	      533	  99.62476547842401   	  0.37523452157598497	   0.0
CUFF_NC.307   	      533	  99.43714821763602   	  0.37523452157598497	   0.18761726078799248
CUFF_NC.2075  	      533	  99.62476547842401   	  0.37523452157598497	   0.0
CUFF_NC.7725  	      533	  15.947467166979362  	  0.37523452157598497	  83.67729831144464
CUFF_NC.7869  	      533	  99.43714821763602   	  0.37523452157598497	   0.18761726078799248
CUFF_NC.8763  	      533	  99.62476547842401   	  0.37523452157598497	   0.0
CUFF_NC.4384  	      533	  99.62476547842401   	  0.37523452157598497	   0.0
CUFF_NC.4390  	      533	  99.62476547842401   	  0.37523452157598497	   0.0
CUFF_NC.4399  	      533	  99.62476547842401   	  0.37523452157598497	   0.0
CUFF_NC.2064  	      533	  86.30393996247655   	  0.37523452157598497	  13.320825515947469
CUFF_NC.838   	      533	  99.06191369606003   	  0.37523452157598497	   0.5628517823639775
CUFF_NC.3151  	      533	  85.55347091932458   	  0.37523452157598497	  14.071294559099437
CUFF_NC.7338  	      533	  99.62476547842401   	  0.37523452157598497	   0.0
CUFF_NC.7278  	      533	  99.62476547842401   	  0.37523452157598497	   0.0
CUFF_NC.7285  	      533	  97.93621013133207   	  0.37523452157598497	   1.6885553470919326
CUFF_NC.7251  	      533	  99.62476547842401   	  0.37523452157598497	   0.0
CUFF_NC.7226  	      533	  99.62476547842401   	  0.37523452157598497	   0.0
CUFF_NC.11009 	      533	  99.62476547842401   	  0.37523452157598497	   0.0
CUFF_NC.3394  	      533	  18.01125703564728   	  0.37523452157598497	  81.61350844277673
CUFF_NC.8936  	      533	  99.62476547842401   	  0.37523452157598497	   0.0
CUFF_NC.4028  	      533	   0.5628517823639775 	  0.37523452157598497	  99.06191369606003
CUFF_NC.4034  	      533	  99.62476547842401   	  0.37523452157598497	   0.0
CUFF_NC.4363  	      533	  99.62476547842401   	  0.37523452157598497	   0.0
CUFF_NC.4322  	      533	  99.24953095684803   	  0.37523452157598497	   0.37523452157598497
CUFF_NC.4302  	      533	  99.62476547842401   	  0.37523452157598497	   0.0
CUFF_NC.6454  	      533	  38.83677298311445   	  0.37523452157598497	  60.787992495309574
CUFF_NC.2924  	      533	  43.71482176360225   	  0.37523452157598497	  55.909943714821765
CUFF_NC.6472  	      533	  99.62476547842401   	  0.37523452157598497	   0.0
CUFF_NC.6450  	      533	  99.62476547842401   	  0.37523452157598497	   0.0
CUFF_NC.2909  	      533	  99.62476547842401   	  0.37523452157598497	   0.0
CUFF_NC.10315 	      533	  43.151969981238274  	  0.37523452157598497	  56.47279549718574
CUFF_NC.8789  	      533	  99.62476547842401   	  0.37523452157598497	   0.0
CUFF_NC.3107  	      533	  99.62476547842401   	  0.37523452157598497	   0.0
CUFF_NC.10326 	      533	   9.943714821763603  	  0.37523452157598497	  89.6810506566604
CUFF_NC.4280  	      533	  99.62476547842401   	  0.37523452157598497	   0.0
CUFF_NC.152   	      533	  99.62476547842401   	  0.37523452157598497	   0.0
CUFF_NC.8420  	      533	  99.62476547842401   	  0.37523452157598497	   0.0
CUFF_NC.8430  	      533	  99.62476547842401   	  0.37523452157598497	   0.0
CUFF_NC.10463 	      533	  99.62476547842401   	  0.37523452157598497	   0.0
CUFF_NC.8404  	      533	  99.62476547842401   	  0.37523452157598497	   0.0
CUFF_NC.7590  	      533	  88.18011257035647   	  0.37523452157598497	  11.44465290806754
CUFF_NC.756   	      533	  95.49718574108817   	  0.37523452157598497	   4.127579737335835
CUFF_NC.4403  	      533	  99.62476547842401   	  0.37523452157598497	   0.0
CUFF_NC.4381  	      533	  99.62476547842401   	  0.37523452157598497	   0.0
CUFF_NC.6983  	      533	  99.62476547842401   	  0.37523452157598497	   0.0
CUFF_NC.6984  	      533	  99.62476547842401   	  0.37523452157598497	   0.0
CUFF_NC.6931  	      533	  98.87429643527204   	  0.37523452157598497	   0.7504690431519699
CUFF_NC.2382  	      533	  99.43714821763602   	  0.37523452157598497	   0.18761726078799248
CUFF_NC.7167  	      533	  98.68667917448406   	  0.37523452157598497	   0.9380863039399625
CUFF_NC.10464 	      533	  99.43714821763602   	  0.37523452157598497	   0.18761726078799248
CUFF_NC.3181  	      268	  16.791044776119403  	  0.3731343283582089 	  82.83582089552239
CUFF_NC.5625  	      274	  14.5985401459854    	  0.36496350364963503	  85.03649635036497
CUFF_NC.7851  	      275	  98.18181818181819   	  0.36363636363636365	   1.4545454545454546
CUFF_NC.1119  	      278	  13.66906474820144   	  0.3597122302158274 	  85.97122302158273
CUFF_NC.1446  	      279	  12.903225806451612  	  0.35842293906810035	  86.73835125448028
CUFF_NC.10590 	      284	  95.07042253521126   	  0.35211267605633806	   4.577464788732395
CUFF_NC.6553  	      291	  97.9381443298969    	  0.3436426116838488 	   1.718213058419244
CUFF_NC.3423  	      299	  45.819397993311036  	  0.33444816053511706	  53.84615384615385
CUFF_NC.2116  	      299	  24.08026755852843   	  0.33444816053511706	  75.58528428093646
CUFF_NC.8358  	      309	  23.300970873786408  	  0.3236245954692557 	  76.37540453074433
CUFF_NC.3196  	      319	  45.76802507836991   	  0.3134796238244514 	  53.91849529780565
CUFF_NC.3745  	      319	  74.60815047021944   	  0.3134796238244514 	  25.07836990595611
CUFF_NC.8095  	      326	  96.93251533742331   	  0.3067484662576687 	   2.7607361963190185
CUFF_NC.6407  	      328	   7.926829268292683  	  0.3048780487804878 	  91.76829268292683
CUFF_NC.7649  	      333	  51.051051051051054  	  0.3003003003003003 	  48.64864864864865
CUFF_NC.8535  	      335	  97.31343283582089   	  0.2985074626865672 	   2.3880597014925375
CUFF_NC.1956  	      337	  68.5459940652819    	  0.2967359050445104 	  31.15727002967359
CUFF_NC.2280  	      341	   8.211143695014663  	  0.2932551319648094 	  91.49560117302052
CUFF_NC.4230  	      342	  11.11111111111111   	  0.29239766081871343	  88.59649122807018
CUFF_NC.5724  	      349	  93.98280802292264   	  0.28653295128939826	   5.730659025787966
CUFF_NC.6200  	      353	   3.39943342776204   	  0.28328611898017   	  96.3172804532578
CUFF_NC.6341  	      360	  40.55555555555556   	  0.2777777777777778 	  59.166666666666664
CUFF_NC.7646  	      367	  18.52861035422343   	  0.2724795640326975 	  81.19891008174388
CUFF_NC.6380  	      371	  38.81401617250674   	  0.2695417789757413 	  60.91644204851752
CUFF_NC.1972  	      372	  64.24731182795699   	  0.2688172043010753 	  35.483870967741936
CUFF_NC.2578  	      374	  97.32620320855615   	  0.267379679144385  	   2.406417112299465
CUFF_NC.611   	      374	  42.24598930481284   	  0.267379679144385  	  57.48663101604278
CUFF_NC.6348  	      381	  18.37270341207349   	  0.26246719160104987	  81.36482939632546
CUFF_NC.8086  	      391	  23.785166240409207  	  0.2557544757033248 	  75.95907928388746
CUFF_NC.7760  	      402	  75.3731343283582    	  0.24875621890547264	  24.378109452736318
CUFF_NC.1449  	      406	  13.054187192118228  	  0.24630541871921183	  86.69950738916256
CUFF_NC.3097  	      407	  27.27272727272727   	  0.2457002457002457 	  72.48157248157248
CUFF_NC.6404  	      412	  33.00970873786408   	  0.24271844660194172	  66.74757281553399
CUFF_NC.5783  	      414	  21.980676328502415  	  0.24154589371980675	  77.77777777777779
CUFF_NC.10225 	      415	  15.903614457831324  	  0.24096385542168677	  83.855421686747
CUFF_NC.9489  	      416	  98.5576923076923    	  0.2403846153846154 	   1.201923076923077
CUFF_NC.7258  	      420	  98.09523809523809   	  0.2380952380952381 	   1.6666666666666667
CUFF_NC.6413  	      420	   7.142857142857142  	  0.2380952380952381 	  92.61904761904762
CUFF_NC.6403  	      421	  34.441805225653205  	  0.23752969121140144	  65.32066508313538
CUFF_NC.486   	      421	  24.46555819477435   	  0.23752969121140144	  75.29691211401425
CUFF_NC.6160  	      423	  21.27659574468085   	  0.2364066193853428 	  78.4869976359338
CUFF_NC.10230 	      423	   8.037825059101655  	  0.2364066193853428 	  91.725768321513
CUFF_NC.2082  	      428	  78.03738317757009   	  0.23364485981308408	  21.72897196261682
CUFF_NC.2196  	      428	  98.13084112149532   	  0.23364485981308408	   1.6355140186915886
CUFF_NC.1496  	      433	   5.080831408775981  	  0.23094688221709006	  94.68822170900692
CUFF_NC.10468 	      436	  97.01834862385321   	  0.22935779816513763	   2.7522935779816518
CUFF_NC.350   	      436	  36.00917431192661   	  0.22935779816513763	  63.76146788990825
CUFF_NC.1311  	      437	  19.450800915331808  	  0.2288329519450801 	  80.32036613272311
CUFF_NC.7661  	      437	  14.416475972540047  	  0.2288329519450801 	  85.35469107551488
CUFF_NC.10703 	      438	  99.31506849315068   	  0.228310502283105  	   0.45662100456621
CUFF_NC.3642  	      443	  41.08352144469526   	  0.2257336343115124 	  58.69074492099323
CUFF_NC.4122  	      447	  14.093959731543624  	  0.22371364653243847	  85.68232662192393
CUFF_NC.7350  	      452	  13.274336283185843  	  0.22123893805309736	  86.50442477876106
CUFF_NC.6223  	      453	  12.803532008830022  	  0.22075055187637968	  86.9757174392936
CUFF_NC.3356  	      457	   6.12691466083151   	  0.2188183807439825 	  93.6542669584245
CUFF_NC.7374  	      457	   9.846827133479213  	  0.2188183807439825 	  89.93435448577681
CUFF_NC.7380  	      457	  92.5601750547046    	  0.2188183807439825 	   7.2210065645514225
CUFF_NC.3573  	      458	  15.283842794759824  	  0.21834061135371177	  84.49781659388647
CUFF_NC.7865  	      458	  97.37991266375546   	  0.21834061135371177	   2.4017467248908297
CUFF_NC.2731  	      459	  79.95642701525054   	  0.2178649237472767 	  19.825708061002178
CUFF_NC.3163  	      461	   5.206073752711497  	  0.21691973969631237	  94.57700650759219
CUFF_NC.6111  	      462	  13.203463203463203  	  0.21645021645021645	  86.58008658008657
CUFF_NC.10035 	      466	   8.369098712446352  	  0.2145922746781116 	  91.41630901287554
CUFF_NC.7538  	      466	   6.652360515021459  	  0.2145922746781116 	  93.13304721030042
CUFF_NC.6215  	      467	  18.41541755888651   	  0.21413276231263384	  81.37044967880087
CUFF_NC.9080  	      467	  27.194860813704498  	  0.21413276231263384	  72.59100642398288
CUFF_NC.1935  	      467	  19.914346895074946  	  0.21413276231263384	  79.87152034261243
CUFF_NC.108   	      469	  98.50746268656717   	  0.21321961620469082	   1.279317697228145
CUFF_NC.6488  	      471	  15.074309978768577  	  0.21231422505307856	  84.71337579617835
CUFF_NC.1403  	      471	   1.910828025477707  	  0.21231422505307856	  97.87685774946921
CUFF_NC.3169  	      474	  15.611814345991561  	  0.21097046413502107	  84.17721518987342
CUFF_NC.776   	      474	  17.932489451476794  	  0.21097046413502107	  81.85654008438819
CUFF_NC.5675  	      474	  81.22362869198312   	  0.21097046413502107	  18.565400843881857
CUFF_NC.1450  	      474	   7.172995780590717  	  0.21097046413502107	  92.61603375527426
CUFF_NC.3308  	      476	   5.88235294117647   	  0.21008403361344538	  93.90756302521008
CUFF_NC.3962  	      476	   1.050420168067227  	  0.21008403361344538	  98.73949579831933
CUFF_NC.1439  	      478	   7.322175732217573  	  0.20920502092050208	  92.46861924686193
CUFF_NC.7776  	      480	  53.333333333333336  	  0.20833333333333334	  46.458333333333336
CUFF_NC.6007  	      480	  11.875              	  0.20833333333333334	  87.91666666666667
CUFF_NC.1455  	      481	   3.118503118503119  	  0.2079002079002079 	  96.67359667359668
CUFF_NC.10531 	      481	  99.16839916839916   	  0.2079002079002079 	   0.6237006237006237
CUFF_NC.3205  	      481	  46.36174636174636   	  0.2079002079002079 	  53.43035343035343
CUFF_NC.10131 	      482	   4.771784232365145  	  0.2074688796680498 	  95.0207468879668
CUFF_NC.1322  	      482	  23.443983402489625  	  0.2074688796680498 	  76.34854771784232
CUFF_NC.7370  	      482	  31.950207468879665  	  0.2074688796680498 	  67.84232365145229
CUFF_NC.10032 	      483	   2.2774327122153206 	  0.2070393374741201 	  97.51552795031056
CUFF_NC.10153 	      483	  96.06625258799171   	  0.2070393374741201 	   3.7267080745341614
CUFF_NC.1302  	      484	  13.016528925619836  	  0.2066115702479339 	  86.77685950413223
CUFF_NC.10004 	      484	   8.057851239669422  	  0.2066115702479339 	  91.73553719008265
CUFF_NC.2338  	      485	  96.49484536082474   	  0.2061855670103093 	   3.2989690721649487
CUFF_NC.6086  	      485	  41.649484536082475  	  0.2061855670103093 	  58.14432989690722
CUFF_NC.6197  	      486	   3.7037037037037033 	  0.205761316872428  	  96.09053497942386
CUFF_NC.562   	      486	  99.58847736625515   	  0.205761316872428  	   0.205761316872428
CUFF_NC.6110  	      488	  55.32786885245902   	  0.20491803278688525	  44.4672131147541
CUFF_NC.6006  	      488	  20.901639344262296  	  0.20491803278688525	  78.89344262295081
CUFF_NC.3455  	      488	   9.631147540983607  	  0.20491803278688525	  90.1639344262295
CUFF_NC.1325  	      488	   6.557377049180328  	  0.20491803278688525	  93.23770491803278
CUFF_NC.3366  	      489	   3.067484662576687  	  0.2044989775051125 	  96.7280163599182
CUFF_NC.3159  	      489	   3.067484662576687  	  0.2044989775051125 	  96.7280163599182
CUFF_NC.1348  	      489	  17.177914110429448  	  0.2044989775051125 	  82.61758691206545
CUFF_NC.7347  	      491	   8.961303462321792  	  0.20366598778004072	  90.83503054989816
CUFF_NC.3330  	      493	   6.288032454361055  	  0.2028397565922921 	  93.50912778904666
CUFF_NC.6251  	      493	   8.72210953346856   	  0.2028397565922921 	  91.07505070993915
CUFF_NC.1414  	      495	  36.96969696969697   	  0.20202020202020202	  62.82828282828283
CUFF_NC.3600  	      496	  99.19354838709677   	  0.20161290322580644	   0.6048387096774194
CUFF_NC.10086 	      496	  11.693548387096774  	  0.20161290322580644	  88.10483870967742
CUFF_NC.6048  	      498	  97.99196787148594   	  0.2008032128514056 	   1.8072289156626504
CUFF_NC.1415  	      498	  45.18072289156627   	  0.2008032128514056 	  54.61847389558233
CUFF_NC.3897  	      498	   4.417670682730924  	  0.2008032128514056 	  95.38152610441767
CUFF_NC.1426  	      498	  97.99196787148594   	  0.2008032128514056 	   1.8072289156626504
CUFF_NC.3309  	      499	  98.99799599198397   	  0.2004008016032064 	   0.8016032064128256
CUFF_NC.9939  	      500	  45.4                	  0.2                	  54.400000000000006
CUFF_NC.3357  	      500	   3.5999999999999996 	  0.2                	  96.2
CUFF_NC.7580  	      501	  27.54491017964072   	  0.19960079840319359	  72.2554890219561
CUFF_NC.6515  	      501	  40.7185628742515    	  0.19960079840319359	  59.08183632734531
CUFF_NC.1343  	      503	   8.34990059642147   	  0.19880715705765406	  91.45129224652088
CUFF_NC.3350  	      503	   2.982107355864811  	  0.19880715705765406	  96.81908548707754
CUFF_NC.610   	      503	  53.47912524850894   	  0.19880715705765406	  46.3220675944334
CUFF_NC.10077 	      504	   6.15079365079365   	  0.1984126984126984 	  93.65079365079364
CUFF_NC.3517  	      504	  90.27777777777779   	  0.1984126984126984 	   9.523809523809524
CUFF_NC.6090  	      505	   3.3663366336633667 	  0.19801980198019803	  96.43564356435644
CUFF_NC.3101  	      506	  15.810276679841898  	  0.1976284584980237 	  83.99209486166008
CUFF_NC.6476  	      507	  97.43589743589743   	  0.19723865877712032	   2.366863905325444
CUFF_NC.9914  	      507	  15.779092702169626  	  0.19723865877712032	  84.02366863905326
CUFF_NC.9771  	      509	  40.078585461689585  	  0.19646365422396855	  59.72495088408645
CUFF_NC.7603  	      510	   7.647058823529412  	  0.19607843137254902	  92.15686274509804
CUFF_NC.5233  	      510	   2.549019607843137  	  0.19607843137254902	  97.25490196078431
CUFF_NC.9222  	      510	   1.7647058823529411 	  0.19607843137254902	  98.0392156862745
CUFF_NC.8002  	      510	   1.5686274509803921 	  0.19607843137254902	  98.23529411764706
CUFF_NC.6693  	      512	   4.8828125          	  0.1953125          	  94.921875
CUFF_NC.2511  	      514	   8.560311284046692  	  0.19455252918287938	  91.24513618677042
CUFF_NC.1438  	      514	   6.031128404669261  	  0.19455252918287938	  93.77431906614785
CUFF_NC.9850  	      514	  99.80544747081711   	  0.19455252918287938	   0.0
CUFF_NC.5845  	      516	   1.744186046511628  	  0.1937984496124031 	  98.06201550387597
CUFF_NC.5872  	      517	  98.8394584139265    	  0.19342359767891684	   0.9671179883945842
CUFF_NC.5990  	      517	  98.8394584139265    	  0.19342359767891684	   0.9671179883945842
CUFF_NC.6565  	      518	  65.44401544401545   	  0.19305019305019305	  34.36293436293436
CUFF_NC.7801  	      518	  99.61389961389962   	  0.19305019305019305	   0.19305019305019305
CUFF_NC.6350  	      519	   4.8169556840077075 	  0.1926782273603083 	  94.99036608863199
CUFF_NC.6367  	      519	  43.73795761078998   	  0.1926782273603083 	  56.06936416184971
CUFF_NC.3200  	      519	   2.5048169556840074 	  0.1926782273603083 	  97.30250481695568
CUFF_NC.10087 	      519	   2.697495183044316  	  0.1926782273603083 	  97.10982658959537
CUFF_NC.5857  	      519	  80.34682080924856   	  0.1926782273603083 	  19.460500963391137
CUFF_NC.3432  	      519	   7.89980732177264   	  0.1926782273603083 	  91.90751445086705
CUFF_NC.6262  	      520	  47.11538461538461   	  0.19230769230769232	  52.69230769230769
CUFF_NC.6362  	      520	  18.461538461538463  	  0.19230769230769232	  81.34615384615384
CUFF_NC.2109  	      520	   5.769230769230769  	  0.19230769230769232	  94.03846153846153
CUFF_NC.9528  	      521	  99.80806142034548   	  0.19193857965451055	   0.0
CUFF_NC.10056 	      521	   4.606525911708253  	  0.19193857965451055	  95.20153550863724
CUFF_NC.7334  	      521	  98.2725527831094    	  0.19193857965451055	   1.5355086372360844
CUFF_NC.3302  	      521	  11.516314779270633  	  0.19193857965451055	  88.29174664107485
CUFF_NC.6131  	      521	   8.253358925143955  	  0.19193857965451055	  91.55470249520154
CUFF_NC.10551 	      521	  67.75431861804223   	  0.19193857965451055	  32.05374280230326
CUFF_NC.3162  	      521	  10.9404990403071    	  0.19193857965451055	  88.8675623800384
CUFF_NC.6879  	      522	  99.80842911877394   	  0.19157088122605362	   0.0
CUFF_NC.10191 	      522	  19.923371647509576  	  0.19157088122605362	  79.88505747126436
CUFF_NC.3144  	      522	   1.532567049808429  	  0.19157088122605362	  98.27586206896551
CUFF_NC.6880  	      523	  99.80879541108987   	  0.19120458891013384	   0.0
CUFF_NC.6008  	      523	  15.678776290630974  	  0.19120458891013384	  84.13001912045888
CUFF_NC.1392  	      523	   2.1032504780114722 	  0.19120458891013384	  97.70554493307839
CUFF_NC.6400  	      523	  82.21797323135756   	  0.19120458891013384	  17.590822179732314
CUFF_NC.8158  	      523	  25.812619502868067  	  0.19120458891013384	  73.9961759082218
CUFF_NC.8180  	      523	  99.61759082217974   	  0.19120458891013384	   0.19120458891013384
CUFF_NC.7502  	      523	   4.015296367112811  	  0.19120458891013384	  95.79349904397706
CUFF_NC.3043  	      524	  25.763358778625957  	  0.19083969465648853	  74.04580152671755
CUFF_NC.4515  	      524	   2.480916030534351  	  0.19083969465648853	  97.32824427480917
CUFF_NC.7483  	      524	   2.480916030534351  	  0.19083969465648853	  97.32824427480917
CUFF_NC.1355  	      524	   9.541984732824428  	  0.19083969465648853	  90.2671755725191
CUFF_NC.7391  	      524	   7.633587786259542  	  0.19083969465648853	  92.17557251908397
CUFF_NC.555   	      524	  23.473282442748094  	  0.19083969465648853	  76.33587786259542
CUFF_NC.7487  	      524	   0.19083969465648853	  0.19083969465648853	  99.61832061068702
CUFF_NC.6178  	      524	  26.14503816793893   	  0.19083969465648853	  73.66412213740458
CUFF_NC.6126  	      525	  33.14285714285714   	  0.19047619047619047	  66.66666666666666
CUFF_NC.7466  	      525	  92.38095238095238   	  0.19047619047619047	   7.428571428571429
CUFF_NC.6357  	      525	   7.0476190476190474 	  0.19047619047619047	  92.76190476190476
CUFF_NC.943   	      525	  27.42857142857143   	  0.19047619047619047	  72.38095238095238
CUFF_NC.1345  	      525	  16.952380952380953  	  0.19047619047619047	  82.85714285714286
CUFF_NC.7796  	      526	  11.596958174904943  	  0.19011406844106463	  88.212927756654
CUFF_NC.2155  	      526	  35.741444866920155  	  0.19011406844106463	  64.06844106463878
CUFF_NC.6083  	      526	  92.01520912547528   	  0.19011406844106463	   7.79467680608365
CUFF_NC.7365  	      526	  14.638783269961978  	  0.19011406844106463	  85.17110266159695
CUFF_NC.4021  	      526	   0.19011406844106463	  0.19011406844106463	  99.61977186311786
CUFF_NC.5910  	      526	   1.1406844106463878 	  0.19011406844106463	  98.66920152091255
CUFF_NC.1295  	      527	  95.44592030360532   	  0.18975332068311196	   4.364326375711575
CUFF_NC.5953  	      527	  46.67931688804554   	  0.18975332068311196	  53.13092979127134
CUFF_NC.6260  	      527	   3.0360531309297913 	  0.18975332068311196	  96.7741935483871
CUFF_NC.1397  	      527	  95.06641366223909   	  0.18975332068311196	   4.743833017077799
CUFF_NC.9978  	      527	  44.97153700189753   	  0.18975332068311196	  54.83870967741935
CUFF_NC.3436  	      527	   3.795066413662239  	  0.18975332068311196	  96.01518026565465
CUFF_NC.2088  	      527	  80.45540796963947   	  0.18975332068311196	  19.35483870967742
CUFF_NC.9979  	      527	  45.35104364326376   	  0.18975332068311196	  54.459203036053125
CUFF_NC.6187  	      528	   1.1363636363636365 	  0.1893939393939394 	  98.67424242424242
CUFF_NC.1977  	      528	   7.007575757575757  	  0.1893939393939394 	  92.8030303030303
CUFF_NC.9779  	      528	   4.924242424242424  	  0.1893939393939394 	  94.88636363636364
CUFF_NC.8131  	      528	  70.26515151515152   	  0.1893939393939394 	  29.545454545454547
CUFF_NC.3352  	      528	   0.7575757575757576 	  0.1893939393939394 	  99.0530303030303
CUFF_NC.6241  	      528	  11.931818181818182  	  0.1893939393939394 	  87.87878787878788
CUFF_NC.9977  	      528	   3.0303030303030303 	  0.1893939393939394 	  96.78030303030303
CUFF_NC.10064 	      528	   1.1363636363636365 	  0.1893939393939394 	  98.67424242424242
CUFF_NC.3492  	      528	   1.893939393939394  	  0.1893939393939394 	  97.91666666666666
CUFF_NC.8754-2	      528	  99.43181818181817   	  0.1893939393939394 	   0.3787878787878788
CUFF_NC.5484  	      528	  82.00757575757575   	  0.1893939393939394 	  17.803030303030305
CUFF_NC.3488  	      529	  84.12098298676749   	  0.1890359168241966 	  15.689981096408317
CUFF_NC.1178  	      529	  99.05482041587902   	  0.1890359168241966 	   0.7561436672967864
CUFF_NC.3130  	      529	  17.391304347826086  	  0.1890359168241966 	  82.41965973534971
CUFF_NC.2512  	      529	   3.780718336483932  	  0.1890359168241966 	  96.03024574669186
CUFF_NC.6305  	      529	   2.0793950850661624 	  0.1890359168241966 	  97.73156899810964
CUFF_NC.3396  	      529	   6.427221172022684  	  0.1890359168241966 	  93.38374291115312
CUFF_NC.5970  	      529	  22.117202268431     	  0.1890359168241966 	  77.6937618147448
CUFF_NC.1954  	      529	  99.8109640831758    	  0.1890359168241966 	   0.0
CUFF_NC.2004  	      529	  29.678638941398866  	  0.1890359168241966 	  70.13232514177695
CUFF_NC.4666  	      529	  99.05482041587902   	  0.1890359168241966 	   0.7561436672967864
CUFF_NC.10161 	      529	  99.62192816635161   	  0.1890359168241966 	   0.1890359168241966
CUFF_NC.7494  	      529	   1.7013232514177694 	  0.1890359168241966 	  98.10964083175804
CUFF_NC.1391  	      530	   0.0                	  0.18867924528301888	  99.81132075471699
CUFF_NC.6326  	      530	   5.660377358490567  	  0.18867924528301888	  94.15094339622641
CUFF_NC.6061  	      530	   0.5660377358490566 	  0.18867924528301888	  99.24528301886792
CUFF_NC.1266  	      530	   4.150943396226415  	  0.18867924528301888	  95.66037735849056
CUFF_NC.6507  	      530	  98.86792452830188   	  0.18867924528301888	   0.9433962264150944
CUFF_NC.3129  	      530	  17.358490566037734  	  0.18867924528301888	  82.45283018867924
CUFF_NC.7479  	      530	   8.11320754716981   	  0.18867924528301888	  91.69811320754717
CUFF_NC.6292  	      530	  86.60377358490567   	  0.18867924528301888	  13.20754716981132
CUFF_NC.3397  	      530	   3.207547169811321  	  0.18867924528301888	  96.60377358490567
CUFF_NC.3457  	      530	  29.245283018867923  	  0.18867924528301888	  70.56603773584905
CUFF_NC.9531  	      530	  52.264150943396224  	  0.18867924528301888	  47.54716981132076
CUFF_NC.11047 	      530	  99.81132075471699   	  0.18867924528301888	   0.0
CUFF_NC.6127  	      530	   1.1320754716981132 	  0.18867924528301888	  98.67924528301887
CUFF_NC.10157 	      530	  99.62264150943396   	  0.18867924528301888	   0.18867924528301888
CUFF_NC.7450  	      531	   5.273069679849341  	  0.18832391713747645	  94.53860640301318
CUFF_NC.6441  	      531	   4.143126177024483  	  0.18832391713747645	  95.66854990583803
CUFF_NC.1523  	      531	  21.468926553672315  	  0.18832391713747645	  78.3427495291902
CUFF_NC.9954  	      531	  22.4105461393597    	  0.18832391713747645	  77.40112994350282
CUFF_NC.1074  	      531	  95.48022598870057   	  0.18832391713747645	   4.3314500941619585
CUFF_NC.3444  	      531	   2.4482109227871938 	  0.18832391713747645	  97.36346516007532
CUFF_NC.8176  	      531	  99.2467043314501    	  0.18832391713747645	   0.5649717514124294
CUFF_NC.1075  	      531	  13.74764595103578   	  0.18832391713747645	  86.06403013182674
CUFF_NC.9460  	      531	   2.2598870056497176 	  0.18832391713747645	  97.5517890772128
CUFF_NC.1130  	      531	  17.325800376647834  	  0.18832391713747645	  82.48587570621469
CUFF_NC.7947  	      531	  97.74011299435028   	  0.18832391713747645	   2.0715630885122414
CUFF_NC.6417  	      531	  58.00376647834275   	  0.18832391713747645	  41.80790960451977
CUFF_NC.5237  	      531	  99.43502824858757   	  0.18832391713747645	   0.3766478342749529
CUFF_NC.3568  	      531	  36.346516007532955  	  0.18832391713747645	  63.465160075329564
CUFF_NC.7255  	      531	   5.084745762711865  	  0.18832391713747645	  94.72693032015066
CUFF_NC.6391  	      531	   2.4482109227871938 	  0.18832391713747645	  97.36346516007532
CUFF_NC.7505  	      531	   2.824858757062147  	  0.18832391713747645	  96.98681732580037
CUFF_NC.9947  	      531	   3.0131826741996233 	  0.18832391713747645	  96.7984934086629
CUFF_NC.4494  	      531	  99.62335216572504   	  0.18832391713747645	   0.18832391713747645
CUFF_NC.10073 	      531	  97.17514124293785   	  0.18832391713747645	   2.6365348399246704
CUFF_NC.10521 	      531	  10.357815442561206  	  0.18832391713747645	  89.45386064030131
CUFF_NC.1422  	      531	   6.0263653483992465 	  0.18832391713747645	  93.78531073446328
CUFF_NC.6788  	      531	  99.81167608286252   	  0.18832391713747645	   0.0
CUFF_NC.7451  	      531	   5.273069679849341  	  0.18832391713747645	  94.53860640301318
CUFF_NC.5498  	      532	  99.81203007518798   	  0.18796992481203006	   0.0
CUFF_NC.10066 	      532	  69.73684210526315   	  0.18796992481203006	  30.075187969924812
CUFF_NC.3187  	      532	   9.210526315789473  	  0.18796992481203006	  90.6015037593985
CUFF_NC.1129  	      532	  11.466165413533833  	  0.18796992481203006	  88.34586466165413
CUFF_NC.3418  	      532	   3.195488721804511  	  0.18796992481203006	  96.61654135338345
CUFF_NC.1373  	      532	   9.398496240601503  	  0.18796992481203006	  90.41353383458647
CUFF_NC.1989  	      532	  99.62406015037594   	  0.18796992481203006	   0.18796992481203006
CUFF_NC.4546  	      532	   0.7518796992481203 	  0.18796992481203006	  99.06015037593986
CUFF_NC.8963  	      532	  99.24812030075188   	  0.18796992481203006	   0.5639097744360901
CUFF_NC.10239 	      532	  96.42857142857143   	  0.18796992481203006	   3.3834586466165413
CUFF_NC.3516  	      532	  53.75939849624061   	  0.18796992481203006	  46.05263157894737
CUFF_NC.7616  	      532	  81.39097744360903   	  0.18796992481203006	  18.421052631578945
CUFF_NC.10351 	      532	  99.06015037593986   	  0.18796992481203006	   0.7518796992481203
CUFF_NC.1162  	      532	  99.24812030075188   	  0.18796992481203006	   0.5639097744360901
CUFF_NC.1245  	      532	  28.007518796992482  	  0.18796992481203006	  71.80451127819549
CUFF_NC.6089  	      532	  78.19548872180451   	  0.18796992481203006	  21.616541353383457
CUFF_NC.7812  	      532	  15.037593984962406  	  0.18796992481203006	  84.77443609022556
CUFF_NC.2827  	      532	  99.62406015037594   	  0.18796992481203006	   0.18796992481203006
CUFF_NC.1721  	      532	  99.43609022556392   	  0.18796992481203006	   0.37593984962406013
CUFF_NC.10143 	      532	  94.3609022556391    	  0.18796992481203006	   5.451127819548872
CUFF_NC.5728  	      532	  21.992481203007518  	  0.18796992481203006	  77.81954887218046
CUFF_NC.3485  	      532	  44.3609022556391    	  0.18796992481203006	  55.45112781954887
CUFF_NC.3556  	      532	  19.360902255639097  	  0.18796992481203006	  80.45112781954887
CUFF_NC.3083  	      532	  31.015037593984964  	  0.18796992481203006	  68.796992481203
CUFF_NC.7702  	      532	  96.99248120300751   	  0.18796992481203006	   2.819548872180451
CUFF_NC.1170  	      532	  29.887218045112785  	  0.18796992481203006	  69.92481203007519
CUFF_NC.3484  	      532	  43.233082706766915  	  0.18796992481203006	  56.57894736842105
CUFF_NC.8198  	      532	  99.43609022556392   	  0.18796992481203006	   0.37593984962406013
CUFF_NC.9149  	      532	  99.43609022556392   	  0.18796992481203006	   0.37593984962406013
CUFF_NC.6713  	      532	  99.81203007518798   	  0.18796992481203006	   0.0
CUFF_NC.6103  	      532	  93.98496240601504   	  0.18796992481203006	   5.827067669172932
CUFF_NC.6062  	      532	   0.37593984962406013	  0.18796992481203006	  99.43609022556392
CUFF_NC.2214  	      532	   8.270676691729323  	  0.18796992481203006	  91.54135338345864
CUFF_NC.4596  	      532	  18.045112781954884  	  0.18796992481203006	  81.76691729323309
CUFF_NC.6877  	      532	   0.18796992481203006	  0.18796992481203006	  99.62406015037594
CUFF_NC.2213  	      532	   6.954887218045112  	  0.18796992481203006	  92.85714285714286
CUFF_NC.6585  	      532	  54.13533834586466   	  0.18796992481203006	  45.67669172932331
CUFF_NC.1240  	      532	   3.9473684210526314 	  0.18796992481203006	  95.86466165413535
CUFF_NC.6414  	      532	   5.827067669172932  	  0.18796992481203006	  93.98496240601504
CUFF_NC.249   	      533	  99.812382739212     	  0.18761726078799248	   0.0
CUFF_NC.207   	      533	  99.812382739212     	  0.18761726078799248	   0.0
CUFF_NC.9559  	      533	  99.812382739212     	  0.18761726078799248	   0.0
CUFF_NC.11110 	      533	  99.43714821763602   	  0.18761726078799248	   0.37523452157598497
CUFF_NC.8745  	      533	  99.812382739212     	  0.18761726078799248	   0.0
CUFF_NC.8733  	      533	  99.812382739212     	  0.18761726078799248	   0.0
CUFF_NC.2553  	      533	  99.812382739212     	  0.18761726078799248	   0.0
CUFF_NC.747   	      533	  99.43714821763602   	  0.18761726078799248	   0.37523452157598497
CUFF_NC.5082  	      533	  99.812382739212     	  0.18761726078799248	   0.0
CUFF_NC.10988 	      533	  99.812382739212     	  0.18761726078799248	   0.0
CUFF_NC.7471  	      533	  76.54784240150094   	  0.18761726078799248	  23.26454033771107
CUFF_NC.3380  	      533	  54.971857410881796  	  0.18761726078799248	  44.8405253283302
CUFF_NC.8021  	      533	  99.812382739212     	  0.18761726078799248	   0.0
CUFF_NC.2225  	      533	  42.026266416510325  	  0.18761726078799248	  57.78611632270169
CUFF_NC.2654  	      533	  99.812382739212     	  0.18761726078799248	   0.0
CUFF_NC.6509  	      533	  98.31144465290807   	  0.18761726078799248	   1.5009380863039399
CUFF_NC.9570  	      533	  98.49906191369607   	  0.18761726078799248	   1.3133208255159476
CUFF_NC.1256  	      533	  79.36210131332082   	  0.18761726078799248	  20.45028142589118
CUFF_NC.8600  	      533	  99.812382739212     	  0.18761726078799248	   0.0
CUFF_NC.4321  	      533	  98.87429643527204   	  0.18761726078799248	   0.9380863039399625
CUFF_NC.10154 	      533	  96.06003752345215   	  0.18761726078799248	   3.75234521575985
CUFF_NC.5878  	      533	   2.8142589118198873 	  0.18761726078799248	  96.99812382739212
CUFF_NC.2956  	      533	  99.812382739212     	  0.18761726078799248	   0.0
CUFF_NC.2655  	      533	  99.812382739212     	  0.18761726078799248	   0.0
CUFF_NC.748   	      533	  99.812382739212     	  0.18761726078799248	   0.0
CUFF_NC.7837  	      533	  99.812382739212     	  0.18761726078799248	   0.0
CUFF_NC.1094  	      533	  99.812382739212     	  0.18761726078799248	   0.0
CUFF_NC.1135  	      533	  99.62476547842401   	  0.18761726078799248	   0.18761726078799248
CUFF_NC.6494  	      533	  99.62476547842401   	  0.18761726078799248	   0.18761726078799248
CUFF_NC.8039  	      533	  99.43714821763602   	  0.18761726078799248	   0.37523452157598497
CUFF_NC.9412  	      533	  96.06003752345215   	  0.18761726078799248	   3.75234521575985
CUFF_NC.6491  	      533	  99.62476547842401   	  0.18761726078799248	   0.18761726078799248
CUFF_NC.6495  	      533	  99.62476547842401   	  0.18761726078799248	   0.18761726078799248
CUFF_NC.7371  	      533	  57.035647279549714  	  0.18761726078799248	  42.77673545966229
CUFF_NC.1709  	      533	  82.92682926829268   	  0.18761726078799248	  16.885553470919323
CUFF_NC.8036  	      533	  99.62476547842401   	  0.18761726078799248	   0.18761726078799248
CUFF_NC.1714  	      533	  87.99249530956847   	  0.18761726078799248	  11.819887429643527
CUFF_NC.4838  	      533	  99.812382739212     	  0.18761726078799248	   0.0
CUFF_NC.9030  	      533	  99.812382739212     	  0.18761726078799248	   0.0
CUFF_NC.3463  	      533	   1.3133208255159476 	  0.18761726078799248	  98.49906191369607
CUFF_NC.10364 	      533	  99.62476547842401   	  0.18761726078799248	   0.18761726078799248
CUFF_NC.3416  	      533	  36.02251407129456   	  0.18761726078799248	  63.789868667917446
CUFF_NC.256   	      533	  99.62476547842401   	  0.18761726078799248	   0.18761726078799248
CUFF_NC.6490  	      533	  99.43714821763602   	  0.18761726078799248	   0.37523452157598497
CUFF_NC.8033  	      533	  96.99812382739212   	  0.18761726078799248	   2.8142589118198873
CUFF_NC.8038  	      533	  98.49906191369607   	  0.18761726078799248	   1.3133208255159476
CUFF_NC.8631  	      533	  99.62476547842401   	  0.18761726078799248	   0.18761726078799248
CUFF_NC.2867  	      533	  99.812382739212     	  0.18761726078799248	   0.0
CUFF_NC.1545  	      533	  99.62476547842401   	  0.18761726078799248	   0.18761726078799248
CUFF_NC.4817  	      533	  99.812382739212     	  0.18761726078799248	   0.0
CUFF_NC.1299  	      533	   0.18761726078799248	  0.18761726078799248	  99.62476547842401
CUFF_NC.2876  	      533	  98.49906191369607   	  0.18761726078799248	   1.3133208255159476
CUFF_NC.9011  	      533	  99.812382739212     	  0.18761726078799248	   0.0
CUFF_NC.2130  	      533	   6.0037523452157595 	  0.18761726078799248	  93.80863039399625
CUFF_NC.8103  	      533	  99.812382739212     	  0.18761726078799248	   0.0
CUFF_NC.5174  	      533	  99.812382739212     	  0.18761726078799248	   0.0
CUFF_NC.4233  	      533	  99.812382739212     	  0.18761726078799248	   0.0
CUFF_NC.10548 	      533	  99.812382739212     	  0.18761726078799248	   0.0
CUFF_NC.4796  	      533	  99.812382739212     	  0.18761726078799248	   0.0
CUFF_NC.269   	      533	  99.43714821763602   	  0.18761726078799248	   0.37523452157598497
CUFF_NC.10552 	      533	  99.812382739212     	  0.18761726078799248	   0.0
CUFF_NC.6591  	      533	  27.01688555347092   	  0.18761726078799248	  72.79549718574108
CUFF_NC.5141  	      533	  99.812382739212     	  0.18761726078799248	   0.0
CUFF_NC.10946 	      533	  98.87429643527204   	  0.18761726078799248	   0.9380863039399625
CUFF_NC.4242  	      533	  99.812382739212     	  0.18761726078799248	   0.0
CUFF_NC.270   	      533	  99.06191369606003   	  0.18761726078799248	   0.7504690431519699
CUFF_NC.4184  	      533	  97.18574108818011   	  0.18761726078799248	   2.6266416510318953
CUFF_NC.2646  	      533	  99.62476547842401   	  0.18761726078799248	   0.18761726078799248
CUFF_NC.3667  	      533	  91.93245778611632   	  0.18761726078799248	   7.879924953095685
CUFF_NC.1678  	      533	  12.757973733583489  	  0.18761726078799248	  87.05440900562851
CUFF_NC.1674  	      533	  95.1219512195122    	  0.18761726078799248	   4.690431519699812
CUFF_NC.1541  	      533	   9.568480300187618  	  0.18761726078799248	  90.2439024390244
CUFF_NC.4825  	      533	  97.74859287054409   	  0.18761726078799248	   2.0637898686679175
CUFF_NC.3335  	      533	   0.18761726078799248	  0.18761726078799248	  99.62476547842401
CUFF_NC.953   	      533	  80.86303939962477   	  0.18761726078799248	  18.94934333958724
CUFF_NC.257   	      533	  99.62476547842401   	  0.18761726078799248	   0.18761726078799248
CUFF_NC.9504  	      533	  99.812382739212     	  0.18761726078799248	   0.0
CUFF_NC.8983  	      533	  99.62476547842401   	  0.18761726078799248	   0.18761726078799248
CUFF_NC.420   	      533	  99.06191369606003   	  0.18761726078799248	   0.7504690431519699
CUFF_NC.11320 	      533	  99.812382739212     	  0.18761726078799248	   0.0
CUFF_NC.5803  	      533	  99.43714821763602   	  0.18761726078799248	   0.37523452157598497
CUFF_NC.6623  	      533	  84.42776735459663   	  0.18761726078799248	  15.384615384615385
CUFF_NC.8617  	      533	  99.62476547842401   	  0.18761726078799248	   0.18761726078799248
CUFF_NC.9529  	      533	  99.812382739212     	  0.18761726078799248	   0.0
CUFF_NC.2552  	      533	  99.812382739212     	  0.18761726078799248	   0.0
CUFF_NC.10971 	      533	  97.74859287054409   	  0.18761726078799248	   2.0637898686679175
CUFF_NC.4284  	      533	  99.812382739212     	  0.18761726078799248	   0.0
CUFF_NC.6551  	      533	  17.4484052532833    	  0.18761726078799248	  82.36397748592871
CUFF_NC.781   	      533	  97.74859287054409   	  0.18761726078799248	   2.0637898686679175
CUFF_NC.9000  	      533	  99.43714821763602   	  0.18761726078799248	   0.37523452157598497
CUFF_NC.2687  	      533	  44.652908067542214  	  0.18761726078799248	  55.1594746716698
CUFF_NC.8695  	      533	  36.96060037523452   	  0.18761726078799248	  62.851782363977485
CUFF_NC.10949 	      533	   3.0018761726078798 	  0.18761726078799248	  96.81050656660413
CUFF_NC.7458  	      533	  99.62476547842401   	  0.18761726078799248	   0.18761726078799248
CUFF_NC.5847  	      533	  99.812382739212     	  0.18761726078799248	   0.0
CUFF_NC.8689  	      533	  99.24953095684803   	  0.18761726078799248	   0.5628517823639775
CUFF_NC.7788  	      533	  99.812382739212     	  0.18761726078799248	   0.0
CUFF_NC.1274  	      533	  25.328330206378986  	  0.18761726078799248	  74.48405253283302
CUFF_NC.478   	      533	  99.812382739212     	  0.18761726078799248	   0.0
CUFF_NC.6500  	      533	  97.5609756097561    	  0.18761726078799248	   2.25140712945591
CUFF_NC.6501  	      533	  99.812382739212     	  0.18761726078799248	   0.0
CUFF_NC.1987  	      533	  99.62476547842401   	  0.18761726078799248	   0.18761726078799248
CUFF_NC.7459  	      533	   8.25515947467167   	  0.18761726078799248	  91.55722326454033
CUFF_NC.7432  	      533	  99.62476547842401   	  0.18761726078799248	   0.18761726078799248
CUFF_NC.4257  	      533	  99.812382739212     	  0.18761726078799248	   0.0
CUFF_NC.10953 	      533	  99.62476547842401   	  0.18761726078799248	   0.18761726078799248
CUFF_NC.7431  	      533	  40.71294559099437   	  0.18761726078799248	  59.09943714821764
CUFF_NC.2469  	      533	  96.24765478424015   	  0.18761726078799248	   3.564727954971857
CUFF_NC.4251  	      533	  99.62476547842401   	  0.18761726078799248	   0.18761726078799248
CUFF_NC.3011  	      533	  97.18574108818011   	  0.18761726078799248	   2.6266416510318953
CUFF_NC.6141  	      533	   6.0037523452157595 	  0.18761726078799248	  93.80863039399625
CUFF_NC.9466  	      533	  99.43714821763602   	  0.18761726078799248	   0.37523452157598497
CUFF_NC.10388 	      533	  94.18386491557223   	  0.18761726078799248	   5.628517823639775
CUFF_NC.8060  	      533	  92.6829268292683    	  0.18761726078799248	   7.129455909943714
CUFF_NC.1072  	      533	  99.812382739212     	  0.18761726078799248	   0.0
CUFF_NC.6643  	      533	  99.812382739212     	  0.18761726078799248	   0.0
CUFF_NC.4275  	      533	  99.812382739212     	  0.18761726078799248	   0.0
CUFF_NC.6562  	      533	  99.812382739212     	  0.18761726078799248	   0.0
CUFF_NC.5831  	      533	  99.812382739212     	  0.18761726078799248	   0.0
CUFF_NC.657   	      533	  15.75984990619137   	  0.18761726078799248	  84.05253283302065
CUFF_NC.8669  	      533	  99.812382739212     	  0.18761726078799248	   0.0
CUFF_NC.8052  	      533	  58.348968105065666  	  0.18761726078799248	  41.46341463414634
CUFF_NC.8922  	      533	  99.62476547842401   	  0.18761726078799248	   0.18761726078799248
CUFF_NC.11063 	      533	  99.62476547842401   	  0.18761726078799248	   0.18761726078799248
CUFF_NC.10305 	      533	  93.99624765478424   	  0.18761726078799248	   5.816135084427768
CUFF_NC.10256 	      533	  99.06191369606003   	  0.18761726078799248	   0.7504690431519699
CUFF_NC.10670 	      533	  99.812382739212     	  0.18761726078799248	   0.0
CUFF_NC.2293  	      533	  99.812382739212     	  0.18761726078799248	   0.0
CUFF_NC.9178  	      533	  96.81050656660413   	  0.18761726078799248	   3.0018761726078798
CUFF_NC.1197  	      533	  99.62476547842401   	  0.18761726078799248	   0.18761726078799248
CUFF_NC.1535  	      533	  99.812382739212     	  0.18761726078799248	   0.0
CUFF_NC.5782  	      533	  99.812382739212     	  0.18761726078799248	   0.0
CUFF_NC.9182  	      533	  99.62476547842401   	  0.18761726078799248	   0.18761726078799248
CUFF_NC.4597  	      533	  98.87429643527204   	  0.18761726078799248	   0.9380863039399625
CUFF_NC.8862  	      533	  99.812382739212     	  0.18761726078799248	   0.0
CUFF_NC.2034  	      533	  99.812382739212     	  0.18761726078799248	   0.0
CUFF_NC.7912  	      533	  99.812382739212     	  0.18761726078799248	   0.0
CUFF_NC.7913  	      533	  99.812382739212     	  0.18761726078799248	   0.0
CUFF_NC.4590  	      533	  96.24765478424015   	  0.18761726078799248	   3.564727954971857
CUFF_NC.1863  	      533	   0.18761726078799248	  0.18761726078799248	  99.62476547842401
CUFF_NC.1181  	      533	  99.812382739212     	  0.18761726078799248	   0.0
CUFF_NC.4717  	      533	  99.812382739212     	  0.18761726078799248	   0.0
CUFF_NC.1194  	      533	  99.43714821763602   	  0.18761726078799248	   0.37523452157598497
CUFF_NC.4975  	      533	  99.812382739212     	  0.18761726078799248	   0.0
CUFF_NC.6314  	      533	  70.73170731707317   	  0.18761726078799248	  29.080675422138835
CUFF_NC.9229  	      533	  99.812382739212     	  0.18761726078799248	   0.0
CUFF_NC.4733  	      533	  99.812382739212     	  0.18761726078799248	   0.0
CUFF_NC.2535  	      533	  97.18574108818011   	  0.18761726078799248	   2.6266416510318953
CUFF_NC.4736  	      533	  99.812382739212     	  0.18761726078799248	   0.0
CUFF_NC.1694  	      533	  99.812382739212     	  0.18761726078799248	   0.0
CUFF_NC.10669 	      533	  99.812382739212     	  0.18761726078799248	   0.0
CUFF_NC.9198  	      533	  99.812382739212     	  0.18761726078799248	   0.0
CUFF_NC.1775  	      533	  99.62476547842401   	  0.18761726078799248	   0.18761726078799248
CUFF_NC.7825  	      533	  99.62476547842401   	  0.18761726078799248	   0.18761726078799248
CUFF_NC.9213  	      533	  99.812382739212     	  0.18761726078799248	   0.0
CUFF_NC.1517  	      533	   3.189493433395872  	  0.18761726078799248	  96.62288930581614
CUFF_NC.1770  	      533	  69.60600375234522   	  0.18761726078799248	  30.206378986866795
CUFF_NC.8845  	      533	  99.812382739212     	  0.18761726078799248	   0.0
CUFF_NC.4956  	      533	  99.812382739212     	  0.18761726078799248	   0.0
CUFF_NC.8843  	      533	  99.812382739212     	  0.18761726078799248	   0.0
CUFF_NC.11066 	      533	  99.812382739212     	  0.18761726078799248	   0.0
CUFF_NC.884   	      533	  98.31144465290807   	  0.18761726078799248	   1.5009380863039399
CUFF_NC.7651  	      533	  88.93058161350844   	  0.18761726078799248	  10.881801125703564
CUFF_NC.7650  	      533	  99.812382739212     	  0.18761726078799248	   0.0
CUFF_NC.1516  	      533	  99.62476547842401   	  0.18761726078799248	   0.18761726078799248
CUFF_NC.6035  	      533	  49.34333958724203   	  0.18761726078799248	  50.469043151969984
CUFF_NC.10235 	      533	  95.49718574108817   	  0.18761726078799248	   4.315196998123827
CUFF_NC.4638  	      533	  99.812382739212     	  0.18761726078799248	   0.0
CUFF_NC.6034  	      533	  48.96810506566604   	  0.18761726078799248	  50.84427767354597
CUFF_NC.909   	      533	  98.87429643527204   	  0.18761726078799248	   0.9380863039399625
CUFF_NC.9083  	      533	  15.947467166979362  	  0.18761726078799248	  83.86491557223265
CUFF_NC.1148  	      533	  99.24953095684803   	  0.18761726078799248	   0.5628517823639775
CUFF_NC.9098  	      533	  99.812382739212     	  0.18761726078799248	   0.0
CUFF_NC.4661  	      533	  99.812382739212     	  0.18761726078799248	   0.0
CUFF_NC.2247  	      533	  79.9249530956848    	  0.18761726078799248	  19.887429643527206
CUFF_NC.7712  	      533	  99.812382739212     	  0.18761726078799248	   0.0
CUFF_NC.8903  	      533	   3.564727954971857  	  0.18761726078799248	  96.24765478424015
CUFF_NC.7711  	      533	   2.25140712945591   	  0.18761726078799248	  97.5609756097561
CUFF_NC.11051 	      533	  99.812382739212     	  0.18761726078799248	   0.0
CUFF_NC.2043  	      533	  99.812382739212     	  0.18761726078799248	   0.0
CUFF_NC.4699  	      533	  99.812382739212     	  0.18761726078799248	   0.0
CUFF_NC.7727  	      533	  99.43714821763602   	  0.18761726078799248	   0.37523452157598497
CUFF_NC.2284  	      533	  99.62476547842401   	  0.18761726078799248	   0.18761726078799248
CUFF_NC.3084  	      533	   8.630393996247655  	  0.18761726078799248	  91.18198874296435
CUFF_NC.2278  	      533	  99.812382739212     	  0.18761726078799248	   0.0
CUFF_NC.7716  	      533	  99.812382739212     	  0.18761726078799248	   0.0
CUFF_NC.2252  	      533	  99.62476547842401   	  0.18761726078799248	   0.18761726078799248
CUFF_NC.9143  	      533	  99.812382739212     	  0.18761726078799248	   0.0
CUFF_NC.606   	      533	  99.812382739212     	  0.18761726078799248	   0.0
CUFF_NC.4633  	      533	  99.812382739212     	  0.18761726078799248	   0.0
CUFF_NC.4632  	      533	  99.62476547842401   	  0.18761726078799248	   0.18761726078799248
CUFF_NC.4631  	      533	  99.62476547842401   	  0.18761726078799248	   0.18761726078799248
CUFF_NC.9150  	      533	  99.812382739212     	  0.18761726078799248	   0.0
CUFF_NC.6011  	      533	  99.812382739212     	  0.18761726078799248	   0.0
CUFF_NC.6009  	      533	  99.812382739212     	  0.18761726078799248	   0.0
CUFF_NC.4913  	      533	  99.43714821763602   	  0.18761726078799248	   0.37523452157598497
CUFF_NC.3479  	      533	  99.812382739212     	  0.18761726078799248	   0.0
CUFF_NC.4656  	      533	  99.812382739212     	  0.18761726078799248	   0.0
CUFF_NC.6041  	      533	  99.06191369606003   	  0.18761726078799248	   0.7504690431519699
CUFF_NC.9123  	      533	  99.812382739212     	  0.18761726078799248	   0.0
CUFF_NC.2297  	      533	  99.06191369606003   	  0.18761726078799248	   0.7504690431519699
CUFF_NC.3606  	      533	  99.62476547842401   	  0.18761726078799248	   0.18761726078799248
CUFF_NC.3605  	      533	  98.49906191369607   	  0.18761726078799248	   1.3133208255159476
CUFF_NC.9074  	      533	  99.812382739212     	  0.18761726078799248	   0.0
CUFF_NC.10649 	      533	  99.812382739212     	  0.18761726078799248	   0.0
CUFF_NC.3483  	      533	   2.25140712945591   	  0.18761726078799248	  97.5609756097561
CUFF_NC.10615 	      533	  99.812382739212     	  0.18761726078799248	   0.0
CUFF_NC.7843  	      533	  99.62476547842401   	  0.18761726078799248	   0.18761726078799248
CUFF_NC.11008 	      533	  99.62476547842401   	  0.18761726078799248	   0.18761726078799248
CUFF_NC.3260  	      533	  98.31144465290807   	  0.18761726078799248	   1.5009380863039399
CUFF_NC.4742  	      533	   9.00562851782364   	  0.18761726078799248	  90.80675422138836
CUFF_NC.5021  	      533	  99.06191369606003   	  0.18761726078799248	   0.7504690431519699
CUFF_NC.4454  	      533	  99.812382739212     	  0.18761726078799248	   0.0
CUFF_NC.1846  	      533	  99.812382739212     	  0.18761726078799248	   0.0
CUFF_NC.641   	      533	  99.812382739212     	  0.18761726078799248	   0.0
CUFF_NC.10587 	      533	  98.12382739212008   	  0.18761726078799248	   1.6885553470919326
CUFF_NC.1468  	      533	  47.467166979362105  	  0.18761726078799248	  52.34521575984991
CUFF_NC.5978  	      533	  12.94559099437148   	  0.18761726078799248	  86.86679174484053
CUFF_NC.11027 	      533	  99.62476547842401   	  0.18761726078799248	   0.18761726078799248
CUFF_NC.10641 	      533	  88.93058161350844   	  0.18761726078799248	  10.881801125703564
CUFF_NC.364   	      533	  99.812382739212     	  0.18761726078799248	   0.0
CUFF_NC.928   	      533	  99.812382739212     	  0.18761726078799248	   0.0
CUFF_NC.2327  	      533	  99.812382739212     	  0.18761726078799248	   0.0
CUFF_NC.4844  	      533	  50.84427767354597   	  0.18761726078799248	  48.96810506566604
CUFF_NC.2316  	      533	  98.31144465290807   	  0.18761726078799248	   1.5009380863039399
CUFF_NC.4464  	      533	  99.812382739212     	  0.18761726078799248	   0.0
CUFF_NC.10197 	      533	  27.954971857410882  	  0.18761726078799248	  71.85741088180112
CUFF_NC.3089  	      533	   2.25140712945591   	  0.18761726078799248	  97.5609756097561
CUFF_NC.1464  	      533	  14.258911819887429  	  0.18761726078799248	  85.55347091932458
CUFF_NC.7519  	      533	  99.812382739212     	  0.18761726078799248	   0.0
CUFF_NC.8025  	      533	  52.5328330206379    	  0.18761726078799248	  47.27954971857411
CUFF_NC.6462  	      533	  95.68480300187618   	  0.18761726078799248	   4.127579737335835
CUFF_NC.7510  	      533	   0.7504690431519699 	  0.18761726078799248	  99.06191369606003
CUFF_NC.4397  	      533	  37.148217636022515  	  0.18761726078799248	  62.6641651031895
CUFF_NC.1790  	      533	  99.812382739212     	  0.18761726078799248	   0.0
CUFF_NC.185   	      533	  98.31144465290807   	  0.18761726078799248	   1.5009380863039399
CUFF_NC.2762  	      533	  99.812382739212     	  0.18761726078799248	   0.0
CUFF_NC.7526  	      533	   3.564727954971857  	  0.18761726078799248	  96.24765478424015
CUFF_NC.6470  	      533	  99.62476547842401   	  0.18761726078799248	   0.18761726078799248
CUFF_NC.11005 	      533	  99.812382739212     	  0.18761726078799248	   0.0
CUFF_NC.6439  	      533	  54.971857410881796  	  0.18761726078799248	  44.8405253283302
CUFF_NC.5071  	      533	  99.812382739212     	  0.18761726078799248	   0.0
CUFF_NC.1847  	      533	  99.812382739212     	  0.18761726078799248	   0.0
CUFF_NC.6449  	      533	  98.87429643527204   	  0.18761726078799248	   0.9380863039399625
CUFF_NC.4424  	      533	  99.812382739212     	  0.18761726078799248	   0.0
CUFF_NC.442   	      533	  99.812382739212     	  0.18761726078799248	   0.0
CUFF_NC.10181 	      533	  94.74671669793621   	  0.18761726078799248	   5.065666041275797
CUFF_NC.8750  	      533	  99.812382739212     	  0.18761726078799248	   0.0
CUFF_NC.124   	      533	  99.812382739212     	  0.18761726078799248	   0.0
CUFF_NC.5053  	      533	  99.812382739212     	  0.18761726078799248	   0.0
CUFF_NC.8764  	      533	  99.812382739212     	  0.18761726078799248	   0.0
CUFF_NC.3184  	      533	  19.887429643527206  	  0.18761726078799248	  79.9249530956848
CUFF_NC.3183  	      533	  17.636022514071296  	  0.18761726078799248	  82.17636022514071
CUFF_NC.2730  	      533	  82.17636022514071   	  0.18761726078799248	  17.636022514071296
CUFF_NC.11373 	      533	  99.06191369606003   	  0.18761726078799248	   0.7504690431519699
CUFF_NC.11426 	      533	  99.62476547842401   	  0.18761726078799248	   0.18761726078799248
CUFF_NC.7756  	      533	  99.812382739212     	  0.18761726078799248	   0.0
CUFF_NC.61    	      533	  98.68667917448406   	  0.18761726078799248	   1.125703564727955
CUFF_NC.7614  	      533	   0.0                	  0.18761726078799248	  99.812382739212
CUFF_NC.2010  	      533	  99.812382739212     	  0.18761726078799248	   0.0
CUFF_NC.4725  	      533	  52.5328330206379    	  0.18761726078799248	  47.27954971857411
CUFF_NC.3389  	      533	  85.36585365853658   	  0.18761726078799248	  14.446529080675422
CUFF_NC.1027  	      533	  99.812382739212     	  0.18761726078799248	   0.0
CUFF_NC.2025  	      533	  99.62476547842401   	  0.18761726078799248	   0.18761726078799248
CUFF_NC.10266 	      533	  99.812382739212     	  0.18761726078799248	   0.0
CUFF_NC.488   	      533	  23.26454033771107   	  0.18761726078799248	  76.54784240150094
CUFF_NC.8832  	      533	  54.78424015009381   	  0.18761726078799248	  45.0281425891182
CUFF_NC.7934  	      533	  72.98311444652909   	  0.18761726078799248	  26.82926829268293
CUFF_NC.4543  	      533	  99.812382739212     	  0.18761726078799248	   0.0
CUFF_NC.9219  	      533	  99.812382739212     	  0.18761726078799248	   0.0
CUFF_NC.8824  	      533	  99.62476547842401   	  0.18761726078799248	   0.18761726078799248
CUFF_NC.6075  	      533	   1.5009380863039399 	  0.18761726078799248	  98.31144465290807
CUFF_NC.2022  	      533	  99.62476547842401   	  0.18761726078799248	   0.18761726078799248
CUFF_NC.3088  	      533	  94.55909943714822   	  0.18761726078799248	   5.253283302063791
CUFF_NC.7748  	      533	  99.812382739212     	  0.18761726078799248	   0.0
CUFF_NC.5017  	      533	  99.812382739212     	  0.18761726078799248	   0.0
CUFF_NC.3108  	      533	  98.31144465290807   	  0.18761726078799248	   1.5009380863039399
CUFF_NC.4489  	      533	  99.812382739212     	  0.18761726078799248	   0.0
CUFF_NC.4488  	      533	  99.62476547842401   	  0.18761726078799248	   0.18761726078799248
CUFF_NC.2093  	      533	  99.812382739212     	  0.18761726078799248	   0.0
CUFF_NC.4993  	      533	  99.812382739212     	  0.18761726078799248	   0.0
CUFF_NC.8791  	      533	  99.62476547842401   	  0.18761726078799248	   0.18761726078799248
CUFF_NC.879   	      533	  99.43714821763602   	  0.18761726078799248	   0.37523452157598497
CUFF_NC.10684 	      533	  99.812382739212     	  0.18761726078799248	   0.0
CUFF_NC.9046  	      533	  12.382739212007504  	  0.18761726078799248	  87.4296435272045
CUFF_NC.1060  	      533	  99.62476547842401   	  0.18761726078799248	   0.18761726078799248
CUFF_NC.1228  	      533	  97.74859287054409   	  0.18761726078799248	   2.0637898686679175
CUFF_NC.8807  	      533	  99.812382739212     	  0.18761726078799248	   0.0
CUFF_NC.5011  	      533	  99.812382739212     	  0.18761726078799248	   0.0
CUFF_NC.2500  	      533	  99.812382739212     	  0.18761726078799248	   0.0
CUFF_NC.4511  	      533	   4.127579737335835  	  0.18761726078799248	  95.68480300187618
CUFF_NC.10688 	      533	  96.24765478424015   	  0.18761726078799248	   3.564727954971857
CUFF_NC.8800  	      533	  94.18386491557223   	  0.18761726078799248	   5.628517823639775
CUFF_NC.10209 	      533	  99.43714821763602   	  0.18761726078799248	   0.37523452157598497
CUFF_NC.7591  	      533	  15.572232645403378  	  0.18761726078799248	  84.24015009380864
CUFF_NC.10063 	      533	   0.18761726078799248	  0.18761726078799248	  99.62476547842401
CUFF_NC.4035  	      533	  99.24953095684803   	  0.18761726078799248	   0.5628517823639775
CUFF_NC.1341  	      533	   2.25140712945591   	  0.18761726078799248	  97.5609756097561
CUFF_NC.7263  	      533	  99.812382739212     	  0.18761726078799248	   0.0
CUFF_NC.9693  	      533	  99.812382739212     	  0.18761726078799248	   0.0
CUFF_NC.8278  	      533	  99.812382739212     	  0.18761726078799248	   0.0
CUFF_NC.84    	      533	  99.812382739212     	  0.18761726078799248	   0.0
CUFF_NC.8201  	      533	  99.812382739212     	  0.18761726078799248	   0.0
CUFF_NC.1915  	      533	  81.05065666041276   	  0.18761726078799248	  18.76172607879925
CUFF_NC.7222  	      533	   3.9399624765478425 	  0.18761726078799248	  95.87242026266416
CUFF_NC.4013  	      533	  99.812382739212     	  0.18761726078799248	   0.0
CUFF_NC.10845 	      533	  99.62476547842401   	  0.18761726078799248	   0.18761726078799248
CUFF_NC.852   	      533	  97.93621013133207   	  0.18761726078799248	   1.876172607879925
CUFF_NC.4015  	      533	  99.812382739212     	  0.18761726078799248	   0.0
CUFF_NC.7232  	      533	  99.62476547842401   	  0.18761726078799248	   0.18761726078799248
CUFF_NC.9901  	      533	  22.70168855534709   	  0.18761726078799248	  77.11069418386491
CUFF_NC.3968  	      533	  99.62476547842401   	  0.18761726078799248	   0.18761726078799248
CUFF_NC.5672  	      533	  19.324577861163228  	  0.18761726078799248	  80.48780487804879
CUFF_NC.3965  	      533	  83.86491557223265   	  0.18761726078799248	  15.947467166979362
CUFF_NC.8264  	      533	  99.62476547842401   	  0.18761726078799248	   0.18761726078799248
CUFF_NC.2625  	      533	  99.812382739212     	  0.18761726078799248	   0.0
CUFF_NC.7112  	      533	  99.812382739212     	  0.18761726078799248	   0.0
CUFF_NC.85    	      533	  99.812382739212     	  0.18761726078799248	   0.0
CUFF_NC.9698  	      533	  99.812382739212     	  0.18761726078799248	   0.0
CUFF_NC.3560  	      533	  99.812382739212     	  0.18761726078799248	   0.0
CUFF_NC.5445  	      533	  99.43714821763602   	  0.18761726078799248	   0.37523452157598497
CUFF_NC.6814  	      533	  99.812382739212     	  0.18761726078799248	   0.0
CUFF_NC.3554  	      533	  99.62476547842401   	  0.18761726078799248	   0.18761726078799248
CUFF_NC.10911 	      533	  99.62476547842401   	  0.18761726078799248	   0.18761726078799248
CUFF_NC.9695  	      533	  97.93621013133207   	  0.18761726078799248	   1.876172607879925
CUFF_NC.2405  	      533	  99.812382739212     	  0.18761726078799248	   0.0
CUFF_NC.9696  	      533	  97.93621013133207   	  0.18761726078799248	   1.876172607879925
CUFF_NC.7118  	      533	  99.812382739212     	  0.18761726078799248	   0.0
CUFF_NC.6761  	      533	  99.812382739212     	  0.18761726078799248	   0.0
CUFF_NC.10925 	      533	  99.43714821763602   	  0.18761726078799248	   0.37523452157598497
CUFF_NC.9661  	      533	  98.68667917448406   	  0.18761726078799248	   1.125703564727955
CUFF_NC.2372  	      533	  99.812382739212     	  0.18761726078799248	   0.0
CUFF_NC.1661  	      533	  99.24953095684803   	  0.18761726078799248	   0.5628517823639775
CUFF_NC.2616  	      533	  99.812382739212     	  0.18761726078799248	   0.0
CUFF_NC.5278  	      533	  99.62476547842401   	  0.18761726078799248	   0.18761726078799248
CUFF_NC.4027  	      533	   0.0                	  0.18761726078799248	  99.812382739212
CUFF_NC.5571  	      533	  99.812382739212     	  0.18761726078799248	   0.0
CUFF_NC.1505  	      533	  83.67729831144464   	  0.18761726078799248	  16.135084427767353
CUFF_NC.9637  	      533	  93.62101313320825   	  0.18761726078799248	   6.191369606003752
CUFF_NC.11228 	      533	  96.62288930581614   	  0.18761726078799248	   3.189493433395872
CUFF_NC.5714  	      533	  66.79174484052533   	  0.18761726078799248	  33.02063789868668
CUFF_NC.3699  	      533	  98.49906191369607   	  0.18761726078799248	   1.3133208255159476
CUFF_NC.5289  	      533	  99.43714821763602   	  0.18761726078799248	   0.37523452157598497
CUFF_NC.11224 	      533	  99.812382739212     	  0.18761726078799248	   0.0
CUFF_NC.377   	      533	  99.812382739212     	  0.18761726078799248	   0.0
CUFF_NC.381   	      533	  99.812382739212     	  0.18761726078799248	   0.0
CUFF_NC.2812  	      533	  99.812382739212     	  0.18761726078799248	   0.0
CUFF_NC.3682  	      533	  90.61913696060037   	  0.18761726078799248	   9.193245778611631
CUFF_NC.5435  	      533	  99.812382739212     	  0.18761726078799248	   0.0
CUFF_NC.10458 	      533	  99.812382739212     	  0.18761726078799248	   0.0
CUFF_NC.2374  	      533	  99.24953095684803   	  0.18761726078799248	   0.5628517823639775
CUFF_NC.5433  	      533	  99.62476547842401   	  0.18761726078799248	   0.18761726078799248
CUFF_NC.9648  	      533	  99.812382739212     	  0.18761726078799248	   0.0
CUFF_NC.3272  	      533	  98.49906191369607   	  0.18761726078799248	   1.3133208255159476
CUFF_NC.9679  	      533	  99.812382739212     	  0.18761726078799248	   0.0
CUFF_NC.10509 	      533	  99.812382739212     	  0.18761726078799248	   0.0
CUFF_NC.1431  	      533	   0.37523452157598497	  0.18761726078799248	  99.43714821763602
CUFF_NC.9686  	      533	  99.812382739212     	  0.18761726078799248	   0.0
CUFF_NC.9880  	      533	   5.628517823639775  	  0.18761726078799248	  94.18386491557223
CUFF_NC.3264  	      533	  94.74671669793621   	  0.18761726078799248	   5.065666041275797
CUFF_NC.5563  	      533	  99.812382739212     	  0.18761726078799248	   0.0
CUFF_NC.3676  	      533	  99.62476547842401   	  0.18761726078799248	   0.18761726078799248
CUFF_NC.3915  	      533	  98.12382739212008   	  0.18761726078799248	   1.6885553470919326
CUFF_NC.5384  	      533	  99.812382739212     	  0.18761726078799248	   0.0
CUFF_NC.6844  	      533	  99.812382739212     	  0.18761726078799248	   0.0
CUFF_NC.5637  	      533	  86.86679174484053   	  0.18761726078799248	  12.94559099437148
CUFF_NC.5636  	      533	  99.812382739212     	  0.18761726078799248	   0.0
CUFF_NC.8218  	      533	  99.812382739212     	  0.18761726078799248	   0.0
CUFF_NC.1933  	      533	  99.812382739212     	  0.18761726078799248	   0.0
CUFF_NC.10039 	      533	  16.322701688555348  	  0.18761726078799248	  83.48968105065666
CUFF_NC.2937  	      533	  75.79737335834896   	  0.18761726078799248	  24.015009380863038
CUFF_NC.10451 	      533	  93.24577861163228   	  0.18761726078799248	   6.566604127579738
CUFF_NC.10449 	      533	  99.812382739212     	  0.18761726078799248	   0.0
CUFF_NC.9746  	      533	  99.812382739212     	  0.18761726078799248	   0.0
CUFF_NC.1926  	      533	  99.812382739212     	  0.18761726078799248	   0.0
CUFF_NC.9747  	      533	  74.671669793621     	  0.18761726078799248	  25.14071294559099
CUFF_NC.9748  	      533	  79.9249530956848    	  0.18761726078799248	  19.887429643527206
CUFF_NC.238   	      533	  98.87429643527204   	  0.18761726078799248	   0.9380863039399625
CUFF_NC.3949  	      533	  85.55347091932458   	  0.18761726078799248	  14.258911819887429
CUFF_NC.9785  	      533	  99.812382739212     	  0.18761726078799248	   0.0
CUFF_NC.2996  	      533	  21.76360225140713   	  0.18761726078799248	  78.04878048780488
CUFF_NC.11190 	      533	  99.812382739212     	  0.18761726078799248	   0.0
CUFF_NC.14    	      533	  99.812382739212     	  0.18761726078799248	   0.0
CUFF_NC.3345  	      533	   0.18761726078799248	  0.18761726078799248	  99.62476547842401
CUFF_NC.3343  	      533	  20.075046904315197  	  0.18761726078799248	  79.73733583489681
CUFF_NC.5640  	      533	  99.812382739212     	  0.18761726078799248	   0.0
CUFF_NC.6841  	      533	  99.62476547842401   	  0.18761726078799248	   0.18761726078799248
CUFF_NC.2187  	      533	  97.74859287054409   	  0.18761726078799248	   2.0637898686679175
CUFF_NC.3865  	      533	  99.812382739212     	  0.18761726078799248	   0.0
CUFF_NC.3905  	      533	   4.315196998123827  	  0.18761726078799248	  95.49718574108817
CUFF_NC.3933  	      533	  99.62476547842401   	  0.18761726078799248	   0.18761726078799248
CUFF_NC.9791  	      533	  99.812382739212     	  0.18761726078799248	   0.0
CUFF_NC.3711  	      533	  99.62476547842401   	  0.18761726078799248	   0.18761726078799248
CUFF_NC.7191  	      533	  99.812382739212     	  0.18761726078799248	   0.0
CUFF_NC.3714  	      533	  30.76923076923077   	  0.18761726078799248	  69.04315196998124
CUFF_NC.7182  	      533	  99.812382739212     	  0.18761726078799248	   0.0
CUFF_NC.3148  	      533	  99.812382739212     	  0.18761726078799248	   0.0
CUFF_NC.11280 	      533	  99.812382739212     	  0.18761726078799248	   0.0
CUFF_NC.2822  	      533	  99.812382739212     	  0.18761726078799248	   0.0
CUFF_NC.10882 	      533	  99.812382739212     	  0.18761726078799248	   0.0
CUFF_NC.2819  	      533	  18.01125703564728   	  0.18761726078799248	  81.80112570356472
CUFF_NC.7212  	      533	  99.62476547842401   	  0.18761726078799248	   0.18761726078799248
CUFF_NC.6919  	      533	  99.812382739212     	  0.18761726078799248	   0.0
CUFF_NC.5330  	      533	  99.62476547842401   	  0.18761726078799248	   0.18761726078799248
CUFF_NC.6916  	      533	  99.812382739212     	  0.18761726078799248	   0.0
CUFF_NC.9840  	      533	  31.51969981238274   	  0.18761726078799248	  68.29268292682927
CUFF_NC.8224  	      533	  99.62476547842401   	  0.18761726078799248	   0.18761726078799248
CUFF_NC.9838  	      533	  38.649155722326455  	  0.18761726078799248	  61.16322701688556
CUFF_NC.1560  	      533	  97.37335834896811   	  0.18761726078799248	   2.4390243902439024
CUFF_NC.7104  	      533	  93.62101313320825   	  0.18761726078799248	   6.191369606003752
CUFF_NC.10863 	      533	  95.30956848030019   	  0.18761726078799248	   4.50281425891182
CUFF_NC.6801  	      533	  99.812382739212     	  0.18761726078799248	   0.0
CUFF_NC.8475  	      533	  57.78611632270169   	  0.18761726078799248	  42.026266416510325
CUFF_NC.2816  	      533	  99.812382739212     	  0.18761726078799248	   0.0
CUFF_NC.2837  	      533	  99.812382739212     	  0.18761726078799248	   0.0
CUFF_NC.5664  	      533	  97.37335834896811   	  0.18761726078799248	   2.4390243902439024
CUFF_NC.5591  	      533	  99.812382739212     	  0.18761726078799248	   0.0
CUFF_NC.5658  	      533	  93.24577861163228   	  0.18761726078799248	   6.566604127579738
CUFF_NC.7207  	      533	  99.812382739212     	  0.18761726078799248	   0.0
CUFF_NC.8491  	      533	  99.812382739212     	  0.18761726078799248	   0.0
CUFF_NC.9714  	      533	  82.55159474671669   	  0.18761726078799248	  17.26078799249531
CUFF_NC.6891  	      533	  99.812382739212     	  0.18761726078799248	   0.0
CUFF_NC.713   	      533	  96.99812382739212   	  0.18761726078799248	   2.8142589118198873
CUFF_NC.5607  	      533	  99.812382739212     	  0.18761726078799248	   0.0
CUFF_NC.7134  	      533	  99.62476547842401   	  0.18761726078799248	   0.18761726078799248
CUFF_NC.11270 	      533	  99.812382739212     	  0.18761726078799248	   0.0
CUFF_NC.9739  	      533	  32.270168855534706  	  0.18761726078799248	  67.54221388367729
CUFF_NC.3839  	      533	  74.29643527204503   	  0.18761726078799248	  25.515947467166978
CUFF_NC.7135  	      533	  99.812382739212     	  0.18761726078799248	   0.0
CUFF_NC.138   	      533	  99.812382739212     	  0.18761726078799248	   0.0
CUFF_NC.10740 	      533	  99.812382739212     	  0.18761726078799248	   0.0
CUFF_NC.10741 	      533	  99.812382739212     	  0.18761726078799248	   0.0
CUFF_NC.4118  	      533	  99.812382739212     	  0.18761726078799248	   0.0
CUFF_NC.10016 	      533	   0.0                	  0.18761726078799248	  99.812382739212
CUFF_NC.4119  	      533	  99.812382739212     	  0.18761726078799248	   0.0
CUFF_NC.4120  	      533	  99.24953095684803   	  0.18761726078799248	   0.5628517823639775
CUFF_NC.10510 	      533	  99.812382739212     	  0.18761726078799248	   0.0
CUFF_NC.7306  	      533	  99.812382739212     	  0.18761726078799248	   0.0
CUFF_NC.4090  	      533	  99.812382739212     	  0.18761726078799248	   0.0
CUFF_NC.6704  	      533	  98.12382739212008   	  0.18761726078799248	   1.6885553470919326
CUFF_NC.9625  	      533	  99.812382739212     	  0.18761726078799248	   0.0
CUFF_NC.9933  	      533	   8.067542213883677  	  0.18761726078799248	  91.74484052532833
CUFF_NC.831   	      533	  99.812382739212     	  0.18761726078799248	   0.0
CUFF_NC.5475  	      533	  29.080675422138835  	  0.18761726078799248	  70.73170731707317
CUFF_NC.859   	      533	  99.43714821763602   	  0.18761726078799248	   0.37523452157598497
CUFF_NC.6729  	      533	  99.812382739212     	  0.18761726078799248	   0.0
CUFF_NC.3757  	      533	   1.6885553470919326 	  0.18761726078799248	  98.12382739212008
CUFF_NC.7054  	      533	  15.384615384615385  	  0.18761726078799248	  84.42776735459663
CUFF_NC.9911  	      533	  25.89118198874296   	  0.18761726078799248	  73.92120075046904
CUFF_NC.8593  	      533	  99.812382739212     	  0.18761726078799248	   0.0
CUFF_NC.10478 	      533	  19.51219512195122   	  0.18761726078799248	  80.30018761726079
CUFF_NC.1887  	      533	  99.812382739212     	  0.18761726078799248	   0.0
CUFF_NC.5721  	      533	  12.382739212007504  	  0.18761726078799248	  87.4296435272045
CUFF_NC.1613  	      533	  99.812382739212     	  0.18761726078799248	   0.0
CUFF_NC.11286 	      533	  99.812382739212     	  0.18761726078799248	   0.0
CUFF_NC.10832 	      533	   3.9399624765478425 	  0.18761726078799248	  95.87242026266416
CUFF_NC.5723  	      533	  99.812382739212     	  0.18761726078799248	   0.0
CUFF_NC.5549  	      533	  99.812382739212     	  0.18761726078799248	   0.0
CUFF_NC.4102  	      533	  99.06191369606003   	  0.18761726078799248	   0.7504690431519699
CUFF_NC.8607  	      533	  99.812382739212     	  0.18761726078799248	   0.0
CUFF_NC.5496  	      533	  99.812382739212     	  0.18761726078799248	   0.0
CUFF_NC.9980  	      533	   1.5009380863039399 	  0.18761726078799248	  98.31144465290807
CUFF_NC.8344  	      533	  99.812382739212     	  0.18761726078799248	   0.0
CUFF_NC.2141  	      533	  68.66791744840526   	  0.18761726078799248	  31.144465290806757
CUFF_NC.5760  	      533	  99.812382739212     	  0.18761726078799248	   0.0
CUFF_NC.5508  	      533	  99.812382739212     	  0.18761726078799248	   0.0
CUFF_NC.1114  	      533	  99.62476547842401   	  0.18761726078799248	   0.18761726078799248
CUFF_NC.4155  	      533	  99.812382739212     	  0.18761726078799248	   0.0
CUFF_NC.1737  	      533	  14.446529080675422  	  0.18761726078799248	  85.36585365853658
CUFF_NC.4157  	      533	  99.812382739212     	  0.18761726078799248	   0.0
CUFF_NC.1739  	      533	  99.43714821763602   	  0.18761726078799248	   0.37523452157598497
CUFF_NC.6661  	      533	   5.440900562851782  	  0.18761726078799248	  94.37148217636022
CUFF_NC.8112  	      533	   1.876172607879925  	  0.18761726078799248	  97.93621013133207
CUFF_NC.5519  	      533	  99.812382739212     	  0.18761726078799248	   0.0
CUFF_NC.2797  	      533	  99.24953095684803   	  0.18761726078799248	   0.5628517823639775
CUFF_NC.9955  	      533	  16.885553470919323  	  0.18761726078799248	  82.92682926829268
CUFF_NC.175   	      533	  99.812382739212     	  0.18761726078799248	   0.0
CUFF_NC.7039  	      533	  98.31144465290807   	  0.18761726078799248	   1.5009380863039399
CUFF_NC.5732  	      533	  99.812382739212     	  0.18761726078799248	   0.0
CUFF_NC.333   	      533	  73.17073170731707   	  0.18761726078799248	  26.641651031894938
CUFF_NC.9589  	      533	  99.812382739212     	  0.18761726078799248	   0.0
CUFF_NC.8581  	      533	  99.62476547842401   	  0.18761726078799248	   0.18761726078799248
CUFF_NC.4139  	      533	  99.812382739212     	  0.18761726078799248	   0.0
CUFF_NC.4144  	      533	  99.812382739212     	  0.18761726078799248	   0.0
CUFF_NC.330   	      533	  99.812382739212     	  0.18761726078799248	   0.0
CUFF_NC.5534  	      533	  99.62476547842401   	  0.18761726078799248	   0.18761726078799248
CUFF_NC.5746  	      533	  99.812382739212     	  0.18761726078799248	   0.0
CUFF_NC.4160  	      533	  99.43714821763602   	  0.18761726078799248	   0.37523452157598497
CUFF_NC.8370  	      533	  99.812382739212     	  0.18761726078799248	   0.0
CUFF_NC.990   	      533	  99.43714821763602   	  0.18761726078799248	   0.37523452157598497
CUFF_NC.10758 	      533	  99.812382739212     	  0.18761726078799248	   0.0
CUFF_NC.99    	      533	  99.812382739212     	  0.18761726078799248	   0.0
CUFF_NC.8359  	      533	  69.7936210131332    	  0.18761726078799248	  30.0187617260788
CUFF_NC.4811  	      533	  99.812382739212     	  0.18761726078799248	   0.0
CUFF_NC.8298  	      533	  99.812382739212     	  0.18761726078799248	   0.0
CUFF_NC.3702  	      533	  99.812382739212     	  0.18761726078799248	   0.0
CUFF_NC.8296  	      533	  99.62476547842401   	  0.18761726078799248	   0.18761726078799248
CUFF_NC.1092  	      533	  96.06003752345215   	  0.18761726078799248	   3.75234521575985
CUFF_NC.8323  	      533	 100.0                	  0.0                	   0.0
CUFF_NC.8326  	      532	 100.0                	  0.0                	   0.0
CUFF_NC.8248  	      533	 100.0                	  0.0                	   0.0
CUFF_NC.3209  	      437	   7.322654462242563  	  0.0                	  92.67734553775743
CUFF_NC.8247  	      533	 100.0                	  0.0                	   0.0
CUFF_NC.2258  	      533	  99.62476547842401   	  0.0                	   0.37523452157598497
CUFF_NC.105   	      533	 100.0                	  0.0                	   0.0
CUFF_NC.8249  	      500	  98.8                	  0.0                	   1.2
CUFF_NC.825   	      533	 100.0                	  0.0                	   0.0
CUFF_NC.1534  	      533	 100.0                	  0.0                	   0.0
CUFF_NC.1536  	      533	  99.812382739212     	  0.0                	   0.18761726078799248
CUFF_NC.8322  	      533	  99.812382739212     	  0.0                	   0.18761726078799248
CUFF_NC.3208  	      199	  37.185929648241206  	  0.0                	  62.8140703517588
CUFF_NC.8321  	      533	  99.62476547842401   	  0.0                	   0.37523452157598497
CUFF_NC.1532  	      533	  88.74296435272045   	  0.0                	  11.25703564727955
CUFF_NC.8253  	      533	  83.30206378986867   	  0.0                	  16.69793621013133
CUFF_NC.3206  	      527	   3.0360531309297913 	  0.0                	  96.9639468690702
CUFF_NC.8350  	      533	  99.812382739212     	  0.0                	   0.18761726078799248
CUFF_NC.2259  	      533	 100.0                	  0.0                	   0.0
CUFF_NC.8254  	       96	  98.95833333333334   	  0.0                	   1.0416666666666665
CUFF_NC.8300  	      533	 100.0                	  0.0                	   0.0
CUFF_NC.1533  	      533	 100.0                	  0.0                	   0.0
CUFF_NC.10486 	      533	 100.0                	  0.0                	   0.0
CUFF_NC.8236  	      533	 100.0                	  0.0                	   0.0
CUFF_NC.8329  	      533	 100.0                	  0.0                	   0.0
CUFF_NC.224   	      533	 100.0                	  0.0                	   0.0
CUFF_NC.10630 	      533	 100.0                	  0.0                	   0.0
CUFF_NC.2238  	      533	 100.0                	  0.0                	   0.0
CUFF_NC.10501 	      533	 100.0                	  0.0                	   0.0
CUFF_NC.10622 	      533	 100.0                	  0.0                	   0.0
CUFF_NC.7917  	      533	 100.0                	  0.0                	   0.0
CUFF_NC.7914  	      533	   8.630393996247655  	  0.0                	  91.36960600375235
CUFF_NC.7839  	      533	 100.0                	  0.0                	   0.0
CUFF_NC.8238  	      533	 100.0                	  0.0                	   0.0
CUFF_NC.8244  	      533	   0.0                	  0.0                	 100.0
CUFF_NC.2254  	      530	  97.16981132075472   	  0.0                	   2.8301886792452833
CUFF_NC.784   	      533	 100.0                	  0.0                	   0.0
CUFF_NC.824   	      533	 100.0                	  0.0                	   0.0
CUFF_NC.8241  	      485	  99.79381443298969   	  0.0                	   0.2061855670103093
CUFF_NC.8242  	      520	  99.8076923076923    	  0.0                	   0.19230769230769232
CUFF_NC.2255  	      533	  99.812382739212     	  0.0                	   0.18761726078799248
CUFF_NC.7911  	      433	  58.429561200923786  	  0.0                	  41.570438799076214
CUFF_NC.7910  	      440	  58.86363636363636   	  0.0                	  41.13636363636364
CUFF_NC.8327  	      533	  97.37335834896811   	  0.0                	   2.6266416510318953
CUFF_NC.226   	      533	 100.0                	  0.0                	   0.0
CUFF_NC.3171  	      533	   0.0                	  0.0                	 100.0
CUFF_NC.8246  	      533	 100.0                	  0.0                	   0.0
CUFF_NC.7816  	      366	  21.311475409836063  	  0.0                	  78.68852459016394
CUFF_NC.319   	      533	  99.24953095684803   	  0.0                	   0.7504690431519699
CUFF_NC.2264  	      533	 100.0                	  0.0                	   0.0
CUFF_NC.791   	      533	  99.24953095684803   	  0.0                	   0.7504690431519699
CUFF_NC.7908  	      464	  35.775862068965516  	  0.0                	  64.22413793103449
CUFF_NC.7850  	      532	  98.68421052631578   	  0.0                	   1.3157894736842104
CUFF_NC.7906  	      533	 100.0                	  0.0                	   0.0
CUFF_NC.786   	      533	  99.812382739212     	  0.0                	   0.18761726078799248
CUFF_NC.1806  	      533	 100.0                	  0.0                	   0.0
CUFF_NC.7860  	      533	 100.0                	  0.0                	   0.0
CUFF_NC.7901  	      505	  23.36633663366337   	  0.0                	  76.63366336633663
CUFF_NC.7900  	      533	  98.87429643527204   	  0.0                	   1.125703564727955
CUFF_NC.783   	      533	 100.0                	  0.0                	   0.0
CUFF_NC.2184  	      533	 100.0                	  0.0                	   0.0
CUFF_NC.2190  	      500	  99.2                	  0.0                	   0.8
CUFF_NC.2935  	      533	   3.377110694183865  	  0.0                	  96.62288930581614
CUFF_NC.2191  	      531	  99.43502824858757   	  0.0                	   0.5649717514124294
CUFF_NC.79    	      533	 100.0                	  0.0                	   0.0
CUFF_NC.7828  	      533	  68.66791744840526   	  0.0                	  31.33208255159475
CUFF_NC.7861  	      533	 100.0                	  0.0                	   0.0
CUFF_NC.7899  	      533	  99.812382739212     	  0.0                	   0.18761726078799248
CUFF_NC.2266  	      509	  98.03536345776031   	  0.0                	   1.9646365422396856
CUFF_NC.10513 	      533	 100.0                	  0.0                	   0.0
CUFF_NC.7936  	      533	 100.0                	  0.0                	   0.0
CUFF_NC.7935  	      523	   6.5009560229445515 	  0.0                	  93.49904397705545
CUFF_NC.10515 	      533	 100.0                	  0.0                	   0.0
CUFF_NC.10514 	      533	 100.0                	  0.0                	   0.0
CUFF_NC.2936  	      533	 100.0                	  0.0                	   0.0
CUFF_NC.7835  	      533	 100.0                	  0.0                	   0.0
CUFF_NC.7832  	      533	   0.37523452157598497	  0.0                	  99.62476547842401
CUFF_NC.2245  	      533	  98.49906191369607   	  0.0                	   1.5009380863039399
CUFF_NC.2260  	      533	  98.12382739212008   	  0.0                	   1.876172607879925
CUFF_NC.1531  	      515	   5.631067961165048  	  0.0                	  94.36893203883496
CUFF_NC.1792  	      533	 100.0                	  0.0                	   0.0
CUFF_NC.830   	      533	 100.0                	  0.0                	   0.0
CUFF_NC.1793  	      533	 100.0                	  0.0                	   0.0
CUFF_NC.1794  	      533	 100.0                	  0.0                	   0.0
CUFF_NC.1796  	      533	 100.0                	  0.0                	   0.0
CUFF_NC.83    	      533	  99.812382739212     	  0.0                	   0.18761726078799248
CUFF_NC.835   	      533	 100.0                	  0.0                	   0.0
CUFF_NC.1805  	      533	  99.812382739212     	  0.0                	   0.18761726078799248
CUFF_NC.7831  	      533	  99.62476547842401   	  0.0                	   0.37523452157598497
CUFF_NC.1798  	      533	 100.0                	  0.0                	   0.0
CUFF_NC.2261  	      533	 100.0                	  0.0                	   0.0
CUFF_NC.18    	      533	 100.0                	  0.0                	   0.0
CUFF_NC.3193  	      528	   3.5984848484848486 	  0.0                	  96.40151515151516
CUFF_NC.1801  	      533	 100.0                	  0.0                	   0.0
CUFF_NC.8349  	      533	 100.0                	  0.0                	   0.0
CUFF_NC.8347  	      533	 100.0                	  0.0                	   0.0
CUFF_NC.1803  	      533	 100.0                	  0.0                	   0.0
CUFF_NC.3192  	      522	   1.7241379310344827 	  0.0                	  98.27586206896551
CUFF_NC.8346  	      533	 100.0                	  0.0                	   0.0
CUFF_NC.3190  	      531	   5.4613935969868175 	  0.0                	  94.53860640301318
CUFF_NC.8345  	      533	  99.812382739212     	  0.0                	   0.18761726078799248
CUFF_NC.3195  	      326	   9.815950920245399  	  0.0                	  90.1840490797546
CUFF_NC.8284  	      533	 100.0                	  0.0                	   0.0
CUFF_NC.789   	      533	 100.0                	  0.0                	   0.0
CUFF_NC.8313  	      533	 100.0                	  0.0                	   0.0
CUFF_NC.8285  	      533	   0.37523452157598497	  0.0                	  99.62476547842401
CUFF_NC.8286  	      533	 100.0                	  0.0                	   0.0
CUFF_NC.8312  	      532	 100.0                	  0.0                	   0.0
CUFF_NC.829   	      533	 100.0                	  0.0                	   0.0
CUFF_NC.8290  	      533	 100.0                	  0.0                	   0.0
CUFF_NC.7886  	      533	 100.0                	  0.0                	   0.0
CUFF_NC.8311  	      533	 100.0                	  0.0                	   0.0
CUFF_NC.10618 	      533	 100.0                	  0.0                	   0.0
CUFF_NC.7875  	      533	  30.393996247654787  	  0.0                	  69.60600375234522
CUFF_NC.10487 	      533	 100.0                	  0.0                	   0.0
CUFF_NC.8291  	      533	 100.0                	  0.0                	   0.0
CUFF_NC.8293  	      533	  99.812382739212     	  0.0                	   0.18761726078799248
CUFF_NC.10616 	      533	 100.0                	  0.0                	   0.0
CUFF_NC.3185  	      398	  20.35175879396985   	  0.0                	  79.64824120603015
CUFF_NC.8308  	      532	  25.75187969924812   	  0.0                	  74.24812030075188
CUFF_NC.3186  	      532	  12.593984962406015  	  0.0                	  87.40601503759399
CUFF_NC.7876  	      533	 100.0                	  0.0                	   0.0
CUFF_NC.8294  	      533	 100.0                	  0.0                	   0.0
CUFF_NC.8307  	      533	  18.76172607879925   	  0.0                	  81.23827392120076
CUFF_NC.8255  	      533	 100.0                	  0.0                	   0.0
CUFF_NC.8258  	      533	 100.0                	  0.0                	   0.0
CUFF_NC.8306  	      533	  94.93433395872421   	  0.0                	   5.065666041275797
CUFF_NC.10617 	      533	 100.0                	  0.0                	   0.0
CUFF_NC.8316  	      533	  99.812382739212     	  0.0                	   0.18761726078799248
CUFF_NC.787   	      533	 100.0                	  0.0                	   0.0
CUFF_NC.3179  	      533	   0.0                	  0.0                	 100.0
CUFF_NC.8319  	      533	 100.0                	  0.0                	   0.0
CUFF_NC.7868  	      533	 100.0                	  0.0                	   0.0
CUFF_NC.8315  	      533	  99.812382739212     	  0.0                	   0.18761726078799248
CUFF_NC.8273  	      533	 100.0                	  0.0                	   0.0
CUFF_NC.7866  	      533	  99.62476547842401   	  0.0                	   0.37523452157598497
CUFF_NC.7864  	      533	  91.18198874296435   	  0.0                	   8.818011257035648
CUFF_NC.7870  	      533	  97.37335834896811   	  0.0                	   2.6266416510318953
CUFF_NC.8274  	      533	 100.0                	  0.0                	   0.0
CUFF_NC.3212  	      233	  18.025751072961373  	  0.0                	  81.97424892703863
CUFF_NC.8282  	      533	 100.0                	  0.0                	   0.0
CUFF_NC.1051  	      533	   0.7504690431519699 	  0.0                	  99.24953095684803
CUFF_NC.8275  	      533	 100.0                	  0.0                	   0.0
CUFF_NC.8314  	      533	 100.0                	  0.0                	   0.0
CUFF_NC.7863  	      528	  98.86363636363636   	  0.0                	   1.1363636363636365
CUFF_NC.8276  	      533	 100.0                	  0.0                	   0.0
CUFF_NC.7872  	      533	  99.62476547842401   	  0.0                	   0.37523452157598497
CUFF_NC.832   	      475	   1.4736842105263157 	  0.0                	  98.52631578947368
CUFF_NC.8279  	      533	 100.0                	  0.0                	   0.0
CUFF_NC.2234  	      533	 100.0                	  0.0                	   0.0
CUFF_NC.8295  	      533	  99.812382739212     	  0.0                	   0.18761726078799248
CUFF_NC.7873  	      533	 100.0                	  0.0                	   0.0
CUFF_NC.7891  	      530	  98.86792452830188   	  0.0                	   1.1320754716981132
CUFF_NC.10508 	      533	 100.0                	  0.0                	   0.0
CUFF_NC.7871  	      533	 100.0                	  0.0                	   0.0
CUFF_NC.8266  	      533	 100.0                	  0.0                	   0.0
CUFF_NC.7895  	      528	  97.53787878787878   	  0.0                	   2.462121212121212
CUFF_NC.8268  	      533	 100.0                	  0.0                	   0.0
CUFF_NC.7838  	      533	 100.0                	  0.0                	   0.0
CUFF_NC.10627 	      533	 100.0                	  0.0                	   0.0
CUFF_NC.8269  	      533	 100.0                	  0.0                	   0.0
CUFF_NC.10499 	      533	 100.0                	  0.0                	   0.0
CUFF_NC.8299  	      533	  99.812382739212     	  0.0                	   0.18761726078799248
CUFF_NC.827   	      533	 100.0                	  0.0                	   0.0
CUFF_NC.8270  	      533	  19.69981238273921   	  0.0                	  80.30018761726079
CUFF_NC.10621 	      533	  98.68667917448406   	  0.0                	   1.3133208255159476
CUFF_NC.10628 	      533	 100.0                	  0.0                	   0.0
CUFF_NC.8303  	      533	  99.812382739212     	  0.0                	   0.18761726078799248
CUFF_NC.7893  	      105	  81.9047619047619    	  0.0                	  18.095238095238095
CUFF_NC.10497 	      533	  99.812382739212     	  0.0                	   0.18761726078799248
CUFF_NC.10490 	      522	   1.3409961685823755 	  0.0                	  98.65900383141762
CUFF_NC.1049  	      516	  18.023255813953487  	  0.0                	  81.97674418604652
CUFF_NC.10503 	      533	 100.0                	  0.0                	   0.0
CUFF_NC.2251  	      533	 100.0                	  0.0                	   0.0
CUFF_NC.321   	      533	 100.0                	  0.0                	   0.0
CUFF_NC.2250  	      533	 100.0                	  0.0                	   0.0
CUFF_NC.225   	      532	 100.0                	  0.0                	   0.0
CUFF_NC.2248  	      533	 100.0                	  0.0                	   0.0
CUFF_NC.8272  	      533	  83.86491557223265   	  0.0                	  16.135084427767353
CUFF_NC.2246  	      533	  97.5609756097561    	  0.0                	   2.4390243902439024
CUFF_NC.10629 	      530	  83.01886792452831   	  0.0                	  16.9811320754717
CUFF_NC.7894  	      533	 100.0                	  0.0                	   0.0
CUFF_NC.10613 	      533	 100.0                	  0.0                	   0.0
CUFF_NC.3211  	      295	  20.677966101694913  	  0.0                	  79.3220338983051
CUFF_NC.10606 	      533	 100.0                	  0.0                	   0.0
CUFF_NC.3188  	      533	   2.6266416510318953 	  0.0                	  97.37335834896811
CUFF_NC.7877  	      493	  98.78296146044624   	  0.0                	   1.2170385395537524
CUFF_NC.8259  	      533	 100.0                	  0.0                	   0.0
CUFF_NC.826   	      533	 100.0                	  0.0                	   0.0
CUFF_NC.10605 	      533	 100.0                	  0.0                	   0.0
CUFF_NC.8261  	      533	  54.78424015009381   	  0.0                	  45.21575984990619
CUFF_NC.10603 	      533	 100.0                	  0.0                	   0.0
CUFF_NC.8262  	      533	  58.16135084427767   	  0.0                	  41.83864915572232
CUFF_NC.7882  	      533	 100.0                	  0.0                	   0.0
CUFF_NC.8330  	      533	  99.812382739212     	  0.0                	   0.18761726078799248
CUFF_NC.8263  	      533	 100.0                	  0.0                	   0.0
CUFF_NC.7836  	      533	 100.0                	  0.0                	   0.0
CUFF_NC.10507 	      533	 100.0                	  0.0                	   0.0
CUFF_NC.7880  	      529	  80.15122873345936   	  0.0                	  19.848771266540645
CUFF_NC.788   	      533	 100.0                	  0.0                	   0.0
CUFF_NC.3210  	      505	   4.752475247524752  	  0.0                	  95.24752475247524
CUFF_NC.7878  	      533	 100.0                	  0.0                	   0.0
CUFF_NC.7879  	      533	   0.0                	  0.0                	 100.0
CUFF_NC.7897  	      533	  99.812382739212     	  0.0                	   0.18761726078799248
CUFF_NC.10506 	      533	 100.0                	  0.0                	   0.0
CUFF_NC.10504 	      533	 100.0                	  0.0                	   0.0
CUFF_NC.8265  	      533	 100.0                	  0.0                	   0.0
CUFF_NC.10626 	      530	 100.0                	  0.0                	   0.0
CUFF_NC.3189  	      526	   0.5703422053231939 	  0.0                	  99.42965779467681
CUFF_NC.10533 	      533	 100.0                	  0.0                	   0.0
CUFF_NC.10532 	      531	  63.84180790960452   	  0.0                	  36.15819209039548
CUFF_NC.8068  	      533	 100.0                	  0.0                	   0.0
CUFF_NC.8041  	      533	 100.0                	  0.0                	   0.0
CUFF_NC.1053  	      533	 100.0                	  0.0                	   0.0
CUFF_NC.8042  	      533	  99.62476547842401   	  0.0                	   0.37523452157598497
CUFF_NC.8043  	      533	  98.87429643527204   	  0.0                	   1.125703564727955
CUFF_NC.8045  	      533	 100.0                	  0.0                	   0.0
CUFF_NC.2267  	      522	  95.97701149425288   	  0.0                	   4.022988505747127
CUFF_NC.8047  	      533	  98.12382739212008   	  0.0                	   1.876172607879925
CUFF_NC.10529 	      533	 100.0                	  0.0                	   0.0
CUFF_NC.8048  	      533	 100.0                	  0.0                	   0.0
CUFF_NC.10559 	      533	 100.0                	  0.0                	   0.0
CUFF_NC.10560 	      533	 100.0                	  0.0                	   0.0
CUFF_NC.10528 	      533	 100.0                	  0.0                	   0.0
CUFF_NC.10561 	      533	  85.55347091932458   	  0.0                	  14.446529080675422
CUFF_NC.8149  	      533	  99.812382739212     	  0.0                	   0.18761726078799248
CUFF_NC.8046  	      533	 100.0                	  0.0                	   0.0
CUFF_NC.10570 	      334	   8.383233532934131  	  0.0                	  91.61676646706587
CUFF_NC.10571 	      533	 100.0                	  0.0                	   0.0
CUFF_NC.805   	      533	 100.0                	  0.0                	   0.0
CUFF_NC.8138  	      533	 100.0                	  0.0                	   0.0
CUFF_NC.8053  	      529	  99.62192816635161   	  0.0                	   0.3780718336483932
CUFF_NC.8054  	      532	 100.0                	  0.0                	   0.0
CUFF_NC.8055  	      533	 100.0                	  0.0                	   0.0
CUFF_NC.8059  	      533	 100.0                	  0.0                	   0.0
CUFF_NC.10534 	      533	  58.91181988742964   	  0.0                	  41.088180112570356
CUFF_NC.8136  	      533	 100.0                	  0.0                	   0.0
CUFF_NC.10537 	      253	  80.63241106719367   	  0.0                	  19.367588932806324
CUFF_NC.8061  	      533	  98.87429643527204   	  0.0                	   1.125703564727955
CUFF_NC.10536 	      503	   0.19880715705765406	  0.0                	  99.80119284294234
CUFF_NC.8062  	      533	  98.68667917448406   	  0.0                	   1.3133208255159476
CUFF_NC.8066  	      533	 100.0                	  0.0                	   0.0
CUFF_NC.10535 	      533	 100.0                	  0.0                	   0.0
CUFF_NC.8067  	      533	  99.812382739212     	  0.0                	   0.18761726078799248
CUFF_NC.806   	      533	 100.0                	  0.0                	   0.0
CUFF_NC.1054  	      533	 100.0                	  0.0                	   0.0
CUFF_NC.8028  	      533	 100.0                	  0.0                	   0.0
CUFF_NC.10539 	      292	  96.57534246575342   	  0.0                	   3.4246575342465753
CUFF_NC.8029  	      533	  99.812382739212     	  0.0                	   0.18761726078799248
CUFF_NC.803   	      533	  99.812382739212     	  0.0                	   0.18761726078799248
CUFF_NC.8030  	      533	 100.0                	  0.0                	   0.0
CUFF_NC.10538 	      249	  98.79518072289156   	  0.0                	   1.2048192771084338
CUFF_NC.8031  	      533	 100.0                	  0.0                	   0.0
CUFF_NC.10563 	      533	 100.0                	  0.0                	   0.0
CUFF_NC.8184  	      533	  99.812382739212     	  0.0                	   0.18761726078799248
CUFF_NC.8183  	      533	 100.0                	  0.0                	   0.0
CUFF_NC.8181  	      533	 100.0                	  0.0                	   0.0
CUFF_NC.8035  	      533	 100.0                	  0.0                	   0.0
CUFF_NC.8179  	      533	 100.0                	  0.0                	   0.0
CUFF_NC.8178  	      533	  99.62476547842401   	  0.0                	   0.37523452157598497
CUFF_NC.8037  	      533	  79.73733583489681   	  0.0                	  20.26266416510319
CUFF_NC.8177  	      533	 100.0                	  0.0                	   0.0
CUFF_NC.8032  	      529	   0.3780718336483932 	  0.0                	  99.62192816635161
CUFF_NC.8148  	      533	 100.0                	  0.0                	   0.0
CUFF_NC.8144  	      533	 100.0                	  0.0                	   0.0
CUFF_NC.10564 	      533	 100.0                	  0.0                	   0.0
CUFF_NC.8164  	      533	 100.0                	  0.0                	   0.0
CUFF_NC.8163  	      533	 100.0                	  0.0                	   0.0
CUFF_NC.10565 	      533	 100.0                	  0.0                	   0.0
CUFF_NC.10566 	      533	 100.0                	  0.0                	   0.0
CUFF_NC.8160  	      533	 100.0                	  0.0                	   0.0
CUFF_NC.8027  	      533	 100.0                	  0.0                	   0.0
CUFF_NC.8159  	      533	 100.0                	  0.0                	   0.0
CUFF_NC.10568 	      533	   4.315196998123827  	  0.0                	  95.68480300187618
CUFF_NC.8157  	      526	  18.631178707224336  	  0.0                	  81.36882129277566
CUFF_NC.10569 	      521	   1.1516314779270633 	  0.0                	  98.84836852207293
CUFF_NC.8026  	      533	 100.0                	  0.0                	   0.0
CUFF_NC.8152  	      533	 100.0                	  0.0                	   0.0
CUFF_NC.8151  	      533	  99.812382739212     	  0.0                	   0.18761726078799248
CUFF_NC.10541 	      321	  53.58255451713395   	  0.0                	  46.41744548286604
CUFF_NC.10540 	      533	 100.0                	  0.0                	   0.0
CUFF_NC.816   	      533	   0.0                	  0.0                	 100.0
CUFF_NC.8093  	      272	  25.36764705882353   	  0.0                	  74.63235294117648
CUFF_NC.8096  	      533	  78.04878048780488   	  0.0                	  21.951219512195124
CUFF_NC.8097  	      533	 100.0                	  0.0                	   0.0
CUFF_NC.8123  	      533	 100.0                	  0.0                	   0.0
CUFF_NC.8098  	      533	  98.68667917448406   	  0.0                	   1.3133208255159476
CUFF_NC.3172  	      531	   0.7532956685499058 	  0.0                	  99.2467043314501
CUFF_NC.3173  	      523	   1.5296367112810707 	  0.0                	  98.47036328871893
CUFF_NC.3174  	      527	   7.590132827324478  	  0.0                	  92.40986717267552
CUFF_NC.8083  	      533	 100.0                	  0.0                	   0.0
CUFF_NC.8122  	      533	 100.0                	  0.0                	   0.0
CUFF_NC.3176  	      529	   0.3780718336483932 	  0.0                	  99.62192816635161
CUFF_NC.3177  	      533	   1.3133208255159476 	  0.0                	  98.68667917448406
CUFF_NC.3178  	      378	  14.285714285714285  	  0.0                	  85.71428571428571
CUFF_NC.3157  	      493	   0.8113590263691683 	  0.0                	  99.18864097363083
CUFF_NC.3158  	      533	   0.0                	  0.0                	 100.0
CUFF_NC.8121  	      533	  96.81050656660413   	  0.0                	   3.189493433395872
CUFF_NC.8120  	      533	  50.469043151969984  	  0.0                	  49.530956848030016
CUFF_NC.3175  	      525	   0.5714285714285714 	  0.0                	  99.42857142857143
CUFF_NC.2223  	      533	  98.87429643527204   	  0.0                	   1.125703564727955
CUFF_NC.2224  	      533	  43.33958724202627   	  0.0                	  56.66041275797373
CUFF_NC.2221  	      483	   2.898550724637681  	  0.0                	  97.10144927536231
CUFF_NC.222   	      533	 100.0                	  0.0                	   0.0
CUFF_NC.2219  	      501	   2.5948103792415167 	  0.0                	  97.40518962075848
CUFF_NC.2226  	      533	 100.0                	  0.0                	   0.0
CUFF_NC.2227  	      533	 100.0                	  0.0                	   0.0
CUFF_NC.2218  	      533	 100.0                	  0.0                	   0.0
CUFF_NC.8092  	      533	 100.0                	  0.0                	   0.0
CUFF_NC.8133  	      533	 100.0                	  0.0                	   0.0
CUFF_NC.8132  	      531	   3.5781544256120528 	  0.0                	  96.42184557438794
CUFF_NC.1777  	      533	 100.0                	  0.0                	   0.0
CUFF_NC.813   	      533	 100.0                	  0.0                	   0.0
CUFF_NC.1778  	      531	 100.0                	  0.0                	   0.0
CUFF_NC.8125  	      478	   5.230125523012552  	  0.0                	  94.76987447698745
CUFF_NC.8124  	      533	  10.318949343339586  	  0.0                	  89.6810506566604
CUFF_NC.8106  	      533	  99.812382739212     	  0.0                	   0.18761726078799248
CUFF_NC.8090  	      533	 100.0                	  0.0                	   0.0
CUFF_NC.223   	      533	 100.0                	  0.0                	   0.0
CUFF_NC.8139  	      533	  99.812382739212     	  0.0                	   0.18761726078799248
CUFF_NC.8077  	      533	 100.0                	  0.0                	   0.0
CUFF_NC.10543 	      212	  95.28301886792453   	  0.0                	   4.716981132075472
CUFF_NC.10546 	      533	  99.812382739212     	  0.0                	   0.18761726078799248
CUFF_NC.2208  	      532	  97.18045112781954   	  0.0                	   2.819548872180451
CUFF_NC.2207  	      533	  99.812382739212     	  0.0                	   0.18761726078799248
CUFF_NC.2206  	      533	 100.0                	  0.0                	   0.0
CUFF_NC.2205  	      533	 100.0                	  0.0                	   0.0
CUFF_NC.8118  	      533	  99.812382739212     	  0.0                	   0.18761726078799248
CUFF_NC.2203  	      533	 100.0                	  0.0                	   0.0
CUFF_NC.2200  	      533	 100.0                	  0.0                	   0.0
CUFF_NC.2199  	      533	  93.43339587242026   	  0.0                	   6.566604127579738
CUFF_NC.2195  	      391	 100.0                	  0.0                	   0.0
CUFF_NC.8078  	      533	 100.0                	  0.0                	   0.0
CUFF_NC.8080  	      533	 100.0                	  0.0                	   0.0
CUFF_NC.8081  	      407	  15.724815724815725  	  0.0                	  84.27518427518427
CUFF_NC.8082  	      531	   0.3766478342749529 	  0.0                	  99.62335216572504
CUFF_NC.10557 	      533	  99.812382739212     	  0.0                	   0.18761726078799248
CUFF_NC.3160  	      447	  11.409395973154362  	  0.0                	  88.59060402684564
CUFF_NC.8116  	      533	 100.0                	  0.0                	   0.0
CUFF_NC.8115  	      533	 100.0                	  0.0                	   0.0
CUFF_NC.3161  	      533	   0.0                	  0.0                	 100.0
CUFF_NC.8114  	      533	 100.0                	  0.0                	   0.0
CUFF_NC.3165  	      496	  10.685483870967742  	  0.0                	  89.31451612903226
CUFF_NC.3167  	      516	   2.131782945736434  	  0.0                	  97.86821705426357
CUFF_NC.8099  	      533	  99.812382739212     	  0.0                	   0.18761726078799248
CUFF_NC.8076  	      533	 100.0                	  0.0                	   0.0
CUFF_NC.810   	      533	 100.0                	  0.0                	   0.0
CUFF_NC.8101  	      371	  99.46091644204851   	  0.0                	   0.5390835579514826
CUFF_NC.8102  	      389	  97.17223650385604   	  0.0                	   2.827763496143959
CUFF_NC.2216  	      533	  99.812382739212     	  0.0                	   0.18761726078799248
CUFF_NC.8110  	      533	  99.43714821763602   	  0.0                	   0.5628517823639775
CUFF_NC.8069  	      533	 100.0                	  0.0                	   0.0
CUFF_NC.8140  	      533	 100.0                	  0.0                	   0.0
CUFF_NC.8072  	      533	  99.43714821763602   	  0.0                	   0.5628517823639775
CUFF_NC.814   	      533	 100.0                	  0.0                	   0.0
CUFF_NC.81    	      533	 100.0                	  0.0                	   0.0
CUFF_NC.1526  	      533	 100.0                	  0.0                	   0.0
CUFF_NC.7954  	      533	 100.0                	  0.0                	   0.0
CUFF_NC.7956  	      533	 100.0                	  0.0                	   0.0
CUFF_NC.7959  	      533	  99.812382739212     	  0.0                	   0.18761726078799248
CUFF_NC.796   	      533	 100.0                	  0.0                	   0.0
CUFF_NC.1525  	      533	   0.0                	  0.0                	 100.0
CUFF_NC.7964  	      533	 100.0                	  0.0                	   0.0
CUFF_NC.7965  	      533	 100.0                	  0.0                	   0.0
CUFF_NC.8175  	      533	  99.62476547842401   	  0.0                	   0.37523452157598497
CUFF_NC.3168  	      527	   0.5692599620493358 	  0.0                	  99.43074003795066
CUFF_NC.7968  	      533	 100.0                	  0.0                	   0.0
CUFF_NC.7937  	      533	 100.0                	  0.0                	   0.0
CUFF_NC.7940  	      533	 100.0                	  0.0                	   0.0
CUFF_NC.7941  	      533	  99.62476547842401   	  0.0                	   0.37523452157598497
CUFF_NC.10589 	      332	  93.97590361445783   	  0.0                	   6.024096385542169
CUFF_NC.10592 	      533	  97.18574108818011   	  0.0                	   2.8142589118198873
CUFF_NC.10593 	      533	 100.0                	  0.0                	   0.0
CUFF_NC.7967  	      533	 100.0                	  0.0                	   0.0
CUFF_NC.3147  	      533	   0.0                	  0.0                	 100.0
CUFF_NC.7975  	      533	 100.0                	  0.0                	   0.0
CUFF_NC.3143  	      533	  99.43714821763602   	  0.0                	   0.5628517823639775
CUFF_NC.10582 	      459	  82.13507625272331   	  0.0                	  17.86492374727669
CUFF_NC.10584 	      533	 100.0                	  0.0                	   0.0
CUFF_NC.3140  	      533	   1.125703564727955  	  0.0                	  98.87429643527204
CUFF_NC.10588 	      533	  98.12382739212008   	  0.0                	   1.876172607879925
CUFF_NC.314   	      533	  98.87429643527204   	  0.0                	   1.125703564727955
CUFF_NC.1529  	      533	   0.0                	  0.0                	 100.0
CUFF_NC.7978  	      533	 100.0                	  0.0                	   0.0
CUFF_NC.3139  	      533	   1.6885553470919326 	  0.0                	  98.31144465290807
CUFF_NC.3137  	      505	  17.62376237623762   	  0.0                	  82.37623762376238
CUFF_NC.7948  	      533	 100.0                	  0.0                	   0.0
CUFF_NC.7949  	      533	 100.0                	  0.0                	   0.0
CUFF_NC.153   	      533	  99.62476547842401   	  0.0                	   0.37523452157598497
CUFF_NC.795   	      533	 100.0                	  0.0                	   0.0
CUFF_NC.7952  	      530	   7.735849056603773  	  0.0                	  92.26415094339623
CUFF_NC.7953  	      533	 100.0                	  0.0                	   0.0
CUFF_NC.7977  	      533	 100.0                	  0.0                	   0.0
CUFF_NC.823   	      533	 100.0                	  0.0                	   0.0
CUFF_NC.10526 	      533	 100.0                	  0.0                	   0.0
CUFF_NC.10523 	      532	  99.06015037593986   	  0.0                	   0.9398496240601504
CUFF_NC.7922  	      533	 100.0                	  0.0                	   0.0
CUFF_NC.7923  	      533	  99.812382739212     	  0.0                	   0.18761726078799248
CUFF_NC.7924  	      533	  99.62476547842401   	  0.0                	   0.37523452157598497
CUFF_NC.7926  	      533	 100.0                	  0.0                	   0.0
CUFF_NC.7927  	      533	 100.0                	  0.0                	   0.0
CUFF_NC.10595 	      533	  99.812382739212     	  0.0                	   0.18761726078799248
CUFF_NC.10520 	      533	  84.42776735459663   	  0.0                	  15.572232645403378
CUFF_NC.10519 	      533	 100.0                	  0.0                	   0.0
CUFF_NC.10518 	      515	  99.41747572815534   	  0.0                	   0.5825242718446602
CUFF_NC.793   	      533	  99.812382739212     	  0.0                	   0.18761726078799248
CUFF_NC.10517 	      264	  97.72727272727273   	  0.0                	   2.272727272727273
CUFF_NC.7931  	      533	 100.0                	  0.0                	   0.0
CUFF_NC.7933  	      532	   7.7067669172932325 	  0.0                	  92.29323308270678
CUFF_NC.10516 	      532	  99.81203007518798   	  0.0                	   0.18796992481203006
CUFF_NC.7929  	      533	 100.0                	  0.0                	   0.0
CUFF_NC.10596 	      533	 100.0                	  0.0                	   0.0
CUFF_NC.8217  	      533	  99.812382739212     	  0.0                	   0.18761726078799248
CUFF_NC.10597 	      533	  96.81050656660413   	  0.0                	   3.189493433395872
CUFF_NC.10598 	      533	  99.812382739212     	  0.0                	   0.18761726078799248
CUFF_NC.10599 	      533	 100.0                	  0.0                	   0.0
CUFF_NC.8216  	      533	 100.0                	  0.0                	   0.0
CUFF_NC.8214  	      533	 100.0                	  0.0                	   0.0
CUFF_NC.8213  	      533	   1.125703564727955  	  0.0                	  98.87429643527204
CUFF_NC.7921  	      527	  98.292220113852     	  0.0                	   1.7077798861480076
CUFF_NC.7946  	      533	 100.0                	  0.0                	   0.0
CUFF_NC.8211  	      533	 100.0                	  0.0                	   0.0
CUFF_NC.8210  	      533	  85.74108818011257   	  0.0                	  14.258911819887429
CUFF_NC.8207  	      533	 100.0                	  0.0                	   0.0
CUFF_NC.8203  	      533	 100.0                	  0.0                	   0.0
CUFF_NC.7919  	      533	   6.941838649155723  	  0.0                	  93.05816135084429
CUFF_NC.792   	      526	  99.04942965779468   	  0.0                	   0.9505703422053232
CUFF_NC.7920  	      533	 100.0                	  0.0                	   0.0
CUFF_NC.2182  	      533	 100.0                	  0.0                	   0.0
CUFF_NC.10601 	      533	  99.812382739212     	  0.0                	   0.18761726078799248
CUFF_NC.8019  	      533	 100.0                	  0.0                	   0.0
CUFF_NC.802   	      533	 100.0                	  0.0                	   0.0
CUFF_NC.8196  	      530	  99.24528301886792   	  0.0                	   0.7547169811320755
CUFF_NC.8020  	      533	 100.0                	  0.0                	   0.0
CUFF_NC.8195  	      533	 100.0                	  0.0                	   0.0
CUFF_NC.8022  	      533	 100.0                	  0.0                	   0.0
CUFF_NC.8194  	      533	 100.0                	  0.0                	   0.0
CUFF_NC.8023  	      533	 100.0                	  0.0                	   0.0
CUFF_NC.7972  	      533	  99.43714821763602   	  0.0                	   0.5628517823639775
CUFF_NC.8193  	       39	  41.02564102564102   	  0.0                	  58.97435897435898
CUFF_NC.1780  	      525	   0.9523809523809524 	  0.0                	  99.04761904761905
CUFF_NC.1781  	      533	   5.253283302063791  	  0.0                	  94.74671669793621
CUFF_NC.1783  	      533	   1.3133208255159476 	  0.0                	  98.68667917448406
CUFF_NC.1785  	      533	 100.0                	  0.0                	   0.0
CUFF_NC.8192  	      533	 100.0                	  0.0                	   0.0
CUFF_NC.8191  	      533	 100.0                	  0.0                	   0.0
CUFF_NC.1786  	      533	 100.0                	  0.0                	   0.0
CUFF_NC.8024  	      522	   9.770114942528735  	  0.0                	  90.22988505747126
CUFF_NC.8174  	      533	 100.0                	  0.0                	   0.0
CUFF_NC.8173  	      533	 100.0                	  0.0                	   0.0
CUFF_NC.8172  	      533	 100.0                	  0.0                	   0.0
CUFF_NC.8171  	      533	 100.0                	  0.0                	   0.0
CUFF_NC.817   	      533	 100.0                	  0.0                	   0.0
CUFF_NC.8169  	      533	  99.812382739212     	  0.0                	   0.18761726078799248
CUFF_NC.804   	      533	  99.43714821763602   	  0.0                	   0.5628517823639775
CUFF_NC.8202  	      510	   3.7254901960784315 	  0.0                	  96.27450980392157
CUFF_NC.8018  	      533	 100.0                	  0.0                	   0.0
CUFF_NC.8007  	      533	 100.0                	  0.0                	   0.0
CUFF_NC.8008  	      533	 100.0                	  0.0                	   0.0
CUFF_NC.8200  	      533	 100.0                	  0.0                	   0.0
CUFF_NC.820   	      533	 100.0                	  0.0                	   0.0
CUFF_NC.8009  	      533	 100.0                	  0.0                	   0.0
CUFF_NC.8197  	      533	 100.0                	  0.0                	   0.0
CUFF_NC.801   	      533	 100.0                	  0.0                	   0.0
CUFF_NC.8013  	      533	  99.812382739212     	  0.0                	   0.18761726078799248
CUFF_NC.8017  	      533	 100.0                	  0.0                	   0.0
CUFF_NC.8006  	      533	 100.0                	  0.0                	   0.0
CUFF_NC.8225  	      533	 100.0                	  0.0                	   0.0
CUFF_NC.7992  	      533	 100.0                	  0.0                	   0.0
CUFF_NC.7993  	      533	  99.62476547842401   	  0.0                	   0.37523452157598497
CUFF_NC.7994  	      533	 100.0                	  0.0                	   0.0
CUFF_NC.8222  	      533	  99.62476547842401   	  0.0                	   0.37523452157598497
CUFF_NC.8220  	      533	  62.6641651031895    	  0.0                	  37.3358348968105
CUFF_NC.7995  	      533	 100.0                	  0.0                	   0.0
CUFF_NC.7999  	      532	  99.62406015037594   	  0.0                	   0.37593984962406013
CUFF_NC.2230  	      533	 100.0                	  0.0                	   0.0
CUFF_NC.822   	      533	 100.0                	  0.0                	   0.0
CUFF_NC.178   	      533	 100.0                	  0.0                	   0.0
CUFF_NC.8219  	      533	 100.0                	  0.0                	   0.0
CUFF_NC.7969  	      533	 100.0                	  0.0                	   0.0
CUFF_NC.3149  	      533	   0.0                	  0.0                	 100.0
CUFF_NC.797   	      533	 100.0                	  0.0                	   0.0
CUFF_NC.7970  	      176	  96.02272727272727   	  0.0                	   3.977272727272727
CUFF_NC.7971  	      533	 100.0                	  0.0                	   0.0
CUFF_NC.1779  	      513	   1.5594541910331383 	  0.0                	  98.44054580896686
CUFF_NC.2231  	      533	 100.0                	  0.0                	   0.0
CUFF_NC.2232  	      533	 100.0                	  0.0                	   0.0
CUFF_NC.2233  	      533	 100.0                	  0.0                	   0.0
CUFF_NC.80    	      533	 100.0                	  0.0                	   0.0
CUFF_NC.800   	      533	 100.0                	  0.0                	   0.0
CUFF_NC.8190  	      533	  99.812382739212     	  0.0                	   0.18761726078799248
CUFF_NC.819   	      533	  99.812382739212     	  0.0                	   0.18761726078799248
CUFF_NC.7979  	      533	 100.0                	  0.0                	   0.0
CUFF_NC.8226  	      533	  99.43714821763602   	  0.0                	   0.5628517823639775
CUFF_NC.7980  	      533	 100.0                	  0.0                	   0.0
CUFF_NC.7981  	      533	 100.0                	  0.0                	   0.0
CUFF_NC.7984  	      533	 100.0                	  0.0                	   0.0
CUFF_NC.7985  	      533	 100.0                	  0.0                	   0.0
CUFF_NC.7989  	      533	 100.0                	  0.0                	   0.0
CUFF_NC.8188  	      533	 100.0                	  0.0                	   0.0
CUFF_NC.8186  	      533	  99.62476547842401   	  0.0                	   0.37523452157598497
CUFF_NC.7990  	      533	 100.0                	  0.0                	   0.0
CUFF_NC.7991  	      533	 100.0                	  0.0                	   0.0
CUFF_NC.798   	      533	 100.0                	  0.0                	   0.0
CUFF_NC.7279  	      533	 100.0                	  0.0                	   0.0
CUFF_NC.728   	      533	 100.0                	  0.0                	   0.0
CUFF_NC.7280  	      533	  99.43714821763602   	  0.0                	   0.5628517823639775
CUFF_NC.7281  	      533	 100.0                	  0.0                	   0.0
CUFF_NC.7282  	      533	  99.812382739212     	  0.0                	   0.18761726078799248
CUFF_NC.7287  	      533	 100.0                	  0.0                	   0.0
CUFF_NC.2361  	      533	  94.37148217636022   	  0.0                	   5.628517823639775
CUFF_NC.2365  	      533	 100.0                	  0.0                	   0.0
CUFF_NC.2366  	      533	 100.0                	  0.0                	   0.0
CUFF_NC.237   	      533	  99.812382739212     	  0.0                	   0.18761726078799248
CUFF_NC.2933  	      533	  29.45590994371482   	  0.0                	  70.54409005628519
CUFF_NC.2371  	      533	 100.0                	  0.0                	   0.0
CUFF_NC.2373  	      533	 100.0                	  0.0                	   0.0
CUFF_NC.3292  	      533	 100.0                	  0.0                	   0.0
CUFF_NC.3293  	      531	   0.3766478342749529 	  0.0                	  99.62335216572504
CUFF_NC.3294  	      533	   0.0                	  0.0                	 100.0
CUFF_NC.3295  	      533	   1.3133208255159476 	  0.0                	  98.68667917448406
CUFF_NC.3297  	      470	   4.468085106382979  	  0.0                	  95.53191489361701
CUFF_NC.3298  	      533	   0.0                	  0.0                	 100.0
CUFF_NC.3263  	       28	 100.0                	  0.0                	   0.0
CUFF_NC.3265  	      533	  95.49718574108817   	  0.0                	   4.50281425891182
CUFF_NC.3266  	      533	  98.31144465290807   	  0.0                	   1.6885553470919326
CUFF_NC.2370  	      533	  99.812382739212     	  0.0                	   0.18761726078799248
CUFF_NC.7320  	      533	 100.0                	  0.0                	   0.0
CUFF_NC.7325  	      524	   0.7633587786259541 	  0.0                	  99.23664122137404
CUFF_NC.7288  	      533	 100.0                	  0.0                	   0.0
CUFF_NC.7289  	      533	 100.0                	  0.0                	   0.0
CUFF_NC.729   	      533	 100.0                	  0.0                	   0.0
CUFF_NC.7290  	      533	 100.0                	  0.0                	   0.0
CUFF_NC.7291  	      533	 100.0                	  0.0                	   0.0
CUFF_NC.7292  	      533	  93.80863039399625   	  0.0                	   6.191369606003752
CUFF_NC.7293  	      533	  95.30956848030019   	  0.0                	   4.690431519699812
CUFF_NC.7294  	      533	  99.812382739212     	  0.0                	   0.18761726078799248
CUFF_NC.7295  	      532	   0.18796992481203006	  0.0                	  99.81203007518798
CUFF_NC.7277  	      323	  21.671826625387     	  0.0                	  78.328173374613
CUFF_NC.73    	      533	 100.0                	  0.0                	   0.0
CUFF_NC.10736 	      533	 100.0                	  0.0                	   0.0
CUFF_NC.10737 	      533	  96.24765478424015   	  0.0                	   3.75234521575985
CUFF_NC.10738 	      533	  96.24765478424015   	  0.0                	   3.75234521575985
CUFF_NC.10739 	      533	  99.812382739212     	  0.0                	   0.18761726078799248
CUFF_NC.1076  	      533	  71.85741088180112   	  0.0                	  28.142589118198874
CUFF_NC.10761 	      533	 100.0                	  0.0                	   0.0
CUFF_NC.7270  	      533	 100.0                	  0.0                	   0.0
CUFF_NC.7271  	      525	  99.80952380952381   	  0.0                	   0.19047619047619047
CUFF_NC.7272  	      506	 100.0                	  0.0                	   0.0
CUFF_NC.7275  	      533	  98.12382739212008   	  0.0                	   1.876172607879925
CUFF_NC.7296  	      114	   5.263157894736842  	  0.0                	  94.73684210526315
CUFF_NC.7236  	      533	 100.0                	  0.0                	   0.0
CUFF_NC.724   	      533	 100.0                	  0.0                	   0.0
CUFF_NC.7241  	      533	 100.0                	  0.0                	   0.0
CUFF_NC.7242  	      533	 100.0                	  0.0                	   0.0
CUFF_NC.7243  	      532	   0.18796992481203006	  0.0                	  99.81203007518798
CUFF_NC.7245  	      533	 100.0                	  0.0                	   0.0
CUFF_NC.7246  	      533	   8.630393996247655  	  0.0                	  91.36960600375235
CUFF_NC.10770 	      533	 100.0                	  0.0                	   0.0
CUFF_NC.10773 	      533	  96.81050656660413   	  0.0                	   3.189493433395872
CUFF_NC.10774 	      533	   0.18761726078799248	  0.0                	  99.812382739212
CUFF_NC.3268  	      533	  97.93621013133207   	  0.0                	   2.0637898686679175
CUFF_NC.10777 	      533	  99.812382739212     	  0.0                	   0.18761726078799248
CUFF_NC.10778 	      533	 100.0                	  0.0                	   0.0
CUFF_NC.10779 	      533	 100.0                	  0.0                	   0.0
CUFF_NC.721   	      533	  99.812382739212     	  0.0                	   0.18761726078799248
CUFF_NC.7210  	      533	 100.0                	  0.0                	   0.0
CUFF_NC.7211  	      533	 100.0                	  0.0                	   0.0
CUFF_NC.7214  	      533	 100.0                	  0.0                	   0.0
CUFF_NC.7217  	      533	 100.0                	  0.0                	   0.0
CUFF_NC.7218  	      532	 100.0                	  0.0                	   0.0
CUFF_NC.7219  	      533	 100.0                	  0.0                	   0.0
CUFF_NC.7220  	      533	  29.268292682926827  	  0.0                	  70.73170731707317
CUFF_NC.10776 	      533	  97.74859287054409   	  0.0                	   2.25140712945591
CUFF_NC.3269  	       30	  50.0                	  0.0                	  50.0
CUFF_NC.327   	      533	 100.0                	  0.0                	   0.0
CUFF_NC.3273  	      124	  79.83870967741935   	  0.0                	  20.161290322580644
CUFF_NC.2375  	      533	  99.62476547842401   	  0.0                	   0.37523452157598497
CUFF_NC.2377  	      533	 100.0                	  0.0                	   0.0
CUFF_NC.10752 	      533	   0.37523452157598497	  0.0                	  99.62476547842401
CUFF_NC.10754 	      533	 100.0                	  0.0                	   0.0
CUFF_NC.10756 	      533	  99.43714821763602   	  0.0                	   0.5628517823639775
CUFF_NC.7249  	      533	  99.812382739212     	  0.0                	   0.18761726078799248
CUFF_NC.7250  	      533	 100.0                	  0.0                	   0.0
CUFF_NC.7252  	      533	  99.812382739212     	  0.0                	   0.18761726078799248
CUFF_NC.7234  	      533	 100.0                	  0.0                	   0.0
CUFF_NC.7259  	      533	 100.0                	  0.0                	   0.0
CUFF_NC.7267  	      533	 100.0                	  0.0                	   0.0
CUFF_NC.7268  	      533	 100.0                	  0.0                	   0.0
CUFF_NC.7269  	      533	  99.812382739212     	  0.0                	   0.18761726078799248
CUFF_NC.727   	      533	 100.0                	  0.0                	   0.0
CUFF_NC.10751 	      533	 100.0                	  0.0                	   0.0
CUFF_NC.236   	      533	 100.0                	  0.0                	   0.0
CUFF_NC.2360  	      533	 100.0                	  0.0                	   0.0
CUFF_NC.7223  	      533	 100.0                	  0.0                	   0.0
CUFF_NC.7231  	      533	 100.0                	  0.0                	   0.0
CUFF_NC.7233  	      533	 100.0                	  0.0                	   0.0
CUFF_NC.7256  	      488	  82.37704918032787   	  0.0                	  17.62295081967213
CUFF_NC.3248  	        9	  88.88888888888889   	  0.0                	  11.11111111111111
CUFF_NC.3249  	      349	  92.26361031518626   	  0.0                	   7.736389684813753
CUFF_NC.3250  	      507	  88.16568047337277   	  0.0                	  11.834319526627219
CUFF_NC.3252  	      533	  92.6829268292683    	  0.0                	   7.317073170731707
CUFF_NC.3253  	      454	  87.66519823788546   	  0.0                	  12.334801762114537
CUFF_NC.3255  	      533	  98.49906191369607   	  0.0                	   1.5009380863039399
CUFF_NC.7384  	      532	   0.5639097744360901 	  0.0                	  99.43609022556392
CUFF_NC.7385  	      532	   0.5639097744360901 	  0.0                	  99.43609022556392
CUFF_NC.7386  	      533	   0.18761726078799248	  0.0                	  99.812382739212
CUFF_NC.7387  	      533	   0.0                	  0.0                	 100.0
CUFF_NC.732   	      533	  99.812382739212     	  0.0                	   0.18761726078799248
CUFF_NC.7389  	      533	   0.0                	  0.0                	 100.0
CUFF_NC.739   	      533	 100.0                	  0.0                	   0.0
CUFF_NC.10726 	      533	  95.87242026266416   	  0.0                	   4.127579737335835
CUFF_NC.10727 	      533	  98.68667917448406   	  0.0                	   1.3133208255159476
CUFF_NC.10729 	      533	  99.812382739212     	  0.0                	   0.18761726078799248
CUFF_NC.1073  	      533	 100.0                	  0.0                	   0.0
CUFF_NC.10730 	      533	 100.0                	  0.0                	   0.0
CUFF_NC.10731 	      234	  90.17094017094017   	  0.0                	   9.82905982905983
CUFF_NC.10732 	      533	 100.0                	  0.0                	   0.0
CUFF_NC.10734 	      533	  99.812382739212     	  0.0                	   0.18761726078799248
CUFF_NC.7364  	      533	   0.0                	  0.0                	 100.0
CUFF_NC.7388  	      533	 100.0                	  0.0                	   0.0
CUFF_NC.7396  	      532	   0.0                	  0.0                	 100.0
CUFF_NC.7397  	      528	   1.1363636363636365 	  0.0                	  98.86363636363636
CUFF_NC.740   	      533	 100.0                	  0.0                	   0.0
CUFF_NC.7400  	      533	   0.0                	  0.0                	 100.0
CUFF_NC.7402  	      532	   0.0                	  0.0                	 100.0
CUFF_NC.7403  	      533	   0.0                	  0.0                	 100.0
CUFF_NC.7405  	      533	   0.18761726078799248	  0.0                	  99.812382739212
CUFF_NC.7406  	      533	   0.0                	  0.0                	 100.0
CUFF_NC.7407  	      533	   5.628517823639775  	  0.0                	  94.37148217636022
CUFF_NC.7375  	      489	   9.202453987730062  	  0.0                	  90.79754601226993
CUFF_NC.7376  	      475	  11.578947368421053  	  0.0                	  88.42105263157895
CUFF_NC.3247  	        4	 100.0                	  0.0                	   0.0
CUFF_NC.7379  	      533	   0.0                	  0.0                	 100.0
CUFF_NC.7381  	      520	  10.576923076923077  	  0.0                	  89.42307692307693
CUFF_NC.7382  	      527	   0.3795066413662239 	  0.0                	  99.62049335863378
CUFF_NC.7383  	      533	   0.0                	  0.0                	 100.0
CUFF_NC.3274  	      533	   0.0                	  0.0                	 100.0
CUFF_NC.3276  	      502	  19.322709163346612  	  0.0                	  80.67729083665338
CUFF_NC.3277  	      533	   0.0                	  0.0                	 100.0
CUFF_NC.3278  	      533	   0.18761726078799248	  0.0                	  99.812382739212
CUFF_NC.3279  	      533	   0.0                	  0.0                	 100.0
CUFF_NC.328   	      533	  99.43714821763602   	  0.0                	   0.5628517823639775
CUFF_NC.3244  	      533	  97.37335834896811   	  0.0                	   2.6266416510318953
CUFF_NC.7378  	      505	   8.316831683168317  	  0.0                	  91.68316831683168
CUFF_NC.7358  	      501	   9.980039920159681  	  0.0                	  90.01996007984032
CUFF_NC.7359  	      460	   9.565217391304348  	  0.0                	  90.43478260869566
CUFF_NC.736   	      533	 100.0                	  0.0                	   0.0
CUFF_NC.10720 	      533	  72.98311444652909   	  0.0                	  27.01688555347092
CUFF_NC.1748  	      479	  87.2651356993737    	  0.0                	  12.734864300626306
CUFF_NC.7326  	      533	  91.18198874296435   	  0.0                	   8.818011257035648
CUFF_NC.7327  	      533	  91.18198874296435   	  0.0                	   8.818011257035648
CUFF_NC.733   	      533	 100.0                	  0.0                	   0.0
CUFF_NC.7333  	      447	  98.88143176733782   	  0.0                	   1.1185682326621924
CUFF_NC.7335  	      533	  99.62476547842401   	  0.0                	   0.37523452157598497
CUFF_NC.7339  	      533	 100.0                	  0.0                	   0.0
CUFF_NC.7367  	      533	   0.0                	  0.0                	 100.0
CUFF_NC.7341  	      533	   0.18761726078799248	  0.0                	  99.812382739212
CUFF_NC.7343  	      533	 100.0                	  0.0                	   0.0
CUFF_NC.7344  	      533	 100.0                	  0.0                	   0.0
CUFF_NC.7345  	      533	 100.0                	  0.0                	   0.0
CUFF_NC.10745 	      533	 100.0                	  0.0                	   0.0
CUFF_NC.10746 	      533	 100.0                	  0.0                	   0.0
CUFF_NC.7309  	      533	   0.0                	  0.0                	 100.0
CUFF_NC.7314  	      533	 100.0                	  0.0                	   0.0
CUFF_NC.7315  	      533	 100.0                	  0.0                	   0.0
CUFF_NC.7317  	      533	  13.696060037523452  	  0.0                	  86.30393996247655
CUFF_NC.7318  	      533	  31.51969981238274   	  0.0                	  68.48030018761726
CUFF_NC.7340  	      533	   0.7504690431519699 	  0.0                	  99.24953095684803
CUFF_NC.7368  	      363	  10.743801652892563  	  0.0                	  89.25619834710744
CUFF_NC.7373  	      497	  10.46277665995976   	  0.0                	  89.53722334004024
CUFF_NC.1750  	      509	  99.01768172888016   	  0.0                	   0.9823182711198428
CUFF_NC.1751  	      489	 100.0                	  0.0                	   0.0
CUFF_NC.1753  	      533	  99.812382739212     	  0.0                	   0.18761726078799248
CUFF_NC.1754  	      469	  56.50319829424307   	  0.0                	  43.49680170575693
CUFF_NC.1756  	      533	 100.0                	  0.0                	   0.0
CUFF_NC.1758  	      533	 100.0                	  0.0                	   0.0
CUFF_NC.1759  	      533	  96.24765478424015   	  0.0                	   3.75234521575985
CUFF_NC.1760  	      533	  99.43714821763602   	  0.0                	   0.5628517823639775
CUFF_NC.2353  	      533	 100.0                	  0.0                	   0.0
CUFF_NC.7357  	      466	   7.725321888412018  	  0.0                	  92.27467811158799
CUFF_NC.2356  	      533	 100.0                	  0.0                	   0.0
CUFF_NC.2357  	      533	 100.0                	  0.0                	   0.0
CUFF_NC.2358  	      533	 100.0                	  0.0                	   0.0
CUFF_NC.10721 	      533	 100.0                	  0.0                	   0.0
CUFF_NC.10723 	      530	   0.37735849056603776	  0.0                	  99.62264150943396
CUFF_NC.7348  	      506	   9.288537549407115  	  0.0                	  90.71146245059289
CUFF_NC.7352  	      529	   2.4574669187145557 	  0.0                	  97.54253308128544
CUFF_NC.7353  	      452	  10.84070796460177   	  0.0                	  89.15929203539822
CUFF_NC.7354  	      443	  10.835214446952596  	  0.0                	  89.1647855530474
CUFF_NC.7355  	      473	   8.0338266384778    	  0.0                	  91.9661733615222
CUFF_NC.7356  	      512	  10.7421875          	  0.0                	  89.2578125
CUFF_NC.2354  	      533	 100.0                	  0.0                	   0.0
CUFF_NC.3285  	      533	   0.0                	  0.0                	 100.0
CUFF_NC.3286  	      530	   0.7547169811320755 	  0.0                	  99.24528301886792
CUFF_NC.3287  	      525	   0.7619047619047619 	  0.0                	  99.23809523809524
CUFF_NC.3288  	      519	   1.1560693641618496 	  0.0                	  98.84393063583815
CUFF_NC.3289  	      533	   0.18761726078799248	  0.0                	  99.812382739212
CUFF_NC.3291  	      529	   1.5122873345935728 	  0.0                	  98.48771266540642
CUFF_NC.10805 	      533	 100.0                	  0.0                	   0.0
CUFF_NC.10806 	      533	  99.812382739212     	  0.0                	   0.18761726078799248
CUFF_NC.10807 	      533	 100.0                	  0.0                	   0.0
CUFF_NC.7093  	      533	 100.0                	  0.0                	   0.0
CUFF_NC.7192  	      533	  99.812382739212     	  0.0                	   0.18761726078799248
CUFF_NC.7096  	      533	 100.0                	  0.0                	   0.0
CUFF_NC.7071  	      533	   4.50281425891182   	  0.0                	  95.49718574108817
CUFF_NC.7072  	      490	  98.36734693877551   	  0.0                	   1.6326530612244898
CUFF_NC.7075  	      483	  97.72256728778468   	  0.0                	   2.2774327122153206
CUFF_NC.7076  	      531	  96.98681732580037   	  0.0                	   3.0131826741996233
CUFF_NC.7077  	      274	  27.37226277372263   	  0.0                	  72.62773722627736
CUFF_NC.7078  	      214	  10.2803738317757    	  0.0                	  89.7196261682243
CUFF_NC.7079  	      533	 100.0                	  0.0                	   0.0
CUFF_NC.7082  	      532	  22.36842105263158   	  0.0                	  77.63157894736842
CUFF_NC.7084  	      533	  99.62476547842401   	  0.0                	   0.37523452157598497
CUFF_NC.7085  	      533	 100.0                	  0.0                	   0.0
CUFF_NC.7095  	      533	 100.0                	  0.0                	   0.0
CUFF_NC.2400  	      533	  99.812382739212     	  0.0                	   0.18761726078799248
CUFF_NC.2401  	      533	 100.0                	  0.0                	   0.0
CUFF_NC.2402  	      533	  99.812382739212     	  0.0                	   0.18761726078799248
CUFF_NC.2404  	      533	 100.0                	  0.0                	   0.0
CUFF_NC.2406  	      533	 100.0                	  0.0                	   0.0
CUFF_NC.2407  	      448	  12.723214285714285  	  0.0                	  87.27678571428571
CUFF_NC.2408  	      533	  99.812382739212     	  0.0                	   0.18761726078799248
CUFF_NC.2410  	      533	  99.812382739212     	  0.0                	   0.18761726078799248
CUFF_NC.7097  	      533	  99.812382739212     	  0.0                	   0.18761726078799248
CUFF_NC.7098  	      533	  98.87429643527204   	  0.0                	   1.125703564727955
CUFF_NC.710   	      533	 100.0                	  0.0                	   0.0
CUFF_NC.3284  	      507	   0.19723865877712032	  0.0                	  99.80276134122288
CUFF_NC.7091  	      533	 100.0                	  0.0                	   0.0
CUFF_NC.10795 	      533	 100.0                	  0.0                	   0.0
CUFF_NC.10798 	      533	 100.0                	  0.0                	   0.0
CUFF_NC.10800 	      533	 100.0                	  0.0                	   0.0
CUFF_NC.10801 	      533	 100.0                	  0.0                	   0.0
CUFF_NC.3306  	      533	   0.37523452157598497	  0.0                	  99.62476547842401
CUFF_NC.331   	      533	  96.62288930581614   	  0.0                	   3.377110694183865
CUFF_NC.3310  	      520	   1.5384615384615385 	  0.0                	  98.46153846153847
CUFF_NC.3311  	      533	  99.812382739212     	  0.0                	   0.18761726078799248
CUFF_NC.3280  	      533	   0.0                	  0.0                	 100.0
CUFF_NC.3281  	      533	   0.0                	  0.0                	 100.0
CUFF_NC.7100  	      533	 100.0                	  0.0                	   0.0
CUFF_NC.7035  	      533	 100.0                	  0.0                	   0.0
CUFF_NC.7036  	      533	 100.0                	  0.0                	   0.0
CUFF_NC.7037  	      533	 100.0                	  0.0                	   0.0
CUFF_NC.704   	      533	 100.0                	  0.0                	   0.0
CUFF_NC.7041  	      505	  53.46534653465347   	  0.0                	  46.53465346534654
CUFF_NC.7042  	      533	 100.0                	  0.0                	   0.0
CUFF_NC.7046  	      533	 100.0                	  0.0                	   0.0
CUFF_NC.7047  	      533	 100.0                	  0.0                	   0.0
CUFF_NC.7048  	      533	 100.0                	  0.0                	   0.0
CUFF_NC.10815 	      533	 100.0                	  0.0                	   0.0
CUFF_NC.7086  	      533	 100.0                	  0.0                	   0.0
CUFF_NC.10818 	      533	 100.0                	  0.0                	   0.0
CUFF_NC.10819 	      533	  98.49906191369607   	  0.0                	   1.5009380863039399
CUFF_NC.10821 	      533	 100.0                	  0.0                	   0.0
CUFF_NC.10822 	      533	 100.0                	  0.0                	   0.0
CUFF_NC.10823 	      533	 100.0                	  0.0                	   0.0
CUFF_NC.7015  	      533	 100.0                	  0.0                	   0.0
CUFF_NC.7016  	      533	 100.0                	  0.0                	   0.0
CUFF_NC.7021  	      533	 100.0                	  0.0                	   0.0
CUFF_NC.7022  	      533	  25.328330206378986  	  0.0                	  74.671669793621
CUFF_NC.7025  	      533	   0.37523452157598497	  0.0                	  99.62476547842401
CUFF_NC.7001  	      533	 100.0                	  0.0                	   0.0
CUFF_NC.10816 	      498	  39.959839357429715  	  0.0                	  60.040160642570285
CUFF_NC.7088  	      533	 100.0                	  0.0                	   0.0
CUFF_NC.7089  	      533	 100.0                	  0.0                	   0.0
CUFF_NC.709   	      533	 100.0                	  0.0                	   0.0
CUFF_NC.7090  	      493	  11.561866125760648  	  0.0                	  88.43813387423936
CUFF_NC.7049  	      504	  81.15079365079364   	  0.0                	  18.849206349206348
CUFF_NC.7050  	      533	 100.0                	  0.0                	   0.0
CUFF_NC.7051  	      533	  66.22889305816135   	  0.0                	  33.771106941838646
CUFF_NC.7052  	      533	   1.6885553470919326 	  0.0                	  98.31144465290807
CUFF_NC.7053  	      531	   0.3766478342749529 	  0.0                	  99.62335216572504
CUFF_NC.7055  	      533	   2.6266416510318953 	  0.0                	  97.37335834896811
CUFF_NC.7056  	      533	   2.6266416510318953 	  0.0                	  97.37335834896811
CUFF_NC.7033  	      533	 100.0                	  0.0                	   0.0
CUFF_NC.7060  	      533	 100.0                	  0.0                	   0.0
CUFF_NC.7061  	      533	 100.0                	  0.0                	   0.0
CUFF_NC.7062  	      533	 100.0                	  0.0                	   0.0
CUFF_NC.7067  	      533	 100.0                	  0.0                	   0.0
CUFF_NC.7069  	      533	 100.0                	  0.0                	   0.0
CUFF_NC.707   	      533	  99.43714821763602   	  0.0                	   0.5628517823639775
CUFF_NC.7070  	      533	  99.812382739212     	  0.0                	   0.18761726078799248
CUFF_NC.703   	      533	 100.0                	  0.0                	   0.0
CUFF_NC.7030  	      533	 100.0                	  0.0                	   0.0
CUFF_NC.7031  	      533	   0.0                	  0.0                	 100.0
CUFF_NC.7032  	      533	 100.0                	  0.0                	   0.0
CUFF_NC.7057  	      533	 100.0                	  0.0                	   0.0
CUFF_NC.2397  	      533	 100.0                	  0.0                	   0.0
CUFF_NC.2398  	      533	 100.0                	  0.0                	   0.0
CUFF_NC.7169  	      533	 100.0                	  0.0                	   0.0
CUFF_NC.717   	      533	 100.0                	  0.0                	   0.0
CUFF_NC.7170  	      533	 100.0                	  0.0                	   0.0
CUFF_NC.7171  	      533	 100.0                	  0.0                	   0.0
CUFF_NC.7173  	      533	 100.0                	  0.0                	   0.0
CUFF_NC.7174  	      533	 100.0                	  0.0                	   0.0
CUFF_NC.7175  	      533	 100.0                	  0.0                	   0.0
CUFF_NC.7177  	      533	 100.0                	  0.0                	   0.0
CUFF_NC.240   	      533	 100.0                	  0.0                	   0.0
CUFF_NC.7180  	      533	 100.0                	  0.0                	   0.0
CUFF_NC.7183  	      533	 100.0                	  0.0                	   0.0
CUFF_NC.7184  	      533	 100.0                	  0.0                	   0.0
CUFF_NC.7186  	      533	 100.0                	  0.0                	   0.0
CUFF_NC.7164  	      533	 100.0                	  0.0                	   0.0
CUFF_NC.7165  	      533	 100.0                	  0.0                	   0.0
CUFF_NC.7166  	      533	 100.0                	  0.0                	   0.0
CUFF_NC.1078  	      533	  99.812382739212     	  0.0                	   0.18761726078799248
CUFF_NC.10780 	      533	 100.0                	  0.0                	   0.0
CUFF_NC.10781 	      533	 100.0                	  0.0                	   0.0
CUFF_NC.10783 	        1	   0.0                	  0.0                	 100.0
CUFF_NC.7178  	      533	 100.0                	  0.0                	   0.0
CUFF_NC.7193  	      533	 100.0                	  0.0                	   0.0
CUFF_NC.7198  	      533	 100.0                	  0.0                	   0.0
CUFF_NC.7199  	      533	 100.0                	  0.0                	   0.0
CUFF_NC.720   	      533	 100.0                	  0.0                	   0.0
CUFF_NC.7200  	      533	   0.0                	  0.0                	 100.0
CUFF_NC.7203  	      533	  99.62476547842401   	  0.0                	   0.37523452157598497
CUFF_NC.7204  	      533	 100.0                	  0.0                	   0.0
CUFF_NC.7206  	      533	 100.0                	  0.0                	   0.0
CUFF_NC.7208  	      533	 100.0                	  0.0                	   0.0
CUFF_NC.10765 	      533	 100.0                	  0.0                	   0.0
CUFF_NC.10766 	      533	 100.0                	  0.0                	   0.0
CUFF_NC.2396  	      533	 100.0                	  0.0                	   0.0
CUFF_NC.10769 	      533	 100.0                	  0.0                	   0.0
CUFF_NC.7187  	      533	 100.0                	  0.0                	   0.0
CUFF_NC.719   	      533	 100.0                	  0.0                	   0.0
CUFF_NC.2384  	      533	 100.0                	  0.0                	   0.0
CUFF_NC.2388  	      533	  99.812382739212     	  0.0                	   0.18761726078799248
CUFF_NC.239   	      533	 100.0                	  0.0                	   0.0
CUFF_NC.2391  	      533	 100.0                	  0.0                	   0.0
CUFF_NC.2392  	      531	   0.0                	  0.0                	 100.0
CUFF_NC.2393  	      533	 100.0                	  0.0                	   0.0
CUFF_NC.2394  	      533	  45.77861163227016   	  0.0                	  54.22138836772983
CUFF_NC.2395  	      533	 100.0                	  0.0                	   0.0
CUFF_NC.10767 	      533	 100.0                	  0.0                	   0.0
CUFF_NC.7124  	      533	 100.0                	  0.0                	   0.0
CUFF_NC.7125  	      533	  99.812382739212     	  0.0                	   0.18761726078799248
CUFF_NC.7126  	      533	 100.0                	  0.0                	   0.0
CUFF_NC.7128  	      533	 100.0                	  0.0                	   0.0
CUFF_NC.7129  	      533	  99.812382739212     	  0.0                	   0.18761726078799248
CUFF_NC.7130  	      533	 100.0                	  0.0                	   0.0
CUFF_NC.7132  	      533	 100.0                	  0.0                	   0.0
CUFF_NC.7137  	      533	 100.0                	  0.0                	   0.0
CUFF_NC.7138  	      533	 100.0                	  0.0                	   0.0
CUFF_NC.7139  	      533	  89.6810506566604    	  0.0                	  10.318949343339586
CUFF_NC.7101  	      533	 100.0                	  0.0                	   0.0
CUFF_NC.10784 	       35	  51.42857142857142   	  0.0                	  48.57142857142857
CUFF_NC.7105  	      508	  99.40944881889764   	  0.0                	   0.5905511811023622
CUFF_NC.7108  	      533	 100.0                	  0.0                	   0.0
CUFF_NC.7109  	      533	  99.62476547842401   	  0.0                	   0.37523452157598497
CUFF_NC.7110  	      533	 100.0                	  0.0                	   0.0
CUFF_NC.7111  	      533	 100.0                	  0.0                	   0.0
CUFF_NC.7114  	      533	 100.0                	  0.0                	   0.0
CUFF_NC.7115  	      533	 100.0                	  0.0                	   0.0
CUFF_NC.7116  	      533	 100.0                	  0.0                	   0.0
CUFF_NC.7117  	      533	 100.0                	  0.0                	   0.0
CUFF_NC.7120  	      533	 100.0                	  0.0                	   0.0
CUFF_NC.2399  	      533	   0.0                	  0.0                	 100.0
CUFF_NC.7102  	      533	 100.0                	  0.0                	   0.0
CUFF_NC.10786 	      533	 100.0                	  0.0                	   0.0
CUFF_NC.10787 	        2	   0.0                	  0.0                	 100.0
CUFF_NC.10788 	      533	  91.55722326454033   	  0.0                	   8.442776735459661
CUFF_NC.1079  	      445	  48.764044943820224  	  0.0                	  51.23595505617977
CUFF_NC.10790 	      525	  35.04761904761905   	  0.0                	  64.95238095238095
CUFF_NC.10791 	      486	  29.629629629629626  	  0.0                	  70.37037037037037
CUFF_NC.714   	      533	 100.0                	  0.0                	   0.0
CUFF_NC.7143  	      533	 100.0                	  0.0                	   0.0
CUFF_NC.7144  	      533	 100.0                	  0.0                	   0.0
CUFF_NC.7145  	      533	  20.637898686679172  	  0.0                	  79.36210131332082
CUFF_NC.7146  	      533	  89.49343339587243   	  0.0                	  10.506566604127581
CUFF_NC.7123  	      533	  99.812382739212     	  0.0                	   0.18761726078799248
CUFF_NC.7149  	      533	  99.812382739212     	  0.0                	   0.18761726078799248
CUFF_NC.7150  	      533	 100.0                	  0.0                	   0.0
CUFF_NC.7151  	      533	  99.812382739212     	  0.0                	   0.18761726078799248
CUFF_NC.7155  	      520	   6.730769230769231  	  0.0                	  93.26923076923077
CUFF_NC.7156  	      533	 100.0                	  0.0                	   0.0
CUFF_NC.7159  	      533	 100.0                	  0.0                	   0.0
CUFF_NC.716   	      533	 100.0                	  0.0                	   0.0
CUFF_NC.7160  	      533	 100.0                	  0.0                	   0.0
CUFF_NC.7162  	      533	 100.0                	  0.0                	   0.0
CUFF_NC.7121  	      533	  99.62476547842401   	  0.0                	   0.37523452157598497
CUFF_NC.7122  	      533	 100.0                	  0.0                	   0.0
CUFF_NC.7147  	      533	 100.0                	  0.0                	   0.0
CUFF_NC.2305  	      533	 100.0                	  0.0                	   0.0
CUFF_NC.1762  	      533	 100.0                	  0.0                	   0.0
CUFF_NC.1763  	      463	  96.76025917926566   	  0.0                	   3.2397408207343417
CUFF_NC.7688  	      533	  81.80112570356472   	  0.0                	  18.19887429643527
CUFF_NC.7662  	      533	  99.812382739212     	  0.0                	   0.18761726078799248
CUFF_NC.7663  	      520	   6.346153846153846  	  0.0                	  93.65384615384616
CUFF_NC.7667  	      532	  99.06015037593986   	  0.0                	   0.9398496240601504
CUFF_NC.7668  	      533	  13.133208255159476  	  0.0                	  86.86679174484053
CUFF_NC.767   	      533	 100.0                	  0.0                	   0.0
CUFF_NC.3238  	      533	  88.55534709193246   	  0.0                	  11.44465290806754
CUFF_NC.7395  	      533	   0.0                	  0.0                	 100.0
CUFF_NC.324   	      533	 100.0                	  0.0                	   0.0
CUFF_NC.3240  	      533	  92.12007504690432   	  0.0                	   7.879924953095685
CUFF_NC.3241  	      533	  96.99812382739212   	  0.0                	   3.0018761726078798
CUFF_NC.3242  	      532	  92.29323308270678   	  0.0                	   7.7067669172932325
CUFF_NC.3243  	       19	  84.21052631578947   	  0.0                	  15.789473684210526
CUFF_NC.3213  	      144	  86.80555555555556   	  0.0                	  13.194444444444445
CUFF_NC.3214  	       18	  66.66666666666666   	  0.0                	  33.33333333333333
CUFF_NC.3215  	       29	  86.20689655172413   	  0.0                	  13.793103448275861
CUFF_NC.3216  	       13	  69.23076923076923   	  0.0                	  30.76923076923077
CUFF_NC.3217  	       75	  82.66666666666667   	  0.0                	  17.333333333333336
CUFF_NC.3219  	      533	  88.36772983114447   	  0.0                	  11.632270168855536
CUFF_NC.3239  	      533	  88.74296435272045   	  0.0                	  11.25703564727955
CUFF_NC.7721  	      533	 100.0                	  0.0                	   0.0
CUFF_NC.7722  	      533	  99.62476547842401   	  0.0                	   0.37523452157598497
CUFF_NC.7723  	      533	  62.476547842401494  	  0.0                	  37.5234521575985
CUFF_NC.7689  	      529	  99.62192816635161   	  0.0                	   0.3780718336483932
CUFF_NC.769   	      533	 100.0                	  0.0                	   0.0
CUFF_NC.7690  	      519	   2.5048169556840074 	  0.0                	  97.495183044316
CUFF_NC.7693  	      533	 100.0                	  0.0                	   0.0
CUFF_NC.7696  	      533	 100.0                	  0.0                	   0.0
CUFF_NC.7699  	      527	  96.20493358633776   	  0.0                	   3.795066413662239
CUFF_NC.770   	      533	 100.0                	  0.0                	   0.0
CUFF_NC.7701  	      533	  99.812382739212     	  0.0                	   0.18761726078799248
CUFF_NC.2304  	      533	  99.43714821763602   	  0.0                	   0.5628517823639775
CUFF_NC.1065  	      533	 100.0                	  0.0                	   0.0
CUFF_NC.10652 	      533	 100.0                	  0.0                	   0.0
CUFF_NC.10653 	      533	 100.0                	  0.0                	   0.0
CUFF_NC.10656 	      533	  99.812382739212     	  0.0                	   0.18761726078799248
CUFF_NC.2294  	      533	 100.0                	  0.0                	   0.0
CUFF_NC.2295  	      529	  99.8109640831758    	  0.0                	   0.1890359168241966
CUFF_NC.2298  	      533	 100.0                	  0.0                	   0.0
CUFF_NC.2299  	      533	  94.93433395872421   	  0.0                	   5.065666041275797
CUFF_NC.23    	      533	  99.62476547842401   	  0.0                	   0.37523452157598497
CUFF_NC.230   	      533	 100.0                	  0.0                	   0.0
CUFF_NC.2300  	      533	 100.0                	  0.0                	   0.0
CUFF_NC.7703  	      528	   1.5151515151515151 	  0.0                	  98.48484848484848
CUFF_NC.10668 	      533	   0.18761726078799248	  0.0                	  99.812382739212
CUFF_NC.1067  	      533	 100.0                	  0.0                	   0.0
CUFF_NC.7620  	      474	  99.15611814345992   	  0.0                	   0.8438818565400843
CUFF_NC.7624  	      307	  21.824104234527688  	  0.0                	  78.17589576547232
CUFF_NC.7625  	      533	  99.812382739212     	  0.0                	   0.18761726078799248
CUFF_NC.7626  	      533	  10.506566604127581  	  0.0                	  89.49343339587243
CUFF_NC.7629  	      533	   9.75609756097561   	  0.0                	  90.2439024390244
CUFF_NC.7630  	      533	   0.18761726078799248	  0.0                	  99.812382739212
CUFF_NC.7636  	      533	  99.812382739212     	  0.0                	   0.18761726078799248
CUFF_NC.7637  	        3	 100.0                	  0.0                	   0.0
CUFF_NC.322   	      533	 100.0                	  0.0                	   0.0
CUFF_NC.764   	      533	 100.0                	  0.0                	   0.0
CUFF_NC.7640  	      186	  77.95698924731182   	  0.0                	  22.043010752688172
CUFF_NC.7641  	        3	   0.0                	  0.0                	 100.0
CUFF_NC.7642  	      533	 100.0                	  0.0                	   0.0
CUFF_NC.7644  	      116	  64.65517241379311   	  0.0                	  35.3448275862069
CUFF_NC.10665 	      533	 100.0                	  0.0                	   0.0
CUFF_NC.76    	      533	 100.0                	  0.0                	   0.0
CUFF_NC.7604  	      528	   8.712121212121213  	  0.0                	  91.28787878787878
CUFF_NC.7607  	      533	  17.823639774859288  	  0.0                	  82.17636022514071
CUFF_NC.761   	      533	 100.0                	  0.0                	   0.0
CUFF_NC.7610  	      533	   0.5628517823639775 	  0.0                	  99.43714821763602
CUFF_NC.7639  	        3	  66.66666666666666   	  0.0                	  33.33333333333333
CUFF_NC.3220  	        9	 100.0                	  0.0                	   0.0
CUFF_NC.7675  	      532	  55.639097744360896  	  0.0                	  44.3609022556391
CUFF_NC.7679  	      533	   0.18761726078799248	  0.0                	  99.812382739212
CUFF_NC.7680  	      531	   2.0715630885122414 	  0.0                	  97.92843691148776
CUFF_NC.7681  	      533	  99.62476547842401   	  0.0                	   0.37523452157598497
CUFF_NC.10671 	      533	 100.0                	  0.0                	   0.0
CUFF_NC.10672 	      533	 100.0                	  0.0                	   0.0
CUFF_NC.10673 	      533	 100.0                	  0.0                	   0.0
CUFF_NC.10674 	      533	  99.43714821763602   	  0.0                	   0.5628517823639775
CUFF_NC.10675 	      533	  99.812382739212     	  0.0                	   0.18761726078799248
CUFF_NC.7648  	      528	   0.5681818181818182 	  0.0                	  99.43181818181817
CUFF_NC.231   	      533	 100.0                	  0.0                	   0.0
CUFF_NC.7655  	      532	   7.142857142857142  	  0.0                	  92.85714285714286
CUFF_NC.7660  	      224	  19.196428571428573  	  0.0                	  80.80357142857143
CUFF_NC.10667 	      533	 100.0                	  0.0                	   0.0
CUFF_NC.1764  	      533	 100.0                	  0.0                	   0.0
CUFF_NC.1767  	      533	 100.0                	  0.0                	   0.0
CUFF_NC.1768  	      533	 100.0                	  0.0                	   0.0
CUFF_NC.1772  	      533	 100.0                	  0.0                	   0.0
CUFF_NC.1773  	      532	  99.81203007518798   	  0.0                	   0.18796992481203006
CUFF_NC.2307  	      533	  15.75984990619137   	  0.0                	  84.24015009380864
CUFF_NC.2308  	      533	 100.0                	  0.0                	   0.0
CUFF_NC.2309  	      533	 100.0                	  0.0                	   0.0
CUFF_NC.7652  	      514	  10.894941634241246  	  0.0                	  89.10505836575877
CUFF_NC.7792  	      533	  99.812382739212     	  0.0                	   0.18761726078799248
CUFF_NC.7793  	      533	 100.0                	  0.0                	   0.0
CUFF_NC.7794  	      533	  10.131332082551594  	  0.0                	  89.8686679174484
CUFF_NC.7795  	      533	   2.0637898686679175 	  0.0                	  97.93621013133207
CUFF_NC.7770  	      531	  21.468926553672315  	  0.0                	  78.53107344632768
CUFF_NC.7771  	      533	  99.812382739212     	  0.0                	   0.18761726078799248
CUFF_NC.7774  	      533	 100.0                	  0.0                	   0.0
CUFF_NC.7775  	      533	 100.0                	  0.0                	   0.0
CUFF_NC.7777  	      458	  57.64192139737992   	  0.0                	  42.35807860262008
CUFF_NC.7779  	      533	  98.87429643527204   	  0.0                	   1.125703564727955
CUFF_NC.7720  	      533	 100.0                	  0.0                	   0.0
CUFF_NC.10638 	      533	 100.0                	  0.0                	   0.0
CUFF_NC.10639 	      533	 100.0                	  0.0                	   0.0
CUFF_NC.1064  	      474	  37.34177215189873   	  0.0                	  62.65822784810127
CUFF_NC.10642 	      533	 100.0                	  0.0                	   0.0
CUFF_NC.7749  	      533	  99.62476547842401   	  0.0                	   0.37523452157598497
CUFF_NC.775   	      533	  70.1688555347092    	  0.0                	  29.831144465290805
CUFF_NC.7753  	      533	 100.0                	  0.0                	   0.0
CUFF_NC.7755  	      533	 100.0                	  0.0                	   0.0
CUFF_NC.7757  	      533	 100.0                	  0.0                	   0.0
CUFF_NC.7758  	      533	  98.87429643527204   	  0.0                	   1.125703564727955
CUFF_NC.7759  	      532	  99.43609022556392   	  0.0                	   0.5639097744360901
CUFF_NC.10636 	      533	 100.0                	  0.0                	   0.0
CUFF_NC.2269  	      533	 100.0                	  0.0                	   0.0
CUFF_NC.2270  	      533	  99.06191369606003   	  0.0                	   0.9380863039399625
CUFF_NC.2271  	      533	 100.0                	  0.0                	   0.0
CUFF_NC.782   	      533	  91.36960600375235   	  0.0                	   8.630393996247655
CUFF_NC.7797  	      533	 100.0                	  0.0                	   0.0
CUFF_NC.7799  	      533	  94.74671669793621   	  0.0                	   5.253283302063791
CUFF_NC.78    	      533	 100.0                	  0.0                	   0.0
CUFF_NC.780   	      533	  56.84803001876173   	  0.0                	  43.151969981238274
CUFF_NC.7800  	      533	  71.66979362101313   	  0.0                	  28.330206378986865
CUFF_NC.7804  	      533	  99.62476547842401   	  0.0                	   0.37523452157598497
CUFF_NC.7805  	      532	  99.43609022556392   	  0.0                	   0.5639097744360901
CUFF_NC.7791  	      528	  99.81060606060606   	  0.0                	   0.1893939393939394
CUFF_NC.7811  	      529	  16.6351606805293    	  0.0                	  83.36483931947069
CUFF_NC.7815  	      533	   1.125703564727955  	  0.0                	  98.87429643527204
CUFF_NC.10644 	      533	  99.62476547842401   	  0.0                	   0.37523452157598497
CUFF_NC.10646 	      533	 100.0                	  0.0                	   0.0
CUFF_NC.10647 	      533	 100.0                	  0.0                	   0.0
CUFF_NC.10648 	      533	 100.0                	  0.0                	   0.0
CUFF_NC.778   	      533	   6.0037523452157595 	  0.0                	  93.99624765478424
CUFF_NC.7782  	      533	 100.0                	  0.0                	   0.0
CUFF_NC.7784  	      533	  83.48968105065666   	  0.0                	  16.51031894934334
CUFF_NC.7787  	      533	  99.812382739212     	  0.0                	   0.18761726078799248
CUFF_NC.779   	      533	 100.0                	  0.0                	   0.0
CUFF_NC.7807  	       39	  46.15384615384615   	  0.0                	  53.84615384615385
CUFF_NC.774   	      533	   2.4390243902439024 	  0.0                	  97.5609756097561
CUFF_NC.7742  	      533	   0.18761726078799248	  0.0                	  99.812382739212
CUFF_NC.7745  	      533	  99.812382739212     	  0.0                	   0.18761726078799248
CUFF_NC.7746  	      533	  44.090056285178235  	  0.0                	  55.909943714821765
CUFF_NC.7747  	      533	 100.0                	  0.0                	   0.0
CUFF_NC.7724  	      533	 100.0                	  0.0                	   0.0
CUFF_NC.2275  	      533	  99.812382739212     	  0.0                	   0.18761726078799248
CUFF_NC.2277  	      533	  99.06191369606003   	  0.0                	   0.9380863039399625
CUFF_NC.2279  	      533	 100.0                	  0.0                	   0.0
CUFF_NC.228   	      533	 100.0                	  0.0                	   0.0
CUFF_NC.2281  	      533	 100.0                	  0.0                	   0.0
CUFF_NC.7761  	      533	  95.87242026266416   	  0.0                	   4.127579737335835
CUFF_NC.2283  	      533	 100.0                	  0.0                	   0.0
CUFF_NC.2290  	      530	  97.9245283018868    	  0.0                	   2.0754716981132075
CUFF_NC.2291  	      533	 100.0                	  0.0                	   0.0
CUFF_NC.10658 	      533	  99.812382739212     	  0.0                	   0.18761726078799248
CUFF_NC.1066  	      533	  99.812382739212     	  0.0                	   0.18761726078799248
CUFF_NC.10661 	      533	 100.0                	  0.0                	   0.0
CUFF_NC.7704  	      457	   0.87527352297593   	  0.0                	  99.12472647702407
CUFF_NC.7709  	      532	 100.0                	  0.0                	   0.0
CUFF_NC.771   	      533	  99.812382739212     	  0.0                	   0.18761726078799248
CUFF_NC.7715  	      533	 100.0                	  0.0                	   0.0
CUFF_NC.772   	      531	  17.702448210922785  	  0.0                	  82.29755178907722
CUFF_NC.2282  	      533	 100.0                	  0.0                	   0.0
CUFF_NC.7763  	      533	 100.0                	  0.0                	   0.0
CUFF_NC.7765  	      533	  89.11819887429644   	  0.0                	  10.881801125703564
CUFF_NC.7769  	      533	 100.0                	  0.0                	   0.0
CUFF_NC.7728  	      533	 100.0                	  0.0                	   0.0
CUFF_NC.7729  	      533	  99.62476547842401   	  0.0                	   0.37523452157598497
CUFF_NC.7730  	      533	  15.947467166979362  	  0.0                	  84.05253283302065
CUFF_NC.7731  	      533	  15.947467166979362  	  0.0                	  84.05253283302065
CUFF_NC.7733  	      530	  99.24528301886792   	  0.0                	   0.7547169811320755
CUFF_NC.7734  	      532	  77.63157894736842   	  0.0                	  22.36842105263158
CUFF_NC.7736  	      519	   6.551059730250482  	  0.0                	  93.44894026974951
CUFF_NC.7737  	      493	   5.273833671399594  	  0.0                	  94.7261663286004
CUFF_NC.3204  	      315	  26.666666666666668  	  0.0                	  73.33333333333333
CUFF_NC.3223  	      531	  96.23352165725048   	  0.0                	   3.766478342749529
CUFF_NC.3224  	      533	  96.99812382739212   	  0.0                	   3.0018761726078798
CUFF_NC.3225  	      533	  97.18574108818011   	  0.0                	   2.8142589118198873
CUFF_NC.3226  	      121	  21.487603305785125  	  0.0                	  78.51239669421489
CUFF_NC.3227  	      533	  96.06003752345215   	  0.0                	   3.9399624765478425
CUFF_NC.3228  	      533	  95.1219512195122    	  0.0                	   4.878048780487805
CUFF_NC.3197  	      523	   7.0745697896749515 	  0.0                	  92.92543021032505
CUFF_NC.3198  	      533	   0.0                	  0.0                	 100.0
CUFF_NC.3199  	      533	   1.3133208255159476 	  0.0                	  98.68667917448406
CUFF_NC.32    	      533	  24.390243902439025  	  0.0                	  75.60975609756098
CUFF_NC.3202  	      469	  19.616204690831555  	  0.0                	  80.38379530916845
CUFF_NC.3221  	      533	  88.18011257035647   	  0.0                	  11.819887429643527
CUFF_NC.7484  	      519	   1.5414258188824663 	  0.0                	  98.45857418111753
CUFF_NC.7486  	      533	   0.0                	  0.0                	 100.0
CUFF_NC.7488  	      530	   2.0754716981132075 	  0.0                	  97.9245283018868
CUFF_NC.749   	      533	 100.0                	  0.0                	   0.0
CUFF_NC.7490  	      533	   0.0                	  0.0                	 100.0
CUFF_NC.7491  	      492	   4.0650406504065035 	  0.0                	  95.9349593495935
CUFF_NC.7467  	      533	   7.129455909943714  	  0.0                	  92.87054409005628
CUFF_NC.7468  	      529	   2.0793950850661624 	  0.0                	  97.92060491493385
CUFF_NC.7469  	      533	 100.0                	  0.0                	   0.0
CUFF_NC.7474  	      533	   0.0                	  0.0                	 100.0
CUFF_NC.7611  	      531	   0.5649717514124294 	  0.0                	  99.43502824858757
CUFF_NC.7478  	      531	   0.18832391713747645	  0.0                	  99.81167608286252
CUFF_NC.10693 	      533	 100.0                	  0.0                	   0.0
CUFF_NC.10694 	      533	  99.62476547842401   	  0.0                	   0.37523452157598497
CUFF_NC.107   	      533	 100.0                	  0.0                	   0.0
CUFF_NC.10700 	      533	  99.812382739212     	  0.0                	   0.18761726078799248
CUFF_NC.7452  	      533	 100.0                	  0.0                	   0.0
CUFF_NC.7453  	      419	  21.479713603818613  	  0.0                	  78.52028639618138
CUFF_NC.7454  	      182	  45.604395604395606  	  0.0                	  54.395604395604394
CUFF_NC.7455  	      505	   2.9702970297029703 	  0.0                	  97.02970297029702
CUFF_NC.7456  	      469	   1.0660980810234542 	  0.0                	  98.93390191897655
CUFF_NC.7457  	      533	  99.812382739212     	  0.0                	   0.18761726078799248
CUFF_NC.7476  	      483	  14.906832298136646  	  0.0                	  85.09316770186336
CUFF_NC.7517  	      533	   0.0                	  0.0                	 100.0
CUFF_NC.7518  	      529	  99.4328922495274    	  0.0                	   0.5671077504725899
CUFF_NC.752   	      533	 100.0                	  0.0                	   0.0
CUFF_NC.7521  	      512	   9.765625           	  0.0                	  90.234375
CUFF_NC.7522  	      523	   5.736137667304015  	  0.0                	  94.26386233269598
CUFF_NC.7492  	      526	   0.19011406844106463	  0.0                	  99.80988593155894
CUFF_NC.7493  	      533	   0.18761726078799248	  0.0                	  99.812382739212
CUFF_NC.7495  	      533	 100.0                	  0.0                	   0.0
CUFF_NC.7496  	      533	   0.0                	  0.0                	 100.0
CUFF_NC.7497  	      523	   4.2065009560229445 	  0.0                	  95.79349904397706
CUFF_NC.7498  	      523	   1.9120458891013385 	  0.0                	  98.08795411089865
CUFF_NC.7482  	      531	   0.7532956685499058 	  0.0                	  99.2467043314501
CUFF_NC.75    	      533	 100.0                	  0.0                	   0.0
CUFF_NC.7500  	      533	   0.0                	  0.0                	 100.0
CUFF_NC.7501  	      526	   0.7604562737642585 	  0.0                	  99.23954372623575
CUFF_NC.7503  	      526	   0.7604562737642585 	  0.0                	  99.23954372623575
CUFF_NC.7504  	      519	  99.8073217726397    	  0.0                	   0.1926782273603083
CUFF_NC.7506  	      521	   0.9596928982725527 	  0.0                	  99.04030710172745
CUFF_NC.10701 	      533	 100.0                	  0.0                	   0.0
CUFF_NC.10702 	      533	 100.0                	  0.0                	   0.0
CUFF_NC.10705 	      533	 100.0                	  0.0                	   0.0
CUFF_NC.7480  	      533	   0.0                	  0.0                	 100.0
CUFF_NC.7481  	      533	   0.0                	  0.0                	 100.0
CUFF_NC.7499  	      533	   0.37523452157598497	  0.0                	  99.62476547842401
CUFF_NC.7436  	      533	  13.133208255159476  	  0.0                	  86.86679174484053
CUFF_NC.744   	      533	 100.0                	  0.0                	   0.0
CUFF_NC.7440  	      533	   0.0                	  0.0                	 100.0
CUFF_NC.2333  	      533	  92.3076923076923    	  0.0                	   7.6923076923076925
CUFF_NC.2334  	      533	  41.088180112570356  	  0.0                	  58.91181988742964
CUFF_NC.2335  	      533	 100.0                	  0.0                	   0.0
CUFF_NC.741   	      533	 100.0                	  0.0                	   0.0
CUFF_NC.7415  	      530	   4.339622641509433  	  0.0                	  95.66037735849056
CUFF_NC.7416  	      533	  11.819887429643527  	  0.0                	  88.18011257035647
CUFF_NC.7418  	      533	   0.18761726078799248	  0.0                	  99.812382739212
CUFF_NC.7460  	      528	   8.333333333333332  	  0.0                	  91.66666666666666
CUFF_NC.7420  	      533	   0.18761726078799248	  0.0                	  99.812382739212
CUFF_NC.7422  	      530	   0.18867924528301888	  0.0                	  99.81132075471699
CUFF_NC.7426  	      533	   5.253283302063791  	  0.0                	  94.74671669793621
CUFF_NC.7428  	      533	  14.821763602251407  	  0.0                	  85.17823639774859
CUFF_NC.743   	      533	 100.0                	  0.0                	   0.0
CUFF_NC.7433  	      520	   6.730769230769231  	  0.0                	  93.26923076923077
CUFF_NC.10706 	      533	 100.0                	  0.0                	   0.0
CUFF_NC.7390  	      533	   0.7504690431519699 	  0.0                	  99.24953095684803
CUFF_NC.7392  	      533	   0.0                	  0.0                	 100.0
CUFF_NC.7393  	      533	   0.0                	  0.0                	 100.0
CUFF_NC.7394  	      533	   0.0                	  0.0                	 100.0
CUFF_NC.742   	      533	 100.0                	  0.0                	   0.0
CUFF_NC.7461  	      252	  57.53968253968254   	  0.0                	  42.46031746031746
CUFF_NC.7462  	      519	   6.551059730250482  	  0.0                	  93.44894026974951
CUFF_NC.7464  	      533	 100.0                	  0.0                	   0.0
CUFF_NC.7465  	      533	   8.067542213883677  	  0.0                	  91.93245778611632
CUFF_NC.2336  	      531	   2.2598870056497176 	  0.0                	  97.74011299435028
CUFF_NC.2342  	      533	  99.812382739212     	  0.0                	   0.18761726078799248
CUFF_NC.2343  	      533	  98.49906191369607   	  0.0                	   1.5009380863039399
CUFF_NC.2346  	      533	 100.0                	  0.0                	   0.0
CUFF_NC.2347  	      533	 100.0                	  0.0                	   0.0
CUFF_NC.2349  	      533	 100.0                	  0.0                	   0.0
CUFF_NC.2350  	      533	 100.0                	  0.0                	   0.0
CUFF_NC.10718 	      533	   0.0                	  0.0                	 100.0
CUFF_NC.2352  	      533	  99.43714821763602   	  0.0                	   0.5628517823639775
CUFF_NC.1747  	      524	  99.80916030534351   	  0.0                	   0.19083969465648853
CUFF_NC.7443  	      533	  99.812382739212     	  0.0                	   0.18761726078799248
CUFF_NC.7448  	      533	  56.66041275797373   	  0.0                	  43.33958724202627
CUFF_NC.10708 	      533	 100.0                	  0.0                	   0.0
CUFF_NC.1071  	      533	 100.0                	  0.0                	   0.0
CUFF_NC.10712 	      533	 100.0                	  0.0                	   0.0
CUFF_NC.10714 	      533	 100.0                	  0.0                	   0.0
CUFF_NC.10715 	      533	 100.0                	  0.0                	   0.0
CUFF_NC.10716 	      533	 100.0                	  0.0                	   0.0
CUFF_NC.10717 	      533	 100.0                	  0.0                	   0.0
CUFF_NC.2351  	      533	 100.0                	  0.0                	   0.0
CUFF_NC.7572  	      527	   1.5180265654648957 	  0.0                	  98.4819734345351
CUFF_NC.7573  	      533	   0.0                	  0.0                	 100.0
CUFF_NC.7574  	      533	   0.7504690431519699 	  0.0                	  99.24953095684803
CUFF_NC.7576  	      532	   0.18796992481203006	  0.0                	  99.81203007518798
CUFF_NC.7577  	      514	   4.474708171206226  	  0.0                	  95.52529182879378
CUFF_NC.7579  	      509	   3.3398821218074657 	  0.0                	  96.66011787819254
CUFF_NC.7581  	      533	   9.193245778611631  	  0.0                	  90.80675422138836
CUFF_NC.1068  	      533	 100.0                	  0.0                	   0.0
CUFF_NC.7560  	      533	   0.0                	  0.0                	 100.0
CUFF_NC.2313  	      521	  95.96928982725528   	  0.0                	   4.030710172744722
CUFF_NC.7515  	      533	   1.876172607879925  	  0.0                	  98.12382739212008
CUFF_NC.2320  	      532	  99.06015037593986   	  0.0                	   0.9398496240601504
CUFF_NC.2321  	      533	   7.879924953095685  	  0.0                	  92.12007504690432
CUFF_NC.2322  	      533	  34.8968105065666    	  0.0                	  65.1031894934334
CUFF_NC.2323  	      533	  99.812382739212     	  0.0                	   0.18761726078799248
CUFF_NC.2329  	      533	  99.812382739212     	  0.0                	   0.18761726078799248
CUFF_NC.233   	      533	 100.0                	  0.0                	   0.0
CUFF_NC.2331  	      533	  96.43527204502814   	  0.0                	   3.564727954971857
CUFF_NC.7561  	      533	   0.0                	  0.0                	 100.0
CUFF_NC.7562  	      525	   3.8095238095238098 	  0.0                	  96.19047619047619
CUFF_NC.7563  	      533	   0.37523452157598497	  0.0                	  99.62476547842401
CUFF_NC.7543  	      532	   0.18796992481203006	  0.0                	  99.81203007518798
CUFF_NC.2314  	      530	  96.60377358490567   	  0.0                	   3.3962264150943398
CUFF_NC.7612  	      533	   0.0                	  0.0                	 100.0
CUFF_NC.7617  	      533	   7.317073170731707  	  0.0                	  92.6829268292683
CUFF_NC.7618  	      522	   2.490421455938697  	  0.0                	  97.5095785440613
CUFF_NC.7619  	      512	   3.125              	  0.0                	  96.875
CUFF_NC.762   	      533	 100.0                	  0.0                	   0.0
CUFF_NC.10680 	      533	 100.0                	  0.0                	   0.0
CUFF_NC.10686 	      533	 100.0                	  0.0                	   0.0
CUFF_NC.10689 	      533	 100.0                	  0.0                	   0.0
CUFF_NC.1069  	      533	  48.405253283302066  	  0.0                	  51.594746716697934
CUFF_NC.10691 	      533	 100.0                	  0.0                	   0.0
CUFF_NC.7583  	      522	   2.8735632183908044 	  0.0                	  97.12643678160919
CUFF_NC.7571  	      519	   1.9267822736030826 	  0.0                	  98.07321772639692
CUFF_NC.7589  	      532	  86.8421052631579    	  0.0                	  13.157894736842104
CUFF_NC.759   	      533	 100.0                	  0.0                	   0.0
CUFF_NC.7592  	      456	  12.719298245614036  	  0.0                	  87.28070175438597
CUFF_NC.7593  	      443	  10.609480812641085  	  0.0                	  89.39051918735892
CUFF_NC.7595  	      494	   4.251012145748987  	  0.0                	  95.74898785425101
CUFF_NC.7564  	      533	  99.24953095684803   	  0.0                	   0.7504690431519699
CUFF_NC.7565  	      531	 100.0                	  0.0                	   0.0
CUFF_NC.7566  	      517	   1.7408123791102514 	  0.0                	  98.25918762088975
CUFF_NC.7567  	      533	   0.18761726078799248	  0.0                	  99.812382739212
CUFF_NC.7568  	      530	   2.4528301886792456 	  0.0                	  97.54716981132076
CUFF_NC.7569  	      524	   1.9083969465648856 	  0.0                	  98.09160305343512
CUFF_NC.7584  	      533	   0.0                	  0.0                	 100.0
CUFF_NC.7555  	      533	  15.384615384615385  	  0.0                	  84.61538461538461
CUFF_NC.7556  	      533	   0.18761726078799248	  0.0                	  99.812382739212
CUFF_NC.7557  	      522	   1.532567049808429  	  0.0                	  98.46743295019157
CUFF_NC.7523  	      532	   0.0                	  0.0                	 100.0
CUFF_NC.7524  	      530	   0.37735849056603776	  0.0                	  99.62264150943396
CUFF_NC.7525  	      533	   0.0                	  0.0                	 100.0
CUFF_NC.7529  	      520	   8.846153846153847  	  0.0                	  91.15384615384615
CUFF_NC.7530  	      533	   0.0                	  0.0                	 100.0
CUFF_NC.7531  	      360	  11.38888888888889   	  0.0                	  88.61111111111111
CUFF_NC.7534  	      305	  29.836065573770494  	  0.0                	  70.16393442622952
CUFF_NC.7535  	      442	  13.800904977375566  	  0.0                	  86.19909502262443
CUFF_NC.7544  	      403	  54.83870967741935   	  0.0                	  45.16129032258064
CUFF_NC.7537  	      531	   0.0                	  0.0                	 100.0
CUFF_NC.7539  	      524	  40.0763358778626    	  0.0                	  59.92366412213741
CUFF_NC.7540  	      533	   0.0                	  0.0                	 100.0
CUFF_NC.7541  	      531	   2.6365348399246704 	  0.0                	  97.36346516007532
CUFF_NC.7507  	      533	   0.0                	  0.0                	 100.0
CUFF_NC.7508  	      533	   0.37523452157598497	  0.0                	  99.62476547842401
CUFF_NC.7509  	      533	   0.0                	  0.0                	 100.0
CUFF_NC.751   	      533	 100.0                	  0.0                	   0.0
CUFF_NC.7511  	      533	   0.0                	  0.0                	 100.0
CUFF_NC.7512  	      533	   0.0                	  0.0                	 100.0
CUFF_NC.7514  	      533	   0.0                	  0.0                	 100.0
CUFF_NC.7536  	      515	   1.5533980582524272 	  0.0                	  98.44660194174757
CUFF_NC.7545  	      204	  18.627450980392158  	  0.0                	  81.37254901960785
CUFF_NC.7546  	      271	  23.985239852398525  	  0.0                	  76.01476014760148
CUFF_NC.7549  	      398	   3.7688442211055273 	  0.0                	  96.23115577889448
CUFF_NC.755   	      505	  99.8019801980198    	  0.0                	   0.19801980198019803
CUFF_NC.7550  	      399	   7.518796992481203  	  0.0                	  92.4812030075188
CUFF_NC.3257  	      319	  94.98432601880877   	  0.0                	   5.015673981191222
CUFF_NC.3258  	       10	 100.0                	  0.0                	   0.0
CUFF_NC.3259  	      533	  93.62101313320825   	  0.0                	   6.378986866791744
CUFF_NC.326   	      533	 100.0                	  0.0                	   0.0
CUFF_NC.3261  	      140	  89.28571428571429   	  0.0                	  10.714285714285714
CUFF_NC.3262  	      533	  93.62101313320825   	  0.0                	   6.378986866791744
CUFF_NC.7554  	      531	   0.0                	  0.0                	 100.0
CUFF_NC.3230  	      533	  96.99812382739212   	  0.0                	   3.0018761726078798
CUFF_NC.3231  	      533	  84.05253283302065   	  0.0                	  15.947467166979362
CUFF_NC.3232  	      533	  97.5609756097561    	  0.0                	   2.4390243902439024
CUFF_NC.3233  	      524	  95.99236641221374   	  0.0                	   4.007633587786259
CUFF_NC.3234  	      520	  97.11538461538461   	  0.0                	   2.8846153846153846
CUFF_NC.3235  	      533	  89.6810506566604    	  0.0                	  10.318949343339586
CUFF_NC.3236  	      533	  89.30581613508443   	  0.0                	  10.694183864915573
CUFF_NC.3237  	      533	  90.0562851782364    	  0.0                	   9.943714821763603
CUFF_NC.7551  	      532	   0.0                	  0.0                	 100.0
CUFF_NC.7552  	      533	   0.0                	  0.0                	 100.0
CUFF_NC.7553  	      533	   0.0                	  0.0                	 100.0
CUFF_NC.3229  	       63	  74.60317460317461   	  0.0                	  25.396825396825395
CUFF_NC.1986  	       12	  83.33333333333334   	  0.0                	  16.666666666666664
CUFF_NC.1988  	      533	  99.812382739212     	  0.0                	   0.18761726078799248
CUFF_NC.1990  	      533	  99.812382739212     	  0.0                	   0.18761726078799248
CUFF_NC.1991  	      533	  99.812382739212     	  0.0                	   0.18761726078799248
CUFF_NC.1992  	      533	 100.0                	  0.0                	   0.0
CUFF_NC.1996  	      533	 100.0                	  0.0                	   0.0
CUFF_NC.1999  	      533	 100.0                	  0.0                	   0.0
CUFF_NC.2     	      533	 100.0                	  0.0                	   0.0
CUFF_NC.2000  	      533	  90.43151969981238   	  0.0                	   9.568480300187618
CUFF_NC.2001  	      533	 100.0                	  0.0                	   0.0
CUFF_NC.9413  	      519	  32.369942196531795  	  0.0                	  67.63005780346822
CUFF_NC.7     	      533	 100.0                	  0.0                	   0.0
CUFF_NC.9416  	      533	 100.0                	  0.0                	   0.0
CUFF_NC.9396  	      533	 100.0                	  0.0                	   0.0
CUFF_NC.9397  	      533	 100.0                	  0.0                	   0.0
CUFF_NC.9398  	        1	 100.0                	  0.0                	   0.0
CUFF_NC.940   	      533	 100.0                	  0.0                	   0.0
CUFF_NC.9400  	      533	 100.0                	  0.0                	   0.0
CUFF_NC.9402  	      533	 100.0                	  0.0                	   0.0
CUFF_NC.9404  	      533	 100.0                	  0.0                	   0.0
CUFF_NC.9407  	      533	 100.0                	  0.0                	   0.0
CUFF_NC.2950  	      533	 100.0                	  0.0                	   0.0
CUFF_NC.2952  	      533	 100.0                	  0.0                	   0.0
CUFF_NC.2953  	      533	 100.0                	  0.0                	   0.0
CUFF_NC.9414  	      533	 100.0                	  0.0                	   0.0
CUFF_NC.9443  	      533	 100.0                	  0.0                	   0.0
CUFF_NC.9444  	      533	 100.0                	  0.0                	   0.0
CUFF_NC.10138 	      486	   6.995884773662551  	  0.0                	  93.00411522633745
CUFF_NC.10139 	      347	  98.84726224783861   	  0.0                	   1.1527377521613833
CUFF_NC.10140 	      532	   0.18796992481203006	  0.0                	  99.81203007518798
CUFF_NC.10146 	      531	   0.5649717514124294 	  0.0                	  99.43502824858757
CUFF_NC.10147 	      533	   0.0                	  0.0                	 100.0
CUFF_NC.10149 	      533	   0.5628517823639775 	  0.0                	  99.43714821763602
CUFF_NC.1015  	      533	 100.0                	  0.0                	   0.0
CUFF_NC.9418  	      533	 100.0                	  0.0                	   0.0
CUFF_NC.9419  	      533	 100.0                	  0.0                	   0.0
CUFF_NC.1985  	       12	 100.0                	  0.0                	   0.0
CUFF_NC.9420  	      533	 100.0                	  0.0                	   0.0
CUFF_NC.9422  	      533	 100.0                	  0.0                	   0.0
CUFF_NC.9425  	      533	 100.0                	  0.0                	   0.0
CUFF_NC.9426  	      533	 100.0                	  0.0                	   0.0
CUFF_NC.9427  	      533	 100.0                	  0.0                	   0.0
CUFF_NC.9428  	      533	 100.0                	  0.0                	   0.0
CUFF_NC.9429  	      533	 100.0                	  0.0                	   0.0
CUFF_NC.9432  	      533	  96.62288930581614   	  0.0                	   3.377110694183865
CUFF_NC.9434  	      533	 100.0                	  0.0                	   0.0
CUFF_NC.9435  	      533	 100.0                	  0.0                	   0.0
CUFF_NC.9436  	      533	 100.0                	  0.0                	   0.0
CUFF_NC.9437  	      533	 100.0                	  0.0                	   0.0
CUFF_NC.942   	      533	  48.030018761726076  	  0.0                	  51.969981238273924
CUFF_NC.9391  	      533	  99.812382739212     	  0.0                	   0.18761726078799248
CUFF_NC.9392  	      533	 100.0                	  0.0                	   0.0
CUFF_NC.9393  	      533	  99.812382739212     	  0.0                	   0.18761726078799248
CUFF_NC.9394  	      533	 100.0                	  0.0                	   0.0
CUFF_NC.9361  	      533	 100.0                	  0.0                	   0.0
CUFF_NC.9364  	      533	 100.0                	  0.0                	   0.0
CUFF_NC.9366  	      533	 100.0                	  0.0                	   0.0
CUFF_NC.9367  	      533	  90.80675422138836   	  0.0                	   9.193245778611631
CUFF_NC.9368  	      533	 100.0                	  0.0                	   0.0
CUFF_NC.9369  	      533	 100.0                	  0.0                	   0.0
CUFF_NC.10151 	      525	   3.0476190476190474 	  0.0                	  96.95238095238096
CUFF_NC.2954  	      533	 100.0                	  0.0                	   0.0
CUFF_NC.10158 	      523	   4.588910133843212  	  0.0                	  95.41108986615679
CUFF_NC.10164 	      500	  27.0                	  0.0                	  73.0
CUFF_NC.10165 	      531	   1.1299435028248588 	  0.0                	  98.87005649717514
CUFF_NC.9340  	      533	 100.0                	  0.0                	   0.0
CUFF_NC.9341  	      533	  99.812382739212     	  0.0                	   0.18761726078799248
CUFF_NC.9343  	      533	 100.0                	  0.0                	   0.0
CUFF_NC.9344  	      533	 100.0                	  0.0                	   0.0
CUFF_NC.9346  	      533	 100.0                	  0.0                	   0.0
CUFF_NC.9347  	      533	 100.0                	  0.0                	   0.0
CUFF_NC.9348  	      533	 100.0                	  0.0                	   0.0
CUFF_NC.9350  	      533	 100.0                	  0.0                	   0.0
CUFF_NC.9351  	      533	 100.0                	  0.0                	   0.0
CUFF_NC.10152 	      479	   6.263048016701461  	  0.0                	  93.73695198329854
CUFF_NC.2955  	      533	   1.3133208255159476 	  0.0                	  98.68667917448406
CUFF_NC.1563  	      506	   0.9881422924901186 	  0.0                	  99.01185770750988
CUFF_NC.1564  	      533	 100.0                	  0.0                	   0.0
CUFF_NC.1567  	      527	  13.472485768500949  	  0.0                	  86.52751423149905
CUFF_NC.3015  	      532	  10.150375939849624  	  0.0                	  89.84962406015038
CUFF_NC.3018  	      533	  99.812382739212     	  0.0                	   0.18761726078799248
CUFF_NC.3021  	      501	   2.19560878243513   	  0.0                	  97.80439121756487
CUFF_NC.3022  	      523	   2.294455066921606  	  0.0                	  97.70554493307839
CUFF_NC.9408  	      533	 100.0                	  0.0                	   0.0
CUFF_NC.9409  	      533	 100.0                	  0.0                	   0.0
CUFF_NC.941   	      533	 100.0                	  0.0                	   0.0
CUFF_NC.9390  	      533	 100.0                	  0.0                	   0.0
CUFF_NC.1984  	       10	  40.0                	  0.0                	  60.0
CUFF_NC.9372  	      533	  99.812382739212     	  0.0                	   0.18761726078799248
CUFF_NC.9373  	      533	 100.0                	  0.0                	   0.0
CUFF_NC.9374  	      533	 100.0                	  0.0                	   0.0
CUFF_NC.9375  	      533	 100.0                	  0.0                	   0.0
CUFF_NC.9379  	      533	  99.62476547842401   	  0.0                	   0.37523452157598497
CUFF_NC.9380  	      533	 100.0                	  0.0                	   0.0
CUFF_NC.9381  	      533	 100.0                	  0.0                	   0.0
CUFF_NC.9382  	      533	 100.0                	  0.0                	   0.0
CUFF_NC.9385  	      533	 100.0                	  0.0                	   0.0
CUFF_NC.9388  	      533	 100.0                	  0.0                	   0.0
CUFF_NC.939   	      533	  99.62476547842401   	  0.0                	   0.37523452157598497
CUFF_NC.1983  	       12	 100.0                	  0.0                	   0.0
CUFF_NC.9501  	      388	  98.19587628865979   	  0.0                	   1.804123711340206
CUFF_NC.9505  	      533	 100.0                	  0.0                	   0.0
CUFF_NC.9507  	      533	 100.0                	  0.0                	   0.0
CUFF_NC.9509  	      533	 100.0                	  0.0                	   0.0
CUFF_NC.951   	      515	  99.22330097087378   	  0.0                	   0.7766990291262136
CUFF_NC.9511  	      533	 100.0                	  0.0                	   0.0
CUFF_NC.9512  	      533	 100.0                	  0.0                	   0.0
CUFF_NC.9513  	      533	 100.0                	  0.0                	   0.0
CUFF_NC.9514  	      533	 100.0                	  0.0                	   0.0
CUFF_NC.9517  	      533	 100.0                	  0.0                	   0.0
CUFF_NC.10105 	      533	   3.189493433395872  	  0.0                	  96.81050656660413
CUFF_NC.9440  	      533	 100.0                	  0.0                	   0.0
CUFF_NC.10109 	      533	   0.0                	  0.0                	 100.0
CUFF_NC.197   	      533	 100.0                	  0.0                	   0.0
CUFF_NC.1970  	      334	  99.10179640718563   	  0.0                	   0.8982035928143712
CUFF_NC.1971  	      354	  98.87005649717514   	  0.0                	   1.1299435028248588
CUFF_NC.1973  	      533	 100.0                	  0.0                	   0.0
CUFF_NC.1975  	      480	  19.375              	  0.0                	  80.625
CUFF_NC.1978  	       12	  91.66666666666666   	  0.0                	   8.333333333333332
CUFF_NC.1979  	        4	 100.0                	  0.0                	   0.0
CUFF_NC.1980  	       19	  94.73684210526315   	  0.0                	   5.263157894736842
CUFF_NC.1981  	       16	  87.5                	  0.0                	  12.5
CUFF_NC.950   	      533	 100.0                	  0.0                	   0.0
CUFF_NC.9477  	      533	 100.0                	  0.0                	   0.0
CUFF_NC.10106 	      533	   4.878048780487805  	  0.0                	  95.1219512195122
CUFF_NC.9535  	      533	 100.0                	  0.0                	   0.0
CUFF_NC.9538  	      533	  99.812382739212     	  0.0                	   0.18761726078799248
CUFF_NC.954   	      533	 100.0                	  0.0                	   0.0
CUFF_NC.9541  	      533	 100.0                	  0.0                	   0.0
CUFF_NC.9542  	      533	  99.812382739212     	  0.0                	   0.18761726078799248
CUFF_NC.9543  	      533	 100.0                	  0.0                	   0.0
CUFF_NC.9545  	      533	 100.0                	  0.0                	   0.0
CUFF_NC.9546  	       30	  46.666666666666664  	  0.0                	  53.333333333333336
CUFF_NC.9547  	      176	  12.5                	  0.0                	  87.5
CUFF_NC.9548  	       42	  33.33333333333333   	  0.0                	  66.66666666666666
CUFF_NC.9550  	      533	  30.393996247654787  	  0.0                	  69.60600375234522
CUFF_NC.9530  	      529	  99.4328922495274    	  0.0                	   0.5671077504725899
CUFF_NC.1011  	      533	 100.0                	  0.0                	   0.0
CUFF_NC.10110 	      533	   0.0                	  0.0                	 100.0
CUFF_NC.10112 	      533	 100.0                	  0.0                	   0.0
CUFF_NC.10119 	      532	   0.37593984962406013	  0.0                	  99.62406015037594
CUFF_NC.9519  	      533	 100.0                	  0.0                	   0.0
CUFF_NC.9520  	      533	 100.0                	  0.0                	   0.0
CUFF_NC.9521  	      533	 100.0                	  0.0                	   0.0
CUFF_NC.9522  	      533	 100.0                	  0.0                	   0.0
CUFF_NC.9524  	      533	 100.0                	  0.0                	   0.0
CUFF_NC.9525  	      533	 100.0                	  0.0                	   0.0
CUFF_NC.9526  	      533	 100.0                	  0.0                	   0.0
CUFF_NC.9527  	      533	 100.0                	  0.0                	   0.0
CUFF_NC.9551  	      533	  99.812382739212     	  0.0                	   0.18761726078799248
CUFF_NC.9467  	      533	 100.0                	  0.0                	   0.0
CUFF_NC.9468  	      533	  99.62476547842401   	  0.0                	   0.37523452157598497
CUFF_NC.9469  	      533	 100.0                	  0.0                	   0.0
CUFF_NC.9472  	      533	 100.0                	  0.0                	   0.0
CUFF_NC.9473  	      533	 100.0                	  0.0                	   0.0
CUFF_NC.9474  	      533	 100.0                	  0.0                	   0.0
CUFF_NC.10122 	      533	   0.9380863039399625 	  0.0                	  99.06191369606003
CUFF_NC.10124 	      532	   0.9398496240601504 	  0.0                	  99.06015037593986
CUFF_NC.10125 	      532	   0.7518796992481203 	  0.0                	  99.24812030075188
CUFF_NC.10129 	      532	   3.007518796992481  	  0.0                	  96.99248120300751
CUFF_NC.10134 	      533	   0.18761726078799248	  0.0                	  99.812382739212
CUFF_NC.9478  	      521	   2.6871401151631478 	  0.0                	  97.31285988483685
CUFF_NC.9445  	      533	 100.0                	  0.0                	   0.0
CUFF_NC.9446  	      533	  99.812382739212     	  0.0                	   0.18761726078799248
CUFF_NC.9447  	      532	  99.81203007518798   	  0.0                	   0.18796992481203006
CUFF_NC.945   	      533	 100.0                	  0.0                	   0.0
CUFF_NC.9451  	      533	  99.812382739212     	  0.0                	   0.18761726078799248
CUFF_NC.9454  	      533	 100.0                	  0.0                	   0.0
CUFF_NC.9456  	      529	  96.78638941398866   	  0.0                	   3.213610586011342
CUFF_NC.9457  	      533	  99.812382739212     	  0.0                	   0.18761726078799248
CUFF_NC.9458  	      533	 100.0                	  0.0                	   0.0
CUFF_NC.9459  	      533	 100.0                	  0.0                	   0.0
CUFF_NC.946   	      533	 100.0                	  0.0                	   0.0
CUFF_NC.9462  	      533	 100.0                	  0.0                	   0.0
CUFF_NC.9475  	      533	  99.812382739212     	  0.0                	   0.18761726078799248
CUFF_NC.948   	      533	 100.0                	  0.0                	   0.0
CUFF_NC.9481  	      533	 100.0                	  0.0                	   0.0
CUFF_NC.9482  	      533	  21.951219512195124  	  0.0                	  78.04878048780488
CUFF_NC.9486  	      533	 100.0                	  0.0                	   0.0
CUFF_NC.9487  	      533	 100.0                	  0.0                	   0.0
CUFF_NC.9488  	      533	 100.0                	  0.0                	   0.0
CUFF_NC.3023  	      525	   2.4761904761904763 	  0.0                	  97.52380952380952
CUFF_NC.3026  	      531	  98.68173258003766   	  0.0                	   1.3182674199623352
CUFF_NC.3027  	      506	  97.23320158102767   	  0.0                	   2.766798418972332
CUFF_NC.3029  	      331	  76.13293051359517   	  0.0                	  23.867069486404834
CUFF_NC.3030  	      282	  73.75886524822694   	  0.0                	  26.24113475177305
CUFF_NC.1968  	      533	  56.66041275797373   	  0.0                	  43.33958724202627
CUFF_NC.3006  	      533	 100.0                	  0.0                	   0.0
CUFF_NC.3007  	      533	  98.12382739212008   	  0.0                	   1.876172607879925
CUFF_NC.3008  	      533	   3.9399624765478425 	  0.0                	  96.06003752345215
CUFF_NC.3009  	      533	 100.0                	  0.0                	   0.0
CUFF_NC.301   	      533	 100.0                	  0.0                	   0.0
CUFF_NC.3013  	      533	  99.812382739212     	  0.0                	   0.18761726078799248
CUFF_NC.3014  	      533	  99.62476547842401   	  0.0                	   0.37523452157598497
CUFF_NC.9490  	      533	  99.812382739212     	  0.0                	   0.18761726078799248
CUFF_NC.9491  	      533	 100.0                	  0.0                	   0.0
CUFF_NC.9492  	      533	 100.0                	  0.0                	   0.0
CUFF_NC.9493  	      533	 100.0                	  0.0                	   0.0
CUFF_NC.95    	      533	  99.62476547842401   	  0.0                	   0.37523452157598497
CUFF_NC.3005  	      533	 100.0                	  0.0                	   0.0
CUFF_NC.10206 	      533	 100.0                	  0.0                	   0.0
CUFF_NC.9218  	      533	 100.0                	  0.0                	   0.0
CUFF_NC.922   	      533	 100.0                	  0.0                	   0.0
CUFF_NC.9220  	      533	  99.24953095684803   	  0.0                	   0.7504690431519699
CUFF_NC.9221  	      533	 100.0                	  0.0                	   0.0
CUFF_NC.9224  	      243	 100.0                	  0.0                	   0.0
CUFF_NC.9225  	      533	 100.0                	  0.0                	   0.0
CUFF_NC.9226  	      533	 100.0                	  0.0                	   0.0
CUFF_NC.9227  	      533	 100.0                	  0.0                	   0.0
CUFF_NC.9228  	      533	 100.0                	  0.0                	   0.0
CUFF_NC.9231  	      533	 100.0                	  0.0                	   0.0
CUFF_NC.9352  	      533	 100.0                	  0.0                	   0.0
CUFF_NC.2009  	      533	 100.0                	  0.0                	   0.0
CUFF_NC.201   	      533	 100.0                	  0.0                	   0.0
CUFF_NC.9197  	      533	  99.812382739212     	  0.0                	   0.18761726078799248
CUFF_NC.9199  	      533	 100.0                	  0.0                	   0.0
CUFF_NC.92    	      533	 100.0                	  0.0                	   0.0
CUFF_NC.9200  	      533	 100.0                	  0.0                	   0.0
CUFF_NC.9206  	      533	 100.0                	  0.0                	   0.0
CUFF_NC.9207  	      533	 100.0                	  0.0                	   0.0
CUFF_NC.921   	      533	 100.0                	  0.0                	   0.0
CUFF_NC.9210  	      533	 100.0                	  0.0                	   0.0
CUFF_NC.9212  	      533	  92.3076923076923    	  0.0                	   7.6923076923076925
CUFF_NC.9214  	      533	 100.0                	  0.0                	   0.0
CUFF_NC.9232  	      533	 100.0                	  0.0                	   0.0
CUFF_NC.10207 	      533	 100.0                	  0.0                	   0.0
CUFF_NC.10208 	      533	 100.0                	  0.0                	   0.0
CUFF_NC.10210 	      533	 100.0                	  0.0                	   0.0
CUFF_NC.10211 	      533	 100.0                	  0.0                	   0.0
CUFF_NC.9238  	      533	 100.0                	  0.0                	   0.0
CUFF_NC.9239  	      533	  99.62476547842401   	  0.0                	   0.37523452157598497
CUFF_NC.9240  	      533	 100.0                	  0.0                	   0.0
CUFF_NC.9243  	      533	 100.0                	  0.0                	   0.0
CUFF_NC.9244  	      533	 100.0                	  0.0                	   0.0
CUFF_NC.9246  	      533	  98.49906191369607   	  0.0                	   1.5009380863039399
CUFF_NC.9248  	      533	 100.0                	  0.0                	   0.0
CUFF_NC.10204 	      533	  97.74859287054409   	  0.0                	   2.25140712945591
CUFF_NC.9252  	      533	 100.0                	  0.0                	   0.0
CUFF_NC.9253  	      533	 100.0                	  0.0                	   0.0
CUFF_NC.9254  	      533	 100.0                	  0.0                	   0.0
CUFF_NC.2011  	      533	  43.33958724202627   	  0.0                	  56.66041275797373
CUFF_NC.2015  	      533	 100.0                	  0.0                	   0.0
CUFF_NC.2017  	      529	 100.0                	  0.0                	   0.0
CUFF_NC.2018  	      533	 100.0                	  0.0                	   0.0
CUFF_NC.202   	      533	 100.0                	  0.0                	   0.0
CUFF_NC.2023  	      533	 100.0                	  0.0                	   0.0
CUFF_NC.2029  	      533	 100.0                	  0.0                	   0.0
CUFF_NC.9235  	      533	 100.0                	  0.0                	   0.0
CUFF_NC.9237  	      533	 100.0                	  0.0                	   0.0
CUFF_NC.9249  	      533	  99.812382739212     	  0.0                	   0.18761726078799248
CUFF_NC.9187  	      533	 100.0                	  0.0                	   0.0
CUFF_NC.1854  	      533	 100.0                	  0.0                	   0.0
CUFF_NC.1856  	      533	 100.0                	  0.0                	   0.0
CUFF_NC.1860  	      533	  98.87429643527204   	  0.0                	   1.125703564727955
CUFF_NC.1861  	      533	 100.0                	  0.0                	   0.0
CUFF_NC.1865  	      533	  99.62476547842401   	  0.0                	   0.37523452157598497
CUFF_NC.1866  	      533	 100.0                	  0.0                	   0.0
CUFF_NC.1868  	      533	   6.0037523452157595 	  0.0                	  93.99624765478424
CUFF_NC.2035  	      533	 100.0                	  0.0                	   0.0
CUFF_NC.2038  	      413	  97.57869249394673   	  0.0                	   2.4213075060532687
CUFF_NC.2039  	      533	  99.812382739212     	  0.0                	   0.18761726078799248
CUFF_NC.9215  	      533	 100.0                	  0.0                	   0.0
CUFF_NC.9161  	      533	 100.0                	  0.0                	   0.0
CUFF_NC.9163  	      533	 100.0                	  0.0                	   0.0
CUFF_NC.9165  	      533	 100.0                	  0.0                	   0.0
CUFF_NC.9142  	      533	 100.0                	  0.0                	   0.0
CUFF_NC.9145  	      533	 100.0                	  0.0                	   0.0
CUFF_NC.9146  	      533	 100.0                	  0.0                	   0.0
CUFF_NC.9148  	      533	 100.0                	  0.0                	   0.0
CUFF_NC.915   	      522	   0.7662835249042145 	  0.0                	  99.23371647509579
CUFF_NC.9151  	      533	 100.0                	  0.0                	   0.0
CUFF_NC.9152  	      533	 100.0                	  0.0                	   0.0
CUFF_NC.9153  	      533	 100.0                	  0.0                	   0.0
CUFF_NC.9154  	      533	 100.0                	  0.0                	   0.0
CUFF_NC.916   	      533	 100.0                	  0.0                	   0.0
CUFF_NC.9216  	      533	 100.0                	  0.0                	   0.0
CUFF_NC.9217  	      533	  99.812382739212     	  0.0                	   0.18761726078799248
CUFF_NC.919   	      533	 100.0                	  0.0                	   0.0
CUFF_NC.9190  	      533	 100.0                	  0.0                	   0.0
CUFF_NC.9191  	      533	  99.62476547842401   	  0.0                	   0.37523452157598497
CUFF_NC.9192  	      533	  99.812382739212     	  0.0                	   0.18761726078799248
CUFF_NC.10212 	      533	 100.0                	  0.0                	   0.0
CUFF_NC.10213 	      533	 100.0                	  0.0                	   0.0
CUFF_NC.10215 	      532	  98.49624060150376   	  0.0                	   1.5037593984962405
CUFF_NC.10216 	      533	 100.0                	  0.0                	   0.0
CUFF_NC.10217 	      460	  12.391304347826088  	  0.0                	  87.60869565217392
CUFF_NC.9186  	      533	  99.812382739212     	  0.0                	   0.18761726078799248
CUFF_NC.10226 	      437	  93.59267734553775   	  0.0                	   6.407322654462242
CUFF_NC.9195  	      533	  99.812382739212     	  0.0                	   0.18761726078799248
CUFF_NC.9166  	      533	 100.0                	  0.0                	   0.0
CUFF_NC.9167  	      533	 100.0                	  0.0                	   0.0
CUFF_NC.917   	      503	  79.12524850894633   	  0.0                	  20.87475149105368
CUFF_NC.9170  	      533	 100.0                	  0.0                	   0.0
CUFF_NC.9171  	      533	 100.0                	  0.0                	   0.0
CUFF_NC.9177  	      533	 100.0                	  0.0                	   0.0
CUFF_NC.9179  	      533	 100.0                	  0.0                	   0.0
CUFF_NC.918   	      533	 100.0                	  0.0                	   0.0
CUFF_NC.9181  	      533	 100.0                	  0.0                	   0.0
CUFF_NC.9184  	      533	 100.0                	  0.0                	   0.0
CUFF_NC.10224 	      127	  96.8503937007874    	  0.0                	   3.149606299212598
CUFF_NC.10178 	      526	   0.38022813688212925	  0.0                	  99.61977186311786
CUFF_NC.10179 	      483	   9.316770186335404  	  0.0                	  90.6832298136646
CUFF_NC.10182 	      533	 100.0                	  0.0                	   0.0
CUFF_NC.10183 	      533	   1.125703564727955  	  0.0                	  98.87429643527204
CUFF_NC.9327  	      533	 100.0                	  0.0                	   0.0
CUFF_NC.2002  	       18	  88.88888888888889   	  0.0                	  11.11111111111111
CUFF_NC.2003  	      533	 100.0                	  0.0                	   0.0
CUFF_NC.9306  	      533	 100.0                	  0.0                	   0.0
CUFF_NC.9309  	      533	 100.0                	  0.0                	   0.0
CUFF_NC.931   	      533	 100.0                	  0.0                	   0.0
CUFF_NC.9310  	      533	 100.0                	  0.0                	   0.0
CUFF_NC.9276  	      533	 100.0                	  0.0                	   0.0
CUFF_NC.9317  	      533	 100.0                	  0.0                	   0.0
CUFF_NC.9318  	      533	 100.0                	  0.0                	   0.0
CUFF_NC.9319  	      533	 100.0                	  0.0                	   0.0
CUFF_NC.932   	      533	 100.0                	  0.0                	   0.0
CUFF_NC.9320  	      533	 100.0                	  0.0                	   0.0
CUFF_NC.9322  	      533	 100.0                	  0.0                	   0.0
CUFF_NC.9324  	      533	 100.0                	  0.0                	   0.0
CUFF_NC.9325  	      533	 100.0                	  0.0                	   0.0
CUFF_NC.9283  	      533	 100.0                	  0.0                	   0.0
CUFF_NC.9284  	      533	 100.0                	  0.0                	   0.0
CUFF_NC.9286  	      533	 100.0                	  0.0                	   0.0
CUFF_NC.9288  	      533	 100.0                	  0.0                	   0.0
CUFF_NC.9316  	      533	 100.0                	  0.0                	   0.0
CUFF_NC.9356  	      533	 100.0                	  0.0                	   0.0
CUFF_NC.9357  	      533	 100.0                	  0.0                	   0.0
CUFF_NC.9358  	      533	  99.62476547842401   	  0.0                	   0.37523452157598497
CUFF_NC.9359  	      533	 100.0                	  0.0                	   0.0
CUFF_NC.936   	      533	 100.0                	  0.0                	   0.0
CUFF_NC.1870  	      533	 100.0                	  0.0                	   0.0
CUFF_NC.1871  	      533	 100.0                	  0.0                	   0.0
CUFF_NC.1872  	      533	 100.0                	  0.0                	   0.0
CUFF_NC.1873  	      533	 100.0                	  0.0                	   0.0
CUFF_NC.188   	      533	 100.0                	  0.0                	   0.0
CUFF_NC.1880  	      533	 100.0                	  0.0                	   0.0
CUFF_NC.10176 	        2	   0.0                	  0.0                	 100.0
CUFF_NC.1886  	      533	 100.0                	  0.0                	   0.0
CUFF_NC.2007  	      533	   0.0                	  0.0                	 100.0
CUFF_NC.2008  	      533	 100.0                	  0.0                	   0.0
CUFF_NC.9328  	       67	   5.970149253731343  	  0.0                	  94.02985074626866
CUFF_NC.933   	      533	 100.0                	  0.0                	   0.0
CUFF_NC.9332  	      533	 100.0                	  0.0                	   0.0
CUFF_NC.10166 	      533	   0.37523452157598497	  0.0                	  99.62476547842401
CUFF_NC.10169 	      502	   1.9920318725099602 	  0.0                	  98.00796812749005
CUFF_NC.10170 	      522	   1.9157088122605364 	  0.0                	  98.08429118773945
CUFF_NC.10171 	      533	 100.0                	  0.0                	   0.0
CUFF_NC.10172 	      533	  95.87242026266416   	  0.0                	   4.127579737335835
CUFF_NC.10175 	        4	   0.0                	  0.0                	 100.0
CUFF_NC.1882  	      533	 100.0                	  0.0                	   0.0
CUFF_NC.9262  	      533	  99.812382739212     	  0.0                	   0.18761726078799248
CUFF_NC.9263  	      533	 100.0                	  0.0                	   0.0
CUFF_NC.9265  	      533	  99.812382739212     	  0.0                	   0.18761726078799248
CUFF_NC.9268  	      533	 100.0                	  0.0                	   0.0
CUFF_NC.3057  	      533	   0.9380863039399625 	  0.0                	  99.06191369606003
CUFF_NC.3058  	      402	  24.129353233830848  	  0.0                	  75.87064676616916
CUFF_NC.3059  	      422	  17.77251184834123   	  0.0                	  82.22748815165876
CUFF_NC.306   	      533	 100.0                	  0.0                	   0.0
CUFF_NC.3061  	      533	  99.62476547842401   	  0.0                	   0.37523452157598497
CUFF_NC.3062  	      533	   0.37523452157598497	  0.0                	  99.62476547842401
CUFF_NC.3063  	      529	   5.293005671077505  	  0.0                	  94.7069943289225
CUFF_NC.9289  	      533	 100.0                	  0.0                	   0.0
CUFF_NC.3032  	      533	   0.0                	  0.0                	 100.0
CUFF_NC.3033  	      529	  99.4328922495274    	  0.0                	   0.5671077504725899
CUFF_NC.3034  	      524	  22.709923664122137  	  0.0                	  77.29007633587787
CUFF_NC.2943  	      533	  92.6829268292683    	  0.0                	   7.317073170731707
CUFF_NC.2945  	      533	 100.0                	  0.0                	   0.0
CUFF_NC.2947  	      533	 100.0                	  0.0                	   0.0
CUFF_NC.2949  	      533	 100.0                	  0.0                	   0.0
CUFF_NC.9269  	      533	 100.0                	  0.0                	   0.0
CUFF_NC.927   	      465	  12.258064516129032  	  0.0                	  87.74193548387098
CUFF_NC.9271  	      533	 100.0                	  0.0                	   0.0
CUFF_NC.9272  	      533	 100.0                	  0.0                	   0.0
CUFF_NC.9273  	      533	 100.0                	  0.0                	   0.0
CUFF_NC.3031  	      529	   4.158790170132325  	  0.0                	  95.84120982986768
CUFF_NC.9290  	      533	  19.887429643527206  	  0.0                	  80.1125703564728
CUFF_NC.9291  	      533	  19.69981238273921   	  0.0                	  80.30018761726079
CUFF_NC.9293  	      533	 100.0                	  0.0                	   0.0
CUFF_NC.9294  	      533	 100.0                	  0.0                	   0.0
CUFF_NC.9295  	      533	 100.0                	  0.0                	   0.0
CUFF_NC.9297  	      533	 100.0                	  0.0                	   0.0
CUFF_NC.9298  	      533	 100.0                	  0.0                	   0.0
CUFF_NC.9300  	      533	 100.0                	  0.0                	   0.0
CUFF_NC.9301  	      533	 100.0                	  0.0                	   0.0
CUFF_NC.9302  	      533	 100.0                	  0.0                	   0.0
CUFF_NC.9278  	      533	 100.0                	  0.0                	   0.0
CUFF_NC.9279  	      533	 100.0                	  0.0                	   0.0
CUFF_NC.9261  	      533	 100.0                	  0.0                	   0.0
CUFF_NC.9282  	      533	 100.0                	  0.0                	   0.0
CUFF_NC.10185 	      532	   1.1278195488721803 	  0.0                	  98.87218045112782
CUFF_NC.10186 	      433	  40.64665127020785   	  0.0                	  59.353348729792145
CUFF_NC.10187 	      533	   0.0                	  0.0                	 100.0
CUFF_NC.10192 	      528	   1.3257575757575757 	  0.0                	  98.67424242424242
CUFF_NC.10193 	      527	   1.7077798861480076 	  0.0                	  98.292220113852
CUFF_NC.10195 	      533	   1.125703564727955  	  0.0                	  98.87429643527204
CUFF_NC.10196 	      533	  98.12382739212008   	  0.0                	   1.876172607879925
CUFF_NC.9256  	      533	 100.0                	  0.0                	   0.0
CUFF_NC.9258  	      533	 100.0                	  0.0                	   0.0
CUFF_NC.926   	      533	  99.812382739212     	  0.0                	   0.18761726078799248
CUFF_NC.9260  	      533	 100.0                	  0.0                	   0.0
CUFF_NC.9281  	      533	 100.0                	  0.0                	   0.0
CUFF_NC.9842  	      533	 100.0                	  0.0                	   0.0
CUFF_NC.9844  	      533	   0.5628517823639775 	  0.0                	  99.43714821763602
CUFF_NC.9845  	      533	 100.0                	  0.0                	   0.0
CUFF_NC.9846  	      533	 100.0                	  0.0                	   0.0
CUFF_NC.9847  	      533	  99.812382739212     	  0.0                	   0.18761726078799248
CUFF_NC.9851  	      430	  36.04651162790697   	  0.0                	  63.95348837209303
CUFF_NC.9808  	      533	   0.37523452157598497	  0.0                	  99.62476547842401
CUFF_NC.981   	      533	  96.99812382739212   	  0.0                	   3.0018761726078798
CUFF_NC.9810  	      529	   2.0793950850661624 	  0.0                	  97.92060491493385
CUFF_NC.982   	      533	  99.62476547842401   	  0.0                	   0.37523452157598497
CUFF_NC.9820  	      518	  99.8069498069498    	  0.0                	   0.19305019305019305
CUFF_NC.9534  	      533	 100.0                	  0.0                	   0.0
CUFF_NC.9823  	      533	 100.0                	  0.0                	   0.0
CUFF_NC.9825  	      533	 100.0                	  0.0                	   0.0
CUFF_NC.9826  	      533	 100.0                	  0.0                	   0.0
CUFF_NC.9827  	      533	 100.0                	  0.0                	   0.0
CUFF_NC.9828  	      137	  40.87591240875913   	  0.0                	  59.12408759124088
CUFF_NC.9829  	      533	 100.0                	  0.0                	   0.0
CUFF_NC.983   	      533	  98.68667917448406   	  0.0                	   1.3133208255159476
CUFF_NC.9831  	      481	  13.305613305613306  	  0.0                	  86.6943866943867
CUFF_NC.1927  	      533	 100.0                	  0.0                	   0.0
CUFF_NC.1929  	      218	   8.256880733944955  	  0.0                	  91.74311926605505
CUFF_NC.1930  	      533	 100.0                	  0.0                	   0.0
CUFF_NC.1931  	      512	  97.8515625          	  0.0                	   2.1484375
CUFF_NC.9821  	      533	  16.135084427767353  	  0.0                	  83.86491557223265
CUFF_NC.10033 	      498	   1.4056224899598393 	  0.0                	  98.59437751004016
CUFF_NC.10034 	      503	   1.9880715705765408 	  0.0                	  98.01192842942345
CUFF_NC.1582  	      381	  24.409448818897637  	  0.0                	  75.59055118110236
CUFF_NC.2959  	      533	 100.0                	  0.0                	   0.0
CUFF_NC.296   	      533	 100.0                	  0.0                	   0.0
CUFF_NC.9991  	      529	   0.1890359168241966 	  0.0                	  99.8109640831758
CUFF_NC.9992  	      533	   0.0                	  0.0                	 100.0
CUFF_NC.9993  	      533	   2.25140712945591   	  0.0                	  97.74859287054409
CUFF_NC.10    	      533	 100.0                	  0.0                	   0.0
CUFF_NC.2964  	      533	 100.0                	  0.0                	   0.0
CUFF_NC.2965  	      533	  99.62476547842401   	  0.0                	   0.37523452157598497
CUFF_NC.9841  	      516	  32.751937984496124  	  0.0                	  67.24806201550388
CUFF_NC.2969  	      533	   2.6266416510318953 	  0.0                	  97.37335834896811
CUFF_NC.10036 	      505	   1.188118811881188  	  0.0                	  98.8118811881188
CUFF_NC.10037 	      533	   0.0                	  0.0                	 100.0
CUFF_NC.10038 	      533	   0.0                	  0.0                	 100.0
CUFF_NC.10040 	      530	   0.37735849056603776	  0.0                	  99.62264150943396
CUFF_NC.10041 	      533	   0.0                	  0.0                	 100.0
CUFF_NC.986   	      533	 100.0                	  0.0                	   0.0
CUFF_NC.9833  	      533	  99.812382739212     	  0.0                	   0.18761726078799248
CUFF_NC.9834  	      533	   2.6266416510318953 	  0.0                	  97.37335834896811
CUFF_NC.9837  	      533	   0.0                	  0.0                	 100.0
CUFF_NC.9839  	      533	 100.0                	  0.0                	   0.0
CUFF_NC.984   	      533	 100.0                	  0.0                	   0.0
CUFF_NC.2967  	      533	  99.812382739212     	  0.0                	   0.18761726078799248
CUFF_NC.2997  	      533	  45.0281425891182    	  0.0                	  54.971857410881796
CUFF_NC.2998  	      532	  99.06015037593986   	  0.0                	   0.9398496240601504
CUFF_NC.3     	      533	 100.0                	  0.0                	   0.0
CUFF_NC.30    	      533	 100.0                	  0.0                	   0.0
CUFF_NC.3002  	      533	 100.0                	  0.0                	   0.0
CUFF_NC.1572  	      533	 100.0                	  0.0                	   0.0
CUFF_NC.1573  	      448	  98.21428571428571   	  0.0                	   1.7857142857142856
CUFF_NC.1574  	      435	  97.93103448275862   	  0.0                	   2.0689655172413794
CUFF_NC.1577  	      444	   2.2522522522522523 	  0.0                	  97.74774774774775
CUFF_NC.1579  	      533	  99.812382739212     	  0.0                	   0.18761726078799248
CUFF_NC.158   	      533	 100.0                	  0.0                	   0.0
CUFF_NC.1932  	      533	  99.812382739212     	  0.0                	   0.18761726078799248
CUFF_NC.10042 	      533	   0.0                	  0.0                	 100.0
CUFF_NC.10043 	      533	   0.0                	  0.0                	 100.0
CUFF_NC.10045 	      395	   2.7848101265822782 	  0.0                	  97.21518987341771
CUFF_NC.10046 	      533	   0.0                	  0.0                	 100.0
CUFF_NC.9761  	      224	   8.482142857142858  	  0.0                	  91.51785714285714
CUFF_NC.9764  	      125	   5.6000000000000005 	  0.0                	  94.39999999999999
CUFF_NC.9765  	      279	   7.526881720430108  	  0.0                	  92.47311827956989
CUFF_NC.9766  	      533	  99.62476547842401   	  0.0                	   0.37523452157598497
CUFF_NC.9769  	      533	 100.0                	  0.0                	   0.0
CUFF_NC.9775  	      533	 100.0                	  0.0                	   0.0
CUFF_NC.9777  	      533	 100.0                	  0.0                	   0.0
CUFF_NC.9778  	      533	  99.62476547842401   	  0.0                	   0.37523452157598497
CUFF_NC.9790  	      533	  98.49906191369607   	  0.0                	   1.5009380863039399
CUFF_NC.1936  	      203	  21.182266009852217  	  0.0                	  78.81773399014779
CUFF_NC.1937  	      533	 100.0                	  0.0                	   0.0
CUFF_NC.1940  	      425	  93.41176470588235   	  0.0                	   6.588235294117648
CUFF_NC.9799  	      533	 100.0                	  0.0                	   0.0
CUFF_NC.9805  	      533	 100.0                	  0.0                	   0.0
CUFF_NC.9806  	      533	 100.0                	  0.0                	   0.0
CUFF_NC.10047 	      533	   0.0                	  0.0                	 100.0
CUFF_NC.10048 	      524	   0.5725190839694656 	  0.0                	  99.42748091603053
CUFF_NC.1005  	      533	 100.0                	  0.0                	   0.0
CUFF_NC.10050 	      533	   0.0                	  0.0                	 100.0
CUFF_NC.10051 	      533	   0.0                	  0.0                	 100.0
CUFF_NC.2995  	      533	   3.377110694183865  	  0.0                	  96.62288930581614
CUFF_NC.10053 	      395	   7.848101265822785  	  0.0                	  92.15189873417722
CUFF_NC.10055 	      533	   0.0                	  0.0                	 100.0
CUFF_NC.9795  	      451	  99.77827050997783   	  0.0                	   0.22172949002217296
CUFF_NC.9797  	      424	   3.0660377358490565 	  0.0                	  96.93396226415094
CUFF_NC.9798  	      533	 100.0                	  0.0                	   0.0
CUFF_NC.1924  	      533	  99.812382739212     	  0.0                	   0.18761726078799248
CUFF_NC.9781  	      533	 100.0                	  0.0                	   0.0
CUFF_NC.9782  	      522	  30.842911877394634  	  0.0                	  69.15708812260536
CUFF_NC.9784  	      533	  81.61350844277673   	  0.0                	  18.386491557223263
CUFF_NC.9787  	      533	 100.0                	  0.0                	   0.0
CUFF_NC.9788  	      533	 100.0                	  0.0                	   0.0
CUFF_NC.979   	      533	 100.0                	  0.0                	   0.0
CUFF_NC.10052 	      533	   0.0                	  0.0                	 100.0
CUFF_NC.10024 	      533	   0.0                	  0.0                	 100.0
CUFF_NC.10008 	      533	   0.0                	  0.0                	 100.0
CUFF_NC.10026 	      510	   3.9215686274509802 	  0.0                	  96.07843137254902
CUFF_NC.10027 	      533	   0.0                	  0.0                	 100.0
CUFF_NC.996   	      533	 100.0                	  0.0                	   0.0
CUFF_NC.9958  	      532	   0.9398496240601504 	  0.0                	  99.06015037593986
CUFF_NC.10012 	      529	   0.5671077504725899 	  0.0                	  99.4328922495274
CUFF_NC.10013 	      479	   6.05427974947808   	  0.0                	  93.94572025052193
CUFF_NC.10014 	      485	   3.917525773195876  	  0.0                	  96.08247422680412
CUFF_NC.10015 	      533	   0.0                	  0.0                	 100.0
CUFF_NC.9928  	      367	  12.534059945504087  	  0.0                	  87.46594005449592
CUFF_NC.10031 	      513	   1.1695906432748537 	  0.0                	  98.83040935672514
CUFF_NC.993   	      533	 100.0                	  0.0                	   0.0
CUFF_NC.9932  	      533	 100.0                	  0.0                	   0.0
CUFF_NC.9934  	      532	   0.7518796992481203 	  0.0                	  99.24812030075188
CUFF_NC.9935  	      302	  92.3841059602649    	  0.0                	   7.6158940397351
CUFF_NC.9936  	      488	   3.6885245901639343 	  0.0                	  96.31147540983606
CUFF_NC.9938  	      533	   2.0637898686679175 	  0.0                	  97.93621013133207
CUFF_NC.9940  	      533	   0.18761726078799248	  0.0                	  99.812382739212
CUFF_NC.9942  	      532	   2.443609022556391  	  0.0                	  97.55639097744361
CUFF_NC.9912  	      526	   3.9923954372623576 	  0.0                	  96.00760456273764
CUFF_NC.9913  	      531	   2.4482109227871938 	  0.0                	  97.5517890772128
CUFF_NC.9916  	      527	  20.49335863377609   	  0.0                	  79.5066413662239
CUFF_NC.9917  	      525	   0.19047619047619047	  0.0                	  99.80952380952381
CUFF_NC.9929  	      530	   1.3207547169811322 	  0.0                	  98.67924528301887
CUFF_NC.998   	      533	 100.0                	  0.0                	   0.0
CUFF_NC.9981  	      533	   0.9380863039399625 	  0.0                	  99.06191369606003
CUFF_NC.9982  	      533	  60.41275797373359   	  0.0                	  39.587242026266416
CUFF_NC.9984  	      533	   0.37523452157598497	  0.0                	  99.62476547842401
CUFF_NC.9985  	      533	   1.6885553470919326 	  0.0                	  98.31144465290807
CUFF_NC.9987  	      533	   0.0                	  0.0                	 100.0
CUFF_NC.9968  	      533	   0.7504690431519699 	  0.0                	  99.24953095684803
CUFF_NC.9970  	      434	  32.02764976958525   	  0.0                	  67.97235023041475
CUFF_NC.9971  	      442	  11.76470588235294   	  0.0                	  88.23529411764706
CUFF_NC.9973  	      385	   6.753246753246753  	  0.0                	  93.24675324675324
CUFF_NC.9989  	      533	   0.0                	  0.0                	 100.0
CUFF_NC.10023 	      533	   0.0                	  0.0                	 100.0
CUFF_NC.9990  	      529	   0.0                	  0.0                	 100.0
CUFF_NC.10020 	      533	   0.0                	  0.0                	 100.0
CUFF_NC.9948  	      531	   4.143126177024483  	  0.0                	  95.85687382297552
CUFF_NC.9949  	      533	 100.0                	  0.0                	   0.0
CUFF_NC.9951  	      524	  16.030534351145036  	  0.0                	  83.96946564885496
CUFF_NC.9956  	      533	   0.7504690431519699 	  0.0                	  99.24953095684803
CUFF_NC.2970  	      530	  99.62264150943396   	  0.0                	   0.37735849056603776
CUFF_NC.2977  	      533	 100.0                	  0.0                	   0.0
CUFF_NC.2978  	      300	  95.33333333333334   	  0.0                	   4.666666666666667
CUFF_NC.9999  	      533	   0.0                	  0.0                	 100.0
CUFF_NC.10021 	      532	   0.5639097744360901 	  0.0                	  99.43609022556392
CUFF_NC.10022 	      533	   0.0                	  0.0                	 100.0
CUFF_NC.10009 	      532	   1.5037593984962405 	  0.0                	  98.49624060150376
CUFF_NC.9877  	      532	  96.05263157894737   	  0.0                	   3.9473684210526314
CUFF_NC.9885  	      533	 100.0                	  0.0                	   0.0
CUFF_NC.9887  	      533	  99.812382739212     	  0.0                	   0.18761726078799248
CUFF_NC.989   	      533	 100.0                	  0.0                	   0.0
CUFF_NC.9890  	      533	   5.253283302063791  	  0.0                	  94.74671669793621
CUFF_NC.9891  	      511	  95.49902152641879   	  0.0                	   4.500978473581213
CUFF_NC.9893  	      533	  16.69793621013133   	  0.0                	  83.30206378986867
CUFF_NC.9894  	      533	  28.142589118198874  	  0.0                	  71.85741088180112
CUFF_NC.9860  	      533	  31.144465290806757  	  0.0                	  68.85553470919325
CUFF_NC.9861  	      533	  99.06191369606003   	  0.0                	   0.9380863039399625
CUFF_NC.1906  	      533	 100.0                	  0.0                	   0.0
CUFF_NC.9918  	      488	  10.450819672131148  	  0.0                	  89.54918032786885
CUFF_NC.1909  	      528	   1.7045454545454544 	  0.0                	  98.29545454545455
CUFF_NC.1910  	      532	  23.1203007518797    	  0.0                	  76.8796992481203
CUFF_NC.1913  	      533	  98.12382739212008   	  0.0                	   1.876172607879925
CUFF_NC.192   	      533	 100.0                	  0.0                	   0.0
CUFF_NC.1920  	      533	  99.812382739212     	  0.0                	   0.18761726078799248
CUFF_NC.1921  	      533	  99.812382739212     	  0.0                	   0.18761726078799248
CUFF_NC.1922  	      530	  99.81132075471699   	  0.0                	   0.18867924528301888
CUFF_NC.9864  	      533	   0.9380863039399625 	  0.0                	  99.06191369606003
CUFF_NC.9852  	      409	  38.386308068459655  	  0.0                	  61.61369193154034
CUFF_NC.10028 	      530	   0.37735849056603776	  0.0                	  99.62264150943396
CUFF_NC.10029 	      530	   0.37735849056603776	  0.0                	  99.62264150943396
CUFF_NC.10030 	      495	   4.040404040404041  	  0.0                	  95.95959595959596
CUFF_NC.1908  	      533	 100.0                	  0.0                	   0.0
CUFF_NC.992   	      533	 100.0                	  0.0                	   0.0
CUFF_NC.9920  	      533	   0.9380863039399625 	  0.0                	  99.06191369606003
CUFF_NC.9921  	      532	   0.0                	  0.0                	 100.0
CUFF_NC.9923  	      511	   1.36986301369863   	  0.0                	  98.63013698630137
CUFF_NC.9924  	      506	   2.766798418972332  	  0.0                	  97.23320158102767
CUFF_NC.9926  	      496	   1.6129032258064515 	  0.0                	  98.38709677419355
CUFF_NC.9927  	      528	   0.1893939393939394 	  0.0                	  99.81060606060606
CUFF_NC.9895  	      533	  71.85741088180112   	  0.0                	  28.142589118198874
CUFF_NC.9896  	      533	  71.66979362101313   	  0.0                	  28.330206378986865
CUFF_NC.9898  	      533	   0.7504690431519699 	  0.0                	  99.24953095684803
CUFF_NC.9899  	      444	   4.504504504504505  	  0.0                	  95.4954954954955
CUFF_NC.9875  	      533	 100.0                	  0.0                	   0.0
CUFF_NC.9903  	      529	   2.835538752362949  	  0.0                	  97.16446124763705
CUFF_NC.9906  	      508	   1.968503937007874  	  0.0                	  98.03149606299213
CUFF_NC.9907  	      501	   4.39121756487026   	  0.0                	  95.60878243512974
CUFF_NC.9908  	      533	   0.0                	  0.0                	 100.0
CUFF_NC.9909  	      394	   7.3604060913705585 	  0.0                	  92.63959390862944
CUFF_NC.991   	      533	  99.43714821763602   	  0.0                	   0.5628517823639775
CUFF_NC.9910  	      533	  41.088180112570356  	  0.0                	  58.91181988742964
CUFF_NC.987   	      533	 100.0                	  0.0                	   0.0
CUFF_NC.9870  	      531	  95.66854990583803   	  0.0                	   4.3314500941619585
CUFF_NC.9871  	      531	   0.7532956685499058 	  0.0                	  99.2467043314501
CUFF_NC.9872  	      533	  65.1031894934334    	  0.0                	  34.8968105065666
CUFF_NC.9873  	      533	 100.0                	  0.0                	   0.0
CUFF_NC.9902  	      521	   3.45489443378119   	  0.0                	  96.54510556621881
CUFF_NC.1889  	      533	 100.0                	  0.0                	   0.0
CUFF_NC.1891  	      533	   0.5628517823639775 	  0.0                	  99.43714821763602
CUFF_NC.1892  	      533	 100.0                	  0.0                	   0.0
CUFF_NC.1893  	      532	  99.06015037593986   	  0.0                	   0.9398496240601504
CUFF_NC.1897  	      533	 100.0                	  0.0                	   0.0
CUFF_NC.190   	      533	 100.0                	  0.0                	   0.0
CUFF_NC.1900  	      533	 100.0                	  0.0                	   0.0
CUFF_NC.1964  	      533	 100.0                	  0.0                	   0.0
CUFF_NC.1966  	      533	  98.87429643527204   	  0.0                	   1.125703564727955
CUFF_NC.1967  	      533	 100.0                	  0.0                	   0.0
CUFF_NC.9620  	      533	 100.0                	  0.0                	   0.0
CUFF_NC.978   	      533	   9.75609756097561   	  0.0                	  90.2439024390244
CUFF_NC.9622  	      533	 100.0                	  0.0                	   0.0
CUFF_NC.9601  	      533	 100.0                	  0.0                	   0.0
CUFF_NC.9602  	      533	 100.0                	  0.0                	   0.0
CUFF_NC.9605  	      533	  99.62476547842401   	  0.0                	   0.37523452157598497
CUFF_NC.9607  	      533	 100.0                	  0.0                	   0.0
CUFF_NC.9609  	      533	  97.37335834896811   	  0.0                	   2.6266416510318953
CUFF_NC.961   	      533	  98.68667917448406   	  0.0                	   1.3133208255159476
CUFF_NC.9610  	      533	 100.0                	  0.0                	   0.0
CUFF_NC.9611  	      533	 100.0                	  0.0                	   0.0
CUFF_NC.9614  	      533	 100.0                	  0.0                	   0.0
CUFF_NC.9615  	      533	 100.0                	  0.0                	   0.0
CUFF_NC.9616  	      533	  99.812382739212     	  0.0                	   0.18761726078799248
CUFF_NC.9621  	      533	  99.62476547842401   	  0.0                	   0.37523452157598497
CUFF_NC.10084 	      518	   5.984555984555985  	  0.0                	  94.01544401544402
CUFF_NC.10085 	      526	   6.273764258555133  	  0.0                	  93.72623574144487
CUFF_NC.10088 	      532	   0.18796992481203006	  0.0                	  99.81203007518798
CUFF_NC.9635  	      533	   0.0                	  0.0                	 100.0
CUFF_NC.9638  	      533	   0.0                	  0.0                	 100.0
CUFF_NC.9639  	      533	  99.62476547842401   	  0.0                	   0.37523452157598497
CUFF_NC.964   	      533	  99.812382739212     	  0.0                	   0.18761726078799248
CUFF_NC.9640  	      533	 100.0                	  0.0                	   0.0
CUFF_NC.9641  	      533	  99.812382739212     	  0.0                	   0.18761726078799248
CUFF_NC.9626  	      533	  99.812382739212     	  0.0                	   0.18761726078799248
CUFF_NC.9627  	      533	 100.0                	  0.0                	   0.0
CUFF_NC.1961  	      533	  99.43714821763602   	  0.0                	   0.5628517823639775
CUFF_NC.9629  	      533	  99.812382739212     	  0.0                	   0.18761726078799248
CUFF_NC.963   	      533	 100.0                	  0.0                	   0.0
CUFF_NC.9630  	      533	 100.0                	  0.0                	   0.0
CUFF_NC.9631  	      533	 100.0                	  0.0                	   0.0
CUFF_NC.9632  	      533	 100.0                	  0.0                	   0.0
CUFF_NC.9633  	      533	 100.0                	  0.0                	   0.0
CUFF_NC.10074 	      532	  53.75939849624061   	  0.0                	  46.2406015037594
CUFF_NC.10075 	      533	 100.0                	  0.0                	   0.0
CUFF_NC.10076 	      533	   0.7504690431519699 	  0.0                	  99.24953095684803
CUFF_NC.10078 	      529	  14.366729678638942  	  0.0                	  85.63327032136105
CUFF_NC.10079 	      434	  83.17972350230414   	  0.0                	  16.82027649769585
CUFF_NC.1008  	      533	 100.0                	  0.0                	   0.0
CUFF_NC.9628  	      533	 100.0                	  0.0                	   0.0
CUFF_NC.10095 	      527	   3.984819734345351  	  0.0                	  96.01518026565465
CUFF_NC.10097 	      533	   0.0                	  0.0                	 100.0
CUFF_NC.10098 	      315	  14.285714285714285  	  0.0                	  85.71428571428571
CUFF_NC.10099 	      533	  99.43714821763602   	  0.0                	   0.5628517823639775
CUFF_NC.101   	      533	 100.0                	  0.0                	   0.0
CUFF_NC.1010  	      533	 100.0                	  0.0                	   0.0
CUFF_NC.10100 	      531	   0.5649717514124294 	  0.0                	  99.43502824858757
CUFF_NC.10102 	      528	   3.0303030303030303 	  0.0                	  96.96969696969697
CUFF_NC.9552  	      533	  98.49906191369607   	  0.0                	   1.5009380863039399
CUFF_NC.9553  	      533	 100.0                	  0.0                	   0.0
CUFF_NC.9554  	      533	 100.0                	  0.0                	   0.0
CUFF_NC.9617  	      533	 100.0                	  0.0                	   0.0
CUFF_NC.9556  	      533	 100.0                	  0.0                	   0.0
CUFF_NC.956   	      522	  98.65900383141762   	  0.0                	   1.3409961685823755
CUFF_NC.9561  	      533	 100.0                	  0.0                	   0.0
CUFF_NC.9562  	      533	 100.0                	  0.0                	   0.0
CUFF_NC.9564  	      533	 100.0                	  0.0                	   0.0
CUFF_NC.9565  	      533	 100.0                	  0.0                	   0.0
CUFF_NC.9566  	      533	 100.0                	  0.0                	   0.0
CUFF_NC.9567  	      532	 100.0                	  0.0                	   0.0
CUFF_NC.957   	      533	  99.62476547842401   	  0.0                	   0.37523452157598497
CUFF_NC.9571  	      533	 100.0                	  0.0                	   0.0
CUFF_NC.9532  	      533	  99.812382739212     	  0.0                	   0.18761726078799248
CUFF_NC.9533  	      533	 100.0                	  0.0                	   0.0
CUFF_NC.9555  	      533	 100.0                	  0.0                	   0.0
CUFF_NC.9618  	      533	  98.87429643527204   	  0.0                	   1.125703564727955
CUFF_NC.9619  	      533	 100.0                	  0.0                	   0.0
CUFF_NC.1960  	      261	  79.3103448275862    	  0.0                	  20.689655172413794
CUFF_NC.9578  	      533	 100.0                	  0.0                	   0.0
CUFF_NC.9580  	      533	 100.0                	  0.0                	   0.0
CUFF_NC.9584  	      533	 100.0                	  0.0                	   0.0
CUFF_NC.9586  	      533	 100.0                	  0.0                	   0.0
CUFF_NC.9587  	      533	  20.637898686679172  	  0.0                	  79.36210131332082
CUFF_NC.9588  	      533	 100.0                	  0.0                	   0.0
CUFF_NC.959   	      533	 100.0                	  0.0                	   0.0
CUFF_NC.9592  	      429	   3.9627039627039626 	  0.0                	  96.03729603729604
CUFF_NC.10094 	      533	   0.18761726078799248	  0.0                	  99.812382739212
CUFF_NC.9594  	      533	 100.0                	  0.0                	   0.0
CUFF_NC.9595  	      533	 100.0                	  0.0                	   0.0
CUFF_NC.9596  	      533	  99.62476547842401   	  0.0                	   0.37523452157598497
CUFF_NC.9597  	      533	 100.0                	  0.0                	   0.0
CUFF_NC.9598  	      533	 100.0                	  0.0                	   0.0
CUFF_NC.9600  	      533	 100.0                	  0.0                	   0.0
CUFF_NC.9573  	      533	 100.0                	  0.0                	   0.0
CUFF_NC.9575  	      392	  98.9795918367347    	  0.0                	   1.0204081632653061
CUFF_NC.10089 	      533	   0.0                	  0.0                	 100.0
CUFF_NC.10090 	      305	  14.426229508196723  	  0.0                	  85.57377049180329
CUFF_NC.10091 	      533	   3.189493433395872  	  0.0                	  96.81050656660413
CUFF_NC.10092 	      532	   0.0                	  0.0                	 100.0
CUFF_NC.9593  	      170	  11.176470588235295  	  0.0                	  88.8235294117647
CUFF_NC.1946  	      316	  95.25316455696202   	  0.0                	   4.746835443037975
CUFF_NC.1948  	      171	  95.90643274853801   	  0.0                	   4.093567251461988
CUFF_NC.1951  	      516	  75.0                	  0.0                	  25.0
CUFF_NC.1952  	      398	  96.73366834170855   	  0.0                	   3.2663316582914574
CUFF_NC.1955  	      402	  22.139303482587064  	  0.0                	  77.86069651741293
CUFF_NC.1552  	      533	 100.0                	  0.0                	   0.0
CUFF_NC.1553  	      533	 100.0                	  0.0                	   0.0
CUFF_NC.1556  	      531	   0.5649717514124294 	  0.0                	  99.43502824858757
CUFF_NC.1557  	      533	   2.25140712945591   	  0.0                	  97.74859287054409
CUFF_NC.1559  	      533	   0.5628517823639775 	  0.0                	  99.43714821763602
CUFF_NC.1561  	      533	 100.0                	  0.0                	   0.0
CUFF_NC.10083 	      533	   1.6885553470919326 	  0.0                	  98.31144465290807
CUFF_NC.2985  	      533	   8.630393996247655  	  0.0                	  91.36960600375235
CUFF_NC.2986  	      507	   4.142011834319527  	  0.0                	  95.85798816568047
CUFF_NC.2988  	      533	 100.0                	  0.0                	   0.0
CUFF_NC.2989  	      531	   0.7532956685499058 	  0.0                	  99.2467043314501
CUFF_NC.299   	      533	  99.812382739212     	  0.0                	   0.18761726078799248
CUFF_NC.2992  	        9	  33.33333333333333   	  0.0                	  66.66666666666666
CUFF_NC.2993  	        4	  50.0                	  0.0                	  50.0
CUFF_NC.2994  	      500	   1.4000000000000001 	  0.0                	  98.6
CUFF_NC.1957  	      531	   0.5649717514124294 	  0.0                	  99.43502824858757
CUFF_NC.1958  	      531	   0.7532956685499058 	  0.0                	  99.2467043314501
CUFF_NC.196   	      533	  97.37335834896811   	  0.0                	   2.6266416510318953
CUFF_NC.9716  	      533	 100.0                	  0.0                	   0.0
CUFF_NC.2981  	      533	 100.0                	  0.0                	   0.0
CUFF_NC.9780  	      533	 100.0                	  0.0                	   0.0
CUFF_NC.9741  	      484	   9.297520661157025  	  0.0                	  90.70247933884298
CUFF_NC.9742  	      533	 100.0                	  0.0                	   0.0
CUFF_NC.9744  	      533	 100.0                	  0.0                	   0.0
CUFF_NC.9750  	      533	   1.125703564727955  	  0.0                	  98.87429643527204
CUFF_NC.9755  	      533	 100.0                	  0.0                	   0.0
CUFF_NC.9757  	      533	 100.0                	  0.0                	   0.0
CUFF_NC.9758  	      533	 100.0                	  0.0                	   0.0
CUFF_NC.9759  	      161	  13.043478260869565  	  0.0                	  86.95652173913044
CUFF_NC.976   	      533	 100.0                	  0.0                	   0.0
CUFF_NC.9760  	      198	  18.181818181818183  	  0.0                	  81.81818181818183
CUFF_NC.9713  	      533	 100.0                	  0.0                	   0.0
CUFF_NC.9723  	      533	 100.0                	  0.0                	   0.0
CUFF_NC.9724  	      533	 100.0                	  0.0                	   0.0
CUFF_NC.9728  	      533	 100.0                	  0.0                	   0.0
CUFF_NC.9729  	      533	 100.0                	  0.0                	   0.0
CUFF_NC.973   	      533	 100.0                	  0.0                	   0.0
CUFF_NC.9730  	      533	  99.812382739212     	  0.0                	   0.18761726078799248
CUFF_NC.9731  	      533	 100.0                	  0.0                	   0.0
CUFF_NC.9734  	      533	  99.62476547842401   	  0.0                	   0.37523452157598497
CUFF_NC.9735  	      533	  99.812382739212     	  0.0                	   0.18761726078799248
CUFF_NC.9738  	      533	 100.0                	  0.0                	   0.0
CUFF_NC.974   	      533	  99.812382739212     	  0.0                	   0.18761726078799248
CUFF_NC.9740  	      533	 100.0                	  0.0                	   0.0
CUFF_NC.9719  	      533	 100.0                	  0.0                	   0.0
CUFF_NC.9672  	      532	  99.81203007518798   	  0.0                	   0.18796992481203006
CUFF_NC.9673  	      533	 100.0                	  0.0                	   0.0
CUFF_NC.9674  	      533	 100.0                	  0.0                	   0.0
CUFF_NC.9675  	      533	 100.0                	  0.0                	   0.0
CUFF_NC.9677  	      533	 100.0                	  0.0                	   0.0
CUFF_NC.968   	      533	  99.62476547842401   	  0.0                	   0.37523452157598497
CUFF_NC.9681  	      533	 100.0                	  0.0                	   0.0
CUFF_NC.9687  	      533	 100.0                	  0.0                	   0.0
CUFF_NC.9645  	      533	 100.0                	  0.0                	   0.0
CUFF_NC.9647  	      403	  83.62282878411911   	  0.0                	  16.377171215880892
CUFF_NC.965   	      533	 100.0                	  0.0                	   0.0
CUFF_NC.9694  	      165	  90.30303030303031   	  0.0                	   9.696969696969697
CUFF_NC.9654  	      533	 100.0                	  0.0                	   0.0
CUFF_NC.9655  	      533	 100.0                	  0.0                	   0.0
CUFF_NC.9656  	      533	 100.0                	  0.0                	   0.0
CUFF_NC.9658  	      533	 100.0                	  0.0                	   0.0
CUFF_NC.966   	      533	  99.812382739212     	  0.0                	   0.18761726078799248
CUFF_NC.9660  	      533	 100.0                	  0.0                	   0.0
CUFF_NC.9662  	      533	 100.0                	  0.0                	   0.0
CUFF_NC.9665  	      533	 100.0                	  0.0                	   0.0
CUFF_NC.9666  	      533	 100.0                	  0.0                	   0.0
CUFF_NC.10080 	      533	   0.18761726078799248	  0.0                	  99.812382739212
CUFF_NC.10081 	      451	  19.290465631929045  	  0.0                	  80.70953436807096
CUFF_NC.10082 	      391	  13.554987212276215  	  0.0                	  86.44501278772378
CUFF_NC.9652  	      497	  19.718309859154928  	  0.0                	  80.28169014084507
CUFF_NC.9699  	      533	   0.9380863039399625 	  0.0                	  99.06191369606003
CUFF_NC.97    	      533	  87.61726078799249   	  0.0                	  12.382739212007504
CUFF_NC.970   	      533	 100.0                	  0.0                	   0.0
CUFF_NC.9700  	      533	 100.0                	  0.0                	   0.0
CUFF_NC.9701  	      533	 100.0                	  0.0                	   0.0
CUFF_NC.9702  	      533	 100.0                	  0.0                	   0.0
CUFF_NC.9707  	      533	  99.812382739212     	  0.0                	   0.18761726078799248
CUFF_NC.971   	      533	 100.0                	  0.0                	   0.0
CUFF_NC.9712  	      533	 100.0                	  0.0                	   0.0
CUFF_NC.969   	      533	 100.0                	  0.0                	   0.0
CUFF_NC.9690  	      533	  99.812382739212     	  0.0                	   0.18761726078799248
CUFF_NC.9691  	      533	  94.55909943714822   	  0.0                	   5.440900562851782
CUFF_NC.9671  	      533	 100.0                	  0.0                	   0.0
CUFF_NC.10057 	      519	   0.9633911368015413 	  0.0                	  99.03660886319847
CUFF_NC.10058 	      530	   0.5660377358490566 	  0.0                	  99.43396226415095
CUFF_NC.10060 	      533	   0.7504690431519699 	  0.0                	  99.24953095684803
CUFF_NC.10061 	      436	  31.422018348623855  	  0.0                	  68.57798165137615
CUFF_NC.10065 	      519	   6.9364161849710975 	  0.0                	  93.0635838150289
CUFF_NC.10068 	      533	   0.0                	  0.0                	 100.0
CUFF_NC.10069 	      532	   0.18796992481203006	  0.0                	  99.81203007518798
CUFF_NC.10071 	      531	  15.630885122410545  	  0.0                	  84.36911487758945
CUFF_NC.9667  	      533	 100.0                	  0.0                	   0.0
CUFF_NC.9668  	      533	 100.0                	  0.0                	   0.0
CUFF_NC.9669  	      533	  96.06003752345215   	  0.0                	   3.9399624765478425
CUFF_NC.967   	      533	 100.0                	  0.0                	   0.0
CUFF_NC.9692  	      533	 100.0                	  0.0                	   0.0
CUFF_NC.8605  	      533	 100.0                	  0.0                	   0.0
CUFF_NC.8606  	      533	 100.0                	  0.0                	   0.0
CUFF_NC.8608  	      533	   1.5009380863039399 	  0.0                	  98.49906191369607
CUFF_NC.214   	      533	 100.0                	  0.0                	   0.0
CUFF_NC.2140  	      514	   2.7237354085603114 	  0.0                	  97.27626459143968
CUFF_NC.2145  	      533	 100.0                	  0.0                	   0.0
CUFF_NC.2146  	      533	  99.62476547842401   	  0.0                	   0.37523452157598497
CUFF_NC.2147  	      533	  98.87429643527204   	  0.0                	   1.125703564727955
CUFF_NC.2150  	      533	 100.0                	  0.0                	   0.0
CUFF_NC.2151  	      533	 100.0                	  0.0                	   0.0
CUFF_NC.2152  	      533	  99.812382739212     	  0.0                	   0.18761726078799248
CUFF_NC.9155  	      533	 100.0                	  0.0                	   0.0
CUFF_NC.1807  	      533	 100.0                	  0.0                	   0.0
CUFF_NC.104   	      533	  99.812382739212     	  0.0                	   0.18761726078799248
CUFF_NC.10400 	      533	 100.0                	  0.0                	   0.0
CUFF_NC.10401 	      533	 100.0                	  0.0                	   0.0
CUFF_NC.8579  	      533	 100.0                	  0.0                	   0.0
CUFF_NC.858   	      533	  99.812382739212     	  0.0                	   0.18761726078799248
CUFF_NC.8582  	      533	 100.0                	  0.0                	   0.0
CUFF_NC.8583  	      533	  95.30956848030019   	  0.0                	   4.690431519699812
CUFF_NC.8585  	      533	  17.823639774859288  	  0.0                	  82.17636022514071
CUFF_NC.8586  	      533	 100.0                	  0.0                	   0.0
CUFF_NC.8588  	      533	 100.0                	  0.0                	   0.0
CUFF_NC.3125  	      533	   0.9380863039399625 	  0.0                	  99.06191369606003
CUFF_NC.2153  	      500	  11.200000000000001  	  0.0                	  88.8
CUFF_NC.8609  	      533	 100.0                	  0.0                	   0.0
CUFF_NC.861   	      533	 100.0                	  0.0                	   0.0
CUFF_NC.8610  	      533	 100.0                	  0.0                	   0.0
CUFF_NC.8611  	      533	 100.0                	  0.0                	   0.0
CUFF_NC.8612  	      533	  97.93621013133207   	  0.0                	   2.0637898686679175
CUFF_NC.8613  	      533	 100.0                	  0.0                	   0.0
CUFF_NC.8614  	      533	 100.0                	  0.0                	   0.0
CUFF_NC.8615  	      533	  99.812382739212     	  0.0                	   0.18761726078799248
CUFF_NC.8616  	      533	 100.0                	  0.0                	   0.0
CUFF_NC.8619  	      533	 100.0                	  0.0                	   0.0
CUFF_NC.862   	      533	 100.0                	  0.0                	   0.0
CUFF_NC.8603  	      533	 100.0                	  0.0                	   0.0
CUFF_NC.8625  	      533	 100.0                	  0.0                	   0.0
CUFF_NC.8626  	      533	  99.812382739212     	  0.0                	   0.18761726078799248
CUFF_NC.10404 	      533	 100.0                	  0.0                	   0.0
CUFF_NC.10406 	      533	 100.0                	  0.0                	   0.0
CUFF_NC.10407 	      533	 100.0                	  0.0                	   0.0
CUFF_NC.10409 	      533	 100.0                	  0.0                	   0.0
CUFF_NC.1041  	      533	   0.0                	  0.0                	 100.0
CUFF_NC.8595  	      533	 100.0                	  0.0                	   0.0
CUFF_NC.8596  	      533	 100.0                	  0.0                	   0.0
CUFF_NC.8597  	      533	 100.0                	  0.0                	   0.0
CUFF_NC.860   	      533	  99.812382739212     	  0.0                	   0.18761726078799248
CUFF_NC.8602  	      533	 100.0                	  0.0                	   0.0
CUFF_NC.8620  	      533	 100.0                	  0.0                	   0.0
CUFF_NC.8578  	      527	  85.38899430740038   	  0.0                	  14.61100569259962
CUFF_NC.8544  	      533	 100.0                	  0.0                	   0.0
CUFF_NC.8545  	      533	 100.0                	  0.0                	   0.0
CUFF_NC.8548  	      533	 100.0                	  0.0                	   0.0
CUFF_NC.10411 	      533	 100.0                	  0.0                	   0.0
CUFF_NC.10412 	      533	  99.812382739212     	  0.0                	   0.18761726078799248
CUFF_NC.10413 	      533	 100.0                	  0.0                	   0.0
CUFF_NC.10414 	      533	 100.0                	  0.0                	   0.0
CUFF_NC.10419 	      533	   0.0                	  0.0                	 100.0
CUFF_NC.1042  	      533	 100.0                	  0.0                	   0.0
CUFF_NC.10420 	      533	 100.0                	  0.0                	   0.0
CUFF_NC.3126  	      533	   1.3133208255159476 	  0.0                	  98.68667917448406
CUFF_NC.8551  	      533	 100.0                	  0.0                	   0.0
CUFF_NC.8556  	      533	 100.0                	  0.0                	   0.0
CUFF_NC.8557  	      533	 100.0                	  0.0                	   0.0
CUFF_NC.8558  	      533	  97.18574108818011   	  0.0                	   2.8142589118198873
CUFF_NC.8559  	      533	 100.0                	  0.0                	   0.0
CUFF_NC.8521  	      533	 100.0                	  0.0                	   0.0
CUFF_NC.8524  	      533	 100.0                	  0.0                	   0.0
CUFF_NC.8528  	      533	 100.0                	  0.0                	   0.0
CUFF_NC.8529  	      533	  99.812382739212     	  0.0                	   0.18761726078799248
CUFF_NC.8530  	      533	 100.0                	  0.0                	   0.0
CUFF_NC.8531  	      530	 100.0                	  0.0                	   0.0
CUFF_NC.8532  	      533	 100.0                	  0.0                	   0.0
CUFF_NC.10423 	      438	  99.31506849315068   	  0.0                	   0.684931506849315
CUFF_NC.3133  	      519	  10.982658959537572  	  0.0                	  89.01734104046243
CUFF_NC.1548  	      533	   3.377110694183865  	  0.0                	  96.62288930581614
CUFF_NC.155   	      533	 100.0                	  0.0                	   0.0
CUFF_NC.3091  	      533	   0.0                	  0.0                	 100.0
CUFF_NC.3094  	      458	   5.676855895196507  	  0.0                	  94.32314410480349
CUFF_NC.3095  	      464	   6.896551724137931  	  0.0                	  93.10344827586206
CUFF_NC.31    	      533	   0.0                	  0.0                	 100.0
CUFF_NC.8589  	      533	 100.0                	  0.0                	   0.0
CUFF_NC.8591  	      533	 100.0                	  0.0                	   0.0
CUFF_NC.8592  	      533	 100.0                	  0.0                	   0.0
CUFF_NC.10399 	      533	 100.0                	  0.0                	   0.0
CUFF_NC.8576  	      533	 100.0                	  0.0                	   0.0
CUFF_NC.856   	      533	 100.0                	  0.0                	   0.0
CUFF_NC.8560  	      533	 100.0                	  0.0                	   0.0
CUFF_NC.8561  	      533	 100.0                	  0.0                	   0.0
CUFF_NC.8562  	      533	 100.0                	  0.0                	   0.0
CUFF_NC.8563  	      533	 100.0                	  0.0                	   0.0
CUFF_NC.8564  	      533	  99.812382739212     	  0.0                	   0.18761726078799248
CUFF_NC.8568  	      533	 100.0                	  0.0                	   0.0
CUFF_NC.8571  	      533	 100.0                	  0.0                	   0.0
CUFF_NC.8572  	      533	  78.23639774859286   	  0.0                	  21.76360225140713
CUFF_NC.8573  	      533	 100.0                	  0.0                	   0.0
CUFF_NC.8574  	      533	 100.0                	  0.0                	   0.0
CUFF_NC.8575  	      533	 100.0                	  0.0                	   0.0
CUFF_NC.2138  	      533	  99.812382739212     	  0.0                	   0.18761726078799248
CUFF_NC.8705  	      533	 100.0                	  0.0                	   0.0
CUFF_NC.8706  	      533	 100.0                	  0.0                	   0.0
CUFF_NC.8707  	      533	 100.0                	  0.0                	   0.0
CUFF_NC.8708  	      533	 100.0                	  0.0                	   0.0
CUFF_NC.871   	      533	  99.812382739212     	  0.0                	   0.18761726078799248
CUFF_NC.8711  	      533	   3.564727954971857  	  0.0                	  96.43527204502814
CUFF_NC.8712  	      533	 100.0                	  0.0                	   0.0
CUFF_NC.8713  	      533	 100.0                	  0.0                	   0.0
CUFF_NC.8686  	      533	 100.0                	  0.0                	   0.0
CUFF_NC.869   	      533	  98.31144465290807   	  0.0                	   1.6885553470919326
CUFF_NC.8690  	      533	 100.0                	  0.0                	   0.0
CUFF_NC.8652  	      533	 100.0                	  0.0                	   0.0
CUFF_NC.8692  	      533	 100.0                	  0.0                	   0.0
CUFF_NC.8697  	      533	 100.0                	  0.0                	   0.0
CUFF_NC.10353 	      533	 100.0                	  0.0                	   0.0
CUFF_NC.10354 	      533	 100.0                	  0.0                	   0.0
CUFF_NC.10357 	      533	  42.21388367729831   	  0.0                	  57.78611632270169
CUFF_NC.1036  	      533	 100.0                	  0.0                	   0.0
CUFF_NC.10361 	      533	 100.0                	  0.0                	   0.0
CUFF_NC.8665  	      533	 100.0                	  0.0                	   0.0
CUFF_NC.8666  	      533	 100.0                	  0.0                	   0.0
CUFF_NC.8667  	      533	 100.0                	  0.0                	   0.0
CUFF_NC.10372 	      473	  99.78858350951374   	  0.0                	   0.21141649048625794
CUFF_NC.10373 	      508	  36.811023622047244  	  0.0                	  63.188976377952756
CUFF_NC.8691  	      533	  99.812382739212     	  0.0                	   0.18761726078799248
CUFF_NC.10348 	      533	 100.0                	  0.0                	   0.0
CUFF_NC.10349 	      533	 100.0                	  0.0                	   0.0
CUFF_NC.1035  	      533	 100.0                	  0.0                	   0.0
CUFF_NC.8742  	      533	 100.0                	  0.0                	   0.0
CUFF_NC.8746  	      533	 100.0                	  0.0                	   0.0
CUFF_NC.2101  	      533	 100.0                	  0.0                	   0.0
CUFF_NC.8716  	      533	 100.0                	  0.0                	   0.0
CUFF_NC.8717  	      533	 100.0                	  0.0                	   0.0
CUFF_NC.8718  	      533	 100.0                	  0.0                	   0.0
CUFF_NC.872   	      533	 100.0                	  0.0                	   0.0
CUFF_NC.8720  	      533	 100.0                	  0.0                	   0.0
CUFF_NC.8704  	      533	 100.0                	  0.0                	   0.0
CUFF_NC.8729  	      533	  99.43714821763602   	  0.0                	   0.5628517823639775
CUFF_NC.873   	      533	 100.0                	  0.0                	   0.0
CUFF_NC.8730  	      533	  13.50844277673546   	  0.0                	  86.49155722326454
CUFF_NC.8731  	      533	 100.0                	  0.0                	   0.0
CUFF_NC.8734  	      533	 100.0                	  0.0                	   0.0
CUFF_NC.8737  	      533	  99.43714821763602   	  0.0                	   0.5628517823639775
CUFF_NC.10362 	      533	 100.0                	  0.0                	   0.0
CUFF_NC.10363 	      533	  99.24953095684803   	  0.0                	   0.7504690431519699
CUFF_NC.8698  	      533	 100.0                	  0.0                	   0.0
CUFF_NC.8699  	      533	 100.0                	  0.0                	   0.0
CUFF_NC.870   	      533	  93.99624765478424   	  0.0                	   6.0037523452157595
CUFF_NC.8703  	      533	 100.0                	  0.0                	   0.0
CUFF_NC.8723  	      533	 100.0                	  0.0                	   0.0
CUFF_NC.212   	      533	 100.0                	  0.0                	   0.0
CUFF_NC.2120  	      533	 100.0                	  0.0                	   0.0
CUFF_NC.2121  	      533	  99.812382739212     	  0.0                	   0.18761726078799248
CUFF_NC.2123  	      525	  98.28571428571429   	  0.0                	   1.7142857142857144
CUFF_NC.2126  	      532	  99.81203007518798   	  0.0                	   0.18796992481203006
CUFF_NC.2127  	      533	  99.812382739212     	  0.0                	   0.18761726078799248
CUFF_NC.2135  	      533	  99.812382739212     	  0.0                	   0.18761726078799248
CUFF_NC.2136  	      533	 100.0                	  0.0                	   0.0
CUFF_NC.2137  	      197	  52.79187817258884   	  0.0                	  47.20812182741117
CUFF_NC.10384 	      533	 100.0                	  0.0                	   0.0
CUFF_NC.8627  	      533	 100.0                	  0.0                	   0.0
CUFF_NC.10376 	      110	  72.72727272727273   	  0.0                	  27.27272727272727
CUFF_NC.863   	      533	  99.62476547842401   	  0.0                	   0.37523452157598497
CUFF_NC.8633  	      533	 100.0                	  0.0                	   0.0
CUFF_NC.8635  	      533	 100.0                	  0.0                	   0.0
CUFF_NC.8636  	      533	 100.0                	  0.0                	   0.0
CUFF_NC.8637  	      533	 100.0                	  0.0                	   0.0
CUFF_NC.8638  	      533	 100.0                	  0.0                	   0.0
CUFF_NC.8639  	      533	 100.0                	  0.0                	   0.0
CUFF_NC.8640  	      533	 100.0                	  0.0                	   0.0
CUFF_NC.8641  	      533	 100.0                	  0.0                	   0.0
CUFF_NC.8645  	      533	 100.0                	  0.0                	   0.0
CUFF_NC.8646  	      533	 100.0                	  0.0                	   0.0
CUFF_NC.8651  	      533	 100.0                	  0.0                	   0.0
CUFF_NC.8628  	      533	 100.0                	  0.0                	   0.0
CUFF_NC.10377 	      533	 100.0                	  0.0                	   0.0
CUFF_NC.1038  	      533	   0.18761726078799248	  0.0                	  99.812382739212
CUFF_NC.8671  	      533	  99.812382739212     	  0.0                	   0.18761726078799248
CUFF_NC.8672  	      533	 100.0                	  0.0                	   0.0
CUFF_NC.8673  	      533	 100.0                	  0.0                	   0.0
CUFF_NC.8674  	      533	   0.18761726078799248	  0.0                	  99.812382739212
CUFF_NC.8678  	      533	 100.0                	  0.0                	   0.0
CUFF_NC.868   	      533	 100.0                	  0.0                	   0.0
CUFF_NC.8680  	      533	  96.81050656660413   	  0.0                	   3.189493433395872
CUFF_NC.1039  	      533	   5.253283302063791  	  0.0                	  94.74671669793621
CUFF_NC.10391 	      533	  99.24953095684803   	  0.0                	   0.7504690431519699
CUFF_NC.2118  	      533	  99.812382739212     	  0.0                	   0.18761726078799248
CUFF_NC.10395 	      533	 100.0                	  0.0                	   0.0
CUFF_NC.10397 	      533	 100.0                	  0.0                	   0.0
CUFF_NC.8655  	      533	 100.0                	  0.0                	   0.0
CUFF_NC.8657  	      533	  98.12382739212008   	  0.0                	   1.876172607879925
CUFF_NC.8658  	      533	  99.812382739212     	  0.0                	   0.18761726078799248
CUFF_NC.8659  	      533	 100.0                	  0.0                	   0.0
CUFF_NC.8660  	      533	 100.0                	  0.0                	   0.0
CUFF_NC.8661  	      533	 100.0                	  0.0                	   0.0
CUFF_NC.8662  	      533	  95.87242026266416   	  0.0                	   4.127579737335835
CUFF_NC.8664  	      533	 100.0                	  0.0                	   0.0
CUFF_NC.10381 	      309	  72.49190938511327   	  0.0                	  27.508090614886733
CUFF_NC.10382 	      533	 100.0                	  0.0                	   0.0
CUFF_NC.10393 	      533	 100.0                	  0.0                	   0.0
CUFF_NC.8418  	      533	 100.0                	  0.0                	   0.0
CUFF_NC.8392  	      533	 100.0                	  0.0                	   0.0
CUFF_NC.8393  	      533	 100.0                	  0.0                	   0.0
CUFF_NC.8394  	      533	 100.0                	  0.0                	   0.0
CUFF_NC.8395  	      533	 100.0                	  0.0                	   0.0
CUFF_NC.8396  	      533	  99.812382739212     	  0.0                	   0.18761726078799248
CUFF_NC.8397  	      533	 100.0                	  0.0                	   0.0
CUFF_NC.8398  	      533	 100.0                	  0.0                	   0.0
CUFF_NC.8399  	      533	 100.0                	  0.0                	   0.0
CUFF_NC.8400  	      533	 100.0                	  0.0                	   0.0
CUFF_NC.8401  	      533	  99.62476547842401   	  0.0                	   0.37523452157598497
CUFF_NC.8533  	      533	  99.812382739212     	  0.0                	   0.18761726078799248
CUFF_NC.10456 	      533	  99.812382739212     	  0.0                	   0.18761726078799248
CUFF_NC.10457 	      533	  98.87429643527204   	  0.0                	   1.125703564727955
CUFF_NC.10481 	      533	 100.0                	  0.0                	   0.0
CUFF_NC.10483 	      533	  99.812382739212     	  0.0                	   0.18761726078799248
CUFF_NC.10484 	      533	 100.0                	  0.0                	   0.0
CUFF_NC.8374  	      533	 100.0                	  0.0                	   0.0
CUFF_NC.8376  	      533	 100.0                	  0.0                	   0.0
CUFF_NC.8379  	      533	 100.0                	  0.0                	   0.0
CUFF_NC.8380  	      533	  99.812382739212     	  0.0                	   0.18761726078799248
CUFF_NC.8383  	      533	  99.62476547842401   	  0.0                	   0.37523452157598497
CUFF_NC.8384  	      533	 100.0                	  0.0                	   0.0
CUFF_NC.8385  	      533	 100.0                	  0.0                	   0.0
CUFF_NC.10455 	      533	 100.0                	  0.0                	   0.0
CUFF_NC.8459  	      479	  10.020876826722338  	  0.0                	  89.97912317327767
CUFF_NC.8421  	      533	 100.0                	  0.0                	   0.0
CUFF_NC.8422  	      533	 100.0                	  0.0                	   0.0
CUFF_NC.8423  	      533	 100.0                	  0.0                	   0.0
CUFF_NC.8424  	      533	  99.62476547842401   	  0.0                	   0.37523452157598497
CUFF_NC.8425  	      533	 100.0                	  0.0                	   0.0
CUFF_NC.8426  	      533	 100.0                	  0.0                	   0.0
CUFF_NC.8427  	      533	  99.812382739212     	  0.0                	   0.18761726078799248
CUFF_NC.8428  	      533	 100.0                	  0.0                	   0.0
CUFF_NC.8429  	      533	 100.0                	  0.0                	   0.0
CUFF_NC.8431  	      533	  99.812382739212     	  0.0                	   0.18761726078799248
CUFF_NC.8416  	      533	 100.0                	  0.0                	   0.0
CUFF_NC.8435  	      533	 100.0                	  0.0                	   0.0
CUFF_NC.8436  	      533	 100.0                	  0.0                	   0.0
CUFF_NC.10461 	      529	 100.0                	  0.0                	   0.0
CUFF_NC.10462 	      533	  99.812382739212     	  0.0                	   0.18761726078799248
CUFF_NC.8402  	      533	 100.0                	  0.0                	   0.0
CUFF_NC.8403  	      533	 100.0                	  0.0                	   0.0
CUFF_NC.841   	      533	 100.0                	  0.0                	   0.0
CUFF_NC.8410  	      533	 100.0                	  0.0                	   0.0
CUFF_NC.8411  	      533	  99.812382739212     	  0.0                	   0.18761726078799248
CUFF_NC.8413  	      533	 100.0                	  0.0                	   0.0
CUFF_NC.8414  	      533	 100.0                	  0.0                	   0.0
CUFF_NC.8415  	      533	 100.0                	  0.0                	   0.0
CUFF_NC.8432  	      533	 100.0                	  0.0                	   0.0
CUFF_NC.2181  	      533	 100.0                	  0.0                	   0.0
CUFF_NC.8354  	      533	  99.812382739212     	  0.0                	   0.18761726078799248
CUFF_NC.8356  	      533	 100.0                	  0.0                	   0.0
CUFF_NC.8357  	      533	 100.0                	  0.0                	   0.0
CUFF_NC.8331  	      533	 100.0                	  0.0                	   0.0
CUFF_NC.8333  	      533	 100.0                	  0.0                	   0.0
CUFF_NC.8334  	      533	 100.0                	  0.0                	   0.0
CUFF_NC.8336  	      533	 100.0                	  0.0                	   0.0
CUFF_NC.8338  	      533	 100.0                	  0.0                	   0.0
CUFF_NC.8340  	      533	 100.0                	  0.0                	   0.0
CUFF_NC.8341  	      533	 100.0                	  0.0                	   0.0
CUFF_NC.8386  	      533	 100.0                	  0.0                	   0.0
CUFF_NC.8343  	      533	  98.68667917448406   	  0.0                	   1.3133208255159476
CUFF_NC.3150  	      528	   0.5681818181818182 	  0.0                	  99.43181818181817
CUFF_NC.3152  	      533	   0.0                	  0.0                	 100.0
CUFF_NC.3153  	      533	   0.0                	  0.0                	 100.0
CUFF_NC.3154  	      533	   0.0                	  0.0                	 100.0
CUFF_NC.3155  	      530	   0.5660377358490566 	  0.0                	  99.43396226415095
CUFF_NC.3156  	      528	   0.946969696969697  	  0.0                	  99.0530303030303
CUFF_NC.2927  	      533	 100.0                	  0.0                	   0.0
CUFF_NC.2929  	      533	 100.0                	  0.0                	   0.0
CUFF_NC.293   	      533	  99.812382739212     	  0.0                	   0.18761726078799248
CUFF_NC.2931  	      533	 100.0                	  0.0                	   0.0
CUFF_NC.2932  	      533	 100.0                	  0.0                	   0.0
CUFF_NC.8342  	      533	  99.812382739212     	  0.0                	   0.18761726078799248
CUFF_NC.8388  	      533	 100.0                	  0.0                	   0.0
CUFF_NC.8389  	      384	  97.91666666666666   	  0.0                	   2.083333333333333
CUFF_NC.839   	      533	 100.0                	  0.0                	   0.0
CUFF_NC.8390  	      533	 100.0                	  0.0                	   0.0
CUFF_NC.8360  	      533	  95.1219512195122    	  0.0                	   4.878048780487805
CUFF_NC.8361  	      533	  93.24577861163228   	  0.0                	   6.75422138836773
CUFF_NC.8364  	      533	 100.0                	  0.0                	   0.0
CUFF_NC.8368  	      533	 100.0                	  0.0                	   0.0
CUFF_NC.8369  	      533	 100.0                	  0.0                	   0.0
CUFF_NC.8371  	      520	  99.42307692307692   	  0.0                	   0.576923076923077
CUFF_NC.10472 	      533	 100.0                	  0.0                	   0.0
CUFF_NC.2180  	      533	 100.0                	  0.0                	   0.0
CUFF_NC.10475 	      533	 100.0                	  0.0                	   0.0
CUFF_NC.10476 	      533	 100.0                	  0.0                	   0.0
CUFF_NC.10477 	      533	 100.0                	  0.0                	   0.0
CUFF_NC.10479 	      533	 100.0                	  0.0                	   0.0
CUFF_NC.2164  	      424	  98.82075471698113   	  0.0                	   1.179245283018868
CUFF_NC.2165  	      533	 100.0                	  0.0                	   0.0
CUFF_NC.2166  	      533	 100.0                	  0.0                	   0.0
CUFF_NC.2167  	      533	 100.0                	  0.0                	   0.0
CUFF_NC.217   	      533	 100.0                	  0.0                	   0.0
CUFF_NC.2170  	      533	 100.0                	  0.0                	   0.0
CUFF_NC.2175  	      533	 100.0                	  0.0                	   0.0
CUFF_NC.2179  	      533	  99.62476547842401   	  0.0                	   0.37523452157598497
CUFF_NC.10474 	      533	  99.812382739212     	  0.0                	   0.18761726078799248
CUFF_NC.10427 	      533	  99.812382739212     	  0.0                	   0.18761726078799248
CUFF_NC.10428 	      516	  99.4186046511628    	  0.0                	   0.5813953488372093
CUFF_NC.10429 	      533	 100.0                	  0.0                	   0.0
CUFF_NC.1043  	      533	 100.0                	  0.0                	   0.0
CUFF_NC.10430 	      385	   8.831168831168831  	  0.0                	  91.16883116883116
CUFF_NC.10433 	      533	 100.0                	  0.0                	   0.0
CUFF_NC.10436 	      533	 100.0                	  0.0                	   0.0
CUFF_NC.8470  	      533	 100.0                	  0.0                	   0.0
CUFF_NC.8476  	      533	  99.812382739212     	  0.0                	   0.18761726078799248
CUFF_NC.8477  	      533	  99.812382739212     	  0.0                	   0.18761726078799248
CUFF_NC.8478  	      533	 100.0                	  0.0                	   0.0
CUFF_NC.8457  	      533	 100.0                	  0.0                	   0.0
CUFF_NC.8483  	      533	 100.0                	  0.0                	   0.0
CUFF_NC.8484  	      533	 100.0                	  0.0                	   0.0
CUFF_NC.8486  	      533	 100.0                	  0.0                	   0.0
CUFF_NC.8487  	      533	 100.0                	  0.0                	   0.0
CUFF_NC.8488  	      533	 100.0                	  0.0                	   0.0
CUFF_NC.8489  	      533	 100.0                	  0.0                	   0.0
CUFF_NC.849   	      533	  99.812382739212     	  0.0                	   0.18761726078799248
CUFF_NC.8490  	      533	 100.0                	  0.0                	   0.0
CUFF_NC.8492  	      533	 100.0                	  0.0                	   0.0
CUFF_NC.10442 	      472	  20.76271186440678   	  0.0                	  79.23728813559322
CUFF_NC.10443 	      533	 100.0                	  0.0                	   0.0
CUFF_NC.10444 	      436	  40.137614678899084  	  0.0                	  59.862385321100916
CUFF_NC.8479  	      533	 100.0                	  0.0                	   0.0
CUFF_NC.8536  	      533	 100.0                	  0.0                	   0.0
CUFF_NC.8538  	      533	 100.0                	  0.0                	   0.0
CUFF_NC.854   	      533	 100.0                	  0.0                	   0.0
CUFF_NC.8542  	      524	  91.6030534351145    	  0.0                	   8.396946564885496
CUFF_NC.8543  	      493	  98.78296146044624   	  0.0                	   1.2170385395537524
CUFF_NC.10437 	      533	 100.0                	  0.0                	   0.0
CUFF_NC.10438 	      533	 100.0                	  0.0                	   0.0
CUFF_NC.10439 	      533	 100.0                	  0.0                	   0.0
CUFF_NC.1044  	      533	 100.0                	  0.0                	   0.0
CUFF_NC.8505  	      523	  15.678776290630974  	  0.0                	  84.32122370936902
CUFF_NC.8509  	      533	  29.831144465290805  	  0.0                	  70.1688555347092
CUFF_NC.8502  	      533	  99.812382739212     	  0.0                	   0.18761726078799248
CUFF_NC.8512  	      533	 100.0                	  0.0                	   0.0
CUFF_NC.8515  	      533	 100.0                	  0.0                	   0.0
CUFF_NC.8516  	      533	 100.0                	  0.0                	   0.0
CUFF_NC.8517  	      533	 100.0                	  0.0                	   0.0
CUFF_NC.8519  	      533	 100.0                	  0.0                	   0.0
CUFF_NC.8520  	      533	 100.0                	  0.0                	   0.0
CUFF_NC.8494  	      533	 100.0                	  0.0                	   0.0
CUFF_NC.8495  	      533	  99.812382739212     	  0.0                	   0.18761726078799248
CUFF_NC.8496  	      533	 100.0                	  0.0                	   0.0
CUFF_NC.8498  	      533	 100.0                	  0.0                	   0.0
CUFF_NC.8499  	      533	 100.0                	  0.0                	   0.0
CUFF_NC.850   	      533	  97.37335834896811   	  0.0                	   2.6266416510318953
CUFF_NC.851   	      459	   6.535947712418301  	  0.0                	  93.4640522875817
CUFF_NC.1811  	      533	 100.0                	  0.0                	   0.0
CUFF_NC.1812  	      533	 100.0                	  0.0                	   0.0
CUFF_NC.1814  	      533	 100.0                	  0.0                	   0.0
CUFF_NC.1815  	      297	  21.548821548821547  	  0.0                	  78.45117845117845
CUFF_NC.1816  	      533	 100.0                	  0.0                	   0.0
CUFF_NC.1817  	      533	  90.43151969981238   	  0.0                	   9.568480300187618
CUFF_NC.1818  	      533	 100.0                	  0.0                	   0.0
CUFF_NC.2156  	      533	 100.0                	  0.0                	   0.0
CUFF_NC.2157  	      533	 100.0                	  0.0                	   0.0
CUFF_NC.216   	      533	 100.0                	  0.0                	   0.0
CUFF_NC.8460  	      533	 100.0                	  0.0                	   0.0
CUFF_NC.10445 	      533	 100.0                	  0.0                	   0.0
CUFF_NC.8437  	      533	 100.0                	  0.0                	   0.0
CUFF_NC.8438  	      533	  99.62476547842401   	  0.0                	   0.37523452157598497
CUFF_NC.8439  	      533	  99.812382739212     	  0.0                	   0.18761726078799248
CUFF_NC.8440  	      533	 100.0                	  0.0                	   0.0
CUFF_NC.8441  	      533	 100.0                	  0.0                	   0.0
CUFF_NC.8442  	      533	 100.0                	  0.0                	   0.0
CUFF_NC.8445  	      533	 100.0                	  0.0                	   0.0
CUFF_NC.845   	      533	 100.0                	  0.0                	   0.0
CUFF_NC.8452  	      533	 100.0                	  0.0                	   0.0
CUFF_NC.8453  	      532	   6.203007518796992  	  0.0                	  93.796992481203
CUFF_NC.8455  	      533	 100.0                	  0.0                	   0.0
CUFF_NC.8456  	      532	 100.0                	  0.0                	   0.0
CUFF_NC.10441 	      533	   0.0                	  0.0                	 100.0
CUFF_NC.10446 	      533	 100.0                	  0.0                	   0.0
CUFF_NC.10448 	      533	 100.0                	  0.0                	   0.0
CUFF_NC.2938  	      533	 100.0                	  0.0                	   0.0
CUFF_NC.2940  	      533	 100.0                	  0.0                	   0.0
CUFF_NC.2941  	      533	  99.43714821763602   	  0.0                	   0.5628517823639775
CUFF_NC.3134  	      533	  23.452157598499063  	  0.0                	  76.54784240150094
CUFF_NC.3136  	      500	  15.8                	  0.0                	  84.2
CUFF_NC.3113  	      533	 100.0                	  0.0                	   0.0
CUFF_NC.3114  	      533	   0.0                	  0.0                	 100.0
CUFF_NC.3115  	      532	   1.3157894736842104 	  0.0                	  98.68421052631578
CUFF_NC.3116  	      532	   0.0                	  0.0                	 100.0
CUFF_NC.3118  	      527	   0.5692599620493358 	  0.0                	  99.43074003795066
CUFF_NC.1810  	      533	 100.0                	  0.0                	   0.0
CUFF_NC.3120  	      533	 100.0                	  0.0                	   0.0
CUFF_NC.3121  	      533	   7.6923076923076925 	  0.0                	  92.3076923076923
CUFF_NC.3122  	      527	   3.795066413662239  	  0.0                	  96.20493358633776
CUFF_NC.10452 	      533	  99.43714821763602   	  0.0                	   0.5628517823639775
CUFF_NC.8462  	      533	 100.0                	  0.0                	   0.0
CUFF_NC.8466  	      533	 100.0                	  0.0                	   0.0
CUFF_NC.8467  	      526	  32.69961977186312   	  0.0                	  67.30038022813687
CUFF_NC.8468  	      533	 100.0                	  0.0                	   0.0
CUFF_NC.8469  	      533	 100.0                	  0.0                	   0.0
CUFF_NC.847   	      441	  99.09297052154194   	  0.0                	   0.9070294784580499
CUFF_NC.1809  	      533	  99.812382739212     	  0.0                	   0.18761726078799248
CUFF_NC.181   	      533	 100.0                	  0.0                	   0.0
CUFF_NC.3119  	      533	 100.0                	  0.0                	   0.0
CUFF_NC.8994  	      533	   0.18761726078799248	  0.0                	  99.812382739212
CUFF_NC.8995  	      533	 100.0                	  0.0                	   0.0
CUFF_NC.8996  	      533	 100.0                	  0.0                	   0.0
CUFF_NC.8997  	      533	 100.0                	  0.0                	   0.0
CUFF_NC.8998  	      533	 100.0                	  0.0                	   0.0
CUFF_NC.8999  	      533	 100.0                	  0.0                	   0.0
CUFF_NC.9     	      533	 100.0                	  0.0                	   0.0
CUFF_NC.900   	      533	  99.812382739212     	  0.0                	   0.18761726078799248
CUFF_NC.9001  	      533	  99.62476547842401   	  0.0                	   0.37523452157598497
CUFF_NC.9002  	      533	 100.0                	  0.0                	   0.0
CUFF_NC.9005  	      429	  98.83449883449883   	  0.0                	   1.1655011655011656
CUFF_NC.10343 	      533	 100.0                	  0.0                	   0.0
CUFF_NC.901   	      533	 100.0                	  0.0                	   0.0
CUFF_NC.10280 	      533	  91.74484052532833   	  0.0                	   8.25515947467167
CUFF_NC.10281 	      533	  91.74484052532833   	  0.0                	   8.25515947467167
CUFF_NC.10282 	      533	 100.0                	  0.0                	   0.0
CUFF_NC.10286 	      533	 100.0                	  0.0                	   0.0
CUFF_NC.10288 	      513	  99.41520467836257   	  0.0                	   0.5847953216374269
CUFF_NC.8977  	      533	 100.0                	  0.0                	   0.0
CUFF_NC.8978  	      533	 100.0                	  0.0                	   0.0
CUFF_NC.1540  	      533	   5.628517823639775  	  0.0                	  94.37148217636022
CUFF_NC.1542  	      533	   4.878048780487805  	  0.0                	  95.1219512195122
CUFF_NC.1543  	      533	 100.0                	  0.0                	   0.0
CUFF_NC.1544  	      529	  11.720226843100189  	  0.0                	  88.27977315689981
CUFF_NC.9007  	      521	  99.42418426103646   	  0.0                	   0.5758157389635317
CUFF_NC.905   	      533	   9.943714821763603  	  0.0                	  90.0562851782364
CUFF_NC.9051  	      533	 100.0                	  0.0                	   0.0
CUFF_NC.1844  	      533	 100.0                	  0.0                	   0.0
CUFF_NC.1845  	      524	   0.38167938931297707	  0.0                	  99.61832061068702
CUFF_NC.1849  	      533	 100.0                	  0.0                	   0.0
CUFF_NC.1851  	      533	  99.812382739212     	  0.0                	   0.18761726078799248
CUFF_NC.1853  	      533	 100.0                	  0.0                	   0.0
CUFF_NC.2067  	      533	 100.0                	  0.0                	   0.0
CUFF_NC.9031  	      531	  99.62335216572504   	  0.0                	   0.3766478342749529
CUFF_NC.1026  	      533	 100.0                	  0.0                	   0.0
CUFF_NC.9012  	      533	  99.812382739212     	  0.0                	   0.18761726078799248
CUFF_NC.8993  	      533	 100.0                	  0.0                	   0.0
CUFF_NC.9015  	      533	 100.0                	  0.0                	   0.0
CUFF_NC.9018  	      533	 100.0                	  0.0                	   0.0
CUFF_NC.9019  	      533	 100.0                	  0.0                	   0.0
CUFF_NC.902   	      533	 100.0                	  0.0                	   0.0
CUFF_NC.9020  	      533	 100.0                	  0.0                	   0.0
CUFF_NC.9021  	      533	 100.0                	  0.0                	   0.0
CUFF_NC.9022  	      533	 100.0                	  0.0                	   0.0
CUFF_NC.9023  	      533	  99.43714821763602   	  0.0                	   0.5628517823639775
CUFF_NC.9024  	      533	 100.0                	  0.0                	   0.0
CUFF_NC.9026  	      533	  99.06191369606003   	  0.0                	   0.9380863039399625
CUFF_NC.9027  	      533	 100.0                	  0.0                	   0.0
CUFF_NC.9029  	      533	 100.0                	  0.0                	   0.0
CUFF_NC.9014  	      533	 100.0                	  0.0                	   0.0
CUFF_NC.10277 	      533	 100.0                	  0.0                	   0.0
CUFF_NC.10278 	      522	  99.04214559386973   	  0.0                	   0.9578544061302682
CUFF_NC.8952  	      533	 100.0                	  0.0                	   0.0
CUFF_NC.2072  	      533	 100.0                	  0.0                	   0.0
CUFF_NC.2077  	      533	 100.0                	  0.0                	   0.0
CUFF_NC.2078  	      533	 100.0                	  0.0                	   0.0
CUFF_NC.208   	      533	 100.0                	  0.0                	   0.0
CUFF_NC.2083  	      533	 100.0                	  0.0                	   0.0
CUFF_NC.2089  	      533	 100.0                	  0.0                	   0.0
CUFF_NC.209   	      533	  99.62476547842401   	  0.0                	   0.37523452157598497
CUFF_NC.8953  	      533	 100.0                	  0.0                	   0.0
CUFF_NC.1546  	      532	   0.0                	  0.0                	 100.0
CUFF_NC.8955  	      531	  96.42184557438794   	  0.0                	   3.5781544256120528
CUFF_NC.8943  	      533	 100.0                	  0.0                	   0.0
CUFF_NC.8944  	      533	 100.0                	  0.0                	   0.0
CUFF_NC.8945  	      533	 100.0                	  0.0                	   0.0
CUFF_NC.1029  	      533	 100.0                	  0.0                	   0.0
CUFF_NC.10290 	      487	  14.784394250513348  	  0.0                	  85.21560574948666
CUFF_NC.10291 	      407	  26.78132678132678   	  0.0                	  73.21867321867322
CUFF_NC.10293 	      284	  51.056338028169016  	  0.0                	  48.943661971830984
CUFF_NC.10297 	      533	  98.68667917448406   	  0.0                	   1.3133208255159476
CUFF_NC.10298 	      533	  97.18574108818011   	  0.0                	   2.8142589118198873
CUFF_NC.103   	      533	 100.0                	  0.0                	   0.0
CUFF_NC.8947  	      533	 100.0                	  0.0                	   0.0
CUFF_NC.8954  	      533	 100.0                	  0.0                	   0.0
CUFF_NC.3064  	      533	 100.0                	  0.0                	   0.0
CUFF_NC.3065  	      533	   0.18761726078799248	  0.0                	  99.812382739212
CUFF_NC.3069  	      377	  89.65517241379311   	  0.0                	  10.344827586206897
CUFF_NC.3070  	      533	   0.0                	  0.0                	 100.0
CUFF_NC.3074  	      533	 100.0                	  0.0                	   0.0
CUFF_NC.3075  	      532	   0.0                	  0.0                	 100.0
CUFF_NC.3076  	      532	   0.37593984962406013	  0.0                	  99.62406015037594
CUFF_NC.3077  	      522	   1.9157088122605364 	  0.0                	  98.08429118773945
CUFF_NC.8982  	      533	 100.0                	  0.0                	   0.0
CUFF_NC.8984  	      533	 100.0                	  0.0                	   0.0
CUFF_NC.8987  	      533	  99.812382739212     	  0.0                	   0.18761726078799248
CUFF_NC.10276 	      530	   7.9245283018867925 	  0.0                	  92.0754716981132
CUFF_NC.8990  	      533	 100.0                	  0.0                	   0.0
CUFF_NC.8992  	      533	   0.0                	  0.0                	 100.0
CUFF_NC.8956  	      533	  98.87429643527204   	  0.0                	   1.125703564727955
CUFF_NC.8957  	      531	 100.0                	  0.0                	   0.0
CUFF_NC.8961  	      533	 100.0                	  0.0                	   0.0
CUFF_NC.8962  	      533	 100.0                	  0.0                	   0.0
CUFF_NC.8965  	      533	  99.812382739212     	  0.0                	   0.18761726078799248
CUFF_NC.8966  	      533	  99.06191369606003   	  0.0                	   0.9380863039399625
CUFF_NC.8969  	      533	 100.0                	  0.0                	   0.0
CUFF_NC.897   	      533	 100.0                	  0.0                	   0.0
CUFF_NC.8974  	      533	 100.0                	  0.0                	   0.0
CUFF_NC.10275 	      421	  99.04988123515439   	  0.0                	   0.9501187648456058
CUFF_NC.8989  	      533	 100.0                	  0.0                	   0.0
CUFF_NC.10228 	      532	  16.917293233082706  	  0.0                	  83.0827067669173
CUFF_NC.10231 	      487	  43.94250513347023   	  0.0                	  56.05749486652978
CUFF_NC.10236 	      533	  98.68667917448406   	  0.0                	   1.3133208255159476
CUFF_NC.9088  	      532	  99.43609022556392   	  0.0                	   0.5639097744360901
CUFF_NC.9092  	      533	 100.0                	  0.0                	   0.0
CUFF_NC.9094  	      533	 100.0                	  0.0                	   0.0
CUFF_NC.9095  	      533	 100.0                	  0.0                	   0.0
CUFF_NC.9096  	      533	 100.0                	  0.0                	   0.0
CUFF_NC.91    	      533	 100.0                	  0.0                	   0.0
CUFF_NC.9100  	      533	 100.0                	  0.0                	   0.0
CUFF_NC.9101  	      533	 100.0                	  0.0                	   0.0
CUFF_NC.9049  	      533	  99.62476547842401   	  0.0                	   0.37523452157598497
CUFF_NC.9103  	      531	  96.42184557438794   	  0.0                	   3.5781544256120528
CUFF_NC.9105  	      533	 100.0                	  0.0                	   0.0
CUFF_NC.9106  	      533	  99.812382739212     	  0.0                	   0.18761726078799248
CUFF_NC.9109  	      533	 100.0                	  0.0                	   0.0
CUFF_NC.9111  	      533	 100.0                	  0.0                	   0.0
CUFF_NC.2044  	      533	  99.62476547842401   	  0.0                	   0.37523452157598497
CUFF_NC.2047  	      533	  81.23827392120076   	  0.0                	  18.76172607879925
CUFF_NC.2050  	      397	  91.43576826196474   	  0.0                	   8.564231738035264
CUFF_NC.2051  	      533	 100.0                	  0.0                	   0.0
CUFF_NC.2055  	      533	 100.0                	  0.0                	   0.0
CUFF_NC.3079  	      529	   1.1342155009451798 	  0.0                	  98.86578449905483
CUFF_NC.308   	      533	 100.0                	  0.0                	   0.0
CUFF_NC.9102  	      533	 100.0                	  0.0                	   0.0
CUFF_NC.9156  	      533	 100.0                	  0.0                	   0.0
CUFF_NC.9157  	      533	 100.0                	  0.0                	   0.0
CUFF_NC.9159  	      533	 100.0                	  0.0                	   0.0
CUFF_NC.10241 	      479	  51.56576200417536   	  0.0                	  48.43423799582464
CUFF_NC.9121  	      533	  99.62476547842401   	  0.0                	   0.37523452157598497
CUFF_NC.9122  	      533	 100.0                	  0.0                	   0.0
CUFF_NC.9126  	      533	  85.17823639774859   	  0.0                	  14.821763602251407
CUFF_NC.9129  	      533	 100.0                	  0.0                	   0.0
CUFF_NC.9131  	      533	 100.0                	  0.0                	   0.0
CUFF_NC.9132  	      533	 100.0                	  0.0                	   0.0
CUFF_NC.9133  	      533	 100.0                	  0.0                	   0.0
CUFF_NC.10227 	      532	  17.857142857142858  	  0.0                	  82.14285714285714
CUFF_NC.9139  	      533	 100.0                	  0.0                	   0.0
CUFF_NC.914   	      533	 100.0                	  0.0                	   0.0
CUFF_NC.9140  	      533	  56.47279549718574   	  0.0                	  43.52720450281426
CUFF_NC.9141  	      533	 100.0                	  0.0                	   0.0
CUFF_NC.9112  	      533	 100.0                	  0.0                	   0.0
CUFF_NC.9114  	      533	 100.0                	  0.0                	   0.0
CUFF_NC.9115  	      533	 100.0                	  0.0                	   0.0
CUFF_NC.9116  	      533	 100.0                	  0.0                	   0.0
CUFF_NC.9117  	      533	  99.812382739212     	  0.0                	   0.18761726078799248
CUFF_NC.9119  	      533	  99.812382739212     	  0.0                	   0.18761726078799248
CUFF_NC.912   	      533	 100.0                	  0.0                	   0.0
CUFF_NC.9120  	      533	 100.0                	  0.0                	   0.0
CUFF_NC.9136  	      533	 100.0                	  0.0                	   0.0
CUFF_NC.10257 	      532	  97.55639097744361   	  0.0                	   2.443609022556391
CUFF_NC.908   	      533	 100.0                	  0.0                	   0.0
CUFF_NC.9053  	      533	 100.0                	  0.0                	   0.0
CUFF_NC.9054  	      533	 100.0                	  0.0                	   0.0
CUFF_NC.9055  	      533	 100.0                	  0.0                	   0.0
CUFF_NC.9056  	      533	 100.0                	  0.0                	   0.0
CUFF_NC.9057  	      533	 100.0                	  0.0                	   0.0
CUFF_NC.9059  	      533	 100.0                	  0.0                	   0.0
CUFF_NC.906   	      533	 100.0                	  0.0                	   0.0
CUFF_NC.9060  	      533	 100.0                	  0.0                	   0.0
CUFF_NC.9064  	      533	 100.0                	  0.0                	   0.0
CUFF_NC.3080  	      533	   0.0                	  0.0                	 100.0
CUFF_NC.9066  	      533	  95.87242026266416   	  0.0                	   4.127579737335835
CUFF_NC.9068  	      533	 100.0                	  0.0                	   0.0
CUFF_NC.9069  	      533	 100.0                	  0.0                	   0.0
CUFF_NC.9070  	      533	 100.0                	  0.0                	   0.0
CUFF_NC.9071  	      533	 100.0                	  0.0                	   0.0
CUFF_NC.9036  	      533	 100.0                	  0.0                	   0.0
CUFF_NC.9038  	      533	 100.0                	  0.0                	   0.0
CUFF_NC.9039  	      533	 100.0                	  0.0                	   0.0
CUFF_NC.904   	      524	  98.47328244274809   	  0.0                	   1.5267175572519083
CUFF_NC.9040  	      533	 100.0                	  0.0                	   0.0
CUFF_NC.9043  	      488	   9.426229508196721  	  0.0                	  90.57377049180327
CUFF_NC.9045  	      533	 100.0                	  0.0                	   0.0
CUFF_NC.9065  	      533	 100.0                	  0.0                	   0.0
CUFF_NC.1569  	      530	   0.5660377358490566 	  0.0                	  99.43396226415095
CUFF_NC.3037  	      532	   1.3157894736842104 	  0.0                	  98.68421052631578
CUFF_NC.3044  	      533	   0.18761726078799248	  0.0                	  99.812382739212
CUFF_NC.3048  	      530	   9.433962264150944  	  0.0                	  90.56603773584906
CUFF_NC.3049  	      533	 100.0                	  0.0                	   0.0
CUFF_NC.3052  	      533	  11.819887429643527  	  0.0                	  88.18011257035647
CUFF_NC.3053  	      528	   1.1363636363636365 	  0.0                	  98.86363636363636
CUFF_NC.3056  	      533	   0.18761726078799248	  0.0                	  99.812382739212
CUFF_NC.2058  	      533	  98.31144465290807   	  0.0                	   1.6885553470919326
CUFF_NC.2059  	      533	 100.0                	  0.0                	   0.0
CUFF_NC.2061  	      533	  99.06191369606003   	  0.0                	   0.9380863039399625
CUFF_NC.10255 	      533	  99.24953095684803   	  0.0                	   0.7504690431519699
CUFF_NC.9087  	      533	 100.0                	  0.0                	   0.0
CUFF_NC.9072  	      533	 100.0                	  0.0                	   0.0
CUFF_NC.9073  	      533	 100.0                	  0.0                	   0.0
CUFF_NC.9077  	      533	  99.812382739212     	  0.0                	   0.18761726078799248
CUFF_NC.9078  	      533	  99.812382739212     	  0.0                	   0.18761726078799248
CUFF_NC.10244 	      532	   9.210526315789473  	  0.0                	  90.78947368421053
CUFF_NC.10245 	      495	  16.161616161616163  	  0.0                	  83.83838383838383
CUFF_NC.10248 	      533	  99.812382739212     	  0.0                	   0.18761726078799248
CUFF_NC.10249 	      533	 100.0                	  0.0                	   0.0
CUFF_NC.1025  	      338	   4.142011834319527  	  0.0                	  95.85798816568047
CUFF_NC.10250 	      533	 100.0                	  0.0                	   0.0
CUFF_NC.10253 	      533	   0.18761726078799248	  0.0                	  99.812382739212
CUFF_NC.9081  	      533	 100.0                	  0.0                	   0.0
CUFF_NC.8806  	      533	 100.0                	  0.0                	   0.0
CUFF_NC.8808  	      533	 100.0                	  0.0                	   0.0
CUFF_NC.8812  	      533	 100.0                	  0.0                	   0.0
CUFF_NC.8787  	      533	  98.49906191369607   	  0.0                	   1.5009380863039399
CUFF_NC.8788  	      533	  99.06191369606003   	  0.0                	   0.9380863039399625
CUFF_NC.8790  	      533	 100.0                	  0.0                	   0.0
CUFF_NC.8793  	      533	  99.812382739212     	  0.0                	   0.18761726078799248
CUFF_NC.8794  	      533	 100.0                	  0.0                	   0.0
CUFF_NC.310   	      533	 100.0                	  0.0                	   0.0
CUFF_NC.3102  	      532	   2.2556390977443606 	  0.0                	  97.74436090225564
CUFF_NC.3103  	      532	   0.7518796992481203 	  0.0                	  99.24812030075188
CUFF_NC.8949  	      533	 100.0                	  0.0                	   0.0
CUFF_NC.3086  	      533	   1.5009380863039399 	  0.0                	  98.49906191369607
CUFF_NC.3087  	      533	   5.628517823639775  	  0.0                	  94.37148217636022
CUFF_NC.3090  	      352	  39.77272727272727   	  0.0                	  60.22727272727273
CUFF_NC.1537  	      531	  87.00564971751412   	  0.0                	  12.994350282485875
CUFF_NC.1538  	      533	  99.06191369606003   	  0.0                	   0.9380863039399625
CUFF_NC.1539  	      533	  99.812382739212     	  0.0                	   0.18761726078799248
CUFF_NC.154   	      533	  99.43714821763602   	  0.0                	   0.5628517823639775
CUFF_NC.8795  	      533	 100.0                	  0.0                	   0.0
CUFF_NC.8796  	      533	  99.812382739212     	  0.0                	   0.18761726078799248
CUFF_NC.10320 	      504	  56.74603174603175   	  0.0                	  43.25396825396825
CUFF_NC.10321 	      533	 100.0                	  0.0                	   0.0
CUFF_NC.10323 	      533	 100.0                	  0.0                	   0.0
CUFF_NC.3110  	      380	   7.105263157894736  	  0.0                	  92.89473684210526
CUFF_NC.8814  	      533	 100.0                	  0.0                	   0.0
CUFF_NC.8816  	      533	 100.0                	  0.0                	   0.0
CUFF_NC.8817  	      533	 100.0                	  0.0                	   0.0
CUFF_NC.8819  	      533	 100.0                	  0.0                	   0.0
CUFF_NC.882   	      533	 100.0                	  0.0                	   0.0
CUFF_NC.8820  	      533	  99.812382739212     	  0.0                	   0.18761726078799248
CUFF_NC.8821  	      533	 100.0                	  0.0                	   0.0
CUFF_NC.8822  	      533	 100.0                	  0.0                	   0.0
CUFF_NC.8823  	      533	 100.0                	  0.0                	   0.0
CUFF_NC.8828  	      533	 100.0                	  0.0                	   0.0
CUFF_NC.883   	      533	 100.0                	  0.0                	   0.0
CUFF_NC.8804  	      533	 100.0                	  0.0                	   0.0
CUFF_NC.8834  	      533	 100.0                	  0.0                	   0.0
CUFF_NC.8835  	      533	 100.0                	  0.0                	   0.0
CUFF_NC.10327 	      533	 100.0                	  0.0                	   0.0
CUFF_NC.10328 	      532	 100.0                	  0.0                	   0.0
CUFF_NC.10329 	      533	  99.62476547842401   	  0.0                	   0.37523452157598497
CUFF_NC.10331 	      533	 100.0                	  0.0                	   0.0
CUFF_NC.10332 	      533	 100.0                	  0.0                	   0.0
CUFF_NC.10333 	      524	   0.5725190839694656 	  0.0                	  99.42748091603053
CUFF_NC.10334 	      533	  99.812382739212     	  0.0                	   0.18761726078799248
CUFF_NC.8799  	      533	  99.812382739212     	  0.0                	   0.18761726078799248
CUFF_NC.88    	      533	 100.0                	  0.0                	   0.0
CUFF_NC.880   	      533	 100.0                	  0.0                	   0.0
CUFF_NC.8830  	      533	 100.0                	  0.0                	   0.0
CUFF_NC.8761  	      533	 100.0                	  0.0                	   0.0
CUFF_NC.8766  	      533	  99.812382739212     	  0.0                	   0.18761726078799248
CUFF_NC.2102  	      533	 100.0                	  0.0                	   0.0
CUFF_NC.2104  	      533	   0.7504690431519699 	  0.0                	  99.24953095684803
CUFF_NC.2105  	      533	   1.5009380863039399 	  0.0                	  98.49906191369607
CUFF_NC.2106  	      533	   0.9380863039399625 	  0.0                	  99.06191369606003
CUFF_NC.2107  	      533	 100.0                	  0.0                	   0.0
CUFF_NC.2108  	      523	   5.353728489483748  	  0.0                	  94.64627151051626
CUFF_NC.211   	      533	 100.0                	  0.0                	   0.0
CUFF_NC.2110  	      533	  99.812382739212     	  0.0                	   0.18761726078799248
CUFF_NC.2111  	      533	  99.812382739212     	  0.0                	   0.18761726078799248
CUFF_NC.10325 	      508	  94.48818897637796   	  0.0                	   5.511811023622047
CUFF_NC.2115  	      533	  99.812382739212     	  0.0                	   0.18761726078799248
CUFF_NC.2117  	      382	  25.13089005235602   	  0.0                	  74.86910994764398
CUFF_NC.8747  	      533	 100.0                	  0.0                	   0.0
CUFF_NC.8748  	      533	 100.0                	  0.0                	   0.0
CUFF_NC.8738  	      533	 100.0                	  0.0                	   0.0
CUFF_NC.8739  	      533	 100.0                	  0.0                	   0.0
CUFF_NC.874   	      533	 100.0                	  0.0                	   0.0
CUFF_NC.8740  	      533	 100.0                	  0.0                	   0.0
CUFF_NC.10336 	      533	  83.86491557223265   	  0.0                	  16.135084427767353
CUFF_NC.10338 	      533	  76.36022514071294   	  0.0                	  23.639774859287055
CUFF_NC.10340 	      533	  99.43714821763602   	  0.0                	   0.5628517823639775
CUFF_NC.10341 	      533	 100.0                	  0.0                	   0.0
CUFF_NC.2112  	      533	 100.0                	  0.0                	   0.0
CUFF_NC.8769  	      533	 100.0                	  0.0                	   0.0
CUFF_NC.8771  	      533	 100.0                	  0.0                	   0.0
CUFF_NC.8772  	      533	 100.0                	  0.0                	   0.0
CUFF_NC.8773  	      533	  98.31144465290807   	  0.0                	   1.6885553470919326
CUFF_NC.8774  	      533	 100.0                	  0.0                	   0.0
CUFF_NC.8775  	      533	 100.0                	  0.0                	   0.0
CUFF_NC.8776  	      533	 100.0                	  0.0                	   0.0
CUFF_NC.8778  	      533	 100.0                	  0.0                	   0.0
CUFF_NC.8779  	      533	 100.0                	  0.0                	   0.0
CUFF_NC.878   	      533	 100.0                	  0.0                	   0.0
CUFF_NC.8780  	      533	 100.0                	  0.0                	   0.0
CUFF_NC.8760  	      533	 100.0                	  0.0                	   0.0
CUFF_NC.8782  	      533	  85.74108818011257   	  0.0                	  14.258911819887429
CUFF_NC.8783  	      533	 100.0                	  0.0                	   0.0
CUFF_NC.8784  	      533	 100.0                	  0.0                	   0.0
CUFF_NC.8786  	      533	 100.0                	  0.0                	   0.0
CUFF_NC.8751  	      533	 100.0                	  0.0                	   0.0
CUFF_NC.8752  	      533	 100.0                	  0.0                	   0.0
CUFF_NC.8753  	      533	  99.62476547842401   	  0.0                	   0.37523452157598497
CUFF_NC.8755  	      533	 100.0                	  0.0                	   0.0
CUFF_NC.8757  	      533	 100.0                	  0.0                	   0.0
CUFF_NC.8758  	      533	 100.0                	  0.0                	   0.0
CUFF_NC.8759  	      533	 100.0                	  0.0                	   0.0
CUFF_NC.876   	      533	 100.0                	  0.0                	   0.0
CUFF_NC.8781  	      533	 100.0                	  0.0                	   0.0
CUFF_NC.8914  	      533	 100.0                	  0.0                	   0.0
CUFF_NC.8915  	      533	 100.0                	  0.0                	   0.0
CUFF_NC.8916  	      533	 100.0                	  0.0                	   0.0
CUFF_NC.8918  	      533	 100.0                	  0.0                	   0.0
CUFF_NC.8919  	      533	   8.630393996247655  	  0.0                	  91.36960600375235
CUFF_NC.892   	      533	 100.0                	  0.0                	   0.0
CUFF_NC.8886  	      533	 100.0                	  0.0                	   0.0
CUFF_NC.8887  	      533	  99.812382739212     	  0.0                	   0.18761726078799248
CUFF_NC.8888  	      533	 100.0                	  0.0                	   0.0
CUFF_NC.889   	      533	 100.0                	  0.0                	   0.0
CUFF_NC.8890  	      533	 100.0                	  0.0                	   0.0
CUFF_NC.8852  	      533	  99.812382739212     	  0.0                	   0.18761726078799248
CUFF_NC.8892  	      533	 100.0                	  0.0                	   0.0
CUFF_NC.8894  	      533	 100.0                	  0.0                	   0.0
CUFF_NC.8895  	      532	   0.37593984962406013	  0.0                	  99.62406015037594
CUFF_NC.8896  	      533	 100.0                	  0.0                	   0.0
CUFF_NC.8897  	      533	 100.0                	  0.0                	   0.0
CUFF_NC.8898  	      533	 100.0                	  0.0                	   0.0
CUFF_NC.8899  	      533	 100.0                	  0.0                	   0.0
CUFF_NC.89    	      533	  90.61913696060037   	  0.0                	   9.380863039399625
CUFF_NC.890   	      533	 100.0                	  0.0                	   0.0
CUFF_NC.8902  	      533	 100.0                	  0.0                	   0.0
CUFF_NC.10311 	      533	 100.0                	  0.0                	   0.0
CUFF_NC.10312 	      533	 100.0                	  0.0                	   0.0
CUFF_NC.8891  	      533	 100.0                	  0.0                	   0.0
CUFF_NC.895   	      500	   6.800000000000001  	  0.0                	  93.2
CUFF_NC.8950  	      533	 100.0                	  0.0                	   0.0
CUFF_NC.8920  	      533	 100.0                	  0.0                	   0.0
CUFF_NC.8921  	      533	 100.0                	  0.0                	   0.0
CUFF_NC.8926  	      533	 100.0                	  0.0                	   0.0
CUFF_NC.8930  	      533	 100.0                	  0.0                	   0.0
CUFF_NC.8931  	      533	 100.0                	  0.0                	   0.0
CUFF_NC.8932  	      533	 100.0                	  0.0                	   0.0
CUFF_NC.8933  	      533	 100.0                	  0.0                	   0.0
CUFF_NC.8934  	      533	 100.0                	  0.0                	   0.0
CUFF_NC.8935  	      533	 100.0                	  0.0                	   0.0
CUFF_NC.8913  	      533	 100.0                	  0.0                	   0.0
CUFF_NC.8939  	      533	 100.0                	  0.0                	   0.0
CUFF_NC.8940  	      533	 100.0                	  0.0                	   0.0
CUFF_NC.8941  	      533	 100.0                	  0.0                	   0.0
CUFF_NC.8942  	      533	 100.0                	  0.0                	   0.0
CUFF_NC.8904  	      533	  99.812382739212     	  0.0                	   0.18761726078799248
CUFF_NC.8906  	      518	   1.5444015444015444 	  0.0                	  98.45559845559846
CUFF_NC.8908  	      533	 100.0                	  0.0                	   0.0
CUFF_NC.8909  	      533	 100.0                	  0.0                	   0.0
CUFF_NC.891   	      533	 100.0                	  0.0                	   0.0
CUFF_NC.8910  	      533	 100.0                	  0.0                	   0.0
CUFF_NC.8911  	      533	 100.0                	  0.0                	   0.0
CUFF_NC.8912  	      533	 100.0                	  0.0                	   0.0
CUFF_NC.8938  	      533	 100.0                	  0.0                	   0.0
CUFF_NC.8855  	      533	 100.0                	  0.0                	   0.0
CUFF_NC.8856  	      533	 100.0                	  0.0                	   0.0
CUFF_NC.8858  	      533	  99.812382739212     	  0.0                	   0.18761726078799248
CUFF_NC.886   	      533	 100.0                	  0.0                	   0.0
CUFF_NC.8861  	      533	 100.0                	  0.0                	   0.0
CUFF_NC.8863  	      533	  99.812382739212     	  0.0                	   0.18761726078799248
CUFF_NC.8864  	      533	  97.93621013133207   	  0.0                	   2.0637898686679175
CUFF_NC.8865  	      533	 100.0                	  0.0                	   0.0
CUFF_NC.8866  	      533	 100.0                	  0.0                	   0.0
CUFF_NC.8867  	      533	 100.0                	  0.0                	   0.0
CUFF_NC.8868  	      533	 100.0                	  0.0                	   0.0
CUFF_NC.10314 	      533	  99.43714821763602   	  0.0                	   0.5628517823639775
CUFF_NC.8871  	      533	 100.0                	  0.0                	   0.0
CUFF_NC.8836  	      533	 100.0                	  0.0                	   0.0
CUFF_NC.8837  	      533	  99.62476547842401   	  0.0                	   0.37523452157598497
CUFF_NC.8838  	      533	 100.0                	  0.0                	   0.0
CUFF_NC.8840  	      533	 100.0                	  0.0                	   0.0
CUFF_NC.8844  	      533	 100.0                	  0.0                	   0.0
CUFF_NC.8846  	      533	 100.0                	  0.0                	   0.0
CUFF_NC.8847  	      532	 100.0                	  0.0                	   0.0
CUFF_NC.8848  	      533	 100.0                	  0.0                	   0.0
CUFF_NC.885   	      533	 100.0                	  0.0                	   0.0
CUFF_NC.8850  	      507	  99.40828402366864   	  0.0                	   0.591715976331361
CUFF_NC.8851  	      533	 100.0                	  0.0                	   0.0
CUFF_NC.887   	      533	 100.0                	  0.0                	   0.0
CUFF_NC.10316 	      533	 100.0                	  0.0                	   0.0
CUFF_NC.1032  	      533	  87.8048780487805    	  0.0                	  12.195121951219512
CUFF_NC.8874  	      533	 100.0                	  0.0                	   0.0
CUFF_NC.8875  	      533	 100.0                	  0.0                	   0.0
CUFF_NC.8878  	      533	 100.0                	  0.0                	   0.0
CUFF_NC.8879  	      533	 100.0                	  0.0                	   0.0
CUFF_NC.8880  	      533	 100.0                	  0.0                	   0.0
CUFF_NC.8881  	      533	 100.0                	  0.0                	   0.0
CUFF_NC.8883  	      533	 100.0                	  0.0                	   0.0
CUFF_NC.8884  	      533	 100.0                	  0.0                	   0.0
CUFF_NC.8885  	      533	 100.0                	  0.0                	   0.0
CUFF_NC.1825  	      533	  99.24953095684803   	  0.0                	   0.7504690431519699
CUFF_NC.8854  	      533	  99.812382739212     	  0.0                	   0.18761726078799248
CUFF_NC.1829  	      533	  93.24577861163228   	  0.0                	   6.75422138836773
CUFF_NC.183   	      533	 100.0                	  0.0                	   0.0
CUFF_NC.1830  	      533	 100.0                	  0.0                	   0.0
CUFF_NC.1833  	      533	  99.812382739212     	  0.0                	   0.18761726078799248
CUFF_NC.1836  	      533	 100.0                	  0.0                	   0.0
CUFF_NC.1837  	      533	 100.0                	  0.0                	   0.0
CUFF_NC.1838  	      533	 100.0                	  0.0                	   0.0
CUFF_NC.1839  	      533	 100.0                	  0.0                	   0.0
CUFF_NC.210   	      533	 100.0                	  0.0                	   0.0
CUFF_NC.10306 	      533	  19.887429643527206  	  0.0                	  80.1125703564728
CUFF_NC.10308 	      533	 100.0                	  0.0                	   0.0
CUFF_NC.10309 	      533	  78.79924953095684   	  0.0                	  21.200750469043154
CUFF_NC.1826  	      533	 100.0                	  0.0                	   0.0
CUFF_NC.4818  	      533	  99.812382739212     	  0.0                	   0.18761726078799248
CUFF_NC.482   	      533	 100.0                	  0.0                	   0.0
CUFF_NC.4820  	      533	   0.0                	  0.0                	 100.0
CUFF_NC.4821  	      533	  99.812382739212     	  0.0                	   0.18761726078799248
CUFF_NC.4822  	      533	 100.0                	  0.0                	   0.0
CUFF_NC.4823  	      533	 100.0                	  0.0                	   0.0
CUFF_NC.2684  	      533	  99.43714821763602   	  0.0                	   0.5628517823639775
CUFF_NC.2685  	      533	 100.0                	  0.0                	   0.0
CUFF_NC.2686  	      533	  30.76923076923077   	  0.0                	  69.23076923076923
CUFF_NC.4789  	      533	 100.0                	  0.0                	   0.0
CUFF_NC.479   	      533	 100.0                	  0.0                	   0.0
CUFF_NC.6831  	      533	 100.0                	  0.0                	   0.0
CUFF_NC.4794  	      533	 100.0                	  0.0                	   0.0
CUFF_NC.4795  	      418	   3.110047846889952  	  0.0                	  96.88995215311004
CUFF_NC.4797  	      533	  99.24953095684803   	  0.0                	   0.7504690431519699
CUFF_NC.48    	      533	 100.0                	  0.0                	   0.0
CUFF_NC.4800  	      533	 100.0                	  0.0                	   0.0
CUFF_NC.4804  	      533	  99.62476547842401   	  0.0                	   0.37523452157598497
CUFF_NC.4806  	      533	 100.0                	  0.0                	   0.0
CUFF_NC.4807  	      533	 100.0                	  0.0                	   0.0
CUFF_NC.4808  	      533	 100.0                	  0.0                	   0.0
CUFF_NC.4809  	      533	 100.0                	  0.0                	   0.0
CUFF_NC.4771  	      533	 100.0                	  0.0                	   0.0
CUFF_NC.4792  	      533	 100.0                	  0.0                	   0.0
CUFF_NC.4839  	      533	  11.069418386491558  	  0.0                	  88.93058161350844
CUFF_NC.11413 	      533	 100.0                	  0.0                	   0.0
CUFF_NC.11414 	      533	 100.0                	  0.0                	   0.0
CUFF_NC.11416 	      533	 100.0                	  0.0                	   0.0
CUFF_NC.11418 	      533	 100.0                	  0.0                	   0.0
CUFF_NC.1142  	      533	 100.0                	  0.0                	   0.0
CUFF_NC.11420 	      533	 100.0                	  0.0                	   0.0
CUFF_NC.11421 	      533	 100.0                	  0.0                	   0.0
CUFF_NC.2688  	      533	 100.0                	  0.0                	   0.0
CUFF_NC.2689  	      533	 100.0                	  0.0                	   0.0
CUFF_NC.2690  	      533	 100.0                	  0.0                	   0.0
CUFF_NC.4816  	      533	 100.0                	  0.0                	   0.0
CUFF_NC.2692  	      533	  99.812382739212     	  0.0                	   0.18761726078799248
CUFF_NC.2693  	      533	 100.0                	  0.0                	   0.0
CUFF_NC.2696  	      533	 100.0                	  0.0                	   0.0
CUFF_NC.2698  	      533	 100.0                	  0.0                	   0.0
CUFF_NC.2699  	      533	 100.0                	  0.0                	   0.0
CUFF_NC.27    	      533	 100.0                	  0.0                	   0.0
CUFF_NC.4826  	      533	  97.74859287054409   	  0.0                	   2.25140712945591
CUFF_NC.4827  	      533	  99.62476547842401   	  0.0                	   0.37523452157598497
CUFF_NC.4828  	      533	  99.62476547842401   	  0.0                	   0.37523452157598497
CUFF_NC.4812  	      533	 100.0                	  0.0                	   0.0
CUFF_NC.4814  	      523	  99.4263862332696    	  0.0                	   0.5736137667304015
CUFF_NC.4815  	      533	 100.0                	  0.0                	   0.0
CUFF_NC.2691  	      531	  99.81167608286252   	  0.0                	   0.18832391713747645
CUFF_NC.4738  	      533	 100.0                	  0.0                	   0.0
CUFF_NC.4739  	      533	 100.0                	  0.0                	   0.0
CUFF_NC.4740  	      533	 100.0                	  0.0                	   0.0
CUFF_NC.4741  	      533	  98.31144465290807   	  0.0                	   1.6885553470919326
CUFF_NC.4745  	      530	 100.0                	  0.0                	   0.0
CUFF_NC.4746  	      533	 100.0                	  0.0                	   0.0
CUFF_NC.4747  	      533	 100.0                	  0.0                	   0.0
CUFF_NC.4748  	      533	  99.62476547842401   	  0.0                	   0.37523452157598497
CUFF_NC.4750  	      533	 100.0                	  0.0                	   0.0
CUFF_NC.11427 	      533	 100.0                	  0.0                	   0.0
CUFF_NC.11428 	      533	  99.62476547842401   	  0.0                	   0.37523452157598497
CUFF_NC.4772  	      533	   3.189493433395872  	  0.0                	  96.81050656660413
CUFF_NC.11431 	      533	 100.0                	  0.0                	   0.0
CUFF_NC.11434 	      533	 100.0                	  0.0                	   0.0
CUFF_NC.4719  	      533	  99.812382739212     	  0.0                	   0.18761726078799248
CUFF_NC.4720  	      533	 100.0                	  0.0                	   0.0
CUFF_NC.4721  	      533	 100.0                	  0.0                	   0.0
CUFF_NC.4724  	      533	 100.0                	  0.0                	   0.0
CUFF_NC.4726  	      533	 100.0                	  0.0                	   0.0
CUFF_NC.4729  	      533	   1.5009380863039399 	  0.0                	  98.49906191369607
CUFF_NC.473   	      533	 100.0                	  0.0                	   0.0
CUFF_NC.4730  	      533	 100.0                	  0.0                	   0.0
CUFF_NC.4731  	      533	 100.0                	  0.0                	   0.0
CUFF_NC.4732  	      533	  99.812382739212     	  0.0                	   0.18761726078799248
CUFF_NC.11430 	      533	 100.0                	  0.0                	   0.0
CUFF_NC.4773  	      533	 100.0                	  0.0                	   0.0
CUFF_NC.4774  	      533	 100.0                	  0.0                	   0.0
CUFF_NC.4775  	      533	 100.0                	  0.0                	   0.0
CUFF_NC.4776  	      533	 100.0                	  0.0                	   0.0
CUFF_NC.4777  	      533	 100.0                	  0.0                	   0.0
CUFF_NC.4778  	      533	 100.0                	  0.0                	   0.0
CUFF_NC.4779  	      533	 100.0                	  0.0                	   0.0
CUFF_NC.4781  	      533	 100.0                	  0.0                	   0.0
CUFF_NC.4782  	      533	  99.62476547842401   	  0.0                	   0.37523452157598497
CUFF_NC.4784  	      533	 100.0                	  0.0                	   0.0
CUFF_NC.4785  	      533	 100.0                	  0.0                	   0.0
CUFF_NC.477   	      533	 100.0                	  0.0                	   0.0
CUFF_NC.11441 	      533	 100.0                	  0.0                	   0.0
CUFF_NC.11442 	      533	 100.0                	  0.0                	   0.0
CUFF_NC.4753  	      533	  99.43714821763602   	  0.0                	   0.5628517823639775
CUFF_NC.4754  	      533	 100.0                	  0.0                	   0.0
CUFF_NC.4756  	      533	 100.0                	  0.0                	   0.0
CUFF_NC.4758  	      533	 100.0                	  0.0                	   0.0
CUFF_NC.476   	      533	 100.0                	  0.0                	   0.0
CUFF_NC.4760  	      533	 100.0                	  0.0                	   0.0
CUFF_NC.4761  	      533	  99.62476547842401   	  0.0                	   0.37523452157598497
CUFF_NC.4766  	      533	 100.0                	  0.0                	   0.0
CUFF_NC.4768  	      533	 100.0                	  0.0                	   0.0
CUFF_NC.4769  	      533	 100.0                	  0.0                	   0.0
CUFF_NC.4787  	      533	 100.0                	  0.0                	   0.0
CUFF_NC.4896  	      533	 100.0                	  0.0                	   0.0
CUFF_NC.4897  	      533	 100.0                	  0.0                	   0.0
CUFF_NC.4898  	      533	 100.0                	  0.0                	   0.0
CUFF_NC.4899  	      533	 100.0                	  0.0                	   0.0
CUFF_NC.4900  	      533	 100.0                	  0.0                	   0.0
CUFF_NC.4905  	      533	 100.0                	  0.0                	   0.0
CUFF_NC.4906  	      533	 100.0                	  0.0                	   0.0
CUFF_NC.4907  	      533	 100.0                	  0.0                	   0.0
CUFF_NC.4908  	      533	 100.0                	  0.0                	   0.0
CUFF_NC.491   	      533	 100.0                	  0.0                	   0.0
CUFF_NC.4910  	      533	  99.812382739212     	  0.0                	   0.18761726078799248
CUFF_NC.4837  	      533	 100.0                	  0.0                	   0.0
CUFF_NC.4882  	      533	 100.0                	  0.0                	   0.0
CUFF_NC.4883  	      533	 100.0                	  0.0                	   0.0
CUFF_NC.4884  	      533	 100.0                	  0.0                	   0.0
CUFF_NC.114   	      533	  99.06191369606003   	  0.0                	   0.9380863039399625
CUFF_NC.11403 	      533	 100.0                	  0.0                	   0.0
CUFF_NC.11404 	      533	 100.0                	  0.0                	   0.0
CUFF_NC.11405 	      533	  99.43714821763602   	  0.0                	   0.5628517823639775
CUFF_NC.3617  	      533	 100.0                	  0.0                	   0.0
CUFF_NC.3619  	      533	 100.0                	  0.0                	   0.0
CUFF_NC.362   	      533	  99.812382739212     	  0.0                	   0.18761726078799248
CUFF_NC.3621  	      395	  16.20253164556962   	  0.0                	  83.79746835443038
CUFF_NC.3622  	      533	 100.0                	  0.0                	   0.0
CUFF_NC.4880  	      533	 100.0                	  0.0                	   0.0
CUFF_NC.11396 	      533	 100.0                	  0.0                	   0.0
CUFF_NC.11397 	      533	 100.0                	  0.0                	   0.0
CUFF_NC.11398 	      533	 100.0                	  0.0                	   0.0
CUFF_NC.4928  	      533	 100.0                	  0.0                	   0.0
CUFF_NC.2665  	      533	 100.0                	  0.0                	   0.0
CUFF_NC.4911  	      533	 100.0                	  0.0                	   0.0
CUFF_NC.4914  	      533	 100.0                	  0.0                	   0.0
CUFF_NC.4915  	      533	 100.0                	  0.0                	   0.0
CUFF_NC.4916  	      533	 100.0                	  0.0                	   0.0
CUFF_NC.4917  	      533	 100.0                	  0.0                	   0.0
CUFF_NC.4918  	      533	 100.0                	  0.0                	   0.0
CUFF_NC.4895  	      533	 100.0                	  0.0                	   0.0
CUFF_NC.4920  	      533	 100.0                	  0.0                	   0.0
CUFF_NC.4921  	      533	 100.0                	  0.0                	   0.0
CUFF_NC.4922  	      533	 100.0                	  0.0                	   0.0
CUFF_NC.4924  	      533	  98.12382739212008   	  0.0                	   1.876172607879925
CUFF_NC.4925  	      533	  96.99812382739212   	  0.0                	   3.0018761726078798
CUFF_NC.4926  	      533	 100.0                	  0.0                	   0.0
CUFF_NC.4927  	      533	 100.0                	  0.0                	   0.0
CUFF_NC.11383 	      533	 100.0                	  0.0                	   0.0
CUFF_NC.4887  	      533	 100.0                	  0.0                	   0.0
CUFF_NC.4889  	      533	 100.0                	  0.0                	   0.0
CUFF_NC.489   	      533	 100.0                	  0.0                	   0.0
CUFF_NC.4891  	      533	 100.0                	  0.0                	   0.0
CUFF_NC.4919  	      533	 100.0                	  0.0                	   0.0
CUFF_NC.4873  	      533	 100.0                	  0.0                	   0.0
CUFF_NC.4874  	      533	  99.812382739212     	  0.0                	   0.18761726078799248
CUFF_NC.4875  	      533	 100.0                	  0.0                	   0.0
CUFF_NC.4877  	      533	 100.0                	  0.0                	   0.0
CUFF_NC.4879  	      533	 100.0                	  0.0                	   0.0
CUFF_NC.11422 	      533	 100.0                	  0.0                	   0.0
CUFF_NC.11424 	      533	  71.29455909943715   	  0.0                	  28.705440900562852
CUFF_NC.11425 	      533	 100.0                	  0.0                	   0.0
CUFF_NC.484   	      533	 100.0                	  0.0                	   0.0
CUFF_NC.4840  	      533	  99.62476547842401   	  0.0                	   0.37523452157598497
CUFF_NC.4843  	      533	  99.812382739212     	  0.0                	   0.18761726078799248
CUFF_NC.3624  	      533	 100.0                	  0.0                	   0.0
CUFF_NC.4848  	      533	 100.0                	  0.0                	   0.0
CUFF_NC.4849  	      533	  97.18574108818011   	  0.0                	   2.8142589118198873
CUFF_NC.485   	      348	  17.52873563218391   	  0.0                	  82.47126436781609
CUFF_NC.4850  	      533	 100.0                	  0.0                	   0.0
CUFF_NC.4851  	      533	 100.0                	  0.0                	   0.0
CUFF_NC.4857  	      533	 100.0                	  0.0                	   0.0
CUFF_NC.4859  	      533	  99.812382739212     	  0.0                	   0.18761726078799248
CUFF_NC.483   	      533	  99.812382739212     	  0.0                	   0.18761726078799248
CUFF_NC.4830  	      533	 100.0                	  0.0                	   0.0
CUFF_NC.4832  	      533	 100.0                	  0.0                	   0.0
CUFF_NC.4833  	      533	  99.62476547842401   	  0.0                	   0.37523452157598497
CUFF_NC.4835  	      533	 100.0                	  0.0                	   0.0
CUFF_NC.4846  	      533	  25.70356472795497   	  0.0                	  74.29643527204503
CUFF_NC.1484  	      532	   1.5037593984962405 	  0.0                	  98.49624060150376
CUFF_NC.1485  	      533	 100.0                	  0.0                	   0.0
CUFF_NC.1486  	      529	   0.5671077504725899 	  0.0                	  99.4328922495274
CUFF_NC.1487  	      533	   0.0                	  0.0                	 100.0
CUFF_NC.1488  	      532	   0.0                	  0.0                	 100.0
CUFF_NC.1490  	      533	   0.0                	  0.0                	 100.0
CUFF_NC.1491  	      533	   0.0                	  0.0                	 100.0
CUFF_NC.3581  	      469	  15.351812366737741  	  0.0                	  84.64818763326227
CUFF_NC.3582  	      468	  19.230769230769234  	  0.0                	  80.76923076923077
CUFF_NC.11406 	      533	 100.0                	  0.0                	   0.0
CUFF_NC.11407 	      533	 100.0                	  0.0                	   0.0
CUFF_NC.4872  	      533	 100.0                	  0.0                	   0.0
CUFF_NC.11409 	      533	 100.0                	  0.0                	   0.0
CUFF_NC.1141  	      532	 100.0                	  0.0                	   0.0
CUFF_NC.11410 	      533	 100.0                	  0.0                	   0.0
CUFF_NC.4885  	      533	 100.0                	  0.0                	   0.0
CUFF_NC.4860  	      533	 100.0                	  0.0                	   0.0
CUFF_NC.4861  	      533	 100.0                	  0.0                	   0.0
CUFF_NC.4862  	      533	 100.0                	  0.0                	   0.0
CUFF_NC.4863  	      533	 100.0                	  0.0                	   0.0
CUFF_NC.4865  	      533	 100.0                	  0.0                	   0.0
CUFF_NC.4866  	      533	 100.0                	  0.0                	   0.0
CUFF_NC.487   	      533	  99.812382739212     	  0.0                	   0.18761726078799248
CUFF_NC.4870  	      533	  99.812382739212     	  0.0                	   0.18761726078799248
CUFF_NC.11408 	      533	 100.0                	  0.0                	   0.0
CUFF_NC.4591  	      322	   8.695652173913043  	  0.0                	  91.30434782608695
CUFF_NC.4592  	      533	 100.0                	  0.0                	   0.0
CUFF_NC.4593  	      533	  99.812382739212     	  0.0                	   0.18761726078799248
CUFF_NC.4595  	      533	 100.0                	  0.0                	   0.0
CUFF_NC.4598  	      533	 100.0                	  0.0                	   0.0
CUFF_NC.4599  	      532	   0.0                	  0.0                	 100.0
CUFF_NC.460   	      533	 100.0                	  0.0                	   0.0
CUFF_NC.4601  	      533	  99.812382739212     	  0.0                	   0.18761726078799248
CUFF_NC.1195  	      533	   0.37523452157598497	  0.0                	  99.62476547842401
CUFF_NC.1196  	      276	  24.27536231884058   	  0.0                	  75.72463768115942
CUFF_NC.1198  	      533	 100.0                	  0.0                	   0.0
CUFF_NC.4735  	      533	 100.0                	  0.0                	   0.0
CUFF_NC.1202  	      533	  99.62476547842401   	  0.0                	   0.37523452157598497
CUFF_NC.4576  	      533	 100.0                	  0.0                	   0.0
CUFF_NC.4578  	      533	 100.0                	  0.0                	   0.0
CUFF_NC.4579  	      533	  99.812382739212     	  0.0                	   0.18761726078799248
CUFF_NC.4581  	      533	 100.0                	  0.0                	   0.0
CUFF_NC.4582  	      533	 100.0                	  0.0                	   0.0
CUFF_NC.4583  	      533	 100.0                	  0.0                	   0.0
CUFF_NC.4585  	      533	 100.0                	  0.0                	   0.0
CUFF_NC.4586  	      533	 100.0                	  0.0                	   0.0
CUFF_NC.2719  	      533	 100.0                	  0.0                	   0.0
CUFF_NC.2720  	      533	 100.0                	  0.0                	   0.0
CUFF_NC.12    	      533	 100.0                	  0.0                	   0.0
CUFF_NC.4624  	      533	 100.0                	  0.0                	   0.0
CUFF_NC.4625  	      533	 100.0                	  0.0                	   0.0
CUFF_NC.4626  	      533	 100.0                	  0.0                	   0.0
CUFF_NC.4628  	      533	 100.0                	  0.0                	   0.0
CUFF_NC.463   	      533	 100.0                	  0.0                	   0.0
CUFF_NC.4630  	      533	 100.0                	  0.0                	   0.0
CUFF_NC.4634  	      533	  98.87429643527204   	  0.0                	   1.125703564727955
CUFF_NC.4602  	      533	  99.812382739212     	  0.0                	   0.18761726078799248
CUFF_NC.4603  	      533	 100.0                	  0.0                	   0.0
CUFF_NC.4606  	      533	 100.0                	  0.0                	   0.0
CUFF_NC.461   	      533	 100.0                	  0.0                	   0.0
CUFF_NC.459   	      533	 100.0                	  0.0                	   0.0
CUFF_NC.4611  	      533	 100.0                	  0.0                	   0.0
CUFF_NC.4612  	      533	 100.0                	  0.0                	   0.0
CUFF_NC.4613  	      533	 100.0                	  0.0                	   0.0
CUFF_NC.4615  	      533	 100.0                	  0.0                	   0.0
CUFF_NC.4616  	      533	 100.0                	  0.0                	   0.0
CUFF_NC.4619  	      533	 100.0                	  0.0                	   0.0
CUFF_NC.1175  	      459	   4.139433551198257  	  0.0                	  95.86056644880175
CUFF_NC.1176  	      466	   4.07725321888412   	  0.0                	  95.92274678111588
CUFF_NC.1179  	      533	 100.0                	  0.0                	   0.0
CUFF_NC.4587  	      533	 100.0                	  0.0                	   0.0
CUFF_NC.4588  	      533	 100.0                	  0.0                	   0.0
CUFF_NC.4589  	      382	  98.69109947643979   	  0.0                	   1.3089005235602094
CUFF_NC.4610  	      533	 100.0                	  0.0                	   0.0
CUFF_NC.4571  	      533	 100.0                	  0.0                	   0.0
CUFF_NC.4575  	      533	 100.0                	  0.0                	   0.0
CUFF_NC.4535  	      533	 100.0                	  0.0                	   0.0
CUFF_NC.4536  	      533	  12.570356472795496  	  0.0                	  87.4296435272045
CUFF_NC.4537  	      533	 100.0                	  0.0                	   0.0
CUFF_NC.4538  	      533	 100.0                	  0.0                	   0.0
CUFF_NC.4539  	      533	 100.0                	  0.0                	   0.0
CUFF_NC.4540  	      533	  99.43714821763602   	  0.0                	   0.5628517823639775
CUFF_NC.4541  	      533	 100.0                	  0.0                	   0.0
CUFF_NC.4542  	      533	 100.0                	  0.0                	   0.0
CUFF_NC.4544  	      533	 100.0                	  0.0                	   0.0
CUFF_NC.1630  	      533	 100.0                	  0.0                	   0.0
CUFF_NC.1209  	      533	 100.0                	  0.0                	   0.0
CUFF_NC.1211  	      533	 100.0                	  0.0                	   0.0
CUFF_NC.1215  	      532	  99.06015037593986   	  0.0                	   0.9398496240601504
CUFF_NC.4512  	      533	  99.812382739212     	  0.0                	   0.18761726078799248
CUFF_NC.4517  	      533	 100.0                	  0.0                	   0.0
CUFF_NC.4519  	      533	 100.0                	  0.0                	   0.0
CUFF_NC.4520  	      533	 100.0                	  0.0                	   0.0
CUFF_NC.4522  	      533	 100.0                	  0.0                	   0.0
CUFF_NC.4523  	      533	 100.0                	  0.0                	   0.0
CUFF_NC.4525  	      533	  95.30956848030019   	  0.0                	   4.690431519699812
CUFF_NC.4526  	      533	  99.812382739212     	  0.0                	   0.18761726078799248
CUFF_NC.4527  	      533	  99.812382739212     	  0.0                	   0.18761726078799248
CUFF_NC.1207  	      384	  96.35416666666666   	  0.0                	   3.6458333333333335
CUFF_NC.1631  	      533	 100.0                	  0.0                	   0.0
CUFF_NC.1633  	      533	 100.0                	  0.0                	   0.0
CUFF_NC.1634  	      533	   3.75234521575985   	  0.0                	  96.24765478424015
CUFF_NC.1635  	      533	   2.0637898686679175 	  0.0                	  97.93621013133207
CUFF_NC.1637  	      533	   0.0                	  0.0                	 100.0
CUFF_NC.1638  	      533	   0.0                	  0.0                	 100.0
CUFF_NC.164   	      533	 100.0                	  0.0                	   0.0
CUFF_NC.1640  	      368	   9.510869565217392  	  0.0                	  90.48913043478261
CUFF_NC.1641  	      533	 100.0                	  0.0                	   0.0
CUFF_NC.1643  	      533	 100.0                	  0.0                	   0.0
CUFF_NC.1190  	      530	   1.1320754716981132 	  0.0                	  98.86792452830188
CUFF_NC.457   	      533	 100.0                	  0.0                	   0.0
CUFF_NC.1192  	      533	  99.62476547842401   	  0.0                	   0.37523452157598497
CUFF_NC.1217  	      533	  13.133208255159476  	  0.0                	  86.86679174484053
CUFF_NC.4548  	      533	 100.0                	  0.0                	   0.0
CUFF_NC.4550  	      533	 100.0                	  0.0                	   0.0
CUFF_NC.4551  	      533	 100.0                	  0.0                	   0.0
CUFF_NC.4556  	      533	 100.0                	  0.0                	   0.0
CUFF_NC.4557  	      533	 100.0                	  0.0                	   0.0
CUFF_NC.4559  	      533	 100.0                	  0.0                	   0.0
CUFF_NC.4560  	      533	  96.06003752345215   	  0.0                	   3.9399624765478425
CUFF_NC.4561  	      533	 100.0                	  0.0                	   0.0
CUFF_NC.4564  	      533	 100.0                	  0.0                	   0.0
CUFF_NC.4565  	      533	 100.0                	  0.0                	   0.0
CUFF_NC.1191  	      533	 100.0                	  0.0                	   0.0
CUFF_NC.2715  	      533	   0.18761726078799248	  0.0                	  99.812382739212
CUFF_NC.2716  	      533	 100.0                	  0.0                	   0.0
CUFF_NC.1145  	      532	  99.06015037593986   	  0.0                	   0.9398496240601504
CUFF_NC.1149  	      533	 100.0                	  0.0                	   0.0
CUFF_NC.4688  	      533	 100.0                	  0.0                	   0.0
CUFF_NC.4689  	      533	 100.0                	  0.0                	   0.0
CUFF_NC.469   	      533	 100.0                	  0.0                	   0.0
CUFF_NC.4690  	      533	 100.0                	  0.0                	   0.0
CUFF_NC.4691  	      533	 100.0                	  0.0                	   0.0
CUFF_NC.4695  	      533	 100.0                	  0.0                	   0.0
CUFF_NC.47    	      533	 100.0                	  0.0                	   0.0
CUFF_NC.4622  	      533	 100.0                	  0.0                	   0.0
CUFF_NC.4700  	      533	  99.43714821763602   	  0.0                	   0.5628517823639775
CUFF_NC.4701  	      533	  99.812382739212     	  0.0                	   0.18761726078799248
CUFF_NC.4702  	      533	  99.812382739212     	  0.0                	   0.18761726078799248
CUFF_NC.4705  	      533	  99.812382739212     	  0.0                	   0.18761726078799248
CUFF_NC.2700  	      533	 100.0                	  0.0                	   0.0
CUFF_NC.2702  	      533	 100.0                	  0.0                	   0.0
CUFF_NC.2703  	      533	 100.0                	  0.0                	   0.0
CUFF_NC.1173  	      533	  99.812382739212     	  0.0                	   0.18761726078799248
CUFF_NC.4663  	      533	  90.0562851782364    	  0.0                	   9.943714821763603
CUFF_NC.4668  	      533	  99.24953095684803   	  0.0                	   0.7504690431519699
CUFF_NC.467   	      533	 100.0                	  0.0                	   0.0
CUFF_NC.4674  	      533	 100.0                	  0.0                	   0.0
CUFF_NC.470   	      533	 100.0                	  0.0                	   0.0
CUFF_NC.4737  	      533	 100.0                	  0.0                	   0.0
CUFF_NC.1152  	      533	  99.812382739212     	  0.0                	   0.18761726078799248
CUFF_NC.1153  	      533	 100.0                	  0.0                	   0.0
CUFF_NC.1154  	      533	 100.0                	  0.0                	   0.0
CUFF_NC.1157  	      533	  98.31144465290807   	  0.0                	   1.6885553470919326
CUFF_NC.1158  	      485	  86.80412371134021   	  0.0                	  13.195876288659795
CUFF_NC.4707  	      533	  99.812382739212     	  0.0                	   0.18761726078799248
CUFF_NC.4710  	      533	 100.0                	  0.0                	   0.0
CUFF_NC.4711  	      533	  74.48405253283302   	  0.0                	  25.515947467166978
CUFF_NC.4712  	      533	  71.48217636022514   	  0.0                	  28.517823639774857
CUFF_NC.4713  	      533	 100.0                	  0.0                	   0.0
CUFF_NC.2714  	      533	 100.0                	  0.0                	   0.0
CUFF_NC.4715  	      533	 100.0                	  0.0                	   0.0
CUFF_NC.4716  	      533	  96.99812382739212   	  0.0                	   3.0018761726078798
CUFF_NC.4718  	      533	 100.0                	  0.0                	   0.0
CUFF_NC.2704  	      533	 100.0                	  0.0                	   0.0
CUFF_NC.2706  	      533	  99.812382739212     	  0.0                	   0.18761726078799248
CUFF_NC.2707  	      533	 100.0                	  0.0                	   0.0
CUFF_NC.2708  	      533	 100.0                	  0.0                	   0.0
CUFF_NC.271   	      533	 100.0                	  0.0                	   0.0
CUFF_NC.2710  	      533	 100.0                	  0.0                	   0.0
CUFF_NC.2711  	      533	   0.18761726078799248	  0.0                	  99.812382739212
CUFF_NC.2712  	      533	 100.0                	  0.0                	   0.0
CUFF_NC.2713  	      533	 100.0                	  0.0                	   0.0
CUFF_NC.4714  	      533	  99.812382739212     	  0.0                	   0.18761726078799248
CUFF_NC.4647  	      533	 100.0                	  0.0                	   0.0
CUFF_NC.1471  	      533	   0.18761726078799248	  0.0                	  99.812382739212
CUFF_NC.1472  	      533	   0.0                	  0.0                	 100.0
CUFF_NC.1473  	      533	   0.0                	  0.0                	 100.0
CUFF_NC.1474  	      437	   6.407322654462242  	  0.0                	  93.59267734553775
CUFF_NC.1475  	      533	   0.0                	  0.0                	 100.0
CUFF_NC.1476  	      532	   0.18796992481203006	  0.0                	  99.81203007518798
CUFF_NC.3628  	      533	 100.0                	  0.0                	   0.0
CUFF_NC.3593  	      533	  31.144465290806757  	  0.0                	  68.85553470919325
CUFF_NC.36    	      533	 100.0                	  0.0                	   0.0
CUFF_NC.3604  	      533	 100.0                	  0.0                	   0.0
CUFF_NC.468   	      533	  99.43714821763602   	  0.0                	   0.5628517823639775
CUFF_NC.3611  	      533	  13.133208255159476  	  0.0                	  86.86679174484053
CUFF_NC.4648  	      533	 100.0                	  0.0                	   0.0
CUFF_NC.4649  	      533	 100.0                	  0.0                	   0.0
CUFF_NC.4651  	      533	 100.0                	  0.0                	   0.0
CUFF_NC.4652  	      533	 100.0                	  0.0                	   0.0
CUFF_NC.4654  	      533	 100.0                	  0.0                	   0.0
CUFF_NC.4655  	      533	 100.0                	  0.0                	   0.0
CUFF_NC.1184  	      532	   0.7518796992481203 	  0.0                	  99.24812030075188
CUFF_NC.1186  	      513	   9.941520467836257  	  0.0                	  90.05847953216374
CUFF_NC.1188  	      533	 100.0                	  0.0                	   0.0
CUFF_NC.462   	      533	 100.0                	  0.0                	   0.0
CUFF_NC.4621  	      533	 100.0                	  0.0                	   0.0
CUFF_NC.3607  	      533	 100.0                	  0.0                	   0.0
CUFF_NC.4680  	      533	  99.812382739212     	  0.0                	   0.18761726078799248
CUFF_NC.4682  	      533	 100.0                	  0.0                	   0.0
CUFF_NC.4683  	      533	 100.0                	  0.0                	   0.0
CUFF_NC.4684  	      533	  99.812382739212     	  0.0                	   0.18761726078799248
CUFF_NC.4685  	      533	  99.812382739212     	  0.0                	   0.18761726078799248
CUFF_NC.4687  	      533	  14.071294559099437  	  0.0                	  85.92870544090057
CUFF_NC.4657  	      533	 100.0                	  0.0                	   0.0
CUFF_NC.4658  	      533	 100.0                	  0.0                	   0.0
CUFF_NC.4659  	      533	 100.0                	  0.0                	   0.0
CUFF_NC.466   	      533	 100.0                	  0.0                	   0.0
CUFF_NC.4660  	      533	 100.0                	  0.0                	   0.0
CUFF_NC.4644  	      533	 100.0                	  0.0                	   0.0
CUFF_NC.1159  	      532	  98.87218045112782   	  0.0                	   1.1278195488721803
CUFF_NC.116   	      533	 100.0                	  0.0                	   0.0
CUFF_NC.1160  	      483	   2.691511387163561  	  0.0                	  97.30848861283644
CUFF_NC.1161  	      524	  37.595419847328245  	  0.0                	  62.40458015267175
CUFF_NC.1165  	      533	 100.0                	  0.0                	   0.0
CUFF_NC.1167  	      533	 100.0                	  0.0                	   0.0
CUFF_NC.1169  	      533	  99.62476547842401   	  0.0                	   0.37523452157598497
CUFF_NC.4635  	      533	 100.0                	  0.0                	   0.0
CUFF_NC.4639  	      533	 100.0                	  0.0                	   0.0
CUFF_NC.4640  	      533	 100.0                	  0.0                	   0.0
CUFF_NC.4641  	      533	 100.0                	  0.0                	   0.0
CUFF_NC.4643  	      533	 100.0                	  0.0                	   0.0
CUFF_NC.4662  	      533	 100.0                	  0.0                	   0.0
CUFF_NC.5190  	      533	 100.0                	  0.0                	   0.0
CUFF_NC.5191  	      533	 100.0                	  0.0                	   0.0
CUFF_NC.5192  	      533	  99.24953095684803   	  0.0                	   0.7504690431519699
CUFF_NC.5195  	      533	  99.812382739212     	  0.0                	   0.18761726078799248
CUFF_NC.5196  	      533	 100.0                	  0.0                	   0.0
CUFF_NC.5197  	      533	 100.0                	  0.0                	   0.0
CUFF_NC.520   	      533	 100.0                	  0.0                	   0.0
CUFF_NC.5200  	      533	 100.0                	  0.0                	   0.0
CUFF_NC.5203  	      533	  98.49906191369607   	  0.0                	   1.5009380863039399
CUFF_NC.5204  	      533	  99.812382739212     	  0.0                	   0.18761726078799248
CUFF_NC.2647  	      533	 100.0                	  0.0                	   0.0
CUFF_NC.11395 	      533	 100.0                	  0.0                	   0.0
CUFF_NC.11313 	      533	 100.0                	  0.0                	   0.0
CUFF_NC.11314 	      533	 100.0                	  0.0                	   0.0
CUFF_NC.11315 	      533	 100.0                	  0.0                	   0.0
CUFF_NC.11316 	      533	  99.62476547842401   	  0.0                	   0.37523452157598497
CUFF_NC.11318 	      533	 100.0                	  0.0                	   0.0
CUFF_NC.11319 	      533	 100.0                	  0.0                	   0.0
CUFF_NC.11321 	      533	 100.0                	  0.0                	   0.0
CUFF_NC.11322 	      525	  10.285714285714285  	  0.0                	  89.71428571428571
CUFF_NC.11323 	      533	   2.25140712945591   	  0.0                	  97.74859287054409
CUFF_NC.11324 	      533	 100.0                	  0.0                	   0.0
CUFF_NC.5181  	      533	 100.0                	  0.0                	   0.0
CUFF_NC.2648  	      533	 100.0                	  0.0                	   0.0
CUFF_NC.11299 	      533	  99.812382739212     	  0.0                	   0.18761726078799248
CUFF_NC.113   	      533	 100.0                	  0.0                	   0.0
CUFF_NC.11302 	      533	  99.43714821763602   	  0.0                	   0.5628517823639775
CUFF_NC.11305 	      533	  99.812382739212     	  0.0                	   0.18761726078799248
CUFF_NC.11306 	      395	   8.354430379746836  	  0.0                	  91.64556962025317
CUFF_NC.11308 	      533	  97.18574108818011   	  0.0                	   2.8142589118198873
CUFF_NC.11309 	      533	 100.0                	  0.0                	   0.0
CUFF_NC.5211  	      533	 100.0                	  0.0                	   0.0
CUFF_NC.5218  	      533	 100.0                	  0.0                	   0.0
CUFF_NC.522   	      533	 100.0                	  0.0                	   0.0
CUFF_NC.5220  	      533	 100.0                	  0.0                	   0.0
CUFF_NC.519   	      532	   3.007518796992481  	  0.0                	  96.99248120300751
CUFF_NC.2650  	      533	 100.0                	  0.0                	   0.0
CUFF_NC.2653  	      533	 100.0                	  0.0                	   0.0
CUFF_NC.2656  	      533	 100.0                	  0.0                	   0.0
CUFF_NC.2657  	      533	 100.0                	  0.0                	   0.0
CUFF_NC.2659  	      533	 100.0                	  0.0                	   0.0
CUFF_NC.1644  	      531	  98.49340866290018   	  0.0                	   1.5065913370998116
CUFF_NC.1645  	      533	   0.18761726078799248	  0.0                	  99.812382739212
CUFF_NC.5207  	      533	 100.0                	  0.0                	   0.0
CUFF_NC.5208  	      533	 100.0                	  0.0                	   0.0
CUFF_NC.5210  	      533	 100.0                	  0.0                	   0.0
CUFF_NC.5187  	      531	   7.344632768361582  	  0.0                	  92.65536723163842
CUFF_NC.5188  	      531	   7.532956685499058  	  0.0                	  92.46704331450094
CUFF_NC.265   	      533	 100.0                	  0.0                	   0.0
CUFF_NC.5157  	      533	  99.62476547842401   	  0.0                	   0.37523452157598497
CUFF_NC.5158  	      533	 100.0                	  0.0                	   0.0
CUFF_NC.516   	      533	 100.0                	  0.0                	   0.0
CUFF_NC.11333 	      533	 100.0                	  0.0                	   0.0
CUFF_NC.11334 	      533	 100.0                	  0.0                	   0.0
CUFF_NC.11335 	      533	  99.812382739212     	  0.0                	   0.18761726078799248
CUFF_NC.11336 	      533	 100.0                	  0.0                	   0.0
CUFF_NC.11339 	      533	 100.0                	  0.0                	   0.0
CUFF_NC.5121  	      533	 100.0                	  0.0                	   0.0
CUFF_NC.5122  	      533	 100.0                	  0.0                	   0.0
CUFF_NC.5123  	      533	 100.0                	  0.0                	   0.0
CUFF_NC.5183  	      533	 100.0                	  0.0                	   0.0
CUFF_NC.5126  	      533	 100.0                	  0.0                	   0.0
CUFF_NC.5128  	      533	 100.0                	  0.0                	   0.0
CUFF_NC.5129  	      533	  99.812382739212     	  0.0                	   0.18761726078799248
CUFF_NC.5133  	      533	 100.0                	  0.0                	   0.0
CUFF_NC.5134  	      533	 100.0                	  0.0                	   0.0
CUFF_NC.5137  	      533	 100.0                	  0.0                	   0.0
CUFF_NC.5112  	      533	 100.0                	  0.0                	   0.0
CUFF_NC.5113  	      533	 100.0                	  0.0                	   0.0
CUFF_NC.5114  	      533	 100.0                	  0.0                	   0.0
CUFF_NC.5115  	      533	 100.0                	  0.0                	   0.0
CUFF_NC.5116  	      533	 100.0                	  0.0                	   0.0
CUFF_NC.5118  	      533	 100.0                	  0.0                	   0.0
CUFF_NC.5124  	      533	 100.0                	  0.0                	   0.0
CUFF_NC.5184  	      533	  94.18386491557223   	  0.0                	   5.816135084427768
CUFF_NC.5185  	      533	 100.0                	  0.0                	   0.0
CUFF_NC.5160  	      533	 100.0                	  0.0                	   0.0
CUFF_NC.5161  	      200	  11.0                	  0.0                	  89.0
CUFF_NC.5162  	      533	 100.0                	  0.0                	   0.0
CUFF_NC.5164  	      533	 100.0                	  0.0                	   0.0
CUFF_NC.5167  	      533	  99.812382739212     	  0.0                	   0.18761726078799248
CUFF_NC.5168  	      533	 100.0                	  0.0                	   0.0
CUFF_NC.517   	      533	 100.0                	  0.0                	   0.0
CUFF_NC.5175  	      533	 100.0                	  0.0                	   0.0
CUFF_NC.5176  	      533	   6.0037523452157595 	  0.0                	  93.99624765478424
CUFF_NC.5152  	      533	 100.0                	  0.0                	   0.0
CUFF_NC.11310 	      533	 100.0                	  0.0                	   0.0
CUFF_NC.11311 	      533	 100.0                	  0.0                	   0.0
CUFF_NC.5138  	      533	 100.0                	  0.0                	   0.0
CUFF_NC.5140  	      533	 100.0                	  0.0                	   0.0
CUFF_NC.5142  	      533	 100.0                	  0.0                	   0.0
CUFF_NC.5144  	      533	 100.0                	  0.0                	   0.0
CUFF_NC.5145  	      533	 100.0                	  0.0                	   0.0
CUFF_NC.5146  	      533	 100.0                	  0.0                	   0.0
CUFF_NC.5149  	      533	 100.0                	  0.0                	   0.0
CUFF_NC.515   	      533	 100.0                	  0.0                	   0.0
CUFF_NC.5150  	      533	 100.0                	  0.0                	   0.0
CUFF_NC.5151  	      533	 100.0                	  0.0                	   0.0
CUFF_NC.518   	      528	  12.5                	  0.0                	  87.5
CUFF_NC.5291  	      533	 100.0                	  0.0                	   0.0
CUFF_NC.5292  	      533	 100.0                	  0.0                	   0.0
CUFF_NC.5294  	      533	 100.0                	  0.0                	   0.0
CUFF_NC.5295  	      533	 100.0                	  0.0                	   0.0
CUFF_NC.5296  	      533	 100.0                	  0.0                	   0.0
CUFF_NC.5299  	      533	  99.812382739212     	  0.0                	   0.18761726078799248
CUFF_NC.5300  	      533	 100.0                	  0.0                	   0.0
CUFF_NC.5301  	      533	 100.0                	  0.0                	   0.0
CUFF_NC.5302  	      533	 100.0                	  0.0                	   0.0
CUFF_NC.5303  	      533	 100.0                	  0.0                	   0.0
CUFF_NC.5304  	      533	 100.0                	  0.0                	   0.0
CUFF_NC.11298 	      533	 100.0                	  0.0                	   0.0
CUFF_NC.5306  	      533	 100.0                	  0.0                	   0.0
CUFF_NC.5307  	      533	 100.0                	  0.0                	   0.0
CUFF_NC.5308  	      533	 100.0                	  0.0                	   0.0
CUFF_NC.11295 	      533	 100.0                	  0.0                	   0.0
CUFF_NC.11296 	      533	 100.0                	  0.0                	   0.0
CUFF_NC.5271  	      533	 100.0                	  0.0                	   0.0
CUFF_NC.5274  	      318	  19.49685534591195   	  0.0                	  80.50314465408806
CUFF_NC.5275  	      533	 100.0                	  0.0                	   0.0
CUFF_NC.5277  	      533	 100.0                	  0.0                	   0.0
CUFF_NC.5279  	      533	  33.95872420262664   	  0.0                	  66.04127579737336
CUFF_NC.5280  	      533	  47.65478424015009   	  0.0                	  52.34521575984991
CUFF_NC.5282  	      533	 100.0                	  0.0                	   0.0
CUFF_NC.5305  	      533	 100.0                	  0.0                	   0.0
CUFF_NC.2629  	      533	 100.0                	  0.0                	   0.0
CUFF_NC.263   	      533	 100.0                	  0.0                	   0.0
CUFF_NC.2630  	      533	 100.0                	  0.0                	   0.0
CUFF_NC.3580  	      440	  29.318181818181817  	  0.0                	  70.68181818181817
CUFF_NC.1477  	      524	   1.3358778625954197 	  0.0                	  98.66412213740458
CUFF_NC.1478  	      405	  11.851851851851853  	  0.0                	  88.14814814814815
CUFF_NC.1479  	      532	  99.24812030075188   	  0.0                	   0.7518796992481203
CUFF_NC.1480  	      532	   2.819548872180451  	  0.0                	  97.18045112781954
CUFF_NC.1483  	      533	   0.37523452157598497	  0.0                	  99.62476547842401
CUFF_NC.2889  	      533	 100.0                	  0.0                	   0.0
CUFF_NC.2890  	      533	  99.812382739212     	  0.0                	   0.18761726078799248
CUFF_NC.5309  	      533	  99.812382739212     	  0.0                	   0.18761726078799248
CUFF_NC.2893  	      533	 100.0                	  0.0                	   0.0
CUFF_NC.2894  	      533	 100.0                	  0.0                	   0.0
CUFF_NC.2896  	      533	 100.0                	  0.0                	   0.0
CUFF_NC.2898  	      533	 100.0                	  0.0                	   0.0
CUFF_NC.2899  	      105	  98.09523809523809   	  0.0                	   1.9047619047619049
CUFF_NC.29    	      533	 100.0                	  0.0                	   0.0
CUFF_NC.2632  	      533	 100.0                	  0.0                	   0.0
CUFF_NC.2635  	      533	 100.0                	  0.0                	   0.0
CUFF_NC.2636  	      533	 100.0                	  0.0                	   0.0
CUFF_NC.2637  	      533	 100.0                	  0.0                	   0.0
CUFF_NC.2638  	      533	 100.0                	  0.0                	   0.0
CUFF_NC.2643  	      533	 100.0                	  0.0                	   0.0
CUFF_NC.2892  	      533	 100.0                	  0.0                	   0.0
CUFF_NC.525   	      533	 100.0                	  0.0                	   0.0
CUFF_NC.5251  	      533	 100.0                	  0.0                	   0.0
CUFF_NC.5252  	      533	 100.0                	  0.0                	   0.0
CUFF_NC.5253  	      533	 100.0                	  0.0                	   0.0
CUFF_NC.5254  	      533	  99.812382739212     	  0.0                	   0.18761726078799248
CUFF_NC.5255  	      533	 100.0                	  0.0                	   0.0
CUFF_NC.5257  	      533	 100.0                	  0.0                	   0.0
CUFF_NC.5259  	      533	 100.0                	  0.0                	   0.0
CUFF_NC.526   	      533	 100.0                	  0.0                	   0.0
CUFF_NC.5221  	      533	 100.0                	  0.0                	   0.0
CUFF_NC.5223  	      533	 100.0                	  0.0                	   0.0
CUFF_NC.5285  	      533	 100.0                	  0.0                	   0.0
CUFF_NC.5227  	      533	 100.0                	  0.0                	   0.0
CUFF_NC.5228  	      533	 100.0                	  0.0                	   0.0
CUFF_NC.5229  	      533	 100.0                	  0.0                	   0.0
CUFF_NC.523   	      533	 100.0                	  0.0                	   0.0
CUFF_NC.5230  	      533	 100.0                	  0.0                	   0.0
CUFF_NC.5232  	      533	 100.0                	  0.0                	   0.0
CUFF_NC.5234  	      533	 100.0                	  0.0                	   0.0
CUFF_NC.5235  	      533	 100.0                	  0.0                	   0.0
CUFF_NC.5238  	      533	 100.0                	  0.0                	   0.0
CUFF_NC.5239  	      533	 100.0                	  0.0                	   0.0
CUFF_NC.524   	      533	 100.0                	  0.0                	   0.0
CUFF_NC.11297 	      533	 100.0                	  0.0                	   0.0
CUFF_NC.5226  	      533	 100.0                	  0.0                	   0.0
CUFF_NC.5286  	      533	 100.0                	  0.0                	   0.0
CUFF_NC.5288  	      533	 100.0                	  0.0                	   0.0
CUFF_NC.529   	      533	 100.0                	  0.0                	   0.0
CUFF_NC.5290  	      533	 100.0                	  0.0                	   0.0
CUFF_NC.5261  	      533	 100.0                	  0.0                	   0.0
CUFF_NC.5262  	      533	 100.0                	  0.0                	   0.0
CUFF_NC.5263  	      533	 100.0                	  0.0                	   0.0
CUFF_NC.5264  	      533	 100.0                	  0.0                	   0.0
CUFF_NC.5266  	      533	  98.31144465290807   	  0.0                	   1.6885553470919326
CUFF_NC.5267  	      533	  99.812382739212     	  0.0                	   0.18761726078799248
CUFF_NC.5268  	      533	 100.0                	  0.0                	   0.0
CUFF_NC.5248  	      533	 100.0                	  0.0                	   0.0
CUFF_NC.11283 	      533	 100.0                	  0.0                	   0.0
CUFF_NC.11287 	      533	 100.0                	  0.0                	   0.0
CUFF_NC.11289 	      533	 100.0                	  0.0                	   0.0
CUFF_NC.11290 	      533	 100.0                	  0.0                	   0.0
CUFF_NC.11291 	      533	 100.0                	  0.0                	   0.0
CUFF_NC.11293 	      533	 100.0                	  0.0                	   0.0
CUFF_NC.5240  	      533	 100.0                	  0.0                	   0.0
CUFF_NC.5241  	      533	 100.0                	  0.0                	   0.0
CUFF_NC.5242  	      533	 100.0                	  0.0                	   0.0
CUFF_NC.5243  	      533	   6.0037523452157595 	  0.0                	  93.99624765478424
CUFF_NC.5244  	      533	  99.62476547842401   	  0.0                	   0.37523452157598497
CUFF_NC.5247  	      533	 100.0                	  0.0                	   0.0
CUFF_NC.527   	      533	  99.812382739212     	  0.0                	   0.18761726078799248
CUFF_NC.4997  	      533	 100.0                	  0.0                	   0.0
CUFF_NC.4998  	      533	 100.0                	  0.0                	   0.0
CUFF_NC.4999  	      533	   5.440900562851782  	  0.0                	  94.55909943714822
CUFF_NC.50    	      533	 100.0                	  0.0                	   0.0
CUFF_NC.5006  	      533	  99.812382739212     	  0.0                	   0.18761726078799248
CUFF_NC.5008  	      533	  99.62476547842401   	  0.0                	   0.37523452157598497
CUFF_NC.5009  	      533	 100.0                	  0.0                	   0.0
CUFF_NC.4982  	      533	 100.0                	  0.0                	   0.0
CUFF_NC.4985  	      533	 100.0                	  0.0                	   0.0
CUFF_NC.4986  	      533	 100.0                	  0.0                	   0.0
CUFF_NC.4987  	      533	 100.0                	  0.0                	   0.0
CUFF_NC.5119  	      533	 100.0                	  0.0                	   0.0
CUFF_NC.11371 	      533	 100.0                	  0.0                	   0.0
CUFF_NC.11374 	      533	  56.09756097560976   	  0.0                	  43.90243902439025
CUFF_NC.11375 	      533	 100.0                	  0.0                	   0.0
CUFF_NC.11378 	      533	 100.0                	  0.0                	   0.0
CUFF_NC.11379 	      533	 100.0                	  0.0                	   0.0
CUFF_NC.11380 	      533	  99.812382739212     	  0.0                	   0.18761726078799248
CUFF_NC.11381 	      533	 100.0                	  0.0                	   0.0
CUFF_NC.4989  	      533	 100.0                	  0.0                	   0.0
CUFF_NC.499   	      533	 100.0                	  0.0                	   0.0
CUFF_NC.4963  	      533	  99.812382739212     	  0.0                	   0.18761726078799248
CUFF_NC.4964  	      533	 100.0                	  0.0                	   0.0
CUFF_NC.4988  	      533	 100.0                	  0.0                	   0.0
CUFF_NC.5036  	      396	  99.74747474747475   	  0.0                	   0.25252525252525254
CUFF_NC.5037  	      533	 100.0                	  0.0                	   0.0
CUFF_NC.5039  	      533	 100.0                	  0.0                	   0.0
CUFF_NC.504   	      533	 100.0                	  0.0                	   0.0
CUFF_NC.5012  	      533	 100.0                	  0.0                	   0.0
CUFF_NC.5013  	      533	  99.812382739212     	  0.0                	   0.18761726078799248
CUFF_NC.5014  	      533	 100.0                	  0.0                	   0.0
CUFF_NC.11355 	      533	 100.0                	  0.0                	   0.0
CUFF_NC.11356 	      533	 100.0                	  0.0                	   0.0
CUFF_NC.11357 	      533	 100.0                	  0.0                	   0.0
CUFF_NC.11358 	      533	 100.0                	  0.0                	   0.0
CUFF_NC.4996  	      533	   0.0                	  0.0                	 100.0
CUFF_NC.1136  	      349	  90.25787965616045   	  0.0                	   9.742120343839542
CUFF_NC.11362 	      533	  99.62476547842401   	  0.0                	   0.37523452157598497
CUFF_NC.11364 	      531	  99.05838041431262   	  0.0                	   0.9416195856873822
CUFF_NC.11365 	      533	 100.0                	  0.0                	   0.0
CUFF_NC.11366 	      533	 100.0                	  0.0                	   0.0
CUFF_NC.5018  	      533	 100.0                	  0.0                	   0.0
CUFF_NC.502   	      533	  99.812382739212     	  0.0                	   0.18761726078799248
CUFF_NC.4990  	      533	  99.812382739212     	  0.0                	   0.18761726078799248
CUFF_NC.4991  	      533	 100.0                	  0.0                	   0.0
CUFF_NC.4992  	      533	 100.0                	  0.0                	   0.0
CUFF_NC.4994  	      533	  99.812382739212     	  0.0                	   0.18761726078799248
CUFF_NC.4995  	      533	   0.0                	  0.0                	 100.0
CUFF_NC.11359 	      533	 100.0                	  0.0                	   0.0
CUFF_NC.2667  	      533	 100.0                	  0.0                	   0.0
CUFF_NC.267   	      533	 100.0                	  0.0                	   0.0
CUFF_NC.2670  	      533	 100.0                	  0.0                	   0.0
CUFF_NC.2671  	      533	   0.9380863039399625 	  0.0                	  99.06191369606003
CUFF_NC.2673  	      533	 100.0                	  0.0                	   0.0
CUFF_NC.2674  	      533	 100.0                	  0.0                	   0.0
CUFF_NC.2675  	      533	  99.812382739212     	  0.0                	   0.18761726078799248
CUFF_NC.2677  	      533	 100.0                	  0.0                	   0.0
CUFF_NC.2678  	      533	 100.0                	  0.0                	   0.0
CUFF_NC.2680  	      533	 100.0                	  0.0                	   0.0
CUFF_NC.2681  	      533	 100.0                	  0.0                	   0.0
CUFF_NC.4965  	      533	 100.0                	  0.0                	   0.0
CUFF_NC.4932  	      533	 100.0                	  0.0                	   0.0
CUFF_NC.4934  	      533	 100.0                	  0.0                	   0.0
CUFF_NC.11384 	      477	 100.0                	  0.0                	   0.0
CUFF_NC.11385 	      485	  99.58762886597938   	  0.0                	   0.4123711340206186
CUFF_NC.11386 	      533	 100.0                	  0.0                	   0.0
CUFF_NC.11387 	      533	  99.43714821763602   	  0.0                	   0.5628517823639775
CUFF_NC.11388 	      533	  99.812382739212     	  0.0                	   0.18761726078799248
CUFF_NC.11389 	      533	 100.0                	  0.0                	   0.0
CUFF_NC.1139  	      533	  99.812382739212     	  0.0                	   0.18761726078799248
CUFF_NC.11391 	      533	  99.812382739212     	  0.0                	   0.18761726078799248
CUFF_NC.11392 	      533	 100.0                	  0.0                	   0.0
CUFF_NC.11393 	      533	 100.0                	  0.0                	   0.0
CUFF_NC.2682  	      533	 100.0                	  0.0                	   0.0
CUFF_NC.4966  	      533	 100.0                	  0.0                	   0.0
CUFF_NC.4968  	      533	 100.0                	  0.0                	   0.0
CUFF_NC.4969  	      533	 100.0                	  0.0                	   0.0
CUFF_NC.497   	      533	 100.0                	  0.0                	   0.0
CUFF_NC.4971  	      533	 100.0                	  0.0                	   0.0
CUFF_NC.4972  	      533	 100.0                	  0.0                	   0.0
CUFF_NC.4973  	      533	 100.0                	  0.0                	   0.0
CUFF_NC.4976  	      533	  15.75984990619137   	  0.0                	  84.24015009380864
CUFF_NC.4977  	      533	 100.0                	  0.0                	   0.0
CUFF_NC.4979  	      533	 100.0                	  0.0                	   0.0
CUFF_NC.4981  	      533	 100.0                	  0.0                	   0.0
CUFF_NC.4962  	      533	 100.0                	  0.0                	   0.0
CUFF_NC.4939  	      533	 100.0                	  0.0                	   0.0
CUFF_NC.4940  	      533	 100.0                	  0.0                	   0.0
CUFF_NC.4942  	      533	  89.6810506566604    	  0.0                	  10.318949343339586
CUFF_NC.4943  	      533	  99.812382739212     	  0.0                	   0.18761726078799248
CUFF_NC.4944  	      533	 100.0                	  0.0                	   0.0
CUFF_NC.4946  	      533	 100.0                	  0.0                	   0.0
CUFF_NC.4949  	      533	 100.0                	  0.0                	   0.0
CUFF_NC.4950  	      533	 100.0                	  0.0                	   0.0
CUFF_NC.4951  	      533	 100.0                	  0.0                	   0.0
CUFF_NC.4958  	      533	 100.0                	  0.0                	   0.0
CUFF_NC.4959  	      533	 100.0                	  0.0                	   0.0
CUFF_NC.4961  	      533	 100.0                	  0.0                	   0.0
CUFF_NC.4937  	      533	 100.0                	  0.0                	   0.0
CUFF_NC.11343 	      533	 100.0                	  0.0                	   0.0
CUFF_NC.11344 	      533	 100.0                	  0.0                	   0.0
CUFF_NC.11347 	      533	 100.0                	  0.0                	   0.0
CUFF_NC.11348 	      533	 100.0                	  0.0                	   0.0
CUFF_NC.11351 	      533	 100.0                	  0.0                	   0.0
CUFF_NC.3583  	      533	 100.0                	  0.0                	   0.0
CUFF_NC.3585  	      533	 100.0                	  0.0                	   0.0
CUFF_NC.3586  	      533	   0.7504690431519699 	  0.0                	  99.24953095684803
CUFF_NC.3587  	      533	 100.0                	  0.0                	   0.0
CUFF_NC.3589  	      533	 100.0                	  0.0                	   0.0
CUFF_NC.3591  	      517	  58.99419729206963   	  0.0                	  41.005802707930364
CUFF_NC.5034  	      533	 100.0                	  0.0                	   0.0
CUFF_NC.3569  	      532	   4.323308270676692  	  0.0                	  95.67669172932331
CUFF_NC.357   	      533	 100.0                	  0.0                	   0.0
CUFF_NC.3575  	      532	   0.0                	  0.0                	 100.0
CUFF_NC.3576  	      533	  99.812382739212     	  0.0                	   0.18761726078799248
CUFF_NC.3579  	      533	 100.0                	  0.0                	   0.0
CUFF_NC.358   	      533	  94.74671669793621   	  0.0                	   5.253283302063791
CUFF_NC.11352 	      533	 100.0                	  0.0                	   0.0
CUFF_NC.11353 	      533	 100.0                	  0.0                	   0.0
CUFF_NC.5079  	      533	 100.0                	  0.0                	   0.0
CUFF_NC.5083  	      533	 100.0                	  0.0                	   0.0
CUFF_NC.5084  	      533	 100.0                	  0.0                	   0.0
CUFF_NC.5089  	      533	 100.0                	  0.0                	   0.0
CUFF_NC.3592  	      533	  37.148217636022515  	  0.0                	  62.851782363977485
CUFF_NC.512   	      533	 100.0                	  0.0                	   0.0
CUFF_NC.11325 	      533	 100.0                	  0.0                	   0.0
CUFF_NC.11326 	      533	 100.0                	  0.0                	   0.0
CUFF_NC.11327 	      533	 100.0                	  0.0                	   0.0
CUFF_NC.11328 	      533	 100.0                	  0.0                	   0.0
CUFF_NC.11329 	      533	 100.0                	  0.0                	   0.0
CUFF_NC.1133  	      533	 100.0                	  0.0                	   0.0
CUFF_NC.11330 	      533	  99.62476547842401   	  0.0                	   0.37523452157598497
CUFF_NC.11331 	      533	 100.0                	  0.0                	   0.0
CUFF_NC.5090  	      533	  99.43714821763602   	  0.0                	   0.5628517823639775
CUFF_NC.5092  	      533	 100.0                	  0.0                	   0.0
CUFF_NC.11342 	      533	 100.0                	  0.0                	   0.0
CUFF_NC.5095  	      533	 100.0                	  0.0                	   0.0
CUFF_NC.5096  	      533	 100.0                	  0.0                	   0.0
CUFF_NC.5097  	      533	 100.0                	  0.0                	   0.0
CUFF_NC.5099  	      533	  99.62476547842401   	  0.0                	   0.37523452157598497
CUFF_NC.51    	      533	  99.43714821763602   	  0.0                	   0.5628517823639775
CUFF_NC.5102  	      533	 100.0                	  0.0                	   0.0
CUFF_NC.5103  	      533	 100.0                	  0.0                	   0.0
CUFF_NC.5106  	      533	 100.0                	  0.0                	   0.0
CUFF_NC.5109  	      533	   0.0                	  0.0                	 100.0
CUFF_NC.511   	      533	   3.0018761726078798 	  0.0                	  96.99812382739212
CUFF_NC.5110  	      533	 100.0                	  0.0                	   0.0
CUFF_NC.11341 	      523	   6.692160611854685  	  0.0                	  93.30783938814533
CUFF_NC.5094  	      533	  99.812382739212     	  0.0                	   0.18761726078799248
CUFF_NC.1647  	      533	 100.0                	  0.0                	   0.0
CUFF_NC.5040  	      533	 100.0                	  0.0                	   0.0
CUFF_NC.5043  	      533	 100.0                	  0.0                	   0.0
CUFF_NC.5044  	      533	 100.0                	  0.0                	   0.0
CUFF_NC.5045  	      533	 100.0                	  0.0                	   0.0
CUFF_NC.5046  	      533	 100.0                	  0.0                	   0.0
CUFF_NC.5047  	      533	  99.812382739212     	  0.0                	   0.18761726078799248
CUFF_NC.5048  	      533	 100.0                	  0.0                	   0.0
CUFF_NC.5049  	      533	 100.0                	  0.0                	   0.0
CUFF_NC.505   	      533	 100.0                	  0.0                	   0.0
CUFF_NC.5052  	      533	 100.0                	  0.0                	   0.0
CUFF_NC.1649  	      533	 100.0                	  0.0                	   0.0
CUFF_NC.5055  	      533	 100.0                	  0.0                	   0.0
CUFF_NC.5056  	      533	  97.93621013133207   	  0.0                	   2.0637898686679175
CUFF_NC.5058  	      533	 100.0                	  0.0                	   0.0
CUFF_NC.5020  	      533	 100.0                	  0.0                	   0.0
CUFF_NC.5022  	      459	  61.87363834422658   	  0.0                	  38.12636165577342
CUFF_NC.5023  	      533	 100.0                	  0.0                	   0.0
CUFF_NC.5024  	      533	 100.0                	  0.0                	   0.0
CUFF_NC.5026  	      533	  99.812382739212     	  0.0                	   0.18761726078799248
CUFF_NC.5027  	      533	 100.0                	  0.0                	   0.0
CUFF_NC.5028  	      533	 100.0                	  0.0                	   0.0
CUFF_NC.503   	      533	 100.0                	  0.0                	   0.0
CUFF_NC.5033  	      533	  99.62476547842401   	  0.0                	   0.37523452157598497
CUFF_NC.5054  	      533	 100.0                	  0.0                	   0.0
CUFF_NC.165   	      533	 100.0                	  0.0                	   0.0
CUFF_NC.1650  	      533	 100.0                	  0.0                	   0.0
CUFF_NC.1652  	      533	  99.62476547842401   	  0.0                	   0.37523452157598497
CUFF_NC.1653  	      533	 100.0                	  0.0                	   0.0
CUFF_NC.1654  	      533	 100.0                	  0.0                	   0.0
CUFF_NC.1655  	      533	 100.0                	  0.0                	   0.0
CUFF_NC.1656  	      522	   0.7662835249042145 	  0.0                	  99.23371647509579
CUFF_NC.2662  	      533	 100.0                	  0.0                	   0.0
CUFF_NC.2663  	      533	 100.0                	  0.0                	   0.0
CUFF_NC.2664  	      533	 100.0                	  0.0                	   0.0
CUFF_NC.5074  	      503	  99.60238568588468   	  0.0                	   0.3976143141153081
CUFF_NC.5073  	      533	 100.0                	  0.0                	   0.0
CUFF_NC.5059  	      532	 100.0                	  0.0                	   0.0
CUFF_NC.506   	      533	 100.0                	  0.0                	   0.0
CUFF_NC.5060  	      533	  99.62476547842401   	  0.0                	   0.37523452157598497
CUFF_NC.5061  	      533	 100.0                	  0.0                	   0.0
CUFF_NC.5062  	      533	 100.0                	  0.0                	   0.0
CUFF_NC.5064  	      533	 100.0                	  0.0                	   0.0
CUFF_NC.5065  	      533	  97.93621013133207   	  0.0                	   2.0637898686679175
CUFF_NC.5067  	      533	 100.0                	  0.0                	   0.0
CUFF_NC.5068  	      533	 100.0                	  0.0                	   0.0
CUFF_NC.5069  	      533	   3.564727954971857  	  0.0                	  96.43527204502814
CUFF_NC.507   	      533	   0.7504690431519699 	  0.0                	  99.24953095684803
CUFF_NC.5070  	      533	 100.0                	  0.0                	   0.0
CUFF_NC.11340 	      533	 100.0                	  0.0                	   0.0
CUFF_NC.398   	      533	 100.0                	  0.0                	   0.0
CUFF_NC.3982  	      531	  98.87005649717514   	  0.0                	   1.1299435028248588
CUFF_NC.3983  	      533	 100.0                	  0.0                	   0.0
CUFF_NC.3985  	      533	 100.0                	  0.0                	   0.0
CUFF_NC.3986  	      533	 100.0                	  0.0                	   0.0
CUFF_NC.3987  	      533	  46.34146341463415   	  0.0                	  53.65853658536586
CUFF_NC.3988  	      533	  18.01125703564728   	  0.0                	  81.98874296435272
CUFF_NC.399   	      533	 100.0                	  0.0                	   0.0
CUFF_NC.3991  	      533	 100.0                	  0.0                	   0.0
CUFF_NC.3994  	      533	 100.0                	  0.0                	   0.0
CUFF_NC.282   	      533	 100.0                	  0.0                	   0.0
CUFF_NC.4530  	      533	 100.0                	  0.0                	   0.0
CUFF_NC.2824  	      533	 100.0                	  0.0                	   0.0
CUFF_NC.2825  	      533	  99.24953095684803   	  0.0                	   0.7504690431519699
CUFF_NC.2828  	      533	 100.0                	  0.0                	   0.0
CUFF_NC.2829  	      533	 100.0                	  0.0                	   0.0
CUFF_NC.2830  	      533	   1.125703564727955  	  0.0                	  98.87429643527204
CUFF_NC.2831  	      533	 100.0                	  0.0                	   0.0
CUFF_NC.2833  	      533	 100.0                	  0.0                	   0.0
CUFF_NC.2834  	      533	 100.0                	  0.0                	   0.0
CUFF_NC.3960  	      533	 100.0                	  0.0                	   0.0
CUFF_NC.3961  	      533	  26.641651031894938  	  0.0                	  73.35834896810508
CUFF_NC.1377  	      533	   0.0                	  0.0                	 100.0
CUFF_NC.2820  	      533	  21.200750469043154  	  0.0                	  78.79924953095684
CUFF_NC.4004  	      336	  94.64285714285714   	  0.0                	   5.357142857142857
CUFF_NC.4008  	      533	  98.49906191369607   	  0.0                	   1.5009380863039399
CUFF_NC.4009  	      533	 100.0                	  0.0                	   0.0
CUFF_NC.4012  	      533	  99.62476547842401   	  0.0                	   0.37523452157598497
CUFF_NC.4014  	      533	 100.0                	  0.0                	   0.0
CUFF_NC.4018  	      533	 100.0                	  0.0                	   0.0
CUFF_NC.402   	      533	   0.18761726078799248	  0.0                	  99.812382739212
CUFF_NC.3995  	      533	 100.0                	  0.0                	   0.0
CUFF_NC.1358  	      525	   0.38095238095238093	  0.0                	  99.61904761904762
CUFF_NC.1359  	      533	   0.0                	  0.0                	 100.0
CUFF_NC.136   	      533	 100.0                	  0.0                	   0.0
CUFF_NC.3978  	      533	 100.0                	  0.0                	   0.0
CUFF_NC.1362  	      529	   4.3478260869565215 	  0.0                	  95.65217391304348
CUFF_NC.1363  	      533	   0.0                	  0.0                	 100.0
CUFF_NC.1364  	      532	   0.7518796992481203 	  0.0                	  99.24812030075188
CUFF_NC.1365  	      533	   0.18761726078799248	  0.0                	  99.812382739212
CUFF_NC.1366  	      533	   0.18761726078799248	  0.0                	  99.812382739212
CUFF_NC.1367  	      529	   0.5671077504725899 	  0.0                	  99.4328922495274
CUFF_NC.1368  	      529	   0.0                	  0.0                	 100.0
CUFF_NC.1369  	      530	   0.9433962264150944 	  0.0                	  99.05660377358491
CUFF_NC.137   	      533	 100.0                	  0.0                	   0.0
CUFF_NC.1370  	      532	   0.0                	  0.0                	 100.0
CUFF_NC.3966  	      533	  99.812382739212     	  0.0                	   0.18761726078799248
CUFF_NC.3972  	      533	  99.62476547842401   	  0.0                	   0.37523452157598497
CUFF_NC.1360  	      533	   0.0                	  0.0                	 100.0
CUFF_NC.3911  	      533	 100.0                	  0.0                	   0.0
CUFF_NC.3914  	      533	  99.24953095684803   	  0.0                	   0.7504690431519699
CUFF_NC.3916  	      533	 100.0                	  0.0                	   0.0
CUFF_NC.392   	      533	 100.0                	  0.0                	   0.0
CUFF_NC.3920  	      533	  45.96622889305816   	  0.0                	  54.03377110694184
CUFF_NC.3922  	      533	  99.812382739212     	  0.0                	   0.18761726078799248
CUFF_NC.3924  	      533	 100.0                	  0.0                	   0.0
CUFF_NC.3925  	      533	 100.0                	  0.0                	   0.0
CUFF_NC.3926  	      533	  99.812382739212     	  0.0                	   0.18761726078799248
CUFF_NC.3927  	      533	 100.0                	  0.0                	   0.0
CUFF_NC.3931  	      533	 100.0                	  0.0                	   0.0
CUFF_NC.1378  	      517	   1.7408123791102514 	  0.0                	  98.25918762088975
CUFF_NC.3901  	      533	 100.0                	  0.0                	   0.0
CUFF_NC.1387  	      469	   4.690831556503198  	  0.0                	  95.3091684434968
CUFF_NC.1388  	        7	  14.285714285714285  	  0.0                	  85.71428571428571
CUFF_NC.1389  	       11	  18.181818181818183  	  0.0                	  81.81818181818183
CUFF_NC.1390  	      533	   0.0                	  0.0                	 100.0
CUFF_NC.1393  	      530	   0.18867924528301888	  0.0                	  99.81132075471699
CUFF_NC.1394  	      533	   0.9380863039399625 	  0.0                	  99.06191369606003
CUFF_NC.1396  	      525	  94.66666666666667   	  0.0                	   5.333333333333334
CUFF_NC.1398  	      533	   0.0                	  0.0                	 100.0
CUFF_NC.1399  	      301	   3.322259136212625  	  0.0                	  96.67774086378738
CUFF_NC.3877  	      533	 100.0                	  0.0                	   0.0
CUFF_NC.3878  	      533	 100.0                	  0.0                	   0.0
CUFF_NC.3932  	      532	  99.43609022556392   	  0.0                	   0.5639097744360901
CUFF_NC.1379  	      533	   0.0                	  0.0                	 100.0
CUFF_NC.1380  	      532	   0.9398496240601504 	  0.0                	  99.06015037593986
CUFF_NC.1381  	      451	   4.656319290465632  	  0.0                	  95.34368070953437
CUFF_NC.1382  	      105	   8.571428571428571  	  0.0                	  91.42857142857143
CUFF_NC.1383  	      249	   2.0080321285140563 	  0.0                	  97.99196787148594
CUFF_NC.1384  	      425	  19.294117647058822  	  0.0                	  80.70588235294117
CUFF_NC.1385  	      533	   0.0                	  0.0                	 100.0
CUFF_NC.1386  	      533	   0.0                	  0.0                	 100.0
CUFF_NC.3958  	      533	 100.0                	  0.0                	   0.0
CUFF_NC.3959  	      533	  99.24953095684803   	  0.0                	   0.7504690431519699
CUFF_NC.2817  	      533	 100.0                	  0.0                	   0.0
CUFF_NC.3910  	      533	 100.0                	  0.0                	   0.0
CUFF_NC.3937  	      520	  10.384615384615385  	  0.0                	  89.61538461538461
CUFF_NC.3938  	      519	  13.294797687861271  	  0.0                	  86.70520231213872
CUFF_NC.3940  	      533	 100.0                	  0.0                	   0.0
CUFF_NC.3942  	      533	 100.0                	  0.0                	   0.0
CUFF_NC.3943  	      533	 100.0                	  0.0                	   0.0
CUFF_NC.3946  	      533	   0.0                	  0.0                	 100.0
CUFF_NC.3947  	      533	   4.878048780487805  	  0.0                	  95.1219512195122
CUFF_NC.3948  	      530	  84.90566037735849   	  0.0                	  15.09433962264151
CUFF_NC.1372  	      533	   5.816135084427768  	  0.0                	  94.18386491557223
CUFF_NC.1374  	      516	   0.7751937984496124 	  0.0                	  99.2248062015504
CUFF_NC.1375  	      533	   0.0                	  0.0                	 100.0
CUFF_NC.1376  	      513	   0.3898635477582846 	  0.0                	  99.61013645224172
CUFF_NC.3934  	      533	 100.0                	  0.0                	   0.0
CUFF_NC.3656  	      533	 100.0                	  0.0                	   0.0
CUFF_NC.3657  	      533	  99.812382739212     	  0.0                	   0.18761726078799248
CUFF_NC.3659  	      533	  99.43714821763602   	  0.0                	   0.5628517823639775
CUFF_NC.366   	      533	  99.62476547842401   	  0.0                	   0.37523452157598497
CUFF_NC.3661  	      533	  99.812382739212     	  0.0                	   0.18761726078799248
CUFF_NC.3663  	      533	 100.0                	  0.0                	   0.0
CUFF_NC.133   	      533	 100.0                	  0.0                	   0.0
CUFF_NC.1330  	      509	  22.593320235756384  	  0.0                	  77.40667976424362
CUFF_NC.1331  	      514	  22.762645914396888  	  0.0                	  77.23735408560312
CUFF_NC.1334  	      509	  11.394891944990176  	  0.0                	  88.60510805500982
CUFF_NC.1338  	      533	 100.0                	  0.0                	   0.0
CUFF_NC.4001  	      533	 100.0                	  0.0                	   0.0
CUFF_NC.4056  	      533	 100.0                	  0.0                	   0.0
CUFF_NC.4057  	      533	 100.0                	  0.0                	   0.0
CUFF_NC.4058  	      533	 100.0                	  0.0                	   0.0
CUFF_NC.4059  	      533	 100.0                	  0.0                	   0.0
CUFF_NC.4061  	      533	  18.01125703564728   	  0.0                	  81.98874296435272
CUFF_NC.4063  	      533	 100.0                	  0.0                	   0.0
CUFF_NC.4064  	      533	 100.0                	  0.0                	   0.0
CUFF_NC.4065  	      533	 100.0                	  0.0                	   0.0
CUFF_NC.4066  	      533	 100.0                	  0.0                	   0.0
CUFF_NC.4067  	      533	 100.0                	  0.0                	   0.0
CUFF_NC.4068  	      533	 100.0                	  0.0                	   0.0
CUFF_NC.4075  	      533	 100.0                	  0.0                	   0.0
CUFF_NC.4055  	      533	 100.0                	  0.0                	   0.0
CUFF_NC.4126  	      533	 100.0                	  0.0                	   0.0
CUFF_NC.1340  	      444	  38.73873873873874   	  0.0                	  61.261261261261254
CUFF_NC.4087  	      533	 100.0                	  0.0                	   0.0
CUFF_NC.4091  	      533	  82.36397748592871   	  0.0                	  17.636022514071296
CUFF_NC.4092  	      533	 100.0                	  0.0                	   0.0
CUFF_NC.4093  	      533	 100.0                	  0.0                	   0.0
CUFF_NC.4097  	      533	  99.62476547842401   	  0.0                	   0.37523452157598497
CUFF_NC.4098  	      533	 100.0                	  0.0                	   0.0
CUFF_NC.41    	      533	  99.06191369606003   	  0.0                	   0.9380863039399625
CUFF_NC.410   	      533	  98.49906191369607   	  0.0                	   1.5009380863039399
CUFF_NC.4101  	      533	 100.0                	  0.0                	   0.0
CUFF_NC.3655  	      314	  18.152866242038215  	  0.0                	  81.84713375796179
CUFF_NC.4105  	      533	 100.0                	  0.0                	   0.0
CUFF_NC.4076  	      533	 100.0                	  0.0                	   0.0
CUFF_NC.4082  	      533	 100.0                	  0.0                	   0.0
CUFF_NC.4086  	      533	  99.812382739212     	  0.0                	   0.18761726078799248
CUFF_NC.1326  	      457	   4.3763676148796495 	  0.0                	  95.62363238512035
CUFF_NC.1327  	      533	  18.94934333958724   	  0.0                	  81.05065666041276
CUFF_NC.1329  	      376	  88.29787234042553   	  0.0                	  11.702127659574469
CUFF_NC.3683  	      533	  36.39774859287054   	  0.0                	  63.60225140712945
CUFF_NC.1448  	      532	   0.18796992481203006	  0.0                	  99.81203007518798
CUFF_NC.1451  	      533	 100.0                	  0.0                	   0.0
CUFF_NC.1452  	      510	   1.7647058823529411 	  0.0                	  98.23529411764706
CUFF_NC.1453  	      533	   0.18761726078799248	  0.0                	  99.812382739212
CUFF_NC.4103  	      533	   3.189493433395872  	  0.0                	  96.81050656660413
CUFF_NC.3674  	      533	   9.568480300187618  	  0.0                	  90.43151969981238
CUFF_NC.3675  	      533	  99.812382739212     	  0.0                	   0.18761726078799248
CUFF_NC.3677  	      533	 100.0                	  0.0                	   0.0
CUFF_NC.3678  	      533	  20.637898686679172  	  0.0                	  79.36210131332082
CUFF_NC.3679  	      533	 100.0                	  0.0                	   0.0
CUFF_NC.3680  	      533	 100.0                	  0.0                	   0.0
CUFF_NC.3681  	      533	   0.5628517823639775 	  0.0                	  99.43714821763602
CUFF_NC.2814  	      533	 100.0                	  0.0                	   0.0
CUFF_NC.1346  	      531	   3.2015065913371    	  0.0                	  96.7984934086629
CUFF_NC.1347  	      524	   4.3893129770992365 	  0.0                	  95.61068702290076
CUFF_NC.4022  	      533	 100.0                	  0.0                	   0.0
CUFF_NC.135   	      533	 100.0                	  0.0                	   0.0
CUFF_NC.4029  	      533	 100.0                	  0.0                	   0.0
CUFF_NC.403   	      533	 100.0                	  0.0                	   0.0
CUFF_NC.4030  	      533	 100.0                	  0.0                	   0.0
CUFF_NC.4033  	      533	 100.0                	  0.0                	   0.0
CUFF_NC.404   	      533	 100.0                	  0.0                	   0.0
CUFF_NC.1342  	      532	   2.0676691729323307 	  0.0                	  97.93233082706767
CUFF_NC.1618  	      533	 100.0                	  0.0                	   0.0
CUFF_NC.1619  	      533	 100.0                	  0.0                	   0.0
CUFF_NC.1371  	      533	   0.0                	  0.0                	 100.0
CUFF_NC.3999  	      533	  98.49906191369607   	  0.0                	   1.5009380863039399
CUFF_NC.40    	      533	  93.62101313320825   	  0.0                	   6.378986866791744
CUFF_NC.400   	      533	 100.0                	  0.0                	   0.0
CUFF_NC.4024  	      533	 100.0                	  0.0                	   0.0
CUFF_NC.1350  	      523	   6.5009560229445515 	  0.0                	  93.49904397705545
CUFF_NC.1351  	      522	   9.961685823754788  	  0.0                	  90.03831417624522
CUFF_NC.1352  	      533	   0.0                	  0.0                	 100.0
CUFF_NC.1353  	      510	   1.5686274509803921 	  0.0                	  98.4313725490196
CUFF_NC.1354  	      529	   1.7013232514177694 	  0.0                	  98.29867674858222
CUFF_NC.4042  	      533	 100.0                	  0.0                	   0.0
CUFF_NC.4043  	      533	  99.812382739212     	  0.0                	   0.18761726078799248
CUFF_NC.4045  	      533	  99.812382739212     	  0.0                	   0.18761726078799248
CUFF_NC.4047  	      533	 100.0                	  0.0                	   0.0
CUFF_NC.405   	      533	 100.0                	  0.0                	   0.0
CUFF_NC.4052  	      533	 100.0                	  0.0                	   0.0
CUFF_NC.3697  	      532	  34.21052631578947   	  0.0                	  65.78947368421053
CUFF_NC.1622  	      478	   2.7196652719665275 	  0.0                	  97.28033472803347
CUFF_NC.1623  	      416	  10.096153846153847  	  0.0                	  89.90384615384616
CUFF_NC.1625  	      533	 100.0                	  0.0                	   0.0
CUFF_NC.1626  	      533	 100.0                	  0.0                	   0.0
CUFF_NC.1627  	      533	 100.0                	  0.0                	   0.0
CUFF_NC.2810  	      532	  99.81203007518798   	  0.0                	   0.18796992481203006
CUFF_NC.3689  	      533	 100.0                	  0.0                	   0.0
CUFF_NC.369   	      533	 100.0                	  0.0                	   0.0
CUFF_NC.3690  	      470	   4.042553191489362  	  0.0                	  95.95744680851064
CUFF_NC.3693  	      533	 100.0                	  0.0                	   0.0
CUFF_NC.3694  	      533	 100.0                	  0.0                	   0.0
CUFF_NC.3696  	      533	  99.62476547842401   	  0.0                	   0.37523452157598497
CUFF_NC.162   	      533	 100.0                	  0.0                	   0.0
CUFF_NC.3707  	      533	 100.0                	  0.0                	   0.0
CUFF_NC.3708  	      533	 100.0                	  0.0                	   0.0
CUFF_NC.3709  	      533	 100.0                	  0.0                	   0.0
CUFF_NC.1418  	      488	   4.098360655737705  	  0.0                	  95.90163934426229
CUFF_NC.1419  	      117	  39.31623931623932   	  0.0                	  60.68376068376068
CUFF_NC.142   	      533	 100.0                	  0.0                	   0.0
CUFF_NC.1420  	      475	  18.10526315789474   	  0.0                	  81.89473684210526
CUFF_NC.1421  	      408	   9.558823529411764  	  0.0                	  90.44117647058823
CUFF_NC.3754  	      533	 100.0                	  0.0                	   0.0
CUFF_NC.1601  	      466	  36.26609442060086   	  0.0                	  63.73390557939914
CUFF_NC.1603  	      533	  14.446529080675422  	  0.0                	  85.55347091932458
CUFF_NC.388   	      533	  98.31144465290807   	  0.0                	   1.6885553470919326
CUFF_NC.1606  	      533	 100.0                	  0.0                	   0.0
CUFF_NC.1608  	      533	 100.0                	  0.0                	   0.0
CUFF_NC.1609  	      524	   0.19083969465648853	  0.0                	  99.80916030534351
CUFF_NC.161   	      520	   3.076923076923077  	  0.0                	  96.92307692307692
CUFF_NC.1612  	      533	 100.0                	  0.0                	   0.0
CUFF_NC.2856  	      533	 100.0                	  0.0                	   0.0
CUFF_NC.2858  	      533	 100.0                	  0.0                	   0.0
CUFF_NC.2861  	      533	 100.0                	  0.0                	   0.0
CUFF_NC.3756  	      533	 100.0                	  0.0                	   0.0
CUFF_NC.1447  	      527	   1.8975332068311195 	  0.0                	  98.10246679316889
CUFF_NC.3727  	      533	   0.9380863039399625 	  0.0                	  99.06191369606003
CUFF_NC.1604  	      533	   0.0                	  0.0                	 100.0
CUFF_NC.3809  	      373	  12.868632707774799  	  0.0                	  87.1313672922252
CUFF_NC.3810  	      533	 100.0                	  0.0                	   0.0
CUFF_NC.1423  	      464	   7.543103448275862  	  0.0                	  92.45689655172413
CUFF_NC.1425  	      516	  89.53488372093024   	  0.0                	  10.465116279069768
CUFF_NC.1427  	      506	   3.557312252964427  	  0.0                	  96.44268774703558
CUFF_NC.1428  	      531	   2.0715630885122414 	  0.0                	  97.92843691148776
CUFF_NC.1429  	      523	   2.48565965583174   	  0.0                	  97.51434034416826
CUFF_NC.3771  	      533	 100.0                	  0.0                	   0.0
CUFF_NC.3772  	      533	 100.0                	  0.0                	   0.0
CUFF_NC.3774  	      533	  26.26641651031895   	  0.0                	  73.73358348968105
CUFF_NC.3777  	      533	 100.0                	  0.0                	   0.0
CUFF_NC.3701  	      533	  99.812382739212     	  0.0                	   0.18761726078799248
CUFF_NC.3781  	      533	   0.9380863039399625 	  0.0                	  99.06191369606003
CUFF_NC.3782  	      533	  99.62476547842401   	  0.0                	   0.37523452157598497
CUFF_NC.3783  	      533	  75.60975609756098   	  0.0                	  24.390243902439025
CUFF_NC.3760  	      533	 100.0                	  0.0                	   0.0
CUFF_NC.3766  	      257	  14.396887159533073  	  0.0                	  85.60311284046692
CUFF_NC.3768  	      533	 100.0                	  0.0                	   0.0
CUFF_NC.3770  	       28	  32.142857142857146  	  0.0                	  67.85714285714286
CUFF_NC.1437  	      515	   3.4951456310679614 	  0.0                	  96.50485436893203
CUFF_NC.144   	      533	 100.0                	  0.0                	   0.0
CUFF_NC.1441  	      471	  11.040339702760086  	  0.0                	  88.95966029723992
CUFF_NC.1442  	      422	   5.213270142180095  	  0.0                	  94.7867298578199
CUFF_NC.37    	      533	 100.0                	  0.0                	   0.0
CUFF_NC.3778  	      533	 100.0                	  0.0                	   0.0
CUFF_NC.10000 	      530	   0.18867924528301888	  0.0                	  99.81132075471699
CUFF_NC.10001 	      532	   0.37593984962406013	  0.0                	  99.62406015037594
CUFF_NC.1001  	      533	  99.812382739212     	  0.0                	   0.18761726078799248
CUFF_NC.10010 	      479	   2.9227557411273484 	  0.0                	  97.07724425887265
CUFF_NC.10011 	      494	   2.0242914979757085 	  0.0                	  97.97570850202429
CUFF_NC.9975  	      532	   0.37593984962406013	  0.0                	  99.62406015037594
CUFF_NC.9964  	      533	  29.268292682926827  	  0.0                	  70.73170731707317
CUFF_NC.9965  	      533	  25.70356472795497   	  0.0                	  74.29643527204503
CUFF_NC.9966  	      533	   4.127579737335835  	  0.0                	  95.87242026266416
CUFF_NC.1002  	      533	 100.0                	  0.0                	   0.0
CUFF_NC.10007 	      518	   6.94980694980695   	  0.0                	  93.05019305019306
CUFF_NC.3730  	      533	 100.0                	  0.0                	   0.0
CUFF_NC.10005 	      466	   2.3605150214592276 	  0.0                	  97.63948497854076
CUFF_NC.10003 	      533	   0.0                	  0.0                	 100.0
CUFF_NC.9967  	      533	   2.4390243902439024 	  0.0                	  97.5609756097561
CUFF_NC.9946  	      528	   4.545454545454546  	  0.0                	  95.45454545454545
CUFF_NC.1902  	      533	 100.0                	  0.0                	   0.0
CUFF_NC.10025 	      491	   7.3319755600814664 	  0.0                	  92.66802443991853
CUFF_NC.9960  	      533	   0.0                	  0.0                	 100.0
CUFF_NC.9963  	      533	  70.91932457786116   	  0.0                	  29.080675422138835
CUFF_NC.9995  	      520	   7.115384615384615  	  0.0                	  92.88461538461539
CUFF_NC.9996  	      531	   0.18832391713747645	  0.0                	  99.81167608286252
CUFF_NC.9997  	      533	  32.4577861163227    	  0.0                	  67.54221388367729
CUFF_NC.9998  	      533	   0.0                	  0.0                	 100.0
CUFF_NC.10006 	      456	   2.1929824561403506 	  0.0                	  97.80701754385966
CUFF_NC.3736  	      533	 100.0                	  0.0                	   0.0
CUFF_NC.3738  	      533	 100.0                	  0.0                	   0.0
CUFF_NC.374   	      533	 100.0                	  0.0                	   0.0
CUFF_NC.3741  	      533	  99.812382739212     	  0.0                	   0.18761726078799248
CUFF_NC.3744  	      533	  99.812382739212     	  0.0                	   0.18761726078799248
CUFF_NC.3746  	      533	 100.0                	  0.0                	   0.0
CUFF_NC.3747  	      533	  95.30956848030019   	  0.0                	   4.690431519699812
CUFF_NC.375   	      533	 100.0                	  0.0                	   0.0
CUFF_NC.3750  	      526	  15.96958174904943   	  0.0                	  84.03041825095056
CUFF_NC.3752  	      533	 100.0                	  0.0                	   0.0
CUFF_NC.3753  	      533	 100.0                	  0.0                	   0.0
CUFF_NC.10019 	      482	   5.186721991701245  	  0.0                	  94.81327800829875
CUFF_NC.3720  	      533	  99.812382739212     	  0.0                	   0.18761726078799248
CUFF_NC.3722  	      533	 100.0                	  0.0                	   0.0
CUFF_NC.3725  	      528	   1.5151515151515151 	  0.0                	  98.48484848484848
CUFF_NC.3726  	      470	   3.6170212765957444 	  0.0                	  96.38297872340425
CUFF_NC.1432  	      533	   0.18761726078799248	  0.0                	  99.812382739212
CUFF_NC.1434  	      466	   4.07725321888412   	  0.0                	  95.92274678111588
CUFF_NC.1435  	      472	   4.872881355932203  	  0.0                	  95.12711864406779
CUFF_NC.1436  	      459	   6.535947712418301  	  0.0                	  93.4640522875817
CUFF_NC.1903  	      533	 100.0                	  0.0                	   0.0
CUFF_NC.1904  	      532	  99.62406015037594   	  0.0                	   0.37593984962406013
CUFF_NC.1905  	      533	  99.812382739212     	  0.0                	   0.18761726078799248
CUFF_NC.10018 	      533	   0.0                	  0.0                	 100.0
CUFF_NC.3719  	      533	 100.0                	  0.0                	   0.0
CUFF_NC.1458  	      501	   1.5968063872255487 	  0.0                	  98.40319361277446
CUFF_NC.1459  	      531	   0.5649717514124294 	  0.0                	  99.43502824858757
CUFF_NC.1461  	      533	   0.0                	  0.0                	 100.0
CUFF_NC.3684  	      533	 100.0                	  0.0                	   0.0
CUFF_NC.3870  	      533	  99.812382739212     	  0.0                	   0.18761726078799248
CUFF_NC.3871  	      533	   0.37523452157598497	  0.0                	  99.62476547842401
CUFF_NC.3872  	      530	   0.18867924528301888	  0.0                	  99.81132075471699
CUFF_NC.3873  	      533	 100.0                	  0.0                	   0.0
CUFF_NC.3874  	      533	 100.0                	  0.0                	   0.0
CUFF_NC.3875  	      533	 100.0                	  0.0                	   0.0
CUFF_NC.3876  	      533	 100.0                	  0.0                	   0.0
CUFF_NC.3808  	      533	 100.0                	  0.0                	   0.0
CUFF_NC.2840  	      533	  99.812382739212     	  0.0                	   0.18761726078799248
CUFF_NC.2842  	      533	 100.0                	  0.0                	   0.0
CUFF_NC.2843  	      533	 100.0                	  0.0                	   0.0
CUFF_NC.2844  	      533	  99.62476547842401   	  0.0                	   0.37523452157598497
CUFF_NC.2845  	      533	 100.0                	  0.0                	   0.0
CUFF_NC.2849  	      533	 100.0                	  0.0                	   0.0
CUFF_NC.2853  	      533	 100.0                	  0.0                	   0.0
CUFF_NC.16    	      533	  99.62476547842401   	  0.0                	   0.37523452157598497
CUFF_NC.1600  	      469	  36.247334754797436  	  0.0                	  63.75266524520256
CUFF_NC.3854  	      533	 100.0                	  0.0                	   0.0
CUFF_NC.3834  	      533	  99.812382739212     	  0.0                	   0.18761726078799248
CUFF_NC.3835  	      533	 100.0                	  0.0                	   0.0
CUFF_NC.2838  	      533	 100.0                	  0.0                	   0.0
CUFF_NC.3880  	      533	 100.0                	  0.0                	   0.0
CUFF_NC.3882  	      533	 100.0                	  0.0                	   0.0
CUFF_NC.3884  	      533	 100.0                	  0.0                	   0.0
CUFF_NC.3885  	      533	 100.0                	  0.0                	   0.0
CUFF_NC.3886  	      533	 100.0                	  0.0                	   0.0
CUFF_NC.3888  	      531	 100.0                	  0.0                	   0.0
CUFF_NC.3890  	      533	 100.0                	  0.0                	   0.0
CUFF_NC.3891  	      327	  15.59633027522936   	  0.0                	  84.40366972477065
CUFF_NC.3894  	      533	  99.43714821763602   	  0.0                	   0.5628517823639775
CUFF_NC.3895  	      533	 100.0                	  0.0                	   0.0
CUFF_NC.390   	      533	 100.0                	  0.0                	   0.0
CUFF_NC.1457  	      530	   2.2641509433962264 	  0.0                	  97.73584905660377
CUFF_NC.386   	      533	 100.0                	  0.0                	   0.0
CUFF_NC.3861  	      533	 100.0                	  0.0                	   0.0
CUFF_NC.3863  	      533	   0.0                	  0.0                	 100.0
CUFF_NC.3864  	      533	   0.0                	  0.0                	 100.0
CUFF_NC.3868  	      533	 100.0                	  0.0                	   0.0
CUFF_NC.3712  	      533	  37.148217636022515  	  0.0                	  62.851782363977485
CUFF_NC.3715  	      533	 100.0                	  0.0                	   0.0
CUFF_NC.3716  	      533	 100.0                	  0.0                	   0.0
CUFF_NC.3717  	      533	  99.812382739212     	  0.0                	   0.18761726078799248
CUFF_NC.3718  	      533	 100.0                	  0.0                	   0.0
CUFF_NC.1454  	      515	   4.271844660194175  	  0.0                	  95.72815533980582
CUFF_NC.1456  	      472	  52.7542372881356    	  0.0                	  47.24576271186441
CUFF_NC.3858  	      533	  32.645403377110696  	  0.0                	  67.3545966228893
CUFF_NC.3813  	      533	 100.0                	  0.0                	   0.0
CUFF_NC.3814  	      533	   0.18761726078799248	  0.0                	  99.812382739212
CUFF_NC.3815  	      533	  10.881801125703564  	  0.0                	  89.11819887429644
CUFF_NC.3817  	      533	 100.0                	  0.0                	   0.0
CUFF_NC.3819  	      533	 100.0                	  0.0                	   0.0
CUFF_NC.3822  	      533	 100.0                	  0.0                	   0.0
CUFF_NC.3823  	      532	   0.18796992481203006	  0.0                	  99.81203007518798
CUFF_NC.3824  	      533	   0.5628517823639775 	  0.0                	  99.43714821763602
CUFF_NC.3825  	      533	 100.0                	  0.0                	   0.0
CUFF_NC.3826  	      533	 100.0                	  0.0                	   0.0
CUFF_NC.3827  	      533	 100.0                	  0.0                	   0.0
CUFF_NC.384   	      533	  98.68667917448406   	  0.0                	   1.3133208255159476
CUFF_NC.3829  	      533	 100.0                	  0.0                	   0.0
CUFF_NC.383   	      533	 100.0                	  0.0                	   0.0
CUFF_NC.3788  	      533	  99.62476547842401   	  0.0                	   0.37523452157598497
CUFF_NC.379   	      533	 100.0                	  0.0                	   0.0
CUFF_NC.3794  	      533	 100.0                	  0.0                	   0.0
CUFF_NC.3795  	      533	 100.0                	  0.0                	   0.0
CUFF_NC.3797  	      533	  98.87429643527204   	  0.0                	   1.125703564727955
CUFF_NC.38    	      533	 100.0                	  0.0                	   0.0
CUFF_NC.380   	      533	 100.0                	  0.0                	   0.0
CUFF_NC.3801  	      533	 100.0                	  0.0                	   0.0
CUFF_NC.3804  	      533	  90.61913696060037   	  0.0                	   9.380863039399625
CUFF_NC.3805  	      533	  90.61913696060037   	  0.0                	   9.380863039399625
CUFF_NC.3828  	      533	 100.0                	  0.0                	   0.0
CUFF_NC.3843  	      533	 100.0                	  0.0                	   0.0
CUFF_NC.3844  	      533	 100.0                	  0.0                	   0.0
CUFF_NC.3846  	      533	 100.0                	  0.0                	   0.0
CUFF_NC.3847  	      533	 100.0                	  0.0                	   0.0
CUFF_NC.3848  	      533	  99.812382739212     	  0.0                	   0.18761726078799248
CUFF_NC.3849  	      533	 100.0                	  0.0                	   0.0
CUFF_NC.385   	      533	 100.0                	  0.0                	   0.0
CUFF_NC.3850  	      533	 100.0                	  0.0                	   0.0
CUFF_NC.3851  	      533	 100.0                	  0.0                	   0.0
CUFF_NC.2835  	      533	 100.0                	  0.0                	   0.0
CUFF_NC.2836  	      532	  99.62406015037594   	  0.0                	   0.37593984962406013
CUFF_NC.3811  	      533	  99.812382739212     	  0.0                	   0.18761726078799248
CUFF_NC.1401  	      486	  11.728395061728394  	  0.0                	  88.27160493827161
CUFF_NC.1402  	      501	   2.9940119760479043 	  0.0                	  97.0059880239521
CUFF_NC.1404  	      413	  23.728813559322035  	  0.0                	  76.27118644067797
CUFF_NC.1405  	      531	   5.4613935969868175 	  0.0                	  94.53860640301318
CUFF_NC.1407  	      533	   0.0                	  0.0                	 100.0
CUFF_NC.1408  	      412	   3.640776699029126  	  0.0                	  96.35922330097088
CUFF_NC.141   	      533	 100.0                	  0.0                	   0.0
CUFF_NC.1410  	      532	   0.7518796992481203 	  0.0                	  99.24812030075188
CUFF_NC.1411  	      526	   0.0                	  0.0                	 100.0
CUFF_NC.1413  	      533	   0.0                	  0.0                	 100.0
CUFF_NC.3832  	      533	  12.382739212007504  	  0.0                	  87.61726078799249
CUFF_NC.3833  	      334	  14.97005988023952   	  0.0                	  85.02994011976048
CUFF_NC.1400  	      506	  12.845849802371543  	  0.0                	  87.15415019762845
CUFF_NC.4375  	      533	   0.5628517823639775 	  0.0                	  99.43714821763602
CUFF_NC.4377  	      533	  99.812382739212     	  0.0                	   0.18761726078799248
CUFF_NC.4378  	      533	 100.0                	  0.0                	   0.0
CUFF_NC.4379  	      533	 100.0                	  0.0                	   0.0
CUFF_NC.438   	      533	 100.0                	  0.0                	   0.0
CUFF_NC.4380  	      533	 100.0                	  0.0                	   0.0
CUFF_NC.125   	      533	 100.0                	  0.0                	   0.0
CUFF_NC.1250  	      533	   0.0                	  0.0                	 100.0
CUFF_NC.1251  	      533	   0.0                	  0.0                	 100.0
CUFF_NC.1252  	      434	  35.02304147465438   	  0.0                	  64.97695852534562
CUFF_NC.1253  	      426	  34.037558685446015  	  0.0                	  65.96244131455398
CUFF_NC.4124  	      533	  65.66604127579737   	  0.0                	  34.33395872420263
CUFF_NC.1255  	      533	  99.812382739212     	  0.0                	   0.18761726078799248
CUFF_NC.435   	      533	 100.0                	  0.0                	   0.0
CUFF_NC.4353  	      533	 100.0                	  0.0                	   0.0
CUFF_NC.4354  	      533	 100.0                	  0.0                	   0.0
CUFF_NC.4355  	      532	  94.54887218045113   	  0.0                	   5.451127819548872
CUFF_NC.4357  	      533	 100.0                	  0.0                	   0.0
CUFF_NC.4358  	      533	 100.0                	  0.0                	   0.0
CUFF_NC.4359  	      533	 100.0                	  0.0                	   0.0
CUFF_NC.4361  	      533	 100.0                	  0.0                	   0.0
CUFF_NC.4362  	      533	 100.0                	  0.0                	   0.0
CUFF_NC.4367  	      533	  99.812382739212     	  0.0                	   0.18761726078799248
CUFF_NC.1254  	      531	   0.5649717514124294 	  0.0                	  99.43502824858757
CUFF_NC.4429  	      533	 100.0                	  0.0                	   0.0
CUFF_NC.443   	      533	 100.0                	  0.0                	   0.0
CUFF_NC.4430  	      533	 100.0                	  0.0                	   0.0
CUFF_NC.4404  	      533	  99.62476547842401   	  0.0                	   0.37523452157598497
CUFF_NC.2746  	      533	 100.0                	  0.0                	   0.0
CUFF_NC.2749  	      533	 100.0                	  0.0                	   0.0
CUFF_NC.275   	      476	  99.78991596638656   	  0.0                	   0.21008403361344538
CUFF_NC.2751  	      533	 100.0                	  0.0                	   0.0
CUFF_NC.2753  	      533	  99.43714821763602   	  0.0                	   0.5628517823639775
CUFF_NC.2754  	      533	 100.0                	  0.0                	   0.0
CUFF_NC.2755  	      533	 100.0                	  0.0                	   0.0
CUFF_NC.4396  	      533	  99.62476547842401   	  0.0                	   0.37523452157598497
CUFF_NC.2760  	      533	 100.0                	  0.0                	   0.0
CUFF_NC.2761  	      533	  99.812382739212     	  0.0                	   0.18761726078799248
CUFF_NC.4406  	      533	 100.0                	  0.0                	   0.0
CUFF_NC.1261  	      428	   8.411214953271028  	  0.0                	  91.58878504672897
CUFF_NC.4383  	      532	 100.0                	  0.0                	   0.0
CUFF_NC.4385  	      533	 100.0                	  0.0                	   0.0
CUFF_NC.4386  	      533	 100.0                	  0.0                	   0.0
CUFF_NC.4387  	      533	 100.0                	  0.0                	   0.0
CUFF_NC.439   	      533	 100.0                	  0.0                	   0.0
CUFF_NC.4393  	      533	  99.06191369606003   	  0.0                	   0.9380863039399625
CUFF_NC.4394  	      533	 100.0                	  0.0                	   0.0
CUFF_NC.4395  	      527	 100.0                	  0.0                	   0.0
CUFF_NC.2759  	      533	 100.0                	  0.0                	   0.0
CUFF_NC.3635  	      533	  99.812382739212     	  0.0                	   0.18761726078799248
CUFF_NC.3636  	      527	  51.992409867172675  	  0.0                	  48.007590132827325
CUFF_NC.3637  	      533	  96.06003752345215   	  0.0                	   3.9399624765478425
CUFF_NC.2776  	      533	 100.0                	  0.0                	   0.0
CUFF_NC.2778  	      533	  82.55159474671669   	  0.0                	  17.4484052532833
CUFF_NC.2779  	      533	 100.0                	  0.0                	   0.0
CUFF_NC.2780  	      533	 100.0                	  0.0                	   0.0
CUFF_NC.4347  	      533	  85.55347091932458   	  0.0                	  14.446529080675422
CUFF_NC.4348  	      533	  85.55347091932458   	  0.0                	  14.446529080675422
CUFF_NC.4349  	      533	 100.0                	  0.0                	   0.0
CUFF_NC.4323  	      533	 100.0                	  0.0                	   0.0
CUFF_NC.4368  	      533	  99.812382739212     	  0.0                	   0.18761726078799248
CUFF_NC.4327  	      533	 100.0                	  0.0                	   0.0
CUFF_NC.4328  	      533	 100.0                	  0.0                	   0.0
CUFF_NC.4329  	      533	 100.0                	  0.0                	   0.0
CUFF_NC.433   	      533	  99.812382739212     	  0.0                	   0.18761726078799248
CUFF_NC.4331  	      533	 100.0                	  0.0                	   0.0
CUFF_NC.4334  	      533	  99.812382739212     	  0.0                	   0.18761726078799248
CUFF_NC.4335  	      533	 100.0                	  0.0                	   0.0
CUFF_NC.4337  	      533	 100.0                	  0.0                	   0.0
CUFF_NC.434   	      533	 100.0                	  0.0                	   0.0
CUFF_NC.4340  	      533	 100.0                	  0.0                	   0.0
CUFF_NC.4342  	      533	 100.0                	  0.0                	   0.0
CUFF_NC.2765  	      533	 100.0                	  0.0                	   0.0
CUFF_NC.4324  	      533	 100.0                	  0.0                	   0.0
CUFF_NC.4370  	      533	 100.0                	  0.0                	   0.0
CUFF_NC.4372  	      533	 100.0                	  0.0                	   0.0
CUFF_NC.4373  	      533	 100.0                	  0.0                	   0.0
CUFF_NC.4374  	      533	 100.0                	  0.0                	   0.0
CUFF_NC.2766  	      533	 100.0                	  0.0                	   0.0
CUFF_NC.2768  	      533	 100.0                	  0.0                	   0.0
CUFF_NC.2769  	      532	  98.49624060150376   	  0.0                	   1.5037593984962405
CUFF_NC.277   	      533	  99.812382739212     	  0.0                	   0.18761726078799248
CUFF_NC.2770  	      533	  99.812382739212     	  0.0                	   0.18761726078799248
CUFF_NC.2771  	      533	 100.0                	  0.0                	   0.0
CUFF_NC.2772  	      533	 100.0                	  0.0                	   0.0
CUFF_NC.3633  	      533	 100.0                	  0.0                	   0.0
CUFF_NC.2775  	      533	 100.0                	  0.0                	   0.0
CUFF_NC.2877  	      533	  99.62476547842401   	  0.0                	   0.37523452157598497
CUFF_NC.2878  	      533	 100.0                	  0.0                	   0.0
CUFF_NC.2883  	      533	 100.0                	  0.0                	   0.0
CUFF_NC.365   	      533	 100.0                	  0.0                	   0.0
CUFF_NC.3650  	      533	  99.812382739212     	  0.0                	   0.18761726078799248
CUFF_NC.3651  	      533	 100.0                	  0.0                	   0.0
CUFF_NC.3652  	      533	 100.0                	  0.0                	   0.0
CUFF_NC.3629  	      533	 100.0                	  0.0                	   0.0
CUFF_NC.3630  	      533	 100.0                	  0.0                	   0.0
CUFF_NC.3631  	      533	 100.0                	  0.0                	   0.0
CUFF_NC.3632  	      533	 100.0                	  0.0                	   0.0
CUFF_NC.2774  	      533	 100.0                	  0.0                	   0.0
CUFF_NC.4504  	      533	  99.62476547842401   	  0.0                	   0.37523452157598497
CUFF_NC.4506  	      533	 100.0                	  0.0                	   0.0
CUFF_NC.2721  	      533	 100.0                	  0.0                	   0.0
CUFF_NC.4478  	      533	 100.0                	  0.0                	   0.0
CUFF_NC.4481  	      533	 100.0                	  0.0                	   0.0
CUFF_NC.4483  	      533	 100.0                	  0.0                	   0.0
CUFF_NC.4484  	      533	 100.0                	  0.0                	   0.0
CUFF_NC.4485  	      512	   2.1484375          	  0.0                	  97.8515625
CUFF_NC.4486  	      533	 100.0                	  0.0                	   0.0
CUFF_NC.4487  	      533	 100.0                	  0.0                	   0.0
CUFF_NC.449   	      533	 100.0                	  0.0                	   0.0
CUFF_NC.4428  	      533	 100.0                	  0.0                	   0.0
CUFF_NC.4495  	      533	 100.0                	  0.0                	   0.0
CUFF_NC.4497  	      533	 100.0                	  0.0                	   0.0
CUFF_NC.4498  	      533	 100.0                	  0.0                	   0.0
CUFF_NC.45    	      533	  99.43714821763602   	  0.0                	   0.5628517823639775
CUFF_NC.4455  	      533	 100.0                	  0.0                	   0.0
CUFF_NC.4456  	      533	 100.0                	  0.0                	   0.0
CUFF_NC.4457  	      533	 100.0                	  0.0                	   0.0
CUFF_NC.4459  	      533	 100.0                	  0.0                	   0.0
CUFF_NC.446   	      533	 100.0                	  0.0                	   0.0
CUFF_NC.4460  	      533	 100.0                	  0.0                	   0.0
CUFF_NC.4461  	      533	 100.0                	  0.0                	   0.0
CUFF_NC.4462  	      533	 100.0                	  0.0                	   0.0
CUFF_NC.4493  	      475	  89.05263157894737   	  0.0                	  10.947368421052632
CUFF_NC.4532  	      533	 100.0                	  0.0                	   0.0
CUFF_NC.4533  	      533	 100.0                	  0.0                	   0.0
CUFF_NC.4534  	      533	 100.0                	  0.0                	   0.0
CUFF_NC.2725  	      533	 100.0                	  0.0                	   0.0
CUFF_NC.2728  	      532	 100.0                	  0.0                	   0.0
CUFF_NC.2729  	      533	  98.87429643527204   	  0.0                	   1.125703564727955
CUFF_NC.273   	      533	  99.812382739212     	  0.0                	   0.18761726078799248
CUFF_NC.2733  	      533	 100.0                	  0.0                	   0.0
CUFF_NC.2734  	      533	 100.0                	  0.0                	   0.0
CUFF_NC.274   	      533	  99.62476547842401   	  0.0                	   0.37523452157598497
CUFF_NC.2740  	      531	 100.0                	  0.0                	   0.0
CUFF_NC.1233  	      520	   1.3461538461538463 	  0.0                	  98.65384615384616
CUFF_NC.2743  	      533	 100.0                	  0.0                	   0.0
CUFF_NC.4508  	      533	 100.0                	  0.0                	   0.0
CUFF_NC.4509  	      533	 100.0                	  0.0                	   0.0
CUFF_NC.4510  	      533	 100.0                	  0.0                	   0.0
CUFF_NC.4501  	      533	 100.0                	  0.0                	   0.0
CUFF_NC.122   	      533	 100.0                	  0.0                	   0.0
CUFF_NC.1222  	      533	   0.0                	  0.0                	 100.0
CUFF_NC.1224  	      505	  65.94059405940594   	  0.0                	  34.05940594059406
CUFF_NC.1225  	      533	   0.0                	  0.0                	 100.0
CUFF_NC.123   	      533	 100.0                	  0.0                	   0.0
CUFF_NC.1231  	      523	   1.338432122370937  	  0.0                	  98.66156787762907
CUFF_NC.1232  	      101	  21.782178217821784  	  0.0                	  78.21782178217822
CUFF_NC.2742  	      533	 100.0                	  0.0                	   0.0
CUFF_NC.4453  	      533	 100.0                	  0.0                	   0.0
CUFF_NC.4432  	      533	 100.0                	  0.0                	   0.0
CUFF_NC.4433  	      533	 100.0                	  0.0                	   0.0
CUFF_NC.4434  	      533	 100.0                	  0.0                	   0.0
CUFF_NC.4435  	      533	 100.0                	  0.0                	   0.0
CUFF_NC.4437  	      533	 100.0                	  0.0                	   0.0
CUFF_NC.4438  	      533	 100.0                	  0.0                	   0.0
CUFF_NC.4439  	      533	 100.0                	  0.0                	   0.0
CUFF_NC.1234  	      528	   1.7045454545454544 	  0.0                	  98.29545454545455
CUFF_NC.1235  	      531	   0.18832391713747645	  0.0                	  99.81167608286252
CUFF_NC.1236  	      533	   0.9380863039399625 	  0.0                	  99.06191369606003
CUFF_NC.4468  	      533	 100.0                	  0.0                	   0.0
CUFF_NC.1239  	      533	 100.0                	  0.0                	   0.0
CUFF_NC.1243  	      532	   0.37593984962406013	  0.0                	  99.62406015037594
CUFF_NC.4407  	      533	 100.0                	  0.0                	   0.0
CUFF_NC.4408  	      533	  99.812382739212     	  0.0                	   0.18761726078799248
CUFF_NC.4409  	      533	 100.0                	  0.0                	   0.0
CUFF_NC.441   	      533	 100.0                	  0.0                	   0.0
CUFF_NC.4414  	      533	 100.0                	  0.0                	   0.0
CUFF_NC.4417  	      533	 100.0                	  0.0                	   0.0
CUFF_NC.4418  	      533	 100.0                	  0.0                	   0.0
CUFF_NC.4420  	      533	 100.0                	  0.0                	   0.0
CUFF_NC.4423  	      533	 100.0                	  0.0                	   0.0
CUFF_NC.4426  	      533	 100.0                	  0.0                	   0.0
CUFF_NC.1237  	      293	  64.50511945392492   	  0.0                	  35.49488054607509
CUFF_NC.4469  	      533	 100.0                	  0.0                	   0.0
CUFF_NC.4470  	      533	 100.0                	  0.0                	   0.0
CUFF_NC.4471  	      533	 100.0                	  0.0                	   0.0
CUFF_NC.4472  	      533	 100.0                	  0.0                	   0.0
CUFF_NC.4473  	      533	 100.0                	  0.0                	   0.0
CUFF_NC.4441  	      533	 100.0                	  0.0                	   0.0
CUFF_NC.4443  	      533	 100.0                	  0.0                	   0.0
CUFF_NC.4445  	      533	  29.268292682926827  	  0.0                	  70.73170731707317
CUFF_NC.4446  	      533	 100.0                	  0.0                	   0.0
CUFF_NC.4447  	      533	 100.0                	  0.0                	   0.0
CUFF_NC.3640  	      533	  33.771106941838646  	  0.0                	  66.22889305816135
CUFF_NC.4452  	      533	 100.0                	  0.0                	   0.0
CUFF_NC.3643  	      533	 100.0                	  0.0                	   0.0
CUFF_NC.3646  	      533	  99.812382739212     	  0.0                	   0.18761726078799248
CUFF_NC.1462  	      528	   0.3787878787878788 	  0.0                	  99.62121212121212
CUFF_NC.1465  	      533	   4.50281425891182   	  0.0                	  95.49718574108817
CUFF_NC.1466  	      533	   1.125703564727955  	  0.0                	  98.87429643527204
CUFF_NC.1467  	      533	 100.0                	  0.0                	   0.0
CUFF_NC.1469  	      533	   0.0                	  0.0                	 100.0
CUFF_NC.1470  	      529	   0.0                	  0.0                	 100.0
CUFF_NC.4448  	      533	 100.0                	  0.0                	   0.0
CUFF_NC.4449  	      533	 100.0                	  0.0                	   0.0
CUFF_NC.4450  	      533	 100.0                	  0.0                	   0.0
CUFF_NC.4451  	      533	  99.812382739212     	  0.0                	   0.18761726078799248
CUFF_NC.3641  	      533	   0.18761726078799248	  0.0                	  99.812382739212
CUFF_NC.3669  	      533	 100.0                	  0.0                	   0.0
CUFF_NC.367   	      533	 100.0                	  0.0                	   0.0
CUFF_NC.3671  	      533	  90.0562851782364    	  0.0                	   9.943714821763603
CUFF_NC.3673  	      533	 100.0                	  0.0                	   0.0
CUFF_NC.3647  	      533	 100.0                	  0.0                	   0.0
CUFF_NC.2863  	      533	 100.0                	  0.0                	   0.0
CUFF_NC.2864  	      533	 100.0                	  0.0                	   0.0
CUFF_NC.2868  	      533	 100.0                	  0.0                	   0.0
CUFF_NC.2869  	      533	 100.0                	  0.0                	   0.0
CUFF_NC.2871  	      533	 100.0                	  0.0                	   0.0
CUFF_NC.2872  	      533	 100.0                	  0.0                	   0.0
CUFF_NC.4317  	      533	   1.125703564727955  	  0.0                	  98.87429643527204
CUFF_NC.4189  	      533	 100.0                	  0.0                	   0.0
CUFF_NC.4190  	      533	 100.0                	  0.0                	   0.0
CUFF_NC.4192  	      533	 100.0                	  0.0                	   0.0
CUFF_NC.4193  	      533	 100.0                	  0.0                	   0.0
CUFF_NC.4194  	      533	 100.0                	  0.0                	   0.0
CUFF_NC.1319  	      463	   7.559395248380129  	  0.0                	  92.44060475161987
CUFF_NC.132   	      533	 100.0                	  0.0                	   0.0
CUFF_NC.1320  	      523	   2.1032504780114722 	  0.0                	  97.89674952198853
CUFF_NC.1323  	      527	   1.8975332068311195 	  0.0                	  98.10246679316889
CUFF_NC.1324  	      531	   0.18832391713747645	  0.0                	  99.81167608286252
CUFF_NC.4166  	      533	 100.0                	  0.0                	   0.0
CUFF_NC.4168  	      533	 100.0                	  0.0                	   0.0
CUFF_NC.4187  	      533	  99.812382739212     	  0.0                	   0.18761726078799248
CUFF_NC.1308  	      533	 100.0                	  0.0                	   0.0
CUFF_NC.1309  	      533	  99.62476547842401   	  0.0                	   0.37523452157598497
CUFF_NC.131   	      533	  70.54409005628519   	  0.0                	  29.45590994371482
CUFF_NC.4220  	      533	  99.62476547842401   	  0.0                	   0.37523452157598497
CUFF_NC.4197  	      533	  99.812382739212     	  0.0                	   0.18761726078799248
CUFF_NC.4198  	      518	   5.7915057915057915 	  0.0                	  94.20849420849422
CUFF_NC.4199  	      533	 100.0                	  0.0                	   0.0
CUFF_NC.42    	      533	  99.06191369606003   	  0.0                	   0.9380863039399625
CUFF_NC.4200  	      533	 100.0                	  0.0                	   0.0
CUFF_NC.4202  	      533	  99.812382739212     	  0.0                	   0.18761726078799248
CUFF_NC.4205  	      533	 100.0                	  0.0                	   0.0
CUFF_NC.3666  	      533	 100.0                	  0.0                	   0.0
CUFF_NC.4209  	      533	  99.812382739212     	  0.0                	   0.18761726078799248
CUFF_NC.4210  	      533	 100.0                	  0.0                	   0.0
CUFF_NC.4214  	      533	 100.0                	  0.0                	   0.0
CUFF_NC.4218  	      533	 100.0                	  0.0                	   0.0
CUFF_NC.4219  	      533	 100.0                	  0.0                	   0.0
CUFF_NC.4176  	      533	 100.0                	  0.0                	   0.0
CUFF_NC.4178  	      533	 100.0                	  0.0                	   0.0
CUFF_NC.4179  	      533	 100.0                	  0.0                	   0.0
CUFF_NC.418   	      533	 100.0                	  0.0                	   0.0
CUFF_NC.4181  	      533	 100.0                	  0.0                	   0.0
CUFF_NC.4182  	      533	 100.0                	  0.0                	   0.0
CUFF_NC.4185  	      532	  52.443609022556394  	  0.0                	  47.556390977443606
CUFF_NC.4207  	      533	 100.0                	  0.0                	   0.0
CUFF_NC.4156  	      533	 100.0                	  0.0                	   0.0
CUFF_NC.4158  	      533	  99.812382739212     	  0.0                	   0.18761726078799248
CUFF_NC.1310  	      532	   0.9398496240601504 	  0.0                	  99.06015037593986
CUFF_NC.1312  	      387	   8.2687338501292    	  0.0                	  91.7312661498708
CUFF_NC.4129  	      533	 100.0                	  0.0                	   0.0
CUFF_NC.4130  	      533	 100.0                	  0.0                	   0.0
CUFF_NC.4131  	      533	 100.0                	  0.0                	   0.0
CUFF_NC.4134  	      533	 100.0                	  0.0                	   0.0
CUFF_NC.4135  	      533	  99.812382739212     	  0.0                	   0.18761726078799248
CUFF_NC.4136  	      533	 100.0                	  0.0                	   0.0
CUFF_NC.4137  	      533	 100.0                	  0.0                	   0.0
CUFF_NC.417   	      533	 100.0                	  0.0                	   0.0
CUFF_NC.4140  	      533	  99.812382739212     	  0.0                	   0.18761726078799248
CUFF_NC.4141  	      530	   0.9433962264150944 	  0.0                	  99.05660377358491
CUFF_NC.4145  	      533	 100.0                	  0.0                	   0.0
CUFF_NC.4107  	      533	 100.0                	  0.0                	   0.0
CUFF_NC.4108  	      533	 100.0                	  0.0                	   0.0
CUFF_NC.4109  	      533	   8.442776735459661  	  0.0                	  91.55722326454033
CUFF_NC.4110  	      533	 100.0                	  0.0                	   0.0
CUFF_NC.4111  	      533	 100.0                	  0.0                	   0.0
CUFF_NC.4112  	      533	  93.62101313320825   	  0.0                	   6.378986866791744
CUFF_NC.4113  	      533	 100.0                	  0.0                	   0.0
CUFF_NC.4117  	      533	  99.62476547842401   	  0.0                	   0.37523452157598497
CUFF_NC.4123  	      533	 100.0                	  0.0                	   0.0
CUFF_NC.414   	      533	 100.0                	  0.0                	   0.0
CUFF_NC.4170  	      533	 100.0                	  0.0                	   0.0
CUFF_NC.4172  	      533	 100.0                	  0.0                	   0.0
CUFF_NC.2798  	      533	 100.0                	  0.0                	   0.0
CUFF_NC.2799  	      484	   7.43801652892562   	  0.0                	  92.56198347107438
CUFF_NC.28    	      533	 100.0                	  0.0                	   0.0
CUFF_NC.2800  	      525	   3.8095238095238098 	  0.0                	  96.19047619047619
CUFF_NC.2801  	      519	   2.697495183044316  	  0.0                	  97.30250481695568
CUFF_NC.2805  	      533	  99.62476547842401   	  0.0                	   0.37523452157598497
CUFF_NC.2807  	      533	 100.0                	  0.0                	   0.0
CUFF_NC.2808  	      533	 100.0                	  0.0                	   0.0
CUFF_NC.281   	      533	 100.0                	  0.0                	   0.0
CUFF_NC.4154  	      533	 100.0                	  0.0                	   0.0
CUFF_NC.1615  	      533	 100.0                	  0.0                	   0.0
CUFF_NC.1616  	      533	  78.79924953095684   	  0.0                	  21.200750469043154
CUFF_NC.1617  	      382	   2.6178010471204187 	  0.0                	  97.38219895287958
CUFF_NC.1313  	      533	   0.0                	  0.0                	 100.0
CUFF_NC.1314  	      533	   0.0                	  0.0                	 100.0
CUFF_NC.1316  	      533	   0.0                	  0.0                	 100.0
CUFF_NC.4147  	      533	 100.0                	  0.0                	   0.0
CUFF_NC.4148  	      533	 100.0                	  0.0                	   0.0
CUFF_NC.4149  	      533	 100.0                	  0.0                	   0.0
CUFF_NC.415   	      533	  96.81050656660413   	  0.0                	   3.189493433395872
CUFF_NC.4152  	      533	   0.0                	  0.0                	 100.0
CUFF_NC.4153  	      533	  99.812382739212     	  0.0                	   0.18761726078799248
CUFF_NC.1614  	      533	  90.43151969981238   	  0.0                	   9.568480300187618
CUFF_NC.4278  	      533	 100.0                	  0.0                	   0.0
CUFF_NC.4282  	      533	  99.812382739212     	  0.0                	   0.18761726078799248
CUFF_NC.4285  	      533	 100.0                	  0.0                	   0.0
CUFF_NC.4286  	      533	 100.0                	  0.0                	   0.0
CUFF_NC.4288  	      533	 100.0                	  0.0                	   0.0
CUFF_NC.4289  	      533	 100.0                	  0.0                	   0.0
CUFF_NC.429   	      533	  99.812382739212     	  0.0                	   0.18761726078799248
CUFF_NC.4292  	      533	  99.812382739212     	  0.0                	   0.18761726078799248
CUFF_NC.4293  	      533	 100.0                	  0.0                	   0.0
CUFF_NC.4294  	      533	 100.0                	  0.0                	   0.0
CUFF_NC.4295  	      533	 100.0                	  0.0                	   0.0
CUFF_NC.1307  	      532	   0.0                	  0.0                	 100.0
CUFF_NC.4299  	      533	 100.0                	  0.0                	   0.0
CUFF_NC.43    	      533	 100.0                	  0.0                	   0.0
CUFF_NC.2784  	      533	  98.31144465290807   	  0.0                	   1.6885553470919326
CUFF_NC.2785  	      533	 100.0                	  0.0                	   0.0
CUFF_NC.2786  	      533	 100.0                	  0.0                	   0.0
CUFF_NC.2789  	      533	 100.0                	  0.0                	   0.0
CUFF_NC.279   	      533	 100.0                	  0.0                	   0.0
CUFF_NC.2790  	      533	 100.0                	  0.0                	   0.0
CUFF_NC.2791  	      533	 100.0                	  0.0                	   0.0
CUFF_NC.2792  	      533	 100.0                	  0.0                	   0.0
CUFF_NC.2793  	      533	 100.0                	  0.0                	   0.0
CUFF_NC.2794  	      533	  88.18011257035647   	  0.0                	  11.819887429643527
CUFF_NC.4296  	      533	 100.0                	  0.0                	   0.0
CUFF_NC.4318  	      533	 100.0                	  0.0                	   0.0
CUFF_NC.4319  	      533	  99.812382739212     	  0.0                	   0.18761726078799248
CUFF_NC.4320  	      533	 100.0                	  0.0                	   0.0
CUFF_NC.1268  	      533	   6.941838649155723  	  0.0                	  93.05816135084429
CUFF_NC.1269  	      517	   4.061895551257253  	  0.0                	  95.93810444874275
CUFF_NC.127   	      533	 100.0                	  0.0                	   0.0
CUFF_NC.1270  	      533	   4.50281425891182   	  0.0                	  95.49718574108817
CUFF_NC.1271  	      533	 100.0                	  0.0                	   0.0
CUFF_NC.1272  	      529	   1.5122873345935728 	  0.0                	  98.48771266540642
CUFF_NC.1273  	      530	   1.509433962264151  	  0.0                	  98.49056603773585
CUFF_NC.1276  	      530	   2.0754716981132075 	  0.0                	  97.9245283018868
CUFF_NC.4315  	      533	 100.0                	  0.0                	   0.0
CUFF_NC.4300  	      533	 100.0                	  0.0                	   0.0
CUFF_NC.4301  	      533	 100.0                	  0.0                	   0.0
CUFF_NC.4303  	      533	 100.0                	  0.0                	   0.0
CUFF_NC.4304  	      533	  99.812382739212     	  0.0                	   0.18761726078799248
CUFF_NC.4305  	      533	  96.81050656660413   	  0.0                	   3.189493433395872
CUFF_NC.4307  	      533	 100.0                	  0.0                	   0.0
CUFF_NC.4308  	      533	 100.0                	  0.0                	   0.0
CUFF_NC.431   	      533	 100.0                	  0.0                	   0.0
CUFF_NC.4310  	      533	 100.0                	  0.0                	   0.0
CUFF_NC.4312  	      533	  87.61726078799249   	  0.0                	  12.382739212007504
CUFF_NC.4313  	      533	  99.812382739212     	  0.0                	   0.18761726078799248
CUFF_NC.4314  	      533	 100.0                	  0.0                	   0.0
CUFF_NC.430   	      396	  98.23232323232324   	  0.0                	   1.7676767676767675
CUFF_NC.4260  	      533	 100.0                	  0.0                	   0.0
CUFF_NC.4261  	      533	 100.0                	  0.0                	   0.0
CUFF_NC.4263  	      533	 100.0                	  0.0                	   0.0
CUFF_NC.1280  	      533	  15.75984990619137   	  0.0                	  84.24015009380864
CUFF_NC.1281  	      533	  59.47467166979362   	  0.0                	  40.52532833020638
CUFF_NC.4221  	      533	 100.0                	  0.0                	   0.0
CUFF_NC.4224  	      533	 100.0                	  0.0                	   0.0
CUFF_NC.4225  	      533	 100.0                	  0.0                	   0.0
CUFF_NC.4227  	      533	 100.0                	  0.0                	   0.0
CUFF_NC.4228  	      533	  96.24765478424015   	  0.0                	   3.75234521575985
CUFF_NC.4229  	      533	  99.43714821763602   	  0.0                	   0.5628517823639775
CUFF_NC.2795  	      533	 100.0                	  0.0                	   0.0
CUFF_NC.4236  	      533	 100.0                	  0.0                	   0.0
CUFF_NC.4241  	      533	 100.0                	  0.0                	   0.0
CUFF_NC.4244  	      532	 100.0                	  0.0                	   0.0
CUFF_NC.4245  	      533	  13.883677298311445  	  0.0                	  86.11632270168855
CUFF_NC.1296  	      530	   2.0754716981132075 	  0.0                	  97.9245283018868
CUFF_NC.1298  	      530	   0.5660377358490566 	  0.0                	  99.43396226415095
CUFF_NC.13    	      533	  99.812382739212     	  0.0                	   0.18761726078799248
CUFF_NC.130   	      533	  12.757973733583489  	  0.0                	  87.2420262664165
CUFF_NC.1303  	      531	   0.3766478342749529 	  0.0                	  99.62335216572504
CUFF_NC.1304  	      533	   0.18761726078799248	  0.0                	  99.812382739212
CUFF_NC.1305  	      530	  83.01886792452831   	  0.0                	  16.9811320754717
CUFF_NC.1306  	      532	   2.443609022556391  	  0.0                	  97.55639097744361
CUFF_NC.4232  	      533	 100.0                	  0.0                	   0.0
CUFF_NC.2796  	      533	 100.0                	  0.0                	   0.0
CUFF_NC.4270  	      533	 100.0                	  0.0                	   0.0
CUFF_NC.4276  	      533	 100.0                	  0.0                	   0.0
CUFF_NC.4277  	      533	 100.0                	  0.0                	   0.0
CUFF_NC.1283  	      533	   0.5628517823639775 	  0.0                	  99.43714821763602
CUFF_NC.1285  	      506	   8.300395256916996  	  0.0                	  91.699604743083
CUFF_NC.1286  	      508	   6.299212598425196  	  0.0                	  93.7007874015748
CUFF_NC.1287  	      533	  99.812382739212     	  0.0                	   0.18761726078799248
CUFF_NC.1288  	      347	  25.072046109510087  	  0.0                	  74.92795389048992
CUFF_NC.1289  	      344	  24.418604651162788  	  0.0                	  75.5813953488372
CUFF_NC.129   	      533	 100.0                	  0.0                	   0.0
CUFF_NC.426   	      533	 100.0                	  0.0                	   0.0
CUFF_NC.1293  	      309	  12.944983818770226  	  0.0                	  87.05501618122977
CUFF_NC.1294  	      531	  18.07909604519774   	  0.0                	  81.92090395480226
CUFF_NC.4266  	      533	  95.30956848030019   	  0.0                	   4.690431519699812
CUFF_NC.4267  	      533	 100.0                	  0.0                	   0.0
CUFF_NC.2782  	      450	  36.44444444444444   	  0.0                	  63.55555555555556
CUFF_NC.2783  	      533	 100.0                	  0.0                	   0.0
CUFF_NC.4247  	      533	  90.0562851782364    	  0.0                	   9.943714821763603
CUFF_NC.4249  	      533	 100.0                	  0.0                	   0.0
CUFF_NC.4252  	      533	  99.812382739212     	  0.0                	   0.18761726078799248
CUFF_NC.4253  	      533	 100.0                	  0.0                	   0.0
CUFF_NC.4256  	      533	 100.0                	  0.0                	   0.0
CUFF_NC.4259  	      521	  99.23224568138195   	  0.0                	   0.7677543186180422
CUFF_NC.1290  	      533	 100.0                	  0.0                	   0.0
CUFF_NC.6457  	      532	 100.0                	  0.0                	   0.0
CUFF_NC.6458  	      533	  69.23076923076923   	  0.0                	  30.76923076923077
CUFF_NC.6461  	      516	   8.914728682170542  	  0.0                	  91.08527131782945
CUFF_NC.6463  	      531	  92.65536723163842   	  0.0                	   7.344632768361582
CUFF_NC.292   	      533	  99.62476547842401   	  0.0                	   0.37523452157598497
CUFF_NC.2921  	      533	  99.812382739212     	  0.0                	   0.18761726078799248
CUFF_NC.2925  	      527	   5.502846299810247  	  0.0                	  94.49715370018976
CUFF_NC.1509  	      533	   3.0018761726078798 	  0.0                	  96.99812382739212
CUFF_NC.151   	      533	 100.0                	  0.0                	   0.0
CUFF_NC.1512  	      533	 100.0                	  0.0                	   0.0
CUFF_NC.3367  	      533	   0.0                	  0.0                	 100.0
CUFF_NC.2622  	      533	  99.06191369606003   	  0.0                	   0.9380863039399625
CUFF_NC.3369  	      533	   0.0                	  0.0                	 100.0
CUFF_NC.337   	      533	 100.0                	  0.0                	   0.0
CUFF_NC.3371  	      532	   0.0                	  0.0                	 100.0
CUFF_NC.3372  	      532	   0.0                	  0.0                	 100.0
CUFF_NC.3373  	      532	   0.5639097744360901 	  0.0                	  99.43609022556392
CUFF_NC.3374  	      529	   3.0245746691871456 	  0.0                	  96.97542533081285
CUFF_NC.6464  	      533	 100.0                	  0.0                	   0.0
CUFF_NC.6466  	      503	   0.5964214711729622 	  0.0                	  99.40357852882704
CUFF_NC.6469  	      509	  97.24950884086444   	  0.0                	   2.75049115913556
CUFF_NC.6471  	      533	  99.812382739212     	  0.0                	   0.18761726078799248
CUFF_NC.643   	      533	   0.0                	  0.0                	 100.0
CUFF_NC.3368  	      533	   0.18761726078799248	  0.0                	  99.812382739212
CUFF_NC.6492  	      533	  98.87429643527204   	  0.0                	   1.125703564727955
CUFF_NC.6497  	      533	 100.0                	  0.0                	   0.0
CUFF_NC.1710  	      533	 100.0                	  0.0                	   0.0
CUFF_NC.1712  	      533	 100.0                	  0.0                	   0.0
CUFF_NC.1715  	      533	 100.0                	  0.0                	   0.0
CUFF_NC.1716  	      533	 100.0                	  0.0                	   0.0
CUFF_NC.2487  	      533	 100.0                	  0.0                	   0.0
CUFF_NC.2488  	      533	  99.62476547842401   	  0.0                	   0.37523452157598497
CUFF_NC.2492  	      533	 100.0                	  0.0                	   0.0
CUFF_NC.2493  	      496	   3.6290322580645165 	  0.0                	  96.37096774193549
CUFF_NC.6480  	      533	 100.0                	  0.0                	   0.0
CUFF_NC.6455  	      533	 100.0                	  0.0                	   0.0
CUFF_NC.6486  	      533	 100.0                	  0.0                	   0.0
CUFF_NC.10989 	      533	 100.0                	  0.0                	   0.0
CUFF_NC.10993 	      478	  33.054393305439326  	  0.0                	  66.94560669456067
CUFF_NC.10994 	      533	  99.43714821763602   	  0.0                	   0.5628517823639775
CUFF_NC.10997 	      240	  32.083333333333336  	  0.0                	  67.91666666666667
CUFF_NC.10998 	        1	 100.0                	  0.0                	   0.0
CUFF_NC.10999 	      533	  99.812382739212     	  0.0                	   0.18761726078799248
CUFF_NC.6477  	      531	  65.16007532956685   	  0.0                	  34.83992467043315
CUFF_NC.6478  	      533	  99.812382739212     	  0.0                	   0.18761726078799248
CUFF_NC.648   	      533	 100.0                	  0.0                	   0.0
CUFF_NC.1706  	      533	 100.0                	  0.0                	   0.0
CUFF_NC.1708  	      533	   0.37523452157598497	  0.0                	  99.62476547842401
CUFF_NC.6481  	      514	  99.80544747081711   	  0.0                	   0.19455252918287938
CUFF_NC.6416  	      515	  32.038834951456316  	  0.0                	  67.96116504854369
CUFF_NC.6420  	      512	  42.7734375          	  0.0                	  57.2265625
CUFF_NC.11022 	      533	 100.0                	  0.0                	   0.0
CUFF_NC.11025 	      533	 100.0                	  0.0                	   0.0
CUFF_NC.11026 	      533	 100.0                	  0.0                	   0.0
CUFF_NC.11029 	      532	  93.04511278195488   	  0.0                	   6.954887218045112
CUFF_NC.639   	      533	 100.0                	  0.0                	   0.0
CUFF_NC.6390  	      489	  84.66257668711657   	  0.0                	  15.337423312883436
CUFF_NC.6392  	      533	 100.0                	  0.0                	   0.0
CUFF_NC.6393  	      488	   5.942622950819672  	  0.0                	  94.05737704918032
CUFF_NC.6396  	      533	 100.0                	  0.0                	   0.0
CUFF_NC.6430  	      322	  98.4472049689441    	  0.0                	   1.5527950310559007
CUFF_NC.6398  	      533	 100.0                	  0.0                	   0.0
CUFF_NC.6369  	      532	  14.097744360902256  	  0.0                	  85.90225563909775
CUFF_NC.6370  	      357	   9.803921568627452  	  0.0                	  90.19607843137256
CUFF_NC.6372  	      533	   7.6923076923076925 	  0.0                	  92.3076923076923
CUFF_NC.6373  	      532	  93.23308270676691   	  0.0                	   6.7669172932330826
CUFF_NC.6376  	      380	  15.526315789473685  	  0.0                	  84.47368421052632
CUFF_NC.6379  	      533	   0.0                	  0.0                	 100.0
CUFF_NC.638   	      533	 100.0                	  0.0                	   0.0
CUFF_NC.3388  	      533	   6.378986866791744  	  0.0                	  93.62101313320825
CUFF_NC.3390  	      533	   0.18761726078799248	  0.0                	  99.812382739212
CUFF_NC.3392  	      533	   2.6266416510318953 	  0.0                	  97.37335834896811
CUFF_NC.3393  	      507	   2.564102564102564  	  0.0                	  97.43589743589743
CUFF_NC.6397  	      533	 100.0                	  0.0                	   0.0
CUFF_NC.6432  	      533	 100.0                	  0.0                	   0.0
CUFF_NC.644   	      533	 100.0                	  0.0                	   0.0
CUFF_NC.6444  	      533	   3.9399624765478425 	  0.0                	  96.06003752345215
CUFF_NC.6447  	      533	 100.0                	  0.0                	   0.0
CUFF_NC.6448  	      533	   0.5628517823639775 	  0.0                	  99.43714821763602
CUFF_NC.645   	      533	 100.0                	  0.0                	   0.0
CUFF_NC.6451  	      533	  99.812382739212     	  0.0                	   0.18761726078799248
CUFF_NC.6421  	      509	  42.43614931237721   	  0.0                	  57.56385068762279
CUFF_NC.6422  	      532	   7.7067669172932325 	  0.0                	  92.29323308270678
CUFF_NC.6424  	      315	  96.5079365079365    	  0.0                	   3.492063492063492
CUFF_NC.6425  	      347	  93.94812680115274   	  0.0                	   6.051873198847262
CUFF_NC.6415  	      510	   3.1372549019607843 	  0.0                	  96.86274509803921
CUFF_NC.6427  	      432	  78.00925925925925   	  0.0                	  21.99074074074074
CUFF_NC.11002 	      533	  99.812382739212     	  0.0                	   0.18761726078799248
CUFF_NC.11004 	      533	 100.0                	  0.0                	   0.0
CUFF_NC.11007 	      496	   1.2096774193548387 	  0.0                	  98.79032258064517
CUFF_NC.11010 	      533	 100.0                	  0.0                	   0.0
CUFF_NC.11012 	      533	 100.0                	  0.0                	   0.0
CUFF_NC.11014 	      533	 100.0                	  0.0                	   0.0
CUFF_NC.11015 	      533	 100.0                	  0.0                	   0.0
CUFF_NC.6402  	      502	   8.964143426294822  	  0.0                	  91.03585657370517
CUFF_NC.6406  	      533	 100.0                	  0.0                	   0.0
CUFF_NC.6408  	      533	   0.37523452157598497	  0.0                	  99.62476547842401
CUFF_NC.6410  	      516	   5.62015503875969   	  0.0                	  94.37984496124031
CUFF_NC.6426  	      533	 100.0                	  0.0                	   0.0
CUFF_NC.2475  	      533	 100.0                	  0.0                	   0.0
CUFF_NC.2476  	      533	 100.0                	  0.0                	   0.0
CUFF_NC.2477  	      533	 100.0                	  0.0                	   0.0
CUFF_NC.2478  	      533	 100.0                	  0.0                	   0.0
CUFF_NC.248   	      533	 100.0                	  0.0                	   0.0
CUFF_NC.2482  	      533	 100.0                	  0.0                	   0.0
CUFF_NC.2483  	      533	 100.0                	  0.0                	   0.0
CUFF_NC.2486  	      533	 100.0                	  0.0                	   0.0
CUFF_NC.1704  	      533	  99.43714821763602   	  0.0                	   0.5628517823639775
CUFF_NC.6580  	      533	   0.18761726078799248	  0.0                	  99.812382739212
CUFF_NC.6581  	      533	 100.0                	  0.0                	   0.0
CUFF_NC.10986 	      533	 100.0                	  0.0                	   0.0
CUFF_NC.6555  	      377	  98.14323607427056   	  0.0                	   1.8567639257294428
CUFF_NC.6558  	      533	 100.0                	  0.0                	   0.0
CUFF_NC.6561  	      533	 100.0                	  0.0                	   0.0
CUFF_NC.6563  	      533	 100.0                	  0.0                	   0.0
CUFF_NC.6564  	      528	  98.67424242424242   	  0.0                	   1.3257575757575757
CUFF_NC.6568  	      533	 100.0                	  0.0                	   0.0
CUFF_NC.6569  	      533	 100.0                	  0.0                	   0.0
CUFF_NC.6570  	      533	 100.0                	  0.0                	   0.0
CUFF_NC.6572  	      533	 100.0                	  0.0                	   0.0
CUFF_NC.2468  	      533	 100.0                	  0.0                	   0.0
CUFF_NC.6545  	      532	   0.5639097744360901 	  0.0                	  99.43609022556392
CUFF_NC.6549  	      533	 100.0                	  0.0                	   0.0
CUFF_NC.6554  	      390	  98.97435897435898   	  0.0                	   1.0256410256410255
CUFF_NC.10956 	      496	  22.379032258064516  	  0.0                	  77.62096774193549
CUFF_NC.10957 	      217	  16.129032258064516  	  0.0                	  83.87096774193549
CUFF_NC.10958 	        1	 100.0                	  0.0                	   0.0
CUFF_NC.6596  	      533	 100.0                	  0.0                	   0.0
CUFF_NC.6597  	      533	  99.812382739212     	  0.0                	   0.18761726078799248
CUFF_NC.6598  	      533	 100.0                	  0.0                	   0.0
CUFF_NC.6599  	      532	 100.0                	  0.0                	   0.0
CUFF_NC.66    	      533	 100.0                	  0.0                	   0.0
CUFF_NC.660   	      533	 100.0                	  0.0                	   0.0
CUFF_NC.6600  	      533	  42.589118198874296  	  0.0                	  57.410881801125704
CUFF_NC.6601  	      533	  45.77861163227016   	  0.0                	  54.22138836772983
CUFF_NC.2474  	      533	  91.18198874296435   	  0.0                	   8.818011257035648
CUFF_NC.6607  	      533	 100.0                	  0.0                	   0.0
CUFF_NC.6582  	      533	 100.0                	  0.0                	   0.0
CUFF_NC.6583  	      533	   5.816135084427768  	  0.0                	  94.18386491557223
CUFF_NC.6588  	      533	 100.0                	  0.0                	   0.0
CUFF_NC.6589  	      533	  98.31144465290807   	  0.0                	   1.6885553470919326
CUFF_NC.659   	      533	 100.0                	  0.0                	   0.0
CUFF_NC.6592  	      533	 100.0                	  0.0                	   0.0
CUFF_NC.6593  	      533	  13.320825515947469  	  0.0                	  86.67917448405254
CUFF_NC.10952 	      533	 100.0                	  0.0                	   0.0
CUFF_NC.10954 	      533	 100.0                	  0.0                	   0.0
CUFF_NC.2471  	      533	 100.0                	  0.0                	   0.0
CUFF_NC.2472  	      495	  99.19191919191918   	  0.0                	   0.8080808080808081
CUFF_NC.6602  	      533	 100.0                	  0.0                	   0.0
CUFF_NC.6502  	      533	 100.0                	  0.0                	   0.0
CUFF_NC.6505  	      533	   2.25140712945591   	  0.0                	  97.74859287054409
CUFF_NC.6506  	      533	   5.253283302063791  	  0.0                	  94.74671669793621
CUFF_NC.3375  	      533	   0.18761726078799248	  0.0                	  99.812382739212
CUFF_NC.3377  	      532	   0.0                	  0.0                	 100.0
CUFF_NC.3378  	      533	  10.131332082551594  	  0.0                	  89.8686679174484
CUFF_NC.3379  	      533	   0.0                	  0.0                	 100.0
CUFF_NC.3383  	      533	   0.0                	  0.0                	 100.0
CUFF_NC.3348  	      529	   6.049149338374291  	  0.0                	  93.95085066162571
CUFF_NC.3349  	      533	   0.0                	  0.0                	 100.0
CUFF_NC.335   	      533	 100.0                	  0.0                	   0.0
CUFF_NC.655   	      533	  95.30956848030019   	  0.0                	   4.690431519699812
CUFF_NC.3354  	      533	 100.0                	  0.0                	   0.0
CUFF_NC.6510  	      533	 100.0                	  0.0                	   0.0
CUFF_NC.6514  	      492	   4.0650406504065035 	  0.0                	  95.9349593495935
CUFF_NC.6517  	      533	  99.62476547842401   	  0.0                	   0.37523452157598497
CUFF_NC.6518  	      229	  99.56331877729258   	  0.0                	   0.43668122270742354
CUFF_NC.6519  	      277	  99.27797833935018   	  0.0                	   0.7220216606498195
CUFF_NC.10974 	      533	 100.0                	  0.0                	   0.0
CUFF_NC.1098  	      533	  99.43714821763602   	  0.0                	   0.5628517823639775
CUFF_NC.10981 	      533	 100.0                	  0.0                	   0.0
CUFF_NC.10982 	      533	 100.0                	  0.0                	   0.0
CUFF_NC.10983 	      533	 100.0                	  0.0                	   0.0
CUFF_NC.10984 	      533	 100.0                	  0.0                	   0.0
CUFF_NC.3353  	      533	   0.0                	  0.0                	 100.0
CUFF_NC.10959 	      531	  99.05838041431262   	  0.0                	   0.9416195856873822
CUFF_NC.10961 	      533	 100.0                	  0.0                	   0.0
CUFF_NC.10963 	      533	 100.0                	  0.0                	   0.0
CUFF_NC.10964 	      533	 100.0                	  0.0                	   0.0
CUFF_NC.10965 	      533	  99.24953095684803   	  0.0                	   0.7504690431519699
CUFF_NC.1097  	      533	 100.0                	  0.0                	   0.0
CUFF_NC.10970 	      533	 100.0                	  0.0                	   0.0
CUFF_NC.10973 	      533	  99.812382739212     	  0.0                	   0.18761726078799248
CUFF_NC.6552  	      329	  98.48024316109422   	  0.0                	   1.5197568389057752
CUFF_NC.6520  	      533	 100.0                	  0.0                	   0.0
CUFF_NC.6521  	      533	 100.0                	  0.0                	   0.0
CUFF_NC.65    	      508	   4.921259842519685  	  0.0                	  95.07874015748031
CUFF_NC.6523  	      532	   0.37593984962406013	  0.0                	  99.62406015037594
CUFF_NC.6524  	      533	   0.0                	  0.0                	 100.0
CUFF_NC.6525  	      533	   0.0                	  0.0                	 100.0
CUFF_NC.6527  	      533	 100.0                	  0.0                	   0.0
CUFF_NC.6528  	      533	 100.0                	  0.0                	   0.0
CUFF_NC.6529  	      339	  32.448377581120944  	  0.0                	  67.55162241887905
CUFF_NC.6531  	      533	 100.0                	  0.0                	   0.0
CUFF_NC.6534  	      533	 100.0                	  0.0                	   0.0
CUFF_NC.6538  	      523	   5.736137667304015  	  0.0                	  94.26386233269598
CUFF_NC.654   	      533	 100.0                	  0.0                	   0.0
CUFF_NC.6541  	      533	  18.574108818011258  	  0.0                	  81.42589118198875
CUFF_NC.6542  	      491	  98.98167006109979   	  0.0                	   1.0183299389002036
CUFF_NC.6522  	      533	   0.0                	  0.0                	 100.0
CUFF_NC.6275  	      517	   1.5473887814313347 	  0.0                	  98.45261121856866
CUFF_NC.6277  	      533	   0.0                	  0.0                	 100.0
CUFF_NC.6278  	      303	  36.96369636963696   	  0.0                	  63.03630363036304
CUFF_NC.6279  	      506	   9.683794466403162  	  0.0                	  90.31620553359684
CUFF_NC.628   	        9	 100.0                	  0.0                	   0.0
CUFF_NC.6280  	      510	  14.313725490196077  	  0.0                	  85.68627450980392
CUFF_NC.625   	      533	 100.0                	  0.0                	   0.0
CUFF_NC.6255  	      530	   0.7547169811320755 	  0.0                	  99.24528301886792
CUFF_NC.6256  	      533	   0.0                	  0.0                	 100.0
CUFF_NC.6257  	      533	   0.0                	  0.0                	 100.0
CUFF_NC.6258  	      533	   0.18761726078799248	  0.0                	  99.812382739212
CUFF_NC.3384  	      533	   0.0                	  0.0                	 100.0
CUFF_NC.626   	      533	 100.0                	  0.0                	   0.0
CUFF_NC.6261  	      527	   2.2770398481973433 	  0.0                	  97.72296015180265
CUFF_NC.6231  	      529	   5.482041587901701  	  0.0                	  94.5179584120983
CUFF_NC.6235  	      440	  11.59090909090909   	  0.0                	  88.4090909090909
CUFF_NC.6236  	      432	  15.972222222222221  	  0.0                	  84.02777777777779
CUFF_NC.6238  	      533	 100.0                	  0.0                	   0.0
CUFF_NC.6240  	      487	   7.392197125256674  	  0.0                	  92.60780287474333
CUFF_NC.6242  	      409	  18.581907090464547  	  0.0                	  81.41809290953546
CUFF_NC.6244  	      422	  22.274881516587676  	  0.0                	  77.72511848341233
CUFF_NC.6245  	       21	  42.857142857142854  	  0.0                	  57.14285714285714
CUFF_NC.6246  	       18	  38.88888888888889   	  0.0                	  61.111111111111114
CUFF_NC.6259  	      533	   0.0                	  0.0                	 100.0
CUFF_NC.630   	      533	 100.0                	  0.0                	   0.0
CUFF_NC.6301  	      453	   7.28476821192053   	  0.0                	  92.71523178807946
CUFF_NC.6302  	      533	   0.0                	  0.0                	 100.0
CUFF_NC.251   	      533	 100.0                	  0.0                	   0.0
CUFF_NC.2510  	      533	 100.0                	  0.0                	   0.0
CUFF_NC.2513  	      533	 100.0                	  0.0                	   0.0
CUFF_NC.2514  	      533	 100.0                	  0.0                	   0.0
CUFF_NC.252   	      533	 100.0                	  0.0                	   0.0
CUFF_NC.2521  	      533	 100.0                	  0.0                	   0.0
CUFF_NC.2522  	      533	 100.0                	  0.0                	   0.0
CUFF_NC.2524  	      533	 100.0                	  0.0                	   0.0
CUFF_NC.6274  	      489	   1.8404907975460123 	  0.0                	  98.15950920245399
CUFF_NC.2526  	      533	 100.0                	  0.0                	   0.0
CUFF_NC.2528  	      533	  99.812382739212     	  0.0                	   0.18761726078799248
CUFF_NC.6281  	      462	   3.896103896103896  	  0.0                	  96.1038961038961
CUFF_NC.6282  	      487	  86.24229979466119   	  0.0                	  13.75770020533881
CUFF_NC.6283  	      533	   0.0                	  0.0                	 100.0
CUFF_NC.6264  	      513	   2.3391812865497075 	  0.0                	  97.6608187134503
CUFF_NC.6265  	      533	   0.0                	  0.0                	 100.0
CUFF_NC.6267  	      533	   0.37523452157598497	  0.0                	  99.62476547842401
CUFF_NC.6268  	      532	   0.0                	  0.0                	 100.0
CUFF_NC.6269  	      532	   1.6917293233082706 	  0.0                	  98.30827067669173
CUFF_NC.627   	      533	   1.125703564727955  	  0.0                	  98.87429643527204
CUFF_NC.6272  	      523	   3.2504780114722758 	  0.0                	  96.74952198852772
CUFF_NC.2525  	      533	 100.0                	  0.0                	   0.0
CUFF_NC.340   	      533	 100.0                	  0.0                	   0.0
CUFF_NC.3400  	      394	  28.680203045685282  	  0.0                	  71.31979695431471
CUFF_NC.3402  	      532	  99.24812030075188   	  0.0                	   0.7518796992481203
CUFF_NC.3403  	      533	   0.0                	  0.0                	 100.0
CUFF_NC.6206  	      533	   0.0                	  0.0                	 100.0
CUFF_NC.6207  	      533	   0.0                	  0.0                	 100.0
CUFF_NC.6208  	      533	   0.7504690431519699 	  0.0                	  99.24953095684803
CUFF_NC.6209  	      532	   0.18796992481203006	  0.0                	  99.81203007518798
CUFF_NC.6211  	      529	   1.7013232514177694 	  0.0                	  98.29867674858222
CUFF_NC.6212  	      533	   0.0                	  0.0                	 100.0
CUFF_NC.6182  	      428	   5.373831775700935  	  0.0                	  94.62616822429906
CUFF_NC.6247  	       13	 100.0                	  0.0                	   0.0
CUFF_NC.6185  	      486	  13.786008230452676  	  0.0                	  86.21399176954732
CUFF_NC.6188  	      462	  12.554112554112553  	  0.0                	  87.44588744588745
CUFF_NC.6190  	      532	   2.631578947368421  	  0.0                	  97.36842105263158
CUFF_NC.6191  	      496	   3.8306451612903225 	  0.0                	  96.16935483870968
CUFF_NC.6192  	      417	  20.623501199040767  	  0.0                	  79.37649880095923
CUFF_NC.6193  	      357	  21.008403361344538  	  0.0                	  78.99159663865547
CUFF_NC.6194  	      450	  16.0                	  0.0                	  84.0
CUFF_NC.6195  	      530	   0.37735849056603776	  0.0                	  99.62264150943396
CUFF_NC.6167  	      522	   0.38314176245210724	  0.0                	  99.61685823754789
CUFF_NC.6168  	      533	   0.37523452157598497	  0.0                	  99.62476547842401
CUFF_NC.6169  	      466	  19.742489270386265  	  0.0                	  80.25751072961373
CUFF_NC.617   	      533	 100.0                	  0.0                	   0.0
CUFF_NC.6184  	      533	   0.0                	  0.0                	 100.0
CUFF_NC.6248  	        7	  42.857142857142854  	  0.0                	  57.14285714285714
CUFF_NC.6249  	       20	  45.0                	  0.0                	  55.00000000000001
CUFF_NC.6213  	      533	   0.0                	  0.0                	 100.0
CUFF_NC.6217  	      495	   3.0303030303030303 	  0.0                	  96.96969696969697
CUFF_NC.6218  	        5	  20.0                	  0.0                	  80.0
CUFF_NC.6219  	      339	  12.389380530973451  	  0.0                	  87.61061946902655
CUFF_NC.622   	      533	  70.35647279549718   	  0.0                	  29.643527204502814
CUFF_NC.6220  	      340	  13.529411764705882  	  0.0                	  86.47058823529412
CUFF_NC.6224  	      252	   3.571428571428571  	  0.0                	  96.42857142857143
CUFF_NC.6228  	        1	   0.0                	  0.0                	 100.0
CUFF_NC.6230  	      533	   0.0                	  0.0                	 100.0
CUFF_NC.3399  	      531	   2.4482109227871938 	  0.0                	  97.5517890772128
CUFF_NC.6201  	      422	   4.265402843601896  	  0.0                	  95.73459715639811
CUFF_NC.6202  	      533	   0.0                	  0.0                	 100.0
CUFF_NC.6203  	      533	   0.0                	  0.0                	 100.0
CUFF_NC.6204  	      533	   0.37523452157598497	  0.0                	  99.62476547842401
CUFF_NC.6205  	      533	   0.0                	  0.0                	 100.0
CUFF_NC.3426  	      533	   0.5628517823639775 	  0.0                	  99.43714821763602
CUFF_NC.3428  	      533	  11.819887429643527  	  0.0                	  88.18011257035647
CUFF_NC.3429  	      533	   8.25515947467167   	  0.0                	  91.74484052532833
CUFF_NC.343   	      533	 100.0                	  0.0                	   0.0
CUFF_NC.3430  	      519	   0.7707129094412332 	  0.0                	  99.22928709055877
CUFF_NC.3395  	      533	   8.25515947467167   	  0.0                	  91.74484052532833
CUFF_NC.3398  	      528	   2.840909090909091  	  0.0                	  97.1590909090909
CUFF_NC.6196  	      524	   1.1450381679389312 	  0.0                	  98.85496183206108
CUFF_NC.6349  	      451	  36.58536585365854   	  0.0                	  63.41463414634146
CUFF_NC.635   	      533	 100.0                	  0.0                	   0.0
CUFF_NC.6351  	      521	   1.5355086372360844 	  0.0                	  98.46449136276392
CUFF_NC.6353  	      533	  99.812382739212     	  0.0                	   0.18761726078799248
CUFF_NC.6356  	      458	   6.986899563318777  	  0.0                	  93.01310043668121
CUFF_NC.6358  	      533	   0.37523452157598497	  0.0                	  99.62476547842401
CUFF_NC.636   	      533	 100.0                	  0.0                	   0.0
CUFF_NC.6360  	      533	 100.0                	  0.0                	   0.0
CUFF_NC.6361  	      470	  14.893617021276595  	  0.0                	  85.1063829787234
CUFF_NC.6363  	      446	   5.829596412556054  	  0.0                	  94.17040358744396
CUFF_NC.2494  	      533	 100.0                	  0.0                	   0.0
CUFF_NC.63    	      533	 100.0                	  0.0                	   0.0
CUFF_NC.6331  	      506	  19.367588932806324  	  0.0                	  80.63241106719367
CUFF_NC.6332  	      531	   0.18832391713747645	  0.0                	  99.81167608286252
CUFF_NC.6333  	      485	   3.917525773195876  	  0.0                	  96.08247422680412
CUFF_NC.6334  	      519	   2.5048169556840074 	  0.0                	  97.495183044316
CUFF_NC.6335  	      461	   2.6030368763557483 	  0.0                	  97.39696312364426
CUFF_NC.6339  	      518	   3.088803088803089  	  0.0                	  96.91119691119691
CUFF_NC.634   	      533	 100.0                	  0.0                	   0.0
CUFF_NC.6342  	      312	  34.61538461538461   	  0.0                	  65.38461538461539
CUFF_NC.6343  	      524	  98.85496183206108   	  0.0                	   1.1450381679389312
CUFF_NC.6346  	      532	   0.18796992481203006	  0.0                	  99.81203007518798
CUFF_NC.11040 	      533	 100.0                	  0.0                	   0.0
CUFF_NC.11042 	      533	 100.0                	  0.0                	   0.0
CUFF_NC.6330  	      526	   0.38022813688212925	  0.0                	  99.61977186311786
CUFF_NC.3385  	      529	   1.890359168241966  	  0.0                	  98.10964083175804
CUFF_NC.2905  	      533	 100.0                	  0.0                	   0.0
CUFF_NC.2912  	      355	  23.380281690140844  	  0.0                	  76.61971830985915
CUFF_NC.2916  	      533	 100.0                	  0.0                	   0.0
CUFF_NC.2917  	      533	 100.0                	  0.0                	   0.0
CUFF_NC.2918  	      533	  97.18574108818011   	  0.0                	   2.8142589118198873
CUFF_NC.2919  	      533	 100.0                	  0.0                	   0.0
CUFF_NC.6381  	      533	   0.7504690431519699 	  0.0                	  99.24953095684803
CUFF_NC.6382  	      532	  44.92481203007519   	  0.0                	  55.07518796992481
CUFF_NC.6383  	      515	   4.854368932038835  	  0.0                	  95.14563106796116
CUFF_NC.6385  	      490	   1.6326530612244898 	  0.0                	  98.36734693877551
CUFF_NC.2508  	      533	 100.0                	  0.0                	   0.0
CUFF_NC.11017 	      533	  99.812382739212     	  0.0                	   0.18761726078799248
CUFF_NC.11020 	      533	 100.0                	  0.0                	   0.0
CUFF_NC.2495  	      533	 100.0                	  0.0                	   0.0
CUFF_NC.2496  	      533	 100.0                	  0.0                	   0.0
CUFF_NC.2497  	      533	 100.0                	  0.0                	   0.0
CUFF_NC.2499  	      533	 100.0                	  0.0                	   0.0
CUFF_NC.25    	      533	 100.0                	  0.0                	   0.0
CUFF_NC.250   	      533	 100.0                	  0.0                	   0.0
CUFF_NC.2501  	      533	 100.0                	  0.0                	   0.0
CUFF_NC.2502  	      533	 100.0                	  0.0                	   0.0
CUFF_NC.2503  	      533	 100.0                	  0.0                	   0.0
CUFF_NC.2504  	      533	 100.0                	  0.0                	   0.0
CUFF_NC.11016 	      533	 100.0                	  0.0                	   0.0
CUFF_NC.6306  	      533	   0.7504690431519699 	  0.0                	  99.24953095684803
CUFF_NC.6307  	      533	   0.0                	  0.0                	 100.0
CUFF_NC.6308  	      533	 100.0                	  0.0                	   0.0
CUFF_NC.6309  	      522	   7.854406130268199  	  0.0                	  92.1455938697318
CUFF_NC.631   	      513	  98.83040935672514   	  0.0                	   1.1695906432748537
CUFF_NC.11030 	      532	 100.0                	  0.0                	   0.0
CUFF_NC.11032 	      533	 100.0                	  0.0                	   0.0
CUFF_NC.11033 	      533	 100.0                	  0.0                	   0.0
CUFF_NC.11034 	      533	  99.812382739212     	  0.0                	   0.18761726078799248
CUFF_NC.11035 	      533	 100.0                	  0.0                	   0.0
CUFF_NC.11036 	      533	 100.0                	  0.0                	   0.0
CUFF_NC.11043 	      533	  99.62476547842401   	  0.0                	   0.37523452157598497
CUFF_NC.11039 	      533	 100.0                	  0.0                	   0.0
CUFF_NC.6285  	      429	  24.00932400932401   	  0.0                	  75.990675990676
CUFF_NC.6287  	      533	   0.0                	  0.0                	 100.0
CUFF_NC.6288  	      509	  35.16699410609037   	  0.0                	  64.83300589390963
CUFF_NC.6289  	      491	   2.6476578411405294 	  0.0                	  97.35234215885947
CUFF_NC.629   	      533	  99.812382739212     	  0.0                	   0.18761726078799248
CUFF_NC.6290  	      530	  59.24528301886792   	  0.0                	  40.75471698113208
CUFF_NC.6291  	      511	   4.305283757338552  	  0.0                	  95.69471624266144
CUFF_NC.6294  	      522	   0.9578544061302682 	  0.0                	  99.04214559386973
CUFF_NC.6295  	      532	  64.84962406015038   	  0.0                	  35.150375939849624
CUFF_NC.6298  	      532	   0.0                	  0.0                	 100.0
CUFF_NC.6299  	      533	   0.18761726078799248	  0.0                	  99.812382739212
CUFF_NC.11038 	      533	  99.812382739212     	  0.0                	   0.18761726078799248
CUFF_NC.11045 	      533	 100.0                	  0.0                	   0.0
CUFF_NC.6312  	      533	   0.0                	  0.0                	 100.0
CUFF_NC.6316  	      533	   0.0                	  0.0                	 100.0
CUFF_NC.6317  	      527	   0.5692599620493358 	  0.0                	  99.43074003795066
CUFF_NC.6318  	      533	  99.24953095684803   	  0.0                	   0.7504690431519699
CUFF_NC.3404  	      441	  12.471655328798185  	  0.0                	  87.52834467120182
CUFF_NC.3406  	      532	   0.0                	  0.0                	 100.0
CUFF_NC.3407  	      533	   0.0                	  0.0                	 100.0
CUFF_NC.3408  	      533	   0.0                	  0.0                	 100.0
CUFF_NC.341   	      533	 100.0                	  0.0                	   0.0
CUFF_NC.3410  	      533	  11.25703564727955   	  0.0                	  88.74296435272045
CUFF_NC.6304  	      533	   6.75422138836773   	  0.0                	  93.24577861163228
CUFF_NC.1514  	      523	   8.98661567877629   	  0.0                	  91.01338432122371
CUFF_NC.1515  	      481	  19.75051975051975   	  0.0                	  80.24948024948026
CUFF_NC.1518  	      533	  74.48405253283302   	  0.0                	  25.515947467166978
CUFF_NC.1519  	      339	  75.51622418879056   	  0.0                	  24.48377581120944
CUFF_NC.3387  	      528	   3.977272727272727  	  0.0                	  96.02272727272727
CUFF_NC.6319  	      533	   0.0                	  0.0                	 100.0
CUFF_NC.6320  	      530	   9.622641509433963  	  0.0                	  90.37735849056604
CUFF_NC.6321  	      533	   0.0                	  0.0                	 100.0
CUFF_NC.6322  	      533	   0.9380863039399625 	  0.0                	  99.06191369606003
CUFF_NC.6327  	      524	   4.198473282442748  	  0.0                	  95.80152671755725
CUFF_NC.6329  	      533	   0.0                	  0.0                	 100.0
CUFF_NC.6303  	      532	   0.0                	  0.0                	 100.0
CUFF_NC.3411  	      473	   6.553911205073996  	  0.0                	  93.44608879492601
CUFF_NC.6901  	      533	 100.0                	  0.0                	   0.0
CUFF_NC.6902  	      533	 100.0                	  0.0                	   0.0
CUFF_NC.6905  	      533	 100.0                	  0.0                	   0.0
CUFF_NC.6870  	      533	 100.0                	  0.0                	   0.0
CUFF_NC.6871  	      533	   0.5628517823639775 	  0.0                	  99.43714821763602
CUFF_NC.6874  	      533	  99.43714821763602   	  0.0                	   0.5628517823639775
CUFF_NC.6875  	      466	  16.738197424892704  	  0.0                	  83.2618025751073
CUFF_NC.6876  	      533	 100.0                	  0.0                	   0.0
CUFF_NC.6881  	      533	 100.0                	  0.0                	   0.0
CUFF_NC.1087  	      533	 100.0                	  0.0                	   0.0
CUFF_NC.10870 	      533	 100.0                	  0.0                	   0.0
CUFF_NC.10955 	      531	  96.42184557438794   	  0.0                	   3.5781544256120528
CUFF_NC.1088  	      533	 100.0                	  0.0                	   0.0
CUFF_NC.10881 	      533	 100.0                	  0.0                	   0.0
CUFF_NC.6850  	      533	 100.0                	  0.0                	   0.0
CUFF_NC.6851  	      533	 100.0                	  0.0                	   0.0
CUFF_NC.6852  	      533	 100.0                	  0.0                	   0.0
CUFF_NC.6853  	      533	  99.62476547842401   	  0.0                	   0.37523452157598497
CUFF_NC.6854  	      533	 100.0                	  0.0                	   0.0
CUFF_NC.6855  	      533	 100.0                	  0.0                	   0.0
CUFF_NC.6856  	      533	   0.0                	  0.0                	 100.0
CUFF_NC.6857  	      533	 100.0                	  0.0                	   0.0
CUFF_NC.6858  	      533	 100.0                	  0.0                	   0.0
CUFF_NC.10872 	      533	 100.0                	  0.0                	   0.0
CUFF_NC.2436  	      533	  99.812382739212     	  0.0                	   0.18761726078799248
CUFF_NC.692   	      533	 100.0                	  0.0                	   0.0
CUFF_NC.6925  	      533	 100.0                	  0.0                	   0.0
CUFF_NC.6926  	      533	 100.0                	  0.0                	   0.0
CUFF_NC.6909  	      533	   3.9399624765478425 	  0.0                	  96.06003752345215
CUFF_NC.6910  	      533	 100.0                	  0.0                	   0.0
CUFF_NC.10854 	      533	 100.0                	  0.0                	   0.0
CUFF_NC.10857 	      533	 100.0                	  0.0                	   0.0
CUFF_NC.10858 	      533	 100.0                	  0.0                	   0.0
CUFF_NC.10864 	      533	  98.87429643527204   	  0.0                	   1.125703564727955
CUFF_NC.10865 	      289	   8.304498269896193  	  0.0                	  91.6955017301038
CUFF_NC.6900  	      533	 100.0                	  0.0                	   0.0
CUFF_NC.10867 	      533	  99.62476547842401   	  0.0                	   0.37523452157598497
CUFF_NC.6914  	      533	 100.0                	  0.0                	   0.0
CUFF_NC.6915  	      533	 100.0                	  0.0                	   0.0
CUFF_NC.6883  	      532	  52.06766917293233   	  0.0                	  47.93233082706767
CUFF_NC.6884  	      533	 100.0                	  0.0                	   0.0
CUFF_NC.6886  	      533	  99.812382739212     	  0.0                	   0.18761726078799248
CUFF_NC.6887  	      533	 100.0                	  0.0                	   0.0
CUFF_NC.6889  	      533	 100.0                	  0.0                	   0.0
CUFF_NC.689   	      533	 100.0                	  0.0                	   0.0
CUFF_NC.6890  	      532	 100.0                	  0.0                	   0.0
CUFF_NC.6893  	      533	 100.0                	  0.0                	   0.0
CUFF_NC.6895  	      533	 100.0                	  0.0                	   0.0
CUFF_NC.10866 	      533	 100.0                	  0.0                	   0.0
CUFF_NC.6838  	      533	 100.0                	  0.0                	   0.0
CUFF_NC.684   	      533	 100.0                	  0.0                	   0.0
CUFF_NC.6843  	      533	 100.0                	  0.0                	   0.0
CUFF_NC.6845  	      533	 100.0                	  0.0                	   0.0
CUFF_NC.6846  	      533	 100.0                	  0.0                	   0.0
CUFF_NC.6849  	      533	  97.5609756097561    	  0.0                	   2.4390243902439024
CUFF_NC.685   	      533	  96.62288930581614   	  0.0                	   3.377110694183865
CUFF_NC.244   	      533	 100.0                	  0.0                	   0.0
CUFF_NC.172   	      533	 100.0                	  0.0                	   0.0
CUFF_NC.1720  	      533	 100.0                	  0.0                	   0.0
CUFF_NC.1722  	      533	  99.812382739212     	  0.0                	   0.18761726078799248
CUFF_NC.3341  	      533	   2.6266416510318953 	  0.0                	  97.37335834896811
CUFF_NC.1727  	      522	   3.6398467432950192 	  0.0                	  96.36015325670499
CUFF_NC.1728  	      533	 100.0                	  0.0                	   0.0
CUFF_NC.173   	      533	 100.0                	  0.0                	   0.0
CUFF_NC.1731  	      533	 100.0                	  0.0                	   0.0
CUFF_NC.2441  	      532	  98.49624060150376   	  0.0                	   1.5037593984962405
CUFF_NC.2442  	      533	 100.0                	  0.0                	   0.0
CUFF_NC.2444  	      533	 100.0                	  0.0                	   0.0
CUFF_NC.6824  	      533	 100.0                	  0.0                	   0.0
CUFF_NC.6825  	      533	 100.0                	  0.0                	   0.0
CUFF_NC.6827  	      533	 100.0                	  0.0                	   0.0
CUFF_NC.6815  	      533	 100.0                	  0.0                	   0.0
CUFF_NC.6816  	      533	 100.0                	  0.0                	   0.0
CUFF_NC.1725  	      533	 100.0                	  0.0                	   0.0
CUFF_NC.3342  	      526	   1.7110266159695817 	  0.0                	  98.28897338403041
CUFF_NC.3344  	      532	  22.74436090225564   	  0.0                	  77.25563909774436
CUFF_NC.3346  	      527	   0.3795066413662239 	  0.0                	  99.62049335863378
CUFF_NC.3347  	      533	 100.0                	  0.0                	   0.0
CUFF_NC.3312  	      533	   0.0                	  0.0                	 100.0
CUFF_NC.3313  	      533	   1.6885553470919326 	  0.0                	  98.31144465290807
CUFF_NC.3315  	      532	   0.18796992481203006	  0.0                	  99.81203007518798
CUFF_NC.3317  	      384	  24.739583333333336  	  0.0                	  75.26041666666666
CUFF_NC.3318  	      520	   2.307692307692308  	  0.0                	  97.6923076923077
CUFF_NC.3319  	      526	   3.6121673003802277 	  0.0                	  96.38783269961976
CUFF_NC.332   	      533	 100.0                	  0.0                	   0.0
CUFF_NC.6837  	      533	 100.0                	  0.0                	   0.0
CUFF_NC.686   	      533	  96.24765478424015   	  0.0                	   3.75234521575985
CUFF_NC.6862  	      533	  99.812382739212     	  0.0                	   0.18761726078799248
CUFF_NC.6864  	      533	 100.0                	  0.0                	   0.0
CUFF_NC.6865  	      533	   0.5628517823639775 	  0.0                	  99.43714821763602
CUFF_NC.6866  	      533	 100.0                	  0.0                	   0.0
CUFF_NC.6867  	      533	 100.0                	  0.0                	   0.0
CUFF_NC.6829  	      533	 100.0                	  0.0                	   0.0
CUFF_NC.683   	      533	 100.0                	  0.0                	   0.0
CUFF_NC.10002 	      531	   0.5649717514124294 	  0.0                	  99.43502824858757
CUFF_NC.6834  	      533	   1.3133208255159476 	  0.0                	  98.68667917448406
CUFF_NC.6835  	      533	 100.0                	  0.0                	   0.0
CUFF_NC.6836  	      533	 100.0                	  0.0                	   0.0
CUFF_NC.3324  	      532	   0.5639097744360901 	  0.0                	  99.43609022556392
CUFF_NC.3303  	      523	   0.7648183556405354 	  0.0                	  99.23518164435946
CUFF_NC.3304  	      500	   9.6                	  0.0                	  90.4
CUFF_NC.3305  	      488	   5.122950819672131  	  0.0                	  94.87704918032787
CUFF_NC.1745  	      533	 100.0                	  0.0                	   0.0
CUFF_NC.1746  	      533	  14.634146341463413  	  0.0                	  85.36585365853658
CUFF_NC.2411  	      533	  99.812382739212     	  0.0                	   0.18761726078799248
CUFF_NC.2414  	      533	 100.0                	  0.0                	   0.0
CUFF_NC.2415  	      533	 100.0                	  0.0                	   0.0
CUFF_NC.2416  	      533	 100.0                	  0.0                	   0.0
CUFF_NC.6997  	      533	 100.0                	  0.0                	   0.0
CUFF_NC.6986  	      533	 100.0                	  0.0                	   0.0
CUFF_NC.2435  	      533	 100.0                	  0.0                	   0.0
CUFF_NC.10824 	      533	 100.0                	  0.0                	   0.0
CUFF_NC.10826 	      533	 100.0                	  0.0                	   0.0
CUFF_NC.10830 	      533	 100.0                	  0.0                	   0.0
CUFF_NC.10831 	      533	 100.0                	  0.0                	   0.0
CUFF_NC.10833 	      533	 100.0                	  0.0                	   0.0
CUFF_NC.10834 	      533	 100.0                	  0.0                	   0.0
CUFF_NC.10836 	      533	 100.0                	  0.0                	   0.0
CUFF_NC.10837 	      533	 100.0                	  0.0                	   0.0
CUFF_NC.10838 	      533	 100.0                	  0.0                	   0.0
CUFF_NC.10839 	      533	 100.0                	  0.0                	   0.0
CUFF_NC.6994  	      533	 100.0                	  0.0                	   0.0
CUFF_NC.6995  	      533	 100.0                	  0.0                	   0.0
CUFF_NC.6987  	      533	 100.0                	  0.0                	   0.0
CUFF_NC.7002  	      533	 100.0                	  0.0                	   0.0
CUFF_NC.7003  	      533	 100.0                	  0.0                	   0.0
CUFF_NC.7004  	      533	 100.0                	  0.0                	   0.0
CUFF_NC.7005  	      533	  98.12382739212008   	  0.0                	   1.876172607879925
CUFF_NC.7008  	      533	 100.0                	  0.0                	   0.0
CUFF_NC.7009  	      533	 100.0                	  0.0                	   0.0
CUFF_NC.10808 	      533	 100.0                	  0.0                	   0.0
CUFF_NC.10809 	      533	  99.812382739212     	  0.0                	   0.18761726078799248
CUFF_NC.10811 	      533	  99.62476547842401   	  0.0                	   0.37523452157598497
CUFF_NC.10812 	      533	 100.0                	  0.0                	   0.0
CUFF_NC.10814 	      533	 100.0                	  0.0                	   0.0
CUFF_NC.3301  	      533	   0.18761726078799248	  0.0                	  99.812382739212
CUFF_NC.1740  	      532	  99.62406015037594   	  0.0                	   0.37593984962406013
CUFF_NC.1742  	      533	  70.1688555347092    	  0.0                	  29.831144465290805
CUFF_NC.1743  	      533	  99.812382739212     	  0.0                	   0.18761726078799248
CUFF_NC.1744  	      533	 100.0                	  0.0                	   0.0
CUFF_NC.3325  	      514	   1.556420233463035  	  0.0                	  98.44357976653697
CUFF_NC.3326  	      522	   0.7662835249042145 	  0.0                	  99.23371647509579
CUFF_NC.3327  	      531	   0.3766478342749529 	  0.0                	  99.62335216572504
CUFF_NC.3328  	      527	   0.3795066413662239 	  0.0                	  99.62049335863378
CUFF_NC.3331  	      533	   0.0                	  0.0                	 100.0
CUFF_NC.3299  	      532	   0.9398496240601504 	  0.0                	  99.06015037593986
CUFF_NC.33    	      533	 100.0                	  0.0                	   0.0
CUFF_NC.3300  	      530	   0.7547169811320755 	  0.0                	  99.24528301886792
CUFF_NC.174   	      533	 100.0                	  0.0                	   0.0
CUFF_NC.6964  	      533	 100.0                	  0.0                	   0.0
CUFF_NC.6965  	      533	 100.0                	  0.0                	   0.0
CUFF_NC.6928  	      533	  84.24015009380864   	  0.0                	  15.75984990619137
CUFF_NC.6929  	      533	 100.0                	  0.0                	   0.0
CUFF_NC.6930  	      533	  97.74859287054409   	  0.0                	   2.25140712945591
CUFF_NC.6932  	      533	 100.0                	  0.0                	   0.0
CUFF_NC.6935  	      533	 100.0                	  0.0                	   0.0
CUFF_NC.6936  	      533	 100.0                	  0.0                	   0.0
CUFF_NC.6937  	      533	 100.0                	  0.0                	   0.0
CUFF_NC.694   	      533	 100.0                	  0.0                	   0.0
CUFF_NC.6940  	      533	 100.0                	  0.0                	   0.0
CUFF_NC.6966  	      533	 100.0                	  0.0                	   0.0
CUFF_NC.10841 	      533	 100.0                	  0.0                	   0.0
CUFF_NC.10846 	      533	 100.0                	  0.0                	   0.0
CUFF_NC.10847 	      533	 100.0                	  0.0                	   0.0
CUFF_NC.2421  	      533	 100.0                	  0.0                	   0.0
CUFF_NC.2422  	      533	 100.0                	  0.0                	   0.0
CUFF_NC.2425  	      533	 100.0                	  0.0                	   0.0
CUFF_NC.2428  	      533	  98.49906191369607   	  0.0                	   1.5009380863039399
CUFF_NC.2429  	      533	 100.0                	  0.0                	   0.0
CUFF_NC.243   	      533	  99.62476547842401   	  0.0                	   0.37523452157598497
CUFF_NC.2432  	      532	  99.24812030075188   	  0.0                	   0.7518796992481203
CUFF_NC.2433  	      533	 100.0                	  0.0                	   0.0
CUFF_NC.2434  	      533	 100.0                	  0.0                	   0.0
CUFF_NC.10840 	      533	 100.0                	  0.0                	   0.0
CUFF_NC.6968  	      533	  99.43714821763602   	  0.0                	   0.5628517823639775
CUFF_NC.6969  	      533	 100.0                	  0.0                	   0.0
CUFF_NC.697   	      533	 100.0                	  0.0                	   0.0
CUFF_NC.6970  	      533	 100.0                	  0.0                	   0.0
CUFF_NC.6971  	      533	 100.0                	  0.0                	   0.0
CUFF_NC.6972  	      533	 100.0                	  0.0                	   0.0
CUFF_NC.6973  	      533	 100.0                	  0.0                	   0.0
CUFF_NC.6976  	      533	 100.0                	  0.0                	   0.0
CUFF_NC.6977  	      533	 100.0                	  0.0                	   0.0
CUFF_NC.6979  	      533	 100.0                	  0.0                	   0.0
CUFF_NC.698   	      533	  97.74859287054409   	  0.0                	   2.25140712945591
CUFF_NC.6961  	      533	 100.0                	  0.0                	   0.0
CUFF_NC.10850 	      533	  99.812382739212     	  0.0                	   0.18761726078799248
CUFF_NC.10851 	      533	  99.812382739212     	  0.0                	   0.18761726078799248
CUFF_NC.10852 	      533	 100.0                	  0.0                	   0.0
CUFF_NC.10853 	      533	  99.24953095684803   	  0.0                	   0.7504690431519699
CUFF_NC.6945  	      533	 100.0                	  0.0                	   0.0
CUFF_NC.6946  	      533	  99.812382739212     	  0.0                	   0.18761726078799248
CUFF_NC.6947  	      533	 100.0                	  0.0                	   0.0
CUFF_NC.6948  	      533	 100.0                	  0.0                	   0.0
CUFF_NC.695   	      533	 100.0                	  0.0                	   0.0
CUFF_NC.6958  	      533	  98.49906191369607   	  0.0                	   1.5009380863039399
CUFF_NC.696   	      533	 100.0                	  0.0                	   0.0
CUFF_NC.6960  	      533	 100.0                	  0.0                	   0.0
CUFF_NC.6980  	      533	 100.0                	  0.0                	   0.0
CUFF_NC.6685  	      487	  45.9958932238193    	  0.0                	  54.00410677618069
CUFF_NC.6686  	      533	 100.0                	  0.0                	   0.0
CUFF_NC.6688  	      533	 100.0                	  0.0                	   0.0
CUFF_NC.6689  	      533	 100.0                	  0.0                	   0.0
CUFF_NC.6690  	      533	 100.0                	  0.0                	   0.0
CUFF_NC.6691  	      532	  87.78195488721805   	  0.0                	  12.218045112781954
CUFF_NC.6692  	      533	   3.0018761726078798 	  0.0                	  96.99812382739212
CUFF_NC.6694  	      533	 100.0                	  0.0                	   0.0
CUFF_NC.6695  	      533	 100.0                	  0.0                	   0.0
CUFF_NC.6696  	      533	 100.0                	  0.0                	   0.0
CUFF_NC.666   	      522	   0.7662835249042145 	  0.0                	  99.23371647509579
CUFF_NC.6817  	      533	 100.0                	  0.0                	   0.0
CUFF_NC.6664  	      533	 100.0                	  0.0                	   0.0
CUFF_NC.6667  	      314	  99.68152866242038   	  0.0                	   0.3184713375796179
CUFF_NC.6668  	      533	  99.812382739212     	  0.0                	   0.18761726078799248
CUFF_NC.6669  	      533	  51.969981238273924  	  0.0                	  48.030018761726076
CUFF_NC.667   	      533	 100.0                	  0.0                	   0.0
CUFF_NC.6670  	      533	   1.876172607879925  	  0.0                	  98.12382739212008
CUFF_NC.6672  	      533	 100.0                	  0.0                	   0.0
CUFF_NC.6674  	      533	   2.8142589118198873 	  0.0                	  97.18574108818011
CUFF_NC.6675  	      533	 100.0                	  0.0                	   0.0
CUFF_NC.6676  	      533	 100.0                	  0.0                	   0.0
CUFF_NC.6677  	      533	 100.0                	  0.0                	   0.0
CUFF_NC.6679  	      533	 100.0                	  0.0                	   0.0
CUFF_NC.6662  	      533	 100.0                	  0.0                	   0.0
CUFF_NC.6723  	      533	 100.0                	  0.0                	   0.0
CUFF_NC.6724  	      533	  99.812382739212     	  0.0                	   0.18761726078799248
CUFF_NC.6725  	      533	  99.62476547842401   	  0.0                	   0.37523452157598497
CUFF_NC.6726  	      533	 100.0                	  0.0                	   0.0
CUFF_NC.6728  	      533	 100.0                	  0.0                	   0.0
CUFF_NC.10915 	      533	 100.0                	  0.0                	   0.0
CUFF_NC.2445  	      533	 100.0                	  0.0                	   0.0
CUFF_NC.2449  	      533	 100.0                	  0.0                	   0.0
CUFF_NC.2450  	      533	 100.0                	  0.0                	   0.0
CUFF_NC.67    	      533	 100.0                	  0.0                	   0.0
CUFF_NC.670   	      533	  34.146341463414636  	  0.0                	  65.85365853658537
CUFF_NC.6684  	      533	  99.812382739212     	  0.0                	   0.18761726078799248
CUFF_NC.6703  	      533	 100.0                	  0.0                	   0.0
CUFF_NC.6705  	      533	 100.0                	  0.0                	   0.0
CUFF_NC.6707  	      505	   1.3861386138613863 	  0.0                	  98.61386138613861
CUFF_NC.6708  	      533	  98.31144465290807   	  0.0                	   1.6885553470919326
CUFF_NC.6709  	      533	 100.0                	  0.0                	   0.0
CUFF_NC.671   	      533	 100.0                	  0.0                	   0.0
CUFF_NC.6710  	      533	 100.0                	  0.0                	   0.0
CUFF_NC.6711  	      533	 100.0                	  0.0                	   0.0
CUFF_NC.6712  	      533	  99.24953095684803   	  0.0                	   0.7504690431519699
CUFF_NC.6716  	      533	  99.812382739212     	  0.0                	   0.18761726078799248
CUFF_NC.6680  	      533	 100.0                	  0.0                	   0.0
CUFF_NC.6681  	      533	 100.0                	  0.0                	   0.0
CUFF_NC.6702  	      533	 100.0                	  0.0                	   0.0
CUFF_NC.3338  	      484	   2.479338842975207  	  0.0                	  97.52066115702479
CUFF_NC.3339  	      526	   0.38022813688212925	  0.0                	  99.61977186311786
CUFF_NC.334   	      533	 100.0                	  0.0                	   0.0
CUFF_NC.3340  	      524	   2.099236641221374  	  0.0                	  97.90076335877863
CUFF_NC.6645  	      533	 100.0                	  0.0                	   0.0
CUFF_NC.6646  	      533	  99.812382739212     	  0.0                	   0.18761726078799248
CUFF_NC.6647  	      533	  99.812382739212     	  0.0                	   0.18761726078799248
CUFF_NC.6648  	      533	 100.0                	  0.0                	   0.0
CUFF_NC.6649  	      533	 100.0                	  0.0                	   0.0
CUFF_NC.665   	      533	  99.812382739212     	  0.0                	   0.18761726078799248
CUFF_NC.6652  	      533	 100.0                	  0.0                	   0.0
CUFF_NC.6653  	      533	 100.0                	  0.0                	   0.0
CUFF_NC.661   	      533	 100.0                	  0.0                	   0.0
CUFF_NC.6610  	      533	 100.0                	  0.0                	   0.0
CUFF_NC.6611  	      533	 100.0                	  0.0                	   0.0
CUFF_NC.6613  	      493	  32.86004056795132   	  0.0                	  67.13995943204868
CUFF_NC.6614  	      530	  99.81132075471699   	  0.0                	   0.18867924528301888
CUFF_NC.6615  	      533	 100.0                	  0.0                	   0.0
CUFF_NC.6619  	      533	  23.26454033771107   	  0.0                	  76.73545966228893
CUFF_NC.662   	      533	  99.812382739212     	  0.0                	   0.18761726078799248
CUFF_NC.6620  	      533	 100.0                	  0.0                	   0.0
CUFF_NC.6621  	      533	 100.0                	  0.0                	   0.0
CUFF_NC.6624  	      533	  99.812382739212     	  0.0                	   0.18761726078799248
CUFF_NC.6627  	      533	  99.43714821763602   	  0.0                	   0.5628517823639775
CUFF_NC.6609  	      533	   5.253283302063791  	  0.0                	  94.74671669793621
CUFF_NC.6654  	      533	 100.0                	  0.0                	   0.0
CUFF_NC.6655  	      533	 100.0                	  0.0                	   0.0
CUFF_NC.10930 	      533	 100.0                	  0.0                	   0.0
CUFF_NC.10931 	      533	 100.0                	  0.0                	   0.0
CUFF_NC.10932 	      533	  99.62476547842401   	  0.0                	   0.37523452157598497
CUFF_NC.10933 	      533	 100.0                	  0.0                	   0.0
CUFF_NC.10934 	      533	 100.0                	  0.0                	   0.0
CUFF_NC.10935 	      533	  98.49906191369607   	  0.0                	   1.5009380863039399
CUFF_NC.10939 	      533	 100.0                	  0.0                	   0.0
CUFF_NC.10942 	      533	  93.80863039399625   	  0.0                	   6.191369606003752
CUFF_NC.10943 	      524	   0.0                	  0.0                	 100.0
CUFF_NC.3337  	      533	   0.5628517823639775 	  0.0                	  99.43714821763602
CUFF_NC.6659  	      533	 100.0                	  0.0                	   0.0
CUFF_NC.663   	      533	 100.0                	  0.0                	   0.0
CUFF_NC.6631  	      533	 100.0                	  0.0                	   0.0
CUFF_NC.6640  	      533	  99.43714821763602   	  0.0                	   0.5628517823639775
CUFF_NC.6642  	      533	 100.0                	  0.0                	   0.0
CUFF_NC.6644  	      533	 100.0                	  0.0                	   0.0
CUFF_NC.3358  	      528	   4.356060606060606  	  0.0                	  95.64393939393939
CUFF_NC.336   	      533	 100.0                	  0.0                	   0.0
CUFF_NC.3360  	      523	   0.7648183556405354 	  0.0                	  99.23518164435946
CUFF_NC.3362  	      533	   0.0                	  0.0                	 100.0
CUFF_NC.3332  	      494	  67.20647773279353   	  0.0                	  32.79352226720648
CUFF_NC.3334  	      522	   3.6398467432950192 	  0.0                	  96.36015325670499
CUFF_NC.6657  	      533	 100.0                	  0.0                	   0.0
CUFF_NC.6813  	      533	 100.0                	  0.0                	   0.0
CUFF_NC.1091  	      532	  99.62406015037594   	  0.0                	   0.37593984962406013
CUFF_NC.6775  	      533	 100.0                	  0.0                	   0.0
CUFF_NC.6777  	      533	 100.0                	  0.0                	   0.0
CUFF_NC.6779  	      533	 100.0                	  0.0                	   0.0
CUFF_NC.6780  	      533	 100.0                	  0.0                	   0.0
CUFF_NC.6781  	      533	  99.43714821763602   	  0.0                	   0.5628517823639775
CUFF_NC.6782  	      533	 100.0                	  0.0                	   0.0
CUFF_NC.6785  	      533	 100.0                	  0.0                	   0.0
CUFF_NC.6787  	      533	 100.0                	  0.0                	   0.0
CUFF_NC.6790  	      533	 100.0                	  0.0                	   0.0
CUFF_NC.6721  	      533	  75.046904315197     	  0.0                	  24.953095684803
CUFF_NC.6792  	      533	   2.8142589118198873 	  0.0                	  97.18574108818011
CUFF_NC.6766  	      531	  98.30508474576271   	  0.0                	   1.694915254237288
CUFF_NC.6767  	      533	 100.0                	  0.0                	   0.0
CUFF_NC.6768  	      533	  99.812382739212     	  0.0                	   0.18761726078799248
CUFF_NC.677   	      533	 100.0                	  0.0                	   0.0
CUFF_NC.6771  	      533	 100.0                	  0.0                	   0.0
CUFF_NC.6772  	      533	  99.812382739212     	  0.0                	   0.18761726078799248
CUFF_NC.6774  	      533	 100.0                	  0.0                	   0.0
CUFF_NC.10900 	      533	  98.31144465290807   	  0.0                	   1.6885553470919326
CUFF_NC.10902 	      533	 100.0                	  0.0                	   0.0
CUFF_NC.10903 	      533	 100.0                	  0.0                	   0.0
CUFF_NC.10904 	      533	 100.0                	  0.0                	   0.0
CUFF_NC.6791  	      533	 100.0                	  0.0                	   0.0
CUFF_NC.6819  	      533	  99.62476547842401   	  0.0                	   0.37523452157598497
CUFF_NC.6820  	      533	 100.0                	  0.0                	   0.0
CUFF_NC.10883 	      533	 100.0                	  0.0                	   0.0
CUFF_NC.10884 	      533	 100.0                	  0.0                	   0.0
CUFF_NC.10886 	      533	  99.812382739212     	  0.0                	   0.18761726078799248
CUFF_NC.10887 	      533	 100.0                	  0.0                	   0.0
CUFF_NC.10889 	      533	 100.0                	  0.0                	   0.0
CUFF_NC.1089  	      533	  99.812382739212     	  0.0                	   0.18761726078799248
CUFF_NC.10898 	      533	 100.0                	  0.0                	   0.0
CUFF_NC.6822  	      533	  97.5609756097561    	  0.0                	   2.4390243902439024
CUFF_NC.6823  	      533	 100.0                	  0.0                	   0.0
CUFF_NC.6812  	      533	  99.812382739212     	  0.0                	   0.18761726078799248
CUFF_NC.6795  	      533	 100.0                	  0.0                	   0.0
CUFF_NC.6796  	      533	 100.0                	  0.0                	   0.0
CUFF_NC.6798  	      533	 100.0                	  0.0                	   0.0
CUFF_NC.68    	      533	 100.0                	  0.0                	   0.0
CUFF_NC.680   	      533	 100.0                	  0.0                	   0.0
CUFF_NC.6800  	      533	 100.0                	  0.0                	   0.0
CUFF_NC.6802  	      533	 100.0                	  0.0                	   0.0
CUFF_NC.6805  	      533	 100.0                	  0.0                	   0.0
CUFF_NC.6807  	      533	 100.0                	  0.0                	   0.0
CUFF_NC.6808  	      533	  99.62476547842401   	  0.0                	   0.37523452157598497
CUFF_NC.6809  	      533	 100.0                	  0.0                	   0.0
CUFF_NC.681   	      533	 100.0                	  0.0                	   0.0
CUFF_NC.2439  	      533	 100.0                	  0.0                	   0.0
CUFF_NC.6738  	      533	  99.812382739212     	  0.0                	   0.18761726078799248
CUFF_NC.6742  	      533	 100.0                	  0.0                	   0.0
CUFF_NC.6744  	      533	  99.62476547842401   	  0.0                	   0.37523452157598497
CUFF_NC.6745  	      533	  99.812382739212     	  0.0                	   0.18761726078799248
CUFF_NC.6747  	      533	 100.0                	  0.0                	   0.0
CUFF_NC.2451  	      533	 100.0                	  0.0                	   0.0
CUFF_NC.2452  	      533	 100.0                	  0.0                	   0.0
CUFF_NC.2453  	      533	 100.0                	  0.0                	   0.0
CUFF_NC.2454  	      533	 100.0                	  0.0                	   0.0
CUFF_NC.2455  	      533	 100.0                	  0.0                	   0.0
CUFF_NC.2456  	      533	 100.0                	  0.0                	   0.0
CUFF_NC.10905 	      533	  99.812382739212     	  0.0                	   0.18761726078799248
CUFF_NC.246   	      533	 100.0                	  0.0                	   0.0
CUFF_NC.2461  	      533	 100.0                	  0.0                	   0.0
CUFF_NC.2462  	      533	 100.0                	  0.0                	   0.0
CUFF_NC.2464  	      533	  99.812382739212     	  0.0                	   0.18761726078799248
CUFF_NC.2465  	      533	 100.0                	  0.0                	   0.0
CUFF_NC.2467  	      533	 100.0                	  0.0                	   0.0
CUFF_NC.10921 	      526	  90.8745247148289    	  0.0                	   9.125475285171103
CUFF_NC.10922 	      533	 100.0                	  0.0                	   0.0
CUFF_NC.6717  	      533	   5.628517823639775  	  0.0                	  94.37148217636022
CUFF_NC.6719  	      533	 100.0                	  0.0                	   0.0
CUFF_NC.672   	      533	 100.0                	  0.0                	   0.0
CUFF_NC.6720  	      533	  99.812382739212     	  0.0                	   0.18761726078799248
CUFF_NC.2459  	      532	   7.142857142857142  	  0.0                	  92.85714285714286
CUFF_NC.10906 	      533	 100.0                	  0.0                	   0.0
CUFF_NC.10907 	      533	 100.0                	  0.0                	   0.0
CUFF_NC.10908 	      533	 100.0                	  0.0                	   0.0
CUFF_NC.6748  	      533	 100.0                	  0.0                	   0.0
CUFF_NC.6749  	      533	 100.0                	  0.0                	   0.0
CUFF_NC.675   	      530	   0.0                	  0.0                	 100.0
CUFF_NC.6750  	      533	  99.62476547842401   	  0.0                	   0.37523452157598497
CUFF_NC.6751  	      533	 100.0                	  0.0                	   0.0
CUFF_NC.6752  	      533	 100.0                	  0.0                	   0.0
CUFF_NC.6753  	      533	 100.0                	  0.0                	   0.0
CUFF_NC.6757  	      533	 100.0                	  0.0                	   0.0
CUFF_NC.6737  	      533	 100.0                	  0.0                	   0.0
CUFF_NC.676   	      533	 100.0                	  0.0                	   0.0
CUFF_NC.6760  	      533	 100.0                	  0.0                	   0.0
CUFF_NC.6762  	      533	 100.0                	  0.0                	   0.0
CUFF_NC.6763  	      533	  99.812382739212     	  0.0                	   0.18761726078799248
CUFF_NC.6765  	      533	 100.0                	  0.0                	   0.0
CUFF_NC.10924 	      533	 100.0                	  0.0                	   0.0
CUFF_NC.10927 	      533	 100.0                	  0.0                	   0.0
CUFF_NC.10928 	      533	 100.0                	  0.0                	   0.0
CUFF_NC.673   	      533	 100.0                	  0.0                	   0.0
CUFF_NC.6730  	      533	 100.0                	  0.0                	   0.0
CUFF_NC.6731  	      533	  99.62476547842401   	  0.0                	   0.37523452157598497
CUFF_NC.6736  	      533	 100.0                	  0.0                	   0.0
CUFF_NC.6759  	      533	 100.0                	  0.0                	   0.0
CUFF_NC.5602  	      533	 100.0                	  0.0                	   0.0
CUFF_NC.5604  	      533	 100.0                	  0.0                	   0.0
CUFF_NC.5606  	      533	 100.0                	  0.0                	   0.0
CUFF_NC.5608  	      533	 100.0                	  0.0                	   0.0
CUFF_NC.5610  	      533	 100.0                	  0.0                	   0.0
CUFF_NC.2598  	      533	 100.0                	  0.0                	   0.0
CUFF_NC.11193 	      533	 100.0                	  0.0                	   0.0
CUFF_NC.11196 	      533	  99.812382739212     	  0.0                	   0.18761726078799248
CUFF_NC.11197 	      533	 100.0                	  0.0                	   0.0
CUFF_NC.11198 	      533	 100.0                	  0.0                	   0.0
CUFF_NC.11199 	      533	 100.0                	  0.0                	   0.0
CUFF_NC.6170  	      262	  35.87786259541985   	  0.0                	  64.12213740458014
CUFF_NC.11200 	      533	  99.812382739212     	  0.0                	   0.18761726078799248
CUFF_NC.11201 	      533	 100.0                	  0.0                	   0.0
CUFF_NC.11202 	      533	 100.0                	  0.0                	   0.0
CUFF_NC.3559  	      528	   0.0                	  0.0                	 100.0
CUFF_NC.356   	      533	 100.0                	  0.0                	   0.0
CUFF_NC.2884  	      533	 100.0                	  0.0                	   0.0
CUFF_NC.2885  	      533	 100.0                	  0.0                	   0.0
CUFF_NC.2886  	      533	 100.0                	  0.0                	   0.0
CUFF_NC.2887  	      533	 100.0                	  0.0                	   0.0
CUFF_NC.3523  	      533	 100.0                	  0.0                	   0.0
CUFF_NC.3524  	      182	  31.318681318681318  	  0.0                	  68.68131868131869
CUFF_NC.112   	      533	 100.0                	  0.0                	   0.0
CUFF_NC.11186 	      533	   3.9399624765478425 	  0.0                	  96.06003752345215
CUFF_NC.11188 	      533	 100.0                	  0.0                	   0.0
CUFF_NC.5613  	      533	 100.0                	  0.0                	   0.0
CUFF_NC.5617  	      533	   2.4390243902439024 	  0.0                	  97.5609756097561
CUFF_NC.5618  	      533	  89.49343339587243   	  0.0                	  10.506566604127581
CUFF_NC.5619  	      533	 100.0                	  0.0                	   0.0
CUFF_NC.5620  	      533	 100.0                	  0.0                	   0.0
CUFF_NC.5622  	      533	 100.0                	  0.0                	   0.0
CUFF_NC.2599  	      533	  99.812382739212     	  0.0                	   0.18761726078799248
CUFF_NC.26    	      533	  99.62476547842401   	  0.0                	   0.37523452157598497
CUFF_NC.260   	      533	 100.0                	  0.0                	   0.0
CUFF_NC.5599  	      533	 100.0                	  0.0                	   0.0
CUFF_NC.2603  	      533	  22.88930581613508   	  0.0                	  77.11069418386491
CUFF_NC.2604  	      533	  99.62476547842401   	  0.0                	   0.37523452157598497
CUFF_NC.2605  	      533	 100.0                	  0.0                	   0.0
CUFF_NC.2607  	      533	 100.0                	  0.0                	   0.0
CUFF_NC.2609  	      533	 100.0                	  0.0                	   0.0
CUFF_NC.261   	      533	 100.0                	  0.0                	   0.0
CUFF_NC.2610  	      533	 100.0                	  0.0                	   0.0
CUFF_NC.2611  	      533	 100.0                	  0.0                	   0.0
CUFF_NC.1118  	      533	 100.0                	  0.0                	   0.0
CUFF_NC.5594  	      533	 100.0                	  0.0                	   0.0
CUFF_NC.5597  	      533	 100.0                	  0.0                	   0.0
CUFF_NC.5598  	      533	 100.0                	  0.0                	   0.0
CUFF_NC.2600  	      533	 100.0                	  0.0                	   0.0
CUFF_NC.5541  	      533	 100.0                	  0.0                	   0.0
CUFF_NC.5546  	      533	 100.0                	  0.0                	   0.0
CUFF_NC.5547  	      533	 100.0                	  0.0                	   0.0
CUFF_NC.5548  	      533	 100.0                	  0.0                	   0.0
CUFF_NC.5550  	      353	   9.34844192634561   	  0.0                	  90.6515580736544
CUFF_NC.5553  	      533	  99.812382739212     	  0.0                	   0.18761726078799248
CUFF_NC.5555  	      533	 100.0                	  0.0                	   0.0
CUFF_NC.5556  	      533	 100.0                	  0.0                	   0.0
CUFF_NC.5557  	      533	 100.0                	  0.0                	   0.0
CUFF_NC.5559  	      533	 100.0                	  0.0                	   0.0
CUFF_NC.556   	      533	 100.0                	  0.0                	   0.0
CUFF_NC.3525  	      533	  31.51969981238274   	  0.0                	  68.48030018761726
CUFF_NC.11220 	      533	 100.0                	  0.0                	   0.0
CUFF_NC.5525  	      533	 100.0                	  0.0                	   0.0
CUFF_NC.5526  	      533	 100.0                	  0.0                	   0.0
CUFF_NC.5527  	      533	 100.0                	  0.0                	   0.0
CUFF_NC.5528  	      533	 100.0                	  0.0                	   0.0
CUFF_NC.5530  	      533	  99.24953095684803   	  0.0                	   0.7504690431519699
CUFF_NC.5532  	      533	 100.0                	  0.0                	   0.0
CUFF_NC.5533  	      533	 100.0                	  0.0                	   0.0
CUFF_NC.5535  	      530	  99.62264150943396   	  0.0                	   0.37735849056603776
CUFF_NC.5536  	      533	 100.0                	  0.0                	   0.0
CUFF_NC.5537  	      533	 100.0                	  0.0                	   0.0
CUFF_NC.5538  	      533	 100.0                	  0.0                	   0.0
CUFF_NC.5560  	      533	 100.0                	  0.0                	   0.0
CUFF_NC.3526  	      533	  31.144465290806757  	  0.0                	  68.85553470919325
CUFF_NC.3527  	      427	   6.791569086651054  	  0.0                	  93.20843091334895
CUFF_NC.3528  	      533	   4.878048780487805  	  0.0                	  95.1219512195122
CUFF_NC.3529  	      532	   8.834586466165414  	  0.0                	  91.16541353383458
CUFF_NC.353   	      533	 100.0                	  0.0                	   0.0
CUFF_NC.3530  	      533	  16.51031894934334   	  0.0                	  83.48968105065666
CUFF_NC.11203 	      533	 100.0                	  0.0                	   0.0
CUFF_NC.11206 	      533	 100.0                	  0.0                	   0.0
CUFF_NC.11207 	      533	  74.85928705440901   	  0.0                	  25.14071294559099
CUFF_NC.5584  	      533	  99.812382739212     	  0.0                	   0.18761726078799248
CUFF_NC.5587  	      533	 100.0                	  0.0                	   0.0
CUFF_NC.5540  	      533	 100.0                	  0.0                	   0.0
CUFF_NC.5562  	      533	 100.0                	  0.0                	   0.0
CUFF_NC.5564  	      533	 100.0                	  0.0                	   0.0
CUFF_NC.5565  	      533	 100.0                	  0.0                	   0.0
CUFF_NC.5568  	      533	 100.0                	  0.0                	   0.0
CUFF_NC.5569  	      533	 100.0                	  0.0                	   0.0
CUFF_NC.557   	      533	 100.0                	  0.0                	   0.0
CUFF_NC.5570  	      533	 100.0                	  0.0                	   0.0
CUFF_NC.5576  	      533	 100.0                	  0.0                	   0.0
CUFF_NC.5577  	      533	  99.812382739212     	  0.0                	   0.18761726078799248
CUFF_NC.5579  	      533	 100.0                	  0.0                	   0.0
CUFF_NC.558   	      533	 100.0                	  0.0                	   0.0
CUFF_NC.5582  	      533	 100.0                	  0.0                	   0.0
CUFF_NC.5589  	      533	 100.0                	  0.0                	   0.0
CUFF_NC.11150 	      533	 100.0                	  0.0                	   0.0
CUFF_NC.11153 	      533	 100.0                	  0.0                	   0.0
CUFF_NC.11165 	      533	 100.0                	  0.0                	   0.0
CUFF_NC.11166 	      533	 100.0                	  0.0                	   0.0
CUFF_NC.11169 	      533	 100.0                	  0.0                	   0.0
CUFF_NC.1117  	      405	  20.493827160493826  	  0.0                	  79.50617283950618
CUFF_NC.11173 	      533	 100.0                	  0.0                	   0.0
CUFF_NC.11174 	      533	 100.0                	  0.0                	   0.0
CUFF_NC.11178 	      533	 100.0                	  0.0                	   0.0
CUFF_NC.5689  	      533	 100.0                	  0.0                	   0.0
CUFF_NC.5690  	      533	 100.0                	  0.0                	   0.0
CUFF_NC.11185 	      533	 100.0                	  0.0                	   0.0
CUFF_NC.5692  	      533	 100.0                	  0.0                	   0.0
CUFF_NC.5700  	      533	 100.0                	  0.0                	   0.0
CUFF_NC.5702  	      533	 100.0                	  0.0                	   0.0
CUFF_NC.5703  	      533	 100.0                	  0.0                	   0.0
CUFF_NC.2582  	      533	  99.812382739212     	  0.0                	   0.18761726078799248
CUFF_NC.2583  	      533	  99.812382739212     	  0.0                	   0.18761726078799248
CUFF_NC.2584  	      533	 100.0                	  0.0                	   0.0
CUFF_NC.2585  	      533	 100.0                	  0.0                	   0.0
CUFF_NC.2589  	      533	  99.812382739212     	  0.0                	   0.18761726078799248
CUFF_NC.259   	      533	 100.0                	  0.0                	   0.0
CUFF_NC.2590  	      533	  97.74859287054409   	  0.0                	   2.25140712945591
CUFF_NC.2592  	      533	  12.94559099437148   	  0.0                	  87.05440900562851
CUFF_NC.5691  	      533	  99.812382739212     	  0.0                	   0.18761726078799248
CUFF_NC.573   	      533	 100.0                	  0.0                	   0.0
CUFF_NC.5704  	      533	 100.0                	  0.0                	   0.0
CUFF_NC.5706  	      533	 100.0                	  0.0                	   0.0
CUFF_NC.5708  	      533	 100.0                	  0.0                	   0.0
CUFF_NC.5709  	      533	  99.812382739212     	  0.0                	   0.18761726078799248
CUFF_NC.571   	      533	 100.0                	  0.0                	   0.0
CUFF_NC.5710  	      533	  99.812382739212     	  0.0                	   0.18761726078799248
CUFF_NC.5711  	      533	 100.0                	  0.0                	   0.0
CUFF_NC.5712  	      533	 100.0                	  0.0                	   0.0
CUFF_NC.1500  	      533	  99.24953095684803   	  0.0                	   0.7504690431519699
CUFF_NC.1502  	      533	  99.812382739212     	  0.0                	   0.18761726078799248
CUFF_NC.1115  	      299	   8.02675585284281   	  0.0                	  91.9732441471572
CUFF_NC.1507  	      533	   0.7504690431519699 	  0.0                	  99.24953095684803
CUFF_NC.352   	      533	 100.0                	  0.0                	   0.0
CUFF_NC.1588  	      533	   0.0                	  0.0                	 100.0
CUFF_NC.1589  	      533	  99.43714821763602   	  0.0                	   0.5628517823639775
CUFF_NC.159   	      533	 100.0                	  0.0                	   0.0
CUFF_NC.1590  	      533	  36.96060037523452   	  0.0                	  63.03939962476548
CUFF_NC.1595  	      533	  98.49906191369607   	  0.0                	   1.5009380863039399
CUFF_NC.1597  	      533	 100.0                	  0.0                	   0.0
CUFF_NC.5715  	      532	   8.646616541353383  	  0.0                	  91.35338345864662
CUFF_NC.5716  	      532	   7.7067669172932325 	  0.0                	  92.29323308270678
CUFF_NC.5717  	      533	 100.0                	  0.0                	   0.0
CUFF_NC.11148 	      533	  98.87429643527204   	  0.0                	   1.125703564727955
CUFF_NC.1506  	      413	  25.907990314769975  	  0.0                	  74.09200968523002
CUFF_NC.566   	      533	 100.0                	  0.0                	   0.0
CUFF_NC.5660  	      533	 100.0                	  0.0                	   0.0
CUFF_NC.5626  	      533	  99.812382739212     	  0.0                	   0.18761726078799248
CUFF_NC.5627  	      533	 100.0                	  0.0                	   0.0
CUFF_NC.5628  	      533	 100.0                	  0.0                	   0.0
CUFF_NC.5633  	      533	 100.0                	  0.0                	   0.0
CUFF_NC.5638  	      505	  76.63366336633663   	  0.0                	  23.36633663366337
CUFF_NC.3538  	      533	 100.0                	  0.0                	   0.0
CUFF_NC.3539  	      533	   2.8142589118198873 	  0.0                	  97.18574108818011
CUFF_NC.354   	      533	 100.0                	  0.0                	   0.0
CUFF_NC.3540  	      533	 100.0                	  0.0                	   0.0
CUFF_NC.2593  	      533	  99.812382739212     	  0.0                	   0.18761726078799248
CUFF_NC.3542  	      522	   0.0                	  0.0                	 100.0
CUFF_NC.3512  	      529	  67.10775047258979   	  0.0                	  32.89224952741021
CUFF_NC.3515  	      526	  93.5361216730038    	  0.0                	   6.4638783269961975
CUFF_NC.1498  	      533	   0.18761726078799248	  0.0                	  99.812382739212
CUFF_NC.15    	      533	 100.0                	  0.0                	   0.0
CUFF_NC.5639  	      533	 100.0                	  0.0                	   0.0
CUFF_NC.564   	      533	 100.0                	  0.0                	   0.0
CUFF_NC.5641  	      533	 100.0                	  0.0                	   0.0
CUFF_NC.5642  	      533	 100.0                	  0.0                	   0.0
CUFF_NC.5643  	      533	 100.0                	  0.0                	   0.0
CUFF_NC.11183 	      533	  99.43714821763602   	  0.0                	   0.5628517823639775
CUFF_NC.11184 	      533	 100.0                	  0.0                	   0.0
CUFF_NC.3541  	      533	   0.0                	  0.0                	 100.0
CUFF_NC.2596  	      533	 100.0                	  0.0                	   0.0
CUFF_NC.5688  	      533	 100.0                	  0.0                	   0.0
CUFF_NC.11163 	      533	 100.0                	  0.0                	   0.0
CUFF_NC.5669  	      533	 100.0                	  0.0                	   0.0
CUFF_NC.567   	      533	 100.0                	  0.0                	   0.0
CUFF_NC.5671  	      533	   0.18761726078799248	  0.0                	  99.812382739212
CUFF_NC.5673  	      533	  19.69981238273921   	  0.0                	  80.30018761726079
CUFF_NC.5674  	      533	 100.0                	  0.0                	   0.0
CUFF_NC.5676  	      533	 100.0                	  0.0                	   0.0
CUFF_NC.5679  	      533	 100.0                	  0.0                	   0.0
CUFF_NC.5680  	      533	 100.0                	  0.0                	   0.0
CUFF_NC.5657  	      531	 100.0                	  0.0                	   0.0
CUFF_NC.5685  	      533	  99.06191369606003   	  0.0                	   0.9380863039399625
CUFF_NC.5687  	      533	 100.0                	  0.0                	   0.0
CUFF_NC.2577  	      401	  97.75561097256858   	  0.0                	   2.2443890274314215
CUFF_NC.5645  	      533	 100.0                	  0.0                	   0.0
CUFF_NC.5647  	      533	 100.0                	  0.0                	   0.0
CUFF_NC.5649  	      533	 100.0                	  0.0                	   0.0
CUFF_NC.565   	      516	  99.4186046511628    	  0.0                	   0.5813953488372093
CUFF_NC.5650  	      533	 100.0                	  0.0                	   0.0
CUFF_NC.5651  	      533	 100.0                	  0.0                	   0.0
CUFF_NC.5652  	      533	  40.71294559099437   	  0.0                	  59.28705440900563
CUFF_NC.5654  	      533	 100.0                	  0.0                	   0.0
CUFF_NC.5655  	      533	 100.0                	  0.0                	   0.0
CUFF_NC.5684  	      533	  99.24953095684803   	  0.0                	   0.7504690431519699
CUFF_NC.5405  	      533	 100.0                	  0.0                	   0.0
CUFF_NC.5408  	      533	 100.0                	  0.0                	   0.0
CUFF_NC.5409  	      533	 100.0                	  0.0                	   0.0
CUFF_NC.5389  	      533	 100.0                	  0.0                	   0.0
CUFF_NC.11237 	      533	 100.0                	  0.0                	   0.0
CUFF_NC.11238 	      533	 100.0                	  0.0                	   0.0
CUFF_NC.11239 	      533	  99.06191369606003   	  0.0                	   0.9380863039399625
CUFF_NC.1124  	      533	 100.0                	  0.0                	   0.0
CUFF_NC.11240 	      533	 100.0                	  0.0                	   0.0
CUFF_NC.11242 	      533	 100.0                	  0.0                	   0.0
CUFF_NC.11243 	      533	 100.0                	  0.0                	   0.0
CUFF_NC.5539  	      528	  99.43181818181817   	  0.0                	   0.5681818181818182
CUFF_NC.11245 	      533	 100.0                	  0.0                	   0.0
CUFF_NC.11246 	      533	 100.0                	  0.0                	   0.0
CUFF_NC.11247 	      533	 100.0                	  0.0                	   0.0
CUFF_NC.5363  	      533	 100.0                	  0.0                	   0.0
CUFF_NC.5367  	      533	 100.0                	  0.0                	   0.0
CUFF_NC.5368  	      533	 100.0                	  0.0                	   0.0
CUFF_NC.5369  	      533	 100.0                	  0.0                	   0.0
CUFF_NC.537   	      533	 100.0                	  0.0                	   0.0
CUFF_NC.5370  	      533	 100.0                	  0.0                	   0.0
CUFF_NC.5371  	      533	 100.0                	  0.0                	   0.0
CUFF_NC.5372  	      533	 100.0                	  0.0                	   0.0
CUFF_NC.11244 	      533	 100.0                	  0.0                	   0.0
CUFF_NC.5411  	      533	 100.0                	  0.0                	   0.0
CUFF_NC.5413  	      533	 100.0                	  0.0                	   0.0
CUFF_NC.5416  	      533	 100.0                	  0.0                	   0.0
CUFF_NC.5419  	      533	  99.812382739212     	  0.0                	   0.18761726078799248
CUFF_NC.542   	      533	 100.0                	  0.0                	   0.0
CUFF_NC.5420  	      531	   0.3766478342749529 	  0.0                	  99.62335216572504
CUFF_NC.5421  	      533	 100.0                	  0.0                	   0.0
CUFF_NC.5422  	      533	 100.0                	  0.0                	   0.0
CUFF_NC.5423  	      533	  99.62476547842401   	  0.0                	   0.37523452157598497
CUFF_NC.5425  	      533	  99.812382739212     	  0.0                	   0.18761726078799248
CUFF_NC.5427  	      533	  99.812382739212     	  0.0                	   0.18761726078799248
CUFF_NC.5404  	      533	 100.0                	  0.0                	   0.0
CUFF_NC.5429  	      533	  13.696060037523452  	  0.0                	  86.30393996247655
CUFF_NC.5432  	      533	  99.62476547842401   	  0.0                	   0.37523452157598497
CUFF_NC.11249 	      533	 100.0                	  0.0                	   0.0
CUFF_NC.1125  	      533	  99.62476547842401   	  0.0                	   0.37523452157598497
CUFF_NC.11250 	      533	 100.0                	  0.0                	   0.0
CUFF_NC.5391  	      533	 100.0                	  0.0                	   0.0
CUFF_NC.5393  	      533	  99.812382739212     	  0.0                	   0.18761726078799248
CUFF_NC.5394  	      533	 100.0                	  0.0                	   0.0
CUFF_NC.54    	      533	 100.0                	  0.0                	   0.0
CUFF_NC.5400  	      533	 100.0                	  0.0                	   0.0
CUFF_NC.5401  	      533	 100.0                	  0.0                	   0.0
CUFF_NC.5402  	      533	 100.0                	  0.0                	   0.0
CUFF_NC.5428  	      533	  13.133208255159476  	  0.0                	  86.86679174484053
CUFF_NC.5338  	      533	 100.0                	  0.0                	   0.0
CUFF_NC.5339  	      533	 100.0                	  0.0                	   0.0
CUFF_NC.5343  	      533	 100.0                	  0.0                	   0.0
CUFF_NC.11252 	      533	 100.0                	  0.0                	   0.0
CUFF_NC.11253 	      533	 100.0                	  0.0                	   0.0
CUFF_NC.11254 	      533	 100.0                	  0.0                	   0.0
CUFF_NC.11260 	      533	 100.0                	  0.0                	   0.0
CUFF_NC.531   	      533	 100.0                	  0.0                	   0.0
CUFF_NC.11269 	      533	  99.812382739212     	  0.0                	   0.18761726078799248
CUFF_NC.11271 	      533	 100.0                	  0.0                	   0.0
CUFF_NC.11272 	      533	 100.0                	  0.0                	   0.0
CUFF_NC.5373  	      533	 100.0                	  0.0                	   0.0
CUFF_NC.11278 	      533	 100.0                	  0.0                	   0.0
CUFF_NC.11281 	      533	 100.0                	  0.0                	   0.0
CUFF_NC.5314  	      533	 100.0                	  0.0                	   0.0
CUFF_NC.5316  	      533	 100.0                	  0.0                	   0.0
CUFF_NC.5317  	      533	 100.0                	  0.0                	   0.0
CUFF_NC.5318  	      533	 100.0                	  0.0                	   0.0
CUFF_NC.532   	      533	 100.0                	  0.0                	   0.0
CUFF_NC.5321  	      533	 100.0                	  0.0                	   0.0
CUFF_NC.5322  	      533	 100.0                	  0.0                	   0.0
CUFF_NC.1671  	      533	  49.530956848030016  	  0.0                	  50.469043151969984
CUFF_NC.2619  	      533	  99.812382739212     	  0.0                	   0.18761726078799248
CUFF_NC.2620  	      533	 100.0                	  0.0                	   0.0
CUFF_NC.11274 	      533	 100.0                	  0.0                	   0.0
CUFF_NC.5374  	      533	 100.0                	  0.0                	   0.0
CUFF_NC.5375  	      533	 100.0                	  0.0                	   0.0
CUFF_NC.5376  	      532	 100.0                	  0.0                	   0.0
CUFF_NC.5380  	      533	 100.0                	  0.0                	   0.0
CUFF_NC.5382  	      533	 100.0                	  0.0                	   0.0
CUFF_NC.11262 	      533	 100.0                	  0.0                	   0.0
CUFF_NC.11264 	      533	  99.812382739212     	  0.0                	   0.18761726078799248
CUFF_NC.5347  	      533	  99.62476547842401   	  0.0                	   0.37523452157598497
CUFF_NC.5348  	      533	  54.03377110694184   	  0.0                	  45.96622889305816
CUFF_NC.535   	      533	  99.812382739212     	  0.0                	   0.18761726078799248
CUFF_NC.5350  	      533	 100.0                	  0.0                	   0.0
CUFF_NC.5336  	      533	 100.0                	  0.0                	   0.0
CUFF_NC.5355  	      533	 100.0                	  0.0                	   0.0
CUFF_NC.5357  	      533	 100.0                	  0.0                	   0.0
CUFF_NC.5358  	      533	 100.0                	  0.0                	   0.0
CUFF_NC.5359  	      533	 100.0                	  0.0                	   0.0
CUFF_NC.5361  	      533	  92.12007504690432   	  0.0                	   7.879924953095685
CUFF_NC.5362  	      533	  90.0562851782364    	  0.0                	   9.943714821763603
CUFF_NC.5323  	      533	  28.517823639774857  	  0.0                	  71.48217636022514
CUFF_NC.5324  	      533	   0.18761726078799248	  0.0                	  99.812382739212
CUFF_NC.5326  	      533	 100.0                	  0.0                	   0.0
CUFF_NC.5328  	      533	 100.0                	  0.0                	   0.0
CUFF_NC.5333  	      533	 100.0                	  0.0                	   0.0
CUFF_NC.5334  	      533	 100.0                	  0.0                	   0.0
CUFF_NC.5352  	      533	 100.0                	  0.0                	   0.0
CUFF_NC.5479  	      533	 100.0                	  0.0                	   0.0
CUFF_NC.548   	      533	 100.0                	  0.0                	   0.0
CUFF_NC.5482  	      533	 100.0                	  0.0                	   0.0
CUFF_NC.5483  	      527	  65.08538899430741   	  0.0                	  34.9146110056926
CUFF_NC.5485  	      533	 100.0                	  0.0                	   0.0
CUFF_NC.5486  	      533	 100.0                	  0.0                	   0.0
CUFF_NC.5487  	      533	 100.0                	  0.0                	   0.0
CUFF_NC.5489  	      533	 100.0                	  0.0                	   0.0
CUFF_NC.549   	      533	 100.0                	  0.0                	   0.0
CUFF_NC.5490  	      533	 100.0                	  0.0                	   0.0
CUFF_NC.5491  	      532	  87.59398496240601   	  0.0                	  12.406015037593985
CUFF_NC.5410  	      533	  99.43714821763602   	  0.0                	   0.5628517823639775
CUFF_NC.5495  	      533	 100.0                	  0.0                	   0.0
CUFF_NC.11230 	      533	 100.0                	  0.0                	   0.0
CUFF_NC.11231 	      533	 100.0                	  0.0                	   0.0
CUFF_NC.11232 	      533	 100.0                	  0.0                	   0.0
CUFF_NC.11233 	      533	 100.0                	  0.0                	   0.0
CUFF_NC.11235 	      533	  99.43714821763602   	  0.0                	   0.5628517823639775
CUFF_NC.11236 	      533	 100.0                	  0.0                	   0.0
CUFF_NC.5464  	      533	 100.0                	  0.0                	   0.0
CUFF_NC.5466  	      533	  96.99812382739212   	  0.0                	   3.0018761726078798
CUFF_NC.5467  	      533	 100.0                	  0.0                	   0.0
CUFF_NC.5468  	      533	 100.0                	  0.0                	   0.0
CUFF_NC.5469  	      533	 100.0                	  0.0                	   0.0
CUFF_NC.5493  	      533	 100.0                	  0.0                	   0.0
CUFF_NC.554   	      526	  15.209125475285171  	  0.0                	  84.79087452471484
CUFF_NC.5517  	      533	 100.0                	  0.0                	   0.0
CUFF_NC.5524  	      533	 100.0                	  0.0                	   0.0
CUFF_NC.11209 	      533	 100.0                	  0.0                	   0.0
CUFF_NC.1121  	      118	  27.11864406779661   	  0.0                	  72.88135593220339
CUFF_NC.11210 	      533	 100.0                	  0.0                	   0.0
CUFF_NC.11211 	      533	  98.68667917448406   	  0.0                	   1.3133208255159476
CUFF_NC.11213 	      533	 100.0                	  0.0                	   0.0
CUFF_NC.11214 	      533	 100.0                	  0.0                	   0.0
CUFF_NC.11215 	      533	 100.0                	  0.0                	   0.0
CUFF_NC.11217 	      533	  99.812382739212     	  0.0                	   0.18761726078799248
CUFF_NC.5476  	      533	   6.191369606003752  	  0.0                	  93.80863039399625
CUFF_NC.1122  	      431	  80.97447795823666   	  0.0                	  19.02552204176334
CUFF_NC.5497  	      531	  99.81167608286252   	  0.0                	   0.18832391713747645
CUFF_NC.55    	      533	 100.0                	  0.0                	   0.0
CUFF_NC.550   	      533	 100.0                	  0.0                	   0.0
CUFF_NC.5500  	      533	 100.0                	  0.0                	   0.0
CUFF_NC.5509  	      533	 100.0                	  0.0                	   0.0
CUFF_NC.551   	      533	 100.0                	  0.0                	   0.0
CUFF_NC.5510  	      533	 100.0                	  0.0                	   0.0
CUFF_NC.5512  	      533	 100.0                	  0.0                	   0.0
CUFF_NC.5513  	      533	 100.0                	  0.0                	   0.0
CUFF_NC.5514  	      533	 100.0                	  0.0                	   0.0
CUFF_NC.5515  	      533	  99.812382739212     	  0.0                	   0.18761726078799248
CUFF_NC.11219 	      533	 100.0                	  0.0                	   0.0
CUFF_NC.5451  	      533	  99.06191369606003   	  0.0                	   0.9380863039399625
CUFF_NC.5434  	      533	 100.0                	  0.0                	   0.0
CUFF_NC.5436  	      533	 100.0                	  0.0                	   0.0
CUFF_NC.5437  	      533	 100.0                	  0.0                	   0.0
CUFF_NC.5438  	      533	 100.0                	  0.0                	   0.0
CUFF_NC.5440  	      533	 100.0                	  0.0                	   0.0
CUFF_NC.5443  	      531	  99.81167608286252   	  0.0                	   0.18832391713747645
CUFF_NC.1584  	      533	 100.0                	  0.0                	   0.0
CUFF_NC.1585  	      533	 100.0                	  0.0                	   0.0
CUFF_NC.1586  	      533	 100.0                	  0.0                	   0.0
CUFF_NC.3562  	      216	  95.83333333333334   	  0.0                	   4.166666666666666
CUFF_NC.547   	      533	 100.0                	  0.0                	   0.0
CUFF_NC.3543  	      523	  96.36711281070745   	  0.0                	   3.632887189292543
CUFF_NC.3548  	      533	 100.0                	  0.0                	   0.0
CUFF_NC.355   	      532	  98.68421052631578   	  0.0                	   1.3157894736842104
CUFF_NC.3552  	      524	  11.83206106870229   	  0.0                	  88.16793893129771
CUFF_NC.3553  	      519	  99.8073217726397    	  0.0                	   0.1926782273603083
CUFF_NC.3555  	      531	  23.163841807909606  	  0.0                	  76.8361581920904
CUFF_NC.5444  	      533	 100.0                	  0.0                	   0.0
CUFF_NC.5446  	      533	 100.0                	  0.0                	   0.0
CUFF_NC.5447  	      533	 100.0                	  0.0                	   0.0
CUFF_NC.5448  	      533	 100.0                	  0.0                	   0.0
CUFF_NC.2613  	      533	 100.0                	  0.0                	   0.0
CUFF_NC.2614  	      533	 100.0                	  0.0                	   0.0
CUFF_NC.3567  	      454	  11.674008810572687  	  0.0                	  88.32599118942731
CUFF_NC.5472  	      250	   3.2                	  0.0                	  96.8
CUFF_NC.5473  	      533	 100.0                	  0.0                	   0.0
CUFF_NC.5474  	      533	 100.0                	  0.0                	   0.0
CUFF_NC.5453  	      533	 100.0                	  0.0                	   0.0
CUFF_NC.5454  	      533	 100.0                	  0.0                	   0.0
CUFF_NC.5455  	      533	 100.0                	  0.0                	   0.0
CUFF_NC.5457  	      533	 100.0                	  0.0                	   0.0
CUFF_NC.5458  	      533	 100.0                	  0.0                	   0.0
CUFF_NC.5459  	      533	 100.0                	  0.0                	   0.0
CUFF_NC.5461  	      533	  99.812382739212     	  0.0                	   0.18761726078799248
CUFF_NC.5462  	      533	 100.0                	  0.0                	   0.0
CUFF_NC.5450  	      533	 100.0                	  0.0                	   0.0
CUFF_NC.11227 	      533	 100.0                	  0.0                	   0.0
CUFF_NC.11229 	      533	 100.0                	  0.0                	   0.0
CUFF_NC.1123  	      533	 100.0                	  0.0                	   0.0
CUFF_NC.2615  	      533	  99.43714821763602   	  0.0                	   0.5628517823639775
CUFF_NC.1660  	      529	   6.994328922495274  	  0.0                	  93.00567107750473
CUFF_NC.1662  	      533	 100.0                	  0.0                	   0.0
CUFF_NC.1663  	      532	  99.62406015037594   	  0.0                	   0.37593984962406013
CUFF_NC.1667  	      533	 100.0                	  0.0                	   0.0
CUFF_NC.1669  	      533	 100.0                	  0.0                	   0.0
CUFF_NC.167   	      533	 100.0                	  0.0                	   0.0
CUFF_NC.1670  	      533	  56.84803001876173   	  0.0                	  43.151969981238274
CUFF_NC.5449  	      533	 100.0                	  0.0                	   0.0
CUFF_NC.11225 	      533	 100.0                	  0.0                	   0.0
CUFF_NC.6043  	      533	   1.3133208255159476 	  0.0                	  98.68667917448406
CUFF_NC.6044  	      533	 100.0                	  0.0                	   0.0
CUFF_NC.6047  	      533	   0.0                	  0.0                	 100.0
CUFF_NC.601   	      533	 100.0                	  0.0                	   0.0
CUFF_NC.6012  	      533	 100.0                	  0.0                	   0.0
CUFF_NC.6013  	      533	 100.0                	  0.0                	   0.0
CUFF_NC.6014  	      533	  80.30018761726079   	  0.0                	  19.69981238273921
CUFF_NC.6019  	      533	 100.0                	  0.0                	   0.0
CUFF_NC.602   	      533	  99.812382739212     	  0.0                	   0.18761726078799248
CUFF_NC.6021  	      517	  97.29206963249516   	  0.0                	   2.7079303675048356
CUFF_NC.6022  	      533	 100.0                	  0.0                	   0.0
CUFF_NC.5727  	      533	  99.43714821763602   	  0.0                	   0.5628517823639775
CUFF_NC.6024  	      146	  28.08219178082192   	  0.0                	  71.91780821917808
CUFF_NC.6025  	      489	   5.725971370143149  	  0.0                	  94.27402862985686
CUFF_NC.254   	      533	  26.82926829268293   	  0.0                	  73.17073170731707
CUFF_NC.2540  	      533	 100.0                	  0.0                	   0.0
CUFF_NC.2541  	      533	 100.0                	  0.0                	   0.0
CUFF_NC.2542  	      533	 100.0                	  0.0                	   0.0
CUFF_NC.2543  	      533	  99.812382739212     	  0.0                	   0.18761726078799248
CUFF_NC.2545  	      533	 100.0                	  0.0                	   0.0
CUFF_NC.2548  	      533	 100.0                	  0.0                	   0.0
CUFF_NC.2549  	      533	 100.0                	  0.0                	   0.0
CUFF_NC.2550  	      533	 100.0                	  0.0                	   0.0
CUFF_NC.6023  	      530	   0.37735849056603776	  0.0                	  99.62264150943396
CUFF_NC.605   	      533	  99.812382739212     	  0.0                	   0.18761726078799248
CUFF_NC.6051  	      250	  43.6                	  0.0                	  56.39999999999999
CUFF_NC.6054  	      530	   0.18867924528301888	  0.0                	  99.81132075471699
CUFF_NC.6055  	      528	   0.946969696969697  	  0.0                	  99.0530303030303
CUFF_NC.6056  	      529	   0.945179584120983  	  0.0                	  99.05482041587902
CUFF_NC.11046 	      533	 100.0                	  0.0                	   0.0
CUFF_NC.11049 	      533	 100.0                	  0.0                	   0.0
CUFF_NC.11052 	      533	 100.0                	  0.0                	   0.0
CUFF_NC.11053 	      533	 100.0                	  0.0                	   0.0
CUFF_NC.11057 	      533	 100.0                	  0.0                	   0.0
CUFF_NC.6026  	      378	  86.5079365079365    	  0.0                	  13.492063492063492
CUFF_NC.6042  	      533	   0.18761726078799248	  0.0                	  99.812382739212
CUFF_NC.603   	      533	 100.0                	  0.0                	   0.0
CUFF_NC.6030  	      533	 100.0                	  0.0                	   0.0
CUFF_NC.6037  	      533	   0.18761726078799248	  0.0                	  99.812382739212
CUFF_NC.6038  	      533	   0.18761726078799248	  0.0                	  99.812382739212
CUFF_NC.6039  	      525	  99.61904761904762   	  0.0                	   0.38095238095238093
CUFF_NC.3480  	      533	 100.0                	  0.0                	   0.0
CUFF_NC.3481  	      468	  14.102564102564102  	  0.0                	  85.8974358974359
CUFF_NC.3450  	      504	  92.65873015873017   	  0.0                	   7.341269841269842
CUFF_NC.3454  	      533	   0.18761726078799248	  0.0                	  99.812382739212
CUFF_NC.3456  	      507	   3.155818540433925  	  0.0                	  96.84418145956607
CUFF_NC.3459  	      519	   2.697495183044316  	  0.0                	  97.30250481695568
CUFF_NC.6040  	      532	   0.0                	  0.0                	 100.0
CUFF_NC.6027  	      527	  10.246679316888045  	  0.0                	  89.75332068311197
CUFF_NC.5958  	      533	   0.0                	  0.0                	 100.0
CUFF_NC.11075 	      533	 100.0                	  0.0                	   0.0
CUFF_NC.11078 	      533	 100.0                	  0.0                	   0.0
CUFF_NC.11079 	      245	   6.938775510204081  	  0.0                	  93.06122448979592
CUFF_NC.11082 	      533	 100.0                	  0.0                	   0.0
CUFF_NC.35    	      533	 100.0                	  0.0                	   0.0
CUFF_NC.3501  	      533	   5.253283302063791  	  0.0                	  94.74671669793621
CUFF_NC.3503  	      424	   2.5943396226415096 	  0.0                	  97.40566037735849
CUFF_NC.3506  	      533	   4.690431519699812  	  0.0                	  95.30956848030019
CUFF_NC.1587  	      533	   0.5628517823639775 	  0.0                	  99.43714821763602
CUFF_NC.3469  	      533	 100.0                	  0.0                	   0.0
CUFF_NC.2551  	      533	 100.0                	  0.0                	   0.0
CUFF_NC.3471  	      517	  11.02514506769826   	  0.0                	  88.97485493230174
CUFF_NC.3474  	      468	  85.8974358974359    	  0.0                	  14.102564102564102
CUFF_NC.3476  	      482	  98.96265560165975   	  0.0                	   1.0373443983402488
CUFF_NC.3477  	      484	  98.96694214876032   	  0.0                	   1.0330578512396695
CUFF_NC.11083 	      533	 100.0                	  0.0                	   0.0
CUFF_NC.11084 	      533	 100.0                	  0.0                	   0.0
CUFF_NC.11085 	      533	 100.0                	  0.0                	   0.0
CUFF_NC.11087 	      533	  99.43714821763602   	  0.0                	   0.5628517823639775
CUFF_NC.11089 	      533	 100.0                	  0.0                	   0.0
CUFF_NC.5966  	      533	 100.0                	  0.0                	   0.0
CUFF_NC.5968  	      533	  14.446529080675422  	  0.0                	  85.55347091932458
CUFF_NC.5934  	      533	   0.0                	  0.0                	 100.0
CUFF_NC.3470  	      148	  35.810810810810814  	  0.0                	  64.1891891891892
CUFF_NC.6005  	      525	   3.619047619047619  	  0.0                	  96.38095238095238
CUFF_NC.5996  	      533	  55.909943714821765  	  0.0                	  44.090056285178235
CUFF_NC.11060 	      533	  98.87429643527204   	  0.0                	   1.125703564727955
CUFF_NC.11061 	      533	 100.0                	  0.0                	   0.0
CUFF_NC.11065 	      533	 100.0                	  0.0                	   0.0
CUFF_NC.11068 	      533	 100.0                	  0.0                	   0.0
CUFF_NC.11069 	      533	 100.0                	  0.0                	   0.0
CUFF_NC.1107  	      533	  93.43339587242026   	  0.0                	   6.566604127579738
CUFF_NC.11073 	      533	 100.0                	  0.0                	   0.0
CUFF_NC.11074 	      533	  99.812382739212     	  0.0                	   0.18761726078799248
CUFF_NC.6     	      533	 100.0                	  0.0                	   0.0
CUFF_NC.5957  	      533	 100.0                	  0.0                	   0.0
CUFF_NC.600   	      533	 100.0                	  0.0                	   0.0
CUFF_NC.2538  	      533	 100.0                	  0.0                	   0.0
CUFF_NC.5969  	      532	  93.23308270676691   	  0.0                	   6.7669172932330826
CUFF_NC.5973  	      533	  69.23076923076923   	  0.0                	  30.76923076923077
CUFF_NC.5977  	      533	 100.0                	  0.0                	   0.0
CUFF_NC.598   	      533	 100.0                	  0.0                	   0.0
CUFF_NC.5982  	      533	   0.7504690431519699 	  0.0                	  99.24953095684803
CUFF_NC.5983  	      528	 100.0                	  0.0                	   0.0
CUFF_NC.5987  	      473	   2.9598308668076108 	  0.0                	  97.04016913319239
CUFF_NC.5988  	      533	   2.25140712945591   	  0.0                	  97.74859287054409
CUFF_NC.599   	      533	 100.0                	  0.0                	   0.0
CUFF_NC.5991  	      533	 100.0                	  0.0                	   0.0
CUFF_NC.60    	      533	 100.0                	  0.0                	   0.0
CUFF_NC.616   	        9	 100.0                	  0.0                	   0.0
CUFF_NC.6161  	      506	   7.5098814229249005 	  0.0                	  92.4901185770751
CUFF_NC.6162  	      533	   0.18761726078799248	  0.0                	  99.812382739212
CUFF_NC.6164  	      469	   8.742004264392325  	  0.0                	  91.25799573560768
CUFF_NC.6166  	      533	   0.7504690431519699 	  0.0                	  99.24953095684803
CUFF_NC.6133  	      533	   0.5628517823639775 	  0.0                	  99.43714821763602
CUFF_NC.6136  	      533	 100.0                	  0.0                	   0.0
CUFF_NC.6137  	      533	   1.3133208255159476 	  0.0                	  98.68667917448406
CUFF_NC.6139  	      533	   0.18761726078799248	  0.0                	  99.812382739212
CUFF_NC.6140  	      527	   1.7077798861480076 	  0.0                	  98.292220113852
CUFF_NC.6142  	      532	   0.0                	  0.0                	 100.0
CUFF_NC.6049  	      533	   0.0                	  0.0                	 100.0
CUFF_NC.6145  	      532	   0.37593984962406013	  0.0                	  99.62406015037594
CUFF_NC.6147  	      533	   0.0                	  0.0                	 100.0
CUFF_NC.6149  	      528	   5.681818181818182  	  0.0                	  94.31818181818183
CUFF_NC.615   	        9	 100.0                	  0.0                	   0.0
CUFF_NC.6150  	      529	   8.128544423440454  	  0.0                	  91.87145557655954
CUFF_NC.6117  	      533	  10.694183864915573  	  0.0                	  89.30581613508443
CUFF_NC.6118  	      533	   0.0                	  0.0                	 100.0
CUFF_NC.6121  	      439	   7.289293849658314  	  0.0                	  92.71070615034168
CUFF_NC.6124  	      531	   0.18832391713747645	  0.0                	  99.81167608286252
CUFF_NC.6125  	      518	   0.9652509652509652 	  0.0                	  99.03474903474904
CUFF_NC.6128  	      519	   3.4682080924855487 	  0.0                	  96.53179190751445
CUFF_NC.6129  	      510	   0.7843137254901961 	  0.0                	  99.2156862745098
CUFF_NC.6143  	      531	   0.0                	  0.0                	 100.0
CUFF_NC.6171  	      230	  36.95652173913043   	  0.0                	  63.04347826086957
CUFF_NC.6173  	      263	  98.47908745247148   	  0.0                	   1.520912547528517
CUFF_NC.6175  	      533	   0.0                	  0.0                	 100.0
CUFF_NC.6176  	      532	   1.6917293233082706 	  0.0                	  98.30827067669173
CUFF_NC.6177  	      494	   5.870445344129554  	  0.0                	  94.12955465587044
CUFF_NC.6179  	      524	   3.435114503816794  	  0.0                	  96.56488549618321
CUFF_NC.618   	      485	   9.278350515463918  	  0.0                	  90.72164948453609
CUFF_NC.6180  	      411	   8.02919708029197   	  0.0                	  91.97080291970804
CUFF_NC.6151  	      419	   4.05727923627685   	  0.0                	  95.94272076372316
CUFF_NC.6152  	      519	   0.9633911368015413 	  0.0                	  99.03660886319847
CUFF_NC.6153  	      516	   4.651162790697675  	  0.0                	  95.34883720930233
CUFF_NC.3422  	      527	   0.3795066413662239 	  0.0                	  99.62049335863378
CUFF_NC.6155  	      525	   0.5714285714285714 	  0.0                	  99.42857142857143
CUFF_NC.6157  	      392	  18.622448979591837  	  0.0                	  81.37755102040816
CUFF_NC.6158  	      528	   0.3787878787878788 	  0.0                	  99.62121212121212
CUFF_NC.6159  	      487	   2.4640657084188913 	  0.0                	  97.5359342915811
CUFF_NC.3442  	      522	   0.19157088122605362	  0.0                	  99.80842911877394
CUFF_NC.3445  	      532	   0.37593984962406013	  0.0                	  99.62406015037594
CUFF_NC.3446  	      522	   0.38314176245210724	  0.0                	  99.61685823754789
CUFF_NC.3447  	      533	 100.0                	  0.0                	   0.0
CUFF_NC.3413  	      533	  96.99812382739212   	  0.0                	   3.0018761726078798
CUFF_NC.3417  	      533	   2.6266416510318953 	  0.0                	  97.37335834896811
CUFF_NC.3419  	      492	  99.1869918699187    	  0.0                	   0.8130081300813009
CUFF_NC.3421  	      465	   8.172043010752688  	  0.0                	  91.82795698924731
CUFF_NC.6154  	      395	   3.2911392405063293 	  0.0                	  96.70886075949367
CUFF_NC.253   	      533	 100.0                	  0.0                	   0.0
CUFF_NC.1692  	      533	 100.0                	  0.0                	   0.0
CUFF_NC.1695  	      533	   0.0                	  0.0                	 100.0
CUFF_NC.1699  	      532	  99.06015037593986   	  0.0                	   0.9398496240601504
CUFF_NC.17    	      533	 100.0                	  0.0                	   0.0
CUFF_NC.170   	      533	 100.0                	  0.0                	   0.0
CUFF_NC.2532  	      533	  99.06191369606003   	  0.0                	   0.9380863039399625
CUFF_NC.2533  	      533	 100.0                	  0.0                	   0.0
CUFF_NC.2534  	      533	 100.0                	  0.0                	   0.0
CUFF_NC.6078  	      533	  99.812382739212     	  0.0                	   0.18761726078799248
CUFF_NC.6080  	      533	   1.125703564727955  	  0.0                	  98.87429643527204
CUFF_NC.613   	      533	 100.0                	  0.0                	   0.0
CUFF_NC.6057  	      532	   0.9398496240601504 	  0.0                	  99.06015037593986
CUFF_NC.6058  	      528	   1.1363636363636365 	  0.0                	  98.86363636363636
CUFF_NC.6059  	      531	   0.5649717514124294 	  0.0                	  99.43502824858757
CUFF_NC.6060  	      370	  34.5945945945946    	  0.0                	  65.4054054054054
CUFF_NC.6063  	      525	   0.38095238095238093	  0.0                	  99.61904761904762
CUFF_NC.6064  	      533	   0.0                	  0.0                	 100.0
CUFF_NC.6066  	      533	   0.7504690431519699 	  0.0                	  99.24953095684803
CUFF_NC.6068  	      528	   3.977272727272727  	  0.0                	  96.02272727272727
CUFF_NC.6069  	      529	   0.945179584120983  	  0.0                	  99.05482041587902
CUFF_NC.6070  	      520	   0.576923076923077  	  0.0                	  99.42307692307692
CUFF_NC.6072  	      533	  56.84803001876173   	  0.0                	  43.151969981238274
CUFF_NC.6073  	      531	   0.18832391713747645	  0.0                	  99.81167608286252
CUFF_NC.11058 	      533	  99.812382739212     	  0.0                	   0.18761726078799248
CUFF_NC.6130  	      533	  20.825515947467167  	  0.0                	  79.17448405253283
CUFF_NC.6132  	      533	   0.0                	  0.0                	 100.0
CUFF_NC.6100  	      533	  99.812382739212     	  0.0                	   0.18761726078799248
CUFF_NC.6105  	      532	   0.18796992481203006	  0.0                	  99.81203007518798
CUFF_NC.6106  	      530	   0.0                	  0.0                	 100.0
CUFF_NC.6107  	      532	   0.37593984962406013	  0.0                	  99.62406015037594
CUFF_NC.6108  	      530	   0.0                	  0.0                	 100.0
CUFF_NC.6112  	      533	   0.0                	  0.0                	 100.0
CUFF_NC.6113  	      533	 100.0                	  0.0                	   0.0
CUFF_NC.6115  	      533	   0.18761726078799248	  0.0                	  99.812382739212
CUFF_NC.6081  	      529	  27.410207939508506  	  0.0                	  72.5897920604915
CUFF_NC.6077  	      530	   0.5660377358490566 	  0.0                	  99.43396226415095
CUFF_NC.3460  	      530	   6.60377358490566   	  0.0                	  93.39622641509435
CUFF_NC.3462  	      533	  99.812382739212     	  0.0                	   0.18761726078799248
CUFF_NC.3464  	      533	   0.0                	  0.0                	 100.0
CUFF_NC.3465  	      530	   0.18867924528301888	  0.0                	  99.81132075471699
CUFF_NC.3466  	      532	   0.18796992481203006	  0.0                	  99.81203007518798
CUFF_NC.3431  	      523	  12.237093690248566  	  0.0                	  87.76290630975143
CUFF_NC.3433  	      533	   0.18761726078799248	  0.0                	  99.812382739212
CUFF_NC.3435  	      528	   3.0303030303030303 	  0.0                	  96.96969696969697
CUFF_NC.3440  	      514	   1.1673151750972763 	  0.0                	  98.83268482490273
CUFF_NC.6096  	      533	   0.0                	  0.0                	 100.0
CUFF_NC.6099  	      523	  22.37093690248566   	  0.0                	  77.62906309751433
CUFF_NC.6074  	      533	 100.0                	  0.0                	   0.0
CUFF_NC.609   	      533	 100.0                	  0.0                	   0.0
CUFF_NC.2900  	      533	 100.0                	  0.0                	   0.0
CUFF_NC.2902  	      533	 100.0                	  0.0                	   0.0
CUFF_NC.2904  	      533	 100.0                	  0.0                	   0.0
CUFF_NC.3507  	      533	   5.440900562851782  	  0.0                	  94.55909943714822
CUFF_NC.351   	      533	 100.0                	  0.0                	   0.0
CUFF_NC.3511  	      531	   0.18832391713747645	  0.0                	  99.81167608286252
CUFF_NC.3486  	      531	  20.903954802259886  	  0.0                	  79.09604519774011
CUFF_NC.3498  	      533	   0.0                	  0.0                	 100.0
CUFF_NC.3499  	      533	  38.83677298311445   	  0.0                	  61.16322701688556
CUFF_NC.580   	      533	 100.0                	  0.0                	   0.0
CUFF_NC.5801  	      533	 100.0                	  0.0                	   0.0
CUFF_NC.5935  	      533	   0.0                	  0.0                	 100.0
CUFF_NC.581   	      533	 100.0                	  0.0                	   0.0
CUFF_NC.5810  	      533	 100.0                	  0.0                	   0.0
CUFF_NC.5811  	      533	 100.0                	  0.0                	   0.0
CUFF_NC.2573  	      533	 100.0                	  0.0                	   0.0
CUFF_NC.1677  	      533	   5.065666041275797  	  0.0                	  94.93433395872421
CUFF_NC.1680  	      533	 100.0                	  0.0                	   0.0
CUFF_NC.1683  	      446	  93.49775784753363   	  0.0                	   6.502242152466367
CUFF_NC.1684  	      529	  95.46313799621929   	  0.0                	   4.536862003780719
CUFF_NC.1686  	      533	 100.0                	  0.0                	   0.0
CUFF_NC.1687  	      530	   0.5660377358490566 	  0.0                	  99.43396226415095
CUFF_NC.1688  	      533	 100.0                	  0.0                	   0.0
CUFF_NC.1689  	      533	 100.0                	  0.0                	   0.0
CUFF_NC.5804  	      533	 100.0                	  0.0                	   0.0
CUFF_NC.5832  	      533	 100.0                	  0.0                	   0.0
CUFF_NC.5833  	      533	 100.0                	  0.0                	   0.0
CUFF_NC.5837  	      533	  98.49906191369607   	  0.0                	   1.5009380863039399
CUFF_NC.5839  	      533	  99.812382739212     	  0.0                	   0.18761726078799248
CUFF_NC.5812  	      533	 100.0                	  0.0                	   0.0
CUFF_NC.5813  	      533	   0.7504690431519699 	  0.0                	  99.24953095684803
CUFF_NC.5814  	      533	 100.0                	  0.0                	   0.0
CUFF_NC.5815  	      533	   9.380863039399625  	  0.0                	  90.61913696060037
CUFF_NC.5816  	      533	   9.380863039399625  	  0.0                	  90.61913696060037
CUFF_NC.5817  	      533	 100.0                	  0.0                	   0.0
CUFF_NC.582   	      533	 100.0                	  0.0                	   0.0
CUFF_NC.5799  	      503	  98.40954274353876   	  0.0                	   1.5904572564612325
CUFF_NC.5821  	      533	 100.0                	  0.0                	   0.0
CUFF_NC.5822  	      533	  99.43714821763602   	  0.0                	   0.5628517823639775
CUFF_NC.11118 	      533	  99.812382739212     	  0.0                	   0.18761726078799248
CUFF_NC.11120 	      533	  99.24953095684803   	  0.0                	   0.7504690431519699
CUFF_NC.11121 	      533	 100.0                	  0.0                	   0.0
CUFF_NC.11124 	      533	 100.0                	  0.0                	   0.0
CUFF_NC.5788  	      533	  99.62476547842401   	  0.0                	   0.37523452157598497
CUFF_NC.5789  	      533	  99.812382739212     	  0.0                	   0.18761726078799248
CUFF_NC.579   	      532	   2.0676691729323307 	  0.0                	  97.93233082706767
CUFF_NC.5792  	      533	  99.62476547842401   	  0.0                	   0.37523452157598497
CUFF_NC.5795  	      533	 100.0                	  0.0                	   0.0
CUFF_NC.5798  	      530	  98.30188679245283   	  0.0                	   1.6981132075471699
CUFF_NC.5820  	      533	 100.0                	  0.0                	   0.0
CUFF_NC.11141 	      533	 100.0                	  0.0                	   0.0
CUFF_NC.11143 	      533	  99.62476547842401   	  0.0                	   0.37523452157598497
CUFF_NC.11147 	      533	 100.0                	  0.0                	   0.0
CUFF_NC.5730  	      533	   1.125703564727955  	  0.0                	  98.87429643527204
CUFF_NC.5733  	      530	   4.716981132075472  	  0.0                	  95.28301886792453
CUFF_NC.5738  	      533	 100.0                	  0.0                	   0.0
CUFF_NC.574   	      533	 100.0                	  0.0                	   0.0
CUFF_NC.5741  	      533	 100.0                	  0.0                	   0.0
CUFF_NC.5745  	      533	  23.076923076923077  	  0.0                	  76.92307692307693
CUFF_NC.5748  	      533	   0.0                	  0.0                	 100.0
CUFF_NC.5749  	      533	 100.0                	  0.0                	   0.0
CUFF_NC.2574  	      533	 100.0                	  0.0                	   0.0
CUFF_NC.5751  	      533	 100.0                	  0.0                	   0.0
CUFF_NC.5752  	      533	 100.0                	  0.0                	   0.0
CUFF_NC.11154 	      533	  99.812382739212     	  0.0                	   0.18761726078799248
CUFF_NC.11157 	      533	 100.0                	  0.0                	   0.0
CUFF_NC.11159 	      533	 100.0                	  0.0                	   0.0
CUFF_NC.1116  	      455	  17.802197802197803  	  0.0                	  82.19780219780219
CUFF_NC.11161 	      533	 100.0                	  0.0                	   0.0
CUFF_NC.11162 	      533	 100.0                	  0.0                	   0.0
CUFF_NC.5719  	      509	  99.21414538310412   	  0.0                	   0.7858546168958742
CUFF_NC.572   	      533	 100.0                	  0.0                	   0.0
CUFF_NC.5720  	      506	 100.0                	  0.0                	   0.0
CUFF_NC.5722  	      533	 100.0                	  0.0                	   0.0
CUFF_NC.575   	      533	 100.0                	  0.0                	   0.0
CUFF_NC.5787  	      533	  91.55722326454033   	  0.0                	   8.442776735459661
CUFF_NC.5761  	      533	 100.0                	  0.0                	   0.0
CUFF_NC.5762  	      533	 100.0                	  0.0                	   0.0
CUFF_NC.5764  	      533	 100.0                	  0.0                	   0.0
CUFF_NC.5767  	      533	 100.0                	  0.0                	   0.0
CUFF_NC.5768  	      533	 100.0                	  0.0                	   0.0
CUFF_NC.5769  	      533	 100.0                	  0.0                	   0.0
CUFF_NC.577   	      533	  99.812382739212     	  0.0                	   0.18761726078799248
CUFF_NC.5773  	      533	 100.0                	  0.0                	   0.0
CUFF_NC.5775  	      533	 100.0                	  0.0                	   0.0
CUFF_NC.5776  	      533	 100.0                	  0.0                	   0.0
CUFF_NC.11139 	      533	 100.0                	  0.0                	   0.0
CUFF_NC.5778  	      533	  30.58161350844278   	  0.0                	  69.41838649155723
CUFF_NC.5779  	      530	  98.67924528301887   	  0.0                	   1.3207547169811322
CUFF_NC.2569  	      533	 100.0                	  0.0                	   0.0
CUFF_NC.5753  	      533	 100.0                	  0.0                	   0.0
CUFF_NC.5754  	      533	  91.55722326454033   	  0.0                	   8.442776735459661
CUFF_NC.5756  	      533	 100.0                	  0.0                	   0.0
CUFF_NC.5757  	      533	  99.812382739212     	  0.0                	   0.18761726078799248
CUFF_NC.5758  	      533	 100.0                	  0.0                	   0.0
CUFF_NC.11135 	      522	  91.95402298850574   	  0.0                	   8.045977011494253
CUFF_NC.11136 	      533	 100.0                	  0.0                	   0.0
CUFF_NC.11137 	      533	 100.0                	  0.0                	   0.0
CUFF_NC.11138 	      533	 100.0                	  0.0                	   0.0
CUFF_NC.5777  	      533	  55.34709193245778   	  0.0                	  44.652908067542214
CUFF_NC.5930  	      533	 100.0                	  0.0                	   0.0
CUFF_NC.5906  	      533	 100.0                	  0.0                	   0.0
CUFF_NC.5907  	      533	 100.0                	  0.0                	   0.0
CUFF_NC.5908  	      533	 100.0                	  0.0                	   0.0
CUFF_NC.5909  	      507	   0.39447731755424065	  0.0                	  99.60552268244575
CUFF_NC.5912  	      533	 100.0                	  0.0                	   0.0
CUFF_NC.5913  	      533	 100.0                	  0.0                	   0.0
CUFF_NC.5915  	      533	 100.0                	  0.0                	   0.0
CUFF_NC.11090 	      533	 100.0                	  0.0                	   0.0
CUFF_NC.11091 	      533	  97.5609756097561    	  0.0                	   2.4390243902439024
CUFF_NC.11092 	      533	 100.0                	  0.0                	   0.0
CUFF_NC.5828  	      533	 100.0                	  0.0                	   0.0
CUFF_NC.11094 	      533	  98.31144465290807   	  0.0                	   1.6885553470919326
CUFF_NC.11095 	      533	 100.0                	  0.0                	   0.0
CUFF_NC.11097 	      533	 100.0                	  0.0                	   0.0
CUFF_NC.588   	      533	 100.0                	  0.0                	   0.0
CUFF_NC.5883  	      533	 100.0                	  0.0                	   0.0
CUFF_NC.5884  	      533	 100.0                	  0.0                	   0.0
CUFF_NC.5885  	      533	   8.067542213883677  	  0.0                	  91.93245778611632
CUFF_NC.5886  	      533	  92.87054409005628   	  0.0                	   7.129455909943714
CUFF_NC.5889  	      533	 100.0                	  0.0                	   0.0
CUFF_NC.5890  	      533	   0.0                	  0.0                	 100.0
CUFF_NC.5893  	      533	 100.0                	  0.0                	   0.0
CUFF_NC.5898  	      533	  88.74296435272045   	  0.0                	  11.25703564727955
CUFF_NC.11093 	      533	  99.43714821763602   	  0.0                	   0.5628517823639775
CUFF_NC.5937  	      533	  99.812382739212     	  0.0                	   0.18761726078799248
CUFF_NC.5939  	      533	 100.0                	  0.0                	   0.0
CUFF_NC.5940  	      533	 100.0                	  0.0                	   0.0
CUFF_NC.5941  	      533	 100.0                	  0.0                	   0.0
CUFF_NC.5942  	      533	  94.74671669793621   	  0.0                	   5.253283302063791
CUFF_NC.5943  	      533	 100.0                	  0.0                	   0.0
CUFF_NC.5950  	      519	   3.6608863198458574 	  0.0                	  96.33911368015414
CUFF_NC.5952  	      336	  98.51190476190477   	  0.0                	   1.488095238095238
CUFF_NC.5954  	      420	  98.57142857142858   	  0.0                	   1.4285714285714286
CUFF_NC.5955  	      532	  97.93233082706767   	  0.0                	   2.0676691729323307
CUFF_NC.5956  	      533	 100.0                	  0.0                	   0.0
CUFF_NC.5928  	      533	  99.24953095684803   	  0.0                	   0.7504690431519699
CUFF_NC.11099 	      533	  99.812382739212     	  0.0                	   0.18761726078799248
CUFF_NC.111   	      533	  97.93621013133207   	  0.0                	   2.0637898686679175
CUFF_NC.1110  	      533	  98.31144465290807   	  0.0                	   1.6885553470919326
CUFF_NC.11100 	      533	 100.0                	  0.0                	   0.0
CUFF_NC.11101 	      533	 100.0                	  0.0                	   0.0
CUFF_NC.11102 	      533	 100.0                	  0.0                	   0.0
CUFF_NC.5917  	      532	   0.18796992481203006	  0.0                	  99.81203007518798
CUFF_NC.592   	      533	 100.0                	  0.0                	   0.0
CUFF_NC.5921  	      533	  99.62476547842401   	  0.0                	   0.37523452157598497
CUFF_NC.5922  	      519	   9.441233140655106  	  0.0                	  90.5587668593449
CUFF_NC.5925  	      533	 100.0                	  0.0                	   0.0
CUFF_NC.5926  	      533	 100.0                	  0.0                	   0.0
CUFF_NC.11098 	      533	 100.0                	  0.0                	   0.0
CUFF_NC.2563  	      533	 100.0                	  0.0                	   0.0
CUFF_NC.2564  	      533	 100.0                	  0.0                	   0.0
CUFF_NC.2565  	      533	  99.812382739212     	  0.0                	   0.18761726078799248
CUFF_NC.2566  	      533	 100.0                	  0.0                	   0.0
CUFF_NC.2567  	      533	 100.0                	  0.0                	   0.0
CUFF_NC.2568  	      533	 100.0                	  0.0                	   0.0
CUFF_NC.5868  	      533	 100.0                	  0.0                	   0.0
CUFF_NC.587   	      533	 100.0                	  0.0                	   0.0
CUFF_NC.5844  	      533	  90.80675422138836   	  0.0                	   9.193245778611631
CUFF_NC.5846  	      405	  15.555555555555555  	  0.0                	  84.44444444444444
CUFF_NC.5849  	      533	  99.62476547842401   	  0.0                	   0.37523452157598497
CUFF_NC.5899  	      521	   3.45489443378119   	  0.0                	  96.54510556621881
CUFF_NC.586   	      533	 100.0                	  0.0                	   0.0
CUFF_NC.5861  	      533	 100.0                	  0.0                	   0.0
CUFF_NC.5866  	      533	  98.87429643527204   	  0.0                	   1.125703564727955
CUFF_NC.5867  	      533	 100.0                	  0.0                	   0.0
CUFF_NC.11125 	      533	 100.0                	  0.0                	   0.0
CUFF_NC.11126 	      533	 100.0                	  0.0                	   0.0
CUFF_NC.1113  	      213	  84.50704225352112   	  0.0                	  15.492957746478872
CUFF_NC.11130 	      533	 100.0                	  0.0                	   0.0
CUFF_NC.11131 	      533	  99.812382739212     	  0.0                	   0.18761726078799248
CUFF_NC.5824  	      533	  97.74859287054409   	  0.0                	   2.25140712945591
CUFF_NC.5826  	      533	 100.0                	  0.0                	   0.0
CUFF_NC.5827  	      533	 100.0                	  0.0                	   0.0
CUFF_NC.5850  	      533	 100.0                	  0.0                	   0.0
CUFF_NC.59    	      533	   0.7504690431519699 	  0.0                	  99.24953095684803
CUFF_NC.590   	      533	 100.0                	  0.0                	   0.0
CUFF_NC.5901  	      533	 100.0                	  0.0                	   0.0
CUFF_NC.5902  	      533	 100.0                	  0.0                	   0.0
CUFF_NC.5903  	      533	  47.27954971857411   	  0.0                	  52.72045028142589
CUFF_NC.5904  	      533	  17.26078799249531   	  0.0                	  82.73921200750469
CUFF_NC.11103 	      533	 100.0                	  0.0                	   0.0
CUFF_NC.11104 	      533	 100.0                	  0.0                	   0.0
CUFF_NC.11105 	      533	  99.812382739212     	  0.0                	   0.18761726078799248
CUFF_NC.11106 	      533	 100.0                	  0.0                	   0.0
CUFF_NC.11107 	      533	  99.812382739212     	  0.0                	   0.18761726078799248
CUFF_NC.2561  	      533	 100.0                	  0.0                	   0.0
CUFF_NC.11109 	      533	 100.0                	  0.0                	   0.0
CUFF_NC.1111  	      533	  99.62476547842401   	  0.0                	   0.37523452157598497
CUFF_NC.11112 	      533	 100.0                	  0.0                	   0.0
CUFF_NC.5873  	      533	 100.0                	  0.0                	   0.0
CUFF_NC.5874  	      533	 100.0                	  0.0                	   0.0
CUFF_NC.5875  	      533	 100.0                	  0.0                	   0.0
CUFF_NC.5877  	      533	 100.0                	  0.0                	   0.0
CUFF_NC.2554  	      533	 100.0                	  0.0                	   0.0
CUFF_NC.2555  	      533	 100.0                	  0.0                	   0.0
CUFF_NC.2556  	      533	  99.43714821763602   	  0.0                	   0.5628517823639775
CUFF_NC.2557  	      533	 100.0                	  0.0                	   0.0
CUFF_NC.2558  	      533	 100.0                	  0.0                	   0.0
CUFF_NC.11108 	      533	 100.0                	  0.0                	   0.0
